# www.meshy.ai
mtllib Meshy_AI_The_Withered_Wanderer_0915200452_texture.mtl
o Meshy_AI_The_Withered_Wanderer_0915200452_texture
v 0.000340 0.104492 0.070312
v -0.000229 0.115234 0.084961
v -0.019165 0.115234 0.083008
v -0.019653 0.104980 0.068359
v 0.000214 0.076172 0.075684
v 0.019897 0.104492 0.068359
v 0.104004 -0.061035 -0.040771
v 0.095703 -0.009155 -0.036621
v 0.106934 -0.008972 -0.006378
v 0.115723 -0.061768 -0.008667
v 0.119141 -0.116211 -0.016602
v 0.107422 -0.116211 -0.047852
v 0.072754 -0.061035 -0.068848
v -0.069824 0.057861 0.051025
v -0.070312 0.078125 0.050293
v -0.042725 0.059570 0.079102
v -0.099121 0.029541 0.030396
v -0.095703 0.060303 0.025879
v -0.073730 0.027710 0.056641
v -0.047852 0.030518 0.083984
v 0.049072 0.445312 -0.049561
v 0.046387 0.435547 -0.062500
v 0.035645 0.447266 -0.059082
v 0.042969 0.464844 -0.041504
v 0.055908 0.437500 -0.057617
v 0.063477 -0.189453 0.068848
v 0.069336 -0.224609 0.084961
v 0.051270 -0.225586 0.094238
v 0.035645 -0.189453 0.079590
v -0.001442 -0.145508 0.000137
v 0.077148 -0.187500 0.051025
v 0.092773 -0.224609 0.064941
v 0.086426 -0.225586 0.075195
v 0.087402 -0.216797 0.058594
v -0.136719 0.238281 -0.019775
v -0.132812 0.240234 -0.042969
v -0.148438 0.215820 -0.044678
v -0.123047 0.261719 -0.018066
v -0.150391 0.213867 -0.022095
v -0.133789 0.223633 -0.002914
v -0.120605 0.248047 0.001602
v -0.235352 -0.009155 0.055908
v -0.233398 -0.000877 0.054688
v -0.240234 -0.001663 0.057129
v -0.236328 -0.009827 0.052979
v -0.239258 -0.009705 0.057861
v -0.237305 -0.011780 0.055908
v 0.042236 0.386719 0.012695
v 0.044434 0.382812 0.009033
v 0.049316 0.390625 0.003342
v 0.038086 0.382812 0.019409
v 0.041748 0.380859 0.015076
v 0.040039 0.396484 0.012756
v 0.039551 0.388672 0.019043
v 0.046875 0.398438 0.007202
v 0.121094 -0.472656 0.045654
v 0.108398 -0.468750 0.060547
v 0.124023 -0.474609 0.069336
v 0.117188 -0.470703 0.022217
v 0.102539 -0.460938 0.030884
v 0.131836 -0.486328 0.035889
v 0.133789 -0.486328 0.067383
v 0.000317 0.197266 -0.058350
v -0.026367 0.195312 -0.057861
v 0.000381 0.227539 -0.062256
v 0.000797 0.171875 -0.059814
v -0.025391 0.170898 -0.052979
v 0.027466 0.171875 -0.052246
v 0.027954 0.196289 -0.056885
v -0.077148 -0.211914 -0.032227
v -0.089355 -0.216797 -0.007996
v -0.089355 -0.183594 -0.003387
v -0.082031 -0.245117 -0.040527
v -0.053711 -0.211914 -0.039307
v -0.057373 -0.243164 -0.048096
v -0.076172 -0.179688 -0.026611
v 0.011292 0.369141 0.064453
v 0.006439 0.367188 0.066406
v 0.005951 0.373047 0.058838
v 0.011475 0.365234 0.065430
v 0.013977 0.367188 0.064453
v 0.013184 0.371094 0.065430
v 0.009766 0.369141 0.067383
v 0.010315 0.367188 0.064941
v 0.013184 0.369141 0.053711
v 0.007629 0.361328 0.057373
v 0.009583 0.369141 0.066895
v 0.033691 0.114746 -0.038330
v 0.011292 0.081543 -0.052246
v 0.013245 0.114746 -0.043213
v 0.038086 0.082031 -0.047363
v 0.055908 0.114258 -0.024902
v -0.053223 0.445312 0.018799
v -0.041992 0.470703 0.014160
v -0.055420 0.451172 0.004578
v -0.058350 0.427734 0.014343
v -0.050293 0.421875 0.034424
v -0.043945 0.441406 0.038086
v -0.042969 0.466797 0.026123
v -0.240234 0.071289 0.013977
v -0.229492 0.085449 -0.001831
v -0.241211 0.067871 0.002472
v -0.249023 0.062988 0.018066
v -0.235352 0.068359 0.023682
v -0.248047 0.060547 0.004639
v -0.221680 0.081055 0.021118
v -0.225586 0.087891 0.011353
v 0.000240 0.431641 0.067871
v -0.010132 0.431641 0.066895
v -0.010437 0.417969 0.070312
v 0.000057 0.417969 0.070312
v 0.010132 0.417969 0.070801
v 0.011230 0.431641 0.067383
v 0.000278 0.445312 0.063477
v 0.125977 -0.173828 -0.023560
v 0.121582 -0.116699 0.008850
v 0.128906 -0.176758 0.004028
v 0.131836 -0.224609 -0.037354
v 0.124023 -0.224609 -0.058594
v 0.113281 -0.173828 -0.054199
v 0.135742 -0.224609 -0.011230
v -0.049072 -0.341797 0.021606
v -0.050781 -0.326172 0.017944
v -0.083008 -0.328125 0.025513
v -0.015381 -0.326172 0.000919
v -0.020630 -0.347656 -0.004944
v -0.087402 -0.341797 0.029541
v -0.051270 -0.351562 0.016357
v 0.201172 0.137695 -0.020752
v 0.201172 0.144531 -0.013733
v 0.204102 0.131836 -0.016602
v 0.207031 0.126953 -0.024414
v 0.199219 0.130859 -0.031982
v 0.201172 0.139648 -0.039551
v 0.071777 0.047607 0.063965
v 0.060059 0.050049 0.062256
v 0.065918 0.064941 0.064453
v 0.069824 0.019409 0.063965
v 0.081543 0.020752 0.077148
v 0.079590 0.017944 0.065430
v 0.073730 0.053711 0.075195
v -0.050049 0.400391 -0.044678
v -0.055664 0.396484 -0.033936
v -0.055176 0.423828 -0.035400
v -0.047852 0.378906 -0.044678
v -0.037354 0.392578 -0.052002
v -0.047852 0.408203 -0.054443
v -0.129883 -0.209961 0.005280
v -0.104492 -0.184570 0.003052
v -0.100586 -0.184570 0.028687
v -0.124023 -0.168945 0.011353
v -0.117676 -0.202148 -0.001022
v -0.132812 -0.214844 0.014526
v 0.039307 0.332031 -0.051270
v 0.024414 0.341797 -0.046631
v 0.037354 0.343750 -0.044922
v 0.259766 -0.000410 0.043457
v 0.265625 -0.013977 0.047852
v 0.267578 -0.001236 0.048340
v 0.249023 0.009766 0.043213
v 0.263672 -0.006104 0.035400
v 0.265625 0.003860 0.046875
v -0.015991 0.468750 -0.024414
v 0.001022 0.470703 -0.025879
v 0.000393 0.460938 -0.039062
v -0.018311 0.472656 -0.003708
v 0.000969 0.476562 -0.006714
v -0.032959 0.458984 -0.013855
v -0.020142 0.460938 -0.033691
v -0.105957 -0.007996 -0.009216
v -0.104980 -0.007080 0.014771
v -0.098633 0.027832 -0.005859
v -0.115234 -0.062988 0.010132
v -0.090820 -0.008240 -0.040039
v -0.103516 -0.061279 -0.040771
v -0.113281 -0.062012 -0.010986
v 0.032227 0.382812 0.048584
v 0.025879 0.373047 0.054688
v 0.028320 0.369141 0.046143
v 0.027222 0.384766 0.057129
v 0.034424 0.376953 0.034668
v 0.036621 0.386719 0.031128
v 0.034424 0.390625 0.047607
v 0.044922 -0.460938 -0.019531
v 0.043457 -0.484375 -0.020142
v 0.051025 -0.480469 -0.005615
v 0.055420 -0.462891 -0.000549
v 0.041504 -0.460938 -0.039795
v 0.041504 -0.439453 -0.037842
v 0.046387 -0.439453 -0.016968
v -0.176758 0.136719 0.006531
v -0.165039 0.125977 0.006409
v -0.159180 0.132812 0.008118
v -0.189453 0.146484 0.000576
v -0.189453 0.135742 -0.004211
v -0.172852 0.142578 0.008789
v -0.181641 0.128906 0.001617
v -0.173828 0.124512 0.000031
v -0.275391 -0.032715 0.034424
v -0.273438 -0.032715 0.030151
v -0.269531 -0.041748 0.036865
v -0.273438 -0.018677 0.027466
v -0.271484 -0.031128 0.039795
v -0.277344 -0.017700 0.032715
v 0.014587 0.406250 -0.060547
v 0.000202 0.375000 -0.055908
v -0.003693 0.404297 -0.062988
v 0.039795 0.406250 -0.048096
v 0.018066 0.373047 -0.050293
v 0.116211 -0.488281 0.098145
v 0.115723 -0.484375 0.097168
v 0.102051 -0.484375 0.097168
v 0.130859 -0.492188 0.083008
v 0.101074 -0.488281 0.099609
v -0.082031 0.135742 0.002335
v -0.081543 0.118652 0.027832
v -0.082031 0.134766 0.029663
v -0.073730 0.150391 0.027344
v -0.071777 0.153320 0.001709
v -0.081055 0.119141 0.003647
v -0.073242 0.135742 -0.024048
v -0.072266 0.119629 -0.020874
v -0.034668 -0.322266 -0.062012
v -0.024170 -0.349609 -0.037109
v -0.035645 -0.345703 -0.064453
v -0.065918 -0.302734 -0.061768
v -0.039062 -0.304688 -0.050537
v -0.066895 -0.318359 -0.069336
v -0.018066 -0.324219 -0.035156
v -0.064941 -0.333984 -0.067871
v 0.128906 0.207031 0.006470
v 0.115234 0.188477 0.007751
v 0.140625 0.187500 0.004761
v 0.116699 0.226562 0.009521
v 0.105957 0.204102 0.009033
v 0.147461 0.202148 -0.006012
v 0.134766 0.225586 -0.003006
v 0.194336 0.077148 0.002518
v 0.216797 0.060547 -0.005585
v 0.211914 0.060303 0.007324
v 0.215820 0.065918 0.021484
v 0.201172 0.085938 0.019897
v 0.202148 0.076660 -0.016724
v -0.023315 0.404297 0.060303
v -0.025757 0.408203 0.062256
v -0.026733 0.404297 0.057861
v -0.015381 0.400391 0.057129
v -0.018799 0.406250 0.062988
v -0.025635 0.402344 0.056152
v -0.019531 0.406250 0.065430
v -0.084473 -0.386719 -0.046387
v -0.095703 -0.388672 -0.026978
v -0.102051 -0.388672 -0.032471
v -0.085449 -0.421875 -0.045898
v -0.069336 -0.386719 -0.055420
v -0.067871 -0.421875 -0.056885
v -0.094727 -0.386719 -0.057861
v 0.030518 0.287109 0.049561
v 0.010559 0.275391 0.058105
v 0.040039 0.259766 0.056885
v 0.047119 0.296875 0.033447
v 0.027344 0.291016 0.045166
v 0.008606 0.279297 0.055420
v 0.273438 -0.005524 0.002792
v 0.271484 -0.017212 0.003937
v 0.265625 -0.005066 0.002136
v 0.275391 -0.000870 0.005768
v 0.275391 -0.006012 0.007111
v 0.271484 0.001122 0.000652
v -0.009033 0.400391 0.060059
v -0.012085 0.402344 0.062256
v -0.013184 0.398438 0.061768
v -0.010071 0.406250 0.060059
v -0.012451 0.404297 0.062256
v -0.009827 0.398438 0.059326
v -0.047607 0.078613 0.087402
v -0.052246 0.060791 0.083496
v -0.041992 0.078613 0.079102
v -0.055176 0.077637 0.094238
v -0.052002 0.075195 0.092773
v -0.048828 0.081543 0.087402
v 0.049072 0.472656 -0.000500
v 0.058838 0.453125 -0.011414
v 0.046631 0.476562 -0.010559
v 0.034668 0.486328 -0.000050
v 0.037109 0.482422 0.009888
v 0.049805 0.466797 0.009888
v 0.059814 0.453125 -0.000257
v 0.041260 -0.190430 0.041992
v 0.063965 -0.156250 0.046631
v 0.039551 -0.156250 0.047119
v 0.020508 -0.188477 0.024414
v 0.043213 -0.224609 0.037354
v 0.066895 -0.189453 0.042236
v 0.023438 -0.223633 0.017578
v -0.090332 0.302734 -0.040527
v -0.091797 0.302734 -0.016357
v -0.076660 0.314453 -0.015991
v -0.067871 0.312500 -0.040771
v -0.105469 0.289062 -0.040039
v -0.083496 0.287109 -0.057373
v -0.265625 -0.037842 0.043701
v -0.263672 -0.029419 0.045166
v -0.261719 -0.037109 0.046875
v -0.267578 -0.036621 0.049805
v -0.267578 -0.028076 0.042725
v -0.261719 -0.043457 0.048096
v -0.263672 -0.043701 0.046387
v 0.014099 0.373047 -0.026733
v 0.000179 0.359375 -0.030151
v 0.000267 0.375000 -0.030518
v 0.026978 0.373047 -0.011963
v 0.014404 0.359375 -0.026123
v 0.019287 0.390625 -0.037109
v 0.030518 0.388672 -0.024414
v 0.218750 0.092773 0.018433
v 0.215820 0.111328 0.006744
v 0.207031 0.110352 0.014282
v 0.191406 0.100098 0.013855
v 0.206055 0.084961 0.016968
v 0.227539 0.079102 0.020996
v 0.228516 0.092285 0.009949
v -0.017090 0.472656 -0.072754
v -0.021606 0.474609 -0.060059
v -0.013855 0.476562 -0.062988
v -0.068359 0.078125 0.046387
v -0.065918 0.106445 0.024292
v -0.079590 0.079590 0.023438
v -0.050781 0.078125 0.059814
v -0.054688 0.104492 0.043945
v -0.080566 0.040527 0.045410
v -0.059082 0.038574 0.065918
v 0.032227 0.410156 0.056396
v 0.026367 0.408203 0.061768
v 0.028076 0.404297 0.057617
v 0.032715 0.406250 0.052979
v 0.029907 0.421875 0.057129
v 0.028076 0.414062 0.062988
v 0.034668 0.412109 0.052246
v 0.065430 -0.357422 -0.059082
v 0.077637 -0.361328 -0.061279
v 0.055908 -0.363281 -0.064453
v 0.047607 -0.357422 -0.050781
v 0.068359 -0.347656 -0.073242
v 0.088379 -0.347656 -0.060303
v 0.083008 -0.357422 -0.050293
v -0.045898 0.296875 0.031982
v -0.066406 0.263672 0.037598
v -0.040527 0.257812 0.056885
v -0.054443 0.304688 0.020142
v -0.067383 0.292969 0.026001
v -0.039307 0.300781 0.025635
v -0.026978 0.291016 0.043945
v -0.030518 0.287109 0.048340
v -0.238281 0.045410 -0.001266
v -0.245117 0.050049 -0.001984
v -0.240234 0.056885 -0.004028
v -0.241211 0.041992 -0.001938
v -0.233398 0.052734 -0.003433
v -0.227539 0.049805 0.004181
v -0.233398 0.042969 0.007141
v 0.013123 0.404297 0.062256
v 0.015564 0.408203 0.060059
v 0.011108 0.406250 0.060059
v 0.012329 0.400391 0.062256
v 0.017700 0.402344 0.062988
v 0.016235 0.406250 0.062256
v 0.259766 -0.046631 0.023804
v 0.259766 -0.043945 0.021484
v 0.261719 -0.046143 0.020264
v 0.259766 -0.043457 0.025757
v 0.263672 -0.047119 0.023682
v -0.000298 0.363281 0.070312
v 0.001839 0.365234 0.070801
v 0.000065 0.367188 0.068848
v -0.000488 0.361328 0.068848
v 0.001892 0.361328 0.069824
v -0.004303 0.363281 0.069336
v -0.079102 -0.421875 0.003082
v -0.079590 -0.437500 0.006165
v -0.060791 -0.423828 -0.000721
v -0.077148 -0.394531 0.003891
v -0.094238 -0.421875 -0.006470
v 0.117676 0.157227 -0.046387
v 0.139648 0.155273 -0.064941
v 0.129883 0.140625 -0.047119
v 0.104004 0.183594 -0.043457
v 0.130859 0.170898 -0.062988
v 0.114746 0.152344 -0.023560
v 0.101562 0.172852 -0.023804
v 0.026978 -0.012451 0.085449
v 0.045654 -0.064941 0.080566
v 0.046875 -0.012085 0.076172
v 0.023804 0.038818 0.076172
v -0.000496 0.038574 0.078613
v 0.001488 -0.065430 0.083496
v 0.028564 -0.065430 0.087402
v -0.000610 -0.012695 0.083496
v -0.074219 0.402344 -0.006012
v -0.066895 0.416016 0.003647
v -0.068848 0.417969 -0.008057
v -0.074707 0.404297 -0.014038
v -0.081055 0.398438 -0.020386
v -0.271484 -0.001877 0.043457
v -0.273438 -0.013489 0.045654
v -0.269531 -0.012085 0.050537
v -0.265625 -0.000954 0.047852
v -0.271484 0.004547 0.041992
v -0.271484 0.003204 0.036865
v -0.267578 -0.004669 0.037842
v 0.017700 0.466797 -0.025024
v 0.094727 -0.279297 0.006836
v 0.076172 -0.289062 0.026978
v 0.097656 -0.300781 0.003616
v 0.093262 -0.255859 0.012329
v 0.072754 -0.259766 0.033447
v 0.103027 -0.277344 -0.018799
v 0.097656 -0.251953 -0.014099
v -0.055176 0.298828 -0.058838
v -0.060059 0.259766 -0.063965
v -0.023804 0.296875 -0.061523
v -0.027344 0.259766 -0.066406
v -0.041992 0.316406 -0.047363
v -0.045898 -0.441406 -0.018188
v -0.041260 -0.439453 -0.037842
v -0.041260 -0.421875 -0.034912
v -0.047607 -0.421875 -0.015991
v -0.059326 -0.439453 0.000439
v -0.055420 -0.464844 0.000629
v -0.044189 -0.462891 -0.019287
v 0.071289 0.132812 0.055420
v 0.065918 0.146484 0.049072
v 0.046875 0.144531 0.066406
v 0.050537 0.130859 0.074219
v 0.069824 0.116211 0.055420
v 0.083496 0.133789 0.030273
v 0.089355 0.029907 -0.031006
v 0.099609 0.028564 -0.004272
v 0.069824 -0.008911 -0.064453
v -0.031494 0.380859 0.049072
v -0.025146 0.375000 0.054932
v -0.025879 0.386719 0.058594
v -0.027466 0.371094 0.046143
v -0.029419 0.392578 0.054932
v -0.034180 0.392578 0.045654
v -0.033203 0.376953 0.035156
v -0.091797 -0.181641 -0.051758
v -0.104004 -0.184570 -0.041504
v -0.123047 -0.213867 -0.057373
v -0.107910 -0.217773 -0.068359
v -0.085938 -0.214844 -0.073730
v -0.064453 -0.177734 -0.065918
v 0.257812 0.047852 0.007324
v 0.249023 0.046387 -0.002594
v 0.253906 0.056641 0.006042
v 0.251953 0.061279 0.019409
v 0.257812 0.048828 0.022705
v 0.255859 0.032471 -0.003479
v 0.265625 0.028931 0.009827
v -0.019897 0.431641 0.061768
v -0.020020 0.421875 0.064941
v -0.011475 0.445312 0.061768
v -0.114258 0.034180 0.045410
v -0.114258 0.035156 0.052979
v -0.112305 0.055908 0.048828
v -0.118164 0.009033 0.048096
v -0.119141 0.010620 0.051025
v -0.113281 0.057129 0.041748
v -0.097656 0.061523 0.035889
v -0.101562 0.031250 0.039795
v 0.036865 0.398438 -0.066895
v 0.047119 0.406250 -0.052490
v 0.041748 0.394531 -0.062988
v 0.031494 0.412109 -0.064453
v 0.052490 -0.367188 0.017090
v 0.064941 -0.396484 0.010925
v 0.080566 -0.365234 0.016479
v 0.045654 -0.394531 0.019043
v 0.077148 -0.369141 0.001190
v 0.055420 -0.367188 0.000721
v 0.045654 -0.367188 0.012634
v -0.172852 0.166992 -0.042480
v -0.164062 0.154297 -0.057129
v -0.186523 0.157227 -0.041016
v -0.178711 0.169922 -0.019531
v -0.172852 0.181641 -0.019897
v -0.170898 0.181641 -0.045654
v -0.156250 0.170898 -0.064453
v -0.104492 -0.322266 0.005524
v -0.096191 -0.292969 0.004883
v -0.106445 -0.298828 -0.023560
v -0.108887 -0.314453 -0.030029
v -0.100586 -0.335938 0.002838
v -0.081543 -0.312500 0.029419
v 0.019043 0.306641 -0.045166
v 0.000759 0.320312 -0.038086
v 0.018066 0.326172 -0.037109
v 0.038330 0.316406 -0.040039
v 0.021729 0.308594 -0.053467
v 0.000156 0.304688 -0.054688
v 0.000191 0.300781 -0.044678
v 0.238281 -0.002457 0.056396
v 0.234375 -0.010864 0.055664
v 0.237305 -0.011169 0.057861
v 0.242188 -0.010803 0.056152
v 0.244141 -0.005859 0.051270
v 0.245117 0.005035 0.049072
v 0.239258 0.007446 0.055908
v 0.232422 -0.001968 0.053711
v -0.042725 0.408203 0.011658
v -0.043457 0.417969 0.014648
v -0.045410 0.417969 0.004395
v -0.047607 0.408203 0.009766
v -0.043701 0.404297 0.013550
v -0.042480 0.408203 0.014648
v -0.043213 0.410156 0.007446
v -0.046631 0.410156 0.007874
v 0.000645 0.119629 -0.055420
v 0.027710 0.119629 -0.051758
v 0.001060 0.110352 -0.037598
v 0.029053 0.138672 -0.059082
v -0.026855 0.138672 -0.059082
v 0.000771 0.138672 -0.062988
v -0.026001 0.120117 -0.052246
v 0.052979 0.457031 0.016846
v 0.048340 0.460938 0.027344
v 0.049561 0.453125 0.032471
v 0.041504 0.474609 0.019043
v 0.059814 0.449219 0.008118
v 0.116699 -0.062256 0.011963
v 0.106934 -0.007233 0.014771
v -0.010864 0.369141 0.063477
v -0.012451 0.369141 0.064453
v -0.010864 0.365234 0.064941
v -0.008789 0.365234 0.066406
v -0.008301 0.367188 0.065430
v -0.009155 0.367188 0.064941
v -0.009338 0.369141 0.065918
v -0.006287 0.373047 0.058838
v -0.011169 0.369141 0.065918
v -0.006805 0.363281 0.056885
v -0.012573 0.369141 0.053955
v -0.263672 -0.017700 0.013489
v -0.267578 -0.017700 0.013550
v -0.265625 -0.026123 0.014954
v -0.263672 -0.016968 0.009155
v -0.263672 -0.007538 0.014099
v -0.259766 -0.027466 0.015076
v -0.259766 -0.026733 0.011108
v 0.006714 0.382812 0.068359
v 0.007599 0.380859 0.066895
v 0.009949 0.382812 0.066406
v 0.004395 0.386719 0.074707
v 0.004425 0.384766 0.076172
v 0.006683 0.386719 0.067383
v 0.005737 0.380859 0.068848
v 0.000290 0.275391 0.047363
v -0.008972 0.277344 0.045166
v -0.008240 0.279297 0.054932
v 0.009521 0.277344 0.046631
v 0.000374 0.294922 0.029419
v -0.014038 0.291016 0.033691
v -0.076172 -0.215820 0.067871
v -0.091797 -0.217773 0.069824
v -0.082031 -0.185547 0.053467
v -0.059082 -0.213867 0.062256
v -0.051758 -0.172852 0.061768
v -0.054688 -0.185547 0.057617
v -0.082520 -0.172852 0.070801
v 0.048340 0.310547 -0.003632
v 0.059814 0.314453 -0.002533
v 0.050537 0.314453 -0.014099
v 0.041748 0.318359 -0.010803
v 0.044678 0.302734 0.009644
v 0.049072 0.308594 0.017212
v 0.052490 0.087891 0.074707
v 0.049316 0.085449 0.069824
v 0.049316 0.083984 0.078125
v 0.053955 0.094238 0.070801
v 0.053711 0.087891 0.068848
v 0.053955 0.093262 0.075684
v 0.055664 0.086914 0.077637
v -0.058838 0.443359 -0.034668
v -0.064941 0.431641 -0.037109
v -0.067871 0.425781 -0.021240
v -0.060303 0.451172 -0.012878
v -0.053711 0.455078 -0.030151
v -0.261719 -0.045410 0.021240
v -0.259766 -0.042969 0.022095
v -0.259766 -0.045898 0.024780
v -0.261719 -0.047119 0.024048
v -0.263672 -0.039795 0.019287
v 0.003601 0.367188 0.067871
v 0.006683 0.367188 0.068848
v 0.003632 0.369141 0.070801
v 0.000465 0.367188 0.070312
v 0.000114 0.373047 0.059326
v 0.000130 0.367188 0.068848
v 0.211914 0.082031 -0.019775
v 0.224609 0.064453 -0.010010
v -0.023438 0.408203 0.057617
v -0.023926 0.402344 0.057373
v -0.020996 0.404297 0.061523
v -0.018555 0.406250 0.061768
v -0.019531 0.410156 0.059082
v -0.030518 -0.066406 0.077148
v -0.026611 -0.013306 0.078613
v -0.046387 -0.012878 0.069336
v -0.030762 -0.120117 0.076172
v -0.024536 -0.065430 0.084473
v -0.050781 -0.066895 0.066406
v -0.050293 -0.120117 0.063965
v 0.060791 0.380859 -0.007812
v 0.059814 0.406250 -0.021118
v 0.059082 0.404297 0.000530
v 0.062988 0.384766 -0.028076
v 0.059814 0.380859 0.001877
v 0.070801 0.369141 -0.018555
v 0.048584 -0.492188 -0.006042
v 0.100586 -0.496094 -0.025269
v 0.055420 -0.496094 0.011536
v 0.041992 -0.500000 -0.017456
v 0.094727 -0.500000 -0.038330
v -0.187500 0.122559 -0.041260
v -0.199219 0.113770 -0.034912
v -0.202148 0.128906 -0.025635
v -0.189453 0.104492 -0.034180
v -0.200195 0.141602 -0.039307
v -0.192383 0.126953 -0.054688
v -0.177734 0.112305 -0.040527
v -0.205078 0.082031 0.017212
v -0.186523 0.090332 0.002670
v -0.199219 0.094727 0.018799
v -0.220703 0.068848 0.020630
v -0.212891 0.093750 0.020020
v -0.203125 0.075195 0.008545
v 0.023926 0.464844 -0.054199
v 0.019531 0.453125 -0.065430
v 0.012390 0.468750 -0.056396
v 0.030518 0.464844 -0.053711
v 0.036133 0.455078 -0.063477
v 0.028809 0.478516 -0.040283
v 0.016724 0.480469 -0.043945
v 0.269531 -0.038086 0.048340
v 0.267578 -0.029175 0.042969
v 0.273438 -0.027222 0.048584
v 0.265625 -0.038330 0.044189
v 0.265625 -0.034912 0.053467
v 0.265625 -0.045410 0.050293
v 0.263672 -0.044434 0.045654
v 0.263672 -0.044434 0.052246
v -0.015625 0.347656 -0.027344
v -0.013123 0.361328 -0.025757
v 0.000580 0.347656 -0.031250
v 0.000931 0.335938 -0.033447
v -0.022095 0.335938 -0.028320
v -0.023071 0.359375 -0.014099
v -0.024902 0.345703 -0.016846
v -0.048828 -0.419922 -0.051270
v -0.048828 -0.437500 -0.053467
v -0.051025 -0.386719 -0.048584
v 0.094727 0.192383 -0.003845
v 0.103516 0.177734 -0.004974
v 0.129883 0.169922 0.006653
v 0.052734 0.046387 0.067871
v 0.056641 0.065918 0.062988
v -0.044434 0.394531 0.069824
v -0.046143 0.408203 0.064941
v -0.050781 0.396484 0.060303
v -0.036377 0.406250 0.075195
v -0.052734 0.384766 0.065430
v -0.273438 -0.005310 0.003769
v -0.269531 -0.016968 0.005249
v -0.273438 -0.005463 0.007263
v -0.273438 -0.000463 0.006500
v -0.269531 0.001236 0.000660
v -0.265625 -0.004517 0.002380
v 0.009094 0.402344 0.059570
v 0.015869 0.402344 0.057617
v 0.010803 0.402344 0.062256
v 0.008606 0.398438 0.061279
v 0.011719 0.398438 0.061523
v 0.007233 0.400391 0.062256
v 0.096191 -0.355469 -0.033936
v 0.090820 -0.367188 -0.012756
v 0.096191 -0.365234 -0.031982
v 0.104004 -0.345703 -0.034668
v 0.088867 -0.359375 -0.012024
v -0.005493 0.345703 0.065430
v 0.000282 0.343750 0.066406
v -0.005463 0.347656 0.067383
v -0.005188 0.343750 0.061523
v -0.011230 0.349609 0.061035
v -0.038330 -0.157227 0.046875
v -0.063477 -0.156250 0.045898
v -0.041016 -0.190430 0.042480
v -0.019409 -0.188477 0.024048
v -0.015869 -0.155273 0.029175
v 0.106445 0.289062 -0.039795
v 0.098633 0.273438 -0.055908
v 0.083496 0.287109 -0.057617
v 0.109375 0.289062 -0.015442
v 0.120605 0.263672 -0.040283
v 0.090332 0.302734 -0.040283
v 0.092285 0.304688 -0.015869
v 0.068848 0.108887 0.092773
v 0.064453 0.105469 0.086426
v 0.067383 0.102539 0.081543
v 0.067871 0.113770 0.091309
v 0.073730 0.115234 0.088867
v 0.074707 0.107910 0.088379
v -0.051270 0.462891 0.001419
v 0.075684 0.169922 0.000141
v 0.079590 0.186523 -0.002457
v 0.076660 0.189453 0.025024
v 0.073730 0.153320 0.001373
v 0.065918 0.156250 -0.022705
v 0.073730 0.154297 0.027222
v 0.072266 0.173828 -0.025635
v 0.263672 -0.030151 0.045166
v 0.265625 -0.016968 0.042236
v 0.269531 -0.017578 0.040771
v -0.036621 0.392578 -0.042969
v -0.033936 0.353516 -0.029785
v -0.038086 0.375000 -0.025879
v -0.031006 0.361328 -0.039551
v -0.017212 0.369141 -0.053711
v -0.025024 0.402344 -0.059326
v -0.187500 0.104004 0.011963
v -0.176758 0.105957 -0.005066
v -0.189453 0.084473 -0.010254
v -0.176758 0.095215 -0.013306
v 0.019531 0.408203 0.061523
v 0.020508 0.408203 0.059326
v 0.023804 0.406250 0.058105
v 0.021973 0.406250 0.061035
v 0.019531 -0.220703 -0.098145
v 0.043457 -0.174805 -0.082031
v 0.011108 -0.173828 -0.080078
v 0.001060 -0.221680 -0.088379
v 0.020752 -0.172852 -0.093750
v 0.036133 -0.172852 -0.098633
v 0.036377 -0.220703 -0.105469
v -0.159180 0.181641 -0.006866
v -0.164062 0.193359 -0.022705
v -0.145508 0.202148 -0.006958
v -0.170898 0.167969 -0.001251
v -0.151367 0.167969 0.002411
v -0.138672 0.187500 0.004395
v -0.271484 -0.004272 0.013062
v -0.273438 -0.000219 0.011475
v -0.275391 -0.018311 0.019897
v -0.277344 -0.004700 0.018188
v -0.271484 -0.019043 0.015320
v -0.271484 -0.017456 0.008423
v 0.000462 0.400391 0.070312
v 0.000305 0.404297 0.070312
v -0.002441 0.400391 0.069336
v 0.003113 0.400391 0.069336
v 0.000496 0.392578 0.075195
v 0.003204 0.392578 0.074219
v -0.002350 0.392578 0.073730
v 0.095215 -0.384766 -0.057861
v 0.075684 -0.382812 -0.071289
v 0.089844 -0.363281 -0.048828
v -0.035156 0.294922 0.021851
v -0.042969 0.300781 0.007935
v -0.025513 0.287109 0.035889
v -0.027100 0.292969 0.022583
v -0.025757 0.308594 0.011292
v -0.031494 -0.172852 0.076172
v -0.037598 -0.209961 0.080566
v -0.026489 -0.176758 0.090820
v -0.044434 -0.210938 0.067383
v -0.023315 -0.120117 0.084473
v 0.084473 0.306641 -0.000687
v 0.055908 0.304688 0.021729
v 0.068359 0.294922 0.026978
v 0.091797 0.294922 0.006805
v 0.077637 0.312500 -0.015198
v 0.057129 0.102539 0.073242
v 0.060791 0.102051 0.069336
v 0.057373 0.100586 0.077637
v 0.064453 0.111816 0.077148
v 0.067383 0.109863 0.073242
v -0.043701 0.474609 -0.033691
v -0.031738 0.476562 -0.045410
v -0.046875 0.458984 -0.045654
v -0.031738 0.484375 -0.023804
v -0.024414 0.488281 -0.033203
v -0.047119 0.474609 -0.015747
v -0.108398 -0.468750 0.059082
v -0.080078 -0.470703 0.046631
v -0.100586 -0.462891 0.032227
v -0.121094 -0.472656 0.045898
v -0.125000 -0.472656 0.069824
v -0.110840 -0.468750 0.081543
v -0.095703 -0.468750 0.067871
v 0.074707 0.133789 -0.024292
v 0.083496 0.134766 0.002625
v 0.072754 0.119141 -0.020020
v 0.053223 0.119141 -0.039307
v 0.071777 0.144531 -0.024658
v 0.055908 0.136719 -0.047363
v -0.149414 0.108887 -0.020020
v -0.161133 0.105469 -0.038818
v -0.152344 0.113281 -0.041504
v -0.137695 0.117676 -0.021362
v -0.146484 0.118164 -0.002975
v -0.155273 0.111816 -0.004425
v -0.156250 0.103516 -0.018188
v 0.038574 0.423828 0.036621
v 0.041260 0.414062 0.028320
v 0.041748 0.425781 0.027466
v 0.039795 0.441406 0.032227
v 0.035400 0.439453 0.041504
v 0.032471 0.433594 0.049072
v 0.035400 0.419922 0.048340
v 0.037842 0.412109 0.041260
v 0.025635 -0.308594 -0.030396
v 0.016113 -0.326172 0.000675
v 0.026245 -0.310547 -0.001007
v 0.022827 -0.281250 -0.022705
v 0.036865 -0.277344 -0.044434
v 0.019165 -0.324219 -0.035645
v 0.040039 -0.304688 -0.050781
v -0.085449 0.242188 0.029419
v -0.072754 0.235352 0.046875
v -0.079590 0.269531 0.026001
v -0.128906 -0.212891 -0.039795
v -0.104492 -0.184570 -0.018799
v -0.126953 -0.209961 -0.024048
v -0.111328 -0.172852 -0.055420
v -0.118164 -0.169922 -0.021118
v 0.231445 0.045654 0.018433
v 0.232422 0.038086 0.010437
v 0.227539 0.034668 0.025146
v 0.234375 0.048340 0.026001
v 0.233398 0.044189 0.006470
v 0.231445 0.055176 0.023804
v 0.226562 0.050781 0.016357
v -0.013245 0.410156 0.071777
v -0.008179 0.404297 0.067871
v -0.007050 0.410156 0.071777
v -0.014343 0.406250 0.066406
v -0.021118 0.412109 0.067871
v -0.022583 0.038330 0.075195
v -0.044434 0.038574 0.068359
v 0.051514 0.390625 -0.042969
v 0.055664 0.412109 -0.032471
v 0.044434 0.384766 -0.059570
v 0.080566 -0.468750 0.042725
v 0.087891 -0.474609 0.071289
v 0.097656 -0.472656 0.085449
v 0.110840 -0.470703 0.081543
v -0.092285 0.187500 -0.023315
v -0.093262 0.199219 -0.043457
v -0.086426 0.198242 -0.022705
v -0.103516 0.177734 -0.004395
v -0.100586 0.173828 -0.024170
v -0.104004 0.182617 -0.044434
v -0.093750 0.192383 -0.004425
v -0.234375 0.042236 0.038818
v -0.229492 0.037354 0.033203
v -0.235352 0.050781 0.029907
v -0.241211 0.042725 0.040527
v -0.240234 0.029419 0.048096
v -0.232422 0.029297 0.046143
v -0.242188 0.054932 0.032227
v 0.023315 0.490234 -0.026978
v 0.032959 0.486328 -0.016479
v 0.012024 0.492188 -0.028809
v 0.018066 0.494141 -0.009521
v 0.267578 -0.038818 0.026733
v 0.263672 -0.045410 0.026489
v 0.267578 -0.040527 0.022705
v 0.271484 -0.032227 0.026489
v 0.271484 -0.027588 0.025146
v 0.263672 -0.036133 0.024170
v -0.008606 0.365234 -0.061279
v -0.011169 0.353516 -0.062500
v -0.015625 0.363281 -0.060303
v -0.020874 0.375000 -0.058594
v 0.000008 0.378906 -0.062256
v -0.000198 0.365234 -0.063477
v 0.002945 0.351562 -0.069336
v -0.039307 -0.359375 -0.016602
v -0.037842 -0.357422 -0.034180
v -0.056152 -0.361328 -0.001755
v -0.055908 -0.369141 0.001556
v -0.038574 -0.367188 -0.012451
v -0.034180 -0.363281 -0.032471
v 0.012451 0.349609 0.060303
v 0.006104 0.347656 0.067383
v 0.005768 0.343750 0.065430
v 0.012085 0.347656 0.055420
v 0.016357 0.355469 0.054932
v 0.005737 0.343750 0.061768
v 0.013916 0.357422 0.060547
v 0.005493 0.353516 0.065918
v 0.027100 0.083008 -0.044678
v 0.024536 0.109375 -0.034668
v 0.044922 0.107422 -0.024414
v 0.000927 0.083496 -0.044922
v 0.054199 0.082520 -0.032227
v 0.031006 0.060547 -0.059082
v -0.067871 0.400391 0.028564
v -0.063477 0.410156 0.032227
v -0.068359 0.402344 0.021362
v -0.076172 0.390625 0.019775
v 0.013733 0.308594 0.025024
v 0.027344 0.308594 0.012146
v 0.011597 0.326172 0.023804
v 0.028076 0.292969 0.023926
v 0.000336 0.322266 0.027832
v 0.014282 0.294922 0.032959
v 0.238281 -0.006989 0.048340
v 0.234375 -0.011902 0.053223
v 0.233398 -0.007996 0.050537
v 0.236328 0.003571 0.045410
v 0.238281 -0.012268 0.051758
v -0.035156 0.410156 -0.031250
v -0.036377 0.386719 -0.004974
v -0.043213 0.408203 -0.011902
v -0.036377 0.427734 -0.033936
v -0.020508 0.410156 -0.046143
v -0.018799 0.388672 -0.036621
v -0.029175 0.388672 -0.024414
v -0.045166 0.427734 -0.015259
v -0.064453 0.108398 0.006500
v -0.079102 0.081543 0.002625
v 0.034668 0.441406 0.048096
v 0.042969 0.443359 0.041748
v 0.033936 0.453125 0.046875
v 0.029907 0.451172 0.049805
v 0.040771 0.427734 0.042236
v 0.058350 -0.244141 -0.047852
v 0.063477 -0.275391 -0.054688
v 0.054932 -0.211914 -0.039551
v 0.079102 -0.212891 -0.031982
v 0.033936 -0.247070 -0.037354
v 0.083496 -0.245117 -0.040283
v -0.025024 0.357422 0.033691
v -0.012085 0.351562 0.030396
v -0.016968 0.349609 0.043701
v -0.023926 0.361328 0.042236
v -0.029419 0.365234 0.033447
v -0.022949 0.359375 0.025879
v -0.068359 -0.117676 -0.072754
v -0.076172 -0.174805 -0.068359
v -0.107422 -0.116211 -0.050049
v -0.058105 -0.175781 -0.085938
v -0.073730 -0.061279 -0.067383
v -0.027466 -0.061279 -0.084473
v -0.025757 -0.118164 -0.088867
v 0.034668 0.376953 0.019165
v 0.034668 0.378906 0.014465
v 0.039307 0.378906 0.016357
v 0.032227 0.367188 0.022827
v 0.030762 0.373047 0.017212
v 0.104492 -0.482422 -0.012024
v 0.107910 -0.496094 -0.010193
v 0.091797 -0.480469 -0.040039
v 0.024292 0.115234 0.080078
v 0.000259 0.129883 0.087402
v -0.026367 -0.310547 -0.001114
v -0.050049 -0.312500 0.023804
v 0.111328 0.247070 -0.057373
v 0.131836 0.244141 -0.043213
v 0.148438 0.220703 -0.043945
v 0.130859 0.218750 -0.060547
v 0.088867 0.247070 -0.055664
v 0.097168 0.227539 -0.056152
v 0.059814 0.084473 0.080566
v 0.059326 0.076172 0.079590
v 0.064453 0.083496 0.072266
v 0.061035 0.086914 0.077637
v -0.060303 0.406250 0.011414
v -0.053223 0.406250 0.027954
v -0.060791 0.429688 -0.005157
v -0.267578 -0.006927 0.025757
v -0.267578 -0.018677 0.029053
v -0.261719 -0.006195 0.017944
v -0.263672 -0.004333 0.026489
v -0.273438 -0.003143 0.025024
v -0.271484 -0.018555 0.024170
v -0.267578 -0.027222 0.025269
v -0.265625 -0.018555 0.020752
v -0.265625 -0.028442 0.023071
v 0.008179 0.443359 -0.076660
v 0.018066 0.445312 -0.075684
v 0.001396 0.453125 -0.070312
v 0.024658 0.443359 -0.087891
v 0.100586 -0.220703 0.044922
v 0.115234 -0.174805 0.033691
v 0.084961 -0.175781 0.052734
v 0.086914 -0.216797 0.052979
v 0.117188 -0.223633 0.035645
v 0.100098 -0.186523 0.029053
v -0.027588 0.337891 -0.034180
v -0.023926 0.343750 -0.042969
v -0.015503 0.322266 -0.048584
v -0.046143 -0.460938 -0.056641
v -0.038330 -0.484375 -0.043213
v -0.046143 -0.482422 -0.061768
v -0.063965 -0.460938 -0.062500
v -0.064941 -0.437500 -0.057129
v -0.041992 -0.460938 -0.040039
v 0.183594 0.131836 0.002487
v 0.179688 0.137695 0.007812
v 0.173828 0.123535 0.000477
v 0.194336 0.125977 0.004944
v 0.192383 0.136719 -0.003784
v 0.261719 -0.028076 0.014709
v 0.263672 -0.031128 0.015442
v 0.267578 -0.026489 0.014526
v 0.265625 -0.018188 0.012939
v 0.259766 -0.027588 0.011108
v 0.257812 -0.031982 0.012207
v 0.257812 -0.032471 0.015198
v -0.017334 0.386719 0.063477
v -0.019531 0.378906 0.062988
v -0.009644 0.380859 0.066406
v -0.012085 0.388672 0.064453
v -0.019165 0.394531 0.059814
v -0.261719 -0.036865 0.020386
v -0.257812 -0.042969 0.025146
v 0.003601 0.375000 0.069824
v 0.001907 0.378906 0.071289
v -0.000084 0.373047 0.070801
v 0.008606 0.373047 0.067871
v 0.004547 0.378906 0.070312
v 0.003632 0.371094 0.071777
v 0.006989 0.371094 0.069824
v 0.233398 0.085938 -0.001968
v 0.234375 0.069824 -0.007629
v 0.223633 0.083008 -0.014771
v 0.245117 0.070801 0.015564
v 0.248047 0.063477 0.004791
v 0.220703 0.105469 -0.009094
v -0.012207 0.455078 0.055420
v 0.000801 0.457031 0.055420
v 0.001152 0.468750 0.043213
v -0.014038 0.464844 0.041748
v -0.021851 0.453125 0.052490
v -0.021729 0.443359 0.057129
v -0.078125 0.014526 0.099121
v -0.069336 0.010803 0.100586
v -0.068848 0.016113 0.103027
v -0.075195 0.040527 0.098633
v -0.094727 0.036377 0.078613
v -0.096680 0.012878 0.082031
v -0.093262 0.006531 0.078125
v 0.050781 0.410156 0.003860
v 0.042236 0.388672 0.005188
v 0.049316 0.386719 -0.014709
v 0.053955 0.406250 -0.022461
v 0.041992 -0.367188 0.005981
v 0.039062 -0.394531 0.015747
v 0.031982 -0.392578 -0.014832
v 0.035156 -0.394531 0.008484
v 0.038574 -0.365234 -0.013367
v -0.139648 0.155273 -0.064941
v -0.151367 0.140625 -0.056152
v -0.178711 0.142578 -0.057129
v -0.267578 -0.032227 0.030884
v -0.267578 -0.042236 0.031494
v 0.003723 0.353516 -0.051514
v 0.073242 0.104004 0.077148
v 0.066406 0.098145 0.074707
v 0.072266 0.107422 0.073730
v 0.081055 0.107422 0.082520
v 0.081055 0.113770 0.076660
v -0.029907 0.488281 -0.006989
v -0.019409 0.494141 -0.012634
v -0.028809 0.490234 0.008179
v -0.021118 0.498047 0.005859
v -0.040039 0.482422 -0.004547
v -0.007996 0.500000 -0.002762
v -0.089844 0.055908 -0.003189
v -0.091797 0.044434 0.019287
v -0.080566 0.057129 -0.025024
v -0.086426 0.030396 -0.034180
v -0.069824 0.083008 -0.017334
v 0.034912 0.404297 0.048096
v 0.038818 0.404297 0.033691
v 0.034668 0.398438 0.046387
v 0.031006 0.402344 0.052490
v 0.042236 -0.392578 -0.012573
v 0.053955 -0.394531 0.000355
v 0.041260 -0.388672 -0.036133
v 0.041016 -0.421875 -0.034424
v 0.049316 -0.423828 -0.013672
v -0.052734 0.200195 0.080078
v -0.024292 0.198242 0.087402
v -0.022827 0.225586 0.078125
v -0.047852 0.228516 0.068848
v -0.075195 0.206055 0.057861
v -0.049561 0.178711 0.073730
v -0.068359 0.183594 0.054199
v -0.224609 0.050537 0.016235
v -0.230469 0.042236 0.018921
v -0.217773 0.061279 0.000477
v -0.215820 0.062988 0.012695
v -0.229492 0.054932 0.025635
v 0.014526 0.408203 0.065918
v 0.014771 0.402344 0.063477
v 0.019043 0.404297 0.063477
v 0.007721 0.408203 0.072266
v 0.008972 0.404297 0.066406
v 0.013794 0.412109 0.071289
v 0.020020 0.408203 0.064941
v 0.000114 0.341797 0.049316
v 0.006165 0.343750 0.056641
v 0.000401 0.341797 0.057373
v -0.005890 0.343750 0.052979
v 0.000946 0.345703 0.034424
v 0.004944 0.343750 0.047852
v -0.071777 -0.474609 0.044678
v -0.067871 -0.476562 0.033936
v -0.086426 -0.480469 0.076172
v -0.069824 -0.458984 0.019165
v 0.206055 0.125000 -0.001541
v 0.017334 -0.154297 0.029419
v 0.015442 -0.151367 0.000446
v -0.046875 0.386719 -0.061279
v -0.051025 0.392578 -0.044678
v -0.046143 0.396484 -0.057617
v -0.243164 -0.009216 0.056152
v -0.245117 -0.003540 0.051758
v -0.239258 -0.005707 0.047852
v -0.240234 -0.010681 0.052490
v 0.038818 0.386719 0.007874
v 0.037354 0.386719 -0.002182
v 0.046387 0.394531 0.002365
v 0.042480 0.396484 0.004303
v 0.040527 0.378906 0.013306
v 0.101562 -0.455078 0.013000
v 0.106934 -0.464844 -0.000710
v 0.079590 -0.437500 0.006866
v 0.083008 -0.453125 0.022339
v 0.096191 -0.439453 -0.002426
v -0.027954 0.227539 -0.063965
v -0.052002 0.171875 -0.042725
v -0.058838 0.193359 -0.043701
v -0.061523 0.226562 -0.057129
v -0.035156 -0.279297 -0.043701
v -0.061279 -0.275391 -0.055176
v -0.032227 -0.247070 -0.036621
v -0.024902 -0.308594 -0.029907
v -0.021851 -0.283203 -0.022583
v 0.102051 0.243164 0.013672
v 0.095703 0.218750 0.010437
v 0.122559 0.249023 0.001389
v 0.176758 0.110352 -0.053223
v 0.180664 0.111816 -0.040039
v 0.164062 0.103027 -0.037842
v 0.156250 0.109375 -0.040283
v 0.164062 0.126953 -0.056152
v 0.193359 0.125977 -0.054688
v -0.043701 0.435547 0.017334
v -0.041260 0.412109 0.023682
v -0.038818 0.423828 0.031494
v -0.038086 0.441406 0.030518
v -0.039307 0.453125 0.017822
v -0.045898 0.435547 0.002899
v 0.037598 0.298828 0.023804
v 0.025757 0.287109 0.038330
v 0.040283 0.300781 0.026978
v 0.275391 -0.000870 0.010742
v 0.275391 0.006775 0.012939
v 0.279297 0.000032 0.016968
v 0.273438 -0.005524 0.012207
v 0.279297 -0.005402 0.018188
v -0.004272 0.400391 0.066406
v -0.004211 0.392578 0.069336
v -0.009521 0.402344 0.062988
v -0.006134 0.398438 0.063477
v -0.002899 0.402344 0.069336
v -0.082031 0.082031 0.059326
v -0.074219 0.081055 0.053711
v -0.107422 0.080566 0.035400
v -0.104980 0.078613 0.047852
v -0.085449 0.079102 0.065430
v -0.062500 0.079590 0.088867
v 0.054199 0.449219 -0.046875
v 0.054199 0.458984 -0.041504
v 0.053467 0.466797 -0.024414
v 0.057617 0.449219 -0.023926
v 0.042725 0.474609 -0.030273
v 0.038330 0.457031 -0.054199
v 0.030029 -0.121582 0.090820
v 0.074707 -0.120117 0.078125
v 0.070801 -0.064941 0.075684
v -0.107910 0.289062 -0.016235
v -0.091797 0.291016 0.006744
v -0.083496 0.306641 -0.001587
v -0.249023 0.045166 -0.001465
v -0.251953 0.053467 0.006561
v 0.015625 0.455078 0.054688
v 0.012695 0.443359 0.062256
v 0.108398 -0.118164 0.035156
v -0.006348 0.369141 0.068359
v -0.006256 0.367188 0.066406
v -0.003174 0.367188 0.068359
v -0.006683 0.369141 0.068848
v -0.002472 0.367188 0.070801
v -0.041992 -0.367188 0.008423
v -0.045410 -0.367188 0.014404
v -0.032471 -0.392578 -0.009460
v -0.043457 -0.394531 0.019531
v -0.036865 -0.394531 0.014709
v 0.158203 0.168945 -0.063965
v 0.166016 0.155273 -0.056641
v 0.149414 0.181641 -0.065430
v 0.173828 0.175781 -0.043457
v 0.174805 0.167969 -0.040527
v 0.050049 0.062500 0.077148
v 0.053711 0.074707 0.081055
v 0.049805 0.076660 0.077148
v 0.054932 0.058838 0.083008
v 0.052246 0.045654 0.078613
v 0.050781 0.065918 0.068359
v -0.047852 0.402344 0.002625
v -0.048828 0.406250 0.005310
v -0.042969 0.402344 0.003799
v -0.048828 0.398438 0.003372
v -0.049561 0.406250 0.005432
v -0.044922 0.392578 0.003220
v -0.046875 0.390625 0.003708
v -0.107422 -0.216797 0.059082
v 0.038086 0.332031 -0.011475
v 0.038818 0.347656 -0.011169
v 0.033936 0.349609 -0.002487
v 0.277344 0.001816 0.029907
v 0.275391 -0.003769 0.024658
v 0.277344 0.000725 0.023071
v 0.273438 0.003006 0.036621
v 0.277344 -0.005585 0.031128
v 0.275391 0.010010 0.029541
v -0.005829 0.441406 -0.070801
v 0.007660 0.439453 -0.068359
v -0.007660 0.414062 -0.075684
v -0.029297 0.439453 -0.062988
v -0.024292 0.464844 -0.056152
v -0.003571 0.468750 -0.058838
v -0.108887 0.002609 0.041016
v -0.105469 0.004639 0.034912
v -0.077637 0.005157 0.062988
v -0.109863 0.006592 0.038818
v -0.082031 0.003967 0.068359
v -0.116211 0.005768 0.051514
v 0.014954 0.382812 0.064941
v 0.014587 0.375000 0.064453
v 0.019409 0.378906 0.062988
v 0.019409 0.386719 0.062256
v 0.013000 0.388672 0.063965
v 0.039551 -0.482422 -0.042725
v 0.045166 -0.460938 -0.056396
v 0.046143 -0.482422 -0.061768
v 0.046875 -0.500000 -0.061523
v 0.038330 -0.500000 -0.043701
v -0.167969 0.114258 -0.007812
v -0.092285 -0.421875 -0.023560
v -0.098145 -0.392578 -0.004852
v 0.017578 0.250000 0.066895
v 0.000008 0.271484 0.058105
v 0.261719 0.004486 -0.001091
v 0.259766 0.001938 0.004700
v 0.242188 0.021362 0.006104
v 0.250000 0.025513 -0.004364
v 0.263672 0.018188 -0.001892
v -0.022095 0.398438 0.057617
v -0.019897 0.400391 0.061035
v -0.022095 0.402344 0.060791
v -0.018433 0.396484 0.058350
v -0.012939 0.079590 0.082520
v 0.023804 0.096680 0.087891
v 0.016602 0.104004 0.087402
v -0.013672 0.105469 0.085938
v -0.029175 0.078613 0.079590
v 0.024292 0.081055 0.081543
v 0.061768 0.429688 0.003677
v 0.063477 0.435547 -0.003235
v 0.062988 0.429688 0.009155
v 0.069824 0.425781 -0.011047
v 0.064453 0.417969 0.000019
v 0.070312 -0.222656 0.038574
v 0.086426 -0.187500 0.023193
v 0.046387 -0.261719 0.031738
v 0.089355 -0.220703 0.018066
v -0.043945 0.326172 -0.036865
v -0.040039 0.341797 -0.019409
v -0.039307 0.343750 -0.031738
v -0.035156 0.341797 -0.035400
v -0.261719 -0.005310 0.035645
v -0.267578 -0.017334 0.035645
v -0.263672 -0.013550 0.047363
v -0.263672 -0.016602 0.041992
v -0.257812 -0.000212 0.043457
v -0.250000 0.009277 0.042969
v 0.021362 0.437500 -0.056396
v 0.017944 0.402344 -0.060059
v 0.001358 0.406250 -0.066895
v 0.004395 0.439453 -0.064453
v 0.040771 0.435547 -0.045410
v 0.036377 0.406250 -0.050293
v -0.031738 0.322266 -0.006195
v -0.040771 0.318359 -0.015198
v -0.045410 0.308594 -0.004059
v -0.019043 0.332031 0.012085
v -0.025146 0.337891 -0.001617
v -0.029785 0.333984 -0.018677
v -0.072754 -0.212891 -0.076172
v 0.028931 0.369141 0.007751
v 0.058594 0.107910 -0.009033
v 0.064941 0.107422 0.005981
v 0.070801 0.083496 -0.016235
v -0.052979 0.457031 0.030518
v -0.045898 0.447266 0.050537
v -0.035889 0.460938 0.053955
v -0.047852 0.468750 0.022583
v -0.047852 0.470703 0.012512
v -0.060791 0.455078 0.007507
v -0.056641 0.441406 0.028687
v -0.039795 0.472656 0.040039
v -0.267578 0.013489 0.040283
v -0.257812 0.015869 0.045654
v -0.251953 0.028198 0.042969
v -0.263672 0.031494 0.024902
v -0.273438 0.010864 0.029297
v -0.265625 0.003937 0.046875
v 0.092285 -0.039551 0.083496
v 0.081543 -0.007172 0.086426
v 0.087402 -0.040771 0.083008
v 0.099609 -0.054688 0.083008
v 0.087891 -0.006165 0.079102
v 0.094238 -0.039551 0.079590
v -0.034912 0.371094 0.006989
v -0.043701 0.369141 -0.006958
v -0.039062 0.349609 -0.009033
v -0.049072 0.394531 -0.001266
v -0.033447 0.349609 0.002090
v -0.039551 0.388672 0.011902
v -0.054443 -0.351562 -0.074707
v -0.048340 -0.355469 -0.050293
v -0.065918 -0.357422 -0.058350
v -0.071777 -0.347656 -0.072266
v 0.088379 0.204102 -0.003281
v 0.080078 0.082520 0.003372
v 0.093262 0.045654 0.020264
v 0.091797 0.056152 -0.002136
v 0.080078 0.079590 0.024048
v 0.066406 0.106445 0.025146
v -0.027710 0.402344 0.054688
v -0.031006 0.406250 0.054443
v -0.030762 0.402344 0.051025
v -0.027588 0.398438 0.055176
v -0.111816 -0.196289 -0.010376
v 0.224609 0.063965 -0.007935
v 0.237305 0.048828 -0.002457
v 0.245117 0.054199 -0.002457
v -0.025269 0.462891 0.038574
v -0.017090 0.470703 0.021484
v -0.059326 0.010254 0.094727
v -0.065430 0.014282 0.102051
v -0.058105 0.006989 0.093750
v 0.048584 0.384766 0.016113
v 0.054199 0.384766 0.011108
v 0.047363 0.396484 0.018311
v 0.055664 0.373047 0.009338
v -0.195312 0.148438 -0.039551
v -0.199219 0.153320 -0.014099
v -0.192383 0.162109 -0.016235
v -0.129883 -0.492188 0.083496
v -0.090332 -0.494141 0.092773
v -0.100098 -0.490234 0.100586
v -0.078613 -0.498047 0.078613
v -0.136719 -0.494141 0.066406
v -0.115723 -0.482422 0.096680
v -0.129883 -0.486328 0.083008
v -0.116211 -0.488281 0.098633
v 0.050293 0.154297 -0.041260
v 0.026978 0.154297 -0.054932
v 0.052734 0.171875 -0.041260
v 0.269531 -0.020020 0.029419
v 0.269531 -0.032959 0.030518
v 0.265625 -0.031128 0.037109
v 0.267578 -0.017822 0.035889
v 0.275391 -0.019409 0.028076
v 0.267578 -0.006470 0.026489
v -0.020630 0.402344 -0.064941
v -0.040039 0.427734 -0.056396
v -0.018311 0.437500 -0.066895
v -0.020508 0.077148 0.072754
v -0.041260 0.104980 0.057861
v 0.023560 0.404297 0.060791
v 0.021729 0.412109 0.067871
v 0.066895 -0.302734 -0.061768
v 0.093750 -0.318359 -0.058594
v 0.067383 -0.318359 -0.069824
v 0.095703 -0.298828 -0.053711
v 0.035645 -0.322266 -0.061523
v -0.259766 -0.000916 0.003372
v -0.261719 -0.004822 0.007080
v -0.261719 0.002487 -0.000214
v -0.253906 0.009521 0.001923
v -0.257812 0.003815 0.018311
v 0.018799 0.398438 0.061279
v 0.022949 0.400391 0.059570
v 0.025635 0.402344 0.057617
v 0.015259 0.398438 0.062256
v 0.104492 -0.371094 -0.001419
v 0.098145 -0.369141 0.002792
v 0.110840 -0.392578 -0.003769
v 0.103027 -0.388672 -0.033447
v 0.106445 -0.371094 0.007690
v 0.108887 -0.392578 0.005798
v -0.000061 0.347656 0.068359
v 0.000572 0.343750 0.061768
v 0.026245 0.104492 0.082520
v 0.030029 0.103516 0.082520
v -0.060547 0.462891 -0.022217
v -0.048096 0.472656 -0.014038
v -0.057129 0.474609 -0.034668
v -0.062988 0.466797 -0.037354
v -0.052734 0.468750 -0.001572
v 0.181641 0.116211 0.005524
v 0.168945 0.112793 -0.007324
v 0.178711 0.104980 -0.005188
v -0.029419 0.433594 0.050781
v -0.025757 0.048828 0.080078
v -0.031738 0.026611 0.079102
v -0.015625 0.047363 0.083984
v -0.022217 0.071777 0.081055
v 0.059326 0.427734 -0.003830
v 0.056885 0.392578 -0.036133
v 0.057129 0.433594 -0.024902
v 0.069824 -0.176758 0.085449
v -0.087891 0.203125 -0.004120
v -0.083984 0.204102 -0.022583
v -0.083496 0.209961 -0.003265
v -0.104004 0.204102 0.008850
v -0.095215 0.217773 0.010193
v -0.091797 0.056152 0.072754
v -0.063477 0.039551 0.102051
v -0.070801 0.057373 0.096191
v 0.046387 0.433594 0.002151
v 0.046143 0.425781 -0.016479
v 0.043701 0.443359 -0.013672
v 0.040771 0.451172 0.017090
v 0.044922 0.433594 0.017334
v 0.046631 0.416016 0.004395
v 0.269531 -0.042725 0.036133
v 0.273438 -0.033691 0.030151
v 0.275391 -0.033203 0.035156
v 0.271484 -0.031738 0.039551
v 0.267578 -0.041260 0.041016
v 0.265625 -0.050537 0.034668
v 0.267578 -0.042725 0.031982
v 0.263672 -0.049072 0.040283
v 0.265625 -0.051270 0.037598
v -0.008240 0.332031 -0.048828
v -0.016235 0.341797 -0.048584
v -0.006866 0.349609 -0.051514
v 0.143555 0.150391 0.007202
v 0.130859 0.137695 -0.003937
v 0.141602 0.129883 -0.005585
v 0.154297 0.140625 0.002792
v 0.153320 0.167969 0.005371
v 0.117188 0.158203 -0.004944
v 0.163086 0.155273 0.007568
v 0.065918 0.033447 -0.056885
v 0.032471 0.033447 -0.069336
v 0.062988 0.059082 -0.046875
v 0.082031 0.057861 -0.024048
v -0.056641 0.378906 0.014954
v -0.055908 0.371094 0.026001
v -0.047119 0.388672 0.035645
v -0.063477 0.361328 0.017090
v -0.054932 0.386719 0.017456
v -0.265625 -0.031128 0.018799
v -0.269531 -0.032227 0.017822
v -0.267578 -0.019287 0.016602
v -0.261719 -0.035645 0.024658
v 0.003113 0.378906 0.075684
v 0.004700 0.380859 0.072754
v 0.003693 0.384766 0.079590
v 0.000134 0.378906 0.076660
v 0.081543 -0.500000 -0.057617
v 0.064453 -0.500000 -0.065918
v 0.081055 -0.480469 -0.056396
v -0.068848 0.116211 0.055664
v -0.069336 0.132812 0.055908
v -0.050781 0.115723 0.072754
v -0.050781 0.130859 0.074219
v -0.046143 -0.259766 0.031982
v -0.073242 -0.259766 0.034180
v -0.049072 -0.291016 0.024902
v -0.043213 -0.224609 0.037354
v -0.069336 -0.223633 0.039062
v -0.025757 -0.257812 0.011108
v -0.022583 -0.223633 0.017456
v 0.189453 0.157227 -0.039795
v 0.179688 0.168945 -0.018677
v 0.195312 0.161133 -0.015320
v 0.179688 0.142578 -0.057129
v 0.199219 0.146484 -0.040039
v 0.061279 0.084961 0.064941
v 0.053955 0.084473 0.064453
v 0.058594 0.087402 0.066895
v 0.061279 0.086914 0.068359
v 0.053955 0.076660 0.065430
v 0.060547 0.077148 0.066406
v -0.028687 0.443359 -0.077637
v -0.034668 0.453125 -0.064941
v -0.020142 0.447266 -0.078613
v -0.020752 0.439453 -0.091797
v -0.101074 -0.392578 0.013184
v -0.096680 -0.367188 0.012146
v -0.103027 -0.367188 0.006134
v -0.107422 -0.394531 0.005981
v -0.080566 -0.394531 0.012695
v 0.062988 0.226562 -0.056885
v 0.029419 0.227539 -0.062988
v 0.061035 0.259766 -0.063965
v 0.059814 0.192383 -0.042725
v 0.080566 0.255859 -0.060547
v 0.078125 0.223633 -0.050293
v 0.269531 -0.027222 0.052979
v 0.269531 -0.013245 0.051025
v 0.265625 -0.027466 0.050537
v -0.028076 0.367188 0.004700
v -0.034668 0.382812 0.011414
v -0.040283 0.390625 0.006653
v -0.025757 0.371094 -0.011902
v -0.166016 0.107910 -0.016113
v -0.171875 0.106934 -0.031738
v 0.027222 0.451172 0.048340
v 0.034912 0.451172 0.038086
v 0.021729 0.460938 0.043945
v 0.023315 0.443359 0.057373
v 0.020386 -0.218750 -0.008789
v 0.026611 -0.257812 0.010681
v 0.017822 -0.184570 -0.002289
v 0.030640 -0.180664 -0.023560
v 0.031738 -0.213867 -0.028809
v 0.021851 -0.251953 -0.016846
v -0.017578 0.369141 0.060791
v -0.013000 0.371094 0.064453
v -0.014221 0.376953 0.064941
v -0.021240 0.363281 0.051514
v -0.015137 0.361328 0.059570
v -0.013123 0.363281 0.062988
v -0.261719 -0.044678 0.026611
v -0.267578 -0.039551 0.023315
v 0.005219 0.363281 0.069336
v 0.004608 0.367188 0.068359
v 0.227539 0.048828 0.005219
v 0.217773 0.062012 -0.000237
v -0.016602 0.398438 0.061035
v -0.017456 0.402344 0.063477
v -0.030518 0.105469 0.081055
v -0.048340 0.075195 0.075195
v -0.023560 0.105469 0.083984
v 0.062012 0.441406 -0.010742
v 0.060791 0.445312 -0.031494
v 0.084961 -0.155273 0.027222
v -0.053223 0.361328 -0.038330
v -0.054199 0.376953 -0.035889
v -0.265625 -0.030640 0.036377
v 0.023071 0.398438 -0.077148
v 0.018066 0.394531 -0.075195
v 0.016479 0.414062 -0.070801
v 0.030518 0.394531 -0.074219
v 0.026367 0.386719 -0.091309
v -0.025269 0.154297 -0.054932
v 0.000965 0.153320 -0.064453
v -0.087891 -0.275391 -0.046875
v 0.024658 0.359375 0.041748
v 0.030518 0.365234 0.034180
v 0.017822 0.351562 0.048828
v 0.017456 0.349609 0.043213
v 0.022705 0.365234 0.051514
v 0.025391 0.357422 0.033936
v 0.064453 0.077148 0.055420
v 0.060059 0.109863 0.056641
v 0.037842 0.107422 0.075195
v 0.041504 0.075195 0.072754
v 0.079102 0.079102 0.034668
v -0.032227 0.412109 0.054199
v -0.027710 0.412109 0.061768
v -0.238281 0.037354 0.000183
v -0.253906 0.031250 -0.002655
v 0.040039 0.398438 0.018921
v 0.044434 0.416016 0.014038
v 0.042969 0.406250 0.014648
v 0.101562 -0.337891 -0.033447
v 0.102051 -0.351562 0.002457
v 0.114258 -0.322266 -0.031738
v 0.085938 -0.333984 -0.057129
v 0.101074 -0.337891 0.002792
v -0.004456 0.359375 0.065918
v -0.011108 0.355469 0.061768
v -0.004730 0.353516 0.065918
v -0.000092 0.359375 0.066406
v -0.008789 0.361328 0.064453
v -0.000069 0.353516 0.066406
v -0.055908 -0.496094 0.011719
v -0.062988 -0.488281 0.034424
v -0.058350 -0.500000 0.032227
v -0.100098 -0.494141 -0.025146
v -0.048828 -0.494141 -0.006134
v -0.106934 -0.496094 -0.010071
v -0.122070 -0.500000 0.011353
v -0.052002 -0.482422 -0.004303
v 0.229492 0.092773 -0.004303
v 0.226562 0.097168 0.010803
v 0.237305 0.078125 0.016479
v 0.234375 0.069824 -0.008240
v 0.223633 0.085938 -0.016602
v 0.241211 0.076660 0.003082
v 0.092285 -0.040283 0.075195
v 0.084473 -0.006836 0.069824
v 0.089355 -0.042480 0.074707
v -0.024780 0.365234 0.019531
v -0.029663 0.373047 0.015320
v -0.025757 0.355469 0.002563
v 0.026855 0.355469 0.002899
v 0.024780 0.357422 -0.013428
v 0.023926 0.361328 0.023193
v 0.269531 0.012268 0.040771
v 0.257812 0.016235 0.045898
v 0.263672 0.031494 0.026367
v 0.251953 0.028564 0.042969
v 0.273438 0.004303 0.042969
v -0.009155 0.498047 -0.024292
v -0.001564 0.498047 -0.004852
v -0.002380 0.498047 -0.023560
v -0.010010 0.488281 -0.044922
v -0.018433 0.488281 -0.041504
v -0.010864 0.498047 -0.008911
v -0.017212 0.494141 -0.027222
v 0.020874 0.400391 0.061035
v 0.018066 0.398438 0.061035
v 0.023193 0.398438 0.057861
v 0.022583 0.402344 0.061035
v 0.033447 -0.384766 -0.060059
v 0.050537 -0.386719 -0.048828
v 0.026489 -0.386719 -0.039307
v 0.038574 -0.363281 -0.051758
v 0.050293 -0.382812 -0.073242
v -0.165039 0.151367 0.002457
v -0.153320 0.141602 0.003906
v -0.174805 0.160156 -0.005341
v -0.185547 0.153320 0.000172
v -0.143555 0.148438 0.008240
v -0.163086 0.159180 0.006897
v -0.273438 -0.026367 0.049316
v -0.269531 -0.016602 0.040283
v 0.000404 0.447266 -0.048096
v 0.022217 0.445312 -0.042725
v 0.000774 0.427734 -0.052490
v -0.021362 0.445312 -0.043701
v 0.076660 -0.361328 0.002304
v 0.085449 -0.351562 0.023560
v -0.080566 0.255859 -0.060791
v -0.029541 -0.180664 -0.023560
v -0.052734 -0.179688 -0.033203
v -0.051270 -0.148438 -0.032715
v -0.028320 -0.149414 -0.024414
v -0.017822 -0.151367 -0.011230
v -0.030029 -0.213867 -0.028076
v -0.018555 -0.218750 -0.007874
v -0.017212 -0.184570 -0.002029
v 0.017944 0.367188 0.061035
v 0.138672 0.118164 -0.020996
v 0.126953 0.131836 -0.022583
v 0.141602 0.130859 -0.042725
v 0.149414 0.118164 -0.043213
v 0.149414 0.108398 -0.020020
v 0.148438 0.117676 -0.002609
v -0.028442 0.482422 0.040039
v -0.029053 0.490234 0.023071
v -0.039307 0.480469 0.023315
v -0.014771 0.490234 0.038574
v -0.024292 0.474609 0.054932
v -0.010254 0.480469 0.054443
v -0.079590 -0.437500 -0.047852
v 0.063965 0.162109 0.050293
v 0.044678 0.160156 0.064941
v 0.068848 0.184570 0.053711
v 0.049072 0.178711 0.073730
v 0.277344 -0.019043 0.020630
v 0.271484 -0.008850 0.024292
v 0.273438 -0.020264 0.015320
v 0.275391 -0.032227 0.021851
v -0.003143 0.382812 0.080078
v -0.002380 0.378906 0.076172
v 0.000484 0.382812 0.081543
v 0.000366 0.384766 0.080566
v -0.004181 0.382812 0.076172
v -0.002869 0.386719 0.079102
v -0.096680 0.077148 0.024658
v 0.061035 0.437500 -0.035400
v 0.064941 0.445312 -0.054199
v -0.010254 -0.189453 0.081543
v 0.028442 -0.224609 0.101074
v 0.002930 -0.223633 0.096191
v -0.058350 0.314453 -0.003571
v -0.058350 0.318359 -0.016113
v -0.265625 -0.051025 0.037598
v -0.265625 -0.049561 0.034424
v -0.263672 -0.048584 0.040283
v -0.263672 -0.050781 0.037109
v 0.019531 0.333984 -0.046143
v 0.014160 0.353516 -0.049072
v 0.023804 0.347656 -0.040771
v 0.231445 0.010071 0.053955
v 0.242188 0.015564 0.052246
v 0.239258 0.027222 0.049805
v 0.228516 0.018921 0.041016
v 0.229492 0.007690 0.048096
v 0.230469 0.024048 0.047607
v 0.231445 -0.000793 0.049072
v 0.000172 -0.010376 -0.066895
v 0.000393 -0.063477 -0.071289
v -0.029907 -0.009094 -0.078125
v 0.000561 0.034668 -0.061768
v 0.031494 -0.009094 -0.077637
v 0.057129 0.402344 0.006439
v -0.065430 0.146484 0.051270
v -0.217773 0.105957 -0.008667
v -0.222656 0.084473 -0.013733
v -0.231445 0.070312 -0.007477
v 0.010620 0.460938 0.055176
v 0.009277 0.466797 0.049805
v 0.007782 0.468750 0.054199
v 0.016235 0.455078 0.055908
v 0.009827 0.458984 0.054443
v 0.006165 0.460938 0.058350
v -0.008972 0.343750 0.027100
v -0.011719 0.345703 0.046631
v -0.019165 0.349609 0.016479
v -0.103027 -0.470703 0.090332
v -0.096680 -0.472656 0.085938
v -0.092285 -0.484375 0.091309
v -0.113770 -0.472656 0.089355
v -0.101074 -0.484375 0.097656
v 0.085938 0.200195 -0.023071
v 0.092285 0.188477 -0.022949
v 0.049805 0.078125 0.062256
v 0.021484 0.076660 0.073730
v 0.058594 -0.011230 0.078125
v 0.057617 0.039307 0.065918
v -0.069336 0.421875 -0.031982
v -0.075195 0.425781 -0.041992
v 0.026855 0.337891 -0.001831
v 0.030396 0.333984 -0.020752
v 0.026978 0.345703 -0.016602
v 0.020264 0.332031 0.011963
v 0.031738 0.324219 -0.005707
v 0.019897 0.349609 0.016357
v 0.226562 0.032715 0.036377
v 0.233398 0.034424 0.043945
v 0.232422 0.042236 0.029907
v 0.228516 0.022705 0.033936
v -0.016357 0.470703 -0.057373
v -0.033936 0.466797 -0.054932
v -0.013306 0.486328 -0.044189
v -0.093262 -0.064453 0.038330
v -0.088867 -0.008545 0.036621
v 0.032227 0.398438 0.052734
v 0.029297 0.394531 0.055420
v 0.028687 0.400391 0.054688
v 0.063477 -0.460938 -0.062012
v 0.051514 -0.439453 -0.052246
v 0.065918 -0.437500 -0.056885
v 0.064453 -0.482422 -0.066406
v 0.078613 -0.458984 -0.052246
v -0.129883 0.138672 -0.004089
v -0.139648 0.130859 -0.005737
v -0.125977 0.131836 -0.021973
v -0.114258 0.152344 -0.024048
v -0.116699 0.157227 -0.005035
v -0.209961 0.098145 -0.025269
v -0.208984 0.122070 -0.017456
v 0.023560 0.486328 0.024414
v 0.036133 0.474609 0.029663
v 0.009399 0.476562 0.033447
v 0.023193 0.480469 0.033447
v 0.022217 0.488281 0.017578
v 0.007751 0.486328 0.022339
v 0.263672 -0.032471 0.012085
v 0.259766 -0.035156 0.015076
v -0.081055 -0.365234 0.015869
v -0.078125 -0.369141 -0.000801
v -0.052246 -0.367188 0.017334
v 0.093262 0.200195 -0.042725
v 0.116211 0.199219 -0.061768
v 0.085938 0.213867 -0.041016
v 0.062500 0.066895 0.082031
v -0.062500 0.388672 -0.003235
v -0.061035 0.404297 -0.014282
v -0.275391 -0.016357 0.037842
v 0.018311 0.376953 -0.056396
v 0.034180 0.380859 -0.049072
v 0.122559 -0.472656 0.080566
v 0.113770 -0.470703 0.088867
v 0.128906 -0.484375 0.082520
v -0.083008 0.221680 -0.042480
v -0.082520 0.199219 -0.026489
v -0.079102 0.186523 -0.001953
v -0.086914 0.209961 -0.041748
v -0.013977 -0.174805 -0.080566
v -0.018433 -0.221680 -0.102051
v -0.038574 -0.176758 -0.078125
v 0.086914 0.224609 0.011780
v 0.107910 0.271484 0.006104
v 0.089844 0.253906 0.019043
v 0.228516 0.075195 0.022583
v 0.219727 0.095703 0.018555
v -0.021851 0.439453 0.076172
v -0.028564 0.453125 0.069824
v -0.039062 0.437500 0.065918
v -0.016602 0.435547 0.071289
v -0.014404 0.449219 0.073242
v -0.032227 0.429688 0.074707
v -0.025391 0.421875 0.077148
v -0.104492 -0.482422 -0.011475
v -0.106445 -0.464844 -0.000256
v -0.098633 -0.462891 -0.023315
v -0.091309 -0.482422 -0.040039
v -0.121582 -0.484375 0.013672
v 0.070312 0.118164 0.085449
v 0.078125 0.117188 0.082031
v 0.074707 0.119141 0.079102
v 0.061768 0.107910 0.082520
v 0.267578 -0.027466 0.010071
v 0.259766 -0.035889 0.010681
v 0.263672 -0.032227 0.008179
v 0.259766 -0.036621 0.012634
v -0.060303 0.037354 0.100098
v -0.057373 0.032227 0.086426
v -0.055420 0.070312 0.096191
v -0.056396 0.060547 0.097168
v 0.037354 0.427734 -0.035156
v 0.038330 0.443359 -0.025757
v 0.044678 0.406250 -0.012024
v 0.035889 0.410156 -0.032227
v 0.020630 -0.347656 -0.005371
v 0.048584 -0.339844 0.022461
v 0.050537 -0.326172 0.018311
v -0.147461 0.185547 -0.064453
v -0.163086 0.194336 -0.045898
v -0.133789 0.208008 -0.062012
v -0.116699 0.193359 -0.061279
v -0.130859 0.170898 -0.063477
v -0.263672 0.028198 0.009583
v -0.273438 0.007385 0.013977
v -0.259766 0.019165 -0.002365
v -0.255859 0.047852 0.007935
v 0.003784 0.404297 0.069824
v -0.000153 0.408203 0.071289
v 0.105469 -0.225586 -0.075684
v 0.100098 -0.179688 -0.046631
v 0.077637 -0.175781 -0.067383
v 0.092285 -0.175781 -0.072266
v 0.078613 -0.222656 -0.089355
v -0.016968 0.351562 0.049316
v 0.193359 0.146484 0.001450
v 0.202148 0.153320 -0.013306
v 0.077637 -0.009949 0.068359
v -0.057861 0.408203 -0.031494
v -0.119141 -0.116699 0.009644
v -0.106445 -0.169922 0.038086
v -0.099121 -0.118164 0.038330
v -0.115723 -0.116211 -0.014771
v -0.104980 -0.154297 -0.002472
v 0.032471 0.365234 -0.047852
v 0.043701 0.363281 -0.038086
v 0.025024 0.361328 -0.050537
v 0.039307 0.365234 -0.042969
v 0.246094 0.019287 0.046143
v 0.006042 0.494141 0.012085
v 0.006317 0.496094 -0.002594
v -0.003296 0.496094 0.012878
v -0.062012 0.057861 -0.047363
v -0.052979 0.083008 -0.033691
v -0.029541 0.059570 -0.059814
v -0.031006 0.033203 -0.068359
v 0.046143 0.408203 0.012634
v 0.049316 0.408203 0.009888
v 0.047363 0.410156 0.007874
v 0.044678 0.404297 0.014648
v 0.042969 0.408203 0.011230
v 0.034668 -0.363281 -0.034424
v 0.039551 -0.359375 -0.016357
v 0.037598 -0.357422 -0.034180
v -0.089355 0.253906 0.018677
v -0.086914 0.216797 0.030151
v -0.087891 0.225586 0.011353
v -0.087891 -0.347656 -0.061279
v -0.104004 -0.345703 -0.035645
v -0.086426 -0.333984 -0.057617
v -0.096680 -0.355469 -0.033936
v -0.083984 -0.357422 -0.050537
v 0.263672 -0.006989 0.017944
v 0.263672 -0.005951 0.005951
v 0.265625 -0.008667 0.012939
v 0.267578 -0.019653 0.019775
v 0.259766 0.002213 0.022583
v -0.006653 0.392578 0.064941
v -0.004059 0.386719 0.074219
v -0.033936 0.115723 0.079590
v 0.077637 0.445312 -0.062500
v 0.067383 0.437500 -0.049316
v 0.083496 -0.120605 0.069824
v 0.079590 -0.119629 0.057129
v 0.074219 -0.064941 0.071289
v 0.088379 -0.175781 0.071289
v -0.040527 0.359375 -0.031494
v -0.041504 0.359375 -0.016846
v -0.263672 -0.026733 0.050049
v -0.261719 -0.034180 0.051514
v 0.033936 0.369141 0.002625
v 0.121094 -0.484375 0.013184
v -0.048828 0.154297 -0.040283
v -0.054932 0.136719 -0.046387
v -0.095703 -0.251953 -0.014465
v -0.101074 -0.275391 -0.019043
v -0.092285 -0.255859 0.012390
v 0.009216 0.365234 0.066895
v 0.007996 0.367188 0.066406
v 0.009338 0.361328 0.064941
v -0.062500 0.406250 0.034912
v -0.069824 0.396484 0.033691
v -0.057617 0.400391 0.047119
v -0.057861 0.419922 0.040283
v -0.267578 -0.027222 0.009827
v -0.265625 -0.026855 0.006165
v -0.261719 -0.031494 0.008545
v -0.261719 -0.032471 0.012024
v -0.261719 -0.031128 0.015991
v 0.007599 0.390625 0.064941
v 0.005005 0.398438 0.064453
v 0.004944 0.390625 0.069824
v 0.014099 0.394531 0.060791
v 0.095703 -0.421875 -0.007019
v 0.077637 -0.396484 0.002853
v 0.079102 -0.421875 0.003860
v 0.099121 -0.392578 -0.004913
v 0.096680 -0.441406 -0.024414
v 0.093262 -0.421875 -0.024170
v -0.023193 0.177734 0.078125
v -0.000450 0.196289 0.085449
v -0.000473 0.222656 0.079590
v -0.027710 -0.289062 0.004211
v -0.020264 -0.251953 -0.016113
v 0.057129 0.092285 0.078613
v 0.061523 0.092773 0.077637
v 0.061035 0.099609 0.081055
v -0.051514 0.457031 -0.010925
v -0.058594 0.433594 -0.020996
v -0.053711 0.455078 -0.028809
v -0.086426 -0.349609 0.024170
v -0.103027 -0.349609 0.001755
v -0.076660 -0.361328 -0.000277
v 0.045898 0.316406 -0.029419
v 0.051758 0.320312 -0.035156
v 0.033691 0.326172 -0.029907
v 0.060059 0.318359 -0.015747
v 0.279297 -0.018433 0.033203
v -0.009827 0.443359 -0.080078
v -0.018433 0.457031 -0.067871
v 0.023438 0.455078 0.051270
v 0.021851 0.460938 0.048584
v 0.018555 0.458984 0.052490
v 0.053467 -0.221680 -0.102539
v -0.033447 0.375000 0.024536
v -0.031006 0.367188 0.021606
v -0.255859 -0.036133 0.013306
v -0.255859 -0.031494 0.013428
v -0.257812 -0.033447 0.015869
v -0.257812 -0.036133 0.012878
v -0.257812 -0.035156 0.010254
v -0.257812 -0.032959 0.010193
v 0.210938 0.101074 -0.026978
v 0.211914 0.120605 -0.016968
v 0.202148 0.092285 -0.027954
v 0.190430 0.104980 -0.035400
v 0.203125 0.115234 -0.034180
v -0.032471 0.464844 0.019165
v -0.033691 0.451172 0.035400
v -0.030762 0.447266 0.045410
v -0.011780 0.021606 0.081055
v -0.021362 0.023071 0.083496
v -0.015259 -0.001724 0.081543
v -0.006531 0.044922 0.081055
v 0.056152 0.425781 0.012634
v 0.046387 0.414062 0.028687
v 0.083984 -0.394531 0.012512
v -0.105469 0.212891 -0.058350
v -0.231445 0.017578 0.041992
v -0.232422 0.008179 0.048340
v -0.237305 0.014587 0.038818
v -0.234375 0.021240 0.050049
v -0.233398 0.010254 0.054199
v -0.229492 0.024048 0.037598
v 0.032959 0.445312 -0.034668
v 0.022583 0.427734 -0.047119
v 0.021484 0.408203 -0.045898
v -0.011047 0.324219 0.023315
v 0.000206 0.341797 0.030396
v -0.064941 -0.480469 -0.066895
v -0.064453 -0.500000 -0.066406
v -0.081055 -0.482422 -0.057373
v -0.047363 -0.500000 -0.061279
v 0.028320 -0.149414 -0.021851
v 0.052002 -0.148438 -0.031738
v -0.055176 0.386719 0.059326
v -0.062988 0.380859 0.061035
v -0.117188 -0.470703 0.022339
v -0.096191 -0.439453 -0.002747
v -0.101074 -0.455078 0.011169
v 0.000610 0.257812 -0.063965
v 0.027954 0.259766 -0.066895
v 0.236328 -0.013489 0.056641
v -0.049072 0.384766 -0.019165
v -0.055420 0.412109 -0.015747
v -0.052979 0.414062 -0.033936
v -0.045654 0.384766 -0.037109
v -0.062012 0.081055 -0.033691
v -0.072266 0.112793 -0.005554
v -0.057861 0.114258 -0.025024
v -0.078613 0.081055 -0.011292
v -0.038574 0.081543 -0.048828
v 0.043701 0.437500 0.035156
v 0.049561 0.447266 0.024170
v 0.037109 0.421875 0.043945
v 0.033691 0.447266 0.042969
v 0.055420 -0.361328 0.001053
v 0.050049 -0.351562 0.016479
v 0.024170 -0.349609 -0.036133
v -0.015625 0.355469 0.055176
v -0.242188 0.020996 0.022217
v -0.235352 0.036865 0.010559
v -0.230469 0.035156 0.024292
v -0.247070 0.013916 0.030640
v -0.242188 0.024902 0.000683
v -0.084961 -0.156250 0.026855
v -0.065918 -0.190430 0.042969
v 0.050781 0.359375 -0.023682
v 0.054688 0.355469 -0.027710
v 0.048584 0.373047 -0.032227
v 0.046631 0.373047 -0.014404
v 0.064941 0.100098 0.070312
v 0.060791 0.092285 0.068848
v 0.056885 0.092773 0.067871
v -0.062500 0.478516 -0.046143
v -0.244141 0.015015 0.051025
v -0.246094 0.020020 0.046387
v -0.245117 0.012634 0.043701
v -0.240234 0.021362 0.052490
v -0.246094 0.007019 0.049072
v -0.240234 0.009521 0.055908
v 0.020264 0.492188 0.001312
v 0.021606 0.490234 0.011475
v 0.130859 -0.224609 0.016479
v -0.041260 -0.388672 -0.035400
v -0.042725 -0.394531 -0.013611
v 0.160156 0.133789 0.008606
v 0.174805 0.142578 0.007996
v 0.168945 0.149414 0.002914
v 0.167969 0.125977 0.007629
v -0.033447 0.400391 0.045410
v -0.037842 0.412109 0.035889
v -0.037842 0.398438 0.031982
v -0.031738 0.398438 0.051025
v -0.033691 0.408203 0.048584
v 0.012390 0.349609 0.030640
v 0.012024 0.345703 0.046631
v 0.010437 0.343750 0.027466
v 0.242188 0.020020 0.022217
v 0.047363 0.341797 -0.040527
v 0.069824 -0.498047 0.064941
v 0.079102 -0.500000 0.079102
v 0.072266 -0.490234 0.066895
v 0.132812 -0.500000 0.034912
v 0.135742 -0.494141 0.067383
v 0.058838 -0.498047 0.031128
v -0.251953 0.053955 0.022095
v -0.239258 0.061279 0.028320
v 0.000778 0.375000 0.039795
v -0.007599 0.369141 0.038086
v 0.000420 0.363281 0.034912
v 0.008728 0.369141 0.037598
v 0.068359 -0.476562 0.034424
v 0.071777 -0.474609 0.043213
v 0.069336 -0.457031 0.018677
v -0.180664 0.117188 0.004242
v -0.038574 -0.363281 -0.052002
v 0.065918 0.263672 0.038086
v 0.072266 0.235352 0.047363
v 0.085449 0.241211 0.029419
v 0.080566 0.269531 0.026245
v 0.062256 0.082520 -0.031494
v 0.071289 0.113770 -0.004913
v 0.078613 0.082031 -0.009338
v -0.034668 0.419922 0.046387
v 0.083496 0.203125 -0.022461
v 0.084473 0.208984 -0.003189
v 0.082031 0.199219 -0.025757
v 0.082031 0.206055 0.012512
v 0.273438 -0.017822 0.008911
v 0.267578 -0.027832 0.006378
v 0.269531 -0.019043 0.012024
v -0.013245 0.396484 0.060547
v -0.008179 0.398438 0.061523
v -0.006866 0.386719 0.067383
v -0.099609 0.080566 0.029175
v 0.046875 0.458984 -0.036621
v 0.048340 0.435547 -0.042969
v 0.055908 0.455078 -0.011780
v 0.021606 0.466797 -0.053955
v 0.005035 -0.121582 0.087402
v 0.004852 -0.176758 0.092285
v 0.029785 -0.178711 0.098145
v 0.050049 -0.177734 0.093262
v -0.119141 0.263672 -0.041016
v -0.107422 0.269531 0.005371
v -0.265625 -0.038330 0.027100
v -0.269531 -0.030640 0.026123
v 0.007996 0.363281 -0.062500
v 0.239258 0.044434 0.037598
v -0.005096 0.498047 -0.019653
v -0.025391 0.083496 -0.045166
v -0.043213 0.108398 -0.025391
v -0.022583 0.109863 -0.034668
v 0.053955 0.417969 0.026611
v 0.046875 0.429688 0.036133
v 0.050049 0.414062 0.030396
v 0.065918 0.408203 0.008667
v 0.059326 0.419922 0.022217
v 0.058594 0.404297 0.016968
v 0.052490 0.435547 0.032959
v -0.018799 0.249023 0.066406
v 0.005463 0.400391 0.065918
v 0.114746 -0.184570 -0.023438
v 0.061523 0.015320 0.069336
v 0.070801 -0.011292 0.072754
v 0.060547 0.016235 0.078125
v -0.078125 -0.460938 -0.052979
v -0.088379 -0.460938 -0.039307
v -0.081543 -0.500000 -0.058105
v -0.093750 -0.500000 -0.038574
v 0.022705 0.159180 0.072754
v 0.023071 0.176758 0.079102
v 0.000149 0.159180 0.073730
v 0.022705 0.143555 0.071289
v -0.000114 0.176758 0.079102
v -0.035645 0.380859 0.020386
v -0.038574 0.378906 0.016113
v -0.033203 0.378906 0.018433
v -0.035645 0.386719 0.030029
v -0.037598 0.388672 0.020386
v -0.041016 0.382812 0.014954
v -0.012451 0.071777 0.083496
v -0.011047 0.079590 0.080566
v -0.005798 0.070801 0.080566
v 0.073242 0.433594 -0.017456
v 0.050049 -0.310547 0.024048
v 0.083008 -0.324219 0.027588
v 0.049561 -0.291016 0.024292
v -0.096191 0.230469 -0.056641
v -0.121094 0.228516 -0.059326
v -0.109863 0.249023 -0.057373
v -0.088379 0.247070 -0.056396
v -0.233398 -0.000587 0.050293
v -0.238281 0.004913 0.045654
v 0.041504 0.382812 -0.037109
v -0.012756 0.306641 0.024536
v -0.020996 -0.173828 -0.094727
v -0.039307 -0.222656 -0.102051
v -0.065430 -0.215820 -0.088379
v 0.081543 0.118652 0.003525
v 0.082520 0.119141 0.028076
v -0.051514 0.431641 0.046875
v 0.000305 0.480469 0.040283
v 0.018188 0.462891 0.052490
v 0.014832 0.468750 0.048584
v 0.261719 -0.037354 0.020264
v 0.265625 -0.040527 0.018311
v -0.002960 0.371094 0.072266
v 0.000195 0.371094 0.071777
v -0.003265 0.375000 0.069824
v 0.153320 0.141602 -0.056641
v 0.068848 0.068359 0.074219
v 0.063965 0.076172 0.073242
v -0.263672 -0.045166 0.050537
v -0.261719 -0.042480 0.051514
v -0.263672 -0.043457 0.052246
v -0.263672 -0.044434 0.050293
v 0.019897 0.335938 -0.030518
v 0.034424 0.324219 -0.020508
v 0.247070 0.044434 0.035889
v 0.000137 0.466797 -0.064453
v 0.019897 0.394531 0.060303
v 0.046143 -0.439453 -0.052002
v 0.049561 -0.419922 -0.054932
v 0.044922 -0.419922 -0.049561
v -0.198242 0.142578 -0.015137
v 0.214844 0.063477 0.012024
v 0.220703 0.070801 0.019165
v 0.204102 0.073730 0.008972
v -0.014404 0.404297 0.063965
v -0.074219 -0.010742 0.059326
v -0.063477 -0.012939 0.070312
v -0.075684 -0.064941 0.070312
v 0.044189 0.382812 -0.065430
v 0.058838 -0.480469 0.013977
v 0.063477 -0.488281 0.034180
v -0.129883 0.139648 -0.045166
v -0.117676 0.157227 -0.046631
v -0.142578 0.123047 -0.043457
v 0.000481 0.333984 -0.050537
v 0.046387 0.229492 0.069824
v 0.021484 0.225586 0.079102
v 0.051758 0.201172 0.081055
v 0.074219 0.207031 0.057617
v 0.075684 0.112793 0.017334
v 0.083984 0.081055 0.013672
v -0.041748 0.400391 0.044189
v -0.033203 0.417969 0.049316
v -0.011597 0.347656 0.055176
v 0.124512 0.261719 -0.017822
v 0.078613 0.117188 0.075684
v -0.083496 -0.451172 0.020874
v -0.043457 0.382812 0.010132
v -0.036377 0.380859 0.012329
v -0.174805 0.110840 -0.053467
v 0.028564 -0.287109 0.004181
v -0.277344 -0.004486 0.030884
v -0.277344 0.002655 0.029907
v 0.027100 0.439453 -0.058838
v -0.029907 0.326172 -0.034180
v -0.044434 0.316406 -0.030762
v -0.049316 0.314453 -0.014099
v -0.042480 -0.484375 -0.019897
v -0.038574 -0.500000 -0.043945
v -0.042236 -0.500000 -0.017822
v 0.241211 0.055176 0.030640
v 0.238281 0.063477 0.026367
v 0.089844 -0.005890 0.044189
v 0.092285 -0.063477 0.045898
v -0.088379 -0.220703 0.017944
v -0.085938 -0.187500 0.023682
v 0.000023 0.361328 0.057129
v 0.242188 0.042480 -0.002701
v -0.001228 0.488281 0.031738
v -0.053467 0.008484 0.090332
v 0.049805 0.400391 -0.009033
v 0.048828 0.388672 -0.024902
v 0.048096 0.416016 -0.022827
v 0.039062 0.380859 0.000439
v 0.062500 -0.421875 0.000721
v 0.235352 0.013672 0.039062
v 0.245117 0.012573 0.043457
v -0.033691 0.445312 -0.034668
v -0.037598 0.445312 -0.025757
v -0.021484 0.425781 -0.047852
v -0.057861 0.108398 -0.010071
v 0.039551 0.453125 0.042480
v 0.066406 -0.173828 -0.087891
v 0.031128 -0.116699 -0.089844
v 0.070312 -0.116699 -0.073242
v -0.261719 -0.027100 0.007324
v -0.263672 -0.017578 0.005249
v 0.019775 0.396484 0.058350
v 0.014587 0.396484 0.059082
v 0.097656 -0.460938 -0.023804
v 0.087891 -0.462891 -0.037842
v -0.023560 0.159180 0.072266
v -0.044678 0.159180 0.064941
v -0.023071 0.143555 0.071289
v -0.076660 -0.291016 0.026733
v 0.043457 0.316406 -0.047363
v 0.068848 0.312500 -0.040527
v 0.028320 0.080566 0.081055
v -0.065430 0.433594 -0.001556
v -0.062012 0.429688 0.024414
v -0.134766 -0.488281 0.066895
v -0.131836 -0.488281 0.036133
v -0.132812 -0.500000 0.035400
v -0.016846 0.324219 -0.038086
v -0.017456 0.304688 -0.045410
v 0.074219 -0.009155 0.084473
v 0.073730 0.020020 0.084961
v 0.065430 0.018677 0.084473
v -0.039062 0.398438 0.018799
v -0.041504 0.388672 0.012390
v -0.039551 0.398438 0.011658
v -0.038086 0.115234 -0.037842
v -0.017090 0.114746 -0.043213
v -0.008850 0.081543 -0.053955
v 0.041016 0.462891 0.036865
v 0.077148 -0.179688 -0.025879
v 0.053223 -0.179688 -0.033203
v 0.076172 -0.148438 -0.022827
v 0.089844 -0.150391 0.000259
v 0.089844 -0.182617 -0.003174
v 0.000145 0.143555 0.073730
v 0.025879 0.129883 0.083984
v -0.026123 0.129883 0.083008
v 0.050293 0.076660 0.070312
v -0.068848 0.427734 -0.039062
v 0.020264 0.472656 -0.004669
v 0.032959 0.460938 -0.018433
v 0.021362 0.458984 -0.033691
v -0.025269 -0.386719 -0.033447
v -0.025391 -0.384766 -0.044678
v 0.236328 0.035645 0.001892
v -0.004120 0.458984 0.067383
v -0.018921 0.462891 0.067871
v -0.006653 0.468750 0.064453
v 0.000610 0.455078 0.055420
v -0.009216 0.443359 0.062988
v -0.113770 0.011658 0.060303
v 0.064453 0.435547 -0.066406
v 0.010803 0.398438 0.060059
v 0.013489 0.398438 0.061523
v 0.009521 0.402344 0.060059
v 0.096191 -0.386719 -0.027100
v 0.085938 -0.386719 -0.046143
v 0.086426 -0.421875 -0.045898
v -0.010071 0.277344 0.057861
v 0.137695 0.238281 -0.019653
v -0.040771 0.484375 0.007141
v 0.188477 0.087891 0.003555
v 0.275391 -0.016846 0.037598
v 0.269531 -0.017700 0.036865
v -0.013306 0.375000 -0.026245
v -0.100098 0.077148 0.028442
v 0.027344 0.402344 0.055908
v 0.036621 -0.347656 -0.064453
v 0.034668 -0.339844 -0.062256
v 0.065430 -0.333984 -0.067871
v -0.114746 0.225586 0.009399
v -0.126953 0.206055 0.006775
v -0.102051 0.243164 0.012756
v 0.214844 0.072266 -0.010803
v -0.015747 0.406250 0.062256
v -0.014526 0.408203 0.060059
v -0.028931 -0.008667 0.081543
v 0.075684 0.394531 -0.015015
v 0.066895 0.404297 -0.007355
v 0.065430 0.394531 0.002441
v 0.059814 -0.439453 0.001053
v -0.213867 0.105957 0.007568
v 0.261719 -0.044189 0.048340
v 0.261719 -0.038086 0.047119
v -0.078613 -0.361328 -0.061523
v -0.089844 -0.363281 -0.048096
v -0.055908 -0.363281 -0.063965
v -0.075684 -0.382812 -0.071777
v 0.086914 0.216797 0.030151
v 0.055908 0.104492 0.043701
v 0.041748 0.105469 0.059570
v 0.069824 0.078125 0.045898
v -0.050537 0.396484 0.055908
v -0.054932 0.400391 0.046631
v -0.060303 0.382812 0.045166
v -0.050781 0.414062 0.054443
v -0.277344 0.001129 0.017212
v -0.275391 0.001610 0.023682
v -0.072266 -0.488281 0.066406
v 0.178711 0.176758 -0.018677
v 0.173828 0.167969 -0.001877
v 0.175781 0.159180 -0.004700
v -0.047607 0.435547 -0.052002
v -0.032471 0.412109 -0.069824
v -0.041992 0.396484 -0.068359
v 0.056396 0.296875 -0.059570
v 0.025391 0.294922 -0.062500
v 0.273438 -0.002167 0.043457
v 0.275391 -0.014587 0.046143
v 0.269531 -0.005432 0.037598
v -0.032959 0.462891 0.000889
v 0.000740 0.474609 0.021118
v -0.068848 -0.008118 -0.063965
v 0.025269 0.398438 0.057861
v -0.005524 0.384766 0.068359
v -0.006989 0.378906 0.066895
v -0.006165 0.380859 0.067871
v -0.003021 0.080078 0.078613
v 0.079590 0.431641 -0.027710
v -0.047607 0.306641 0.014526
v 0.043945 0.408203 0.007050
v 0.049805 0.406250 0.005157
v 0.043945 0.402344 0.003189
v 0.263672 -0.051270 0.036621
v 0.263672 -0.049316 0.034668
v 0.261719 -0.047363 0.038818
v 0.000134 0.292969 -0.060059
v -0.075195 -0.149414 -0.023438
v -0.271484 -0.027954 0.045166
v -0.265625 -0.033936 0.053223
v 0.000740 0.478516 -0.055664
v 0.069336 -0.384766 -0.056152
v -0.077637 0.191406 0.025513
v -0.210938 0.074707 -0.013000
v -0.222656 0.064453 -0.007996
v -0.204102 0.072754 -0.004272
v -0.213867 0.078125 -0.015564
v -0.196289 0.087402 -0.023071
v 0.004791 0.359375 0.066406
v 0.068359 -0.009277 0.068848
v -0.064453 0.380859 -0.010193
v -0.062988 0.384766 -0.023438
v -0.066895 0.367188 -0.022827
v -0.070801 0.173828 -0.024902
v -0.062988 0.154297 -0.021118
v -0.075195 0.169922 0.000446
v 0.156250 0.110352 -0.003006
v 0.166016 0.105469 -0.017456
v 0.157227 0.102051 -0.018188
v -0.029053 0.421875 0.055908
v -0.101562 -0.339844 -0.033691
v -0.112305 -0.324219 -0.033447
v -0.093750 -0.318359 -0.059570
v -0.021973 0.400391 0.059082
v -0.018188 0.400391 0.060791
v -0.014038 0.398438 0.061768
v -0.010986 0.398438 0.061035
v -0.009338 0.402344 0.060059
v -0.059814 0.061768 0.099121
v -0.098145 0.271484 -0.056641
v -0.275391 -0.031494 0.021118
v -0.000038 0.376953 0.070801
v -0.003052 0.376953 0.070801
v 0.189453 0.122070 -0.041504
v 0.173828 0.105469 -0.031250
v -0.017456 0.496094 0.017822
v -0.014160 0.494141 0.028564
v 0.051025 0.406250 0.005676
v 0.081543 0.041748 0.047119
v -0.061523 0.386719 0.040527
v 0.144531 0.198242 -0.062988
v 0.165039 0.194336 -0.044678
v 0.063477 0.089844 0.073242
v -0.042725 0.443359 -0.013306
v -0.040283 0.453125 0.001358
v -0.123535 -0.472656 0.080566
v 0.267578 -0.028564 0.022705
v 0.001152 0.402344 -0.075684
v -0.009521 0.400391 -0.076660
v -0.020142 0.398438 -0.074707
v -0.201172 0.112793 0.010132
v 0.020874 0.421875 0.065918
v 0.021240 0.431641 0.063965
v 0.009766 0.494141 -0.020752
v 0.263672 -0.039062 0.038330
v 0.263672 -0.040771 0.032471
v -0.028931 0.345703 -0.038330
v -0.094727 -0.298828 -0.053955
v 0.046875 0.402344 -0.038330
v 0.091309 -0.494141 0.092773
v 0.091797 -0.484375 0.091309
v 0.261719 -0.035400 0.051025
v 0.261719 -0.042725 0.051758
v -0.052246 0.120117 -0.039795
v -0.003876 0.367188 0.067871
v 0.003418 0.386719 0.078613
v 0.047119 0.363281 -0.033203
v -0.046631 0.449219 -0.078125
v -0.050537 0.439453 -0.062256
v -0.049561 0.445312 -0.057129
v -0.039307 0.451172 -0.063477
v -0.011475 0.392578 -0.082520
v 0.009949 0.402344 -0.075684
v 0.002228 0.392578 -0.083496
v 0.085938 -0.339844 0.028931
v 0.104492 -0.322266 0.006165
v -0.078125 0.223633 -0.050781
v 0.072266 0.111816 0.037598
v -0.096191 -0.441406 -0.024292
v 0.050293 0.115234 0.072754
v -0.004395 0.380859 0.073242
v 0.055176 0.449219 0.012451
v 0.247070 0.013306 0.031128
v 0.000885 -0.118164 -0.077148
v 0.030762 -0.061279 -0.084473
v -0.181641 0.096191 -0.027588
v 0.034424 0.462891 0.019897
v 0.034424 0.464844 -0.002228
v 0.020874 0.470703 0.021240
v 0.257812 -0.037109 0.013367
v 0.257812 -0.034668 0.010010
v -0.061523 -0.394531 0.010254
v -0.056885 -0.394531 0.000904
v 0.066406 0.051758 0.084473
v -0.026245 0.105957 0.074707
v -0.049561 0.075195 0.064453
v -0.010376 0.074219 0.080566
v -0.004639 0.104980 0.081055
v -0.048096 0.107422 0.063477
v 0.084961 -0.042969 0.079590
v 0.070312 -0.010254 0.079590
v 0.086426 -0.043457 0.076172
v -0.062500 0.375000 -0.008179
v -0.059814 0.371094 0.000462
v -0.067383 0.361328 -0.014343
v 0.049561 0.402344 0.002167
v 0.121582 -0.498047 0.011230
v 0.014282 0.363281 0.063477
v -0.028198 0.439453 0.052734
v -0.029419 0.462891 0.040527
v -0.069336 -0.500000 0.064941
v -0.035889 0.367188 -0.051758
v -0.045410 0.363281 -0.046387
v -0.261719 -0.039307 0.037842
v -0.263672 -0.040771 0.033203
v -0.265625 -0.041016 0.040283
v -0.261719 -0.048096 0.039062
v 0.029053 0.365234 -0.040283
v 0.039062 0.359375 -0.028076
v 0.031738 0.347656 -0.033936
v -0.001396 0.492188 0.024902
v 0.038330 0.396484 0.030518
v 0.089844 -0.275391 -0.047119
v -0.045898 0.398438 0.006378
v 0.042236 0.363281 -0.012878
v -0.005859 0.490234 -0.041748
v -0.108887 -0.396484 -0.003693
v 0.265625 -0.018677 0.004944
v 0.261719 -0.027100 0.006226
v 0.263672 -0.017822 0.008728
v -0.021484 0.080078 0.078613
v 0.090332 -0.215820 -0.007874
v -0.042480 0.347656 -0.053711
v -0.027100 0.361328 -0.054688
v -0.075684 0.111816 0.015564
v -0.079590 0.078613 0.033691
v -0.071289 0.110840 0.037109
v -0.083496 0.080566 0.012512
v 0.011169 0.337891 -0.050293
v 0.079590 0.113770 0.083496
v 0.045166 0.398438 0.025146
v 0.042236 0.384766 0.026978
v 0.044434 0.384766 0.020630
v 0.067871 -0.419922 -0.056641
v -0.061035 0.161133 0.050049
v -0.070801 0.164062 0.026733
v -0.188477 0.124512 0.001968
v -0.204102 0.125000 -0.002808
v 0.027954 0.464844 0.042969
v 0.025635 0.472656 0.040527
v -0.036377 -0.218750 0.094238
v -0.027466 -0.221680 0.097656
v -0.026978 -0.191406 0.076660
v 0.166992 0.192383 -0.021118
v 0.153320 0.212891 -0.021606
v 0.161133 0.181641 -0.005310
v -0.058594 0.410156 -0.030029
v -0.062012 0.384766 -0.024780
v -0.269531 -0.026367 0.052734
v 0.097656 -0.367188 0.012329
v 0.103027 -0.392578 0.013733
v -0.037842 -0.187500 0.064453
v 0.020630 -0.183594 0.006866
v -0.020630 0.457031 0.051758
v 0.271484 -0.032715 0.017578
v 0.267578 -0.031494 0.018677
v 0.269531 -0.019653 0.015442
v -0.110352 0.075195 0.037598
v -0.110840 0.077148 0.039795
v -0.106934 0.077148 0.033203
v -0.036133 0.392578 -0.084961
v -0.032227 0.398438 -0.074707
v -0.059814 0.108398 0.053711
v -0.067383 0.076660 0.052490
v -0.089355 -0.151367 -0.000557
v 0.044189 0.380859 -0.039307
v -0.249023 0.042969 0.034912
v 0.003357 0.488281 -0.042236
v 0.004822 0.496094 -0.024536
v -0.033691 -0.382812 -0.060791
v -0.050537 -0.380859 -0.073730
v 0.186523 0.153320 0.000454
v -0.024292 0.398438 0.057861
v -0.079102 -0.119141 0.071289
v -0.204102 0.130859 -0.016357
v 0.080078 -0.439453 -0.047852
v -0.089355 -0.357422 -0.013672
v 0.000114 0.390625 -0.042480
v -0.008728 0.373047 0.066895
v 0.206055 0.071289 -0.004333
v -0.038574 0.000173 0.078125
v 0.062256 0.380859 -0.037354
v 0.103027 -0.470703 0.089844
v -0.128906 0.169922 0.007202
v -0.114746 0.188477 0.008118
v -0.036865 0.316406 -0.040527
v 0.010986 0.105469 0.086426
v -0.063965 0.414062 0.023071
v 0.016846 0.345703 -0.028076
v 0.000385 0.410156 -0.051758
v 0.001144 -0.171875 -0.082520
v -0.000381 0.247070 0.068359
v -0.013611 0.396484 0.058594
v -0.053467 0.441406 -0.044434
v 0.194336 0.082520 -0.008728
v 0.199219 0.082520 -0.018677
v 0.177734 0.092773 -0.012817
v 0.083008 0.221680 -0.041504
v 0.263672 -0.046387 0.050537
v -0.021240 0.308594 -0.053711
v -0.070801 0.376953 0.035156
v -0.162109 0.126953 -0.056641
v 0.005219 0.073730 0.079102
v 0.259766 -0.030273 0.007874
v -0.102539 -0.367188 -0.001953
v -0.096680 -0.363281 -0.028442
v 0.071777 -0.064941 0.061035
v 0.118652 -0.189453 0.002151
v 0.023193 0.198242 0.088379
v 0.213867 0.080566 -0.017700
v 0.050537 0.400391 0.003174
v 0.083984 0.369141 -0.031494
v 0.074707 0.373047 -0.032959
v 0.038086 0.408203 0.038330
v -0.013672 -0.152344 0.002258
v -0.026245 0.328125 -0.041992
v 0.183594 0.095703 -0.028809
v 0.058350 0.081055 0.062256
v 0.109375 -0.298828 -0.023682
v -0.051514 0.320312 -0.036133
v -0.117676 -0.216797 0.044922
v 0.041992 0.375000 0.020142
v -0.034912 0.437500 0.040039
v 0.049561 0.425781 -0.036621
v 0.058350 0.441406 0.021362
v -0.259766 -0.048584 0.035156
v 0.012146 0.324219 -0.053955
v 0.038086 0.345703 -0.026855
v 0.041016 0.330078 -0.024780
v 0.038818 0.345703 -0.015991
v 0.024780 0.402344 0.057373
v -0.077148 0.392578 0.031128
v -0.065918 0.392578 0.040283
v -0.002502 0.114258 -0.044434
v -0.045166 0.458984 -0.048584
v 0.040039 0.394531 0.032959
v -0.037842 0.328125 -0.009766
v -0.051019 0.398459 -0.050329
v 0.226222 0.069039 0.005850
v 0.048738 0.441549 -0.052475
v 0.051954 -0.151963 0.008327
v -0.028035 0.341797 -0.038249
v 0.038750 0.348606 -0.048843
v 0.017389 0.402333 0.059179
v -0.072328 0.412225 -0.007567
v -0.016471 0.402529 0.058937
v -0.008690 0.496745 -0.012380
v -0.047827 -0.152756 0.005868
v -0.057066 0.470246 -0.024648
v 0.213910 0.086098 -0.000543
vn -0.0001 -0.3768 0.9263
vn 0.0303 -0.5033 0.8636
vn -0.1553 -0.4973 0.8536
vn -0.2499 -0.4165 0.8741
vn -0.0176 0.1281 0.9916
vn 0.2386 -0.3444 0.9080
vn 0.8232 0.1480 -0.5481
vn 0.8302 0.1810 -0.5273
vn 0.9661 0.1841 -0.1808
vn 0.9727 0.1354 -0.1887
vn 0.9675 0.1136 -0.2258
vn 0.7906 0.1294 -0.5985
vn 0.5135 0.0995 -0.8523
vn 0.7079 -0.1146 -0.6969
vn 0.6057 0.4985 -0.6202
vn 0.9828 -0.1042 0.1523
vn -0.2023 -0.0788 -0.9762
vn -0.2248 -0.1451 -0.9635
vn 0.7037 -0.2659 -0.6589
vn 0.9544 -0.1404 0.2634
vn -0.1072 0.7554 0.6465
vn 0.9826 -0.1622 -0.0903
vn -0.8318 0.5131 -0.2119
vn 0.4606 0.5850 -0.6676
vn -0.4923 0.3792 -0.7835
vn -0.4191 -0.6928 -0.5868
vn 0.1152 -0.9717 0.2064
vn 0.0992 -0.9587 0.2664
vn -0.1428 -0.6983 -0.7014
vn -0.0339 -0.9952 -0.0920
vn -0.5147 -0.6953 -0.5016
vn 0.5294 -0.7964 -0.2923
vn 0.2409 -0.9262 0.2900
vn 0.0630 -0.6772 -0.7331
vn -0.8609 0.4717 0.1907
vn -0.7576 0.4922 -0.4287
vn -0.7580 0.5191 -0.3950
vn -0.8635 0.4800 0.1545
vn -0.8370 0.4820 0.2589
vn -0.7000 0.2844 0.6551
vn -0.6869 0.2986 0.6625
vn 0.8493 -0.2866 0.4433
vn 0.8368 -0.0664 0.5434
vn -0.2381 0.1258 0.9631
vn 0.6383 -0.6139 -0.4644
vn -0.0271 -0.3471 0.9374
vn 0.3063 -0.9117 0.2738
vn 0.8499 0.0524 0.5243
vn 0.6664 -0.6563 -0.3538
vn 0.7373 -0.5095 -0.4437
vn 0.8459 -0.2945 0.4447
vn 0.8358 -0.2903 0.4660
vn 0.8702 -0.1685 0.4630
vn 0.9637 -0.0846 0.2533
vn 0.7564 -0.2019 0.6222
vn 0.6188 0.7855 0.0080
vn 0.1062 0.9854 0.1334
vn 0.6018 0.7984 0.0214
vn 0.7558 0.6406 -0.1355
vn 0.3003 0.9117 0.2804
vn 0.9177 0.3443 -0.1980
vn 0.9037 0.4223 0.0711
vn 0.0177 -0.0964 -0.9952
vn -0.1573 -0.2106 -0.9648
vn 0.0184 -0.1089 -0.9939
vn 0.0073 0.1310 -0.9914
vn -0.2794 -0.0124 -0.9601
vn 0.3300 -0.0166 -0.9438
vn 0.1739 -0.2133 -0.9614
vn -0.6357 0.2095 -0.7430
vn -0.9780 0.1175 -0.1726
vn -0.9841 0.0307 -0.1750
vn -0.6373 0.2715 -0.7212
vn 0.0938 0.2198 -0.9710
vn 0.0705 0.2333 -0.9698
vn -0.6195 0.1234 -0.7752
vn -0.2402 -0.7674 0.5945
vn 0.0892 -0.9463 -0.3107
vn -0.2433 -0.9396 -0.2409
vn 0.4141 -0.0303 0.9097
vn 0.4505 -0.0618 0.8906
vn 0.5161 -0.1509 0.8431
vn 0.2108 -0.7562 0.6194
vn -0.3159 0.7818 0.5376
vn -0.9737 -0.2073 0.0944
vn -0.3853 0.9185 -0.0892
vn 0.2315 -0.9381 0.2576
vn 0.3521 0.2799 -0.8931
vn 0.1315 0.2632 -0.9557
vn 0.1544 0.2535 -0.9549
vn 0.3468 0.2871 -0.8929
vn 0.6453 0.2830 -0.7096
vn -0.9012 0.2688 0.3400
vn -0.8862 0.4187 0.1985
vn -0.9403 0.3221 0.1101
vn -0.9550 0.1170 0.2727
vn -0.8174 0.0676 0.5721
vn -0.7451 0.2130 0.6320
vn -0.8511 0.3727 0.3697
vn -0.6891 0.6962 0.2011
vn -0.8519 0.4736 -0.2237
vn -0.7726 0.4862 -0.4083
vn -0.7709 0.5961 0.2245
vn -0.2373 0.6067 0.7587
vn -0.7768 0.4545 -0.4360
vn -0.1878 0.3002 0.9352
vn -0.7052 0.5892 0.3944
vn -0.0233 0.2605 0.9652
vn -0.2641 0.2782 0.9235
vn -0.1840 0.2332 0.9549
vn -0.0210 0.1580 0.9872
vn 0.1388 0.1993 0.9701
vn 0.1935 0.2797 0.9404
vn 0.0076 0.4561 0.8899
vn 0.9587 0.1654 -0.2313
vn 0.9780 0.0912 0.1877
vn 0.9784 0.1289 0.1619
vn 0.3842 -0.9216 -0.0558
vn 0.3972 -0.8744 -0.2786
vn 0.7915 0.1881 -0.5815
vn 0.3651 -0.9308 -0.0169
vn 0.3803 -0.1623 0.9105
vn 0.3970 -0.0009 0.9178
vn -0.2291 0.0961 0.9686
vn 0.8756 0.1285 0.4656
vn 0.7614 -0.5801 0.2893
vn -0.3953 -0.1627 0.9040
vn 0.2952 -0.7179 0.6305
vn 0.9699 0.1987 -0.1406
vn 0.9626 -0.0500 0.2663
vn 0.8588 0.4897 0.1502
vn 0.8457 0.3887 -0.3656
vn 0.8725 -0.0654 -0.4843
vn 0.9600 -0.0374 -0.2774
vn 0.6363 0.1604 -0.7546
vn -0.2244 -0.0529 -0.9731
vn 0.5850 0.2715 -0.7642
vn -0.1641 -0.1339 -0.9773
vn 0.9380 0.2265 0.2623
vn 0.6736 0.0720 -0.7356
vn 0.9388 0.2935 0.1803
vn -0.8540 -0.0623 -0.5165
vn -0.8598 -0.0392 -0.5091
vn -0.9356 0.0624 -0.3474
vn -0.6800 -0.0198 -0.7329
vn -0.6173 -0.1141 -0.7784
vn -0.8731 0.0204 -0.4871
vn -0.3274 -0.6422 -0.6931
vn 0.5823 -0.8129 -0.0076
vn 0.5448 -0.7951 -0.2664
vn -0.9743 0.1782 -0.1378
vn 0.1196 -0.8385 -0.5316
vn -0.5556 -0.8312 -0.0179
vn -0.3733 0.8721 0.3164
vn 0.9617 0.2650 -0.0700
vn -0.1930 0.4568 -0.8684
vn -0.6952 -0.4474 0.5626
vn -0.8801 -0.0242 0.4742
vn 0.0497 0.1969 0.9792
vn -0.5415 -0.6347 0.5513
vn -0.7923 -0.5936 -0.1411
vn 0.0367 0.1867 0.9817
vn -0.3555 0.8531 -0.3819
vn 0.0454 0.8924 -0.4489
vn 0.0234 0.6754 -0.7371
vn -0.4005 0.9137 -0.0692
vn 0.0119 0.9934 -0.1139
vn -0.7167 0.6470 -0.2601
vn -0.4352 0.6729 -0.5981
vn -0.9586 0.1985 -0.2042
vn -0.9279 0.1631 0.3353
vn -0.9555 0.2523 -0.1528
vn -0.9556 0.1036 0.2757
vn -0.8043 0.1819 -0.5657
vn -0.8356 0.1493 -0.5287
vn -0.9744 0.1024 -0.1999
vn 0.8965 -0.2305 0.3784
vn 0.7771 -0.3289 0.5366
vn 0.8438 -0.3982 0.3598
vn 0.7062 -0.0735 0.7042
vn 0.9572 -0.2448 0.1545
vn 0.9658 -0.1915 0.1750
vn 0.9335 -0.1108 0.3410
vn -0.9433 0.0330 0.3302
vn -0.9485 0.1033 0.2994
vn -0.9009 0.1210 0.4167
vn -0.8560 0.1216 0.5024
vn -0.9978 0.0587 -0.0307
vn -0.9982 0.0041 -0.0602
vn -0.9058 0.0375 0.4220
vn -0.3812 -0.2442 0.8917
vn -0.1262 -0.4753 0.8707
vn 0.2605 -0.0882 0.9614
vn -0.6624 0.0463 0.7477
vn -0.5777 0.1473 0.8028
vn -0.1076 0.1878 0.9763
vn -0.2202 0.0269 0.9751
vn 0.0281 -0.3981 0.9169
vn -0.9475 -0.3058 0.0934
vn -0.5265 -0.2996 -0.7956
vn -0.8605 -0.4152 0.2952
vn -0.3635 -0.1876 -0.9125
vn -0.2596 -0.0024 0.9657
vn -0.9900 -0.1053 -0.0936
vn 0.3027 -0.2290 -0.9252
vn 0.1022 -0.2190 -0.9704
vn 0.0158 -0.2143 -0.9766
vn 0.6574 -0.2331 -0.7165
vn 0.4265 -0.2164 -0.8782
vn 0.3514 -0.3964 0.8481
vn 0.3685 0.3859 0.8457
vn -0.2456 0.4716 0.8469
vn 0.7282 -0.4843 0.4849
vn -0.2431 -0.1369 0.9603
vn -0.9632 0.2140 -0.1625
vn -0.8805 -0.4452 0.1629
vn -0.9515 0.2122 0.2229
vn -0.9121 0.3683 0.1800
vn -0.9695 0.1871 -0.1582
vn -0.8588 -0.4817 -0.1745
vn -0.8524 0.1469 -0.5018
vn -0.7229 -0.5163 -0.4593
vn 0.5977 0.2461 -0.7630
vn 0.7756 -0.5727 -0.2653
vn 0.6283 -0.3592 -0.6901
vn 0.0291 0.3517 -0.9357
vn 0.6199 0.3402 -0.7071
vn -0.0812 0.1587 -0.9840
vn 0.9450 0.1308 -0.2999
vn -0.1105 0.1641 -0.9802
vn 0.3657 0.1060 0.9247
vn -0.2152 -0.2186 0.9518
vn 0.3250 0.1872 0.9270
vn 0.3400 0.0507 0.9391
vn -0.2198 -0.2282 0.9485
vn 0.6438 0.3603 0.6750
vn 0.7028 0.3001 0.6450
vn -0.9967 0.0537 -0.0610
vn -0.0170 -0.9549 -0.2965
vn -0.2085 -0.9630 0.1708
vn -0.0465 -0.6801 0.7317
vn -0.7094 0.4130 0.5711
vn -0.6898 0.0120 -0.7239
vn -0.2983 -0.7466 0.5947
vn -0.6379 -0.4187 0.6463
vn -0.5453 -0.6041 0.5811
vn -0.1379 0.1892 0.9722
vn -0.0431 -0.9324 0.3589
vn -0.4999 -0.3430 0.7953
vn -0.2439 -0.8250 0.5098
vn -0.4233 -0.7720 -0.4741
vn -0.5283 -0.7994 -0.2860
vn -0.7455 -0.6039 -0.2822
vn -0.7933 -0.1340 -0.5939
vn -0.0282 -0.7168 -0.6967
vn -0.1619 0.0126 -0.9867
vn -0.6891 -0.5173 -0.5075
vn 0.2232 0.5685 0.7918
vn 0.0017 0.4263 0.9046
vn 0.3805 0.3930 0.8371
vn 0.2242 0.6731 0.7047
vn -0.3352 0.8956 0.2924
vn -0.3377 0.8235 0.4559
vn 0.5961 -0.1566 -0.7875
vn 0.4962 -0.2842 -0.8204
vn -0.4025 -0.3107 -0.8611
vn 0.9338 0.1282 -0.3340
vn 0.9870 -0.1476 -0.0634
vn 0.5404 0.0247 -0.8410
vn 0.9907 -0.0890 -0.1031
vn 0.4287 -0.0373 0.9027
vn 0.1689 -0.7502 0.6392
vn 0.7739 0.6051 -0.1869
vn 0.3779 0.2702 0.8855
vn 0.7410 -0.5629 -0.3661
vn 0.7908 0.0382 0.6109
vn 0.7428 -0.1113 0.6601
vn 0.9048 0.4221 -0.0560
vn 0.0697 0.5634 0.8233
vn 0.7428 0.0225 0.6691
vn 0.4149 0.8146 0.4054
vn 0.8062 0.5795 0.1193
vn 0.9407 0.3349 -0.0541
vn 0.7389 0.6728 -0.0376
vn 0.5265 0.8473 0.0699
vn 0.6016 0.7573 0.2539
vn 0.8162 0.5182 0.2557
vn 0.9291 0.3659 0.0542
vn -0.3533 -0.1575 0.9222
vn 0.2786 0.5581 0.7816
vn -0.2635 0.5303 0.8058
vn -0.8802 -0.1465 0.4515
vn -0.3953 -0.1544 0.9055
vn 0.3688 -0.0851 0.9256
vn -0.8962 -0.1455 0.4190
vn -0.5173 0.7494 -0.4133
vn -0.6553 0.7469 0.1123
vn -0.3848 0.9199 0.0752
vn -0.3321 0.8297 -0.4487
vn -0.7165 0.5787 -0.3895
vn -0.3047 0.3837 -0.8717
vn -0.2686 -0.3274 -0.9059
vn 0.8474 0.0337 -0.5299
vn 0.9009 0.0046 -0.4340
vn -0.9059 -0.3826 0.1814
vn -0.0884 -0.3088 -0.9470
vn 0.8259 -0.4703 -0.3108
vn -0.1443 -0.6900 -0.7093
vn 0.4812 -0.3113 -0.8195
vn -0.0230 0.0337 -0.9992
vn -0.0182 -0.3601 -0.9327
vn 0.8635 -0.3330 -0.3787
vn 0.5364 0.0765 -0.8405
vn 0.4430 -0.4958 -0.7469
vn 0.7356 -0.4654 -0.4922
vn 0.2367 0.3296 0.9140
vn 0.6798 0.6228 0.3874
vn 0.1589 0.4689 0.8689
vn -0.5271 -0.0563 0.8479
vn -0.3896 -0.1981 0.8994
vn 0.1407 0.3257 0.9350
vn 0.7311 0.5790 0.3610
vn -0.3261 0.9100 -0.2560
vn -0.3359 0.8545 -0.3961
vn -0.3524 0.8658 -0.3552
vn -0.7270 0.3208 0.6071
vn -0.9416 -0.2613 0.2123
vn -0.9023 0.3649 0.2294
vn -0.4878 0.2331 0.8413
vn -0.7596 -0.2909 0.5817
vn -0.8093 0.1591 0.5655
vn -0.4276 0.1400 0.8931
vn 0.8219 -0.1627 0.5459
vn 0.5680 -0.4364 0.6978
vn 0.6006 -0.5157 0.6110
vn 0.7968 -0.3299 0.5062
vn 0.7902 0.2029 0.5783
vn 0.7303 0.0148 0.6830
vn 0.9065 -0.0178 0.4218
vn 0.0028 -0.0487 -0.9988
vn 0.3610 0.6147 -0.7013
vn -0.2203 0.6011 -0.7682
vn -0.6450 -0.0737 -0.7606
vn 0.1584 -0.2556 -0.9537
vn 0.6586 -0.2578 -0.7069
vn 0.7429 -0.0625 -0.6665
vn -0.2318 0.6865 0.6892
vn -0.5279 0.3413 0.7777
vn -0.3825 0.3987 0.8335
vn -0.1594 0.8355 0.5259
vn -0.4404 0.4999 0.7457
vn 0.4393 0.8773 0.1934
vn 0.3242 0.8976 0.2986
vn -0.2489 0.5854 0.7716
vn 0.3941 -0.3790 -0.8373
vn -0.3809 0.1092 -0.9181
vn -0.3954 0.0359 -0.9178
vn 0.3218 -0.0875 -0.9428
vn 0.2163 -0.4453 -0.8689
vn 0.6388 -0.6734 -0.3721
vn 0.7766 -0.5217 -0.3533
vn -0.3793 0.2660 0.8862
vn -0.2490 0.9336 -0.2576
vn -0.7247 0.6548 -0.2146
vn -0.4751 -0.2955 0.8289
vn 0.1373 -0.1097 0.9844
vn -0.1315 0.4968 0.8579
vn -0.6603 -0.7071 0.2531
vn -0.8806 -0.0101 -0.4738
vn -0.1525 -0.6318 -0.7600
vn -0.7578 -0.0078 0.6524
vn 0.3895 -0.9140 0.1140
vn -0.2414 -0.1420 0.9600
vn 0.0322 0.2770 0.9603
vn -0.1298 0.9325 0.3369
vn -0.1772 -0.7041 0.6876
vn 0.0440 -0.6311 0.7745
vn -0.3832 -0.1552 0.9105
vn -0.1831 0.0892 0.9790
vn -0.0768 0.4844 0.8715
vn 0.5027 0.0239 0.8641
vn -0.1169 -0.7870 0.6058
vn -0.8929 0.0595 0.4463
vn -0.7528 -0.4335 -0.4953
vn -0.2046 -0.3158 -0.9265
vn -0.5732 -0.6269 -0.5277
vn -0.7458 -0.3950 -0.5365
vn -0.3882 -0.1497 -0.9093
vn -0.8420 -0.5391 0.0204
vn -0.8572 -0.5130 -0.0449
vn 0.1822 0.0959 0.9786
vn 0.2867 0.0674 0.9556
vn 0.1189 0.0202 0.9927
vn 0.1981 0.1419 0.9699
vn -0.0412 0.0998 0.9942
vn -0.0571 0.0253 0.9980
vn 0.1184 0.0526 0.9916
vn -0.1107 0.0626 0.9919
vn 0.0085 0.6914 -0.7224
vn -0.2626 0.2245 -0.9384
vn -0.3077 -0.1834 0.9336
vn -0.7659 0.0182 0.6427
vn 0.4902 0.4959 0.7168
vn -0.9720 0.0720 0.2238
vn -0.9963 0.0857 -0.0079
vn -0.2256 0.2114 0.9510
vn -0.0201 0.2065 0.9782
vn -0.8907 0.2680 0.3673
vn -0.9350 0.0696 0.3477
vn -0.9141 -0.3484 0.2074
vn 0.3306 0.8375 -0.4351
vn 0.8739 0.0181 0.4858
vn 0.3745 -0.0472 0.9260
vn 0.8310 0.1897 0.5230
vn 0.8959 0.0033 0.4443
vn 0.3636 -0.1396 0.9210
vn 0.9720 0.2342 -0.0213
vn 0.9747 0.2016 -0.0967
vn -0.1651 0.4343 -0.8855
vn -0.1199 -0.0099 -0.9927
vn 0.0241 0.3511 -0.9360
vn 0.0034 0.0283 -0.9996
vn 0.0160 0.8680 -0.4962
vn 0.9111 0.0451 0.4097
vn 0.9918 0.0137 -0.1271
vn 0.9964 0.0040 -0.0852
vn 0.8664 -0.0688 0.4946
vn 0.6337 0.1945 0.7487
vn 0.8623 0.1196 0.4921
vn 0.9452 0.0437 0.3236
vn 0.7706 0.2275 0.5953
vn 0.7561 0.3219 0.5698
vn 0.4304 0.3440 0.8345
vn 0.4765 0.2466 0.8439
vn 0.7109 -0.4936 0.5010
vn 0.9539 0.1828 0.2380
vn 0.8275 0.2596 -0.4978
vn 0.9593 0.2442 -0.1421
vn 0.5450 0.1512 -0.8247
vn -0.8857 -0.2631 0.3825
vn -0.7716 -0.3387 0.5385
vn -0.6568 -0.0234 0.7537
vn -0.8476 -0.4140 0.3320
vn -0.7674 0.0301 0.6404
vn -0.9501 -0.0566 0.3067
vn -0.9494 -0.2719 0.1572
vn 0.4101 -0.7809 0.4712
vn 0.5697 -0.7957 0.2059
vn -0.5292 -0.8026 -0.2752
vn -0.1842 -0.9060 -0.3812
vn 0.2344 -0.8884 -0.3948
vn 0.3579 -0.7498 0.5565
vn 0.8709 0.3572 -0.3376
vn 0.3597 0.1954 -0.9124
vn 0.8086 0.4396 -0.3910
vn 0.7445 0.5652 0.3554
vn 0.8167 0.4484 0.3633
vn 0.4565 0.2090 -0.8648
vn 0.8948 0.3733 -0.2449
vn -0.5785 0.2498 0.7765
vn -0.5418 0.2747 0.7944
vn -0.2824 0.4185 0.8632
vn -0.8274 0.0459 -0.5598
vn -0.9266 0.1795 0.3304
vn -0.8908 0.2198 0.3978
vn -0.8622 -0.2709 -0.4281
vn -0.9831 -0.1356 0.1230
vn -0.8765 0.0346 -0.4802
vn -0.7707 -0.1532 -0.6186
vn -0.7663 0.1012 -0.6345
vn 0.6814 0.3197 -0.6584
vn 0.8226 0.1304 -0.5535
vn 0.8556 0.1561 -0.4936
vn 0.5361 0.3224 -0.7802
vn -0.1057 0.6577 0.7458
vn 0.0318 -0.8323 0.5535
vn 0.0825 0.7364 0.6715
vn -0.1018 -0.5731 0.8131
vn 0.2688 0.8444 0.4633
vn -0.2067 0.7808 0.5897
vn -0.4824 0.7401 0.4686
vn -0.7856 0.3854 -0.4841
vn -0.4027 0.0682 -0.9128
vn -0.5857 0.6351 -0.5035
vn -0.7449 0.6584 0.1077
vn -0.8130 0.5406 0.2163
vn -0.8751 0.2927 -0.3855
vn -0.4377 0.0606 -0.8971
vn -0.9239 -0.0235 0.3820
vn -0.8730 0.1437 0.4660
vn -0.9698 0.2391 -0.0479
vn -0.9698 0.2193 -0.1069
vn -0.9280 -0.0929 0.3609
vn -0.3110 -0.0065 0.9504
vn -0.2462 0.8593 -0.4483
vn 0.0008 0.3194 -0.9476
vn 0.1153 0.4688 -0.8757
vn -0.0271 0.9262 -0.3760
vn -0.1948 0.8475 -0.4938
vn -0.0158 0.8982 -0.4393
vn -0.0319 0.9183 -0.3945
vn 0.1438 0.1392 0.9798
vn -0.8378 -0.1775 0.5163
vn -0.1054 -0.1464 0.9836
vn 0.7754 -0.4351 0.4577
vn 0.9649 -0.2002 -0.1698
vn 0.9738 -0.2085 -0.0912
vn 0.2735 0.1209 0.9542
vn -0.8056 -0.0691 0.5884
vn -0.8467 0.3154 0.4285
vn -0.9797 -0.0728 0.1866
vn -0.9908 -0.1202 0.0629
vn -0.7339 0.3322 0.5925
vn -0.7963 -0.1414 0.5882
vn -0.9735 -0.0390 0.2254
vn -0.9526 0.2550 -0.1659
vn -0.3721 0.9222 -0.1055
vn -0.0023 -0.6561 -0.7547
vn 0.2023 -0.6409 -0.7405
vn -0.0015 -0.4209 -0.9071
vn 0.3193 -0.0486 -0.9464
vn -0.2750 -0.0330 -0.9609
vn -0.0394 -0.2032 -0.9783
vn -0.2096 -0.6341 -0.7443
vn 0.8533 0.4481 0.2664
vn 0.8176 0.4684 0.3348
vn 0.8022 0.2903 0.5217
vn 0.7079 0.6501 0.2762
vn 0.9289 0.3115 0.2004
vn 0.9572 0.1186 0.2640
vn 0.9527 0.1744 0.2490
vn 0.6952 -0.7033 0.1488
vn -0.4390 -0.3204 0.8394
vn -0.4991 -0.0823 0.8626
vn -0.5366 0.0689 0.8410
vn 0.0293 0.9147 0.4032
vn -0.4013 -0.9159 -0.0092
vn -0.3765 -0.8574 0.3509
vn 0.2850 -0.9280 -0.2398
vn -0.4470 -0.6575 0.6065
vn 0.4685 0.8824 -0.0424
vn 0.9871 -0.1136 0.1129
vn 0.6569 0.1915 0.7293
vn -0.4694 -0.0903 0.8784
vn -0.5581 -0.1327 0.8191
vn 0.9968 0.0801 0.0066
vn 0.8740 -0.4852 -0.0278
vn 0.5353 0.4295 0.7274
vn 0.8851 0.4042 -0.2306
vn 0.7863 -0.1012 0.6095
vn 0.4637 -0.0322 0.8854
vn 0.3769 0.0666 0.9239
vn 0.9478 0.1949 0.2524
vn 0.9689 -0.0005 0.2473
vn 0.7516 0.2010 0.6282
vn 0.8326 -0.1552 0.5317
vn -0.0157 0.9184 0.3954
vn 0.2767 0.9150 0.2937
vn 0.3913 0.8575 0.3340
vn -0.3356 0.9106 0.2411
vn -0.1212 0.4137 0.9023
vn -0.1267 0.6510 0.7485
vn 0.3530 -0.9221 0.1584
vn -0.1237 -0.9020 0.4136
vn 0.3170 -0.7156 -0.6225
vn 0.1556 -0.9798 -0.1253
vn -0.1692 -0.0144 0.9855
vn 0.1434 -0.6254 -0.7670
vn -0.2843 0.0760 0.9557
vn -0.0336 0.9274 0.3727
vn 0.0112 0.9573 0.2888
vn 0.0036 0.9727 0.2322
vn 0.5136 0.8056 0.2954
vn -0.3111 0.9034 0.2952
vn -0.2781 0.9111 0.3042
vn -0.7786 0.5428 0.3148
vn -0.8680 0.3907 -0.3063
vn -0.7529 0.3150 0.5779
vn -0.8654 0.3198 -0.3857
vn -0.6047 0.5513 -0.5749
vn -0.8775 0.2079 0.4322
vn -0.3085 0.3975 0.8642
vn -0.8997 0.4110 -0.1472
vn -0.8448 0.5240 0.1084
vn -0.9303 0.3625 -0.0560
vn -0.9164 0.3771 -0.1339
vn -0.8749 0.4176 -0.2452
vn -0.0965 -0.6450 -0.7580
vn 0.7427 -0.1573 -0.6509
vn 0.4607 -0.5903 0.6628
vn -0.1251 -0.9904 0.0593
vn -0.0459 -0.3462 -0.9370
vn -0.0623 -0.9957 -0.0680
vn 0.3631 -0.7846 0.5025
vn 0.2288 -0.5297 0.8168
vn 0.1307 -0.8241 0.5512
vn -0.0052 -0.9408 -0.3390
vn -0.0137 -0.9712 -0.2378
vn -0.2236 0.3834 -0.8961
vn 0.3312 -0.7806 -0.5301
vn -0.6863 0.6081 -0.3989
vn -0.8341 -0.1062 -0.5414
vn -0.5790 0.2148 0.7865
vn -0.2866 0.4329 0.8547
vn -0.0915 0.9818 -0.1666
vn -0.6326 -0.0039 0.7745
vn -0.3156 0.0589 0.9471
vn -0.2068 0.0134 0.9783
vn -0.6443 -0.0028 0.7648
vn -0.4183 0.0179 0.9081
vn -0.1536 -0.0272 0.9878
vn -0.1591 -0.0297 0.9868
vn 0.9741 0.1909 0.1208
vn 0.9881 0.0878 -0.1262
vn 0.9848 0.0176 0.1730
vn 0.8916 0.4466 -0.0750
vn 0.9899 0.0388 0.1362
vn 0.7050 0.6469 0.2907
vn -0.7398 -0.5020 0.4480
vn 0.7268 -0.6391 -0.2514
vn -0.7392 -0.6574 0.1461
vn -0.6287 -0.6621 0.4079
vn 0.6748 -0.6968 -0.2430
vn -0.7524 -0.4965 -0.4328
vn -0.5644 -0.0274 -0.8251
vn -0.8986 0.0517 -0.4357
vn -0.0891 -0.4811 -0.8721
vn -0.9033 0.1483 -0.4026
vn -0.7135 -0.2875 -0.6390
vn -0.3666 -0.8311 -0.4182
vn 0.4778 -0.3521 0.8048
vn 0.7526 -0.5131 0.4126
vn 0.3779 -0.0067 0.9258
vn 0.4728 -0.1421 0.8697
vn -0.2565 0.3223 0.9112
vn 0.6758 -0.6488 0.3499
vn 0.2227 0.6541 -0.7229
vn 0.1890 0.6290 -0.7541
vn 0.3617 0.5782 -0.7314
vn 0.3171 0.7072 -0.6319
vn 0.5125 0.7364 -0.4417
vn 0.4312 0.7098 -0.5569
vn 0.3138 0.7004 -0.6410
vn 0.9279 -0.3728 -0.0046
vn 0.1674 -0.2064 -0.9640
vn 0.9747 -0.2151 0.0614
vn 0.0770 -0.2482 -0.9656
vn 0.0638 -0.0073 0.9979
vn 0.7259 -0.6531 0.2159
vn -0.1296 -0.5507 -0.8246
vn 0.0145 -0.4255 0.9049
vn -0.4867 0.2496 -0.8372
vn -0.5430 0.0590 -0.8376
vn -0.0107 0.1567 -0.9876
vn -0.0118 0.3105 -0.9505
vn -0.4768 0.5361 -0.6966
vn -0.9043 0.0370 -0.4252
vn -0.9103 0.2787 -0.3060
vn 0.6618 0.0925 -0.7439
vn 0.6347 0.1048 -0.7657
vn 0.4185 -0.6751 -0.6075
vn -0.7272 -0.4469 0.5211
vn -0.6977 -0.4820 0.5300
vn -0.2023 -0.1473 0.9682
vn -0.8518 -0.1922 -0.4874
vn -0.2677 0.0793 -0.9602
vn -0.7595 0.2145 0.6141
vn -0.8058 0.1246 0.5789
vn -0.7973 0.2526 0.5482
vn -0.6478 0.1383 0.7492
vn -0.7038 0.5098 0.4947
vn -0.7921 -0.1618 -0.5885
vn -0.4965 -0.2549 -0.8298
vn -0.9830 -0.1519 0.1035
vn -0.9477 0.1963 -0.2515
vn -0.5318 0.0335 -0.8462
vn 0.2287 -0.3528 -0.9073
vn 0.5248 -0.5335 0.6633
vn 0.2174 -0.2773 0.9359
vn 0.1446 -0.9735 0.1771
vn 0.4003 0.2506 0.8815
vn -0.0521 0.1948 0.9795
vn 0.7532 -0.3555 0.5535
vn 0.8860 -0.4242 -0.1874
vn 0.5524 0.7472 0.3695
vn 0.9512 0.2673 -0.1543
vn 0.9627 -0.1579 -0.2199
vn 0.8192 -0.4565 0.3471
vn -0.5344 -0.6888 0.4899
vn -0.0492 -0.8282 0.5583
vn -0.4666 -0.2087 0.8595
vn -0.4179 -0.8812 0.2211
vn -0.7941 -0.3797 0.4746
vn 0.2706 0.5253 0.8068
vn -0.2694 0.5906 0.7607
vn 0.3523 -0.1546 0.9230
vn 0.8819 -0.1578 0.4442
vn 0.7164 0.5400 0.4418
vn 0.7068 0.5821 -0.4020
vn 0.4173 0.2531 -0.8728
vn 0.3039 0.3819 -0.8728
vn 0.7876 0.5953 0.1588
vn 0.7823 0.4664 -0.4128
vn 0.4922 0.7611 -0.4223
vn 0.5951 0.8006 0.0702
vn -0.1103 -0.3031 0.9466
vn -0.5222 -0.4934 0.6956
vn 0.3744 -0.7862 0.4917
vn -0.4291 0.5124 0.7439
vn 0.4476 0.5105 0.7342
vn 0.5331 -0.5134 0.6724
vn -0.9144 0.3675 0.1696
vn 0.9790 -0.1860 -0.0837
vn 0.9687 -0.2481 0.0117
vn 0.9658 -0.2126 0.1483
vn 0.9712 0.1811 -0.1549
vn 0.8657 0.0813 -0.4939
vn 0.9633 0.1675 0.2097
vn 0.8143 -0.3306 -0.4771
vn -0.8745 0.1457 -0.4626
vn -0.8306 -0.1587 -0.5338
vn 0.2385 -0.2349 -0.9423
vn -0.6820 -0.2497 -0.6874
vn -0.9064 -0.2065 -0.3686
vn 0.0000 0.0000 0.0000
vn -0.6902 -0.1614 -0.7054
vn -0.3682 -0.2074 -0.9063
vn -0.4096 -0.2450 -0.8788
vn 0.5732 0.0494 0.8179
vn 0.7453 -0.3549 0.5644
vn 0.5907 -0.7971 -0.1255
vn 0.7544 -0.6503 0.0888
vn -0.0104 0.8562 0.5165
vn 0.1139 0.8631 -0.4920
vn 0.6930 0.5327 -0.4857
vn 0.6198 0.3466 0.7041
vn -0.3111 -0.9379 -0.1533
vn -0.1254 -0.7237 0.6786
vn 0.0481 -0.6922 0.7201
vn 0.0339 -0.9872 0.1556
vn -0.3920 0.1045 -0.9140
vn 0.0111 0.1535 -0.9881
vn -0.0301 -0.8882 -0.4584
vn -0.5116 0.4870 0.7079
vn -0.7828 0.5611 0.2689
vn -0.6658 0.3503 0.6588
vn -0.6097 0.3882 0.6911
vn -0.1997 0.3194 0.9263
vn -0.3783 0.1729 0.9094
vn -0.8948 -0.3715 -0.2476
vn -0.9673 -0.1188 -0.2243
vn -0.9965 -0.0835 -0.0008
vn -0.9762 -0.1709 -0.1333
vn -0.3008 -0.1711 -0.9382
vn -0.9579 -0.2870 0.0079
vn 0.0087 0.2828 0.9591
vn -0.0041 -0.1717 0.9851
vn -0.6350 0.1158 0.7638
vn 0.6798 0.0653 0.7304
vn -0.0307 0.5892 0.8074
vn 0.6909 0.4146 0.5922
vn -0.6895 0.4338 0.5800
vn 0.6935 -0.4494 -0.5632
vn 0.2628 -0.4430 -0.8572
vn 0.7613 0.5364 -0.3642
vn 0.4336 0.8549 0.2849
vn 0.2846 0.8761 0.3891
vn 0.4045 0.9007 0.1588
vn -0.1535 0.7548 0.6377
vn -0.5880 0.4716 0.6572
vn -0.7947 0.0772 0.6021
vn -0.4618 -0.7895 -0.4043
vn -0.5695 0.1677 0.8047
vn 0.1336 -0.9888 0.0658
vn -0.4562 0.0461 0.8887
vn 0.4904 0.7972 0.3520
vn 0.2111 0.8060 0.5530
vn 0.4376 0.5047 0.7441
vn 0.6349 0.5222 0.5694
vn 0.3746 0.9257 0.0517
vn -0.8010 0.5577 -0.2175
vn -0.1846 0.4050 -0.8955
vn -0.8336 0.2838 0.4739
vn -0.6453 0.6969 -0.3128
vn -0.1426 0.4888 -0.8606
vn -0.7172 0.6292 -0.2997
vn -0.4671 0.6886 -0.5547
vn -0.7943 0.4588 -0.3982
vn -0.5609 0.8192 -0.1198
vn 0.3900 0.8876 0.2452
vn -0.8371 0.5448 -0.0497
vn -0.1257 0.9916 0.0315
vn 0.3692 0.8713 0.3233
vn -0.2147 0.9262 0.3099
vn -0.6100 0.7917 -0.0343
vn -0.6282 0.7780 0.0085
vn -0.1075 0.9796 0.1700
vn 0.3105 0.9398 0.1424
vn 0.8787 -0.0150 -0.4772
vn 0.9719 0.1649 -0.1681
vn 0.7109 -0.5529 -0.4346
vn 0.4555 -0.6281 -0.6309
vn 0.8439 0.3395 -0.4154
vn 0.5917 0.0008 -0.8062
vn 0.6087 -0.7920 0.0463
vn 0.1855 -0.9263 -0.3279
vn 0.5287 -0.6799 -0.5082
vn 0.7254 -0.6853 0.0638
vn 0.5738 -0.5033 0.6461
vn 0.1320 -0.7697 0.6246
vn 0.2003 -0.9582 0.2041
vn 0.9442 0.0528 0.3252
vn 0.9702 -0.0767 0.2297
vn 0.9567 -0.0135 0.2907
vn 0.9292 0.1599 0.3333
vn 0.8631 0.1493 0.4825
vn 0.8436 0.2005 0.4982
vn 0.9176 0.1253 0.3773
vn 0.9634 -0.0414 0.2650
vn -0.9269 0.2494 -0.2805
vn -0.8826 0.1268 0.4527
vn -0.8581 0.2022 0.4719
vn -0.9815 0.0007 -0.1917
vn -0.6366 0.1097 -0.7633
vn -0.9444 0.1517 -0.2917
vn -0.6095 0.3364 -0.7179
vn -0.8664 0.1216 0.4843
vn -0.6766 0.3038 0.6708
vn -0.6502 0.2423 0.7201
vn -0.5506 -0.8341 -0.0326
vn 0.5940 -0.8042 -0.0183
vn -0.4065 -0.7872 0.4638
vn -0.7202 0.2142 -0.6598
vn -0.9674 0.1146 0.2259
vn -0.9833 -0.1226 0.1343
vn -0.9359 -0.2184 -0.2765
vn -0.9722 -0.0449 -0.2296
vn -0.8465 0.2343 0.4781
vn -0.8188 -0.4133 -0.3984
vn -0.6263 -0.1168 0.7708
vn -0.7464 -0.5698 0.3440
vn -0.2553 -0.2331 0.9383
vn -0.3687 -0.6685 0.6459
vn -0.0299 -0.1383 0.9899
vn -0.2846 -0.7774 0.5609
vn -0.5496 -0.0349 0.8347
vn -0.2379 0.0928 0.9668
vn -0.2433 0.1099 0.9637
vn 0.9086 0.0228 -0.4170
vn 0.9294 0.0748 -0.3613
vn 0.9468 0.1633 -0.2773
vn -0.3785 0.8389 0.3912
vn -0.5094 0.8045 0.3055
vn -0.4962 0.8242 0.2730
vn 0.0501 0.9987 -0.0076
vn 0.8603 -0.5061 -0.0606
vn 0.7476 -0.3859 -0.5406
vn 0.8967 -0.4400 -0.0481
vn 0.6985 -0.4732 0.5368
vn 0.8559 -0.5149 -0.0482
vn 0.7432 -0.4068 -0.5312
vn 0.7368 -0.4576 0.4978
vn 0.5825 0.5125 0.6308
vn 0.9645 0.2162 0.1518
vn 0.7093 0.3284 0.6237
vn -0.1263 0.5312 0.8378
vn -0.1407 0.4321 0.8908
vn 0.6927 0.2921 0.6594
vn -0.1496 0.5766 0.8032
vn 0.3995 0.8569 -0.3256
vn 0.5362 0.8312 -0.1470
vn 0.2763 0.8939 -0.3530
vn 0.3030 0.9529 -0.0120
vn 0.4026 -0.1809 0.8973
vn 0.1926 -0.5788 0.7924
vn 0.8222 -0.5669 -0.0502
vn 0.3261 -0.0338 0.9447
vn 0.0987 0.1458 0.9844
vn -0.6659 0.5133 0.5414
vn -0.1988 0.1234 -0.9722
vn -0.1745 0.1397 -0.9747
vn -0.1651 0.1028 -0.9809
vn -0.3013 -0.0934 -0.9489
vn 0.0712 -0.0488 -0.9963
vn -0.0559 0.2310 -0.9713
vn 0.0154 0.3969 -0.9177
vn 0.8321 -0.4065 0.3773
vn 0.9385 -0.2554 -0.2322
vn 0.4040 -0.3756 0.8341
vn 0.1307 0.9182 0.3739
vn 0.8077 0.4412 0.3910
vn 0.8959 0.4423 0.0416
vn 0.8005 -0.3904 0.4548
vn 0.4701 -0.1007 0.8768
vn 0.4019 -0.7975 0.4499
vn 0.6835 -0.7096 0.1715
vn 0.8320 -0.3564 0.4252
vn 0.3781 -0.9223 0.0803
vn 0.7181 -0.2745 0.6395
vn 0.3720 0.0641 0.9260
vn 0.2049 0.4735 -0.8566
vn 0.2445 -0.3654 -0.8982
vn 0.5592 -0.2758 -0.7818
vn 0.0078 0.3720 -0.9282
vn 0.4816 0.5186 -0.7065
vn 0.1067 0.4345 -0.8943
vn -0.8876 0.4258 0.1756
vn -0.9428 0.2487 0.2220
vn -0.8836 0.4300 0.1852
vn -0.8277 0.5249 0.1985
vn 0.5847 0.3384 0.7373
vn 0.5450 0.5472 0.6353
vn 0.5773 0.0281 0.8160
vn 0.0041 0.7947 0.6069
vn -0.0313 0.0222 0.9993
vn 0.1601 0.5665 0.8083
vn 0.0944 -0.4039 -0.9099
vn -0.7017 -0.6487 -0.2948
vn -0.7475 -0.4258 -0.5099
vn -0.0683 -0.3893 -0.9186
vn 0.1642 -0.8048 -0.5703
vn -0.8021 -0.2558 -0.5396
vn -0.8854 -0.4107 -0.2177
vn -0.9406 -0.2476 -0.2323
vn -0.8067 -0.0009 -0.5909
vn -0.4739 -0.2602 -0.8413
vn -0.4585 -0.5168 -0.7230
vn -0.7468 -0.4522 -0.4876
vn -0.9674 0.0092 -0.2531
vn -0.9288 -0.2836 -0.2387
vn -0.8860 0.4359 -0.1579
vn 0.5935 0.0484 0.8034
vn 0.6630 0.0603 0.7462
vn 0.5293 0.3245 0.7839
vn 0.4737 0.2770 0.8360
vn 0.6955 -0.0842 0.7136
vn -0.0628 0.2298 -0.9712
vn -0.0550 0.2310 -0.9714
vn -0.0734 0.2163 -0.9736
vn 0.6481 0.2153 -0.7305
vn -0.6680 0.1287 -0.7329
vn 0.6257 0.2834 -0.7268
vn -0.7539 -0.6525 -0.0768
vn -0.5887 -0.7982 0.1278
vn -0.6749 -0.7379 -0.0070
vn -0.8424 -0.4373 0.3148
vn -0.8776 -0.4640 0.1204
vn -0.7471 -0.6561 -0.1064
vn -0.4452 0.0585 -0.8935
vn -0.5140 0.1095 -0.8508
vn -0.7999 0.0853 -0.5940
vn -0.4935 0.1247 -0.8607
vn -0.5081 0.1056 -0.8548
vn 0.0407 0.0889 -0.9952
vn 0.0347 0.1113 -0.9932
vn 0.8283 -0.5561 -0.0690
vn 0.5652 -0.7701 -0.2958
vn 0.4902 -0.7907 0.3667
vn 0.7697 -0.5360 -0.3467
vn 0.8000 -0.5383 -0.2649
vn 0.8824 0.1385 -0.4497
vn 0.6389 -0.6551 -0.4032
vn 0.8562 0.1353 -0.4986
vn 0.2012 -0.5396 0.8175
vn 0.0086 0.2921 0.9563
vn 0.8508 0.1983 0.4866
vn 0.4352 -0.2093 0.8757
vn 0.2597 0.2228 -0.9396
vn 0.7408 0.5068 -0.4409
vn 0.7689 0.5173 -0.3758
vn 0.2850 0.3052 -0.9086
vn 0.0696 -0.1852 -0.9802
vn -0.4103 -0.1293 -0.9027
vn 0.3499 0.2552 0.9013
vn 0.4468 0.2278 0.8651
vn 0.9992 0.0391 0.0022
vn 0.6331 0.1771 0.7535
vn -0.9690 -0.0222 0.2462
vn -0.8892 -0.0587 0.4537
vn -0.9896 0.1435 -0.0025
vn 0.7262 -0.6545 -0.2104
vn 0.7391 -0.2087 -0.6404
vn 0.8975 -0.4253 0.1165
vn 0.8053 -0.5832 -0.1070
vn -0.9746 -0.2234 -0.0141
vn -0.5214 -0.0239 0.8530
vn 0.4151 0.1639 0.8949
vn 0.9928 -0.1169 -0.0276
vn 0.9430 0.2915 0.1603
vn 0.0214 0.8012 -0.5980
vn -0.1350 0.8955 -0.4240
vn 0.1482 0.5510 -0.8212
vn -0.1650 0.9561 -0.2421
vn -0.1469 -0.9427 0.2995
vn 0.7440 0.0745 0.6640
vn 0.9108 0.0541 0.4093
vn -0.1815 -0.9806 -0.0744
vn 0.1358 -0.9273 0.3489
vn -0.5009 -0.7912 -0.3508
vn -0.8473 -0.2053 -0.4899
vn -0.7010 -0.1716 -0.6922
vn -0.4704 -0.0751 -0.8793
vn 0.7174 0.1976 -0.6681
vn 0.9916 0.0554 -0.1168
vn 0.6523 0.0495 -0.7564
vn -0.1216 0.2296 -0.9657
vn -0.1491 0.0905 -0.9847
vn 0.9932 0.0842 -0.0802
vn 0.2661 -0.0967 0.9591
vn 0.3475 -0.1448 0.9264
vn 0.0705 -0.4231 0.9033
vn 0.1083 0.5267 0.8431
vn 0.6954 0.1381 0.7052
vn -0.4304 0.3634 0.8263
vn 0.4474 -0.3160 0.8366
vn 0.6685 -0.1733 0.7233
vn -0.3715 0.2058 0.9053
vn -0.9083 0.4090 0.0875
vn -0.9511 0.3079 -0.0262
vn -0.7209 0.1892 0.6667
vn -0.3746 0.1915 0.9072
vn -0.5462 -0.1337 0.8269
vn -0.3391 -0.0211 0.9405
vn -0.3213 0.2829 0.9037
vn -0.3081 0.1290 0.9426
vn 0.7632 0.2724 -0.5860
vn 0.9456 -0.1025 0.3088
vn 0.3190 0.0447 0.9467
vn 0.4570 -0.6855 0.5668
vn 0.0358 0.2831 0.9584
vn 0.5218 0.1231 0.8441
vn 0.5981 -0.2948 0.7452
vn 0.2440 0.0007 0.9698
vn 0.5511 0.0492 0.8330
vn 0.8290 0.4498 -0.3324
vn 0.5071 0.0135 -0.8618
vn 0.5722 -0.0875 -0.8154
vn 0.7260 0.6170 0.3037
vn 0.7813 0.4655 -0.4157
vn 0.8692 0.4324 -0.2398
vn -0.2465 0.6249 0.7407
vn 0.0147 0.6437 0.7652
vn 0.0110 0.8802 0.4745
vn -0.2746 0.8440 0.4607
vn -0.5247 0.5070 0.6839
vn -0.6127 0.2944 0.7334
vn -0.5327 -0.3030 0.7902
vn -0.0797 -0.7083 0.7014
vn -0.0834 -0.1341 0.9875
vn -0.5253 0.1817 0.8313
vn -0.7445 0.2140 0.6324
vn -0.6980 -0.2578 0.6681
vn -0.3438 -0.8570 0.3838
vn 0.9349 -0.2544 0.2473
vn 0.8643 -0.3674 0.3436
vn 0.9538 -0.2930 0.0659
vn 0.9621 -0.2215 -0.1589
vn -0.6126 0.7519 0.2438
vn -0.5905 -0.5510 0.5897
vn -0.7507 -0.6590 0.0465
vn -0.7801 -0.5828 0.2274
vn -0.8253 0.4231 0.3741
vn 0.2020 -0.3338 -0.9208
vn 0.1686 -0.3466 -0.9227
vn -0.3025 0.2399 -0.9225
vn 0.5871 -0.0065 -0.8095
vn -0.2973 -0.3589 -0.8848
vn 0.1188 -0.0847 -0.9893
vn 0.5966 -0.7678 -0.2334
vn 0.8431 -0.5333 -0.0689
vn 0.4357 -0.1805 -0.8818
vn 0.8315 -0.5209 0.1929
vn 0.8797 0.0854 -0.4678
vn -0.5381 0.8327 -0.1304
vn -0.4970 0.8661 -0.0534
vn -0.5516 0.8341 0.0055
vn -0.4050 0.9139 0.0273
vn -0.6075 0.7792 -0.1542
vn -0.0128 0.9999 -0.0049
vn -0.9206 0.3649 -0.1394
vn -0.9340 0.2433 0.2616
vn -0.7953 0.3952 -0.4596
vn -0.7790 0.2562 -0.5723
vn -0.7359 0.4794 -0.4782
vn 0.8961 -0.1884 0.4018
vn 0.9685 -0.1375 0.2076
vn 0.9473 -0.0517 0.3161
vn 0.7689 -0.1417 0.6234
vn -0.5302 -0.8370 0.1351
vn -0.3474 -0.8371 0.4225
vn -0.6303 -0.7073 -0.3200
vn -0.9990 -0.0402 0.0178
vn -0.8454 -0.0611 0.5306
vn -0.5001 0.0184 0.8658
vn -0.0912 -0.0474 0.9947
vn -0.1409 0.3981 0.9065
vn -0.4192 0.4094 0.8104
vn -0.8285 -0.0244 0.5595
vn -0.4688 -0.3849 0.7950
vn -0.8363 -0.3186 0.4462
vn 0.8128 -0.5397 0.2192
vn 0.9583 -0.2843 -0.0277
vn 0.6351 -0.7136 -0.2957
vn 0.7712 -0.5387 0.3393
vn 0.6166 -0.1197 0.7781
vn 0.2888 -0.6064 0.7409
vn 0.2061 -0.8481 0.4881
vn 0.3089 -0.6888 0.6559
vn 0.2007 -0.3328 0.9214
vn 0.4765 -0.6638 0.5765
vn 0.3501 -0.1799 0.9193
vn 0.2971 -0.5691 0.7667
vn -0.0421 -0.9882 -0.1470
vn 0.4500 -0.8930 -0.0053
vn 0.0082 -0.9917 0.1282
vn -0.3908 -0.9205 -0.0066
vn -0.0139 -0.9753 0.2206
vn 0.3267 -0.9396 -0.1021
vn 0.6729 0.7094 0.2095
vn 0.8271 0.4428 0.3462
vn 0.7088 0.5752 0.4082
vn 0.5732 0.5326 0.6228
vn 0.6314 0.6709 0.3888
vn -0.7176 0.5466 0.4316
vn -0.7671 0.6314 -0.1136
vn -0.1447 0.7064 0.6928
vn 0.0735 0.7729 -0.6303
vn -0.5373 -0.3702 0.7578
vn -0.8028 -0.4658 0.3722
vn -0.9694 -0.2035 -0.1372
vn -0.0493 -0.4484 -0.8925
vn -0.3524 -0.7929 -0.4972
vn 0.4443 -0.6412 -0.6257
vn 0.8710 -0.4534 -0.1893
vn -0.1710 -0.1689 -0.9707
vn 0.3825 -0.3865 -0.8392
vn 0.3149 -0.9012 -0.2978
vn 0.6425 0.7297 0.2341
vn 0.8896 0.3582 -0.2833
vn 0.0941 0.4738 0.8756
vn -0.0403 0.7914 0.6100
vn 0.8601 0.3687 0.3526
vn -0.0509 -0.1443 -0.9882
vn -0.5506 -0.1886 -0.8132
vn -0.4944 -0.3345 -0.8023
vn -0.2438 -0.2808 -0.9283
vn 0.6638 0.1032 -0.7408
vn 0.0687 0.2199 -0.9731
vn 0.6779 0.1237 -0.7247
vn 0.9307 0.2521 -0.2649
vn 0.9825 -0.0196 -0.1854
vn 0.3301 -0.0211 0.9437
vn -0.1597 -0.3249 0.9322
vn 0.6996 0.3059 0.6458
vn 0.1894 -0.7173 -0.6706
vn 0.3809 -0.7915 -0.4779
vn -0.1054 -0.9496 -0.2953
vn -0.5449 -0.6756 -0.4966
vn -0.2397 -0.2739 -0.9314
vn 0.6911 -0.2990 -0.6580
vn -0.9661 0.1016 0.2374
vn -0.9701 -0.0902 0.2251
vn -0.9510 0.0351 0.3071
vn -0.9243 0.1649 0.3442
vn -0.9085 0.3725 0.1896
vn -0.9903 0.1345 0.0357
vn -0.4574 0.8362 0.3027
vn -0.4012 0.8981 0.1802
vn -0.3663 0.8777 0.3089
vn 0.9721 -0.1035 -0.2106
vn 0.9154 0.3230 -0.2404
vn 0.9704 0.2103 -0.1187
vn 0.9165 -0.3560 -0.1827
vn 0.9830 -0.1612 -0.0880
vn -0.7578 -0.2679 0.5950
vn -0.8610 0.2654 0.4338
vn -0.4194 -0.8451 0.3315
vn -0.7871 -0.0421 0.6154
vn -0.3899 -0.3202 0.8634
vn -0.1107 0.9898 0.0895
vn 0.2022 0.9531 -0.2252
vn -0.5564 0.7802 -0.2859
vn -0.5914 0.6501 0.4771
vn -0.5216 0.6993 0.4888
vn -0.3706 0.7646 0.5273
vn 0.8726 -0.1137 0.4751
vn 0.2842 0.6206 -0.7308
vn 0.8626 0.4736 -0.1779
vn 0.8631 0.1569 -0.4800
vn 0.5732 0.7360 -0.3601
vn 0.6209 0.6569 -0.4278
vn 0.0671 0.0981 0.9929
vn 0.4974 0.0931 0.8625
vn 0.5224 0.1020 0.8466
vn -0.7725 0.6115 0.1710
vn -0.6415 0.4917 0.5889
vn -0.5344 0.7524 0.3852
vn -0.4387 0.2300 -0.8687
vn -0.8324 0.4097 -0.3731
vn 0.3165 0.6067 0.7292
vn 0.2493 0.4363 0.8646
vn 0.7607 0.0561 0.6467
vn -0.3230 -0.9183 0.2290
vn -0.0059 -0.9994 0.0332
vn -0.1456 -0.9800 -0.1358
vn -0.5674 -0.5964 0.5678
vn -0.1890 -0.7804 0.5961
vn 0.5798 0.7828 0.2259
vn 0.3876 0.6837 0.6183
vn 0.7981 -0.5930 0.1066
vn 0.1053 -0.5146 0.8509
vn 0.7143 -0.5374 0.4483
vn 0.4655 0.0487 -0.8837
vn 0.4310 0.1095 -0.8957
vn 0.2925 0.1327 -0.9470
vn 0.8846 0.2051 -0.4187
vn 0.8159 0.3479 -0.4618
vn -0.9572 -0.0445 0.2861
vn -0.2928 0.1646 0.9419
vn -0.9454 -0.0703 0.3182
vn -0.4480 0.0315 0.8935
vn -0.9046 -0.1856 0.3838
vn -0.8950 -0.0328 -0.4448
vn -0.2612 0.2453 -0.9336
vn -0.0560 0.5466 -0.8355
vn -0.6376 0.0170 -0.7701
vn -0.9334 -0.2370 -0.2695
vn -0.9110 0.3108 -0.2710
vn 0.2501 -0.2175 -0.9435
vn -0.6974 -0.5267 -0.4860
vn -0.4022 -0.8699 0.2854
vn 0.8656 -0.0503 0.4981
vn 0.8596 -0.0884 0.5033
vn 0.8565 -0.1070 0.5049
vn 0.9785 0.0868 0.1871
vn 0.9754 -0.1794 0.1278
vn 0.9849 0.0572 0.1635
vn 0.9544 0.0565 0.2932
vn 0.9669 0.0886 0.2391
vn 0.9213 0.3414 0.1859
vn -0.0452 0.2804 -0.9588
vn 0.2892 0.2573 -0.9220
vn -0.0389 0.1582 -0.9866
vn -0.4068 0.2571 -0.8766
vn -0.3100 0.3441 -0.8863
vn 0.0263 0.3966 -0.9176
vn -0.3407 -0.8972 -0.2809
vn -0.0550 -0.5736 -0.8173
vn 0.5121 -0.7477 -0.4228
vn -0.7510 -0.1407 -0.6451
vn 0.0398 -0.9983 0.0415
vn -0.6116 -0.7695 0.1841
vn 0.3384 0.0890 0.9368
vn 0.4614 -0.0612 0.8851
vn 0.5373 -0.0931 0.8383
vn 0.4604 0.1606 0.8730
vn 0.3008 0.3167 0.8996
vn -0.9937 0.0636 -0.0921
vn -0.7204 0.1833 -0.6689
vn -0.6616 0.0525 -0.7480
vn -0.5075 -0.6270 -0.5910
vn -0.7756 -0.6183 -0.1269
vn 0.1624 -0.6760 0.7188
vn -0.9674 -0.0062 -0.2531
vn -0.2764 -0.9455 0.1721
vn 0.1155 0.4137 0.9031
vn 0.0062 0.5569 0.8305
vn -0.3074 -0.3659 -0.8784
vn -0.7886 -0.5522 -0.2707
vn -0.7691 -0.5446 -0.3345
vn -0.2771 -0.2105 -0.9375
vn 0.5595 0.1581 -0.8136
vn -0.5621 -0.6827 -0.4669
vn -0.4403 -0.5302 0.7246
vn -0.7414 -0.1246 0.6594
vn -0.2216 -0.9023 -0.3699
vn -0.1056 -0.1600 0.9815
vn 0.3207 -0.0113 0.9471
vn 0.0422 0.0742 0.9963
vn -0.1209 -0.1284 0.9843
vn -0.2125 -0.0906 0.9730
vn 0.0537 -0.3744 0.9257
vn 0.9921 -0.0832 -0.0939
vn 0.9357 0.2471 0.2519
vn 0.9869 0.1023 0.1244
vn 0.8462 0.1162 0.5201
vn 0.9863 0.1629 -0.0241
vn 0.3805 -0.0906 0.9203
vn 0.8988 -0.0049 0.4384
vn -0.4132 -0.2223 0.8831
vn 0.9188 0.0266 0.3937
vn -0.8868 0.3287 -0.3248
vn -0.9975 0.0489 -0.0502
vn -0.8924 0.1147 -0.4365
vn -0.5998 0.1705 -0.7818
vn 0.8266 -0.5463 -0.1353
vn 0.7503 -0.0990 0.6536
vn 0.8388 -0.0233 0.5439
vn 0.7973 -0.1875 -0.5737
vn 0.7470 -0.3961 0.5339
vn 0.5636 -0.6149 0.5516
vn 0.4520 0.0494 -0.8907
vn 0.4067 -0.0503 -0.9122
vn 0.1706 -0.0646 -0.9832
vn 0.2812 0.0448 -0.9586
vn 0.6001 0.0325 -0.7993
vn 0.6093 -0.0175 -0.7927
vn -0.7561 0.4869 0.4374
vn -0.5955 0.7767 0.2053
vn -0.0423 0.8996 0.4347
vn -0.8445 0.0547 0.5327
vn -0.9553 0.1185 0.2707
vn -0.8563 0.5050 -0.1082
vn -0.0634 -0.9972 0.0387
vn 0.9334 -0.3586 -0.0144
vn 0.8056 -0.2798 -0.5222
vn 0.9400 -0.2404 -0.2420
vn 0.7189 0.5001 -0.4827
vn -0.8684 0.3604 0.3405
vn -0.8200 0.3088 0.4819
vn -0.6892 0.4559 0.5631
vn -0.8395 0.5197 0.1583
vn -0.8182 0.5452 0.1825
vn -0.9186 0.3779 0.1159
vn -0.9017 0.2318 0.3650
vn -0.7149 0.5525 0.4286
vn -0.7209 0.4316 0.5422
vn -0.2126 0.1748 0.9614
vn -0.5000 0.4030 0.7665
vn -0.8542 0.4697 0.2232
vn -0.9106 0.3778 0.1677
vn -0.2113 0.1891 0.9590
vn 0.4557 0.1022 0.8843
vn 0.2892 0.0650 0.9551
vn -0.4003 -0.2708 0.8755
vn 0.5645 -0.7944 0.2243
vn 0.9575 0.2235 0.1821
vn 0.9656 0.2589 -0.0251
vn -0.8181 -0.2699 0.5078
vn -0.9127 -0.2705 0.3064
vn -0.9378 -0.1197 0.3260
vn -0.9250 -0.2714 0.2658
vn -0.8856 -0.1258 0.4471
vn -0.8271 -0.3428 0.4455
vn 0.2189 -0.4074 -0.8866
vn 0.6990 -0.2189 -0.6808
vn -0.1043 -0.1175 -0.9876
vn -0.3995 -0.2106 -0.8922
vn -0.6968 -0.4961 0.5179
vn 0.8764 0.4580 -0.1486
vn 0.9296 0.2631 0.2580
vn 0.9208 0.3657 -0.1357
vn 0.8936 0.3770 0.2436
vn 0.9394 -0.2586 0.2250
vn -0.6820 -0.2782 0.6763
vn -0.8114 -0.3285 0.4835
vn -0.8469 -0.1200 0.5181
vn -0.6630 0.1415 0.7351
vn 0.1033 -0.9698 0.2211
vn -0.1622 -0.5039 -0.8484
vn -0.2845 -0.3952 -0.8734
vn 0.4125 0.1317 -0.9014
vn -0.5367 0.7294 0.4242
vn -0.3046 0.9389 0.1603
vn 0.6426 -0.0409 0.7651
vn 0.4126 -0.3203 0.8528
vn 0.4055 -0.7236 0.5586
vn 0.6643 -0.0570 0.7453
vn 0.6930 -0.0188 0.7207
vn 0.8514 -0.1401 0.5055
vn 0.6651 -0.0296 0.7462
vn -0.6997 0.5317 -0.4772
vn -0.9065 0.3327 0.2598
vn -0.6081 0.7764 0.1656
vn -0.6459 -0.5817 0.4944
vn 0.4830 -0.5411 0.6885
vn 0.2345 -0.2937 0.9267
vn 0.5746 -0.5789 0.5785
vn -0.8662 -0.4832 0.1272
vn -0.3799 0.4594 0.8029
vn -0.8352 0.2718 0.4780
vn -0.4066 -0.2982 0.8636
vn 0.5915 0.1955 -0.7822
vn 0.3999 0.2171 -0.8905
vn 0.5349 -0.1817 -0.8251
vn -0.6608 -0.1183 -0.7411
vn -0.4612 0.0033 -0.8873
vn -0.9006 0.2726 0.3385
vn -0.9044 -0.0300 0.4255
vn 0.4011 -0.2343 -0.8856
vn -0.7404 -0.6504 -0.1695
vn -0.3079 -0.1324 -0.9422
vn -0.6093 -0.0910 -0.7877
vn -0.1493 0.0051 -0.9888
vn -0.2672 0.1240 0.9556
vn -0.5064 -0.4106 0.7583
vn 0.3064 -0.6982 0.6470
vn 0.4628 -0.2219 0.8582
vn -0.0288 0.3504 -0.9362
vn 0.5882 -0.0799 -0.8048
vn 0.0869 0.1569 -0.9838
vn 0.6144 0.2694 -0.7415
vn -0.5695 0.2675 -0.7773
vn 0.7248 -0.5511 -0.4134
vn 0.8776 -0.4157 -0.2387
vn 0.2490 -0.3147 -0.9159
vn 0.6765 -0.4745 -0.5633
vn 0.8307 -0.5567 -0.0104
vn 0.2145 0.2237 0.9508
vn 0.3071 0.3206 0.8960
vn 0.5116 -0.3381 0.7899
vn 0.0466 0.2261 0.9730
vn 0.7262 0.6809 -0.0950
vn 0.1736 0.9820 -0.0743
vn 0.8238 -0.5639 -0.0589
vn 0.7129 -0.6472 -0.2699
vn 0.7918 0.5418 0.2821
vn 0.7468 -0.6067 0.2725
vn -0.0146 -0.0840 0.9964
vn -0.0042 -0.9788 0.2050
vn 0.2379 0.4987 0.8335
vn 0.4697 0.1550 0.8691
vn 0.5870 0.7846 0.1994
vn -0.7279 0.6722 0.1351
vn -0.8319 0.3522 0.4288
vn 0.4676 0.8345 0.2916
vn -0.8276 0.5603 -0.0335
vn -0.5163 0.0508 0.8549
vn -0.1262 -0.7052 0.6977
vn -0.7210 -0.3689 0.5865
vn -0.7972 0.1868 0.5740
vn -0.3550 0.0355 0.9342
vn -0.3680 0.0633 0.9277
vn -0.0089 -0.0008 1.0000
vn -0.2357 0.1798 0.9550
vn 0.9961 0.0656 0.0584
vn 0.8994 0.2749 -0.3400
vn 0.9567 0.1255 -0.2626
vn 0.4826 0.0473 0.8746
vn 0.7446 -0.4729 0.4711
vn -0.1272 -0.9742 -0.1863
vn -0.4288 -0.7222 0.5428
vn 0.2549 -0.2378 0.9373
vn 0.2228 -0.2999 0.9276
vn -0.7220 0.3276 0.6094
vn 0.1360 0.0709 0.9882
vn -0.5266 0.3157 0.7893
vn 0.9895 0.1426 0.0247
vn 0.9655 0.0145 -0.2601
vn 0.9169 0.3333 -0.2195
vn 0.9274 0.3522 0.1262
vn 0.9776 0.0878 0.1911
vn 0.9868 -0.1353 0.0895
vn 0.8894 -0.4476 0.0931
vn 0.5270 -0.3233 -0.7860
vn 0.9211 -0.3334 0.2009
vn 0.2641 -0.0189 0.9643
vn 0.2733 -0.1081 0.9558
vn 0.3408 -0.6898 -0.6387
vn 0.3194 -0.3840 -0.8663
vn -0.1390 -0.4431 0.8856
vn 0.4817 -0.8111 0.3317
vn -0.0807 -0.0411 -0.9959
vn -0.3916 -0.1074 -0.9138
vn -0.0572 -0.1185 -0.9913
vn -0.1641 -0.2415 0.9564
vn -0.5580 -0.5523 0.6193
vn -0.5782 -0.4476 0.6821
vn -0.2552 -0.1049 0.9612
vn 0.2007 0.2531 0.9464
vn -0.6803 -0.4467 0.5811
vn 0.3098 -0.0190 0.9506
vn 0.5461 0.2801 -0.7895
vn 0.0689 0.2753 -0.9589
vn 0.5272 0.4519 -0.7196
vn 0.7896 0.3983 -0.4668
vn -0.9073 0.2654 0.3262
vn -0.8912 0.3404 0.2998
vn -0.8936 -0.0025 0.4489
vn -0.8678 0.3768 0.3240
vn -0.9260 -0.0560 0.3734
vn 0.6838 0.1435 -0.7154
vn -0.1939 -0.3320 -0.9231
vn 0.6370 -0.2232 -0.7378
vn 0.7782 0.4452 0.4429
vn 0.5314 -0.7805 0.3292
vn 0.8637 -0.4345 0.2554
vn 0.7407 0.0330 0.6710
vn 0.1087 -0.8512 0.5134
vn 0.5087 -0.6282 -0.5887
vn 0.0977 -0.6399 -0.7622
vn 0.6771 0.1259 -0.7250
vn -0.7237 -0.4824 0.4936
vn -0.7893 0.1840 0.5857
vn -0.4678 -0.4988 0.7297
vn -0.4654 0.2992 0.8330
vn 0.4141 -0.2053 0.8868
vn -0.3749 -0.1310 0.9178
vn 0.4129 -0.1517 0.8981
vn 0.3967 -0.1613 0.9037
vn -0.3696 -0.0901 0.9248
vn 0.8803 -0.1586 0.4470
vn 0.8864 -0.1442 0.4400
vn 0.5803 0.6603 -0.4766
vn 0.8389 0.5284 0.1303
vn 0.5727 0.8001 0.1785
vn 0.2926 0.2250 -0.9294
vn 0.8014 0.4122 -0.4335
vn 0.5507 0.2858 -0.7842
vn -0.3568 0.2823 -0.8905
vn 0.1087 0.5119 -0.8521
vn 0.7467 0.3901 -0.5387
vn -0.4204 0.0044 -0.9073
vn 0.5673 0.0831 -0.8193
vn -0.3910 0.7084 -0.5876
vn -0.2981 0.6361 -0.7117
vn -0.0941 0.7855 -0.6117
vn -0.0589 0.8600 -0.5069
vn -0.3471 -0.5508 0.7590
vn -0.3019 0.6922 0.6556
vn -0.6584 0.7047 0.2645
vn -0.6545 -0.6542 0.3790
vn -0.0505 -0.7506 0.6588
vn 0.2514 -0.2885 -0.9239
vn 0.0564 -0.1590 -0.9857
vn 0.1296 -0.0234 -0.9913
vn 0.4936 -0.3312 -0.8042
vn 0.2400 -0.1156 -0.9639
vn 0.5335 -0.4175 -0.7356
vn 0.2210 0.0270 0.9749
vn 0.0483 0.1705 0.9842
vn -0.7777 0.2746 0.5655
vn -0.9449 -0.3272 -0.0121
vn -0.5403 -0.7015 -0.4647
vn -0.3290 -0.5957 -0.7327
vn -0.8462 -0.3261 -0.4214
vn 0.1822 -0.9072 0.3792
vn 0.0813 -0.9262 -0.3681
vn 0.6802 0.4387 0.5872
vn 0.8041 0.4064 0.4339
vn 0.4710 0.7364 0.4857
vn 0.6059 0.3606 0.7091
vn -0.9807 -0.0200 -0.1947
vn -0.8935 -0.1608 0.4192
vn -0.9761 -0.0463 -0.2125
vn -0.6615 0.0402 -0.7489
vn -0.6859 0.1202 -0.7177
vn -0.9838 -0.0053 -0.1793
vn -0.6731 -0.2849 0.6825
vn -0.5589 -0.1259 0.8196
vn -0.3827 -0.0860 0.9199
vn -0.8175 -0.3836 0.4295
vn -0.7661 -0.3181 0.5585
vn -0.6010 -0.2599 0.7558
vn -0.0692 -0.4623 0.8840
vn -0.8000 -0.5999 0.0125
vn 0.4765 -0.1843 0.8596
vn 0.2026 0.9083 0.3659
vn -0.6486 -0.7139 -0.2637
vn -0.6018 -0.7232 -0.3388
vn -0.1706 -0.6871 0.7062
vn -0.1715 -0.1113 0.9789
vn -0.3400 -0.0682 0.9379
vn -0.2122 -0.0638 0.9751
vn -0.2762 -0.0987 0.9560
vn 0.9238 0.3725 0.0889
vn 0.9653 0.2610 -0.0077
vn 0.6821 0.5853 0.4384
vn -0.8142 0.0396 -0.5792
vn -0.8125 0.0192 -0.5826
vn 0.9079 0.2428 0.3416
vn 0.0007 0.5383 -0.8428
vn -0.5696 0.3605 -0.7386
vn 0.2695 0.2808 -0.9212
vn 0.5403 0.5564 -0.6313
vn 0.0648 0.7761 -0.6272
vn -0.3397 0.1651 -0.9259
vn -0.0363 0.0995 -0.9944
vn -0.6220 0.3161 -0.7164
vn 0.8194 -0.4925 0.2932
vn 0.8847 -0.4375 0.1607
vn 0.7806 -0.5501 0.2968
vn 0.6581 -0.7529 0.0033
vn 0.7817 -0.4358 0.4462
vn 0.7159 -0.6947 -0.0694
vn 0.7245 0.0604 0.6866
vn 0.7347 0.0833 0.6732
vn 0.5048 0.0033 0.8632
vn 0.4565 -0.0679 0.8871
vn 0.9067 0.1607 0.3900
vn -0.8965 -0.0103 0.4430
vn -0.7775 -0.0227 0.6285
vn 0.6969 -0.1714 -0.6964
vn -0.3316 0.1173 -0.9361
vn 0.9674 -0.1825 0.1758
vn 0.9725 -0.1216 0.1986
vn 0.7940 0.1694 0.5839
vn 0.9436 -0.1402 -0.3001
vn 0.8364 -0.4699 0.2821
vn 0.9586 -0.1836 -0.2177
vn 0.6334 -0.0361 -0.7730
vn 0.9314 -0.1721 0.3208
vn -0.3421 -0.3413 0.8755
vn -0.6821 -0.1243 0.7206
vn -0.3179 0.1644 0.9338
vn -0.0490 -0.4410 0.8962
vn -0.4695 -0.3308 0.8186
vn -0.0188 0.1523 0.9882
vn 0.7369 -0.6682 0.1025
vn 0.9076 0.3295 0.2603
vn 0.8026 -0.5857 0.1133
vn -0.7669 -0.5823 -0.2699
vn 0.6737 -0.5719 0.4680
vn -0.5846 -0.6739 -0.4518
vn -0.6278 -0.6622 -0.4092
vn 0.8948 0.1126 0.4321
vn 0.3774 0.8380 -0.3940
vn 0.2891 0.9507 0.1120
vn 0.8298 -0.1134 0.5464
vn 0.7340 -0.5025 -0.4570
vn 0.2535 0.5398 -0.8027
vn 0.9884 -0.1502 -0.0220
vn 0.6237 -0.0209 -0.7814
vn 0.6736 0.0350 -0.7383
vn 0.0032 -0.3739 -0.9275
vn -0.7907 -0.5735 -0.2142
vn -0.8774 -0.4536 -0.1563
vn -0.9856 -0.1441 0.0887
vn 0.9863 -0.1227 0.1105
vn 0.9178 0.0843 -0.3881
vn 0.7593 -0.6438 -0.0948
vn 0.6971 0.4417 0.5648
vn 0.1879 0.1789 0.9658
vn 0.8252 0.4674 0.3172
vn 0.4667 0.4264 0.7749
vn 0.8446 0.3014 0.4425
vn -0.1608 0.9654 -0.2052
vn 0.2732 0.9604 0.0545
vn 0.1828 0.9557 -0.2307
vn -0.1922 0.8640 -0.4653
vn -0.2679 0.8690 -0.4159
vn -0.3826 0.7216 0.5770
vn -0.4557 0.8651 -0.2098
vn 0.4124 -0.4596 0.7866
vn 0.2099 -0.6027 0.7698
vn 0.6015 -0.6800 -0.4192
vn 0.6482 -0.1323 0.7499
vn -0.6903 -0.4480 -0.5682
vn -0.4068 -0.6638 -0.6276
vn -0.8716 -0.4703 -0.1386
vn -0.6889 0.5664 -0.4524
vn -0.2733 -0.3782 -0.8845
vn -0.2250 0.1425 0.9639
vn 0.1659 -0.1155 0.9794
vn -0.5279 0.4903 0.6935
vn -0.3589 0.5676 0.7409
vn 0.1088 -0.2473 0.9628
vn -0.3455 0.0947 0.9336
vn -0.9567 -0.1710 0.2354
vn -0.3772 -0.1655 -0.9112
vn 0.0175 0.3914 -0.9201
vn 0.4145 0.3626 -0.8347
vn 0.0200 0.0931 -0.9955
vn -0.4082 0.3373 -0.8483
vn 0.3024 -0.6711 0.6769
vn 0.3419 -0.6267 0.7002
vn -0.2159 -0.1054 -0.9707
vn 0.6543 0.0092 -0.7562
vn 0.0561 0.1054 -0.9928
vn 0.0084 0.6807 -0.7325
vn 0.4686 0.6698 -0.5760
vn 0.7018 0.6433 -0.3062
vn 0.6897 0.1191 -0.7143
vn 0.9855 -0.0137 -0.1691
vn 0.9768 -0.0699 -0.2024
vn 0.7139 -0.2633 0.6489
vn -0.7600 -0.6490 0.0353
vn -0.7737 -0.6333 0.0148
vn -0.5565 -0.5850 -0.5900
vn -0.6100 -0.5211 -0.5970
vn -0.6615 -0.7496 0.0240
vn -0.6105 -0.4513 0.6509
vn -0.5016 0.7431 0.4429
vn -0.5093 0.8321 0.2196
vn -0.7302 0.6368 0.2476
vn -0.0294 0.8810 0.4722
vn -0.4347 0.6427 0.6309
vn 0.1029 0.7899 0.6045
vn -0.7112 0.0091 -0.7029
vn 0.7831 -0.1541 0.6025
vn 0.4724 -0.1663 0.8655
vn 0.8519 -0.2417 0.4645
vn 0.4754 -0.3782 0.7944
vn 0.9781 -0.1215 0.1691
vn -0.4645 -0.8599 0.2118
vn 0.4290 -0.2122 -0.8780
vn 0.9289 -0.3652 0.0616
vn -0.6706 -0.2194 0.7086
vn -0.4809 -0.7502 0.4539
vn 0.1331 -0.2510 0.9588
vn -0.0065 0.4561 0.8899
vn -0.9569 -0.1289 0.2602
vn -0.6099 0.4120 0.6770
vn -0.0049 0.3549 -0.9349
vn -0.0257 0.9165 -0.3991
vn 0.6011 0.3217 0.7316
vn 0.0951 -0.6958 -0.7120
vn -0.0035 -0.9081 0.4187
vn -0.1608 -0.9683 0.1912
vn 0.0468 0.9423 0.3314
vn 0.0134 0.9882 0.1528
vn -0.4629 -0.8542 0.2368
vn -0.3795 -0.6481 -0.6603
vn 0.0423 -0.3812 0.9235
vn 0.3156 -0.9484 0.0317
vn 0.6767 0.0762 -0.7323
vn 0.4220 -0.0667 -0.9041
vn 0.6405 -0.0327 -0.7672
vn -0.6284 0.1232 0.7681
vn 0.5703 0.1888 0.7995
vn 0.1068 0.3898 0.9147
vn -0.9430 -0.3138 -0.1108
vn -0.9527 -0.2435 -0.1817
vn -0.7278 0.2505 0.6384
vn -0.8665 -0.2593 -0.4265
vn 0.0223 0.1068 -0.9940
vn 0.0224 0.0986 -0.9949
vn -0.0097 0.1525 -0.9883
vn -0.0036 0.2540 -0.9672
vn 0.0001 0.1391 -0.9903
vn 0.9022 -0.0427 0.4291
vn -0.7287 0.3625 0.5810
vn -0.8866 0.4359 -0.1547
vn -0.6662 0.0431 -0.7445
vn -0.5363 0.0411 -0.8430
vn 0.5409 0.2016 0.8166
vn 0.5251 0.7010 0.4825
vn 0.7223 0.5290 0.4454
vn 0.2340 0.3447 0.9091
vn 0.1270 -0.4600 0.8788
vn 0.5827 -0.1873 0.7908
vn -0.6044 -0.3305 0.7249
vn -0.4553 -0.8892 -0.0454
vn -0.8572 -0.3204 0.4032
vn 0.1899 0.8079 0.5578
vn 0.5580 0.7457 0.3641
vn 0.6833 0.3772 0.6252
vn -0.3389 0.7116 0.6155
vn 0.2772 0.4567 0.8453
vn -0.8405 -0.5346 -0.0881
vn -0.8644 -0.4994 -0.0589
vn 0.5023 0.2163 0.8372
vn 0.2283 0.1368 0.9639
vn 0.2898 0.0598 0.9552
vn 0.4619 0.1953 0.8652
vn -0.8359 0.4977 0.2314
vn -0.5944 0.6711 0.4430
vn 0.9575 0.0960 0.2719
vn 0.8634 0.4687 -0.1870
vn 0.9085 0.2735 -0.3161
vn 0.8450 0.0693 0.5303
vn 0.8130 0.4517 0.3673
vn 0.8540 -0.3038 0.4223
vn -0.9364 0.2805 0.2110
vn -0.4601 0.5614 0.6879
vn -0.7938 0.5251 0.3069
vn -0.8215 -0.4490 -0.3514
vn -0.2317 0.6361 -0.7360
vn -0.4748 0.6227 -0.6220
vn -0.1986 0.7795 -0.5941
vn -0.8285 0.0952 0.5518
vn -0.8262 0.0869 0.5567
vn 0.7928 0.1164 0.5983
vn 0.6531 -0.0043 0.7573
vn 0.6301 0.1001 0.7700
vn 0.1062 0.2209 -0.9695
vn -0.1673 0.0733 -0.9832
vn 0.1163 0.0929 -0.9889
vn 0.1440 0.0835 -0.9860
vn 0.6927 0.1587 -0.7036
vn 0.5830 -0.5472 0.6006
vn 0.5759 -0.4702 0.6688
vn 0.8034 -0.5916 0.0669
vn 0.8430 -0.5379 -0.0022
vn 0.6956 -0.4591 0.5526
vn -0.5887 -0.1080 -0.8011
vn -0.8951 0.3906 -0.2149
vn 0.2509 0.8863 0.3892
vn 0.5950 0.6640 0.4529
vn 0.2144 0.8053 0.5528
vn 0.1452 0.8045 0.5759
vn 0.2435 0.9315 0.2702
vn 0.2939 0.8165 0.4969
vn 0.7377 -0.6674 0.1018
vn 0.1963 -0.5331 0.8230
vn -0.1267 0.7409 0.6595
vn -0.2723 0.8570 0.4374
vn 0.2197 0.5800 0.7844
vn -0.7469 -0.3889 -0.5393
vn -0.3662 -0.1062 -0.9244
vn -0.7830 -0.3380 -0.5222
vn 0.3932 0.2727 0.8781
vn -0.9822 0.0233 0.1866
vn -0.9947 0.0906 -0.0480
vn -0.5215 0.0330 0.8526
vn 0.3760 -0.0715 -0.9239
vn 0.5700 -0.0983 -0.8158
vn 0.5863 0.7909 0.1754
vn 0.2836 0.8279 0.4840
vn 0.8210 0.3879 0.4189
vn -0.0910 -0.5136 -0.8532
vn -0.8694 -0.3571 -0.3415
vn -0.9678 -0.2516 0.0023
vn 0.7996 -0.3313 -0.5009
vn 0.0221 -0.6956 0.7181
vn 0.3230 -0.8716 -0.3687
vn 0.2109 -0.7289 0.6514
vn 0.7103 -0.3358 0.6187
vn 0.6425 0.3377 0.6879
vn 0.6738 0.0786 0.7347
vn 0.4480 -0.2810 0.8487
vn -0.0363 0.8416 0.5389
vn 0.0815 0.0983 0.9918
vn -0.4825 0.4052 0.7765
vn -0.7257 0.2494 0.6412
vn 0.6806 -0.1602 0.7149
vn 0.3826 0.0646 0.9216
vn -0.4857 0.2010 0.8507
vn -0.1297 0.0574 0.9899
vn -0.8864 0.1203 -0.4470
vn -0.8895 0.3648 -0.2753
vn -0.9172 0.1220 -0.3793
vn -0.8624 0.1053 -0.4951
vn -0.8685 0.2605 -0.4218
vn -0.2982 0.9234 0.2416
vn 0.6099 0.7338 0.2993
vn -0.0410 0.9747 -0.2196
vn -0.8893 0.3373 0.3090
vn 0.8498 -0.5153 0.1110
vn 0.2083 -0.8040 -0.5570
vn 0.4116 -0.6828 -0.6036
vn 0.4744 -0.8800 0.0248
vn 0.7750 -0.0682 0.6283
vn 0.7287 0.0505 0.6830
vn 0.5913 0.0551 0.8046
vn 0.7894 -0.0368 0.6128
vn 0.7909 0.0347 -0.6110
vn 0.8631 0.3162 -0.3938
vn 0.9371 -0.2661 -0.2260
vn 0.7832 -0.2654 -0.5623
vn -0.7765 -0.5655 0.2781
vn -0.3927 -0.1192 0.9119
vn -0.4330 0.0609 0.8993
vn -0.2893 0.2259 -0.9302
vn -0.7726 0.5049 -0.3849
vn -0.2610 0.2761 -0.9250
vn 0.3930 -0.1364 -0.9094
vn 0.3680 -0.1365 -0.9198
vn -0.8799 0.3510 -0.3201
vn -0.9054 0.3437 -0.2491
vn -0.3543 0.0856 -0.9312
vn -0.8523 0.4267 -0.3027
vn 0.1935 -0.4204 0.8865
vn -0.0276 -0.1330 0.9907
vn 0.1273 -0.9168 -0.3786
vn -0.5572 -0.7663 0.3200
vn -0.4045 -0.7508 0.5222
vn 0.5643 0.1803 -0.8056
vn 0.1214 -0.9607 -0.2498
vn -0.8045 -0.5239 0.2797
vn 0.6445 0.0994 0.7582
vn 0.9079 0.3501 0.2304
vn -0.1300 -0.2169 -0.9675
vn -0.8091 0.0226 -0.5872
vn -0.9854 -0.0052 0.1701
vn -0.8090 0.1775 0.5604
vn -0.8278 0.0817 0.5550
vn -0.9910 -0.0127 -0.1332
vn -0.9893 -0.0006 -0.1461
vn 0.5280 -0.2278 -0.8181
vn -0.4191 -0.7237 -0.5483
vn 0.4086 -0.1613 -0.8983
vn 0.6307 -0.0940 -0.7703
vn 0.4699 -0.0146 0.8826
vn 0.2269 0.9059 0.3575
vn 0.2188 0.9736 0.0657
vn 0.1924 0.9488 0.2504
vn -0.5367 0.3528 -0.7665
vn -0.4864 0.4993 -0.7170
vn -0.1042 0.4054 -0.9082
vn -0.1326 0.2686 -0.9541
vn 0.2859 0.6645 0.6904
vn 0.8144 0.3608 0.4546
vn 0.1341 0.9608 -0.2426
vn 0.6520 -0.0589 0.7559
vn 0.7631 0.5607 0.3215
vn -0.9257 0.3783 -0.0012
vn -0.8456 -0.3959 0.3580
vn -0.9372 -0.3082 -0.1630
vn -0.6920 0.0979 0.7152
vn -0.9670 -0.1099 0.2299
vn -0.6832 -0.2831 0.6731
vn -0.6414 -0.2628 -0.7208
vn -0.9677 -0.1185 -0.2224
vn -0.6188 -0.0433 -0.7844
vn -0.9193 -0.3738 -0.1234
vn -0.7239 -0.0841 -0.6848
vn -0.8688 -0.4627 0.1761
vn -0.9244 -0.3009 -0.2345
vn -0.8898 -0.4518 0.0648
vn -0.9933 -0.0983 0.0607
vn -0.7781 -0.6277 -0.0244
vn -0.6487 0.3165 0.6921
vn -0.9183 0.2365 0.3174
vn -0.2976 -0.4795 0.8255
vn -0.7493 -0.1192 0.6515
vn -0.2877 0.9571 -0.0339
vn 0.9600 0.1261 0.2500
vn 0.9443 0.0908 0.3163
vn 0.9642 0.1404 0.2249
vn 0.9325 0.0638 0.3556
vn -0.8764 -0.1780 -0.4474
vn -0.9788 -0.2046 -0.0017
vn 0.8319 0.1966 0.5189
vn 0.8467 0.1668 0.5052
vn 0.8501 -0.2399 0.4688
vn 0.8687 0.2523 -0.4262
vn -0.6546 0.1020 -0.7491
vn -0.6260 0.0238 -0.7794
vn -0.9663 0.2209 -0.1324
vn -0.9722 0.2162 -0.0900
vn -0.9038 0.0416 0.4259
vn 0.5431 0.0891 0.8349
vn 0.1771 0.9591 0.2209
vn 0.4912 -0.3242 0.8085
vn -0.8215 0.3110 0.4779
vn -0.6243 0.4871 0.6107
vn -0.8275 0.2516 0.5020
vn -0.8799 0.2018 0.4303
vn -0.8564 -0.5161 -0.0145
vn -0.3189 -0.4403 -0.8393
vn -0.2182 -0.6392 -0.7374
vn -0.6743 -0.7384 0.0118
vn -0.4071 -0.3392 0.8481
vn 0.5895 0.3456 0.7301
vn 0.8423 -0.0367 0.5377
vn 0.9153 0.2104 0.3435
vn 0.1340 0.1399 0.9811
vn 0.9043 0.0518 0.4238
vn 0.1704 -0.7092 0.6841
vn 0.2001 0.1233 0.9720
vn 0.4265 -0.8944 0.1345
vn 0.9478 0.0818 -0.3081
vn 0.9625 -0.0118 -0.2709
vn -0.1140 -0.3618 0.9253
vn -0.0233 -0.0894 0.9957
vn -0.0203 0.3417 0.9396
vn 0.8751 -0.1014 0.4733
vn 0.9855 -0.0153 -0.1687
vn -0.3115 -0.0635 0.9481
vn 0.5498 -0.3193 0.7718
vn -0.3167 -0.2948 0.9015
vn -0.9570 0.2863 -0.0458
vn -0.9756 0.1570 -0.1536
vn -0.9675 0.1800 -0.1778
vn -0.3683 -0.6824 0.6314
vn -0.8226 -0.4754 0.3120
vn -0.3392 -0.5769 0.7431
vn 0.0838 0.9927 0.0872
vn 0.0118 0.9970 -0.0764
vn 0.5788 0.7272 -0.3690
vn 0.0408 0.9877 0.1510
vn 0.9939 -0.0811 0.0750
vn 0.1530 0.7530 -0.6400
vn -0.1496 0.6420 -0.7520
vn 0.4535 0.4586 0.7642
vn 0.6159 0.2234 0.7555
vn -0.7720 0.0330 -0.6348
vn 0.1166 -0.9281 -0.3535
vn -0.9565 -0.2907 -0.0229
vn -0.7671 -0.5561 -0.3200
vn 0.6985 -0.6999 0.1491
vn 0.9527 0.2911 0.0874
vn 0.2315 -0.3003 0.9253
vn -0.3173 -0.9414 0.1145
vn 0.1823 -0.6339 -0.7516
vn 0.6714 0.0682 -0.7380
vn 0.6398 -0.0396 -0.7675
vn 0.8909 0.4189 -0.1754
vn 0.1519 -0.4829 -0.8624
vn 0.1116 -0.3977 -0.9107
vn 0.4747 0.0731 -0.8771
vn -0.6457 0.7535 0.1239
vn -0.8611 0.3568 0.3622
vn -0.8068 0.2846 0.5178
vn 0.2417 -0.0354 0.9697
vn -0.0764 0.0066 0.9971
vn 0.0738 -0.0602 0.9955
vn 0.2900 -0.0385 0.9562
vn 0.9353 -0.0062 0.3539
vn 0.8429 -0.1286 0.5224
vn 0.0844 -0.7052 0.7039
vn 0.3924 -0.1050 -0.9138
vn 0.9333 -0.3075 -0.1852
vn 0.9341 -0.2353 -0.2684
vn 0.4118 -0.7269 -0.5496
vn 0.7002 0.2389 0.6728
vn 0.7132 0.1272 0.6893
vn 0.9538 -0.2860 -0.0919
vn 0.7012 0.3545 -0.6186
vn 0.4427 0.0759 -0.8934
vn 0.4603 -0.2758 -0.8438
vn -0.5946 0.0404 0.8030
vn -0.0461 -0.4495 0.8921
vn -0.1348 0.1003 -0.9858
vn -0.0732 -0.6372 -0.7672
vn -0.6977 0.1220 -0.7059
vn 0.4915 -0.6444 -0.5858
vn -0.5243 0.6634 -0.5339
vn -0.0343 0.6800 -0.7325
vn -0.6877 0.5650 0.4559
vn -0.4773 0.7634 0.4352
vn -0.7352 0.6696 -0.1052
vn -0.8595 0.3815 0.3401
vn -0.6803 0.6908 0.2449
vn -0.0033 0.0108 -0.9999
vn -0.0074 0.0028 -1.0000
vn -0.2360 -0.8585 0.4553
vn -0.9702 -0.2403 -0.0304
vn -0.9741 -0.2191 -0.0560
vn -0.9092 -0.1755 -0.3775
vn -0.9093 -0.2162 -0.3556
vn -0.6569 0.2694 -0.7042
vn -0.8998 0.2417 -0.3632
vn -0.6722 0.2628 -0.6922
vn -0.8829 0.2573 -0.3928
vn -0.3408 0.2974 -0.8918
vn 0.8064 0.0290 0.5907
vn 0.8873 0.0249 0.4606
vn 0.7993 -0.0479 0.5991
vn 0.6807 0.1194 0.7228
vn -0.4034 -0.5666 0.7185
vn -0.3374 -0.6729 0.6583
vn -0.7943 -0.5644 -0.2247
vn -0.8301 -0.2987 0.4708
vn 0.7384 -0.6225 -0.2594
vn 0.8723 -0.4210 -0.2489
vn 0.9171 -0.2959 -0.2671
vn 0.5985 -0.7757 -0.2002
vn 0.6688 -0.3916 -0.6319
vn -0.6907 0.5825 0.4285
vn -0.3529 -0.0755 0.9326
vn 0.8934 0.3325 0.3022
vn 0.9429 0.3326 0.0201
vn 0.9543 0.0215 -0.2982
vn 0.9762 -0.0409 0.2130
vn 0.5633 -0.1054 -0.8195
vn 0.5473 0.0275 -0.8365
vn -0.2433 0.2257 -0.9433
vn 0.2479 -0.4553 0.8551
vn -0.8383 0.1335 0.5286
vn -0.5165 0.0728 0.8532
vn -0.3954 -0.9178 0.0367
vn -0.2206 0.3845 0.8964
vn -0.9795 -0.1790 -0.0920
vn -0.2839 0.1444 0.9479
vn 0.3282 0.9392 0.1005
vn 0.3004 0.9195 0.2535
vn 0.3657 -0.9253 0.1001
vn 0.6137 -0.7170 -0.3307
vn 0.6484 -0.7326 0.2071
vn -0.3120 0.0342 0.9495
vn 0.0209 0.3238 0.9459
vn 0.1892 0.2716 0.9436
vn 0.1575 -0.4489 0.8796
vn -0.9409 -0.0065 0.3387
vn -0.9581 -0.0374 0.2840
vn -0.9708 -0.1325 0.1999
vn -0.8496 0.1253 0.5123
vn -0.9356 -0.1386 0.3247
vn 0.6145 -0.7736 0.1547
vn 0.4401 -0.8979 0.0110
vn 0.6049 -0.3619 0.7093
vn -0.6889 -0.6745 -0.2654
vn -0.6605 0.6732 -0.3324
vn -0.7297 -0.6035 0.3214
vn -0.5466 -0.7122 0.4405
vn -0.8282 0.3495 0.4382
vn 0.7295 -0.6646 -0.1615
vn 0.8423 -0.5204 0.1400
vn -0.8134 -0.5616 0.1517
vn -0.8167 0.4695 0.3356
vn -0.0930 0.5261 0.8453
vn -0.0145 -0.8876 0.4604
vn 0.7866 -0.0662 0.6139
vn 0.0131 0.6185 0.7857
vn -0.7689 -0.0622 0.6363
vn -0.8274 0.4414 0.3474
vn -0.7226 0.6542 0.2232
vn -0.6316 0.4868 0.6034
vn 0.4702 0.0914 0.8778
vn 0.6719 0.5792 -0.4616
vn 0.5323 0.3160 0.7853
vn 0.6799 0.2994 0.6694
vn 0.8722 0.0974 0.4793
vn 0.6546 0.2093 0.7264
vn 0.6589 0.2729 -0.7010
vn 0.8840 0.2626 -0.3867
vn 0.8811 0.2654 -0.3913
vn -0.9241 0.0890 0.3715
vn 0.3050 -0.9248 -0.2274
vn 0.4086 -0.7119 0.5712
vn 0.8721 -0.3402 -0.3518
vn 0.9646 -0.2609 0.0373
vn 0.9275 -0.3190 0.1947
vn 0.5564 -0.5444 -0.6277
vn 0.5216 -0.0990 0.8474
vn -0.1945 0.0232 0.9806
vn -0.4800 0.2321 0.8460
vn -0.7203 0.1152 0.6840
vn -0.1983 0.8167 -0.5420
vn 0.7796 0.2334 -0.5811
vn 0.7806 0.1882 -0.5961
vn 0.9783 0.1705 -0.1173
vn 0.4262 0.2992 -0.8537
vn -0.1133 0.0792 0.9904
vn -0.1170 0.1017 0.9879
vn 0.0062 0.0937 0.9956
vn 0.2965 0.0760 0.9520
vn -0.7853 0.4610 -0.4133
vn -0.6514 0.3403 0.6782
vn -0.2712 -0.1313 0.9535
vn -0.3339 -0.0254 0.9423
vn 0.2294 0.2572 -0.9387
vn -0.2485 0.6053 0.7562
vn 0.0386 0.8292 -0.5576
vn -0.1755 0.4686 -0.8658
vn -0.5262 -0.2761 -0.8043
vn -0.2325 -0.3601 -0.9035
vn 0.7001 -0.1968 0.6864
vn 0.6792 -0.1356 0.7213
vn 0.7348 -0.0972 0.6712
vn 0.9446 -0.0592 0.3229
vn 0.8220 -0.1329 0.5538
vn 0.7797 -0.2040 0.5920
vn 0.7575 -0.0181 0.6526
vn -0.1424 0.4064 0.9025
vn 0.6913 -0.5398 0.4804
vn -0.6289 -0.7761 0.0469
vn -0.7936 -0.2946 -0.5324
vn -0.7955 -0.3810 -0.4712
vn -0.9102 -0.2848 0.3008
vn -0.6813 0.1680 -0.7125
vn -0.8187 0.1078 -0.5640
vn -0.5227 -0.6291 -0.5754
vn -0.6805 -0.7027 -0.2074
vn 0.1643 -0.1920 0.9675
vn 0.1137 -0.3723 0.9211
vn -0.0057 -0.1635 0.9865
vn 0.1509 0.3281 0.9325
vn -0.0217 -0.3069 0.9515
vn -0.8345 -0.4653 0.2951
vn -0.4442 -0.8832 0.1507
vn -0.6999 -0.6917 -0.1782
vn -0.9681 -0.2064 0.1418
vn -0.9370 -0.1336 0.3228
vn -0.8487 -0.1498 0.5072
vn 0.0872 0.1762 0.9805
vn 0.0864 0.2628 0.9610
vn 0.3566 0.0915 0.9298
vn 0.8399 0.1609 0.5183
vn -0.4426 -0.1509 0.8839
vn 0.3051 0.1205 0.9447
vn -0.4232 -0.1297 0.8967
vn 0.3769 -0.1320 -0.9168
vn -0.2548 0.2507 -0.9339
vn -0.2986 0.2184 -0.9291
vn -0.0683 -0.1881 -0.9798
vn 0.8748 -0.2305 -0.4261
vn 0.0579 -0.4230 -0.9043
vn 0.7820 -0.2714 -0.5610
vn -0.4458 0.2809 0.8499
vn 0.1487 0.1378 -0.9792
vn -0.1828 -0.9063 -0.3810
vn -0.5373 -0.8361 -0.1108
vn 0.8453 -0.5044 -0.1761
vn 0.8751 -0.4568 0.1597
vn -0.8689 0.2121 0.4472
vn 0.5503 0.7188 0.4247
vn 0.3699 0.3735 0.8507
vn 0.0252 0.7246 0.6887
vn -0.7985 0.4089 -0.4418
vn 0.2152 -0.3507 -0.9114
vn -0.2832 0.0913 0.9547
vn 0.0893 0.0530 0.9946
vn -0.5427 0.0160 0.8398
vn -0.1354 -0.3704 -0.9189
vn 0.8992 0.4149 0.1392
vn 0.9484 0.2982 0.1075
vn -0.3247 -0.9153 0.2384
vn 0.8088 -0.2456 0.5343
vn -0.2332 -0.5192 0.8222
vn -0.9829 -0.1825 0.0235
vn 0.3990 0.4806 -0.7809
vn 0.7311 0.6720 0.1175
vn 0.4243 0.4972 0.7568
vn 0.1455 0.5131 -0.8459
vn 0.3505 0.0335 0.9360
vn -0.6475 0.0451 -0.7607
vn -0.4484 0.0195 -0.8936
vn -0.8791 0.0453 -0.4745
vn -0.9275 0.1657 0.3350
vn -0.7278 -0.5734 0.3762
vn -0.4421 -0.1432 0.8855
vn -0.6703 -0.6195 0.4086
vn -0.3613 -0.7708 0.5247
vn -0.7697 0.1073 0.6293
vn -0.3222 0.0782 0.9434
vn -0.4482 0.0594 0.8919
vn 0.9673 0.2256 -0.1155
vn -0.9043 0.2164 0.3680
vn -0.9010 0.3378 0.2721
vn 0.6429 -0.5505 -0.5326
vn 0.7390 -0.4472 -0.5040
vn 0.5823 -0.5714 -0.5782
vn -0.0064 0.0660 -0.9978
vn 0.4170 0.4100 0.8112
vn 0.1127 0.3968 0.9110
vn 0.5034 0.0246 0.8637
vn 0.8269 -0.0116 0.5623
vn 0.9731 0.2301 0.0112
vn 0.9677 0.2519 0.0099
vn -0.7678 -0.0016 0.6407
vn -0.6543 0.0695 0.7530
vn -0.6548 -0.7281 0.2025
vn 0.8661 0.4790 0.1428
vn 0.4352 0.6434 -0.6298
vn 0.0546 0.6714 0.7390
vn -0.7415 -0.5831 -0.3319
vn 0.2052 -0.7454 -0.6343
vn -0.1911 -0.7446 -0.6396
vn -0.8784 -0.0791 0.4713
vn -0.9952 0.0256 0.0940
vn -0.9780 0.1766 0.1110
vn 0.5203 0.2485 -0.8170
vn -0.4431 0.7005 -0.5594
vn -0.0687 0.9974 0.0224
vn 0.0749 0.9457 0.3162
vn 0.9426 0.0777 0.3248
vn 0.7500 -0.6482 -0.1321
vn 0.6284 -0.6856 0.3674
vn -0.0480 0.5093 0.8592
vn 0.0451 0.4077 0.9120
vn 0.8094 0.1019 0.5784
vn 0.7129 0.0369 0.7003
vn -0.9250 0.0252 0.3790
vn -0.8982 -0.0137 0.4394
vn 0.1000 0.9903 -0.0966
vn -0.3253 -0.0671 -0.9432
vn 0.4666 0.7443 0.4778
vn 0.8481 -0.4929 0.1942
vn 0.9935 -0.0644 0.0943
vn 0.9991 -0.0220 -0.0349
vn 0.9985 -0.0350 -0.0417
vn 0.8266 -0.1993 0.5264
vn -0.4539 0.0116 0.8910
vn -0.3548 -0.7284 -0.5861
vn 0.3156 -0.9323 0.1765
vn -0.7394 0.3424 -0.5797
vn -0.8502 0.3772 -0.3673
vn -0.4648 0.0324 -0.8848
vn -0.8066 -0.2785 -0.5214
vn 0.6065 0.2828 0.7431
vn 0.4341 0.1763 -0.8835
vn -0.0131 0.1384 -0.9903
vn 0.4706 0.1295 -0.8728
vn 0.6069 -0.0016 -0.7948
vn 0.6725 -0.0866 -0.7350
vn 0.2393 -0.8850 -0.3993
vn -0.2386 -0.8725 -0.4264
vn 0.9063 0.1293 -0.4023
vn 0.8247 0.1523 -0.5446
vn -0.1965 -0.1819 0.9635
vn -0.4536 -0.2756 0.8475
vn -0.2073 0.3424 0.9164
vn -0.3686 -0.0099 0.9295
vn -0.0065 0.8441 -0.5361
vn 0.3473 0.8315 -0.4336
vn 0.4037 -0.2062 0.8913
vn -0.9785 0.2032 0.0359
vn -0.9239 0.2246 0.3097
vn -0.9118 0.4084 0.0422
vn -0.9235 0.3239 -0.2057
vn -0.7449 -0.6507 -0.1472
vn -0.0538 0.4610 -0.8858
vn 0.2707 0.8832 -0.3829
vn -0.5017 -0.2030 0.8409
vn 0.3402 0.1155 0.9332
vn -0.4370 -0.1136 0.8923
vn -0.9702 -0.1576 0.1839
vn -0.8752 0.0780 0.4775
vn -0.8741 -0.2039 0.4408
vn -0.3840 0.2764 -0.8810
vn -0.1689 0.2652 -0.9493
vn -0.0543 0.2776 -0.9592
vn 0.6154 0.4612 0.6392
vn 0.6294 0.1337 -0.7655
vn -0.0557 0.1210 -0.9911
vn 0.4684 0.7032 -0.5348
vn 0.7469 0.6633 -0.0467
vn 0.9849 0.0432 -0.1674
vn -0.0035 0.3838 0.9234
vn 0.2182 0.2445 0.9448
vn -0.2252 0.3122 0.9229
vn -0.9442 -0.0474 -0.3260
vn 0.4056 0.0507 -0.9126
vn 0.3473 0.9309 -0.1132
vn 0.7177 0.6163 -0.3242
vn 0.4121 0.6455 -0.6431
vn 0.8774 -0.4795 0.0156
vn 0.8653 -0.4169 -0.2783
vn -0.7679 -0.2134 -0.6040
vn 0.5641 0.0099 0.8257
vn -0.2085 0.5247 0.8253
vn 0.2289 0.5401 0.8099
vn 0.6186 -0.6031 0.5036
vn 0.7823 -0.3255 0.5311
vn -0.7876 -0.2031 0.5818
vn -0.8301 0.1486 0.5375
vn -0.8362 -0.5258 -0.1560
vn -0.1902 -0.6009 0.7764
vn -0.9771 0.0512 -0.2065
vn 0.4077 -0.8669 -0.2867
vn 0.4288 -0.7259 -0.5378
vn 0.7850 -0.1255 -0.6066
vn 0.0672 0.5429 0.8371
vn 0.8541 0.4844 0.1894
vn -0.6634 0.7481 0.0156
vn -0.7352 -0.5411 0.4084
vn 0.4319 0.0930 0.8971
vn -0.2990 0.0528 0.9528
vn -0.4940 -0.3829 -0.7806
vn -0.7054 -0.0149 -0.7086
vn 0.6452 -0.3547 0.6766
vn -0.5300 -0.4000 -0.7477
vn -0.6486 0.0258 -0.7607
vn 0.1003 0.1171 -0.9880
vn -0.3221 0.0494 0.9454
vn -0.3675 0.1041 0.9242
vn -0.3477 -0.0075 0.9376
vn -0.1428 -0.6494 -0.7469
vn 0.0988 0.4922 0.8649
vn 0.4219 0.8788 -0.2230
vn -0.1656 -0.0212 0.9860
vn 0.8063 0.3542 0.4737
vn 0.9488 0.1880 0.2538
vn 0.9406 0.0097 0.3394
vn -0.6404 0.1872 0.7449
vn -0.6691 0.5914 0.4500
vn -0.8808 -0.3977 -0.2571
vn -0.8922 -0.0129 -0.4515
vn -0.3743 0.6118 -0.6968
vn -0.8102 0.3451 -0.4739
vn 0.2039 0.6142 -0.7623
vn -0.2422 -0.3944 -0.8865
vn 0.9690 -0.1150 0.2188
vn 0.7711 -0.2797 0.5719
vn 0.4921 -0.4119 0.7669
vn 0.7325 0.3228 0.5993
vn -0.8860 0.0963 0.4535
vn -0.8763 0.1349 0.4625
vn -0.8174 0.3044 0.4891
vn -0.8690 0.1369 0.4755
vn -0.9631 0.2306 -0.1386
vn -0.9978 0.0560 0.0368
vn 0.7989 0.3889 0.4589
vn 0.8965 0.4141 0.1577
vn 0.6827 0.3134 0.6601
vn 0.5319 0.4454 0.7202
vn -0.7848 0.1454 -0.6024
vn -0.4446 0.2506 -0.8600
vn -0.6092 0.4890 -0.6243
vn 0.1657 0.4167 -0.8938
vn -0.0220 0.3380 -0.9409
vn 0.9746 0.0034 0.2239
vn 0.9976 -0.0118 0.0677
vn 0.9256 -0.3169 0.2069
vn -0.6711 0.7359 -0.0897
vn -0.0093 0.9864 0.1640
vn -0.5394 0.1904 -0.8202
vn 0.5631 -0.0266 0.8260
vn -0.8563 -0.2155 0.4693
vn -0.4754 -0.0624 0.8775
vn -0.6952 -0.1171 0.7092
vn 0.2265 0.1353 0.9646
vn 0.8535 0.0519 0.5185
vn 0.3998 0.8895 0.2213
vn 0.8239 0.4266 -0.3730
vn 0.1376 0.6059 -0.7835
vn 0.7108 0.1001 -0.6962
vn -0.5258 -0.8443 -0.1033
vn -0.6279 -0.3500 -0.6952
vn -0.9409 -0.0890 0.3269
vn -0.0031 0.2841 -0.9588
vn -0.4721 0.7009 -0.5347
vn -0.7527 -0.3595 -0.5515
vn -0.1339 -0.0584 0.9893
vn 0.1501 0.6867 -0.7113
vn 0.0805 -0.7624 -0.6421
vn -0.9503 -0.2795 0.1372
vn 0.2440 -0.6969 -0.6744
vn 0.1364 -0.5459 -0.8266
vn 0.5656 -0.8003 -0.1990
vn -0.1723 -0.4367 -0.8829
vn 0.1240 -0.6870 -0.7160
vn 0.2617 -0.3581 0.8963
vn 0.7043 0.1102 0.7013
vn -0.9852 0.1707 -0.0137
vn -0.9367 0.1330 -0.3240
vn -0.9719 0.2124 -0.1016
vn -0.8201 -0.3547 -0.4489
vn -0.8822 0.0576 -0.4674
vn -0.9672 -0.2450 -0.0676
vn -0.1813 -0.7411 0.6464
vn -0.1255 -0.9476 0.2937
vn -0.2008 -0.9636 0.1763
vn -0.7846 0.2308 0.5754
vn -0.9438 -0.0616 -0.3246
vn -0.9738 -0.0415 -0.2235
vn -0.6052 -0.0363 -0.7952
vn -0.2694 0.5167 0.8127
vn -0.0958 0.6412 0.7614
vn -0.0638 0.1762 0.9823
vn -0.1796 0.2313 0.9562
vn -0.4031 -0.6678 0.6257
vn 0.0438 0.2180 0.9750
vn -0.4050 0.2431 -0.8814
vn -0.9265 -0.3750 -0.0298
vn 0.0309 -0.4485 0.8933
vn -0.5739 -0.4928 0.6540
vn 0.8018 -0.4999 -0.3274
vn -0.0748 -0.9171 -0.3916
vn -0.1840 0.9640 0.1919
vn -0.0183 0.9543 0.2983
vn 0.9353 0.3067 -0.1764
vn 0.7731 0.1992 0.6022
vn -0.8171 0.3167 0.4817
vn 0.3656 0.3086 -0.8781
vn 0.8149 0.4420 -0.3749
vn 0.9967 -0.0813 -0.0043
vn -0.9216 0.3257 -0.2110
vn -0.8871 0.4581 -0.0560
vn -0.6245 0.7109 0.3235
vn -0.8924 0.2831 0.3513
vn 0.0718 0.3513 -0.9335
vn -0.1113 0.3731 -0.9211
vn -0.1639 0.3838 -0.9088
vn -0.1469 0.5673 0.8103
vn 0.4960 0.2067 0.8434
vn 0.5358 0.2493 0.8067
vn 0.2934 0.9444 -0.1485
vn -0.8410 0.2579 0.4756
vn -0.7362 0.0574 -0.6743
vn -0.8074 -0.0714 -0.5857
vn -0.6349 0.2964 -0.7135
vn 0.9068 -0.0265 -0.4208
vn -0.3924 -0.5281 0.7531
vn -0.6472 0.3597 0.6721
vn -0.8827 0.2142 0.4182
vn -0.8018 -0.1797 0.5699
vn -0.4610 -0.6072 -0.6472
vn -0.1260 0.9153 0.3825
vn 0.6454 0.4437 0.6218
vn 0.6357 -0.0182 -0.7718
vn -0.6901 0.7227 0.0382
vn -0.9564 0.2656 -0.1214
vn -0.8579 0.4657 -0.2171
vn -0.6073 0.7519 -0.2565
vn -0.1685 0.6180 -0.7679
vn 0.0000 0.4684 -0.8835
vn 0.0000 0.6247 -0.7809
vn 0.3772 -0.1701 0.9104
vn 0.8754 0.0385 0.4819
vn -0.5113 -0.4148 -0.7527
vn 0.9132 0.1571 0.3761
vn -0.9423 0.1358 -0.3061
vn 0.4407 -0.5128 0.7368
vn -0.9223 -0.2897 0.2557
vn 0.9627 0.0785 0.2591
vn -0.5404 -0.8156 -0.2069
vn 0.0039 0.1197 -0.9928
vn -0.0300 0.1050 -0.9940
vn 0.3989 -0.7005 -0.5918
vn 0.7162 0.6707 0.1930
vn 0.7209 0.6880 -0.0828
vn 0.3591 0.9123 0.1967
vn -0.5287 -0.8194 0.2215
vn -0.7251 -0.3254 -0.6069
vn -0.0313 -0.8259 0.5630
vn 0.2939 -0.8202 0.4908
vn 0.3520 0.1592 0.9224
vn -0.3707 0.0191 0.9286
vn -0.4838 0.0294 0.8747
vn -0.2083 -0.0713 0.9755
vn -0.3056 0.0419 0.9512
vn -0.5324 0.0721 0.8434
vn -0.7888 -0.5726 0.2237
vn -0.8752 -0.3460 0.3381
vn -0.5507 -0.6024 -0.5777
vn -0.9494 0.0370 0.3118
vn -0.9468 -0.0025 0.3219
vn -0.9181 0.1655 0.3602
vn 0.3321 0.2729 -0.9029
vn 0.6387 -0.6501 -0.4117
vn 0.5779 -0.3045 0.7572
vn -0.6596 0.2050 0.7231
vn -0.6356 0.3384 0.6939
vn 0.6814 -0.6318 0.3696
vn -0.4222 0.0538 -0.9049
vn -0.5313 0.1482 -0.8341
vn 0.9233 0.2568 0.2856
vn 0.7309 0.0967 -0.6756
vn -0.0492 0.0142 0.9987
vn 0.7760 -0.2088 0.5951
vn 0.6190 -0.2246 -0.7526
vn 0.8834 -0.2018 -0.4229
vn 0.7374 -0.0756 -0.6712
vn 0.3958 0.8613 0.3186
vn 0.9730 -0.1304 0.1906
vn 0.6211 0.3238 -0.7137
vn -0.7342 -0.1989 0.6491
vn 0.9525 -0.2169 0.2138
vn -0.0669 0.9214 -0.3829
vn -0.6546 -0.7550 -0.0392
vn -0.5106 -0.0649 -0.8574
vn -0.5436 -0.0077 -0.8393
vn -0.9842 0.1745 -0.0292
vn -0.1628 0.2916 0.9426
vn 0.9791 0.1241 -0.1609
vn -0.3986 0.2235 -0.8895
vn -0.2992 0.0281 -0.9538
vn -0.9724 0.2319 0.0255
vn -0.9056 0.1981 0.3751
vn -0.8919 0.1860 0.4121
vn -0.9701 0.2426 -0.0009
vn 0.0359 0.0788 -0.9962
vn 0.8243 0.2889 0.4869
vn 0.8932 -0.1414 0.4268
vn 0.9116 -0.1782 0.3705
vn 0.9252 -0.2038 0.3202
vn 0.1998 -0.0236 -0.9796
vn -0.8279 -0.0582 0.5578
vn -0.9776 -0.0576 0.2025
vn -0.1091 0.4509 0.8859
vn -0.6091 0.6030 0.5152
vn 0.5016 0.3974 0.7684
vn 0.4186 0.5955 0.6857
vn -0.6990 -0.6994 0.1493
vn -0.1492 -0.9100 0.3868
vn 0.3748 -0.6849 -0.6248
vn 0.7957 0.5480 0.2580
vn 0.8242 0.4983 0.2692
vn 0.5285 0.4831 0.6980
vn -0.8746 0.1904 -0.4459
vn -0.8073 0.0593 -0.5871
vn -0.2107 0.0365 0.9769
vn 0.3062 0.7571 0.5771
vn 0.3672 -0.5699 0.7351
vn 0.3483 -0.6724 -0.6531
vn -0.6978 -0.7035 0.1348
vn -0.6573 0.3209 0.6819
vn 0.3285 -0.3296 -0.8851
vn -0.6743 0.1898 -0.7137
vn -0.5006 -0.2747 -0.8209
vn -0.8164 -0.0124 -0.5773
vn -0.8927 0.4394 0.1003
vn -0.6764 -0.0352 -0.7357
vn -0.2145 0.8810 -0.4217
vn -0.2526 0.6692 -0.6989
vn -0.7209 0.1388 0.6790
vn -0.7182 0.1282 0.6840
vn -0.7447 0.6645 -0.0611
vn 0.7580 -0.0713 -0.6484
vn -0.6196 0.4670 0.6308
vn 0.1690 0.8335 -0.5260
vn 0.1597 0.9274 -0.3382
vn 0.6614 -0.3957 -0.6372
vn 0.2945 -0.2909 -0.9103
vn 0.2479 0.6289 0.7369
vn -0.5161 0.0932 0.8514
vn -0.3789 0.0136 0.9253
vn -0.9096 0.4147 0.0253
vn 0.7162 -0.0030 -0.6979
vn -0.7537 -0.5890 0.2915
vn 0.0031 -0.5145 -0.8575
vn -0.4660 0.0845 0.8808
vn -0.5491 -0.7996 -0.2431
vn -0.3302 0.0269 0.9435
vn 0.7279 0.6095 -0.3141
vn -0.2320 0.8492 0.4744
vn 0.1570 -0.1294 0.9791
vn 0.2093 -0.2057 0.9560
vn -0.0524 0.9159 -0.3980
vn 0.0713 -0.1069 0.9917
vn -0.9696 0.2022 0.1380
vn 0.4755 0.2813 -0.8335
vn -0.0006 -0.2394 -0.9709
vn -0.0108 0.1075 -0.9941
vn -0.0222 0.4145 0.9098
vn 0.3128 -0.8666 -0.3887
vn -0.9165 0.3247 -0.2336
vn -0.5875 -0.8015 -0.1113
vn -0.2929 -0.7818 -0.5504
vn -0.7261 -0.6813 0.0927
vn 0.1015 -0.5279 -0.8432
vn -0.1499 -0.9587 0.2417
vn 0.2330 0.8604 -0.4533
vn -0.7390 0.4067 0.5370
vn 0.2247 -0.2673 -0.9371
vn 0.1257 -0.2447 0.9614
vn -0.6552 -0.0246 -0.7551
vn -0.6371 0.7705 -0.0211
vn -0.9637 0.2670 -0.0076
vn 0.9349 0.0575 0.3503
vn -0.6236 -0.7601 -0.1826
vn 0.0748 -0.0456 0.9962
vn 0.1994 -0.5573 -0.8060
vn 0.9756 -0.1451 -0.1648
vn 0.3221 0.8880 0.3282
vn 0.5568 0.7974 0.2328
vn 0.8090 -0.1651 0.5641
vn 0.7694 0.6384 -0.0216
vn 0.0905 -0.9772 -0.1921
vn -0.3596 -0.6806 -0.6383
vn 0.5294 -0.0932 0.8432
vn 0.9620 0.2728 -0.0146
vn -0.0043 0.9925 -0.1223
vn -0.4169 -0.8839 0.2119
vn 0.9162 -0.2449 0.3171
vn -0.9096 0.1312 0.3943
vn 0.8542 -0.0602 -0.5165
vn 0.9137 0.1899 0.3594
vn 0.9096 -0.2964 -0.2911
vn -0.0706 0.2534 -0.9648
vn 0.9149 0.0128 -0.4036
vn 0.9392 0.1341 -0.3160
vn 0.9951 -0.0084 -0.0984
vn 0.8216 -0.0319 -0.5692
vn -0.5235 0.5601 0.6421
vn -0.7078 0.3386 0.6200
vn 0.0057 0.2784 -0.9604
vn -0.7033 0.2199 -0.6761
vn 0.8538 -0.0980 0.5113
vn -0.9238 -0.0653 0.3772
vn 0.9274 0.0226 0.3734
vn 0.5011 -0.8393 0.2108
vn -0.2044 -0.6947 0.6897
vn -0.0020 0.9943 0.1066
vn 0.7671 -0.0740 0.6373
vn -0.4162 -0.0169 0.9091
vn -0.1635 0.0789 -0.9834
vn 0.9265 -0.3738 -0.0430
vn 0.1707 0.0880 -0.9814
vn 0.2370 -0.9699 -0.0566
vn 0.0017 0.9941 0.1084
vn 0.7612 -0.5743 -0.3013
vn -0.4333 0.8670 -0.2461
vt 0.080039 0.024789
vt 0.080647 0.013066
vt 0.097309 0.013627
vt 0.097638 0.024941
vt 0.079769 0.048350
vt 0.062838 0.024874
vt 0.324943 0.155039
vt 0.318501 0.109162
vt 0.340341 0.104639
vt 0.504253 0.157782
vt 0.528541 0.154854
vt 0.522301 0.202131
vt 0.349167 0.199483
vt 0.326505 0.203987
vt 0.348008 0.151028
vt 0.288812 0.158010
vt 0.586445 0.919373
vt 0.568998 0.918968
vt 0.585315 0.886156
vt 0.609359 0.952307
vt 0.583819 0.950115
vt 0.611267 0.921399
vt 0.609113 0.889371
vt 0.497403 0.981680
vt 0.488657 0.990955
vt 0.483180 0.978843
vt 0.498164 0.963116
vt 0.498164 0.990284
vt 0.418368 0.501306
vt 0.398969 0.516458
vt 0.384963 0.505490
vt 0.399852 0.482955
vt 0.457173 0.419531
vt 0.437365 0.505647
vt 0.526852 0.295792
vt 0.549929 0.316280
vt 0.540297 0.320760
vt 0.658579 0.802789
vt 0.662001 0.822066
vt 0.638302 0.821685
vt 0.615188 0.449063
vt 0.621193 0.469484
vt 0.615188 0.476173
vt 0.526852 0.326285
vt 0.640957 0.094229
vt 0.659135 0.086565
vt 0.662817 0.110092
vt 0.636931 0.072007
vt 0.645745 0.117111
vt 0.633747 0.109015
vt 0.627140 0.086741
vt 0.282650 0.930161
vt 0.285609 0.923649
vt 0.290156 0.927576
vt 0.871728 0.840109
vt 0.869336 0.839989
vt 0.873270 0.832710
vt 0.285251 0.932398
vt 0.871153 0.842636
vt 0.282595 0.933003
vt 0.604872 0.730964
vt 0.601136 0.734068
vt 0.595396 0.726634
vt 0.611421 0.734891
vt 0.606830 0.736093
vt 0.605729 0.722816
vt 0.610939 0.729598
vt 0.599472 0.720175
vt 0.522518 0.857107
vt 0.535443 0.866183
vt 0.523286 0.877329
vt 0.522631 0.836946
vt 0.536193 0.838876
vt 0.976556 0.927989
vt 0.985221 0.940569
vt 0.972982 0.946549
vt 0.980332 0.909017
vt 0.988373 0.914528
vt 0.036735 0.413677
vt 0.020667 0.401731
vt 0.049929 0.391698
vt 0.023847 0.431734
vt 0.011396 0.420208
vt 0.042562 0.446155
vt 0.052784 0.428446
vt 0.580614 0.383780
vt 0.556783 0.388203
vt 0.552913 0.359111
vt 0.585415 0.413726
vt 0.595566 0.381128
vt 0.601223 0.409247
vt 0.576355 0.355350
vt 0.591084 0.321715
vt 0.586805 0.323884
vt 0.586424 0.315847
vt 0.867583 0.497612
vt 0.867398 0.500822
vt 0.865210 0.499287
vt 0.583562 0.296333
vt 0.585570 0.296637
vt 0.583562 0.299181
vt 0.868430 0.499222
vt 0.555026 0.972800
vt 0.555026 0.981977
vt 0.547530 0.977247
vt 0.151258 0.554069
vt 0.152711 0.556080
vt 0.151258 0.557702
vt 0.865925 0.495753
vt 0.592859 0.312866
vt 0.332437 0.415701
vt 0.333184 0.418367
vt 0.332786 0.418194
vt 0.553202 0.972116
vt 0.765322 0.869750
vt 0.735212 0.848306
vt 0.765303 0.852039
vt 0.735400 0.870827
vt 0.766307 0.892569
vt 0.468009 0.724678
vt 0.464655 0.700350
vt 0.475341 0.716545
vt 0.476688 0.738434
vt 0.466863 0.746582
vt 0.458350 0.730717
vt 0.457235 0.707242
vt 0.632985 0.264178
vt 0.644074 0.246430
vt 0.642397 0.264699
vt 0.870424 0.918707
vt 0.874122 0.927655
vt 0.862309 0.924332
vt 0.640770 0.272905
vt 0.854997 0.913196
vt 0.863043 0.906069
vt 0.629565 0.274108
vt 0.634667 0.246299
vt 0.877619 0.443105
vt 0.886748 0.443315
vt 0.886932 0.454553
vt 0.877700 0.454506
vt 0.868834 0.454380
vt 0.867952 0.443139
vt 0.877673 0.432032
vt 0.516128 0.251648
vt 0.543224 0.200637
vt 0.538795 0.252073
vt 0.353476 0.250694
vt 0.353778 0.297074
vt 0.338491 0.300144
vt 0.330339 0.255048
vt 0.525375 0.293638
vt 0.504253 0.295792
vt 0.129917 0.729229
vt 0.129764 0.716256
vt 0.157895 0.712993
vt 0.099330 0.723118
vt 0.871160 0.165458
vt 0.842315 0.171056
vt 0.843694 0.151151
vt 0.163145 0.723535
vt 0.868326 0.174842
vt 0.133059 0.738210
vt 0.934580 0.351266
vt 0.939636 0.344317
vt 0.937968 0.355364
vt 0.931272 0.360444
vt 0.926515 0.359063
vt 0.918684 0.352451
vt 0.866880 0.521745
vt 0.863419 0.531848
vt 0.857374 0.524189
vt 0.889043 0.305367
vt 0.879731 0.301555
vt 0.886401 0.289481
vt 0.885140 0.329286
vt 0.335294 0.494330
vt 0.344967 0.515386
vt 0.335653 0.518936
vt 0.344080 0.487958
vt 0.892968 0.331969
vt 0.896180 0.299327
vt 0.532860 0.739378
vt 0.524935 0.747283
vt 0.515281 0.725593
vt 0.542054 0.755308
vt 0.545083 0.739438
vt 0.537500 0.729767
vt 0.527889 0.957501
vt 0.553298 0.949303
vt 0.555026 0.970049
vt 0.212163 0.588094
vt 0.211323 0.551278
vt 0.222333 0.580595
vt 0.203588 0.591742
vt 0.523681 0.966067
vt 0.536047 0.949166
vt 0.604581 0.327440
vt 0.592859 0.320016
vt 0.602791 0.316297
vt 0.981137 0.732520
vt 0.979653 0.744575
vt 0.974555 0.734582
vt 0.900622 0.241017
vt 0.901002 0.230940
vt 0.906342 0.242933
vt 0.974895 0.730093
vt 0.177026 0.621690
vt 0.185635 0.625246
vt 0.177798 0.632462
vt 0.987379 0.721247
vt 0.473698 0.801996
vt 0.485931 0.802533
vt 0.479099 0.812511
vt 0.921392 0.704847
vt 0.923778 0.720626
vt 0.906821 0.717116
vt 0.825112 0.529302
vt 0.808460 0.536327
vt 0.809079 0.521802
vt 0.466060 0.809385
vt 0.906428 0.703193
vt 0.829161 0.538105
vt 0.240600 0.411714
vt 0.222350 0.408453
vt 0.242283 0.379503
vt 0.219736 0.458529
vt 0.270767 0.413292
vt 0.264221 0.460765
vt 0.237016 0.459545
vt 0.637518 0.735444
vt 0.643894 0.744784
vt 0.635965 0.747903
vt 0.645993 0.734396
vt 0.625038 0.740351
vt 0.621810 0.731595
vt 0.636405 0.728355
vt 0.052399 0.781584
vt 0.056253 0.801793
vt 0.047070 0.798191
vt 0.041806 0.782766
vt 0.066943 0.780523
vt 0.061826 0.762390
vt 0.047349 0.763208
vt 0.403138 0.252664
vt 0.390949 0.246003
vt 0.395085 0.239088
vt 0.413865 0.260777
vt 0.404357 0.264124
vt 0.407132 0.247616
vt 0.397421 0.259237
vt 0.391315 0.254098
vt 0.638149 0.362206
vt 0.642017 0.360763
vt 0.641044 0.368527
vt 0.639695 0.348792
vt 0.567079 0.931275
vt 0.561918 0.938678
vt 0.563615 0.929011
vt 0.568796 0.918589
vt 0.634142 0.350170
vt 0.348159 0.863372
vt 0.373021 0.872855
vt 0.348257 0.878327
vt 0.349145 0.838720
vt 0.375831 0.856872
vt 0.335437 0.386938
vt 0.332437 0.385714
vt 0.335437 0.374065
vt 0.996615 0.885267
vt 0.995641 0.901684
vt 0.993257 0.885383
vt 0.699696 0.391743
vt 0.695063 0.404290
vt 0.695063 0.375185
vt 0.333482 0.324724
vt 0.332211 0.312116
vt 0.335484 0.311496
vt 0.386898 0.801879
vt 0.366949 0.814679
vt 0.365536 0.800610
vt 0.370915 0.786223
vt 0.391769 0.785429
vt 0.386046 0.816070
vt 0.411063 0.802860
vt 0.408764 0.816482
vt 0.787725 0.156416
vt 0.808930 0.175172
vt 0.788099 0.177007
vt 0.762186 0.139490
vt 0.787665 0.139111
vt 0.759642 0.154352
vt 0.812077 0.153015
vt 0.763203 0.167497
vt 0.716170 0.081092
vt 0.735041 0.087261
vt 0.717448 0.101072
vt 0.715112 0.060687
vt 0.733956 0.071338
vt 0.921673 0.071725
vt 0.907052 0.075785
vt 0.910202 0.056527
vt 0.703762 0.072118
vt 0.919420 0.087534
vt 0.870378 0.209569
vt 0.885653 0.222441
vt 0.875022 0.227005
vt 0.183188 0.562159
vt 0.164924 0.553794
vt 0.186014 0.550356
vt 0.162482 0.561436
vt 0.886378 0.203286
vt 0.898229 0.468094
vt 0.900390 0.464404
vt 0.901245 0.468517
vt 0.891240 0.471964
vt 0.894255 0.465937
vt 0.900275 0.470486
vt 0.894891 0.465532
vt 0.184534 0.746817
vt 0.185532 0.750969
vt 0.183517 0.751620
vt 0.682094 0.842265
vt 0.676168 0.860684
vt 0.669721 0.857521
vt 0.000057 0.580688
vt 0.030451 0.584414
vt 0.000000 0.600480
vt 0.000000 0.567460
vt 0.030455 0.568669
vt 0.671205 0.835061
vt 0.693417 0.831999
vt 0.472162 0.035153
vt 0.469753 0.054552
vt 0.448240 0.034602
vt 0.472771 0.019548
vt 0.445178 0.629513
vt 0.428796 0.643976
vt 0.440358 0.626662
vt 0.452543 0.610360
vt 0.455964 0.612139
vt 0.849937 0.663043
vt 0.843654 0.670579
vt 0.845335 0.658755
vt 0.854666 0.661075
vt 0.852778 0.664927
vt 0.851063 0.657044
vt 0.747027 0.516763
vt 0.747830 0.513485
vt 0.750745 0.515577
vt 0.417974 0.840261
vt 0.417974 0.835314
vt 0.420500 0.837128
vt 0.420495 0.838775
vt 0.748705 0.517737
vt 0.987199 0.427272
vt 0.981894 0.442804
vt 0.979072 0.425203
vt 0.994342 0.430345
vt 0.992042 0.431660
vt 0.987947 0.425001
vt 0.775600 0.873847
vt 0.783615 0.891922
vt 0.769316 0.879361
vt 0.220983 0.740738
vt 0.229271 0.751339
vt 0.219734 0.752722
vt 0.783890 0.868705
vt 0.787753 0.883676
vt 0.230613 0.739319
vt 0.775232 0.860133
vt 0.306034 0.631116
vt 0.282595 0.603416
vt 0.303909 0.600772
vt 0.324393 0.630174
vt 0.307934 0.661405
vt 0.283536 0.632929
vt 0.325593 0.661766
vt 0.366775 0.523064
vt 0.386657 0.521745
vt 0.383222 0.534866
vt 0.363414 0.542661
vt 0.651987 0.025263
vt 0.650847 0.040429
vt 0.633275 0.030916
vt 0.671792 0.032469
vt 0.656576 0.011396
vt 0.615188 0.415237
vt 0.619014 0.408641
vt 0.619620 0.415549
vt 0.980089 0.778353
vt 0.974462 0.777499
vt 0.979546 0.770206
vt 0.618878 0.420832
vt 0.615354 0.406564
vt 0.979075 0.783090
vt 0.616630 0.420577
vt 0.881115 0.901629
vt 0.890670 0.914979
vt 0.877324 0.913429
vt 0.882091 0.885267
vt 0.892835 0.902568
vt 0.457235 0.949152
vt 0.449561 0.959307
vt 0.445690 0.940180
vt 0.491496 0.888465
vt 0.491410 0.875202
vt 0.505539 0.876666
vt 0.622004 0.520988
vt 0.622004 0.506387
vt 0.636164 0.512298
vt 0.942767 0.042001
vt 0.937212 0.027352
vt 0.947213 0.028929
vt 0.706073 0.205669
vt 0.722712 0.187390
vt 0.719237 0.205062
vt 0.706172 0.219440
vt 0.931841 0.040607
vt 0.939269 0.051554
vt 0.706333 0.187868
vt 0.922201 0.510172
vt 0.922201 0.520811
vt 0.917070 0.515415
vt 0.215774 0.327411
vt 0.235014 0.304753
vt 0.229123 0.329634
vt 0.140185 0.052415
vt 0.124691 0.049950
vt 0.128506 0.029883
vt 0.150436 0.085201
vt 0.131465 0.083189
vt 0.210182 0.361461
vt 0.992189 0.852302
vt 0.981268 0.841272
vt 0.992189 0.825209
vt 0.644945 0.711645
vt 0.650817 0.714144
vt 0.646783 0.717324
vt 0.641819 0.714997
vt 0.646458 0.701814
vt 0.651622 0.708797
vt 0.640912 0.709635
vt 0.150919 0.956833
vt 0.146760 0.965407
vt 0.145253 0.947579
vt 0.479925 0.905942
vt 0.474292 0.922121
vt 0.470887 0.894117
vt 0.490661 0.888465
vt 0.495734 0.899532
vt 0.243012 0.970055
vt 0.248670 0.976602
vt 0.243012 0.987197
vt 0.963899 0.407977
vt 0.963899 0.425001
vt 0.958781 0.417515
vt 0.499618 0.096864
vt 0.479393 0.123016
vt 0.470099 0.102048
vt 0.428026 0.562154
vt 0.415885 0.554524
vt 0.424430 0.543328
vt 0.421553 0.567897
vt 0.439608 0.578880
vt 0.489737 0.085900
vt 0.501751 0.116171
vt 0.444460 0.575824
vt 0.988061 0.233319
vt 0.981079 0.232040
vt 0.981020 0.226145
vt 0.987201 0.236987
vt 0.987760 0.227095
vt 0.912180 0.202765
vt 0.910716 0.197103
vt 0.919492 0.196065
vt 0.995226 0.230875
vt 0.920980 0.202730
vt 0.332270 0.542078
vt 0.334936 0.539531
vt 0.334936 0.543469
vt 0.718135 0.515254
vt 0.715045 0.516777
vt 0.715604 0.511746
vt 0.332454 0.539306
vt 0.719861 0.516647
vt 0.719077 0.512180
vt 0.617707 0.521432
vt 0.618544 0.518723
vt 0.620820 0.519658
vt 0.615188 0.519359
vt 0.332270 0.569045
vt 0.332270 0.565523
vt 0.335294 0.567402
vt 0.698320 0.476174
vt 0.695063 0.474993
vt 0.699720 0.473444
vt 0.877727 0.501743
vt 0.875856 0.499965
vt 0.877434 0.498613
vt 0.877890 0.503676
vt 0.875792 0.503502
vt 0.881254 0.501924
vt 0.802691 0.682891
vt 0.802936 0.695875
vt 0.786570 0.685020
vt 0.801280 0.659119
vt 0.816032 0.684651
vt 0.936574 0.496184
vt 0.958648 0.503831
vt 0.937603 0.510172
vt 0.936081 0.473466
vt 0.957910 0.490294
vt 0.917549 0.492992
vt 0.917904 0.476092
vt 0.055049 0.122923
vt 0.037947 0.168843
vt 0.037571 0.123914
vt 0.058530 0.080237
vt 0.079898 0.080339
vt 0.076788 0.169320
vt 0.052959 0.168331
vt 0.079320 0.123802
vt 0.992361 0.027625
vt 0.991244 0.013469
vt 0.999519 0.014893
vt 0.998528 0.028066
vt 0.999291 0.034777
vt 0.310271 0.946572
vt 0.305625 0.955213
vt 0.304165 0.951478
vt 0.307155 0.942166
vt 0.313563 0.942414
vt 0.623078 0.338141
vt 0.622193 0.332612
vt 0.626475 0.332584
vt 0.629469 0.338157
vt 0.624371 0.348550
vt 0.498726 0.807798
vt 0.891726 0.705277
vt 0.806048 0.354975
vt 0.828688 0.362399
vt 0.804998 0.373629
vt 0.808403 0.334149
vt 0.831707 0.336594
vt 0.782317 0.356185
vt 0.784793 0.334213
vt 0.054669 0.313685
vt 0.030323 0.338252
vt 0.033291 0.307979
vt 0.070518 0.330458
vt 0.048015 0.354346
vt 0.076051 0.309394
vt 0.678634 0.015214
vt 0.668897 0.000000
vt 0.231750 0.704277
vt 0.230182 0.722025
vt 0.214811 0.719543
vt 0.214950 0.702003
vt 0.231190 0.685286
vt 0.252675 0.686067
vt 0.250201 0.705620
vt 0.431001 0.940180
vt 0.421429 0.935437
vt 0.436029 0.918386
vt 0.544583 0.661720
vt 0.565596 0.664846
vt 0.545431 0.676311
vt 0.520329 0.660992
vt 0.446782 0.921599
vt 0.540133 0.650997
vt 0.314671 0.074206
vt 0.334282 0.071524
vt 0.286556 0.112161
vt 0.905344 0.490253
vt 0.899707 0.494305
vt 0.900399 0.483574
vt 0.901760 0.499161
vt 0.903558 0.479142
vt 0.749056 0.589912
vt 0.752374 0.580755
vt 0.758259 0.596214
vt 0.747344 0.578589
vt 0.751417 0.598646
vt 0.452021 0.334457
vt 0.438963 0.328757
vt 0.988741 0.307920
vt 0.961140 0.336590
vt 0.955377 0.323549
vt 0.956200 0.304193
vt 0.988741 0.283910
vt 0.473970 0.350682
vt 0.555026 0.899847
vt 0.551290 0.911490
vt 0.522518 0.902873
vt 0.868801 0.617737
vt 0.858527 0.613124
vt 0.870220 0.609349
vt 0.927140 0.531769
vt 0.939905 0.521745
vt 0.940239 0.531697
vt 0.855344 0.626345
vt 0.865283 0.635464
vt 0.927736 0.524758
vt 0.925772 0.546946
vt 0.895359 0.444216
vt 0.895403 0.452120
vt 0.888020 0.432370
vt 0.962442 0.258773
vt 0.956371 0.258776
vt 0.956317 0.240338
vt 0.963769 0.281188
vt 0.960831 0.280373
vt 0.961230 0.238737
vt 0.970633 0.231043
vt 0.971997 0.257931
vt 0.716330 0.481349
vt 0.727201 0.493468
vt 0.714375 0.487368
vt 0.727989 0.475678
vt 0.796300 0.969559
vt 0.769316 0.960316
vt 0.796300 0.944812
vt 0.773440 0.977020
vt 0.637142 0.962769
vt 0.644621 0.938789
vt 0.649713 0.957266
vt 0.795942 0.975629
vt 0.642008 0.967829
vt 0.632921 0.938435
vt 0.668208 0.156576
vt 0.686094 0.161373
vt 0.665606 0.168403
vt 0.648056 0.160740
vt 0.646640 0.149619
vt 0.666711 0.143492
vt 0.689060 0.144262
vt 0.540957 0.480950
vt 0.544559 0.454469
vt 0.562755 0.462555
vt 0.566963 0.476816
vt 0.544735 0.492464
vt 0.529170 0.494269
vt 0.176510 0.708824
vt 0.154775 0.699131
vt 0.166023 0.684785
vt 0.940547 0.913483
vt 0.924960 0.922340
vt 0.922919 0.908428
vt 0.361227 0.619218
vt 0.362299 0.636016
vt 0.353778 0.621559
vt 0.354097 0.602648
vt 0.935141 0.895776
vt 0.942185 0.927866
vt 0.363550 0.602730
vt 0.824399 0.689148
vt 0.828422 0.696229
vt 0.825834 0.696336
vt 0.351014 0.692211
vt 0.347960 0.698295
vt 0.344834 0.692772
vt 0.345606 0.683071
vt 0.352938 0.683691
vt 0.821558 0.696655
vt 0.829551 0.688755
vt 0.822863 0.680774
vt 0.777010 0.574895
vt 0.775984 0.565979
vt 0.782930 0.568202
vt 0.790655 0.422086
vt 0.794750 0.420084
vt 0.791757 0.424762
vt 0.774847 0.574264
vt 0.780303 0.574125
vt 0.774550 0.577888
vt 0.790655 0.417988
vt 0.793684 0.418018
vt 0.581940 0.574278
vt 0.592132 0.552558
vt 0.598748 0.579301
vt 0.000000 0.469326
vt 0.024050 0.469580
vt 0.017188 0.483414
vt 0.294546 0.970898
vt 0.282595 0.993855
vt 0.282595 0.969326
vt 0.006053 0.454848
vt 0.909271 0.424829
vt 0.899871 0.408266
vt 0.909271 0.395867
vt 0.577082 0.597357
vt 0.793176 0.868181
vt 0.795480 0.857951
vt 0.803054 0.857681
vt 0.783621 0.857273
vt 0.793965 0.879091
vt 0.545747 0.153856
vt 0.549189 0.107237
vt 0.531360 0.110072
vt 0.887079 0.497873
vt 0.888472 0.497717
vt 0.887054 0.501002
vt 0.974871 0.872885
vt 0.973360 0.876678
vt 0.972820 0.875309
vt 0.778456 0.518077
vt 0.776844 0.516748
vt 0.778700 0.516684
vt 0.571603 0.320734
vt 0.575659 0.315750
vt 0.573101 0.322552
vt 0.885222 0.500748
vt 0.572920 0.322760
vt 0.571309 0.322746
vt 0.832777 0.420553
vt 0.833459 0.423730
vt 0.828148 0.424912
vt 0.828148 0.417259
vt 0.570197 0.312863
vt 0.570197 0.321527
vt 0.614866 0.310432
vt 0.618174 0.309503
vt 0.618389 0.316750
vt 0.839847 0.840596
vt 0.836660 0.838722
vt 0.843811 0.832674
vt 0.837115 0.847988
vt 0.834218 0.846223
vt 0.612496 0.301875
vt 0.613725 0.319228
vt 0.975022 0.607132
vt 0.973935 0.608907
vt 0.972170 0.606979
vt 0.982154 0.513840
vt 0.988764 0.512267
vt 0.989504 0.514174
vt 0.982280 0.510396
vt 0.982283 0.515759
vt 0.975594 0.603972
vt 0.980312 0.515011
vt 0.447178 0.603119
vt 0.444804 0.594942
vt 0.452220 0.595542
vt 0.445922 0.611208
vt 0.426313 0.602894
vt 0.431115 0.590275
vt 0.988159 0.095749
vt 0.974246 0.095749
vt 0.986234 0.074047
vt 0.143183 0.302780
vt 0.128186 0.301822
vt 0.122278 0.266391
vt 0.844127 0.703193
vt 0.831415 0.679525
vt 0.854063 0.679525
vt 0.149320 0.265258
vt 0.156898 0.304333
vt 0.991208 0.885183
vt 0.991208 0.852302
vt 0.999150 0.876450
vt 0.394023 0.644872
vt 0.393651 0.654900
vt 0.384183 0.646753
vt 0.385713 0.638953
vt 0.633028 0.884567
vt 0.636444 0.897592
vt 0.629501 0.900186
vt 0.407400 0.641762
vt 0.411771 0.645522
vt 0.336620 0.785960
vt 0.338858 0.789047
vt 0.332324 0.789108
vt 0.054758 0.989116
vt 0.058178 0.983531
vt 0.059838 0.989137
vt 0.054383 0.984215
vt 0.936952 0.511579
vt 0.941647 0.510238
vt 0.938649 0.515083
vt 0.417974 0.830370
vt 0.421361 0.832756
vt 0.989701 0.424202
vt 0.986980 0.423429
vt 0.990394 0.419278
vt 0.671388 0.430392
vt 0.681561 0.434889
vt 0.680809 0.449164
vt 0.657572 0.443974
vt 0.660481 0.427772
vt 0.994046 0.373467
vt 0.996446 0.372062
vt 0.996940 0.374467
vt 0.798713 0.422484
vt 0.796511 0.423774
vt 0.799474 0.417988
vt 0.152711 0.557702
vt 0.152711 0.561217
vt 0.151333 0.560183
vt 0.993237 0.368243
vt 0.584293 0.325070
vt 0.586995 0.325901
vt 0.874326 0.498761
vt 0.874299 0.496583
vt 0.877076 0.498366
vt 0.581285 0.316204
vt 0.581229 0.325849
vt 0.871611 0.498584
vt 0.581510 0.327060
vt 0.895382 0.206365
vt 0.893931 0.223833
vt 0.186007 0.778237
vt 0.186007 0.783356
vt 0.183619 0.780767
vt 0.620181 0.397311
vt 0.621927 0.401935
vt 0.620181 0.403201
vt 0.742639 0.521708
vt 0.740451 0.517857
vt 0.743504 0.517857
vt 0.104945 0.171622
vt 0.102196 0.125468
vt 0.119619 0.126897
vt 0.104462 0.218176
vt 0.099679 0.169478
vt 0.122788 0.174092
vt 0.121671 0.220461
vt 0.210050 0.899135
vt 0.195989 0.879621
vt 0.214425 0.877824
vt 0.192137 0.898879
vt 0.218357 0.897647
vt 0.200038 0.909934
vt 0.102320 0.779488
vt 0.150416 0.781190
vt 0.102649 0.796288
vt 0.048459 0.808631
vt 0.056228 0.815632
vt 0.037930 0.812096
vt 0.148872 0.770446
vt 0.099330 0.770936
vt 0.676205 0.196721
vt 0.670264 0.208308
vt 0.657610 0.198823
vt 0.884107 0.136719
vt 0.893266 0.143616
vt 0.886069 0.149531
vt 0.664635 0.185035
vt 0.683355 0.191512
vt 0.871160 0.134461
vt 0.891568 0.130941
vt 0.867228 0.749136
vt 0.855457 0.734060
vt 0.871862 0.738181
vt 0.368461 0.291122
vt 0.373108 0.304950
vt 0.362794 0.307647
vt 0.377355 0.282545
vt 0.380730 0.294102
vt 0.857688 0.751573
vt 0.868018 0.764143
vt 0.937514 0.283607
vt 0.947874 0.293177
vt 0.932410 0.292818
vt 0.938587 0.278480
vt 0.948831 0.279742
vt 0.925311 0.272249
vt 0.921926 0.282732
vt 0.995950 0.724019
vt 0.991886 0.717036
vt 0.998780 0.714854
vt 0.991150 0.724623
vt 0.951333 0.606074
vt 0.951659 0.596072
vt 0.956836 0.604231
vt 0.953189 0.613132
vt 0.949793 0.612376
vt 0.955369 0.612707
vt 0.990453 0.729538
vt 0.897666 0.926652
vt 0.886249 0.922617
vt 0.900884 0.916429
vt 0.911186 0.918421
vt 0.906651 0.933143
vt 0.808315 0.633250
vt 0.797020 0.620890
vt 0.810326 0.621123
vt 0.796169 0.633223
vt 0.804488 0.643789
vt 0.942497 0.814041
vt 0.954563 0.829359
vt 0.941851 0.829558
vt 0.955534 0.813729
vt 0.924457 0.784601
vt 0.941399 0.784805
vt 0.925576 0.815285
vt 0.749108 0.075782
vt 0.750051 0.090746
vt 0.733660 0.107931
vt 0.345997 0.819799
vt 0.345997 0.845178
vt 0.338311 0.822772
vt 0.345427 0.806280
vt 0.878895 0.287296
vt 0.975219 0.071047
vt 0.982516 0.062685
vt 0.979984 0.074047
vt 0.975298 0.057936
vt 0.905685 0.700576
vt 0.912789 0.693386
vt 0.912789 0.701424
vt 0.653426 0.332787
vt 0.657212 0.341539
vt 0.650838 0.333672
vt 0.649865 0.329452
vt 0.655035 0.325776
vt 0.152750 0.533167
vt 0.157687 0.535112
vt 0.152750 0.543979
vt 0.799474 0.423676
vt 0.804157 0.418460
vt 0.195527 0.986143
vt 0.195541 0.979964
vt 0.198058 0.985283
vt 0.975594 0.591609
vt 0.975489 0.594724
vt 0.972795 0.594224
vt 0.220493 0.988493
vt 0.217167 0.986916
vt 0.220560 0.982310
vt 0.197811 0.988456
vt 0.979072 0.495361
vt 0.981184 0.497881
vt 0.979650 0.499050
vt 0.988136 0.572878
vt 0.986283 0.594499
vt 0.981034 0.577654
vt 0.995958 0.566885
vt 0.992732 0.592971
vt 0.513041 0.899823
vt 0.515029 0.892397
vt 0.927831 0.407318
vt 0.936031 0.407318
vt 0.928902 0.424829
vt 0.882225 0.517766
vt 0.877129 0.519264
vt 0.882201 0.515752
vt 0.765789 0.960502
vt 0.763302 0.959602
vt 0.768340 0.955876
vt 0.887309 0.515153
vt 0.759921 0.964302
vt 0.099330 0.568187
vt 0.121183 0.564637
vt 0.105486 0.597046
vt 0.870772 0.001702
vt 0.871160 0.031223
vt 0.850048 0.029716
vt 0.850055 0.000000
vt 0.151230 0.404358
vt 0.131812 0.409330
vt 0.129085 0.391796
vt 0.879693 0.010355
vt 0.899263 0.006446
vt 0.878486 0.030765
vt 0.148491 0.386500
vt 0.370734 0.696385
vt 0.385587 0.683641
vt 0.390746 0.698931
vt 0.146638 0.429417
vt 0.366131 0.681986
vt 0.984674 0.399075
vt 0.986686 0.404292
vt 0.983023 0.406373
vt 0.987029 0.395759
vt 0.982631 0.392959
vt 0.948942 0.703035
vt 0.942440 0.699439
vt 0.949538 0.696911
vt 0.936417 0.424829
vt 0.936031 0.419713
vt 0.942290 0.420142
vt 0.474221 0.705318
vt 0.495726 0.632727
vt 0.492087 0.617993
vt 0.515927 0.613962
vt 0.497734 0.647298
vt 0.479224 0.647420
vt 0.519536 0.644689
vt 0.474678 0.631543
vt 0.184601 0.644746
vt 0.184270 0.653040
vt 0.181562 0.646490
vt 0.182632 0.634632
vt 0.185332 0.634295
vt 0.992134 0.707493
vt 0.375648 0.963854
vt 0.375648 0.997839
vt 0.366106 0.981435
vt 0.965087 0.558173
vt 0.963338 0.532037
vt 0.981034 0.549217
vt 0.980011 0.521745
vt 0.867672 0.726141
vt 0.853050 0.717125
vt 0.843684 0.735538
vt 0.842835 0.723239
vt 0.332289 0.398411
vt 0.333267 0.396538
vt 0.333267 0.401042
vt 0.748950 0.521690
vt 0.747027 0.517737
vt 0.749240 0.519705
vt 0.719861 0.508984
vt 0.747027 0.520644
vt 0.717608 0.507352
vt 0.835316 0.337657
vt 0.877459 0.316180
vt 0.878895 0.344620
vt 0.836258 0.353854
vt 0.173397 0.532187
vt 0.174821 0.490124
vt 0.184949 0.489536
vt 0.158137 0.533167
vt 0.186014 0.531831
vt 0.833952 0.322882
vt 0.944462 0.227540
vt 0.947285 0.210517
vt 0.955377 0.215769
vt 0.932191 0.222157
vt 0.955377 0.235463
vt 0.938567 0.240043
vt 0.432555 0.226069
vt 0.433124 0.206701
vt 0.445283 0.208880
vt 0.420584 0.222925
vt 0.646742 0.333459
vt 0.646038 0.330338
vt 0.696596 0.969637
vt 0.691233 0.982631
vt 0.690371 0.971195
vt 0.618418 0.297483
vt 0.825024 0.418766
vt 0.822331 0.424967
vt 0.822331 0.417259
vt 0.696402 0.982433
vt 0.654324 0.343139
vt 0.994162 0.336590
vt 0.999239 0.341702
vt 0.991359 0.348743
vt 0.621682 0.309201
vt 0.877252 0.469687
vt 0.877410 0.466314
vt 0.879810 0.469864
vt 0.874923 0.469839
vt 0.982454 0.770926
vt 0.982562 0.777386
vt 0.980148 0.776667
vt 0.980089 0.770206
vt 0.985014 0.776094
vt 0.879672 0.475876
vt 0.126568 0.981661
vt 0.126568 0.960812
vt 0.146836 0.980250
vt 0.151859 0.974060
vt 0.152742 0.320608
vt 0.151481 0.307979
vt 0.157676 0.316962
vt 0.152877 0.335273
vt 0.420255 0.571649
vt 0.421431 0.578767
vt 0.407252 0.579705
vt 0.434197 0.580243
vt 0.407015 0.564698
vt 0.104420 0.263729
vt 0.718323 0.941595
vt 0.717307 0.974810
vt 0.709246 0.944762
vt 0.725166 0.976248
vt 0.097893 0.216694
vt 0.708184 0.895220
vt 0.115327 0.298253
vt 0.397498 0.676717
vt 0.416675 0.651594
vt 0.423987 0.662701
vt 0.407290 0.683343
vt 0.383764 0.670625
vt 0.057230 0.975794
vt 0.061765 0.975823
vt 0.053949 0.977306
vt 0.056745 0.966565
vt 0.061041 0.967970
vt 0.646123 0.414968
vt 0.648855 0.401036
vt 0.662791 0.412719
vt 0.276383 0.806646
vt 0.267927 0.798848
vt 0.273954 0.789616
vt 0.639902 0.429089
vt 0.263741 0.814866
vt 0.635376 0.402926
vt 0.911146 0.849495
vt 0.888590 0.835021
vt 0.909175 0.824671
vt 0.923895 0.842299
vt 0.923425 0.862289
vt 0.909649 0.868044
vt 0.898799 0.854332
vt 0.860716 0.988041
vt 0.860716 0.964770
vt 0.875464 0.975904
vt 0.063487 0.500702
vt 0.057069 0.510696
vt 0.037191 0.498265
vt 0.621850 0.387097
vt 0.615188 0.381181
vt 0.621850 0.358814
vt 0.043773 0.486045
vt 0.066931 0.491559
vt 0.476395 0.665861
vt 0.496948 0.662030
vt 0.480914 0.678530
vt 0.919335 0.117864
vt 0.901720 0.119812
vt 0.901413 0.110864
vt 0.309603 0.894486
vt 0.306344 0.885016
vt 0.323963 0.886395
vt 0.920980 0.107063
vt 0.324343 0.893230
vt 0.919197 0.124620
vt 0.312376 0.900247
vt 0.627101 0.699062
vt 0.619148 0.707225
vt 0.618655 0.696998
vt 0.623610 0.683682
vt 0.632447 0.685924
vt 0.639375 0.691357
vt 0.637661 0.702793
vt 0.630857 0.709285
vt 0.699646 0.664341
vt 0.669721 0.674579
vt 0.677182 0.660766
vt 0.696011 0.639678
vt 0.718965 0.639222
vt 0.699012 0.679134
vt 0.721726 0.663623
vt 0.466138 0.145436
vt 0.459600 0.135802
vt 0.486194 0.132984
vt 0.523381 0.919152
vt 0.552280 0.930817
vt 0.526925 0.931982
vt 0.247559 0.594962
vt 0.268360 0.559837
vt 0.263602 0.596893
vt 0.238965 0.554674
vt 0.236198 0.590657
vt 0.013487 0.903103
vt 0.022509 0.906474
vt 0.011531 0.914714
vt 0.007825 0.902293
vt 0.023403 0.900303
vt 0.720017 0.245514
vt 0.714811 0.238022
vt 0.721238 0.239706
vt 0.005947 0.897182
vt 0.885192 0.622539
vt 0.885531 0.617121
vt 0.894022 0.618801
vt 0.889356 0.461068
vt 0.884883 0.466760
vt 0.883906 0.461040
vt 0.890323 0.465346
vt 0.896308 0.460069
vt 0.099332 0.081395
vt 0.118573 0.082599
vt 0.716668 0.503601
vt 0.737624 0.506929
vt 0.707183 0.492632
vt 0.557171 0.847820
vt 0.554930 0.873834
vt 0.548320 0.886080
vt 0.536268 0.884158
vt 0.298761 0.817438
vt 0.282677 0.806980
vt 0.298624 0.807239
vt 0.316735 0.828086
vt 0.299063 0.830549
vt 0.283247 0.823005
vt 0.315410 0.813880
vt 0.875603 0.793821
vt 0.868667 0.794957
vt 0.871621 0.784571
vt 0.851126 0.941696
vt 0.855754 0.945760
vt 0.849749 0.954295
vt 0.844533 0.949535
vt 0.861869 0.936991
vt 0.856874 0.933458
vt 0.876660 0.805885
vt 0.913081 0.269079
vt 0.917091 0.257458
vt 0.254631 0.752140
vt 0.260194 0.760659
vt 0.244105 0.761328
vt 0.242381 0.747783
vt 0.909660 0.278130
vt 0.695521 0.466588
vt 0.695944 0.473258
vt 0.522002 0.982716
vt 0.521085 0.988965
vt 0.518284 0.983420
vt 0.695063 0.459992
vt 0.696805 0.456636
vt 0.699455 0.466489
vt 0.522515 0.976379
vt 0.007916 0.878681
vt 0.004571 0.888510
vt 0.002967 0.879207
vt 0.000691 0.868156
vt 0.014926 0.868309
vt 0.013200 0.880172
vt 0.011858 0.893025
vt 0.836261 0.478943
vt 0.840365 0.464349
vt 0.853025 0.461856
vt 0.695063 0.434819
vt 0.699666 0.451149
vt 0.695063 0.456636
vt 0.851164 0.487912
vt 0.797140 0.974939
vt 0.817303 0.963581
vt 0.802793 0.976642
vt 0.821162 0.501345
vt 0.819286 0.488811
vt 0.986164 0.129796
vt 0.980440 0.134358
vt 0.980018 0.116079
vt 0.984325 0.114629
vt 0.651118 0.767028
vt 0.658553 0.769581
vt 0.656861 0.773039
vt 0.647010 0.768828
vt 0.645822 0.761428
vt 0.653766 0.773082
vt 0.651211 0.760034
vt 0.866477 0.515171
vt 0.865228 0.508376
vt 0.872598 0.510888
vt 0.657628 0.764604
vt 0.259280 0.027390
vt 0.260740 0.002867
vt 0.280838 0.003933
vt 0.239234 0.025650
vt 0.285399 0.027182
vt 0.256762 0.049331
vt 0.684360 0.492270
vt 0.675308 0.489964
vt 0.685226 0.486778
vt 0.695063 0.492599
vt 0.619715 0.802789
vt 0.605601 0.800923
vt 0.619703 0.787869
vt 0.418360 0.614425
vt 0.422277 0.627301
vt 0.407706 0.626414
vt 0.064573 0.964617
vt 0.067276 0.949762
vt 0.077002 0.952989
vt 0.562906 0.762975
vt 0.568957 0.753128
vt 0.568957 0.774741
vt 0.429159 0.615124
vt 0.865468 0.419720
vt 0.869966 0.424409
vt 0.866446 0.424409
vt 0.730080 0.516495
vt 0.728423 0.507352
vt 0.736787 0.507352
vt 0.735898 0.516322
vt 0.869766 0.420800
vt 0.013614 0.950688
vt 0.010888 0.953511
vt 0.011162 0.942179
vt 0.731085 0.520721
vt 0.812982 0.581719
vt 0.788863 0.596349
vt 0.794645 0.579797
vt 0.817286 0.567334
vt 0.830398 0.584046
vt 0.820503 0.600325
vt 0.806911 0.598334
vt 0.799461 0.563921
vt 0.630327 0.651576
vt 0.625307 0.664508
vt 0.606325 0.657858
vt 0.249539 0.304648
vt 0.245604 0.329934
vt 0.616195 0.645620
vt 0.649352 0.647381
vt 0.813393 0.219205
vt 0.807457 0.223451
vt 0.807457 0.211233
vt 0.810918 0.209852
vt 0.821555 0.849015
vt 0.828040 0.860229
vt 0.815602 0.854072
vt 0.734680 0.609846
vt 0.738140 0.637557
vt 0.723593 0.331054
vt 0.724513 0.301724
vt 0.746227 0.303385
vt 0.716112 0.612158
vt 0.746048 0.332793
vt 0.724617 0.359462
vt 0.730934 0.580921
vt 0.732834 0.970263
vt 0.734596 0.958924
vt 0.744845 0.965824
vt 0.759704 0.612767
vt 0.754264 0.616948
vt 0.754312 0.607607
vt 0.759284 0.606376
vt 0.766799 0.612610
vt 0.726413 0.966837
vt 0.301395 0.508957
vt 0.292696 0.558935
vt 0.267843 0.509752
vt 0.313715 0.559523
vt 0.297087 0.460105
vt 0.329256 0.456695
vt 0.331292 0.506278
vt 0.979025 0.611220
vt 0.976660 0.607422
vt 0.980946 0.606595
vt 0.611845 0.740479
vt 0.608433 0.738132
vt 0.282145 0.823552
vt 0.282145 0.831254
vt 0.278406 0.826982
vt 0.610994 0.744462
vt 0.607921 0.738835
vt 0.615234 0.749270
vt 0.764995 0.754542
vt 0.751835 0.745332
vt 0.763753 0.742223
vt 0.752552 0.767489
vt 0.769494 0.764933
vt 0.152229 0.795064
vt 0.059086 0.013580
vt 0.080402 0.000000
vt 0.107228 0.708815
vt 0.866945 0.152685
vt 0.843204 0.139173
vt 0.870266 0.140011
vt 0.127449 0.703660
vt 0.125458 0.434213
vt 0.142152 0.448516
vt 0.139814 0.473382
vt 0.121301 0.463682
vt 0.113326 0.423167
vt 0.108254 0.441127
vt 0.350951 0.462685
vt 0.350538 0.470018
vt 0.342839 0.463543
vt 0.940502 0.519567
vt 0.937159 0.519567
vt 0.348093 0.460625
vt 0.167474 0.834602
vt 0.176581 0.832796
vt 0.169948 0.841519
vt 0.486763 0.754720
vt 0.476885 0.757574
vt 0.489328 0.731806
vt 0.665669 0.669137
vt 0.664954 0.678895
vt 0.659992 0.677488
vt 0.853916 0.836526
vt 0.846997 0.832313
vt 0.854737 0.833806
vt 0.661832 0.664508
vt 0.832055 0.924786
vt 0.836194 0.920380
vt 0.838108 0.933810
vt 0.669322 0.667904
vt 0.836726 0.941767
vt 0.845641 0.843874
vt 0.846580 0.852565
vt 0.844095 0.852450
vt 0.955377 0.307732
vt 0.955286 0.299740
vt 0.945253 0.308910
vt 0.742539 0.987505
vt 0.737736 0.980291
vt 0.742539 0.970263
vt 0.268587 0.923069
vt 0.253936 0.885985
vt 0.280334 0.882328
vt 0.636651 0.837816
vt 0.638124 0.825900
vt 0.254241 0.927869
vt 0.280334 0.917758
vt 0.665900 0.848309
vt 0.636444 0.851795
vt 0.963885 0.577900
vt 0.956836 0.565394
vt 0.971796 0.572251
vt 0.981034 0.589495
vt 0.942921 0.850470
vt 0.955245 0.869178
vt 0.941049 0.869811
vt 0.926783 0.850149
vt 0.927985 0.829016
vt 0.250244 0.736768
vt 0.249015 0.723712
vt 0.268972 0.727282
vt 0.230152 0.733433
vt 0.713911 0.162456
vt 0.713334 0.155617
vt 0.725249 0.163737
vt 0.708773 0.171667
vt 0.959141 0.354620
vt 0.951092 0.350448
vt 0.963902 0.349182
vt 0.956639 0.004103
vt 0.950463 0.012311
vt 0.946600 0.002338
vt 0.619638 0.350109
vt 0.617198 0.351936
vt 0.615188 0.347186
vt 0.619046 0.341204
vt 0.575907 0.299258
vt 0.573296 0.296853
vt 0.575907 0.295792
vt 0.053425 0.950866
vt 0.055539 0.954344
vt 0.053533 0.955570
vt 0.052175 0.941509
vt 0.055278 0.950034
vt 0.621694 0.354728
vt 0.892863 0.482719
vt 0.894757 0.489558
vt 0.886056 0.487256
vt 0.888251 0.480845
vt 0.894528 0.476592
vt 0.995880 0.366435
vt 0.999239 0.372661
vt 0.874360 0.491686
vt 0.875865 0.488074
vt 0.877588 0.493226
vt 0.869954 0.493678
vt 0.873546 0.488226
vt 0.874305 0.494733
vt 0.871359 0.495045
vt 0.868928 0.577187
vt 0.859131 0.588446
vt 0.856079 0.572758
vt 0.947980 0.389516
vt 0.961345 0.398626
vt 0.952465 0.406257
vt 0.867829 0.555995
vt 0.958428 0.382757
vt 0.869575 0.601393
vt 0.943029 0.375144
vt 0.919068 0.774801
vt 0.907648 0.774314
vt 0.907296 0.760612
vt 0.920591 0.760486
vt 0.927485 0.772912
vt 0.927334 0.779784
vt 0.918404 0.783084
vt 0.888739 0.425001
vt 0.897224 0.427221
vt 0.897048 0.434878
vt 0.369023 0.947604
vt 0.361218 0.950408
vt 0.360889 0.945405
vt 0.366949 0.925178
vt 0.384069 0.932481
vt 0.385329 0.952237
vt 0.382203 0.958308
vt 0.850283 0.177579
vt 0.850283 0.197614
vt 0.831738 0.196151
vt 0.826901 0.177864
vt 0.318631 0.963202
vt 0.340981 0.974567
vt 0.317323 0.966809
vt 0.648036 0.969761
vt 0.344513 0.953759
vt 0.342402 0.970591
vt 0.320160 0.949528
vt 0.664800 0.969065
vt 0.015794 0.958676
vt 0.031118 0.975188
vt 0.016142 0.970991
vt 0.749323 0.667312
vt 0.765081 0.671234
vt 0.745975 0.681130
vt 0.699759 0.152471
vt 0.684879 0.174720
vt 0.658553 0.689199
vt 0.663209 0.690230
vt 0.661573 0.698634
vt 0.645892 0.367239
vt 0.391357 0.868698
vt 0.375966 0.885156
vt 0.901074 0.255836
vt 0.894348 0.260014
vt 0.899075 0.253079
vt 0.942440 0.692868
vt 0.949335 0.689608
vt 0.344083 0.444265
vt 0.349283 0.445969
vt 0.343906 0.450409
vt 0.907523 0.248747
vt 0.909661 0.253624
vt 0.255644 0.802034
vt 0.258374 0.791137
vt 0.841653 0.424608
vt 0.833459 0.416162
vt 0.841653 0.412307
vt 0.255250 0.811664
vt 0.244274 0.805517
vt 0.626274 0.423766
vt 0.629926 0.431587
vt 0.245930 0.797734
vt 0.248943 0.784172
vt 0.244814 0.353922
vt 0.226093 0.361878
vt 0.265646 0.353990
vt 0.269409 0.378722
vt 0.264983 0.329605
vt 0.637107 0.716420
vt 0.623984 0.715998
vt 0.635544 0.721556
vt 0.641692 0.718642
vt 0.578364 0.853714
vt 0.586487 0.866627
vt 0.568998 0.870287
vt 0.034542 0.724498
vt 0.051909 0.719330
vt 0.056038 0.747811
vt 0.569824 0.850279
vt 0.581220 0.833262
vt 0.043250 0.749591
vt 0.807457 0.183936
vt 0.802459 0.211370
vt 0.797075 0.183936
vt 0.430300 0.127216
vt 0.421574 0.103721
vt 0.441992 0.095268
vt 0.450214 0.115763
vt 0.438140 0.145521
vt 0.410865 0.131082
vt 0.417263 0.146464
vt 0.858910 0.778306
vt 0.859170 0.787029
vt 0.850562 0.783590
vt 0.848953 0.763528
vt 0.858907 0.765368
vt 0.868681 0.778686
vt 0.849582 0.775954
vt 0.864935 0.463613
vt 0.864699 0.469082
vt 0.860951 0.467376
vt 0.984648 0.490613
vt 0.991199 0.493195
vt 0.985198 0.495075
vt 0.990147 0.488535
vt 0.860106 0.463752
vt 0.865580 0.459343
vt 0.869800 0.466930
vt 0.755186 0.952806
vt 0.761718 0.948937
vt 0.761704 0.954135
vt 0.756306 0.958534
vt 0.742250 0.948937
vt 0.754420 0.948264
vt 0.881448 0.833159
vt 0.879653 0.824394
vt 0.888565 0.862937
vt 0.885068 0.807494
vt 0.259382 0.641210
vt 0.263268 0.654888
vt 0.248864 0.666918
vt 0.938994 0.013341
vt 0.956803 0.368207
vt 0.950814 0.358742
vt 0.669721 0.521745
vt 0.691455 0.524494
vt 0.670601 0.551780
vt 0.323550 0.599696
vt 0.975565 0.885075
vt 0.975565 0.869367
vt 0.982863 0.879510
vt 0.288041 0.934423
vt 0.291989 0.932229
vt 0.183517 0.746817
vt 0.183517 0.738210
vt 0.185994 0.743423
vt 0.282142 0.823552
vt 0.278406 0.819332
vt 0.282142 0.814920
vt 0.938728 0.100985
vt 0.940088 0.097588
vt 0.943707 0.099459
vt 0.601591 0.731518
vt 0.593416 0.731840
vt 0.975594 0.598872
vt 0.977550 0.589495
vt 0.980946 0.598073
vt 0.278406 0.751811
vt 0.279036 0.742132
vt 0.282396 0.742182
vt 0.980534 0.603884
vt 0.597992 0.722547
vt 0.724593 0.735688
vt 0.738486 0.720074
vt 0.735407 0.738011
vt 0.534385 0.822414
vt 0.552004 0.808882
vt 0.551707 0.826771
vt 0.682141 0.980922
vt 0.669721 0.989887
vt 0.669721 0.969381
vt 0.536384 0.804288
vt 0.032888 0.377238
vt 0.457235 0.748102
vt 0.453490 0.768798
vt 0.434728 0.770374
vt 0.897957 0.951795
vt 0.897957 0.982913
vt 0.877453 0.976910
vt 0.016198 0.362005
vt 0.433012 0.752627
vt 0.791229 0.116013
vt 0.766023 0.114763
vt 0.769060 0.085747
vt 0.793520 0.086993
vt 0.807668 0.138569
vt 0.810789 0.115374
vt 0.717149 0.040993
vt 0.734045 0.055603
vt 0.700654 0.048755
vt 0.924186 0.538621
vt 0.917363 0.547210
vt 0.905580 0.537569
vt 0.905053 0.529623
vt 0.097560 0.564637
vt 0.097130 0.546085
vt 0.114132 0.561688
vt 0.924186 0.525080
vt 0.916956 0.382309
vt 0.909661 0.367340
vt 0.926773 0.378628
vt 0.776631 0.550431
vt 0.769137 0.568997
vt 0.766099 0.557251
vt 0.769928 0.542412
vt 0.780885 0.535100
vt 0.786640 0.553532
vt 0.420299 0.635580
vt 0.435966 0.625339
vt 0.422286 0.637907
vt 0.636444 0.911921
vt 0.625447 0.963329
vt 0.626188 0.956379
vt 0.631138 0.961785
vt 0.666521 0.752131
vt 0.662326 0.751723
vt 0.669323 0.745744
vt 0.662820 0.756250
vt 0.667604 0.756584
vt 0.631839 0.966281
vt 0.624747 0.966998
vt 0.825423 0.501365
vt 0.824886 0.508306
vt 0.823812 0.501345
vt 0.881432 0.470362
vt 0.886073 0.469270
vt 0.827450 0.503032
vt 0.880223 0.468179
vt 0.883070 0.472548
vt 0.954116 0.651853
vt 0.946223 0.653894
vt 0.955479 0.622539
vt 0.950928 0.688923
vt 0.961889 0.631543
vt 0.960483 0.653772
vt 0.960518 0.681475
vt 0.955377 0.259239
vt 0.939561 0.263605
vt 0.946495 0.255821
vt 0.643593 0.981103
vt 0.632412 0.992304
vt 0.632412 0.969761
vt 0.930091 0.257675
vt 0.946663 0.273652
vt 0.050932 0.216237
vt 0.011676 0.216545
vt 0.015836 0.169350
vt 0.958904 0.964239
vt 0.972982 0.968266
vt 0.959428 0.986896
vt 0.632088 0.046258
vt 0.397542 0.528963
vt 0.836312 0.501345
vt 0.836312 0.521386
vt 0.827881 0.506412
vt 0.980522 0.236694
vt 0.649985 0.279206
vt 0.649814 0.284304
vt 0.640221 0.280091
vt 0.651025 0.271935
vt 0.894575 0.774464
vt 0.897128 0.784327
vt 0.908091 0.784601
vt 0.567148 0.250329
vt 0.568702 0.202004
vt 0.778790 0.514012
vt 0.776782 0.514180
vt 0.776782 0.511439
vt 0.575526 0.324799
vt 0.575226 0.325199
vt 0.578328 0.325420
vt 0.578920 0.327440
vt 0.820238 0.976424
vt 0.825595 0.974246
vt 0.984448 0.152411
vt 0.960001 0.139581
vt 0.092515 0.773428
vt 0.098018 0.794515
vt 0.092515 0.796451
vt 0.962941 0.160935
vt 0.563615 0.727687
vt 0.568957 0.730164
vt 0.563615 0.753128
vt 0.110939 0.512285
vt 0.111981 0.526905
vt 0.093111 0.512536
vt 0.111487 0.498665
vt 0.132489 0.518071
vt 0.096636 0.497302
vt 0.130518 0.524503
vt 0.181219 0.850945
vt 0.174968 0.841109
vt 0.177993 0.839145
vt 0.177682 0.854257
vt 0.183370 0.865222
vt 0.331473 0.807740
vt 0.329757 0.821887
vt 0.338860 0.806001
vt 0.332629 0.795533
vt 0.645238 0.975948
vt 0.646757 0.972387
vt 0.649225 0.977370
vt 0.335294 0.448085
vt 0.333710 0.451320
vt 0.333058 0.444265
vt 0.646299 0.972170
vt 0.645212 0.984898
vt 0.333058 0.457821
vt 0.643593 0.985936
vt 0.363878 0.988485
vt 0.347225 0.988485
vt 0.363059 0.963854
vt 0.170681 0.305481
vt 0.829354 0.245289
vt 0.831603 0.231801
vt 0.840232 0.231810
vt 0.937646 0.569436
vt 0.933133 0.574312
vt 0.931764 0.570035
vt 0.944310 0.569385
vt 0.938001 0.575884
vt 0.938525 0.562666
vt 0.748068 0.439271
vt 0.748124 0.450856
vt 0.723707 0.441079
vt 0.548776 0.686741
vt 0.562632 0.706927
vt 0.536848 0.697567
vt 0.769783 0.426759
vt 0.774154 0.440649
vt 0.523302 0.678530
vt 0.985658 0.625535
vt 0.991768 0.623607
vt 0.993057 0.657125
vt 0.973890 0.283872
vt 0.974476 0.280468
vt 0.979489 0.280757
vt 0.986934 0.657833
vt 0.975628 0.626477
vt 0.977065 0.622539
vt 0.967794 0.606484
vt 0.966963 0.613270
vt 0.963315 0.609476
vt 0.964435 0.602946
vt 0.970318 0.601945
vt 0.072098 0.798966
vt 0.081253 0.778346
vt 0.089399 0.795985
vt 0.092420 0.810832
vt 0.075348 0.814103
vt 0.380022 0.252623
vt 0.374865 0.242576
vt 0.377710 0.233384
vt 0.027909 0.604490
vt 0.678420 0.880126
vt 0.000478 0.618904
vt 0.448381 0.055435
vt 0.469639 0.064426
vt 0.457235 0.602921
vt 0.052667 0.920968
vt 0.048791 0.925160
vt 0.035013 0.915481
vt 0.846248 0.649567
vt 0.043505 0.907018
vt 0.848175 0.628297
vt 0.853663 0.640636
vt 0.055119 0.928208
vt 0.757311 0.511203
vt 0.754378 0.510658
vt 0.754859 0.508163
vt 0.756486 0.507592
vt 0.755772 0.514442
vt 0.957950 0.820818
vt 0.970872 0.787294
vt 0.977622 0.793099
vt 0.980850 0.819564
vt 0.957808 0.835176
vt 0.956330 0.788089
vt 0.806400 0.891228
vt 0.798885 0.894096
vt 0.808253 0.887281
vt 0.801615 0.905104
vt 0.813106 0.899466
vt 0.832488 0.304158
vt 0.811625 0.274440
vt 0.832730 0.275405
vt 0.284033 0.662372
vt 0.309091 0.694496
vt 0.285818 0.695305
vt 0.810285 0.303461
vt 0.558506 0.797194
vt 0.540806 0.789205
vt 0.549194 0.783784
vt 0.553871 0.782960
vt 0.861342 0.836876
vt 0.852508 0.846877
vt 0.858197 0.847768
vt 0.868141 0.847370
vt 0.862836 0.848205
vt 0.868637 0.834267
vt 0.870203 0.824816
vt 0.947061 0.511774
vt 0.942891 0.519567
vt 0.941647 0.511774
vt 0.555026 0.907421
vt 0.560170 0.906491
vt 0.560190 0.917797
vt 0.037925 0.820467
vt 0.031086 0.850595
vt 0.015844 0.845470
vt 0.021694 0.817095
vt 0.057322 0.823897
vt 0.049629 0.848965
vt 0.388624 0.574240
vt 0.382485 0.566370
vt 0.394721 0.562437
vt 0.781529 0.651377
vt 0.774553 0.638603
vt 0.783298 0.636752
vt 0.374685 0.575781
vt 0.793654 0.643857
vt 0.768630 0.659119
vt 0.298780 0.592361
vt 0.991908 0.975185
vt 0.984733 0.980463
vt 0.972982 0.988541
vt 0.278186 0.599696
vt 0.603294 0.748220
vt 0.637427 0.538668
vt 0.629352 0.523025
vt 0.651064 0.537245
vt 0.297989 0.001706
vt 0.305030 0.024585
vt 0.309441 0.000000
vt 0.621807 0.546214
vt 0.224987 0.835377
vt 0.204525 0.836576
vt 0.202798 0.828042
vt 0.638181 0.469730
vt 0.631530 0.458311
vt 0.633389 0.450586
vt 0.647427 0.457369
vt 0.651373 0.474847
vt 0.622606 0.466035
vt 0.639434 0.483936
vt 0.627446 0.477874
vt 0.315479 0.934455
vt 0.310541 0.926803
vt 0.312822 0.915615
vt 0.622004 0.323963
vt 0.629319 0.304983
vt 0.629164 0.325234
vt 0.309675 0.938982
vt 0.871138 0.964770
vt 0.860566 0.956022
vt 0.877324 0.947262
vt 0.169964 0.945001
vt 0.171036 0.915029
vt 0.174407 0.944881
vt 0.167474 0.959442
vt 0.349803 0.565823
vt 0.346001 0.537763
vt 0.353778 0.538917
vt 0.348124 0.578039
vt 0.346027 0.565859
vt 0.177026 0.681751
vt 0.185472 0.684115
vt 0.184947 0.701803
vt 0.185472 0.660749
vt 0.511552 0.772982
vt 0.530467 0.785996
vt 0.524080 0.787661
vt 0.177782 0.665253
vt 0.832623 0.427030
vt 0.833899 0.448988
vt 0.819864 0.440176
vt 0.769906 0.183936
vt 0.757368 0.180055
vt 0.847563 0.436646
vt 0.817449 0.425001
vt 0.747892 0.064199
vt 0.543967 0.033642
vt 0.555904 0.062821
vt 0.537083 0.055311
vt 0.561508 0.034888
vt 0.565131 0.013330
vt 0.320750 0.022701
vt 0.328238 0.046963
vt 0.549270 0.013877
vt 0.902106 0.470740
vt 0.905027 0.467421
vt 0.904804 0.471366
vt 0.901976 0.474032
vt 0.541499 0.939796
vt 0.421822 0.336342
vt 0.405504 0.344015
vt 0.589556 0.323716
vt 0.850492 0.587751
vt 0.852980 0.605585
vt 0.860113 0.605620
vt 0.930401 0.758381
vt 0.923048 0.741962
vt 0.352409 0.951675
vt 0.357848 0.947085
vt 0.977629 0.683047
vt 0.974752 0.656070
vt 0.987851 0.686808
vt 0.351273 0.954636
vt 0.232590 0.893107
vt 0.226980 0.893354
vt 0.233231 0.882812
vt 0.226631 0.903554
vt 0.571295 0.876792
vt 0.576509 0.880498
vt 0.773262 0.982858
vt 0.664316 0.178156
vt 0.642318 0.180769
vt 0.643468 0.171382
vt 0.785608 0.838148
vt 0.821127 0.834086
vt 0.814785 0.841966
vt 0.827321 0.820688
vt 0.775420 0.827467
vt 0.660469 0.996433
vt 0.668822 0.982292
vt 0.665377 0.995592
vt 0.664228 0.983509
vt 0.076906 0.708590
vt 0.071912 0.707722
vt 0.081596 0.698378
vt 0.800694 0.844711
vt 0.051947 0.471584
vt 0.032418 0.458016
vt 0.062007 0.460338
vt 0.070215 0.480568
vt 0.996873 0.295325
vt 0.997090 0.306517
vt 0.990245 0.305646
vt 0.990852 0.293814
vt 0.154293 0.408828
vt 0.158137 0.408954
vt 0.154896 0.419840
vt 0.151387 0.397411
vt 0.997284 0.283910
vt 0.000000 0.845332
vt 0.555605 0.723049
vt 0.561790 0.746131
vt 0.533500 0.711783
vt 0.543751 0.694638
vt 0.003450 0.815632
vt 0.098018 0.048253
vt 0.116669 0.026966
vt 0.854533 0.464256
vt 0.856987 0.467806
vt 0.853025 0.468317
vt 0.858612 0.459881
vt 0.657195 0.711373
vt 0.724213 0.384394
vt 0.746090 0.399570
vt 0.721083 0.399115
vt 0.749635 0.382137
vt 0.741562 0.662071
vt 0.745975 0.676889
vt 0.725913 0.680927
vt 0.836920 0.823330
vt 0.838848 0.827984
vt 0.993677 0.273044
vt 0.989730 0.272261
vt 0.993000 0.263936
vt 0.808736 0.422643
vt 0.804157 0.422643
vt 0.806574 0.417988
vt 0.838372 0.813272
vt 0.850067 0.823570
vt 0.990723 0.277812
vt 0.199947 0.982184
vt 0.215808 0.980834
vt 0.216855 0.976814
vt 0.199266 0.973991
vt 0.200357 0.978415
vt 0.863755 0.470058
vt 0.855163 0.470015
vt 0.215808 0.984055
vt 0.218418 0.973991
vt 0.640935 0.914926
vt 0.653820 0.924396
vt 0.639363 0.921044
vt 0.939560 0.977705
vt 0.921554 0.975066
vt 0.921554 0.951795
vt 0.941120 0.953725
vt 0.940543 0.984907
vt 0.922077 0.983618
vt 0.668822 0.916172
vt 0.633262 0.914910
vt 0.872025 0.515701
vt 0.877445 0.515565
vt 0.764680 0.954722
vt 0.765741 0.950303
vt 0.768683 0.950993
vt 0.872307 0.519404
vt 0.387832 0.356122
vt 0.335044 0.554354
vt 0.332270 0.560960
vt 0.332270 0.552463
vt 0.976525 0.784699
vt 0.315479 0.980882
vt 0.307109 0.988578
vt 0.307217 0.969326
vt 0.726413 0.985078
vt 0.726413 0.970263
vt 0.732022 0.975549
vt 0.315479 0.997429
vt 0.722693 0.172173
vt 0.734827 0.169980
vt 0.731385 0.180134
vt 0.903787 0.444410
vt 0.977050 0.455369
vt 0.978081 0.475394
vt 0.968190 0.454075
vt 0.978252 0.435180
vt 0.207736 0.858396
vt 0.186014 0.894116
vt 0.186872 0.876876
vt 0.190035 0.857044
vt 0.843382 0.959905
vt 0.838998 0.979258
vt 0.832055 0.971728
vt 0.015025 0.305712
vt 0.015218 0.264297
vt 0.030885 0.305225
vt 0.000000 0.307979
vt 0.315015 0.803674
vt 0.298544 0.801789
vt 0.315170 0.797090
vt 0.329757 0.805650
vt 0.429751 0.160596
vt 0.434180 0.154948
vt 0.446066 0.161648
vt 0.329757 0.792474
vt 0.381880 0.916330
vt 0.356619 0.925228
vt 0.363412 0.910957
vt 0.596347 0.689807
vt 0.580389 0.696817
vt 0.583861 0.681899
vt 0.610844 0.675228
vt 0.609555 0.689862
vt 0.597671 0.704994
vt 0.940583 0.609466
vt 0.935475 0.600731
vt 0.939316 0.600241
vt 0.944043 0.599836
vt 0.945285 0.608766
vt 0.939504 0.616773
vt 0.937510 0.609577
vt 0.944825 0.616110
vt 0.941914 0.617552
vt 0.408299 0.877010
vt 0.415939 0.882608
vt 0.398998 0.882723
vt 0.393621 0.876787
vt 0.953433 0.848199
vt 0.733302 0.128584
vt 0.749820 0.132754
vt 0.746047 0.143908
vt 0.730761 0.141499
vt 0.717790 0.121228
vt 0.749744 0.111469
vt 0.716740 0.134844
vt 0.285319 0.074169
vt 0.254387 0.074470
vt 0.286527 0.050259
vt 0.311105 0.048566
vt 0.496155 0.775799
vt 0.491464 0.784924
vt 0.480119 0.771634
vt 0.499539 0.792040
vt 0.491749 0.770011
vt 0.993914 0.360503
vt 0.990446 0.360197
vt 0.278406 0.785774
vt 0.278406 0.775759
vt 0.282335 0.783802
vt 0.994618 0.350154
vt 0.278406 0.796891
vt 0.282120 0.800395
vt 0.278406 0.801284
vt 0.825024 0.418841
vt 0.828148 0.424571
vt 0.420200 0.843566
vt 0.417998 0.840500
vt 0.420500 0.840261
vt 0.987966 0.519233
vt 0.985706 0.516720
vt 0.992465 0.514980
vt 0.183619 0.777091
vt 0.185977 0.771859
vt 0.185977 0.778237
vt 0.417998 0.845204
vt 0.770686 0.783575
vt 0.770010 0.800225
vt 0.753609 0.782968
vt 0.143395 0.751562
vt 0.103697 0.749489
vt 0.131587 0.740035
vt 0.350310 0.813108
vt 0.350144 0.798737
vt 0.651287 0.661225
vt 0.141089 0.017975
vt 0.125152 0.015313
vt 0.125346 0.001994
vt 0.669721 0.650523
vt 0.141735 0.003602
vt 0.117954 0.657585
vt 0.141537 0.654124
vt 0.124176 0.685188
vt 0.111343 0.626919
vt 0.133978 0.622814
vt 0.870744 0.092999
vt 0.847901 0.091963
vt 0.848922 0.061277
vt 0.870911 0.061633
vt 0.868750 0.121234
vt 0.133968 0.539580
vt 0.113140 0.942946
vt 0.120279 0.957630
vt 0.105904 0.961101
vt 0.113361 0.542711
vt 0.126568 0.940610
vt 0.150248 0.543080
vt 0.134176 0.552072
vt 0.884902 0.271484
vt 0.879174 0.270775
vt 0.884007 0.268761
vt 0.886639 0.269468
vt 0.890501 0.272529
vt 0.878944 0.277392
vt 0.884350 0.277935
vt 0.686853 0.387319
vt 0.674446 0.395769
vt 0.684242 0.381811
vt 0.679209 0.895220
vt 0.698167 0.883582
vt 0.966694 0.387293
vt 0.988380 0.383070
vt 0.987474 0.388699
vt 0.672599 0.891258
vt 0.964606 0.369285
vt 0.696848 0.891344
vt 0.963902 0.392959
vt 0.087815 0.424558
vt 0.066276 0.406179
vt 0.099868 0.399055
vt 0.075516 0.449142
vt 0.110696 0.412099
vt 0.098025 0.435134
vt 0.979672 0.755712
vt 0.976011 0.744551
vt 0.177697 0.644185
vt 0.983141 0.755220
vt 0.781925 0.610589
vt 0.776552 0.596203
vt 0.779040 0.590809
vt 0.781931 0.581536
vt 0.796086 0.610572
vt 0.843173 0.709889
vt 0.852255 0.707732
vt 0.831415 0.707320
vt 0.372979 0.253306
vt 0.366228 0.246574
vt 0.915344 0.132352
vt 0.901851 0.130720
vt 0.640509 0.676890
vt 0.630012 0.675868
vt 0.884238 0.770578
vt 0.877324 0.762220
vt 0.889118 0.763856
vt 0.887716 0.780413
vt 0.648851 0.684146
vt 0.692159 0.583683
vt 0.674984 0.613366
vt 0.672657 0.582995
vt 0.690390 0.553341
vt 0.712486 0.552888
vt 0.712810 0.582268
vt 0.694783 0.613537
vt 0.892996 0.498352
vt 0.888965 0.496032
vt 0.890068 0.490895
vt 0.896222 0.504982
vt 0.890812 0.505294
vt 0.889037 0.503026
vt 0.333184 0.426213
vt 0.332706 0.424184
vt 0.333184 0.421112
vt 0.566783 0.799301
vt 0.566783 0.795113
vt 0.568957 0.797086
vt 0.794750 0.417988
vt 0.836372 0.959905
vt 0.835688 0.957461
vt 0.839644 0.952348
vt 0.872877 0.501882
vt 0.873438 0.498675
vt 0.964424 0.881167
vt 0.961764 0.878792
vt 0.965783 0.878809
vt 0.893197 0.613126
vt 0.904625 0.602364
vt 0.903235 0.616805
vt 0.895507 0.601185
vt 0.865468 0.418730
vt 0.857986 0.424409
vt 0.857986 0.412321
vt 0.753170 0.513790
vt 0.751384 0.510373
vt 0.981268 0.834424
vt 0.955534 0.852302
vt 0.981247 0.828270
vt 0.769560 0.894976
vt 0.791901 0.896974
vt 0.781933 0.902860
vt 0.781131 0.910688
vt 0.833459 0.246492
vt 0.811781 0.246265
vt 0.542821 0.772376
vt 0.534550 0.761338
vt 0.853899 0.858163
vt 0.849321 0.858228
vt 0.996466 0.082965
vt 0.991244 0.083671
vt 0.999089 0.068003
vt 0.712739 0.466745
vt 0.710764 0.474314
vt 0.699759 0.465738
vt 0.999089 0.099123
vt 0.726875 0.461357
vt 0.002412 0.431783
vt 0.459415 0.963116
vt 0.471382 0.974909
vt 0.457235 0.986210
vt 0.012722 0.444352
vt 0.605452 0.438146
vt 0.588271 0.441142
vt 0.608967 0.462873
vt 0.632814 0.756959
vt 0.625197 0.751095
vt 0.640190 0.764666
vt 0.635461 0.766473
vt 0.641721 0.752060
vt 0.625965 0.758628
vt 0.944354 0.943554
vt 0.972253 0.942858
vt 0.969898 0.964239
vt 0.942185 0.964055
vt 0.945151 0.922286
vt 0.906132 0.462407
vt 0.902130 0.461120
vt 0.991880 0.238922
vt 0.982486 0.249053
vt 0.611010 0.721057
vt 0.606358 0.705215
vt 0.606931 0.713895
vt 0.777195 0.410616
vt 0.808546 0.417038
vt 0.776419 0.417259
vt 0.763332 0.413360
vt 0.773635 0.400628
vt 0.740906 0.412225
vt 0.764686 0.420483
vt 0.807558 0.405325
vt 0.773635 0.395556
vt 0.881381 0.505871
vt 0.887229 0.509969
vt 0.881592 0.510933
vt 0.877540 0.505770
vt 0.885209 0.504448
vt 0.877489 0.510831
vt 0.279428 0.676568
vt 0.272741 0.655649
vt 0.282352 0.658625
vt 0.827304 0.761362
vt 0.780282 0.745374
vt 0.827985 0.744817
vt 0.779031 0.759688
vt 0.831415 0.779139
vt 0.772892 0.781972
vt 0.267649 0.691065
vt 0.277450 0.693379
vt 0.587593 0.506712
vt 0.601527 0.504758
vt 0.601527 0.519734
vt 0.857151 0.680827
vt 0.875452 0.690913
vt 0.857508 0.693079
vt 0.875452 0.678536
vt 0.589199 0.519153
vt 0.901864 0.383083
vt 0.896476 0.353615
vt 0.903338 0.352671
vt 0.899265 0.384549
vt 0.905400 0.382334
vt 0.909661 0.395867
vt 0.771766 0.609017
vt 0.774145 0.603472
vt 0.782659 0.620914
vt 0.587166 0.745328
vt 0.599267 0.760435
vt 0.585980 0.759219
vt 0.617324 0.755569
vt 0.969709 0.725233
vt 0.978138 0.717939
vt 0.529170 0.521097
vt 0.538076 0.504714
vt 0.545228 0.521097
vt 0.949544 0.562238
vt 0.949798 0.568584
vt 0.979872 0.706668
vt 0.940435 0.545882
vt 0.968470 0.732499
vt 0.265199 0.778819
vt 0.247921 0.778457
vt 0.262490 0.773481
vt 0.278349 0.774260
vt 0.278406 0.782203
vt 0.253976 0.784863
vt 0.268835 0.784932
vt 0.980522 0.257828
vt 0.629460 0.956379
vt 0.629454 0.922677
vt 0.712953 0.509559
vt 0.711943 0.512373
vt 0.710295 0.508156
vt 0.714207 0.507680
vt 0.566696 0.800643
vt 0.563381 0.801976
vt 0.566383 0.798692
vt 0.578213 0.811445
vt 0.591240 0.823820
vt 0.568998 0.827789
vt 0.344513 0.917567
vt 0.343619 0.936620
vt 0.324298 0.919770
vt 0.594858 0.802789
vt 0.324807 0.902812
vt 0.343450 0.900247
vt 0.411034 0.239004
vt 0.399887 0.231970
vt 0.549929 0.323430
vt 0.553498 0.311326
vt 0.564884 0.313010
vt 0.403296 0.221656
vt 0.417530 0.234891
vt 0.419823 0.245073
vt 0.559581 0.327440
vt 0.299098 0.963451
vt 0.630678 0.348878
vt 0.625598 0.359792
vt 0.474473 0.825425
vt 0.493259 0.829063
vt 0.471982 0.842863
vt 0.459985 0.823956
vt 0.278124 0.949535
vt 0.266426 0.968691
vt 0.263467 0.952524
vt 0.830404 0.415705
vt 0.253936 0.927869
vt 0.282542 0.971869
vt 0.018047 0.331158
vt 0.795030 0.027477
vt 0.773115 0.028403
vt 0.771555 0.001478
vt 0.792709 0.000808
vt 0.806546 0.000000
vt 0.795790 0.056853
vt 0.813651 0.057222
vt 0.814022 0.026756
vt 0.654882 0.744647
vt 0.655925 0.748231
vt 0.654795 0.751513
vt 0.971947 0.615248
vt 0.967635 0.616641
vt 0.650966 0.750966
vt 0.962833 0.619993
vt 0.997816 0.566885
vt 0.986180 0.565155
vt 0.993006 0.545467
vt 0.885410 0.523945
vt 0.905948 0.521745
vt 0.887516 0.533973
vt 0.755444 0.152851
vt 0.757368 0.137480
vt 0.746799 0.155605
vt 0.555026 0.985770
vt 0.555650 0.965047
vt 0.566109 0.967108
vt 0.877359 0.539532
vt 0.217465 0.815605
vt 0.232960 0.810212
vt 0.233124 0.819665
vt 0.216570 0.803172
vt 0.218165 0.825887
vt 0.202435 0.817468
vt 0.200097 0.805223
vt 0.043713 0.581795
vt 0.043733 0.568580
vt 0.541182 0.637616
vt 0.558331 0.640833
vt 0.542211 0.617263
vt 0.564131 0.623566
vt 0.151258 0.522577
vt 0.155634 0.509308
vt 0.158137 0.514340
vt 0.154999 0.530072
vt 0.631839 0.977552
vt 0.626562 0.979225
vt 0.631287 0.988623
vt 0.927888 0.586973
vt 0.926635 0.574758
vt 0.519477 0.963116
vt 0.522445 0.972247
vt 0.517910 0.974772
vt 0.785645 0.420744
vt 0.784929 0.424762
vt 0.782716 0.424647
vt 0.782451 0.420452
vt 0.782583 0.418930
vt 0.819092 0.517706
vt 0.821743 0.517417
vt 0.823241 0.520295
vt 0.785459 0.417530
vt 0.819092 0.514233
vt 0.942440 0.655123
vt 0.942440 0.689273
vt 0.943264 0.624115
vt 0.568998 0.884567
vt 0.569310 0.950485
vt 0.545499 0.507816
vt 0.554800 0.504714
vt 0.559854 0.519730
vt 0.917747 0.413112
vt 0.909270 0.424829
vt 0.909270 0.406602
vt 0.545228 0.519730
vt 0.381087 0.447157
vt 0.371517 0.489611
vt 0.365810 0.467482
vt 0.393350 0.550957
vt 0.381814 0.550909
vt 0.644657 0.375185
vt 0.646597 0.373305
vt 0.558484 0.946575
vt 0.556751 0.944019
vt 0.556768 0.946448
vt 0.279085 0.831439
vt 0.279663 0.833125
vt 0.409162 0.854773
vt 0.392125 0.859712
vt 0.397092 0.848820
vt 0.829566 0.678279
vt 0.819796 0.674605
vt 0.821599 0.664764
vt 0.000943 0.940930
vt 0.006171 0.931213
vt 0.005537 0.941702
vt 0.829566 0.667232
vt 0.008634 0.948038
vt 0.005981 0.949983
vt 0.000000 0.928503
vt 0.232525 0.110209
vt 0.232757 0.156760
vt 0.205674 0.155575
vt 0.204645 0.109379
vt 0.233383 0.070522
vt 0.160225 0.347654
vt 0.181582 0.345465
vt 0.158925 0.394126
vt 0.160488 0.307979
vt 0.220092 0.878732
vt 0.429469 0.816482
vt 0.445389 0.832483
vt 0.421429 0.819868
vt 0.355530 0.786757
vt 0.646754 0.225233
vt 0.655613 0.242834
vt 0.652374 0.257988
vt 0.342906 0.737065
vt 0.342906 0.730756
vt 0.347048 0.732253
vt 0.335294 0.492663
vt 0.332643 0.497576
vt 0.332643 0.486869
vt 0.698068 0.984587
vt 0.699639 0.985726
vt 0.696597 0.991422
vt 0.701058 0.982019
vt 0.696597 0.977697
vt 0.089311 0.927881
vt 0.086192 0.935023
vt 0.077604 0.931644
vt 0.749437 0.962156
vt 0.099205 0.922412
vt 0.095377 0.932229
vt 0.901357 0.874339
vt 0.896441 0.870262
vt 0.890884 0.877370
vt 0.910618 0.876050
vt 0.767149 0.507352
vt 0.776782 0.507352
vt 0.767451 0.518077
vt 0.897439 0.884049
vt 0.906132 0.453704
vt 0.906329 0.443837
vt 0.918440 0.453244
vt 0.917750 0.462896
vt 0.906551 0.466180
vt 0.036199 0.048298
vt 0.061068 0.047992
vt 0.027268 0.122704
vt 0.028813 0.081114
vt 0.883633 0.703193
vt 0.875452 0.703193
vt 0.877594 0.694278
vt 0.687608 0.443406
vt 0.594740 0.775732
vt 0.577761 0.778800
vt 0.582428 0.769094
vt 0.607805 0.781638
vt 0.589903 0.786913
vt 0.612134 0.766398
vt 0.953484 0.074700
vt 0.951320 0.082638
vt 0.944880 0.070189
vt 0.003745 0.919694
vt 0.009923 0.926257
vt 0.006676 0.908730
vt 0.956639 0.086742
vt 0.658088 0.387925
vt 0.659965 0.398275
vt 0.641000 0.391089
vt 0.171362 0.131748
vt 0.179665 0.180936
vt 0.160253 0.177209
vt 0.157119 0.129156
vt 0.160424 0.086339
vt 0.641496 0.721848
vt 0.644345 0.725638
vt 0.819417 0.421293
vt 0.820123 0.417861
vt 0.822285 0.418950
vt 0.822285 0.423918
vt 0.092420 0.774156
vt 0.076774 0.759119
vt 0.085405 0.754140
vt 0.735661 0.798352
vt 0.754897 0.800061
vt 0.752374 0.811811
vt 0.714996 0.793688
vt 0.734252 0.782476
vt 0.320530 0.866024
vt 0.320872 0.874274
vt 0.304049 0.870914
vt 0.389425 0.213823
vt 0.385639 0.224256
vt 0.300921 0.851284
vt 0.317898 0.847882
vt 0.400569 0.197647
vt 0.892673 0.163880
vt 0.651298 0.207944
vt 0.664277 0.225900
vt 0.214082 0.767837
vt 0.202596 0.760265
vt 0.209016 0.752653
vt 0.208762 0.783148
vt 0.205547 0.771443
vt 0.220317 0.766682
vt 0.220684 0.780181
vt 0.669281 0.780521
vt 0.666283 0.781399
vt 0.668234 0.775790
vt 0.669323 0.784622
vt 0.619314 0.356392
vt 0.831415 0.943392
vt 0.818649 0.944001
vt 0.990447 0.369269
vt 0.988556 0.343944
vt 0.831282 0.929480
vt 0.828976 0.968702
vt 0.935669 0.459492
vt 0.958781 0.466500
vt 0.935178 0.447651
vt 0.954636 0.441282
vt 0.169391 0.849608
vt 0.503715 0.764550
vt 0.505962 0.748742
vt 0.558476 0.929171
vt 0.567052 0.916574
vt 0.031151 0.872113
vt 0.046660 0.870356
vt 0.526027 0.885621
vt 0.534727 0.890508
vt 0.980176 0.898973
vt 0.981007 0.889839
vt 0.989264 0.900479
vt 0.406486 0.744708
vt 0.422659 0.730873
vt 0.410065 0.749072
vt 0.392111 0.757778
vt 0.391671 0.738067
vt 0.283359 0.796730
vt 0.282595 0.785959
vt 0.878176 0.366699
vt 0.834131 0.371087
vt 0.504739 0.385258
vt 0.514099 0.405235
vt 0.877099 0.388338
vt 0.493110 0.366832
vt 0.737394 0.046857
vt 0.699759 0.024820
vt 0.720176 0.026521
vt 0.162482 0.540159
vt 0.179854 0.533167
vt 0.980388 0.026813
vt 0.991244 0.021067
vt 0.991244 0.037967
vt 0.974246 0.027807
vt 0.979265 0.016591
vt 0.983284 0.039071
vt 0.980854 0.687328
vt 0.974990 0.701998
vt 0.974752 0.687328
vt 0.974767 0.041080
vt 0.079597 0.623938
vt 0.063002 0.631936
vt 0.063872 0.610736
vt 0.082457 0.596432
vt 0.091260 0.612545
vt 0.079247 0.650581
vt 0.091427 0.627176
vt 0.097221 0.810200
vt 0.095036 0.803186
vt 0.099267 0.803761
vt 0.093572 0.815632
vt 0.092420 0.810043
vt 0.052336 0.959941
vt 0.051605 0.970159
vt 0.059025 0.958676
vt 0.046927 0.963908
vt 0.664355 0.776263
vt 0.665526 0.784891
vt 0.663019 0.780869
vt 0.667082 0.785680
vt 0.938728 0.098498
vt 0.935326 0.100227
vt 0.935321 0.098392
vt 0.993541 0.466315
vt 0.980610 0.468429
vt 0.994797 0.436871
vt 0.994175 0.445486
vt 0.185988 0.578200
vt 0.186014 0.602792
vt 0.177444 0.578449
vt 0.179801 0.562159
vt 0.522384 0.845542
vt 0.507386 0.845110
vt 0.513001 0.830585
vt 0.522518 0.861668
vt 0.506907 0.859739
vt 0.522518 0.829736
vt 0.583931 0.713926
vt 0.673543 0.693801
vt 0.342883 0.751743
vt 0.315382 0.763269
vt 0.312381 0.752436
vt 0.341281 0.771645
vt 0.332477 0.739684
vt 0.687430 0.130076
vt 0.665547 0.131093
vt 0.683155 0.108805
vt 0.920980 0.183251
vt 0.940144 0.166948
vt 0.939206 0.188838
vt 0.921132 0.196893
vt 0.921653 0.161425
vt 0.641893 0.304317
vt 0.641795 0.324716
vt 0.654993 0.308013
vt 0.639633 0.285969
vt 0.653407 0.296612
vt 0.874351 0.466381
vt 0.877830 0.462779
vt 0.834151 0.261950
vt 0.878700 0.266167
vt 0.878786 0.286027
vt 0.316890 0.302819
vt 0.837702 0.245514
vt 0.306487 0.258599
vt 0.834615 0.285639
vt 0.290328 0.301134
vt 0.748765 0.966797
vt 0.750321 0.614118
vt 0.279335 0.599696
vt 0.281653 0.614496
vt 0.271189 0.600466
vt 0.936618 0.703193
vt 0.931984 0.696221
vt 0.936618 0.689977
vt 0.927067 0.519997
vt 0.927067 0.510172
vt 0.932009 0.512168
vt 0.954069 0.341149
vt 0.938721 0.336590
vt 0.917984 0.346852
vt 0.890436 0.355336
vt 0.900043 0.328713
vt 0.339033 0.539470
vt 0.517849 0.739623
vt 0.216558 0.505593
vt 0.182403 0.227454
vt 0.186014 0.272350
vt 0.170478 0.268501
vt 0.164708 0.223669
vt 0.236983 0.507195
vt 0.230389 0.537837
vt 0.592859 0.299850
vt 0.605573 0.297483
vt 0.037693 0.885947
vt 0.044781 0.883417
vt 0.052127 0.883927
vt 0.987091 0.712165
vt 0.231391 0.777715
vt 0.243113 0.772866
vt 0.234327 0.785423
vt 0.290635 0.353510
vt 0.284589 0.329361
vt 0.313630 0.349680
vt 0.318723 0.373551
vt 0.922946 0.697190
vt 0.922932 0.693587
vt 0.925787 0.693508
vt 0.332453 0.588024
vt 0.334489 0.590350
vt 0.332446 0.591318
vt 0.925596 0.698626
vt 0.604536 0.711755
vt 0.606471 0.715338
vt 0.601462 0.711318
vt 0.922932 0.700773
vt 0.321988 0.934739
vt 0.315479 0.946256
vt 0.316657 0.933151
vt 0.475150 0.145982
vt 0.445976 0.153844
vt 0.365778 0.707799
vt 0.378682 0.723904
vt 0.364275 0.729959
vt 0.372746 0.698931
vt 0.600119 0.504714
vt 0.573566 0.503632
vt 0.597732 0.492441
vt 0.801806 0.431272
vt 0.614384 0.490229
vt 0.789559 0.454347
vt 0.783974 0.448825
vt 0.803027 0.443556
vt 0.615188 0.503247
vt 0.760789 0.943384
vt 0.043669 0.934740
vt 0.052060 0.930543
vt 0.335294 0.569045
vt 0.335294 0.578039
vt 0.332229 0.576098
vt 0.620181 0.387097
vt 0.621917 0.393689
vt 0.897833 0.694250
vt 0.891123 0.703193
vt 0.891123 0.692533
vt 0.346857 0.785210
vt 0.342906 0.785210
vt 0.345721 0.775908
vt 0.541412 0.970048
vt 0.546266 0.970997
vt 0.542824 0.980331
vt 0.035588 0.929996
vt 0.827412 0.508267
vt 0.822444 0.513847
vt 0.822152 0.508476
vt 0.110317 0.013960
vt 0.757780 0.970263
vt 0.763249 0.982198
vt 0.757780 0.986298
vt 0.604128 0.205245
vt 0.590645 0.253989
vt 0.594330 0.205710
vt 0.606301 0.158089
vt 0.610848 0.158266
vt 0.613274 0.205464
vt 0.605490 0.252374
vt 0.542444 0.772159
vt 0.531523 0.776841
vt 0.620181 0.397998
vt 0.860965 0.859371
vt 0.865758 0.858683
vt 0.864047 0.864623
vt 0.859364 0.865578
vt 0.847223 0.215561
vt 0.751899 0.721485
vt 0.751685 0.703193
vt 0.477185 0.986210
vt 0.454843 0.783345
vt 0.433870 0.785059
vt 0.457235 0.797421
vt 0.435934 0.801528
vt 0.793053 0.502274
vt 0.778793 0.520764
vt 0.778793 0.501345
vt 0.559578 0.419929
vt 0.561190 0.441244
vt 0.539957 0.421307
vt 0.957635 0.878593
vt 0.958633 0.877480
vt 0.955534 0.877585
vt 0.956479 0.876477
vt 0.736787 0.517857
vt 0.740451 0.518467
vt 0.736787 0.521695
vt 0.869380 0.500587
vt 0.869259 0.504287
vt 0.607680 0.560483
vt 0.608941 0.534433
vt 0.241547 0.001285
vt 0.747022 0.973485
vt 0.752802 0.970263
vt 0.752802 0.984716
vt 0.677581 0.492667
vt 0.678283 0.501062
vt 0.664787 0.490249
vt 0.873977 0.413630
vt 0.877301 0.412307
vt 0.877830 0.417119
vt 0.875814 0.419564
vt 0.873977 0.421762
vt 0.620550 0.318026
vt 0.616179 0.321670
vt 0.657582 0.350340
vt 0.660876 0.348732
vt 0.334823 0.552463
vt 0.332270 0.549964
vt 0.334823 0.543469
vt 0.981015 0.506480
vt 0.982964 0.500380
vt 0.975311 0.600916
vt 0.985556 0.507953
vt 0.970144 0.597320
vt 0.761534 0.210448
vt 0.776132 0.220961
vt 0.761730 0.224869
vt 0.776307 0.186161
vt 0.775992 0.207961
vt 0.757368 0.184955
vt 0.216670 0.939584
vt 0.201852 0.957203
vt 0.202749 0.940710
vt 0.220560 0.954560
vt 0.217426 0.913593
vt 0.403081 0.109206
vt 0.412736 0.084600
vt 0.433325 0.077455
vt 0.845812 0.120066
vt 0.821325 0.118080
vt 0.823150 0.090076
vt 0.987673 0.418505
vt 0.990227 0.411978
vt 0.982631 0.421581
vt 0.984220 0.416757
vt 0.987140 0.410961
vt 0.485432 0.706213
vt 0.499926 0.723389
vt 0.498523 0.703012
vt 0.789648 0.501345
vt 0.778793 0.480469
vt 0.801327 0.486658
vt 0.680425 0.520418
vt 0.674523 0.506598
vt 0.686703 0.506598
vt 0.163304 0.731227
vt 0.533828 0.501236
vt 0.370996 0.642660
vt 0.365029 0.647757
vt 0.367597 0.631762
vt 0.935543 0.885267
vt 0.925051 0.893516
vt 0.381562 0.655067
vt 0.096835 0.708590
vt 0.098821 0.722020
vt 0.093477 0.721257
vt 0.092420 0.711266
vt 0.938141 0.586757
vt 0.952641 0.322696
vt 0.938310 0.322157
vt 0.955233 0.336590
vt 0.947403 0.329315
vt 0.844320 0.516942
vt 0.848617 0.517096
vt 0.845869 0.521024
vt 0.844320 0.507180
vt 0.812895 0.203406
vt 0.527488 0.430397
vt 0.833459 0.307836
vt 0.529170 0.462844
vt 0.765890 0.600092
vt 0.767895 0.607241
vt 0.944085 0.424829
vt 0.944085 0.414371
vt 0.950379 0.421168
vt 0.811594 0.424856
vt 0.811594 0.420824
vt 0.814177 0.422629
vt 0.878431 0.424534
vt 0.877329 0.423171
vt 0.878895 0.421268
vt 0.612496 0.327646
vt 0.613407 0.324540
vt 0.614173 0.327254
vt 0.160360 0.564252
vt 0.158479 0.560975
vt 0.161760 0.560479
vt 0.157872 0.562764
vt 0.851981 0.551947
vt 0.866526 0.539784
vt 0.842184 0.553743
vt 0.838192 0.537880
vt 0.851073 0.537006
vt 0.772599 0.521745
vt 0.784588 0.524466
vt 0.769618 0.532839
vt 0.935154 0.768840
vt 0.936477 0.741743
vt 0.762648 0.533950
vt 0.960061 0.475579
vt 0.968645 0.475726
vt 0.958781 0.495838
vt 0.959831 0.454924
vt 0.222492 0.857698
vt 0.239857 0.866123
vt 0.594329 0.877513
vt 0.606526 0.872946
vt 0.770191 0.943466
vt 0.610670 0.881188
vt 0.959642 0.149244
vt 0.940523 0.147889
vt 0.960001 0.138675
vt 0.958959 0.165282
vt 0.234935 0.970055
vt 0.235885 0.977415
vt 0.228750 0.971647
vt 0.869193 0.813778
vt 0.877324 0.813908
vt 0.876693 0.823687
vt 0.871173 0.823381
vt 0.391542 0.975583
vt 0.386178 0.976210
vt 0.390691 0.969798
vt 0.867598 0.806876
vt 0.504999 0.829356
vt 0.490843 0.844816
vt 0.489789 0.861385
vt 0.094419 0.948119
vt 0.087075 0.952599
vt 0.078051 0.935722
vt 0.924457 0.867624
vt 0.082234 0.564637
vt 0.098999 0.566449
vt 0.083996 0.578810
vt 0.940665 0.884831
vt 0.925409 0.884448
vt 0.064654 0.565992
vt 0.807457 0.196356
vt 0.813927 0.183936
vt 0.813927 0.203406
vt 0.906132 0.499015
vt 0.916255 0.509653
vt 0.906830 0.482350
vt 0.714117 0.525896
vt 0.731669 0.525203
vt 0.779659 0.417259
vt 0.779049 0.424762
vt 0.773635 0.417259
vt 0.335437 0.413182
vt 0.332437 0.404532
vt 0.065829 0.654314
vt 0.040514 0.623650
vt 0.052486 0.637724
vt 0.064204 0.370101
vt 0.079554 0.382046
vt 0.010700 0.957038
vt 0.008519 0.956917
vt 0.873596 0.423570
vt 0.009397 0.958676
vt 0.520850 0.758797
vt 0.519811 0.772921
vt 0.503985 0.756625
vt 0.505605 0.740603
vt 0.518757 0.732917
vt 0.534894 0.752401
vt 0.968470 0.724555
vt 0.939271 0.749449
vt 0.938357 0.728359
vt 0.968062 0.748768
vt 0.966984 0.703193
vt 0.242927 0.845218
vt 0.231032 0.838038
vt 0.253936 0.857862
vt 0.250754 0.836576
vt 0.668822 0.967371
vt 0.490716 0.947078
vt 0.511158 0.947015
vt 0.515029 0.957191
vt 0.483364 0.963116
vt 0.467348 0.943922
vt 0.478338 0.937923
vt 0.521329 0.954432
vt 0.517282 0.940430
vt 0.522399 0.940376
vt 0.891228 0.511092
vt 0.856457 0.807555
vt 0.851508 0.789909
vt 0.861007 0.794274
vt 0.861524 0.816795
vt 0.840711 0.798030
vt 0.375648 0.973914
vt 0.669322 0.802599
vt 0.660269 0.790461
vt 0.669322 0.785680
vt 0.200357 0.987607
vt 0.140426 0.565330
vt 0.127196 0.594119
vt 0.225374 0.967874
vt 0.220560 0.970055
vt 0.220782 0.955633
vt 0.236163 0.957987
vt 0.888036 0.256285
vt 0.891410 0.258534
vt 0.886965 0.264725
vt 0.895421 0.250245
vt 0.883646 0.263775
vt 0.061691 0.984479
vt 0.916253 0.510172
vt 0.917070 0.521039
vt 0.912041 0.521039
vt 0.912789 0.694070
vt 0.915999 0.690582
vt 0.917829 0.697264
vt 0.301172 0.919217
vt 0.302017 0.912590
vt 0.304737 0.917510
vt 0.298047 0.925963
vt 0.296021 0.920158
vt 0.234540 0.762989
vt 0.225760 0.765147
vt 0.569486 0.292309
vt 0.549980 0.292548
vt 0.257549 0.836577
vt 0.186014 0.719950
vt 0.190447 0.701157
vt 0.954699 0.785133
vt 0.729302 0.148506
vt 0.714451 0.149677
vt 0.715838 0.142570
vt 0.727581 0.158102
vt 0.754102 0.574099
vt 0.761326 0.566294
vt 0.762120 0.578772
vt 0.750257 0.574516
vt 0.751285 0.571131
vt 0.752833 0.566786
vt 0.185977 0.763073
vt 0.183517 0.760515
vt 0.185977 0.755790
vt 0.740400 0.938158
vt 0.754312 0.941844
vt 0.067718 0.928367
vt 0.069142 0.934044
vt 0.743381 0.927182
vt 0.751522 0.936280
vt 0.626000 0.767351
vt 0.623598 0.772754
vt 0.733302 0.926087
vt 0.931924 0.231558
vt 0.918804 0.219198
vt 0.931924 0.215230
vt 0.917874 0.235791
vt 0.747027 0.511967
vt 0.612496 0.315492
vt 0.994489 0.068003
vt 0.991244 0.060410
vt 0.999737 0.062794
vt 0.099330 0.842565
vt 0.159754 0.838593
vt 0.153589 0.862953
vt 0.102831 0.856875
vt 0.099767 0.813068
vt 0.001926 0.815465
vt 0.000000 0.808485
vt 0.024237 0.814763
vt 0.628356 0.283081
vt 0.862255 0.931233
vt 0.873239 0.934212
vt 0.582059 0.299497
vt 0.574735 0.299807
vt 0.850194 0.414625
vt 0.850358 0.423731
vt 0.841652 0.421467
vt 0.589104 0.299534
vt 0.841652 0.412307
vt 0.566911 0.841805
vt 0.565077 0.848804
vt 0.563216 0.823096
vt 0.862960 0.703193
vt 0.864927 0.711808
vt 0.986267 0.205999
vt 0.978555 0.197615
vt 0.986267 0.190844
vt 0.975596 0.101184
vt 0.440951 0.013125
vt 0.417462 0.015370
vt 0.415596 0.003826
vt 0.439613 0.000000
vt 0.463984 0.002856
vt 0.527398 0.550101
vt 0.534516 0.573203
vt 0.515961 0.567620
vt 0.737566 0.896152
vt 0.768684 0.913049
vt 0.740273 0.918323
vt 0.755943 0.557289
vt 0.473746 0.604447
vt 0.489611 0.597923
vt 0.471436 0.608251
vt 0.503555 0.599713
vt 0.663298 0.766877
vt 0.661195 0.776275
vt 0.659604 0.766281
vt 0.666622 0.768853
vt 0.883491 0.477366
vt 0.889327 0.474756
vt 0.884877 0.472884
vt 0.883639 0.482019
vt 0.826728 0.513564
vt 0.698887 0.404290
vt 0.698887 0.434818
vt 0.695063 0.434305
vt 0.947009 0.624016
vt 0.775410 0.489726
vt 0.757657 0.507037
vt 0.754264 0.492703
vt 0.778793 0.507352
vt 0.775762 0.462083
vt 0.072927 0.217118
vt 0.072359 0.263955
vt 0.050387 0.264353
vt 0.032584 0.264077
vt 0.654925 0.064395
vt 0.622004 0.066679
vt 0.972982 0.992152
vt 0.837523 0.951182
vt 0.832055 0.957187
vt 0.833715 0.950251
vt 0.839123 0.944019
vt 0.019631 0.882977
vt 0.950482 0.091393
vt 0.942696 0.078078
vt 0.826342 0.659119
vt 0.260363 0.776888
vt 0.304789 0.327030
vt 0.283035 0.305447
vt 0.298723 0.302819
vt 0.219097 0.024324
vt 0.210395 0.047151
vt 0.224859 0.000000
vt 0.826061 0.878046
vt 0.822712 0.864800
vt 0.831415 0.876373
vt 0.823466 0.897438
vt 0.821579 0.881233
vt 0.831415 0.891901
vt 0.815721 0.865397
vt 0.989318 0.609588
vt 0.603984 0.986165
vt 0.585900 0.977737
vt 0.603984 0.956379
vt 0.458097 0.085944
vt 0.870899 0.462581
vt 0.984547 0.498941
vt 0.872869 0.470401
vt 0.342906 0.657695
vt 0.353778 0.624641
vt 0.353778 0.665998
vt 0.636444 0.914910
vt 0.637522 0.895949
vt 0.668822 0.895178
vt 0.343590 0.586119
vt 0.353778 0.578039
vt 0.261841 0.603955
vt 0.267579 0.614684
vt 0.981034 0.542662
vt 0.338058 0.848638
vt 0.343231 0.869226
vt 0.336895 0.870331
vt 0.330954 0.846655
vt 0.064557 0.579194
vt 0.063534 0.593988
vt 0.099330 0.579918
vt 0.097654 0.600044
vt 0.373751 0.076707
vt 0.366929 0.058652
vt 0.388970 0.071015
vt 0.353778 0.061193
vt 0.380469 0.095376
vt 0.360781 0.081246
vt 0.395719 0.090265
vt 0.884778 0.700486
vt 0.888123 0.701636
vt 0.769039 0.596063
vt 0.762664 0.589066
vt 0.883633 0.693616
vt 0.888812 0.697856
vt 0.771232 0.598009
vt 0.769457 0.589496
vt 0.969931 0.432959
vt 0.970068 0.426586
vt 0.963940 0.433027
vt 0.968470 0.784295
vt 0.968470 0.770206
vt 0.974462 0.778820
vt 0.792421 0.906975
vt 0.285984 0.721863
vt 0.311070 0.738033
vt 0.283590 0.752633
vt 0.309495 0.721190
vt 0.831353 0.391837
vt 0.939991 0.131310
vt 0.957462 0.128966
vt 0.922560 0.141274
vt 0.922212 0.121823
vt 0.938393 0.116417
vt 0.869883 0.831170
vt 0.234884 0.984553
vt 0.232722 0.991645
vt 0.228750 0.987907
vt 0.229889 0.979206
vt 0.368103 0.833009
vt 0.347225 0.816482
vt 0.087750 0.967636
vt 0.418693 0.591156
vt 0.099205 0.968783
vt 0.075682 0.976305
vt 0.186014 0.253029
vt 0.210319 0.254707
vt 0.194998 0.297089
vt 0.332211 0.599696
vt 0.311165 0.595297
vt 0.207180 0.205469
vt 0.605560 0.737985
vt 0.498662 0.676200
vt 0.650341 0.521745
vt 0.666780 0.541015
vt 0.669721 0.527178
vt 0.519144 0.673975
vt 0.186014 0.827595
vt 0.187689 0.836576
vt 0.653202 0.488582
vt 0.642267 0.494967
vt 0.345377 0.719194
vt 0.193386 0.789151
vt 0.187344 0.783037
vt 0.193138 0.784032
vt 0.927067 0.521161
vt 0.922201 0.516997
vt 0.207579 0.792286
vt 0.617884 0.512615
vt 0.621664 0.513625
vt 0.880103 0.494680
vt 0.877329 0.494748
vt 0.880401 0.491716
vt 0.883381 0.496956
vt 0.879658 0.498297
vt 0.578654 0.297828
vt 0.575907 0.296102
vt 0.814022 0.154755
vt 0.818562 0.141312
vt 0.097956 0.530231
vt 0.352145 0.477473
vt 0.343940 0.475958
vt 0.344041 0.469886
vt 0.650453 0.969761
vt 0.652658 0.970773
vt 0.859835 0.873528
vt 0.861205 0.871242
vt 0.861776 0.872674
vt 0.975898 0.784295
vt 0.974462 0.782788
vt 0.976049 0.783664
vt 0.620181 0.407073
vt 0.621893 0.404537
vt 0.858159 0.871004
vt 0.916959 0.890916
vt 0.914289 0.902998
vt 0.905941 0.890299
vt 0.576731 0.786675
vt 0.568998 0.785188
vt 0.953395 0.537908
vt 0.956836 0.551159
vt 0.925949 0.314459
vt 0.932759 0.305826
vt 0.672701 0.385640
vt 0.966648 0.593221
vt 0.969741 0.593581
vt 0.965103 0.596547
vt 0.963292 0.591230
vt 0.713974 0.806478
vt 0.714566 0.802529
vt 0.733008 0.809663
vt 0.074593 0.760227
vt 0.697855 0.804787
vt 0.068969 0.744047
vt 0.074879 0.742644
vt 0.418239 0.255610
vt 0.410780 0.270125
vt 0.419986 0.267813
vt 0.568980 0.313696
vt 0.570197 0.297129
vt 0.885997 0.604342
vt 0.723913 0.225400
vt 0.715372 0.222164
vt 0.885443 0.593288
vt 0.726954 0.213146
vt 0.890375 0.467441
vt 0.697306 0.514912
vt 0.699678 0.518520
vt 0.697306 0.521258
vt 0.144153 0.127071
vt 0.134650 0.126997
vt 0.144712 0.172059
vt 0.342756 0.302819
vt 0.353778 0.352795
vt 0.335678 0.349704
vt 0.342906 0.775908
vt 0.342906 0.765632
vt 0.347135 0.772749
vt 0.021601 0.794820
vt 0.034679 0.798305
vt 0.021941 0.805770
vt 0.030982 0.776623
vt 0.015683 0.793225
vt 0.959106 0.205583
vt 0.939316 0.203720
vt 0.959623 0.189217
vt 0.285801 0.864224
vt 0.282890 0.847067
vt 0.015794 0.992061
vt 0.782503 0.659119
vt 0.783461 0.674834
vt 0.289093 0.880617
vt 0.401250 0.938194
vt 0.399938 0.920932
vt 0.973691 0.659042
vt 0.974752 0.685335
vt 0.971830 0.632564
vt 0.246352 0.736767
vt 0.157704 0.420829
vt 0.154152 0.427906
vt 0.934591 0.587982
vt 0.407752 0.871146
vt 0.160378 0.868397
vt 0.160607 0.850361
vt 0.166563 0.868797
vt 0.423731 0.037185
vt 0.429246 0.058420
vt 0.559992 0.580137
vt 0.568997 0.603233
vt 0.543533 0.596812
vt 0.400833 0.040125
vt 0.878895 0.423501
vt 0.891882 0.395867
vt 0.899871 0.423501
vt 0.942185 0.885267
vt 0.969302 0.888083
vt 0.971711 0.905705
vt 0.944800 0.903282
vt 0.852510 0.231677
vt 0.850283 0.214099
vt 0.864929 0.217907
vt 0.862912 0.232577
vt 0.853480 0.244132
vt 0.987821 0.500070
vt 0.989019 0.496769
vt 0.989980 0.507518
vt 0.755731 0.963596
vt 0.921673 0.000000
vt 0.919570 0.018552
vt 0.896444 0.028712
vt 0.943710 0.407753
vt 0.944085 0.413233
vt 0.941131 0.408084
vt 0.063326 0.959924
vt 0.905551 0.245514
vt 0.098909 0.799656
vt 0.228750 0.989655
vt 0.220560 0.979283
vt 0.228750 0.970055
vt 0.333731 0.486869
vt 0.333731 0.468134
vt 0.335294 0.476466
vt 0.652658 0.996788
vt 0.652658 0.969761
vt 0.660214 0.981468
vt 0.924457 0.822012
vt 0.897180 0.808927
vt 0.913577 0.805403
vt 0.099262 0.457756
vt 0.081202 0.470885
vt 0.956252 0.596931
vt 0.955880 0.584770
vt 0.984984 0.760868
vt 0.732022 0.980474
vt 0.732022 0.972983
vt 0.735739 0.978542
vt 0.891123 0.697719
vt 0.734782 0.984754
vt 0.883886 0.123692
vt 0.677109 0.639554
vt 0.504253 0.138147
vt 0.631430 0.339054
vt 0.636725 0.335663
vt 0.630505 0.349686
vt 0.568796 0.907481
vt 0.563607 0.899847
vt 0.568796 0.901477
vt 0.629954 0.333050
vt 0.752009 0.469445
vt 0.591353 0.289298
vt 0.595979 0.288882
vt 0.364381 0.575822
vt 0.370314 0.563201
vt 0.783943 0.657040
vt 0.804106 0.653740
vt 0.384650 0.558917
vt 0.268633 0.706551
vt 0.587593 0.505269
vt 0.573773 0.520180
vt 0.573773 0.504758
vt 0.334489 0.578039
vt 0.343591 0.588132
vt 0.334489 0.599431
vt 0.282078 0.704856
vt 0.282595 0.727846
vt 0.936647 0.071117
vt 0.922829 0.066421
vt 0.935792 0.064502
vt 0.921673 0.074824
vt 0.707070 0.241989
vt 0.705538 0.235199
vt 0.715830 0.244051
vt 0.936073 0.080420
vt 0.940828 0.066649
vt 0.578184 0.106490
vt 0.580405 0.156019
vt 0.536899 0.389954
vt 0.533125 0.360477
vt 0.964921 0.871053
vt 0.552898 0.970049
vt 0.332268 0.432582
vt 0.335678 0.439442
vt 0.332268 0.444265
vt 0.852623 0.612512
vt 0.216923 0.790192
vt 0.191080 0.791511
vt 0.347225 0.953829
vt 0.626626 0.891905
vt 0.979072 0.488419
vt 0.984275 0.488535
vt 0.179006 0.621690
vt 0.177444 0.603133
vt 0.993057 0.687329
vt 0.244242 0.934672
vt 0.229304 0.943070
vt 0.235441 0.920086
vt 0.251440 0.954344
vt 0.790621 0.207814
vt 0.388118 0.630045
vt 0.905685 0.701424
vt 0.897833 0.697764
vt 0.905685 0.692533
vt 0.011687 0.932779
vt 0.921673 0.091979
vt 0.928236 0.097873
vt 0.921673 0.100108
vt 0.821749 0.552343
vt 0.833756 0.553576
vt 0.813364 0.550700
vt 0.833756 0.571113
vt 0.265132 0.305552
vt 0.604979 0.635854
vt 0.589323 0.644172
vt 0.596922 0.619664
vt 0.809390 0.848785
vt 0.812466 0.844711
vt 0.279846 0.258126
vt 0.249990 0.207317
vt 0.287114 0.206636
vt 0.265355 0.301142
vt 0.252045 0.257469
vt 0.156150 0.554862
vt 0.152998 0.553343
vt 0.156592 0.546433
vt 0.158601 0.545989
vt 0.159370 0.555268
vt 0.155451 0.558455
vt 0.831415 0.845823
vt 0.833352 0.838046
vt 0.709499 0.511467
vt 0.710768 0.515849
vt 0.734139 0.755329
vt 0.736676 0.769069
vt 0.717254 0.755915
vt 0.202268 0.973991
vt 0.712593 0.746347
vt 0.387141 0.115147
vt 0.392143 0.133118
vt 0.374106 0.119252
vt 0.150818 0.621620
vt 0.158286 0.652204
vt 0.148194 0.681731
vt 0.356252 0.640536
vt 0.137298 0.355357
vt 0.140853 0.368750
vt 0.125125 0.352300
vt 0.362976 0.662926
vt 0.098821 0.759532
vt 0.092515 0.753199
vt 0.955534 0.784601
vt 0.667814 0.459612
vt 0.662190 0.477741
vt 0.999519 0.000000
vt 0.076294 0.697458
vt 0.080362 0.672490
vt 0.090677 0.673309
vt 0.064546 0.674286
vt 0.061524 0.694378
vt 0.918491 0.934989
vt 0.935774 0.940884
vt 0.177800 0.915171
vt 0.171118 0.890785
vt 0.178476 0.889920
vt 0.353506 0.516455
vt 0.771591 0.581564
vt 0.773875 0.591352
vt 0.697306 0.506598
vt 0.699606 0.509518
vt 0.776794 0.583067
vt 0.936618 0.710278
vt 0.768684 0.815257
vt 0.766511 0.828929
vt 0.735723 0.832214
vt 0.737780 0.811811
vt 0.789078 0.848557
vt 0.799513 0.848938
vt 0.747274 0.273653
vt 0.725860 0.272818
vt 0.747714 0.246134
vt 0.768382 0.245514
vt 0.767038 0.273854
vt 0.887339 0.497466
vt 0.813849 0.417747
vt 0.417998 0.850077
vt 0.420509 0.847629
vt 0.983258 0.517910
vt 0.979072 0.521521
vt 0.441713 0.877159
vt 0.454777 0.899739
vt 0.440016 0.897047
vt 0.439387 0.856784
vt 0.453259 0.854019
vt 0.367730 0.099831
vt 0.457235 0.877142
vt 0.942990 0.987691
vt 0.942990 0.964239
vt 0.956256 0.984949
vt 0.344833 0.790274
vt 0.343387 0.796879
vt 0.338105 0.796483
vt 0.341646 0.786705
vt 0.151258 0.531970
vt 0.152549 0.536877
vt 0.151258 0.543062
vt 0.305890 0.907718
vt 0.301345 0.927379
vt 0.299841 0.922346
vt 0.889834 0.720203
vt 0.878332 0.712676
vt 0.512972 0.813869
vt 0.497250 0.816048
vt 0.615188 0.512045
vt 0.960669 0.116967
vt 0.960001 0.107435
vt 0.735212 0.840956
vt 0.733873 0.863416
vt 0.721296 0.843127
vt 0.732904 0.831366
vt 0.699759 0.157075
vt 0.857840 0.412307
vt 0.850358 0.424409
vt 0.030891 0.904835
vt 0.033464 0.896499
vt 0.905643 0.474745
vt 0.963902 0.405507
vt 0.924921 0.057998
vt 0.975795 0.005421
vt 0.988588 0.009649
vt 0.403001 0.971812
vt 0.395337 0.964653
vt 0.405072 0.963854
vt 0.391542 0.969406
vt 0.982023 0.000000
vt 0.394069 0.983432
vt 0.405072 0.983832
vt 0.400359 0.957250
vt 0.955377 0.279366
vt 0.195527 0.990226
vt 0.190544 0.982745
vt 0.195527 0.973991
vt 0.327929 0.718966
vt 0.641671 0.170728
vt 0.637459 0.164259
vt 0.549929 0.296618
vt 0.562898 0.295792
vt 0.713397 0.518602
vt 0.713037 0.516247
vt 0.716947 0.518846
vt 0.199321 0.909934
vt 0.627521 0.848591
vt 0.634296 0.845097
vt 0.626469 0.868823
vt 0.621488 0.831533
vt 0.186014 0.942650
vt 0.670341 0.756298
vt 0.702179 0.772905
vt 0.671805 0.772616
vt 0.477312 0.071138
vt 0.455249 0.593960
vt 0.875340 0.046806
vt 0.894149 0.047744
vt 0.873087 0.065310
vt 0.989448 0.403885
vt 0.247122 0.815599
vt 0.624329 0.439547
vt 0.639660 0.443299
vt 0.622004 0.451577
vt 0.731843 0.195990
vt 0.661397 0.728078
vt 0.658581 0.715393
vt 0.663692 0.716498
vt 0.942879 0.586247
vt 0.666564 0.728204
vt 0.664436 0.736210
vt 0.812783 0.609564
vt 0.818919 0.623013
vt 0.448766 0.971743
vt 0.435122 0.971978
vt 0.441436 0.984044
vt 0.821706 0.609748
vt 0.457235 0.986516
vt 0.976713 0.216378
vt 0.972525 0.217521
vt 0.971476 0.214604
vt 0.979361 0.230564
vt 0.647300 0.719377
vt 0.645450 0.719144
vt 0.457235 0.919559
vt 0.700307 0.421169
vt 0.699759 0.413942
vt 0.720561 0.412167
vt 0.720470 0.425001
vt 0.725388 0.703193
vt 0.698299 0.700694
vt 0.723870 0.696224
vt 0.457998 0.175686
vt 0.437267 0.172921
vt 0.445215 0.191542
vt 0.469161 0.159936
vt 0.476798 0.174616
vt 0.460022 0.192788
vt 0.903932 0.592451
vt 0.847563 0.576599
vt 0.829566 0.667489
vt 0.832499 0.671665
vt 0.829900 0.672124
vt 0.832689 0.669172
vt 0.969262 0.504244
vt 0.822082 0.922543
vt 0.819880 0.911314
vt 0.831396 0.908020
vt 0.568449 0.801996
vt 0.793659 0.222818
vt 0.850836 0.905231
vt 0.858614 0.893481
vt 0.367137 0.319766
vt 0.180429 0.659096
vt 0.180478 0.653791
vt 0.183297 0.658741
vt 0.818064 0.633223
vt 0.685860 0.901704
vt 0.685999 0.916896
vt 0.680974 0.911881
vt 0.981690 0.162952
vt 0.977992 0.179139
vt 0.961368 0.160935
vt 0.708184 0.914274
vt 0.984628 0.173946
vt 0.768683 0.980032
vt 0.763249 0.987446
vt 0.763249 0.970263
vt 0.705903 0.895220
vt 0.501194 0.583031
vt 0.516941 0.588555
vt 0.505748 0.556741
vt 0.748312 0.058760
vt 0.601212 0.037770
vt 0.583416 0.015250
vt 0.600256 0.015283
vt 0.043648 0.025232
vt 0.582508 0.036146
vt 0.603326 0.070183
vt 0.678626 0.505506
vt 0.678519 0.499585
vt 0.693124 0.506289
vt 0.666157 0.506387
vt 0.664877 0.499098
vt 0.640001 0.331520
vt 0.635619 0.332028
vt 0.521077 0.488522
vt 0.507949 0.508982
vt 0.261694 0.644857
vt 0.877324 0.854919
vt 0.272774 0.626351
vt 0.160487 0.960321
vt 0.151860 0.945112
vt 0.166747 0.958080
vt 0.165340 0.975208
vt 0.157345 0.975316
vt 0.121842 0.972482
vt 0.983521 0.852302
vt 0.991208 0.872899
vt 0.524939 0.709320
vt 0.551718 0.717568
vt 0.554008 0.732898
vt 0.117455 0.370994
vt 0.097370 0.356412
vt 0.106058 0.346102
vt 0.949618 0.574192
vt 0.955146 0.574591
vt 0.995940 0.694021
vt 0.998896 0.704453
vt 0.990453 0.697501
vt 0.945238 0.577355
vt 0.950314 0.584726
vt 0.797913 0.529941
vt 0.936618 0.727323
vt 0.907404 0.740608
vt 0.298362 0.413122
vt 0.956836 0.595971
vt 0.960956 0.592834
vt 0.957254 0.604307
vt 0.644042 0.720654
vt 0.647477 0.722817
vt 0.297658 0.909810
vt 0.300230 0.903810
vt 0.291518 0.916169
vt 0.615508 0.340945
vt 0.882444 0.483536
vt 0.883708 0.488849
vt 0.882989 0.486995
vt 0.963196 0.425001
vt 0.788336 0.916404
vt 0.622004 0.254789
vt 0.610455 0.295595
vt 0.253877 0.970055
vt 0.253877 0.986362
vt 0.248670 0.980055
vt 0.410625 0.560512
vt 0.600321 0.712138
vt 0.477938 0.965108
vt 0.481898 0.966925
vt 0.477185 0.970936
vt 0.480600 0.963116
vt 0.927711 0.695775
vt 0.596877 0.717261
vt 0.604093 0.712237
vt 0.585581 0.298377
vt 0.587298 0.296540
vt 0.587298 0.299181
vt 0.585570 0.296169
vt 0.667435 0.745744
vt 0.667539 0.743236
vt 0.669322 0.742088
vt 0.991550 0.323368
vt 0.988741 0.320338
vt 0.992920 0.321661
vt 0.665722 0.745499
vt 0.082999 0.345448
vt 0.772732 0.057243
vt 0.758060 0.027063
vt 0.515029 0.990463
vt 0.498164 0.966527
vt 0.515029 0.963116
vt 0.757368 0.000461
vt 0.630344 0.366677
vt 0.629866 0.359662
vt 0.289609 0.967147
vt 0.283495 0.969326
vt 0.290039 0.963804
vt 0.421429 0.824931
vt 0.417974 0.818441
vt 0.421429 0.816482
vt 0.651615 0.379494
vt 0.921984 0.300198
vt 0.211847 0.405801
vt 0.608701 0.820225
vt 0.064925 0.714691
vt 0.077280 0.708590
vt 0.347225 0.735719
vt 0.357186 0.710845
vt 0.371312 0.751235
vt 0.907441 0.172868
vt 0.917876 0.185441
vt 0.908832 0.185347
vt 0.917171 0.171389
vt 0.903421 0.173611
vt 0.902986 0.155753
vt 0.333606 0.560960
vt 0.151258 0.549192
vt 0.152637 0.552303
vt 0.873244 0.505749
vt 0.880540 0.784601
vt 0.897233 0.792221
vt 0.785102 0.698305
vt 0.217879 0.685913
vt 0.555026 0.946575
vt 0.566782 0.948916
vt 0.997816 0.528142
vt 0.982744 0.521745
vt 0.614608 0.113132
vt 0.604340 0.110727
vt 0.511281 0.769075
vt 0.519778 0.761653
vt 0.525147 0.776566
vt 0.958781 0.511173
vt 0.967657 0.504243
vt 0.967657 0.519289
vt 0.413227 0.769571
vt 0.413170 0.785287
vt 0.391595 0.771530
vt 0.833459 0.389458
vt 0.210848 0.297330
vt 0.231696 0.296105
vt 0.914386 0.037012
vt 0.744781 0.164776
vt 0.879598 0.546362
vt 0.741544 0.175087
vt 0.749653 0.173214
vt 0.888464 0.541642
vt 0.903384 0.453672
vt 0.751395 0.553361
vt 0.749813 0.562214
vt 0.745975 0.560415
vt 0.756979 0.544439
vt 0.572971 0.498112
vt 0.568344 0.485939
vt 0.596197 0.479949
vt 0.544711 0.504714
vt 0.029383 0.893025
vt 0.342906 0.760645
vt 0.346492 0.755800
vt 0.346611 0.759402
vt 0.346611 0.763339
vt 0.345083 0.765632
vt 0.344835 0.751697
vt 0.332518 0.578039
vt 0.334489 0.583279
vt 0.332518 0.584690
vt 0.887349 0.472978
vt 0.885923 0.469760
vt 0.350063 0.893492
vt 0.353831 0.906465
vt 0.350134 0.899494
vt 0.959721 0.689608
vt 0.356548 0.892842
vt 0.347225 0.895786
vt 0.671234 0.049144
vt 0.941456 0.696914
vt 0.941195 0.703193
vt 0.936618 0.701962
vt 0.936618 0.693823
vt 0.696596 0.993526
vt 0.691683 0.994027
vt 0.822446 0.698541
vt 0.820248 0.702317
vt 0.819796 0.698466
vt 0.185926 0.797145
vt 0.183940 0.797145
vt 0.184110 0.792176
vt 0.877568 0.489852
vt 0.880219 0.489865
vt 0.822446 0.702782
vt 0.833756 0.527542
vt 0.843162 0.524379
vt 0.917202 0.557670
vt 0.906393 0.547294
vt 0.922105 0.369104
vt 0.235038 0.798533
vt 0.225194 0.799264
vt 0.353787 0.927393
vt 0.350803 0.907782
vt 0.992364 0.487141
vt 0.597434 0.712805
vt 0.924168 0.690582
vt 0.326483 0.692557
vt 0.678977 0.089428
vt 0.674867 0.070275
vt 0.773956 0.622695
vt 0.581548 0.066077
vt 0.534031 0.078344
vt 0.691513 0.502309
vt 0.102721 0.470019
vt 0.117956 0.484766
vt 0.136032 0.500326
vt 0.347767 0.455481
vt 0.343681 0.458093
vt 0.340488 0.449228
vt 0.801478 0.550054
vt 0.792943 0.538558
vt 0.920441 0.870694
vt 0.059885 0.702069
vt 0.924457 0.877938
vt 0.375934 0.632426
vt 0.539631 0.970478
vt 0.541474 0.988099
vt 0.335294 0.460112
vt 0.332375 0.468134
vt 0.332375 0.457821
vt 0.158137 0.531970
vt 0.714562 0.449976
vt 0.711797 0.441857
vt 0.709735 0.434962
vt 0.721399 0.425001
vt 0.746338 0.425001
vt 0.380439 0.270580
vt 0.391299 0.279536
vt 0.387992 0.261609
vt 0.656030 0.703049
vt 0.654577 0.694545
vt 0.859422 0.451776
vt 0.859158 0.443667
vt 0.853056 0.458983
vt 0.255328 0.764750
vt 0.989190 0.312838
vt 0.993932 0.314256
vt 0.667952 0.734927
vt 0.966059 0.571358
vt 0.550368 0.765406
vt 0.816527 0.177579
vt 0.893086 0.547822
vt 0.526852 0.325183
vt 0.511963 0.312399
vt 0.591255 0.462795
vt 0.924186 0.564625
vt 0.861604 0.656552
vt 0.926100 0.570007
vt 0.220560 0.930238
vt 0.151945 0.509308
vt 0.151945 0.474557
vt 0.158137 0.500680
vt 0.332211 0.302819
vt 0.109646 0.869417
vt 0.145329 0.873052
vt 0.992692 0.047429
vt 0.999737 0.043233
vt 0.996373 0.034777
vt 0.093117 0.650300
vt 0.988518 0.760576
vt 0.990453 0.766470
vt 0.177026 0.651764
vt 0.177539 0.658080
vt 0.649613 0.987837
vt 0.647118 0.993334
vt 0.737288 0.970263
vt 0.737736 0.978294
vt 0.652658 0.997008
vt 0.579752 0.622520
vt 0.594795 0.599888
vt 0.995958 0.607949
vt 0.522399 0.921682
vt 0.515460 0.921328
vt 0.253936 0.982624
vt 0.969151 0.877679
vt 0.880904 0.498794
vt 0.842421 0.843657
vt 0.829566 0.659119
vt 0.832966 0.659950
vt 0.992176 0.513216
vt 0.631361 0.822883
vt 0.616549 0.808343
vt 0.844533 0.977066
vt 0.860716 0.986704
vt 0.151481 0.353944
vt 0.158137 0.335766
vt 0.376056 0.379706
vt 0.383266 0.402899
vt 0.353778 0.365794
vt 0.069884 0.893025
vt 0.062291 0.885748
vt 0.064557 0.877461
vt 0.681809 0.392711
vt 0.684197 0.408614
vt 0.677722 0.410000
vt 0.958781 0.406326
vt 0.958781 0.425001
vt 0.950898 0.416752
vt 0.841574 0.933376
vt 0.686342 0.969381
vt 0.816728 0.421150
vt 0.819417 0.417861
vt 0.819417 0.424464
vt 0.703653 0.439485
vt 0.715292 0.456647
vt 0.704557 0.449481
vt 0.833459 0.404774
vt 0.807761 0.391013
vt 0.282595 0.766119
vt 0.315447 0.774465
vt 0.284350 0.777008
vt 0.431696 0.710561
vt 0.431145 0.729231
vt 0.878511 0.411037
vt 0.841865 0.412307
vt 0.972982 0.923640
vt 0.187351 0.818127
vt 0.045231 0.607174
vt 0.817542 0.699230
vt 0.025677 0.618496
vt 0.912814 0.788572
vt 0.057872 0.000256
vt 0.036229 0.014485
vt 0.036215 0.000742
vt 0.826879 0.515034
vt 0.824360 0.518715
vt 0.827882 0.518394
vt 0.198508 0.836576
vt 0.219591 0.837710
vt 0.911074 0.226076
vt 0.989871 0.717827
vt 0.900618 0.227441
vt 0.181156 0.440191
vt 0.158723 0.442161
vt 0.232611 0.204935
vt 0.181852 0.391585
vt 0.652622 0.740565
vt 0.767596 0.811532
vt 0.115796 0.738210
vt 0.903590 0.141421
vt 0.615063 0.665968
vt 0.596375 0.664508
vt 0.877623 0.743593
vt 0.877324 0.724791
vt 0.889651 0.742123
vt 0.056631 0.958676
vt 0.058165 0.955821
vt 0.933612 0.100985
vt 0.620313 0.358814
vt 0.618786 0.357980
vt 0.933593 0.097470
vt 0.712725 0.885609
vt 0.963902 0.352552
vt 0.965172 0.336590
vt 0.987960 0.337953
vt 0.714990 0.877167
vt 0.729909 0.889498
vt 0.169635 0.862735
vt 0.969871 0.852390
vt 0.970850 0.869668
vt 0.955534 0.853365
vt 0.962672 0.852302
vt 0.958281 0.871893
vt 0.901901 0.218071
vt 0.023719 0.921081
vt 0.649331 0.520988
vt 0.636164 0.520988
vt 0.638370 0.507296
vt 0.906811 0.210227
vt 0.185532 0.755791
vt 0.098768 0.874319
vt 0.071187 0.895790
vt 0.071879 0.861198
vt 0.098347 0.855283
vt 0.098801 0.893606
vt 0.938072 0.247749
vt 0.177177 0.946643
vt 0.181616 0.915892
vt 0.334665 0.895487
vt 0.337864 0.896280
vt 0.331511 0.868485
vt 0.980854 0.687343
vt 0.983826 0.687329
vt 0.980854 0.701800
vt 0.512733 0.773621
vt 0.508822 0.778428
vt 0.521173 0.783777
vt 0.943291 0.096355
vt 0.938728 0.092352
vt 0.278406 0.736767
vt 0.479838 0.977659
vt 0.481037 0.970912
vt 0.483044 0.980644
vt 0.980817 0.589815
vt 0.764014 0.722294
vt 0.811884 0.087306
vt 0.826225 0.060131
vt 0.864925 0.502823
vt 0.864993 0.199554
vt 0.851980 0.194544
vt 0.858673 0.177579
vt 0.870378 0.180351
vt 0.641070 0.336460
vt 0.949682 0.413988
vt 0.831415 0.807846
vt 0.282595 0.628296
vt 0.936963 0.364253
vt 0.932998 0.000000
vt 0.340292 0.895399
vt 0.555432 0.758675
vt 0.550233 0.766131
vt 0.669322 0.697376
vt 0.665467 0.698311
vt 0.667488 0.689156
vt 0.555038 0.936418
vt 0.558464 0.937479
vt 0.555038 0.943805
vt 0.936952 0.510238
vt 0.935707 0.517786
vt 0.933140 0.510869
vt 0.382399 0.844240
vt 0.386886 0.831314
vt 0.397015 0.839748
vt 0.351434 0.675591
vt 0.346628 0.670429
vt 0.352938 0.665998
vt 0.342906 0.675638
vt 0.223366 0.787880
vt 0.916228 0.143540
vt 0.915928 0.156055
vt 0.621179 0.722879
vt 0.983475 0.259805
vt 0.985021 0.275181
vt 0.994466 0.249311
vt 0.747992 0.360455
vt 0.768495 0.335974
vt 0.770622 0.359025
vt 0.575636 0.323784
vt 0.183517 0.891746
vt 0.773839 0.596922
vt 0.771211 0.595798
vt 0.730655 0.912478
vt 0.735212 0.911061
vt 0.733683 0.917314
vt 0.726926 0.904856
vt 0.732578 0.904310
vt 0.282595 0.967699
vt 0.287038 0.962072
vt 0.831579 0.217650
vt 0.877359 0.606818
vt 0.275185 0.771620
vt 0.568957 0.727687
vt 0.562632 0.715112
vt 0.568957 0.705869
vt 0.961201 0.589495
vt 0.127080 0.940610
vt 0.425696 0.239359
vt 0.669721 0.884340
vt 0.819796 0.659119
vt 0.058217 0.939633
vt 0.840000 0.668853
vt 0.837340 0.676554
vt 0.834229 0.673105
vt 0.059269 0.947707
vt 0.054522 0.940600
vt 0.890031 0.472869
vt 0.893696 0.471363
vt 0.979072 0.428439
vt 0.787848 0.302978
vt 0.788207 0.273759
vt 0.235885 0.987654
vt 0.235885 0.970055
vt 0.243012 0.974143
vt 0.562632 0.775125
vt 0.994696 0.916143
vt 0.938394 0.767325
vt 0.965817 0.784286
vt 0.936618 0.782347
vt 0.966655 0.769313
vt 0.614623 0.477006
vt 0.504253 0.328499
vt 0.639520 0.770624
vt 0.881304 0.267364
vt 0.405465 0.862872
vt 0.936031 0.413225
vt 0.941413 0.414216
vt 0.325228 0.411077
vt 0.206514 0.071225
vt 0.239230 0.880239
vt 0.243259 0.891974
vt 0.237415 0.892790
vt 0.699989 0.791718
vt 0.082998 0.738792
vt 0.358457 0.773605
vt 0.372759 0.774049
vt 0.396167 0.147031
vt 0.352552 0.754673
vt 0.385693 0.154781
vt 0.395882 0.266144
vt 0.844533 0.873528
vt 0.858484 0.876749
vt 0.849016 0.888002
vt 0.400081 0.279263
vt 0.699219 0.491129
vt 0.695621 0.488604
vt 0.695063 0.481222
vt 0.695740 0.497988
vt 0.699219 0.476174
vt 0.197035 0.772350
vt 0.108078 0.300404
vt 0.100193 0.302252
vt 0.099934 0.264588
vt 0.620428 0.505943
vt 0.615188 0.493793
vt 0.620428 0.476173
vt 0.353778 0.434881
vt 0.377896 0.432418
vt 0.353787 0.443567
vt 0.708184 0.982821
vt 0.890535 0.084329
vt 0.891345 0.068214
vt 0.906420 0.091869
vt 0.706380 0.095539
vt 0.706486 0.116865
vt 0.515791 0.738772
vt 0.521045 0.760961
vt 0.299015 0.949707
vt 0.301714 0.938000
vt 0.296741 0.960865
vt 0.292227 0.958284
vt 0.632411 0.923100
vt 0.792962 0.929977
vt 0.771006 0.926621
vt 0.788326 0.922543
vt 0.383980 0.418958
vt 0.462693 0.516039
vt 0.450097 0.444678
vt 0.159754 0.738210
vt 0.183517 0.766921
vt 0.159754 0.832796
vt 0.970361 0.618484
vt 0.850283 0.178211
vt 0.559491 0.653999
vt 0.382154 0.049192
vt 0.626446 0.989497
vt 0.623923 0.988039
vt 0.623626 0.978449
vt 0.332828 0.497576
vt 0.335294 0.508505
vt 0.332828 0.508996
vt 0.827582 0.521369
vt 0.962048 0.222364
vt 0.959786 0.221055
vt 0.963790 0.216951
vt 0.966334 0.219500
vt 0.648035 0.137197
vt 0.935070 0.205708
vt 0.770686 0.803871
vt 0.606304 0.510375
vt 0.602130 0.520153
vt 0.615042 0.504758
vt 0.069884 0.922412
vt 0.098359 0.903982
vt 0.098031 0.914172
vt 0.070979 0.911542
vt 0.846846 0.749922
vt 0.334856 0.535137
vt 0.518377 0.989889
vt 0.515029 0.983008
vt 0.550443 0.330971
vt 0.574024 0.328757
vt 0.530786 0.333037
vt 0.058612 0.870826
vt 0.640875 0.431317
vt 0.864023 0.945054
vt 0.272054 0.764104
vt 0.260372 0.767470
vt 0.912795 0.291130
vt 0.946148 0.407608
vt 0.722692 0.819466
vt 0.710364 0.833875
vt 0.960001 0.197703
vt 0.960160 0.211189
vt 0.960941 0.179137
vt 0.705735 0.811811
vt 0.105238 0.979530
vt 0.099330 0.964421
vt 0.111663 0.977343
vt 0.701447 0.148928
vt 0.897032 0.471666
vt 0.899067 0.473568
vt 0.829566 0.676105
vt 0.832405 0.674654
vt 0.353557 0.400226
vt 0.147011 0.218747
vt 0.335678 0.397175
vt 0.649363 0.199774
vt 0.646750 0.188999
vt 0.844533 0.944161
vt 0.779659 0.419050
vt 0.421129 0.824931
vt 0.421129 0.830370
vt 0.417974 0.825357
vt 0.716956 0.778965
vt 0.700002 0.757962
vt 0.186014 0.958865
vt 0.890772 0.266821
vt 0.675408 0.399368
vt 0.792634 0.472553
vt 0.664209 0.705791
vt 0.435738 0.954484
vt 0.421025 0.968568
vt 0.901522 0.101184
vt 0.885208 0.493918
vt 0.894955 0.589111
vt 0.979072 0.499142
vt 0.833516 0.982951
vt 0.544189 0.889790
vt 0.554625 0.893655
vt 0.546523 0.899847
vt 0.974502 0.510755
vt 0.967657 0.518867
vt 0.413553 0.180820
vt 0.416388 0.203434
vt 0.427539 0.186336
vt 0.422650 0.168540
vt 0.637303 0.872277
vt 0.914156 0.942674
vt 0.921856 0.951795
vt 0.757310 0.509220
vt 0.767149 0.518044
vt 0.782452 0.734707
vt 0.092420 0.803503
vt 0.249990 0.158597
vt 0.985633 0.782326
vt 0.982832 0.784241
vt 0.980089 0.782119
vt 0.741422 0.424696
vt 0.700974 0.507352
vt 0.709499 0.521688
vt 0.699759 0.521688
vt 0.092420 0.732550
vt 0.098821 0.738025
vt 0.092420 0.753199
vt 0.787492 0.245514
vt 0.562521 0.759706
vt 0.197632 0.547561
vt 0.278254 0.777379
vt 0.048569 0.934072
vt 0.099205 0.841476
vt 0.190544 0.992080
vt 0.186014 0.979568
vt 0.190544 0.973991
vt 0.763721 0.703193
vt 0.996615 0.943699
vt 0.675260 0.482483
vt 0.936952 0.518847
vt 0.933786 0.519997
vt 0.905160 0.903104
vt 0.852530 0.510216
vt 0.333267 0.386938
vt 0.332385 0.391616
vt 0.699648 0.499432
vt 0.695063 0.505421
vt 0.695063 0.497988
vt 0.167474 0.849258
vt 0.735212 0.904150
vt 0.734062 0.897122
vt 0.471319 0.857893
vt 0.158137 0.489300
vt 0.232465 0.252174
vt 0.187815 0.806449
vt 0.451449 0.071093
vt 0.752436 0.517065
vt 0.826874 0.698466
vt 0.184140 0.763799
vt 0.318356 0.916217
vt 0.748722 0.603881
vt 0.892410 0.515453
vt 0.789662 0.424762
vt 0.785645 0.419201
vt 0.790655 0.419201
vt 0.843930 0.787083
vt 0.063479 0.975055
vt 0.676447 0.421835
vt 0.312930 0.900247
vt 0.151387 0.425845
vt 0.120607 0.988082
vt 0.126568 0.982452
vt 0.895097 0.576561
vt 0.904329 0.575628
vt 0.885123 0.576897
vt 0.892410 0.560739
vt 0.553952 0.992856
vt 0.962452 0.283910
vt 0.103621 0.001062
vt 0.663757 0.639664
vt 0.793053 0.513410
vt 0.807427 0.501345
vt 0.807427 0.518649
vt 0.871993 0.101184
vt 0.871160 0.086335
vt 0.157094 0.940610
vt 0.731778 0.895220
vt 0.729115 0.898737
vt 0.578654 0.295860
vt 0.581181 0.295860
vt 0.579090 0.299258
vt 0.665123 0.969847
vt 0.910368 0.885267
vt 0.917791 0.450622
vt 0.457235 0.589715
vt 0.333509 0.345725
vt 0.335608 0.361686
vt 0.332357 0.359816
vt 0.936481 0.441357
vt 0.335608 0.346405
vt 0.347225 0.892842
vt 0.846231 0.501345
vt 0.251023 0.299892
vt 0.409319 0.521908
vt 0.873413 0.486130
vt 0.381916 0.983312
vt 0.378228 0.985502
vt 0.179768 0.660749
vt 0.989879 0.770206
vt 0.989254 0.768334
vt 0.398374 0.994148
vt 0.568449 0.872938
vt 0.521567 0.808673
vt 0.081271 0.324493
vt 0.564880 0.678530
vt 0.251592 0.112486
vt 0.278406 0.793089
vt 0.281889 0.785774
vt 0.281889 0.796891
vt 0.182032 0.959442
vt 0.180653 0.976518
vt 0.169694 0.961919
vt 0.827334 0.923184
vt 0.873699 0.418292
vt 0.868762 0.415265
vt 0.882645 0.110370
vt 0.782779 0.684622
vt 0.766270 0.699838
vt 0.765181 0.685024
vt 0.192055 0.759592
vt 0.729393 0.552226
vt 0.746352 0.593373
vt 0.151860 0.986204
vt 0.157976 0.989523
vt 0.332323 0.430114
vt 0.333472 0.428616
vt 0.333472 0.431738
vt 0.752971 0.507357
vt 0.333208 0.588024
vt 0.157321 0.816316
vt 0.640959 0.207479
vt 0.084071 0.489846
vt 0.186014 0.623687
vt 0.933593 0.100985
vt 0.928236 0.092912
vt 0.933593 0.091979
vt 0.700725 0.398730
vt 0.334489 0.596901
vt 0.144841 0.592510
vt 0.070752 0.847515
vt 0.069884 0.815632
vt 0.098221 0.817921
vt 0.627066 0.884567
vt 0.798959 0.704319
vt 0.814524 0.703193
vt 0.826612 0.714034
vt 0.787125 0.715880
vt 0.544946 0.990499
vt 0.546973 0.979854
vt 0.808736 0.417988
vt 0.811594 0.423227
vt 0.808736 0.424856
vt 0.619004 0.505943
vt 0.332270 0.527746
vt 0.335184 0.527746
vt 0.334952 0.535137
vt 0.539631 0.995351
vt 0.050964 0.303519
vt 0.073431 0.303809
vt 0.639575 0.128633
vt 0.281063 0.806116
vt 0.990453 0.703193
vt 0.058665 0.951218
vt 0.935275 0.094362
vt 0.936968 0.092029
vt 0.938728 0.095200
vt 0.682250 0.957981
vt 0.704725 0.969381
vt 0.680883 0.964376
vt 0.820697 0.922543
vt 0.797140 0.923880
vt 0.708184 0.962819
vt 0.683072 0.934789
vt 0.705976 0.936999
vt 0.874208 0.699975
vt 0.854063 0.703193
vt 0.974246 0.097698
vt 0.956638 0.053132
vt 0.974246 0.049313
vt 0.598232 0.159055
vt 0.912041 0.519611
vt 0.906452 0.519466
vt 0.912041 0.510172
vt 0.814022 0.198735
vt 0.818928 0.220106
vt 0.749213 0.567102
vt 0.708184 0.984021
vt 0.665658 0.876889
vt 0.488982 0.521745
vt 0.734677 0.884313
vt 0.724473 0.862683
vt 0.353778 0.489915
vt 0.576245 0.731386
vt 0.895225 0.889226
vt 0.812979 0.227287
vt 0.807457 0.242334
vt 0.808205 0.223451
vt 0.812979 0.244569
vt 0.949321 0.245514
vt 0.900121 0.212278
vt 0.866743 0.433869
vt 0.857418 0.434639
vt 0.725407 0.245514
vt 0.636444 0.871583
vt 0.633324 0.879043
vt 0.407904 0.064238
vt 0.158137 0.397411
vt 0.151304 0.391044
vt 0.158137 0.353944
vt 0.600219 0.294551
vt 0.414693 0.940216
vt 0.406593 0.960375
vt 0.405072 0.922334
vt 0.418197 0.975956
vt 0.418197 0.892842
vt 0.913625 0.595218
vt 0.910287 0.587155
vt 0.847915 0.569276
vt 0.595256 0.717985
vt 0.719861 0.507352
vt 0.728037 0.520864
vt 0.844533 0.897259
vt 0.832044 0.902562
vt 0.833897 0.873528
vt 0.844533 0.919840
vt 0.250766 0.870418
vt 0.748235 0.508835
vt 0.750215 0.507352
vt 0.826696 0.000958
vt 0.843382 0.992122
vt 0.186555 0.908543
vt 0.152441 0.432898
vt 0.979349 0.572714
vt 0.971242 0.586139
vt 0.684685 0.818938
vt 0.980522 0.214604
vt 0.017511 0.311810
vt 0.844320 0.514651
vt 0.836312 0.521630
vt 0.059269 0.893025
vt 0.069520 0.913919
vt 0.059269 0.920891
vt 0.567940 0.678530
vt 0.567940 0.705869
vt 0.562632 0.683737
vt 0.956992 0.292564
vt 0.995785 0.132498
vt 0.986164 0.140090
vt 0.986164 0.101184
vt 0.732964 0.918541
vt 0.726413 0.918323
vt 0.563374 0.000000
vt 0.833716 0.920380
vt 0.634899 0.361065
vt 0.864255 0.425001
vt 0.615188 0.396507
vt 0.633037 0.358204
vt 0.474534 0.873566
vt 0.451993 0.812894
vt 0.513640 0.543911
vt 0.907015 0.557270
vt 0.914590 0.571861
vt 0.677308 0.929643
vt 0.346854 0.702560
vt 0.342906 0.719194
vt 0.342906 0.698295
vt 0.960927 0.623607
vt 0.493725 0.521745
vt 0.516497 0.523434
vt 0.000000 0.992391
vt 0.000000 0.958676
vt 0.015794 0.971144
vt 0.674962 0.942343
vt 0.669721 0.930208
vt 0.159772 0.839101
vt 0.167474 0.832796
vt 0.927239 0.245514
vt 0.920980 0.101184
vt 0.911827 0.304610
vt 0.988992 0.216661
vt 0.779004 0.374717
vt 0.773386 0.378808
vt 0.158137 0.470107
vt 0.152029 0.454973
vt 0.158097 0.453682
vt 0.152029 0.474557
vt 0.621694 0.333418
vt 0.364709 0.556915
vt 0.356651 0.565370
vt 0.568998 0.712044
vt 0.153934 0.434103
vt 0.091196 0.337876
vt 0.583562 0.297237
vt 0.581181 0.299181
vt 0.706287 0.969381
vt 0.151230 0.552330
vt 0.893362 0.286051
vt 0.378011 0.329697
vt 0.360487 0.352671
vt 0.186014 0.588781
vt 0.238890 0.901501
vt 0.763430 0.543611
vt 0.482483 0.972313
vt 0.483044 0.966758
vt 0.805681 0.225285
vt 0.798449 0.243132
vt 0.785756 0.235428
vt 0.975565 0.864953
vt 0.162482 0.536729
vt 0.827292 0.029716
vt 0.660469 0.969761
vt 0.917829 0.701184
vt 0.917829 0.690583
vt 0.922932 0.694601
vt 0.225061 0.909934
vt 0.067190 0.832690
vt 0.062661 0.852637
vt 0.805369 0.872354
vt 0.765505 0.303263
vt 0.667693 0.705791
vt 0.662943 0.705171
vt 0.417858 0.864088
vt 0.889950 0.278649
vt 0.363227 0.324750
vt 0.354788 0.318611
vt 0.921972 0.991755
vt 0.877324 0.992746
vt 0.616023 0.328758
vt 0.955377 0.219449
vt 0.990446 0.407350
vt 0.990446 0.374467
vt 1.000000 0.389235
vt 0.183590 0.789484
vt 0.185926 0.787824
vt 0.185926 0.792176
vt 0.986316 0.688971
vt 0.179733 0.307979
vt 0.398426 0.831809
vt 0.411949 0.829011
vt 0.818285 0.232109
vt 0.827275 0.233016
vt 0.817253 0.245182
vt 0.562769 0.798349
vt 0.566696 0.795399
vt 0.669721 0.789624
vt 0.617912 0.387097
vt 0.531592 0.993259
vt 0.522518 0.989571
vt 0.531592 0.970049
vt 0.570224 0.520180
vt 0.559854 0.504714
vt 0.573773 0.504714
vt 0.103814 0.440167
vt 0.621070 0.420832
vt 0.621070 0.449063
vt 0.615188 0.433556
vt 0.191846 0.685471
vt 0.783461 0.659403
vt 0.332437 0.367281
vt 0.335608 0.361685
vt 0.335608 0.374065
vt 0.282023 0.775759
vt 0.278406 0.773730
vt 0.282023 0.763586
vt 0.665401 0.716848
vt 0.295812 0.996127
vt 0.295812 0.969326
vt 0.305527 0.976927
vt 0.359515 0.328757
vt 0.353778 0.324403
vt 0.183590 0.784672
vt 0.184235 0.787629
vt 0.182032 0.991146
vt 0.167474 0.978878
vt 0.703672 0.132475
vt 0.232221 0.575788
vt 0.745975 0.696281
vt 0.649331 0.507420
vt 0.662356 0.517396
vt 0.765301 0.839534
vt 0.336808 0.444265
vt 0.905060 0.433506
vt 0.186007 0.787823
vt 0.987997 0.769981
vt 0.457235 0.841306
vt 0.458120 0.854693
vt 0.491068 0.157323
vt 0.560766 0.726584
vt 0.708732 0.425797
vt 0.932009 0.516967
vt 0.757780 0.987283
vt 0.752802 0.975000
vt 0.937783 0.091978
vt 0.563787 0.795113
vt 0.450486 0.153272
vt 0.699842 0.000000
vt 0.833756 0.677994
vt 0.513880 0.691528
vt 0.635802 0.227747
vt 0.816378 0.002438
vt 0.282145 0.836409
vt 0.568957 0.795113
vt 0.562769 0.790702
vt 0.568957 0.780678
vt 0.063326 0.988925
vt 0.906132 0.510442
vt 0.383769 0.989230
vt 0.389093 0.984332
vt 0.362248 0.569871
vt 0.353778 0.583761
vt 0.830840 0.735429
vt 0.405072 0.959801
vt 0.402401 0.963854
vt 0.958904 0.965518
vt 0.247548 0.882835
vt 0.816728 0.420690
vt 0.814177 0.424856
vt 0.814177 0.417862
vt 0.570197 0.298915
vt 0.571603 0.295792
vt 0.573296 0.298915
vt 0.332437 0.421112
vt 0.361808 0.587144
vt 0.903877 0.191495
vt 0.661867 0.245276
vt 0.132150 0.557969
vt 0.669322 0.706983
vt 0.653781 0.754867
vt 0.738839 0.189351
vt 0.156725 0.434103
vt 0.619222 0.969136
vt 0.278406 0.814920
vt 0.278406 0.806116
vt 0.282279 0.808448
vt 0.539899 0.801997
vt 0.312131 0.785959
vt 0.914280 0.244132
vt 0.988741 0.284328
vt 0.956252 0.425001
vt 0.779929 0.417530
vt 0.422993 0.949698
vt 0.152537 0.546406
vt 0.842241 0.857797
vt 0.970188 0.000000
vt 0.565928 0.774741
vt 0.568998 0.621642
vt 0.335608 0.345725
vt 0.332211 0.330623
vt 0.335608 0.324724
vt 0.431649 0.815103
vt 0.515029 0.975175
vt 0.986267 0.140971
vt 0.995897 0.159555
vt 0.986267 0.175613
vt 0.046927 0.990954
vt 0.040757 0.977986
vt 0.046927 0.975045
vt 0.039627 0.985358
vt 0.031118 0.979165
vt 0.038662 0.958676
vt 0.886647 0.233074
vt 0.900121 0.229727
vt 0.899218 0.239057
vt 0.889271 0.244132
vt 0.879609 0.242898
vt 0.927831 0.410193
vt 0.921067 0.424829
vt 0.917747 0.410193
vt 0.870378 0.236447
vt 0.609277 0.974615
vt 0.611544 0.977602
vt 0.608589 0.984659
vt 0.603984 0.956380
vt 0.619222 0.968155
vt 0.617015 0.982252
vt 0.603984 0.991346
vt 0.332481 0.475538
vt 0.333731 0.485846
vt 0.923391 0.689811
vt 0.910404 0.656787
vt 0.939812 0.671241
vt 0.898710 0.689811
vt 0.882011 0.676296
vt 0.877359 0.652056
vt 0.888469 0.630671
vt 0.909918 0.622539
vt 0.931155 0.629791
vt 0.942439 0.649273
vt 0.539631 0.994713
vt 0.536951 0.982706
vt 0.539631 0.970048
vt 0.531592 0.983358
vt 0.993083 0.801965
vt 0.988865 0.811563
vt 0.981268 0.819816
vt 0.568997 0.969871
vt 0.574929 0.956379
vt 0.573859 0.982403
vt 0.981268 0.787148
vt 0.991314 0.784601
vt 0.585900 0.965339
vt 0.585900 0.993163
vt 0.515460 0.888465
vt 0.522518 0.912072
vt 0.967224 0.421794
vt 0.972582 0.408072
vt 0.982631 0.417457
vt 0.347097 0.751697
vt 0.342906 0.740631
vt 0.347097 0.737065
vt 0.282378 0.754660
vt 0.278406 0.763586
vt 0.973251 0.392959
vt 0.963902 0.409773
vt 0.982631 0.396209
vt 0.736794 0.515220
vt 0.741887 0.512981
vt 0.738466 0.517365
vt 0.736787 0.511573
vt 0.738542 0.508842
vt 0.741836 0.507352
vt 0.745221 0.508049
vt 0.747027 0.511189
vt 0.747027 0.514650
vt 0.745206 0.516907
vt 0.741747 0.517857
vt 0.994474 0.202975
vt 0.989804 0.195335
vt 0.995959 0.188315
vt 0.986267 0.211189
vt 0.333472 0.423670
vt 0.335437 0.415701
vt 0.335437 0.431738
vt 0.987753 0.204030
vt 0.986764 0.190643
vt 0.692927 0.520784
vt 0.692058 0.514280
vt 0.697088 0.517652
vt 0.690968 0.520784
vt 0.688158 0.518668
vt 0.686703 0.515175
vt 0.686899 0.511546
vt 0.689267 0.508571
vt 0.693945 0.506598
vt 0.697037 0.509039
vt 0.697306 0.513698
vt 0.334514 0.517050
vt 0.332828 0.525408
vt 0.674523 0.509845
vt 0.666411 0.512477
vt 0.662356 0.506598
vt 0.662356 0.520988
vt 0.119261 0.940610
vt 0.129197 0.905945
vt 0.141419 0.940610
vt 0.100216 0.924471
vt 0.099330 0.901348
vt 0.103485 0.890144
vt 0.113236 0.879166
vt 0.133723 0.873052
vt 0.154384 0.882032
vt 0.165953 0.902061
vt 0.160970 0.925911
vt 0.305527 0.987071
vt 0.335437 0.404532
vt 0.333267 0.397783
vt 0.176510 0.723835
vt 0.182771 0.719960
vt 0.185753 0.738210
vt 0.177105 0.711380
vt 0.185753 0.702427
vt 0.998110 0.758058
vt 0.990874 0.750352
vt 0.990453 0.770206
vt 0.920933 0.979714
vt 0.907915 0.967413
vt 0.921554 0.962568
vt 0.910659 0.987532
vt 0.897956 0.976673
vt 0.814279 0.507128
vt 0.807427 0.517635
vt 0.819092 0.519988
vt 0.897956 0.956762
vt 0.905941 0.951795
vt 0.915740 0.955052
s 1
usemtl Material
f 1/1/1 2/2/2 3/3/3
f 1/1/1 4/4/4 5/5/5
f 1/1/1 6/6/6 2/2/2
f 1/1/1 3/3/3 4/4/4
f 1/1/1 5/5/5 6/6/6
f 7/7/7 8/8/8 9/9/9
f 7/10/7 10/11/10 11/12/11
f 7/7/7 11/13/11 12/14/12
f 7/7/7 9/9/9 10/15/10
f 7/7/7 12/14/12 13/16/13
f 7/7/7 13/16/13 8/8/8
f 14/17/14 15/18/15 16/19/16
f 14/17/14 17/20/17 18/21/18
f 14/17/14 19/22/19 17/20/17
f 14/17/14 18/21/18 15/18/15
f 14/17/14 20/23/20 19/22/19
f 14/17/14 16/19/16 20/23/20
f 21/24/21 22/25/22 23/26/23
f 21/24/21 23/26/23 24/27/24
f 21/24/21 25/28/25 22/25/22
f 26/29/26 27/30/27 28/31/28
f 26/29/26 29/32/29 30/33/30
f 26/29/26 30/33/30 31/34/31
f 26/35/26 32/36/32 33/37/33
f 26/38/26 31/39/31 34/40/34
f 26/41/26 34/42/34 32/43/32
f 26/35/26 33/37/33 27/44/27
f 26/29/26 28/31/28 29/32/29
f 35/45/35 36/46/36 37/47/37
f 35/45/35 38/48/38 36/46/36
f 35/45/35 39/49/39 40/50/40
f 35/45/35 40/50/40 41/51/41
f 35/45/35 37/47/37 39/49/39
f 35/45/35 41/51/41 38/48/38
f 42/52/42 43/53/43 44/54/44
f 42/55/42 45/56/45 43/57/43
f 42/52/42 44/54/44 46/58/46
f 42/55/42 47/59/47 45/56/45
f 42/52/42 46/58/46 47/60/47
f 48/61/48 49/62/49 50/63/50
f 48/61/48 51/64/51 52/65/52
f 48/61/48 53/66/53 54/67/54
f 48/61/48 55/68/55 53/66/53
f 48/61/48 52/65/52 49/62/49
f 48/61/48 54/67/54 51/64/51
f 48/61/48 50/63/50 55/68/55
f 56/69/56 57/70/57 58/71/58
f 56/69/56 59/72/59 60/73/60
f 56/74/56 61/75/61 59/76/59
f 56/74/56 58/77/58 62/78/62
f 56/74/56 62/78/62 61/75/61
f 56/69/56 60/73/60 57/70/57
f 63/79/63 64/80/64 65/81/65
f 63/79/63 66/82/66 67/83/67
f 63/79/63 68/84/68 66/82/66
f 63/79/63 67/83/67 64/80/64
f 63/79/63 69/85/69 68/84/68
f 63/79/63 65/81/65 69/85/69
f 70/86/70 71/87/71 72/88/72
f 70/86/70 73/89/73 71/87/71
f 70/86/70 74/90/74 75/91/75
f 70/86/70 75/91/75 73/89/73
f 70/86/70 76/92/76 74/90/74
f 70/86/70 72/88/72 76/92/76
f 77/93/77 78/94/78 79/95/79
f 77/96/77 80/97/80 81/98/81
f 77/99/77 82/100/82 83/101/83
f 77/96/77 84/102/84 80/97/80
f 77/103/77 85/104/85 86/105/86
f 77/106/77 87/107/87 78/108/78
f 77/96/77 81/98/81 82/109/82
f 77/93/77 79/95/79 85/110/85
f 77/111/77 83/112/83 87/113/87
f 77/103/77 86/105/86 84/114/84
f 88/115/88 89/116/89 90/117/90
f 88/115/88 91/118/91 89/116/89
f 88/115/88 92/119/92 91/118/91
f 93/120/93 94/121/94 95/122/95
f 93/120/93 96/123/96 97/124/97
f 93/120/93 98/125/98 99/126/99
f 93/120/93 99/126/99 94/121/94
f 93/120/93 95/122/95 96/123/96
f 93/120/93 97/124/97 98/125/98
f 100/127/100 101/128/101 102/129/102
f 100/130/100 103/131/103 104/132/104
f 100/127/100 102/129/102 105/133/105
f 100/130/100 106/134/106 107/135/107
f 100/127/100 105/133/105 103/136/103
f 100/130/100 104/132/104 106/134/106
f 100/127/100 107/137/107 101/128/101
f 108/138/108 109/139/109 110/140/110
f 108/138/108 111/141/111 112/142/112
f 108/138/108 110/140/110 111/141/111
f 108/138/108 112/142/112 113/143/113
f 108/138/108 114/144/114 109/139/109
f 108/138/108 113/143/113 114/144/114
f 115/145/115 116/146/116 117/147/117
f 115/148/115 118/149/118 119/150/119
f 115/145/115 11/12/11 116/146/116
f 115/148/115 120/151/120 11/13/11
f 115/145/115 117/147/117 121/152/121
f 115/148/115 119/150/119 120/151/120
f 115/145/115 121/152/121 118/153/118
f 122/154/122 123/155/123 124/156/124
f 122/154/122 125/157/125 123/155/123
f 122/158/122 126/159/126 125/160/125
f 122/154/122 124/156/124 127/161/127
f 122/158/122 128/162/128 126/159/126
f 122/154/122 127/161/127 128/163/128
f 129/164/129 130/165/130 131/166/131
f 129/164/129 131/166/131 132/167/132
f 129/164/129 133/168/133 134/169/134
f 129/164/129 134/169/134 130/165/130
f 129/170/129 132/171/132 133/172/133
f 135/173/135 136/174/136 137/175/137
f 135/173/135 138/176/138 136/174/136
f 135/177/135 139/178/139 140/179/140
f 135/177/135 141/180/141 139/178/139
f 135/173/135 140/181/140 138/176/138
f 135/173/135 137/175/137 141/182/141
f 142/183/142 143/184/143 144/185/144
f 142/183/142 145/186/145 143/184/143
f 142/183/142 146/187/146 145/186/145
f 142/183/142 144/185/144 147/188/147
f 148/189/148 149/190/149 150/191/150
f 148/192/148 151/193/151 152/194/152
f 148/192/148 153/195/153 151/193/151
f 148/189/148 150/191/150 153/196/153
f 148/189/148 152/197/152 149/190/149
f 154/198/154 155/199/155 156/200/156
f 157/201/157 158/202/158 159/203/159
f 157/204/157 160/205/160 161/206/161
f 157/201/157 159/203/159 162/207/162
f 157/208/157 161/209/161 158/210/158
f 157/201/157 162/207/162 160/211/160
f 163/212/163 164/213/164 165/214/165
f 163/215/163 166/216/166 167/217/167
f 163/218/163 168/219/168 166/220/166
f 163/212/163 165/214/165 169/221/169
f 163/215/163 167/217/167 164/222/164
f 163/218/163 169/223/169 168/219/168
f 170/224/170 171/225/171 172/226/172
f 170/224/170 173/227/173 171/225/171
f 170/224/170 174/228/174 175/229/175
f 170/224/170 176/230/176 173/227/173
f 170/224/170 175/229/175 176/230/176
f 170/224/170 172/226/172 174/228/174
f 177/231/177 178/232/178 179/233/179
f 177/231/177 180/234/180 178/232/178
f 177/231/177 181/235/181 182/236/182
f 177/231/177 182/236/182 183/237/183
f 177/231/177 183/237/183 180/234/180
f 177/231/177 179/233/179 181/235/181
f 184/238/184 185/239/185 186/240/186
f 184/238/184 186/240/186 187/241/187
f 184/238/184 188/242/188 185/239/185
f 184/238/184 189/243/189 188/242/188
f 184/238/184 190/244/190 189/243/189
f 184/238/184 187/241/187 190/244/190
f 191/245/191 192/246/192 193/247/193
f 191/245/191 194/248/194 195/249/195
f 191/245/191 196/250/196 194/248/194
f 191/245/191 197/251/197 198/252/198
f 191/245/191 198/252/198 192/246/192
f 191/245/191 195/249/195 197/251/197
f 191/245/191 193/247/193 196/250/196
f 199/253/199 200/254/200 201/255/201
f 199/253/199 202/256/202 200/254/200
f 199/257/199 201/258/201 203/259/203
f 199/257/199 203/259/203 204/260/204
f 199/253/199 204/261/204 202/256/202
f 205/262/205 206/263/206 207/264/207
f 205/262/205 208/265/208 209/266/209
f 205/262/205 209/266/209 206/263/206
f 210/267/210 211/268/211 212/269/212
f 210/270/210 213/271/213 211/272/211
f 210/273/210 214/274/214 213/275/213
f 210/276/210 212/277/212 214/278/214
f 215/279/215 216/280/216 217/281/217
f 215/279/215 218/282/218 219/283/219
f 215/279/215 220/284/220 216/280/216
f 215/279/215 217/281/217 218/282/218
f 215/279/215 219/283/219 221/285/221
f 215/279/215 221/285/221 222/286/222
f 215/279/215 222/286/222 220/284/220
f 223/287/223 224/288/224 225/289/225
f 223/287/223 226/290/226 227/291/227
f 223/287/223 228/292/228 226/290/226
f 223/287/223 229/293/229 224/288/224
f 223/287/223 225/289/225 230/294/230
f 223/287/223 227/291/227 229/293/229
f 223/287/223 230/294/230 228/292/228
f 231/295/231 232/296/232 233/297/233
f 231/295/231 234/298/234 235/299/235
f 231/295/231 235/299/235 232/296/232
f 231/300/231 236/301/236 237/302/237
f 231/295/231 237/303/237 234/298/234
f 231/300/231 233/304/233 236/301/236
f 238/305/238 239/306/239 240/307/240
f 238/308/238 241/309/241 242/310/242
f 238/308/238 240/311/240 241/309/241
f 238/305/238 243/312/243 239/306/239
f 244/313/244 245/314/245 246/315/246
f 244/313/244 247/316/247 248/317/248
f 244/313/244 249/318/249 247/316/247
f 244/313/244 250/319/250 245/314/245
f 244/320/244 248/321/248 250/322/250
f 244/313/244 246/315/246 249/318/249
f 251/323/251 252/324/252 253/325/253
f 251/326/251 254/327/254 252/328/252
f 251/326/251 255/329/255 256/330/256
f 251/323/251 257/331/257 255/332/255
f 251/323/251 253/325/253 257/331/257
f 251/326/251 256/330/256 254/327/254
f 258/333/258 259/334/259 260/335/260
f 258/333/258 260/335/260 261/336/261
f 258/337/258 261/338/261 262/339/262
f 258/337/258 262/339/262 263/340/263
f 258/337/258 263/340/263 259/341/259
f 264/342/264 265/343/265 266/344/266
f 264/342/264 267/345/267 268/346/268
f 264/342/264 269/347/269 267/345/267
f 264/342/264 268/346/268 265/343/265
f 264/342/264 266/344/266 269/347/269
f 270/348/270 271/349/271 272/350/272
f 270/351/270 273/352/273 274/353/274
f 270/351/270 274/353/274 271/354/271
f 270/348/270 272/350/272 275/355/275
f 276/356/276 277/357/277 278/358/278
f 276/356/276 279/359/279 280/360/280
f 276/356/276 280/360/280 277/357/277
f 276/356/276 278/358/278 281/361/281
f 276/356/276 281/361/281 279/359/279
f 282/362/282 283/363/283 284/364/284
f 282/365/282 285/366/285 286/367/286
f 282/362/282 287/368/287 288/369/288
f 282/362/282 288/369/288 283/363/283
f 282/365/282 284/370/284 285/366/285
f 282/362/282 286/371/286 287/368/287
f 289/372/289 290/373/290 291/374/291
f 289/372/289 291/374/291 292/375/292
f 289/372/289 293/376/293 294/377/294
f 289/372/289 295/378/295 293/376/293
f 289/372/289 292/375/292 295/378/295
f 289/372/289 294/377/294 290/373/290
f 296/379/296 297/380/297 298/381/298
f 296/379/296 298/381/298 299/382/299
f 296/383/296 300/384/300 297/385/297
f 296/383/296 301/386/301 300/384/300
f 296/383/296 299/387/299 301/386/301
f 302/388/302 303/389/303 304/390/304
f 302/391/302 305/392/305 306/393/306
f 302/388/302 304/390/304 307/394/307
f 302/388/302 306/395/306 303/389/303
f 302/391/302 308/396/308 305/392/305
f 302/388/302 307/394/307 308/397/308
f 309/398/309 310/399/310 311/400/311
f 309/398/309 312/401/312 313/402/313
f 309/403/309 311/404/311 314/405/314
f 309/406/309 314/407/314 315/408/315
f 309/409/309 315/410/315 312/411/312
f 309/398/309 313/402/313 310/399/310
f 316/412/316 317/413/317 318/414/318
f 316/415/316 319/416/319 320/417/320
f 316/415/316 320/417/320 321/418/321
f 316/412/316 322/419/322 317/413/317
f 316/412/316 321/420/321 322/419/322
f 316/415/316 318/421/318 319/416/319
f 323/422/323 324/423/324 325/424/325
f 326/425/326 327/426/327 328/427/328
f 326/428/326 329/429/329 330/430/330
f 326/428/326 331/431/331 332/432/332
f 326/428/326 332/432/332 329/429/329
f 326/425/326 328/427/328 331/433/331
f 326/434/326 330/435/330 327/436/327
f 333/437/333 334/438/334 335/439/335
f 333/437/333 335/439/335 336/440/336
f 333/437/333 337/441/337 338/442/338
f 333/437/333 339/443/339 337/441/337
f 333/437/333 338/442/338 334/438/334
f 333/437/333 336/440/336 339/443/339
f 340/444/340 341/445/341 342/446/342
f 340/447/340 343/448/343 344/449/344
f 340/447/340 345/450/345 346/451/346
f 340/452/340 342/453/342 343/454/343
f 340/447/340 344/449/344 345/450/345
f 340/455/340 346/456/346 341/457/341
f 347/458/347 348/459/348 349/460/349
f 347/461/347 350/462/350 351/463/351
f 347/461/347 352/464/352 350/462/350
f 347/461/347 353/465/353 352/464/352
f 347/458/347 349/460/349 354/466/354
f 347/458/347 351/467/351 348/459/348
f 347/461/347 354/468/354 353/465/353
f 355/469/355 356/470/356 357/471/357
f 355/469/355 358/472/358 356/470/356
f 355/469/355 357/471/357 359/473/359
f 355/474/355 359/475/359 360/476/360
f 355/469/355 361/477/361 358/472/358
f 355/474/355 360/476/360 361/478/361
f 362/479/362 363/480/363 364/481/364
f 362/482/362 365/483/365 366/484/366
f 362/479/362 367/485/367 363/480/363
f 362/482/362 364/486/364 365/483/365
f 362/482/362 366/484/366 367/487/367
f 368/488/368 369/489/369 370/490/370
f 368/488/368 371/491/371 369/489/369
f 368/492/368 370/493/370 372/494/372
f 368/495/368 372/496/372 371/497/371
f 373/498/373 374/499/374 375/500/375
f 373/498/373 376/501/376 377/502/377
f 373/498/373 377/502/377 374/499/374
f 373/498/373 378/503/378 376/501/376
f 373/498/373 375/500/375 378/503/378
f 379/504/379 380/505/380 381/506/381
f 379/504/379 381/506/381 382/507/382
f 379/504/379 383/508/383 380/505/380
f 379/504/379 382/507/382 383/508/383
f 384/509/384 385/510/385 386/511/386
f 384/509/384 387/512/387 388/513/388
f 384/509/384 389/514/389 390/515/390
f 384/509/384 386/511/386 389/514/389
f 384/509/384 390/515/390 387/512/387
f 384/509/384 388/513/388 385/510/385
f 391/516/391 392/517/392 393/518/393
f 391/516/391 394/519/394 395/520/395
f 391/516/391 396/521/396 397/522/397
f 391/516/391 397/522/397 392/517/392
f 391/516/391 395/520/395 398/523/398
f 391/516/391 398/523/398 396/521/396
f 391/516/391 393/518/393 394/519/394
f 399/524/399 400/525/400 401/526/401
f 399/524/399 402/527/402 403/528/403
f 399/524/399 401/526/401 402/527/402
f 404/529/404 405/530/405 406/531/406
f 404/529/404 407/532/407 408/533/408
f 404/534/404 408/535/408 409/536/409
f 404/534/404 409/536/409 410/537/410
f 404/529/404 406/531/406 407/532/407
f 404/534/404 410/537/410 405/538/405
f 164/213/164 411/539/411 165/214/165
f 164/222/164 167/217/167 411/540/411
f 412/541/412 413/542/413 414/543/414
f 412/541/412 415/544/415 416/545/416
f 412/541/412 414/543/414 417/546/417
f 412/541/412 418/547/418 415/544/415
f 412/541/412 417/546/417 418/547/418
f 412/541/412 416/545/416 413/542/413
f 419/548/419 420/549/420 301/550/301
f 419/548/419 421/551/421 422/552/422
f 419/548/419 423/553/423 421/551/421
f 419/548/419 422/552/422 420/549/420
f 419/554/419 301/386/301 299/387/299
f 419/554/419 299/387/299 423/555/423
f 424/556/424 425/557/425 426/558/426
f 424/556/424 426/558/426 427/559/427
f 424/556/424 428/560/428 429/561/429
f 424/556/424 430/562/430 425/557/425
f 424/556/424 427/559/427 428/560/428
f 424/556/424 429/561/429 430/562/430
f 431/563/431 432/564/432 433/565/433
f 431/566/431 434/567/434 435/568/435
f 431/566/431 435/568/435 436/569/436
f 431/563/431 433/565/433 434/570/434
f 431/566/431 436/569/436 432/571/432
f 8/8/8 437/572/437 438/573/438
f 8/8/8 439/574/439 437/572/437
f 8/8/8 438/573/438 9/9/9
f 8/8/8 13/16/13 439/574/439
f 440/575/440 441/576/441 442/577/442
f 440/575/440 443/578/443 441/576/441
f 440/575/440 442/577/442 444/579/444
f 440/580/440 445/581/445 446/582/446
f 440/580/440 444/583/444 445/581/445
f 440/580/440 446/582/446 443/584/443
f 447/585/447 30/33/30 448/586/448
f 447/587/447 449/588/449 450/589/450
f 447/587/447 451/590/451 452/591/452
f 447/587/447 450/589/450 451/590/451
f 447/585/447 452/592/452 30/33/30
f 447/593/447 448/594/448 449/595/449
f 453/596/453 454/597/454 455/598/455
f 453/599/453 456/600/456 457/601/457
f 453/596/453 458/602/458 454/597/454
f 453/596/453 459/603/459 458/602/458
f 453/599/453 455/604/455 456/600/456
f 453/599/453 457/601/457 459/605/459
f 109/139/109 460/606/460 461/607/461
f 109/139/109 114/144/114 462/608/462
f 109/139/109 462/608/462 460/606/460
f 109/139/109 461/607/461 110/140/110
f 463/609/463 464/610/464 465/611/465
f 463/609/463 466/612/466 467/613/467
f 463/609/463 465/611/465 468/614/468
f 463/609/463 468/614/468 469/615/469
f 463/609/463 470/616/470 466/612/466
f 463/609/463 467/613/467 464/610/464
f 463/609/463 469/615/469 470/616/470
f 471/617/471 472/618/472 473/619/473
f 471/617/471 474/620/474 472/618/472
f 475/621/475 476/622/476 477/623/477
f 475/621/475 478/624/478 476/622/476
f 475/625/475 479/626/479 480/627/480
f 475/621/475 481/628/481 478/624/478
f 475/625/475 480/627/480 481/629/481
f 475/625/475 477/630/477 479/626/479
f 482/631/482 483/632/483 484/633/484
f 482/631/482 485/634/485 486/635/486
f 482/631/482 484/633/484 485/634/485
f 482/631/482 486/635/486 487/636/487
f 482/631/482 488/637/488 483/632/483
f 482/631/482 487/636/487 488/637/488
f 489/638/489 490/639/490 491/640/491
f 489/638/489 491/640/491 492/641/492
f 489/638/489 493/642/493 127/643/127
f 489/644/489 124/156/124 494/645/494
f 489/644/489 494/645/494 490/646/490
f 489/638/489 492/641/492 493/642/493
f 489/644/489 127/161/127 124/156/124
f 495/647/495 496/648/496 497/649/497
f 495/650/495 498/651/498 499/652/499
f 495/650/495 499/652/499 500/653/500
f 495/647/495 497/649/497 498/654/498
f 495/647/495 501/655/501 496/648/496
f 495/650/495 500/653/500 501/656/501
f 502/657/502 503/658/503 504/659/504
f 502/660/502 505/661/505 506/662/506
f 502/660/502 507/663/507 508/664/508
f 502/657/502 504/659/504 505/665/505
f 502/657/502 509/666/509 503/658/503
f 502/657/502 508/667/508 509/666/509
f 502/660/502 506/662/506 507/663/507
f 510/668/510 511/669/511 512/670/512
f 510/671/510 513/672/513 514/673/514
f 510/668/510 515/674/515 511/669/511
f 510/668/510 512/670/512 516/675/516
f 510/668/510 514/676/514 515/674/515
f 510/671/510 516/677/516 517/678/517
f 510/671/510 517/678/517 513/672/513
f 518/679/518 519/680/519 520/681/520
f 518/682/518 521/683/521 519/684/519
f 518/685/518 522/686/522 523/687/523
f 518/682/518 523/688/523 521/683/521
f 518/689/518 524/690/524 522/691/522
f 518/679/518 520/681/520 524/692/524
f 525/693/525 526/694/526 527/695/527
f 525/693/525 287/368/287 528/696/528
f 525/693/525 527/695/527 529/697/529
f 525/693/525 528/696/528 526/694/526
f 525/693/525 529/697/529 287/368/287
f 10/11/10 116/146/116 11/12/11
f 10/11/10 530/698/530 116/146/116
f 10/11/10 531/699/531 530/698/530
f 10/11/10 9/700/9 531/699/531
f 532/701/532 533/702/533 534/703/534
f 532/704/532 535/705/535 536/706/536
f 532/707/532 537/708/537 538/709/538
f 532/710/532 539/711/539 537/712/537
f 532/701/532 534/703/534 535/713/535
f 532/710/532 538/714/538 540/715/540
f 532/716/532 536/717/536 541/718/541
f 532/716/532 541/718/541 542/719/542
f 532/710/532 542/720/542 539/711/539
f 532/710/532 540/715/540 533/721/533
f 543/722/543 544/723/544 545/724/545
f 543/725/543 546/726/546 547/727/547
f 543/725/543 548/728/548 549/729/549
f 543/722/543 547/730/547 544/723/544
f 543/725/543 549/729/549 546/726/546
f 543/722/543 545/724/545 548/731/548
f 550/732/550 551/733/551 552/734/552
f 550/735/550 553/736/553 554/737/554
f 550/735/550 555/738/555 553/736/553
f 550/735/550 554/737/554 556/739/556
f 550/732/550 552/734/552 555/740/555
f 550/735/550 556/739/556 551/741/551
f 557/742/557 558/743/558 559/744/559
f 557/742/557 560/745/560 561/746/561
f 557/742/557 562/747/562 558/743/558
f 557/742/557 263/340/263 560/745/560
f 557/742/557 561/746/561 562/747/562
f 563/748/563 564/749/564 565/750/565
f 563/751/563 566/752/566 567/753/567
f 563/754/563 565/755/565 568/756/568
f 563/751/563 569/757/569 564/758/564
f 563/759/563 568/760/568 566/761/566
f 563/751/563 567/753/567 569/757/569
f 570/762/570 571/763/571 572/764/572
f 570/762/570 572/764/572 573/765/573
f 570/766/570 574/767/574 575/768/575
f 570/762/570 573/765/573 574/769/574
f 570/762/570 575/770/575 571/763/571
f 576/771/576 577/772/577 578/773/578
f 576/774/576 579/775/579 580/776/580
f 576/774/576 581/777/581 579/775/579
f 576/778/576 578/779/578 582/780/582
f 576/352/576 580/781/580 577/782/577
f 576/783/576 582/784/582 581/785/581
f 583/786/583 584/787/584 585/788/585
f 583/786/583 586/789/586 587/790/587
f 583/786/583 585/788/585 586/789/586
f 588/791/588 589/792/589 590/793/590
f 588/794/588 591/795/591 592/796/592
f 588/797/588 590/798/590 591/799/591
f 588/791/588 592/800/592 589/792/589
f 593/801/593 78/94/78 594/802/594
f 593/803/593 595/804/595 596/805/596
f 593/801/593 597/806/597 79/95/79
f 593/801/593 79/95/79 78/94/78
f 593/801/593 598/807/598 597/806/597
f 593/803/593 594/808/594 595/804/595
f 593/801/593 596/809/596 598/807/598
f 239/306/239 599/810/599 600/811/600
f 239/306/239 243/312/243 599/810/599
f 601/812/601 602/813/602 603/814/603
f 601/815/601 603/816/603 604/817/604
f 601/818/601 604/819/604 605/820/605
f 606/821/606 607/822/607 608/823/608
f 606/821/606 609/824/609 610/825/610
f 606/821/606 611/826/611 612/827/612
f 606/821/606 612/827/612 609/824/609
f 606/821/606 608/823/608 611/826/611
f 606/821/606 610/825/610 607/822/607
f 613/828/613 614/829/614 615/830/615
f 613/828/613 616/831/616 614/829/614
f 613/828/613 615/830/615 617/832/617
f 613/828/613 618/833/618 616/831/616
f 619/834/619 620/835/620 621/836/621
f 619/837/619 185/239/185 622/838/622
f 619/837/619 186/240/186 185/239/185
f 619/837/619 621/839/621 186/240/186
f 619/834/619 623/840/623 620/835/620
f 619/834/619 622/841/622 623/840/623
f 624/842/624 625/843/625 626/844/626
f 624/845/624 627/846/627 625/847/625
f 624/842/624 628/848/628 629/849/629
f 624/842/624 626/844/626 628/848/628
f 624/845/624 629/850/629 630/851/630
f 624/845/624 630/851/630 627/846/627
f 631/852/631 632/853/632 633/854/633
f 631/855/631 106/856/106 634/857/634
f 631/855/631 633/858/633 635/859/635
f 631/852/631 636/860/636 632/853/632
f 631/855/631 635/859/635 106/856/106
f 631/852/631 634/861/634 636/860/636
f 637/862/637 638/863/638 639/864/639
f 637/862/637 640/865/640 641/866/641
f 637/862/637 642/867/642 640/865/640
f 637/862/637 643/868/643 642/867/642
f 637/862/637 639/864/639 643/868/643
f 644/869/644 645/870/645 646/871/646
f 644/869/644 647/872/647 645/870/645
f 644/873/644 646/874/646 648/875/648
f 644/873/644 649/876/649 650/877/650
f 644/873/644 648/875/648 651/878/651
f 644/873/644 651/878/651 649/876/649
f 644/869/644 650/879/650 647/872/647
f 652/880/652 653/881/653 654/882/654
f 652/880/652 655/883/655 656/884/656
f 652/885/652 657/886/657 653/887/653
f 652/885/652 658/888/658 657/886/657
f 652/885/652 656/889/656 658/888/658
f 652/880/652 654/882/654 655/883/655
f 659/890/659 425/891/425 660/892/660
f 659/890/659 426/893/426 425/891/425
f 659/890/659 255/894/255 661/895/661
f 659/890/659 660/892/660 256/896/256
f 659/890/659 661/895/661 426/893/426
f 659/890/659 256/896/256 255/894/255
f 232/296/232 235/299/235 662/897/662
f 232/296/232 662/897/662 663/898/663
f 232/296/232 663/898/663 664/899/664
f 232/296/232 664/899/664 233/297/233
f 136/900/136 138/901/138 665/902/665
f 136/900/136 665/902/665 666/903/666
f 136/174/136 666/904/666 137/175/137
f 667/905/667 668/906/668 669/907/669
f 667/905/667 670/908/670 668/906/668
f 667/909/667 669/910/669 671/911/671
f 672/912/672 673/913/673 674/914/674
f 672/912/672 675/915/675 676/916/676
f 672/912/672 674/914/674 675/915/675
f 672/917/672 677/918/677 673/919/673
f 672/920/672 676/796/676 677/921/677
f 678/922/678 679/923/679 680/924/680
f 678/925/678 681/926/681 682/927/682
f 678/928/678 682/929/682 679/930/679
f 678/922/678 680/924/680 683/931/683
f 678/932/678 683/933/683 681/934/681
f 684/935/684 685/936/685 686/937/686
f 684/935/684 687/938/687 688/939/688
f 684/940/684 345/450/345 687/941/687
f 684/935/684 688/939/688 685/936/685
f 684/942/684 686/943/686 346/944/346
f 684/940/684 346/451/346 345/450/345
f 689/945/689 690/946/690 691/947/691
f 689/948/689 692/949/692 690/950/690
f 689/945/689 691/947/691 693/951/693
f 689/948/689 693/952/693 692/949/692
f 694/953/694 695/954/695 696/955/696
f 694/956/694 696/957/696 697/958/697
f 694/956/694 697/958/697 698/959/698
f 699/960/699 700/961/700 701/962/701
f 699/963/699 702/964/702 703/965/703
f 699/960/699 701/962/701 704/966/704
f 699/967/699 705/968/705 702/969/702
f 699/960/699 703/970/703 700/961/700
f 699/967/699 704/971/704 705/968/705
f 706/972/706 707/973/707 708/974/708
f 706/972/706 709/975/709 707/973/707
f 706/972/706 710/976/710 709/975/709
f 706/977/706 708/978/708 711/979/711
f 706/980/706 711/981/711 710/982/710
f 94/121/94 712/983/712 95/122/95
f 713/984/713 714/985/714 715/986/715
f 713/984/713 716/987/716 717/988/717
f 713/984/713 718/989/718 716/987/716
f 713/984/713 717/988/717 719/990/719
f 713/984/713 719/990/719 714/985/714
f 713/984/713 715/986/715 718/989/718
f 645/991/645 647/992/647 720/993/720
f 645/991/645 721/994/721 722/995/722
f 645/991/645 720/993/720 721/994/721
f 645/870/645 722/996/722 646/871/646
f 723/997/723 724/998/724 725/999/725
f 726/1000/726 723/1001/723 727/1002/727
f 727/1002/727 723/1001/723 728/1003/728
f 632/853/632 729/1004/729 633/854/633
f 632/853/632 730/1005/730 729/1004/729
f 632/853/632 636/860/636 731/1006/731
f 632/853/632 732/1007/732 730/1005/730
f 632/853/632 731/1006/731 732/1007/732
f 733/1008/733 734/1009/734 367/1010/367
f 733/1011/733 735/1012/735 734/1013/734
f 733/1014/733 367/487/367 366/484/366
f 733/1011/733 736/1015/736 735/1012/735
f 733/1014/733 366/484/366 736/1016/736
f 737/1017/737 738/1018/738 739/1019/739
f 737/1017/737 739/1019/739 740/1020/740
f 737/1021/737 741/1022/741 742/1023/742
f 737/1021/737 740/1024/740 741/1022/741
f 737/1021/737 742/1023/742 743/1025/743
f 737/1017/737 743/1026/743 738/1018/738
f 744/1027/744 745/1028/745 486/1029/486
f 744/1027/744 746/1030/746 745/1028/745
f 744/1027/744 747/1031/747 748/1032/748
f 744/1027/744 486/1029/486 747/1031/747
f 744/1033/744 749/1034/749 746/1035/746
f 744/1033/744 748/1036/748 749/1034/749
f 750/1037/750 751/1038/751 674/914/674
f 750/1039/750 752/1040/752 753/1041/753
f 750/1042/750 544/723/544 547/730/547
f 750/1043/750 753/1044/753 751/1045/751
f 750/1039/750 754/1046/754 752/1040/752
f 750/1037/750 674/914/674 755/1047/755
f 750/1048/750 547/1049/547 754/1050/754
f 750/1042/750 755/1051/755 544/723/544
f 756/1052/756 757/1053/757 758/1054/758
f 756/1052/756 759/1055/759 757/1053/757
f 756/1056/756 760/1057/760 761/1058/761
f 756/1056/756 761/1058/761 759/1059/759
f 756/1056/756 762/1060/762 760/1057/760
f 756/1052/756 758/1054/758 762/1061/762
f 341/445/341 763/1062/763 764/1063/764
f 341/445/341 764/1063/764 342/446/342
f 341/445/341 765/1064/765 763/1062/763
f 341/445/341 346/1065/346 765/1064/765
f 766/1066/766 767/1067/767 352/1068/352
f 766/1066/766 352/1068/352 768/1069/768
f 766/1070/766 769/1071/769 770/1072/770
f 766/1070/766 768/1073/768 769/1071/769
f 766/1070/766 770/1072/770 767/1074/767
f 771/1075/771 609/824/609 612/827/612
f 771/1075/771 612/827/612 567/753/567
f 771/1076/771 772/1077/772 773/1078/773
f 771/1076/771 774/1079/774 772/1077/772
f 771/1075/771 775/1080/775 609/824/609
f 771/1076/771 773/1078/773 775/1081/775
f 771/1075/771 567/753/567 774/1082/774
f 776/1083/776 571/763/571 777/1084/777
f 776/1083/776 777/1084/777 778/1085/778
f 776/1083/776 779/1086/779 705/968/705
f 776/1083/776 705/968/705 780/1087/780
f 776/1083/776 778/1085/778 779/1086/779
f 776/1083/776 780/1087/780 571/763/571
f 781/1088/781 782/1089/782 579/775/579
f 781/1088/781 783/1090/783 784/1091/784
f 781/1088/781 579/775/579 581/777/581
f 781/1088/781 785/1092/785 782/1089/782
f 781/1088/781 581/777/581 783/1090/783
f 781/1088/781 784/1091/784 785/1092/785
f 786/1093/786 787/1094/787 788/1095/788
f 786/1096/786 789/1097/789 790/1098/790
f 786/1093/786 587/790/587 791/1099/791
f 786/1096/786 791/1100/791 789/1097/789
f 786/1093/786 790/1101/790 787/1094/787
f 786/1093/786 788/1095/788 587/790/587
f 792/1102/792 793/1103/793 794/1104/794
f 792/1102/792 794/1104/794 795/1105/795
f 792/1102/792 795/1105/795 796/1106/796
f 792/1102/792 797/1107/797 798/1108/798
f 792/1102/792 796/1106/796 797/1107/797
f 792/1102/792 798/1108/798 793/1103/793
f 799/1109/799 716/1110/716 800/1111/800
f 799/1112/799 801/1113/801 802/1114/802
f 799/1115/799 803/1116/803 716/1117/716
f 799/1112/799 802/1114/802 804/1118/804
f 799/1112/799 804/1118/804 803/1119/803
f 799/1120/799 800/1121/800 801/1122/801
f 805/1123/805 806/1124/806 807/1125/807
f 805/1126/805 808/1127/808 809/1128/809
f 805/1123/805 807/1125/807 808/1129/808
f 805/1126/805 809/1128/809 810/1130/810
f 805/1123/805 811/1131/811 806/1124/806
f 805/1126/805 810/1130/810 811/1132/811
f 812/1133/812 813/1134/813 814/1135/814
f 812/1133/812 815/1136/815 816/1137/816
f 812/1133/812 816/1137/816 817/1138/817
f 812/1133/812 818/1139/818 819/1140/819
f 812/1133/812 814/1135/814 815/1136/815
f 812/1133/812 819/1140/819 813/1134/813
f 812/1133/812 817/1138/817 818/1139/818
f 820/1141/820 821/1142/821 822/1143/822
f 820/1141/820 823/1144/823 824/1145/824
f 820/1141/820 825/1146/825 821/1142/821
f 820/1141/820 824/1145/824 826/1147/826
f 820/1141/820 822/1143/822 823/1144/823
f 820/1141/820 826/1147/826 825/1146/825
f 348/459/348 827/1148/827 828/1149/828
f 348/459/348 829/1150/829 827/1148/827
f 348/459/348 351/467/351 829/1150/829
f 348/459/348 828/1149/828 349/460/349
f 830/1151/830 831/1152/831 832/1153/832
f 830/1154/830 833/1155/833 449/1156/449
f 830/1151/830 449/595/449 448/594/448
f 830/1154/830 834/1157/834 833/1155/833
f 830/1154/830 832/1158/832 834/1157/834
f 830/1151/830 448/594/448 831/1152/831
f 835/1159/835 836/1160/836 837/1161/837
f 835/1159/835 837/1161/837 838/1162/838
f 835/1159/835 839/1163/839 836/1160/836
f 835/1164/835 840/1165/840 841/1166/841
f 835/1159/835 838/1162/838 840/1167/840
f 835/1168/835 841/1169/841 839/1170/839
f 842/1171/842 843/1172/843 844/1173/844
f 842/1171/842 845/1174/845 843/1172/843
f 842/1171/842 110/140/110 846/1175/846
f 842/1171/842 250/319/250 845/1174/845
f 842/1171/842 846/1175/846 250/319/250
f 842/1171/842 844/1173/844 110/140/110
f 607/822/607 398/523/398 847/1176/847
f 607/822/607 847/1176/847 848/1177/848
f 607/822/607 610/825/610 398/523/398
f 607/822/607 848/1177/848 608/823/608
f 849/1178/849 472/618/472 850/1179/850
f 849/1178/849 851/1180/851 473/619/473
f 849/1178/849 473/619/473 472/618/472
f 57/70/57 852/1181/852 853/1182/853
f 57/70/57 853/1182/853 854/1183/854
f 57/70/57 855/1184/855 58/71/58
f 57/70/57 854/1183/854 855/1184/855
f 57/70/57 60/73/60 852/1181/852
f 856/1185/856 857/1186/857 858/1187/858
f 856/1185/856 859/1188/859 860/1189/860
f 856/1185/856 861/1190/861 857/1186/857
f 856/1185/856 862/1191/862 859/1188/859
f 856/1185/856 858/1187/858 862/1191/862
f 856/1185/856 860/1189/860 861/1190/861
f 863/1192/863 864/1193/864 865/1194/865
f 863/1195/863 866/1196/866 867/1197/867
f 863/1195/863 867/1197/867 868/1198/868
f 863/1195/863 869/1199/869 866/1196/866
f 863/1195/863 865/1200/865 869/1199/869
f 863/1192/863 868/1201/868 864/1193/864
f 870/1202/870 871/1203/871 642/867/642
f 870/1204/870 872/1205/872 873/1206/873
f 870/1204/870 873/1206/873 871/1207/871
f 870/1202/870 642/867/642 643/868/643
f 870/1202/870 643/868/643 872/1208/872
f 874/1209/874 371/497/371 875/1210/875
f 874/1211/874 875/1212/875 876/1213/876
f 874/1209/874 877/1214/877 878/1215/878
f 874/1209/874 878/1215/878 879/1216/879
f 874/1209/874 879/1216/879 371/497/371
f 874/1211/874 876/1213/876 877/1217/877
f 880/1218/880 881/1219/881 882/1220/882
f 880/1218/880 883/1221/883 884/1222/884
f 880/1218/880 885/1223/885 886/1224/886
f 880/1218/880 884/1222/884 885/1223/885
f 880/1218/880 882/1220/882 883/1221/883
f 887/1225/887 888/1226/888 224/1227/224
f 887/1228/887 889/1229/889 890/1230/890
f 887/1225/887 224/1227/224 126/1231/126
f 887/1232/887 890/1233/890 891/1234/891
f 887/1225/887 126/1231/126 128/1235/128
f 887/1225/887 128/1235/128 889/1236/889
f 887/1237/887 891/1238/891 892/1239/892
f 887/1237/887 892/1239/892 888/1240/888
f 893/1241/893 894/1242/894 895/1243/895
f 893/1241/893 896/1244/896 897/1245/897
f 893/1241/893 898/1246/898 896/1244/896
f 893/1241/893 897/1245/897 899/1247/899
f 893/1248/893 899/1249/899 900/1250/900
f 893/1241/893 900/1251/900 894/1242/894
f 893/1241/893 895/1243/895 898/1246/898
f 901/1252/901 902/1253/902 903/1254/903
f 901/1252/901 904/1255/904 902/1253/902
f 901/1252/901 905/1256/905 906/1257/906
f 901/1252/901 906/1257/906 904/1255/904
f 901/1252/901 903/1254/903 905/1256/905
f 907/1258/907 908/1259/908 909/1260/909
f 907/1258/907 909/1260/909 910/1261/910
f 911/1262/911 912/1263/912 913/1264/913
f 911/1265/911 914/1266/914 912/1267/912
f 911/1268/911 913/1269/913 915/1270/915
f 911/1271/911 915/1272/915 916/1273/916
f 911/1265/911 916/1274/916 914/1266/914
f 917/1275/917 918/1276/918 919/1277/919
f 917/1278/917 920/1279/920 507/1280/507
f 917/1278/917 507/1280/507 506/1281/506
f 917/1275/917 921/1282/921 918/1276/918
f 917/1283/917 919/1284/919 920/1285/920
f 917/1278/917 506/1281/506 921/1286/921
f 922/1287/922 923/1288/923 924/1289/924
f 922/1287/922 925/1290/925 926/1291/926
f 922/1287/922 927/1292/927 928/1293/928
f 922/1287/922 928/1293/928 923/1288/923
f 922/1287/922 929/1294/929 925/1290/925
f 922/1287/922 924/1289/924 929/1294/929
f 922/1287/922 926/1291/926 927/1292/927
f 327/1295/327 216/1296/216 220/1297/220
f 327/426/327 930/1298/930 931/1299/931
f 327/1295/327 220/1297/220 930/1300/930
f 327/1295/327 330/1301/330 216/1296/216
f 327/426/327 931/1299/931 328/427/328
f 932/1302/932 933/1303/933 934/1304/934
f 932/1302/932 934/1304/934 935/1305/935
f 932/1306/932 936/1307/936 933/1308/933
f 937/1309/937 938/1310/938 824/1145/824
f 937/1311/937 939/1312/939 940/1313/940
f 937/1309/937 824/1145/824 941/1314/941
f 937/1311/937 942/1315/942 938/1316/938
f 937/1309/937 941/1314/941 939/1317/939
f 937/1311/937 940/1313/940 942/1315/942
f 943/1318/943 944/1319/944 945/1320/945
f 943/1321/943 945/1322/945 946/1323/946
f 943/1321/943 947/1324/947 948/1325/948
f 943/1318/943 948/1326/948 944/1319/944
f 943/1321/943 946/1323/946 947/1324/947
f 949/1327/949 950/1328/950 951/1329/951
f 949/1327/949 952/1330/952 950/1328/950
f 949/1327/949 953/1331/953 954/1332/954
f 949/1327/949 954/1332/954 955/1333/955
f 949/1327/949 951/1329/951 953/1331/953
f 949/1327/949 955/1333/955 952/1330/952
f 956/1334/956 957/1335/957 958/1336/958
f 956/1337/956 958/1338/958 51/64/51
f 956/1337/956 51/64/51 182/236/182
f 956/1339/956 959/1340/959 960/1341/960
f 956/1337/956 960/1342/960 957/1343/957
f 956/1337/956 181/235/181 959/1344/959
f 956/1337/956 182/236/182 181/235/181
f 620/1345/620 961/1346/961 962/1347/962
f 620/1345/620 963/1348/963 961/1346/961
f 620/1345/620 623/1349/623 963/1348/963
f 620/835/620 962/1350/962 621/836/621
f 2/2/2 6/6/6 964/1351/964
f 2/2/2 965/1352/965 3/3/3
f 2/2/2 964/1351/964 965/1352/965
f 123/155/123 125/157/125 966/1353/966
f 123/1354/123 966/1355/966 967/1356/967
f 123/155/123 967/1357/967 494/645/494
f 123/155/123 494/645/494 124/156/124
f 968/1358/968 700/961/700 703/970/703
f 968/1358/968 969/1359/969 970/1360/970
f 968/1358/968 970/1360/970 971/1361/971
f 968/1358/968 972/1362/972 700/961/700
f 968/1358/968 973/1363/973 972/1362/972
f 968/1358/968 703/970/703 969/1359/969
f 968/1358/968 971/1361/971 973/1363/973
f 974/1364/974 975/1365/975 976/1366/976
f 974/1367/974 977/1368/977 582/780/582
f 974/1364/974 976/1366/976 977/1369/977
f 974/1370/974 578/1371/578 975/1372/975
f 974/1367/974 582/780/582 578/779/578
f 96/123/96 978/1373/978 979/1374/979
f 96/123/96 95/122/95 980/1375/980
f 96/123/96 980/1375/980 978/1373/978
f 96/123/96 979/1374/979 97/124/97
f 981/1376/981 982/1377/982 202/1378/202
f 981/1379/981 983/1380/983 984/1381/984
f 981/1376/981 202/1378/202 985/1382/985
f 981/1383/981 985/1384/985 986/1385/986
f 981/1376/981 984/1386/984 982/1377/982
f 981/1383/981 986/1385/986 987/1387/987
f 981/1379/981 988/1388/988 983/1380/983
f 981/1379/981 987/1389/987 989/1390/989
f 981/1379/981 989/1390/989 988/1388/988
f 990/1391/990 638/863/638 991/1392/991
f 990/1391/990 992/1393/992 638/863/638
f 990/1394/990 991/1395/991 993/1396/993
f 994/1397/994 995/1398/995 996/1399/996
f 994/1400/994 997/1401/997 31/39/31
f 994/1397/994 998/1402/998 995/1398/995
f 994/1397/994 996/1399/996 997/1403/997
f 994/1400/994 31/39/31 999/1404/999
f 994/1400/994 999/1404/999 998/1405/998
f 1000/1406/1000 724/1407/724 1001/1408/1001
f 1000/1406/1000 1001/1408/1001 1002/1409/1002
f 1003/1410/1003 1004/1411/1004 1005/1412/1005
f 1003/1410/1003 1006/1413/1006 1007/1414/1007
f 1003/1410/1003 1005/1412/1005 1006/1413/1006
f 1003/1415/1003 1008/1416/1008 1004/1417/1004
f 1003/1415/1003 660/1418/660 1008/1416/1008
f 1003/1410/1003 1007/1414/1007 660/892/660
f 1009/1419/1009 1010/1420/1010 1011/1421/1011
f 1009/1419/1009 1011/1421/1011 1012/1422/1012
f 1009/1423/1009 1013/1424/1013 1010/1425/1010
f 1009/1426/1009 1012/1427/1012 1013/1428/1013
f 1014/1429/1014 1015/1430/1015 1016/1431/1016
f 1014/1429/1014 1016/1431/1016 1017/1432/1017
f 1014/1433/1014 1018/1434/1018 1019/1435/1019
f 1014/1436/1014 1019/1437/1019 1020/1438/1020
f 1014/1436/1014 1017/1439/1017 1018/1440/1018
f 1014/1429/1014 1020/1441/1020 1015/1430/1015
f 1021/1442/1021 1022/1443/1022 1023/1444/1023
f 1021/1442/1021 1023/1444/1023 1024/1445/1024
f 1021/1442/1021 442/577/442 1022/1443/1022
f 1021/1442/1021 1024/1445/1024 1025/1446/1025
f 1021/1442/1021 1025/1446/1025 442/577/442
f 589/792/589 592/800/592 1026/1447/1026
f 589/792/589 1027/1448/1027 590/793/590
f 589/792/589 1026/1447/1026 1027/1448/1027
f 1028/1449/1028 1029/1450/1029 1030/1451/1030
f 1028/1449/1028 1031/1452/1031 1032/1453/1032
f 1028/1449/1028 1032/1453/1032 1029/1450/1029
f 1028/1449/1028 1033/1454/1033 1034/1455/1034
f 1028/1449/1028 1030/1451/1030 1033/1454/1033
f 1028/1449/1028 1034/1455/1034 1031/1452/1031
f 1035/1456/1035 1036/1457/1036 1037/1458/1037
f 1035/1459/1035 1038/1460/1038 1039/1461/1039
f 1035/1456/1035 1037/1458/1037 1040/1462/1040
f 1035/1459/1035 322/1463/322 1038/1460/1038
f 1035/1456/1035 1039/1464/1039 1036/1457/1036
f 1035/1459/1035 1040/1465/1040 322/1463/322
f 1041/1466/1041 1042/1467/1042 1043/1468/1043
f 1041/1466/1041 1044/1469/1044 1045/1470/1045
f 1041/1466/1041 1046/1471/1046 462/1472/462
f 1041/1466/1041 1043/1468/1043 1044/1469/1044
f 1041/1473/1041 1045/1474/1045 1046/1475/1046
f 1041/1466/1041 462/1472/462 1042/1467/1042
f 1047/1476/1047 1048/1477/1048 1049/1478/1049
f 1047/1476/1047 1050/1479/1050 1051/1480/1051
f 1047/1476/1047 1049/1478/1049 1050/1479/1050
f 1047/1476/1047 1052/1481/1052 1053/1482/1053
f 1047/1476/1047 1053/1482/1053 1048/1477/1048
f 1047/1476/1047 1051/1480/1051 1052/1481/1052
f 1054/1483/1054 1055/1484/1055 1056/1485/1056
f 1054/1483/1054 1056/1485/1056 1057/1486/1057
f 1058/1487/1058 1059/1488/1059 481/1489/481
f 1058/1490/1058 481/629/481 480/627/480
f 1058/1487/1058 1060/1491/1060 1061/1492/1061
f 1058/1487/1058 1062/1493/1062 1060/1491/1060
f 1058/1490/1058 480/627/480 1062/1494/1062
f 1058/1487/1058 1061/1492/1061 1059/1488/1059
f 483/1495/483 1063/1496/1063 1064/1497/1064
f 483/1498/483 1064/1499/1064 1065/1500/1065
f 483/632/483 488/637/488 1063/1501/1063
f 483/632/483 1065/1502/1065 484/633/484
f 200/1503/200 202/1378/202 1066/1504/1066
f 200/1503/200 1066/1504/1066 1067/1505/1067
f 200/254/200 1067/1506/1067 201/255/201
f 206/263/206 1068/1507/1068 727/1508/727
f 206/263/206 209/266/209 1068/1507/1068
f 206/263/206 727/1508/727 207/264/207
f 1069/1509/1069 1070/1510/1070 1071/1511/1071
f 1069/1512/1069 1072/1513/1072 711/979/711
f 1069/1514/1069 708/1515/708 1070/1516/1070
f 1069/1509/1069 1073/1517/1073 1072/1518/1072
f 1069/1512/1069 711/979/711 708/978/708
f 1069/1509/1069 1071/1511/1071 1073/1517/1073
f 1074/1519/1074 1075/1520/1075 789/1097/789
f 1074/1519/1074 789/1097/789 791/1100/791
f 1074/1521/1074 1076/1522/1076 1077/1523/1077
f 1074/1519/1074 1078/1524/1078 1076/1525/1076
f 1074/1526/1074 791/1099/791 1078/1527/1078
f 1074/1519/1074 1077/1528/1077 1079/1529/1079
f 1074/1519/1074 1079/1529/1079 1075/1520/1075
f 1080/1530/1080 1081/1531/1081 931/1299/931
f 1080/1530/1080 1082/1532/1082 1083/1533/1083
f 1080/1530/1080 1084/1534/1084 1082/1532/1082
f 1080/1530/1080 1083/1533/1083 172/226/172
f 1080/1530/1080 172/226/172 1081/1531/1081
f 1080/1530/1080 931/1299/931 1084/1534/1084
f 1085/1535/1085 1086/1536/1086 819/1140/819
f 1085/1535/1085 1087/1537/1087 1086/1536/1086
f 1085/1535/1085 1088/1538/1088 1087/1537/1087
f 1085/1535/1085 819/1140/819 339/443/339
f 1085/1535/1085 339/443/339 336/440/336
f 1085/1535/1085 336/440/336 1088/1538/1088
f 1089/1539/1089 1090/1540/1090 1061/1541/1061
f 1089/1542/1089 1091/1543/1091 1092/1544/1092
f 1089/1539/1089 1060/1545/1060 1091/1546/1091
f 1089/1542/1089 1092/1544/1092 1093/1547/1093
f 1089/1539/1089 1061/1541/1061 1060/1545/1060
f 1089/1548/1089 1093/1549/1093 1090/1550/1090
f 1094/1551/1094 1095/1552/1095 1096/1553/1096
f 1094/1551/1094 1097/1554/1097 1098/1555/1098
f 1094/1551/1094 1099/1556/1099 1095/1552/1095
f 1094/1551/1094 1098/1555/1098 1100/1557/1100
f 1094/1551/1094 1100/1557/1100 1099/1556/1099
f 1094/1551/1094 1096/1553/1096 1097/1554/1097
f 1101/1558/1101 1102/1559/1102 361/1560/361
f 1101/1558/1101 1103/1561/1103 1104/1562/1104
f 1101/1558/1101 1104/1562/1104 1105/1563/1105
f 1101/1558/1101 361/1560/361 360/1564/360
f 1101/1558/1101 360/1564/360 1103/1561/1103
f 1101/1558/1101 1105/1563/1105 1102/1559/1102
f 1106/1565/1106 1107/1566/1107 1108/1567/1108
f 1106/1568/1106 1109/1569/1109 1110/1570/1110
f 1106/1568/1106 1111/1571/1111 1109/1569/1109
f 1106/1565/1106 1112/1572/1112 1111/1573/1111
f 1106/1565/1106 1110/1574/1110 1107/1566/1107
f 1106/1565/1106 1108/1567/1108 1112/1572/1112
f 1113/1575/1113 1114/1576/1114 1115/1577/1115
f 1113/1575/1113 1115/1577/1115 1116/1578/1116
f 1113/1575/1113 1117/1579/1117 1118/1580/1118
f 1113/1575/1113 1118/1580/1118 1114/1576/1114
f 1113/1575/1113 1116/1578/1116 1117/1579/1117
f 793/1103/793 1119/1581/1119 1120/1582/1120
f 793/1103/793 1121/1583/1121 1119/1581/1119
f 793/1103/793 1122/1584/1122 794/1104/794
f 793/1585/793 1120/1586/1120 1122/1587/1122
f 793/1103/793 798/1108/798 1121/1583/1121
f 317/413/317 1123/1588/1123 1012/1427/1012
f 317/1589/317 322/1463/322 1040/1465/1040
f 317/413/317 1012/1427/1012 318/414/318
f 317/1589/317 1040/1465/1040 1123/1590/1123
f 1124/1591/1124 1125/1592/1125 292/1593/292
f 1124/1594/1124 292/375/292 291/374/291
f 1126/1595/1126 1127/1596/1127 1128/1597/1128
f 1129/1598/1129 44/54/44 1130/1599/1130
f 1129/1598/1129 47/60/47 46/58/46
f 1129/1600/1129 1131/1601/1131 1132/1602/1132
f 1129/1598/1129 46/58/46 44/54/44
f 1129/1603/1129 1130/1604/1130 1131/1605/1131
f 1129/1606/1129 1132/1607/1132 47/1608/47
f 1133/1609/1133 957/1343/957 1134/1610/1134
f 1133/1611/1133 1135/1612/1135 49/1613/49
f 1133/1614/1133 1136/1615/1136 1135/1616/1135
f 1133/1611/1133 49/1613/49 1137/1617/1137
f 1133/1611/1133 1137/1617/1137 957/1335/957
f 1133/1609/1133 1134/1610/1134 1136/1618/1136
f 1138/1619/1138 59/1620/59 1139/1621/1139
f 1138/1622/1138 1140/1623/1140 1141/1624/1141
f 1138/1625/1138 1139/1626/1139 1142/1627/1142
f 1138/1622/1138 1141/1624/1141 60/73/60
f 1138/1622/1138 1142/1628/1142 1140/1623/1140
f 1138/1622/1138 60/73/60 59/72/59
f 64/80/64 1143/1629/1143 65/81/65
f 64/1630/64 67/1631/67 1144/1632/1144
f 64/1633/64 1145/1634/1145 1146/1635/1146
f 64/80/64 1146/1636/1146 1143/1629/1143
f 64/1630/64 1144/1632/1144 1145/1637/1145
f 1147/1638/1147 1148/1639/1148 75/1640/75
f 1147/1638/1147 75/1640/75 1149/1641/1149
f 1147/1638/1147 1150/1642/1150 227/291/227
f 1147/1638/1147 1151/1643/1151 1150/1642/1150
f 1147/1638/1147 227/291/227 1148/1639/1148
f 1147/1638/1147 1149/1641/1149 1151/1643/1151
f 234/298/234 1152/1644/1152 1153/1645/1153
f 234/298/234 1154/1646/1154 1152/1644/1152
f 234/298/234 1153/1645/1153 235/299/235
f 234/298/234 237/303/237 1154/1646/1154
f 1155/1647/1155 1156/1648/1156 1157/1649/1157
f 1155/1647/1155 1157/1649/1157 1158/1650/1158
f 1155/1651/1155 1159/1652/1159 1160/1653/1160
f 1155/1647/1155 1158/1650/1158 1159/1654/1159
f 1155/1655/1155 1160/1656/1160 1156/1657/1156
f 1161/1658/1161 511/669/511 1162/1659/1162
f 1161/1658/1161 1162/1659/1162 1163/1660/1163
f 1161/1658/1161 1164/1661/1164 1165/1662/1165
f 1161/1658/1161 1166/1663/1166 512/670/512
f 1161/1658/1161 512/670/512 511/669/511
f 1161/1658/1161 1165/1662/1165 1166/1663/1166
f 1161/1658/1161 1163/1660/1163 1164/1661/1164
f 1167/1664/1167 912/1267/912 914/1266/914
f 1167/1664/1167 914/1266/914 1168/1665/1168
f 1167/1664/1167 574/769/574 912/1267/912
f 1167/1664/1167 1169/1666/1169 575/770/575
f 1167/1667/1167 575/768/575 574/767/574
f 1167/1664/1167 1168/1665/1168 1169/1666/1169
f 1170/1668/1170 1171/1669/1171 1172/1670/1172
f 1170/1671/1170 267/1672/267 1171/1673/1171
f 1170/1671/1170 268/1674/268 267/1672/267
f 1170/1671/1170 1173/1675/1173 268/1674/268
f 1170/1668/1170 1172/1670/1172 1174/1676/1174
f 1170/1668/1170 1174/1676/1174 1173/1677/1173
f 1175/1678/1175 1176/1679/1176 758/1680/758
f 1175/1681/1175 843/1172/843 1177/1682/1177
f 1175/1678/1175 1178/1683/1178 1176/1679/1176
f 1175/1681/1175 758/1054/758 1179/1684/1179
f 1175/1681/1175 1179/1684/1179 843/1172/843
f 1175/1681/1175 1177/1682/1177 1178/1685/1178
f 1180/1686/1180 1181/1687/1181 1182/1688/1182
f 1180/1686/1180 281/1689/281 1181/1687/1181
f 1180/1686/1180 1182/1688/1182 1183/1690/1183
f 1180/1686/1180 1183/1690/1183 1184/1691/1184
f 1180/1686/1180 1185/1692/1185 281/1689/281
f 1180/1686/1180 1184/1691/1184 1185/1692/1185
f 1186/1693/1186 24/1694/24 1187/1695/1187
f 1188/1696/1188 1189/1697/1189 24/1698/24
f 642/867/642 1190/1699/1190 24/1694/24
f 642/867/642 24/1694/24 1191/1700/1191
f 1187/1695/1187 24/1694/24 1190/1699/1190
f 392/517/392 1192/1701/1192 1193/1702/1193
f 392/517/392 397/522/397 1192/1701/1192
f 392/517/392 1193/1702/1193 1194/1703/1194
f 392/517/392 1194/1703/1194 393/518/393
f 297/1704/297 1195/1705/1195 1196/1706/1196
f 297/385/297 300/384/300 1195/1707/1195
f 297/380/297 1197/1708/1197 298/381/298
f 297/1709/297 1196/1710/1196 1197/1711/1197
f 356/470/356 358/472/358 1198/1712/1198
f 356/1713/356 1198/1714/1198 1199/1715/1199
f 356/1713/356 1199/1715/1199 105/133/105
f 356/1713/356 105/133/105 357/1716/357
f 1042/1467/1042 1200/1717/1200 1043/1468/1043
f 1042/1467/1042 1201/1718/1201 1200/1717/1200
f 1042/1467/1042 114/1719/114 1201/1718/1201
f 1042/1467/1042 462/1472/462 114/1719/114
f 116/146/116 995/1720/995 117/147/117
f 116/146/116 530/698/530 1202/1721/1202
f 116/146/116 1202/1721/1202 995/1720/995
f 1203/1722/1203 537/708/537 1204/1723/1204
f 1203/1722/1203 1204/1723/1204 1205/1724/1205
f 1203/1722/1203 538/709/538 537/708/537
f 1203/1725/1203 1206/1726/1206 538/714/538
f 1203/1725/1203 1205/1727/1205 1207/1728/1207
f 1203/1725/1203 1207/1728/1207 1206/1726/1206
f 1208/1729/1208 890/1233/890 1209/1730/1209
f 1208/1731/1208 1210/1732/1210 891/1238/891
f 1208/1729/1208 891/1234/891 890/1233/890
f 1208/1733/1208 1211/1734/1211 1212/1735/1212
f 1208/1731/1208 1212/1736/1212 1210/1732/1210
f 1208/1737/1208 1209/1738/1209 1211/1739/1211
f 1213/1740/1213 1214/1741/1214 385/1742/385
f 1213/1740/1213 1215/1743/1215 1216/1744/1216
f 1213/1740/1213 385/1742/385 388/1745/388
f 1213/1740/1213 1216/1744/1216 1217/1746/1217
f 1213/1740/1213 1217/1746/1217 1214/1741/1214
f 1213/1740/1213 388/1745/388 1215/1743/1215
f 1218/1747/1218 1219/1748/1219 1220/1749/1220
f 1218/1747/1218 1221/1750/1221 1219/1748/1219
f 1218/1747/1218 1222/1751/1222 1221/1750/1221
f 1218/1752/1218 665/902/665 1222/1753/1222
f 1218/1752/1218 1223/1754/1223 665/902/665
f 1218/1752/1218 1220/1755/1220 1223/1754/1223
f 1224/1756/1224 1225/1757/1225 1226/1758/1226
f 1224/1759/1224 1227/1760/1227 1228/1761/1228
f 1224/1756/1224 1228/1762/1228 1225/1757/1225
f 1224/1756/1224 1226/1758/1226 1229/1763/1229
f 1224/1759/1224 1230/1764/1230 1227/1760/1227
f 1224/1756/1224 1229/1763/1229 1230/1765/1230
f 564/1766/564 1231/1767/1231 565/1768/565
f 564/758/564 569/757/569 1231/1769/1231
f 1232/1770/1232 1233/1771/1233 1234/1772/1234
f 1235/1773/1235 1236/1774/1236 1237/1775/1237
f 1235/1773/1235 1238/1776/1238 1239/1777/1239
f 1235/1773/1235 1237/1775/1237 1240/1778/1240
f 1235/1773/1235 1239/1777/1239 1236/1774/1236
f 1235/1773/1235 1240/1778/1240 1238/1776/1238
f 1241/1779/1241 1242/1780/1242 1243/1781/1243
f 1241/1782/1241 1243/1783/1243 1244/1784/1244
f 1241/1779/1241 1245/1785/1245 1246/1786/1246
f 1241/1779/1241 1246/1786/1246 1242/1780/1242
f 1241/1782/1241 1244/1784/1244 1245/1787/1245
f 1247/1788/1247 1248/1789/1248 1249/1790/1249
f 1247/1791/1247 1250/1792/1250 1248/1793/1248
f 1247/1791/1247 466/612/466 1250/1792/1250
f 1247/1788/1247 1249/1790/1249 1251/1794/1251
f 1247/1788/1247 1251/1794/1251 1252/1795/1252
f 1247/1788/1247 1252/1795/1252 466/1796/466
f 1253/1797/1253 1254/1798/1254 1255/1799/1255
f 1253/1797/1253 1255/1799/1255 1256/1800/1256
f 1253/1797/1253 552/734/552 1254/1798/1254
f 1253/1797/1253 1257/1801/1257 552/734/552
f 1253/1797/1253 1256/1800/1256 1257/1801/1257
f 1258/1802/1258 185/239/185 188/242/188
f 1258/1802/1258 1259/1803/1259 1260/1804/1260
f 1258/1802/1258 188/242/188 1259/1803/1259
f 1258/1802/1258 622/838/622 185/239/185
f 1258/1802/1258 1261/1805/1261 1262/1806/1262
f 1258/1802/1258 1260/1804/1260 1261/1805/1261
f 1258/1802/1258 1262/1806/1262 622/838/622
f 192/246/192 1263/1807/1263 810/1808/810
f 192/246/192 198/252/198 1263/1807/1263
f 192/246/192 809/1809/809 193/247/193
f 192/246/192 810/1808/810 809/1809/809
f 252/328/252 254/327/254 1264/1810/1264
f 252/324/252 1265/1811/1265 253/325/253
f 252/328/252 1264/1810/1264 1265/1812/1265
f 259/334/259 1266/1813/1266 260/335/260
f 259/334/259 1267/1814/1267 1266/1813/1266
f 259/341/259 263/340/263 1267/1815/1267
f 1268/1816/1268 1269/1817/1269 1270/1818/1270
f 1268/1819/1268 269/347/269 266/344/266
f 1268/1816/1268 1270/1818/1270 1271/1820/1271
f 1268/1819/1268 1271/1821/1271 1272/1822/1272
f 1268/1816/1268 266/1823/266 1269/1817/1269
f 1268/1819/1268 1272/1822/1272 269/347/269
f 1273/1824/1273 1274/1825/1274 1275/1826/1275
f 1273/1824/1273 1275/1826/1275 602/1827/602
f 1273/1824/1273 1276/1828/1276 1274/1825/1274
f 1277/1829/1277 1278/1830/1278 1279/1831/1279
f 1277/1829/1277 1280/1832/1280 1281/1833/1281
f 1277/1829/1277 1282/1834/1282 1278/1830/1278
f 1277/1829/1277 1279/1831/1279 1280/1832/1280
f 1283/1835/1283 1284/1836/1284 1285/1837/1285
f 1283/1835/1283 1286/1838/1286 1284/1836/1284
f 1283/1835/1283 1285/1837/1285 1287/1839/1287
f 1288/1840/1288 1289/1841/1289 294/1842/294
f 1288/1843/1288 293/376/293 1290/1844/1290
f 1288/1843/1288 1290/1844/1290 416/1845/416
f 1288/1840/1288 1291/1846/1291 1289/1841/1289
f 1288/1840/1288 416/545/416 1291/1846/1291
f 1288/1843/1288 294/377/294 293/376/293
f 1292/1847/1292 1293/1848/1293 1294/1849/1294
f 1292/1847/1292 1294/1849/1294 1295/1850/1295
f 1296/1851/1296 982/1852/982 984/1381/984
f 1296/1851/1296 1297/1853/1297 982/1852/982
f 1296/1851/1296 1298/1854/1298 1299/1855/1299
f 1296/1851/1296 1300/1856/1300 1298/1854/1298
f 1296/1851/1296 1301/1857/1301 1300/1856/1300
f 1296/1851/1296 984/1381/984 1301/1857/1301
f 1296/1858/1296 1299/1859/1299 410/1860/410
f 1296/1861/1296 410/1862/410 1297/1863/1297
f 1302/1864/1302 1303/1865/1303 1304/1866/1304
f 1302/1864/1302 1304/1866/1304 1305/1867/1305
f 1302/1864/1302 1306/1868/1306 1307/1869/1307
f 1302/1864/1302 1307/1869/1307 1303/1865/1303
f 1308/1870/1308 1309/1871/1309 1310/1872/1310
f 1308/1870/1308 1310/1872/1310 767/1074/767
f 1308/1873/1308 1311/1874/1311 1312/1875/1312
f 1308/1870/1308 767/1074/767 770/1072/770
f 1308/1870/1308 1313/1876/1313 1309/1871/1309
f 1308/1873/1308 1312/1875/1312 1313/1877/1313
f 1308/1873/1308 770/1878/770 1311/1874/1311
f 950/1328/950 952/1330/952 1314/1879/1314
f 950/1328/950 833/1155/833 951/1329/951
f 950/76/950 1314/1880/1314 451/1881/451
f 950/76/950 451/1881/451 450/1882/450
f 950/1328/950 450/1883/450 833/1155/833
f 957/1343/957 1315/1884/1315 1134/1610/1134
f 957/1343/957 960/1342/960 1315/1884/1315
f 957/1335/957 1137/1617/1137 958/1336/958
f 1316/1885/1316 801/1886/801 1317/1887/1317
f 1316/1888/1316 1318/1889/1318 905/1256/905
f 1316/1888/1316 905/1256/905 903/1254/903
f 1316/1888/1316 1317/1890/1317 1318/1889/1318
f 1316/1885/1316 903/1891/903 801/1886/801
f 1319/1892/1319 1320/1893/1320 1321/1894/1321
f 1319/1895/1319 1322/1896/1322 1323/1897/1323
f 1319/1895/1319 1324/1898/1324 1325/1899/1325
f 1319/1895/1319 1326/1900/1326 1322/1896/1322
f 1319/1895/1319 1325/1899/1325 1320/1901/1320
f 1319/1895/1319 1321/1902/1321 1326/1900/1326
f 1319/1895/1319 1323/1897/1323 1324/1898/1324
f 1327/1903/1327 1328/1904/1328 1329/1905/1329
f 1327/1906/1327 1330/1907/1330 1331/1908/1331
f 1327/1903/1327 408/533/408 1332/1909/1332
f 1327/1906/1327 409/536/409 408/535/408
f 1327/1903/1327 1332/1909/1332 1328/1904/1328
f 1327/1906/1327 1331/1908/1331 409/536/409
f 1327/1910/1327 1329/1911/1329 1330/1912/1330
f 1333/1913/1333 1334/1914/1334 1335/1915/1335
f 1333/1913/1333 1335/1915/1335 1336/1916/1336
f 1333/1917/1333 1337/1918/1337 1334/1919/1334
f 1333/1917/1333 1336/1920/1336 1338/1921/1338
f 1333/1917/1333 1338/1921/1338 1337/1918/1337
f 1339/1922/1339 1340/1923/1340 1341/1924/1341
f 1339/1922/1339 1342/1925/1342 1340/1923/1340
f 1339/1926/1339 1341/1927/1341 1343/1928/1343
f 1339/1922/1339 1344/1929/1344 1342/1925/1342
f 1345/1930/1345 1346/1931/1346 1347/1932/1347
f 1345/1933/1345 1348/1934/1348 230/294/230
f 1345/1930/1345 225/1935/225 1346/1931/1346
f 1345/1930/1345 1347/1932/1347 1348/1936/1348
f 1345/1933/1345 230/294/230 225/289/225
f 235/299/235 1153/1645/1153 1349/1937/1349
f 235/299/235 1349/1937/1349 662/897/662
f 1350/1938/1350 1351/1939/1351 1352/1940/1352
f 1350/1938/1350 1353/1941/1353 1351/1939/1351
f 1350/1938/1350 1354/1942/1354 1353/1941/1353
f 1350/1943/1350 1352/1944/1352 1318/1889/1318
f 1350/1943/1350 1318/1889/1318 1317/1890/1317
f 1350/1938/1350 1317/1945/1317 1354/1942/1354
f 1355/1946/1355 249/318/249 246/315/246
f 1355/1946/1355 1356/1947/1356 1357/1948/1357
f 1355/1946/1355 1358/1949/1358 249/318/249
f 1355/1946/1355 246/315/246 1356/1947/1356
f 1355/1946/1355 1357/1948/1357 1358/1949/1358
f 831/1152/831 149/190/149 1359/1950/1359
f 831/1951/831 30/33/30 149/1952/149
f 831/1152/831 1359/1950/1359 832/1153/832
f 831/1951/831 448/586/448 30/33/30
f 78/94/78 87/1953/87 594/802/594
f 1036/1457/1036 1360/1954/1360 1037/1458/1037
f 1036/1457/1036 1361/1955/1361 1360/1954/1360
f 1036/1457/1036 1039/1464/1039 1362/1956/1362
f 1036/1457/1036 1362/1956/1362 1361/1955/1361
f 1044/1469/1044 1363/1957/1363 1045/1470/1045
f 1044/1469/1044 1043/1468/1043 1364/1958/1364
f 1044/1469/1044 1364/1958/1364 1363/1957/1363
f 1048/1477/1048 1365/1959/1365 1366/1960/1366
f 1048/1961/1048 1053/1962/1053 1367/1963/1367
f 1048/1477/1048 1366/1960/1366 1049/1478/1049
f 1048/1477/1048 1367/1964/1367 1365/1959/1365
f 1368/1965/1368 1369/1966/1369 1370/1967/1370
f 1368/1965/1368 1371/1968/1371 1369/1966/1369
f 1059/1969/1059 1090/1540/1090 478/1970/478
f 1059/1971/1059 478/624/478 481/628/481
f 1059/1969/1059 1061/1541/1061 1090/1540/1090
f 1372/1972/1372 628/848/628 1373/1973/1373
f 1372/1972/1372 484/633/484 1065/1502/1065
f 1372/1972/1372 629/849/629 628/848/628
f 1372/1972/1372 1373/1973/1373 1374/1974/1374
f 1372/1972/1372 1065/1502/1065 629/849/629
f 1372/1972/1372 1374/1974/1374 484/633/484
f 1375/1975/1375 1376/1976/1376 1377/1977/1377
f 1375/1975/1375 1378/1978/1378 1376/1976/1376
f 1375/1975/1375 1379/1979/1379 1378/1978/1378
f 1375/1980/1375 1380/1981/1380 1381/1982/1381
f 1375/1980/1375 1382/1983/1382 1380/1981/1380
f 1375/1984/1375 1381/1985/1381 1379/1986/1379
f 1375/1975/1375 1377/1977/1377 1382/1987/1382
f 1383/1988/1383 521/683/521 1384/1989/1384
f 1383/1988/1383 68/84/68 1385/1990/1385
f 1383/1988/1383 1384/1989/1384 68/84/68
f 1383/1988/1383 803/1119/803 804/1118/804
f 1383/1988/1383 1385/1990/1385 717/1991/717
f 1383/1988/1383 717/1991/717 803/1119/803
f 1383/1988/1383 804/1118/804 521/683/521
f 1386/1992/1386 1387/1993/1387 1388/1994/1388
f 1386/1992/1386 1388/1994/1388 1389/1995/1389
f 1386/1996/1386 1390/1997/1390 1387/1998/1387
f 1386/1996/1386 1391/1999/1391 1390/1997/1390
f 1386/1992/1386 1389/1995/1389 1391/2000/1391
f 1392/2001/1392 1304/1866/1304 884/1222/884
f 1392/2002/1392 883/2003/883 146/187/146
f 1392/2002/1392 1393/2004/1393 1394/2005/1394
f 1392/2002/1392 146/187/146 1393/2004/1393
f 1392/2001/1392 1394/2006/1394 1304/1866/1304
f 1392/2001/1392 884/1222/884 883/1221/883
f 329/429/329 332/432/332 848/1177/848
f 329/429/329 1395/2007/1395 1396/2008/1396
f 329/429/329 847/1176/847 1395/2007/1395
f 329/429/329 1396/2008/1396 330/430/330
f 329/429/329 848/1177/848 847/1176/847
f 334/2009/334 1397/2010/1397 335/2011/335
f 334/2009/334 1112/1572/1112 1397/2010/1397
f 334/2009/334 1398/2012/1398 1112/1572/1112
f 334/438/334 338/442/338 1398/2013/1398
f 1399/2014/1399 1400/2015/1400 1401/2016/1401
f 1399/2014/1399 938/1316/938 1402/2017/1402
f 1399/2018/1399 1401/2019/1401 1403/2020/1403
f 1399/2014/1399 1402/2017/1402 1400/2015/1400
f 1399/2018/1399 1403/2020/1403 826/1147/826
f 1399/2018/1399 826/1147/826 938/1310/938
f 1404/2021/1404 983/1380/983 1405/2022/1405
f 1404/2023/1404 1406/2024/1406 1407/2025/1407
f 1404/2026/1404 1405/2027/1405 677/2028/677
f 1404/2021/1404 1407/2029/1407 1408/2030/1408
f 1404/2021/1404 1408/2030/1408 983/1380/983
f 1404/2023/1404 677/2031/677 1406/2024/1406
f 679/923/679 1107/2032/1107 680/924/680
f 679/930/679 1409/2033/1409 1410/2034/1410
f 679/923/679 1397/2035/1397 1108/2036/1108
f 679/2037/679 1411/2038/1411 1397/2010/1397
f 679/930/679 1412/2039/1412 1409/2033/1409
f 679/930/679 1410/2034/1410 1411/2040/1411
f 679/930/679 682/929/682 1412/2039/1412
f 679/923/679 1108/2036/1108 1107/2032/1107
f 1413/2041/1413 685/2042/685 1414/2043/1414
f 1413/2044/1413 1415/2045/1415 1416/2046/1416
f 1413/2044/1413 1416/2046/1416 686/2047/686
f 1413/2044/1413 1417/2048/1417 1418/2049/1418
f 1413/2041/1413 686/2050/686 685/2042/685
f 1413/2044/1413 1418/2049/1418 1415/2045/1415
f 1413/2041/1413 1414/2043/1414 1417/2051/1417
f 690/946/690 894/2052/894 1419/2053/1419
f 690/946/690 1419/2053/1419 691/947/691
f 690/950/690 692/949/692 1420/2054/1420
f 690/950/690 898/2055/898 895/2056/895
f 690/950/690 1420/2054/1420 898/2055/898
f 690/946/690 895/2057/895 894/2052/894
f 149/1952/149 30/33/30 150/2058/150
f 149/190/149 152/197/152 1359/1950/1359
f 1421/2059/1421 1278/2060/1278 1422/2061/1422
f 1421/2062/1421 1279/1831/1279 1278/1830/1278
f 1423/2063/1423 1424/2064/1424 1425/2065/1425
f 1423/2066/1423 1425/2067/1425 1426/2068/1426
f 1423/2063/1423 1427/2069/1427 1424/2064/1424
f 1428/2070/1428 319/416/319 318/421/318
f 1428/2070/1428 1429/2071/1429 1430/2072/1430
f 1428/2070/1428 1011/1421/1011 1429/2071/1429
f 1428/2070/1428 318/421/318 1012/1422/1012
f 1428/2070/1428 1012/1422/1012 1011/1421/1011
f 1428/2070/1428 1430/2072/1430 319/416/319
f 1046/1475/1046 460/606/460 462/608/462
f 1046/1475/1046 1045/1474/1045 1431/2073/1431
f 1046/1475/1046 1431/2073/1431 460/606/460
f 1432/2074/1432 1433/2075/1433 1434/2076/1434
f 1432/2074/1432 1434/2076/1434 1435/2077/1435
f 614/829/614 1436/2078/1436 615/830/615
f 614/829/614 1437/2079/1437 850/2080/850
f 614/829/614 1438/2081/1438 1436/2078/1436
f 614/2082/614 616/2083/616 1437/2084/1437
f 614/829/614 850/2080/850 1438/2081/1438
f 27/2085/27 1439/2086/1439 28/2087/28
f 27/2085/27 33/2088/33 1439/2086/1439
f 1440/2089/1440 1441/2090/1441 1442/2091/1442
f 1440/2089/1440 1443/2092/1443 862/1191/862
f 1440/2093/1440 1442/2094/1442 1444/2095/1444
f 1440/2089/1440 1444/2096/1444 1443/2092/1443
f 1440/2089/1440 862/1191/862 858/1187/858
f 1440/2089/1440 858/1187/858 1441/2090/1441
f 1050/1479/1050 1445/2097/1445 1051/1480/1051
f 1050/1479/1050 1049/1478/1049 1446/2098/1446
f 1050/1479/1050 1447/2099/1447 1445/2097/1445
f 1050/1479/1050 1446/2098/1446 1447/2099/1447
f 1448/2100/1448 1449/2101/1449 1450/2102/1450
f 1448/2100/1448 1451/2103/1451 1452/2104/1452
f 1448/2100/1448 1450/2102/1450 1451/2103/1451
f 1448/2100/1448 1452/2104/1452 1453/2105/1453
f 1448/2100/1448 1453/2105/1453 1449/2101/1449
f 1454/2106/1454 1455/2107/1455 1456/2108/1456
f 1454/2106/1454 1457/2109/1457 1458/2110/1458
f 1454/2106/1454 1459/2111/1459 1460/2112/1460
f 1454/2106/1454 1460/2112/1460 1455/2107/1455
f 1454/2106/1454 1458/2110/1458 1461/2113/1461
f 1454/2106/1454 1456/2108/1456 1457/2109/1457
f 1454/2106/1454 1461/2113/1461 1462/2114/1462
f 1454/2106/1454 1462/2114/1462 1459/2111/1459
f 1463/2115/1463 1002/2116/1002 1464/2117/1464
f 1463/2115/1463 1464/2117/1464 1465/2118/1465
f 425/557/425 430/562/430 1008/1416/1008
f 425/891/425 1008/2119/1008 660/892/660
f 1466/2120/1466 1467/2121/1467 1468/2122/1468
f 1466/2120/1466 1468/2122/1468 1469/2123/1469
f 1466/2120/1466 1470/2124/1470 664/899/664
f 1466/2120/1466 1471/2125/1471 1467/2121/1467
f 1466/2120/1466 1469/2123/1469 1472/2126/1472
f 1466/2120/1466 664/899/664 1471/2125/1471
f 1466/2120/1466 1472/2126/1472 1470/2124/1470
f 1473/2127/1473 437/572/437 439/574/439
f 1473/2127/1473 1474/2128/1474 1475/2129/1475
f 1473/2127/1473 439/574/439 1474/2128/1474
f 1473/2127/1473 1476/2130/1476 437/572/437
f 1473/2127/1473 1475/2129/1475 1476/2130/1476
f 1477/2131/1477 1478/2132/1478 1479/2133/1479
f 1477/2131/1477 1480/2134/1480 1478/2132/1478
f 1477/2131/1477 1479/2133/1479 1481/2135/1481
f 1482/2136/1482 1483/2137/1483 754/1050/754
f 1482/2138/1482 1484/2139/1484 989/2140/989
f 1482/2136/1482 592/800/592 1483/2137/1483
f 1482/2136/1482 754/1050/754 1484/2141/1484
f 1482/2142/1482 1485/2143/1485 1026/2144/1026
f 1482/2145/1482 989/719/989 1485/2146/1485
f 1482/2136/1482 1026/1447/1026 592/800/592
f 1486/2147/1486 1029/2148/1029 1487/2149/1487
f 1486/2150/1486 1487/2151/1487 554/737/554
f 1486/2150/1486 554/737/554 1488/2152/1488
f 1486/2153/1486 1488/2154/1488 1489/2155/1489
f 1486/2147/1486 1489/2156/1489 1029/2148/1029
f 1490/2157/1490 1491/2158/1491 1492/2159/1492
f 1490/2157/1490 963/1348/963 623/1349/623
f 1490/2160/1490 623/840/623 1262/2161/1262
f 1490/2157/1490 1492/2159/1492 963/1348/963
f 1490/2160/1490 1262/2161/1262 1491/2162/1491
f 1493/2163/1493 1494/2164/1494 217/281/217
f 1493/2165/1493 216/1296/216 330/1301/330
f 1493/2166/1493 1495/2167/1495 1496/2168/1496
f 1493/2165/1493 330/1301/330 1495/2169/1495
f 1493/2163/1493 217/281/217 216/280/216
f 1493/2166/1493 1496/2168/1496 1494/2170/1494
f 1497/2171/1497 1498/2172/1498 1499/2173/1499
f 1497/2171/1497 1500/2174/1500 1501/2175/1501
f 1497/2176/1497 1502/2177/1502 1503/2178/1503
f 1497/2171/1497 1501/2175/1501 1498/2172/1498
f 1497/2176/1497 1503/2178/1503 1500/2179/1500
f 1497/2176/1497 1499/2180/1499 1502/2177/1502
f 1504/2181/1504 1214/1741/1214 1217/1746/1217
f 1504/2182/1504 1505/2183/1505 1506/2184/1506
f 1504/2181/1504 1507/2185/1507 1214/1741/1214
f 1504/2182/1504 1217/2186/1217 1505/2183/1505
f 1504/2181/1504 1506/2187/1506 1508/2188/1508
f 1504/2181/1504 1508/2188/1508 1507/2185/1507
f 1509/2189/1509 1510/2190/1510 1511/2191/1511
f 1509/2189/1509 1512/2192/1512 976/2193/976
f 1509/2189/1509 1513/2194/1513 1510/2190/1510
f 1509/2189/1509 976/2193/976 1514/2195/1514
f 1509/2189/1509 1511/2191/1511 1512/2192/1512
f 1509/2189/1509 1514/2195/1514 1513/2194/1513
f 1515/2196/1515 1516/2197/1516 1517/2198/1517
f 1515/2196/1515 1517/2198/1517 1518/275/1518
f 1519/2199/1519 1265/1811/1265 382/2200/382
f 1519/2201/1519 1520/2202/1520 1521/2203/1521
f 1519/2199/1519 1522/2204/1522 1265/1811/1265
f 1519/2201/1519 1523/2205/1523 1520/2202/1520
f 1519/2199/1519 382/2200/382 1523/2206/1523
f 1519/2201/1519 1521/2203/1521 1522/2207/1522
f 1524/2208/1524 1525/2209/1525 1526/2210/1526
f 1524/2208/1524 1527/2211/1527 69/85/69
f 1524/2208/1524 1526/2210/1526 1528/2212/1528
f 1524/2208/1524 1529/2213/1529 1527/2211/1527
f 1524/2208/1524 1528/2212/1528 1529/2213/1529
f 1524/2208/1524 69/85/69 1525/2209/1525
f 158/202/158 1530/2214/1530 1531/2215/1531
f 158/210/158 721/994/721 1532/2216/1532
f 158/202/158 1531/2215/1531 159/203/159
f 158/202/158 1532/2217/1532 1530/2214/1530
f 158/210/158 161/209/161 721/994/721
f 923/1288/923 1533/2218/1533 1534/2219/1534
f 923/1288/923 1535/2220/1535 1226/2221/1226
f 923/1288/923 928/1293/928 1536/2222/1536
f 923/1288/923 1534/2219/1534 1535/2220/1535
f 923/1288/923 1226/2221/1226 924/1289/924
f 923/1288/923 1536/2222/1536 1533/2218/1533
f 1537/2223/1537 1263/2224/1263 730/1005/730
f 1537/2223/1537 730/1005/730 732/1007/732
f 1537/2223/1537 732/1007/732 1538/2225/1538
f 1537/2226/1537 811/2227/811 810/1808/810
f 1537/2228/1537 1538/2229/1538 811/1131/811
f 1537/2226/1537 810/1808/810 1263/1807/1263
f 1539/2230/1539 816/1137/816 1540/2231/1540
f 1539/2232/1539 1540/2233/1540 1541/2234/1541
f 1539/2232/1539 1200/1717/1200 1542/2235/1542
f 1539/2232/1539 1541/2234/1541 1200/1717/1200
f 1539/2230/1539 1542/2236/1542 816/1137/816
f 1543/2237/1543 1544/2238/1544 295/2239/295
f 1543/2237/1543 1545/2240/1545 1546/2241/1546
f 1543/2237/1543 295/2239/295 1545/2240/1545
f 1543/2237/1543 1546/2241/1546 1547/2242/1547
f 1543/2237/1543 1548/2243/1548 1544/2238/1544
f 1543/2237/1543 1547/2242/1547 1548/2243/1548
f 1549/2244/1549 1022/1443/1022 441/576/441
f 1549/2244/1549 533/702/533 1550/2245/1550
f 1549/2244/1549 1550/2245/1550 1551/2246/1551
f 1549/2244/1549 441/576/441 1552/2247/1552
f 1549/2244/1549 1551/2246/1551 1022/1443/1022
f 1549/2244/1549 1552/2247/1552 1553/2248/1553
f 1549/2244/1549 1553/2248/1553 1554/2249/1554
f 1549/2244/1549 1554/2249/1554 533/702/533
f 591/2250/591 590/2251/590 1027/2252/1027
f 591/2253/591 1027/2254/1027 1555/2255/1555
f 591/795/591 1556/2256/1556 592/796/592
f 591/2257/591 1555/2258/1555 1556/2259/1556
f 374/499/374 1557/2260/1557 1558/2261/1558
f 374/499/374 377/502/377 1557/2260/1557
f 374/2262/374 1558/2263/1558 375/2264/375
f 1559/2265/1559 1360/2266/1360 1361/2267/1361
f 1559/2265/1559 1560/2268/1560 1360/2266/1360
f 1559/2265/1559 839/1170/839 841/1169/841
f 1559/2265/1559 1361/2267/1361 839/1170/839
f 1559/2269/1559 841/2270/841 1560/2271/1560
f 1274/1825/1274 1561/2272/1561 1562/2273/1562
f 1274/1825/1274 1562/2273/1562 1275/1826/1275
f 1274/1825/1274 1276/1828/1276 1561/2272/1561
f 1563/2274/1563 1564/2275/1564 1281/1833/1281
f 1563/2274/1563 1281/1833/1281 1565/2276/1565
f 283/363/283 1188/2277/1188 284/364/284
f 283/363/283 288/369/288 1566/2278/1566
f 283/363/283 1189/2279/1189 1188/2277/1188
f 283/363/283 1566/2278/1566 1567/2280/1567
f 290/2281/290 294/1842/294 1568/2282/1568
f 1569/2283/1569 1570/2284/1570 145/186/145
f 982/1852/982 1297/1853/1297 1571/2285/1571
f 982/1377/982 1066/1504/1066 202/1378/202
f 982/1852/982 1571/2285/1571 1066/2286/1066
f 1572/2287/1572 1573/2288/1573 1574/2289/1574
f 1572/2290/1572 1575/2291/1575 1576/2292/1576
f 1572/2287/1572 1576/2293/1576 1573/2288/1573
f 1572/2290/1572 474/620/474 1575/2291/1575
f 1572/2290/1572 1574/2294/1574 474/620/474
f 66/82/66 1577/2295/1577 67/83/67
f 66/2296/66 1578/2297/1578 1577/2298/1577
f 66/82/66 68/84/68 1384/1989/1384
f 66/82/66 1384/1989/1384 1578/2299/1578
f 1148/2300/1148 1579/2301/1579 73/89/73
f 1148/2300/1148 226/2302/226 1579/2301/1579
f 1148/2300/1148 73/89/73 75/91/75
f 1148/1639/1148 227/291/227 226/290/226
f 1580/2303/1580 1581/2304/1581 179/233/179
f 1580/2303/1580 1582/2305/1582 1583/2306/1583
f 1580/2303/1580 1584/2307/1584 1582/2305/1582
f 1580/2303/1580 1585/2308/1585 1581/2304/1581
f 1580/2303/1580 1583/2306/1583 1585/2308/1585
f 1580/2303/1580 179/233/179 1584/2307/1584
f 1586/2309/1586 1587/2310/1587 1588/2311/1588
f 1586/2309/1586 1588/2311/1588 1589/2312/1589
f 1586/2309/1586 1590/2313/1590 1587/2310/1587
f 245/314/245 1591/2314/1591 1356/1947/1356
f 245/314/245 1356/1947/1356 246/315/246
f 245/314/245 250/319/250 846/1175/846
f 245/314/245 1592/2315/1592 1591/2314/1591
f 245/314/245 846/1175/846 1592/2315/1592
f 358/472/358 1593/2316/1593 1594/2317/1594
f 358/472/358 361/477/361 1593/2316/1593
f 358/472/358 1594/2317/1594 1198/1712/1198
f 813/1134/813 1086/1536/1086 1595/2318/1595
f 813/1134/813 1596/2319/1596 814/1135/814
f 813/1134/813 1597/2320/1597 1596/2319/1596
f 813/1134/813 1595/2318/1595 1597/2320/1597
f 813/1134/813 819/1140/819 1086/1536/1086
f 1598/2321/1598 1599/2322/1599 687/2323/687
f 1598/2324/1598 1400/2015/1400 1600/2325/1600
f 1598/2324/1598 1601/2326/1601 1400/2015/1400
f 1598/2324/1598 687/2327/687 1601/2326/1601
f 1598/2321/1598 1602/2328/1602 1599/2322/1599
f 1598/2321/1598 1600/2329/1600 1602/2328/1602
f 1603/2330/1603 1604/2331/1604 1605/2332/1605
f 1603/2330/1603 376/501/376 378/503/378
f 1603/2330/1603 1606/2333/1606 376/501/376
f 1603/2330/1603 378/503/378 1607/2334/1607
f 1603/2330/1603 1605/2332/1605 1608/2335/1608
f 1603/2330/1603 1607/2334/1607 1604/2331/1604
f 1603/2330/1603 1608/2335/1608 1606/2333/1606
f 1609/2336/1609 1610/2337/1610 1611/2338/1611
f 1609/2339/1609 1612/2340/1612 1613/2341/1613
f 1609/2339/1609 1614/2342/1614 1612/2340/1612
f 1609/2339/1609 1611/2343/1611 1615/2344/1615
f 1609/2336/1609 1616/2345/1616 1610/2337/1610
f 1609/2339/1609 1615/2344/1615 1614/2342/1614
f 1609/2336/1609 1613/2346/1613 1616/2345/1616
f 1617/2347/1617 1618/2348/1618 1619/2349/1619
f 1617/2350/1617 1620/2351/1620 1621/2352/1621
f 1617/2350/1617 1622/2353/1622 1620/2351/1620
f 1617/2347/1617 1619/2349/1619 1622/2354/1622
f 1623/2355/1623 1624/2356/1624 1337/2357/1337
f 1623/2355/1623 1625/2358/1625 1624/2356/1624
f 1623/2355/1623 1337/2357/1337 1338/2359/1338
f 1623/2355/1623 1336/2360/1336 1625/2358/1625
f 1623/2355/1623 1338/2359/1338 1336/2360/1336
f 1533/2218/1533 1626/2361/1626 1627/2362/1627
f 1533/2218/1533 657/886/657 1628/2363/1628
f 1533/2218/1533 1628/2363/1628 1626/2361/1626
f 1533/2218/1533 1536/2222/1536 657/886/657
f 1533/2218/1533 1627/2362/1627 1534/2219/1534
f 1315/1884/1315 312/2364/312 1134/1610/1134
f 1315/1884/1315 1629/2365/1629 1630/2366/1630
f 1315/1884/1315 960/1342/960 1631/2367/1631
f 1315/1884/1315 1630/2366/1630 312/2364/312
f 1315/1884/1315 1631/2367/1631 1629/2365/1629
f 1632/2368/1632 1633/2369/1633 162/207/162
f 1632/2370/1632 1634/2371/1634 1635/2372/1635
f 1632/2373/1632 1636/2374/1636 1238/1776/1238
f 1632/2373/1632 1238/1776/1238 1240/1778/1240
f 1632/2368/1632 1635/2375/1635 1633/2369/1633
f 1632/2373/1632 1240/1778/1240 1634/2376/1634
f 1632/2368/1632 162/207/162 1636/2377/1636
f 1637/2378/1637 1638/2379/1638 1639/2380/1639
f 1637/2378/1637 1640/2381/1640 1641/2382/1641
f 1637/2378/1637 1639/2380/1639 1640/2381/1640
f 1637/2378/1637 1642/2383/1642 1638/2379/1638
f 1637/2378/1637 1643/2384/1643 1642/2383/1642
f 1637/2378/1637 1641/2382/1641 1643/2384/1643
f 1248/1793/1248 1250/1792/1250 17/2385/17
f 1248/2386/1248 17/20/17 19/22/19
f 1248/2386/1248 19/22/19 1249/2387/1249
f 1644/2388/1644 1645/2389/1645 1646/2390/1646
f 1644/2388/1644 1647/2391/1647 366/484/366
f 1644/2388/1644 366/484/366 1645/2389/1645
f 1644/2392/1644 1646/2393/1646 1647/2394/1647
f 1648/2395/1648 1649/2396/1649 1650/2397/1650
f 1648/2398/1648 1650/2399/1650 1651/2400/1651
f 1648/2395/1648 1652/2401/1652 1649/2396/1649
f 1648/2398/1648 342/2402/342 1652/2403/1652
f 1648/2398/1648 1651/2400/1651 342/2402/342
f 1653/2404/1653 196/250/196 1654/2405/1654
f 1653/2406/1653 1655/2407/1655 1656/2408/1656
f 1653/2404/1653 1657/2409/1657 1658/2410/1658
f 1653/2404/1653 1654/2405/1654 1657/2409/1657
f 1653/2404/1653 1658/2410/1658 1655/2411/1655
f 1653/2406/1653 1656/2408/1656 196/2412/196
f 405/530/405 1659/2413/1659 406/531/406
f 405/538/405 1660/2414/1660 1659/2415/1659
f 405/538/405 410/537/410 1660/2414/1660
f 1661/2416/1661 1662/2417/1662 1663/2418/1663
f 1661/2416/1661 1663/2418/1663 1664/2419/1664
f 1661/2416/1661 1664/2419/1664 165/214/165
f 1661/2416/1661 165/214/165 1662/2417/1662
f 1599/2420/1599 1665/2421/1665 688/2422/688
f 1599/2322/1599 1602/2328/1602 1666/2423/1666
f 1599/2420/1599 688/2422/688 687/2424/687
f 1599/2420/1599 1666/2425/1666 1665/2421/1665
f 420/549/420 1143/1629/1143 1146/1636/1146
f 420/549/420 1667/2426/1667 301/550/301
f 420/549/420 422/552/422 1143/1629/1143
f 420/549/420 1146/1636/1146 1667/2426/1667
f 1668/2427/1668 1669/2428/1669 1670/2429/1670
f 1668/2427/1668 1671/2430/1671 1672/2431/1672
f 1668/2427/1668 1673/2432/1673 1669/2428/1669
f 1668/2427/1668 1674/2433/1674 1673/2432/1673
f 1668/2427/1668 1670/2429/1670 1671/2430/1671
f 1668/2427/1668 1675/2434/1675 1674/2433/1674
f 1668/2427/1668 1672/2431/1672 1675/2434/1675
f 1254/2435/1254 82/2436/82 81/2437/81
f 1254/1798/1254 1031/2438/1031 82/2439/82
f 1254/2435/1254 81/2437/81 1676/2440/1676
f 1254/1798/1254 552/734/552 1031/2438/1031
f 1254/1798/1254 1676/2441/1676 1255/1799/1255
f 1677/2442/1677 1678/2443/1678 1679/2444/1679
f 1677/2445/1677 1680/2446/1680 1681/2447/1681
f 1677/2448/1677 1468/2122/1468 1678/2449/1678
f 1677/2448/1677 1682/2450/1682 1468/2122/1468
f 1677/2451/1677 1679/2452/1679 1680/2453/1680
f 1677/2445/1677 1681/2447/1681 1682/2454/1682
f 1683/2455/1683 1684/2456/1684 1685/2457/1685
f 1683/2455/1683 1686/2458/1686 1684/2456/1684
f 1683/2455/1683 1326/2459/1326 1687/2460/1687
f 1683/2455/1683 1685/2457/1685 1326/2459/1326
f 1683/2455/1683 1688/2461/1688 1686/2458/1686
f 1683/2455/1683 1687/2460/1687 1688/2461/1688
f 254/327/254 1689/2462/1689 1264/1810/1264
f 254/327/254 1007/2463/1007 1689/2462/1689
f 254/327/254 256/330/256 1007/2463/1007
f 1690/2464/1690 1691/2465/1691 432/571/432
f 1690/2464/1690 432/571/432 718/989/718
f 1690/2464/1690 718/989/718 1692/2466/1692
f 1690/2464/1690 1692/2466/1692 1693/2467/1693
f 1690/2464/1690 1693/2467/1693 1691/2465/1691
f 1694/2468/1694 1236/2469/1236 1695/2470/1695
f 1694/2468/1694 1695/2470/1695 878/2471/878
f 1694/2472/1694 1696/2473/1696 1173/1677/1173
f 1694/2472/1694 1697/2474/1697 1696/2473/1696
f 1694/2472/1694 1173/1677/1173 1174/1676/1174
f 1694/2475/1694 1174/2476/1174 1236/1774/1236
f 1694/2477/1694 878/2478/878 1697/2479/1697
f 1698/2480/1698 1699/2481/1699 1489/2482/1489
f 1698/2480/1698 1700/2483/1700 1701/2484/1701
f 1698/2485/1698 1702/2486/1702 1699/2487/1699
f 1698/2480/1698 1701/2484/1701 1703/2488/1703
f 1698/2485/1698 1703/2489/1703 1702/2486/1702
f 1698/2480/1698 1489/2482/1489 1700/2483/1700
f 15/2490/15 1181/1687/1181 278/2491/278
f 15/2490/15 1704/2492/1704 1181/1687/1181
f 15/18/15 278/2493/278 16/19/16
f 15/18/15 18/21/18 1704/2494/1704
f 1186/2495/1186 1187/2496/1187 1189/2497/1189
f 1186/2498/1186 1705/2499/1705 1706/2500/1706
f 1186/2495/1186 1189/2497/1189 1705/2501/1705
f 29/32/29 1707/2502/1707 30/33/30
f 29/32/29 1708/2503/1708 1709/2504/1709
f 29/32/29 1709/2504/1709 1707/2502/1707
f 29/32/29 28/31/28 1708/2503/1708
f 298/381/298 1197/1708/1197 1710/2505/1710
f 298/381/298 1710/2505/1710 1711/2506/1711
f 298/381/298 1711/2506/1711 299/382/299
f 1712/2507/1712 201/255/201 1713/2508/1713
f 1712/2509/1712 1714/2510/1714 201/258/201
f 1712/2509/1712 1715/2511/1715 1714/2510/1714
f 1712/2512/1712 1713/1340/1713 1715/2513/1715
f 1716/2514/1716 1717/2515/1717 1718/2516/1718
f 1719/2517/1719 1720/2518/1720 1721/2519/1721
f 1719/2520/1719 1722/2521/1722 1723/2522/1723
f 1719/2517/1719 509/666/509 508/667/508
f 1719/2517/1719 1721/2519/1721 1724/2523/1724
f 1719/2520/1719 1723/2522/1723 1725/2524/1725
f 1719/2517/1719 508/667/508 1720/2518/1720
f 1719/2520/1719 1725/2524/1725 509/2525/509
f 1719/2520/1719 1724/2526/1724 1722/2521/1722
f 511/669/511 515/674/515 1162/1659/1162
f 1726/2527/1726 1727/2528/1727 954/2529/954
f 1726/2527/1726 1728/2530/1728 1729/2531/1729
f 1726/2527/1726 954/2529/954 1728/2530/1728
f 1726/2532/1726 1730/2533/1730 1727/2534/1727
f 1726/2532/1726 1729/2535/1729 1730/2533/1730
f 1369/1966/1369 1731/2536/1731 1370/1967/1370
f 1494/2537/1494 1496/2538/1496 1732/2539/1732
f 1494/2164/1494 1732/2540/1732 217/281/217
f 101/128/101 1733/2541/1733 1734/2542/1734
f 101/128/101 1735/2543/1735 102/129/102
f 101/128/101 1734/2542/1734 1735/2543/1735
f 101/128/101 107/137/107 1733/2541/1733
f 1736/2544/1736 1737/2545/1737 1738/2546/1738
f 1736/2547/1736 1739/2548/1739 1737/2549/1737
f 1736/2550/1736 1740/2551/1740 1739/2552/1739
f 1736/2550/1736 1741/2553/1741 1740/2551/1740
f 1736/2550/1736 1738/2554/1738 1741/2553/1741
f 944/2555/944 1742/2556/1742 1117/2557/1117
f 944/1319/944 1743/2558/1743 945/1320/945
f 944/2555/944 948/2559/948 1744/2560/1744
f 944/1319/944 1117/1579/1117 1743/2558/1743
f 944/2555/944 1744/2560/1744 1742/2556/1742
f 1745/2561/1745 1746/2562/1746 797/1107/797
f 1745/2561/1745 1747/2563/1747 1746/2562/1746
f 1745/2561/1745 797/1107/797 1748/2564/1748
f 1745/2565/1745 1748/2566/1748 1749/2567/1749
f 1745/2561/1745 1749/2568/1749 1747/2563/1747
f 662/2569/662 1349/2570/1349 1750/2571/1750
f 662/2569/662 1751/2572/1751 663/2573/663
f 662/2569/662 1750/2571/1750 1751/2572/1751
f 394/519/394 1752/2574/1752 1753/2575/1753
f 394/519/394 1754/2576/1754 1755/2577/1755
f 394/519/394 1753/2575/1753 395/520/395
f 394/519/394 393/518/393 1754/2576/1754
f 394/519/394 1755/2577/1755 1752/2574/1752
f 1756/2578/1756 584/2579/584 1757/2580/1757
f 1756/2581/1756 585/788/585 584/787/584
f 1758/2582/1758 1759/2583/1759 1760/2584/1760
f 1758/2582/1758 1761/2585/1761 1762/2586/1762
f 1758/2582/1758 1629/2365/1629 1763/2587/1763
f 1758/2582/1758 1762/2586/1762 1759/2583/1759
f 1758/2582/1758 1763/2587/1763 1761/2585/1761
f 1758/2582/1758 1760/2584/1760 1629/2365/1629
f 1764/2588/1764 1765/2589/1765 1766/2590/1766
f 1764/2591/1764 837/1161/837 1767/2592/1767
f 1764/2591/1764 1722/2521/1722 1724/2526/1724
f 1764/2591/1764 1766/2593/1766 837/1161/837
f 1764/2588/1764 1724/2594/1724 1765/2589/1765
f 1764/2591/1764 1767/2592/1767 1722/2521/1722
f 787/1094/787 1768/2595/1768 1769/2596/1769
f 787/1094/787 1769/2596/1769 788/1095/788
f 787/1094/787 1770/2597/1770 1768/2595/1768
f 787/1094/787 790/1101/790 1770/2597/1770
f 171/2598/171 173/2599/173 1771/2600/1771
f 171/225/171 1081/1531/1081 172/226/172
f 171/2598/171 1772/2601/1772 1081/2602/1081
f 171/2598/171 1771/2600/1771 1772/2601/1772
f 1773/2603/1773 1774/2604/1774 183/237/183
f 1773/2603/1773 1087/1537/1087 1088/1538/1088
f 1773/2605/1773 1088/2606/1088 1775/2607/1775
f 1773/2605/1773 1775/2607/1775 1774/2608/1774
f 1773/2603/1773 183/237/183 1087/1537/1087
f 1776/2609/1776 1777/2610/1777 1778/2611/1778
f 1776/2612/1776 1779/2613/1779 1260/2614/1260
f 1776/2609/1776 1259/1803/1259 1777/2610/1777
f 1776/2612/1776 1492/2159/1492 1779/2613/1779
f 1776/2612/1776 1778/2615/1778 1780/2616/1780
f 1776/2609/1776 1260/1804/1260 1259/1803/1259
f 1776/2612/1776 1780/2616/1780 1492/2159/1492
f 1781/2617/1781 1782/2618/1782 1783/2619/1783
f 1781/2620/1781 1657/2409/1657 1782/2621/1782
f 1781/2617/1781 1784/2622/1784 1785/2623/1785
f 1781/2620/1781 1785/2624/1785 1657/2409/1657
f 1781/2617/1781 1783/2619/1783 1784/2622/1784
f 625/847/625 627/846/627 1786/2625/1786
f 625/843/625 1787/2626/1787 626/844/626
f 625/843/625 1786/2627/1786 1787/2626/1787
f 1788/2628/1788 1789/2629/1789 528/2630/528
f 1788/2628/1788 1790/2631/1790 1791/2632/1791
f 1788/2628/1788 528/2630/528 1792/2633/1792
f 1788/2628/1788 1791/2632/1791 1789/2629/1789
f 1788/2628/1788 1792/2633/1792 1793/2634/1793
f 1788/2628/1788 1793/2634/1793 1790/2631/1790
f 1015/2635/1015 1794/2636/1794 1016/2637/1016
f 1015/2635/1015 1795/2638/1795 1794/2636/1794
f 1015/1430/1015 1020/1441/1020 1795/2639/1795
f 1796/2640/1796 890/1233/890 1797/2641/1797
f 1796/2642/1796 1520/2202/1520 1523/2205/1523
f 1796/2642/1796 1523/2205/1523 1798/2643/1798
f 1796/2640/1796 1797/2641/1797 1520/2644/1520
f 1796/2640/1796 1798/2645/1798 890/1233/890
f 1799/2646/1799 1800/2647/1800 387/512/387
f 1799/2646/1799 1801/2648/1801 973/2649/973
f 1799/2646/1799 387/512/387 1751/2572/1751
f 1799/2646/1799 973/2649/973 1800/2647/1800
f 1799/2646/1799 1751/2572/1751 1750/2571/1750
f 1799/2646/1799 1750/2571/1750 1801/2648/1801
f 1219/1748/1219 975/1372/975 578/1371/578
f 1219/1748/1219 1221/1750/1221 1802/2650/1802
f 1219/1748/1219 1802/2650/1802 975/1372/975
f 1219/1748/1219 578/1371/578 1220/1749/1220
f 978/1373/978 1803/2651/1803 1481/2135/1481
f 978/1373/978 980/1375/980 1804/2652/1804
f 978/1373/978 1481/2135/1481 979/1374/979
f 978/1373/978 1804/2652/1804 1803/2651/1803
f 1297/1863/1297 203/259/203 1571/2653/1571
f 1297/1863/1297 1805/2654/1805 203/259/203
f 1297/1863/1297 410/1862/410 1805/2654/1805
f 1303/1865/1303 1806/2655/1806 884/1222/884
f 1303/1865/1303 1307/1869/1307 1807/2656/1807
f 1303/1865/1303 884/1222/884 1304/1866/1304
f 1303/1865/1303 1807/2656/1807 1806/2655/1806
f 1808/2657/1808 58/71/58 855/1184/855
f 1808/2657/1808 855/1184/855 1809/2658/1809
f 1808/2659/1808 1809/2660/1809 1810/2661/1810
f 1808/2659/1808 1810/2661/1810 58/77/58
f 1441/2662/1441 1811/2663/1811 1812/2664/1812
f 1441/2662/1441 1813/2665/1813 1442/2666/1442
f 1441/2090/1441 1814/2667/1814 1811/2668/1811
f 1441/2662/1441 1812/2664/1812 1813/2665/1813
f 1441/2090/1441 858/1187/858 1814/2667/1814
f 1815/2669/1815 1816/2670/1816 740/1020/740
f 1815/2671/1815 739/2672/739 30/33/30
f 1815/2669/1815 1817/2673/1817 1816/2670/1816
f 1815/2671/1815 30/33/30 1817/2674/1817
f 1815/2669/1815 740/1020/740 739/1019/739
f 1152/1644/1152 1818/2675/1818 1153/1645/1153
f 1152/1644/1152 1154/1646/1154 1819/2676/1819
f 1152/1644/1152 1820/2677/1820 1818/2675/1818
f 1152/1644/1152 1819/2676/1819 1820/2677/1820
f 242/310/242 241/309/241 1821/2678/1821
f 242/310/242 1821/2678/1821 1822/2679/1822
f 1823/2680/1823 1824/2681/1824 1825/2682/1825
f 1823/2680/1823 1826/2683/1826 1827/2684/1827
f 1823/2680/1823 1825/2682/1825 1828/2685/1828
f 1823/2686/1823 1829/2687/1829 1826/2688/1826
f 1823/2680/1823 1828/2685/1828 1829/2689/1829
f 1823/2680/1823 1827/2684/1827 1824/2681/1824
f 1830/2690/1830 1831/2691/1831 1832/2692/1832
f 1830/2690/1830 1833/2693/1833 1612/2694/1612
f 1830/2690/1830 1834/2695/1834 1831/2691/1831
f 1830/2690/1830 1612/2694/1612 1614/2696/1614
f 1830/2690/1830 1614/2696/1614 1834/2695/1834
f 1830/2690/1830 1832/2692/1832 1833/2693/1833
f 1835/2697/1835 1836/2698/1836 1837/2699/1837
f 1835/2697/1835 709/2700/709 710/2701/710
f 1835/2697/1835 710/2701/710 1836/2698/1836
f 1835/2702/1835 784/1091/784 1838/2703/1838
f 1835/2702/1835 1837/2704/1837 784/1091/784
f 1835/2702/1835 1838/2703/1838 709/2705/709
f 1794/2636/1794 1839/2706/1839 1016/2637/1016
f 1794/2636/1794 1840/2707/1840 1841/2708/1841
f 1794/2636/1794 1795/2638/1795 1842/2709/1842
f 1794/2710/1794 1842/2711/1842 1840/2712/1840
f 1794/2636/1794 1841/2708/1841 1839/2706/1839
f 277/357/277 1843/2713/1843 1844/2714/1844
f 277/357/277 280/360/280 1845/2715/1845
f 277/357/277 1846/2716/1846 1843/2713/1843
f 277/2717/277 1844/2718/1844 16/2719/16
f 277/357/277 1845/2715/1845 1846/2716/1846
f 277/2717/277 16/2719/16 278/2720/278
f 1449/2721/1449 1847/2722/1847 1848/2723/1848
f 1449/2721/1449 1849/2724/1849 1850/2725/1850
f 1449/2721/1449 1850/2725/1850 1847/2722/1847
f 1449/2721/1449 1848/2723/1848 1450/2726/1450
f 1449/2101/1449 1453/2105/1453 1849/2727/1849
f 821/1142/821 825/1146/825 1851/2728/1851
f 821/2729/821 1852/2730/1852 1853/2731/1853
f 821/2729/821 1851/2732/1851 1852/2730/1852
f 821/2729/821 1853/2731/1853 822/2733/822
f 1854/2734/1854 1855/2735/1855 1856/2736/1856
f 1854/2737/1854 1857/2738/1857 1858/2739/1858
f 1854/2734/1854 488/637/488 487/636/487
f 1854/2734/1854 487/636/487 1855/2735/1855
f 1854/2737/1854 1858/2739/1858 488/2740/488
f 1854/2737/1854 1856/2741/1856 1857/2738/1857
f 1859/2742/1859 1860/2743/1860 1331/1908/1331
f 1859/2742/1859 1861/2744/1861 1860/2743/1860
f 1859/2742/1859 1330/1907/1330 1862/2745/1862
f 1859/2742/1859 1862/2745/1862 1594/2746/1594
f 1859/2742/1859 1594/2746/1594 1861/2744/1861
f 1859/2742/1859 1331/1908/1331 1330/1907/1330
f 757/1053/757 759/1055/759 1863/2747/1863
f 757/1053/757 1863/2747/1863 1864/2748/1864
f 757/1053/757 1864/2748/1864 1179/1684/1179
f 757/1053/757 1179/1684/1179 758/1054/758
f 1865/2749/1865 1866/2750/1866 1867/2751/1867
f 1865/2752/1865 120/151/120 119/150/119
f 1865/2749/1865 119/2753/119 1866/2750/1866
f 1865/2752/1865 1868/2754/1868 120/151/120
f 1865/2749/1865 1867/2751/1867 1869/2755/1869
f 1865/2752/1865 1869/2756/1869 1868/2754/1868
f 945/1320/945 1743/2558/1743 1870/2757/1870
f 945/1322/945 1870/2758/1870 946/1323/946
f 1376/2759/1376 1378/2760/1378 1747/2761/1747
f 1376/2762/1376 1747/2763/1747 1749/2764/1749
f 1376/2765/1376 1749/2766/1749 1377/2767/1377
f 130/165/130 1871/2768/1871 1013/1424/1013
f 130/165/130 1013/1424/1013 131/166/131
f 130/165/130 1872/2769/1872 1871/2768/1871
f 130/165/130 134/169/134 1508/2770/1508
f 130/165/130 1508/2770/1508 1872/2769/1872
f 1624/2356/1624 1873/2771/1873 140/181/140
f 1624/2356/1624 139/2772/139 1337/2357/1337
f 1624/2356/1624 1625/2358/1625 1873/2771/1873
f 1624/2773/1624 140/179/140 139/178/139
f 143/184/143 145/186/145 1570/2284/1570
f 143/184/143 1874/2774/1874 144/185/144
f 1875/2775/1875 173/227/173 176/230/176
f 1875/2776/1875 151/2777/151 1876/2778/1876
f 1875/2776/1875 1876/2778/1876 1877/2779/1877
f 1875/2775/1875 176/230/176 1878/2780/1878
f 1875/2775/1875 1879/2781/1879 151/193/151
f 1875/2775/1875 1878/2780/1878 1879/2781/1879
f 1875/2776/1875 1877/2779/1877 173/2599/173
f 1880/2782/1880 1881/2783/1881 156/200/156
f 1880/2782/1880 156/200/156 155/199/155
f 1882/2784/1882 1806/2655/1806 1880/2785/1880
f 1806/2655/1806 1807/2656/1807 1880/2785/1880
f 1883/2786/1883 1880/2785/1880 1807/2656/1807
f 1633/2369/1633 160/211/160 162/207/162
f 1633/2369/1633 1884/2787/1884 160/211/160
f 1633/2369/1633 1635/2375/1635 1884/2787/1884
f 1638/2379/1638 1885/2788/1885 1886/2789/1886
f 1638/2379/1638 1886/2789/1886 1639/2380/1639
f 1638/2379/1638 1887/2790/1887 1885/2788/1885
f 1888/2791/1888 1082/1532/1082 1084/1534/1084
f 1888/2791/1888 1889/2792/1889 1890/2793/1890
f 1888/2791/1888 1084/1534/1084 1889/2792/1889
f 1888/2791/1888 1083/1533/1083 1082/1532/1082
f 1888/2791/1888 1890/2793/1890 1891/2794/1891
f 1888/2791/1888 1891/2794/1891 1083/1533/1083
f 1892/2795/1892 1893/2796/1893 1894/2797/1894
f 1892/2798/1892 1597/2799/1597 1895/2800/1895
f 1892/2795/1892 1894/2797/1894 1896/2801/1896
f 1892/2802/1892 1895/2803/1895 1893/2804/1893
f 1892/2795/1892 1896/2801/1896 1597/2805/1597
f 1897/2806/1897 1898/2807/1898 1899/2808/1899
f 1897/2806/1897 1650/2399/1650 1062/1493/1062
f 1897/2806/1897 1899/2808/1899 1651/2400/1651
f 1897/2806/1897 1062/1493/1062 1898/2807/1898
f 1897/2806/1897 1651/2400/1651 1650/2399/1650
f 827/1148/827 829/1150/829 1900/2809/1900
f 827/1148/827 1901/2810/1901 828/1149/828
f 827/2811/827 1902/2812/1902 1901/2813/1901
f 827/2811/827 1900/2814/1900 1902/2812/1902
f 1903/2815/1903 1904/2816/1904 1905/2817/1905
f 1903/2818/1903 1348/1936/1348 1347/1932/1347
f 1903/2815/1903 1905/2817/1905 230/2819/230
f 1903/2818/1903 1906/2820/1906 1904/2821/1904
f 1903/2818/1903 1347/1932/1347 1907/2822/1907
f 1903/2818/1903 1907/2822/1907 1906/2820/1906
f 1903/2815/1903 230/2819/230 1348/2823/1348
f 1114/1576/1114 896/2824/896 898/2055/898
f 1114/1576/1114 898/2055/898 1115/1577/1115
f 1114/1576/1114 1118/1580/1118 896/2824/896
f 1908/2825/1908 1269/1817/1269 1909/2826/1909
f 1908/2827/1908 1695/2828/1695 1391/2829/1391
f 1908/815/1908 1909/2830/1909 1910/2831/1910
f 1908/2832/1908 1911/2833/1911 1695/2834/1695
f 1908/2835/1908 1391/2836/1391 1912/2837/1912
f 1908/2838/1908 1910/2839/1910 1911/2840/1911
f 1908/2825/1908 1912/2841/1912 1269/1817/1269
f 1176/1679/1176 1913/2842/1913 1914/2843/1914
f 1176/1679/1176 1178/1683/1178 1913/2842/1913
f 1176/1679/1176 1914/2843/1914 762/2844/762
f 1176/1679/1176 762/2844/762 758/1680/758
f 4/4/4 1915/2845/1915 1396/2008/1396
f 4/4/4 3/3/3 1915/2845/1915
f 4/4/4 1395/2007/1395 5/5/5
f 4/4/4 1396/2008/1396 1395/2007/1395
f 1916/2846/1916 1706/2847/1706 1917/2848/1917
f 1918/2849/1918 996/2850/996 1919/2851/1919
f 1918/2849/1918 1919/2851/1919 1920/2852/1920
f 1918/2849/1918 1920/2852/1920 1194/2853/1194
f 1918/2849/1918 1193/2854/1193 1921/2855/1921
f 1918/2849/1918 1921/2855/1921 996/2850/996
f 1918/2849/1918 1194/2853/1194 1193/2854/1193
f 1293/1848/1293 1922/2856/1922 1294/1849/1294
f 1293/1848/1293 1923/2857/1923 1922/2856/1922
f 303/389/303 306/395/306 1299/2858/1299
f 303/2859/303 1299/1855/1299 1924/2860/1924
f 303/2859/303 1925/2861/1925 304/2862/304
f 303/2859/303 1924/2860/1924 1925/2861/1925
f 1055/1484/1055 1926/2863/1926 1056/1485/1056
f 59/1620/59 1927/2864/1927 1139/1621/1139
f 59/1620/59 61/2865/61 1927/2864/1927
f 1577/2298/1577 1578/2297/1578 523/2866/523
f 1577/2867/1577 1928/2868/1928 1144/1632/1144
f 1577/2867/1577 522/2869/522 1929/2870/1929
f 1577/2871/1577 523/2872/523 522/2873/522
f 1577/2867/1577 1929/2870/1929 1928/2868/1928
f 1577/2867/1577 1144/1632/1144 67/1631/67
f 1930/2874/1930 71/87/71 73/89/73
f 1930/2874/1930 1579/2301/1579 1931/2875/1931
f 1930/2874/1930 73/89/73 1579/2301/1579
f 1930/2874/1930 1932/2876/1932 71/87/71
f 1930/2874/1930 1931/2875/1931 1932/2876/1932
f 1933/2877/1933 1934/2878/1934 1558/2263/1558
f 1933/2877/1933 80/2879/80 84/2880/84
f 1933/2877/1933 84/2880/84 1934/2878/1934
f 1933/2881/1933 1557/2882/1557 1935/2883/1935
f 1933/2884/1933 1935/2885/1935 80/97/80
f 1933/2884/1933 1558/2261/1558 1557/2260/1557
f 902/2886/902 519/680/519 802/2887/802
f 902/1253/902 904/1255/904 520/2888/520
f 902/2886/902 802/2887/802 903/1891/903
f 902/2886/902 520/681/520 519/680/519
f 1936/2889/1936 1937/2890/1937 1938/2891/1938
f 1936/2892/1936 1938/2893/1938 1939/2894/1939
f 1940/2895/1940 1941/2896/1941 1942/2897/1942
f 1940/2895/1940 1943/2898/1943 1944/2899/1944
f 1940/2900/1940 544/723/544 755/1051/755
f 1940/2895/1940 1942/2897/1942 1943/2898/1943
f 1940/2900/1940 1944/2901/1944 545/724/545
f 1940/2902/1940 755/1047/755 1941/2903/1941
f 1940/2904/1940 545/2905/545 544/2906/544
f 1945/2907/1945 681/934/681 1946/2908/1946
f 1945/2909/1945 555/740/555 1257/1801/1257
f 1945/2907/1945 1947/2910/1947 555/738/555
f 1945/2909/1945 1948/2911/1948 681/926/681
f 1945/2909/1945 1257/1801/1257 1948/2911/1948
f 1945/2907/1945 1946/2908/1946 1947/2910/1947
f 1949/2912/1949 1140/2913/1140 1142/2914/1142
f 1949/2912/1949 1950/2915/1950 1951/2916/1951
f 1949/2912/1949 1952/2917/1952 1950/2915/1950
f 1949/2912/1949 1951/2916/1951 1140/2913/1140
f 1949/2918/1949 1953/2919/1953 1954/2920/1954
f 1949/2918/1949 1142/2921/1142 1953/2919/1953
f 1949/2918/1949 1954/2920/1954 1952/2922/1952
f 1095/1552/1095 1955/2923/1955 1956/2924/1956
f 1095/1552/1095 1099/1556/1099 1955/2923/1955
f 1095/1552/1095 1956/2924/1956 1957/2925/1957
f 1095/1552/1095 1957/2925/1957 1096/1553/1096
f 1958/2926/1958 966/1355/966 1151/2927/1151
f 1958/2926/1958 1959/2928/1959 1502/2177/1502
f 1958/2926/1958 967/1356/967 966/1355/966
f 1958/2926/1958 1502/2177/1502 1499/2180/1499
f 1958/2926/1958 1151/2927/1151 1959/2928/1959
f 1958/2926/1958 1499/2180/1499 967/1356/967
f 700/961/700 1528/2212/1528 701/962/701
f 700/961/700 972/1362/972 1528/2212/1528
f 1960/2929/1960 783/2930/783 581/785/581
f 1960/2929/1960 977/2931/977 1961/2932/1961
f 1960/2929/1960 581/785/581 582/784/582
f 1960/2929/1960 1962/2933/1962 783/2930/783
f 1960/2929/1960 1961/2932/1961 1962/2933/1962
f 1960/2929/1960 582/784/582 977/2931/977
f 1963/2934/1963 1964/2935/1964 980/1375/980
f 1963/2934/1963 980/1375/980 712/983/712
f 1963/2934/1963 1965/2936/1965 1964/2935/1964
f 1966/2937/1966 1967/2938/1967 1968/2939/1968
f 1966/2940/1966 493/2941/493 1967/2942/1967
f 1966/2943/1966 128/163/128 127/161/127
f 1966/2937/1966 1968/2939/1968 128/1235/128
f 1966/2944/1966 127/643/127 493/642/493
f 1969/2945/1969 1970/2946/1970 498/651/498
f 1969/2945/1969 1971/2947/1971 573/765/573
f 1969/2948/1969 498/654/498 1971/2949/1971
f 1969/2945/1969 572/764/572 1972/2950/1972
f 1969/2945/1969 573/765/573 572/764/572
f 1969/2945/1969 1972/2950/1972 1970/2946/1970
f 1236/2951/1236 1973/2952/1973 1390/2953/1390
f 1236/2951/1236 1390/2953/1390 1695/2954/1695
f 1236/1774/1236 1239/1777/1239 1973/2955/1973
f 1236/1774/1236 1174/2476/1174 1237/1775/1237
f 1974/2956/1974 1975/2957/1975 992/1393/992
f 1974/2956/1974 1518/2958/1518 1517/2959/1517
f 1974/2956/1974 1517/2959/1517 1975/2957/1975
f 1976/2960/1976 1977/2961/1977 1978/2962/1978
f 1976/2960/1976 934/2963/934 1977/2961/1977
f 1976/2964/1976 935/1305/935 934/1304/934
f 738/2965/738 30/33/30 739/2672/739
f 738/1018/738 1979/2966/1979 1867/2751/1867
f 738/2965/738 1867/2967/1867 30/33/30
f 738/1018/738 743/1026/743 1979/2966/1979
f 947/1324/947 1980/2968/1980 1981/2969/1981
f 947/1324/947 443/584/443 446/582/446
f 947/1324/947 946/1323/946 443/584/443
f 947/1324/947 446/582/446 1980/2968/1980
f 947/2970/947 1981/2971/1981 948/2972/948
f 1982/2973/1982 1983/2974/1983 1984/2975/1984
f 1982/2976/1982 1985/2977/1985 1986/2978/1986
f 1982/2979/1982 1984/2980/1984 1985/2981/1985
f 1982/2982/1982 1987/2983/1987 1983/2984/1983
f 1982/2982/1982 1986/2985/1986 1987/2983/1987
f 1988/2986/1988 1989/2987/1989 1040/1462/1040
f 1988/2986/1988 1037/1458/1037 1990/2988/1990
f 1988/2986/1988 1991/2989/1991 1992/2990/1992
f 1988/2986/1988 1992/2990/1992 1989/2987/1989
f 1988/2986/1988 1990/2988/1990 1991/2989/1991
f 1988/2986/1988 1040/1462/1040 1037/1458/1037
f 1363/2991/1363 1993/2992/1993 1994/2993/1994
f 1363/1957/1363 1995/2994/1995 1045/1470/1045
f 1363/1957/1363 1364/1958/1364 1993/2995/1993
f 1363/2991/1363 1994/2993/1994 1995/2996/1995
f 1996/2997/1996 1997/2998/1997 1998/2999/1998
f 1996/2997/1996 1999/3000/1999 1997/2998/1997
f 1731/2536/1731 2000/3001/2000 2001/3002/2001
f 1731/2536/1731 2001/3002/2001 1370/1967/1370
f 1731/2536/1731 617/832/617 615/830/615
f 1731/2536/1731 615/830/615 2000/3001/2000
f 476/3003/476 1090/1540/1090 1950/3004/1950
f 476/3003/476 478/1970/478 1090/1540/1090
f 476/622/476 2002/3005/2002 477/623/477
f 476/3003/476 1950/3004/1950 2002/3006/2002
f 857/3007/857 2003/3008/2003 1814/3009/1814
f 857/1186/857 1814/2667/1814 858/1187/858
f 857/3007/857 1857/2738/1857 2003/3008/2003
f 857/3007/857 861/3010/861 1857/2738/1857
f 2004/3011/2004 2005/3012/2005 2006/3013/2006
f 2004/3014/2004 2007/3015/2007 2008/3016/2008
f 2004/3014/2004 2008/3016/2008 2005/3017/2005
f 2004/3018/2004 2006/3019/2006 2009/3020/2009
f 2004/3014/2004 2009/3021/2009 2007/3015/2007
f 1847/2722/1847 2010/3022/2010 1848/2723/1848
f 1847/2722/1847 2011/3023/2011 1662/2417/1662
f 1847/2722/1847 1662/2417/1662 2010/3022/2010
f 1847/2722/1847 1850/2725/1850 2012/3024/2012
f 1847/2722/1847 2012/3024/2012 2011/3023/2011
f 1742/2556/1742 1311/3025/1311 2013/3026/2013
f 1742/2556/1742 2013/3026/2013 2014/3027/2014
f 1742/2556/1742 2014/3027/2014 1117/2557/1117
f 1742/2556/1742 1744/2560/1744 1311/3025/1311
f 2015/3028/2015 1006/1413/1006 1005/1412/1005
f 2015/3029/2015 2016/3030/2016 2017/3031/2017
f 2015/3028/2015 1005/1412/1005 2018/3032/2018
f 2015/3028/2015 2018/3032/2018 2016/3033/2016
f 2015/3029/2015 2017/3031/2017 1006/3034/1006
f 1467/3035/1467 1678/3036/1678 1468/3037/1468
f 1467/3038/1467 389/514/389 1678/3039/1678
f 1467/3038/1467 1471/3040/1471 389/514/389
f 2019/3041/2019 1545/2240/1545 1125/1592/1125
f 2019/3041/2019 1546/2241/1546 1545/2240/1545
f 2019/3041/2019 2020/3042/2020 1546/2241/1546
f 2021/3043/2021 2022/3044/2022 671/3045/671
f 2021/3046/2021 671/111/671 669/3047/669
f 1831/2691/1831 1834/2695/1834 2023/3048/2023
f 1831/2691/1831 2024/3049/2024 1832/2692/1832
f 1831/2691/1831 2023/3048/2023 2025/3050/2025
f 1831/2691/1831 2025/3050/2025 2024/3049/2024
f 1525/2209/1525 2026/3051/2026 2027/3052/2027
f 1525/2209/1525 2027/3052/2027 1526/2210/1526
f 1525/2209/1525 69/85/69 65/81/65
f 1525/2209/1525 65/81/65 2026/3051/2026
f 918/3053/918 503/3054/503 919/1284/919
f 918/1276/918 921/1282/921 2028/3055/2028
f 918/3053/918 2028/3056/2028 503/3054/503
f 2029/3057/2029 1340/3058/1340 1342/3059/1342
f 2029/3057/2029 1342/3059/1342 2030/3060/2030
f 2029/3057/2029 2031/3061/2031 2032/3062/2032
f 2029/3057/2029 2032/3062/2032 1922/2856/1922
f 2029/3057/2029 1922/2856/1922 1923/2857/1923
f 2029/3057/2029 2030/3060/2030 2031/3061/2031
f 2029/3057/2029 1923/2857/1923 1340/3058/1340
f 2033/3063/2033 2034/3064/2034 2035/3065/2035
f 2033/3063/2033 2036/3066/2036 2034/3064/2034
f 2033/3063/2033 2035/3065/2035 2037/3067/2037
f 2038/3068/2038 2000/3001/2000 2039/3069/2039
f 2038/3068/2038 2040/3070/2040 2001/3002/2001
f 2038/3068/2038 2001/3002/2001 2000/3001/2000
f 2038/3068/2038 2041/3071/2041 2040/3070/2040
f 1898/3072/1898 1062/1494/1062 480/627/480
f 1898/3073/1898 2042/3074/2042 2043/3075/2043
f 1898/3073/1898 1851/3076/1851 2044/3077/2044
f 1898/3073/1898 2044/3077/2044 1899/3078/1899
f 1898/3079/1898 480/3080/480 2042/3081/2042
f 1898/3073/1898 2043/3075/2043 1851/3076/1851
f 1604/2331/1604 2045/3082/2045 693/951/693
f 1604/2331/1604 1553/2248/1553 2045/3082/2045
f 1604/2331/1604 1607/2334/1607 1554/2249/1554
f 1604/2331/1604 1554/2249/1554 1553/2248/1553
f 1604/2331/1604 691/947/691 1605/2332/1605
f 1604/2331/1604 693/951/693 691/947/691
f 2046/3083/2046 2047/3084/2047 2048/3085/2048
f 2046/3083/2046 2049/3086/2049 1408/2030/1408
f 2046/3083/2046 1407/2029/1407 2050/3087/2050
f 2046/3083/2046 1408/2030/1408 1407/2029/1407
f 2046/997/2046 2006/3019/2006 2049/3088/2049
f 2046/997/2046 2009/3020/2009 2006/3019/2006
f 2046/3089/2046 2048/3090/2048 2009/3091/2009
f 2046/3083/2046 2050/3087/2050 2047/3084/2047
f 1107/2032/1107 1110/3092/1110 680/924/680
f 1115/1577/1115 692/949/692 1116/1578/1116
f 1115/1577/1115 898/2055/898 1420/2054/1420
f 1115/1577/1115 1420/2054/1420 692/949/692
f 695/954/695 2051/3093/2051 2052/3094/2052
f 695/954/695 2052/3094/2052 696/955/696
f 2053/3095/2053 2054/3096/2054 2055/3097/2055
f 2053/3095/2053 2055/3097/2055 2056/3098/2056
f 782/3099/782 2057/3100/2057 2058/3101/2058
f 782/3099/782 785/3102/785 2057/3100/2057
f 782/3099/782 2058/3101/2058 2059/3103/2059
f 782/1089/782 2059/3104/2059 579/775/579
f 2060/3105/2060 1426/3106/1426 1425/3107/1425
f 2061/3108/2061 2062/3109/2062 2063/3110/2063
f 2061/3111/2061 2064/3112/2064 2062/3113/2062
f 2061/3111/2061 2065/3114/2065 2066/3115/2066
f 2061/3111/2061 2066/3115/2066 2064/3112/2064
f 2061/3108/2061 2063/3110/2063 2065/911/2065
f 1885/2788/1885 2067/3116/2067 1886/2789/1886
f 1885/2788/1885 1887/2790/1887 1793/2634/1793
f 1885/2788/1885 2068/3117/2068 2067/3116/2067
f 1885/2788/1885 1793/2634/1793 2068/3117/2068
f 995/1720/995 998/3118/998 2069/3119/2069
f 995/1398/995 1202/3120/1202 996/1399/996
f 995/1720/995 2069/3119/2069 117/147/117
f 1294/1849/1294 1922/2856/1922 1295/1850/1295
f 426/558/426 2070/3121/2070 2071/3122/2071
f 426/558/426 2071/3122/2071 427/559/427
f 426/893/426 661/895/661 2070/3123/2070
f 2072/3124/2072 1010/1420/1010 2073/3125/2073
f 2072/3124/2072 2073/3125/2073 2074/3126/2074
f 2072/3124/2072 2074/3126/2074 1469/2123/1469
f 2072/3124/2072 1468/2122/1468 1682/2450/1682
f 2072/3124/2072 2075/3127/2075 1010/1420/1010
f 2072/3124/2072 1682/2450/1682 2075/3127/2075
f 2072/3124/2072 1469/2123/1469 1468/2122/1468
f 437/572/437 1352/1944/1352 438/573/438
f 437/572/437 1476/2130/1476 1352/1944/1352
f 2076/3128/2076 2077/3129/2077 2078/3130/2078
f 2076/3128/2076 2079/3131/2079 1357/3132/1357
f 2076/3128/2076 2078/3130/2078 445/581/445
f 2076/3128/2076 2080/3133/2080 2077/3129/2077
f 2076/3128/2076 445/581/445 2079/3131/2079
f 2076/3134/2076 1357/3135/1357 2080/3136/2080
f 2081/3137/2081 2082/3138/2082 1117/1579/1117
f 2081/3139/2081 1117/2557/1117 2083/3140/2083
f 2081/3137/2081 1585/3141/1585 1583/3142/1583
f 2081/3143/2081 2083/3144/2083 1763/2587/1763
f 2081/3137/2081 1583/3142/1583 2082/3138/2082
f 2081/3143/2081 1763/2587/1763 1631/2367/1631
f 2081/3137/2081 1631/3145/1631 1585/3141/1585
f 1269/3146/1269 2084/3147/2084 1270/3148/1270
f 1269/1817/1269 266/1823/266 1909/2826/1909
f 1269/3146/1269 1912/3149/1912 2084/3147/2084
f 271/349/271 1562/2273/1562 272/350/272
f 271/349/271 274/3150/274 1562/2273/1562
f 173/2599/173 1877/2779/1877 1771/2600/1771
f 1881/2783/1881 2085/3151/2085 156/200/156
f 2086/3152/2086 2087/3153/2087 2088/3154/2088
f 2086/3155/2086 2089/3156/2089 2090/3157/2090
f 2086/3155/2086 2090/3157/2090 2087/3158/2087
f 2086/3155/2086 2091/3159/2091 2089/3156/2089
f 2086/3160/2086 2088/3161/2088 2091/3162/2091
f 103/136/103 1199/1715/1199 2092/3163/2092
f 103/131/103 869/1199/869 2093/3164/2093
f 103/136/103 105/133/105 1199/1715/1199
f 103/131/103 2092/3165/2092 869/1199/869
f 103/131/103 2093/3164/2093 104/132/104
f 2094/3166/2094 597/806/597 539/711/539
f 2094/3166/2094 539/711/539 2095/3167/2095
f 2094/3168/2094 2095/3169/2095 2096/3170/2096
f 2094/3166/2094 2097/3171/2097 79/95/79
f 2094/3168/2094 2096/3170/2096 2097/3172/2097
f 2094/3166/2094 79/95/79 597/806/597
f 852/1181/852 2098/3173/2098 2099/3174/2099
f 852/1181/852 1141/1624/1141 2100/3175/2100
f 852/1181/852 2100/3175/2100 2098/3173/2098
f 852/1181/852 60/73/60 1141/1624/1141
f 852/1181/852 2099/3174/2099 853/1182/853
f 1263/2224/1263 198/3176/198 2101/3177/2101
f 1263/2224/1263 2101/3177/2101 730/1005/730
f 888/3178/888 2102/3179/2102 1346/3180/1346
f 888/1226/888 1346/1931/1346 224/1227/224
f 888/1240/888 892/1239/892 2102/3181/2102
f 2103/3182/2103 260/335/260 2104/3183/2104
f 2103/3182/2103 2105/3184/2105 2106/3185/2106
f 2103/3182/2103 2106/3185/2106 778/3186/778
f 2103/3187/2103 2104/3188/2104 2105/3189/2105
f 2103/3182/2103 778/3186/778 261/336/261
f 2103/3182/2103 261/336/261 260/335/260
f 2107/3190/2107 2108/3191/2108 2109/3192/2109
f 2107/3190/2107 91/118/91 92/119/92
f 2107/3190/2107 92/119/92 2108/3191/2108
f 2077/3129/2077 1162/1659/1162 2078/3130/2078
f 2077/3129/2077 2080/3133/2080 2110/3193/2110
f 2077/3129/2077 2110/3193/2110 1163/1660/1163
f 2077/3129/2077 1163/1660/1163 1162/1659/1162
f 714/985/714 2111/3194/2111 2112/3195/2112
f 714/985/714 2113/3196/2113 2111/3194/2111
f 714/985/714 2114/3197/2114 715/986/715
f 714/985/714 719/990/719 2113/3196/2113
f 714/985/714 2112/3195/2112 2114/3197/2114
f 2115/3198/2115 1839/2706/1839 2116/3199/2116
f 2115/3198/2115 265/3200/265 268/1674/268
f 2115/3198/2115 2117/3201/2117 1839/2706/1839
f 2115/3198/2115 2116/3199/2116 265/3200/265
f 2115/3198/2115 268/1674/268 1173/1675/1173
f 2115/3198/2115 1173/1675/1173 2117/3201/2117
f 1913/3202/1913 2118/3203/2118 1024/1445/1024
f 1913/3202/1913 1178/1685/1178 2119/3204/2119
f 1913/3202/1913 1024/1445/1024 2120/3205/2120
f 1913/3202/1913 2119/3204/2119 2118/3203/2118
f 1913/2842/1913 2120/3206/2120 1914/2843/1914
f 1181/3207/1181 1704/3208/1704 2121/3209/2121
f 1181/1687/1181 281/1689/281 278/2491/278
f 1181/1687/1181 2121/3210/2121 1182/1688/1182
f 2122/3211/2122 1438/3212/1438 2123/3213/2123
f 2122/3211/2122 2124/3214/2124 1438/3212/1438
f 2122/3211/2122 2123/3213/2123 2125/3215/2125
f 1192/1701/1192 2126/3216/2126 2127/3217/2127
f 1192/1701/1192 397/522/397 2126/3216/2126
f 1192/1701/1192 2128/3218/2128 2129/3219/2129
f 1192/1701/1192 2129/3219/2129 1193/1702/1193
f 1192/1701/1192 2127/3217/2127 2128/3218/2128
f 1195/1707/1195 300/384/300 2130/3220/2130
f 1195/1707/1195 38/48/38 2131/3221/2131
f 1195/1705/1195 2131/3222/2131 1196/1706/1196
f 1195/1707/1195 2130/3220/2130 38/48/38
f 2132/3223/2132 1027/3224/1027 1485/3225/1485
f 2132/3223/2132 1556/2259/1556 1555/2258/1555
f 2132/3223/2132 2133/3226/2133 1556/2259/1556
f 2132/3223/2132 1485/3225/1485 987/1387/987
f 2132/3223/2132 987/1387/987 2133/3226/2133
f 2132/3223/2132 1555/2258/1555 1027/3224/1027
f 2134/3227/2134 885/1223/885 884/1222/884
f 2134/3227/2134 884/1222/884 1806/2655/1806
f 2134/3227/2134 886/1224/886 885/1223/885
f 1765/2589/1765 1721/3228/1721 2135/3229/2135
f 1765/2589/1765 2135/3229/2135 1766/2590/1766
f 1765/3230/1765 1724/2523/1724 1721/2519/1721
f 1075/1520/1075 1642/2383/1642 1643/2384/1643
f 1075/1520/1075 1643/2384/1643 789/1097/789
f 1075/1520/1075 1079/1529/1079 2136/3231/2136
f 2137/3232/2137 2138/3233/2138 2139/3234/2139
f 2137/3235/2137 904/1255/904 1890/3236/1890
f 2137/3232/2137 1889/2792/1889 2138/3233/2138
f 2137/3235/2137 2139/3237/2139 904/1255/904
f 2137/3232/2137 1890/2793/1890 1889/2792/1889
f 2140/3238/2140 2141/3239/2141 2142/3240/2142
f 2140/3238/2140 2143/3241/2143 2144/3242/2144
f 2140/3238/2140 2145/3243/2145 2143/3241/2143
f 2140/3238/2140 2146/3244/2146 2141/3239/2141
f 2140/3238/2140 2144/3242/2144 2146/3244/2146
f 685/2042/685 479/626/479 1414/2043/1414
f 685/936/685 688/939/688 479/3245/479
f 1097/3246/1097 349/3247/349 828/3248/828
f 1097/1554/1097 828/1149/828 1098/1555/1098
f 1097/1554/1097 2147/3249/2147 349/460/349
f 1097/1554/1097 1096/1553/1096 2147/3249/2147
f 1102/1559/1102 864/1193/864 2048/3085/2048
f 1102/1559/1102 2047/3084/2047 361/1560/361
f 1102/1559/1102 865/1194/865 864/1193/864
f 1102/1559/1102 2048/3085/2048 2047/3084/2047
f 1102/1559/1102 1105/1563/1105 865/1194/865
f 1109/3250/1109 111/141/111 1864/2748/1864
f 1109/1569/1109 2148/3251/2148 1110/1570/1110
f 1109/3250/1109 1111/1573/1111 112/142/112
f 1109/3250/1109 112/142/112 111/141/111
f 1109/3250/1109 1863/2747/1863 2148/3252/2148
f 1109/3250/1109 1864/2748/1864 1863/2747/1863
f 118/3253/118 1866/3254/1866 119/3255/119
f 118/3256/118 121/3257/121 2149/3258/2149
f 118/3254/118 2149/3259/2149 1866/3260/1866
f 1746/3261/1746 1747/2761/1747 1121/3262/1121
f 1746/2562/1746 1121/1583/1121 798/1108/798
f 1746/2562/1746 798/1108/798 797/1107/797
f 1678/3039/1678 389/514/389 386/511/386
f 1678/2443/1678 386/3263/386 1679/2444/1679
f 2150/3264/2150 138/901/138 1873/3265/1873
f 2150/3264/2150 1873/3265/1873 2151/3266/2151
f 2150/3264/2150 1222/1753/1222 665/902/665
f 2150/3264/2150 665/902/665 138/901/138
f 2150/3264/2150 2151/3266/2151 2152/3267/2152
f 2150/3264/2150 2152/3267/2152 1222/1753/1222
f 1833/2693/1833 2153/3268/2153 2017/3031/2017
f 1833/2693/1833 2154/3269/2154 2153/3268/2153
f 1833/2693/1833 2017/3031/2017 2155/3270/2155
f 1833/2693/1833 1832/2692/1832 2154/3269/2154
f 1833/2693/1833 2156/3271/2156 1612/2694/1612
f 1833/2693/1833 2155/3270/2155 2156/3271/2156
f 2157/3272/2157 1691/3273/1691 2158/3274/2158
f 2157/3272/2157 433/3275/433 1691/3273/1691
f 2157/3272/2157 2159/3276/2159 2160/3277/2160
f 2157/3272/2157 2160/3277/2160 433/3275/433
f 2157/3272/2157 2161/3278/2161 2159/3276/2159
f 2157/3272/2157 2158/3274/2158 2161/3278/2161
f 2162/3279/2162 2163/3280/2163 2164/2578/2164
f 2162/3281/2162 1980/2968/1980 2165/3282/2165
f 2162/3279/2162 2166/3283/2166 2167/3284/2167
f 2162/3279/2162 2167/3284/2167 2163/3280/2163
f 2162/3281/2162 2164/3285/2164 1980/2968/1980
f 2162/3281/2162 2165/3282/2165 2166/3286/2166
f 2168/3287/2168 2169/3288/2169 1435/2077/1435
f 2168/3287/2168 1434/2076/1434 2170/3289/2170
f 2168/3287/2168 2170/3289/2170 2169/3288/2169
f 2168/3287/2168 1435/2077/1435 1434/2076/1434
f 1284/3290/1284 2171/3291/2171 1566/3292/1566
f 1284/1836/1284 1286/1838/1286 2171/3293/2171
f 1284/1836/1284 288/369/288 529/697/529
f 1284/1836/1284 529/697/529 1285/1837/1285
f 1284/1836/1284 1566/2278/1566 288/369/288
f 413/3294/413 2172/3295/2172 2173/3296/2173
f 413/3294/413 2174/3297/2174 2172/3295/2172
f 413/542/413 2173/3298/2173 414/543/414
f 413/3294/413 416/1845/416 2174/3297/2174
f 2175/3299/2175 1811/3300/1811 1814/3009/1814
f 2175/3299/2175 2176/3301/2176 2177/3302/2177
f 2175/3299/2175 2003/3008/2003 2176/3301/2176
f 2175/3299/2175 1814/3009/1814 2003/3008/2003
f 2175/3299/2175 2177/3302/2177 2178/3303/2178
f 2175/3299/2175 2178/3303/2178 1811/3300/1811
f 2179/3304/2179 43/57/43 45/56/45
f 2179/3305/2179 45/3306/45 1131/3307/1131
f 2179/3304/2179 2005/3017/2005 2008/3016/2008
f 2179/3305/2179 1131/3307/1131 2180/3308/2180
f 2179/3304/2179 2008/3016/2008 43/57/43
f 2179/3305/2179 2180/3308/2180 2005/3012/2005
f 208/265/208 2181/3309/2181 209/266/209
f 208/265/208 1057/3310/1057 2181/3309/2181
f 2182/3311/2182 915/1270/915 2013/3026/2013
f 2182/3312/2182 769/1071/769 562/747/562
f 2182/3311/2182 2013/3026/2013 770/3313/770
f 2182/3312/2182 562/747/562 561/746/561
f 2182/3311/2182 561/3314/561 915/1270/915
f 2182/3312/2182 770/1072/770 769/1071/769
f 952/3315/952 2183/3316/2183 2184/3317/2184
f 952/1330/952 2184/3318/2184 2185/3319/2185
f 952/1330/952 2185/3319/2185 1314/1879/1314
f 952/3315/952 955/3320/955 2183/3316/2183
f 958/1338/958 1137/3321/1137 52/65/52
f 958/1338/958 52/65/52 51/64/51
f 2186/3322/2186 801/1122/801 800/1121/800
f 2186/3323/2186 1354/3324/1354 1317/1887/1317
f 2186/3323/2186 1317/1887/1317 801/1886/801
f 2186/3323/2186 2187/3325/2187 1354/3324/1354
f 2186/3322/2186 800/1121/800 2187/3326/2187
f 1320/1893/1320 1824/3327/1824 1321/1894/1321
f 1320/1893/1320 1825/3328/1825 1824/3327/1824
f 1320/1901/1320 1325/1899/1325 2188/3329/2188
f 1320/1901/1320 2188/3329/2188 1825/3330/1825
f 102/129/102 357/1716/357 105/133/105
f 102/129/102 1735/2543/1735 357/1716/357
f 1737/2545/1737 2189/3331/2189 1738/2546/1738
f 1737/3332/1737 2190/3333/2190 2191/3334/2191
f 1737/2766/1737 1739/3335/1739 2190/3336/2190
f 1737/3332/1737 1790/2631/1790 2189/3337/2189
f 1737/3332/1737 2191/3334/2191 1790/2631/1790
f 369/489/369 371/491/371 2192/3338/2192
f 369/489/369 2192/3338/2192 2193/3339/2193
f 369/489/369 2193/3339/2193 370/490/370
f 2194/3340/2194 2195/3341/2195 1030/1451/1030
f 2194/3340/2194 2196/3342/2196 1206/3343/1206
f 2194/3340/2194 1206/3343/1206 1207/3344/1207
f 2194/3345/2194 1030/1433/1030 2196/3346/2196
f 2194/3340/2194 1207/3344/1207 2195/3341/2195
f 125/160/125 126/159/126 229/3347/229
f 125/160/125 229/3347/229 1150/3348/1150
f 125/160/125 1150/3348/1150 966/1355/966
f 1214/1741/1214 2197/3349/2197 385/1742/385
f 1214/1741/1214 1507/2185/1507 2197/3349/2197
f 975/1365/975 1802/3350/1802 2198/3351/2198
f 975/1365/975 2198/3351/2198 2199/3352/2199
f 975/1365/975 2199/3352/2199 976/1366/976
f 1225/1757/1225 1228/1762/1228 517/3353/517
f 1225/1757/1225 516/3354/516 1226/1758/1226
f 1225/1757/1225 517/3353/517 516/3354/516
f 2200/3355/2200 2201/3356/2201 2202/3357/2202
f 2200/3358/2200 2202/3359/2202 2203/3360/2203
f 2200/3358/2200 2203/3360/2203 308/396/308
f 2200/3361/2200 308/817/308 307/3362/307
f 2200/3355/2200 307/3363/307 2201/3356/2201
f 1759/3364/1759 1971/2949/1971 2204/3365/2204
f 1759/3364/1759 2204/3365/2204 1760/3366/1760
f 1759/2583/1759 1762/2586/1762 2205/3367/2205
f 1759/2583/1759 2205/3367/2205 1971/3368/1971
f 1634/2376/1634 459/605/459 457/601/457
f 1634/2376/1634 457/601/457 2206/3369/2206
f 1634/2376/1634 2206/3369/2206 1635/3370/1635
f 1634/2376/1634 1240/1778/1240 459/605/459
f 1975/2957/1975 1768/3371/1768 2207/3372/2207
f 1975/3373/1975 1769/2596/1769 1768/2595/1768
f 1975/3373/1975 1516/2197/1516 1769/2596/1769
f 1975/2957/1975 2207/3372/2207 992/1393/992
f 1975/3373/1975 1517/2198/1517 1516/2197/1516
f 1250/1792/1250 466/612/466 470/616/470
f 1250/1792/1250 470/616/470 17/2385/17
f 1409/3374/1409 1412/3375/1412 1948/2911/1948
f 1409/3374/1409 2208/3376/2208 1410/3377/1410
f 1409/3374/1409 1948/2911/1948 2208/3376/2208
f 2209/3378/2209 1777/3379/1777 1259/3380/1259
f 2209/3381/2209 1259/1803/1259 188/242/188
f 2209/3381/2209 188/242/188 189/243/189
f 2209/3378/2209 2210/3382/2210 1777/3379/1777
f 2209/3381/2209 1092/1544/1092 2211/3383/2211
f 2209/3381/2209 2211/3383/2211 2210/3384/2210
f 2209/3381/2209 189/243/189 1092/1544/1092
f 194/248/194 196/250/196 1656/3385/1656
f 194/248/194 2212/3386/2212 195/249/195
f 194/248/194 1373/3387/1373 2212/3386/2212
f 194/3388/194 1656/2408/1656 1373/3389/1373
f 2213/3390/2213 1560/2268/1560 841/1169/841
f 2213/3391/2213 840/1165/840 2214/3392/2214
f 2213/3391/2213 841/1166/841 840/1165/840
f 2213/3390/2213 2215/3393/2215 1560/2268/1560
f 2213/3391/2213 2214/3392/2214 2215/3394/2215
f 2216/3395/2216 247/316/247 1177/1682/1177
f 2216/3395/2216 843/1172/843 845/1174/845
f 2216/3395/2216 845/1174/845 248/317/248
f 2216/3395/2216 248/317/248 247/316/247
f 2216/3396/2216 1177/3397/1177 843/3398/843
f 2217/3399/2217 331/431/331 1772/2601/1772
f 2217/3399/2217 2218/3400/2218 332/432/332
f 2217/3399/2217 2219/3401/2219 2218/3400/2218
f 2217/3399/2217 332/432/332 331/431/331
f 2217/3399/2217 1772/2601/1772 1771/2600/1771
f 2217/3402/2217 1771/3403/1771 2219/3404/2219
f 2220/3405/2220 473/3406/473 851/3407/851
f 2098/3408/2098 2221/3409/2221 2222/3410/2222
f 2098/3408/2098 2100/3411/2100 2221/3409/2221
f 2098/3408/2098 2222/3410/2222 2099/3412/2099
f 2223/3413/2223 1063/3414/1063 2224/3415/2224
f 2223/3416/2223 2224/3417/2224 1784/2622/1784
f 2223/3416/2223 1784/2622/1784 1783/2619/1783
f 2223/3418/2223 1064/1497/1064 1063/1496/1063
f 2223/3419/2223 2225/3420/2225 1064/1499/1064
f 2223/3416/2223 1783/2619/1783 2225/3421/2225
f 1445/2097/1445 464/3422/464 1051/1480/1051
f 1445/2097/1445 465/3423/465 464/3422/464
f 1445/3424/1445 1447/3425/1447 1184/1691/1184
f 1445/3424/1445 1184/1691/1184 465/3426/465
f 871/1207/871 285/366/285 284/370/284
f 871/1207/871 873/1206/873 2067/3116/2067
f 871/1207/871 2067/3116/2067 285/366/285
f 871/1207/871 284/370/284 1190/3427/1190
f 871/1203/871 1190/1699/1190 642/867/642
f 1455/3428/1455 1387/1998/1387 1390/1997/1390
f 1455/3428/1455 1460/3429/1460 1387/1998/1387
f 1455/2107/1455 1390/3430/1390 1456/2108/1456
f 1465/2118/1465 1068/1507/1068 2226/3431/2226
f 1465/2118/1465 1464/2117/1464 727/1508/727
f 1465/2118/1465 727/1508/727 1068/1507/1068
f 889/1236/889 128/1235/128 1968/2939/1968
f 889/3432/889 1968/3433/1968 890/3434/890
f 2227/3435/2227 1266/1813/1266 2228/3436/2228
f 2227/3435/2227 260/335/260 1266/1813/1266
f 2227/3437/2227 2229/3438/2229 2230/3439/2230
f 2227/3437/2227 2230/3439/2230 2104/3188/2104
f 2227/3435/2227 2228/3436/2228 2229/3440/2229
f 2227/3441/2227 2104/3442/2104 260/3443/260
f 2109/3444/2109 2108/3445/2108 2231/3446/2231
f 2109/3444/2109 2231/3446/2231 2232/3447/2232
f 2233/3448/2233 2234/3449/2234 97/3450/97
f 2233/3448/2233 979/3451/979 1479/3452/1479
f 2233/3448/2233 97/3450/97 979/3451/979
f 983/1380/983 1408/2030/1408 984/1381/984
f 983/1380/983 547/727/547 1405/2022/1405
f 983/1380/983 988/1388/988 547/727/547
f 759/3453/759 2148/3251/2148 1863/3454/1863
f 759/3453/759 761/3455/761 1947/2910/1947
f 759/3453/759 1947/2910/1947 1946/2908/1946
f 759/3453/759 1946/2908/1946 2148/3251/2148
f 1400/2015/1400 1601/2326/1601 1401/2016/1401
f 1400/2015/1400 1402/2017/1402 1600/2325/1600
f 1743/2558/1743 2235/3456/2235 1870/2757/1870
f 1743/2558/1743 1117/1579/1117 1116/1578/1116
f 1743/2558/1743 1116/1578/1116 2235/3456/2235
f 396/521/396 2126/3216/2126 397/522/397
f 396/521/396 398/523/398 610/825/610
f 396/521/396 775/1080/775 2126/3216/2126
f 396/521/396 610/825/610 775/1080/775
f 702/964/702 779/3457/779 1819/3458/1819
f 702/969/702 705/968/705 779/1086/779
f 702/964/702 2236/3459/2236 703/965/703
f 702/964/702 1819/3458/1819 2236/3459/2236
f 2237/3460/2237 1836/3461/1836 1073/3462/1073
f 2237/3463/2237 785/1092/785 1837/2704/1837
f 2237/3464/2237 1073/1517/1073 1071/1511/1071
f 2237/3465/2237 1837/2699/1837 1836/2698/1836
f 2237/3464/2237 1071/1511/1071 785/3102/785
f 789/3466/789 1643/3467/1643 1641/3468/1641
f 789/3469/789 1641/3470/1641 790/3471/790
f 794/3472/794 1122/3473/1122 2238/3474/2238
f 794/1104/794 2023/3475/2023 795/1105/795
f 794/1104/794 2238/3476/2238 2025/3477/2025
f 794/1104/794 2025/3477/2025 2023/3475/2023
f 1527/2211/1527 1529/2213/1529 2113/3478/2113
f 1527/2211/1527 1385/1990/1385 69/85/69
f 1527/2211/1527 2113/3478/2113 719/3479/719
f 1527/2211/1527 719/3479/719 1385/1990/1385
f 1530/3480/1530 646/874/646 1531/3481/1531
f 1530/3480/1530 648/875/648 646/874/646
f 1530/2214/1530 1532/2217/1532 648/3482/648
f 2163/3483/2163 2239/3484/2239 2240/3485/2240
f 2163/3280/2163 2167/3284/2167 2239/3486/2239
f 2163/3483/2163 2240/3485/2240 2164/3487/2164
f 806/1124/806 630/851/630 2241/3488/2241
f 806/1124/806 811/1131/811 1538/2229/1538
f 806/1124/806 1538/2229/1538 630/851/630
f 806/1124/806 2241/3488/2241 807/1125/807
f 815/1136/815 1540/2231/1540 816/1137/816
f 815/1136/815 1451/2103/1451 1540/2231/1540
f 815/1136/815 1452/2104/1452 1451/2103/1451
f 815/1136/815 814/1135/814 1452/2104/1452
f 823/1144/823 1548/2243/1548 941/1314/941
f 823/1144/823 2242/3489/2242 1548/2243/1548
f 823/1144/823 941/1314/941 824/1145/824
f 823/1144/823 822/1143/822 2242/3489/2242
f 829/1150/829 351/467/351 1196/3490/1196
f 829/1150/829 1196/3490/1196 1900/2809/1900
f 2243/3491/2243 985/3492/985 204/261/204
f 2243/3491/2243 204/261/204 1805/3493/1805
f 2243/3494/2243 1805/2654/1805 410/1862/410
f 2243/3494/2243 409/3495/409 2244/3496/2244
f 2243/3491/2243 2244/3497/2244 985/3492/985
f 2243/3494/2243 410/1862/410 409/3495/409
f 1242/1780/1242 2125/3215/2125 2245/3498/2245
f 1242/1780/1242 1574/2294/1574 1243/1781/1243
f 1242/1780/1242 2245/3498/2245 1574/2294/1574
f 1242/1780/1242 1246/1786/1246 2125/3215/2125
f 997/3499/997 996/2850/996 34/3500/34
f 997/1401/997 34/40/34 31/39/31
f 1309/1871/1309 2246/3501/2246 2247/3502/2247
f 1309/3503/1309 1313/1877/1313 2246/3504/2246
f 1309/1871/1309 2248/3505/2248 1310/1872/1310
f 1309/1871/1309 2247/3502/2247 2248/3505/2248
f 1004/1417/1004 1008/1416/1008 2249/3506/2249
f 1004/3507/1004 2018/3508/2018 1005/3509/1005
f 1004/3510/1004 2250/3511/2250 2018/3512/2018
f 1004/1417/1004 2249/3506/2249 2251/3513/2251
f 1004/1417/1004 2251/3513/2251 2250/3514/2250
f 2252/3515/2252 456/3516/456 2253/3517/2253
f 2252/3515/2252 1766/2590/1766 2135/3229/2135
f 2252/3515/2252 457/3518/457 456/3516/456
f 2252/3519/2252 2253/3520/2253 840/1165/840
f 2252/3519/2252 840/1165/840 838/3521/838
f 2252/3515/2252 2206/3522/2206 457/3518/457
f 2252/3515/2252 838/3523/838 1766/2590/1766
f 2252/3515/2252 2135/3229/2135 2206/3522/2206
f 530/698/530 2254/3524/2254 2255/3525/2255
f 530/698/530 531/699/531 2254/3524/2254
f 530/698/530 2255/3525/2255 1202/1721/1202
f 1022/1443/1022 442/577/442 441/576/441
f 1022/1443/1022 1551/2246/1551 1023/1444/1023
f 71/87/71 2256/3526/2256 2257/3527/2257
f 71/87/71 2257/3527/2257 72/88/72
f 71/87/71 1932/2876/1932 2256/3526/2256
f 1934/2878/1934 2258/3528/2258 1558/2263/1558
f 1934/3529/1934 84/114/84 86/105/86
f 1934/3530/1934 86/3531/86 2258/3532/2258
f 454/597/454 2259/3533/2259 1362/1956/1362
f 454/597/454 458/602/458 2259/3533/2259
f 454/597/454 1362/1956/1362 455/598/455
f 2189/3337/2189 1686/2458/1686 1688/2461/1688
f 2189/3337/2189 1790/2631/1790 2260/3534/2260
f 2189/3337/2189 2260/3534/2260 1686/2458/1686
f 2189/3337/2189 1688/2461/1688 1738/3535/1738
f 2261/3536/2261 1365/1959/1365 1367/1964/1367
f 2261/3537/2261 1249/2387/1249 19/22/19
f 2261/3537/2261 19/22/19 20/23/20
f 2261/3538/2261 1844/2714/1844 1365/3539/1365
f 2261/3540/2261 20/3541/20 1844/2718/1844
f 2261/3542/2261 1367/1963/1367 1249/1790/1249
f 2262/3543/2262 2263/3544/2263 2264/3545/2264
f 2262/3543/2262 2056/3098/2056 2263/3544/2263
f 2262/3543/2262 2265/3546/2265 2056/3098/2056
f 1090/1550/1090 2266/3547/2266 1950/2915/1950
f 1090/1550/1090 1093/1549/1093 2266/3547/2266
f 1063/3414/1063 488/2740/488 1858/2739/1858
f 1063/3414/1063 1858/2739/1858 2224/3415/2224
f 912/1263/912 1761/2585/1761 913/1264/913
f 912/1267/912 574/769/574 573/765/573
f 912/1263/912 1762/2586/1762 1761/2585/1761
f 912/1267/912 573/765/573 1762/3548/1762
f 920/3549/920 2267/3550/2267 2268/3551/2268
f 920/1285/920 919/1284/919 1725/2524/1725
f 920/1285/920 1723/2522/1723 2267/3552/2267
f 920/3553/920 2268/3554/2268 507/3555/507
f 920/1285/920 1725/2524/1725 1723/2522/1723
f 925/1290/925 2269/3556/2269 1664/3557/1664
f 925/1290/925 929/1294/929 2270/3558/2270
f 925/1290/925 2271/3559/2271 926/1291/926
f 925/1290/925 1664/3557/1664 2271/3559/2271
f 925/1290/925 2270/3558/2270 2269/3556/2269
f 2272/3560/2272 2138/3233/2138 1889/2792/1889
f 2272/3561/2272 930/1300/930 222/3562/222
f 2272/3560/2272 1889/2792/1889 1084/1534/1084
f 2272/3560/2272 1084/1534/1084 930/1298/930
f 2272/3561/2272 222/3562/222 2138/3563/2138
f 933/1308/933 2141/3239/2141 2146/3244/2146
f 933/1308/933 527/695/527 2273/3564/2273
f 933/1308/933 936/1307/936 2141/3239/2141
f 933/1308/933 2273/3564/2273 934/3565/934
f 933/1308/933 2146/3244/2146 527/695/527
f 2274/3566/2274 2275/3567/2275 2276/3568/2276
f 2274/3566/2274 1979/3569/1979 742/3570/742
f 2274/3566/2274 2276/3568/2276 1868/2754/1868
f 2274/3566/2274 1868/2754/1868 1869/2756/1869
f 2274/3566/2274 742/3570/742 2275/3567/2275
f 2274/3566/2274 1869/2756/1869 1979/3569/1979
f 1980/2968/1980 2164/3285/2164 1981/2969/1981
f 1980/2968/1980 446/582/446 2165/3282/2165
f 2277/3571/2277 1941/3572/1941 2278/3573/2278
f 2277/3571/2277 546/3574/546 549/3575/549
f 2277/3571/2277 1942/3576/1942 1941/3572/1941
f 2277/3577/2277 2278/3578/2278 546/726/546
f 2277/3571/2277 1987/2983/1987 1942/3576/1942
f 2277/3571/2277 549/3575/549 1987/2983/1987
f 2279/3579/2279 1645/2389/1645 2280/3580/2280
f 2279/3579/2279 1646/2390/1646 1645/2389/1645
f 2281/3581/2281 961/1346/961 963/1348/963
f 2281/3581/2281 963/1348/963 2282/3582/2282
f 2281/3581/2281 1139/1621/1139 961/1346/961
f 2281/3581/2281 2282/3582/2282 1953/3583/1953
f 2281/3584/2281 1953/2919/1953 1142/2921/1142
f 2281/3581/2281 1142/3585/1142 1139/1621/1139
f 2283/3586/2283 1955/2923/1955 2284/3587/2284
f 2283/3586/2283 2285/3588/2285 2159/3276/2159
f 2283/3586/2283 2159/3276/2159 2161/3278/2161
f 2283/3586/2283 2161/3278/2161 1955/2923/1955
f 2283/3586/2283 2284/3587/2284 2285/3588/2285
f 1498/2172/1498 2256/3589/2256 1932/3590/1932
f 1498/2172/1498 1501/2175/1501 2256/3589/2256
f 1498/2172/1498 2286/3591/2286 1499/2173/1499
f 1498/2172/1498 1932/3590/1932 2286/3591/2286
f 1970/2946/1970 2287/3592/2287 498/651/498
f 1970/3593/1970 2288/3594/2288 2287/3595/2287
f 1970/2946/1970 1972/2950/1972 2288/3596/2288
f 1278/3597/1278 2289/1733/2289 1422/3598/1422
f 1278/1830/1278 1282/1834/1282 2289/3599/2289
f 2290/3600/2290 1324/1898/1324 586/789/586
f 2290/3600/2290 586/789/586 585/788/585
f 2290/3600/2290 2291/3601/2291 1324/1898/1324
f 400/525/400 2290/3602/2290 401/526/401
f 2292/3603/2292 1379/1986/1379 1381/1985/1381
f 2292/3603/2292 2293/3604/2293 2294/3605/2294
f 2292/3603/2292 795/3606/795 2293/3604/2293
f 2292/3603/2292 796/3607/796 795/3606/795
f 2292/3603/2292 1381/1985/1381 796/3607/796
f 2292/3603/2292 2294/3605/2294 1379/1986/1379
f 496/648/496 655/883/655 497/649/497
f 496/648/496 2295/3608/2295 655/883/655
f 496/648/496 2296/3609/2296 2295/3608/2295
f 496/648/496 501/655/501 2296/3609/2296
f 1334/1914/1334 2297/3610/2297 1335/1915/1335
f 1334/1914/1334 2298/3611/2298 2299/3612/2299
f 1334/1914/1334 2299/3612/2299 2297/3610/2297
f 1334/1919/1334 1337/1918/1337 2298/3613/2298
f 2300/3614/2300 1162/1659/1162 515/674/515
f 2300/3614/2300 2301/3615/2301 2166/3286/2166
f 2300/3396/2300 515/3616/515 514/3617/514
f 2300/3614/2300 2078/3130/2078 1162/1659/1162
f 2300/3614/2300 2302/3618/2302 2301/3615/2301
f 2300/3614/2300 2166/3286/2166 2078/3130/2078
f 2300/3614/2300 514/676/514 2302/3618/2302
f 2303/3619/2303 2037/3067/2037 2035/3065/2035
f 2303/3620/2303 2304/3621/2304 2305/3622/2305
f 2303/3620/2303 2305/3622/2305 2037/3623/2037
f 526/694/526 1789/3624/1789 2306/3625/2306
f 526/694/526 528/696/528 1789/3624/1789
f 526/694/526 2306/3625/2306 527/695/527
f 2307/3626/2307 2308/3627/2308 2309/3628/2309
f 2307/3626/2307 939/1312/939 2308/3627/2308
f 2307/3626/2307 2309/3628/2309 2310/3629/2310
f 2307/3626/2307 2310/3629/2310 2311/3630/2311
f 2307/3626/2307 940/1313/940 939/1312/939
f 2307/3626/2307 2311/3630/2311 940/1313/940
f 533/702/533 1554/2249/1554 534/703/534
f 533/702/533 540/3631/540 1550/2245/1550
f 1983/2974/1983 548/3632/548 1984/2975/1984
f 1983/2984/1983 1987/2983/1987 549/3575/549
f 1983/3633/1983 549/2156/549 548/3634/548
f 551/733/551 1031/2438/1031 552/734/552
f 551/741/551 1032/3635/1032 1031/3636/1031
f 551/741/551 556/739/556 1032/3635/1032
f 2312/3637/2312 2313/3638/2313 2160/3639/2160
f 2312/3637/2312 2285/3640/2285 2314/3641/2314
f 2312/3642/2312 2159/3276/2159 2285/3588/2285
f 2312/3642/2312 2160/3277/2160 2159/3276/2159
f 2312/3637/2312 965/3643/965 2313/3638/2313
f 2312/3637/2312 2314/3641/2314 965/3643/965
f 566/752/566 774/1082/774 567/753/567
f 566/3644/566 568/3645/568 774/3646/774
f 571/763/571 575/770/575 777/1084/777
f 571/763/571 1972/2950/1972 572/764/572
f 571/763/571 780/1087/780 1972/2950/1972
f 577/772/577 1510/3647/1510 1513/3648/1513
f 577/772/577 2315/3649/2315 578/773/578
f 577/772/577 1513/3648/1513 2315/3649/2315
f 577/772/577 580/3650/580 1510/3647/1510
f 584/3651/584 2316/3652/2316 1757/3653/1757
f 2062/3113/2062 2064/3112/2064 867/3654/867
f 2062/3113/2062 1328/1904/1328 1301/3655/1301
f 2062/3113/2062 1301/3655/1301 2063/3656/2063
f 2062/3113/2062 867/3654/867 1329/1905/1329
f 2062/3113/2062 1329/1905/1329 1328/1904/1328
f 411/540/411 2317/3657/2317 2318/3658/2318
f 411/540/411 167/217/167 2317/3657/2317
f 411/539/411 2318/3659/2318 2319/3660/2319
f 411/539/411 2319/3660/2319 165/214/165
f 371/497/371 372/496/372 875/1210/875
f 371/491/371 879/3661/879 2192/3338/2192
f 2320/3662/2320 2321/3663/2321 892/1239/892
f 2320/3664/2320 1210/3665/1210 2070/3666/2070
f 2320/3662/2320 891/1238/891 1210/1732/1210
f 2320/3664/2320 2070/3666/2070 2321/3667/2321
f 2320/3662/2320 892/1239/892 891/1238/891
f 1010/1420/1010 1871/3668/1871 2073/3125/2073
f 1010/1425/1010 1013/1424/1013 1871/2768/1871
f 1010/3669/1010 2075/2270/2075 1011/3670/1011
f 2322/3671/2322 2259/3672/2259 1271/1820/1271
f 2322/3671/2322 836/1160/836 839/1163/839
f 2322/3671/2322 839/1163/839 2259/3672/2259
f 2322/3671/2322 1270/1818/1270 836/1160/836
f 2322/3671/2322 1271/1820/1271 1270/1818/1270
f 2079/3131/2079 445/581/445 444/583/444
f 2079/3673/2079 444/579/444 1358/1949/1358
f 2079/3673/2079 1358/1949/1358 1357/1948/1357
f 833/1155/833 834/1157/834 951/1329/951
f 833/1155/833 450/1883/450 449/1156/449
f 1038/1460/1038 456/3674/456 1039/1461/1039
f 1038/3675/1038 322/419/322 321/420/321
f 1038/3675/1038 2253/3517/2253 456/3516/456
f 1038/3675/1038 321/420/321 2253/3517/2253
f 2323/3676/2323 2324/3677/2324 1827/2684/1827
f 2323/3678/2323 1741/3679/1741 2325/3680/2325
f 2323/3678/2323 2326/3681/2326 1741/3679/1741
f 2323/3676/2323 2325/3682/2325 2324/3677/2324
f 2323/3678/2323 2327/3683/2327 2326/3681/2326
f 2323/3678/2323 1827/3684/1827 2327/3683/2327
f 464/3422/464 2328/3685/2328 1051/1480/1051
f 464/610/464 467/613/467 2328/3686/2328
f 22/3687/22 25/3688/25 2329/3689/2329
f 2172/3295/2172 2174/3297/2174 2242/3690/2242
f 2172/3295/2172 2242/3690/2242 822/2733/822
f 2172/3295/2172 1853/2731/1853 2173/3296/2173
f 2172/3295/2172 822/2733/822 1853/2731/1853
f 485/634/485 1655/3691/1655 747/3692/747
f 485/634/485 747/3692/747 486/635/486
f 485/634/485 484/633/484 1374/1974/1374
f 485/3693/485 1374/3694/1374 1655/2407/1655
f 673/913/673 1941/2903/1941 755/1047/755
f 673/919/673 2278/3573/2278 1941/3572/1941
f 673/919/673 677/918/677 2278/3573/2278
f 673/913/673 755/1047/755 674/914/674
f 2330/3695/2330 2331/3696/2331 2332/3697/2332
f 2330/3695/2330 2280/3580/2280 2331/3696/2331
f 2333/3698/2333 1952/2922/1952 1954/2920/1954
f 2333/3699/2333 1416/3700/1416 1952/3701/1952
f 2333/3699/2333 2334/3702/2334 1416/3700/1416
f 2333/3698/2333 1954/2920/1954 2335/3703/2335
f 2333/3704/2333 2335/3705/2335 2334/3706/2334
f 2336/3707/2336 349/460/349 2147/3249/2147
f 2336/3707/2336 354/466/354 349/460/349
f 2336/3708/2336 559/744/559 354/468/354
f 2336/3707/2336 2147/3249/2147 1267/1814/1267
f 2336/3708/2336 1267/1815/1267 559/744/559
f 696/957/696 1500/2179/1500 1503/2178/1503
f 696/955/696 2052/3094/2052 1500/2174/1500
f 696/957/696 1503/2178/1503 697/958/697
f 969/3709/969 2337/3710/2337 970/3711/970
f 969/3709/969 2236/3459/2236 2337/3710/2337
f 969/3709/969 703/965/703 2236/3459/2236
f 707/973/707 709/975/709 1838/3712/1838
f 707/973/707 1962/2933/1962 708/974/708
f 707/973/707 1838/3712/1838 1962/2933/1962
f 2338/3713/2338 1684/2456/1684 1076/1525/1076
f 2338/3713/2338 1076/1525/1076 1078/1524/1078
f 2338/3714/2338 1078/1527/1078 1427/3715/1427
f 2338/3714/2338 1427/3715/1427 1323/1897/1323
f 2338/3713/2338 1685/2457/1685 1684/2456/1684
f 2338/3714/2338 1323/1897/1323 1685/3716/1685
f 319/416/319 2339/3717/2339 320/417/320
f 319/416/319 1430/2072/1430 2339/3717/2339
f 1457/3718/1457 2340/3719/2340 2341/3720/2341
f 1457/2109/1457 1973/2955/1973 2340/3721/2340
f 1457/3718/1457 1388/3722/1388 1458/3723/1458
f 1457/3718/1457 2341/3720/2341 1388/3722/1388
f 1457/2109/1457 1456/2108/1456 1973/2955/1973
f 2342/3724/2342 653/887/653 1536/2222/1536
f 2342/3724/2342 310/3725/310 653/887/653
f 2342/3726/2342 927/3727/927 311/404/311
f 2342/3726/2342 928/3728/928 927/3727/927
f 2342/3724/2342 311/3729/311 310/3725/310
f 2342/3726/2342 1536/3730/1536 928/3728/928
f 1704/3731/1704 2343/3732/2343 2121/3733/2121
f 1704/3731/1704 18/3734/18 2343/3732/2343
f 335/2011/335 1397/2010/1397 1411/2038/1411
f 335/439/335 1411/3735/1411 2344/3736/2344
f 335/439/335 1088/1538/1088 336/440/336
f 335/439/335 2344/3736/2344 1088/1538/1088
f 2345/3737/2345 343/448/343 2044/3077/2044
f 2345/3738/2345 2346/3739/2346 2347/3740/2347
f 2345/3738/2345 2347/3740/2347 344/3741/344
f 2345/3742/2345 2044/3743/2044 2346/3744/2346
f 2345/3737/2345 344/449/344 343/448/343
f 2348/3745/2348 1443/3746/1443 1444/2095/1444
f 2348/3745/2348 2349/3747/2349 1443/3746/1443
f 2348/3745/2348 1444/2095/1444 2350/3748/2350
f 2348/3745/2348 2350/3748/2350 41/3749/41
f 2348/3745/2348 40/3750/40 2349/3747/2349
f 2348/3745/2348 41/3749/41 40/3750/40
f 595/804/595 2195/3341/2195 596/805/596
f 595/804/595 1033/1454/1033 2195/3341/2195
f 595/804/595 1034/1455/1034 1033/1454/1033
f 595/804/595 594/808/594 1034/1455/1034
f 1360/2266/1360 1560/2268/1560 2351/3751/2351
f 1360/1954/1360 2351/3752/2351 1037/1458/1037
f 605/3753/605 2352/3754/2352 2353/3755/2353
f 605/3753/605 604/3756/604 2352/3754/2352
f 1998/2999/1998 1997/2998/1997 2354/3757/2354
f 2355/3758/2355 2356/3759/2356 2357/3760/2357
f 1140/1623/1140 2358/3761/2358 2100/3175/2100
f 1140/2913/1140 2266/3547/2266 2358/3762/2358
f 1140/2913/1140 1951/2916/1951 2266/3547/2266
f 1140/1623/1140 2100/3175/2100 1141/1624/1141
f 2224/3417/2224 861/1190/861 860/1189/860
f 2224/3415/2224 1858/2739/1858 861/3010/861
f 2224/3417/2224 860/1189/860 1784/2622/1784
f 106/134/106 635/3763/635 2359/3764/2359
f 106/134/106 2359/3764/2359 107/135/107
f 106/856/106 104/3765/104 634/857/634
f 638/863/638 992/1393/992 639/864/639
f 647/992/647 2360/3766/2360 2361/3767/2361
f 647/992/647 2361/3767/2361 720/993/720
f 647/992/647 650/3768/650 2360/3766/2360
f 653/887/653 310/3725/310 654/3769/654
f 653/887/653 657/886/657 1536/2222/1536
f 2362/3770/2362 2363/3771/2363 1907/3772/1907
f 2362/3773/2362 2364/3774/2364 2365/3775/2365
f 2362/3770/2362 257/3776/257 2363/3771/2363
f 2362/3773/2362 1347/3777/1347 2364/3774/2364
f 2362/3778/2362 1907/3779/1907 1347/3780/1347
f 2362/3770/2362 2365/3781/2365 257/3776/257
f 1818/3782/1818 2366/3783/2366 2114/3197/2114
f 1818/3782/1818 2105/3189/2105 2366/3783/2366
f 1818/3782/1818 2114/3197/2114 2112/3195/2112
f 1818/3782/1818 1820/3784/1820 2105/3189/2105
f 1818/2675/1818 2112/3785/2112 1153/1645/1153
f 1752/3786/1752 2367/3787/2367 2368/3788/2368
f 1752/2574/1752 2368/3789/2368 1753/2575/1753
f 1752/3786/1752 2369/3790/2369 2367/3787/2367
f 1752/3786/1752 1755/3791/1755 2369/3790/2369
f 2370/3792/2370 2371/3793/2371 2372/3794/2372
f 2370/3792/2370 668/3795/668 2373/3796/2373
f 2370/3792/2370 2373/3796/2373 2371/3793/2371
f 1860/2743/1860 751/1038/751 2374/3797/2374
f 1860/2743/1860 1861/2744/1861 676/916/676
f 1860/2743/1860 2374/3797/2374 2375/3798/2375
f 1860/2743/1860 675/915/675 751/1038/751
f 1860/2743/1860 2375/3798/2375 1331/1908/1331
f 1860/2743/1860 676/916/676 675/915/675
f 111/141/111 110/140/110 844/1173/844
f 111/141/111 844/1173/844 1864/2748/1864
f 1866/3799/1866 30/33/30 1867/2967/1867
f 1866/3799/1866 2149/3800/2149 30/33/30
f 1119/3801/1119 1610/2337/1610 1120/1586/1120
f 1119/1581/1119 1121/1583/1121 2376/3802/2376
f 1119/3801/1119 2376/3803/2376 1610/2337/1610
f 1505/3804/1505 1217/3805/1217 2377/3806/2377
f 1505/3804/1505 2378/3807/2378 2379/3808/2379
f 1505/3804/1505 2377/3806/2377 2378/3807/2378
f 1505/2183/1505 2379/3809/2379 1506/2184/1506
f 138/176/138 140/181/140 1873/2771/1873
f 1127/1596/1127 1874/3810/1874 147/3811/147
f 147/188/147 144/185/144 2380/3812/2380
f 1127/1596/1127 147/3811/147 1128/1597/1128
f 147/188/147 2380/3812/2380 2381/3813/2381
f 147/188/147 2381/3813/2381 2382/3814/2382
f 490/646/490 494/645/494 2286/3591/2286
f 490/646/490 2286/3591/2286 1932/3590/1932
f 490/639/490 1932/2876/1932 1931/2875/1931
f 490/639/490 1931/2875/1931 491/640/491
f 2287/3595/2287 2288/3594/2288 2383/3815/2383
f 2287/3592/2287 499/652/499 498/651/498
f 2287/3595/2287 2383/3815/2383 2384/3816/2384
f 2287/3595/2287 2384/3816/2384 499/3817/499
f 2385/3818/2385 1636/2374/1636 159/3819/159
f 2385/3818/2385 1238/1776/1238 1636/2374/1636
f 2385/3820/2385 2386/3821/2386 2387/3822/2387
f 2385/3818/2385 159/3819/159 1531/3481/1531
f 2385/3818/2385 2387/3823/2387 1238/1776/1238
f 2385/3818/2385 1531/3481/1531 2386/3824/2386
f 166/220/166 168/219/168 2388/3825/2388
f 166/216/166 2388/3826/2388 1364/1958/1364
f 166/216/166 2389/3827/2389 167/217/167
f 166/216/166 1364/1958/1364 2389/3827/2389
f 953/1331/953 174/228/174 2390/3828/2390
f 953/1331/953 175/229/175 174/228/174
f 953/1331/953 951/1329/951 175/229/175
f 953/1331/953 2390/3828/2390 954/1332/954
f 1774/2604/1774 180/234/180 183/237/183
f 1774/3829/1774 2391/3830/2391 2208/3376/2208
f 1774/3829/1774 2208/3376/2208 180/3831/180
f 1774/2604/1774 1775/3832/1775 2391/3833/2391
f 186/240/186 2221/3409/2221 187/241/187
f 186/240/186 621/839/621 2221/3409/2221
f 2064/3112/2064 2007/3834/2007 868/3835/868
f 2064/3112/2064 2008/3836/2008 2007/3834/2007
f 2064/3112/2064 868/3835/868 867/3654/867
f 2064/3112/2064 2066/3115/2066 2008/3836/2008
f 914/1266/914 916/1274/916 1168/1665/1168
f 1016/2637/1016 1839/2706/1839 2117/3201/2117
f 1016/1431/1016 2117/3837/2117 1017/1432/1017
f 1023/1444/1023 2392/3838/2392 2120/3205/2120
f 1023/1444/1023 1551/2246/1551 2393/3839/2393
f 1023/1444/1023 2393/3839/2393 2394/3840/2394
f 1023/1444/1023 2120/3205/2120 1024/1445/1024
f 1023/1444/1023 2394/3840/2394 2392/3838/2392
f 2395/3841/2395 2169/3288/2169 2170/3289/2170
f 2396/3842/2396 2171/3293/2171 1286/1838/1286
f 1439/2086/1439 2129/3219/2129 28/2087/28
f 1439/3843/1439 33/3844/33 1921/2855/1921
f 1439/2086/1439 1193/1702/1193 2129/3219/2129
f 1439/3843/1439 1921/2855/1921 1193/2854/1193
f 1310/1872/1310 2248/3505/2248 1710/2505/1710
f 1310/3845/1310 2397/3846/2397 767/3847/767
f 1310/1872/1310 1710/2505/1710 2397/3848/2397
f 43/53/43 2008/3836/2008 2066/3115/2066
f 43/53/43 2066/3115/2066 44/54/44
f 2398/3849/2398 1849/2727/1849 1453/2105/1453
f 2398/3850/2398 2399/3851/2399 2400/3852/2400
f 2398/3850/2398 1894/3853/1894 2399/3851/2399
f 2398/3854/2398 1896/2801/1896 1894/2797/1894
f 2398/3849/2398 2400/3855/2400 1849/2727/1849
f 2398/3849/2398 1453/2105/1453 1896/3856/1896
f 2401/3857/2401 1459/3858/1459 1462/3859/1462
f 2401/3857/2401 2402/3860/2402 1459/3858/1459
f 2401/3861/2401 1461/3862/1461 2403/3863/2403
f 2401/3864/2401 2403/3865/2403 2402/3866/2402
f 2401/3861/2401 1462/3867/1462 1461/3862/1461
f 2026/3051/2026 1143/1629/1143 422/552/422
f 2026/3051/2026 2404/3868/2404 2027/3052/2027
f 2026/3051/2026 422/552/422 2404/3868/2404
f 2026/3051/2026 65/81/65 1143/1629/1143
f 1669/2428/1669 74/3869/74 76/3870/76
f 1669/3871/1669 2405/3872/2405 1670/3873/1670
f 1669/2428/1669 1673/2432/1673 74/3869/74
f 1669/2428/1669 76/3870/76 2405/3874/2405
f 519/684/519 521/683/521 804/1118/804
f 519/684/519 804/1118/804 802/1114/802
f 1322/1896/1322 1326/1900/1326 1685/3716/1685
f 1322/1896/1322 1685/3716/1685 1323/1897/1323
f 305/3875/305 1659/2415/1659 2406/3876/2406
f 305/3877/305 2202/3878/2202 2407/3879/2407
f 305/392/305 2203/3360/2203 2202/3359/2202
f 305/392/305 308/396/308 2203/3360/2203
f 305/3880/305 2406/3881/2406 306/3882/306
f 305/3877/305 2407/3879/2407 1659/2413/1659
f 310/399/310 313/402/313 654/882/654
f 1768/2595/1768 1770/2597/1770 2408/3883/2408
f 1768/3371/1768 2408/3884/2408 2207/3372/2207
f 331/433/331 1081/1531/1081 1772/3885/1772
f 331/433/331 328/427/328 1081/1531/1081
f 1397/2010/1397 1112/1572/1112 1108/1567/1108
f 1649/2396/1649 1652/2401/1652 2409/3886/2409
f 1649/2396/1649 1091/1546/1091 1650/2397/1650
f 1649/3887/1649 2210/3384/2210 2211/3383/2211
f 1649/3887/1649 2409/3888/2409 2210/3384/2210
f 1649/3887/1649 2211/3383/2211 1091/1543/1091
f 1901/2813/1901 1098/3889/1098 828/3890/828
f 1901/2813/1901 1442/2666/1442 2410/3891/2410
f 1901/2813/1901 2410/3891/2410 1098/3889/1098
f 1901/2813/1901 1902/2812/1902 1442/2666/1442
f 2411/3892/2411 1103/3893/1103 2412/3894/2412
f 2411/3892/2411 2413/3895/2413 1103/3893/1103
f 2411/3892/2411 2414/3896/2414 2415/3897/2415
f 2411/3892/2411 2412/3894/2412 2414/3896/2414
f 2411/3892/2411 2415/3897/2415 2413/3895/2413
f 816/1137/816 1542/2236/1542 817/1138/817
f 370/493/370 2193/3898/2193 372/494/372
f 376/106/376 2416/3899/2416 377/3900/377
f 376/501/376 1606/2333/1606 2416/3901/2416
f 428/3902/428 380/3903/380 1122/1584/1122
f 428/3904/428 381/506/381 380/505/380
f 428/560/428 1122/1587/1122 429/561/429
f 428/560/428 427/559/427 381/3905/381
f 2197/3349/2197 1507/2185/1507 1159/1652/1159
f 2197/3906/2197 1159/3907/1159 1679/2452/1679
f 2197/3908/2197 386/3263/386 385/3909/385
f 2197/3908/2197 1679/2444/1679 386/3263/386
f 1754/3910/1754 1920/2852/1920 2417/3911/2417
f 1754/2576/1754 393/518/393 1194/1703/1194
f 1754/3910/1754 2417/3911/2417 1755/3791/1755
f 1754/3910/1754 1194/2853/1194 1920/2852/1920
f 2418/3912/2418 1803/2651/1803 1804/2652/1804
f 2418/3912/2418 2419/3913/2419 2420/3914/2420
f 2418/3912/2418 1804/2652/1804 2419/3913/2419
f 202/256/202 204/261/204 985/3492/985
f 1304/1866/1304 1394/2006/1394 1305/1867/1305
f 211/272/211 213/271/213 1810/2661/1810
f 211/3915/211 1809/3916/1809 212/3917/212
f 211/272/211 1810/2661/1810 1809/2660/1809
f 2421/3918/2421 1928/2868/1928 2422/3919/2422
f 2421/3918/2421 1813/2665/1813 1812/2664/1812
f 2421/3918/2421 2422/3919/2422 2423/3920/2423
f 2421/3918/2421 1812/2664/1812 1145/1637/1145
f 2421/3918/2421 1145/1637/1145 1144/1632/1144
f 2421/3918/2421 1144/1632/1144 1928/2868/1928
f 2421/3918/2421 2423/3920/2423 1813/2665/1813
f 1816/2670/1816 1817/2673/1817 2184/3921/2184
f 1816/3922/1816 2183/3316/2183 740/3923/740
f 1816/3922/1816 2184/3317/2184 2183/3316/2183
f 1154/3924/1154 2337/3710/2337 2236/3459/2236
f 1154/3924/1154 237/302/237 2337/3710/2337
f 1154/3924/1154 2236/3459/2236 1819/3458/1819
f 2424/3925/2424 1429/2071/1429 2075/3127/2075
f 2424/3925/2424 2075/3127/2075 1682/2450/1682
f 2424/3926/2424 1682/2454/1682 1681/2447/1681
f 2424/3925/2424 2425/3927/2425 1429/2071/1429
f 2424/3925/2424 2426/3928/2426 2425/3927/2425
f 2424/3926/2424 1681/2447/1681 2426/3929/2426
f 2427/3930/2427 460/606/460 1431/2073/1431
f 2427/3931/2427 1591/3932/1591 1592/3933/1592
f 2427/3931/2427 1431/3934/1431 2110/3193/2110
f 2427/3930/2427 1592/2315/1592 461/607/461
f 2427/3931/2427 2110/3193/2110 1591/3932/1591
f 2427/3930/2427 461/607/461 460/606/460
f 2428/3935/2428 2429/3936/2429 2430/3937/2430
f 2428/3935/2428 1967/3938/1967 2429/3936/2429
f 2428/3935/2428 1904/2816/1904 1967/3938/1967
f 2428/3935/2428 2430/3937/2430 1905/2817/1905
f 2428/3935/2428 1905/2817/1905 1904/2816/1904
f 2416/3901/2416 1557/2260/1557 377/502/377
f 2416/3901/2416 1935/2885/1935 1557/2260/1557
f 2416/3901/2416 1606/2333/1606 1608/2335/1608
f 2416/3901/2416 900/1250/900 1935/2885/1935
f 2416/3901/2416 1608/2335/1608 900/1250/900
f 2259/3533/2259 458/602/458 1271/1821/1271
f 2259/3672/2259 839/1163/839 1361/3939/1361
f 2259/3533/2259 1361/1955/1361 1362/1956/1362
f 247/3940/247 2431/3941/2431 2432/3942/2432
f 247/3940/247 2433/3943/2433 2434/3944/2434
f 247/3940/247 249/3945/249 2431/3941/2431
f 247/3946/247 2435/3947/2435 1177/3948/1177
f 247/3940/247 2432/3942/2432 2433/3943/2433
f 247/316/247 2434/3949/2434 2435/3950/2435
f 279/3951/279 2436/3952/2436 1845/3953/1845
f 279/3954/279 281/1689/281 1185/1692/1185
f 279/3951/279 1185/3955/1185 2436/3952/2436
f 279/3951/279 1845/3953/1845 280/3956/280
f 285/366/285 2067/3116/2067 2068/3117/2068
f 285/366/285 2068/3117/2068 286/367/286
f 300/384/300 2437/3957/2437 2130/3220/2130
f 300/384/300 301/386/301 2437/3957/2437
f 1483/3958/1483 592/3959/592 1556/3960/1556
f 1483/3958/1483 1556/3960/1556 2438/3961/2438
f 1483/3962/1483 2438/3963/2438 754/1046/754
f 2439/3964/2439 1699/3965/1699 2440/3966/2440
f 2439/3967/2439 1029/3968/1029 1489/3969/1489
f 2439/3970/2439 2440/3971/2440 1030/1451/1030
f 2439/3970/2439 1030/1451/1030 1029/1450/1029
f 2439/3964/2439 1489/3972/1489 1699/3965/1699
f 1156/3973/1156 2441/3974/2441 1991/2989/1991
f 1156/1648/1156 1991/3975/1991 2442/3976/2442
f 1156/1648/1156 2442/3976/2442 1157/1649/1157
f 1156/1657/1156 1160/1656/1160 2441/3977/2441
f 1684/2456/1684 2443/3978/2443 1076/1525/1076
f 1684/2456/1684 1686/2458/1686 2444/3979/2444
f 1684/2456/1684 2444/3979/2444 2443/3978/2443
f 1843/3980/1843 1049/1478/1049 1366/1960/1366
f 1843/2713/1843 1365/3539/1365 1844/2714/1844
f 1843/3980/1843 1846/3981/1846 1446/2098/1446
f 1843/3980/1843 1446/2098/1446 1049/1478/1049
f 1843/2713/1843 1366/3982/1366 1365/3539/1365
f 1893/2804/1893 55/68/55 2445/3983/2445
f 1893/2804/1893 1895/2803/1895 55/68/55
f 1893/2796/1893 2445/3984/2445 1894/2797/1894
f 2174/3297/2174 1544/3985/1544 2242/3690/2242
f 2174/3297/2174 1290/1844/1290 1544/3985/1544
f 2174/3297/2174 416/1845/416 1290/1844/1290
f 36/46/36 2176/3986/2176 37/47/37
f 36/46/36 38/48/38 2130/3220/2130
f 36/46/36 2130/3220/2130 2177/3987/2177
f 36/46/36 2177/3987/2177 2176/3986/2176
f 864/1193/864 2009/3021/2009 2048/3085/2048
f 864/1193/864 868/1201/868 2009/3021/2009
f 2010/3022/2010 1662/2417/1662 2319/3660/2319
f 2010/3022/2010 2318/3659/2318 1848/2723/1848
f 2010/3022/2010 2319/3660/2319 2318/3659/2318
f 1311/1874/1311 1744/3988/1744 1312/1875/1312
f 1311/3025/1311 770/3313/770 2013/3026/2013
f 1006/3034/1006 2153/3268/2153 1007/2463/1007
f 1006/3034/1006 2017/3031/2017 2153/3268/2153
f 663/898/663 1471/2125/1471 664/899/664
f 663/2573/663 390/515/390 1471/3040/1471
f 663/2573/663 1751/2572/1751 390/515/390
f 1351/1939/1351 2254/3524/2254 531/699/531
f 1351/1939/1351 1353/1941/1353 2446/3989/2446
f 1351/1939/1351 2446/3989/2446 2254/3524/2254
f 1351/1939/1351 531/699/531 438/3990/438
f 1351/1939/1351 438/3990/438 1352/1940/1352
f 2371/3793/2371 2447/3991/2447 2372/3794/2372
f 2331/3696/2331 1645/2389/1645 366/484/366
f 2331/3696/2331 365/483/365 2332/3697/2332
f 2331/3696/2331 2280/3580/2280 1645/2389/1645
f 2331/3696/2331 366/484/366 365/483/365
f 961/1346/961 1927/2864/1927 962/1347/962
f 961/1346/961 1139/1621/1139 1927/2864/1927
f 1955/2923/1955 1099/1556/1099 2284/3587/2284
f 1955/2923/1955 2161/3278/2161 1956/2924/1956
f 966/1355/966 1150/3348/1150 1151/2927/1151
f 1215/1743/1215 1800/3992/1800 2448/3993/2448
f 1215/1743/1215 2448/3993/2448 2449/3994/2449
f 1215/1743/1215 2449/3994/2449 1216/1744/1216
f 1215/1743/1215 388/1745/388 1800/3992/1800
f 1070/1510/1070 2057/3100/2057 1071/1511/1071
f 1070/1516/1070 708/1515/708 1961/3995/1961
f 1070/1516/1070 1961/3995/1961 2450/3996/2450
f 1070/1516/1070 2450/3996/2450 2057/3997/2057
f 2451/3998/2451 168/219/168 2270/3558/2270
f 2451/3998/2451 929/1294/929 1166/1663/1166
f 2451/3998/2451 1166/1663/1166 2452/3999/2452
f 2451/3998/2451 2452/3999/2452 168/219/168
f 2451/3998/2451 2270/3558/2270 929/1294/929
f 2453/4000/2453 797/1107/797 796/1106/796
f 2453/4001/2453 796/3607/796 1381/1985/1381
f 2453/4000/2453 1748/2564/1748 797/1107/797
f 2453/4000/2453 1381/4002/1381 1748/2564/1748
f 1971/2949/1971 498/654/498 497/649/497
f 1971/2949/1971 497/649/497 2204/3365/2204
f 1971/2947/1971 2205/4003/2205 573/765/573
f 1695/4004/1695 1911/2840/1911 2454/4005/2454
f 1695/4006/1695 1390/4007/1390 1391/4008/1391
f 1695/2470/1695 2454/4009/2454 878/2471/878
f 1243/1781/1243 2455/4010/2455 2456/4011/2456
f 1243/1781/1243 2456/4011/2456 2457/4012/2457
f 1243/1781/1243 1574/2294/1574 2455/4010/2455
f 1243/1781/1243 2457/4012/2457 2381/4013/2381
f 1243/1781/1243 2381/4013/2381 1244/4014/1244
f 729/1004/729 730/1005/730 2101/3177/2101
f 729/4015/729 2458/4016/2458 633/858/633
f 729/4015/729 2101/4017/2101 2458/4016/2458
f 2459/4018/2459 337/441/337 2460/4019/2460
f 2459/4020/2459 2460/4021/2460 113/143/113
f 2459/4020/2459 112/142/112 1398/2012/1398
f 2459/4020/2459 1398/2012/1398 338/4022/338
f 2459/4018/2459 338/442/338 337/441/337
f 2459/4020/2459 113/143/113 112/142/112
f 1328/1904/1328 1332/1909/1332 1301/3655/1301
f 1886/2789/1886 873/1206/873 2461/4023/2461
f 1886/2789/1886 2067/3116/2067 873/1206/873
f 1886/2789/1886 2461/4023/2461 1639/2380/1639
f 2462/4024/2462 2463/4025/2463 2403/3865/2403
f 2462/4024/2462 1388/1994/1388 2463/4025/2463
f 2462/4026/2462 1458/3723/1458 1388/3722/1388
f 2462/4026/2462 2403/3863/2403 1458/3723/1458
f 726/1000/726 1001/1408/1001 2464/4027/2464
f 1295/1850/1295 1922/2856/1922 726/4028/726
f 2032/3062/2032 726/4028/726 1922/2856/1922
f 726/1000/726 727/1002/727 1001/1408/1001
f 224/4029/224 229/3347/229 126/159/126
f 224/1227/224 1346/1931/1346 225/1935/225
f 2366/3783/2366 2105/3189/2105 2104/3188/2104
f 2366/3783/2366 2230/3439/2230 715/986/715
f 2366/3783/2366 2104/3188/2104 2230/3439/2230
f 2366/3783/2366 715/986/715 2114/3197/2114
f 1157/1649/1157 2442/3976/2442 2425/4030/2425
f 1157/1649/1157 2425/4030/2425 2426/3929/2426
f 1157/1649/1157 2426/3929/2426 1158/1650/1158
f 1579/35/1579 226/4031/226 2465/4032/2465
f 1579/2301/1579 491/640/491 1931/2875/1931
f 1579/2301/1579 2465/4033/2465 491/640/491
f 1171/4034/1171 459/605/459 1240/1778/1240
f 1171/4035/1171 267/345/267 269/347/269
f 1171/4035/1171 269/347/269 1272/1822/1272
f 1171/4034/1171 1237/1775/1237 1172/4036/1172
f 1171/4034/1171 1240/1778/1240 1237/1775/1237
f 1171/4035/1171 1272/1822/1272 459/603/459
f 843/1172/843 1179/1684/1179 844/1173/844
f 2218/3400/2218 2219/3401/2219 611/826/611
f 2218/3400/2218 611/826/611 608/823/608
f 2218/3400/2218 608/823/608 332/432/332
f 2263/3544/2263 2056/3098/2056 2055/3097/2055
f 2263/3544/2263 2466/4037/2466 2264/3545/2264
f 2263/3544/2263 2055/3097/2055 2466/4037/2466
f 2467/4038/2467 213/4039/213 214/4040/214
f 2467/4041/2467 214/278/214 212/277/212
f 2467/4042/2467 2087/3158/2087 213/4043/213
f 2467/4044/2467 2468/4045/2468 2087/3153/2087
f 2467/4044/2467 212/4046/212 2468/4045/2468
f 1782/2618/1782 808/1127/808 1783/2619/1783
f 1782/2621/1782 1657/2409/1657 1654/2405/1654
f 1782/2621/1782 1654/2405/1654 193/247/193
f 1782/2618/1782 809/1128/809 808/1127/808
f 1782/2621/1782 193/247/193 809/1809/809
f 1834/2695/1834 2293/3604/2293 2023/3048/2023
f 1834/2695/1834 1614/2696/1614 1615/4047/1615
f 1834/2695/1834 1615/4047/1615 2293/3604/2293
f 521/683/521 1578/2299/1578 1384/1989/1384
f 521/683/521 523/688/523 1578/2299/1578
f 2469/4048/2469 2470/4049/2470 648/3482/648
f 2469/4048/2469 648/3482/648 1532/2217/1532
f 2469/4050/2469 720/993/720 2361/3767/2361
f 2469/4050/2469 2361/3767/2361 2470/4051/2470
f 2469/4050/2469 1532/2216/1532 720/993/720
f 1535/4052/1535 2239/4053/2239 1229/1763/1229
f 1535/4054/1535 1534/4055/1534 2240/3485/2240
f 1535/4052/1535 2240/4056/2240 2239/4053/2239
f 1535/4052/1535 1229/1763/1229 1226/1758/1226
f 2138/3563/2138 2471/4057/2471 2139/4058/2139
f 2138/3563/2138 222/3562/222 2471/4057/2471
f 2141/3239/2141 936/1307/936 2142/3240/2142
f 1665/4059/1665 479/3245/479 688/939/688
f 1665/4060/1665 2042/3081/2042 480/3080/480
f 1665/4060/1665 480/3080/480 479/4061/479
f 1665/2421/1665 1666/2425/1666 2042/4062/2042
f 535/705/535 2472/4063/2472 536/706/536
f 535/713/535 534/703/534 1607/2334/1607
f 535/713/535 378/503/378 2472/4064/2472
f 535/713/535 1607/2334/1607 378/503/378
f 1484/2141/1484 754/1050/754 547/1049/547
f 1484/4065/1484 547/727/547 988/1388/988
f 1484/4066/1484 988/4067/988 989/3753/989
f 553/736/553 555/738/555 1947/2910/1947
f 553/736/553 761/3455/761 2473/4068/2473
f 553/736/553 1947/2910/1947 761/3455/761
f 553/736/553 2473/4068/2473 554/737/554
f 763/4069/763 1416/3700/1416 2334/3702/2334
f 763/4069/763 2409/3886/2409 764/4070/764
f 763/4069/763 2334/3702/2334 2409/3886/2409
f 763/4071/763 765/1110/765 1416/4072/1416
f 558/743/558 353/465/353 559/744/559
f 558/743/558 562/747/562 768/1073/768
f 558/4073/558 768/1069/768 353/4074/353
f 565/4075/565 30/33/30 568/4076/568
f 565/4075/565 150/2058/150 30/33/30
f 565/4075/565 1231/4077/1231 150/2058/150
f 2054/4078/2054 2474/4079/2474 2055/4080/2055
f 6/6/6 1753/2575/1753 2368/3789/2368
f 6/6/6 2368/3789/2368 964/1351/964
f 6/6/6 5/5/5 1753/2575/1753
f 2475/4081/2475 2476/4082/2476 2477/4083/2477
f 2475/4084/2475 2477/4085/2477 2478/4086/2478
f 985/1384/985 752/4087/752 986/1385/986
f 985/4088/985 753/1041/753 752/1040/752
f 985/4089/985 2375/4090/2375 753/4091/753
f 985/3492/985 2244/3497/2244 2375/3798/2375
f 2455/4010/2455 2479/4092/2479 2456/4011/2456
f 2455/4010/2455 1574/2294/1574 2480/4093/2480
f 2455/4010/2455 2480/4093/2480 2481/4094/2481
f 2482/4095/2482 1602/2328/1602 2483/4096/2483
f 2482/4097/2482 1852/2730/1852 2043/4098/2043
f 2482/4097/2482 2173/3296/2173 1852/2730/1852
f 2482/4095/2482 2483/4096/2483 2173/3298/2173
f 2482/4095/2482 1666/2423/1666 1602/2328/1602
f 2482/4097/2482 2043/4098/2043 1666/4099/1666
f 1811/2663/1811 2178/4100/2178 2484/4101/2484
f 1811/2663/1811 2484/4101/2484 1812/2664/1812
f 1817/2674/1817 30/33/30 452/592/452
f 1817/2673/1817 452/4102/452 2185/4103/2185
f 1817/2673/1817 2185/4103/2185 2184/3921/2184
f 1581/2304/1581 959/1344/959 181/235/181
f 1581/2304/1581 181/235/181 179/233/179
f 1581/2304/1581 1585/2308/1585 959/1344/959
f 2485/4104/2485 1587/2310/1587 1590/2313/1590
f 2485/4104/2485 1590/2313/1590 2231/3446/2231
f 1824/3327/1824 2324/4105/2324 1321/1894/1321
f 1824/2681/1824 1827/2684/1827 2324/3677/2324
f 2024/3049/2024 2486/4106/2486 1832/2692/1832
f 2024/4107/2024 380/505/380 383/508/383
f 2024/3049/2024 383/4108/383 2486/4106/2486
f 2024/4109/2024 2238/3476/2238 380/3903/380
f 2024/4109/2024 2025/3477/2025 2238/3476/2238
f 2313/3638/2313 434/570/434 2160/3639/2160
f 2313/4110/2313 965/1352/965 964/1351/964
f 2313/4110/2313 964/1351/964 2487/4111/2487
f 2313/4110/2313 2487/4111/2487 434/4112/434
f 1839/2706/1839 1841/2708/1841 2116/3199/2116
f 2392/4113/2392 1702/2486/1702 2120/3206/2120
f 2392/4113/2392 2488/4114/2488 1702/2486/1702
f 2392/4113/2392 2394/4115/2394 2488/4114/2488
f 1436/2078/1436 2000/3001/2000 615/830/615
f 1436/2078/1436 1438/2081/1438 2124/4116/2124
f 1436/2078/1436 2124/4116/2124 2489/4117/2489
f 1436/2078/1436 2489/4117/2489 2000/3001/2000
f 1544/2238/1544 1548/2243/1548 2242/3489/2242
f 1544/3985/1544 1290/1844/1290 295/378/295
f 2176/3301/2176 2003/3008/2003 1856/2741/1856
f 2176/3986/2176 1856/2736/1856 37/47/37
f 1761/2585/1761 2083/3144/2083 913/1264/913
f 1761/2585/1761 1763/2587/1763 2083/3144/2083
f 160/205/160 2490/4118/2490 1912/3149/1912
f 160/211/160 1884/2787/1884 2268/4119/2268
f 160/205/160 2268/4120/2268 2490/4118/2490
f 160/205/160 1912/3149/1912 161/206/161
f 2269/3556/2269 169/223/169 1664/3557/1664
f 2269/3556/2269 2270/3558/2270 169/223/169
f 1727/2534/1727 2275/4121/2275 2491/4122/2491
f 1727/2528/1727 2491/4123/2491 955/3320/955
f 1727/2534/1727 2492/4124/2492 2275/4121/2275
f 1727/2534/1727 1730/2533/1730 2492/4124/2492
f 1727/2528/1727 955/3320/955 954/2529/954
f 178/232/178 180/234/180 1255/4125/1255
f 178/232/178 1584/2307/1584 179/233/179
f 178/232/178 1255/4125/1255 1676/2440/1676
f 178/232/178 1676/2440/1676 1584/2307/1584
f 1491/2158/1491 1779/2613/1779 1492/2159/1492
f 1491/2158/1491 1261/4126/1261 1779/2613/1779
f 1491/2162/1491 1262/2161/1262 1261/4127/1261
f 633/858/633 2458/4016/2458 635/859/635
f 627/846/627 2493/4128/2493 2415/3897/2415
f 627/846/627 630/851/630 1538/2229/1538
f 627/846/627 1538/2229/1538 2493/4128/2493
f 627/846/627 2415/3897/2415 1786/2625/1786
f 2494/4129/2494 1540/2231/1540 1451/2103/1451
f 2494/4129/2494 1451/2103/1451 2495/4130/2495
f 2494/4131/2494 2495/4132/2495 2496/4133/2496
f 2494/4131/2494 1541/2234/1541 1540/2233/1540
f 2494/4131/2494 2496/4133/2496 1541/2234/1541
f 2497/4134/2497 1019/1437/1019 2498/4135/2498
f 2497/4136/2497 1840/2712/1840 1842/2711/1842
f 2497/4137/2497 1795/2639/1795 1020/1441/1020
f 2497/4137/2497 1842/4138/1842 1795/2639/1795
f 2497/4134/2497 1020/1438/1020 1019/1437/1019
f 2497/4136/2497 2498/4139/2498 1840/2712/1840
f 2499/4140/2499 1523/2206/1523 382/2200/382
f 2499/4141/2499 1211/4142/1211 1209/4143/1209
f 2499/4140/2499 382/2200/382 2500/4144/2500
f 2499/4141/2499 1798/2643/1798 1523/2205/1523
f 2499/4141/2499 1209/4143/1209 1798/2643/1798
f 2499/4140/2499 2500/4144/2500 1211/4145/1211
f 1800/3992/1800 973/1363/973 971/1361/971
f 1800/3992/1800 971/1361/971 2448/3993/2448
f 1800/2647/1800 388/513/388 387/512/387
f 1221/1750/1221 1222/1751/1222 2299/3612/2299
f 1221/1750/1221 2501/4146/2501 1802/2650/1802
f 1221/1750/1221 2299/3612/2299 2501/4146/2501
f 2429/3936/2429 1967/3938/1967 493/642/493
f 2429/3936/2429 493/642/493 492/641/492
f 2429/3936/2429 492/641/492 2430/3937/2430
f 2258/3528/2258 2472/4063/2472 375/2264/375
f 2258/3528/2258 2095/4147/2095 541/4148/541
f 2258/3528/2258 541/4148/541 2472/4063/2472
f 2258/3528/2258 2097/4149/2097 2096/4150/2096
f 2258/3528/2258 2096/4150/2096 2095/4147/2095
f 2258/3528/2258 375/2264/375 1558/2263/1558
f 2258/3528/2258 86/4151/86 2097/4149/2097
f 2084/3147/2084 2490/4118/2490 2267/4152/2267
f 2084/4153/2084 836/1160/836 1270/1818/1270
f 2084/4154/2084 837/4155/837 836/4156/836
f 2084/3147/2084 2267/4152/2267 1767/4157/1767
f 2084/3147/2084 1912/3149/1912 2490/4118/2490
f 2084/4153/2084 1767/2592/1767 837/1161/837
f 845/4158/845 250/322/250 248/321/248
f 2502/4159/2502 2503/4160/2503 2504/4161/2504
f 2502/4159/2502 2504/4161/2504 2505/4162/2505
f 2502/4159/2502 2506/4163/2506 2503/4160/2503
f 1187/1695/1187 1190/1699/1190 1188/4164/1188
f 2507/4165/2507 1335/1915/1335 2508/4166/2508
f 2507/4167/2507 2151/3266/2151 2509/4168/2509
f 2507/4167/2507 2508/4169/2508 2151/3266/2151
f 2507/4170/2507 2509/4171/2509 1336/4172/1336
f 2507/4165/2507 1336/1916/1336 1335/1915/1335
f 2510/4173/2510 2511/4174/2511 1803/2651/1803
f 2510/4173/2510 2512/4175/2512 2511/4174/2511
f 45/4176/45 47/1608/47 1132/1607/1132
f 45/4176/45 1132/1607/1132 1131/4177/1131
f 1135/1616/1135 1136/1615/1136 2400/4178/2400
f 1135/4179/1135 2513/4180/2513 50/4181/50
f 1135/4179/1135 2400/3852/2400 2513/4180/2513
f 1135/1612/1135 50/4182/50 49/1613/49
f 1927/2864/1927 61/2865/61 2514/4183/2514
f 1927/2864/1927 2514/4183/2514 962/1347/962
f 1959/4184/1959 1673/2432/1673 1674/2433/1674
f 1959/2928/1959 1674/4185/1674 1502/2177/1502
f 1959/4184/1959 1151/1643/1151 1149/1641/1149
f 1959/4184/1959 1149/1641/1149 1673/2432/1673
f 80/97/80 1935/2885/1935 2515/4186/2515
f 80/97/80 2515/4186/2515 81/98/81
f 98/4187/98 2234/3449/2234 2516/4188/2516
f 98/4187/98 2517/4189/2517 99/4190/99
f 98/4187/98 2516/4188/2516 2517/4189/2517
f 98/4187/98 97/3450/97 2234/3449/2234
f 751/1038/751 753/4191/753 2374/3797/2374
f 751/1038/751 675/915/675 674/914/674
f 2148/3251/2148 683/933/683 1110/1570/1110
f 2148/3251/2148 1946/2908/1946 683/933/683
f 948/1325/948 1626/2361/1626 1744/3988/1744
f 948/2972/948 1981/2971/1981 1626/4192/1626
f 1378/1978/1378 1379/1979/1379 2518/4193/2518
f 1378/2760/1378 2518/4194/2518 2376/3803/2376
f 1378/2760/1378 1121/3262/1121 1747/2761/1747
f 1378/2760/1378 2376/3803/2376 1121/3262/1121
f 131/166/131 1989/4195/1989 132/167/132
f 131/4196/131 1013/1428/1013 1123/1588/1123
f 131/166/131 1123/1590/1123 1989/4195/1989
f 1873/3265/1873 1625/4197/1625 2509/4168/2509
f 1873/3265/1873 2509/4168/2509 2151/3266/2151
f 145/186/145 2519/4198/2519 2520/4199/2520
f 145/186/145 146/187/146 2519/4198/2519
f 2521/4200/2521 2522/4201/2522 1571/4202/1571
f 2521/4203/2521 2523/4204/2523 2524/4205/2524
f 2521/4206/2521 2524/4207/2524 2522/4208/2522
f 2521/4203/2521 1571/2653/1571 2523/4204/2523
f 2525/4209/2525 1717/2515/1717 209/266/209
f 2525/4209/2525 2181/3309/2181 2526/4210/2526
f 2525/4209/2525 209/266/209 2181/3309/2181
f 2525/4209/2525 1718/2516/1718 1717/2515/1717
f 2525/4209/2525 2526/4210/2526 2527/4211/2527
f 1720/4212/1720 1884/4213/1884 1721/4214/1721
f 1720/4212/1720 507/663/507 2268/4215/2268
f 1720/4212/1720 508/664/508 507/663/507
f 1720/4212/1720 2268/4215/2268 1884/4213/1884
f 2443/3978/2443 2444/3979/2444 2528/4216/2528
f 2443/3978/2443 1887/2790/1887 1077/1528/1077
f 2443/3978/2443 1077/1528/1077 1076/1525/1076
f 2443/3978/2443 2528/4216/2528 1887/2790/1887
f 2493/4128/2493 732/4217/732 731/4218/731
f 2493/4128/2493 731/4218/731 2415/3897/2415
f 2493/4128/2493 1538/2229/1538 732/4217/732
f 1086/1536/1086 1087/1537/1087 2529/4219/2529
f 1086/1536/1086 2529/4219/2529 1595/2318/1595
f 1650/2397/1650 1091/1546/1091 1060/1545/1060
f 1650/2399/1650 1060/1491/1060 1062/1493/1062
f 196/250/196 193/247/193 1654/2405/1654
f 1861/4220/1861 1406/2024/1406 676/4221/676
f 1861/4220/1861 1407/2025/1407 1406/2024/1406
f 1861/4220/1861 1594/2317/1594 2050/4222/2050
f 1861/4220/1861 2050/4222/2050 1407/2025/1407
f 1043/1468/1043 1200/1717/1200 1541/2234/1541
f 1043/1468/1043 2389/3827/2389 1364/1958/1364
f 1043/1468/1043 1541/2234/1541 2496/4133/2496
f 1043/1468/1043 2496/4133/2496 2389/3827/2389
f 2530/4223/2530 938/1316/938 942/1315/942
f 2530/4223/2530 418/4224/418 417/4225/417
f 2530/4223/2530 1402/2017/1402 938/1316/938
f 2530/4223/2530 942/1315/942 418/4224/418
f 2530/4223/2530 417/4225/417 1402/2017/1402
f 537/712/537 539/711/539 1204/4226/1204
f 1610/2337/1610 1616/2345/1616 1120/1586/1120
f 1610/2337/1610 2376/3803/2376 1611/2338/1611
f 2441/3974/2441 133/172/133 1991/2989/1991
f 2441/3977/2441 134/169/134 133/168/133
f 2441/3977/2441 1160/1656/1160 134/169/134
f 2297/3610/2297 2508/4166/2508 1335/1915/1335
f 2297/3610/2297 2299/3612/2299 2152/4227/2152
f 2297/3610/2297 2152/4227/2152 2508/4166/2508
f 2301/3615/2301 2239/4228/2239 2167/4229/2167
f 2301/4230/2301 1230/4231/1230 2239/4232/2239
f 2301/4230/2301 2302/4233/2302 2531/4234/2531
f 2301/3615/2301 2167/4229/2167 2166/3286/2166
f 2301/4230/2301 2531/4234/2531 1230/4231/1230
f 2201/3356/2201 304/2862/304 1925/2861/1925
f 2201/4235/2201 1925/4236/1925 2407/3879/2407
f 2201/4235/2201 2407/3879/2407 2202/3878/2202
f 2201/3356/2201 307/3363/307 304/2862/304
f 1926/2863/1926 1234/1772/1234 2532/4237/2532
f 1926/2863/1926 2532/4237/2532 1056/1485/1056
f 456/4238/456 455/598/455 1039/1464/1039
f 2533/4239/2533 1640/2381/1640 1639/2380/1639
f 2533/4240/2533 1639/4241/1639 2461/4242/2461
f 1081/1531/1081 328/427/328 931/1299/931
f 1411/4243/1411 1410/3377/1410 2391/3830/2391
f 1411/3735/1411 2391/3833/2391 2344/3736/2344
f 1652/2401/1652 764/4070/764 2409/3886/2409
f 1652/4244/1652 342/446/342 764/1063/764
f 1655/2411/1655 1658/2410/1658 747/4245/747
f 1655/2407/1655 1374/3694/1374 1656/2408/1656
f 1265/1811/1265 1522/2204/1522 2534/4246/2534
f 1265/4247/1265 383/508/383 382/507/382
f 1265/1811/1265 2534/4246/2534 253/325/253
f 1265/1812/1265 1264/1810/1264 383/4108/383
f 894/2052/894 900/1250/900 1419/2053/1419
f 2535/4248/2535 1909/2826/1909 266/1823/266
f 2535/4249/2535 265/343/265 2116/4250/2116
f 2535/4249/2535 2116/4250/2116 2536/4251/2536
f 2535/4248/2535 2536/4252/2536 2537/4253/2537
f 2535/4248/2535 2537/4253/2537 1909/2826/1909
f 2535/4249/2535 266/344/266 265/343/265
f 2118/3203/2118 2433/4254/2433 2432/4255/2432
f 2118/3203/2118 2432/4255/2432 1025/1446/1025
f 2118/3203/2118 2119/3204/2119 2434/3949/2434
f 2118/3203/2118 2434/3949/2434 2433/4254/2433
f 2118/3203/2118 1025/1446/1025 1024/1445/1024
f 2169/3288/2169 2538/4256/2538 1435/2077/1435
f 1289/1841/1289 1568/2282/1568 294/1842/294
f 1289/1841/1289 2539/4257/2539 2311/4258/2311
f 1289/1841/1289 1291/1846/1291 2539/4257/2539
f 1289/1841/1289 2311/4258/2311 1568/2282/1568
f 2540/4259/2540 2519/4260/2519 2541/4261/2541
f 2540/4262/2540 2520/4199/2520 2519/4198/2519
f 1066/1504/1066 2522/4201/2522 1067/1505/1067
f 1066/1504/1066 1571/4202/1571 2522/4201/2522
f 213/4043/213 2087/3158/2087 2090/3157/2090
f 213/271/213 2090/4263/2090 1810/2661/1810
f 2542/4264/2542 2543/4265/2543 2544/4266/2544
f 2542/4264/2542 2034/3064/2034 2036/3066/2036
f 2542/4264/2542 2036/3066/2036 2545/4267/2545
f 2542/4264/2542 2545/4267/2545 2543/4265/2543
f 226/2302/226 228/4268/228 2430/3937/2430
f 226/4031/226 2430/4269/2430 2465/4032/2465
f 1582/2305/1582 1584/2307/1584 897/1245/897
f 1582/2305/1582 2082/4270/2082 1583/2306/1583
f 1582/2305/1582 896/1244/896 2082/4270/2082
f 1582/2305/1582 897/1245/897 896/1244/896
f 1510/2190/1510 580/4271/580 1511/2191/1511
f 668/3795/668 1825/3330/1825 2373/3796/2373
f 668/906/668 1828/2685/1828 1825/2682/1825
f 668/906/668 670/908/670 1828/2685/1828
f 201/258/201 1714/2510/1714 2523/4204/2523
f 201/255/201 1067/1506/1067 1713/2508/1713
f 201/258/201 2523/4204/2523 203/259/203
f 1068/1507/1068 1717/2515/1717 2546/4272/2546
f 1068/1507/1068 209/266/209 1717/2515/1717
f 1068/1507/1068 2546/4272/2546 2226/3431/2226
f 1072/4273/1072 1073/3462/1073 2547/4274/2547
f 1072/4273/1072 2547/4274/2547 711/981/711
f 1993/2992/1993 2388/3825/2388 2452/3999/2452
f 1993/2992/1993 1165/1662/1165 1994/2993/1994
f 1993/2992/1993 2452/3999/2452 1165/1662/1165
f 1993/2995/1993 1364/1958/1364 2388/3826/2388
f 1728/4275/1728 954/1332/954 2390/3828/2390
f 1728/4275/1728 2390/3828/2390 1891/2794/1891
f 1728/2530/1728 1891/4276/1891 1729/2531/1729
f 1370/1967/1370 2001/3002/2001 2548/4277/2548
f 1370/1967/1370 2549/4278/2549 2550/4279/2550
f 1370/1967/1370 2548/4277/2548 2549/4278/2549
f 1777/3379/1777 2210/3382/2210 2551/4280/2551
f 1777/2610/1777 2551/4281/2551 1778/2611/1778
f 2552/4282/2552 2553/4283/2553 218/282/218
f 2552/4284/2552 1099/1556/1099 1100/1557/1100
f 2552/4282/2552 218/282/218 1732/2540/1732
f 2552/4282/2552 1100/4285/1100 2553/4283/2553
f 2552/4284/2552 2284/3587/2284 1099/1556/1099
f 2552/4284/2552 1732/4286/1732 2284/3587/2284
f 2554/4287/2554 2458/4016/2458 2101/4017/2101
f 2554/4287/2554 197/251/197 195/249/195
f 2554/4288/2554 2555/4289/2555 2458/4290/2458
f 2554/4287/2554 2101/4017/2101 197/251/197
f 2554/4287/2554 195/249/195 2555/4291/2555
f 2190/4292/2190 1977/4293/1977 2556/4294/2556
f 2190/4292/2190 1739/4295/1739 1977/4293/1977
f 2190/4292/2190 2556/4294/2556 2557/4296/2557
f 2190/3333/2190 2557/4297/2557 2191/3334/2191
f 2558/4298/2558 2559/4299/2559 773/4300/773
f 2558/4301/2558 772/4302/772 2560/4303/2560
f 2558/4304/2558 2560/4305/2560 2559/4306/2559
f 2558/4307/2558 773/1078/773 772/1077/772
f 236/301/236 2561/4308/2561 2562/4309/2562
f 236/301/236 2563/4310/2563 2561/4308/2561
f 236/4311/236 233/297/233 2563/4312/2563
f 236/301/236 2562/4309/2562 237/302/237
f 2315/3649/2315 1513/3648/1513 1223/1754/1223
f 2315/3649/2315 1223/1754/1223 1220/1755/1220
f 2315/3649/2315 1220/1755/1220 578/773/578
f 2564/4313/2564 1964/2935/1964 1874/2774/1874
f 2564/4313/2564 980/1375/980 1964/2935/1964
f 2564/4313/2564 2419/3913/2419 1804/2652/1804
f 2564/4313/2564 2565/4314/2565 2419/3913/2419
f 2564/4313/2564 1804/2652/1804 980/1375/980
f 1298/4315/1298 1300/4316/1300 407/532/407
f 1298/4315/1298 407/532/407 406/531/406
f 1298/1854/1298 1924/2860/1924 1299/1855/1299
f 1298/4315/1298 406/531/406 2566/4317/2566
f 1298/4315/1298 2566/4317/2566 1924/4318/1924
f 1136/1618/1136 1849/2727/1849 2400/3855/2400
f 1136/1618/1136 1134/1610/1134 1849/2727/1849
f 2567/4319/2567 479/626/479 477/630/477
f 2567/4320/2567 2002/3005/2002 2568/4321/2568
f 2567/4320/2567 2568/4321/2568 1417/4322/1417
f 2567/4319/2567 1417/2051/1417 1414/2043/1414
f 2567/4319/2567 1414/2043/1414 479/626/479
f 2567/4320/2567 477/623/477 2002/3005/2002
f 30/33/30 1707/2502/1707 2560/4305/2560
f 30/33/30 2569/4323/2569 568/4076/568
f 30/33/30 999/4324/999 31/34/31
f 30/33/30 2560/4305/2560 2569/4323/2569
f 30/33/30 2149/3800/2149 2570/4325/2570
f 30/4326/30 2570/4327/2570 999/4328/999
f 82/2439/82 1031/2438/1031 83/4329/83
f 1429/2071/1429 1011/1421/1011 2075/3127/2075
f 1429/2071/1429 2425/3927/2425 1430/2072/1430
f 2571/4330/2571 2517/4189/2517 2516/4188/2516
f 2153/3268/2153 1689/2462/1689 1007/2463/1007
f 2153/3268/2153 2154/3269/2154 1689/2462/1689
f 1691/2465/1691 433/4331/433 432/571/432
f 1691/3273/1691 1693/4332/1693 2158/3274/2158
f 1696/2473/1696 1697/2474/1697 2572/4333/2572
f 1696/2473/1696 2573/4334/2573 2574/4335/2574
f 1696/2473/1696 2574/4335/2574 1173/1677/1173
f 1696/4336/1696 2572/4337/2572 2573/4338/2573
f 1699/2487/1699 1702/2486/1702 2488/4114/2488
f 1699/2487/1699 2488/4114/2488 2440/4339/2440
f 2575/4340/2575 2576/4341/2576 1182/4342/1182
f 2575/4340/2575 468/614/468 2576/4341/2576
f 2575/4340/2575 2577/4343/2577 469/615/469
f 2575/4340/2575 1182/4342/1182 2577/4343/2577
f 2575/4340/2575 469/615/469 468/614/468
f 293/376/293 295/378/295 1290/1844/1290
f 745/4344/745 1855/2735/1855 487/636/487
f 745/1028/745 746/1030/746 39/4345/39
f 745/4344/745 39/49/39 1855/2735/1855
f 745/4344/745 487/636/487 486/635/486
f 1379/1979/1379 2294/4346/2294 2518/4193/2518
f 68/84/68 69/85/69 1385/1990/1385
f 2490/4118/2490 2268/4120/2268 2267/4152/2267
f 2578/2348/2578 2579/4347/2579 2457/4348/2457
f 2578/2348/2578 2382/4349/2382 2579/4347/2579
f 2543/4350/2543 2580/4351/2580 2544/4352/2544
f 2543/4350/2543 2581/4353/2581 2580/4351/2580
f 337/441/337 818/1139/818 817/1138/817
f 337/441/337 339/443/339 818/1139/818
f 337/441/337 817/1138/817 2460/4019/2460
f 938/1310/938 826/1147/826 824/1145/824
f 350/462/350 1197/1708/1197 351/463/351
f 350/462/350 352/464/352 2397/3848/2397
f 350/462/350 2397/3848/2397 1710/2505/1710
f 350/462/350 1710/2505/1710 1197/1708/1197
f 1103/1561/1103 636/860/636 1104/1562/1104
f 1103/1561/1103 2413/4354/2413 636/860/636
f 1103/3893/1103 360/476/360 2412/3894/2412
f 734/4355/734 363/480/363 367/485/367
f 372/4356/372 2193/4357/2193 876/1213/876
f 372/4356/372 876/1213/876 875/1212/875
f 1419/2053/1419 1605/2332/1605 691/947/691
f 1419/2053/1419 900/1250/900 1608/2335/1608
f 1419/2053/1419 1608/2335/1608 1605/2332/1605
f 2582/4358/2582 2405/4359/2405 76/92/76
f 2582/4358/2582 76/92/76 72/88/72
f 2582/4358/2582 72/88/72 2051/4360/2051
f 1883/2786/1883 1807/2656/1807 2583/4361/2583
f 783/2930/783 1962/2933/1962 1838/3712/1838
f 783/1090/783 1838/2703/1838 784/1091/784
f 1424/4362/1424 1078/1527/1078 791/1099/791
f 1424/4362/1424 1427/3715/1427 1078/1527/1078
f 2584/4363/2584 866/1196/866 869/1199/869
f 2584/4363/2584 1330/1912/1330 1329/1911/1329
f 2584/4363/2584 869/1199/869 2092/3165/2092
f 2584/4363/2584 2092/3165/2092 1330/1912/1330
f 2584/4363/2584 1329/1911/1329 866/1196/866
f 872/1205/872 2585/4364/2585 2586/4365/2586
f 872/1205/872 2586/4365/2586 2461/4023/2461
f 872/1208/872 643/868/643 2585/4366/2585
f 872/1205/872 2461/4023/2461 873/1206/873
f 1626/2361/1626 1628/2363/1628 1744/3988/1744
f 1626/4192/1626 1981/2971/1981 1627/4367/1627
f 2587/4368/2587 2321/3667/2321 661/4369/661
f 2587/4370/2587 2364/3774/2364 2102/3179/2102
f 2587/4370/2587 2102/3179/2102 2321/4371/2321
f 2587/4370/2587 2588/4372/2588 2364/3774/2364
f 2587/4368/2587 661/4369/661 2588/4373/2588
f 1871/4374/1871 1872/4375/1872 2589/4376/2589
f 1871/3668/1871 2589/4377/2589 2073/3125/2073
f 2431/4378/2431 249/318/249 2590/4379/2590
f 2431/4378/2431 2590/4379/2590 1025/1446/1025
f 2431/4378/2431 1025/1446/1025 2432/4255/2432
f 491/640/491 2465/4033/2465 492/641/492
f 458/602/458 459/603/459 1272/1822/1272
f 458/602/458 1272/1822/1272 1271/1821/1271
f 273/4380/273 2353/3755/2353 274/4381/274
f 2219/3404/2219 1771/3403/1771 1877/4382/1877
f 2219/3401/2219 2591/4383/2591 611/826/611
f 2219/3404/2219 1877/4382/1877 2591/4384/2591
f 49/62/49 52/65/52 1137/3321/1137
f 2221/3409/2221 621/839/621 2222/3410/2222
f 2221/3409/2221 2100/3411/2100 187/241/187
f 628/848/628 626/844/626 2592/4385/2592
f 628/848/628 2212/4386/2212 1373/1973/1373
f 628/848/628 2592/4385/2592 2212/4386/2212
f 752/1040/752 754/1046/754 2438/3963/2438
f 752/4087/752 2438/4387/2438 986/1385/986
f 1700/2483/1700 1488/4388/1488 1701/2484/1701
f 1700/4389/1700 1489/4390/1489 1488/4391/1488
f 2593/4392/2593 2282/3582/2282 1780/2616/1780
f 2593/4392/2593 1778/2615/1778 2335/3705/2335
f 2593/4392/2593 1953/3583/1953 2282/3582/2282
f 2593/4392/2593 1954/4393/1954 1953/3583/1953
f 2593/4394/2593 2335/3703/2335 1954/2920/1954
f 2593/4392/2593 1780/2616/1780 1778/2615/1778
f 2553/4283/2553 1813/2665/1813 2423/3920/2423
f 2553/4283/2553 2410/3891/2410 1813/2665/1813
f 2553/4283/2553 1100/4285/1100 2410/3891/2410
f 2553/4283/2553 219/283/219 218/282/218
f 2553/4283/2553 2423/3920/2423 219/283/219
f 1500/2174/1500 2052/3094/2052 1501/2175/1501
f 2337/3710/2337 237/302/237 2562/4309/2562
f 2337/3710/2337 2562/4309/2562 970/3711/970
f 1512/2192/1512 1511/2191/1511 2058/3101/2058
f 1512/2192/1512 2058/3101/2058 2450/4395/2450
f 1512/2192/1512 2450/4395/2450 976/2193/976
f 2478/4396/2478 2477/4083/2477 788/1095/788
f 2478/4396/2478 788/1095/788 1769/2596/1769
f 1967/2938/1967 2594/4397/2594 1968/2939/1968
f 1967/2938/1967 1904/2821/1904 2594/4397/2594
f 1526/2210/1526 701/962/701 1528/2212/1528
f 1526/2210/1526 2027/3052/2027 2383/3815/2383
f 1526/2210/1526 2383/3815/2383 701/962/701
f 2340/3721/2340 1973/2955/1973 1239/1777/1239
f 2340/3719/2340 2387/4398/2387 2341/3720/2341
f 2340/3721/2340 1239/1777/1239 2387/3823/2387
f 927/3727/927 2595/4399/2595 311/404/311
f 927/3727/927 926/4400/926 2595/4399/2595
f 808/1129/808 807/1125/807 2225/4401/2225
f 808/1127/808 2225/3421/2225 1783/2619/1783
f 1545/2240/1545 295/2239/295 292/1593/292
f 1545/2240/1545 292/1593/292 1125/1592/1125
f 1550/2245/1550 2596/4402/2596 1551/2246/1551
f 1550/2245/1550 540/3631/540 2596/4402/2596
f 1560/2268/1560 2597/4403/2597 2351/3751/2351
f 1560/2268/1560 2215/3393/2215 2597/4403/2597
f 1433/2075/1433 1997/2998/1997 1434/2076/1434
f 1433/2075/1433 2598/4404/2598 1997/2998/1997
f 1437/2084/1437 616/2083/616 2599/4405/2599
f 2600/4406/2600 855/1184/855 854/1183/854
f 2600/4406/2600 1809/2658/1809 855/1184/855
f 2600/4406/2600 2468/4407/2468 212/4408/212
f 2600/4406/2600 854/1183/854 2468/4407/2468
f 2600/4409/2600 212/4410/212 1809/3916/1809
f 859/4411/859 2601/4412/2601 1785/2624/1785
f 859/1188/859 1785/2623/1785 860/1189/860
f 859/4411/859 2602/4413/2602 2601/4412/2601
f 859/4411/859 862/4414/862 2602/4413/2602
f 44/54/44 2065/3114/2065 1130/1599/1130
f 44/54/44 2066/3115/2066 2065/3114/2065
f 1596/2319/1596 1597/2320/1597 1896/3856/1896
f 1596/2319/1596 1452/2104/1452 814/1135/814
f 1596/2319/1596 1896/3856/1896 1453/2105/1453
f 1596/2319/1596 1453/2105/1453 1452/2104/1452
f 998/1405/998 999/1404/999 2069/4415/2069
f 2246/3504/2246 1313/1877/1313 656/889/656
f 2246/4416/2246 2295/3608/2295 2603/4417/2603
f 2246/4418/2246 2603/2565/2603 2247/4419/2247
f 2246/4416/2246 656/884/656 2295/3608/2295
f 1612/2340/1612 2156/4420/2156 1613/2341/1613
f 1836/2698/1836 710/2701/710 2547/4421/2547
f 1836/3461/1836 2547/4274/2547 1073/3462/1073
f 2275/3567/2275 2492/4422/2492 2276/3568/2276
f 2275/4121/2275 741/1022/741 2491/4122/2491
f 2275/4121/2275 742/1023/742 741/1022/741
f 2374/3797/2374 753/4191/753 2375/3798/2375
f 760/1057/760 762/1060/762 1703/4423/1703
f 760/1057/760 1701/4424/1701 2473/4425/2473
f 760/1057/760 2473/4425/2473 761/1058/761
f 760/1057/760 1703/4423/1703 1701/4424/1701
f 1601/2326/1601 687/2327/687 345/4426/345
f 1601/2326/1601 345/4426/345 2347/3740/2347
f 1601/2326/1601 2347/3740/2347 1401/2016/1401
f 2235/3456/2235 692/949/692 693/952/693
f 2235/3456/2235 1116/1578/1116 692/949/692
f 2235/3456/2235 693/952/693 1870/2757/1870
f 2518/4194/2518 1611/2338/1611 2376/3803/2376
f 2518/4193/2518 2294/4346/2294 1611/2343/1611
f 1618/4427/1618 1821/4428/1821 1619/4429/1619
f 1618/4430/1618 1822/4431/1822 1821/4432/1821
f 1568/2282/1568 2311/4258/2311 2310/4433/2310
f 2519/4198/2519 883/2003/883 2541/4434/2541
f 2519/4198/2519 146/187/146 883/2003/883
f 151/193/151 153/195/153 1876/4435/1876
f 151/193/151 1879/2781/1879 152/194/152
f 1636/2377/1636 162/207/162 159/203/159
f 1770/4436/1770 2136/3231/2136 2586/4365/2586
f 1087/1537/1087 182/236/182 2529/4219/2529
f 1087/1537/1087 183/237/183 182/236/182
f 1091/1543/1091 2211/3383/2211 1092/1544/1092
f 1657/2409/1657 2601/4412/2601 748/1036/748
f 1657/2409/1657 1785/2624/1785 2601/4412/2601
f 1657/2409/1657 748/1036/748 1658/2410/1658
f 913/1269/913 2083/3140/2083 2014/3027/2014
f 913/1269/913 2014/3027/2014 915/1270/915
f 1909/2826/1909 2537/4253/2537 1910/4437/1910
f 2505/4162/2505 2504/4161/2504 2604/4438/2604
f 1705/4439/1705 1917/4440/1917 1706/4441/1706
f 1340/3058/1340 1923/2857/1923 1341/1927/1341
f 51/64/51 54/67/54 182/236/182
f 61/2865/61 2089/4442/2089 2514/4183/2514
f 61/75/61 62/78/62 2089/4443/2089
f 1928/2868/1928 1929/2870/1929 2422/3919/2422
f 89/116/89 2305/3622/2305 90/117/90
f 908/1259/908 2291/3601/2291 2605/4444/2605
f 908/1259/908 2605/4444/2605 909/1260/909
f 908/1259/908 1939/2894/1939 2291/3601/2291
f 1714/4445/1714 1715/4446/1715 2524/4207/2524
f 1714/2510/1714 2524/4205/2524 2523/4204/2523
f 2204/3365/2204 655/883/655 2606/4447/2606
f 2204/3365/2204 497/649/497 655/883/655
f 2204/3365/2204 2606/4447/2606 1760/3366/1760
f 837/1161/837 1766/2593/1766 838/1162/838
f 180/3831/180 2208/3376/2208 1256/1800/1256
f 180/3831/180 1256/1800/1256 1255/1799/1255
f 1779/2613/1779 1261/4126/1261 1260/2614/1260
f 2601/4412/2601 2602/4413/2602 749/1034/749
f 2601/4412/2601 749/1034/749 748/1036/748
f 1977/2961/1977 934/2963/934 2556/4448/2556
f 1977/4449/1977 1739/1009/1739 1978/4450/1978
f 1697/2479/1697 877/1217/877 876/1213/876
f 1697/2479/1697 878/2478/878 877/1217/877
f 1697/4451/1697 876/4452/876 2572/4453/2572
f 2195/3341/2195 1033/1454/1033 1030/1451/1030
f 2195/3341/2195 1207/3344/1207 596/805/596
f 890/1233/890 1798/2645/1798 1209/1730/1209
f 890/3434/890 1968/3433/1968 1797/4454/1797
f 1222/1751/1222 2152/4227/2152 2299/3612/2299
f 1227/4455/1227 1230/4231/1230 2531/4234/2531
f 1227/4455/1227 2531/4234/2531 1228/4456/1228
f 1300/4316/1300 1301/3655/1301 1332/1909/1332
f 1300/4316/1300 1332/1909/1332 407/532/407
f 2011/3023/2011 1663/2418/1663 1662/2417/1662
f 2011/3023/2011 2607/4457/2607 1663/2418/1663
f 2011/3023/2011 2012/3024/2012 2607/4457/2607
f 767/1074/767 2397/3848/2397 352/464/352
f 2491/4122/2491 741/1022/741 2608/4458/2608
f 2491/4123/2491 2183/3316/2183 955/3320/955
f 2491/4123/2491 2608/4459/2608 2183/3316/2183
f 2324/4105/2324 2325/4460/2325 1687/2460/1687
f 2324/4105/2324 1687/2460/1687 1321/1894/1321
f 2486/4106/2486 1689/2462/1689 2154/3269/2154
f 2486/4106/2486 2154/3269/2154 1832/2692/1832
f 2486/4106/2486 383/4108/383 1264/1810/1264
f 2486/4106/2486 1264/1810/1264 1689/2462/1689
f 1266/1813/1266 2609/4461/2609 2228/3436/2228
f 1266/1813/1266 1267/1814/1267 2609/4461/2609
f 2610/4462/2610 1561/2272/1561 1276/1828/1276
f 2610/4462/2610 275/355/275 1561/2272/1561
f 2436/3952/2436 1846/3981/1846 1845/3953/1845
f 2436/3952/2436 1447/2099/1447 1446/2098/1446
f 2436/3952/2436 1446/2098/1446 1846/3981/1846
f 2436/3952/2436 1185/3955/1185 1447/2099/1447
f 1451/2103/1451 1450/2102/1450 2495/4130/2495
f 1855/2735/1855 39/49/39 37/47/37
f 1855/2735/1855 37/47/37 1856/2736/1856
f 2293/3604/2293 795/3606/795 2023/3048/2023
f 2293/3604/2293 1615/4047/1615 2294/3605/2294
f 503/3054/503 509/2525/509 919/1284/919
f 503/658/503 2028/4463/2028 504/659/504
f 2239/2154/2239 1230/4464/1230 1229/3134/1229
f 2000/3001/2000 2489/4117/2489 2039/3069/2039
f 343/448/343 1899/3078/1899 2044/3077/2044
f 343/4465/343 342/2402/342 1651/2400/1651
f 343/4465/343 1651/2400/1651 1899/2808/1899
f 1870/2758/1870 1552/4466/1552 946/1323/946
f 1870/4467/1870 2045/3082/2045 1552/2247/1552
f 1870/4468/1870 693/4469/693 2045/4470/2045
f 2047/3084/2047 1593/4471/1593 361/1560/361
f 2047/3084/2047 2050/3087/2050 1593/4471/1593
f 1412/3375/1412 682/927/682 1948/2911/1948
f 915/1270/915 2014/3027/2014 2013/3026/2013
f 915/1270/915 561/3314/561 916/4472/916
f 609/824/609 775/1080/775 610/825/610
f 1233/1771/1233 2532/4237/2532 1234/1772/1234
f 579/775/579 2059/3104/2059 580/776/580
f 587/790/587 586/789/586 791/1099/791
f 587/790/587 788/1095/788 2611/4473/2611
f 866/4474/866 1329/1905/1329 867/3654/867
f 1387/1993/1387 2463/4025/2463 1388/1994/1388
f 1387/1998/1387 1460/3429/1460 2463/4475/2463
f 2073/4476/2073 2589/4376/2589 2379/3809/2379
f 2073/4476/2073 2379/3809/2379 2074/4477/2074
f 2612/4478/2612 2597/4403/2597 2215/3393/2215
f 2612/4478/2612 2613/4479/2613 2597/4403/2597
f 2612/4478/2612 2339/4480/2339 2614/4481/2614
f 2612/4478/2612 2215/3393/2215 2339/4480/2339
f 2612/4478/2612 2614/4481/2614 2613/4479/2613
f 249/318/249 1358/1949/1358 2590/4379/2590
f 85/104/85 2097/4482/2097 86/105/86
f 85/110/85 79/95/79 2097/3171/2097
f 110/140/110 461/607/461 846/1175/846
f 466/612/466 1252/4483/1252 467/613/467
f 626/844/626 1787/2626/1787 2592/4385/2592
f 681/934/681 683/933/683 1946/2908/1946
f 681/926/681 1948/2911/1948 682/927/682
f 963/1348/963 1492/2159/1492 1780/2616/1780
f 963/1348/963 1780/2616/1780 2282/3582/2282
f 1495/2167/1495 1915/2845/1915 2314/4484/2314
f 1495/2169/1495 330/1301/330 1396/4485/1396
f 1495/2167/1495 1396/2008/1396 1915/2845/1915
f 1495/2167/1495 2314/4484/2314 1496/2168/1496
f 967/1357/967 2286/3591/2286 494/645/494
f 967/1357/967 1499/2173/1499 2286/3591/2286
f 1216/4486/1216 2561/4487/2561 2377/4488/2377
f 1216/4489/1216 2449/4490/2449 2561/4308/2561
f 1216/4491/1216 2377/3806/2377 1217/3805/1217
f 977/1369/977 976/1366/976 2450/3996/2450
f 977/1369/977 2450/3996/2450 1961/3995/1961
f 513/4492/513 1228/4456/1228 2531/4234/2531
f 513/4492/513 2531/4234/2531 514/4493/514
f 513/4494/513 517/4495/517 1228/4496/1228
f 1380/1981/1380 1382/1983/1382 1749/4497/1749
f 1380/4498/1380 1748/2564/1748 1381/4002/1381
f 1380/4498/1380 1749/2568/1749 1748/2564/1748
f 2111/4499/2111 1801/2648/1801 1750/2571/1750
f 2111/3194/2111 2113/3196/2113 2615/4500/2615
f 2111/4501/2111 1349/4502/1349 2112/4503/2112
f 2111/4499/2111 2615/4504/2615 1801/2648/1801
f 2111/4501/2111 1750/4505/1750 1349/4502/1349
f 1973/2952/1973 1456/4430/1456 1390/2953/1390
f 207/264/207 727/1508/727 728/4506/728
f 934/2963/934 2273/4507/2273 2556/4448/2556
f 1979/2966/1979 1869/2755/1869 1867/2751/1867
f 1979/3569/1979 743/4508/743 742/3570/742
f 1197/1708/1197 1196/4509/1196 351/463/351
f 1029/1450/1029 1032/1453/1032 1487/4510/1487
f 1989/4195/1989 1123/1590/1123 1040/1465/1040
f 1989/2987/1989 1992/2990/1992 132/171/132
f 1686/2458/1686 2260/3534/2260 2444/3979/2444
f 1434/2076/1434 1997/2998/1997 1999/3000/1999
f 1434/2076/1434 1999/3000/1999 2170/3289/2170
f 2356/3759/2356 2143/3241/2143 2357/3760/2357
f 2356/3759/2356 1287/1839/1287 2143/3241/2143
f 2003/3008/2003 1857/2738/1857 1856/2741/1856
f 2049/3086/2049 1301/1857/1301 1408/2030/1408
f 2049/3088/2049 2006/3019/2006 2063/4511/2063
f 2049/3088/2049 2063/4511/2063 1301/4512/1301
f 2125/3215/2125 2123/3213/2123 2245/3498/2245
f 2470/4051/2470 2360/3766/2360 2616/4513/2616
f 2470/4049/2470 2616/4514/2616 651/4515/651
f 2470/4049/2470 651/4515/651 648/3482/648
f 2470/4051/2470 2361/3767/2361 2360/3766/2360
f 1313/1877/1313 1312/1875/1312 658/888/658
f 1313/1877/1313 658/888/658 656/889/656
f 432/571/432 436/569/436 718/989/718
f 665/902/665 1223/1754/1223 666/903/666
f 1943/2898/1943 1985/2977/1985 1944/2899/1944
f 1943/2898/1943 1942/2897/1942 1986/2978/1986
f 1943/2898/1943 1986/2978/1986 1985/2977/1985
f 597/806/597 1205/1727/1205 539/711/539
f 597/806/597 598/807/598 1205/1727/1205
f 320/417/320 2339/3717/2339 2215/3394/2215
f 320/417/320 2215/3394/2215 2214/3392/2214
f 320/417/320 2214/3392/2214 321/418/321
f 1826/4516/1826 2327/3683/2327 1827/3684/1827
f 332/432/332 608/823/608 848/1177/848
f 472/618/472 474/620/474 2123/3213/2123
f 472/618/472 2123/3213/2123 850/1179/850
f 853/1182/853 2468/4407/2468 854/1183/854
f 853/1182/853 2088/4517/2088 2468/4407/2468
f 853/1182/853 2099/3174/2099 2088/4517/2088
f 1784/2622/1784 860/1189/860 1785/2623/1785
f 2005/3012/2005 2180/3308/2180 2006/3013/2006
f 1450/2726/1450 1848/2723/1848 2495/4518/2495
f 421/551/421 2404/3868/2404 422/552/422
f 421/551/421 423/553/423 2617/4519/2617
f 421/551/421 2617/4519/2617 2404/3868/2404
f 430/562/430 1616/2345/1616 2249/3506/2249
f 430/562/430 2249/3506/2249 1008/1416/1008
f 430/562/430 429/561/429 1616/2345/1616
f 434/570/434 433/565/433 2160/3639/2160
f 434/567/434 2487/4520/2487 435/568/435
f 2492/4422/2492 439/574/439 13/16/13
f 2492/4422/2492 1730/4521/1730 439/574/439
f 2492/4422/2492 13/16/13 2276/3568/2276
f 2447/4522/2447 2618/4523/2618 2372/4524/2372
f 555/740/555 552/734/552 1257/1801/1257
f 1813/2665/1813 2410/3891/2410 1442/2666/1442
f 1707/2502/1707 2559/4306/2559 2560/4305/2560
f 1707/2502/1707 1709/2504/1709 2559/4306/2559
f 2561/4308/2561 2449/4490/2449 2562/4309/2562
f 2561/4525/2561 2563/4526/2563 2377/4527/2377
f 2057/3100/2057 785/3102/785 1071/1511/1071
f 2057/3100/2057 2450/4395/2450 2058/3101/2058
f 1520/2644/1520 1797/2641/1797 1521/4528/1521
f 505/4529/505 921/1282/921 506/4530/506
f 505/665/505 504/659/504 2028/4463/2028
f 505/4529/505 2028/3055/2028 921/1282/921
f 807/1125/807 2619/4531/2619 2225/4401/2225
f 807/4532/807 2241/4533/2241 2619/4534/2619
f 1789/2629/1789 1791/2632/1791 2557/4297/2557
f 1789/2629/1789 2557/4297/2557 2306/4535/2306
f 1546/2241/1546 2308/4536/2308 1547/2242/1547
f 1546/2241/1546 2020/3042/2020 2308/4536/2308
f 441/4537/441 443/584/443 1552/4466/1552
f 1330/1907/1330 2092/3163/2092 1862/2745/1862
f 992/1393/992 2207/3372/2207 639/864/639
f 996/2850/996 1202/1721/1202 1919/2851/1919
f 996/2850/996 1921/2855/1921 34/3500/34
f 2321/3663/2321 2102/3181/2102 892/1239/892
f 2321/3667/2321 2070/3666/2070 661/4369/661
f 2074/4538/2074 2379/3808/2379 1472/4539/1472
f 2074/3126/2074 1472/2126/1472 1469/2123/1469
f 2254/3524/2254 2446/3989/2446 2417/3911/2417
f 2254/3524/2254 2417/3911/2417 2255/3525/2255
f 1275/4540/1275 603/4541/603 602/4542/602
f 1275/1826/1275 1562/2273/1562 603/4543/603
f 1178/1685/1178 2435/3950/2435 2119/3204/2119
f 1178/4544/1178 1177/3948/1177 2435/3947/2435
f 611/826/611 2591/4383/2591 612/827/612
f 621/836/621 2514/4545/2514 2091/3159/2091
f 621/839/621 2091/3162/2091 2222/3410/2222
f 621/836/621 962/1350/962 2514/4545/2514
f 1787/2626/1787 1733/2541/1733 2555/4546/2555
f 1787/2626/1787 2555/4546/2555 2592/4385/2592
f 1787/2626/1787 1786/2627/1786 1733/2541/1733
f 716/4547/716 803/1119/803 717/1991/717
f 716/987/716 718/989/718 800/1121/800
f 721/994/721 2387/4548/2387 722/995/722
f 721/994/721 720/993/720 1532/2216/1532
f 721/4549/721 161/4550/161 2387/4551/2387
f 930/1298/930 1084/1534/1084 931/1299/931
f 930/1300/930 220/1297/220 222/3562/222
f 818/1139/818 339/443/339 819/1140/819
f 1401/2016/1401 2347/3740/2347 1403/4552/1403
f 352/1068/352 353/4074/353 768/1069/768
f 1406/2024/1406 677/2031/677 676/4221/676
f 1597/2799/1597 1595/4553/1595 1895/2800/1895
f 2051/3093/2051 2257/4554/2257 2052/3094/2052
f 2051/4360/2051 72/88/72 2257/3527/2257
f 2474/4079/2474 2583/4361/2583 2055/4080/2055
f 2604/4438/2604 2620/4555/2620 1589/4556/1589
f 2604/4438/2604 2504/4161/2504 2620/4555/2620
f 2604/4438/2604 1589/4556/1589 1588/4557/1588
f 1324/1898/1324 2291/3601/2291 1325/1899/1325
f 1324/1898/1324 1427/3715/1427 586/789/586
f 1324/1898/1324 1323/1897/1323 1427/3715/1427
f 1659/2415/1659 1660/2414/1660 2406/3876/2406
f 1659/2413/1659 2407/3879/2407 2566/4317/2566
f 1659/2413/1659 2566/4317/2566 406/531/406
f 53/66/53 55/68/55 1895/2803/1895
f 53/66/53 1595/2318/1595 54/67/54
f 53/66/53 1895/2803/1895 1595/2318/1595
f 2002/3006/2002 1950/3004/1950 1952/3701/1952
f 2002/3006/2002 1952/3701/1952 2568/4558/2568
f 74/3869/74 1673/2432/1673 1149/1641/1149
f 74/3869/74 1149/1641/1149 75/1640/75
f 1584/2307/1584 899/1247/899 897/1245/897
f 1584/2307/1584 1676/2440/1676 899/1247/899
f 1680/2446/1680 1159/1654/1159 1158/1650/1158
f 1680/2446/1680 1158/1650/1158 1681/2447/1681
f 1680/2453/1680 1679/2452/1679 1159/3907/1159
f 2016/4559/2016 2018/4560/2018 2250/4561/2250
f 2016/4559/2016 2250/4561/2250 2155/4562/2155
f 2016/3030/2016 2155/3270/2155 2017/3031/2017
f 785/1092/785 784/1091/784 1837/2704/1837
f 2573/4563/2573 2454/4005/2454 2574/4564/2574
f 2573/4565/2573 2192/4566/2192 879/4567/879
f 2573/4568/2573 2193/3339/2193 2192/3338/2192
f 2573/4569/2573 2572/4570/2572 2193/4571/2193
f 2573/4563/2573 879/4572/879 2454/4005/2454
f 2440/3971/2440 2393/3839/2393 2196/3342/2196
f 2440/3971/2440 2196/3342/2196 1030/1451/1030
f 2440/4339/2440 2488/4114/2488 2394/4115/2394
f 2440/3971/2440 2394/3840/2394 2393/3839/2393
f 1438/3212/1438 850/1179/850 2123/3213/2123
f 1708/4573/1708 2128/3218/2128 2127/3217/2127
f 1708/4573/1708 2129/3219/2129 2128/3218/2128
f 1708/4573/1708 2127/3217/2127 1709/4574/1709
f 1708/4573/1708 28/2087/28 2129/3219/2129
f 746/1035/746 2349/3747/2349 40/3750/40
f 746/1035/746 749/1034/749 2349/3747/2349
f 746/4575/746 40/50/40 39/49/39
f 1027/4576/1027 1026/2144/1026 1485/2143/1485
f 1884/2787/1884 1635/2375/1635 1721/4577/1721
f 168/219/168 2452/3999/2452 2388/3825/2388
f 168/219/168 169/223/169 2270/3558/2270
f 904/1255/904 2139/3237/2139 520/2888/520
f 904/1255/904 906/1257/906 1729/2531/1729
f 904/1255/904 1729/2531/1729 1890/3236/1890
f 1950/2915/1950 2266/3547/2266 1951/2916/1951
f 2458/4290/2458 2555/4289/2555 2359/3764/2359
f 2458/4290/2458 2359/3764/2359 635/3763/635
f 2621/4578/2621 1018/1440/1018 2536/4252/2536
f 2621/4578/2621 1019/1437/1019 1018/1440/1018
f 2621/4579/2621 2536/4580/2536 1841/4581/1841
f 2621/4579/2621 1841/4581/1841 2498/4139/2498
f 2621/4578/2621 2498/4135/2498 1019/1437/1019
f 539/711/539 1205/1727/1205 1204/4226/1204
f 539/711/539 542/720/542 2095/3167/2095
f 1801/2648/1801 2615/4504/2615 973/2649/973
f 1513/2194/1513 1514/2195/1514 666/904/666
f 1513/3648/1513 666/903/666 1223/1754/1223
f 2476/4082/2476 2611/4473/2611 2477/4083/2477
f 2622/4582/2622 1522/4583/1522 1521/4584/1521
f 2622/4585/2622 1797/2641/1797 2623/4586/2623
f 2622/4582/2622 2534/4587/2534 1522/4583/1522
f 2622/4582/2622 2623/4588/2623 253/4589/253
f 2622/4582/2622 253/4589/253 2534/4587/2534
f 2622/4585/2622 1521/4528/1521 1797/2641/1797
f 600/4590/600 599/4591/599 1621/2352/1621
f 600/4590/600 1621/2352/1621 1620/2351/1620
f 1565/2276/1565 1281/1833/1281 1280/1832/1280
f 287/368/287 529/697/529 288/369/288
f 287/368/287 286/371/286 528/696/528
f 1919/2851/1919 1202/1721/1202 2255/3525/2255
f 1919/4592/1919 2255/4593/2255 2624/4594/2624
f 1919/2851/1919 2624/4595/2624 1920/2852/1920
f 1131/4596/1131 1130/4597/1130 2180/4598/2180
f 2181/4599/2181 1056/1485/1056 2526/4600/2526
f 2181/4599/2181 1057/1486/1057 1056/1485/1056
f 2422/3919/2422 219/283/219 2423/3920/2423
f 2422/3919/2422 1929/2870/1929 221/285/221
f 2422/3919/2422 221/285/221 219/283/219
f 228/4268/228 1905/2817/1905 2430/3937/2430
f 228/4268/228 230/2819/230 1905/2817/1905
f 777/1084/777 1169/1666/1169 261/338/261
f 777/1084/777 575/770/575 1169/1666/1169
f 777/1084/777 261/338/261 778/1085/778
f 2232/3447/2232 2231/3446/2231 1590/2313/1590
f 1591/3932/1591 2080/3133/2080 1356/4601/1356
f 1591/3932/1591 2110/3193/2110 2080/3133/2080
f 1198/1714/1198 1862/2745/1862 1199/1715/1199
f 1198/1714/1198 1594/2746/1594 1862/2745/1862
f 1740/2551/1740 1741/2553/1741 2326/4602/2326
f 2625/4603/2625 121/3257/121 2069/4415/2069
f 2625/4604/2625 999/4324/999 2570/4325/2570
f 2625/4603/2625 2149/3258/2149 121/3257/121
f 2625/4604/2625 2570/4325/2570 2149/3800/2149
f 2625/4603/2625 2069/4415/2069 999/1404/999
f 2472/4064/2472 378/503/378 375/500/375
f 2472/4063/2472 541/4148/541 536/706/536
f 1210/3665/1210 1212/4605/1212 2500/4144/2500
f 1210/3665/1210 2071/4606/2071 2070/3666/2070
f 1210/3665/1210 2500/4144/2500 2071/4606/2071
f 1507/2185/1507 1508/2188/1508 1160/1653/1160
f 1507/2185/1507 1160/1653/1160 1159/1652/1159
f 139/178/139 141/180/141 2501/4607/2501
f 139/178/139 2298/3613/2298 1337/1918/1337
f 139/178/139 2501/4607/2501 2298/3613/2298
f 312/2364/312 315/4608/315 1134/1610/1134
f 312/401/312 1630/4609/1630 313/402/313
f 1640/4610/1640 324/4611/324 1641/4612/1641
f 1640/4610/1640 325/4613/325 324/4611/324
f 1104/1562/1104 636/860/636 634/861/634
f 1104/1562/1104 634/861/634 1105/1563/1105
f 1111/1573/1111 1112/1572/1112 1398/2012/1398
f 1111/1573/1111 1398/2012/1398 112/142/112
f 825/1146/825 2346/3744/2346 2044/3743/2044
f 825/1146/825 2044/3743/2044 1851/2728/1851
f 825/1146/825 1403/2020/1403 2346/3744/2346
f 825/1146/825 826/1147/826 1403/2020/1403
f 747/1031/747 1658/4614/1658 748/1032/748
f 655/883/655 2295/3608/2295 656/884/656
f 655/883/655 654/882/654 2606/4447/2606
f 1722/2521/1722 2267/3552/2267 1723/2522/1723
f 1722/4615/1722 1767/4157/1767 2267/4152/2267
f 1393/2004/1393 146/187/146 2031/3061/2031
f 2460/4021/2460 1201/4616/1201 113/143/113
f 2460/4019/2460 817/1138/817 1542/2236/1542
f 2460/4021/2460 1542/4617/1542 1201/4616/1201
f 2308/4536/2308 939/1317/939 1547/2242/1547
f 2308/3627/2308 2020/4618/2020 2309/3628/2309
f 443/584/443 946/1323/946 1552/4466/1552
f 546/726/546 1405/2022/1405 547/727/547
f 546/726/546 2278/3578/2278 1405/2022/1405
f 1415/4619/1415 1952/3701/1952 1416/3700/1416
f 1415/4619/1415 1418/4620/1418 1952/3701/1952
f 1956/2924/1956 2161/3278/2161 2158/3274/2158
f 1956/2924/1956 2626/4621/2626 1957/2925/1957
f 1956/2924/1956 2158/3274/2158 2626/4621/2626
f 2256/3589/2256 1501/2175/1501 2257/4554/2257
f 701/962/701 2288/3594/2288 704/966/704
f 701/962/701 2383/3815/2383 2288/3594/2288
f 586/789/586 1427/3715/1427 791/1099/791
f 1301/1857/1301 984/1381/984 1408/2030/1408
f 1662/2417/1662 165/214/165 2319/3660/2319
f 32/4622/32 34/4623/34 1921/4624/1921
f 32/4625/32 1921/2855/1921 33/3844/33
f 1312/1875/1312 1628/2363/1628 658/888/658
f 1312/1875/1312 1744/3988/1744 1628/2363/1628
f 1013/1428/1013 1012/1427/1012 1123/1588/1123
f 1018/1440/1018 1017/1439/1017 2537/4253/2537
f 1018/1440/1018 2537/4253/2537 2536/4252/2536
f 442/577/442 2590/4379/2590 444/579/444
f 442/577/442 1025/1446/1025 2590/4379/2590
f 834/4626/834 1359/4627/1359 1879/4628/1879
f 834/4626/834 832/4629/832 1359/4627/1359
f 834/4626/834 1879/4628/1879 1878/4630/1878
f 834/1157/834 1878/2780/1878 951/1329/951
f 1037/4631/1037 2351/3751/2351 2627/4632/2627
f 1037/1458/1037 2627/4633/2627 1990/2988/1990
f 2444/3979/2444 2260/3534/2260 2528/4216/2528
f 55/68/55 2628/4634/2628 2445/3983/2445
f 55/68/55 50/63/50 2628/4634/2628
f 345/4426/345 344/3741/344 2347/3740/2347
f 353/465/353 354/468/354 559/744/559
f 612/827/612 2591/4383/2591 567/753/567
f 2629/4635/2629 2630/1279/2630 618/4636/618
f 435/4637/435 2367/4638/2367 2187/4639/2187
f 435/568/435 2187/3326/2187 436/569/436
f 435/4637/435 2487/4640/2487 2367/4638/2367
f 380/3903/380 2238/3476/2238 1122/1584/1122
f 387/512/387 390/515/390 1751/2572/1751
f 646/874/646 2386/3824/2386 1531/3481/1531
f 646/871/646 722/996/722 2386/3821/2386
f 1534/4055/1534 2164/3487/2164 2240/3485/2240
f 1534/2219/1534 1627/2362/1627 2164/3285/2164
f 2040/3070/2040 2631/4641/2631 2001/3002/2001
f 1548/2243/1548 1547/2242/1547 941/1314/941
f 534/703/534 1554/2249/1554 1607/2334/1607
f 2082/3138/2082 896/2824/896 1118/1580/1118
f 2082/3138/2082 1118/1580/1118 1117/1579/1117
f 2352/4642/2352 1562/2273/1562 274/3150/274
f 2352/3754/2352 274/4381/274 2353/3755/2353
f 2352/4642/2352 604/4643/604 1562/2273/1562
f 698/959/698 697/958/697 2632/4644/2632
f 616/2083/616 2630/4645/2630 2599/4405/2599
f 616/831/616 618/833/618 2630/4646/2630
f 2007/3015/2007 2009/3021/2009 868/1201/868
f 2463/4475/2463 1460/3429/1460 2402/4647/2402
f 2463/4025/2463 2402/3866/2402 2403/3865/2403
f 1001/1408/1001 1464/4648/1464 1002/1409/1002
f 1001/1408/1001 727/1002/727 1464/4648/1464
f 1001/1408/1001 2633/4649/2633 2464/4027/2464
f 255/332/255 257/331/257 2365/4650/2365
f 255/332/255 2588/4373/2588 661/4369/661
f 255/332/255 2365/4650/2365 2588/4373/2588
f 1474/2128/1474 439/574/439 1730/4521/1730
f 1474/2128/1474 1730/4521/1730 1729/2531/1729
f 1474/2128/1474 906/1257/906 1475/2129/1475
f 1474/2128/1474 1729/2531/1729 906/1257/906
f 357/471/357 1735/4651/1735 359/473/359
f 1790/2631/1790 2191/3334/2191 1791/2632/1791
f 1790/2631/1790 1793/2634/1793 2260/3534/2260
f 11/13/11 120/151/120 12/14/12
f 1802/3350/1802 141/180/141 2198/3351/2198
f 1802/3350/1802 2501/4607/2501 141/180/141
f 1238/1776/1238 2387/3823/2387 1239/1777/1239
f 1410/3377/1410 2208/3376/2208 2391/3830/2391
f 1551/2246/1551 2596/4402/2596 2393/3839/2393
f 1602/2328/1602 1600/2329/1600 2483/4096/2483
f 1667/2426/1667 2437/4652/2437 301/550/301
f 1667/4653/1667 2178/4654/2178 2437/1709/2437
f 1667/4655/1667 1146/4656/1146 2484/4657/2484
f 1667/4658/1667 2484/4659/2484 2178/4660/2178
f 58/77/58 1810/2661/1810 62/78/62
f 1314/4661/1314 452/591/452 451/590/451
f 1314/4662/1314 2185/4663/2185 452/4664/452
f 959/4665/959 1585/3141/1585 1631/3145/1631
f 959/4665/959 1631/3145/1631 960/4666/960
f 2367/3787/2367 1354/1942/1354 2187/4667/2187
f 2367/4638/2367 2487/4640/2487 2368/4668/2368
f 2367/3787/2367 2369/3790/2369 1354/1942/1354
f 1825/3330/1825 2188/3329/2188 2373/3796/2373
f 203/4669/203 1805/3493/1805 204/261/204
f 203/259/203 2523/4204/2523 1571/2653/1571
f 311/404/311 2595/4399/2595 314/405/314
f 710/982/710 711/981/711 2547/4274/2547
f 2001/3002/2001 2631/4641/2631 2548/4277/2548
f 636/860/636 2413/4354/2413 731/1006/731
f 1200/4670/1200 1201/4616/1201 1542/4617/1542
f 1117/2557/1117 2014/3027/2014 2083/3140/2083
f 2151/3266/2151 2508/4169/2508 2152/3267/2152
f 1874/2774/1874 1964/2935/1964 144/185/144
f 306/395/306 1660/4671/1660 1299/2858/1299
f 306/4672/306 2406/3876/2406 1660/2414/1660
f 314/407/314 1850/2725/1850 315/408/315
f 314/407/314 2595/4673/2595 2012/3024/2012
f 314/407/314 2012/3024/2012 1850/2725/1850
f 522/2869/522 524/4674/524 1929/2870/1929
f 229/293/229 227/291/227 1150/1642/1150
f 2105/3189/2105 1820/3784/1820 2106/4675/2106
f 2634/4676/2634 1991/3975/1991 1990/4677/1990
f 2634/4676/2634 2442/3976/2442 1991/3975/1991
f 2634/4676/2634 2613/4479/2613 2614/4481/2614
f 2634/4676/2634 1990/4677/1990 2613/4479/2613
f 2634/4676/2634 2614/4481/2614 2442/3976/2442
f 2363/3771/2363 1906/4678/1906 1907/3772/1907
f 2363/3771/2363 257/3776/257 253/4589/253
f 2363/3771/2363 2623/4588/2623 1906/4678/1906
f 2363/3771/2363 253/4589/253 2623/4588/2623
f 1911/2840/1911 1910/2839/1910 2574/4564/2574
f 1911/2840/1911 2574/4564/2574 2454/4005/2454
f 1914/2843/1914 1702/2486/1702 1703/2489/1703
f 1914/2843/1914 2120/3206/2120 1702/2486/1702
f 1914/2843/1914 1703/2489/1703 762/2844/762
f 2576/4679/2576 468/4680/468 1183/4681/1183
f 2576/4682/2576 1183/1690/1183 1182/1688/1182
f 640/865/640 642/867/642 1191/1700/1191
f 640/865/640 1191/1700/1191 641/866/641
f 2126/3216/2126 775/1080/775 773/4300/773
f 2126/3216/2126 773/4300/773 2127/3217/2127
f 38/48/38 41/51/41 2131/3221/2131
f 1812/2664/1812 2484/4101/2484 1145/1637/1145
f 2106/4675/2106 779/4683/779 778/4684/778
f 2106/4675/2106 1820/3784/1820 779/4683/779
f 2635/4685/2635 1422/4686/1422 2289/4687/2289
f 1829/2689/1829 1828/2685/1828 670/908/670
f 2594/4688/2594 1904/4689/1904 1906/4678/1906
f 2594/4690/2594 1797/4454/1797 1968/3433/1968
f 2594/4688/2594 1906/4678/1906 2623/4588/2623
f 2594/4690/2594 2623/4691/2623 1797/4454/1797
f 1935/2885/1935 899/1249/899 2515/4186/2515
f 1935/2885/1935 900/1250/900 899/1249/899
f 2435/3950/2435 2434/3949/2434 2119/3204/2119
f 1188/4164/1188 1190/1699/1190 284/4692/284
f 2437/3957/2437 2177/3987/2177 2130/3220/2130
f 2437/4693/2437 2178/3303/2178 2177/3302/2177
f 1629/2365/1629 1631/2367/1631 1763/2587/1763
f 1629/2365/1629 1760/2584/1760 1630/2366/1630
f 1770/4694/1770 2585/4366/2585 2408/3884/2408
f 1770/4436/1770 2586/4365/2586 2585/4364/2585
f 1088/1538/1088 2344/3736/2344 1775/3832/1775
f 1443/3746/1443 2349/3747/2349 2602/4413/2602
f 1443/3746/1443 2602/4413/2602 862/4414/862
f 359/473/359 1735/4651/1735 2412/4695/2412
f 359/475/359 2412/3894/2412 360/476/360
f 2636/4696/2636 414/543/414 2483/4096/2483
f 2636/4696/2636 2483/4096/2483 1600/2329/1600
f 2636/4697/2636 1402/2017/1402 417/4225/417
f 2636/4696/2636 417/546/417 414/543/414
f 2636/4697/2636 1600/2325/1600 1402/2017/1402
f 1611/2343/1611 2294/4346/2294 1615/2344/1615
f 560/745/560 916/1274/916 561/746/561
f 560/745/560 1168/1665/1168 916/1274/916
f 560/4698/560 262/4699/262 1168/4700/1168
f 560/4698/560 263/4701/263 262/4699/262
f 1017/1432/1017 2117/3837/2117 1910/4702/1910
f 1017/1439/1017 1910/4437/1910 2537/4253/2537
f 2503/4160/2503 2506/4163/2506 2581/4353/2581
f 2637/4703/2637 423/4704/423 299/382/299
f 2637/4703/2637 1711/2506/1711 2247/3502/2247
f 2637/4703/2637 2247/3502/2247 423/4704/423
f 2637/4703/2637 299/382/299 1711/2506/1711
f 1052/1481/1052 2328/3685/2328 1053/1482/1053
f 1052/1481/1052 1051/1480/1051 2328/3685/2328
f 1849/2727/1849 315/4608/315 1850/4705/1850
f 1849/2727/1849 1134/1610/1134 315/4608/315
f 1459/4706/1459 2402/4647/2402 1460/3429/1460
f 2404/3868/2404 499/3817/499 2384/3816/2384
f 2404/3868/2404 2617/4519/2617 500/4707/500
f 2404/3868/2404 500/4707/500 499/3817/499
f 2404/3868/2404 2384/3816/2384 2027/3052/2027
f 1031/4495/1031 1034/4708/1034 83/4709/83
f 801/1886/801 903/1891/903 802/2887/802
f 1326/2459/1326 1321/1894/1321 1687/2460/1687
f 1199/1715/1199 1862/2745/1862 2092/3163/2092
f 1741/2553/1741 1738/2554/1738 2325/4710/2325
f 120/151/120 1868/2754/1868 12/14/12
f 2559/4299/2559 1709/4574/1709 2127/3217/2127
f 2559/4299/2559 2127/3217/2127 773/4300/773
f 1872/4375/1872 1506/2184/1506 2589/4376/2589
f 1872/4711/1872 1508/2188/1508 1506/2187/1506
f 141/182/141 137/175/137 2198/4712/2198
f 2031/3061/2031 146/187/146 2032/3062/2032
f 153/4713/153 150/2058/150 2638/4714/2638
f 153/195/153 2638/4715/2638 1876/4435/1876
f 174/228/174 1083/1533/1083 2390/3828/2390
f 174/228/174 172/226/172 1083/1533/1083
f 2550/4279/2550 2549/4278/2549 2639/4716/2639
f 197/251/197 2101/4017/2101 198/252/198
f 1985/2981/1985 1984/2980/1984 1944/2901/1944
f 1991/2989/1991 133/172/133 1992/2990/1992
f 1164/1661/1164 2640/4717/2640 1994/2993/1994
f 1164/1661/1164 1163/1660/1163 2640/4717/2640
f 1164/1661/1164 1994/2993/1994 1165/1662/1165
f 2628/4718/2628 2513/4180/2513 2445/4719/2445
f 2628/4718/2628 50/4181/50 2513/4180/2513
f 2358/3762/2358 2266/3547/2266 1093/1549/1093
f 2358/3762/2358 1093/1549/1093 190/4720/190
f 2358/3762/2358 190/4720/190 187/4721/187
f 2358/3762/2358 187/4721/187 2100/4722/2100
f 1064/1499/1064 2225/3420/2225 2619/4534/2619
f 1064/1499/1064 2619/4534/2619 1065/1500/1065
f 2095/4147/2095 542/4723/542 541/4148/541
f 2364/3774/2364 1346/3180/1346 2102/3179/2102
f 2364/3774/2364 1347/3777/1347 1346/3180/1346
f 2364/3774/2364 2588/4372/2588 2365/3775/2365
f 1153/1645/1153 2112/3785/2112 1349/1937/1349
f 1353/1941/1353 1354/1942/1354 2369/3790/2369
f 1353/1941/1353 2369/3790/2369 2446/3989/2446
f 1356/4601/1356 2080/3133/2080 1357/3132/1357
f 1405/4724/1405 2278/3573/2278 677/918/677
f 1952/3701/1952 1418/4620/1418 2568/4558/2568
f 1957/2925/1957 2609/4461/2609 1096/1553/1096
f 1957/2925/1957 2228/3436/2228 2609/4461/2609
f 1957/2925/1957 2626/4621/2626 2228/3436/2228
f 697/958/697 1503/2178/1503 1675/4725/1675
f 697/958/697 1675/4725/1675 2632/4644/2632
f 970/1360/970 2449/3994/2449 971/1361/971
f 970/3711/970 2562/4309/2562 2449/4490/2449
f 708/974/708 1962/2933/1962 1961/2932/1961
f 1382/1983/1382 1377/4726/1377 1749/4497/1749
f 2479/4727/2479 2457/4728/2457 2456/4729/2456
f 2343/3732/2343 2577/4343/2577 2121/3733/2121
f 2343/3732/2343 18/3734/18 469/615/469
f 2343/3732/2343 469/615/469 2577/4343/2577
f 2346/3739/2346 1403/4552/1403 2347/3740/2347
f 2349/3747/2349 749/1034/749 2602/4413/2602
f 407/532/407 1332/1909/1332 408/533/408
f 2389/3827/2389 2317/3657/2317 167/217/167
f 2389/3827/2389 2496/4133/2496 2317/3657/2317
f 415/544/415 2539/4257/2539 1291/1846/1291
f 415/544/415 418/547/418 2539/4257/2539
f 415/544/415 1291/1846/1291 416/545/416
f 1479/2133/1479 979/1374/979 1481/2135/1481
f 455/598/455 1362/1956/1362 1039/1464/1039
f 1249/1790/1249 1367/1963/1367 1251/1794/1251
f 2641/4730/2641 2264/3545/2264 2466/4037/2466
f 2641/4731/2641 2466/4732/2466 1306/1868/1306
f 1852/2730/1852 2173/3296/2173 1853/2731/1853
f 1852/2730/1852 1851/2732/1851 2043/4098/2043
f 2027/3052/2027 2384/3816/2384 2383/3815/2383
f 1226/2221/1226 516/675/516 924/1289/924
f 2139/4058/2139 524/692/524 520/681/520
f 2139/4058/2139 2471/4057/2471 524/692/524
f 527/695/527 2642/4733/2642 529/697/529
f 527/695/527 2306/3625/2306 2273/3564/2273
f 527/695/527 2146/3244/2146 2642/4733/2642
f 2539/4734/2539 418/4224/418 942/1315/942
f 2539/4734/2539 942/1315/942 940/1313/940
f 2539/4734/2539 940/1313/940 2311/3630/2311
f 538/714/538 1206/1726/1206 540/715/540
f 1984/2980/1984 548/731/548 1944/2901/1944
f 1032/3635/1032 556/739/556 1487/2151/1487
f 623/840/623 622/841/622 1262/2161/1262
f 1915/2845/1915 3/3/3 2314/4484/2314
f 1753/2575/1753 5/5/5 395/520/395
f 1067/1505/1067 2522/4201/2522 2643/4735/2643
f 1067/1505/1067 2643/4735/2643 1713/4736/1713
f 2226/3431/2226 2546/4272/2546 2644/4737/2644
f 2198/4712/2198 1514/2195/1514 2199/4738/2199
f 2198/4712/2198 137/175/137 1514/2195/1514
f 929/1294/929 512/670/512 1166/1663/1166
f 929/1294/929 924/1289/924 512/670/512
f 634/857/634 104/3765/104 2093/4739/2093
f 634/857/634 2093/4739/2093 1105/4740/1105
f 1840/2712/1840 2498/4139/2498 1841/4581/1841
f 389/514/389 1471/3040/1471 390/515/390
f 1595/2318/1595 2529/4219/2529 54/67/54
f 2568/4741/2568 1418/2049/1418 1417/2048/1417
f 1145/1634/1145 2484/4742/2484 1146/1635/1146
f 2442/3976/2442 2614/4481/2614 2425/4030/2425
f 718/989/718 436/569/436 800/1121/800
f 718/989/718 715/986/715 1692/2466/1692
f 2117/3837/2117 1173/4743/1173 1910/4702/1910
f 2393/3839/2393 2596/4402/2596 2196/3342/2196
f 465/611/465 1183/4744/1183 468/614/468
f 465/4745/465 1184/4746/1184 1183/4747/1183
f 1306/1868/1306 2466/4732/2466 1307/1869/1307
f 680/4748/680 1110/4749/1110 683/4750/683
f 414/543/414 2173/3298/2173 2483/4096/2483
f 1616/2345/1616 1613/2346/1613 2249/3506/2249
f 1616/2345/1616 429/561/429 1120/1586/1120
f 1625/4751/1625 1336/4172/1336 2509/4171/2509
f 1876/2778/1876 1231/1769/1231 569/757/569
f 1876/2778/1876 569/757/569 1877/2779/1877
f 1876/2778/1876 2638/4752/2638 1231/1769/1231
f 2645/4753/2645 2646/4754/2646 2527/4211/2527
f 2645/4755/2645 2647/4756/2647 2646/4757/2646
f 2645/4753/2645 2527/4211/2527 2526/4210/2526
f 2645/4755/2645 2526/4600/2526 2647/4756/2647
f 2207/3372/2207 2408/3884/2408 639/864/639
f 17/2385/17 470/616/470 18/3734/18
f 1647/2394/1647 2648/4758/2648 736/4759/736
f 1647/2391/1647 736/1016/736 366/484/366
f 1647/2394/1647 1646/2393/1646 2648/4758/2648
f 2210/3382/2210 2409/4760/2409 2551/4280/2551
f 2078/3130/2078 2166/3286/2166 2165/3282/2165
f 2078/3130/2078 2165/3282/2165 445/581/445
f 3/3/3 965/1352/965 2314/4484/2314
f 1299/2858/1299 1660/4671/1660 410/4761/410
f 769/1071/769 768/1073/768 562/747/562
f 2373/3796/2373 2188/3329/2188 1939/2894/1939
f 2373/3796/2373 1939/2894/1939 1938/2893/1938
f 1487/2151/1487 556/739/556 554/737/554
f 218/282/218 217/281/217 1732/2540/1732
f 772/4762/772 774/4763/774 2569/4764/2569
f 772/4765/772 2569/4766/2569 2560/4767/2560
f 976/2193/976 2199/4738/2199 1514/2195/1514
f 1964/2935/1964 1965/2936/1965 144/185/144
f 1529/2213/1529 1528/2212/1528 972/1362/972
f 1529/2213/1529 972/1362/972 2615/4768/2615
f 1529/2213/1529 2615/4768/2615 2113/3478/2113
f 2386/3821/2386 722/996/722 2387/3822/2387
f 2302/4233/2302 514/4493/514 2531/4234/2531
f 528/2630/528 286/367/286 1792/2633/1792
f 939/1317/939 941/1314/941 1547/2242/1547
f 1552/2247/1552 2045/3082/2045 1553/2248/1553
f 1942/3576/1942 1987/2983/1987 1986/2985/1986
f 2325/4460/2325 1738/3535/1738 1688/2461/1688
f 2325/4460/2325 1688/2461/1688 1687/2460/1687
f 395/520/395 1395/2007/1395 847/1176/847
f 395/520/395 847/1176/847 398/523/398
f 395/520/395 5/5/5 1395/2007/1395
f 2248/3505/2248 1711/2506/1711 1710/2505/1710
f 2248/3505/2248 2247/3502/2247 1711/2506/1711
f 2495/4132/2495 2317/3657/2317 2496/4133/2496
f 2495/4132/2495 2318/3658/2318 2317/3657/2317
f 2495/4769/2495 1848/4770/1848 2318/4771/2318
f 381/3905/381 427/559/427 2500/4772/2500
f 381/506/381 2500/4773/2500 382/507/382
f 2229/3440/2229 2228/3436/2228 2626/4621/2626
f 2229/3438/2229 1692/2466/1692 2230/3439/2230
f 2229/3438/2229 1693/2467/1693 1692/2466/1692
f 2229/3440/2229 2626/4621/2626 1693/4332/1693
f 1352/1944/1352 1476/2130/1476 1318/1889/1318
f 1937/4774/1937 2649/4775/2649 2650/4776/2650
f 1937/4777/1937 2650/4778/2650 1938/4779/1938
f 1388/3722/1388 2341/3720/2341 1389/4780/1389
f 1593/2316/1593 2050/4222/2050 1594/2317/1594
f 2529/4219/2529 182/236/182 54/67/54
f 1416/4781/1416 765/4782/765 686/4783/686
f 2609/4461/2609 2147/3249/2147 1096/1553/1096
f 2609/4461/2609 1267/1814/1267 2147/3249/2147
f 2052/3094/2052 2257/4554/2257 1501/2175/1501
f 2288/3596/2288 1972/2950/1972 780/1087/780
f 2288/3596/2288 780/1087/780 704/971/704
f 95/122/95 712/983/712 980/1375/980
f 869/4784/869 865/4785/865 2093/4739/2093
f 2585/4366/2585 643/868/643 639/864/639
f 2585/4366/2585 639/864/639 2408/3884/2408
f 2360/4786/2360 650/813/650 2616/4787/2616
f 657/886/657 658/888/658 1628/2363/1628
f 1470/4788/1470 2378/4789/2378 2563/4526/2563
f 1470/2124/1470 2563/4312/2563 233/297/233
f 1470/2124/1470 233/297/233 664/899/664
f 1470/2124/1470 1472/2126/1472 2378/4790/2378
f 2446/3989/2446 2369/3790/2369 1755/3791/1755
f 2446/3989/2446 1755/3791/1755 2417/3911/2417
f 1359/4791/1359 152/194/152 1879/2781/1879
f 1251/1794/1251 1053/1962/1053 1252/1795/1252
f 1251/1794/1251 1367/1963/1367 1053/1962/1053
f 1056/1485/1056 2532/4237/2532 2526/4600/2526
f 629/4792/629 1065/1500/1065 2619/4534/2619
f 629/4792/629 2619/4534/2619 2241/4533/2241
f 629/850/629 2241/3488/2241 630/851/630
f 117/147/117 2069/3119/2069 121/152/121
f 2230/3439/2230 1692/2466/1692 715/986/715
f 1476/2130/1476 1475/2129/1475 1318/1889/1318
f 2430/3937/2430 492/641/492 2465/4033/2465
f 1237/1775/1237 1174/2476/1174 1172/4036/1172
f 2583/4361/2583 1307/1869/1307 2466/4732/2466
f 2583/4361/2583 2466/4732/2466 2055/4080/2055
f 2583/4361/2583 1807/2656/1807 1307/1869/1307
f 2087/3153/2087 2468/4045/2468 2088/3154/2088
f 2212/4793/2212 2555/4794/2555 195/4154/195
f 2212/4386/2212 2592/4385/2592 2555/4546/2555
f 1385/1990/1385 719/3479/719 717/1991/717
f 2651/4795/2651 90/117/90 2305/3622/2305
f 2651/4795/2651 2305/3622/2305 2304/3621/2304
f 2642/4733/2642 1285/1837/1285 529/697/529
f 2642/4733/2642 2146/3244/2146 2144/3242/2144
f 2642/4733/2642 2144/3242/2144 1285/1837/1285
f 365/483/365 364/486/364 2332/3697/2332
f 2591/4383/2591 569/757/569 567/753/567
f 2591/4384/2591 1877/4382/1877 569/4796/569
f 2532/4237/2532 2647/4756/2647 2526/4600/2526
f 1556/2259/1556 2133/3226/2133 2438/4387/2438
f 2351/3751/2351 2597/4403/2597 2613/4479/2613
f 2351/3751/2351 2613/4479/2613 2627/4632/2627
f 1045/1474/1045 1995/4797/1995 1431/2073/1431
f 1997/2998/1997 2598/4404/2598 2354/3757/2354
f 2357/3760/2357 2143/3241/2143 2145/3243/2145
f 1857/2738/1857 861/3010/861 1858/2739/1858
f 474/620/474 1574/2294/1574 2245/3498/2245
f 474/620/474 2245/3498/2245 2123/3213/2123
f 649/4798/649 2616/4787/2616 650/813/650
f 649/4799/649 651/4515/651 2616/4514/2616
f 2295/3608/2295 2296/3609/2296 2603/4417/2603
f 2253/3520/2253 321/418/321 2214/3392/2214
f 2253/3520/2253 2214/3392/2214 840/1165/840
f 2596/4402/2596 1206/3343/1206 2196/3342/2196
f 2596/4402/2596 540/3631/540 1206/3343/1206
f 2285/3640/2285 1496/2538/1496 2314/3641/2314
f 2285/3588/2285 2284/3587/2284 1732/4286/1732
f 2285/3640/2285 1732/2539/1732 1496/2538/1496
f 1502/2177/1502 1674/4185/1674 1503/2178/1503
f 2448/3993/2448 971/1361/971 2449/3994/2449
f 1166/1663/1166 1165/1662/1165 2452/3999/2452
f 2341/3720/2341 2387/4398/2387 1389/4780/1389
f 2271/4800/2271 1663/2418/1663 2607/4457/2607
f 2271/4800/2271 1664/2419/1664 1663/2418/1663
f 2271/4800/2271 2607/4457/2607 926/4801/926
f 741/1022/741 740/1024/740 2608/4458/2608
f 2131/4802/2131 2350/3748/2350 1900/2809/1900
f 2131/4802/2131 1900/2809/1900 1196/3490/1196
f 2131/4802/2131 41/3749/41 2350/3748/2350
f 1925/4236/1925 1924/4318/1924 2407/3879/2407
f 2089/4443/2089 62/78/62 2090/4263/2090
f 2089/3156/2089 2091/3159/2091 2514/4545/2514
f 2291/3601/2291 2188/3329/2188 1325/1899/1325
f 2291/3601/2291 1939/2894/1939 2188/3329/2188
f 1211/4145/1211 2500/4144/2500 1212/4605/1212
f 133/172/133 132/171/132 1992/2990/1992
f 2579/4803/2579 2382/3814/2382 2381/3813/2381
f 2579/4804/2579 2381/4013/2381 2457/4012/2457
f 2522/4208/2522 2524/4207/2524 2643/4805/2643
f 1635/4806/1635 2206/4807/2206 2135/2846/2135
f 1635/4808/1635 2135/3229/2135 1721/3228/1721
f 2648/4758/2648 735/4809/735 736/4759/736
f 1098/3889/1098 2410/3891/2410 1100/4285/1100
f 1442/2094/1442 1902/4810/1902 1444/2095/1444
f 2183/3316/2183 2608/4459/2608 740/3923/740
f 779/4811/779 1820/2677/1820 1819/2676/1819
f 2116/4250/2116 1841/4812/1841 2536/4251/2536
f 313/402/313 2606/4447/2606 654/882/654
f 313/402/313 1630/4609/1630 2606/4447/2606
f 1245/1787/1245 1244/1784/1244 2652/4813/2652
f 2391/3833/2391 1775/3832/1775 2344/3736/2344
f 2551/4280/2551 2409/4760/2409 2334/3706/2334
f 2551/4280/2551 2334/3706/2334 2335/3705/2335
f 2551/4280/2551 2335/3705/2335 1778/2615/1778
f 1733/2541/1733 2359/4814/2359 2555/4546/2555
f 1733/2541/1733 1786/2627/1786 1734/2542/1734
f 1733/2541/1733 107/137/107 2359/4814/2359
f 1791/2632/1791 2191/3334/2191 2557/4297/2557
f 2632/4644/2632 1675/4725/1675 1672/4815/1672
f 2577/4343/2577 1182/4342/1182 2121/3733/2121
f 2627/4632/2627 2613/4479/2613 1990/4677/1990
f 2640/4717/2640 1431/3934/1431 1995/2996/1995
f 2640/4717/2640 1995/2996/1995 1994/2993/1994
f 2640/4717/2640 2110/3193/2110 1431/3934/1431
f 2640/4717/2640 1163/1660/1163 2110/3193/2110
f 865/4785/865 1105/4740/1105 2093/4739/2093
f 1318/1889/1318 1475/2129/1475 905/1256/905
f 1715/4446/1715 2643/4805/2643 2524/4207/2524
f 1715/2513/1715 1713/1340/1713 2643/4816/2643
f 509/2525/509 1725/2524/1725 919/1284/919
f 512/670/512 924/1289/924 516/675/516
f 2273/4817/2273 2306/4818/2306 2556/4819/2556
f 548/731/548 545/724/545 1944/2901/1944
f 554/737/554 2473/4068/2473 1488/2152/1488
f 705/968/705 704/971/704 780/1087/780
f 1511/4820/1511 580/776/580 2059/3104/2059
f 1511/2191/1511 2059/3103/2059 2058/3101/2058
f 2477/4083/2477 2611/4473/2611 788/1095/788
f 2065/4821/2065 2180/4598/2180 1130/4597/1130
f 2065/4822/2065 2063/4511/2063 2180/4823/2180
f 423/4704/423 2603/4824/2603 2617/4825/2617
f 423/4704/423 2247/3502/2247 2603/4824/2603
f 2250/4561/2250 2156/4420/2156 2155/4562/2155
f 2250/4561/2250 2251/4826/2251 2156/4420/2156
f 2276/3568/2276 12/14/12 1868/2754/1868
f 2276/3568/2276 13/16/13 12/14/12
f 2328/3685/2328 467/4827/467 1252/4828/1252
f 2328/3685/2328 1252/4828/1252 1053/1482/1053
f 1373/3389/1373 1656/2408/1656 1374/3694/1374
f 18/3734/18 470/616/470 469/615/469
f 1444/2095/1444 1902/4810/1902 2350/3748/2350
f 1122/1587/1122 1120/1586/1120 429/561/429
f 1803/2651/1803 2511/4174/2511 1481/2135/1481
f 2133/3226/2133 986/1385/986 2438/4387/2438
f 2133/3226/2133 987/1387/987 986/1385/986
f 2090/4263/2090 62/78/62 1810/2661/1810
f 2378/4789/2378 2377/4527/2377 2563/4526/2563
f 2378/3807/2378 1472/4539/1472 2379/3808/2379
f 2164/3285/2164 1627/2362/1627 1981/2969/1981
f 774/3646/774 568/3645/568 2569/4829/2569
f 1506/2184/1506 2379/3809/2379 2589/4376/2589
f 144/185/144 1965/2936/1965 2380/3812/2380
f 150/2058/150 1231/4077/1231 2638/4714/2638
f 1887/2790/1887 2528/4216/2528 1793/2634/1793
f 1887/2790/1887 1079/1529/1079 1077/1528/1077
f 1083/1533/1083 1891/2794/1891 2390/3828/2390
f 2653/4830/2653 2549/4278/2549 2548/4277/2548
f 2653/4830/2653 2548/4277/2548 2631/4641/2631
f 1092/1544/1092 189/243/189 190/244/190
f 1092/1544/1092 190/244/190 1093/1547/1093
f 2454/4831/2454 879/4832/879 878/4833/878
f 87/4834/87 1034/4835/1034 594/4836/594
f 87/113/87 83/112/83 1034/4837/1034
f 445/581/445 2165/3282/2165 446/582/446
f 2006/3019/2006 2180/4823/2180 2063/4511/2063
f 2296/4838/2296 2617/4825/2617 2603/4824/2603
f 2296/4838/2296 501/656/501 500/653/500
f 2296/4838/2296 500/653/500 2617/4825/2617
f 2368/3789/2368 2487/4111/2487 964/1351/964
f 1735/4839/1735 2414/3896/2414 2412/3894/2412
f 1735/2543/1735 1734/2542/1734 2414/4840/2414
f 1205/1727/1205 598/807/598 596/809/596
f 1205/1727/1205 596/809/596 1207/1728/1207
f 134/4841/134 1160/1653/1160 1508/2188/1508
f 2298/3611/2298 2501/4146/2501 2299/3612/2299
f 1762/3548/1762 573/765/573 2205/4003/2205
f 2387/4398/2387 161/4842/161 1389/4780/1389
f 1664/2419/1664 169/221/169 165/214/165
f 176/230/176 175/229/175 1878/2780/1878
f 2208/3376/2208 1948/2911/1948 1257/1801/1257
f 2208/3376/2208 1257/1801/1257 1256/1800/1256
f 1924/4318/1924 2566/4317/2566 2407/3879/2407
f 1674/4185/1674 1675/4725/1675 1503/2178/1503
f 81/2437/81 2515/4843/2515 1676/2440/1676
f 2425/3927/2425 2614/4844/2614 1430/2072/1430
f 1169/4845/1169 1168/4700/1168 262/4699/262
f 1169/1666/1169 262/339/262 261/338/261
f 1173/1677/1173 2574/4335/2574 1910/4846/1910
f 2580/4351/2580 2581/4353/2581 2506/4163/2506
f 1920/2852/1920 2624/4595/2624 2417/3911/2417
f 2420/3914/2420 2419/3913/2419 2565/4314/2565
f 1890/3236/1890 1729/2531/1729 1891/4276/1891
f 2143/3241/2143 1285/1837/1285 2144/3242/2144
f 2143/3241/2143 1287/1839/1287 1285/1837/1285
f 409/4847/409 1331/4848/1331 2244/4849/2244
f 1343/1928/1343 1341/1927/1341 2654/4850/2654
f 660/892/660 1007/1414/1007 256/896/256
f 531/699/531 9/700/9 438/3990/438
f 444/579/444 2590/4379/2590 1358/1949/1358
f 2528/4216/2528 2260/3534/2260 1793/2634/1793
f 1844/2718/1844 20/3541/20 16/2719/16
f 2399/3851/2399 1894/3853/1894 2445/4719/2445
f 2399/3851/2399 2513/4180/2513 2400/3852/2400
f 2399/3851/2399 2445/4719/2445 2513/4180/2513
f 2042/4851/2042 1666/4099/1666 2043/4098/2043
f 1391/4852/1391 161/206/161 1912/3149/1912
f 1391/2000/1391 1389/1995/1389 161/4853/161
f 175/229/175 951/1329/951 1878/2780/1878
f 972/4854/972 973/2649/973 2615/4504/2615
f 603/4543/603 1562/2273/1562 604/4643/604
f 1447/3425/1447 1185/1692/1185 1184/1691/1184
f 1792/2633/1792 2068/3117/2068 1793/2634/1793
f 1792/2633/1792 286/367/286 2068/3117/2068
f 1458/3723/1458 2403/3863/2403 1461/3862/1461
f 1475/2129/1475 906/1257/906 905/1256/905
f 1701/2484/1701 1488/4388/1488 2473/4855/2473
f 2652/4813/2652 2380/3812/2380 1965/2936/1965
f 2652/4813/2652 1244/1784/1244 2380/3812/2380
f 2413/3895/2413 2415/3897/2415 731/4218/731
f 2607/4856/2607 2595/4399/2595 926/4400/926
f 2607/4457/2607 2012/3024/2012 2595/4673/2595
f 1592/2315/1592 846/1175/846 461/607/461
f 2156/4420/2156 2251/4826/2251 1613/2341/1613
f 2606/4447/2606 1630/4609/1630 1760/3366/1760
f 1561/3899/1561 275/3653/275 272/4857/272
f 1561/2272/1561 272/350/272 1562/2273/1562
f 1341/1927/1341 1923/2857/1923 2654/4850/2654
f 899/1247/899 1676/2440/1676 2515/4843/2515
f 2375/3798/2375 2244/3497/2244 1331/1908/1331
f 1864/2748/1864 844/1173/844 1179/1684/1179
f 1485/4858/1485 989/1390/989 987/1389/987
f 436/569/436 2187/3326/2187 800/1121/800
f 2417/4859/2417 2624/4594/2624 2255/4593/2255
f 2556/4819/2556 2306/4818/2306 2557/4860/2557
f 2071/3122/2071 2500/4772/2500 427/559/427
f 2091/3162/2091 2088/3161/2088 2222/3410/2222
f 524/692/524 2471/4057/2471 1929/4861/1929
f 2350/3748/2350 1902/4810/1902 1900/2809/1900
f 2414/4840/2414 1734/2542/1734 1786/2627/1786
f 2414/3896/2414 1786/2625/1786 2415/3897/2415
f 686/4862/686 765/4863/765 346/4864/346
f 1514/2195/1514 137/175/137 666/904/666
f 2380/3812/2380 1244/1784/1244 2381/3813/2381
f 2471/4865/2471 221/285/221 1929/2870/1929
f 2471/4865/2471 222/286/222 221/285/221
f 1693/4332/1693 2626/4621/2626 2158/3274/2158
f 1613/2346/1613 2251/3513/2251 2249/3506/2249
f 1201/4616/1201 114/144/114 113/143/113
f 1158/1650/1158 2426/3929/2426 1681/2447/1681
f 2339/3717/2339 1430/2072/1430 2614/4844/2614
f 2193/4357/2193 2572/4866/2572 876/1213/876
f 2088/3161/2088 2099/3412/2099 2222/3410/2222
f 723/4867/723 725/4868/725 724/4869/724
f 557/742/557 559/744/559 1267/1815/1267
f 557/742/557 1267/1815/1267 263/340/263
f 1126/4870/1126 2655/4871/2655 1127/4872/1127
f 1126/4870/1126 1128/4873/1128 2655/4871/2655
f 1128/4873/1128 147/4874/147 2655/4871/2655
f 2655/4871/2655 147/4874/147 1874/4875/1874
f 1127/4872/1127 2655/4871/2655 1874/4875/1874
f 239/306/239 2656/4876/2656 240/307/240
f 239/306/239 600/811/600 2656/4876/2656
f 600/811/600 1620/4877/1620 2656/4876/2656
f 1620/4877/1620 1622/4878/1622 2656/4876/2656
f 1622/4878/1622 1619/4879/1619 2656/4876/2656
f 1821/4880/1821 2656/4876/2656 1619/4879/1619
f 241/4881/241 2656/4882/2656 1821/4883/1821
f 241/4884/241 240/307/240 2656/4876/2656
f 21/4885/21 2657/4886/2657 25/4887/25
f 21/4885/21 24/4888/24 2657/4886/2657
f 24/4888/24 23/4889/23 2657/4886/2657
f 22/4890/22 2657/4886/2657 23/4889/23
f 22/4890/22 2329/4891/2329 2657/4886/2657
f 25/4892/25 2657/3470/2657 2329/4893/2329
f 1124/4894/1124 2658/4895/2658 1125/4896/1125
f 1124/4894/1124 291/4897/291 2658/4895/2658
f 290/4898/290 2658/4895/2658 291/4897/291
f 290/4898/290 1568/4899/1568 2658/4895/2658
f 1568/4899/1568 2310/4900/2310 2658/4895/2658
f 2309/4901/2309 2658/4895/2658 2310/4900/2310
f 2309/4901/2309 2020/4902/2020 2658/4895/2658
f 2019/4903/2019 2658/4895/2658 2020/4902/2020
f 2019/4903/2019 1125/4896/1125 2658/4895/2658
f 726/1000/726 2464/4027/2464 724/1407/724
f 2464/4027/2464 2633/4649/2633 724/1407/724
f 2633/4904/2633 2659/4905/2659 724/4906/724
f 1001/4907/1001 2659/4905/2659 2633/4904/2633
f 1001/4907/1001 724/4906/724 2659/4905/2659
f 1186/4908/1186 1706/4909/1706 1916/4910/1916
f 1705/4911/1705 1189/4912/1189 1917/4913/1917
f 1186/4908/1186 1188/4914/1188 24/4915/24
f 1187/4916/1187 1917/4913/1917 1189/4912/1189
f 1916/4917/1916 1917/4913/1917 1187/4916/1187
f 1186/4908/1186 1916/4910/1916 1188/4914/1188
f 1916/4918/1916 1187/4919/1187 1188/4061/1188
f 154/4920/154 2660/4921/2660 155/4922/155
f 154/4923/154 156/4924/156 2660/4925/2660
f 156/4926/156 2085/4927/2085 2660/1614/2660
f 1881/4928/1881 2660/4921/2660 2085/4929/2085
f 1880/4930/1880 2660/4921/2660 1881/4928/1881
f 1880/4930/1880 155/4922/155 2660/4921/2660
f 2279/4931/2279 2661/4932/2661 1646/4933/1646
f 2279/4931/2279 2280/4934/2280 2661/4932/2661
f 2330/4935/2330 2661/4932/2661 2280/4934/2280
f 2330/4935/2330 2332/4936/2332 2661/4932/2661
f 2332/4936/2332 364/4937/364 2661/4932/2661
f 363/4938/363 2661/4932/2661 364/4937/364
f 734/4939/734 2661/4932/2661 363/4938/363
f 734/4939/734 735/4940/735 2661/4932/2661
f 2648/4941/2648 2661/4932/2661 735/4940/735
f 2648/4941/2648 1646/4933/1646 2661/4932/2661
f 399/4942/399 2662/4943/2662 400/4944/400
f 399/4942/399 403/4945/403 2662/4943/2662
f 402/4946/402 2662/4947/2662 403/4948/403
f 402/4949/402 401/4950/401 2662/4943/2662
f 401/4950/401 2290/4869/2290 2662/4943/2662
f 400/4944/400 2662/4943/2662 2290/4869/2290
f 270/4951/270 2663/4952/2663 273/4953/273
f 270/4951/270 275/4954/275 2663/4952/2663
f 2610/4955/2610 2663/4952/2663 275/4954/275
f 2610/4955/2610 1276/4956/1276 2663/4952/2663
f 1273/4957/1273 2663/4952/2663 1276/4956/1276
f 1273/4957/1273 602/4958/602 2663/4952/2663
f 601/4959/601 2663/4952/2663 602/4958/602
f 601/4959/601 605/4960/605 2663/4952/2663
f 605/4960/605 2353/4961/2353 2663/4952/2663
f 273/4953/273 2663/4952/2663 2353/4961/2353
f 1638/2379/1638 1079/1529/1079 1887/2790/1887
f 1638/2379/1638 2136/3231/2136 1079/1529/1079
f 1638/4338/1638 1642/4962/1642 1075/4963/1075
f 1638/4964/1638 2664/4965/2664 2136/4966/2136
f 1638/4964/1638 1075/4967/1075 2664/4965/2664
f 1075/4967/1075 2136/4966/2136 2664/4965/2664
f 694/4968/694 2665/4969/2665 695/4970/695
f 694/4968/694 698/4971/698 2665/4969/2665
f 698/4971/698 2632/4972/2632 2665/4969/2665
f 2632/4972/2632 1672/4973/1672 2665/4969/2665
f 1671/4974/1671 2665/4969/2665 1672/4973/1672
f 1671/4974/1671 1670/4975/1670 2665/4969/2665
f 2405/4976/2405 2665/4969/2665 1670/4975/1670
f 2582/4977/2582 2665/4969/2665 2405/4976/2405
f 2582/4977/2582 2051/4978/2051 2665/4969/2665
f 695/4970/695 2665/4969/2665 2051/4978/2051
f 1424/2064/1424 791/4979/791 1425/2065/1425
f 2060/4980/2060 1425/4981/1425 791/267/791
f 1423/4982/1423 2666/4983/2666 1427/4984/1427
f 1423/4982/1423 1426/4985/1426 2666/4983/2666
f 2060/4986/2060 2666/4983/2666 1426/4985/1426
f 2060/879/2060 791/4987/791 2666/4988/2666
f 791/4987/791 1427/4989/1427 2666/4988/2666
f 238/4990/238 2667/4991/2667 243/4992/243
f 238/4990/238 242/4993/242 2667/4991/2667
f 242/4993/242 1822/4994/1822 2667/4991/2667
f 1618/4995/1618 2667/4996/2667 1822/4487/1822
f 1617/4997/1617 2667/4996/2667 1618/4995/1618
f 1617/4998/1617 1621/4999/1621 2667/4991/2667
f 599/5000/599 2667/4991/2667 1621/4999/1621
f 599/5000/599 243/4992/243 2667/4991/2667
