# www.meshy.ai
mtllib Meshy_AI__0914225047_texture.mtl
o Meshy_AI__0914225047_texture
v 0.072754 0.202148 -0.007446
v 0.068359 0.176758 -0.004761
v 0.063477 0.177734 -0.022095
v 0.068848 0.204102 -0.028564
v 0.071777 0.201172 0.015198
v 0.073242 0.235352 0.019287
v 0.074219 0.235352 -0.010803
v 0.093750 -0.007080 -0.030640
v 0.094238 -0.031982 -0.030273
v 0.068848 -0.003540 -0.051758
v 0.107910 -0.030762 -0.008850
v 0.106934 0.003830 -0.008667
v 0.091309 0.008606 -0.031982
v -0.016968 0.408203 0.044922
v -0.013184 0.402344 0.046875
v -0.012024 0.408203 0.046387
v -0.017456 0.412109 0.044189
v -0.021606 0.406250 0.043213
v -0.018433 0.402344 0.044678
v -0.012939 0.412109 0.044922
v -0.092285 0.091797 0.016724
v -0.099121 0.058105 -0.008362
v -0.101074 0.056885 0.018921
v -0.089844 0.092285 -0.007050
v -0.084473 0.089355 0.042236
v -0.074219 0.121582 0.038086
v -0.081055 0.124023 0.015991
v 0.036865 0.416016 -0.010315
v 0.030273 0.402344 -0.008728
v 0.033447 0.410156 -0.019287
v 0.037354 0.417969 -0.001709
v 0.035156 0.412109 -0.002258
v 0.042969 0.425781 -0.016968
v 0.032227 0.406250 -0.001297
v 0.042969 0.427734 -0.006927
v 0.060547 -0.213867 0.036133
v 0.063965 -0.228516 0.028564
v 0.073242 -0.212891 0.037842
v 0.048584 -0.211914 0.027832
v 0.054443 -0.224609 0.023560
v 0.046143 -0.195312 0.035156
v 0.071777 -0.188477 0.046631
v 0.056641 -0.192383 0.044189
v -0.057617 0.332031 0.000782
v -0.035889 0.343750 -0.018677
v -0.059814 0.335938 -0.019531
v -0.073242 0.326172 0.002487
v -0.041992 0.320312 0.023438
v -0.035156 0.339844 -0.006592
v -0.051025 0.316406 0.024658
v -0.250000 0.037842 0.016357
v -0.249023 0.037842 0.012024
v -0.249023 0.040771 0.011536
v -0.255859 0.038818 0.017700
v -0.251953 0.030640 0.016235
v -0.250000 0.031006 0.012695
v -0.250000 0.042969 0.015869
v -0.255859 0.043213 0.016602
v 0.034424 0.414062 0.019043
v 0.033936 0.410156 0.011047
v 0.035889 0.419922 0.011414
v 0.033936 0.423828 0.023438
v 0.031738 0.416016 0.030396
v 0.031494 0.412109 0.029785
v 0.032715 0.406250 0.020630
v 0.133789 -0.492188 0.023926
v 0.135742 -0.492188 0.041016
v 0.136719 -0.500000 0.041748
v 0.125000 -0.490234 0.004852
v 0.131836 -0.492188 0.025269
v 0.126953 -0.490234 0.004059
v 0.134766 -0.500000 0.023560
v 0.125977 -0.498047 0.001266
v -0.013428 0.359375 -0.035156
v -0.009033 0.376953 -0.027954
v -0.000313 0.361328 -0.037109
v -0.023682 0.355469 -0.026855
v -0.017334 0.375000 -0.023804
v -0.072754 -0.165039 -0.031982
v -0.071289 -0.146484 -0.033447
v -0.050781 -0.146484 -0.031738
v -0.091309 -0.182617 -0.023315
v -0.088379 -0.164062 -0.021973
v -0.053711 -0.166016 -0.030518
v -0.074707 -0.182617 -0.033691
v 0.006195 0.392578 0.049561
v 0.003784 0.394531 0.051025
v 0.004089 0.390625 0.052002
v 0.004791 0.394531 0.050537
v 0.005707 0.388672 0.050537
v 0.010132 0.390625 0.047119
v 0.006134 0.396484 0.049316
v 0.024658 0.179688 -0.045166
v 0.027344 0.152344 -0.041748
v 0.000168 0.152344 -0.042969
v 0.024902 0.206055 -0.049316
v 0.048340 0.204102 -0.042725
v 0.045898 0.177734 -0.036133
v -0.000038 0.179688 -0.046143
v -0.039795 0.445312 0.023560
v -0.037598 0.458984 0.029175
v -0.042969 0.458984 0.014954
v -0.034912 0.435547 0.031250
v -0.034668 0.449219 0.030884
v -0.045410 0.443359 0.010010
v -0.040283 0.433594 0.018433
v -0.261719 0.081055 -0.010925
v -0.257812 0.079102 -0.000372
v -0.255859 0.081055 -0.001511
v -0.261719 0.079102 -0.020874
v -0.271484 0.067871 -0.020386
v -0.259766 0.082520 -0.012573
v -0.269531 0.068848 -0.010071
v -0.000572 0.458984 0.065918
v 0.006287 0.451172 0.065430
v 0.011230 0.464844 0.061768
v -0.005829 0.466797 0.061768
v -0.005707 0.455078 0.063477
v 0.003479 0.470703 0.059326
v 0.092773 -0.069824 -0.029175
v 0.106934 -0.069824 -0.009277
v 0.102539 -0.108887 -0.007507
v 0.091309 -0.109375 -0.026489
v 0.069336 -0.034668 -0.048828
v 0.070312 -0.072266 -0.043945
v -0.009155 0.382812 0.046387
v -0.010193 0.386719 0.046387
v -0.009888 0.384766 0.044189
v -0.007660 0.384766 0.045410
v -0.007416 0.384766 0.048096
v -0.054443 -0.223633 0.023804
v -0.049316 -0.211914 0.027832
v -0.061035 -0.213867 0.036377
v -0.063965 -0.228516 0.028442
v -0.062500 -0.237305 0.019165
v -0.051758 -0.231445 0.007507
v -0.047119 -0.215820 0.012756
v 0.128906 0.271484 -0.021973
v 0.115234 0.291016 -0.021606
v 0.108398 0.285156 -0.000134
v 0.124023 0.261719 -0.000942
v 0.134766 0.261719 -0.022461
v 0.125977 0.263672 -0.041992
v 0.246094 0.056396 0.005127
v 0.250000 0.060303 0.009094
v 0.245117 0.068359 0.000889
v 0.247070 0.055908 -0.004669
v 0.251953 0.046387 0.005127
v 0.249023 0.048584 0.008423
v 0.251953 0.051025 0.013245
v -0.015381 0.410156 -0.047852
v -0.028198 0.416016 -0.038574
v -0.015137 0.419922 -0.054688
v 0.000145 0.404297 -0.043457
v -0.023193 0.408203 -0.032715
v -0.013550 0.404297 -0.038330
v -0.101562 -0.300781 0.002777
v -0.115234 -0.298828 -0.017822
v -0.102051 -0.330078 -0.000542
v -0.100586 -0.273438 0.008179
v -0.115234 -0.269531 -0.015991
v -0.080566 -0.302734 0.011719
v -0.083008 -0.330078 0.008606
v 0.010132 0.376953 -0.084473
v 0.016357 0.384766 -0.079102
v 0.015381 0.375000 -0.078125
v 0.007019 0.365234 -0.080078
v 0.000401 0.365234 -0.082031
v 0.010742 0.386719 -0.085938
v 0.000969 0.382812 -0.088867
v 0.011780 0.367188 -0.075684
v 0.267578 0.047852 0.006622
v 0.275391 0.048584 0.005829
v 0.263672 0.053711 0.008057
v 0.267578 0.045410 0.000645
v 0.275391 0.039551 0.003738
v 0.263672 0.050049 0.008789
v 0.261719 0.045898 0.005554
v 0.277344 0.041504 0.006653
v -0.037842 0.423828 0.004791
v -0.040527 0.435547 0.010498
v -0.039795 0.429688 -0.001373
v -0.040771 0.423828 0.006592
v -0.040283 0.421875 0.009949
v -0.037109 0.421875 0.009521
v -0.041992 0.421875 0.002274
v -0.038086 0.421875 0.001602
v -0.275391 0.014343 -0.027344
v -0.277344 0.012939 -0.028564
v -0.275391 0.015625 -0.029907
v -0.277344 0.018799 -0.026489
v -0.277344 0.014160 -0.025757
v 0.019775 0.417969 0.043701
v 0.018188 0.417969 0.044922
v 0.016968 0.417969 0.044678
v 0.017212 0.414062 0.043945
v 0.022339 0.419922 0.041504
v 0.020020 0.419922 0.043945
v 0.020996 0.414062 0.041260
v 0.069336 -0.486328 -0.018066
v 0.068848 -0.486328 -0.041016
v 0.067871 -0.488281 -0.041504
v 0.071777 -0.488281 -0.018433
v 0.071289 -0.494141 -0.003433
v 0.073730 -0.488281 -0.002502
v 0.068359 -0.500000 -0.041992
v 0.069336 -0.500000 -0.018555
v -0.062500 0.231445 0.067383
v -0.067383 0.231445 0.055420
v -0.059326 0.221680 0.061523
v -0.049805 0.230469 0.079590
v -0.049561 0.243164 0.083008
v -0.063477 0.243164 0.070312
v -0.287109 0.013184 -0.000095
v -0.283203 0.005463 -0.000603
v -0.287109 0.009766 0.003677
v -0.281250 0.006836 0.000835
v -0.289062 0.013550 0.003006
v -0.283203 0.013550 0.000530
v -0.287109 0.022949 -0.001465
v 0.000587 0.417969 -0.059326
v 0.003479 0.419922 -0.061768
v 0.004974 0.419922 -0.060059
v 0.000229 0.417969 -0.062500
v 0.003448 0.417969 -0.057861
v -0.002625 0.419922 -0.062012
v -0.002167 0.417969 -0.058105
v -0.003784 0.419922 -0.060059
v 0.109863 -0.496094 0.082520
v 0.096191 -0.488281 0.079102
v 0.095215 -0.498047 0.079590
v 0.124512 -0.496094 0.074707
v 0.124512 -0.488281 0.074219
v 0.109863 -0.486328 0.082031
v -0.017212 0.320312 0.026733
v -0.026978 0.312500 0.032227
v -0.012939 0.318359 0.029541
v -0.022827 0.320312 0.023193
v -0.023071 0.322266 0.024658
v -0.017456 0.318359 0.024658
v -0.051758 -0.300781 -0.041504
v -0.072266 -0.330078 -0.055176
v -0.068848 -0.294922 -0.057861
v -0.048584 -0.267578 -0.039062
v -0.049316 -0.306641 -0.018799
v -0.058838 -0.335938 -0.040771
v -0.045166 -0.275391 -0.017090
v 0.029053 0.390625 0.019043
v 0.027832 0.386719 0.014954
v 0.031738 0.396484 0.014954
v 0.030640 0.398438 0.023315
v 0.026245 0.390625 0.029175
v 0.025024 0.384766 0.025146
v 0.154297 0.143555 -0.021240
v 0.148438 0.154297 -0.022217
v 0.163086 0.148438 -0.042236
v 0.176758 0.122070 -0.019165
v 0.155273 0.161133 -0.005371
v 0.161133 0.149414 -0.003494
v -0.017212 0.419922 0.044922
v -0.016113 0.421875 0.044922
v -0.018677 0.421875 0.043945
v -0.014771 0.417969 0.045410
v -0.019531 0.419922 0.043945
v -0.016846 0.419922 0.044678
v -0.105957 -0.392578 -0.039062
v -0.108887 -0.380859 -0.042480
v -0.091797 -0.378906 -0.053223
v -0.102051 -0.388672 -0.052246
v -0.114258 -0.386719 -0.031982
v -0.118164 -0.380859 -0.022339
v -0.091797 -0.394531 -0.050049
v -0.112793 -0.394531 -0.020630
v 0.006317 0.380859 0.048340
v 0.005768 0.382812 0.049072
v 0.002930 0.382812 0.050293
v 0.006714 0.376953 0.045654
v 0.009521 0.378906 0.044922
v 0.003693 0.378906 0.049316
v 0.008789 0.382812 0.046631
v 0.283203 0.025391 -0.031738
v 0.283203 0.033203 -0.031250
v 0.287109 0.031494 -0.028687
v 0.283203 0.023193 -0.031250
v 0.279297 0.025513 -0.030029
v 0.285156 0.023438 -0.028687
v -0.007233 0.416016 0.044922
v -0.009277 0.417969 0.045654
v -0.009399 0.417969 0.043945
v -0.009705 0.414062 0.044922
v -0.005188 0.414062 0.046875
v -0.006714 0.419922 0.047363
v -0.009644 0.416016 0.044434
v -0.057373 0.216797 0.054688
v -0.065918 0.222656 0.045410
v -0.044678 0.212891 0.060303
v -0.065430 0.198242 0.036621
v -0.050537 0.195312 0.052490
v 0.039307 0.451172 0.018555
v 0.034912 0.435547 0.022827
v 0.040771 0.439453 0.010315
v 0.034912 0.443359 0.028564
v 0.033447 0.460938 0.029785
v 0.031738 -0.129883 0.029053
v 0.023438 -0.111816 0.007111
v 0.030518 -0.143555 0.004791
v 0.045410 -0.126953 0.043213
v 0.040283 -0.077637 0.050293
v 0.047607 -0.154297 0.038330
v 0.022339 -0.078613 0.034668
v 0.038086 -0.161133 0.024048
v -0.027588 0.380859 -0.028687
v -0.015137 0.365234 -0.039307
v -0.026489 0.363281 -0.029297
v -0.030151 0.376953 -0.008240
v -0.024902 0.380859 -0.026978
v -0.014771 0.382812 -0.039307
v -0.032959 0.376953 -0.008240
v -0.281250 0.002472 0.005188
v -0.283203 0.001541 0.005951
v -0.283203 -0.000402 0.003372
v -0.281250 0.007263 0.005920
v -0.281250 0.001480 0.000965
v -0.283203 0.005646 0.007324
v 0.009277 0.390625 -0.027344
v 0.009216 0.386719 -0.025513
v 0.000069 0.388672 -0.029053
v 0.018188 0.392578 -0.018799
v 0.208008 0.150391 -0.002716
v 0.194336 0.138672 0.004150
v 0.222656 0.107910 0.006958
v 0.190430 0.173828 -0.004761
v 0.174805 0.162109 0.002792
v 0.235352 0.117188 -0.000076
v 0.240234 0.120605 -0.016968
v 0.215820 0.155273 -0.020508
v -0.015381 0.466797 -0.053955
v -0.014648 0.480469 -0.047363
v -0.000320 0.468750 -0.057617
v -0.000237 0.457031 -0.060791
v -0.030518 0.464844 -0.046387
v -0.015137 0.453125 -0.057617
v -0.074707 0.093262 -0.021484
v -0.080078 0.068848 -0.029541
v -0.089355 0.069336 -0.008911
v -0.059326 0.092773 -0.036133
v -0.083008 0.091797 -0.003464
v 0.024658 0.423828 0.044434
v 0.020264 0.423828 0.046387
v 0.022949 0.421875 0.043701
v 0.021240 0.425781 0.048096
v 0.027832 0.421875 0.039307
v 0.026978 0.431641 0.040527
v 0.021973 0.431641 0.045898
v 0.024780 0.419922 0.041504
v 0.078613 -0.394531 -0.045166
v 0.063477 -0.380859 -0.037354
v 0.075684 -0.380859 -0.049805
v 0.071777 -0.388672 -0.052734
v 0.068359 -0.394531 -0.035645
v 0.091797 -0.392578 -0.050537
v 0.086426 -0.388672 -0.057617
v -0.039551 0.308594 0.034912
v -0.039551 0.310547 0.031494
v -0.045654 0.300781 0.039062
v -0.027222 0.300781 0.044189
v -0.040771 0.306641 0.032471
v -0.044922 0.304688 0.036865
v -0.257812 0.075684 -0.027100
v -0.257812 0.080566 -0.023193
v -0.251953 0.075684 -0.026367
v -0.253906 0.070312 -0.027100
v -0.267578 0.065430 -0.028442
v 0.013733 0.419922 0.045410
v 0.013733 0.423828 0.043945
v 0.011597 0.421875 0.043945
v 0.012817 0.419922 0.045410
v 0.015442 0.417969 0.045898
v 0.015320 0.421875 0.045410
v 0.103516 -0.215820 -0.006744
v 0.099609 -0.213867 0.005737
v 0.097656 -0.245117 0.007324
v 0.095215 -0.199219 -0.026367
v 0.100098 -0.198242 -0.006714
v 0.100098 -0.215820 -0.030273
v 0.109863 -0.241211 -0.012451
v -0.001579 0.396484 0.059570
v 0.000282 0.394531 0.058105
v 0.000359 0.394531 0.060059
v -0.003021 0.396484 0.057861
v -0.001411 0.394531 0.058105
v -0.001472 0.396484 0.061035
v -0.002991 0.398438 0.059082
v -0.094238 -0.427734 0.005859
v -0.093750 -0.410156 0.006073
v -0.105469 -0.427734 -0.002350
v -0.095703 -0.441406 0.008667
v -0.083496 -0.443359 0.002960
v -0.082520 -0.427734 0.000614
v 0.051025 0.261719 -0.057373
v 0.050049 0.235352 -0.051025
v 0.025146 0.234375 -0.056152
v 0.049561 0.289062 -0.061279
v 0.067383 0.289062 -0.058594
v 0.070312 0.257812 -0.050537
v 0.026978 0.261719 -0.058838
v 0.015747 0.038330 0.058594
v 0.007263 0.006378 0.042480
v 0.012573 0.009583 0.049561
v -0.000397 0.037842 0.061768
v 0.031982 0.046875 0.057373
v 0.015625 0.083008 0.063477
v 0.032715 0.018799 0.058594
v -0.039551 0.404297 0.004120
v -0.039795 0.410156 0.002106
v -0.042969 0.410156 0.000401
v -0.037842 0.398438 0.005676
v -0.036377 0.398438 0.007751
v -0.033203 0.408203 0.007568
v -0.034912 0.402344 0.008240
v -0.041748 0.404297 -0.000584
v -0.039307 0.400391 0.002274
v -0.283203 0.043701 0.002563
v -0.289062 0.027954 0.003464
v -0.283203 0.027588 0.007050
v -0.283203 0.040527 -0.002213
v -0.281250 0.042969 0.006104
v -0.281250 0.050293 0.002060
v -0.283203 0.046387 -0.001328
v 0.000519 0.427734 -0.057129
v 0.005310 0.427734 -0.057129
v 0.004425 0.427734 -0.059326
v -0.003357 0.427734 -0.059326
v -0.003876 0.427734 -0.057373
v 0.000542 0.427734 -0.059082
v 0.080566 -0.292969 0.013184
v 0.055420 -0.283203 0.000935
v 0.060547 -0.308594 0.001755
v 0.066406 -0.255859 0.018555
v 0.101562 -0.298828 0.002304
v 0.100586 -0.269531 0.006104
v 0.083496 -0.328125 0.007874
v 0.079590 -0.259766 0.021118
v 0.000145 0.367188 -0.041748
v 0.000015 0.353516 -0.043457
v -0.016968 0.351562 -0.041504
v -0.069824 -0.486328 -0.017944
v -0.072266 -0.488281 -0.018311
v -0.074219 -0.488281 -0.002396
v -0.067871 -0.486328 -0.041748
v -0.069336 -0.488281 -0.041016
v -0.072266 -0.494141 -0.004395
v -0.069336 -0.500000 -0.018799
v 0.061279 0.230469 0.068848
v 0.062256 0.243164 0.070801
v 0.047119 0.243164 0.083984
v 0.046631 0.229492 0.079590
v 0.057129 0.221680 0.063477
v 0.065430 0.230469 0.055908
v 0.094238 0.023438 -0.040527
v 0.099121 0.057861 -0.008179
v 0.107910 0.021851 -0.010010
v 0.069824 0.023071 -0.064941
v 0.066406 0.057617 -0.059082
v 0.087402 0.058105 -0.035645
v -0.022583 0.412109 0.041504
v -0.025513 0.406250 0.040039
v -0.022827 0.416016 0.040771
v -0.025391 0.414062 0.038818
v -0.026733 0.410156 0.038330
v -0.020020 0.416016 0.043701
v -0.088379 -0.143555 -0.022705
v -0.046631 -0.111816 -0.036377
v -0.069824 -0.111328 -0.038330
v 0.007660 0.386719 0.045898
v 0.007050 0.386719 0.048340
v 0.006012 0.384766 0.047363
v 0.009460 0.384766 0.043945
v 0.010803 0.384766 0.044922
v 0.005768 0.388672 0.041992
v 0.008179 0.384766 0.039795
v 0.009338 0.384766 0.047119
v 0.287109 0.047119 -0.015625
v 0.287109 0.042725 -0.019531
v 0.283203 0.047852 -0.024292
v 0.287109 0.041992 -0.014587
v 0.283203 0.052246 -0.020508
v 0.287109 0.046387 -0.008728
v 0.287109 0.041016 -0.012207
v 0.285156 0.052002 -0.009338
v -0.004028 0.457031 0.053467
v 0.002670 0.449219 0.055176
v 0.000431 0.449219 0.061523
v -0.011658 0.458984 0.056396
v -0.009766 0.457031 0.049316
v -0.003265 0.453125 0.050781
v -0.108398 0.022583 -0.009949
v -0.080078 0.093262 -0.030396
v -0.087891 0.057861 -0.036377
v -0.094727 0.023682 -0.040527
v 0.006775 0.419922 -0.080078
v 0.007874 0.410156 -0.083496
v 0.001251 0.410156 -0.085938
v 0.000488 0.419922 -0.082520
v 0.005371 0.425781 -0.075195
v 0.009705 0.417969 -0.074219
v 0.081543 -0.388672 0.008789
v 0.086426 -0.388672 0.007507
v 0.074707 -0.388672 0.003937
v 0.078613 -0.410156 0.002136
v 0.086426 -0.388672 0.011353
v 0.072266 -0.386719 0.005768
v -0.114746 0.292969 -0.021973
v -0.125000 0.265625 -0.042236
v -0.128906 0.269531 -0.021851
v -0.109375 0.287109 -0.000034
v -0.098145 0.308594 0.001297
v -0.100586 0.316406 -0.021851
v -0.096680 0.312500 -0.042969
v -0.109375 0.289062 -0.042480
v -0.101074 -0.388672 0.008789
v -0.106934 -0.406250 -0.000790
v -0.094727 -0.398438 0.008240
v -0.109375 -0.384766 0.000851
v -0.111816 -0.384766 0.003006
v -0.095215 -0.396484 0.005127
v -0.100098 -0.390625 0.005890
v -0.000023 0.380859 -0.042480
v 0.014954 0.380859 -0.039551
v 0.015137 0.367188 -0.039307
v 0.261719 0.041260 0.012451
v 0.259766 0.039307 0.008545
v 0.257812 0.042969 0.016113
v 0.257812 0.038086 0.016846
v 0.259766 0.037842 0.013611
v -0.015137 0.417969 0.039062
v -0.017944 0.419922 0.044922
v -0.020508 0.417969 0.042969
v -0.021118 0.417969 0.041016
v -0.009888 0.419922 0.044922
v -0.012451 0.421875 0.045654
v -0.010620 0.417969 0.043945
v -0.016846 0.417969 0.044189
v -0.013367 0.416016 0.044922
v -0.014893 0.421875 0.046143
v -0.019165 0.416016 0.043457
v -0.025879 0.233398 -0.056396
v 0.000153 0.206055 -0.050049
v -0.025391 0.205078 -0.049561
v -0.027222 0.261719 -0.058838
v -0.000320 0.253906 -0.059570
v -0.050781 0.235352 -0.051514
v -0.051025 0.261719 -0.057373
v 0.037354 0.453125 0.033447
v 0.025879 0.447266 0.043457
v 0.031982 0.443359 0.036865
v 0.043213 0.457031 0.016602
v 0.039307 0.468750 0.020752
v 0.040039 0.445312 0.025757
v 0.022827 0.455078 0.046387
v 0.032227 0.462891 0.037354
v -0.006775 0.396484 0.049072
v -0.007355 0.398438 0.049072
v -0.010864 0.398438 0.047607
v -0.011719 0.392578 0.046631
v -0.006927 0.390625 0.049072
v -0.005066 0.394531 0.050293
v -0.007050 0.396484 0.051514
v -0.281250 0.015747 -0.016968
v -0.283203 0.015076 -0.015991
v -0.281250 0.011841 -0.015991
v -0.283203 0.026489 -0.015320
v -0.277344 0.010071 -0.016846
v -0.277344 0.009644 -0.021240
v -0.281250 0.017090 -0.021606
v 0.013733 0.417969 0.044922
v 0.017212 0.416016 0.044678
v 0.016602 0.417969 0.038818
v 0.010376 0.414062 0.044434
v 0.013794 0.412109 0.044678
v 0.011292 0.417969 0.044189
v 0.010132 0.416016 0.044434
v 0.017334 0.412109 0.044189
v 0.099609 -0.453125 -0.051514
v 0.099121 -0.431641 -0.048828
v 0.107910 -0.439453 -0.039795
v 0.086426 -0.453125 -0.053711
v 0.106445 -0.470703 -0.042725
v 0.098633 -0.470703 -0.053467
v 0.085938 -0.470703 -0.055908
v -0.008911 0.306641 0.041260
v -0.008484 0.306641 0.043457
v -0.006622 0.302734 0.046387
v -0.012756 0.310547 0.035400
v -0.006866 0.302734 0.043945
v -0.067383 -0.153320 0.051025
v -0.082031 -0.154297 0.046631
v -0.070312 -0.170898 0.050781
v -0.066406 -0.142578 0.045410
v -0.056152 -0.157227 0.049072
v 0.024292 0.384766 0.012146
v 0.030762 0.396484 0.008728
v 0.031738 0.396484 0.010742
v 0.022705 0.380859 0.021362
v 0.063965 0.172852 0.034912
v 0.065918 0.149414 0.035156
v 0.072266 0.151367 0.015442
v 0.049805 0.194336 0.052734
v 0.048584 0.170898 0.050781
v 0.064453 0.197266 0.037598
v 0.069336 0.174805 0.014221
v -0.043945 0.421875 0.001587
v -0.043457 0.419922 -0.000690
v -0.044922 0.419922 0.000008
v -0.043945 0.419922 0.004028
v -0.042969 0.421875 0.005981
v -0.111328 -0.287109 -0.040527
v -0.113281 -0.328125 -0.021118
v 0.000462 0.388672 0.052979
v -0.001900 0.388672 0.052246
v 0.000603 0.386719 0.052246
v 0.002808 0.388672 0.052246
v 0.002411 0.388672 0.052979
v 0.000240 0.392578 0.051514
v -0.002197 0.390625 0.052734
v 0.255859 0.069336 -0.027832
v 0.261719 0.054443 -0.021729
v 0.248047 0.066895 -0.020142
v 0.259766 0.075195 -0.026855
v 0.269531 0.063965 -0.029297
v 0.251953 0.075195 -0.026978
v 0.265625 0.057861 -0.029785
v -0.015015 0.421875 0.045410
v -0.016724 0.423828 0.044189
v -0.032715 0.018311 0.058838
v -0.033936 -0.006622 0.059814
v -0.007996 0.006104 0.043945
v -0.015991 0.038574 0.058594
v -0.031982 0.046631 0.057861
v -0.059326 0.027954 0.060547
v -0.061523 0.001457 0.062256
v 0.041260 0.404297 0.000217
v 0.040039 0.406250 -0.001083
v 0.042480 0.414062 -0.003784
v 0.038086 0.404297 0.004364
v 0.038330 0.400391 0.002396
v 0.043701 0.412109 -0.001968
v 0.039795 0.412109 0.001663
v 0.075195 -0.488281 -0.002411
v 0.077148 -0.492188 0.028198
v 0.079102 -0.472656 0.004028
v 0.074219 -0.492188 0.027832
v 0.073730 -0.472656 -0.017578
v -0.077637 0.263672 -0.052246
v -0.085938 0.281250 -0.057617
v -0.079102 0.289062 -0.058105
v -0.071777 0.257812 -0.051025
v -0.077148 0.246094 -0.036621
v -0.084961 0.257812 -0.050537
v -0.069824 0.289062 -0.059082
v -0.189453 0.174805 -0.004822
v -0.208008 0.151367 -0.002945
v -0.194336 0.139648 0.003860
v -0.196289 0.179688 -0.023560
v -0.214844 0.156250 -0.020386
v -0.180664 0.185547 -0.005646
v -0.174805 0.162109 0.002899
v -0.166992 0.172852 0.002319
v 0.014465 0.443359 -0.058105
v 0.023926 0.431641 -0.051514
v 0.012634 0.429688 -0.057373
v -0.000069 0.441406 -0.061768
v 0.014648 0.457031 -0.056885
v 0.030884 0.449219 -0.048340
v 0.283203 0.001076 0.004669
v 0.281250 0.002792 0.004791
v 0.283203 0.001007 0.000454
v 0.285156 0.000786 0.006409
v 0.285156 -0.000414 0.003250
v -0.011719 0.371094 0.019531
v -0.013916 0.361328 0.014221
v -0.005585 0.361328 0.019653
v -0.017090 0.376953 0.016235
v -0.018799 0.373047 0.010498
v -0.005646 0.367188 0.023804
v -0.011780 0.371094 0.023071
v -0.071289 -0.427734 -0.038330
v -0.070801 -0.451172 -0.038574
v -0.077637 -0.431641 -0.048340
v -0.066406 -0.408203 -0.014709
v -0.071777 -0.431641 -0.015747
v -0.075684 -0.408203 -0.051025
v -0.065430 -0.410156 -0.038086
v 0.017090 0.365234 0.040039
v 0.022827 0.369141 0.032959
v 0.016113 0.367188 0.037842
v 0.007263 0.347656 0.029541
v 0.021484 0.351562 0.021973
v 0.024414 0.367188 0.034668
v 0.101562 0.057373 0.018921
v 0.080078 0.093262 -0.030151
v 0.090820 0.092773 -0.006226
v 0.092285 0.091797 0.016602
v -0.018188 0.421875 0.045654
v -0.020874 0.419922 0.044434
v -0.285156 0.031128 -0.028931
v -0.283203 0.023804 -0.028931
v -0.283203 0.031250 -0.024780
v -0.281250 0.033691 -0.030518
v -0.281250 0.025635 -0.030884
v -0.283203 0.033447 -0.024170
v -0.285156 0.035400 -0.027710
v 0.010376 0.419922 0.044678
v 0.009399 0.416016 0.043457
v 0.012329 0.419922 0.045166
v 0.010071 0.419922 0.046143
v 0.008545 0.419922 0.045654
v 0.112305 -0.394531 -0.020752
v 0.117188 -0.386719 -0.016602
v 0.112793 -0.386719 -0.033447
v 0.108887 -0.380859 -0.042969
v 0.117676 -0.380859 -0.022217
v 0.109375 -0.386719 0.001358
v 0.104980 -0.392578 -0.039551
v 0.112305 -0.380859 0.000206
v 0.104980 -0.396484 -0.003464
v -0.005798 0.373047 0.046631
v -0.010071 0.376953 0.042725
v -0.006683 0.371094 0.046143
v -0.002869 0.376953 0.047119
v -0.006287 0.376953 0.045898
v -0.003113 0.371094 0.047607
v -0.022339 -0.078125 0.033936
v -0.040283 -0.077637 0.050293
v -0.028564 -0.111328 0.028564
v -0.009155 -0.046875 0.009705
v -0.015869 -0.044189 0.037354
v -0.015137 -0.078125 0.008484
v 0.027588 0.396484 0.000607
v 0.026978 0.402344 -0.016479
v 0.044922 0.218750 0.071777
v 0.022827 0.212891 0.066895
v 0.042725 0.211914 0.061279
v 0.024414 0.221680 0.076660
v -0.032715 0.460938 0.028931
v -0.036865 0.453125 0.022217
v -0.034424 0.441406 0.027344
v -0.029297 0.451172 0.034668
v -0.023804 0.464844 0.038818
v -0.125977 -0.488281 0.073730
v -0.134766 -0.490234 0.057129
v -0.125977 -0.498047 0.074707
v -0.110352 -0.498047 0.083008
v -0.111328 -0.488281 0.082520
v -0.110352 -0.488281 0.078613
v -0.124023 -0.490234 0.071289
v 0.011780 0.328125 0.017090
v 0.006683 0.349609 0.027710
v 0.021118 0.351562 0.019775
v 0.000763 0.326172 0.012390
v 0.000210 0.326172 0.021851
v 0.024780 0.339844 0.001099
v 0.289062 0.013000 -0.001083
v 0.285156 0.005432 -0.000862
v 0.283203 0.006653 0.000053
v 0.289062 0.009827 0.003555
v 0.285156 0.013428 -0.000786
v 0.289062 0.023193 -0.001465
v 0.291016 0.013733 0.003281
v -0.023560 0.402344 -0.018677
v -0.016968 0.394531 -0.022705
v -0.022339 0.392578 -0.012756
v -0.028320 0.400391 -0.001068
v -0.033203 0.412109 -0.010132
v -0.246094 0.074219 -0.021118
v -0.238281 0.061279 -0.012085
v -0.242188 0.072754 -0.010559
v -0.243164 0.065430 -0.028687
v -0.248047 0.067871 -0.019409
v 0.016479 0.433594 0.049561
v 0.015503 0.427734 0.051270
v 0.009827 0.439453 0.052002
v 0.008484 0.427734 0.053711
v 0.018188 0.441406 0.048340
v 0.048340 -0.267578 -0.039551
v 0.044434 -0.246094 -0.013611
v 0.049072 -0.237305 -0.032227
v 0.065918 -0.255859 -0.053711
v 0.069336 -0.292969 -0.057373
v 0.051758 -0.300781 -0.041260
v 0.045410 -0.275391 -0.017822
v -0.081543 0.304688 0.015076
v -0.078613 0.287109 0.020020
v -0.066895 0.310547 0.019897
v -0.089355 0.292969 0.013916
v -0.091797 0.318359 0.001450
v -0.085938 0.320312 0.002121
v -0.289062 0.026978 -0.019165
v -0.285156 0.042969 -0.019165
v -0.285156 0.028320 -0.021118
v -0.287109 0.026123 -0.021851
v -0.285156 0.016113 -0.019775
v -0.287109 0.027588 -0.015503
v -0.285156 0.042480 -0.014282
v -0.287109 0.025635 -0.015747
v 0.000122 0.417969 0.051270
v 0.001572 0.412109 0.052979
v 0.002777 0.416016 0.050537
v 0.000401 0.419922 0.051025
v -0.002136 0.419922 0.050781
v -0.001808 0.416016 0.050781
v 0.000252 0.412109 0.053223
v 0.086426 -0.408203 -0.055664
v 0.074707 -0.408203 -0.050537
v 0.099121 -0.406250 -0.050049
v 0.086914 -0.431641 -0.052002
v 0.077148 -0.431641 -0.048584
v -0.033936 0.318359 0.026367
v -0.039062 0.316406 0.028687
v -0.029541 0.320312 0.024658
v -0.013977 0.312500 0.036621
v -0.036377 -0.038818 0.056396
v -0.063477 -0.034424 0.061035
v -0.064941 -0.075195 0.057129
v -0.011169 -0.015015 0.039551
v 0.035645 0.398438 0.006531
v 0.034180 0.404297 0.008057
v 0.033691 0.398438 0.008850
v 0.035645 0.400391 0.003525
v 0.037354 0.398438 0.005005
v 0.033936 0.398438 0.005371
v 0.138672 0.207031 0.003860
v 0.106445 0.217773 -0.004028
v 0.124512 0.195312 -0.006165
v 0.149414 0.191406 0.001297
v 0.163086 0.206055 -0.006287
v 0.123047 0.229492 0.005829
v 0.152344 0.219727 -0.005585
v -0.033936 0.484375 -0.026123
v -0.035400 0.484375 -0.010864
v -0.023560 0.492188 -0.022217
v -0.027832 0.478516 -0.039795
v -0.040039 0.472656 -0.028931
v -0.019531 0.490234 -0.032959
v -0.042969 0.472656 -0.013245
v -0.119629 -0.468750 0.034180
v -0.129883 -0.480469 0.029419
v -0.131836 -0.482422 0.045410
v -0.124023 -0.470703 0.049805
v -0.098633 -0.457031 0.024048
v -0.113770 -0.462891 0.013855
v -0.103516 -0.464844 0.042236
v 0.073242 0.233398 -0.036377
v 0.287109 0.013184 0.007202
v 0.287109 0.024170 0.007324
v 0.285156 0.005676 0.007080
v 0.281250 0.007080 0.004669
v 0.283203 0.013428 0.004852
v -0.009277 0.414062 0.041260
v -0.012817 0.412109 0.041016
v -0.009949 0.412109 0.039795
v -0.010803 0.416016 0.043701
v -0.007935 0.419922 0.041992
v -0.006989 0.416016 0.039551
v -0.154297 0.161133 -0.044922
v -0.144531 0.172852 -0.045898
v -0.139648 0.166016 -0.022583
v -0.164062 0.148438 -0.041748
v -0.169922 0.171875 -0.054443
v -0.160156 0.184570 -0.055176
v -0.148438 0.154297 -0.022217
v 0.030273 0.435547 0.033691
v 0.034180 0.435547 0.034912
v 0.030762 0.435547 0.039307
v 0.025513 0.437500 0.039551
v 0.032471 0.433594 0.030273
v 0.043945 -0.224609 -0.008728
v 0.054443 -0.253906 0.004211
v 0.052002 -0.231445 0.007507
v -0.043213 0.289062 0.048584
v -0.041260 0.296875 0.044189
v -0.041016 0.294922 0.042480
v -0.042969 0.289062 0.046143
v -0.043213 0.285156 0.052490
v -0.026367 0.287109 0.055176
v -0.100098 -0.215820 -0.030640
v -0.110352 -0.243164 -0.012390
v -0.104492 -0.217773 -0.006805
v -0.094727 -0.200195 -0.026367
v -0.079102 -0.202148 -0.038086
v -0.083984 -0.218750 -0.043945
v -0.106934 -0.246094 -0.037598
v 0.004059 0.386719 0.047363
v 0.004852 0.386719 0.050049
v 0.001984 0.386719 0.048340
v 0.000458 0.388672 0.043213
v 0.273438 0.066895 -0.020874
v 0.273438 0.067871 -0.010315
v 0.263672 0.078613 -0.021118
v 0.263672 0.080566 -0.010986
v 0.279297 0.051758 -0.029663
v -0.010132 0.429688 0.053467
v -0.012207 0.425781 0.052490
v -0.007996 0.423828 0.052246
v -0.003387 0.439453 0.052734
v -0.010498 0.439453 0.052246
v -0.016235 0.429688 0.050537
v -0.005859 0.425781 0.054199
v -0.000031 0.005981 0.045166
v -0.000130 0.000656 0.028687
v 0.037354 0.421875 -0.027100
v 0.025269 0.408203 -0.030151
v 0.031494 0.421875 -0.038818
v 0.042236 0.433594 -0.030029
v 0.102051 -0.462891 0.041748
v 0.098145 -0.458984 0.024048
v 0.087891 -0.462891 0.028076
v 0.092285 -0.470703 0.053467
v 0.106934 -0.464844 0.054199
v 0.123047 -0.470703 0.049072
v 0.119141 -0.468750 0.034180
v -0.075684 0.236328 -0.010559
v -0.069824 0.204102 -0.027954
v -0.072754 0.203125 -0.007446
v -0.074219 0.233398 -0.036621
v -0.073730 0.234375 0.018066
v -0.073730 0.253906 0.000858
v -0.075195 0.245117 -0.015869
v -0.222656 0.107910 0.006683
v -0.241211 0.121582 -0.017212
v -0.234375 0.117676 0.000523
v 0.023438 0.494141 -0.020386
v 0.033691 0.482422 -0.025879
v 0.019897 0.490234 -0.031738
v 0.024170 0.494141 -0.004669
v 0.034912 0.486328 -0.010559
v 0.012024 0.498047 -0.003281
v 0.011047 0.498047 -0.019531
v 0.279297 0.004700 -0.006866
v 0.283203 0.002945 -0.005432
v 0.283203 0.011658 -0.005096
v 0.283203 0.010620 -0.010742
v 0.279297 0.004486 -0.010559
v 0.279297 -0.000433 -0.006836
v -0.007935 0.388672 -0.086426
v 0.001511 0.398438 -0.087891
v -0.008850 0.375000 -0.083984
v -0.013123 0.382812 -0.077148
v -0.006470 0.398438 -0.085449
v -0.011047 0.394531 -0.078613
v -0.069824 -0.363281 -0.001205
v -0.072754 -0.380859 -0.001457
v -0.062988 -0.367188 -0.019043
v -0.064941 -0.335938 -0.000889
v -0.087891 -0.361328 0.006714
v -0.089844 -0.378906 0.005524
v 0.008057 0.386719 0.048584
v 0.021240 0.062012 -0.062012
v 0.046387 0.031738 -0.062012
v 0.020142 0.030151 -0.061523
v 0.000252 0.031250 -0.055664
v 0.000111 0.061035 -0.060791
v 0.000191 0.092773 -0.051025
v 0.019775 0.093262 -0.050049
v 0.038330 0.093262 -0.046631
v 0.043701 0.062500 -0.059326
v -0.035400 0.425781 0.026978
v -0.031982 0.427734 0.026245
v -0.029419 0.433594 0.032959
v -0.032715 0.433594 0.033691
v -0.037842 0.429688 0.025513
v -0.037842 0.419922 0.021606
v -0.035400 0.419922 0.022217
v 0.000038 0.345703 0.016357
v 0.007812 0.326172 0.013062
v 0.007355 0.345703 0.014771
v 0.006714 0.361328 0.019287
v 0.000267 0.365234 0.022949
v -0.007599 0.326172 0.012817
v 0.000061 0.326172 0.013245
v -0.007233 0.347656 0.014648
v 0.253906 0.036133 0.009583
v 0.255859 0.039551 0.008484
v 0.259766 0.036377 0.009644
v -0.034668 0.404297 0.002411
v -0.040771 0.406250 -0.001053
v -0.033203 0.408203 -0.001266
v -0.035645 0.398438 0.003647
v -0.037354 0.402344 0.001465
v -0.031982 0.400391 0.005615
v -0.048584 0.205078 -0.042969
v -0.046387 0.178711 -0.036621
v -0.062988 0.178711 -0.022461
v 0.033447 0.441406 0.042480
v 0.026367 0.443359 0.054443
v 0.022339 0.439453 0.050781
v 0.035400 0.445312 0.039551
v 0.029297 0.449219 0.049316
v 0.055664 -0.177734 -0.030884
v 0.075195 -0.181641 -0.033936
v 0.059082 -0.192383 -0.033203
v 0.043457 -0.182617 -0.017700
v 0.040527 -0.164062 -0.015869
v 0.053467 -0.164062 -0.030762
v -0.020386 0.384766 0.034180
v -0.024780 0.386719 0.026367
v -0.022339 0.380859 0.022217
v -0.021851 0.390625 0.036133
v -0.014465 0.376953 0.037842
v -0.015381 0.382812 0.039795
v -0.017944 0.384766 0.039307
v -0.018555 0.378906 0.031128
v -0.277344 0.015198 -0.031006
v -0.279297 0.017090 -0.027832
v 0.017456 0.412109 0.041504
v 0.013733 0.414062 0.044189
v 0.012695 0.412109 0.041504
v 0.014465 0.412109 0.039307
v 0.019409 0.412109 0.039795
v 0.022217 0.414062 0.039062
v 0.118652 -0.500000 -0.015747
v 0.071289 -0.500000 -0.003891
v 0.113770 -0.500000 -0.029541
v 0.119141 -0.492188 -0.014282
v -0.011658 0.281250 0.060059
v -0.012695 0.281250 0.062256
v -0.016235 0.277344 0.064453
v -0.015259 0.275391 0.062988
v -0.010315 0.285156 0.057373
v -0.065918 -0.255859 0.019043
v -0.053955 -0.253906 0.004150
v -0.077148 -0.237305 0.023926
v -0.079102 -0.253906 0.022461
v -0.079590 -0.279297 0.017456
v -0.054688 -0.281250 0.001236
v 0.056396 0.335938 -0.042480
v 0.035889 0.343750 -0.019165
v 0.059814 0.337891 -0.018921
v 0.068848 0.312500 -0.056152
v 0.050293 0.314453 -0.058594
v 0.026855 0.337891 -0.048584
v 0.028564 0.347656 -0.032471
v 0.075195 0.330078 -0.042969
v 0.029297 0.117188 0.063477
v 0.031250 0.084473 0.067871
v 0.060059 0.086914 0.058105
v 0.055176 0.118652 0.053467
v -0.000175 0.116211 0.067383
v 0.027100 0.145508 0.061035
v -0.000366 0.144531 0.065918
v -0.036865 0.425781 0.014893
v -0.038574 0.427734 0.020874
v -0.038818 0.423828 0.006042
v -0.035645 0.419922 0.013916
v -0.042969 0.431641 0.007080
v -0.287109 0.041260 -0.008789
v -0.291016 0.026245 -0.008667
v -0.285156 0.043213 -0.004059
v -0.283203 0.041016 -0.011658
v -0.287109 0.025757 -0.011169
v -0.285156 0.047119 -0.007690
v 0.000484 0.427734 -0.076660
v 0.000629 0.429688 -0.068848
v -0.003693 0.423828 -0.075195
v 0.087402 -0.208008 0.034424
v 0.087402 -0.224609 0.027954
v 0.095215 -0.216797 0.020142
v 0.085938 -0.187500 0.042725
v 0.095703 -0.203125 0.025269
v 0.094727 -0.185547 0.030640
v -0.023193 0.380859 -0.005157
v -0.021484 0.386719 -0.014282
v -0.022705 0.371094 -0.016235
v -0.023926 0.367188 -0.005890
v -0.021118 0.380859 0.007202
v -0.024048 0.390625 -0.002411
v -0.075195 -0.486328 -0.050781
v -0.085938 -0.488281 -0.057617
v -0.085938 -0.470703 -0.055664
v -0.074707 -0.468750 -0.050537
v -0.073242 -0.486328 -0.051758
v 0.108398 0.249023 0.007996
v 0.091309 0.235352 -0.001404
v 0.136719 0.242188 -0.003021
v 0.092773 0.269531 0.012085
v 0.081543 0.250000 -0.000227
v 0.279297 0.009705 -0.017578
v 0.277344 0.009155 -0.022095
v 0.277344 0.003998 -0.018433
v 0.283203 0.015320 -0.017212
v 0.279297 0.003510 -0.018311
v 0.283203 0.011353 -0.016357
v -0.017212 0.416016 0.044678
v -0.105957 -0.069824 -0.008667
v -0.101562 -0.109863 0.019287
v -0.105469 -0.070312 0.020752
v -0.102051 -0.109375 -0.005737
v -0.107422 -0.030762 -0.009033
v -0.093262 -0.031738 -0.030396
v -0.093262 -0.070312 -0.028931
v 0.002441 0.398438 0.060791
v 0.003418 0.398438 0.058594
v 0.002136 0.400391 0.060303
v 0.000221 0.400391 0.061279
v 0.000328 0.396484 0.061279
v 0.002258 0.394531 0.059082
v 0.267578 0.079590 -0.026123
v 0.271484 0.082031 -0.011108
v 0.259766 0.082031 -0.012878
v 0.259766 0.080078 -0.024048
v 0.259766 0.073242 -0.035645
v 0.239258 0.116699 -0.033936
v -0.009399 0.468750 0.048584
v -0.012634 0.460938 0.049561
v -0.003845 0.466797 0.051025
v -0.015747 0.480469 0.040039
v -0.021729 0.462891 0.044922
v -0.007782 0.482422 0.041260
v -0.002106 0.476562 0.047119
v -0.251953 0.039795 0.008606
v -0.251953 0.036377 0.009399
v 0.034180 0.419922 0.012024
v 0.040283 0.435547 0.019043
v 0.034424 0.423828 0.019531
v 0.038330 0.421875 0.004150
v 0.042725 0.431641 0.007111
v 0.070312 -0.365234 -0.001572
v 0.090332 -0.378906 0.005341
v 0.088867 -0.359375 0.005890
v 0.072266 -0.380859 -0.001984
v 0.065430 -0.333984 -0.001083
v 0.062500 -0.369141 -0.019043
v -0.139648 0.244141 -0.043457
v -0.098145 0.277344 -0.052979
v -0.113281 0.255859 -0.053711
v -0.285156 0.002686 0.003860
v -0.285156 0.001030 0.001099
v 0.002197 0.384766 -0.064941
v -0.008362 0.376953 -0.068848
v 0.002960 0.373047 -0.062988
v 0.011780 0.386719 -0.068848
v 0.001434 0.394531 -0.066895
v -0.007294 0.388672 -0.070801
v 0.012207 0.375000 -0.068359
v 0.181641 0.126953 -0.002518
v 0.210938 0.095703 0.000076
v -0.035645 0.433594 0.022461
v -0.039795 0.447266 0.015747
v -0.036377 0.425781 0.016357
v -0.065430 0.065918 -0.046631
v -0.067871 0.037354 -0.051270
v -0.084961 0.041260 -0.033691
v -0.043457 0.062988 -0.058594
v 0.024658 0.417969 0.040039
v 0.023315 0.416016 0.041260
v 0.024170 0.414062 0.040771
v 0.021973 0.417969 0.041260
v 0.025879 0.417969 0.039062
v 0.023438 0.417969 0.042480
v 0.026001 0.416016 0.039307
v 0.078613 -0.398438 -0.004639
v 0.091797 -0.398438 0.002274
v 0.089844 -0.382812 0.009705
v 0.063965 -0.390625 -0.015320
v 0.070312 -0.384766 0.003036
v 0.060547 -0.386719 -0.016846
v 0.069336 -0.400391 -0.019165
v -0.032959 0.273438 0.064453
v -0.037109 0.275391 0.059326
v -0.032471 0.271484 0.063477
v -0.026855 0.273438 0.066406
v -0.037842 0.277344 0.060547
v -0.259766 0.051514 -0.010193
v -0.271484 0.042725 -0.009460
v -0.261719 0.054688 -0.020996
v -0.251953 0.059082 -0.010376
v -0.255859 0.046631 0.001831
v -0.265625 0.044922 0.000858
v 0.011230 0.423828 0.051270
v 0.012451 0.421875 0.048584
v 0.015198 0.425781 0.050293
v 0.008850 0.423828 0.051514
v 0.010010 0.419922 0.048584
v 0.110352 -0.326172 -0.042480
v 0.111328 -0.357422 -0.021973
v 0.107422 -0.357422 -0.041748
v 0.092773 -0.326172 -0.056152
v 0.093262 -0.289062 -0.056641
v 0.111816 -0.287109 -0.040039
v 0.113281 -0.326172 -0.020630
v -0.001442 0.384766 0.047607
v -0.004425 0.384766 0.048096
v -0.002014 0.382812 0.049805
v 0.000256 0.384766 0.048584
v -0.000046 0.380859 0.040527
v -0.003540 0.382812 0.047119
v -0.003937 0.382812 0.040771
v -0.082031 -0.492188 0.051025
v -0.086914 -0.492188 0.067871
v -0.080078 -0.494141 0.051758
v -0.084473 -0.480469 0.053711
v -0.089355 -0.490234 0.066895
v -0.080566 -0.478516 0.029419
v -0.078125 -0.492188 0.028198
v 0.077148 0.241211 -0.016113
v 0.073730 0.245117 -0.015442
v 0.075684 0.245117 -0.036865
v 0.085449 0.235352 -0.034912
v 0.083984 0.232422 -0.016968
v 0.104492 0.018311 -0.008606
v 0.099609 0.039551 0.020264
v 0.104492 0.017700 0.021729
v 0.105957 0.003296 0.022339
v 0.083984 0.020264 -0.042480
v 0.097168 0.043213 -0.009521
v -0.034180 0.412109 -0.021851
v -0.033203 0.404297 -0.008179
v -0.037842 0.414062 -0.009460
v -0.026855 0.402344 -0.017090
v -0.035400 0.425781 -0.036133
v -0.041260 0.423828 -0.020874
v -0.283203 0.014038 0.005646
v -0.285156 0.013733 0.007751
v -0.281250 0.025391 0.005890
v -0.285156 0.023926 0.007324
v -0.281250 0.024658 -0.000645
v 0.032959 0.412109 0.006897
v 0.032715 0.404297 0.011536
v 0.034424 0.412109 0.008240
v 0.036377 0.416016 0.010742
v 0.113281 -0.462891 0.013611
v 0.120117 -0.478516 0.004852
v 0.110840 -0.457031 0.005890
v 0.097168 -0.453125 0.014526
v 0.128906 -0.478516 0.028931
v -0.027222 0.291016 -0.063477
v -0.027832 0.318359 -0.060791
v -0.000137 0.292969 -0.063965
v -0.051025 0.289062 -0.061523
v -0.052490 0.314453 -0.058350
v -0.045166 -0.198242 -0.020996
v -0.060791 -0.208008 -0.036621
v -0.057373 -0.189453 -0.033203
v -0.036865 -0.189453 0.001175
v -0.040283 -0.208008 -0.005341
v -0.048340 -0.216797 -0.024292
v -0.043213 -0.181641 -0.017456
v 0.018311 0.386719 0.040283
v 0.016113 0.382812 0.040039
v 0.021362 0.386719 0.034668
v 0.021729 0.392578 0.038818
v 0.016602 0.390625 0.043701
v 0.015991 0.386719 0.042480
v 0.169922 0.172852 -0.054688
v 0.172852 0.194336 -0.044189
v 0.182617 0.183594 -0.042969
v 0.154297 0.160156 -0.044922
v 0.160156 0.183594 -0.055664
v 0.179688 0.160156 -0.051514
v -0.033203 0.417969 0.022339
v -0.087402 -0.388672 -0.057373
v -0.087402 -0.408203 -0.055176
v -0.072754 -0.390625 -0.051514
v -0.100098 -0.408203 -0.050293
v 0.009949 0.369141 0.039795
v 0.014282 0.375000 0.028076
v 0.014038 0.375000 0.034912
v 0.011658 0.375000 0.040283
v 0.007202 0.369141 0.043213
v 0.006470 0.369141 0.026489
v 0.006592 0.367188 0.039795
v 0.289062 0.028076 -0.021606
v 0.291016 0.027100 -0.019653
v 0.287109 0.025879 -0.023193
v 0.283203 0.025879 -0.020386
v 0.281250 0.038086 -0.019897
v 0.283203 0.042969 -0.022705
v -0.006134 0.419922 0.049561
v -0.009155 0.421875 0.049805
v -0.009644 0.419922 0.046631
v -0.003998 0.421875 0.051758
v -0.003998 0.416016 0.049316
v -0.149414 0.193359 0.001465
v -0.145508 0.169922 -0.005310
v -0.136719 0.181641 -0.004639
v -0.163086 0.205078 -0.006470
v -0.171875 0.194336 -0.006653
v -0.158203 0.182617 -0.000278
v -0.138672 0.208008 0.003708
v -0.125000 0.196289 -0.005951
v 0.039307 0.470703 -0.030273
v 0.026245 0.480469 -0.040527
v 0.042969 0.474609 -0.013977
v 0.033691 -0.006592 0.059082
v 0.061768 0.000511 0.062256
v 0.036133 -0.038574 0.056641
v 0.063477 -0.034912 0.060791
v 0.011902 -0.015076 0.038818
v -0.033691 0.396484 0.016113
v -0.032715 0.388672 0.015869
v -0.033936 0.392578 0.017822
v -0.035645 0.402344 0.017090
v -0.034180 0.402344 0.014832
v -0.279297 0.049316 -0.028198
v -0.279297 0.043945 -0.029419
v -0.283203 0.044922 -0.027100
v -0.283203 0.048096 -0.023193
v -0.277344 0.048340 -0.029663
v -0.275391 0.054443 -0.029541
v -0.281250 0.053223 -0.021118
v 0.000134 0.470703 0.046387
v 0.010132 0.455078 0.049561
v 0.012329 0.468750 0.045898
v -0.013062 0.468750 0.044434
v -0.009705 0.455078 0.049561
v -0.000023 0.453125 0.051514
v 0.097168 -0.149414 0.017578
v 0.098145 -0.143555 -0.005096
v 0.102051 -0.109863 0.018677
v -0.005493 0.396484 0.052002
v -0.004486 0.396484 0.051514
v -0.004333 0.396484 0.054932
v -0.004608 0.398438 0.055664
v -0.089355 -0.382812 0.009644
v -0.070801 -0.384766 0.003433
v -0.060059 -0.386719 -0.016235
v 0.085938 0.285156 -0.057129
v 0.097656 0.275391 -0.052734
v 0.076660 0.263672 -0.051270
v 0.076660 0.287109 -0.057129
v 0.088379 0.300781 -0.054443
v 0.108887 0.289062 -0.042480
v 0.082520 0.064941 0.044922
v 0.086914 0.033447 0.048584
v 0.053955 0.086426 0.054199
v 0.057129 0.055176 0.055420
v 0.091309 0.069824 0.019897
v 0.077148 0.088379 0.042969
v -0.039551 0.417969 0.006622
v -0.043457 0.414062 0.000523
v -0.035156 0.412109 0.007568
v -0.074707 -0.212891 0.037842
v -0.072266 -0.189453 0.047119
v -0.087891 -0.208984 0.034424
v -0.075684 -0.228516 0.030884
v -0.087891 -0.223633 0.027466
v 0.022461 0.386719 0.002762
v 0.021240 0.380859 0.010559
v 0.021973 0.376953 -0.010010
v 0.022949 0.390625 -0.006073
v 0.025146 0.394531 0.003311
v 0.022949 0.371094 -0.002380
v 0.287109 0.042480 -0.004700
v 0.285156 0.046387 -0.002045
v 0.283203 0.040283 -0.002686
v 0.292969 0.026245 -0.008606
v 0.289062 0.041504 -0.008972
v 0.291016 0.025635 -0.004730
v -0.001259 0.425781 -0.060547
v 0.002457 0.425781 -0.058350
v 0.001923 0.425781 -0.060059
v -0.000481 0.421875 -0.059814
v -0.002777 0.427734 -0.069336
v -0.004120 0.423828 -0.067871
v -0.002106 0.423828 -0.061279
v -0.110840 0.019897 0.018555
v 0.021118 0.414062 0.042725
v 0.020386 0.416016 0.043701
v 0.019775 0.417969 0.043457
v 0.069336 -0.470703 -0.041016
v 0.074707 -0.468750 -0.051514
v 0.074219 -0.486328 -0.051025
v -0.067383 0.251953 0.058594
v -0.072754 0.243164 0.045166
v -0.111328 -0.451172 -0.022217
v -0.106934 -0.441406 0.000683
v -0.110840 -0.427734 -0.020752
v -0.107910 -0.431641 -0.039062
v -0.107910 -0.451172 -0.041016
v -0.113281 -0.472656 -0.023193
v -0.111328 -0.457031 0.006378
v 0.000301 0.371094 0.048096
v -0.003418 0.367188 0.045654
v 0.000175 0.369141 0.045410
v 0.003601 0.371094 0.047363
v 0.005096 0.373047 0.047119
v 0.000763 0.376953 0.047119
v 0.281250 0.017822 -0.031738
v 0.281250 0.014099 -0.031250
v 0.277344 0.014465 -0.030396
v 0.281250 0.016235 -0.028931
v 0.279297 0.019043 -0.030396
v -0.013550 0.414062 0.043945
v -0.012268 0.417969 0.044922
v -0.014099 0.417969 0.044678
v -0.016113 0.414062 0.043701
v -0.016846 0.412109 0.041504
v -0.024902 0.193359 0.064941
v -0.000374 0.168945 0.067383
v -0.000717 0.194336 0.068359
v -0.025757 0.167969 0.062256
v -0.024292 0.211914 0.066895
v -0.049561 0.170898 0.050537
v 0.045166 0.447266 0.010925
v 0.032227 0.433594 0.032959
v 0.062256 -0.237305 0.018677
v 0.076660 -0.237305 0.024414
v 0.075684 -0.227539 0.030518
v -0.028198 0.357422 0.002823
v -0.027588 0.351562 -0.014648
v -0.023926 0.361328 -0.027832
v -0.030029 0.373047 0.013428
v -0.279297 0.036377 -0.005554
v -0.283203 0.024292 -0.004883
v -0.285156 0.024780 -0.010864
v -0.275391 0.037109 -0.002640
v -0.279297 0.036621 -0.011353
v 0.004486 0.423828 -0.062500
v 0.004822 0.425781 -0.061035
v 0.004425 0.421875 -0.059570
v 0.000946 0.419922 -0.063477
v 0.004852 0.419922 -0.065918
v 0.006439 0.423828 -0.065918
v 0.001854 0.421875 -0.060303
v 0.123535 -0.472656 0.060059
v 0.128906 -0.480469 0.056885
v 0.109863 -0.466797 0.067871
v 0.121094 -0.476562 0.070312
v -0.016235 0.349609 0.010071
v -0.068359 -0.003510 -0.051758
v -0.045166 0.010315 -0.058105
v -0.039551 -0.009460 -0.048828
v -0.092285 -0.006714 -0.030884
v -0.090332 0.010742 -0.032471
v -0.067871 0.018066 -0.052246
v -0.069336 -0.034668 -0.049316
v -0.031738 0.455078 0.036377
v -0.025269 0.457031 0.041016
v -0.028198 0.468750 0.038086
v -0.029541 0.451172 0.038086
v -0.267578 0.067383 -0.000050
v -0.281250 0.052002 -0.008362
v -0.275391 0.048828 0.006439
v -0.259766 0.063965 0.006012
v 0.000679 0.490234 -0.039551
v -0.000175 0.480469 -0.050049
v -0.011475 0.490234 -0.037598
v 0.012207 0.490234 -0.037354
v 0.013855 0.480469 -0.046875
v 0.000656 0.500000 -0.019531
v 0.091309 -0.031982 0.051025
v 0.089355 0.005615 0.052002
v 0.059570 0.027222 0.060303
v -0.028564 0.390625 0.018677
v -0.026733 0.392578 0.026855
v -0.031738 0.400391 0.017700
v -0.031006 0.396484 0.013245
v -0.027344 0.388672 0.015198
v -0.093262 -0.326172 -0.055664
v -0.075684 -0.363281 -0.050293
v -0.093262 -0.361328 -0.052246
v 0.032227 0.373047 0.015564
v 0.029785 0.373047 0.013184
v 0.030518 0.357422 0.003342
v 0.031250 0.361328 -0.014343
v 0.033691 0.378906 -0.008179
v 0.144531 0.169922 -0.004883
v 0.139648 0.165039 -0.022217
v -0.022827 0.417969 0.041748
v -0.098633 -0.183594 -0.004456
v -0.099609 -0.202148 -0.006378
v 0.002045 0.392578 0.052002
v 0.003021 0.392578 0.051514
v 0.281250 0.044922 -0.030273
v 0.285156 0.047119 -0.027344
v 0.287109 0.035400 -0.028931
v 0.279297 0.044189 -0.029907
v -0.010437 0.419922 0.044189
v -0.012878 0.421875 0.045166
v -0.012451 0.419922 0.044678
v -0.010254 0.417969 0.044189
v -0.009033 0.421875 0.041504
v -0.012695 0.425781 0.041748
v -0.013184 0.423828 0.043457
v -0.071289 0.012024 0.067871
v -0.065430 0.050781 0.063477
v -0.100586 0.016357 0.049072
v -0.032959 0.048340 0.072754
v -0.035156 0.009521 0.076660
v 0.030518 0.423828 0.033447
v 0.036621 0.421875 0.009033
v 0.038574 0.431641 0.010864
v 0.080566 -0.478516 0.029663
v 0.081055 -0.490234 0.051758
v 0.084473 -0.457031 0.014404
v 0.083984 -0.480469 0.053467
v -0.143555 0.247070 -0.024048
v -0.157227 0.224609 -0.024658
v -0.137695 0.243164 -0.003708
v -0.123047 0.263672 -0.000965
v -0.134766 -0.490234 0.042480
v -0.137695 -0.490234 0.041992
v -0.135742 -0.500000 0.057373
v -0.132812 -0.488281 0.056885
v 0.016724 0.332031 0.009094
v 0.024170 0.337891 0.001801
v 0.016479 0.347656 0.010376
v 0.287109 0.010742 -0.004425
v 0.283203 0.001640 -0.009277
v 0.289062 0.021118 -0.004089
v 0.289062 0.010559 -0.008972
v -0.003845 0.414062 -0.069824
v -0.006165 0.416016 -0.074707
v -0.008179 0.406250 -0.077637
v 0.000782 0.417969 -0.065918
v -0.003662 0.417969 -0.068359
v 0.000977 0.412109 -0.066895
v -0.005219 0.402344 -0.071777
v 0.000973 0.406250 -0.068359
v -0.063477 0.152344 -0.021118
v -0.068359 0.177734 -0.005341
v -0.053711 0.125977 -0.043213
v -0.072754 0.125000 -0.026123
v -0.047363 0.152344 -0.035156
v -0.070801 0.151367 -0.004761
v 0.020142 0.443359 0.060303
v 0.024414 0.455078 0.056152
v 0.079102 -0.202148 -0.038086
v 0.083984 -0.218750 -0.044434
v 0.061279 -0.208984 -0.037109
v -0.009827 0.378906 0.043701
v -0.012573 0.378906 0.041016
v -0.008606 0.380859 0.045654
v -0.012146 0.382812 0.043457
v -0.009949 0.382812 0.044922
v -0.281250 0.033203 -0.024414
v -0.279297 0.024292 -0.025513
v -0.279297 0.025635 -0.029785
v -0.279297 0.033936 -0.029419
v -0.277344 0.041504 -0.022583
v 0.013489 0.417969 0.045410
v 0.015320 0.416016 0.045410
v 0.011597 0.417969 0.043945
v 0.011414 0.417969 0.044434
v 0.115723 -0.386719 -0.034912
v 0.120117 -0.386719 -0.017212
v -0.010864 0.285156 0.059570
v -0.011047 0.289062 0.053711
v -0.012024 0.291016 0.056152
v -0.097168 -0.143555 -0.003464
v -0.091309 -0.109375 -0.026123
v -0.097168 -0.142578 0.019287
v -0.096680 -0.164062 -0.002747
v -0.095703 -0.163086 0.018555
v 0.009949 0.394531 -0.069824
v 0.015259 0.396484 -0.077637
v -0.000923 0.214844 0.068848
v 0.023682 0.193359 0.064941
v -0.046387 0.460938 0.000008
v -0.042725 0.474609 0.002274
v -0.047119 0.460938 -0.016235
v -0.047852 0.445312 -0.004303
v -0.275391 0.004425 -0.022095
v -0.279297 0.009094 -0.022949
v -0.277344 0.004211 -0.022583
v -0.275391 0.004517 -0.018188
v -0.277344 0.002243 -0.020264
v 0.002319 0.382812 0.048096
v 0.002884 0.382812 0.049805
v 0.005219 0.384766 0.048340
v 0.004333 0.382812 0.041016
v 0.004578 0.384766 0.047363
v 0.186523 0.189453 -0.024170
v 0.171875 0.194336 -0.006226
v 0.180664 0.184570 -0.005249
v 0.192383 0.173828 -0.042236
v 0.176758 0.200195 -0.024292
v 0.196289 0.178711 -0.022827
v -0.017212 0.458984 0.045166
v -0.033691 0.084473 0.059570
v -0.015625 0.082520 0.063477
v -0.056885 0.054932 0.055908
v -0.053223 0.086426 0.054932
v 0.045166 0.417969 -0.000542
v 0.045410 0.414062 -0.001968
v 0.043213 0.417969 -0.002121
v 0.045166 0.419922 0.001617
v 0.042969 0.416016 0.000034
v 0.043457 0.421875 -0.000408
v 0.098145 -0.478516 0.075684
v 0.109375 -0.488281 0.079102
v 0.109375 -0.474609 0.076660
v 0.098145 -0.488281 0.077637
v 0.097168 -0.468750 0.067383
v 0.090332 -0.478516 0.068359
v -0.037354 0.312500 0.026367
v -0.039062 0.310547 0.029541
v -0.033447 0.316406 0.024170
v -0.250000 0.051025 0.013550
v -0.246094 0.056396 0.006042
v -0.250000 0.060547 0.009705
v -0.253906 0.051758 0.014526
v -0.249023 0.049072 0.009216
v 0.037598 0.431641 0.015076
v 0.039795 0.431641 0.018799
v 0.038574 0.421875 0.015198
v 0.037109 0.425781 0.011841
v 0.038818 0.441406 0.019775
v 0.285156 0.000839 0.000965
v 0.287109 0.003036 0.003052
v -0.016113 0.386719 -0.021484
v -0.008911 0.388672 -0.027100
v 0.000187 0.376953 -0.029175
v -0.074219 -0.453125 -0.014893
v -0.072754 -0.470703 -0.017334
v -0.068848 -0.470703 -0.041260
v -0.077148 -0.453125 -0.048828
v 0.043945 0.296875 0.043213
v 0.046143 0.314453 0.026733
v 0.023560 0.312500 0.033691
v 0.021973 0.294922 0.049072
v 0.042725 0.275391 0.061035
v 0.062988 0.275391 0.046631
v 0.065430 0.294922 0.031982
v 0.033936 0.022583 -0.079590
v -0.000389 0.022339 -0.082520
v 0.000183 0.056641 -0.075195
v 0.034424 0.057373 -0.073242
v -0.031006 0.412109 0.029907
v -0.031250 0.416016 0.030029
v -0.033691 0.412109 0.020020
v -0.031006 0.404297 0.023926
v -0.029663 0.408203 0.032471
v -0.028320 0.414062 0.035889
v -0.283203 0.012329 -0.020264
v 0.003204 0.412109 0.052246
v 0.002121 0.404297 0.057373
v 0.003815 0.404297 0.055664
v 0.004028 0.412109 0.049805
v 0.004211 0.417969 0.048828
v 0.097656 -0.486328 -0.053955
v 0.098633 -0.486328 -0.055664
v 0.084961 -0.486328 -0.056641
v 0.107422 -0.488281 -0.045166
v 0.106445 -0.488281 -0.044189
v -0.012390 0.294922 0.050293
v -0.011230 0.294922 0.053223
v -0.008301 0.298828 0.046631
v -0.011780 0.296875 0.050537
v -0.043701 -0.201172 0.018799
v -0.046631 -0.194336 0.035645
v 0.100586 0.316406 -0.021240
v 0.096191 0.312500 -0.042480
v 0.091309 0.316406 0.001450
v 0.097168 0.308594 0.001129
v 0.094727 0.324219 -0.020630
v 0.242188 0.071777 -0.010925
v 0.244141 0.066895 -0.009338
v 0.239258 0.060547 -0.012939
v 0.245117 0.073242 -0.021362
v 0.243164 0.071777 -0.001228
v -0.004425 0.417969 -0.079590
v -0.005310 0.410156 -0.083008
v -0.005493 0.421875 -0.072266
v -0.120605 -0.388672 -0.016479
v -0.114746 -0.406250 -0.019409
v 0.003876 0.357422 -0.069824
v 0.008545 0.363281 -0.066895
v 0.003113 0.357422 -0.065430
v 0.001129 0.357422 -0.072266
v 0.000278 0.357422 -0.063965
v -0.001167 0.357422 -0.069336
v 0.283203 0.025024 0.004639
v 0.283203 0.027588 0.006592
v 0.279297 0.036621 -0.002426
v 0.285156 0.024780 -0.001030
v -0.033203 0.408203 0.012268
v -0.036621 0.414062 0.011108
v -0.036133 0.417969 0.012817
v -0.033936 0.404297 0.010315
v -0.163086 0.206055 -0.043457
v -0.172852 0.194336 -0.044678
v -0.177734 0.201172 -0.023804
v -0.167969 0.209961 -0.024536
v -0.142578 0.209961 -0.053467
v -0.151367 0.196289 -0.052979
v -0.154297 0.220703 -0.042969
v 0.026367 0.441406 0.041260
v 0.031006 0.435547 0.034668
v 0.030762 0.449219 0.036621
v 0.016357 -0.079102 0.009094
v 0.023315 -0.077637 -0.020630
v 0.031128 -0.111816 -0.018677
v 0.009277 -0.046631 0.009888
v -0.014893 0.394531 0.045898
v -0.018433 0.392578 0.042236
v -0.105469 -0.396484 -0.003433
v -0.117676 -0.386719 -0.016479
v 0.001671 0.396484 0.057617
v 0.000477 0.394531 0.054443
v 0.259766 0.054199 -0.010376
v 0.273438 0.043213 -0.009705
v 0.275391 0.042725 -0.021240
v 0.277344 0.043213 -0.028931
v -0.015869 0.416016 0.044922
v -0.047119 0.219727 0.071289
v 0.047119 0.460938 -0.001831
v 0.047607 0.445312 -0.003860
v 0.037354 -0.145508 -0.015869
v -0.013123 0.361328 -0.035156
v -0.013000 0.382812 -0.035645
v -0.283203 0.020874 -0.005219
v -0.287109 0.020264 -0.003967
v -0.281250 0.011230 -0.005615
v -0.281250 0.011597 -0.010498
v -0.283203 0.021362 -0.010925
v 0.006165 0.414062 -0.068848
v 0.012085 0.408203 -0.076172
v 0.007629 0.406250 -0.070312
v 0.008423 0.421875 -0.069824
v 0.133789 -0.492188 0.056641
v 0.134766 -0.500000 0.057373
v 0.133789 -0.494141 0.041260
v -0.010376 0.326172 0.015991
v -0.006866 0.349609 0.027832
v -0.024780 0.339844 0.000660
v -0.020630 0.351562 0.019165
v -0.062988 -0.225586 -0.043945
v 0.014221 0.382812 0.042725
v 0.013367 0.378906 0.040527
v 0.015442 0.378906 0.037598
v 0.064453 0.151367 -0.020142
v 0.071289 0.151367 -0.004669
v 0.072754 0.125000 -0.025513
v 0.055176 0.137695 -0.034668
v 0.046875 0.151367 -0.034912
v -0.022095 0.431641 0.046387
v -0.026855 0.439453 0.040527
v -0.026611 0.429688 0.040771
v -0.020508 0.423828 0.048096
v -0.025024 0.423828 0.043945
v -0.018555 0.441406 0.048340
v -0.275391 0.043701 -0.028076
v 0.012756 0.423828 0.041992
v 0.016602 0.423828 0.043945
v 0.102051 -0.328125 -0.001389
v 0.104004 -0.357422 -0.002472
v -0.005920 0.384766 0.045166
v -0.007477 0.384766 0.045654
v -0.004822 0.382812 0.049072
v -0.074219 -0.500000 0.028076
v -0.077637 -0.500000 0.051758
v -0.137695 -0.500000 0.041992
v -0.135742 -0.500000 0.024048
v -0.075195 -0.492188 0.028687
v -0.125977 -0.498047 0.002075
v 0.138672 0.244141 -0.043457
v 0.154297 0.219727 -0.042725
v 0.125000 0.234375 -0.053955
v 0.158203 0.223633 -0.024414
v 0.112305 0.255859 -0.053711
v 0.144531 0.246094 -0.024170
v 0.255859 0.026489 0.016724
v 0.255859 0.025024 0.014832
v 0.257812 0.026123 0.017334
v 0.259766 0.031250 0.016479
v 0.253906 0.030762 0.016113
v 0.253906 0.026245 0.014465
v -0.036377 0.410156 0.016479
v -0.034424 0.408203 0.013916
v -0.086426 -0.149414 0.038086
v -0.084961 -0.167969 0.046143
v -0.093262 -0.164062 0.033447
v 0.019409 0.378906 0.019409
v 0.283203 0.050293 0.002365
v 0.287109 0.043701 0.002808
v -0.008850 0.498047 -0.019409
v -0.009521 0.500000 -0.002335
v -0.015625 0.500000 -0.008057
v -0.241211 0.066895 0.004333
v -0.243164 0.072266 -0.000950
v -0.206055 0.090820 -0.015869
v -0.210938 0.096680 0.000378
v 0.017578 0.419922 0.044922
v 0.070801 -0.429688 -0.038818
v 0.064941 -0.408203 -0.037598
v -0.077637 0.265625 0.016113
v -0.071777 0.273438 0.033691
v -0.082031 0.267578 0.014099
v -0.067383 0.294922 0.032227
v -0.285156 0.027100 -0.001724
v -0.291016 0.024170 0.002914
v -0.000404 0.423828 -0.059082
v 0.009583 0.417969 -0.052979
v -0.014343 0.439453 -0.059326
v 0.000359 0.318359 -0.061523
v -0.028687 0.337891 -0.048584
v -0.009827 -0.016113 -0.022461
v -0.003876 -0.017700 0.009460
v -0.016846 -0.044922 -0.022949
v -0.040283 -0.038818 -0.045410
v -0.006531 0.000717 -0.023560
v -0.002441 -0.003021 0.008484
v 0.007355 0.400391 0.051270
v 0.007477 0.398438 0.048828
v 0.008301 0.400391 0.048340
v 0.005249 0.400391 0.054932
v 0.006866 0.398438 0.052002
v 0.007477 0.404297 0.049561
v 0.005493 0.404297 0.052490
v 0.164062 0.206055 -0.042969
v 0.142578 0.209961 -0.053467
v 0.167969 0.210938 -0.024658
v -0.023315 0.464844 0.039551
v -0.016724 0.468750 0.052490
v -0.018311 0.472656 0.045654
v -0.017456 0.462891 0.048828
v -0.015625 0.478516 0.038818
v -0.099609 -0.431641 -0.048340
v -0.087402 -0.451172 -0.053223
v -0.099609 -0.451172 -0.051514
v -0.087891 -0.431641 -0.051025
v 0.007416 0.373047 0.045654
v 0.009949 0.376953 0.042725
v 0.003754 0.367188 0.045654
v 0.289062 0.021729 -0.012573
v 0.287109 0.010803 -0.012573
v 0.285156 0.021484 -0.011047
v 0.285156 0.024170 -0.011597
v 0.289062 0.025635 -0.011841
v 0.292969 0.021118 -0.008972
v -0.001549 0.400391 0.060547
v 0.000008 0.404297 0.057861
v -0.001335 0.404297 0.057861
v -0.002930 0.400391 0.058838
v -0.155273 0.161133 -0.005249
v 0.019653 0.417969 -0.046387
v 0.032959 0.437500 -0.044678
v 0.056152 -0.157227 0.049561
v 0.066895 -0.142578 0.044922
v 0.069336 -0.171875 0.051758
v 0.067383 -0.153320 0.051025
v 0.054932 -0.173828 0.049072
v 0.044922 -0.174805 0.038086
v -0.032471 0.373047 0.015198
v -0.031250 0.359375 -0.013733
v -0.030029 0.357422 0.003220
v -0.024292 0.367188 0.035400
v -0.095703 -0.248047 0.013794
v 0.000130 0.382812 -0.038574
v -0.000160 0.363281 -0.037109
v 0.013062 0.382812 -0.036133
v 0.253906 0.043213 0.015320
v 0.251953 0.037842 0.015320
v 0.257812 0.051758 0.013794
v -0.018799 0.425781 0.039551
v -0.020142 0.423828 0.041748
v -0.016968 0.425781 0.041504
v -0.022095 0.421875 0.039307
v -0.012451 0.425781 0.039795
v -0.017700 0.008911 -0.049316
v -0.046143 0.031738 -0.062500
v -0.019653 0.029785 -0.061035
v 0.028931 0.414062 0.036133
v 0.027832 0.406250 0.037354
v 0.030151 0.402344 0.032227
v -0.040039 0.279297 0.054688
v -0.267578 0.080078 -0.026367
v -0.257812 0.072754 -0.035889
v 0.020874 0.455078 0.044678
v 0.090332 -0.250000 -0.053955
v 0.063965 -0.226562 -0.043701
v 0.107422 -0.245117 -0.037354
v -0.007660 0.382812 0.043701
v -0.009094 0.382812 0.044678
v -0.007111 0.384766 0.039551
v -0.008118 0.386719 0.042969
v -0.099121 -0.470703 0.067383
v -0.107422 -0.464844 0.054199
v -0.109863 -0.466797 0.068359
v -0.099121 -0.478516 0.075684
v -0.091309 -0.478516 0.068359
v -0.093262 -0.468750 0.052979
v -0.110352 -0.476562 0.077148
v 0.032227 0.337891 0.003738
v 0.035400 0.341797 -0.008789
v 0.015137 0.332031 0.017700
v 0.027100 0.326172 0.014282
v 0.056885 0.330078 0.002731
v 0.033936 0.084961 0.058838
v -0.044922 0.416016 -0.001801
v -0.043945 0.412109 -0.001938
v -0.043213 0.416016 -0.002502
v 0.000389 0.367188 0.025513
v 0.006500 0.369141 0.023315
v -0.005890 0.369141 0.026978
v 0.000347 0.369141 0.029907
v 0.248047 0.075684 0.002457
v 0.251953 0.072754 0.004669
v 0.259766 0.078125 -0.000931
v 0.257812 0.080566 -0.002335
v 0.265625 0.079590 0.002518
v 0.255859 0.073242 0.010376
v -0.037109 0.419922 -0.008850
v -0.036133 0.414062 -0.001526
v -0.038330 0.419922 -0.002747
v 0.085938 -0.486328 -0.058350
v 0.086914 -0.500000 -0.057129
v 0.073730 -0.500000 -0.051758
v 0.073242 -0.486328 -0.051758
v -0.071777 0.263672 0.042236
v -0.075684 0.251953 0.027466
v -0.181641 0.183594 -0.042725
v 0.017090 0.478516 0.041504
v 0.011963 0.490234 0.029419
v 0.008667 0.484375 0.040527
v 0.022461 0.486328 0.027466
v 0.008850 0.468750 0.049805
v 0.026611 0.472656 0.039062
v 0.281250 0.003510 -0.012329
v 0.279297 -0.000702 -0.010376
v 0.279297 -0.001907 -0.011169
v -0.001953 0.394531 0.052002
v -0.000015 0.394531 0.052246
v -0.001228 0.394531 0.054443
v -0.001762 0.392578 0.052002
v -0.002930 0.394531 0.051758
v -0.085938 -0.388672 0.006989
v -0.079102 -0.400391 -0.004578
v -0.092285 -0.398438 0.002380
v -0.092773 -0.394531 0.006470
v -0.075195 -0.386719 0.003616
v -0.073730 -0.388672 0.006256
v -0.086426 -0.388672 0.010315
v 0.064941 0.051270 0.063965
v -0.000420 0.083496 0.071777
v 0.033203 0.048340 0.073242
v -0.038086 0.419922 0.017700
v -0.287109 0.030273 -0.004578
v -0.289062 0.024170 -0.004822
v 0.000374 0.423828 -0.062012
v 0.005035 0.423828 -0.061768
v 0.130859 -0.480469 0.045410
v 0.122559 -0.488281 0.070801
v 0.130859 -0.490234 0.056641
v -0.016113 0.332031 0.016357
v -0.021118 0.351562 0.022217
v -0.029907 0.335938 0.005707
v -0.007355 0.347656 0.030029
v -0.018311 0.324219 0.019897
v -0.031006 -0.112305 -0.018799
v -0.022705 -0.077637 -0.020996
v -0.023071 -0.111328 0.006165
v -0.037354 -0.144531 -0.016357
v 0.025635 0.402344 0.040283
v 0.026001 0.410156 0.039795
v 0.022583 0.408203 0.042969
v 0.022705 0.400391 0.041992
v 0.026367 0.398438 0.034668
v 0.158203 0.181641 0.000000
v -0.010559 0.462891 0.059814
v -0.009644 0.472656 0.055908
v -0.119629 -0.500000 -0.015991
v -0.120117 -0.492188 -0.014709
v -0.114746 -0.500000 -0.028687
v -0.072266 -0.500000 -0.004120
v -0.001076 0.227539 0.079590
v 0.024658 0.232422 0.083008
v -0.000603 0.237305 0.084473
v -0.028809 0.233398 0.083008
v -0.026855 0.222656 0.076172
v 0.281250 0.008606 -0.023071
v 0.281250 0.006409 -0.020386
v 0.279297 0.003433 -0.022583
v 0.277344 0.004242 -0.022217
v 0.283203 0.015747 -0.023682
v 0.287109 0.013611 -0.020508
v -0.007721 0.404297 0.049316
v -0.007172 0.400391 0.050781
v -0.247070 0.055420 -0.004211
v -0.245117 0.068359 0.001907
v -0.250000 0.046387 0.005341
v 0.049316 -0.306641 -0.019165
v -0.089355 0.298828 -0.054688
v -0.082520 0.308594 -0.055420
v -0.283203 0.048340 -0.015442
v -0.283203 0.042969 -0.021606
v 0.001114 0.437500 0.053467
v 0.000778 0.429688 0.053467
v -0.011353 0.373047 0.040283
v -0.084961 -0.500000 0.068359
v -0.097168 -0.488281 0.079590
v -0.095703 -0.498047 0.080078
v 0.110840 0.019287 0.019043
v 0.093262 0.054688 0.046387
v 0.101074 0.015747 0.049561
v -0.042480 0.412109 -0.002991
v -0.105957 -0.029541 0.022095
v -0.090332 -0.072266 0.047607
v -0.090820 -0.031494 0.051025
v -0.104004 0.005676 0.022461
v -0.105469 0.005402 -0.008423
v 0.269531 0.066406 -0.000011
v 0.261719 0.062988 0.006104
v 0.281250 0.042969 0.005249
v 0.001068 0.494141 0.029541
v 0.000694 0.498047 0.014648
v -0.008362 0.492188 0.028564
v -0.000954 0.486328 0.038574
v -0.066406 0.057617 -0.059326
v -0.032715 0.092773 -0.063965
v -0.034180 0.057129 -0.073242
v -0.060547 0.093262 -0.052246
v -0.070801 0.023438 -0.064941
v 0.033203 0.429688 0.024902
v 0.036621 0.429688 0.024292
v 0.033447 0.419922 0.019165
v 0.064453 -0.367188 -0.038574
v 0.075684 -0.363281 -0.050293
v 0.058594 -0.333984 -0.040283
v 0.056396 -0.335938 -0.019653
v -0.044189 0.302734 0.034668
v -0.043945 0.298828 0.038330
v -0.107910 -0.359375 -0.041504
v 0.003571 0.376953 0.046875
v 0.000439 0.378906 0.048096
v 0.283203 0.036865 -0.014404
v 0.285156 0.026001 -0.015991
v 0.289062 0.027222 -0.015320
v 0.281250 0.037354 -0.011047
v -0.003174 0.404297 0.055176
v -0.003113 0.412109 0.050781
v -0.004883 0.408203 0.050049
v -0.005188 0.404297 0.052490
v -0.001625 0.410156 0.054199
v -0.004852 0.400391 0.054932
v -0.071777 0.201172 0.014587
v -0.068848 0.175781 0.014465
v 0.041504 0.460938 -0.033203
v 0.030029 0.464844 -0.045410
v 0.047852 0.445312 -0.017456
v 0.042725 0.449219 -0.034180
v 0.047363 0.460938 -0.017700
v 0.081055 -0.154297 0.046631
v 0.086426 -0.149414 0.037842
v 0.087891 -0.117188 0.041748
v 0.066406 -0.120605 0.048584
v -0.028198 0.396484 0.007141
v -0.030029 0.396484 0.009705
v -0.033203 0.396484 0.007385
v -0.023682 0.384766 0.011841
v -0.257812 0.027222 0.015991
v -0.255859 0.026245 0.013794
v -0.255859 0.026611 0.017334
v -0.259766 0.031982 0.014099
v -0.255859 0.031250 0.011047
v 0.117676 -0.488281 -0.011414
v -0.062012 -0.306641 0.001648
v -0.056396 -0.335938 -0.019531
v 0.005035 0.398438 0.055176
v 0.003357 0.400391 0.058105
v 0.003296 0.398438 0.057617
v 0.000320 0.126953 -0.051025
v 0.030273 0.125977 -0.052246
v -0.028076 0.441406 0.039551
v -0.030762 0.441406 0.037598
v -0.026001 0.439453 0.038818
v -0.283203 0.016235 -0.022583
v -0.283203 0.027100 -0.020020
v 0.005341 0.416016 0.046143
v 0.006592 0.412109 0.046387
v 0.007660 0.416016 0.044434
v 0.007172 0.417969 0.046875
v 0.106934 -0.441406 0.000050
v 0.110840 -0.427734 -0.021606
v 0.105957 -0.427734 -0.002136
v 0.095703 -0.441406 0.008667
v 0.111328 -0.449219 -0.023071
v -0.026245 0.255859 0.080566
v -0.019897 0.273438 0.066895
v -0.039551 0.275391 0.060791
v -0.029297 0.245117 0.084961
v -0.001289 0.255859 0.081055
v -0.047119 0.255859 0.078613
v 0.000328 0.273438 0.067383
v -0.034668 -0.166016 0.003174
v -0.041992 -0.182617 0.025635
v 0.080566 0.308594 -0.055176
v 0.051025 0.147461 0.049805
v 0.075195 0.121582 0.038330
v 0.025146 0.168945 0.062988
v -0.041748 0.421875 0.008423
v -0.092285 -0.396484 0.008606
v 0.022339 0.361328 -0.028198
v 0.024780 0.378906 -0.026245
v 0.012573 0.361328 -0.034912
v 0.026611 0.353516 -0.014954
v -0.106445 0.208984 -0.020264
v -0.121094 0.193359 -0.037354
v -0.101074 0.214844 -0.034668
v -0.121582 0.191406 -0.023315
v -0.107910 0.216797 -0.004425
v -0.085449 0.233398 -0.017822
v 0.024902 0.464844 0.048340
v 0.031494 0.457031 0.043701
v 0.032715 0.462891 0.035889
v 0.015198 0.470703 0.052246
v 0.025513 0.472656 0.038330
v 0.016602 0.478516 0.040527
v 0.043213 -0.074219 -0.041016
v 0.016846 -0.044189 -0.022827
v 0.040039 -0.037598 -0.045410
v 0.070312 -0.109863 -0.038330
v 0.046631 -0.111816 -0.036133
v -0.024902 0.396484 0.035156
v -0.029053 0.398438 0.026123
v -0.277344 -0.000418 -0.010742
v -0.277344 0.004089 -0.009583
v -0.277344 -0.000854 -0.006561
v -0.277344 -0.001595 -0.011353
v -0.279297 0.004395 -0.011963
v -0.277344 -0.002975 -0.008850
v 0.002258 0.394531 0.052246
v 0.201172 0.138672 -0.046631
v 0.186523 0.125977 -0.038818
v 0.212891 0.151367 -0.038818
v 0.226562 0.107422 -0.041260
v 0.214844 0.095215 -0.033691
v -0.019775 0.455078 0.043945
v -0.000076 0.047119 0.077637
v 0.035156 0.009277 0.077637
v -0.000313 0.008362 0.081055
v 0.039795 0.417969 0.010864
v 0.041504 0.421875 0.007629
v 0.039795 0.421875 0.009827
v 0.038818 0.417969 0.005859
v 0.091797 -0.396484 0.008606
v 0.094727 -0.398438 0.008179
v 0.093262 -0.410156 0.006256
v -0.056885 0.333984 -0.041992
v -0.028687 0.347656 -0.032471
v -0.257812 0.045654 0.005646
v -0.255859 0.039795 0.008972
v -0.265625 0.048096 0.007324
v -0.257812 0.041992 0.013428
v -0.261719 0.049805 0.009155
v 0.036865 0.419922 -0.000103
v 0.036621 0.417969 -0.001297
v 0.037598 0.423828 -0.008911
v 0.037598 0.423828 0.001495
v -0.006287 0.367188 0.038818
v -0.006561 0.369141 0.043457
v -0.009277 0.371094 0.039307
v -0.003815 0.369141 0.039795
v -0.097656 -0.486328 -0.054443
v -0.074219 -0.500000 -0.051270
v -0.099121 -0.486328 -0.055908
v -0.086914 -0.500000 -0.057617
v 0.074707 0.267578 0.015564
v 0.073242 0.253906 0.027954
v 0.073242 0.253906 0.000683
v 0.080566 0.267578 0.014587
v 0.079102 0.289062 0.019775
v 0.069336 0.273438 0.036377
v 0.018188 0.009766 -0.050049
v 0.000217 0.012024 -0.042969
v 0.039551 -0.009155 -0.048828
v 0.006958 0.001190 -0.023682
v 0.045410 0.010620 -0.057129
v -0.027710 0.402344 0.034912
v -0.022827 0.400391 0.041504
v -0.126953 -0.490234 0.004730
v -0.115234 -0.488281 -0.025269
v -0.125977 -0.490234 0.004639
v -0.118164 -0.490234 -0.011597
v -0.135742 -0.492188 0.024536
v -0.114746 -0.488281 -0.024414
v 0.000183 0.339844 -0.051270
v 0.026489 0.318359 -0.061279
v 0.251953 0.031128 0.012024
v 0.250000 0.037354 0.011475
v 0.253906 0.030273 0.010071
v -0.034912 0.398438 0.005615
v -0.030518 0.125977 -0.050537
v 0.027466 0.437500 0.038818
v 0.030029 0.431641 0.030273
v 0.048828 -0.217773 -0.025024
v 0.047607 -0.216797 0.012695
v 0.040527 -0.208984 -0.005615
v -0.010498 0.388672 0.047119
v -0.011963 0.384766 0.045410
v -0.008850 0.386719 0.048340
v -0.010986 0.384766 0.044922
v -0.277344 0.038574 -0.018677
v -0.271484 0.043945 -0.021362
v 0.015869 0.419922 0.046875
v 0.015869 0.423828 0.048584
v 0.013000 0.419922 0.046631
v 0.114258 -0.406250 -0.020264
v 0.109863 -0.406250 -0.036621
v 0.101074 -0.388672 -0.052490
v 0.000038 0.367188 0.041504
v -0.065918 -0.121094 0.048340
v -0.044678 -0.126953 0.043213
v 0.031982 0.402344 0.004578
v 0.028931 0.400391 -0.001694
v 0.034668 0.404297 0.001648
v 0.029663 0.398438 0.005676
v 0.101074 0.211914 -0.018921
v -0.042236 0.460938 -0.032715
v -0.041992 0.449219 -0.035156
v -0.047363 0.449219 -0.019165
v -0.030029 0.451172 -0.049072
v -0.261719 0.053955 0.008667
v -0.253906 0.061523 0.009888
v 0.017944 0.425781 0.041992
v 0.008606 0.421875 0.039795
v 0.009277 0.419922 0.042236
v 0.012756 0.425781 0.039795
v 0.097656 -0.169922 -0.003998
v 0.092773 -0.164062 0.034424
v 0.098145 -0.189453 0.015747
v -0.060791 -0.390625 -0.013245
v -0.079102 -0.408203 0.001633
v 0.068359 0.261719 0.046143
v 0.066406 0.251953 0.058594
v 0.072266 0.241211 0.039307
v -0.021729 0.417969 0.041992
v -0.021729 0.417969 0.039551
v -0.020508 0.416016 0.041260
v -0.018311 0.416016 0.043945
v -0.092773 -0.289062 -0.057373
v -0.110352 -0.326172 -0.042236
v 0.008789 0.384766 0.043457
v 0.009705 0.384766 0.044922
v 0.007416 0.384766 0.044922
v 0.281250 0.041016 -0.023804
v 0.283203 0.032959 -0.024658
v 0.285156 0.032959 -0.024414
v 0.281250 0.033447 -0.030029
v -0.012207 0.423828 0.049805
v -0.012207 0.421875 0.047119
v -0.251953 0.030151 0.010559
v -0.255859 0.037354 0.010071
v -0.251953 0.026245 0.014587
v 0.018311 0.398438 -0.026855
v 0.011353 0.406250 -0.039551
v 0.083984 -0.500000 0.068359
v 0.085938 -0.490234 0.068359
v 0.078613 -0.492188 0.051514
v 0.076660 -0.500000 0.051025
v -0.152344 0.220703 -0.005432
v -0.124023 0.229492 0.005615
v 0.010315 0.414062 0.039551
v 0.010010 0.416016 0.041748
v 0.007660 0.417969 0.039551
v -0.064453 -0.367188 -0.038086
v 0.012756 0.384766 0.045166
v 0.012085 0.382812 0.044434
v 0.011597 0.388672 0.046387
v 0.060059 0.092773 -0.052246
v 0.032715 0.093262 -0.063965
v 0.052734 0.125000 -0.042969
v -0.033203 0.425781 0.026367
v -0.029419 0.421875 0.034912
v -0.034668 0.419922 0.020630
v -0.031006 0.431641 0.032959
v -0.099121 -0.470703 -0.053467
v -0.106934 -0.488281 -0.044678
v -0.106934 -0.470703 -0.043457
v 0.012451 0.373047 0.022461
v 0.018921 0.378906 0.027832
v 0.291016 0.024780 -0.020386
v 0.285156 0.014526 -0.016113
v 0.289062 0.024780 -0.015869
v -0.161133 0.149414 -0.003128
v -0.176758 0.123047 -0.018677
v -0.155273 0.144531 -0.021484
v -0.180664 0.127930 -0.002335
v 0.014771 0.468750 -0.053223
v -0.031494 0.380859 0.018921
v -0.032959 0.384766 0.017700
v -0.279297 0.002747 -0.004639
v -0.285156 0.010803 -0.004578
v -0.281250 0.001625 -0.008667
v -0.279297 -0.001923 -0.006073
v -0.277344 0.004883 -0.005554
v 0.009399 0.398438 -0.085449
v 0.255859 0.061768 0.009827
v -0.023071 0.494141 0.008972
v -0.021606 0.486328 0.024292
v -0.010437 0.496094 0.013123
v -0.033203 0.478516 0.021606
v -0.035645 0.482422 0.006805
v -0.024780 0.494141 -0.006622
v -0.021240 0.062012 -0.062500
v -0.020630 0.092773 -0.049561
v -0.038086 0.092285 -0.046143
v 0.028687 0.417969 0.035645
v 0.095703 -0.396484 0.005096
v -0.020386 0.273438 0.065430
v -0.020874 0.273438 0.066406
v -0.026245 0.271484 0.064453
v -0.279297 0.036621 -0.014465
v 0.016724 0.453125 0.062988
v 0.011108 0.445312 0.059570
v 0.114746 -0.267578 -0.016357
v 0.116211 -0.298828 -0.018677
v -0.004791 0.384766 0.048828
v -0.006287 0.384766 0.049072
v -0.001984 0.384766 0.050781
v -0.004456 0.386719 0.050781
v -0.005615 0.384766 0.047119
v -0.003723 0.384766 0.047363
v -0.001625 0.384766 0.048096
v -0.096680 -0.488281 0.075684
v -0.100586 -0.488281 0.078125
v 0.002380 -0.003159 0.008484
v -0.107422 -0.486328 -0.046143
v 0.000786 0.292969 0.050293
v -0.016846 0.294922 0.051025
v 0.021240 0.273438 0.067383
v 0.000782 0.310547 0.036377
v 0.279297 0.012268 -0.029053
v -0.019287 0.414062 0.038818
v -0.014221 0.410156 0.039307
v -0.029175 0.117676 0.062988
v -0.026978 0.146484 0.060547
v -0.055176 0.119629 0.053711
v -0.031738 0.084961 0.067871
v -0.060059 0.086914 0.058105
v 0.041016 0.421875 0.007629
v 0.042480 0.421875 0.003906
v 0.043701 0.421875 0.004761
v -0.070312 0.312500 -0.056641
v -0.073730 0.330078 -0.043457
v 0.032715 0.412109 -0.011597
v 0.033447 0.410156 -0.001953
v 0.024536 0.398438 -0.011658
v 0.034912 0.414062 -0.002045
v 0.035645 0.417969 -0.010986
v -0.015625 0.367188 0.037842
v 0.100586 0.214844 -0.034668
v 0.108887 0.221680 -0.049316
v 0.126953 0.199219 -0.048584
v 0.119629 0.192383 -0.036133
v -0.026489 0.449219 0.042236
v -0.024536 0.447266 0.043701
v -0.022583 0.451172 0.045166
v -0.239258 0.117188 -0.033691
v -0.267578 0.082520 -0.011414
v 0.005096 0.480469 0.045898
v 0.008911 0.474609 0.053467
v -0.000565 0.482422 0.039551
v -0.010132 0.478516 0.047852
v 0.001541 0.476562 0.052979
v 0.107422 -0.029541 0.022095
v 0.105957 -0.070312 0.020996
v -0.003326 0.396484 0.053223
v -0.002136 0.394531 0.056152
v -0.043701 -0.247070 -0.013306
v 0.084961 0.255859 -0.049805
v 0.250000 0.040283 0.010925
v -0.039551 0.419922 0.012329
v -0.095215 -0.184570 0.029785
v -0.086914 -0.187500 0.042480
v -0.096680 -0.201172 0.025024
v -0.096680 -0.185547 0.014465
v 0.017822 0.375000 -0.022217
v 0.017090 0.384766 -0.018799
v 0.026245 0.353516 -0.016724
v 0.022217 0.355469 -0.027100
v -0.004364 0.423828 -0.062500
v -0.002686 0.427734 -0.062256
v -0.005554 0.421875 -0.059814
v -0.244141 0.066406 -0.009399
v 0.076172 -0.453125 -0.049805
v 0.070801 -0.453125 -0.038574
v -0.063965 0.275391 0.046143
v -0.089355 -0.249023 -0.054443
v 0.000477 0.382812 0.050049
v 0.259766 0.047119 0.001938
v -0.016113 0.425781 0.051025
v -0.015747 0.421875 0.049072
v -0.095703 0.042480 -0.008728
v -0.090820 0.069824 0.020386
v -0.101562 0.026123 -0.008667
v -0.098145 0.038086 0.020874
v -0.079102 0.242188 -0.016113
v -0.083008 0.250000 -0.000755
v -0.092773 0.236328 -0.001541
v -0.086426 0.236328 -0.035156
v -0.251953 0.073730 0.010193
v 0.035400 0.484375 0.006073
v 0.023804 0.494141 0.010376
v 0.032959 0.480469 0.024170
v 0.042969 0.472656 0.002014
v -0.012634 0.373047 -0.074707
v -0.006195 0.367188 -0.066406
v -0.063965 -0.390625 -0.015198
v -0.069336 -0.398438 -0.019897
v 0.008057 0.384766 0.046387
v 0.065430 0.066406 -0.046631
v 0.059570 0.093750 -0.035645
v 0.081055 0.069336 -0.030518
v 0.085449 0.042236 -0.034424
v 0.068359 0.036865 -0.051758
v -0.026489 0.417969 0.038086
v -0.024658 0.419922 0.040039
v -0.026855 0.421875 0.039551
v 0.006592 0.419922 0.049561
v 0.003662 0.419922 0.050781
v 0.092773 -0.359375 -0.052246
v 0.091797 -0.378906 -0.053467
v 0.035889 0.404297 0.015076
v 0.032227 0.392578 0.016724
v 0.034912 0.404297 0.012939
v 0.037598 0.412109 0.015198
v 0.034912 0.402344 0.017090
v 0.135742 0.180664 -0.004761
v -0.097656 -0.451172 0.014893
v -0.084473 -0.457031 0.013977
v -0.088379 -0.462891 0.028320
v 0.016968 0.351562 -0.041260
v 0.026489 0.365234 -0.029541
v 0.289062 0.028198 0.007019
v -0.131836 0.177734 -0.035156
v -0.137695 0.185547 -0.046875
v 0.045898 -0.199219 -0.021606
v 0.036865 -0.189453 0.001358
v -0.014648 0.384766 0.042969
v -0.015259 0.388672 0.043457
v 0.000198 0.425781 -0.062500
v 0.090332 -0.227539 0.019287
v -0.068848 -0.500000 -0.041992
v -0.099121 -0.500000 -0.056152
v -0.109375 -0.500000 -0.046143
v 0.004242 0.394531 0.052002
v 0.005829 0.396484 0.051758
v 0.004242 0.398438 0.054199
v 0.002991 0.396484 0.053223
v 0.285156 0.041748 -0.025757
v -0.011047 0.457031 0.047607
v -0.092773 0.054199 0.046631
v 0.043701 0.416016 -0.003098
v -0.125000 -0.470703 0.060547
v -0.122559 -0.476562 0.070801
v -0.130859 -0.480469 0.057373
v 0.015869 0.365234 0.013306
v 0.016479 0.375000 0.017700
v -0.024780 0.179688 -0.044922
v 0.037842 0.453125 0.031738
v -0.279297 0.020630 -0.030640
v -0.277344 0.019897 -0.030884
v 0.112793 -0.470703 -0.023682
v 0.114258 -0.486328 -0.024902
v -0.091309 -0.229492 0.018433
v 0.012756 0.359375 -0.034424
v 0.009521 0.376953 -0.027710
v -0.132812 -0.492188 0.026245
v -0.127930 0.199219 -0.048584
v 0.038086 0.441406 0.031982
v 0.038574 0.447266 0.025269
v 0.050537 -0.145508 -0.031128
v -0.006714 0.386719 0.050049
v -0.279297 0.007050 -0.019897
v 0.012573 0.404297 0.047607
v 0.017212 0.400391 0.045654
v 0.018066 0.406250 0.044678
v 0.012390 0.396484 0.046631
v 0.013062 0.408203 0.045898
v 0.108398 -0.500000 -0.045166
v 0.099121 -0.500000 -0.055664
v -0.056885 -0.192383 0.044678
v 0.030273 0.378906 -0.008423
v 0.028198 0.357422 0.003525
v 0.081543 0.124023 0.015991
v -0.043457 0.427734 -0.004364
v -0.045898 0.437500 -0.018311
v -0.038330 0.421875 0.000454
v -0.273438 0.039307 0.004272
v -0.275391 0.041748 0.006256
v -0.006989 0.365234 -0.079102
v 0.059326 0.255859 0.067871
v 0.044922 0.255859 0.079590
v 0.279297 0.017822 -0.026123
v 0.281250 0.024414 -0.025635
v 0.279297 0.013245 -0.026978
v 0.281250 0.017456 -0.025146
v 0.277344 0.013611 -0.027466
v 0.043213 -0.201172 0.018799
v -0.093262 0.269531 0.011719
v -0.281250 0.024048 -0.025269
v 0.106934 -0.408203 -0.000816
v -0.011963 0.302734 0.046631
v -0.030518 -0.143555 0.004822
v -0.040283 -0.164062 -0.015991
v -0.038330 -0.161133 0.024170
v -0.033203 -0.139648 0.026733
v 0.085938 0.324219 -0.043701
v 0.077148 0.332031 -0.020142
v 0.091309 0.318359 -0.042480
v 0.055908 0.216797 0.054688
v -0.011475 0.396484 -0.032959
v -0.016357 0.386719 -0.021973
v -0.020142 0.398438 -0.026001
v -0.008423 0.384766 -0.026855
v 0.000122 0.396484 -0.036377
v -0.080078 0.124512 -0.005219
v 0.019531 0.419922 0.045898
v 0.072266 -0.330078 -0.055176
v 0.002106 0.394531 0.056641
v -0.000305 0.083496 0.065430
v 0.083984 -0.443359 0.003937
v 0.082031 -0.427734 0.000317
v 0.071289 -0.431641 -0.015625
v 0.073730 -0.455078 -0.015076
v 0.094238 -0.429688 0.005493
v 0.004456 0.425781 -0.068848
v 0.075195 0.093262 -0.020508
v -0.023560 0.419922 0.042480
v -0.022339 0.421875 0.045898
v -0.021362 0.419922 0.044922
v 0.000938 0.451172 0.051270
v 0.008179 0.445312 0.051270
v 0.010071 0.443359 0.054443
v 0.091797 -0.180664 -0.023315
v 0.072754 -0.164062 -0.031982
v -0.007996 0.382812 0.046631
v 0.084961 0.089844 0.041992
v -0.025513 0.431641 -0.051025
v 0.003601 0.363281 -0.062988
v 0.291016 0.027954 0.003281
v 0.291016 0.024292 0.003494
v 0.289062 0.027344 -0.001282
v -0.007660 0.421875 0.039551
v 0.283203 0.017090 -0.021729
v -0.050537 0.147461 0.049805
v 0.084473 -0.167969 0.046387
v -0.030518 0.376953 0.020386
v -0.259766 0.038330 0.013977
v 0.100586 -0.386719 0.005432
v 0.111328 -0.386719 0.003464
v -0.069336 -0.072754 -0.043457
v -0.038818 0.468750 0.019897
v 0.166992 0.171875 0.002579
v -0.227539 0.106934 -0.041260
v -0.212891 0.152344 -0.038818
v -0.201172 0.138672 -0.046387
v -0.213867 0.095703 -0.033447
v 0.019897 0.421875 0.043457
v 0.279297 -0.001572 -0.006805
v 0.279297 -0.002426 -0.008911
v -0.004211 0.388672 0.051514
v -0.078613 -0.472656 0.003708
v -0.075684 -0.490234 -0.002197
v -0.291016 0.020996 -0.009033
v -0.287109 0.010498 -0.008667
v -0.028931 0.318359 0.022461
v -0.048584 -0.237305 -0.031738
v -0.065430 -0.255859 -0.054443
v 0.032959 0.402344 0.017090
v 0.130859 0.177734 -0.034180
v 0.129883 0.175781 -0.021240
v 0.138672 0.185547 -0.046387
v 0.145508 0.172852 -0.045898
v -0.022583 0.445312 0.043457
v -0.018555 0.455078 0.044189
v -0.021484 0.451172 0.044678
v -0.111328 -0.357422 -0.022217
v -0.104004 -0.359375 -0.002014
v -0.111816 -0.380859 0.000324
v -0.000008 -0.002518 0.008301
v -0.091309 0.326172 -0.020630
v -0.085938 0.324219 -0.044189
v -0.091309 0.320312 -0.042725
v -0.094727 0.324219 -0.021240
v -0.076660 0.333984 -0.020386
v -0.281250 0.004028 -0.012146
v -0.285156 0.011230 -0.012146
v 0.036865 0.419922 0.019409
v 0.038818 0.437500 0.023804
v -0.249023 0.076660 0.003128
v -0.250000 0.073242 0.005341
v -0.263672 0.081055 0.003143
v 0.006256 0.423828 -0.060059
v 0.006622 0.419922 -0.057861
v -0.015015 0.375000 0.026733
v 0.065918 0.312500 0.020508
v 0.089844 0.069336 -0.009399
v -0.023560 0.417969 0.040771
v -0.279297 0.018066 -0.025146
v -0.043701 -0.224609 -0.008606
v 0.241211 0.066895 0.004272
v 0.026123 0.347656 -0.008118
v 0.285156 0.024292 -0.005585
v 0.285156 0.021240 -0.005981
v 0.281250 0.036621 -0.006165
v -0.003021 0.419922 -0.066406
v 0.013123 0.498047 0.013367
v 0.090820 -0.072754 0.047852
v -0.022705 0.388672 -0.012939
v -0.063477 -0.382812 -0.037354
v 0.000858 0.423828 0.052246
v -0.086914 0.033447 0.048340
v -0.083008 0.064941 0.045166
v -0.088867 0.006714 0.051270
v 0.093262 -0.488281 0.073242
v -0.120605 -0.478516 0.004303
v 0.026489 0.291016 -0.063965
v 0.257812 0.029297 0.011658
v 0.261719 0.032227 0.013916
v 0.259766 0.026855 0.015747
v -0.033447 0.400391 0.010315
v 0.036377 0.433594 0.031128
v -0.047607 -0.155273 0.038086
v -0.087402 -0.116699 0.041992
v 0.022217 0.390625 -0.011902
v -0.040283 0.437500 -0.035400
v 0.101074 -0.388672 0.008667
v -0.023560 0.357422 0.000202
v -0.027588 0.349609 -0.013916
v -0.024292 0.339844 0.000866
v -0.043701 -0.075195 -0.040771
v -0.000099 0.246094 0.085938
v 0.025391 0.245117 0.085938
v 0.020264 0.255859 0.082031
v -0.065918 0.149414 0.035156
v 0.037598 0.423828 0.005219
v 0.042236 -0.183594 0.025513
v -0.036621 0.414062 -0.000740
v -0.033691 0.406250 -0.000908
v -0.040527 0.300781 0.041992
v -0.021118 0.312500 0.035400
v -0.178711 0.160156 -0.051514
v -0.185547 0.126953 -0.038818
v -0.192383 0.173828 -0.041748
v 0.023193 0.466797 0.039551
v 0.000374 0.384766 0.051514
v 0.000195 0.384766 0.048828
v -0.116699 -0.386719 -0.033203
v -0.110840 -0.408203 -0.035889
v 0.000549 0.378906 0.049805
v -0.002533 0.376953 0.047852
v -0.072266 0.230469 0.035889
v 0.064941 -0.075195 0.057129
v 0.016602 -0.043945 0.037354
v -0.253906 0.026001 0.016846
v 0.114746 -0.488281 -0.025269
v -0.003296 0.355469 -0.065430
v -0.005493 0.357422 -0.067871
v -0.281250 0.043457 -0.023560
v -0.022461 0.369141 0.033447
v -0.016479 0.363281 0.040283
v -0.029419 0.398438 0.000729
v 0.014160 0.386719 -0.021973
v 0.009399 0.396484 -0.032959
v 0.007080 0.384766 -0.026733
v 0.021484 0.417969 0.042725
v 0.061035 -0.388672 -0.013672
v 0.060059 -0.390625 -0.039307
v -0.061035 0.257812 0.067383
v -0.005280 0.380859 0.049072
v 0.094727 0.243164 -0.048828
v 0.070801 0.011719 0.067383
v 0.020264 0.419922 0.043945
v 0.018433 0.419922 0.044922
v 0.021606 0.419922 0.044189
v -0.001930 0.380859 0.050049
v 0.000393 0.380859 0.050781
v 0.285156 0.023315 -0.025757
v 0.285156 0.031128 -0.025635
v 0.088379 -0.163086 -0.021362
v -0.009766 0.365234 -0.071777
v -0.012756 0.316406 0.027710
v -0.076172 -0.380859 -0.049805
v 0.010376 0.382812 0.045410
v 0.080566 0.125000 -0.004639
v -0.018799 0.419922 0.046875
v -0.034424 0.022949 -0.080078
v 0.036377 0.412109 0.017456
v 0.033447 0.410156 0.017456
v 0.066406 -0.408203 -0.014465
v -0.040039 0.281250 0.056885
v -0.042236 0.283203 0.050537
v -0.186523 0.190430 -0.024170
v 0.279297 0.002060 -0.020508
v -0.037354 0.416016 -0.000572
v 0.150391 0.196289 -0.053223
v -0.018433 0.457031 0.045166
v -0.019531 0.458984 0.044434
v 0.003693 0.367188 0.040283
v -0.129883 0.176758 -0.021484
v 0.019409 0.439453 0.045654
v 0.016602 0.441406 0.054199
v -0.271484 0.046387 -0.027954
v -0.263672 0.058594 -0.028442
v -0.002136 0.380859 0.051025
v 0.000370 0.386719 0.036621
v -0.005035 0.388672 0.042236
v -0.060791 -0.390625 -0.039307
v -0.069336 -0.396484 -0.035400
v 0.002838 0.384766 0.051025
v 0.072754 -0.500000 0.027832
v -0.125977 0.234375 -0.053467
v -0.287109 0.021362 -0.012207
v -0.045410 -0.175781 0.038574
v -0.055664 -0.173828 0.049316
v 0.028076 0.380859 -0.028198
v -0.029785 0.439453 -0.050049
v -0.109375 0.223633 -0.049072
v -0.255859 0.031494 0.016724
v 0.015198 0.421875 0.045898
v 0.089355 -0.243164 0.019043
v -0.034668 0.402344 0.019409
v -0.033447 0.392578 0.020142
v -0.032227 0.402344 0.020142
v -0.032959 0.408203 0.019775
v -0.036377 0.408203 0.019409
v 0.009949 -0.015747 -0.022583
v 0.003845 -0.017700 0.009399
v -0.098145 -0.212891 0.005005
v 0.001038 0.500000 -0.001060
v 0.020996 0.423828 0.041504
v 0.022461 0.421875 0.039551
v -0.015015 0.419922 0.047363
v -0.071289 0.151367 0.014954
v -0.063965 0.171875 0.035156
v -0.027100 0.152344 -0.041992
v 0.000221 0.091797 -0.063477
v -0.095703 -0.215820 0.019775
v -0.000336 0.384766 -0.028809
v 0.014771 0.443359 0.049072
v 0.034912 -0.166016 0.002945
v -0.010254 0.316406 0.032471
v -0.010376 0.314453 0.031494
v 0.064453 0.223633 0.045654
v 0.243164 0.063965 -0.029175
v 0.207031 0.090820 -0.016235
v 0.075195 0.326172 0.002167
v 0.086426 0.320312 0.002075
v 0.022217 0.359375 0.002747
v -0.032471 0.384766 0.019897
v -0.031006 0.384766 0.019653
v -0.020264 0.380859 0.018921
v 0.083008 0.092285 -0.003281
v -0.277344 0.004181 -0.017456
v -0.076660 0.087891 0.043701
v -0.084473 0.090820 0.020630
v -0.109863 0.250000 0.007568
v 0.039795 0.431641 -0.001251
v -0.002808 0.357422 -0.073242
v -0.005310 0.357422 -0.071289
v 0.081543 0.306641 0.015747
v 0.089355 0.291016 0.013733
v -0.094727 0.243164 -0.049072
v -0.013550 0.373047 0.034912
v 0.000595 0.320312 0.022339
v 0.021118 0.380859 0.030640
v -0.004181 0.392578 0.051270
v -0.078613 -0.394531 -0.043945
v 0.088867 -0.143555 -0.022705
v -0.016602 0.330078 0.008972
v 0.071289 -0.145508 -0.033203
v 0.036377 0.414062 0.011963
v 0.087891 -0.490234 0.066895
v 0.084473 0.090820 0.020020
v -0.004944 0.421875 -0.057861
v -0.031494 0.392578 0.020264
v 0.018921 0.425781 0.039795
v 0.000332 0.002075 -0.025757
v -0.014798 0.418402 0.039499
v -0.000264 0.353234 -0.016970
v 0.000700 0.422983 -0.057522
v 0.002064 0.422852 -0.059509
v 0.015201 0.418402 0.039604
vn 0.9914 -0.1101 -0.0713
vn 0.9863 -0.0430 -0.1592
vn 0.8167 -0.1392 -0.5600
vn 0.8367 -0.2340 -0.4952
vn 0.9818 -0.0916 0.1666
vn 0.9930 -0.0647 0.0986
vn 0.9983 -0.0485 -0.0322
vn 0.7746 0.0262 -0.6319
vn 0.7245 -0.0316 -0.6886
vn 0.4104 -0.0652 -0.9096
vn 0.9757 -0.0054 -0.2189
vn 0.9759 0.0657 -0.2079
vn 0.7805 0.0239 -0.6247
vn -0.3197 0.1263 0.9391
vn -0.3796 0.0383 0.9244
vn -0.3758 0.2445 0.8939
vn -0.3249 0.0291 0.9453
vn -0.5153 0.0433 0.8559
vn -0.4924 -0.0926 0.8654
vn -0.1688 0.1566 0.9731
vn -0.9495 0.2910 0.1172
vn -0.9340 0.2523 -0.2531
vn -0.9592 0.2536 0.1249
vn -0.9368 0.2880 -0.1985
vn -0.7666 0.2667 0.5841
vn -0.7891 0.2977 0.5373
vn -0.9388 0.3226 0.1210
vn 0.8864 -0.4628 0.0153
vn 0.8432 -0.5265 -0.1091
vn 0.7963 -0.5501 -0.2515
vn 0.8964 -0.4357 0.0812
vn 0.9162 -0.4008 0.0000
vn 0.9168 -0.3811 -0.1195
vn 0.8996 -0.4366 -0.0130
vn 0.9375 -0.3399 0.0750
vn -0.3351 -0.4191 0.8438
vn -0.2763 -0.5499 0.7882
vn 0.1281 -0.3796 0.9162
vn -0.8047 -0.4006 0.4380
vn -0.7228 -0.5055 0.4713
vn -0.7949 -0.2565 0.5498
vn 0.1478 -0.3015 0.9419
vn -0.3650 -0.3018 0.8807
vn -0.2340 0.8762 0.4214
vn -0.4884 0.8718 0.0371
vn -0.2425 0.9687 0.0532
vn -0.3283 0.7770 0.5371
vn -0.1509 0.7785 0.6092
vn -0.5765 0.6977 0.4253
vn -0.3356 0.6539 0.6781
vn 0.6574 -0.0225 0.7532
vn 0.9373 -0.1327 -0.3223
vn 0.9869 -0.1058 -0.1216
vn -0.2390 0.0458 0.9699
vn 0.4744 -0.1365 0.8697
vn 0.9678 -0.2380 -0.0813
vn 0.6741 0.1503 0.7232
vn -0.3574 0.2063 0.9109
vn 0.9795 -0.1183 0.1633
vn 0.9791 -0.1915 0.0682
vn 0.9442 -0.0604 0.3238
vn 0.9618 -0.0833 0.2608
vn 0.9432 -0.0377 0.3302
vn 0.9522 -0.0935 0.2909
vn 0.9757 -0.1780 0.1274
vn 0.9331 0.2846 -0.2198
vn 0.9062 0.4193 0.0546
vn 0.1150 -0.9934 -0.0044
vn 0.7898 0.5620 -0.2455
vn 0.8752 0.4263 -0.2288
vn 0.8879 0.3387 -0.3113
vn 0.1215 -0.9894 -0.0800
vn 0.0837 -0.9705 -0.2259
vn -0.4603 0.3942 -0.7954
vn -0.3246 0.3297 -0.8865
vn 0.0194 0.4263 -0.9044
vn -0.8498 0.2877 -0.4417
vn -0.7020 0.2993 -0.6462
vn -0.2310 0.0298 -0.9725
vn -0.1990 -0.1048 -0.9744
vn 0.4882 -0.1595 -0.8580
vn -0.7834 0.1781 -0.5955
vn -0.7731 0.0632 -0.6311
vn 0.5021 -0.0413 -0.8639
vn -0.2292 0.1894 -0.9548
vn 0.6029 0.1082 0.7904
vn 0.4230 0.2530 0.8701
vn 0.5920 0.0885 0.8011
vn 0.8069 -0.3913 0.4425
vn 0.5808 -0.0969 0.8083
vn 0.4846 -0.0231 0.8744
vn 0.6836 -0.1647 0.7110
vn 0.1821 -0.1472 -0.9722
vn 0.1663 0.1529 -0.9741
vn 0.0015 0.0271 -0.9996
vn 0.1368 -0.2017 -0.9699
vn 0.4177 -0.2483 -0.8740
vn 0.4841 -0.1636 -0.8596
vn -0.0004 -0.1430 -0.9897
vn -0.9011 -0.0480 0.4310
vn -0.8635 0.1157 0.4908
vn -0.9441 0.1265 0.3046
vn -0.8711 -0.0602 0.4874
vn -0.8183 -0.0337 0.5738
vn -0.9633 -0.0551 0.2625
vn -0.9187 -0.2239 0.3255
vn -0.7690 0.6235 0.1408
vn -0.5727 0.5430 0.6142
vn -0.2824 -0.9570 -0.0661
vn -0.6556 0.6414 -0.3985
vn -0.7867 0.5793 -0.2132
vn -0.2149 -0.9723 0.0914
vn -0.8036 0.5678 0.1783
vn -0.0089 0.2570 0.9664
vn 0.0460 -0.2287 0.9724
vn 0.3938 0.4275 0.8137
vn -0.2827 0.4094 0.8674
vn -0.5526 -0.3063 0.7751
vn 0.0537 0.6195 0.7831
vn 0.7002 -0.0755 -0.7099
vn 0.9639 -0.0730 -0.2561
vn 0.9590 -0.1186 -0.2573
vn 0.6946 -0.1114 -0.7107
vn 0.2790 -0.0969 -0.9554
vn 0.2218 -0.1238 -0.9672
vn -0.4998 -0.8063 0.3163
vn -0.6118 -0.4189 0.6709
vn 0.3622 -0.6571 0.6611
vn 0.4939 -0.8223 -0.2825
vn -0.2727 -0.8206 0.5022
vn 0.7279 -0.4909 0.4788
vn 0.8035 -0.3902 0.4496
vn 0.3375 -0.4309 0.8369
vn 0.2899 -0.5473 0.7851
vn 0.6434 -0.3256 0.6928
vn 0.8637 -0.2539 0.4355
vn 0.9081 -0.3305 0.2570
vn 0.8229 0.5431 0.1668
vn 0.8589 0.5120 -0.0150
vn 0.6986 0.3509 0.6235
vn 0.6124 0.3384 0.7144
vn 0.8478 0.5261 0.0659
vn 0.6760 0.4704 -0.5671
vn -0.9626 -0.1719 0.2095
vn -0.5553 0.2855 0.7811
vn -0.9144 -0.0065 0.4047
vn -0.6871 -0.5881 -0.4267
vn -0.4949 -0.6580 -0.5676
vn -0.9527 -0.1548 0.2614
vn -0.5267 0.1775 0.8313
vn -0.4147 -0.6888 -0.5947
vn -0.6871 -0.4944 -0.5324
vn -0.3609 -0.4300 -0.8276
vn 0.0357 -0.6639 -0.7469
vn -0.6293 -0.6551 -0.4181
vn -0.4274 -0.7006 -0.5714
vn -0.6730 -0.0813 0.7351
vn -0.9638 -0.0485 0.2623
vn -0.6998 -0.0386 0.7133
vn -0.6809 -0.0697 0.7291
vn -0.9829 0.0572 0.1749
vn 0.0402 -0.1714 0.9844
vn 0.0571 -0.0956 0.9938
vn 0.4860 -0.3163 -0.8147
vn 0.9979 0.0216 -0.0610
vn 0.9829 -0.1835 0.0183
vn 0.4644 -0.6262 -0.6263
vn -0.0013 -0.5034 -0.8640
vn 0.5505 0.0251 -0.8344
vn 0.0011 -0.1714 -0.9852
vn 0.8442 -0.5083 -0.1700
vn -0.1239 -0.5143 0.8486
vn 0.3188 0.2960 0.9004
vn 0.4264 0.2299 0.8748
vn -0.5157 -0.8446 -0.1439
vn -0.7579 -0.6170 0.2118
vn 0.7631 -0.0116 0.6462
vn 0.3513 -0.8409 -0.4117
vn -0.1052 -0.0530 0.9930
vn -0.9973 0.0206 0.0701
vn -0.9502 -0.1956 0.2424
vn -0.9809 -0.1930 0.0238
vn -0.3276 0.9420 0.0730
vn -0.0165 0.8614 0.5077
vn -0.9558 -0.0567 0.2885
vn -0.1768 0.9027 -0.3922
vn -0.8972 0.2464 -0.3666
vn 0.9140 -0.1354 0.3823
vn -0.3974 -0.8888 -0.2284
vn 0.9640 0.0888 -0.2506
vn 0.8905 0.2964 0.3451
vn -0.1844 -0.4660 0.8654
vn 0.5855 -0.2536 0.7700
vn 0.4142 -0.2161 0.8842
vn 0.4278 -0.3051 0.8508
vn 0.3730 -0.4581 0.8069
vn 0.8642 -0.0238 0.5026
vn 0.5862 0.0555 0.8083
vn 0.6596 -0.4114 0.6290
vn -0.9827 0.1580 0.0970
vn -0.9884 0.1384 -0.0628
vn -0.9768 0.0480 -0.2085
vn -0.9276 0.3314 0.1723
vn -0.3007 -0.9521 0.0552
vn -0.7433 0.6549 0.1367
vn -0.3980 -0.9172 -0.0177
vn -0.1942 -0.9808 0.0164
vn -0.7399 -0.3214 0.5909
vn -0.9126 -0.2677 0.3090
vn -0.6144 -0.6431 0.4571
vn -0.3081 -0.4447 0.8410
vn -0.4573 0.0208 0.8891
vn -0.7982 0.0849 0.5964
vn -0.3812 -0.1712 -0.9085
vn -0.5664 -0.1784 -0.8046
vn -0.9349 -0.3342 0.1198
vn 0.8622 0.1357 -0.4881
vn -0.9577 -0.1512 0.2450
vn 0.7581 -0.0198 -0.6518
vn -0.3502 -0.0990 -0.9314
vn 0.0000 -0.9663 -0.2573
vn 0.3753 -0.3698 -0.8499
vn 0.6034 -0.5909 -0.5355
vn 0.0364 -0.4153 -0.9090
vn 0.1344 -0.5438 0.8284
vn -0.3492 -0.4470 -0.8235
vn -0.2754 -0.4849 0.8301
vn -0.5709 -0.6949 -0.4371
vn 0.1621 -0.2169 0.9626
vn -0.4190 0.2390 0.8759
vn -0.2955 -0.7356 0.6095
vn 0.2970 -0.8826 0.3644
vn 0.6258 0.4291 0.6513
vn 0.1503 0.4668 0.8715
vn 0.0424 0.8344 0.5496
vn -0.1368 0.6955 0.7054
vn -0.0520 0.8396 0.5407
vn 0.2659 0.6220 -0.7365
vn -0.1201 0.8431 0.5242
vn 0.5436 0.5885 -0.5985
vn 0.8743 -0.1212 -0.4701
vn 0.3902 -0.1363 -0.9106
vn 0.3599 -0.0253 -0.9327
vn 0.8653 0.0168 -0.5010
vn 0.9654 -0.1993 0.1681
vn 0.8843 -0.1981 -0.4229
vn 0.9877 -0.0973 0.1221
vn 0.9138 -0.3536 0.2000
vn 0.8371 -0.5383 -0.0974
vn 0.9668 -0.2344 0.1015
vn 0.9396 -0.2717 0.2080
vn 0.8710 -0.3394 0.3552
vn 0.8545 -0.4559 0.2489
vn -0.7750 -0.6304 0.0450
vn -0.7845 -0.6201 -0.0097
vn -0.5080 -0.5708 -0.6451
vn -0.6949 -0.7075 -0.1285
vn -0.5816 -0.3537 0.7325
vn -0.5282 -0.3929 0.7528
vn -0.3159 0.0449 0.9477
vn -0.3077 0.1322 0.9423
vn -0.5780 0.2735 0.7689
vn 0.0000 -0.0888 0.9960
vn -0.4924 -0.0516 0.8689
vn -0.3478 -0.1152 0.9305
vn -0.7225 -0.0090 -0.6913
vn -0.7269 -0.0759 -0.6825
vn -0.2153 -0.1077 -0.9706
vn -0.6728 0.2493 -0.6966
vn 0.6791 0.6869 0.2589
vn -0.9926 0.0013 -0.1212
vn 0.0163 0.6624 -0.7489
vn -0.9528 -0.1650 0.2549
vn 0.5503 -0.2882 0.7837
vn 0.5035 0.2157 0.8366
vn 0.3234 -0.0250 0.9459
vn 0.5373 -0.3233 0.7790
vn 0.6084 -0.3623 0.7061
vn 0.2958 -0.5238 0.7989
vn 0.6409 -0.0015 0.7676
vn 0.3423 -0.0503 -0.9383
vn 0.0767 0.0672 -0.9948
vn 0.9852 -0.0726 -0.1553
vn 0.3126 -0.1786 -0.9329
vn -0.9665 0.1361 -0.2178
vn 0.9450 -0.2726 -0.1805
vn -0.5349 -0.1283 0.8351
vn -0.5374 -0.5596 0.6309
vn -0.6637 -0.1806 0.7259
vn -0.3009 0.3440 0.8895
vn -0.6888 0.1499 0.7093
vn -0.6391 -0.4688 0.6098
vn 0.0000 0.2630 0.9648
vn -0.7058 -0.3720 0.6028
vn -0.8658 -0.2872 0.4098
vn -0.4071 -0.4305 0.8056
vn -0.8913 -0.1618 0.4235
vn -0.6007 -0.1603 0.7832
vn 0.9233 -0.0869 0.3740
vn 0.9357 -0.1364 0.3254
vn 0.9305 -0.2021 0.3054
vn 0.9035 -0.0573 0.4248
vn 0.8133 0.1248 0.5682
vn -0.8446 -0.2133 0.4910
vn -0.9778 -0.2083 -0.0234
vn -0.9783 -0.2047 -0.0307
vn -0.4198 -0.1782 0.8900
vn -0.4825 -0.1852 0.8561
vn -0.6610 -0.0504 0.7487
vn -0.8828 -0.2039 0.4231
vn -0.9293 -0.1736 0.3259
vn -0.8167 0.1640 -0.5532
vn -0.4312 0.0780 -0.8989
vn -0.8678 0.0789 -0.4907
vn 0.9702 0.1779 0.1647
vn 0.7390 0.2011 0.6430
vn -0.3655 0.2137 -0.9060
vn -0.9845 0.1036 -0.1415
vn 0.9303 -0.2207 0.2931
vn -0.2999 -0.5218 0.7986
vn 0.0095 -0.9821 0.1880
vn 0.9369 0.1844 0.2971
vn 0.7276 -0.4166 -0.5450
vn -0.4246 -0.2026 0.8824
vn 0.5167 -0.3700 -0.7721
vn 0.4832 0.0014 -0.8755
vn 0.1163 -0.0582 -0.9915
vn 0.8149 -0.2497 -0.5230
vn 0.4873 0.4434 0.7523
vn -0.1257 -0.0432 0.9911
vn -0.0299 0.0607 0.9977
vn 0.5353 0.4830 0.6929
vn 0.0644 0.1050 0.9924
vn 0.5532 0.5151 0.6547
vn 0.7865 0.6103 0.0946
vn 0.7891 0.6052 0.1047
vn -0.3498 0.3193 -0.8807
vn -0.3405 0.5580 -0.7568
vn -0.0406 0.4218 -0.9058
vn -0.0016 0.1906 -0.9817
vn -0.6087 0.3033 -0.7331
vn -0.3878 0.1344 -0.9119
vn -0.7978 0.3452 -0.4943
vn -0.7956 0.2901 -0.5319
vn -0.9323 0.2737 -0.2362
vn -0.5099 0.4060 -0.7584
vn -0.9422 0.3034 -0.1423
vn 0.7403 -0.0914 0.6660
vn 0.3761 -0.4710 0.7980
vn 0.5328 -0.3330 0.7780
vn 0.5626 -0.1231 0.8175
vn 0.8598 -0.1169 0.4970
vn 0.8220 0.0044 0.5694
vn 0.6580 0.0857 0.7481
vn 0.6555 -0.4017 0.6395
vn -0.6325 0.4054 -0.6601
vn -0.9029 -0.1432 -0.4053
vn -0.4996 -0.1626 -0.8509
vn -0.6375 0.3531 -0.6847
vn -0.6773 0.6687 -0.3067
vn -0.2534 0.5350 -0.8059
vn 0.0284 0.2411 -0.9701
vn -0.1876 0.6954 0.6937
vn -0.3563 0.6206 0.6985
vn -0.3231 0.5733 0.7530
vn -0.1783 0.6465 0.7417
vn -0.8235 0.4995 -0.2687
vn -0.7832 0.6212 -0.0280
vn -0.2227 0.4061 -0.8863
vn -0.3426 -0.8840 0.3182
vn -0.3965 -0.9036 0.1621
vn 0.4830 -0.3020 -0.8219
vn -0.3596 0.3798 -0.8523
vn -0.2502 0.3005 0.9204
vn -0.3086 0.6288 0.7137
vn -0.6209 0.4134 0.6660
vn -0.4165 0.0911 0.9046
vn 0.1297 -0.0302 0.9911
vn 0.0803 0.3127 0.9465
vn 0.9777 0.1760 0.1147
vn 0.9538 -0.0336 0.2987
vn 0.8575 0.0301 0.5137
vn 0.7908 0.2774 -0.5456
vn 0.9875 0.1247 -0.0960
vn 0.8338 0.3378 -0.4367
vn 0.9626 0.1769 0.2051
vn -0.6718 -0.6273 0.3939
vn 0.3294 -0.9288 0.1698
vn 0.0797 -0.8705 0.4856
vn -0.7936 -0.5099 0.3320
vn -0.2803 -0.9133 0.2955
vn -0.5658 -0.1909 0.8022
vn -0.8509 -0.1139 0.5129
vn 0.0012 0.0967 0.9953
vn -0.1035 -0.1098 0.9886
vn -0.7678 0.0449 0.6392
vn -0.0718 0.4152 0.9069
vn 0.7630 0.1411 0.6308
vn 0.6205 -0.0518 0.7825
vn 0.1721 -0.1775 -0.9690
vn 0.3274 -0.2722 -0.9048
vn 0.0783 -0.1863 -0.9794
vn 0.1161 -0.0382 -0.9925
vn 0.1799 -0.0831 -0.9802
vn 0.3603 -0.3007 -0.8831
vn 0.0704 -0.1374 -0.9880
vn 0.0071 -0.1900 0.9818
vn -0.4175 -0.5564 0.7184
vn -0.5071 -0.2015 0.8380
vn 0.0111 -0.2380 0.9712
vn 0.0792 0.0056 0.9968
vn 0.1735 -0.0862 0.9811
vn -0.1557 -0.0107 0.9877
vn -0.7276 0.0663 0.6828
vn -0.6323 -0.1447 0.7611
vn -0.8065 -0.0958 0.5834
vn -0.7530 -0.6210 0.2175
vn -0.6820 -0.2451 0.6890
vn -0.8473 -0.0227 0.5306
vn -0.7097 0.1957 0.6767
vn -0.9175 -0.3931 -0.0606
vn -0.5972 -0.6672 -0.4451
vn -0.8677 0.2617 0.4227
vn -0.9277 0.3252 0.1834
vn -0.1980 0.0795 0.9770
vn -0.9982 -0.0569 0.0181
vn -0.4207 0.1802 0.8891
vn -0.7278 0.5451 0.4161
vn -0.9144 0.3359 0.2262
vn -0.0217 0.5762 0.8170
vn 0.4074 0.1765 0.8960
vn 0.3154 0.7966 -0.5158
vn -0.5833 0.7997 -0.1422
vn -0.4244 0.1811 0.8872
vn 0.1877 0.8762 -0.4440
vn -0.0377 -0.1921 0.9806
vn -0.7422 -0.1616 0.6505
vn -0.6665 -0.1760 0.7245
vn -0.5250 -0.2132 0.8240
vn 0.6668 -0.0681 0.7421
vn 0.7033 -0.0545 0.7088
vn -0.0269 -0.1147 0.9930
vn 0.2695 -0.1955 0.9429
vn -0.0136 0.0214 -0.9997
vn 0.0050 0.2774 -0.9607
vn -0.3650 0.4476 -0.8164
vn 0.9363 0.3161 0.1529
vn 0.9616 0.2193 0.1651
vn 0.6464 0.7470 0.1552
vn 0.9913 0.0516 -0.1212
vn 0.9927 0.0918 -0.0787
vn 0.2952 -0.9533 0.0639
vn 0.3464 -0.9375 0.0330
vn 0.7098 -0.3386 0.6177
vn 0.8025 0.1009 0.5881
vn 0.3699 -0.0518 0.9276
vn 0.3013 -0.4810 0.8233
vn 0.6278 -0.6480 0.4312
vn 0.9315 -0.2360 0.2767
vn 0.8119 0.2251 -0.5386
vn 0.9331 0.2422 -0.2658
vn 0.9511 0.2404 -0.1941
vn 0.4894 0.1821 -0.8528
vn 0.5591 0.2304 -0.7965
vn 0.7968 0.2464 -0.5517
vn -0.5878 0.0860 0.8044
vn -0.7828 -0.0677 0.6185
vn -0.6208 0.1110 0.7760
vn -0.6655 0.0214 0.7461
vn -0.7887 0.0313 0.6139
vn -0.5323 0.0727 0.8434
vn -0.7260 -0.0870 -0.6822
vn 0.4413 -0.1666 -0.8817
vn -0.2149 -0.1281 -0.9682
vn -0.4982 -0.8664 -0.0337
vn 0.0171 -0.8626 0.5056
vn -0.1106 -0.9560 -0.2718
vn -0.6035 -0.7351 0.3089
vn 0.1052 -0.5561 0.8244
vn -0.3289 -0.9376 0.1129
vn -0.7042 -0.1227 0.6993
vn 0.2653 -0.7859 0.5586
vn 0.9436 0.2911 -0.1574
vn 0.8798 0.1887 -0.4362
vn 0.9159 0.3319 -0.2260
vn 0.8968 0.0667 0.4374
vn 0.8267 0.5272 -0.1966
vn 0.9582 0.2708 0.0925
vn 0.5352 -0.0777 -0.8411
vn 0.8124 0.5666 0.1377
vn -0.5594 -0.8269 -0.0581
vn -0.6062 -0.7953 0.0078
vn -0.5055 -0.8605 0.0624
vn -0.7109 -0.6815 0.1737
vn -0.4804 -0.8027 0.3534
vn -0.6020 -0.6594 0.4503
vn -0.9493 0.2563 -0.1822
vn -0.8447 0.2667 -0.4641
vn -0.7974 0.2482 -0.5500
vn -0.8125 0.2289 -0.5362
vn 0.5817 0.4172 -0.6983
vn 0.6481 0.2499 -0.7194
vn -0.0904 0.2746 -0.9573
vn -0.1186 0.5143 -0.8494
vn 0.6541 0.6723 -0.3465
vn 0.9664 0.2485 -0.0653
vn -0.3844 -0.0070 0.9231
vn 0.4067 0.7214 -0.5606
vn 0.4507 0.7617 -0.4654
vn -0.5994 -0.2464 0.7616
vn -0.1314 -0.1952 0.9719
vn -0.7537 -0.2084 0.6233
vn -0.8617 0.5068 -0.0244
vn -0.6871 0.4665 -0.5571
vn -0.8462 0.5287 0.0673
vn -0.7165 0.3355 0.6116
vn -0.7609 0.4197 0.4949
vn -0.8409 0.5388 0.0513
vn -0.7647 0.4608 -0.4504
vn -0.6995 0.3845 -0.6023
vn -0.3452 -0.0748 0.9356
vn -0.7894 -0.2291 0.5696
vn -0.3976 -0.1570 0.9040
vn 0.5634 0.7234 -0.3992
vn -0.7839 -0.1353 0.6059
vn 0.6088 0.7131 -0.3476
vn 0.6195 0.5411 -0.5686
vn 0.0136 0.3723 -0.9280
vn 0.3656 0.1543 -0.9179
vn 0.4275 0.0732 -0.9010
vn 0.9494 -0.1835 0.2550
vn 0.5888 -0.4478 -0.6729
vn 0.4058 0.1791 0.8962
vn 0.2047 0.0487 0.9776
vn 0.9632 0.0487 0.2643
vn -0.0810 -0.2973 0.9513
vn 0.2088 -0.7713 0.6012
vn 0.0855 -0.9065 0.4134
vn -0.0779 0.2555 0.9637
vn -0.5645 -0.6345 0.5281
vn -0.2172 -0.9076 0.3593
vn -0.2557 0.7947 0.5505
vn -0.0764 0.9502 0.3023
vn -0.0212 0.4529 0.8913
vn 0.1930 -0.9301 0.3125
vn -0.2008 0.9178 0.3426
vn -0.0697 -0.1792 -0.9813
vn 0.0085 -0.1939 -0.9810
vn -0.1361 -0.2134 -0.9674
vn -0.0631 -0.1280 -0.9898
vn 0.0009 -0.1464 -0.9892
vn -0.3264 -0.2763 -0.9039
vn -0.1582 -0.1746 -0.9718
vn 0.8343 0.0516 0.5489
vn 0.6684 -0.1081 0.7359
vn 0.7437 -0.2140 0.6333
vn 0.9486 0.1382 0.2846
vn 0.8880 0.3197 0.3304
vn 0.8981 -0.1517 0.4128
vn 0.5705 0.1566 0.8062
vn 0.7699 0.2528 0.5860
vn -0.5316 -0.1073 0.8402
vn -0.7490 -0.0974 0.6554
vn -0.3642 -0.0759 0.9282
vn -0.4684 -0.1318 0.8736
vn -0.5392 0.0569 0.8402
vn -0.6034 -0.2261 0.7648
vn -0.8866 -0.2381 0.3966
vn 0.8795 0.3276 0.3452
vn -0.4780 -0.2781 0.8332
vn -0.5478 -0.3897 0.7403
vn 0.7849 -0.0394 0.6184
vn 0.7564 0.3152 0.5732
vn 0.8555 0.4368 -0.2782
vn 0.8794 0.2860 -0.3805
vn 0.1297 0.4392 0.8890
vn 0.2121 0.5075 0.8351
vn 0.1002 -0.2650 0.9590
vn 0.1219 0.2165 0.9686
vn 0.1259 0.1013 0.9869
vn -0.3761 0.9196 -0.1135
vn -0.2180 0.2566 0.9416
vn 0.2339 0.0351 0.9716
vn 0.5494 0.0811 -0.8316
vn 0.4463 0.0412 -0.8939
vn 0.9050 0.0016 -0.4254
vn 0.0012 0.1077 -0.9942
vn 0.9152 0.0349 -0.4015
vn 0.5907 0.0359 -0.8061
vn -0.0871 0.0762 -0.9933
vn 0.8883 0.4365 -0.1428
vn 0.2960 0.7871 0.5411
vn 0.5212 0.4578 0.7202
vn 0.9265 0.3247 0.1903
vn 0.9586 -0.1565 0.2380
vn -0.0702 0.1952 0.9782
vn -0.5147 0.2627 0.8161
vn -0.0746 -0.0925 0.9929
vn -0.0284 0.0379 0.9989
vn 0.5152 0.1855 0.8367
vn 0.7599 -0.5646 -0.3221
vn 0.6581 -0.5779 -0.4826
vn 0.9389 -0.3437 0.0157
vn 0.6804 -0.7327 -0.0150
vn 0.8654 0.0071 0.5010
vn 0.8307 0.2107 0.5152
vn 0.9644 0.2306 0.1296
vn 0.5901 -0.1622 0.7909
vn 0.5731 -0.0234 0.8192
vn 0.8840 -0.1231 0.4510
vn 0.9925 0.0159 0.1216
vn -0.6231 0.7746 -0.1083
vn 0.1404 0.5238 -0.8402
vn -0.9977 0.0572 -0.0374
vn -0.8091 -0.3108 0.4987
vn -0.7244 0.6758 0.1362
vn -0.8774 0.0563 -0.4764
vn -0.9902 -0.0465 0.1313
vn 0.0152 0.0143 0.9998
vn -0.2732 -0.3188 0.9076
vn -0.0241 -0.3359 0.9416
vn 0.4509 -0.3326 0.8283
vn 0.1080 0.1994 0.9739
vn 0.0261 0.1843 0.9825
vn -0.1829 0.1369 0.9735
vn -0.4291 -0.2501 -0.8679
vn -0.6556 -0.6796 -0.3291
vn -0.6757 -0.6089 -0.4155
vn 0.2293 0.3944 -0.8899
vn 0.3844 0.4102 -0.8270
vn 0.4014 -0.9104 0.1007
vn -0.3802 -0.2669 -0.8855
vn 0.0000 0.3525 0.9358
vn -0.2060 0.6385 0.7415
vn 0.2119 -0.0320 0.9768
vn 0.3498 -0.0842 0.9331
vn 0.4529 -0.3605 0.8154
vn -0.0117 -0.2030 0.9791
vn -0.0661 0.0000 0.9978
vn -0.1749 0.1150 0.9778
vn -0.1625 0.0188 0.9865
vn 0.9271 -0.2415 0.2865
vn -0.0988 -0.4237 -0.9004
vn 0.0134 -0.1085 -0.9940
vn 0.7161 0.0569 0.6957
vn 0.2703 -0.6930 -0.6684
vn 0.8389 -0.2676 0.4739
vn 0.7036 -0.1529 0.6940
vn -0.9402 0.2939 0.1723
vn -0.9256 0.3620 0.1106
vn -0.9696 0.1531 0.1910
vn -0.8863 0.4451 0.1278
vn -0.9809 0.0521 0.1876
vn -0.0069 -0.3684 -0.9296
vn -0.1623 -0.1398 -0.9768
vn -0.0897 -0.0443 -0.9950
vn -0.3697 -0.3099 -0.8760
vn -0.0903 -0.8043 -0.5873
vn 0.1962 -0.3097 -0.9304
vn -0.1506 -0.0957 -0.9839
vn -0.4895 0.4473 0.7486
vn -0.5118 0.4694 0.7195
vn 0.0598 0.0084 0.9982
vn -0.7600 0.6495 0.0229
vn -0.7844 0.6122 0.0993
vn -0.4802 0.5237 0.7036
vn -0.0104 0.0549 0.9984
vn 0.0656 0.1116 0.9916
vn 0.4127 -0.0151 -0.9108
vn 0.5743 -0.2432 -0.7817
vn 0.3611 -0.2596 -0.8957
vn 0.0509 -0.0141 -0.9986
vn 0.3924 0.1548 -0.9067
vn 0.6379 0.0579 -0.7679
vn -0.5868 -0.7932 0.1630
vn -0.9501 -0.1912 0.2463
vn -0.7051 -0.4378 -0.5578
vn 0.3169 -0.4577 0.8307
vn 0.3166 -0.9486 -0.0024
vn -0.7225 -0.3737 0.5817
vn -0.6216 -0.1983 0.7578
vn -0.4267 -0.3267 0.8433
vn -0.8315 -0.5187 0.1987
vn -0.8776 -0.0870 0.4714
vn -0.4332 -0.6949 0.5740
vn -0.6804 -0.7218 0.1269
vn 0.9673 -0.1559 -0.2001
vn 0.9940 0.0376 -0.1027
vn 0.6169 -0.0668 -0.7842
vn 0.9041 -0.2899 0.3139
vn 0.9411 -0.1158 0.3178
vn 0.5995 -0.1483 -0.7865
vn 0.9296 -0.2661 -0.2552
vn 0.4415 -0.5247 0.7279
vn -0.7963 0.5229 -0.3041
vn -0.6418 0.6136 -0.4600
vn 0.3088 -0.4475 0.8392
vn 0.7268 -0.3637 0.5827
vn 0.8741 -0.2780 0.3983
vn 0.9619 0.2502 0.1103
vn 0.8111 0.2733 -0.5171
vn 0.9391 0.2791 -0.2006
vn 0.9514 0.2850 0.1163
vn 0.2232 -0.9373 -0.2678
vn -0.1023 -0.6330 0.7673
vn -0.9216 -0.0903 -0.3774
vn -0.9300 -0.3674 -0.0148
vn -0.6442 -0.2189 0.7328
vn -0.1487 0.1194 -0.9816
vn -0.2341 -0.0260 -0.9719
vn -0.5835 -0.0328 0.8114
vn -0.9362 0.1943 -0.2930
vn 0.4096 -0.6380 0.6521
vn 0.4494 -0.0492 0.8920
vn 0.2564 -0.9438 0.2083
vn 0.2129 -0.9713 -0.1064
vn 0.5807 -0.5687 0.5825
vn 0.9750 -0.1749 -0.1370
vn -0.6208 0.7816 -0.0610
vn -0.5977 0.7486 0.2871
vn 0.7590 -0.1161 -0.6407
vn 0.9939 0.0345 -0.1051
vn -0.6032 0.7152 -0.3531
vn 0.6223 -0.2733 -0.7335
vn 0.8021 0.0424 0.5957
vn 0.4742 -0.2518 0.8437
vn -0.4764 0.0777 0.8758
vn -0.7042 -0.0987 0.7031
vn -0.6918 -0.3022 0.6558
vn -0.1405 0.0135 0.9900
vn -0.5675 -0.2508 0.7842
vn -0.2466 -0.1382 0.9592
vn 0.8643 -0.2183 0.4531
vn 0.4872 -0.1894 0.8525
vn 0.8517 -0.2057 0.4819
vn 0.9819 -0.1893 -0.0102
vn 0.8346 -0.1901 0.5171
vn 0.9755 -0.2190 -0.0218
vn 0.8534 -0.4967 -0.1580
vn 0.7499 -0.5752 -0.3269
vn 0.2322 -0.7301 0.6427
vn 0.1233 -0.3687 0.9214
vn 0.3964 -0.4252 0.8137
vn 0.0152 -0.6319 0.7749
vn -0.8221 0.0599 0.5662
vn -0.8878 0.0163 0.4599
vn -0.8826 -0.0041 0.4701
vn -0.7683 0.1084 0.6308
vn -0.6722 0.1352 0.7280
vn -0.6109 0.3947 0.6863
vn -0.8710 0.3398 0.3549
vn -0.3044 -0.8921 0.3339
vn -0.1822 -0.2198 0.9584
vn -0.1785 0.4448 0.8777
vn -0.2403 0.3847 0.8912
vn -0.7099 0.3577 0.6067
vn -0.6369 0.5710 -0.5180
vn -0.5486 0.4280 -0.7182
vn -0.7826 0.3782 -0.4946
vn -0.0254 0.7993 0.6004
vn -0.0784 0.3954 0.9152
vn -0.5441 0.7510 0.3741
vn 0.5456 -0.1890 -0.8165
vn 0.6108 -0.2779 -0.7414
vn -0.7085 0.0464 -0.7042
vn 0.9281 -0.3562 0.1087
vn -0.6631 0.0612 -0.7460
vn 0.5841 -0.0093 -0.8116
vn 0.9688 -0.0787 0.2349
vn -0.8410 -0.4310 -0.3271
vn -0.7612 -0.2730 -0.5882
vn -0.8945 -0.2608 -0.3632
vn -0.8398 -0.4623 -0.2848
vn -0.8266 -0.5061 -0.2463
vn -0.7310 -0.6684 0.1374
vn 0.4705 -0.8641 0.1788
vn -0.2951 -0.9437 -0.1492
vn 0.3554 -0.6575 -0.6643
vn 0.7032 -0.5237 -0.4808
vn 0.4461 0.0923 0.8902
vn 0.4530 0.0258 0.8911
vn 0.2195 0.1240 0.9677
vn 0.1946 -0.0052 0.9809
vn 0.5342 0.0965 0.8398
vn -0.8594 0.0233 -0.5108
vn -0.9935 -0.0420 0.1056
vn -0.8497 0.1457 -0.5068
vn -0.3478 0.1475 -0.9259
vn -0.3478 -0.0134 -0.9375
vn -0.8667 -0.1219 -0.4838
vn -0.9861 -0.0923 0.1383
vn -0.4372 0.4034 0.8038
vn -0.7091 0.1120 0.6961
vn -0.5106 0.4936 0.7040
vn -0.5261 0.1018 0.8443
vn -0.6526 0.5894 0.4762
vn -0.3925 0.7872 0.4756
vn -0.9901 0.0566 -0.1288
vn -0.9041 0.2081 -0.3733
vn -0.0626 0.0225 -0.9978
vn -0.2755 0.0181 -0.9611
vn -0.9327 -0.3582 -0.0430
vn -0.3528 -0.0349 0.9350
vn -0.7952 0.0720 0.6021
vn -0.6888 -0.2588 0.6772
vn 0.0363 0.2453 0.9688
vn 0.3310 0.4203 0.8449
vn 0.4389 0.1740 0.8815
vn 0.0551 -0.2080 0.9766
vn -0.1955 -0.1904 0.9621
vn -0.5043 0.2354 0.8308
vn -0.0236 0.4586 0.8883
vn -0.0373 -0.1273 -0.9912
vn -0.6215 -0.1522 -0.7685
vn 0.5736 -0.0799 -0.8152
vn 0.0327 -0.0275 -0.9991
vn -0.6560 -0.0523 -0.7530
vn -0.2778 0.8995 0.3373
vn -0.3849 0.6821 0.6217
vn -0.2587 0.8574 0.4450
vn -0.1485 0.7217 0.6761
vn 0.4217 -0.1484 0.8945
vn -0.1283 -0.0729 0.9891
vn -0.0705 -0.1476 0.9865
vn 0.8218 -0.1735 0.5428
vn 0.7257 -0.2783 0.6292
vn 0.8679 0.0564 0.4935
vn 0.8299 -0.3501 0.4344
vn -0.3405 -0.5768 -0.7426
vn 0.7943 -0.5513 0.2554
vn 0.0276 -0.7526 -0.6579
vn 0.0023 -0.1069 0.9943
vn -0.4839 -0.4731 0.7362
vn -0.5830 -0.4164 0.6977
vn -0.0026 -0.0766 0.9971
vn 0.5730 0.3964 0.7173
vn 0.0573 -0.0758 0.9955
vn 0.6069 0.3843 0.6957
vn -0.6983 0.6541 -0.2906
vn -0.7300 0.6827 -0.0331
vn -0.4877 0.8465 -0.2134
vn -0.5831 0.5449 -0.6026
vn -0.8258 0.4003 -0.3972
vn -0.4028 0.7889 -0.4642
vn -0.9000 0.4294 -0.0746
vn -0.5603 0.8254 0.0686
vn -0.8497 0.5017 -0.1622
vn -0.8543 0.5184 -0.0393
vn -0.5439 0.8374 -0.0545
vn -0.1855 0.9300 0.3173
vn -0.7140 0.6991 0.0375
vn -0.1928 0.9671 0.1660
vn 0.7658 -0.2709 -0.5832
vn 0.1451 -0.0376 0.9887
vn 0.1958 -0.0509 0.9793
vn 0.2708 -0.1258 0.9544
vn -0.9394 0.1948 0.2822
vn -0.9713 0.0602 0.2302
vn 0.6042 -0.4371 0.6662
vn 0.2571 -0.7119 0.6535
vn 0.2239 -0.2689 -0.9368
vn 0.5344 -0.4547 0.7125
vn 0.8065 -0.0317 0.5904
vn 0.4378 -0.1217 -0.8908
vn 0.5513 -0.5178 -0.6542
vn 0.5543 -0.5181 -0.6514
vn 0.7463 -0.6647 -0.0345
vn 0.5259 -0.5827 -0.6196
vn -0.1115 -0.0824 -0.9903
vn 0.0377 0.0044 -0.9993
vn 0.7765 -0.6296 -0.0243
vn -0.1940 -0.9730 0.1247
vn 0.6972 -0.5471 0.4633
vn 0.2261 -0.8888 0.3985
vn -0.2952 -0.9525 0.0746
vn -0.0561 -0.8689 0.4918
vn -0.9930 -0.1165 0.0198
vn -0.8446 -0.1215 0.5214
vn -0.8694 -0.2618 0.4190
vn -0.3936 0.5819 0.7117
vn -0.2961 0.5665 0.7690
vn -0.9989 0.0023 -0.0467
vn -0.9867 -0.0630 -0.1501
vn -0.4249 0.5846 0.6911
vn -0.1776 0.6077 0.7740
vn -0.8331 0.3329 -0.4418
vn -0.9647 0.1616 0.2081
vn -0.9565 0.1906 0.2209
vn -0.7920 0.3237 -0.5176
vn -0.2194 0.3102 -0.9250
vn -0.2878 0.3616 -0.8868
vn -0.8427 0.2281 -0.4878
vn -0.2436 -0.9423 -0.2297
vn 0.4719 -0.8059 0.3574
vn 0.3109 -0.8383 -0.4478
vn 0.0853 -0.9738 -0.2109
vn 0.7725 0.5792 -0.2603
vn 0.7871 0.5986 0.1490
vn 0.6435 0.6555 -0.3953
vn 0.7199 0.6869 0.1001
vn 0.5564 0.4046 -0.7258
vn -0.2230 0.0440 0.9738
vn -0.3224 -0.3383 0.8841
vn -0.2569 -0.5004 0.8268
vn -0.0550 0.1341 0.9894
vn -0.2865 0.1403 0.9478
vn -0.4830 0.0707 0.8728
vn -0.0212 -0.0576 0.9981
vn 0.0834 -0.6620 0.7448
vn 0.0247 -0.9703 0.2407
vn 0.7872 -0.4965 -0.3657
vn 0.6197 -0.6138 -0.4891
vn 0.7014 -0.4490 -0.5536
vn 0.8755 -0.2631 -0.4053
vn 0.0542 0.9819 0.1814
vn 0.2473 0.9352 0.2535
vn -0.6002 0.7252 0.3372
vn -0.5614 0.7883 0.2520
vn 0.0600 0.9922 0.1095
vn 0.5385 0.8417 0.0392
vn 0.5215 0.8515 0.0544
vn -0.9978 -0.0650 -0.0114
vn -0.8381 -0.2540 -0.4827
vn -0.9891 -0.1359 -0.0558
vn -0.7632 -0.2874 -0.5787
vn -0.9975 -0.0581 0.0401
vn -0.9510 -0.2642 0.1609
vn -0.8374 -0.5122 0.1907
vn 0.0383 0.0571 0.9976
vn -0.7925 0.5948 0.1348
vn -0.5549 0.4906 0.6718
vn 0.4757 0.8611 -0.1794
vn 0.7005 0.6301 -0.3351
vn 0.4374 0.7940 -0.4222
vn 0.5076 0.8615 0.0130
vn 0.7365 0.6748 -0.0478
vn 0.2683 0.9633 -0.0117
vn 0.2288 0.9549 -0.1894
vn -0.8543 0.3030 0.4224
vn 0.1468 -0.2977 0.9433
vn -0.6821 0.1873 0.7069
vn -0.8295 0.2840 -0.4810
vn -0.9220 0.2363 -0.3067
vn -0.9143 0.0039 0.4050
vn -0.6115 0.0377 -0.7904
vn 0.0586 0.1148 -0.9917
vn -0.5823 -0.2686 -0.7673
vn -0.9969 0.0768 0.0181
vn -0.6449 0.2005 -0.7375
vn -0.9770 0.2021 0.0678
vn 0.5984 -0.1266 0.7911
vn 0.7121 0.2130 0.6690
vn 0.9697 -0.0779 0.2314
vn 0.7579 -0.1455 0.6359
vn -0.1402 -0.0483 0.9889
vn -0.0039 0.1237 0.9923
vn 0.5184 -0.1546 0.8410
vn 0.0014 0.1681 -0.9858
vn 0.1848 -0.0314 -0.9823
vn -0.1524 -0.2131 -0.9651
vn -0.0008 -0.2696 -0.9630
vn 0.0115 0.0752 -0.9971
vn -0.0018 0.3337 -0.9427
vn 0.1023 0.3598 -0.9274
vn 0.2371 0.3937 -0.8882
vn 0.3271 0.2805 -0.9024
vn -0.3139 -0.5490 0.7746
vn 0.2769 -0.6185 0.7354
vn 0.2833 -0.7309 0.6208
vn -0.4071 -0.4671 0.7850
vn -0.9254 -0.0985 0.3659
vn -0.8905 -0.2274 0.3940
vn -0.1032 -0.3605 0.9270
vn -0.0141 -0.2029 0.9791
vn 0.2496 -0.1008 0.9631
vn 0.4158 -0.1317 0.8999
vn 0.4314 -0.2915 0.8537
vn 0.0596 -0.4216 0.9048
vn -0.2648 -0.0988 0.9592
vn -0.0156 -0.1574 0.9874
vn -0.4119 -0.1360 0.9010
vn -0.2594 -0.1751 -0.9498
vn -0.1720 -0.4110 -0.8953
vn 0.5305 -0.1933 -0.8254
vn -0.1128 -0.5882 -0.8008
vn 0.1848 -0.3222 -0.9285
vn -0.6163 -0.5113 -0.5990
vn 0.3411 -0.5717 -0.7462
vn 0.3077 -0.3340 -0.8909
vn -0.2640 -0.7156 -0.6467
vn -0.4229 -0.2606 -0.8679
vn -0.4809 -0.1628 -0.8615
vn -0.8257 -0.1502 -0.5437
vn 0.7432 -0.4182 0.5222
vn 0.7440 -0.3000 0.5971
vn 0.1728 -0.9106 0.3753
vn 0.9015 0.0003 0.4327
vn 0.8544 0.0673 0.5152
vn -0.5421 -0.0247 -0.8400
vn 0.1979 0.1707 -0.9652
vn -0.4314 0.1098 -0.8954
vn -0.8611 -0.0481 -0.5061
vn -0.8728 -0.1277 -0.4710
vn -0.4638 -0.0592 -0.8840
vn -0.8208 -0.4314 0.3745
vn -0.8602 -0.4335 0.2684
vn -0.7829 -0.6165 0.0838
vn -0.8387 -0.3286 0.4343
vn -0.7971 -0.3870 0.4635
vn -0.7093 -0.4341 0.5554
vn -0.7595 -0.3585 0.5427
vn -0.7982 -0.5616 0.2178
vn -0.4886 -0.3423 -0.8025
vn -0.9042 -0.4250 -0.0421
vn 0.1943 -0.8807 0.4320
vn -0.3473 -0.5632 0.7498
vn -0.4150 -0.8375 0.3554
vn -0.0323 -0.3862 -0.9219
vn 0.0393 -0.2759 -0.9604
vn 0.4004 -0.1937 -0.8956
vn 0.1631 -0.9118 0.3770
vn -0.0207 -0.9313 0.3636
vn 0.4301 -0.8893 -0.1556
vn 0.5162 -0.8496 -0.1079
vn 0.8151 -0.2092 0.5403
vn -0.0054 0.5451 0.8384
vn 0.0022 0.4867 0.8736
vn 0.6663 -0.2877 0.6879
vn 0.9508 0.0336 0.3081
vn 0.5338 -0.1956 0.8227
vn 0.8412 -0.1173 0.5278
vn -0.1543 -0.3039 0.9401
vn -0.2801 -0.1311 0.9510
vn 0.1147 -0.2614 0.9584
vn 0.7131 -0.1902 0.6748
vn 0.2488 0.8200 -0.5155
vn 0.5137 0.8563 -0.0535
vn 0.2790 0.9535 0.1140
vn 0.1632 0.3392 -0.9264
vn 0.1640 0.3422 -0.9252
vn 0.1706 0.5895 -0.7895
vn 0.6048 0.6816 -0.4118
vn 0.3034 0.8253 -0.4762
vn 0.2397 0.1245 0.9628
vn 0.2067 0.1543 0.9662
vn 0.4179 0.1952 0.8873
vn 0.4616 0.1886 0.8668
vn -0.0042 0.1150 0.9934
vn 0.3092 0.0633 0.9489
vn -0.0081 0.0146 0.9999
vn -0.9021 -0.3976 0.1678
vn -0.9964 -0.0791 0.0291
vn -0.8594 -0.4585 0.2262
vn -0.9615 -0.1045 -0.2541
vn -0.9232 -0.3300 0.1968
vn -0.8372 0.2333 -0.4947
vn -0.9812 0.1881 0.0430
vn -0.8522 0.1625 0.4974
vn -0.6251 -0.0606 -0.7782
vn -0.4510 0.1057 -0.8863
vn -0.9290 0.3625 -0.0746
vn -0.1729 0.8023 -0.5713
vn 0.0697 0.9971 0.0320
vn -0.7315 0.5615 -0.3867
vn 0.5754 -0.2713 0.7716
vn 0.5326 -0.4170 0.7365
vn 0.9111 -0.2016 0.3597
vn 0.6397 -0.1592 0.7520
vn 0.9076 -0.1209 0.4020
vn 0.9191 -0.0373 0.3922
vn -0.9998 0.0160 -0.0093
vn -0.9277 0.0777 -0.3652
vn -0.9550 0.1879 -0.2295
vn -0.9860 0.0815 0.1453
vn -0.9672 -0.1802 0.1791
vn -0.9532 -0.2769 -0.1216
vn 0.5935 0.1409 -0.7924
vn 0.2221 0.0808 -0.9717
vn 0.0908 0.0920 -0.9916
vn 0.6815 0.0903 -0.7263
vn 0.6536 0.0736 -0.7532
vn 0.0647 -0.0922 0.9936
vn -0.4512 -0.4367 0.7783
vn 0.6672 0.3757 0.6432
vn 0.2930 -0.0595 0.9542
vn -0.3081 -0.5172 0.7985
vn -0.6533 0.2354 0.7195
vn -0.8912 0.4165 -0.1798
vn -0.9063 -0.0998 0.4107
vn -0.8344 0.3530 0.4232
vn 0.3972 -0.4358 0.8077
vn 0.4963 -0.4323 0.7529
vn -0.2001 0.0508 0.9785
vn -0.9653 -0.0719 -0.2511
vn -0.9625 -0.1082 0.2487
vn -0.9603 -0.0682 0.2705
vn -0.9613 -0.1236 -0.2463
vn -0.9759 0.0050 -0.2182
vn -0.7376 -0.0198 -0.6749
vn -0.7119 -0.0795 -0.6978
vn 0.6213 -0.1467 0.7697
vn 0.9286 -0.0801 0.3622
vn 0.5818 0.4616 0.6696
vn 0.0221 0.3411 0.9398
vn 0.1590 -0.1978 0.9673
vn 0.8034 -0.5816 0.1276
vn 0.8381 0.3944 -0.3769
vn 0.8527 0.4933 0.1722
vn 0.1923 -0.9783 0.0768
vn 0.3900 -0.8824 0.2631
vn 0.3367 -0.1009 -0.9362
vn 0.6951 0.4436 -0.5657
vn -0.3487 0.3909 0.8518
vn -0.4076 0.1089 0.9066
vn -0.1184 0.3531 0.9280
vn -0.4818 0.5823 0.6549
vn -0.4976 0.2302 0.8363
vn -0.2445 0.6413 0.7273
vn -0.0403 0.5238 0.8509
vn 0.2725 -0.4281 -0.8617
vn 0.3525 -0.2177 -0.9102
vn 0.8404 -0.4586 0.2888
vn 0.8814 -0.3286 0.3393
vn 0.7786 -0.4854 0.3978
vn 0.8718 -0.4493 0.1949
vn 0.9229 -0.3230 0.2096
vn -0.5682 -0.1081 0.8158
vn 0.0155 0.1463 0.9891
vn 0.1443 -0.0348 0.9889
vn -0.7009 0.2369 0.6728
vn -0.7354 -0.1602 0.6585
vn -0.9657 -0.0812 0.2466
vn -0.7108 0.4633 -0.5293
vn -0.3423 0.1295 -0.9306
vn -0.1706 0.1159 -0.9785
vn -0.9648 -0.2329 0.1222
vn -0.6183 -0.4409 -0.6506
vn -0.0504 0.1611 0.9857
vn -0.6069 0.1261 0.7847
vn 0.0260 0.0834 0.9962
vn 0.7110 0.1156 0.6936
vn -0.1158 0.1608 0.9802
vn -0.6550 0.1717 0.7359
vn 0.7402 -0.0438 0.6710
vn -0.5795 -0.4991 0.6443
vn -0.5424 -0.4685 0.6973
vn -0.9247 -0.1185 0.3618
vn -0.9207 -0.0729 0.3835
vn -0.9471 -0.1604 0.2780
vn -0.5872 0.2831 -0.7583
vn -0.5434 0.1308 -0.8292
vn -0.7867 0.1671 -0.5942
vn -0.3335 0.2895 -0.8972
vn 0.6180 -0.1991 0.7606
vn 0.5727 0.1324 0.8090
vn 0.5826 0.1061 0.8058
vn 0.5624 0.3486 0.7498
vn 0.7430 -0.1700 0.6473
vn 0.5465 -0.5331 0.6459
vn 0.6884 0.0768 0.7212
vn -0.5081 -0.4572 0.7299
vn 0.3535 0.1251 0.9270
vn 0.0241 -0.2077 0.9779
vn 0.6635 0.7083 -0.2411
vn -0.6097 -0.3291 0.7211
vn -0.9414 -0.2623 0.2119
vn -0.7740 -0.6072 0.1795
vn -0.2943 0.4834 0.8245
vn -0.8072 -0.4730 0.3532
vn -0.3970 -0.5902 0.7029
vn -0.1344 0.4366 0.8895
vn -0.3441 0.4854 0.8037
vn 0.5382 -0.7707 -0.3411
vn 0.6305 -0.7576 -0.1687
vn 0.6781 -0.6393 -0.3626
vn 0.5944 -0.6600 -0.4595
vn 0.3492 -0.7975 -0.4921
vn 0.4734 -0.8760 -0.0924
vn 0.3187 -0.4892 0.8119
vn 0.3353 -0.5715 0.7490
vn 0.3501 -0.5740 0.7402
vn 0.0577 -0.4188 0.9062
vn 0.2993 -0.7258 0.6194
vn 0.8556 -0.0393 -0.5161
vn 0.9868 0.0823 0.1394
vn 0.8214 0.0095 -0.5703
vn 0.3012 -0.0627 -0.9515
vn 0.3486 0.0476 -0.9361
vn 0.8748 0.0540 -0.4815
vn 0.9933 -0.0753 0.0873
vn 0.0348 0.9750 -0.2193
vn -0.0180 0.9467 0.3217
vn -0.1240 0.6184 0.7760
vn 0.3862 0.9197 -0.0709
vn 0.1232 0.9831 0.1354
vn 0.1346 0.9596 -0.2469
vn 0.2111 0.9403 0.2668
vn 0.9392 0.2615 0.2226
vn 0.7949 0.3826 0.4709
vn 0.8043 0.5270 0.2746
vn 0.8836 0.3803 0.2732
vn 0.8635 0.2555 0.4349
vn 0.9421 0.2807 0.1835
vn 0.9473 0.2961 0.1220
vn -0.7482 -0.6354 0.1910
vn 0.8482 -0.4888 0.2041
vn 0.0070 -0.7811 -0.6244
vn -0.6840 -0.5558 -0.4725
vn -0.7578 -0.6334 0.1566
vn 0.9513 0.1992 -0.2354
vn 0.9494 0.2405 0.2022
vn 0.9335 0.1679 0.3169
vn 0.9485 0.0645 0.3101
vn 0.6804 0.0779 -0.7287
vn 0.9343 0.2379 -0.2655
vn -0.7585 -0.5598 -0.3336
vn -0.8139 -0.5633 -0.1423
vn -0.9064 -0.4224 -0.0066
vn -0.7708 -0.5404 -0.3373
vn -0.7834 -0.3798 -0.4919
vn -0.9023 -0.3689 -0.2230
vn 0.9425 -0.0476 0.3309
vn -0.3572 -0.0454 0.9329
vn 0.8913 -0.3580 0.2783
vn -0.3514 0.0126 0.9361
vn 0.8234 -0.3005 -0.4814
vn 0.8040 0.0069 0.5946
vn 0.9754 -0.1533 0.1582
vn 0.7645 -0.5673 0.3061
vn 0.7314 -0.5685 0.3767
vn 0.6747 0.7362 0.0526
vn 0.9067 0.3571 -0.2245
vn 0.9349 0.3371 0.1114
vn 0.1910 0.6902 0.6979
vn 0.8652 0.4733 -0.1653
vn -0.0585 -0.0315 -0.9978
vn -0.0681 0.2581 -0.9637
vn -0.0091 0.0083 -0.9999
vn -0.0939 -0.0342 -0.9950
vn -0.1570 0.3534 -0.9222
vn 0.8477 -0.0231 -0.5300
vn 0.4537 0.1800 -0.8728
vn 0.4403 0.0812 -0.8942
vn 0.9920 -0.1221 -0.0323
vn 0.9807 -0.1888 -0.0500
vn 0.8562 0.0592 -0.5132
vn 0.8629 -0.0498 -0.5030
vn 0.7541 -0.3591 0.5499
vn 0.7550 -0.4255 0.4989
vn 0.8064 -0.3899 0.4447
vn 0.7921 -0.3322 0.5120
vn 0.5685 -0.2305 0.7898
vn 0.6563 -0.2733 0.7032
vn 0.1206 -0.0650 -0.9906
vn 0.5909 0.4807 -0.6479
vn 0.6133 0.4791 -0.6279
vn -0.5629 -0.5072 -0.6526
vn -0.0415 0.0145 -0.9990
vn 0.0726 -0.1357 -0.9881
vn -0.3045 -0.2858 0.9086
vn -0.0028 0.1188 -0.9929
vn 0.0241 -0.1438 -0.9893
vn 0.5980 0.5544 -0.5789
vn -0.5628 -0.1019 -0.8203
vn 0.7125 -0.7008 0.0340
vn 0.6584 -0.7523 -0.0233
vn 0.8128 -0.5462 0.2026
vn 0.7985 -0.3232 0.5079
vn 0.6634 -0.5767 0.4768
vn 0.4174 -0.9066 -0.0616
vn 0.1426 -0.9871 -0.0734
vn 0.1065 0.0643 -0.9922
vn 0.9839 0.1762 -0.0301
vn 0.2618 0.0347 -0.9645
vn -0.9602 -0.0042 -0.2794
vn -0.6759 -0.4126 -0.6107
vn 0.6319 -0.1524 -0.7599
vn -0.4469 -0.6435 0.6215
vn -0.4028 -0.7066 0.5818
vn -0.4662 -0.7762 0.4244
vn -0.0099 -0.4010 0.9160
vn -0.6506 -0.2199 0.7268
vn -0.0016 -0.0827 0.9966
vn 0.4855 -0.4532 0.7475
vn 0.5706 -0.4533 0.6848
vn -0.5702 0.4074 0.7133
vn -0.5181 0.4391 0.7340
vn 0.0023 0.0399 0.9992
vn -0.0128 -0.1004 0.9949
vn 0.5883 -0.4830 0.6486
vn 0.8045 0.4058 -0.4338
vn 0.5754 0.5587 -0.5974
vn 0.8861 0.4487 -0.1157
vn -0.3378 -0.0930 0.9366
vn 0.1426 0.0110 0.9897
vn -0.4282 -0.1402 0.8928
vn 0.1221 -0.0687 0.9901
vn -0.8152 -0.1889 0.5476
vn -0.8595 -0.1598 -0.4855
vn -0.8537 -0.1722 -0.4915
vn -0.9908 -0.1346 0.0115
vn -0.9746 -0.1708 -0.1449
vn -0.8304 -0.1383 -0.5398
vn -0.6936 0.4051 -0.5957
vn -0.1852 0.1041 -0.9772
vn -0.8983 0.2142 -0.3836
vn -0.9288 0.2750 -0.2485
vn 0.0978 -0.0964 -0.9905
vn -0.5419 0.4074 -0.7351
vn -0.8370 0.5371 -0.1047
vn -0.0311 0.2802 0.9594
vn 0.2541 0.1970 0.9469
vn 0.3352 0.2299 0.9137
vn -0.3769 0.2528 0.8911
vn -0.2793 0.2253 0.9334
vn 0.0136 0.1877 0.9821
vn 0.9858 -0.0388 0.1633
vn 0.9476 -0.0930 -0.3056
vn 0.9626 -0.1146 0.2454
vn -0.3468 -0.7699 0.5357
vn -0.3230 -0.7924 0.5175
vn -0.5687 -0.7868 0.2399
vn -0.8661 -0.1761 0.4679
vn -0.0313 -0.2077 0.9777
vn 0.6048 -0.3135 0.7320
vn 0.9406 -0.2589 0.2195
vn 0.2945 -0.0303 -0.9552
vn 0.2562 0.1011 -0.9613
vn 0.0257 -0.3439 -0.9387
vn 0.0883 -0.0924 -0.9918
vn 0.4682 0.2401 -0.8504
vn 0.6780 0.3612 -0.6402
vn 0.6819 0.1870 0.7072
vn 0.6527 0.1801 0.7359
vn 0.3353 0.0975 0.9371
vn 0.2349 0.1002 0.9668
vn 0.9537 0.2772 0.1164
vn 0.7845 0.2458 0.5693
vn -0.7337 -0.4789 0.4821
vn -0.7623 -0.3074 0.5696
vn -0.7625 -0.4506 0.4643
vn -0.1309 -0.3946 0.9095
vn -0.1485 -0.2834 0.9474
vn -0.6084 -0.2719 0.7456
vn -0.1335 -0.4807 0.8667
vn -0.5539 -0.4159 0.7213
vn 0.9913 -0.1245 -0.0429
vn 0.9437 -0.1930 0.2686
vn 0.9591 0.1657 -0.2294
vn 0.9415 -0.2276 -0.2484
vn 0.8428 -0.4749 -0.2534
vn 0.9924 0.0724 0.0995
vn 0.7855 0.1727 0.5943
vn 0.9685 0.1999 0.1486
vn 0.9717 -0.0804 0.2221
vn 0.9785 0.2003 -0.0484
vn 0.9209 0.2235 -0.3195
vn 0.4422 0.0064 0.8969
vn -0.6222 0.6516 0.4339
vn 0.0305 0.2168 0.9757
vn 0.3164 0.9233 0.2178
vn -0.4785 -0.4424 0.7585
vn -0.7725 0.6335 0.0439
vn -0.9557 0.2311 0.1822
vn -0.8403 -0.3372 0.4244
vn -0.9500 0.2385 0.2016
vn 0.4358 0.0205 0.8998
vn 0.5290 0.0920 0.8436
vn -0.0716 0.9057 0.4178
vn -0.9940 0.0715 -0.0824
vn -0.7144 0.0595 -0.6972
vn -0.6094 0.0873 -0.7880
vn -0.9056 0.1587 0.3933
vn -0.9639 -0.0790 0.2542
vn -0.9956 0.0891 -0.0273
vn -0.8939 0.2438 0.3762
vn -0.9942 -0.0579 0.0903
vn -0.9241 -0.0176 -0.3818
vn -0.9186 0.0495 -0.3921
vn -0.9721 0.1546 -0.1764
vn -0.9346 0.3453 0.0857
vn 0.0755 -0.1303 0.9886
vn -0.1987 -0.9077 0.3696
vn 0.0428 -0.7898 0.6118
vn 0.2156 -0.4386 0.8724
vn 0.4038 0.0883 0.9106
vn 0.0379 -0.0007 0.9993
vn 0.2193 -0.0278 -0.9753
vn 0.4954 -0.5131 -0.7010
vn -0.8477 0.0362 -0.5293
vn 0.9005 -0.4340 -0.0262
vn -0.9250 0.2252 -0.3059
vn 0.1378 -0.5644 0.8139
vn 0.2005 -0.1786 0.9633
vn 0.1030 -0.3605 0.9270
vn -0.3077 -0.5565 0.7718
vn -0.3953 -0.7851 0.4768
vn -0.3116 -0.1033 0.9446
vn -0.0098 -0.0611 0.9981
vn 0.0012 -0.0513 0.9987
vn -0.3190 -0.0611 0.9458
vn -0.1430 -0.3610 0.9215
vn -0.5685 -0.0384 0.8218
vn 0.9680 -0.0839 0.2364
vn 0.7571 -0.3789 0.5321
vn -0.6461 -0.3435 0.6816
vn 0.0560 -0.3190 0.9461
vn 0.1010 -0.4686 0.8776
vn 0.9743 0.1851 -0.1286
vn 0.6988 0.5629 0.4414
vn 0.6864 0.4704 0.5546
vn 0.8906 0.4327 -0.1399
vn 0.7888 -0.6033 0.1179
vn 0.6586 -0.1389 0.7395
vn 0.7197 -0.1990 -0.6652
vn 0.6448 -0.6474 -0.4064
vn 0.6312 -0.6978 -0.3386
vn 0.7242 -0.5914 0.3546
vn 0.6993 0.6859 0.2012
vn 0.7356 -0.4257 0.5270
vn -0.0154 -0.8110 0.5849
vn 0.5938 -0.3941 0.7015
vn 0.9319 0.1802 0.3147
vn 0.3816 -0.8946 0.2325
vn 0.5727 0.7959 0.1964
vn 0.8906 0.3299 0.3129
vn 0.2548 0.8923 0.3726
vn 0.6550 0.3714 0.6581
vn -0.7088 -0.0593 0.7030
vn -0.4224 -0.0784 -0.9030
vn 0.0191 -0.2971 -0.9547
vn 0.3819 -0.2754 -0.8822
vn -0.7789 0.0297 -0.6265
vn -0.7677 0.0779 -0.6360
vn -0.5455 0.0005 -0.8381
vn -0.2799 -0.0983 -0.9550
vn -0.7155 0.0090 0.6986
vn -0.6369 0.0705 0.7677
vn -0.6897 0.4134 0.5945
vn -0.7703 0.0495 0.6358
vn -0.6557 0.5645 0.5014
vn -0.8103 0.5750 0.1133
vn -0.3346 0.3123 0.8891
vn -0.3764 0.3939 0.8386
vn 0.0341 0.8203 -0.5710
vn 0.0366 0.6309 -0.7750
vn -0.1613 0.8380 -0.5212
vn 0.2186 0.8296 -0.5138
vn 0.3107 0.5643 -0.7648
vn 0.0022 0.9605 -0.2781
vn 0.6620 -0.0164 0.7493
vn 0.6462 0.0807 0.7589
vn 0.1644 0.1230 0.9787
vn -0.9157 -0.3636 0.1714
vn -0.8943 -0.3210 0.3117
vn -0.9535 -0.2281 0.1969
vn -0.9061 -0.4229 -0.0116
vn -0.8216 -0.5618 -0.0969
vn -0.3114 -0.0667 -0.9479
vn 0.4687 -0.1214 -0.8750
vn -0.2474 -0.0589 -0.9671
vn 0.9859 -0.0947 0.1381
vn -0.9031 0.4122 -0.1204
vn 0.9621 -0.0973 0.2548
vn 0.9923 0.0712 -0.1009
vn 0.9788 0.1677 -0.1172
vn -0.4640 -0.4742 0.7482
vn -0.7409 -0.6683 -0.0667
vn -0.4898 -0.7086 0.5079
vn -0.9874 0.0892 -0.1309
vn -0.9753 0.1892 -0.1139
vn -0.0422 0.0528 0.9977
vn 0.5298 -0.7808 0.3311
vn 0.3596 0.1622 -0.9189
vn 0.8311 0.3673 -0.4177
vn 0.7294 0.1567 -0.6659
vn -0.1854 -0.0518 -0.9813
vn 0.5467 0.3766 0.7478
vn 0.3497 0.2326 0.9075
vn 0.2780 -0.0166 0.9604
vn 0.6002 -0.1544 0.7848
vn 0.6364 0.5943 0.4917
vn 0.4414 0.7077 0.5517
vn 0.2481 0.6675 0.7021
vn -0.3366 0.1445 0.9305
vn -0.3957 0.1673 0.9030
vn -0.6732 0.1898 0.7147
vn -0.1944 0.1316 0.9720
vn -0.1658 0.1020 0.9809
vn 0.9233 -0.0524 0.3804
vn 0.9601 -0.1176 0.2536
vn 0.9568 -0.1907 0.2193
vn -0.9381 0.3042 0.1657
vn -0.9132 0.3589 0.1930
vn -0.8511 0.3554 0.3864
vn -0.8687 0.4205 0.2616
vn -0.8393 0.5301 0.1208
vn -0.8405 0.5399 0.0461
vn -0.6567 0.3753 0.6541
vn -0.6517 0.3595 0.6678
vn -0.8612 0.5040 -0.0658
vn -0.9440 0.3282 0.0349
vn -0.1865 -0.9782 0.0916
vn -0.9009 0.3469 0.2607
vn 0.5382 -0.0611 0.8406
vn 0.8471 0.0314 0.5306
vn 0.6742 -0.0491 0.7369
vn 0.6154 -0.3177 0.7213
vn 0.8080 -0.5738 -0.1337
vn 0.3961 -0.1148 0.9110
vn 0.9310 -0.3648 -0.0147
vn -0.7298 -0.0721 0.6798
vn -0.9894 0.1414 0.0335
vn -0.9831 0.1763 0.0485
vn -0.1102 -0.3915 0.9135
vn -0.8229 -0.1824 0.5382
vn 0.0221 -0.1829 0.9829
vn -0.6941 0.0946 0.7137
vn -0.0762 0.0126 0.9970
vn -0.7856 0.2109 -0.5816
vn -0.9850 -0.0526 -0.1643
vn -0.4692 0.3487 -0.8113
vn -0.7818 0.3107 -0.5406
vn -0.4824 0.1737 -0.8586
vn -0.9548 0.2247 -0.1948
vn 0.3433 -0.4742 0.8107
vn 0.7029 0.2994 0.6452
vn 0.2243 0.3102 -0.9238
vn 0.2826 0.3547 -0.8913
vn -0.4537 0.1936 -0.8699
vn -0.6323 -0.2980 0.7151
vn -0.7063 -0.2856 0.6478
vn -0.6776 -0.2430 0.6941
vn -0.6047 -0.4180 0.6779
vn -0.4353 -0.1440 0.8887
vn 0.8466 -0.1630 0.5067
vn 0.7441 0.1474 0.6516
vn 0.9746 0.1883 -0.1216
vn 0.9480 -0.2561 -0.1888
vn 0.5911 -0.7822 0.1969
vn -0.4045 -0.2705 0.8736
vn 0.1311 -0.3328 0.9338
vn -0.6440 -0.3306 0.6899
vn -0.6561 -0.0423 0.7535
vn 0.9096 -0.0665 -0.4102
vn 0.9681 -0.1596 0.1932
vn 0.0373 0.5465 0.8366
vn 0.9833 0.1695 0.0662
vn 0.0106 0.5452 0.8382
vn -0.9670 -0.1071 -0.2313
vn -0.7077 -0.1149 -0.6971
vn -0.9806 -0.0840 0.1770
vn -0.9846 0.0284 -0.1725
vn -0.9971 -0.0088 0.0750
vn 0.6412 0.1479 0.7530
vn 0.9837 0.1795 -0.0049
vn -0.0051 -0.4427 0.8967
vn 0.2979 -0.0949 0.9499
vn -0.9792 0.1606 0.1241
vn -0.8987 0.4122 0.1500
vn -0.9751 0.1933 -0.1085
vn -0.9938 -0.0951 0.0583
vn 0.8552 0.0148 -0.5181
vn -0.3486 -0.2028 -0.9151
vn -0.6447 -0.4312 -0.6312
vn 0.9715 0.0310 0.2352
vn -0.4021 -0.9156 0.0020
vn -0.2024 0.9594 -0.1964
vn 0.0941 0.8552 0.5096
vn 0.0000 0.8610 0.5086
vn -0.3925 0.8915 0.2263
vn -0.4475 0.8761 -0.1795
vn 0.7332 0.6797 0.0226
vn 0.5258 0.4483 0.7229
vn 0.4811 0.5207 0.7053
vn 0.5778 0.4364 -0.6897
vn 0.7666 0.6411 -0.0353
vn 0.7545 0.6562 0.0125
vn -0.5827 -0.5249 0.6205
vn -0.1694 -0.0209 0.9853
vn -0.1601 -0.0874 0.9832
vn -0.2624 0.1026 0.9595
vn -0.3408 0.0687 0.9376
vn 0.9837 0.0663 -0.1670
vn 0.9742 -0.1603 -0.1588
vn 0.0424 0.4320 -0.9009
vn 0.9456 0.1199 0.3025
vn 0.6169 -0.4264 0.6615
vn 0.4184 0.8289 -0.3714
vn -0.3626 0.3501 0.8637
vn 0.2436 0.3978 0.8845
vn 0.1008 0.5008 0.8597
vn -0.4712 0.4459 0.7610
vn -0.4228 0.8168 0.3926
vn -0.8009 0.3846 0.4589
vn -0.6931 0.2232 -0.6854
vn -0.9251 0.0008 -0.3798
vn -0.5901 0.5288 -0.6101
vn 0.7541 0.1598 0.6370
vn 0.9730 -0.1169 0.1989
vn 0.5681 0.2791 0.7742
vn -0.2371 0.3321 0.9130
vn 0.9878 -0.1111 0.1094
vn 0.8866 0.1034 -0.4508
vn 0.9914 -0.0843 0.1001
vn 0.9853 -0.0636 -0.1584
vn 0.9190 0.0060 -0.3941
vn 0.9876 0.0848 -0.1323
vn 0.6445 -0.4399 -0.6254
vn 0.9583 -0.2856 0.0088
vn -0.6957 0.0493 -0.7166
vn -0.3803 0.0056 -0.9248
vn 0.0313 0.2465 -0.9686
vn 0.9552 0.0380 0.2936
vn 0.9809 0.0386 0.1909
vn 0.9975 0.0431 -0.0561
vn 0.5866 0.1016 -0.8035
vn 0.3085 0.6015 0.7369
vn 0.2263 0.7104 0.6664
vn 0.0764 0.7390 0.6694
vn 0.0802 0.6410 0.7634
vn 0.3156 0.6317 0.7081
vn 0.6096 0.4854 0.6267
vn 0.5491 0.4551 0.7010
vn 0.1787 0.1836 -0.9666
vn 0.0081 0.2087 -0.9780
vn 0.0022 0.2394 -0.9709
vn 0.2141 0.2279 -0.9498
vn -0.9457 -0.1336 0.2963
vn -0.9360 -0.0800 0.3428
vn -0.9648 -0.1822 0.1896
vn -0.9471 -0.2064 0.2457
vn -0.9234 -0.1295 0.3613
vn -0.8552 -0.0402 0.5168
vn -0.8483 -0.5191 -0.1048
vn 0.7225 0.3124 0.6168
vn 0.4454 0.4584 0.7690
vn 0.8228 0.2796 0.4949
vn 0.8480 0.2451 0.4699
vn 0.7786 -0.2275 0.5848
vn 0.4064 0.1241 -0.9052
vn 0.4028 0.1323 -0.9057
vn -0.1199 0.2549 -0.9595
vn 0.8703 0.1423 -0.4716
vn 0.8553 0.0890 -0.5105
vn 0.9824 -0.1511 -0.1096
vn 0.0484 0.7097 0.7028
vn 0.7414 0.0207 0.6707
vn -0.0933 0.5834 0.8068
vn 0.9427 -0.2405 0.2312
vn 0.7985 -0.2724 0.5368
vn 0.8447 0.5315 0.0624
vn 0.7774 0.4759 -0.4113
vn 0.6884 0.5610 0.4598
vn 0.7670 0.3924 0.5077
vn 0.6058 0.7954 0.0181
vn 0.4109 -0.9031 -0.1245
vn -0.7798 -0.5511 -0.2970
vn -0.4881 -0.8559 0.1709
vn 0.7624 -0.6337 0.1307
vn 0.7195 -0.6530 -0.2366
vn -0.7175 0.3482 -0.6033
vn -0.7530 0.2753 -0.5977
vn -0.9845 0.1659 0.0565
vn -0.9606 -0.1570 0.2295
vn -0.9672 -0.2503 0.0427
vn 0.5771 -0.7991 -0.1684
vn 0.7896 -0.3042 0.5329
vn 0.6072 -0.5911 0.5310
vn 0.2111 -0.8260 -0.5227
vn 0.1780 -0.8967 0.4053
vn 0.0667 -0.9929 -0.0985
vn -0.9371 -0.3490 -0.0091
vn -0.4357 -0.2008 0.8774
vn -0.6120 -0.6483 -0.4530
vn -0.7248 -0.1567 -0.6709
vn -0.9689 -0.2045 0.1392
vn -0.8347 -0.4909 0.2496
vn -0.9361 -0.1638 0.3113
vn -0.9717 0.0382 0.2333
vn -0.5863 0.4845 -0.6492
vn -0.5957 0.4601 -0.6584
vn -0.7484 0.6613 -0.0512
vn -0.7876 0.6152 0.0335
vn -0.1058 0.0533 -0.9930
vn -0.0025 0.0235 -0.9997
vn -0.6614 0.4264 -0.6170
vn 0.7624 0.0005 0.6471
vn 0.8948 -0.0743 0.4403
vn 0.7561 0.0802 0.6495
vn -0.9736 -0.2162 -0.0738
vn -0.8630 -0.2015 -0.4633
vn -0.8719 -0.2049 -0.4447
vn -0.9802 -0.1976 -0.0077
vn -0.4713 -0.1465 0.8697
vn -0.6905 -0.2887 0.6633
vn -0.1357 0.0621 0.9888
vn 0.6676 0.7172 -0.1999
vn 0.4760 -0.8789 -0.0298
vn -0.1430 -0.9864 0.0816
vn -0.5498 -0.7648 -0.3359
vn -0.6189 -0.7736 -0.1357
vn -0.5991 -0.7893 -0.1344
vn -0.6695 -0.6403 -0.3765
vn -0.1470 -0.2566 0.9553
vn -0.2556 -0.7282 0.6358
vn 0.9794 0.1632 0.1189
vn 0.9902 -0.1136 0.0818
vn -0.8772 -0.1789 -0.4455
vn 0.3447 0.4723 0.8112
vn 0.3316 0.2382 0.9128
vn 0.9241 0.1345 0.3577
vn -0.4088 -0.1455 0.9009
vn 0.6363 0.2147 0.7410
vn 0.8424 0.2864 -0.4565
vn 0.8752 0.2062 -0.4375
vn 0.6851 -0.0884 0.7230
vn 0.9758 0.2185 -0.0119
vn 0.6300 0.0673 0.7737
vn 0.9299 0.2228 0.2927
vn 0.8461 0.4389 0.3025
vn 0.1609 -0.9802 0.1155
vn 0.9276 0.3729 -0.0228
vn 0.6436 0.5833 -0.4954
vn 0.5936 0.4320 -0.6790
vn 0.5220 0.7722 0.3623
vn 0.7779 0.3895 -0.4930
vn 0.4052 0.2842 -0.8690
vn 0.6865 -0.3947 0.6107
vn 0.6799 -0.4192 0.6017
vn 0.7574 -0.5116 0.4058
vn 0.7999 0.1803 -0.5724
vn 0.9489 0.2354 -0.2101
vn 0.7814 0.3068 -0.5434
vn 0.6107 0.3454 -0.7125
vn 0.4955 0.1755 -0.8507
vn -0.6833 0.0612 0.7275
vn -0.8056 0.0703 0.5883
vn -0.8491 -0.0010 0.5282
vn -0.5649 -0.1058 0.8183
vn -0.7898 -0.0744 0.6089
vn -0.5855 0.1585 0.7950
vn 0.6671 -0.5458 -0.5070
vn -0.4745 0.7185 0.5084
vn 0.1649 0.6168 0.7697
vn 0.7369 -0.0461 0.6745
vn 0.6858 0.1389 0.7144
vn 0.2757 0.9000 -0.3375
vn -0.5697 0.7661 0.2974
vn -0.4712 0.3790 0.7965
vn 0.0950 -0.9932 -0.0669
vn 0.1307 -0.9909 0.0322
vn -0.1316 -0.9913 -0.0044
vn -0.1208 -0.9891 -0.0839
vn 0.8762 0.4622 0.1362
vn -0.0866 -0.9708 -0.2239
vn 0.6938 0.4486 -0.5634
vn 0.6475 0.4387 -0.6231
vn 0.1402 0.0871 -0.9863
vn 0.8364 0.5459 0.0486
vn 0.1620 0.1277 -0.9785
vn 0.8513 0.5205 0.0663
vn -0.3447 -0.0891 0.9345
vn 0.2588 -0.8837 -0.3900
vn 0.5290 -0.7879 0.3152
vn 0.3723 0.0858 0.9241
vn -0.4605 -0.0710 0.8848
vn -0.6956 -0.6836 -0.2209
vn -0.9607 -0.1258 -0.2474
vn -0.8312 -0.0896 -0.5486
vn -0.7541 0.0036 0.6567
vn -0.5450 -0.0432 0.8373
vn -0.8956 0.0681 0.4396
vn 0.6834 -0.7295 0.0278
vn 0.6439 0.5252 0.5563
vn 0.9198 0.3066 0.2448
vn -0.2091 0.9374 -0.2786
vn -0.1089 0.9896 0.0942
vn -0.3460 0.9351 -0.0767
vn 0.4163 -0.4682 0.7794
vn -0.6829 -0.7121 -0.1630
vn 0.7078 -0.7059 -0.0275
vn 0.5233 -0.4489 0.7243
vn 0.3559 0.2205 0.9081
vn -0.9705 -0.1472 -0.1910
vn -0.9386 -0.2578 -0.2293
vn -0.9599 -0.1002 0.2619
vn -0.8847 0.1486 0.4418
vn -0.3122 -0.3934 0.8648
vn -0.5714 0.4490 0.6870
vn -0.3393 0.0258 -0.9403
vn -0.9961 0.0554 0.0690
vn -0.0073 -0.3910 -0.9204
vn 0.3206 -0.5843 -0.7455
vn -0.3425 -0.0958 -0.9346
vn -0.0056 0.3545 -0.9350
vn -0.1864 0.5912 -0.7847
vn 0.8238 -0.1686 -0.5413
vn 0.9849 -0.1732 0.0087
vn 0.8457 -0.1838 -0.5010
vn 0.4178 -0.1425 -0.8973
vn 0.6190 -0.6161 -0.4871
vn 0.9540 -0.2947 0.0558
vn 0.8995 0.0837 0.4288
vn 0.5631 -0.1269 0.8166
vn 0.4927 -0.1123 0.8629
vn 0.8585 0.1470 0.4912
vn 0.8925 -0.2890 0.3463
vn 0.5890 0.2787 0.7586
vn 0.8242 0.2821 0.4911
vn 0.5907 0.4738 -0.6532
vn 0.1145 0.0556 -0.9919
vn 0.7907 0.6114 0.0308
vn -0.9325 0.1263 0.3384
vn -0.7871 0.2387 0.5687
vn -0.7716 0.5453 0.3275
vn -0.7738 -0.4647 0.4304
vn -0.5753 0.7928 0.2011
vn -0.5120 0.0414 -0.8580
vn 0.1062 0.1369 -0.9849
vn -0.5061 0.0973 -0.8570
vn -0.0130 -0.0430 -0.9990
vn 0.7045 -0.2518 0.6636
vn 0.6914 -0.2322 0.6841
vn 0.2454 -0.8068 0.5374
vn 0.2502 -0.0616 -0.9662
vn 0.3953 -0.2144 -0.8932
vn -0.8969 0.0798 -0.4349
vn -0.6947 -0.1723 -0.6983
vn 0.5162 0.0910 -0.8516
vn 0.9738 -0.2192 -0.0600
vn -0.5246 0.3608 0.7711
vn 0.0650 0.5639 0.8233
vn -0.5988 0.4483 0.6637
vn -0.8227 0.2915 0.4880
vn 0.5908 -0.3473 0.7282
vn 0.5091 -0.5559 -0.6571
vn 0.7541 -0.1981 -0.6261
vn -0.5199 0.2045 0.8294
vn 0.0385 0.0361 0.9986
vn 0.0758 -0.1086 0.9912
vn 0.0865 0.2332 0.9686
vn -0.4710 -0.1396 0.8710
vn -0.8254 -0.0556 0.5618
vn -0.9840 -0.1120 0.1386
vn -0.9927 0.0865 -0.0847
vn -0.9524 -0.1300 0.2757
vn -0.8748 -0.2921 0.3866
vn -0.7551 0.0207 0.6553
vn 0.0179 0.2920 0.9562
vn 0.0023 0.4013 0.9160
vn -0.3335 0.3393 0.8796
vn -0.5668 0.1451 0.8110
vn -0.6228 0.0241 0.7820
vn 0.3133 0.3070 0.8987
vn -0.1084 0.3275 -0.9386
vn -0.6921 0.4875 0.5324
vn -0.1292 0.8925 0.4321
vn -0.4780 0.1569 -0.8642
vn 0.1722 0.4173 -0.8923
vn 0.3662 -0.5762 -0.7307
vn -0.1986 -0.0062 -0.9801
vn 0.1697 -0.2204 -0.9605
vn 0.8574 0.0006 0.5147
vn 0.8778 -0.0466 0.4768
vn 0.9289 -0.2230 0.2955
vn -0.9165 -0.3295 0.2268
vn -0.8580 0.3575 -0.3687
vn -0.3429 -0.1184 -0.9319
vn 0.5890 0.1746 0.7890
vn 0.3361 0.2045 -0.9194
vn -0.3948 0.2670 -0.8791
vn 0.8450 0.2308 -0.4825
vn 0.4211 0.8865 0.1916
vn -0.5114 0.6301 0.5844
vn 0.6667 -0.1187 0.7358
vn 0.7826 -0.4100 0.4685
vn 0.3976 0.8023 0.4451
vn -0.0358 0.9964 0.0765
vn -0.1425 0.8789 0.4552
vn 0.3427 0.3896 0.8549
vn 0.7692 0.3989 0.4993
vn 0.4786 0.8258 0.2983
vn -0.0662 0.4902 0.8691
vn 0.6780 0.3195 0.6620
vn 0.6420 0.7098 0.2899
vn 0.5047 -0.1868 0.8428
vn 0.1544 0.7115 0.6855
vn 0.2216 0.8126 0.5391
vn 0.1778 -0.0162 0.9839
vn -0.9865 -0.0892 -0.1372
vn -0.9363 -0.2340 -0.2620
vn 0.0375 0.2779 -0.9599
vn 0.0707 -0.8999 0.4303
vn 0.5589 -0.5209 0.6452
vn -0.4396 -0.8944 0.0829
vn -0.0093 -0.9993 -0.0357
vn 0.3224 -0.9364 -0.1385
vn -0.0352 0.4509 0.8919
vn 0.5216 0.5666 0.6379
vn 0.2239 -0.9663 -0.1272
vn 0.7294 0.2909 0.6192
vn 0.2074 0.0772 0.9752
vn -0.9319 -0.3028 -0.1998
vn -0.6703 -0.3601 -0.6489
vn -0.9733 -0.2142 -0.0819
vn -0.2338 0.0040 -0.9723
vn -0.0312 -0.2216 -0.9746
vn -0.5722 -0.4701 -0.6720
vn -0.6821 0.1011 -0.7242
vn -0.9351 0.1753 0.3081
vn -0.9958 -0.0696 0.0588
vn -0.6169 0.4539 -0.6429
vn 0.4214 0.6044 0.6761
vn 0.3050 0.8390 0.4506
vn 0.2009 0.6636 0.7206
vn 0.4693 0.7404 0.4813
vn 0.3108 0.3800 0.8712
vn 0.5624 0.4069 0.7198
vn -0.0339 -0.0948 -0.9949
vn -0.9602 0.0266 -0.2782
vn 0.5144 -0.5487 -0.6590
vn -0.1064 -0.7649 0.6352
vn -0.0208 -0.7290 0.6842
vn 0.0000 -1.0000 0.0000
vn -0.0826 0.0712 0.9940
vn -0.6395 -0.4617 0.6147
vn -0.3442 0.7072 -0.6176
vn 0.4323 -0.5882 0.6835
vn -0.3531 0.0373 0.9348
vn -0.7532 0.6335 -0.1771
vn -0.4104 0.7761 -0.4788
vn 0.6947 -0.1944 0.6925
vn 0.1672 -0.1554 0.9736
vn 0.3940 0.1658 0.9040
vn -0.0023 0.1462 0.9892
vn 0.1974 0.1372 0.9707
vn -0.9668 -0.0631 -0.2477
vn -0.5071 0.0165 0.8617
vn -0.5411 0.0284 0.8405
vn 0.0497 -0.0213 -0.9985
vn 0.3715 0.2879 -0.8827
vn 0.8913 0.4529 0.0209
vn 0.7378 0.4008 0.5431
vn 0.9215 0.3068 0.2383
vn -0.5166 -0.2232 0.8266
vn -0.7409 -0.3759 0.5565
vn -0.6507 0.3528 0.6724
vn -0.3029 -0.4650 0.8319
vn -0.0625 0.7048 0.7067
vn 0.8661 -0.2130 -0.4521
vn 0.8555 -0.1931 -0.4805
vn 0.9745 -0.2167 -0.0587
vn 0.8753 -0.1845 -0.4469
vn 0.7599 -0.2230 0.6105
vn 0.7230 0.0319 0.6901
vn 0.4912 0.0316 0.8705
vn 0.6457 -0.2335 0.7270
vn 0.8294 -0.3811 0.4084
vn -0.0040 0.0348 0.9994
vn -0.6690 0.1102 0.7351
vn -0.3160 0.6484 0.6926
vn -0.2589 -0.7326 0.6295
vn -0.5099 -0.8545 -0.0991
vn -0.3194 -0.9405 -0.1158
vn 0.0120 -0.9766 0.2146
vn -0.0146 -0.5548 0.8318
vn 0.0335 -0.3709 0.9281
vn -0.0066 -0.2999 0.9540
vn -0.0381 -0.3512 0.9355
vn -0.0295 -0.6152 0.7878
vn 0.3255 -0.2492 -0.9121
vn 0.8429 -0.5378 0.0155
vn 0.5698 -0.4415 -0.6932
vn -0.7054 -0.2217 -0.6732
vn -0.0737 0.0304 -0.9968
vn 0.8293 -0.4016 -0.3886
vn -0.5501 0.1059 0.8283
vn -0.8930 0.0955 0.4397
vn 0.8153 -0.4735 -0.3332
vn 0.9385 -0.0217 0.3446
vn 0.6983 -0.5771 -0.4234
vn -0.9715 -0.1854 0.1479
vn -0.4935 0.2099 -0.8440
vn -0.3098 0.3405 -0.8877
vn -0.9432 0.3320 -0.0084
vn -0.1649 -0.2495 -0.9542
vn 0.0391 0.1119 0.9930
vn 0.0615 -0.1998 0.9779
vn -0.7751 -0.4215 0.4707
vn 0.1387 -0.9771 0.1612
vn 0.4473 0.3252 0.8331
vn 0.3340 -0.7624 0.5543
vn 0.9550 0.2279 0.1897
vn 0.7523 0.2270 0.6184
vn 0.6660 0.1846 0.7227
vn 0.0915 -0.0450 -0.9948
vn -0.9618 0.0077 0.2738
vn -0.6735 -0.0876 0.7340
vn -0.6782 -0.0090 0.7348
vn -0.9487 0.1087 0.2969
vn -0.9768 0.0868 -0.1960
vn 0.6116 0.5504 0.5683
vn 0.3929 0.3968 0.8295
vn 0.3115 0.2584 0.9145
vn 0.0696 0.8901 0.4505
vn -0.0293 0.9678 0.2502
vn -0.3321 0.8448 0.4195
vn -0.1003 0.7298 0.6762
vn -0.5495 0.2309 -0.8030
vn -0.2236 0.3023 -0.9266
vn -0.2122 0.2361 -0.9483
vn -0.5961 0.2787 -0.7530
vn -0.4886 0.1976 -0.8499
vn 0.1381 -0.6186 0.7735
vn 0.6345 -0.4693 0.6141
vn 0.0382 -0.3642 0.9305
vn -0.9202 -0.1270 -0.3704
vn -0.4712 -0.1111 -0.8750
vn -0.8828 -0.1952 -0.4272
vn -0.9647 -0.2039 0.1664
vn -0.8724 -0.0131 -0.4886
vn -0.8389 -0.5442 0.0106
vn -0.8205 0.0130 -0.5714
vn 0.1432 -0.1482 0.9785
vn 0.0887 -0.8238 0.5598
vn -0.5577 -0.5297 0.6391
vn -0.6905 -0.0697 0.7199
vn 0.4690 -0.0421 0.8822
vn -0.6365 -0.6846 -0.3553
vn -0.7951 0.3261 0.5113
vn -0.8058 0.2342 0.5439
vn -0.5823 0.3396 0.7386
vn -0.7769 0.2900 0.5588
vn -0.5555 0.4160 0.7200
vn -0.8550 0.1906 0.4823
vn -0.9867 -0.1211 0.1088
vn -0.9932 -0.0038 0.1166
vn 0.8563 0.1694 -0.4879
vn 0.6050 0.3002 -0.7375
vn 0.9811 -0.1040 -0.1630
vn 0.8692 -0.0306 -0.4935
vn 0.9728 0.1714 -0.1559
vn 0.5085 0.2721 0.8169
vn 0.7711 -0.0079 0.6367
vn 0.6314 -0.1412 0.7624
vn -0.0244 -0.1737 0.9845
vn -0.8243 -0.4966 -0.2718
vn -0.7730 -0.5902 -0.2328
vn -0.2778 -0.9515 -0.1323
vn -0.8480 -0.5121 -0.1365
vn -0.7755 -0.5080 -0.3749
vn -0.2761 -0.7552 -0.5945
vn -0.4475 -0.2092 0.8695
vn -0.9794 -0.1420 -0.1433
vn -0.5001 -0.3172 -0.8058
vn 0.9250 0.3010 -0.2317
vn 0.6886 -0.1679 0.7054
vn 0.9621 -0.1999 0.1855
vn 0.7623 -0.4016 0.5076
vn 0.8281 0.2151 0.5176
vn 0.8233 -0.5645 0.0595
vn -0.0199 0.3286 -0.9443
vn 0.2213 0.3544 -0.9085
vn -0.4364 -0.3415 0.8324
vn -0.7920 -0.0051 0.6105
vn -0.0768 -0.6135 0.7860
vn -0.2699 -0.0715 -0.9602
vn 0.9253 -0.1593 -0.3441
vn 0.7901 -0.0777 0.6080
vn 0.4789 0.3549 0.8029
vn 0.4422 0.0652 0.8945
vn 0.4588 -0.8174 0.3484
vn 0.8925 0.2183 0.3948
vn 0.9973 -0.0457 0.0582
vn 0.8245 0.0517 0.5635
vn 0.2256 0.3273 0.9176
vn 0.9958 0.0675 -0.0612
vn -0.0633 0.5952 0.8011
vn -0.0616 0.6245 0.7786
vn -0.2681 0.6318 0.7273
vn -0.0714 0.1446 0.9869
vn -0.0293 0.5320 0.8462
vn -0.3013 0.5408 0.7854
vn -0.0145 0.6350 0.7723
vn 0.9902 -0.1372 -0.0257
vn 0.9575 -0.1434 0.2503
vn 0.2722 0.3102 -0.9109
vn 0.5354 0.1197 0.8361
vn 0.7862 0.2951 0.5430
vn 0.3142 -0.0451 0.9483
vn -0.8360 -0.2615 0.4825
vn 0.1716 -0.2191 0.9605
vn -0.4638 0.6643 0.5862
vn -0.8165 0.1992 0.5418
vn -0.3585 0.4848 0.7978
vn -0.7635 0.4812 0.4306
vn 0.7322 -0.6557 0.1845
vn 0.7241 -0.6035 -0.3337
vn 0.7284 -0.5783 -0.3674
vn 0.8031 -0.5872 0.1011
vn 0.5166 -0.4886 0.7031
vn 0.7625 -0.6235 0.1727
vn 0.6802 0.5197 0.5170
vn 0.8531 0.2482 0.4589
vn 0.8182 0.4053 0.4078
vn 0.5775 0.5828 0.5718
vn 0.6787 0.5583 0.4771
vn 0.4738 0.7580 0.4481
vn -0.4248 -0.1567 -0.8916
vn -0.8482 -0.1891 -0.4947
vn -0.4141 -0.1367 -0.8999
vn 0.1978 -0.1397 -0.9702
vn -0.4435 -0.1732 -0.8794
vn -0.8313 -0.3644 0.4198
vn -0.9134 -0.3006 0.2745
vn 0.9724 0.0694 -0.2228
vn 0.9423 0.2373 -0.2360
vn 0.9301 -0.1298 0.3436
vn -0.4704 -0.5428 -0.6958
vn 0.4897 0.2061 -0.8471
vn -0.2724 -0.9340 -0.2312
vn -0.4360 -0.8183 0.3747
vn 0.0888 -0.1023 -0.9908
vn -0.3987 -0.5211 -0.7547
vn 0.6326 0.4237 -0.6483
vn 0.0890 -0.0888 -0.9921
vn -0.4601 -0.5314 -0.7113
vn -0.5930 0.1775 0.7854
vn -0.0094 0.1187 0.9929
vn 0.1649 0.1087 0.9803
vn -0.0135 0.0879 0.9960
vn 0.7350 -0.4320 0.5226
vn 0.9135 -0.3080 0.2658
vn 0.2540 0.6988 0.6687
vn 0.7416 -0.5189 0.4252
vn 0.0627 -0.1109 0.9919
vn 0.3437 -0.1292 0.9301
vn -0.0033 -0.1217 0.9926
vn -0.2686 0.8332 -0.4834
vn -0.6108 0.6951 -0.3792
vn -0.3353 -0.9109 -0.2405
vn -0.6414 -0.3125 -0.7007
vn 0.0809 -0.5138 0.8541
vn -0.9797 -0.1922 0.0572
vn -0.7445 -0.1076 0.6589
vn 0.8167 0.1316 -0.5618
vn 0.7905 -0.0451 -0.6108
vn 0.9695 -0.2437 -0.0254
vn 0.9486 0.0335 -0.3147
vn -0.1923 -0.9813 -0.0078
vn -0.5599 -0.7994 0.2181
vn -0.6081 -0.7937 -0.0169
vn -0.0647 -0.9965 -0.0539
vn -0.3729 0.1580 -0.9143
vn 0.5874 -0.4753 -0.6549
vn -0.3595 0.1157 -0.9259
vn 0.0710 -0.2020 -0.9768
vn 0.9244 -0.1835 0.3343
vn 0.9939 0.0254 0.1077
vn 0.9565 -0.2193 0.1922
vn 0.2209 -0.3992 0.8899
vn 0.6773 0.0743 0.7320
vn 0.9103 0.0948 0.4031
vn -0.3567 -0.5775 -0.7344
vn 0.0083 -0.7790 -0.6270
vn -0.3773 -0.2704 -0.8857
vn -0.6183 -0.6108 -0.4946
vn 0.1270 -0.2177 -0.9677
vn -0.8927 -0.2641 0.3651
vn -0.7127 -0.2730 0.6462
vn -0.8836 0.3344 -0.3278
vn -0.9095 0.2304 -0.3460
vn -0.7925 0.5455 -0.2728
vn -0.9241 0.2724 -0.2679
vn -0.9374 0.2299 -0.2614
vn -0.9375 0.1858 -0.2943
vn 0.0014 0.4781 -0.8783
vn 0.0644 0.2651 -0.9621
vn -0.9585 -0.2796 -0.0551
vn -0.8523 -0.2014 -0.4828
vn -0.1082 -0.3768 -0.9199
vn 0.0971 -0.9050 -0.4141
vn -0.1208 0.3499 -0.9290
vn 0.5608 -0.3816 0.7348
vn 0.0127 -0.8136 0.5813
vn -0.8481 0.0582 -0.5267
vn -0.9076 -0.3460 0.2378
vn -0.9791 -0.1939 -0.0607
vn -0.5671 -0.0612 0.8214
vn -0.5166 -0.2999 0.8020
vn -0.6614 -0.3839 0.6444
vn 0.1338 -0.4747 0.8699
vn 0.6377 -0.6280 -0.4461
vn 0.6685 -0.7243 -0.1688
vn 0.3251 -0.6267 0.7082
vn 0.3437 -0.4435 0.8278
vn 0.1179 -0.9071 0.4041
vn 0.9719 -0.2353 0.0086
vn 0.8972 -0.1140 -0.4268
vn 0.6477 0.1977 -0.7357
vn -0.1865 -0.9812 -0.0501
vn 0.0281 -0.1682 0.9853
vn 0.5031 -0.1749 0.8463
vn 0.3626 -0.7321 -0.5767
vn 0.8312 -0.5001 -0.2430
vn 0.1358 -0.5949 -0.7922
vn 0.6117 -0.6378 -0.4679
vn -0.7638 -0.6377 0.0992
vn -0.8660 0.1611 -0.4734
vn -0.8647 -0.0145 -0.5021
vn -0.9726 -0.0393 -0.2293
vn -0.6970 0.0637 -0.7142
vn -0.3676 0.2307 0.9009
vn -0.2883 0.3900 0.8745
vn 0.0889 0.8163 0.5708
vn -0.4758 0.3784 -0.7940
vn -0.7800 0.1827 0.5985
vn -0.1754 0.4640 -0.8683
vn 0.9863 0.0540 -0.1557
vn 0.8651 0.0910 0.4932
vn 0.9928 0.0142 0.1187
vn 0.9719 -0.1151 0.2055
vn 0.5926 -0.2451 0.7673
vn 0.9454 0.1676 0.2795
vn 0.9253 0.1232 0.3586
vn 0.9745 -0.1027 0.1996
vn -0.8377 -0.0185 0.5459
vn -0.3824 -0.0947 -0.9191
vn -0.7101 -0.6104 0.3511
vn -0.4881 -0.3236 0.8106
vn -0.3473 0.0413 -0.9368
vn -0.8543 -0.0361 -0.5185
vn -0.2998 0.9530 -0.0446
vn 0.3377 0.7675 0.5449
vn -0.1647 0.9702 -0.1776
vn -0.6975 -0.6475 0.3069
vn -0.8028 -0.0222 0.5958
vn 0.6201 -0.0694 0.7815
vn -0.9875 -0.1573 0.0082
vn -0.1420 -0.7208 0.6784
vn -0.0614 -0.8313 0.5525
vn 0.1269 -0.3975 -0.9088
vn -0.4941 -0.1566 -0.8552
vn 0.7123 -0.6925 -0.1144
vn 0.6572 -0.5336 -0.5323
vn 0.4432 -0.6307 -0.6371
vn -0.1591 -0.9623 0.2205
vn -0.7771 0.3608 0.5157
vn -0.8688 0.4182 0.2650
vn -0.1547 -0.9872 0.0376
vn -0.6287 0.3789 0.6791
vn -0.0525 -0.0695 0.9962
vn -0.3574 -0.3091 -0.8813
vn -0.7153 -0.3862 0.5824
vn -0.5372 -0.0871 -0.8389
vn 0.9226 -0.1352 -0.3613
vn 0.5146 -0.2375 0.8239
vn 0.5908 -0.3939 0.7041
vn 0.5509 -0.1729 0.8164
vn 0.5640 0.2970 -0.7705
vn 0.1813 0.2960 -0.9378
vn 0.5547 0.3266 -0.7653
vn -0.9346 -0.0818 0.3463
vn -0.8951 -0.0688 0.4405
vn -0.9565 -0.1064 0.2715
vn -0.8942 -0.0538 0.4444
vn -0.5557 0.0451 -0.8302
vn -0.8491 0.0945 -0.5198
vn -0.8969 0.0394 -0.4405
vn 0.6200 -0.7766 0.1119
vn 0.6426 -0.7574 0.1159
vn 0.9592 -0.2824 -0.0140
vn 0.5576 -0.2671 0.7860
vn 0.5553 -0.2210 0.8018
vn 0.5374 -0.3900 0.7477
vn 0.7083 -0.6922 -0.1384
vn 0.7672 -0.6407 0.0303
vn 0.5693 -0.4853 0.6636
vn 0.3354 0.3836 -0.8604
vn -0.3333 -0.3928 -0.8571
vn -0.9676 -0.2205 -0.1231
vn -0.2183 -0.1954 0.9561
vn -0.5301 -0.3070 0.7904
vn -0.8315 -0.5485 0.0880
vn -0.6399 -0.5851 0.4982
vn 0.8989 0.3374 0.2796
vn 0.6684 0.1850 -0.7204
vn 0.1894 0.4054 0.8943
vn -0.4979 0.8255 0.2659
vn -0.5161 0.7310 0.4464
vn -0.2476 0.9290 0.2750
vn -0.6901 0.5949 0.4122
vn -0.7430 0.6443 0.1812
vn -0.6373 0.7706 -0.0085
vn -0.0088 0.1726 -0.9850
vn -0.1215 0.3869 -0.9141
vn -0.2425 0.4085 -0.8800
vn 0.8581 -0.0767 0.5077
vn -0.7030 0.6222 -0.3445
vn 0.1474 -0.8382 0.5250
vn -0.0267 0.5387 0.8421
vn 0.0000 -0.7071 0.7071
vn 0.3592 -0.4699 0.8063
vn 0.4321 0.1183 0.8940
vn -0.3004 -0.8651 0.4017
vn 0.9779 0.0708 0.1968
vn 0.9584 -0.0426 0.2823
vn -0.1114 -0.9534 0.2804
vn -0.3247 -0.6155 0.7181
vn -0.2383 -0.7228 0.6486
vn -0.2810 -0.4543 0.8454
vn 0.2084 -0.8833 -0.4200
vn 0.1144 -0.8236 -0.5555
vn 0.1341 -0.9238 -0.3586
vn 0.6972 0.3196 0.6417
vn 0.3763 0.4865 0.7885
vn -0.9504 -0.3059 0.0564
vn -0.8656 0.1699 -0.4711
vn 0.0206 0.6344 0.7728
vn -0.0588 0.6179 0.7841
vn 0.0656 0.6541 0.7536
vn 0.0308 0.6990 0.7144
vn 0.3067 -0.9500 -0.0583
vn -0.3222 -0.2825 -0.9035
vn 0.0331 -0.3601 -0.9323
vn -0.2412 0.1282 0.9620
vn -0.3077 0.0687 0.9490
vn -0.4637 0.1942 0.8644
vn -0.2112 0.1517 0.9656
vn -0.4173 0.1913 0.8884
vn 0.3590 0.9190 0.1628
vn 0.4073 0.9108 0.0678
vn 0.6551 -0.4776 0.5854
vn -0.1375 0.3542 -0.9250
vn -0.2192 0.8412 -0.4942
vn 0.8716 -0.4487 -0.1974
vn 0.5553 -0.4406 -0.7053
vn 0.8378 -0.4501 -0.3091
vn 0.7955 -0.3152 -0.5176
vn 0.9243 -0.3673 -0.1033
vn 0.6751 0.6190 -0.4013
vn -0.7234 -0.5752 -0.3817
vn -0.4118 -0.3100 -0.8569
vn -0.4287 -0.3868 -0.8165
vn -0.7084 -0.5942 -0.3809
vn -0.7054 0.0703 0.7054
vn -0.4136 -0.2283 0.8814
vn -0.5023 0.1750 0.8468
vn -0.6844 0.4336 -0.5862
vn -0.8513 0.4714 0.2303
vn 0.1278 0.9133 0.3866
vn 0.3607 0.7376 0.5708
vn -0.0597 0.9760 0.2095
vn -0.3079 0.8520 0.4234
vn -0.0146 0.8087 0.5881
vn 0.9618 -0.0078 0.2735
vn 0.9608 -0.0763 0.2664
vn -0.7357 -0.6594 0.1547
vn -0.7454 -0.6551 0.1237
vn 0.9940 -0.0439 0.1006
vn -0.2603 -0.2976 -0.9185
vn -0.9705 -0.1950 -0.1420
vn -0.7469 -0.1961 0.6354
vn -0.9362 -0.0246 0.3505
vn -0.6700 -0.1438 0.7283
vn -0.9452 -0.0861 0.3151
vn -0.9959 0.0273 0.0867
vn 0.7523 0.3142 -0.5791
vn 0.8200 0.0964 -0.5641
vn 0.9782 0.1890 -0.0861
vn 0.8449 0.2920 -0.4481
vn -0.3865 -0.0896 -0.9179
vn -0.4102 0.6113 -0.6768
vn -0.9908 0.0578 -0.1221
vn 0.8809 -0.4239 -0.2106
vn -0.6353 0.1107 -0.7643
vn -0.9983 0.0024 -0.0583
vn -0.5677 0.5014 0.6529
vn -0.3440 0.2176 -0.9134
vn -0.0167 0.5294 0.8482
vn -0.2522 -0.8348 -0.4894
vn -0.3399 -0.2927 0.8938
vn -0.0750 -0.5476 0.8334
vn -0.9462 0.2494 -0.2061
vn -0.9612 0.2542 0.1077
vn -0.9539 0.2093 -0.2150
vn -0.9572 0.2092 0.2002
vn 0.7359 -0.6513 0.1851
vn 0.2823 -0.5398 0.7930
vn 0.4633 -0.4270 0.7765
vn 0.7013 -0.5470 -0.4571
vn -0.1845 0.0687 0.9804
vn 0.7723 0.6169 0.1516
vn 0.5201 0.8327 0.1899
vn 0.7351 0.5491 0.3976
vn 0.9039 0.3978 0.1575
vn -0.9797 -0.1893 0.0656
vn -0.5745 -0.0163 0.8183
vn -0.6220 0.7397 -0.2568
vn 0.7185 -0.6810 0.1414
vn 0.4675 0.6501 0.5990
vn 0.5698 0.2876 -0.7698
vn 0.5092 0.4159 -0.7535
vn 0.7830 0.3117 -0.5383
vn 0.7766 0.1882 -0.6012
vn 0.5071 0.0592 -0.8599
vn -0.7410 -0.1307 0.6587
vn -0.6915 -0.2806 0.6657
vn -0.8610 -0.1404 0.4889
vn 0.2798 -0.6345 0.7205
vn 0.1759 -0.2999 0.9376
vn 0.2459 -0.0564 -0.9676
vn 0.2022 -0.0999 -0.9742
vn 0.9537 -0.2723 -0.1281
vn 0.9161 -0.3210 0.2404
vn 0.8788 -0.2325 -0.4167
vn 0.9875 -0.1556 0.0242
vn 0.5845 -0.1541 0.7966
vn -0.5791 -0.4493 0.6803
vn -0.2480 0.7201 0.6480
vn 0.8262 0.3717 0.4234
vn 0.6761 0.6584 0.3307
vn 0.3785 0.4100 -0.8298
vn 0.8578 0.0664 -0.5096
vn 0.3568 0.1673 0.9191
vn 0.7269 -0.5964 -0.3404
vn 0.4599 -0.3406 -0.8201
vn -0.8415 -0.0068 -0.5403
vn -0.9925 -0.1139 -0.0453
vn -0.6566 -0.4102 0.6329
vn -0.6255 -0.1879 0.7572
vn 0.3301 0.5572 -0.7619
vn 0.7894 -0.1992 0.5807
vn 0.2632 -0.9639 -0.0396
vn -0.3275 -0.8172 -0.4743
vn -0.1688 -0.9810 -0.0960
vn 0.5049 -0.4935 0.7082
vn 0.6919 -0.5810 0.4287
vn 0.4070 -0.7201 0.5620
vn 0.8692 -0.3515 0.3477
vn 0.8887 0.0931 0.4490
vn -0.4810 -0.7991 0.3607
vn -0.7539 0.2265 0.6167
vn 0.0961 0.3746 -0.9222
vn -0.5404 0.8181 0.1966
vn -0.6193 0.3532 0.7012
vn -0.9007 0.3353 0.2761
vn 0.7051 -0.1994 0.6806
vn 0.7664 -0.4466 0.4618
vn -0.1780 -0.1492 -0.9727
vn 0.9330 0.1421 0.3307
vn -0.6123 -0.3035 -0.7300
vn 0.8013 0.3167 -0.5075
vn 0.9711 0.1718 -0.1659
vn 0.9337 0.1736 -0.3133
vn -0.8150 -0.1264 0.5656
vn 0.4932 0.3687 -0.7879
vn 0.3807 0.3566 -0.8532
vn -0.8304 0.5059 -0.2334
vn 0.4266 -0.3582 -0.8305
vn 0.9584 -0.0982 0.2681
vn 0.9972 0.0186 0.0726
vn -0.4902 -0.1546 -0.8578
vn -0.5387 -0.0367 0.8417
vn -0.8704 -0.4924 0.0010
vn 0.3481 0.0278 0.9370
vn 0.4523 -0.1019 0.8860
vn 0.3857 0.0955 0.9177
vn 0.3630 -0.1210 0.9239
vn 0.2916 0.3386 0.8946
vn 0.1425 -0.9866 -0.0799
vn 0.3216 -0.8368 -0.4431
vn 0.3542 -0.2880 0.8897
vn -0.9707 0.1948 0.1406
vn -0.9796 0.1791 -0.0908
vn 0.9382 0.3194 0.1335
vn -0.9382 -0.3408 0.0603
vn -0.9627 -0.2251 -0.1498
vn -0.8748 -0.4270 0.2288
vn 0.7017 -0.5817 0.4114
vn 0.1074 -0.1120 0.9879
vn -0.6340 -0.5289 -0.5642
vn 0.5950 0.5153 0.6168
vn 0.2813 0.5529 0.7844
vn -0.8703 0.2301 0.4355
vn -0.5980 0.0818 0.7973
vn 0.3976 -0.5653 0.7227
vn 0.4019 -0.3170 0.8591
vn -0.8786 -0.2228 0.4225
vn -0.9469 -0.2392 0.2150
vn -0.2985 -0.0697 0.9519
vn -0.7151 -0.2824 0.6395
vn 0.7917 -0.2002 0.5772
vn -0.1590 0.6381 0.7534
vn 0.9771 -0.2052 -0.0564
vn 0.8880 -0.1304 -0.4409
vn 0.9320 -0.1605 0.3250
vn 0.8901 -0.2129 0.4030
vn 0.4861 0.7845 -0.3851
vn 0.3924 0.9165 0.0780
vn 0.6349 0.5127 -0.5779
vn 0.6953 -0.3320 0.6374
vn -0.4157 -0.5451 -0.7281
vn -0.6609 -0.4474 -0.6025
vn -0.7117 -0.4754 -0.5172
vn -0.3299 -0.5116 -0.7934
vn 0.0020 -0.5730 -0.8195
vn -0.9329 0.3029 -0.1947
vn 0.3745 -0.5652 0.7351
vn -0.4050 -0.1328 -0.9046
vn 0.7012 -0.5781 0.4172
vn 0.0012 -0.0800 0.9968
vn -0.7252 0.1749 0.6660
vn -0.5944 -0.0661 0.8014
vn -0.9428 -0.1161 0.3125
vn -0.9574 0.0099 0.2887
vn 0.1128 0.0594 0.9918
vn 0.6426 0.7605 0.0933
vn 0.7933 0.3876 -0.4695
vn -0.7086 -0.5049 0.4929
vn -0.6088 -0.4387 0.6610
vn -0.3109 -0.8489 0.4275
vn -0.5513 -0.8179 -0.1645
vn -0.5554 -0.8136 -0.1720
vn -0.4504 -0.8895 0.0773
vn 0.7873 0.1943 -0.5851
vn 0.2416 0.0584 -0.9686
vn -0.7035 0.1926 0.6841
vn 0.7623 0.2669 0.5896
vn -0.6339 -0.3026 -0.7117
vn -0.0218 -0.0663 0.9976
vn 0.9548 0.1994 -0.2205
vn 0.9908 0.0025 0.1355
vn 0.4510 0.0493 -0.8912
vn 0.3053 0.1863 -0.9338
vn -0.9525 0.2698 0.1415
vn -0.5376 0.1156 0.8353
vn 0.5390 -0.0558 0.8404
vn -0.7595 -0.1787 0.6255
vn -0.9793 0.0793 0.1862
vn -0.5490 0.6619 -0.5105
vn 0.7987 -0.1043 0.5926
vn -0.2235 -0.1305 -0.9659
vn -0.8535 0.3653 0.3717
vn -0.0637 0.0985 0.9931
vn -0.0832 -0.0968 -0.9918
vn -0.6294 0.4210 -0.6532
vn -0.0806 -0.1025 -0.9915
vn 0.4577 -0.5316 -0.7127
vn 0.4934 0.3615 0.7911
vn 0.6090 -0.6929 0.3860
vn 0.3219 -0.9440 0.0726
vn -0.5286 -0.0189 0.8487
vn 0.9690 0.1383 0.2047
vn 0.9553 0.2257 0.1911
vn -0.9701 -0.2147 -0.1130
vn -0.9194 -0.3875 -0.0669
vn -0.2655 0.6406 -0.7206
vn 0.8608 0.1324 -0.4914
vn 0.3747 0.1380 -0.9168
vn 0.0000 -0.0416 0.9991
vn -0.7268 -0.5369 -0.4284
vn -0.8230 -0.5659 0.0489
vn -0.4645 -0.3730 -0.8032
vn -0.5819 -0.4962 -0.6444
vn -0.0685 -0.4001 0.9139
vn 0.5474 -0.3147 0.7754
vn 0.3405 -0.2998 0.8912
vn -0.9924 0.0990 0.0730
vn -0.7422 0.0805 0.6653
vn -0.7970 0.0510 0.6018
vn 0.0117 -0.9950 -0.0989
vn -0.4987 0.8662 0.0331
vn -0.4497 0.7979 -0.4015
vn -0.6481 0.6085 -0.4578
vn -0.7025 0.7116 0.0073
vn -0.3360 0.9382 0.0826
vn -0.6484 -0.4358 -0.6243
vn -0.2435 -0.0620 -0.9679
vn 0.7599 -0.2583 0.5965
vn 0.9805 -0.1047 0.1665
vn -0.3485 -0.9336 -0.0829
vn 0.0099 0.4174 0.9087
vn -0.7112 0.3188 0.6265
vn 0.9392 0.1271 -0.3190
vn 0.5098 -0.1742 0.8425
vn -0.6067 -0.7948 0.0123
vn 0.3764 0.5774 0.7245
vn 0.9259 0.3063 -0.2212
vn -0.5201 -0.2083 0.8283
vn -0.2751 -0.1932 0.9418
vn 0.9943 -0.1043 0.0240
vn -0.4001 -0.4682 0.7879
vn 0.9747 0.0849 0.2068
vn -0.6928 -0.2051 0.6914
vn -0.9387 0.1667 0.3019
vn -0.8393 -0.5359 0.0918
vn -0.7733 -0.3929 0.4976
vn 0.2367 0.9397 0.2470
vn 0.6645 -0.0919 0.7416
vn -0.8593 -0.3752 -0.3476
vn 0.9000 -0.1437 -0.4116
vn 0.0611 -0.2443 0.9678
vn -0.6870 0.1623 0.7083
vn -0.7381 0.1966 0.6454
vn -0.6326 0.0753 0.7709
vn -0.6871 0.4441 0.5751
vn -0.9014 0.3673 -0.2294
vn 0.0632 -0.0396 -0.9972
vn 0.4207 -0.5523 -0.7197
vn 0.9700 -0.1311 -0.2046
vn 0.8129 -0.5744 -0.0966
vn -0.8403 -0.3779 0.3887
vn 0.7975 -0.4679 0.3809
vn 0.6675 -0.0503 0.7429
vn -0.6286 -0.1330 0.7663
vn 0.8139 -0.4600 -0.3549
vn -0.8726 -0.1789 -0.4545
vn 0.3138 -0.1275 0.9409
vn -0.9182 0.0365 0.3944
vn -0.9883 0.1447 0.0483
vn -0.8578 0.0285 0.5131
vn 0.4175 -0.1503 -0.8961
vn -0.0239 0.1316 0.9910
vn 0.0521 0.0797 0.9955
vn 0.0200 0.5519 0.8336
vn -0.8387 0.2002 0.5065
vn 0.9628 0.2280 0.1448
vn -0.9615 -0.1336 0.2400
vn -0.9344 -0.3406 0.1041
vn -0.9088 -0.4142 0.0502
vn -0.2894 0.5814 0.7604
vn -0.0407 0.7292 0.6830
vn -0.0781 -0.1244 -0.9892
vn 0.4156 -0.5266 -0.7416
vn -0.5439 0.4290 -0.7212
vn 0.6399 0.1982 0.7425
vn -0.0252 -0.8667 0.4983
vn 0.3232 -0.8694 -0.3737
vn -0.9170 -0.0758 -0.3917
vn -0.9024 -0.1345 -0.4094
vn -0.0158 -0.7091 0.7049
vn -0.1995 -0.6285 0.7518
vn -0.9679 -0.1549 0.1982
vn 0.0704 -0.1473 0.9866
vn -0.8348 -0.1775 0.5211
vn 0.3199 -0.4063 0.8559
vn 0.9260 0.1182 -0.3585
vn -0.4266 -0.2392 0.8722
vn -0.8198 -0.4457 0.3597
vn -0.8174 -0.0680 0.5721
vn 0.7709 0.5720 -0.2802
vn -0.4297 -0.5185 0.7393
vn -0.8509 -0.4927 -0.1824
vn 0.6600 -0.4731 -0.5836
vn 0.4462 -0.5361 -0.7166
vn 0.3754 -0.5046 -0.7775
vn -0.2341 -0.8396 0.4902
vn -0.9750 -0.1197 0.1870
vn -0.8909 0.3679 -0.2664
vn -0.5574 0.5576 0.6151
vn -0.5235 -0.3458 0.7787
vn -0.3474 -0.2447 -0.9052
vn 0.3437 0.1308 0.9299
vn -0.1926 -0.8508 0.4888
vn -0.2081 -0.9227 0.3246
vn 0.3378 -0.5831 0.7388
vn -0.2370 -0.5701 0.7867
vn 0.1024 -0.1919 0.9761
vn 0.7194 -0.2580 0.6449
vn 0.6302 -0.1566 0.7605
vn 0.7544 0.0320 -0.6557
vn -0.9280 -0.3597 0.0970
vn 0.7495 0.4391 -0.4954
vn 0.5015 -0.1758 -0.8471
vn 0.5141 -0.0375 0.8569
vn 0.9279 0.3061 -0.2131
vn -0.2794 -0.7650 0.5803
vn -0.1766 0.1985 -0.9641
vn 0.3719 -0.1767 0.9113
vn 0.0578 -0.0970 0.9936
vn -0.9219 -0.2546 0.2918
vn -0.4182 0.5028 0.7566
vn -0.9285 -0.3691 0.0418
vn -0.7352 0.6778 -0.0031
vn 0.2901 -0.9570 -0.0071
vn -0.0402 0.2985 -0.9535
vn 0.0014 0.0178 -0.9998
vn 0.1149 -0.0664 0.9912
vn -0.4636 0.0520 0.8845
vn 0.0660 -0.9961 -0.0591
vn 0.7902 -0.5682 0.2297
vn -0.3654 -0.9278 0.0746
vn -0.2967 -0.9327 0.2052
vn 0.6136 -0.5170 -0.5968
vn 0.4136 -0.2519 -0.8749
vn -0.2350 0.1533 0.9598
vn -0.0083 -0.2895 0.9571
vn 0.3704 -0.9288 0.0091
vn 0.8738 0.3845 -0.2977
vn 0.6834 0.6355 -0.3593
vn 0.5314 -0.7804 0.3296
vn -0.0936 -0.9933 -0.0682
vn -0.1407 0.0788 -0.9869
vn -0.2496 -0.0433 -0.9674
vn 0.8192 -0.0521 0.5711
vn 0.4176 -0.1213 0.9005
vn 0.7959 0.2293 -0.5604
vn -0.6622 -0.0896 -0.7439
vn 0.4125 -0.3099 -0.8566
vn -0.3430 -0.0155 0.9392
vn 0.0087 -0.9762 0.2169
vn 0.5923 -0.0817 0.8015
vn -0.6773 -0.0847 0.7308
vn -0.5236 -0.0564 0.8501
vn -0.2156 0.0239 0.9762
vn -0.1727 -0.1547 0.9728
vn -0.6816 -0.2066 0.7020
vn -0.8244 -0.1658 -0.5411
vn -0.9842 -0.1758 0.0183
vn -0.9774 0.0039 0.2112
vn 0.0497 0.9968 0.0633
vn 0.7229 0.5387 0.4326
vn 0.2807 0.1391 -0.9497
vn 0.2323 -0.9584 -0.1660
vn -0.9666 0.2285 0.1161
vn -0.8788 -0.0011 0.4771
vn -0.1645 0.1343 -0.9772
vn -0.0051 0.3106 -0.9505
vn -0.9477 -0.1660 0.2727
vn 0.0066 -0.5427 -0.8399
vn -0.4628 -0.8643 -0.1967
vn -0.9899 -0.1377 -0.0328
vn 0.7367 0.5043 0.4505
vn 0.9984 -0.0452 -0.0344
vn 0.9299 -0.2109 0.3013
vn -0.3502 -0.6397 -0.6842
vn -0.7088 -0.7047 -0.0304
vn 0.3179 0.8072 0.4973
vn 0.4428 0.7864 0.4308
vn 0.9070 -0.0104 0.4211
vn -0.8104 -0.1261 0.5721
vn 0.0748 -0.0047 0.9972
vn -0.7118 -0.6978 -0.0804
vn 0.9370 0.3209 -0.1383
vn -0.4235 -0.4590 0.7810
vn -0.6586 0.1954 0.7267
vn -0.9467 0.2845 0.1510
vn -0.0754 -0.0809 0.9939
vn 0.9677 -0.2445 0.0616
vn -0.1680 -0.7863 -0.5946
vn -0.6751 -0.6781 -0.2905
vn 0.4866 0.3924 0.7805
vn 0.5528 0.0981 0.8275
vn 0.3342 -0.2646 -0.9046
vn -0.7159 -0.6858 0.1311
vn 0.0597 0.7062 0.7055
vn 0.7633 -0.5623 0.3180
vn -0.5535 0.0975 0.8271
vn 0.6181 -0.0184 -0.7859
vn 0.6608 -0.1074 -0.7428
vn -0.5544 -0.0455 0.8310
vn 0.1874 -0.1149 -0.9755
vn 0.8946 -0.1048 -0.4345
vn -0.8643 0.2791 0.4185
vn 0.9411 0.3056 0.1450
vn -0.3215 -0.1266 0.9384
vn -0.0623 -0.0320 0.9975
vn 0.1144 0.3202 -0.9404
vn 0.0313 -0.9616 -0.2726
vn 0.0304 0.0233 -0.9993
vn -0.0117 0.8125 0.5829
vn -0.0198 -0.0824 0.9964
vn -0.0446 -0.4413 0.8963
vn -0.0175 0.0243 -0.9996
vt 0.462771 0.284565
vt 0.479277 0.281725
vt 0.470690 0.292886
vt 0.454590 0.297250
vt 0.156474 0.195903
vt 0.170287 0.193500
vt 0.162974 0.210985
vt 0.164782 0.173664
vt 0.439443 0.284941
vt 0.147109 0.176385
vt 0.139964 0.262211
vt 0.146372 0.257889
vt 0.144497 0.271337
vt 0.222072 0.328270
vt 0.220103 0.315457
vt 0.227642 0.317798
vt 0.213492 0.327247
vt 0.475521 0.014881
vt 0.482633 0.015504
vt 0.477534 0.027197
vt 0.136318 0.265548
vt 0.875076 0.912487
vt 0.902511 0.923497
vt 0.880912 0.934432
vt 0.858668 0.912756
vt 0.869603 0.892289
vt 0.896802 0.901377
vt 0.862956 0.932923
vt 0.838614 0.235683
vt 0.825686 0.238041
vt 0.832867 0.228231
vt 0.863904 0.239748
vt 0.847986 0.258245
vt 0.842670 0.243221
vt 0.869358 0.252313
vt 0.858979 0.224978
vt 0.878779 0.222788
vt 0.883717 0.235496
vt 0.698670 0.532136
vt 0.688416 0.521518
vt 0.701486 0.521627
vt 0.852143 0.509479
vt 0.873360 0.506083
vt 0.870971 0.521166
vt 0.710592 0.536968
vt 0.872195 0.537216
vt 0.703895 0.544251
vt 0.017780 0.380878
vt 0.033160 0.391490
vt 0.025213 0.399719
vt 0.862423 0.477953
vt 0.228861 0.854124
vt 0.233826 0.846650
vt 0.238178 0.860499
vt 0.420915 0.878024
vt 0.407552 0.877453
vt 0.407522 0.868635
vt 0.411977 0.888484
vt 0.417423 0.868094
vt 0.222199 0.875437
vt 0.285783 0.821412
vt 0.276497 0.798368
vt 0.289167 0.802225
vt 0.423962 0.892043
vt 0.728555 0.753632
vt 0.708950 0.741591
vt 0.727555 0.739343
vt 0.740842 0.754738
vt 0.723690 0.772777
vt 0.710142 0.750617
vt 0.732413 0.773027
vt 0.482804 0.966149
vt 0.477499 0.975298
vt 0.473057 0.975219
vt 0.485960 0.952168
vt 0.499924 0.964357
vt 0.505681 0.972012
vt 0.471601 0.965751
vt 0.986479 0.928344
vt 0.997917 0.935590
vt 0.985071 0.935691
vt 0.472790 0.951750
vt 0.248966 0.182700
vt 0.254030 0.153428
vt 0.263988 0.183852
vt 0.650174 0.031161
vt 0.670546 0.042070
vt 0.651110 0.054248
vt 0.642700 0.050835
vt 0.623108 0.031577
vt 0.661795 0.021203
vt 0.234910 0.163033
vt 0.052370 0.227208
vt 0.048461 0.203932
vt 0.054210 0.200537
vt 0.076683 0.246488
vt 0.049634 0.227518
vt 0.917440 0.838806
vt 0.905139 0.820227
vt 0.907136 0.817181
vt 0.662714 0.503960
vt 0.667556 0.510627
vt 0.639837 0.526565
vt 0.636818 0.518136
vt 0.058117 0.224784
vt 0.222844 0.036648
vt 0.235112 0.039935
vt 0.223201 0.045371
vt 0.203614 0.026289
vt 0.194686 0.028681
vt 0.196861 0.014905
vt 0.235351 0.033762
vt 0.340528 0.736681
vt 0.333066 0.740071
vt 0.326375 0.726330
vt 0.335356 0.542858
vt 0.349194 0.544507
vt 0.337955 0.557135
vt 0.344458 0.720391
vt 0.326108 0.545205
vt 0.506870 0.813307
vt 0.496132 0.817783
vt 0.500088 0.801010
vt 0.347915 0.740012
vt 0.622477 0.866196
vt 0.634884 0.887973
vt 0.606246 0.895274
vt 0.638718 0.877359
vt 0.842140 0.496837
vt 0.841070 0.511527
vt 0.823251 0.499572
vt 0.642662 0.858362
vt 0.843572 0.482083
vt 0.850852 0.507480
vt 0.410679 0.085423
vt 0.393827 0.083324
vt 0.396203 0.066261
vt 0.427859 0.086347
vt 0.423187 0.101213
vt 0.406027 0.100152
vt 0.413347 0.070419
vt 0.494790 0.108490
vt 0.498429 0.086027
vt 0.517845 0.098636
vt 0.475136 0.113720
vt 0.486424 0.096212
vt 0.511896 0.123158
vt 0.491247 0.127659
vt 0.328081 0.210197
vt 0.329631 0.222815
vt 0.326367 0.222338
vt 0.329364 0.198927
vt 0.346065 0.196924
vt 0.324802 0.208873
vt 0.344540 0.208764
vt 0.071602 0.922953
vt 0.072055 0.935952
vt 0.055090 0.927999
vt 0.838962 0.041566
vt 0.833242 0.030809
vt 0.845785 0.037078
vt 0.055716 0.915494
vt 0.845223 0.052180
vt 0.822865 0.037405
vt 0.232473 0.304354
vt 0.225082 0.302683
vt 0.228108 0.290855
vt 0.234806 0.292269
vt 0.156348 0.251670
vt 0.152281 0.265546
vt 0.166632 0.244908
vt 0.161520 0.258258
vt 0.520163 0.341956
vt 0.505341 0.348656
vt 0.510951 0.339372
vt 0.172315 0.036262
vt 0.163262 0.030702
vt 0.171554 0.023744
vt 0.518837 0.351835
vt 0.160967 0.040638
vt 0.468276 0.894111
vt 0.477461 0.895197
vt 0.477424 0.911800
vt 0.464878 0.902714
vt 0.455458 0.894624
vt 0.459826 0.880495
vt 0.472904 0.881160
vt 0.607054 0.771850
vt 0.589025 0.775799
vt 0.585586 0.758107
vt 0.606909 0.753509
vt 0.615754 0.770383
vt 0.614349 0.786970
vt 0.458751 0.263597
vt 0.459587 0.256301
vt 0.468637 0.256827
vt 0.461964 0.270155
vt 0.451296 0.273283
vt 0.451776 0.268316
vt 0.451155 0.262907
vt 0.893498 0.341228
vt 0.860168 0.350159
vt 0.888286 0.317408
vt 0.779381 0.602325
vt 0.786309 0.573504
vt 0.821923 0.617651
vt 0.718512 0.466958
vt 0.706503 0.456986
vt 0.714933 0.451035
vt 0.711452 0.481987
vt 0.707645 0.468365
vt 0.106717 0.822916
vt 0.106717 0.800820
vt 0.132981 0.822276
vt 0.082004 0.825499
vt 0.080574 0.800120
vt 0.107726 0.843297
vt 0.132241 0.841083
vt 0.536687 0.477466
vt 0.555183 0.466979
vt 0.550699 0.484916
vt 0.954762 0.024054
vt 0.946768 0.021375
vt 0.948051 0.017162
vt 0.540071 0.459230
vt 0.959807 0.017875
vt 0.946649 0.025676
vt 0.952486 0.028763
vt 0.519973 0.463175
vt 0.155179 0.059649
vt 0.147592 0.071445
vt 0.142958 0.053524
vt 0.169077 0.058448
vt 0.166396 0.079710
vt 0.148486 0.052552
vt 0.156998 0.047568
vt 0.158826 0.081292
vt 0.706732 0.104502
vt 0.679870 0.085430
vt 0.710805 0.085679
vt 0.706288 0.115415
vt 0.698072 0.119538
vt 0.695249 0.110132
vt 0.717508 0.115418
vt 0.719928 0.105187
vt 0.581518 0.021638
vt 0.580156 0.013910
vt 0.589358 0.018799
vt 0.589617 0.033508
vt 0.574254 0.020581
vt 0.748992 0.043955
vt 0.747145 0.049469
vt 0.743656 0.048079
vt 0.731816 0.034949
vt 0.758339 0.040051
vt 0.755333 0.047633
vt 0.742226 0.029297
vt 0.433184 0.898575
vt 0.407694 0.909435
vt 0.407056 0.905508
vt 0.434425 0.902357
vt 0.603776 0.598402
vt 0.624985 0.588113
vt 0.624238 0.595306
vt 0.401213 0.885724
vt 0.599425 0.585408
vt 0.606863 0.603208
vt 0.577831 0.596428
vt 0.555681 0.137567
vt 0.563474 0.137158
vt 0.558578 0.144092
vt 0.545548 0.140853
vt 0.542633 0.132095
vt 0.553892 0.130470
vt 0.903640 0.107822
vt 0.886387 0.110731
vt 0.896070 0.100485
vt 0.065866 0.576160
vt 0.076397 0.565454
vt 0.080070 0.570287
vt 0.904637 0.100901
vt 0.063167 0.567573
vt 0.047739 0.579353
vt 0.923938 0.109221
vt 0.278159 0.974075
vt 0.276136 0.963381
vt 0.282293 0.962890
vt 0.272458 0.971259
vt 0.284248 0.970671
vt 0.268147 0.977460
vt 0.277299 0.980730
vt 0.270384 0.982440
vt 0.326881 0.342396
vt 0.320681 0.324553
vt 0.335845 0.328541
vt 0.327582 0.360933
vt 0.319756 0.359096
vt 0.317735 0.340948
vt 0.033511 0.865074
vt 0.044118 0.875680
vt 0.028681 0.868649
vt 0.038539 0.859796
vt 0.040000 0.862060
vt 0.032171 0.862233
vt 0.115947 0.904018
vt 0.148722 0.913466
vt 0.117067 0.925702
vt 0.086606 0.909208
vt 0.115807 0.883014
vt 0.147275 0.895108
vt 0.088175 0.888268
vt 0.944966 0.097085
vt 0.949457 0.092013
vt 0.951944 0.105610
vt 0.931379 0.026733
vt 0.931889 0.012917
vt 0.946099 0.019543
vt 0.806569 0.703562
vt 0.793391 0.705608
vt 0.795658 0.690380
vt 0.945995 0.038939
vt 0.936607 0.093612
vt 0.591788 0.669710
vt 0.600683 0.667656
vt 0.596938 0.686238
vt 0.921026 0.564195
vt 0.920749 0.554108
vt 0.937456 0.561822
vt 0.636455 0.787333
vt 0.635561 0.769730
vt 0.640200 0.783409
vt 0.923900 0.571950
vt 0.627581 0.775491
vt 0.285716 0.162716
vt 0.294319 0.157749
vt 0.294899 0.169896
vt 0.276851 0.151843
vt 0.286318 0.173856
vt 0.283773 0.162899
vt 0.284453 0.624075
vt 0.271342 0.627066
vt 0.265719 0.606082
vt 0.293585 0.611784
vt 0.288520 0.636702
vt 0.280033 0.649175
vt 0.282753 0.604837
vt 0.682203 0.401345
vt 0.676580 0.420607
vt 0.662041 0.409051
vt 0.456989 0.961723
vt 0.445401 0.950135
vt 0.456561 0.935583
vt 0.380629 0.673551
vt 0.381163 0.664728
vt 0.393464 0.662545
vt 0.380247 0.694855
vt 0.367675 0.690359
vt 0.393978 0.679555
vt 0.370884 0.673126
vt 0.570417 0.117261
vt 0.557293 0.101098
vt 0.577033 0.106147
vt 0.959046 0.964266
vt 0.961496 0.951954
vt 0.966626 0.957951
vt 0.958948 0.968181
vt 0.953468 0.962007
vt 0.962993 0.970170
vt 0.830515 0.421368
vt 0.847169 0.416902
vt 0.849183 0.422501
vt 0.848540 0.959001
vt 0.856447 0.948381
vt 0.860574 0.968341
vt 0.836983 0.974138
vt 0.840562 0.952827
vt 0.847934 0.949452
vt 0.824103 0.406163
vt 0.562227 0.147809
vt 0.569097 0.142978
vt 0.556287 0.154178
vt 0.575629 0.157225
vt 0.566454 0.160820
vt 0.910251 0.042066
vt 0.919389 0.023185
vt 0.927975 0.038941
vt 0.907498 0.025501
vt 0.890424 0.039528
vt 0.320002 0.753034
vt 0.342330 0.742275
vt 0.336984 0.769035
vt 0.196981 0.269022
vt 0.201657 0.273054
vt 0.193728 0.286420
vt 0.303422 0.772515
vt 0.306298 0.749370
vt 0.187591 0.282305
vt 0.187015 0.268504
vt 0.317017 0.779888
vt 0.680959 0.742857
vt 0.685519 0.731982
vt 0.692447 0.738311
vt 0.973866 0.534991
vt 0.958374 0.522232
vt 0.976210 0.532777
vt 0.985997 0.545113
vt 0.357812 0.006823
vt 0.325206 0.014021
vt 0.325360 0.009663
vt 0.974814 0.557585
vt 0.686440 0.752169
vt 0.877445 0.089227
vt 0.878444 0.095286
vt 0.873921 0.100202
vt 0.083376 0.555369
vt 0.074288 0.555868
vt 0.090348 0.557876
vt 0.085323 0.563116
vt 0.885164 0.091942
vt 0.886751 0.085696
vt 0.393976 0.061262
vt 0.389818 0.061626
vt 0.392045 0.052212
vt 0.393350 0.073336
vt 0.936633 0.515339
vt 0.936175 0.506882
vt 0.957841 0.507974
vt 0.922583 0.515597
vt 0.921551 0.506166
vt 0.958450 0.515723
vt 0.957351 0.523934
vt 0.936419 0.524393
vt 0.108667 0.361598
vt 0.125748 0.357655
vt 0.113720 0.378897
vt 0.100087 0.382110
vt 0.105146 0.342263
vt 0.092661 0.364837
vt 0.958705 0.414796
vt 0.944455 0.414166
vt 0.947635 0.402297
vt 0.957219 0.426238
vt 0.960520 0.404145
vt 0.699136 0.937043
vt 0.698130 0.917609
vt 0.708508 0.931145
vt 0.687945 0.919119
vt 0.657289 0.088943
vt 0.659745 0.077295
vt 0.669789 0.088928
vt 0.673762 0.953619
vt 0.669731 0.935195
vt 0.716319 0.941310
vt 0.712275 0.950685
vt 0.392407 0.322165
vt 0.380803 0.308707
vt 0.394673 0.308539
vt 0.886518 0.049128
vt 0.876586 0.044864
vt 0.877789 0.033952
vt 0.892558 0.068813
vt 0.886170 0.064846
vt 0.898288 0.051489
vt 0.381010 0.321677
vt 0.057835 0.881118
vt 0.058068 0.876801
vt 0.022791 0.564677
vt 0.017932 0.557196
vt 0.033996 0.554367
vt 0.061360 0.880043
vt 0.062809 0.886866
vt 0.062739 0.891853
vt 0.043946 0.894071
vt 0.330843 0.190895
vt 0.325055 0.196499
vt 0.327275 0.188399
vt 0.332048 0.183738
vt 0.344526 0.188196
vt 0.546696 0.031589
vt 0.565992 0.046546
vt 0.550174 0.052423
vt 0.922842 0.169126
vt 0.905970 0.171790
vt 0.919152 0.167208
vt 0.933526 0.161236
vt 0.930681 0.176232
vt 0.562028 0.029220
vt 0.288871 0.851385
vt 0.278359 0.855808
vt 0.266829 0.830900
vt 0.310211 0.863005
vt 0.292563 0.867283
vt 0.309667 0.846690
vt 0.287669 0.827440
vt 0.265860 0.450521
vt 0.284060 0.436181
vt 0.282366 0.450990
vt 0.254754 0.440771
vt 0.272574 0.433670
vt 0.273527 0.463632
vt 0.254222 0.461505
vt 0.748287 0.555946
vt 0.736549 0.572192
vt 0.736503 0.545686
vt 0.755826 0.542323
vt 0.769148 0.552084
vt 0.759052 0.566000
vt 0.457865 0.109133
vt 0.443724 0.103601
vt 0.446005 0.086293
vt 0.599636 0.844622
vt 0.578147 0.840348
vt 0.582319 0.827035
vt 0.412998 0.313162
vt 0.417993 0.305577
vt 0.432710 0.314977
vt 0.614449 0.869766
vt 0.594391 0.862557
vt 0.607829 0.830457
vt 0.916224 0.249571
vt 0.902101 0.263567
vt 0.902485 0.258493
vt 0.921340 0.256852
vt 0.916822 0.239648
vt 0.936022 0.235483
vt 0.902822 0.245565
vt 0.286392 0.309832
vt 0.280467 0.292760
vt 0.289560 0.287509
vt 0.100931 0.067235
vt 0.091662 0.064477
vt 0.090802 0.060937
vt 0.262484 0.310969
vt 0.284036 0.331824
vt 0.274287 0.324421
vt 0.299438 0.302170
vt 0.092820 0.070211
vt 0.296288 0.317651
vt 0.956179 0.065585
vt 0.934231 0.094198
vt 0.929208 0.081829
vt 0.032338 0.517422
vt 0.018953 0.515779
vt 0.017992 0.480544
vt 0.500641 0.055392
vt 0.493997 0.052392
vt 0.505213 0.044098
vt 0.509342 0.052879
vt 0.509071 0.062407
vt 0.474460 0.071520
vt 0.962521 0.863409
vt 0.963762 0.853583
vt 0.968414 0.855073
vt 0.966277 0.872611
vt 0.961255 0.873741
vt 0.968113 0.863848
vt 0.469236 0.615658
vt 0.460862 0.590626
vt 0.483467 0.595334
vt 0.434719 0.606508
vt 0.476903 0.635964
vt 0.452793 0.638540
vt 0.501012 0.616375
vt 0.438919 0.618241
vt 0.867601 0.695537
vt 0.861148 0.693830
vt 0.859263 0.684321
vt 0.693708 0.727034
vt 0.869002 0.705780
vt 0.868806 0.686924
vt 0.202358 0.743622
vt 0.201977 0.745950
vt 0.183110 0.741481
vt 0.152285 0.899553
vt 0.177176 0.906481
vt 0.175877 0.909716
vt 0.151095 0.904406
vt 0.184155 0.733669
vt 0.211649 0.735762
vt 0.161200 0.877993
vt 0.194015 0.164485
vt 0.192138 0.157319
vt 0.204182 0.153751
vt 0.204199 0.162466
vt 0.194815 0.171192
vt 0.186859 0.168080
vt 0.050197 0.671671
vt 0.047256 0.692745
vt 0.037339 0.679396
vt 0.256079 0.006354
vt 0.274604 0.009485
vt 0.270294 0.028150
vt 0.253366 0.025573
vt 0.237194 0.023992
vt 0.827085 0.253753
vt 0.817425 0.242679
vt 0.827907 0.263100
vt 0.819948 0.260338
vt 0.815330 0.252260
vt 0.838827 0.250220
vt 0.835838 0.260035
vt 0.322665 0.562807
vt 0.314825 0.750815
vt 0.311181 0.527781
vt 0.214980 0.275056
vt 0.215555 0.267544
vt 0.223559 0.267005
vt 0.599695 0.082703
vt 0.591145 0.071319
vt 0.600335 0.072628
vt 0.592807 0.096932
vt 0.585355 0.095110
vt 0.618688 0.085065
vt 0.608832 0.101882
vt 0.590164 0.083569
vt 0.918504 0.939821
vt 0.922610 0.925805
vt 0.933113 0.935501
vt 0.104361 0.028502
vt 0.114135 0.034005
vt 0.107179 0.036810
vt 0.929901 0.946993
vt 0.108307 0.022383
vt 0.118955 0.033849
vt 0.096790 0.015283
vt 0.915272 0.951792
vt 0.854955 0.032098
vt 0.858849 0.043820
vt 0.851151 0.045881
vt 0.845855 0.025191
vt 0.853990 0.021388
vt 0.860300 0.034035
vt 0.999638 0.649510
vt 0.983328 0.649510
vt 0.999418 0.637360
vt 0.089381 0.467252
vt 0.075642 0.487890
vt 0.073012 0.468110
vt 0.984745 0.664317
vt 0.089326 0.486500
vt 0.071155 0.449137
vt 0.552066 0.396447
vt 0.546915 0.415259
vt 0.534104 0.411951
vt 0.578978 0.882001
vt 0.577020 0.911705
vt 0.547597 0.881472
vt 0.539807 0.393357
vt 0.567863 0.853785
vt 0.570474 0.404523
vt 0.627953 0.390690
vt 0.631593 0.385525
vt 0.629747 0.399486
vt 0.605258 0.385218
vt 0.628661 0.385504
vt 0.626538 0.400463
vt 0.547853 0.642211
vt 0.525197 0.657616
vt 0.526793 0.640748
vt 0.546320 0.624024
vt 0.565778 0.624666
vt 0.569653 0.643472
vt 0.567735 0.660293
vt 0.546819 0.659305
vt 0.715871 0.585838
vt 0.720707 0.567127
vt 0.728568 0.582920
vt 0.681927 0.450635
vt 0.682483 0.438018
vt 0.685617 0.437522
vt 0.675930 0.459441
vt 0.673392 0.456031
vt 0.678594 0.450245
vt 0.701669 0.580659
vt 0.373446 0.103868
vt 0.358751 0.101257
vt 0.357498 0.082314
vt 0.849497 0.694816
vt 0.365752 0.117717
vt 0.851646 0.703047
vt 0.977126 0.732378
vt 0.974455 0.722358
vt 0.989943 0.721764
vt 0.977256 0.743593
vt 0.962142 0.739042
vt 0.997331 0.732096
vt 0.968196 0.732204
vt 0.783137 0.289456
vt 0.786149 0.317208
vt 0.770776 0.316679
vt 0.844337 0.265189
vt 0.835471 0.269344
vt 0.833479 0.266135
vt 0.890691 0.444213
vt 0.859607 0.413014
vt 0.876268 0.399564
vt 0.855871 0.431891
vt 0.872584 0.473438
vt 0.854920 0.455422
vt 0.889991 0.396557
vt 0.805969 0.321795
vt 0.017870 0.279035
vt 0.045567 0.281548
vt 0.037495 0.292777
vt 0.837373 0.260562
vt 0.936965 0.761008
vt 0.952400 0.778221
vt 0.936965 0.778605
vt 0.936432 0.743831
vt 0.952623 0.748755
vt 0.921610 0.760301
vt 0.921673 0.743989
vt 0.633423 0.249377
vt 0.648236 0.235363
vt 0.647884 0.247601
vt 0.749433 0.143229
vt 0.751184 0.165981
vt 0.735019 0.163996
vt 0.761717 0.150163
vt 0.641701 0.226387
vt 0.625857 0.236863
vt 0.759759 0.132951
vt 0.735110 0.140281
vt 0.488757 0.387981
vt 0.482050 0.392379
vt 0.471714 0.381919
vt 0.484992 0.362116
vt 0.503961 0.371261
vt 0.499877 0.388587
vt 0.492580 0.397513
vt 0.431711 0.039834
vt 0.433665 0.046258
vt 0.422905 0.045651
vt 0.462651 0.033617
vt 0.413373 0.037195
vt 0.531419 0.321463
vt 0.533975 0.352346
vt 0.522009 0.319535
vt 0.544758 0.349039
vt 0.550057 0.274702
vt 0.825262 0.935629
vt 0.844272 0.933599
vt 0.836266 0.966049
vt 0.807013 0.925371
vt 0.823252 0.913427
vt 0.814708 0.939290
vt 0.806333 0.934209
vt 0.840713 0.915942
vt 0.366884 0.956712
vt 0.371322 0.983111
vt 0.353516 0.977596
vt 0.384000 0.954039
vt 0.347744 0.939900
vt 0.363392 0.935213
vt 0.379027 0.932566
vt 0.022243 0.887527
vt 0.023092 0.888514
vt 0.020976 0.893848
vt 0.026764 0.879965
vt 0.019524 0.892502
vt 0.328039 0.633183
vt 0.328962 0.619622
vt 0.343269 0.629872
vt 0.318425 0.634292
vt 0.330931 0.642508
vt 0.954228 0.086805
vt 0.960514 0.104740
vt 0.957650 0.105652
vt 0.809093 0.687113
vt 0.795798 0.677065
vt 0.943031 0.086574
vt 0.188462 0.206964
vt 0.192130 0.221083
vt 0.179294 0.223056
vt 0.198239 0.190520
vt 0.202207 0.205113
vt 0.185143 0.191949
vt 0.175155 0.209158
vt 0.719959 0.121060
vt 0.727472 0.120094
vt 0.725916 0.124479
vt 0.715501 0.128569
vt 0.709703 0.122801
vt 0.098128 0.779454
vt 0.133036 0.801318
vt 0.601467 0.925485
vt 0.601790 0.945585
vt 0.585444 0.927875
vt 0.597076 0.908192
vt 0.603875 0.910796
vt 0.633999 0.923577
vt 0.618464 0.943808
vt 0.659305 0.645343
vt 0.638953 0.643830
vt 0.663858 0.635057
vt 0.472755 0.198501
vt 0.473586 0.206188
vt 0.458889 0.199163
vt 0.669309 0.644276
vt 0.639381 0.654637
vt 0.638582 0.650052
vt 0.477772 0.202294
vt 0.294193 0.152420
vt 0.303388 0.161004
vt 0.838868 0.859777
vt 0.850995 0.867653
vt 0.834594 0.877403
vt 0.823667 0.859317
vt 0.826263 0.849274
vt 0.843407 0.844005
vt 0.856633 0.851935
vt 0.623313 0.177908
vt 0.620576 0.169344
vt 0.634485 0.155539
vt 0.022380 0.441276
vt 0.013814 0.429253
vt 0.025696 0.426083
vt 0.636686 0.166136
vt 0.647037 0.178276
vt 0.029124 0.444550
vt 0.284227 0.111013
vt 0.293753 0.132211
vt 0.268904 0.121702
vt 0.624620 0.596690
vt 0.663739 0.601222
vt 0.626047 0.612628
vt 0.662271 0.598562
vt 0.608208 0.615227
vt 0.540385 0.693570
vt 0.549538 0.682256
vt 0.557764 0.684363
vt 0.539907 0.700415
vt 0.530623 0.703664
vt 0.533328 0.690233
vt 0.561249 0.690795
vt 0.205674 0.070076
vt 0.206468 0.084687
vt 0.198043 0.083405
vt 0.215380 0.070068
vt 0.215150 0.084146
vt 0.205753 0.064023
vt 0.196542 0.068541
vt 0.196543 0.064923
vt 0.108742 0.503955
vt 0.092396 0.491973
vt 0.109781 0.492084
vt 0.434307 0.185654
vt 0.411006 0.203758
vt 0.410165 0.181166
vt 0.436680 0.166123
vt 0.677526 0.400395
vt 0.681151 0.384754
vt 0.700711 0.397457
vt 0.437809 0.220153
vt 0.455495 0.176079
vt 0.047746 0.851305
vt 0.048456 0.847371
vt 0.057966 0.850396
vt 0.041501 0.852407
vt 0.049808 0.855567
vt 0.964645 0.759775
vt 0.968846 0.771488
vt 0.957966 0.770536
vt 0.735962 0.846487
vt 0.730449 0.867277
vt 0.712854 0.864174
vt 0.955979 0.762905
vt 0.744745 0.845408
vt 0.744081 0.827151
vt 0.977429 0.759766
vt 0.180089 0.983015
vt 0.176755 0.955591
vt 0.193548 0.977366
vt 0.146479 0.591857
vt 0.180635 0.614663
vt 0.149650 0.622026
vt 0.150935 0.980299
vt 0.162399 0.564828
vt 0.170141 0.585420
vt 0.134991 0.579994
vt 0.990151 0.123122
vt 0.990177 0.143018
vt 0.985059 0.126687
vt 0.070398 0.638857
vt 0.092585 0.637066
vt 0.089083 0.655166
vt 0.067691 0.648967
vt 0.995887 0.140860
vt 0.069905 0.635163
vt 0.037545 0.700119
vt 0.250525 0.045135
vt 0.236300 0.043526
vt 0.973583 0.323247
vt 0.951624 0.316352
vt 0.969528 0.309104
vt 0.954825 0.328309
vt 0.791919 0.325783
vt 0.777427 0.327337
vt 0.486537 0.156758
vt 0.467792 0.143139
vt 0.493800 0.144758
vt 0.482072 0.171166
vt 0.465420 0.152987
vt 0.500512 0.146640
vt 0.499640 0.160337
vt 0.794229 0.958342
vt 0.801769 0.941044
vt 0.796091 0.967550
vt 0.787014 0.959656
vt 0.787743 0.952534
vt 0.661806 0.343506
vt 0.649678 0.338838
vt 0.660533 0.328196
vt 0.686307 0.322959
vt 0.679502 0.341711
vt 0.642730 0.355228
vt 0.063928 0.254752
vt 0.054532 0.271464
vt 0.040621 0.266401
vt 0.663589 0.361305
vt 0.647288 0.365913
vt 0.030124 0.253701
vt 0.813034 0.740064
vt 0.787723 0.757470
vt 0.808110 0.730235
vt 0.818711 0.755527
vt 0.803702 0.758583
vt 0.434345 0.707402
vt 0.428370 0.720202
vt 0.424625 0.690318
vt 0.818646 0.726206
vt 0.247277 0.252391
vt 0.254907 0.252535
vt 0.247048 0.263981
vt 0.238438 0.242576
vt 0.247327 0.240955
vt 0.239291 0.253305
vt 0.039443 0.404635
vt 0.015463 0.405187
vt 0.693578 0.515216
vt 0.203607 0.170465
vt 0.215350 0.175969
vt 0.202461 0.178204
vt 0.215985 0.167757
vt 0.072230 0.731741
vt 0.053474 0.738464
vt 0.043954 0.720474
vt 0.066641 0.713361
vt 0.088957 0.728923
vt 0.704964 0.868402
vt 0.721802 0.887306
vt 0.693433 0.876723
vt 0.681696 0.862762
vt 0.688212 0.855910
vt 0.691797 0.853389
vt 0.711482 0.863137
vt 0.111926 0.621295
vt 0.091122 0.634230
vt 0.086967 0.615834
vt 0.124953 0.622258
vt 0.119909 0.632197
vt 0.102115 0.596628
vt 0.960328 0.221161
vt 0.962887 0.237033
vt 0.957886 0.236650
vt 0.969987 0.225299
vt 0.953891 0.222584
vt 0.953769 0.201198
vt 0.967174 0.217083
vt 0.407217 0.028425
vt 0.398877 0.035012
vt 0.396995 0.024075
vt 0.048266 0.087720
vt 0.070219 0.068862
vt 0.066081 0.090825
vt 0.047047 0.068695
vt 0.761721 0.282298
vt 0.742425 0.276828
vt 0.756003 0.270511
vt 0.754399 0.295414
vt 0.768016 0.276125
vt 0.767897 0.288496
vt 0.649837 0.927341
vt 0.666810 0.913545
vt 0.708157 0.951792
vt 0.698204 0.957538
vt 0.698324 0.942643
vt 0.899328 0.631852
vt 0.846141 0.606050
vt 0.893488 0.598123
vt 0.716707 0.950826
vt 0.709040 0.961864
vt 0.451969 0.550729
vt 0.429211 0.571270
vt 0.424298 0.552916
vt 0.445978 0.528876
vt 0.479237 0.531488
vt 0.481595 0.553719
vt 0.455595 0.571146
vt 0.570792 0.608790
vt 0.559694 0.599056
vt 0.578009 0.599009
vt 0.755747 0.767112
vt 0.745059 0.770810
vt 0.559119 0.609462
vt 0.575121 0.625102
vt 0.578441 0.621802
vt 0.751497 0.754717
vt 0.695938 0.243912
vt 0.731199 0.223434
vt 0.708509 0.247625
vt 0.470213 0.058960
vt 0.465062 0.069077
vt 0.438104 0.058513
vt 0.690048 0.238370
vt 0.718984 0.217523
vt 0.464693 0.046363
vt 0.060162 0.293400
vt 0.054378 0.306112
vt 0.050587 0.297663
vt 0.995208 0.800455
vt 0.997985 0.812862
vt 0.991968 0.812862
vt 0.082543 0.195802
vt 0.091276 0.185585
vt 0.089776 0.195676
vt 0.080773 0.199675
vt 0.076137 0.196790
vt 0.079984 0.190402
vt 0.088793 0.184135
vt 0.508711 0.503336
vt 0.492690 0.499637
vt 0.515363 0.478996
vt 0.526479 0.506346
vt 0.500615 0.532742
vt 0.487686 0.529617
vt 0.051972 0.866765
vt 0.057527 0.870220
vt 0.047213 0.863805
vt 0.029370 0.878782
vt 0.256250 0.239510
vt 0.257473 0.228828
vt 0.265066 0.238904
vt 0.263325 0.252356
vt 0.247414 0.231364
vt 0.250936 0.115144
vt 0.251773 0.133940
vt 0.241311 0.119620
vt 0.959587 0.114225
vt 0.965216 0.115238
vt 0.961975 0.116453
vt 0.959110 0.109471
vt 0.962968 0.111300
vt 0.960807 0.122060
vt 0.660507 0.749797
vt 0.683917 0.760956
vt 0.662629 0.765151
vt 0.647247 0.753085
vt 0.645303 0.737308
vt 0.680226 0.744571
vt 0.657927 0.734461
vt 0.132636 0.324488
vt 0.139506 0.308193
vt 0.147392 0.331575
vt 0.122810 0.340220
vt 0.117467 0.320918
vt 0.140894 0.343323
vt 0.123827 0.303643
vt 0.268993 0.497144
vt 0.286896 0.490338
vt 0.291797 0.512645
vt 0.276064 0.520458
vt 0.238559 0.486280
vt 0.253733 0.476367
vt 0.735542 0.798202
vt 0.707711 0.793733
vt 0.708587 0.768562
vt 0.732749 0.820036
vt 0.436815 0.300519
vt 0.455285 0.313738
vt 0.976718 0.217812
vt 0.971129 0.195338
vt 0.980271 0.233018
vt 0.037029 0.829111
vt 0.048063 0.839469
vt 0.039928 0.843282
vt 0.034116 0.808758
vt 0.045700 0.826680
vt 0.971448 0.037430
vt 0.986924 0.032006
vt 0.980236 0.042710
vt 0.967736 0.023843
vt 0.072351 0.229259
vt 0.105424 0.233356
vt 0.080442 0.246611
vt 0.960721 0.046442
vt 0.947356 0.032882
vt 0.179816 0.494780
vt 0.180521 0.481699
vt 0.201336 0.485921
vt 0.180385 0.508761
vt 0.161632 0.494784
vt 0.162002 0.481048
vt 0.200257 0.499286
vt 0.018992 0.968715
vt 0.017541 0.973620
vt 0.011984 0.969433
vt 0.011534 0.962441
vt 0.023856 0.971559
vt 0.384376 0.838986
vt 0.378577 0.857920
vt 0.366087 0.838488
vt 0.403094 0.839411
vt 0.395634 0.857881
vt 0.434598 0.589778
vt 0.019134 0.543166
vt 0.021264 0.551474
vt 0.018820 0.550955
vt 0.017390 0.544043
vt 0.019590 0.538461
vt 0.034629 0.538976
vt 0.467554 0.794234
vt 0.452835 0.766963
vt 0.474784 0.774611
vt 0.482658 0.798484
vt 0.477096 0.815131
vt 0.460876 0.811466
vt 0.441350 0.786212
vt 0.834708 0.526940
vt 0.830213 0.518665
vt 0.840995 0.518790
vt 0.840615 0.528733
vt 0.607247 0.063208
vt 0.633438 0.068004
vt 0.390029 0.542970
vt 0.396956 0.543182
vt 0.391231 0.565458
vt 0.457447 0.208616
vt 0.456154 0.220404
vt 0.444144 0.202798
vt 0.473682 0.213559
vt 0.472908 0.223891
vt 0.446782 0.191794
vt 0.941517 0.974566
vt 0.941040 0.944662
vt 0.855465 0.729591
vt 0.868016 0.743497
vt 0.855326 0.755109
vt 0.941682 0.480637
vt 0.954138 0.474075
vt 0.953199 0.482461
vt 0.881913 0.726295
vt 0.842637 0.748446
vt 0.817002 0.708951
vt 0.873318 0.701138
vt 0.904702 0.266875
vt 0.831069 0.880458
vt 0.816733 0.865395
vt 0.895919 0.270120
vt 0.838665 0.887000
vt 0.714939 0.525972
vt 0.706877 0.509482
vt 0.722717 0.515967
vt 0.386124 0.247279
vt 0.390369 0.225602
vt 0.402036 0.253109
vt 0.724947 0.533630
vt 0.226956 0.415889
vt 0.222618 0.437669
vt 0.211867 0.430819
vt 0.214009 0.400395
vt 0.229638 0.401946
vt 0.261331 0.355708
vt 0.276304 0.350430
vt 0.282559 0.371986
vt 0.266475 0.379665
vt 0.242010 0.364213
vt 0.827400 0.403142
vt 0.830364 0.377134
vt 0.837821 0.381558
vt 0.818419 0.392299
vt 0.603801 0.135081
vt 0.586441 0.135593
vt 0.597255 0.124183
vt 0.607184 0.129875
vt 0.602541 0.152544
vt 0.819391 0.404756
vt 0.199530 0.104286
vt 0.215592 0.105984
vt 0.206697 0.107005
vt 0.727917 0.338903
vt 0.727772 0.358215
vt 0.714152 0.343888
vt 0.747325 0.334991
vt 0.745740 0.351910
vt 0.733624 0.315098
vt 0.716586 0.324177
vt 0.201800 0.134523
vt 0.203186 0.141714
vt 0.185315 0.139157
vt 0.188725 0.129683
vt 0.204607 0.128791
vt 0.213610 0.136314
vt 0.505250 0.448912
vt 0.526450 0.434532
vt 0.497018 0.473671
vt 0.484027 0.457115
vt 0.511149 0.431270
vt 0.494185 0.433203
vt 0.252537 0.531487
vt 0.279809 0.531106
vt 0.254294 0.552300
vt 0.222838 0.529634
vt 0.262909 0.719720
vt 0.261443 0.698536
vt 0.280412 0.697682
vt 0.250296 0.733888
vt 0.239909 0.713651
vt 0.281873 0.717515
vt 0.588615 0.072576
vt 0.827210 0.516242
vt 0.110568 0.116975
vt 0.112175 0.095622
vt 0.123047 0.104924
vt 0.130768 0.113173
vt 0.119085 0.124746
vt 0.106518 0.137728
vt 0.098029 0.130201
vt 0.090428 0.123301
vt 0.101484 0.108666
vt 0.848393 0.116135
vt 0.849960 0.107180
vt 0.873137 0.100990
vt 0.873948 0.108310
vt 0.874193 0.116917
vt 0.853742 0.125743
vt 0.827695 0.125393
vt 0.829438 0.118856
vt 0.038323 0.127109
vt 0.016780 0.129014
vt 0.034750 0.120391
vt 0.050044 0.114082
vt 0.057382 0.118406
vt 0.952910 0.788426
vt 0.961899 0.809982
vt 0.953476 0.810137
vt 0.961120 0.786313
vt 0.020321 0.136054
vt 0.055498 0.126075
vt 0.967791 0.712092
vt 0.974734 0.713920
vt 0.967546 0.723424
vt 0.314354 0.319084
vt 0.305497 0.299789
vt 0.327625 0.294345
vt 0.082120 0.071876
vt 0.088119 0.065789
vt 0.088043 0.072429
vt 0.081502 0.063622
vt 0.336934 0.327133
vt 0.304608 0.316579
vt 0.824683 0.366076
vt 0.839275 0.354448
vt 0.841882 0.365695
vt 0.043828 0.974941
vt 0.055646 0.961975
vt 0.072145 0.967041
vt 0.005764 0.975908
vt 0.007109 0.982342
vt 0.047497 0.983136
vt 0.045291 0.961045
vt 0.037325 0.973988
vt 0.343447 0.885415
vt 0.327877 0.878960
vt 0.343773 0.872726
vt 0.362941 0.809722
vt 0.347364 0.809205
vt 0.349378 0.792590
vt 0.364763 0.798592
vt 0.377611 0.818046
vt 0.359793 0.886138
vt 0.779920 0.880713
vt 0.759661 0.896711
vt 0.748103 0.881686
vt 0.786920 0.895381
vt 0.785089 0.856176
vt 0.794423 0.867790
vt 0.793782 0.877335
vt 0.768566 0.867878
vt 0.589673 0.012170
vt 0.566911 0.011230
vt 0.938367 0.120263
vt 0.928702 0.140726
vt 0.920605 0.125687
vt 0.732407 0.019921
vt 0.737938 0.005289
vt 0.741576 0.017615
vt 0.746945 0.024783
vt 0.918974 0.111959
vt 0.942384 0.137686
vt 0.608854 0.539032
vt 0.616182 0.583257
vt 0.591917 0.534718
vt 0.617799 0.531176
vt 0.048932 0.531892
vt 0.046615 0.531573
vt 0.043478 0.527460
vt 0.045160 0.526041
vt 0.050295 0.535932
vt 0.438847 0.899849
vt 0.438932 0.883863
vt 0.455305 0.906610
vt 0.439189 0.910503
vt 0.065278 0.857241
vt 0.086759 0.846062
vt 0.090051 0.869235
vt 0.067572 0.874194
vt 0.063765 0.847824
vt 0.118733 0.733282
vt 0.107584 0.701403
vt 0.125075 0.710364
vt 0.817950 0.672661
vt 0.809163 0.652874
vt 0.823085 0.654054
vt 0.840580 0.672262
vt 0.836669 0.685142
vt 0.102811 0.714955
vt 0.134627 0.742098
vt 0.804492 0.668757
vt 0.916376 0.285206
vt 0.931097 0.274358
vt 0.939664 0.288459
vt 0.924336 0.297934
vt 0.907054 0.272099
vt 0.903295 0.294028
vt 0.894835 0.281537
vt 0.839571 0.151202
vt 0.845524 0.135464
vt 0.858655 0.146675
vt 0.375609 0.171771
vt 0.381747 0.148865
vt 0.391095 0.170864
vt 0.359008 0.147438
vt 0.854119 0.171083
vt 0.824891 0.147915
vt 0.914127 0.686027
vt 0.872744 0.673077
vt 0.918085 0.670894
vt 0.913502 0.699585
vt 0.872307 0.687561
vt 0.925948 0.672673
vt 0.705165 0.205340
vt 0.714251 0.194240
vt 0.712976 0.212271
vt 0.540706 0.901617
vt 0.509984 0.891352
vt 0.537223 0.924911
vt 0.251079 0.866503
vt 0.254148 0.853368
vt 0.264496 0.857769
vt 0.262376 0.816897
vt 0.264174 0.798425
vt 0.262701 0.868682
vt 0.260903 0.882139
vt 0.251561 0.798598
vt 0.043787 0.046450
vt 0.039535 0.062745
vt 0.019019 0.046030
vt 0.029954 0.029179
vt 0.058782 0.034586
vt 0.058887 0.055830
vt 0.190862 0.911516
vt 0.207363 0.909418
vt 0.206758 0.929744
vt 0.191367 0.933235
vt 0.190775 0.909188
vt 0.749425 0.077832
vt 0.734988 0.073273
vt 0.747823 0.059619
vt 0.604639 0.736610
vt 0.624997 0.751099
vt 0.584530 0.738590
vt 0.759908 0.061210
vt 0.736204 0.084652
vt 0.590882 0.719759
vt 0.941078 0.611500
vt 0.927136 0.603054
vt 0.941760 0.594639
vt 0.936036 0.631505
vt 0.951449 0.595547
vt 0.946338 0.622717
vt 0.046504 0.291715
vt 0.861691 0.477001
vt 0.851542 0.487899
vt 0.048237 0.278652
vt 0.063981 0.292285
vt 0.290814 0.257218
vt 0.281204 0.265776
vt 0.281708 0.254580
vt 0.288354 0.270076
vt 0.293480 0.244380
vt 0.301159 0.247166
vt 0.296989 0.260943
vt 0.301649 0.472352
vt 0.322102 0.455333
vt 0.307668 0.480974
vt 0.289870 0.487309
vt 0.284752 0.464125
vt 0.297221 0.449013
vt 0.489599 0.211666
vt 0.489709 0.224561
vt 0.477745 0.222832
vt 0.479664 0.211965
vt 0.486330 0.201309
vt 0.541028 0.212266
vt 0.538318 0.193421
vt 0.926092 0.336903
vt 0.923654 0.327124
vt 0.933425 0.335121
vt 0.914155 0.351355
vt 0.911460 0.328784
vt 0.923612 0.355199
vt 0.932867 0.347731
vt 0.928213 0.891498
vt 0.920409 0.884754
vt 0.928015 0.884515
vt 0.988515 0.942343
vt 0.982311 0.942906
vt 0.908034 0.507698
vt 0.928233 0.468376
vt 0.927214 0.500234
vt 0.888365 0.497506
vt 0.897354 0.472036
vt 0.050047 0.597856
vt 0.060592 0.612291
vt 0.045127 0.613436
vt 0.062447 0.597047
vt 0.351280 0.303771
vt 0.347073 0.272115
vt 0.366630 0.300383
vt 0.019679 0.609320
vt 0.021634 0.593459
vt 0.352545 0.315333
vt 0.506519 0.657003
vt 0.542261 0.674052
vt 0.520614 0.672362
vt 0.881169 0.100863
vt 0.877154 0.106084
vt 0.089646 0.569202
vt 0.593274 0.481058
vt 0.611074 0.499581
vt 0.586220 0.502232
vt 0.576107 0.471310
vt 0.597957 0.460058
vt 0.614548 0.474874
vt 0.568601 0.491993
vt 0.938586 0.577584
vt 0.938529 0.569448
vt 0.960298 0.567891
vt 0.922806 0.580739
vt 0.958387 0.573768
vt 0.018313 0.744234
vt 0.028460 0.724578
vt 0.039308 0.742240
vt 0.050787 0.447862
vt 0.036662 0.417552
vt 0.055276 0.419522
vt 0.076220 0.430252
vt 0.941214 0.426060
vt 0.925275 0.424310
vt 0.929315 0.411447
vt 0.939769 0.439663
vt 0.726993 0.942655
vt 0.734752 0.940900
vt 0.739061 0.945038
vt 0.731104 0.934071
vt 0.725973 0.946380
vt 0.722836 0.934861
vt 0.731291 0.948464
vt 0.641130 0.400307
vt 0.637151 0.377231
vt 0.650304 0.383334
vt 0.631094 0.419313
vt 0.654394 0.403875
vt 0.651124 0.421476
vt 0.639680 0.418900
vt 0.028781 0.523996
vt 0.023590 0.527523
vt 0.028038 0.522040
vt 0.034178 0.522727
vt 0.024800 0.529200
vt 0.902652 0.845262
vt 0.877720 0.847382
vt 0.900753 0.821203
vt 0.789687 0.256305
vt 0.776669 0.262149
vt 0.793073 0.246433
vt 0.887977 0.867542
vt 0.906914 0.871062
vt 0.790972 0.267133
vt 0.862284 0.578625
vt 0.870229 0.559580
vt 0.892705 0.584207
vt 0.846254 0.580389
vt 0.851819 0.551166
vt 0.020388 0.661016
vt 0.045167 0.644237
vt 0.046574 0.659416
vt 0.434235 0.270171
vt 0.418328 0.259707
vt 0.443142 0.247276
vt 0.509583 0.673628
vt 0.475255 0.679893
vt 0.504774 0.654585
vt 0.018452 0.644450
vt 0.428543 0.293412
vt 0.482429 0.700955
vt 0.411747 0.645759
vt 0.427488 0.649418
vt 0.415951 0.658085
vt 0.404707 0.651456
vt 0.398515 0.619733
vt 0.423088 0.640218
vt 0.417046 0.614963
vt 0.700014 0.026415
vt 0.678893 0.017548
vt 0.699939 0.021989
vt 0.644139 0.821356
vt 0.666426 0.804939
vt 0.657687 0.835038
vt 0.729657 0.040628
vt 0.698280 0.045616
vt 0.652553 0.838381
vt 0.730964 0.021625
vt 0.724817 0.080102
vt 0.725331 0.083465
vt 0.712215 0.082800
vt 0.713171 0.073967
vt 0.724322 0.072969
vt 0.484035 0.028214
vt 0.491754 0.042465
vt 0.481737 0.041613
vt 0.475281 0.040915
vt 0.489073 0.011179
vt 0.495650 0.028940
vt 0.701926 0.442266
vt 0.686818 0.440113
vt 0.694005 0.432417
vt 0.691667 0.449707
vt 0.719468 0.439955
vt 0.706546 0.430652
vt 0.901382 0.084510
vt 0.901498 0.090001
vt 0.923849 0.078619
vt 0.922440 0.086084
vt 0.060942 0.556514
vt 0.041000 0.568954
vt 0.038659 0.555880
vt 0.268756 0.151149
vt 0.237243 0.142211
vt 0.264148 0.156239
vt 0.263164 0.170057
vt 0.243152 0.389924
vt 0.911327 0.771359
vt 0.903470 0.796628
vt 0.901042 0.766760
vt 0.908943 0.755534
vt 0.920140 0.752958
vt 0.921747 0.787859
vt 0.274471 0.395370
vt 0.711996 0.682775
vt 0.704907 0.700657
vt 0.699418 0.677671
vt 0.719514 0.663480
vt 0.729296 0.686466
vt 0.869185 0.622691
vt 0.856570 0.630466
vt 0.856589 0.612609
vt 0.723196 0.704145
vt 0.710881 0.652409
vt 0.483653 0.848260
vt 0.471807 0.831439
vt 0.489071 0.833365
vt 0.492329 0.869074
vt 0.477746 0.863274
vt 0.466683 0.848053
vt 0.497030 0.850832
vt 0.762035 0.706702
vt 0.757762 0.698792
vt 0.775394 0.702599
vt 0.314493 0.118866
vt 0.307050 0.144685
vt 0.289874 0.119678
vt 0.304231 0.108833
vt 0.322216 0.100907
vt 0.325377 0.142291
vt 0.612773 0.700039
vt 0.626834 0.711142
vt 0.616593 0.714679
vt 0.607816 0.684155
vt 0.623034 0.696605
vt 0.914206 0.543399
vt 0.921560 0.543691
vt 0.915207 0.534063
vt 0.825425 0.113169
vt 0.175584 0.536452
vt 0.153866 0.550763
vt 0.289141 0.595764
vt 0.294311 0.587444
vt 0.314143 0.591705
vt 0.142768 0.536593
vt 0.163432 0.519896
vt 0.742104 0.671608
vt 0.770732 0.668757
vt 0.759162 0.677978
vt 0.747529 0.683731
vt 0.733360 0.673449
vt 0.760730 0.649864
vt 0.736481 0.665761
vt 0.909726 0.903626
vt 0.905131 0.904092
vt 0.907160 0.898280
vt 0.915516 0.895795
vt 0.929712 0.915088
vt 0.930921 0.925230
vt 0.855640 0.775769
vt 0.864709 0.764523
vt 0.870423 0.778588
vt 0.844270 0.767933
vt 0.850146 0.790982
vt 0.862252 0.782395
vt 0.235258 0.477817
vt 0.217129 0.488757
vt 0.219615 0.476439
vt 0.093885 0.468567
vt 0.110721 0.469534
vt 0.109853 0.481398
vt 0.093505 0.480549
vt 0.095088 0.452928
vt 0.077597 0.453763
vt 0.220991 0.460382
vt 0.233077 0.489607
vt 0.726015 0.374162
vt 0.708499 0.359990
vt 0.745405 0.369013
vt 0.889808 0.249972
vt 0.887913 0.234335
vt 0.181716 0.306014
vt 0.187135 0.297632
vt 0.194071 0.302811
vt 0.188310 0.312198
vt 0.175352 0.298825
vt 0.172988 0.306832
vt 0.671912 0.993828
vt 0.659690 0.993277
vt 0.666167 0.990511
vt 0.962199 0.053426
vt 0.943989 0.054142
vt 0.946055 0.046574
vt 0.681503 0.992302
vt 0.765727 0.210829
vt 0.770945 0.224232
vt 0.758318 0.224472
vt 0.748008 0.215428
vt 0.773484 0.210577
vt 0.776007 0.195726
vt 0.749994 0.199444
vt 0.682028 0.995842
vt 0.696401 0.977224
vt 0.697733 0.995075
vt 0.992227 0.474856
vt 0.988266 0.490782
vt 0.971944 0.483835
vt 0.970739 0.471976
vt 0.683933 0.973036
vt 0.210596 0.739359
vt 0.236314 0.770208
vt 0.216825 0.767935
vt 0.232411 0.737050
vt 0.230635 0.280284
vt 0.220428 0.288184
vt 0.497346 0.398865
vt 0.501394 0.397028
vt 0.502274 0.408593
vt 0.500324 0.412706
vt 0.631112 0.477942
vt 0.647366 0.460078
vt 0.639973 0.481164
vt 0.641233 0.457794
vt 0.286075 0.527932
vt 0.285902 0.552030
vt 0.588638 0.813715
vt 0.598671 0.806622
vt 0.603859 0.824532
vt 0.586177 0.820679
vt 0.578700 0.808734
vt 0.591333 0.792597
vt 0.915224 0.209595
vt 0.898537 0.214181
vt 0.898046 0.197087
vt 0.925246 0.216999
vt 0.915449 0.225358
vt 0.914891 0.195018
vt 0.922112 0.203383
vt 0.260875 0.275199
vt 0.284786 0.277071
vt 0.259613 0.298569
vt 0.378219 0.619253
vt 0.361075 0.629519
vt 0.374563 0.611802
vt 0.471360 0.919558
vt 0.477864 0.932222
vt 0.462106 0.911992
vt 0.494603 0.730203
vt 0.485003 0.743381
vt 0.482493 0.731446
vt 0.496612 0.742115
vt 0.968115 0.086270
vt 0.955965 0.079839
vt 0.984913 0.071784
vt 0.980817 0.090783
vt 0.968820 0.097907
vt 0.972107 0.064697
vt 0.691834 0.204723
vt 0.680862 0.209516
vt 0.686707 0.197904
vt 0.738372 0.987459
vt 0.765100 0.991597
vt 0.741167 0.994239
vt 0.693804 0.212871
vt 0.733121 0.994239
vt 0.544426 0.066920
vt 0.536916 0.066920
vt 0.537678 0.041367
vt 0.126829 0.177764
vt 0.150620 0.147135
vt 0.150478 0.157022
vt 0.975896 0.582265
vt 0.979809 0.590373
vt 0.975843 0.591637
vt 0.987104 0.582834
vt 0.478470 0.914465
vt 0.509616 0.909126
vt 0.956928 0.584886
vt 0.501328 0.924275
vt 0.980608 0.577414
vt 0.977377 0.564924
vt 0.982448 0.636787
vt 0.753124 0.932008
vt 0.744226 0.941012
vt 0.743635 0.935519
vt 0.741908 0.930871
vt 0.740185 0.916546
vt 0.761879 0.940148
vt 0.438390 0.925265
vt 0.409314 0.929989
vt 0.394857 0.932644
vt 0.392495 0.912262
vt 0.561119 0.124849
vt 0.570096 0.129735
vt 0.072881 0.542270
vt 0.062764 0.510384
vt 0.095215 0.520654
vt 0.107392 0.542775
vt 0.262720 0.963668
vt 0.239291 0.958251
vt 0.264675 0.933629
vt 0.743380 0.502432
vt 0.758349 0.519646
vt 0.741195 0.529169
vt 0.240740 0.980612
vt 0.296377 0.960003
vt 0.412172 0.716981
vt 0.425982 0.735366
vt 0.410912 0.730156
vt 0.397215 0.717969
vt 0.389903 0.710749
vt 0.407012 0.693522
vt 0.028649 0.339787
vt 0.024933 0.323475
vt 0.037635 0.326415
vt 0.955621 0.976137
vt 0.957714 0.979927
vt 0.037830 0.342535
vt 0.992805 0.246576
vt 0.984369 0.256995
vt 0.983837 0.246762
vt 0.953403 0.972743
vt 0.980506 0.018936
vt 0.064619 0.256379
vt 0.087619 0.259807
vt 0.082874 0.268798
vt 0.058099 0.268962
vt 0.998246 0.020101
vt 0.988370 0.012827
vt 0.552333 0.170730
vt 0.549332 0.191434
vt 0.540219 0.179086
vt 0.561294 0.183289
vt 0.546086 0.162300
vt 0.574099 0.173496
vt 0.775943 0.154296
vt 0.765033 0.169646
vt 0.487574 0.968572
vt 0.515476 0.977638
vt 0.488910 0.992282
vt 0.772878 0.133844
vt 0.785230 0.167307
vt 0.410547 0.857111
vt 0.423100 0.860240
vt 0.243506 0.850332
vt 0.246382 0.843086
vt 0.007578 0.014793
vt 0.019040 0.004909
vt 0.025233 0.015635
vt 0.020800 0.026021
vt 0.291192 0.008268
vt 0.007820 0.028123
vt 0.007276 0.000006
vt 0.946589 0.740533
vt 0.950059 0.718378
vt 0.957980 0.725366
vt 0.863408 0.854543
vt 0.865653 0.861967
vt 0.891718 0.717972
vt 0.903723 0.710199
vt 0.897047 0.735475
vt 0.635457 0.983944
vt 0.646443 0.994931
vt 0.607751 0.995212
vt 0.868968 0.694892
vt 0.856240 0.857862
vt 0.993373 0.595018
vt 0.984864 0.599422
vt 0.988345 0.592254
vt 0.505658 0.840829
vt 0.517709 0.823023
vt 0.528975 0.837186
vt 0.519906 0.852550
vt 0.991089 0.587184
vt 0.999064 0.579987
vt 0.999859 0.601476
vt 0.292901 0.364906
vt 0.299293 0.374258
vt 0.290473 0.344694
vt 0.302301 0.356669
vt 0.971835 0.785050
vt 0.206023 0.232266
vt 0.209212 0.228507
vt 0.214872 0.232001
vt 0.645427 0.976927
vt 0.632032 0.981529
vt 0.631349 0.973731
vt 0.643538 0.967534
vt 0.208872 0.242597
vt 0.200092 0.244483
vt 0.197493 0.235917
vt 0.903213 0.421734
vt 0.914850 0.423157
vt 0.909464 0.435440
vt 0.220910 0.117102
vt 0.230546 0.117492
vt 0.201926 0.119754
vt 0.430819 0.071111
vt 0.458897 0.069704
vt 0.952032 0.794314
vt 0.483287 0.083576
vt 0.476296 0.072183
vt 0.492312 0.062094
vt 0.476606 0.086530
vt 0.347169 0.220063
vt 0.516600 0.006264
vt 0.522818 0.045577
vt 0.360243 0.207575
vt 0.494706 0.036312
vt 0.364965 0.231787
vt 0.344707 0.231476
vt 0.145085 0.369778
vt 0.129142 0.374294
vt 0.142003 0.355916
vt 0.684128 0.336855
vt 0.698906 0.342052
vt 0.691379 0.356571
vt 0.169108 0.360657
vt 0.698590 0.314715
vt 0.675427 0.351225
vt 0.201711 0.307931
vt 0.195616 0.317901
vt 0.900913 0.230440
vt 0.884240 0.218697
vt 0.087340 0.033786
vt 0.098497 0.027155
vt 0.096939 0.046099
vt 0.744137 0.914411
vt 0.765390 0.911098
vt 0.087524 0.047755
vt 0.081186 0.035162
vt 0.093129 0.024804
vt 0.142277 0.745089
vt 0.135961 0.763043
vt 0.111696 0.737288
vt 0.210006 0.595748
vt 0.245952 0.592039
vt 0.247456 0.611041
vt 0.210066 0.616846
vt 0.214780 0.574263
vt 0.991398 0.183680
vt 0.984794 0.185470
vt 0.064153 0.672728
vt 0.085480 0.678324
vt 0.079623 0.696841
vt 0.930004 0.884615
vt 0.941068 0.851972
vt 0.936162 0.882832
vt 0.904113 0.842780
vt 0.641088 0.767972
vt 0.610292 0.663886
vt 0.642735 0.781750
vt 0.830117 0.269239
vt 0.836414 0.274206
vt 0.502925 0.779184
vt 0.512025 0.794951
vt 0.488153 0.779962
vt 0.634073 0.908829
vt 0.642219 0.903484
vt 0.969250 0.935223
vt 0.974835 0.936984
vt 0.970123 0.952831
vt 0.965062 0.934186
vt 0.975027 0.926364
vt 0.948086 0.937346
vt 0.940100 0.933762
vt 0.102192 0.251396
vt 0.107268 0.269647
vt 0.097954 0.263204
vt 0.091725 0.248751
vt 0.117056 0.238254
vt 0.138602 0.258401
vt 0.125372 0.264416
vt 0.811363 0.206372
vt 0.834756 0.208234
vt 0.813455 0.226746
vt 0.833421 0.188498
vt 0.810686 0.184150
vt 0.662884 0.067975
vt 0.715136 0.156351
vt 0.685032 0.157920
vt 0.683502 0.150852
vt 0.691347 0.042961
vt 0.695266 0.131918
vt 0.696363 0.026358
vt 0.193894 0.422241
vt 0.178816 0.417140
vt 0.189271 0.393420
vt 0.667973 0.616869
vt 0.643847 0.627393
vt 0.200425 0.396408
vt 0.214135 0.444165
vt 0.132511 0.430770
vt 0.141993 0.429710
vt 0.128150 0.452884
vt 0.116349 0.430638
vt 0.506586 0.640515
vt 0.524929 0.622887
vt 0.505910 0.623656
vt 0.304560 0.527244
vt 0.301362 0.507608
vt 0.304898 0.506922
vt 0.317238 0.526824
vt 0.705117 0.903402
vt 0.301068 0.527362
vt 0.291332 0.546002
vt 0.017188 0.117456
vt 0.017022 0.105304
vt 0.031490 0.110427
vt 0.185681 0.145085
vt 0.209131 0.147591
vt 0.162926 0.144297
vt 0.185642 0.152537
vt 0.612175 0.424250
vt 0.622616 0.421587
vt 0.627399 0.440474
vt 0.530551 0.793705
vt 0.529466 0.818637
vt 0.522653 0.798846
vt 0.549765 0.806251
vt 0.614434 0.446555
vt 0.601780 0.438234
vt 0.528860 0.965319
vt 0.514228 0.950372
vt 0.549993 0.955250
vt 0.604247 0.427184
vt 0.973893 0.434653
vt 0.961493 0.449732
vt 0.960501 0.443549
vt 0.971535 0.411492
vt 0.983038 0.421066
vt 0.964501 0.425819
vt 0.619611 0.167153
vt 0.610236 0.172595
vt 0.604039 0.158489
vt 0.985900 0.438313
vt 0.065401 0.955749
vt 0.048665 0.948697
vt 0.328213 0.860138
vt 0.328567 0.843362
vt 0.345460 0.857854
vt 0.790227 0.768555
vt 0.773288 0.766305
vt 0.801318 0.777555
vt 0.780761 0.784813
vt 0.794753 0.787251
vt 0.464425 0.186445
vt 0.448102 0.163587
vt 0.460473 0.157725
vt 0.501244 0.140621
vt 0.477641 0.176442
vt 0.760917 0.258043
vt 0.745314 0.240239
vt 0.762248 0.254593
vt 0.477071 0.126867
vt 0.043310 0.195609
vt 0.030508 0.190497
vt 0.050646 0.175715
vt 0.924539 0.159167
vt 0.934163 0.151335
vt 0.914488 0.155714
vt 0.914664 0.158069
vt 0.656406 0.323481
vt 0.647000 0.336233
vt 0.048409 0.535407
vt 0.050582 0.540589
vt 0.047655 0.541124
vt 0.319251 0.579185
vt 0.308633 0.546421
vt 0.317178 0.595253
vt 0.303001 0.569344
vt 0.293278 0.277565
vt 0.294575 0.269434
vt 0.339756 0.575147
vt 0.337211 0.592900
vt 0.581340 0.457089
vt 0.561661 0.445708
vt 0.228877 0.171632
vt 0.229536 0.184009
vt 0.215356 0.187798
vt 0.115515 0.284591
vt 0.133485 0.288399
vt 0.107099 0.302037
vt 0.090800 0.286242
vt 0.539127 0.108690
vt 0.546446 0.087625
vt 0.532168 0.132477
vt 0.541170 0.372886
vt 0.528431 0.355538
vt 0.537993 0.375822
vt 0.549730 0.372555
vt 0.546955 0.385695
vt 0.392548 0.651431
vt 0.393051 0.660242
vt 0.379809 0.656143
vt 0.379905 0.624017
vt 0.380207 0.651485
vt 0.621705 0.728705
vt 0.635040 0.740200
vt 0.625754 0.743326
vt 0.915346 0.524526
vt 0.921528 0.533980
vt 0.632220 0.725885
vt 0.922002 0.524534
vt 0.915904 0.514906
vt 0.916515 0.323833
vt 0.813300 0.831564
vt 0.807098 0.839810
vt 0.830101 0.835289
vt 0.817075 0.822349
vt 0.649532 0.156909
vt 0.640992 0.161161
vt 0.645230 0.150726
vt 0.656863 0.156206
vt 0.649614 0.165495
vt 0.656537 0.149212
vt 0.303350 0.326123
vt 0.314501 0.341528
vt 0.301000 0.340171
vt 0.316442 0.325953
vt 0.286552 0.328586
vt 0.222108 0.372789
vt 0.225086 0.385363
vt 0.213438 0.382209
vt 0.214274 0.365847
vt 0.058276 0.862795
vt 0.062441 0.865961
vt 0.051558 0.859538
vt 0.351937 0.250696
vt 0.343352 0.249408
vt 0.343746 0.242814
vt 0.353256 0.247750
vt 0.358007 0.255949
vt 0.351206 0.254629
vt 0.035881 0.859354
vt 0.025885 0.862602
vt 0.027130 0.837156
vt 0.038622 0.843272
vt 0.041516 0.987270
vt 0.029098 0.992889
vt 0.037396 0.983774
vt 0.967856 0.244370
vt 0.972247 0.239069
vt 0.963514 0.246553
vt 0.973911 0.246293
vt 0.381062 0.042882
vt 0.391210 0.034379
vt 0.392419 0.043331
vt 0.380713 0.051871
vt 0.379608 0.033825
vt 0.234605 0.045972
vt 0.146176 0.957250
vt 0.147665 0.933082
vt 0.177536 0.931276
vt 0.192746 0.952600
vt 0.618834 0.282478
vt 0.639499 0.270423
vt 0.643571 0.293513
vt 0.623254 0.304610
vt 0.594228 0.295044
vt 0.592995 0.270242
vt 0.614410 0.258839
vt 0.295087 0.014521
vt 0.313007 0.020021
vt 0.306665 0.038024
vt 0.288774 0.032701
vt 0.072459 0.375412
vt 0.076517 0.383746
vt 0.050932 0.385696
vt 0.051999 0.364282
vt 0.796084 0.258169
vt 0.800440 0.249697
vt 0.810513 0.261629
vt 0.074465 0.364080
vt 0.796621 0.266346
vt 0.426478 0.059139
vt 0.094431 0.187763
vt 0.100496 0.168698
vt 0.104150 0.172237
vt 0.098258 0.191741
vt 0.090669 0.201965
vt 0.362018 0.916030
vt 0.362001 0.913494
vt 0.378233 0.913014
vt 0.345677 0.913176
vt 0.344846 0.915562
vt 0.049413 0.547450
vt 0.047881 0.545110
vt 0.051898 0.550229
vt 0.047750 0.548335
vt 0.484846 0.886173
vt 0.487845 0.901326
vt 0.567071 0.781538
vt 0.571096 0.796618
vt 0.558645 0.764537
vt 0.566058 0.763035
vt 0.559609 0.782833
vt 0.674254 0.620558
vt 0.667560 0.622249
vt 0.689922 0.620956
vt 0.673874 0.634491
vt 0.474803 0.263996
vt 0.470684 0.264204
vt 0.473040 0.256311
vt 0.676977 0.607595
vt 0.511031 0.391515
vt 0.525493 0.392072
vt 0.521355 0.407602
vt 0.528884 0.935780
vt 0.566432 0.937927
vt 0.502605 0.412132
vt 0.717858 0.537496
vt 0.687525 0.567918
vt 0.700947 0.557841
vt 0.648064 0.015786
vt 0.651692 0.019789
vt 0.647682 0.018644
vt 0.645342 0.009835
vt 0.653446 0.012568
vt 0.643655 0.014173
vt 0.645770 0.019101
vt 0.643752 0.015925
vt 0.622937 0.191349
vt 0.629760 0.193631
vt 0.644039 0.214877
vt 0.042985 0.805305
vt 0.058860 0.782460
vt 0.054547 0.805181
vt 0.036536 0.801763
vt 0.173440 0.109679
vt 0.181795 0.085273
vt 0.253155 0.320997
vt 0.247906 0.294094
vt 0.228914 0.328373
vt 0.237031 0.287915
vt 0.265513 0.324719
vt 0.257765 0.348675
vt 0.144326 0.467964
vt 0.145591 0.481017
vt 0.126358 0.479623
vt 0.126340 0.468347
vt 0.159258 0.454899
vt 0.160435 0.468452
vt 0.143003 0.453378
vt 0.896077 0.009968
vt 0.908327 0.012209
vt 0.722342 0.964278
vt 0.728411 0.975335
vt 0.894308 0.022686
vt 0.725729 0.952493
vt 0.733579 0.958910
vt 0.181080 0.277049
vt 0.173760 0.270908
vt 0.180753 0.262553
vt 0.174713 0.285164
vt 0.470751 0.360272
vt 0.454142 0.383564
vt 0.439694 0.366175
vt 0.462958 0.341831
vt 0.669051 0.441644
vt 0.685202 0.417743
vt 0.682672 0.420337
vt 0.301726 0.435176
vt 0.292349 0.409440
vt 0.640452 0.634179
vt 0.213611 0.030636
vt 0.193325 0.064637
vt 0.187173 0.031143
vt 0.214947 0.059138
vt 0.957529 0.901618
vt 0.961362 0.932919
vt 0.948204 0.926693
vt 0.972848 0.906580
vt 0.084145 0.273402
vt 0.111025 0.280868
vt 0.267425 0.155652
vt 0.072893 0.279409
vt 0.549899 0.147989
vt 0.752685 0.189983
vt 0.772204 0.187309
vt 0.353674 0.776515
vt 0.363656 0.749527
vt 0.998921 0.523122
vt 0.987785 0.541553
vt 0.022768 0.034565
vt 0.954208 0.712365
vt 0.947101 0.707141
vt 0.964662 0.694848
vt 0.972141 0.701157
vt 0.961034 0.718952
vt 0.597357 0.423163
vt 0.566193 0.423235
vt 0.554219 0.827269
vt 0.590053 0.436439
vt 0.539889 0.854677
vt 0.049464 0.182169
vt 0.054311 0.178692
vt 0.046177 0.203727
vt 0.417968 0.421553
vt 0.443304 0.425679
vt 0.414720 0.436358
vt 0.420298 0.392967
vt 0.444630 0.403192
vt 0.406619 0.427338
vt 0.454611 0.829897
vt 0.311897 0.091843
vt 0.326315 0.081444
vt 0.751939 0.691294
vt 0.759539 0.688990
vt 0.494500 0.290996
vt 0.495477 0.277780
vt 0.513237 0.291359
vt 0.507607 0.301791
vt 0.499613 0.305615
vt 0.836765 0.301563
vt 0.821861 0.317582
vt 0.823584 0.295948
vt 0.771865 0.392293
vt 0.786362 0.356310
vt 0.802017 0.383993
vt 0.829328 0.283511
vt 0.840129 0.286193
vt 0.050716 0.678579
vt 0.053169 0.665581
vt 0.061073 0.680520
vt 0.051524 0.696732
vt 0.780916 0.250101
vt 0.767470 0.248401
vt 0.781183 0.220025
vt 0.498804 0.198540
vt 0.027580 0.170066
vt 0.037568 0.166617
vt 0.569827 0.059868
vt 0.577208 0.033816
vt 0.064415 0.630212
vt 0.064038 0.648175
vt 0.022451 0.626920
vt 0.045225 0.627647
vt 0.824964 0.796007
vt 0.828467 0.806499
vt 0.815148 0.798175
vt 0.811227 0.792186
vt 0.824235 0.785552
vt 0.429293 0.658553
vt 0.396418 0.481373
vt 0.391470 0.523886
vt 0.317194 0.505634
vt 0.314904 0.480686
vt 0.733410 0.008273
vt 0.731419 0.017861
vt 0.700558 0.013780
vt 0.140657 0.736194
vt 0.165012 0.672178
vt 0.143235 0.745510
vt 0.135350 0.666488
vt 0.671163 0.703474
vt 0.649903 0.707071
vt 0.668274 0.689027
vt 0.653789 0.720515
vt 0.632188 0.784107
vt 0.616632 0.801991
vt 0.673148 0.717754
vt 0.686808 0.716087
vt 0.679340 0.060596
vt 0.690766 0.059264
vt 0.688356 0.078581
vt 0.967734 0.340271
vt 0.964765 0.341915
vt 0.963413 0.337921
vt 0.965921 0.332561
vt 0.979282 0.339780
vt 0.966378 0.344748
vt 0.921950 0.047783
vt 0.929950 0.040258
vt 0.323092 0.613035
vt 0.341050 0.617535
vt 0.337751 0.604896
vt 0.807649 0.672825
vt 0.793531 0.667493
vt 0.947019 0.079641
vt 0.673072 0.219547
vt 0.671897 0.196993
vt 0.693137 0.224735
vt 0.162890 0.346200
vt 0.182686 0.342027
vt 0.170161 0.332605
vt 0.738571 0.261776
vt 0.747608 0.264319
vt 0.721213 0.298258
vt 0.699047 0.246597
vt 0.265054 0.118779
vt 0.255116 0.108432
vt 0.262684 0.105792
vt 0.945085 0.160292
vt 0.941533 0.157655
vt 0.753522 0.054060
vt 0.745991 0.058260
vt 0.496074 0.474317
vt 0.473262 0.524884
vt 0.472036 0.496865
vt 0.546117 0.591632
vt 0.559666 0.583756
vt 0.544561 0.595611
vt 0.569967 0.588530
vt 0.956277 0.118960
vt 0.933406 0.108739
vt 0.925864 0.098265
vt 0.396981 0.165157
vt 0.386962 0.179067
vt 0.823343 0.558526
vt 0.782692 0.528227
vt 0.843395 0.580406
vt 0.821162 0.517580
vt 0.842456 0.535209
vt 0.654458 0.382320
vt 0.659673 0.405937
vt 0.870884 0.645726
vt 0.860681 0.655869
vt 0.702762 0.717171
vt 0.694116 0.698859
vt 0.227641 0.232454
vt 0.237835 0.232681
vt 0.227922 0.242344
vt 0.217804 0.241878
vt 0.226725 0.226870
vt 0.237178 0.227934
vt 0.118595 0.175022
vt 0.125214 0.176084
vt 0.122823 0.180085
vt 0.112470 0.168669
vt 0.120303 0.170761
vt 0.114421 0.183151
vt 0.109303 0.177559
vt 0.637625 0.709398
vt 0.646382 0.693651
vt 0.642151 0.723057
vt 0.849492 0.000222
vt 0.837997 0.013819
vt 0.832030 0.006415
vt 0.846183 0.012996
vt 0.852430 0.011880
vt 0.822814 0.000184
vt 0.224209 0.976540
vt 0.206729 0.954106
vt 0.222610 0.954121
vt 0.117967 0.555406
vt 0.127560 0.568097
vt 0.208083 0.976674
vt 0.377884 0.713881
vt 0.352834 0.712809
vt 0.363558 0.701824
vt 0.395973 0.735429
vt 0.376504 0.731908
vt 0.732437 0.681658
vt 0.557201 0.091538
vt 0.556940 0.071290
vt 0.567640 0.071014
vt 0.566099 0.091177
vt 0.564981 0.095622
vt 0.549326 0.071414
vt 0.556749 0.099194
vt 0.547255 0.092557
vt 0.270929 0.482256
vt 0.097545 0.155625
vt 0.096535 0.166267
vt 0.093899 0.165115
vt 0.101220 0.156171
vt 0.251891 0.472897
vt 0.093948 0.155837
vt 0.216984 0.499827
vt 0.385138 0.199610
vt 0.417712 0.226323
vt 0.290563 0.772251
vt 0.283381 0.758298
vt 0.278684 0.783844
vt 0.281289 0.768434
vt 0.290834 0.786188
vt 0.302762 0.789816
vt 0.686428 0.763866
vt 0.698368 0.746497
vt 0.489910 0.439900
vt 0.475622 0.459998
vt 0.476493 0.419259
vt 0.288350 0.011990
vt 0.992246 0.187971
vt 0.992246 0.244383
vt 0.984914 0.186222
vt 0.697704 0.757448
vt 0.056667 0.803205
vt 0.058904 0.830195
vt 0.353230 0.099652
vt 0.347749 0.114800
vt 0.333214 0.106893
vt 0.350839 0.082790
vt 0.995321 0.375538
vt 0.987443 0.374675
vt 0.976425 0.362257
vt 0.992751 0.366452
vt 0.996603 0.749315
vt 0.980312 0.749815
vt 0.320173 0.178451
vt 0.305881 0.179458
vt 0.316850 0.167057
vt 0.017508 0.830116
vt 0.016074 0.819719
vt 0.021590 0.824892
vt 0.333562 0.153676
vt 0.906656 0.450867
vt 0.897556 0.438311
vt 0.921625 0.437441
vt 0.921224 0.451883
vt 0.644799 0.066713
vt 0.627935 0.065674
vt 0.620998 0.053154
vt 0.020403 0.532806
vt 0.315561 0.195517
vt 0.319602 0.183287
vt 0.710927 0.979770
vt 0.330073 0.811975
vt 0.347472 0.840605
vt 0.308376 0.817974
vt 0.805368 0.797765
vt 0.798903 0.789479
vt 0.805028 0.815387
vt 0.795350 0.807303
vt 0.812989 0.816366
vt 0.792216 0.795776
vt 0.688358 0.822718
vt 0.706996 0.810446
vt 0.702843 0.827529
vt 0.682533 0.836264
vt 0.673792 0.825236
vt 0.686730 0.801092
vt 0.695971 0.840587
vt 0.108978 0.673913
vt 0.106661 0.688369
vt 0.112219 0.649460
vt 0.121176 0.661906
vt 0.127659 0.693121
vt 0.930586 0.226774
vt 0.734439 0.129431
vt 0.741665 0.135322
vt 0.732149 0.140294
vt 0.737719 0.124705
vt 0.754169 0.639171
vt 0.766206 0.644486
vt 0.000660 0.804665
vt 0.000660 0.797267
vt 0.004424 0.798896
vt 0.745346 0.644414
vt 0.741954 0.631196
vt 0.060577 0.117676
vt 0.062020 0.122799
vt 0.058619 0.111565
vt 0.475153 0.247950
vt 0.469931 0.246823
vt 0.472355 0.235177
vt 0.476410 0.235136
vt 0.486997 0.237020
vt 0.671331 0.601204
vt 0.668746 0.591312
vt 0.486298 0.249137
vt 0.742206 0.085463
vt 0.764461 0.086469
vt 0.744846 0.103188
vt 0.731520 0.097925
vt 0.377083 0.911017
vt 0.374633 0.899940
vt 0.391082 0.896183
vt 0.392459 0.910760
vt 0.556973 0.575507
vt 0.534469 0.583455
vt 0.545210 0.579376
vt 0.144333 0.492963
vt 0.614847 0.211303
vt 0.593203 0.207404
vt 0.609855 0.199428
vt 0.594693 0.222096
vt 0.632204 0.203470
vt 0.617458 0.225364
vt 0.028067 0.372053
vt 0.020363 0.358155
vt 0.034669 0.366131
vt 0.043362 0.397313
vt 0.015773 0.375840
vt 0.048284 0.384609
vt 0.015809 0.358152
vt 0.264783 0.395619
vt 0.278306 0.398483
vt 0.273107 0.411069
vt 0.649052 0.944313
vt 0.634266 0.939590
vt 0.648785 0.928692
vt 0.649712 0.951912
vt 0.257820 0.395284
vt 0.679560 0.473087
vt 0.666219 0.480021
vt 0.668109 0.461374
vt 0.675255 0.463819
vt 0.681528 0.486181
vt 0.684919 0.486642
vt 0.682232 0.472069
vt 0.956473 0.278172
vt 0.920967 0.260384
vt 0.947165 0.262827
vt 0.822390 0.136840
vt 0.803913 0.123111
vt 0.812171 0.160317
vt 0.892910 0.045738
vt 0.935102 0.721926
vt 0.939373 0.711230
vt 0.929879 0.737645
vt 0.984107 0.846161
vt 0.984203 0.864520
vt 0.976537 0.851838
vt 0.261563 0.966005
vt 0.976154 0.842731
vt 0.290988 0.385216
vt 0.314893 0.361230
vt 0.309720 0.379742
vt 0.432655 0.451246
vt 0.457996 0.443435
vt 0.447423 0.465598
vt 0.443763 0.429126
vt 0.424288 0.457311
vt 0.230951 0.266149
vt 0.222202 0.274770
vt 0.229620 0.254009
vt 0.239572 0.264551
vt 0.231447 0.273991
vt 0.307968 0.731356
vt 0.315980 0.706246
vt 0.817317 0.080677
vt 0.804445 0.055743
vt 0.822919 0.055188
vt 0.832204 0.083903
vt 0.788111 0.096620
vt 0.799632 0.073602
vt 0.809988 0.103742
vt 0.639174 0.754230
vt 0.839834 0.026981
vt 0.827287 0.021798
vt 0.193730 0.683953
vt 0.185253 0.677214
vt 0.207180 0.675308
vt 0.194149 0.730016
vt 0.231651 0.162371
vt 0.217511 0.160101
vt 0.233011 0.156230
vt 0.524708 0.161719
vt 0.520071 0.157023
vt 0.534381 0.147446
vt 0.538666 0.153939
vt 0.534064 0.170246
vt 0.974657 0.608711
vt 0.961935 0.604604
vt 0.967312 0.595266
vt 0.914633 0.601491
vt 0.928169 0.588239
vt 0.912843 0.625859
vt 0.973082 0.591976
vt 0.981597 0.628905
vt 0.964042 0.630652
vt 0.474915 0.403152
vt 0.928142 0.958118
vt 0.920053 0.959057
vt 0.905723 0.949748
vt 0.482592 0.402121
vt 0.338654 0.255436
vt 0.332363 0.242554
vt 0.351405 0.258582
vt 0.483522 0.574109
vt 0.561037 0.673836
vt 0.570664 0.675111
vt 0.729732 0.204202
vt 0.737926 0.227345
vt 0.059013 0.231258
vt 0.068966 0.217782
vt 0.084447 0.224899
vt 0.370416 0.073413
vt 0.376002 0.075228
vt 0.367262 0.089271
vt 0.061117 0.204182
vt 0.687617 0.953564
vt 0.681774 0.955637
vt 0.352525 0.810469
vt 0.444888 0.704713
vt 0.438902 0.683888
vt 0.450626 0.726334
vt 0.795535 0.856047
vt 0.788494 0.842798
vt 0.777417 0.741846
vt 0.758637 0.782566
vt 0.678957 0.009182
vt 0.672443 0.847986
vt 0.664175 0.854950
vt 0.642191 0.855841
vt 0.734538 0.057366
vt 0.026348 0.686586
vt 0.027391 0.708095
vt 0.014877 0.695363
vt 0.298943 0.278254
vt 0.319297 0.277148
vt 0.284014 0.241316
vt 0.272029 0.252547
vt 0.274234 0.239120
vt 0.286316 0.229167
vt 0.295801 0.232166
vt 0.440464 0.243933
vt 0.455682 0.232790
vt 0.457290 0.243986
vt 0.659627 0.227818
vt 0.677907 0.267210
vt 0.449786 0.250608
vt 0.660895 0.208619
vt 0.652353 0.213431
vt 0.929193 0.377177
vt 0.942863 0.378136
vt 0.919607 0.393101
vt 0.915967 0.372575
vt 0.929805 0.362848
vt 0.943242 0.361927
vt 0.056132 0.470678
vt 0.044004 0.494313
vt 0.037643 0.475331
vt 0.059911 0.490309
vt 0.052795 0.451885
vt 0.965638 0.969348
vt 0.971766 0.970763
vt 0.960063 0.980090
vt 0.972430 0.949986
vt 0.382837 0.295582
vt 0.397987 0.293726
vt 0.389888 0.266600
vt 0.363862 0.268800
vt 0.015217 0.559779
vt 0.013928 0.557985
vt 0.016952 0.555239
vt 0.250071 0.635979
vt 0.393959 0.693082
vt 0.406992 0.685261
vt 0.120894 0.048590
vt 0.124927 0.057186
vt 0.113793 0.072159
vt 0.110982 0.067588
vt 0.108552 0.064013
vt 0.129344 0.042520
vt 0.089012 0.164983
vt 0.079383 0.181599
vt 0.076930 0.172607
vt 0.913672 0.977819
vt 0.889597 0.966229
vt 0.908104 0.966419
vt 0.087679 0.178067
vt 0.084789 0.157605
vt 0.925538 0.975787
vt 0.589296 0.154376
vt 0.593434 0.164152
vt 0.614316 0.155002
vt 0.723674 0.386134
vt 0.704757 0.379282
vt 0.742315 0.405647
vt 0.722163 0.399878
vt 0.743058 0.386205
vt 0.266758 0.770100
vt 0.257858 0.766662
vt 0.265904 0.736798
vt 0.290233 0.739409
vt 0.078040 0.055204
vt 0.082824 0.052096
vt 0.085384 0.058046
vt 0.070490 0.034816
vt 0.512378 0.960213
vt 0.513014 0.964921
vt 0.509389 0.960256
vt 0.514973 0.952840
vt 0.518944 0.963231
vt 0.883115 0.816293
vt 0.922050 0.826945
vt 0.558900 0.729526
vt 0.552136 0.713580
vt 0.568278 0.703657
vt 0.112407 0.861843
vt 0.141273 0.876980
vt 0.138572 0.858910
vt 0.341776 0.442855
vt 0.330031 0.462203
vt 0.321847 0.447796
vt 0.110222 0.159741
vt 0.107168 0.162790
vt 0.104743 0.159137
vt 0.390182 0.098457
vt 0.272596 0.084907
vt 0.292475 0.076443
vt 0.286404 0.090239
vt 0.276281 0.069827
vt 0.377346 0.083387
vt 0.469317 0.113635
vt 0.465659 0.097582
vt 0.470086 0.100026
vt 0.461818 0.099891
vt 0.464184 0.113335
vt 0.434911 0.068480
vt 0.048288 0.310987
vt 0.017982 0.302216
vt 0.465195 0.312691
vt 0.512857 0.323759
vt 0.098015 0.203550
vt 0.104890 0.198051
vt 0.102796 0.207454
vt 0.094638 0.208445
vt 0.782152 0.934924
vt 0.778543 0.946465
vt 0.795109 0.934371
vt 0.579996 0.340603
vt 0.602764 0.326722
vt 0.595476 0.345943
vt 0.576303 0.354268
vt 0.893013 0.754042
vt 0.573240 0.574877
vt 0.541447 0.572559
vt 0.553849 0.547802
vt 0.562204 0.350660
vt 0.874649 0.027601
vt 0.888543 0.017506
vt 0.889459 0.047568
vt 0.786824 0.477886
vt 0.767366 0.483406
vt 0.762692 0.465964
vt 0.796917 0.475053
vt 0.787059 0.499688
vt 0.785856 0.459599
vt 0.767605 0.501076
vt 0.361670 0.687801
vt 0.353591 0.704494
vt 0.340085 0.686269
vt 0.353902 0.666477
vt 0.370512 0.670410
vt 0.565352 0.820247
vt 0.570997 0.812492
vt 0.820428 0.635961
vt 0.552465 0.807500
vt 0.205100 0.219753
vt 0.194728 0.238284
vt 0.218021 0.203073
vt 0.221568 0.217742
vt 0.910815 0.306224
vt 0.930564 0.310093
vt 0.702793 0.122791
vt 0.730131 0.586090
vt 0.677506 0.461936
vt 0.969738 0.331828
vt 0.960025 0.329972
vt 0.974672 0.324888
vt 0.097900 0.559969
vt 0.092728 0.575708
vt 0.090373 0.545650
vt 0.160781 0.156205
vt 0.547834 0.102020
vt 0.552733 0.128386
vt 0.802454 0.430637
vt 0.792755 0.434739
vt 0.795607 0.419941
vt 0.204488 0.435936
vt 0.199837 0.455440
vt 0.187490 0.452540
vt 0.813905 0.434648
vt 0.805731 0.446404
vt 0.812936 0.413653
vt 0.034999 0.941089
vt 0.031628 0.954707
vt 0.019729 0.951590
vt 0.040293 0.927070
vt 0.019909 0.929528
vt 0.025219 0.916998
vt 0.167071 0.264794
vt 0.166540 0.278658
vt 0.158441 0.272375
vt 0.170873 0.251071
vt 0.175797 0.256833
vt 0.788757 0.911973
vt 0.768165 0.926711
vt 0.105028 0.035347
vt 0.059466 0.760930
vt 0.048375 0.753165
vt 0.064929 0.749989
vt 0.062160 0.763690
vt 0.043945 0.761001
vt 0.003608 0.796390
vt 0.004585 0.796237
vt 0.003845 0.796727
vt 0.004330 0.795302
vt 0.650497 0.914262
vt 0.936268 0.541762
vt 0.936471 0.551490
vt 0.935852 0.533024
vt 0.956377 0.539918
vt 0.955266 0.548714
vt 0.983213 0.504989
vt 0.971512 0.497481
vt 0.936610 0.248049
vt 0.964856 0.250724
vt 0.831921 0.169668
vt 0.953574 0.235101
vt 0.809984 0.164226
vt 0.854727 0.172191
vt 0.677436 0.164878
vt 0.672748 0.156769
vt 0.678504 0.154978
vt 0.681058 0.174285
vt 0.668123 0.170649
vt 0.627714 0.376229
vt 0.625702 0.371288
vt 0.612941 0.368389
vt 0.723518 0.723138
vt 0.702693 0.731755
vt 0.902988 0.875178
vt 0.913927 0.887166
vt 0.888790 0.881976
vt 0.464184 0.927386
vt 0.473368 0.945794
vt 0.458931 0.932593
vt 0.475046 0.936016
vt 0.917850 0.876527
vt 0.897264 0.885917
vt 0.649257 0.135429
vt 0.642272 0.135346
vt 0.648349 0.114115
vt 0.662619 0.134753
vt 0.782921 0.823972
vt 0.795025 0.827467
vt 0.784931 0.836165
vt 0.721578 0.641372
vt 0.722247 0.647867
vt 0.753200 0.829147
vt 0.788602 0.817998
vt 0.222863 0.910558
vt 0.194543 0.895193
vt 0.223188 0.907867
vt 0.208384 0.896609
vt 0.576915 0.726440
vt 0.563427 0.720420
vt 0.584270 0.717077
vt 0.579663 0.730127
vt 0.587124 0.237025
vt 0.608909 0.240624
vt 0.592395 0.258177
vt 0.566861 0.737742
vt 0.574880 0.245908
vt 0.132933 0.096836
vt 0.140399 0.105147
vt 0.131196 0.081392
vt 0.149182 0.095880
vt 0.120772 0.087531
vt 0.804117 0.235819
vt 0.821053 0.229878
vt 0.166510 0.661269
vt 0.200227 0.665859
vt 0.165232 0.659277
vt 0.185935 0.659924
vt 0.141959 0.659054
vt 0.199123 0.663714
vt 0.860495 0.673487
vt 0.872681 0.670404
vt 0.841201 0.655258
vt 0.958296 0.366028
vt 0.968829 0.352224
vt 0.968205 0.368080
vt 0.955837 0.375255
vt 0.946722 0.352799
vt 0.961622 0.353186
vt 0.087112 0.062714
vt 0.063872 0.508689
vt 0.961340 0.402835
vt 0.077440 0.505641
vt 0.050979 0.512509
vt 0.766025 0.125727
vt 0.777617 0.132326
vt 0.512997 0.984411
vt 0.362589 0.856750
vt 0.395464 0.869857
vt 0.377533 0.871040
vt 0.499705 0.354955
vt 0.503425 0.338402
vt 0.510376 0.355093
vt 0.506786 0.339204
vt 0.912040 0.725457
vt 0.877711 0.823303
vt 0.917826 0.747205
vt 0.888044 0.541508
vt 0.893039 0.566020
vt 0.870276 0.542432
vt 0.626299 0.325782
vt 0.562597 0.493703
vt 0.566172 0.524939
vt 0.546899 0.514809
vt 0.867931 0.097582
vt 0.882315 0.075567
vt 0.870402 0.095327
vt 0.534444 0.484822
vt 0.439235 0.747378
vt 0.434015 0.756252
vt 0.414798 0.747787
vt 0.437009 0.727006
vt 0.812543 0.708272
vt 0.800576 0.717616
vt 0.262289 0.266645
vt 0.254692 0.268061
vt 0.968418 0.111731
vt 0.976575 0.107113
vt 0.971942 0.116750
vt 0.965789 0.105944
vt 0.724350 0.054482
vt 0.736021 0.046091
vt 0.100399 0.321544
vt 0.086815 0.324041
vt 0.087191 0.304584
vt 0.089329 0.345182
vt 0.353980 0.238850
vt 0.357230 0.241720
vt 0.344718 0.239347
vt 0.360313 0.252107
vt 0.459613 0.959304
vt 0.597686 0.036386
vt 0.893973 0.177426
vt 0.881325 0.157424
vt 0.898685 0.157727
vt 0.583735 0.070383
vt 0.568855 0.090271
vt 0.220757 0.789676
vt 0.252473 0.780287
vt 0.239356 0.803630
vt 0.392439 0.025776
vt 0.377226 0.024381
vt 0.204648 0.609823
vt 0.765378 0.602259
vt 0.749489 0.585047
vt 0.777760 0.576528
vt 0.745137 0.607258
vt 0.765086 0.622123
vt 0.579225 0.265595
vt 0.567119 0.274587
vt 0.560458 0.254657
vt 0.022600 0.812472
vt 0.009599 0.814915
vt 0.020250 0.808106
vt 0.031338 0.810259
vt 0.027553 0.817752
vt 0.027730 0.822121
vt 0.103316 0.757576
vt 0.133505 0.782250
vt 0.216238 0.647286
vt 0.593915 0.100380
vt 0.586655 0.099522
vt 0.612549 0.119065
vt 0.591161 0.108525
vt 0.944764 0.359463
vt 0.949571 0.375174
vt 0.948249 0.377870
vt 0.934001 0.921627
vt 0.950947 0.916040
vt 0.950344 0.936641
vt 0.958140 0.950092
vt 0.943133 0.932919
vt 0.948289 0.949760
vt 0.874396 0.755391
vt 0.878054 0.767863
vt 0.514756 0.975673
vt 0.999343 0.940925
vt 0.999941 0.948127
vt 0.988683 0.949676
vt 0.508420 0.966878
vt 0.697351 0.502137
vt 0.710780 0.493602
vt 0.724127 0.501251
vt 0.370200 0.224299
vt 0.356090 0.325147
vt 0.330200 0.384775
vt 0.191385 0.371536
vt 0.205592 0.358447
vt 0.200304 0.376343
vt 0.185752 0.392732
vt 0.370089 0.333159
vt 0.176980 0.389528
vt 0.112886 0.453405
vt 0.097954 0.430768
vt 0.906847 0.128461
vt 0.909273 0.142123
vt 0.894650 0.143631
vt 0.226205 0.447348
vt 0.807861 0.391131
vt 0.815152 0.375701
vt 0.809873 0.397612
vt 0.216985 0.551350
vt 0.250173 0.573459
vt 0.298202 0.090708
vt 0.294616 0.084071
vt 0.304490 0.082613
vt 0.280701 0.097263
vt 0.266564 0.047587
vt 0.282666 0.051946
vt 0.262414 0.065797
vt 0.077719 0.408835
vt 0.093520 0.390801
vt 0.059383 0.402370
vt 0.098573 0.414132
vt 0.223647 0.930072
vt 0.239224 0.907620
vt 0.239502 0.931948
vt 0.776616 0.655893
vt 0.779575 0.678820
vt 0.900956 0.899427
vt 0.964042 0.666423
vt 0.948269 0.632111
vt 0.947077 0.665187
vt 0.899586 0.906936
vt 0.946212 0.672354
vt 0.981287 0.663490
vt 0.875364 0.980666
vt 0.856512 0.981630
vt 0.074958 0.187834
vt 0.262175 0.070893
vt 0.252993 0.083926
vt 0.254115 0.068328
vt 0.216544 0.511193
vt 0.199593 0.509500
vt 0.260485 0.084641
vt 0.232343 0.497022
vt 0.271147 0.069428
vt 0.268847 0.084710
vt 0.233111 0.508390
vt 0.685855 0.371186
vt 0.207460 0.278950
vt 0.647261 0.988939
vt 0.653959 0.989784
vt 0.973629 0.680077
vt 0.957381 0.690384
vt 0.967081 0.671844
vt 0.977253 0.671941
vt 0.981283 0.675980
vt 0.976840 0.685675
vt 0.544836 0.437617
vt 0.457819 0.251558
vt 0.193511 0.323507
vt 0.884029 0.379334
vt 0.896930 0.363487
vt 0.900231 0.385225
vt 0.883983 0.352690
vt 0.199131 0.333723
vt 0.869903 0.364462
vt 0.157400 0.316391
vt 0.146712 0.288990
vt 0.940944 0.451869
vt 0.958764 0.448544
vt 0.960743 0.459705
vt 0.921362 0.463107
vt 0.957289 0.438993
vt 0.943074 0.463317
vt 0.678696 0.080777
vt 0.919562 0.002672
vt 0.651727 0.068465
vt 0.636074 0.372981
vt 0.039930 0.522666
vt 0.039385 0.523347
vt 0.034103 0.520224
vt 0.914674 0.717195
vt 0.060585 0.943289
vt 0.073832 0.947801
vt 0.081168 0.935389
vt 0.456566 0.661958
vt 0.480522 0.658473
vt 0.432425 0.662275
vt 0.527701 0.357851
vt 0.522083 0.356600
vt 0.568061 0.976412
vt 0.569901 0.950896
vt 0.588690 0.968365
vt 0.167955 0.013416
vt 0.164210 0.020047
vt 0.160680 0.013252
vt 0.424744 0.544254
vt 0.423404 0.551254
vt 0.413084 0.544794
vt 0.523811 0.367317
vt 0.551774 0.960853
vt 0.672080 0.843235
vt 0.678127 0.846984
vt 0.141916 0.172676
vt 0.150025 0.165708
vt 0.593474 0.706238
vt 0.431850 0.286032
vt 0.430067 0.299350
vt 0.884943 0.272342
vt 0.171501 0.304557
vt 0.165417 0.295321
vt 0.890491 0.266724
vt 0.293803 0.279206
vt 0.745305 0.128739
vt 0.263603 0.906532
vt 0.237749 0.904304
vt 0.263930 0.908307
vt 0.259847 0.888034
vt 0.744935 0.501423
vt 0.744051 0.486204
vt 0.629962 0.324587
vt 0.598194 0.316924
vt 0.767562 0.519342
vt 0.650100 0.315318
vt 0.725367 0.501631
vt 0.970297 0.247479
vt 0.037734 0.316844
vt 0.000182 0.813222
vt 0.011350 0.801652
vt 0.007237 0.794693
vt 0.874015 0.190788
vt 0.889050 0.188392
vt 0.876572 0.207556
vt 0.855502 0.190384
vt 0.874838 0.172993
vt 0.856900 0.208052
vt 0.888671 0.171794
vt 0.673506 0.155379
vt 0.666418 0.152049
vt 0.666867 0.155983
vt 0.418662 0.843260
vt 0.735626 0.706465
vt 0.736120 0.722032
vt 0.984192 0.949845
vt 0.991326 0.122464
vt 0.978809 0.121963
vt 0.990038 0.101293
vt 0.612775 0.120307
vt 0.630427 0.137514
vt 0.620311 0.142760
vt 0.629736 0.114471
vt 0.314680 0.382381
vt 0.303583 0.393575
vt 0.464606 0.417448
vt 0.778263 0.717054
vt 0.993479 0.905349
vt 0.960053 0.894488
vt 0.994192 0.874010
vt 0.793401 0.723355
vt 0.714374 0.056039
vt 0.703121 0.057380
vt 0.657807 0.655347
vt 0.642328 0.675019
vt 0.637694 0.664075
vt 0.701522 0.047948
vt 0.717539 0.044987
vt 0.468387 0.084846
vt 0.463653 0.085355
vt 0.465248 0.075956
vt 0.267776 0.196735
vt 0.269009 0.177085
vt 0.314985 0.209519
vt 0.036482 0.905556
vt 0.044600 0.915551
vt 0.805022 0.028845
vt 0.802416 0.018579
vt 0.817680 0.014931
vt 0.031472 0.895868
vt 0.815413 0.030033
vt 0.812398 0.038562
vt 0.210985 0.312419
vt 0.216145 0.299771
vt 0.238744 0.426828
vt 0.245310 0.411354
vt 0.233275 0.441502
vt 0.267414 0.421974
vt 0.442750 0.865886
vt 0.065419 0.893109
vt 0.608854 0.821674
vt 0.444876 0.268043
vt 0.446049 0.274632
vt 0.449074 0.258848
vt 0.971219 0.376022
vt 0.243457 0.272824
vt 0.356952 0.602019
vt 0.357686 0.615202
vt 0.509319 0.742876
vt 0.502111 0.754660
vt 0.357717 0.589012
vt 0.365823 0.592263
vt 0.381704 0.082179
vt 0.377267 0.070371
vt 0.386057 0.071091
vt 0.046733 0.076097
vt 0.022063 0.081025
vt 0.019545 0.069819
vt 0.044880 0.085749
vt 0.998828 0.079160
vt 0.039868 0.064760
vt 0.441027 0.217826
vt 0.960976 0.401183
vt 0.999369 0.401183
vt 0.995662 0.422915
vt 0.260520 0.981943
vt 0.978871 0.881573
vt 0.973679 0.872434
vt 0.267327 0.988302
vt 0.968674 0.885669
vt 0.776778 0.255236
vt 0.763783 0.265759
vt 0.398430 0.952351
vt 0.414358 0.951506
vt 0.758903 0.430823
vt 0.754972 0.442324
vt 0.750519 0.430161
vt 0.757968 0.414030
vt 0.774029 0.420855
vt 0.776284 0.435464
vt 0.061314 0.777977
vt 0.064172 0.756317
vt 0.404352 0.660921
vt 0.162054 0.042996
vt 0.460704 0.283549
vt 0.450989 0.281934
vt 0.883861 0.741761
vt 0.828614 0.343173
vt 0.810096 0.345173
vt 0.824377 0.335203
vt 0.890166 0.753795
vt 0.859508 0.794216
vt 0.843558 0.806247
vt 0.843767 0.791502
vt 0.618363 0.961660
vt 0.630323 0.960006
vt 0.618488 0.969531
vt 0.933512 0.397281
vt 0.855963 0.811230
vt 0.604773 0.965748
vt 0.175538 0.416640
vt 0.817216 0.407881
vt 0.826470 0.414952
vt 0.822049 0.423193
vt 0.803866 0.406009
vt 0.267822 0.104799
vt 0.272834 0.117735
vt 0.304933 0.266738
vt 0.317292 0.237418
vt 0.323166 0.244760
vt 0.189799 0.117752
vt 0.766413 0.352114
vt 0.760386 0.323191
vt 0.718541 0.185680
vt 0.717970 0.161756
vt 0.764247 0.368968
vt 0.736508 0.188306
vt 0.699262 0.180992
vt 0.634171 0.030328
vt 0.630718 0.023484
vt 0.638873 0.024437
vt 0.629544 0.489514
vt 0.625950 0.028540
vt 0.647541 0.030076
vt 0.676214 0.504591
vt 0.668968 0.499419
vt 0.648624 0.502978
vt 0.575350 0.121513
vt 0.584793 0.108997
vt 0.584129 0.122441
vt 0.089750 0.101295
vt 0.079664 0.115986
vt 0.078205 0.097005
vt 0.088255 0.083033
vt 0.100482 0.088904
vt 0.817735 0.269121
vt 0.824332 0.272497
vt 0.820504 0.278171
vt 0.809200 0.278475
vt 0.964104 0.836661
vt 0.995231 0.824842
vt 0.999800 0.838589
vt 0.699340 0.220184
vt 0.921062 0.698374
vt 0.926660 0.729976
vt 0.829188 0.553147
vt 0.087110 0.217634
vt 0.086548 0.203644
vt 0.091656 0.208132
vt 0.918167 0.077198
vt 0.928619 0.064342
vt 0.944474 0.070677
vt 0.907650 0.062174
vt 0.902983 0.077121
vt 0.064354 0.664802
vt 0.248248 0.224365
vt 0.266522 0.226979
vt 0.066058 0.163158
vt 0.066058 0.198136
vt 0.059426 0.163171
vt 0.068335 0.140689
vt 0.070985 0.169947
vt 0.648947 0.766672
vt 0.762520 0.532095
vt 0.163332 0.802420
vt 0.158384 0.821439
vt 0.144771 0.819977
vt 0.776389 0.536839
vt 0.144228 0.799055
vt 0.142116 0.785058
vt 0.169477 0.786652
vt 0.847117 0.683471
vt 0.840868 0.696645
vt 0.641022 0.184692
vt 0.026549 0.803811
vt 0.998163 0.036057
vt 0.190172 0.470408
vt 0.176045 0.466061
vt 0.360696 0.873030
vt 0.378843 0.886779
vt 0.494587 0.328515
vt 0.483403 0.339584
vt 0.481014 0.317459
vt 0.766657 0.793484
vt 0.743978 0.788495
vt 0.781445 0.796351
vt 0.928870 0.709440
vt 0.885025 0.659506
vt 0.918454 0.661318
vt 0.978178 0.865415
vt 0.260356 0.848099
vt 0.031119 0.003946
vt 0.441738 0.384051
vt 0.471353 0.386951
vt 0.185847 0.889557
vt 0.219055 0.890435
vt 0.234377 0.875653
vt 0.164733 0.162312
vt 0.174766 0.165893
vt 0.917459 0.928025
vt 0.357759 0.573065
vt 0.335840 0.400271
vt 0.344897 0.395877
vt 0.353633 0.413745
vt 0.339821 0.430998
vt 0.330930 0.416269
vt 0.316569 0.388136
vt 0.649760 0.886102
vt 0.938399 0.925056
vt 0.925376 0.391426
vt 0.933927 0.386160
vt 0.944085 0.389505
vt 0.854761 0.018979
vt 0.836958 0.227025
vt 0.999758 0.624470
vt 0.982698 0.622414
vt 0.640716 0.154212
vt 0.364794 0.317159
vt 0.724199 0.831384
vt 0.714027 0.844710
vt 0.735537 0.842190
vt 0.047218 0.102622
vt 0.793433 0.634845
vt 0.789137 0.656317
vt 0.346073 0.272970
vt 0.937072 0.794196
vt 0.922421 0.779327
vt 0.018322 0.966251
vt 0.151304 0.277675
vt 0.732122 0.905981
vt 0.436785 0.134434
vt 0.452422 0.124732
vt 0.451574 0.144125
vt 0.445412 0.145927
vt 0.432157 0.139650
vt 0.861377 0.796722
vt 0.865035 0.819449
vt 0.325054 0.946347
vt 0.322690 0.925214
vt 0.329498 0.974405
vt 0.298479 0.979194
vt 0.476095 0.734082
vt 0.462183 0.742752
vt 0.463083 0.726141
vt 0.477348 0.748181
vt 0.235130 0.058724
vt 0.222614 0.054135
vt 0.234887 0.052121
vt 0.222199 0.062323
vt 0.380152 0.060994
vt 0.558236 0.203219
vt 0.231990 0.199006
vt 0.236833 0.214683
vt 0.301171 0.485471
vt 0.963313 0.749795
vt 0.950813 0.746773
vt 0.175346 0.454253
vt 0.186400 0.427292
vt 0.011224 0.995871
vt 0.015047 0.982820
vt 0.016941 0.993812
vt 0.369148 0.783257
vt 0.516795 0.362214
vt 0.412961 0.067723
vt 0.398906 0.063826
vt 0.409008 0.057004
vt 0.863749 0.052698
vt 0.854306 0.074569
vt 0.842392 0.055647
vt 0.124088 0.189323
vt 0.135041 0.176488
vt 0.857941 0.046168
vt 0.121115 0.198024
vt 0.137734 0.189675
vt 0.574528 0.545057
vt 0.343702 0.891496
vt 0.332974 0.894399
vt 0.362627 0.897995
vt 0.053179 0.554395
vt 0.051530 0.554516
vt 0.377873 0.644724
vt 0.360543 0.643633
vt 0.947002 0.853295
vt 0.956472 0.891612
vt 0.065310 0.602659
vt 0.082682 0.595646
vt 0.066235 0.626752
vt 0.181731 0.239332
vt 0.372375 0.119516
vt 0.326449 0.113281
vt 0.070498 0.281268
vt 0.073536 0.304211
vt 0.057097 0.308199
vt 0.389314 0.135689
vt 0.411731 0.112418
vt 0.695730 0.418128
vt 0.896417 0.890417
vt 0.874021 0.892066
vt 0.868160 0.874789
vt 0.867819 0.880915
vt 0.273651 0.877750
vt 0.625933 0.017026
vt 0.633785 0.014938
vt 0.953515 0.010316
vt 0.946714 0.012401
vt 0.037079 0.062829
vt 0.005626 0.073049
vt 0.014753 0.044897
vt 0.556152 0.285441
vt 0.569309 0.286558
vt 0.569206 0.304438
vt 0.555723 0.305285
vt 0.183062 0.155535
vt 0.944900 0.973871
vt 0.946258 0.963361
vt 0.053145 0.334423
vt 0.047932 0.313399
vt 0.057973 0.331369
vt 0.044342 0.320576
vt 0.074203 0.342931
vt 0.268459 0.173764
vt 0.057060 0.285163
vt 0.367278 0.092877
vt 0.374969 0.079555
vt 0.374955 0.103465
vt 0.303269 0.238304
vt 0.619572 0.978827
vt 0.653712 0.866291
vt 0.541234 0.237607
vt 0.326746 0.241916
vt 0.397836 0.882366
vt 0.540589 0.604067
vt 0.474575 0.132392
vt 0.617797 0.351210
vt 0.526164 0.552423
vt 0.026842 0.894089
vt 0.047922 0.554847
vt 0.321958 0.687630
vt 0.336526 0.704839
vt 0.334000 0.668488
vt 0.313051 0.669789
vt 0.303367 0.694055
vt 0.560150 0.801935
vt 0.544726 0.783434
vt 0.565535 0.798599
vt 0.192643 0.176894
vt 0.698620 0.470948
vt 0.684488 0.465975
vt 0.695223 0.460574
vt 0.686155 0.475030
vt 0.701260 0.482340
vt 0.089375 0.504815
vt 0.686798 0.904027
vt 0.916109 0.548489
vt 0.710476 0.903886
vt 0.712399 0.914465
vt 0.918867 0.048709
vt 0.400534 0.257740
vt 0.413682 0.291969
vt 0.306575 0.423021
vt 0.799797 0.844999
vt 0.941383 0.242311
vt 0.571012 0.365464
vt 0.587436 0.375406
vt 0.575959 0.394835
vt 0.966677 0.295498
vt 0.985156 0.300943
vt 0.978182 0.314060
vt 0.550094 0.386010
vt 0.590339 0.360245
vt 0.019902 0.150161
vt 0.047205 0.138005
vt 0.026397 0.170078
vt 0.806536 0.377182
vt 0.267470 0.221934
vt 0.223804 0.105545
vt 0.524106 0.872456
vt 0.504653 0.847549
vt 0.496555 0.876889
vt 0.977496 0.611995
vt 0.057473 0.839874
vt 0.184170 0.555742
vt 0.744577 0.689375
vt 0.069538 0.108589
vt 0.829523 0.274054
vt 0.835976 0.280302
vt 0.835967 0.275386
vt 0.725884 0.188147
vt 0.535708 0.055729
vt 0.521412 0.056177
vt 0.085568 0.942559
vt 0.091489 0.942254
vt 0.084674 0.951691
vt 0.079456 0.951932
vt 0.862048 0.039269
vt 0.310161 0.880751
vt 0.379443 0.805388
vt 0.393939 0.820533
vt 0.807986 0.784520
vt 0.661223 0.773166
vt 0.685867 0.767671
vt 0.947074 0.302768
vt 0.964810 0.294255
vt 0.836265 0.341830
vt 0.856480 0.309097
vt 0.647303 0.022912
vt 0.656731 0.023679
vt 0.960810 0.188532
vt 0.961870 0.196177
vt 0.951021 0.193729
vt 0.980443 0.159141
vt 0.968554 0.186666
vt 0.927630 0.176998
vt 0.696839 0.177121
vt 0.120902 0.225690
vt 0.091777 0.211367
vt 0.144742 0.249997
vt 0.809953 0.038746
vt 0.802514 0.041331
vt 0.766533 0.952181
vt 0.530494 0.134373
vt 0.918224 0.631829
vt 0.926456 0.662702
vt 0.910356 0.657516
vt 0.568956 0.193836
vt 0.582032 0.185241
vt 0.592249 0.199082
vt 0.758196 0.406494
vt 0.725517 0.418495
vt 0.753580 0.427557
vt 0.739860 0.429072
vt 0.265005 0.781767
vt 0.640815 0.987284
vt 0.981249 0.958826
vt 0.987541 0.959201
vt 0.983197 0.967437
vt 0.638776 0.364606
vt 0.640183 0.355692
vt 0.992439 0.326101
vt 0.983589 0.323110
vt 0.995972 0.316553
vt 0.208027 0.269334
vt 0.212524 0.255289
vt 0.209056 0.276700
vt 0.204532 0.257777
vt 0.382612 0.418293
vt 0.363278 0.427683
vt 0.369705 0.408607
vt 0.839261 0.473610
vt 0.816384 0.476518
vt 0.838162 0.466135
vt 0.518356 0.080816
vt 0.915930 0.505921
vt 0.888372 0.246437
vt 0.915793 0.597960
vt 0.768807 0.349037
vt 0.770712 0.301916
vt 0.231494 0.104737
vt 0.223825 0.083911
vt 0.232805 0.084926
vt 0.244884 0.102506
vt 0.243992 0.115612
vt 0.226627 0.116136
vt 0.565150 0.011407
vt 0.770122 0.056851
vt 0.762619 0.049806
vt 0.780569 0.052286
vt 0.215825 0.137567
vt 0.001905 0.795666
vt 0.001655 0.795416
vt 0.002547 0.795374
vt 0.002920 0.797087
vt 0.604722 0.961691
vt 0.179473 0.765600
vt 0.140752 0.765357
vt 0.143030 0.749092
vt 0.122074 0.937026
vt 0.182847 0.743942
vt 0.200588 0.763333
vt 0.110333 0.959148
vt 0.620425 0.832064
vt 0.488322 0.056215
vt 0.474864 0.056175
vt 0.935313 0.701450
vt 0.949568 0.684577
vt 0.043526 0.854767
vt 0.447285 0.847833
vt 0.425765 0.827775
vt 0.433094 0.806508
vt 0.075972 0.172302
vt 0.654937 0.788984
vt 0.651132 0.779998
vt 0.624341 0.667574
vt 0.629361 0.678742
vt 0.618853 0.680904
vt 0.459147 0.087665
vt 0.910657 0.307319
vt 0.915354 0.318943
vt 0.911668 0.314452
vt 0.463584 0.075194
vt 0.254926 0.656499
vt 0.225698 0.668179
vt 0.261009 0.678799
vt 0.285127 0.673866
vt 0.855321 0.405474
vt 0.598383 0.237233
vt 0.702919 0.157734
vt 0.848645 0.893592
vt 0.235285 0.223198
vt 0.236837 0.227334
vt 0.236400 0.226854
vt 0.751288 0.737921
vt 0.745841 0.720948
vt 0.750607 0.721763
vt 0.754086 0.737745
vt 0.739704 0.738323
vt 0.042317 0.766573
vt 0.015396 0.774731
vt 0.017838 0.763185
vt 0.050582 0.775684
vt 0.961280 0.669228
vt 0.283382 0.391173
vt 0.667850 0.911247
vt 0.900593 0.336148
vt 0.983506 0.973355
vt 0.978271 0.952083
vt 0.015267 0.835183
vt 0.027940 0.985972
vt 0.032651 0.976969
vt 0.418537 0.617559
vt 0.326407 0.233741
vt 0.330988 0.234663
vt 0.316562 0.223304
vt 0.970627 0.847060
vt 0.963654 0.837357
vt 0.980370 0.242915
vt 0.755516 0.856743
vt 0.633520 0.250719
vt 0.659987 0.248172
vt 0.662983 0.279855
vt 0.066630 0.092431
vt 0.078298 0.072745
vt 0.827417 0.268109
vt 0.459805 0.120065
vt 0.792406 0.914978
vt 0.817181 0.897231
vt 0.463310 0.863667
vt 0.681733 0.596343
vt 0.667239 0.549292
vt 0.972325 0.581959
vt 0.702093 0.582524
vt 0.020831 0.091536
vt 0.155707 0.136395
vt 0.164680 0.128782
vt 0.164291 0.137129
vt 0.127954 0.117671
vt 0.135777 0.114051
vt 0.159417 0.126221
vt 0.516873 0.805807
vt 0.503670 0.940671
vt 0.996029 0.572135
vt 0.485948 0.941729
vt 0.451813 0.317567
vt 0.430931 0.318943
vt 0.571148 0.211078
vt 0.571025 0.195463
vt 0.205213 0.322334
vt 0.207391 0.295844
vt 0.679869 0.456190
vt 0.272584 0.570483
vt 0.072379 0.734810
vt 0.915822 0.925938
vt 0.070371 0.198921
vt 0.839683 0.777653
vt 0.076441 0.207362
vt 0.850476 0.827724
vt 0.591734 0.968514
vt 0.605932 0.980337
vt 0.834457 0.818549
vt 0.591482 0.980479
vt 0.863649 0.836093
vt 0.040614 0.431270
vt 0.049735 0.448853
vt 0.212894 0.364547
vt 0.209062 0.371261
vt 0.529134 0.588853
vt 0.140784 0.653820
vt 0.167277 0.643582
vt 0.837565 0.635089
vt 0.955740 0.344139
vt 0.951504 0.331146
vt 0.959957 0.336573
vt 0.091523 0.054240
vt 0.272740 0.333630
vt 0.095184 0.057476
vt 0.022820 0.976448
vt 0.506428 0.598468
vt 0.336726 0.261277
vt 0.539343 0.276176
vt 0.765794 0.953745
vt 0.776299 0.963633
vt 0.388742 0.979698
vt 0.515983 0.537909
vt 0.326737 0.654221
vt 0.303485 0.651756
vt 0.299416 0.618830
vt 0.301017 0.636262
vt 0.026364 0.419326
vt 0.166965 0.225290
vt 0.072880 0.326028
vt 0.634958 0.365121
vt 0.177118 0.022680
vt 0.182922 0.017566
vt 0.184981 0.030616
vt 0.986591 0.778887
vt 0.983222 0.797925
vt 0.173325 0.033882
vt 0.173102 0.010347
vt 0.220541 0.254508
vt 0.021709 0.665053
vt 0.051739 0.667153
vt 0.017910 0.690819
vt 0.827665 0.111631
vt 0.513587 0.139449
vt 0.233710 0.151110
vt 0.218390 0.152690
vt 0.796600 0.500687
vt 0.797577 0.522930
vt 0.787559 0.518527
vt 0.897051 0.654683
vt 0.888247 0.212017
vt 0.589790 0.183792
vt 0.598775 0.200025
vt 0.674020 0.141625
vt 0.311973 0.815618
vt 0.300025 0.806970
vt 0.311057 0.799873
vt 0.329578 0.810362
vt 0.745920 0.707121
vt 0.578483 0.664445
vt 0.575143 0.661064
vt 0.189690 0.086393
vt 0.922963 0.186256
vt 0.946229 0.200647
vt 0.184587 0.092857
vt 0.453831 0.008383
vt 0.431265 0.037880
vt 0.430699 0.015899
vt 0.409981 0.134873
vt 0.462539 0.032524
vt 0.906398 0.461325
vt 0.893721 0.460085
vt 0.218142 0.223897
vt 0.785139 0.046752
vt 0.792338 0.037327
vt 0.735091 0.465321
vt 0.723521 0.482395
vt 0.400925 0.496602
vt 0.424052 0.484304
vt 0.422409 0.494443
vt 0.733955 0.439867
vt 0.406154 0.470587
vt 0.411455 0.524948
vt 0.234525 0.069666
vt 0.224761 0.063208
vt 0.234151 0.062715
vt 0.242605 0.083386
vt 0.224480 0.069976
vt 0.244325 0.068641
vt 0.713631 0.995790
vt 0.733288 0.991890
vt 0.002471 0.794676
vt 0.002912 0.794755
vt 0.215692 0.129957
vt 0.569514 0.932784
vt 0.413919 0.533820
vt 0.406051 0.540589
vt 0.862180 0.538651
vt 0.855174 0.538328
vt 0.856649 0.531799
vt 0.692542 0.126139
vt 0.686450 0.120982
vt 0.704935 0.140276
vt 0.144967 0.493887
vt 0.127815 0.518111
vt 0.685530 0.404881
vt 0.113888 0.500363
vt 0.683337 0.406452
vt 0.291331 0.637507
vt 0.672672 0.559198
vt 0.406606 0.678482
vt 0.420543 0.685622
vt 0.141663 0.051998
vt 0.133399 0.059828
vt 0.137457 0.041099
vt 0.575589 0.137698
vt 0.200120 0.291274
vt 0.181211 0.291186
vt 0.507971 0.962768
vt 0.600614 0.521608
vt 0.601234 0.517517
vt 0.643390 0.018192
vt 0.641079 0.018002
vt 0.507346 0.835316
vt 0.396587 0.108643
vt 0.469990 0.304839
vt 0.807151 0.300121
vt 0.031693 0.706348
vt 0.748961 0.229632
vt 0.735597 0.246072
vt 0.415714 0.237571
vt 0.515372 0.705826
vt 0.483887 0.723740
vt 0.475079 0.413805
vt 0.464614 0.421330
vt 0.382227 0.544192
vt 0.677980 0.730520
vt 0.024921 0.332583
vt 0.030255 0.348999
vt 0.007366 0.331835
vt 0.018259 0.322943
vt 0.294888 0.596627
vt 0.283155 0.274842
vt 0.269956 0.266746
vt 0.685703 0.496549
vt 0.682106 0.509077
vt 0.699383 0.491717
vt 0.686792 0.488363
vt 0.726922 0.929118
vt 0.625103 0.421572
vt 0.098123 0.957560
vt 0.097174 0.930379
vt 0.109741 0.928560
vt 0.641985 0.435813
vt 0.633145 0.444200
vt 0.777774 0.446125
vt 0.822382 0.776813
vt 0.701602 0.074285
vt 0.700253 0.084249
vt 0.975509 0.267764
vt 0.984169 0.284807
vt 0.040311 0.405787
vt 0.034625 0.362319
vt 0.668003 0.366798
vt 0.718616 0.921219
vt 0.717875 0.913156
vt 0.715744 0.925129
vt 0.473048 0.473332
vt 0.868297 0.028499
vt 0.749259 0.783280
vt 0.417282 0.670256
vt 0.406606 0.669434
vt 0.964025 0.378869
vt 0.965446 0.383414
vt 0.952063 0.380186
vt 0.974111 0.379558
vt 0.846437 0.433623
vt 0.761481 0.383934
vt 0.292390 0.892632
vt 0.410652 0.811204
vt 0.394086 0.811415
vt 0.415739 0.804300
vt 0.635637 0.020660
vt 0.289747 0.964422
vt 0.334912 0.398375
vt 0.027015 0.866218
vt 0.267249 0.588889
vt 0.576915 0.099354
vt 0.512979 0.272922
vt 0.502865 0.263902
vt 0.774627 0.342173
vt 0.791866 0.336307
vt 0.808855 0.365540
vt 0.996047 0.551852
vt 0.031995 0.456918
vt 0.019974 0.481435
vt 0.014330 0.462528
vt 0.075466 0.142407
vt 0.084156 0.151744
vt 0.982127 0.937988
vt 0.978184 0.932976
vt 0.084788 0.121621
vt 0.416619 0.980568
vt 0.402305 0.977955
vt 0.442241 0.497034
vt 0.443777 0.527807
vt 0.444559 0.976598
vt 0.022721 0.533741
vt 0.017068 0.537160
vt 0.126939 0.491508
vt 0.960566 0.590991
vt 0.953012 0.595461
vt 0.947822 0.620996
vt 0.364174 0.655971
vt 0.934308 0.322482
vt 0.742396 0.106622
vt 0.839962 0.876190
vt 0.840599 0.882171
vt 0.016922 0.573760
vt 0.687559 0.720066
vt 0.115121 0.165358
vt 0.353445 0.445326
vt 0.634122 0.691889
vt 0.915074 0.321518
vt 0.913636 0.323910
vt 0.910345 0.314501
vt 0.723801 0.670209
vt 0.731417 0.662311
vt 0.724060 0.658084
vt 0.548087 0.053109
vt 0.305472 0.483920
vt 0.974728 0.312241
vt 0.203717 0.473673
vt 0.079305 0.968830
vt 0.079467 0.979889
vt 0.074106 0.958569
vt 0.984876 0.240602
vt 0.038169 0.154943
vt 0.053872 0.160913
vt 0.789131 0.209661
vt 0.805631 0.178154
vt 0.966795 0.010227
vt 0.966795 0.035528
vt 0.952371 0.031189
vt 0.057124 0.127726
vt 0.941605 0.171294
vt 0.416652 0.666531
vt 0.431490 0.666841
vt 0.545578 0.070169
vt 0.421058 0.599569
vt 0.386676 0.593873
vt 0.788511 0.817402
vt 0.551029 0.956330
vt 0.550214 0.975002
vt 0.531947 0.965694
vt 0.419440 0.578049
vt 0.195263 0.576637
vt 0.289288 0.569837
vt 0.279303 0.576241
vt 0.686122 0.532565
vt 0.680373 0.506553
vt 0.009440 0.214333
vt 0.007829 0.199769
vt 0.036401 0.196766
vt 0.235210 0.691514
vt 0.852073 0.515650
vt 0.848480 0.528120
vt 0.950018 0.385543
vt 0.665224 0.588772
vt 0.167027 0.413918
vt 0.099798 0.403425
vt 0.109118 0.381202
vt 0.158565 0.429607
vt 0.758016 0.410556
vt 0.775082 0.401010
vt 0.771280 0.411283
vt 0.928681 0.693202
vt 0.942432 0.679134
vt 0.386551 0.480395
vt 0.395622 0.451685
vt 0.346920 0.655530
vt 0.344774 0.642762
vt 0.070571 0.709013
vt 0.086429 0.712781
vt 0.953775 0.825885
vt 0.348944 0.037850
vt 0.359875 0.043506
vt 0.350212 0.060939
vt 0.347235 0.061874
vt 0.629877 0.757796
vt 0.075849 0.346728
vt 0.840297 0.300510
vt 0.814687 0.327314
vt 0.871278 0.280007
vt 0.853141 0.258382
vt 0.638698 0.010631
vt 0.175903 0.428744
vt 0.776283 0.425055
vt 0.784766 0.413470
vt 0.381552 0.757378
vt 0.394556 0.056647
vt 0.645046 0.106437
vt 0.955004 0.493160
vt 0.501643 0.956808
vt 0.500014 0.945592
vt 0.801259 0.982990
vt 0.721130 0.900473
vt 0.255480 0.835077
vt 0.426156 0.629860
vt 0.431100 0.641788
vt 0.240780 0.829073
vt 0.190350 0.016736
vt 0.052876 0.019897
vt 0.681430 0.988394
vt 0.666348 0.986834
vt 0.681282 0.984438
vt 0.789253 0.105281
vt 0.802441 0.105221
vt 0.802258 0.113808
vt 0.789587 0.099380
vt 0.943079 0.061419
vt 0.925772 0.057306
vt 0.922922 0.700676
vt 0.160811 0.285704
vt 0.168702 0.292042
vt 0.164996 0.295964
vt 0.157063 0.289519
vt 0.009838 0.359823
vt 0.483939 0.766647
vt 0.512212 0.769029
vt 0.188853 0.352634
vt 0.464266 0.114118
vt 0.436309 0.156360
vt 0.578326 0.032747
vt 0.771099 0.044779
vt 0.765714 0.037791
vt 0.598921 0.410648
vt 0.439978 0.472911
vt 0.789742 0.440505
vt 0.797540 0.457200
vt 0.872603 0.393181
vt 0.884904 0.380936
vt 0.813911 0.318888
vt 0.809506 0.332496
vt 0.599470 0.177687
vt 0.582637 0.171488
vt 0.016860 0.251913
vt 0.031335 0.226490
vt 0.034895 0.518954
vt 0.053955 0.527477
vt 0.027120 0.500250
vt 0.299504 0.057405
vt 0.952046 0.827026
vt 0.935453 0.810784
vt 0.951930 0.810939
vt 0.488327 0.754382
vt 0.687804 0.481241
vt 0.837899 0.042444
vt 0.215223 0.063492
vt 0.081008 0.960716
vt 0.614015 0.033760
vt 0.609179 0.053148
vt 0.621021 0.017818
vt 0.933939 0.030709
vt 0.333256 0.789004
vt 0.577286 0.643930
vt 0.060879 0.177229
vt 0.043092 0.800161
vt 0.033814 0.790211
vt 0.056291 0.783671
vt 0.014884 0.802500
vt 0.025540 0.872362
vt 0.023754 0.870469
vt 0.183803 0.174980
vt 0.744563 0.298940
vt 0.716083 0.299505
vt 0.630869 0.463997
vt 0.687952 0.642811
vt 0.724915 0.638122
vt 0.970661 0.546854
vt 0.961872 0.559256
vt 0.672943 0.657198
vt 0.701505 0.692701
vt 0.329806 0.250635
vt 0.790274 0.243235
vt 0.588795 0.502865
vt 0.544406 0.762076
vt 0.553787 0.764794
vt 0.530496 0.779310
vt 0.036928 0.096060
vt 0.657241 0.245630
vt 0.654126 0.986292
vt 0.653934 0.983994
vt 0.984126 0.688815
vt 0.023629 0.752243
vt 0.062930 0.019495
vt 0.738793 0.878840
vt 0.071688 0.021825
vt 0.913097 0.179259
vt 0.898512 0.180816
vt 0.916556 0.179107
vt 0.060195 0.104240
vt 0.777766 0.330816
vt 0.400457 0.047912
vt 0.838378 0.787648
vt 0.828058 0.812036
vt 0.832357 0.800268
vt 0.833305 0.433460
vt 0.519406 0.607605
vt 0.525326 0.577113
vt 0.673468 0.118211
vt 0.503185 0.634723
vt 0.640751 0.015027
vt 0.639558 0.016534
vt 0.557851 0.748570
vt 0.957837 0.730541
vt 0.951722 0.735831
vt 0.430550 0.344883
vt 0.996866 0.521965
vt 0.960937 0.521965
vt 0.993277 0.499896
vt 0.571218 0.745999
vt 0.546392 0.741562
vt 0.972415 0.571875
vt 0.964674 0.119226
vt 0.790745 0.402324
vt 0.057602 0.826724
vt 0.922946 0.811693
vt 0.923277 0.795737
vt 0.910112 0.796308
vt 0.936743 0.827598
vt 0.775456 0.849156
vt 0.018939 0.270471
vt 0.432852 0.685031
vt 0.797708 0.494268
vt 0.799100 0.462365
vt 0.867123 0.095866
vt 0.815552 0.505368
vt 0.663891 0.673485
vt 0.967097 0.513281
vt 0.076678 0.694736
vt 0.665935 0.307698
vt 0.944273 0.633344
vt 0.939378 0.666425
vt 0.222879 0.452640
vt 0.609335 0.192197
vt 0.708856 0.759848
vt 0.446451 0.253660
vt 0.650718 0.076836
vt 0.647232 0.076176
vt 0.943974 0.586910
vt 0.527545 0.974254
vt 0.527263 0.981138
vt 0.652118 0.432732
vt 0.236052 0.061946
vt 0.248256 0.062893
vt 0.518408 0.259846
vt 0.937208 0.333278
vt 0.725825 0.429426
vt 0.858525 0.524388
vt 0.999927 0.957123
vt 0.409748 0.440385
vt 0.124159 0.633587
vt 0.082514 0.931687
vt 0.779318 0.687760
vt 0.518254 0.305850
vt 0.518472 0.374314
vt 0.508661 0.385412
vt 0.634820 0.958206
vt 0.732789 0.597517
vt 0.275913 0.226128
vt 0.969634 0.498366
vt 0.325517 0.249058
vt 0.386639 0.248833
vt 0.511402 0.558667
vt 0.359049 0.253911
vt 0.291400 0.529346
vt 0.077401 0.430850
vt 0.825507 0.444208
vt 0.947342 0.031880
vt 0.504134 0.140245
vt 0.514633 0.060101
vt 0.126700 0.966614
vt 0.145796 0.960409
vt 0.144192 0.993327
vt 0.847166 0.934289
vt 0.983659 0.903328
vt 0.832456 0.618200
vt 0.588805 0.123370
vt 0.581109 0.124736
vt 0.926538 0.406603
vt 0.904138 0.406967
vt 0.571202 0.225774
vt 0.213303 0.282940
vt 0.283391 0.589287
vt 0.321000 0.062229
vt 0.308530 0.062830
vt 0.356401 0.181364
vt 0.349029 0.179392
vt 0.425893 0.036597
vt 0.407864 0.036597
vt 0.419504 0.008141
vt 0.402922 0.772556
vt 0.398877 0.801100
vt 0.175610 0.239092
vt 0.202812 0.645480
vt 0.968558 0.254091
vt 0.979493 0.268179
vt 0.921314 0.696239
vt 0.921700 0.688819
vt 0.026725 0.204796
vt 0.971666 0.806465
vt 0.577225 0.081335
vt 0.576599 0.092843
vt 0.773485 0.284443
vt 0.317822 0.270034
vt 0.362228 0.183670
vt 0.359452 0.164278
vt 0.061289 0.911743
vt 0.934793 0.672367
vt 0.663705 0.380332
vt 0.659108 0.398057
vt 0.755641 0.754594
vt 0.062626 0.665527
vt 0.964333 0.386874
vt 0.872007 0.787098
vt 0.807142 0.656430
vt 0.653704 0.082260
vt 0.791837 0.274790
vt 0.493323 0.415637
vt 0.996975 0.425807
vt 0.997303 0.443267
vt 0.703982 0.411647
vt 0.357281 0.260351
vt 0.458687 0.982629
vt 0.904955 0.322093
vt 0.399397 0.766353
vt 0.384068 0.792321
vt 0.599591 0.055078
vt 0.607013 0.060471
vt 0.598376 0.066426
vt 0.987613 0.702222
vt 0.974802 0.701125
vt 0.366447 0.074323
vt 0.841805 0.706659
vt 0.319992 0.148347
vt 0.307050 0.145403
vt 0.005024 0.798061
vt 0.058577 0.135164
vt 0.069402 0.112997
vt 0.029885 0.816096
vt 0.630213 0.646601
vt 0.999260 0.310557
vt 0.795103 0.394180
vt 0.518317 0.689089
vt 0.621637 0.762111
vt 0.522407 0.063944
vt 0.511853 0.537804
vt 0.065377 0.884752
vt 0.859371 0.889619
vt 0.785047 0.237617
vt 0.947585 0.340853
vt 0.201734 0.378288
vt 0.169668 0.618317
vt 0.161842 0.622246
vt 0.934844 0.673334
vt 0.579114 0.512493
vt 0.964721 0.050388
vt 0.922451 0.190296
vt 0.116737 0.027424
vt 0.396474 0.042740
vt 0.957386 0.532498
vt 0.945367 0.040759
vt 0.122387 0.967142
vt 0.565670 0.327081
vt 0.578056 0.327286
vt 0.101139 0.075443
vt 0.334073 0.070797
vt 0.981499 0.816064
vt 0.358630 0.190791
vt 0.531056 0.755279
vt 0.025134 0.188452
vt 0.143087 0.016218
vt 0.136963 0.635501
vt 0.497986 0.001531
vt 0.513843 0.006683
vt 0.496833 0.031006
vt 0.787492 0.981091
vt 0.789947 0.971833
vt 0.005034 0.795228
vt 0.972932 0.535762
vt 0.670634 0.187443
vt 0.576745 0.683430
vt 0.480235 0.001232
vt 0.811213 0.614723
vt 0.959762 0.886079
vt 0.273052 0.990338
vt 0.666127 0.983803
vt 0.794892 0.183289
vt 0.460478 0.081106
vt 0.521420 0.318700
vt 0.148802 0.032714
vt 0.038847 0.578683
vt 0.603796 0.995917
vt 0.589813 0.984183
vt 0.624219 0.983747
vt 0.977013 0.390568
vt 0.893073 0.259560
vt 0.664023 0.966604
vt 0.652443 0.971185
vt 0.238111 0.399685
vt 0.329724 0.902239
vt 0.075941 0.573061
vt 0.792841 0.031128
vt 0.779697 0.039200
vt 0.051241 0.348783
vt 0.787812 0.225376
vt 0.992776 0.286724
vt 0.144806 0.279990
vt 0.117080 0.072804
vt 0.998755 0.089242
vt 0.443810 0.947860
vt 0.619389 0.184233
vt 0.843140 0.891438
vt 0.835111 0.454906
vt 0.667325 0.190918
vt 0.074036 0.341069
vt 0.509946 0.578909
vt 0.149270 0.017607
vt 0.786736 0.794663
vt 0.016501 0.170009
vt 0.246244 0.272397
vt 0.295937 0.665523
vt 0.227639 0.675416
vt 0.149776 0.099754
vt 0.895817 0.463471
vt 0.082054 0.384721
vt 0.393407 0.527938
vt 0.464612 0.923989
vt 0.877589 0.467487
vt 0.166546 0.091481
vt 0.405700 0.325724
vt 0.792414 0.927808
vt 0.000768 0.826091
vt 0.357385 0.178427
vt 0.162055 0.211024
vt 0.998030 0.069532
vt 0.955433 0.465229
vt 0.983996 0.444476
vt 0.999829 0.475199
vt 0.130460 0.578219
vt 0.984236 0.339004
vt 0.999812 0.332279
vt 0.042038 0.023263
vt 0.390246 0.384283
vt 0.949198 0.856867
vt 0.290065 0.985630
vt 0.986587 0.588161
vt 0.880217 0.111339
vt 0.859694 0.147416
vt 0.774150 0.005717
s 1
usemtl Material
f 1/1/1 2/2/2 3/3/3
f 1/1/1 3/3/3 4/4/4
f 1/5/1 5/6/5 2/7/2
f 1/5/1 6/8/6 5/6/5
f 1/1/1 4/4/4 7/9/7
f 1/5/1 7/10/7 6/8/6
f 8/11/8 9/12/9 10/13/10
f 8/14/8 11/15/11 9/16/9
f 8/14/8 12/17/12 11/15/11
f 8/18/8 13/19/13 12/20/12
f 8/11/8 10/13/10 13/21/13
f 14/22/14 15/23/15 16/24/16
f 14/22/14 17/25/17 18/26/18
f 14/22/14 19/27/19 15/23/15
f 14/22/14 16/24/16 20/28/20
f 14/29/14 18/30/18 19/31/19
f 14/22/14 20/28/20 17/25/17
f 21/32/21 22/33/22 23/34/23
f 21/32/21 24/35/24 22/33/22
f 21/32/21 25/36/25 26/37/26
f 21/32/21 26/37/26 27/38/27
f 21/32/21 23/34/23 25/36/25
f 21/32/21 27/38/27 24/35/24
f 28/39/28 29/40/29 30/41/30
f 28/42/28 31/43/31 32/44/32
f 28/39/28 30/41/30 33/45/33
f 28/42/28 32/44/32 34/46/34
f 28/39/28 33/45/33 35/47/35
f 28/48/28 34/49/34 29/50/29
f 28/42/28 35/51/35 31/43/31
f 36/52/36 37/53/37 38/54/38
f 36/55/36 39/56/39 40/57/40
f 36/55/36 41/58/41 39/56/39
f 36/55/36 40/57/40 37/59/37
f 36/52/36 38/54/38 42/60/42
f 36/61/36 42/62/42 43/63/43
f 36/55/36 43/64/43 41/58/41
f 44/65/44 45/66/45 46/67/46
f 44/65/44 46/67/46 47/68/47
f 44/65/44 48/69/48 49/70/49
f 44/65/44 50/71/50 48/69/48
f 44/65/44 49/70/49 45/66/45
f 44/65/44 47/68/47 50/71/50
f 51/72/51 52/73/52 53/74/53
f 51/72/51 54/75/54 55/76/55
f 51/72/51 55/76/55 56/77/56
f 51/72/51 53/74/53 57/78/57
f 51/79/51 56/80/56 52/81/52
f 51/72/51 58/82/58 54/75/54
f 51/72/51 57/78/57 58/82/58
f 59/83/59 60/84/60 61/85/61
f 59/86/59 62/87/62 63/88/63
f 59/86/59 64/89/64 65/90/65
f 59/86/59 61/91/61 62/87/62
f 59/83/59 65/92/65 60/84/60
f 59/86/59 63/88/63 64/89/64
f 66/93/66 67/94/67 68/95/68
f 66/93/66 69/96/69 70/97/70
f 66/98/66 71/99/71 69/100/69
f 66/93/66 70/97/70 67/94/67
f 66/101/66 72/102/72 73/103/73
f 66/101/66 73/103/73 71/104/71
f 66/93/66 68/95/68 72/105/72
f 74/106/74 75/107/75 76/108/76
f 74/109/74 77/110/77 78/111/78
f 74/106/74 78/112/78 75/107/75
f 79/113/79 80/114/80 81/115/81
f 79/116/79 82/117/82 83/118/83
f 79/113/79 81/115/81 84/119/84
f 79/116/79 83/118/83 80/120/80
f 79/121/79 85/122/85 82/123/82
f 79/113/79 84/119/84 85/124/85
f 86/125/86 87/126/87 88/127/88
f 86/125/86 89/128/89 87/126/87
f 86/129/86 90/130/90 91/131/91
f 86/125/86 92/132/92 89/128/89
f 86/129/86 91/131/91 92/133/92
f 86/129/86 88/134/88 90/130/90
f 93/135/93 94/136/94 95/137/95
f 93/135/93 96/138/96 97/139/97
f 93/135/93 98/140/98 94/136/94
f 93/135/93 95/137/95 99/141/99
f 93/135/93 99/141/99 96/138/96
f 93/135/93 97/139/97 98/140/98
f 100/142/100 101/143/101 102/144/102
f 100/142/100 103/145/103 104/146/104
f 100/142/100 102/144/102 105/147/105
f 100/142/100 106/148/106 103/145/103
f 100/142/100 104/146/104 101/143/101
f 100/142/100 105/147/105 106/148/106
f 107/149/107 108/150/108 109/151/109
f 107/149/107 110/152/110 111/153/111
f 107/149/107 112/154/112 110/152/110
f 107/149/107 113/155/113 108/150/108
f 107/149/107 111/153/111 113/155/113
f 107/149/107 109/151/109 112/154/112
f 114/156/114 115/157/115 116/158/116
f 114/159/114 117/160/117 118/161/118
f 114/156/114 116/158/116 119/162/119
f 114/159/114 118/161/118 115/163/115
f 114/159/114 119/164/119 117/160/117
f 120/165/120 9/16/9 121/166/121
f 120/165/120 122/167/122 123/168/123
f 120/169/120 124/170/124 9/12/9
f 120/169/120 123/171/123 125/172/125
f 120/169/120 125/172/125 124/170/124
f 120/165/120 121/166/121 122/167/122
f 126/173/126 127/174/127 128/175/128
f 126/176/126 129/177/129 130/178/130
f 126/173/126 130/179/130 127/174/127
f 126/176/126 128/180/128 129/177/129
f 131/181/131 132/182/132 133/183/133
f 131/181/131 133/183/133 134/184/134
f 131/181/131 135/185/135 136/186/136
f 131/181/131 137/187/137 132/182/132
f 131/181/131 134/184/134 135/185/135
f 131/181/131 136/186/136 137/187/137
f 138/188/138 139/189/139 140/190/140
f 138/188/138 141/191/141 142/192/142
f 138/188/138 140/190/140 141/191/141
f 138/188/138 143/193/143 139/189/139
f 138/188/138 142/192/142 143/193/143
f 144/194/144 145/195/145 146/196/146
f 144/194/144 147/197/147 148/198/148
f 144/194/144 146/196/146 147/197/147
f 144/194/144 149/199/149 150/200/150
f 144/194/144 148/198/148 149/199/149
f 144/194/144 150/200/150 145/195/145
f 151/201/151 152/202/152 153/203/153
f 151/204/151 153/205/153 154/206/154
f 151/207/151 155/208/155 152/209/152
f 151/207/151 154/210/154 156/211/156
f 151/207/151 156/211/156 155/208/155
f 157/212/157 158/213/158 159/214/159
f 157/212/157 160/215/160 161/216/161
f 157/212/157 161/216/161 158/213/158
f 157/212/157 162/217/162 160/215/160
f 157/212/157 163/218/163 162/217/162
f 157/212/157 159/214/159 163/218/163
f 164/219/164 165/220/165 166/221/166
f 164/222/164 167/223/167 168/224/168
f 164/219/164 169/225/169 165/220/165
f 164/222/164 168/224/168 170/226/170
f 164/222/164 171/227/171 167/223/167
f 164/222/164 166/228/166 171/227/171
f 164/219/164 170/229/170 169/225/169
f 172/230/172 173/231/173 174/232/174
f 172/230/172 175/233/175 176/234/176
f 172/230/172 174/232/174 177/235/177
f 172/230/172 177/235/177 178/236/178
f 172/230/172 176/234/176 179/237/179
f 172/230/172 179/237/179 173/231/173
f 172/230/172 178/236/178 175/233/175
f 180/238/180 181/239/181 182/240/182
f 180/238/180 183/241/183 184/242/184
f 180/238/180 185/243/185 181/239/181
f 180/238/180 186/244/186 183/241/183
f 180/238/180 187/245/187 186/244/186
f 180/238/180 182/240/182 187/245/187
f 180/238/180 184/242/184 185/243/185
f 188/246/188 189/247/189 190/248/190
f 188/246/188 191/249/191 192/250/192
f 188/246/188 190/248/190 191/249/191
f 188/246/188 192/250/192 189/247/189
f 193/251/193 194/252/194 195/253/195
f 193/251/193 195/253/195 196/254/196
f 193/251/193 197/255/197 198/256/198
f 193/251/193 199/257/199 197/255/197
f 193/251/193 198/256/198 194/252/194
f 193/251/193 196/254/196 199/257/199
f 200/258/200 201/259/201 202/260/202
f 200/258/200 203/261/203 201/259/201
f 200/262/200 204/263/204 205/264/205
f 200/258/200 202/260/202 206/265/206
f 200/262/200 207/266/207 204/263/204
f 200/262/200 205/264/205 203/267/203
f 200/262/200 206/268/206 207/266/207
f 208/269/208 209/270/209 210/271/210
f 208/269/208 211/272/211 212/273/212
f 208/269/208 210/271/210 211/272/211
f 208/269/208 213/274/213 209/270/209
f 208/269/208 212/273/212 213/274/213
f 214/275/214 215/276/215 216/277/216
f 214/278/214 217/279/217 215/280/215
f 214/275/214 216/277/216 218/281/218
f 214/278/214 219/282/219 217/279/217
f 214/278/214 220/283/220 219/282/219
f 214/275/214 218/281/218 220/284/220
f 221/285/221 222/286/222 223/287/223
f 221/285/221 224/288/224 222/286/222
f 221/285/221 223/287/223 225/289/225
f 221/285/221 226/290/226 224/288/224
f 221/285/221 225/289/225 227/291/227
f 221/285/221 228/292/228 226/290/226
f 221/285/221 227/291/227 228/292/228
f 229/293/229 230/294/230 231/295/231
f 229/293/229 232/296/232 233/297/233
f 229/293/229 231/295/231 232/296/232
f 229/293/229 233/297/233 234/298/234
f 229/293/229 234/298/234 230/294/230
f 235/299/235 236/300/236 237/301/237
f 235/299/235 238/302/238 239/303/239
f 235/299/235 240/304/240 238/302/238
f 235/299/235 237/301/237 240/304/240
f 235/299/235 239/303/239 236/300/236
f 241/305/241 242/306/242 243/307/243
f 241/305/241 243/307/243 244/308/244
f 241/305/241 245/309/245 246/310/246
f 241/305/241 244/308/244 247/311/247
f 241/305/241 247/311/247 245/309/245
f 241/305/241 246/310/246 242/306/242
f 248/312/248 249/313/249 250/314/250
f 248/315/248 250/316/250 251/317/251
f 248/318/248 252/319/252 253/320/253
f 248/315/248 251/317/251 252/321/252
f 248/312/248 253/322/253 249/313/249
f 254/323/254 255/324/255 256/325/256
f 254/326/254 256/327/256 257/328/257
f 254/329/254 258/330/258 255/331/255
f 254/326/254 257/328/257 259/332/259
f 254/329/254 259/333/259 258/330/258
f 260/334/260 261/335/261 262/336/262
f 260/334/260 263/337/263 261/335/261
f 260/334/260 262/336/262 264/338/264
f 260/334/260 265/339/265 263/337/263
f 260/334/260 264/338/264 265/339/265
f 266/340/266 267/341/267 268/342/268
f 266/340/266 269/343/269 270/344/270
f 266/340/266 271/345/271 267/341/267
f 266/340/266 268/342/268 272/346/272
f 266/340/266 272/346/272 269/343/269
f 266/347/266 273/348/273 271/349/271
f 266/350/266 270/351/270 273/352/273
f 274/353/274 275/354/275 276/355/276
f 274/353/274 277/356/277 278/357/278
f 274/353/274 279/358/279 277/356/277
f 274/353/274 280/359/280 275/354/275
f 274/360/274 278/361/278 280/362/280
f 274/353/274 276/355/276 279/358/279
f 281/363/281 282/364/282 283/365/283
f 281/363/281 284/366/284 285/367/285
f 281/363/281 285/367/285 282/364/282
f 281/363/281 283/365/283 286/368/286
f 281/363/281 286/368/286 284/366/284
f 287/369/287 288/370/288 289/371/289
f 287/372/287 290/373/290 291/374/291
f 287/372/287 291/374/291 292/375/292
f 287/372/287 289/376/289 293/377/293
f 287/372/287 293/377/293 290/373/290
f 287/369/287 292/378/292 288/370/288
f 294/379/294 209/270/209 295/380/295
f 294/379/294 296/381/296 210/271/210
f 294/379/294 210/271/210 209/270/209
f 294/379/294 297/382/297 298/383/298
f 294/379/294 295/380/295 297/382/297
f 294/379/294 298/383/298 296/381/296
f 299/384/299 300/385/300 301/386/301
f 299/384/299 302/387/302 300/385/300
f 299/384/299 303/388/303 302/387/302
f 304/389/304 305/390/305 306/391/306
f 304/392/304 307/393/307 308/394/308
f 304/389/304 309/395/309 307/396/307
f 304/392/304 310/397/310 305/398/305
f 304/389/304 306/391/306 311/399/311
f 304/392/304 308/394/308 310/397/310
f 304/389/304 311/399/311 309/395/309
f 312/400/312 313/401/313 314/402/314
f 312/403/312 315/404/315 316/405/316
f 312/403/312 316/405/316 317/406/317
f 312/407/312 318/408/318 315/409/315
f 312/403/312 317/406/317 313/410/313
f 312/400/312 314/402/314 318/411/318
f 319/412/319 320/413/320 321/414/321
f 319/415/319 217/279/217 322/416/322
f 319/415/319 321/417/321 323/418/323
f 319/412/319 324/419/324 320/413/320
f 319/415/319 323/418/323 217/279/217
f 319/412/319 322/420/322 324/419/324
f 325/421/325 326/422/326 327/423/327
f 325/421/325 328/424/328 326/422/326
f 329/425/329 330/426/330 331/427/331
f 329/425/329 332/428/332 333/429/333
f 329/425/329 334/430/334 335/431/335
f 329/425/329 335/431/335 336/432/336
f 329/425/329 333/429/333 330/426/330
f 329/425/329 331/427/331 334/430/334
f 329/425/329 336/432/336 332/428/332
f 337/433/337 338/434/338 339/435/339
f 337/433/337 339/435/339 340/436/340
f 337/433/337 341/437/341 338/434/338
f 337/433/337 340/436/340 342/438/342
f 337/433/337 342/438/342 341/437/341
f 343/439/343 344/440/344 345/441/345
f 343/439/343 346/442/346 344/440/344
f 343/439/343 345/441/345 347/443/347
f 348/444/348 349/445/349 350/446/350
f 348/444/348 351/447/351 349/445/349
f 348/448/348 352/449/352 353/450/353
f 348/444/348 353/451/353 354/452/354
f 348/444/348 350/446/350 355/453/355
f 348/444/348 354/452/354 351/447/351
f 348/444/348 355/453/355 352/454/352
f 356/455/356 357/456/357 358/457/358
f 356/458/356 359/459/359 360/460/360
f 356/458/356 361/461/361 362/462/362
f 356/458/356 358/463/358 361/461/361
f 356/455/356 360/464/360 357/456/357
f 356/458/356 362/462/362 359/459/359
f 363/465/363 236/300/236 364/466/364
f 363/467/363 365/468/365 366/469/366
f 363/465/363 364/466/364 367/470/367
f 363/465/363 368/471/368 365/472/365
f 363/465/363 367/470/367 368/471/368
f 363/465/363 366/473/366 236/300/236
f 369/474/369 370/475/370 371/476/371
f 369/474/369 371/476/371 372/477/372
f 369/474/369 110/152/110 370/475/370
f 369/474/369 373/478/373 110/152/110
f 369/474/369 372/477/372 373/478/373
f 374/479/374 375/480/375 376/481/376
f 374/482/374 376/483/376 377/484/377
f 374/482/374 378/485/378 379/486/379
f 374/479/374 379/487/379 375/480/375
f 374/482/374 377/484/377 378/485/378
f 380/488/380 381/489/381 382/490/382
f 380/488/380 383/491/383 384/492/384
f 380/488/380 384/492/384 381/489/381
f 380/488/380 385/493/385 383/491/383
f 380/488/380 382/490/382 386/494/386
f 380/488/380 386/494/386 385/493/385
f 387/495/387 388/496/388 389/497/389
f 387/495/387 390/498/390 391/499/391
f 387/495/387 392/500/392 393/501/393
f 387/495/387 391/499/391 388/496/388
f 387/495/387 393/501/393 390/498/390
f 387/495/387 389/497/389 392/500/392
f 394/502/394 395/503/395 396/504/396
f 394/502/394 397/505/397 398/506/398
f 394/502/394 398/506/398 399/507/399
f 394/502/394 396/504/396 397/505/397
f 394/502/394 399/507/399 395/503/395
f 400/508/400 401/509/401 402/510/402
f 400/511/400 403/512/403 404/513/404
f 400/514/400 405/515/405 401/516/401
f 400/511/400 402/517/402 406/518/406
f 400/511/400 406/518/406 403/512/403
f 400/511/400 404/513/404 405/519/405
f 407/520/407 408/521/408 409/522/409
f 407/520/407 410/523/410 408/521/408
f 407/520/407 411/524/411 412/525/412
f 407/520/407 409/522/409 413/526/413
f 407/520/407 412/525/412 410/523/410
f 407/520/407 413/526/413 411/524/411
f 414/527/414 415/528/415 416/529/416
f 414/530/414 417/531/417 418/532/418
f 414/527/414 419/533/419 415/528/415
f 414/527/414 418/534/418 420/535/420
f 414/527/414 416/529/416 421/536/421
f 414/530/414 422/537/422 417/531/417
f 414/527/414 421/536/421 422/538/422
f 414/527/414 420/535/420 419/533/419
f 423/539/423 424/540/424 425/541/425
f 423/542/423 426/543/426 424/544/424
f 423/545/423 427/546/427 428/547/428
f 423/545/423 428/547/428 429/548/429
f 423/545/423 429/548/429 426/549/426
f 423/545/423 425/550/425 427/546/427
f 430/551/430 431/552/431 432/553/432
f 430/551/430 433/554/433 434/555/434
f 430/551/430 435/556/435 433/554/433
f 430/551/430 432/553/432 435/556/435
f 436/557/436 437/558/437 438/559/438
f 436/557/436 439/560/439 437/558/437
f 436/557/436 440/561/440 441/562/441
f 436/557/436 442/563/442 440/561/440
f 436/557/436 443/564/443 439/560/439
f 436/557/436 441/562/441 443/564/443
f 436/557/436 438/559/438 442/563/442
f 313/565/313 444/566/444 445/567/445
f 313/401/313 446/568/446 314/402/314
f 313/565/313 317/569/317 444/566/444
f 313/565/313 445/567/445 446/570/446
f 447/571/447 448/572/448 449/573/449
f 447/574/447 450/575/450 451/576/451
f 447/574/447 451/576/451 448/577/448
f 447/571/447 452/578/452 453/579/453
f 447/574/447 453/580/453 450/575/450
f 447/571/447 449/573/449 452/578/452
f 454/581/454 455/582/455 456/583/456
f 454/581/454 457/584/457 458/585/458
f 454/581/454 458/585/458 459/586/459
f 454/581/454 459/586/459 455/582/455
f 454/581/454 456/583/456 457/584/457
f 460/587/460 461/588/461 462/589/462
f 460/590/460 463/591/463 464/592/464
f 460/590/460 464/592/464 465/593/465
f 460/590/460 465/593/465 461/594/461
f 466/595/466 467/596/467 18/30/18
f 466/595/466 468/597/468 469/598/469
f 466/595/466 470/599/470 467/596/467
f 466/595/466 17/600/17 471/601/471
f 466/595/466 469/598/469 470/599/470
f 466/595/466 471/601/471 468/597/468
f 466/595/466 18/30/18 17/600/17
f 80/120/80 83/118/83 472/602/472
f 80/114/80 473/603/473 81/115/81
f 80/120/80 472/602/472 474/604/474
f 80/605/80 474/606/474 473/607/473
f 475/608/475 476/609/476 477/610/477
f 475/608/475 478/611/478 479/612/479
f 475/608/475 480/613/480 481/614/481
f 475/608/475 477/610/477 480/613/480
f 475/608/475 479/612/479 482/615/482
f 475/608/475 482/615/482 476/609/476
f 475/608/475 481/614/481 478/611/478
f 483/616/483 484/617/484 485/618/485
f 483/619/483 486/620/486 484/621/484
f 483/616/483 485/618/485 487/622/487
f 483/619/483 488/623/488 489/624/489
f 483/619/483 490/625/490 488/623/488
f 483/616/483 487/622/487 490/626/490
f 483/619/483 489/624/489 486/620/486
f 491/627/491 492/628/492 493/629/493
f 491/627/491 494/630/494 495/631/495
f 491/627/491 495/631/495 496/632/496
f 491/627/491 493/629/493 494/630/494
f 491/627/491 496/632/496 492/628/492
f 22/633/22 497/634/497 23/635/23
f 22/636/22 498/637/498 499/638/499
f 22/633/22 500/639/500 497/634/497
f 22/636/22 24/640/24 498/637/498
f 22/636/22 499/638/499 500/641/500
f 501/642/501 502/643/502 503/644/503
f 501/645/501 504/646/504 505/647/505
f 501/642/501 503/644/503 504/648/504
f 501/645/501 505/647/505 506/649/506
f 501/642/501 506/650/506 502/643/502
f 507/651/507 508/652/508 509/653/509
f 507/651/507 510/654/510 511/655/511
f 507/651/507 509/653/509 512/656/512
f 507/651/507 512/656/512 510/654/510
f 507/651/507 511/655/511 508/652/508
f 513/657/513 514/658/514 515/659/515
f 513/657/513 516/660/516 517/661/517
f 513/657/513 517/661/517 518/662/518
f 513/657/513 518/662/518 519/663/519
f 513/657/513 515/659/515 516/660/516
f 513/657/513 520/664/520 514/658/514
f 513/657/513 519/663/519 520/664/520
f 521/665/521 522/666/522 523/667/523
f 521/668/521 524/669/524 525/670/525
f 521/668/521 523/671/523 526/672/526
f 521/668/521 527/673/527 524/669/524
f 521/665/521 525/674/525 522/666/522
f 521/668/521 526/672/526 527/673/527
f 444/675/444 528/676/528 529/677/529
f 444/566/444 530/678/530 445/567/445
f 444/675/444 317/679/317 528/676/528
f 444/566/444 529/680/529 530/678/530
f 531/681/531 532/682/532 178/683/178
f 531/681/531 533/684/533 534/685/534
f 531/681/531 177/686/177 533/684/533
f 531/681/531 534/685/534 535/687/535
f 531/681/531 178/683/178 177/686/177
f 531/681/531 535/687/535 532/682/532
f 536/688/536 537/689/537 538/690/538
f 536/691/536 538/692/538 539/693/539
f 536/694/536 540/695/540 541/696/541
f 536/694/536 542/697/542 289/371/289
f 536/694/536 543/698/543 544/699/544
f 536/694/536 541/696/541 545/700/545
f 536/688/536 545/701/545 537/689/537
f 536/694/536 544/699/544 542/697/542
f 536/694/536 289/371/289 540/695/540
f 536/702/536 546/703/546 543/704/543
f 536/691/536 539/693/539 546/705/546
f 547/706/547 548/707/548 549/708/549
f 547/706/547 550/709/550 551/710/551
f 547/706/547 549/708/549 552/711/552
f 547/706/547 552/711/552 553/712/553
f 547/706/547 551/710/551 548/707/548
f 547/706/547 553/712/553 550/709/550
f 554/713/554 555/714/555 556/715/556
f 554/716/554 557/717/557 558/718/558
f 554/716/554 559/719/559 557/717/557
f 554/713/554 560/720/560 555/714/555
f 554/713/554 561/721/561 560/720/560
f 554/716/554 556/722/556 559/719/559
f 554/716/554 558/718/558 561/723/561
f 9/16/9 11/15/11 121/166/121
f 9/12/9 124/170/124 10/13/10
f 562/724/562 563/725/563 564/726/564
f 562/724/562 565/727/565 566/728/566
f 562/724/562 566/728/566 567/729/567
f 562/724/562 564/726/564 565/727/565
f 562/724/562 567/729/567 568/730/568
f 562/724/562 568/730/568 563/725/563
f 569/731/569 570/732/570 571/733/571
f 569/731/569 572/734/572 570/732/570
f 569/731/569 571/733/571 573/735/573
f 569/736/569 574/737/574 575/738/575
f 569/736/569 573/739/573 574/737/574
f 569/736/569 575/738/575 572/740/572
f 576/741/576 577/742/577 578/743/578
f 576/741/576 579/744/579 580/745/580
f 576/741/576 578/743/578 581/746/581
f 576/741/576 582/747/582 579/744/579
f 576/741/576 581/746/581 582/747/582
f 576/741/576 580/745/580 583/748/583
f 576/741/576 583/748/583 577/742/577
f 584/749/584 585/750/585 586/751/586
f 584/749/584 587/752/587 585/750/585
f 584/749/584 588/753/588 589/754/589
f 584/749/584 586/751/586 588/753/588
f 584/749/584 590/755/590 587/752/587
f 584/749/584 589/754/589 590/755/590
f 591/756/591 592/757/592 593/758/593
f 591/756/591 594/759/594 592/757/592
f 591/756/591 593/758/593 595/760/595
f 596/761/596 597/762/597 598/763/598
f 596/761/596 599/764/599 597/762/597
f 596/761/596 598/763/598 600/765/600
f 596/761/596 600/765/600 599/764/599
f 249/313/249 601/766/601 602/767/602
f 249/313/249 603/768/603 250/314/250
f 249/769/249 253/320/253 604/770/604
f 249/313/249 604/771/604 601/766/601
f 249/313/249 602/767/602 603/768/603
f 605/772/605 606/773/606 607/774/607
f 605/772/605 608/775/608 609/776/609
f 605/772/605 610/777/610 608/775/608
f 605/772/605 609/776/609 606/773/606
f 605/772/605 607/774/607 611/778/611
f 605/772/605 611/778/611 610/777/610
f 612/779/612 613/780/613 614/781/614
f 612/779/612 186/244/186 613/780/613
f 612/779/612 614/781/614 615/782/615
f 612/779/612 615/782/615 616/783/616
f 612/779/612 616/783/616 186/244/186
f 158/213/158 617/784/617 618/785/618
f 158/213/158 618/785/618 159/214/159
f 158/213/158 161/216/161 617/784/617
f 619/786/619 620/787/620 621/788/621
f 619/786/619 621/788/621 622/789/622
f 619/786/619 622/789/622 623/790/623
f 619/786/619 624/791/624 625/792/625
f 619/786/619 623/790/623 624/791/624
f 619/786/619 625/792/625 620/787/620
f 626/793/626 627/794/627 628/795/628
f 626/796/626 629/797/629 630/798/630
f 626/793/626 628/795/628 631/799/631
f 626/793/626 630/800/630 632/801/632
f 626/793/626 632/801/632 627/794/627
f 626/796/626 631/802/631 629/797/629
f 261/335/261 263/337/263 633/803/633
f 261/335/261 633/803/633 634/804/634
f 261/335/261 634/804/634 262/336/262
f 635/805/635 636/806/636 637/807/637
f 635/805/635 638/808/638 639/809/639
f 635/805/635 640/810/640 641/811/641
f 635/805/635 637/807/637 638/808/638
f 635/805/635 641/811/641 636/806/636
f 635/805/635 639/809/639 640/810/640
f 642/812/642 643/813/643 644/814/644
f 642/815/642 645/816/645 646/817/646
f 642/812/642 647/818/647 648/819/648
f 642/812/642 644/814/644 647/818/647
f 642/815/642 646/817/646 643/820/643
f 642/821/642 648/822/648 645/823/645
f 649/824/649 203/267/203 205/264/205
f 649/824/649 650/825/650 651/826/651
f 649/824/649 652/827/652 650/825/650
f 649/824/649 653/828/653 203/267/203
f 649/824/649 651/826/651 653/828/653
f 649/824/649 205/264/205 652/827/652
f 654/829/654 655/830/655 656/831/656
f 654/829/654 657/832/657 658/833/658
f 654/829/654 659/834/659 655/830/655
f 654/829/654 660/835/660 657/832/657
f 654/829/654 658/833/658 659/834/659
f 654/829/654 656/831/656 660/835/660
f 661/836/661 662/837/662 663/838/663
f 661/836/661 664/839/664 665/840/665
f 661/836/661 666/841/666 664/839/664
f 661/836/661 667/842/667 668/843/668
f 661/836/661 663/838/663 667/842/667
f 661/844/661 668/845/668 666/846/666
f 661/836/661 665/840/665 662/837/662
f 669/847/669 670/848/670 671/849/671
f 669/847/669 671/849/671 672/850/672
f 669/851/669 673/852/673 674/853/674
f 669/847/669 674/854/674 670/848/670
f 669/847/669 672/850/672 673/855/673
f 675/856/675 676/857/676 677/858/677
f 675/856/675 678/859/678 676/857/676
f 675/856/675 677/858/677 679/860/679
f 675/856/675 679/860/679 678/859/678
f 680/861/680 681/862/681 682/863/682
f 680/864/680 683/865/683 684/866/684
f 680/861/680 682/863/682 685/867/685
f 680/864/680 686/868/686 683/865/683
f 680/864/680 685/869/685 686/868/686
f 680/861/680 684/870/684 681/862/681
f 687/871/687 688/872/688 689/873/689
f 687/874/687 690/875/690 691/876/691
f 687/871/687 691/877/691 688/872/688
f 687/874/687 692/878/692 693/879/693
f 687/874/687 693/879/693 690/875/690
f 687/874/687 689/880/689 692/878/692
f 694/881/694 695/882/695 696/883/696
f 694/884/694 697/885/697 698/886/698
f 694/884/694 698/886/698 699/887/699
f 694/881/694 699/888/699 695/882/695
f 694/884/694 696/889/696 697/885/697
f 461/588/461 700/890/700 462/589/462
f 461/594/461 701/891/701 702/892/702
f 461/893/461 703/894/703 700/895/700
f 461/594/461 465/593/465 701/891/701
f 461/893/461 702/896/702 703/894/703
f 537/689/537 545/701/545 704/897/704
f 537/689/537 704/897/704 705/898/705
f 537/689/537 705/898/705 538/690/538
f 706/899/706 707/900/707 708/901/708
f 706/899/706 709/902/709 710/903/710
f 706/899/706 711/904/711 712/905/712
f 706/899/706 708/901/708 711/904/711
f 706/899/706 710/903/710 707/900/707
f 706/899/706 712/905/712 709/902/709
f 713/906/713 714/907/714 578/743/578
f 713/906/713 578/743/578 715/908/715
f 713/906/713 715/908/715 716/909/716
f 713/906/713 717/910/717 714/907/714
f 713/906/713 716/909/716 717/910/717
f 718/911/718 719/912/719 720/913/720
f 718/911/718 721/914/721 722/915/722
f 718/911/718 723/916/723 719/912/719
f 718/917/718 720/918/720 724/919/724
f 718/911/718 725/920/725 726/921/726
f 718/911/718 726/921/726 723/916/723
f 718/917/718 724/919/724 721/922/721
f 718/911/718 722/915/722 725/920/725
f 727/923/727 728/924/728 729/925/729
f 727/923/727 730/926/730 731/927/731
f 727/923/727 731/927/731 728/924/728
f 727/928/727 732/929/732 730/930/730
f 727/923/727 729/925/729 732/931/732
f 733/932/733 734/933/734 735/934/735
f 733/932/733 736/935/736 737/936/737
f 733/932/733 738/937/738 736/935/736
f 733/932/733 735/934/735 738/937/738
f 733/932/733 737/936/737 734/933/734
f 29/50/29 739/938/739 740/939/740
f 29/40/29 740/940/740 30/41/30
f 29/50/29 34/49/34 739/938/739
f 741/941/741 742/942/742 743/943/743
f 741/941/741 743/943/743 458/585/458
f 741/941/741 457/584/457 744/944/744
f 741/941/741 458/585/458 457/584/457
f 741/941/741 744/944/744 742/942/742
f 745/945/745 746/946/746 747/947/747
f 745/945/745 748/948/748 749/949/749
f 745/945/745 747/947/747 748/948/748
f 750/950/750 751/951/751 752/952/752
f 750/950/750 753/953/753 754/954/754
f 750/950/750 752/952/752 753/953/753
f 750/950/750 755/955/755 756/956/756
f 750/950/750 756/956/756 751/951/751
f 750/950/750 754/954/754 755/955/755
f 757/957/757 758/958/758 759/959/759
f 757/957/757 760/960/760 761/961/761
f 757/957/757 762/962/762 760/960/760
f 757/957/757 761/961/761 758/958/758
f 757/957/757 759/959/759 762/962/762
f 763/963/763 764/964/764 765/965/765
f 763/963/763 766/966/766 764/964/764
f 763/963/763 767/967/767 768/968/768
f 763/963/763 769/969/769 766/966/766
f 763/963/763 765/965/765 767/967/767
f 763/963/763 768/968/768 769/969/769
f 770/970/770 771/971/771 772/972/772
f 770/973/770 773/974/773 774/975/774
f 770/973/770 772/976/772 773/974/773
f 775/977/775 776/978/776 777/979/777
f 775/977/775 778/980/778 776/978/776
f 775/977/775 777/979/777 779/981/779
f 775/977/775 371/982/371 778/980/778
f 775/977/775 779/981/779 371/982/371
f 780/983/780 781/984/781 354/452/354
f 780/985/780 782/986/782 783/987/783
f 780/988/780 783/989/783 781/990/781
f 780/985/780 354/991/354 784/992/784
f 780/985/780 784/992/784 782/986/782
f 785/993/785 786/994/786 787/995/787
f 785/993/785 788/996/788 789/997/789
f 785/993/785 790/998/790 791/999/791
f 785/993/785 791/999/791 786/994/786
f 785/993/785 789/997/789 790/998/790
f 785/993/785 787/995/787 788/996/788
f 792/1000/792 793/1001/793 794/1002/794
f 792/1003/792 794/1004/794 47/68/47
f 792/1000/792 517/661/517 795/1005/795
f 792/1000/792 795/1005/795 793/1001/793
f 792/1000/792 796/1006/796 517/661/517
f 792/1000/792 797/1007/797 796/1006/796
f 792/1003/792 47/68/47 797/1008/797
f 798/1009/798 799/1010/799 800/1011/800
f 798/1012/798 801/1013/801 802/1014/802
f 798/1009/798 803/1015/803 804/1016/804
f 798/1012/798 802/1014/802 805/1017/805
f 798/1009/798 804/1016/804 799/1010/799
f 798/1018/798 800/1019/800 801/1020/801
f 798/1021/798 805/1022/805 803/1023/803
f 806/1024/806 807/1025/807 808/1026/808
f 806/1024/806 809/1027/809 810/1028/810
f 806/1024/806 811/1029/811 812/1030/812
f 806/1024/806 812/1030/812 807/1025/807
f 806/1024/806 810/1028/810 811/1029/811
f 806/1024/806 808/1026/808 809/1027/809
f 813/1031/813 814/1032/814 362/1033/362
f 813/1031/813 815/1034/815 816/1035/816
f 813/1031/813 816/1035/816 817/1036/817
f 813/1031/813 817/1036/817 814/1032/814
f 813/1031/813 362/1033/362 815/1034/815
f 236/300/236 818/1037/818 819/1038/819
f 236/300/236 239/303/239 820/1039/820
f 236/300/236 366/473/366 821/1040/821
f 236/300/236 820/1039/820 818/1037/818
f 236/300/236 819/1038/819 364/466/364
f 236/300/236 821/1040/821 237/301/237
f 822/1041/822 734/933/734 737/936/737
f 822/1041/822 636/1042/636 823/1043/823
f 822/1041/822 824/1044/824 734/933/734
f 822/1041/822 825/1045/825 636/1042/636
f 822/1041/822 823/1043/823 824/1044/824
f 822/1041/822 737/936/737 825/1045/825
f 826/1046/826 827/1047/827 828/1048/828
f 826/1046/826 645/823/645 827/1047/827
f 826/1049/826 829/1050/829 830/1051/830
f 826/1049/826 828/1052/828 831/1053/831
f 826/1049/826 830/1051/830 645/1054/645
f 826/1049/826 831/1053/831 829/1050/829
f 832/1055/832 833/1056/833 834/1057/834
f 832/1055/832 835/1058/835 836/1059/836
f 832/1055/832 834/1057/834 835/1058/835
f 832/1055/832 837/1060/837 833/1056/833
f 832/1055/832 838/1061/838 837/1060/837
f 832/1055/832 836/1059/836 838/1061/838
f 839/1062/839 840/1063/840 841/1064/841
f 839/1062/839 842/1065/842 843/1066/843
f 839/1062/839 844/1067/844 842/1065/842
f 839/1062/839 845/1068/845 840/1063/840
f 839/1062/839 841/1064/841 844/1067/844
f 839/1062/839 843/1066/843 845/1068/845
f 846/1069/846 847/1070/847 848/1071/848
f 846/1069/846 848/1071/848 849/1072/849
f 846/1069/846 850/1073/850 851/1074/851
f 846/1069/846 851/1074/851 847/1070/847
f 846/1075/846 852/1076/852 850/1077/850
f 846/1075/846 849/1078/849 852/1076/852
f 401/509/401 96/138/96 402/510/402
f 401/516/401 853/1079/853 97/1080/97
f 401/516/401 405/515/405 853/1079/853
f 401/509/401 97/139/97 96/138/96
f 854/1081/854 766/966/766 769/969/769
f 854/1081/854 769/969/769 855/1082/855
f 854/1081/854 856/1083/856 766/966/766
f 854/1084/854 857/1085/857 856/1086/856
f 854/1084/854 855/1087/855 858/1088/858
f 854/1084/854 858/1088/858 857/1085/857
f 859/1089/859 860/1090/860 861/1091/861
f 859/1089/859 862/1092/862 860/1090/860
f 859/1093/859 863/1094/863 862/1095/862
f 859/1089/859 861/1091/861 864/1096/864
f 859/1089/859 864/1096/864 863/1097/863
f 865/1098/865 866/1099/866 867/1100/867
f 865/1098/865 868/1101/868 869/1102/869
f 865/1098/865 869/1102/869 870/1103/870
f 865/1098/865 871/1104/871 868/1101/868
f 865/1098/865 870/1103/870 866/1099/866
f 865/1098/865 867/1100/867 871/1104/871
f 872/1105/872 873/1106/873 874/1107/874
f 872/1105/872 874/1107/874 875/1108/875
f 872/1105/872 876/1109/876 873/1106/873
f 786/1110/786 877/1111/877 787/1112/787
f 786/1110/786 878/1113/878 879/1114/879
f 786/994/786 791/999/791 878/1115/878
f 786/1110/786 879/1114/879 877/1111/877
f 880/1116/880 881/1117/881 882/1118/882
f 880/1116/880 883/1119/883 884/1120/884
f 880/1116/880 884/1120/884 885/1121/885
f 880/1116/880 882/1118/882 883/1119/883
f 880/1116/880 885/1121/885 881/1117/881
f 886/1122/886 887/1123/887 888/1124/888
f 886/1122/886 889/1125/889 890/1126/890
f 886/1122/886 890/1126/890 891/1127/891
f 886/1122/886 888/1124/888 889/1125/889
f 886/1122/886 891/1127/891 892/1128/892
f 886/1122/886 892/1128/892 887/1123/887
f 893/1129/893 476/1130/476 894/1131/894
f 893/1129/893 894/1131/894 895/1132/895
f 893/1133/893 480/613/480 477/610/477
f 893/1133/893 477/610/477 476/609/476
f 893/1133/893 896/1134/896 480/613/480
f 893/1135/893 895/1136/895 896/1137/896
f 897/1138/897 898/1139/898 487/1140/487
f 897/1138/897 630/798/630 899/1141/899
f 897/1138/897 899/1141/899 900/1142/900
f 897/1138/897 901/1143/901 630/798/630
f 897/1144/897 487/622/487 901/1145/901
f 897/1138/897 900/1142/900 898/1139/898
f 902/1146/902 903/1147/903 904/1148/904
f 902/1149/902 905/1150/905 906/1151/906
f 902/1146/902 907/1152/907 903/1147/903
f 902/1146/902 908/1153/908 905/1154/905
f 902/1146/902 906/1155/906 907/1152/907
f 902/1146/902 904/1148/904 908/1153/908
f 909/1156/909 408/521/408 410/523/410
f 909/1157/909 410/1158/410 637/807/637
f 909/1156/909 910/1159/910 408/521/408
f 909/1157/909 637/807/637 910/1160/910
f 911/1161/911 912/1162/912 913/1163/913
f 911/1164/911 913/1165/913 914/1166/914
f 911/1161/911 30/41/30 912/1162/912
f 911/1161/911 914/1167/914 33/45/33
f 911/1161/911 33/45/33 30/41/30
f 915/1168/915 916/1169/916 917/1170/917
f 915/1168/915 918/1171/918 919/1172/919
f 915/1173/915 919/1174/919 920/1175/920
f 915/1173/915 920/1175/920 921/1176/921
f 915/1173/915 921/1176/921 916/1177/916
f 915/1168/915 917/1170/917 918/1171/918
f 922/1178/922 923/1179/923 924/1180/924
f 922/1178/922 925/1181/925 923/1179/923
f 922/1182/922 926/1183/926 927/1184/927
f 922/1182/922 927/1184/927 928/1185/928
f 922/1182/922 924/1186/924 926/1183/926
f 922/1178/922 928/1187/928 925/1181/925
f 662/837/662 929/1188/929 663/838/663
f 662/837/662 930/1189/930 931/1190/931
f 662/837/662 931/1190/931 929/1188/929
f 662/837/662 665/840/665 930/1189/930
f 932/1191/932 933/1192/933 934/1193/934
f 932/1191/932 935/1194/935 936/1195/936
f 932/1191/932 937/1196/937 935/1194/935
f 932/1191/932 934/1193/934 938/1197/938
f 932/1191/932 936/1195/936 933/1192/933
f 932/1191/932 938/1197/938 937/1196/937
f 939/1198/939 940/1199/940 941/1200/941
f 939/1198/939 941/1200/941 942/1201/942
f 939/1198/939 943/1202/943 944/1203/944
f 939/1198/939 942/1201/942 943/1202/943
f 939/1198/939 944/1203/944 940/1199/940
f 945/1204/945 946/1205/946 170/229/170
f 945/1204/945 947/1206/947 948/1207/948
f 945/1204/945 949/1208/949 946/1205/946
f 945/1204/945 948/1207/948 950/1209/950
f 945/1204/945 170/229/170 947/1206/947
f 945/1204/945 950/1209/950 949/1208/949
f 951/1210/951 952/1211/952 953/1212/953
f 951/1210/951 953/1212/953 954/1213/954
f 951/1214/951 955/1215/955 956/1216/956
f 951/1214/951 954/1217/954 163/1218/163
f 951/1214/951 956/1216/956 952/1219/952
f 951/1214/951 163/1218/163 955/1215/955
f 476/1130/476 90/130/90 894/1131/894
f 476/609/476 482/615/482 957/1220/957
f 476/1130/476 957/1221/957 90/130/90
f 958/1222/958 959/1223/959 960/1224/960
f 958/1222/958 961/1225/961 962/1226/962
f 958/1222/958 963/1227/963 964/1228/964
f 958/1222/958 965/1229/965 966/1230/966
f 958/1222/958 966/1230/966 959/1223/959
f 958/1222/958 960/1224/960 961/1225/961
f 958/1222/958 962/1226/962 963/1227/963
f 958/1222/958 964/1228/964 965/1229/965
f 967/1231/967 968/1232/968 969/1233/969
f 967/1231/967 970/1234/970 103/1235/103
f 967/1231/967 103/1235/103 971/1236/971
f 967/1231/967 972/1237/972 973/1238/973
f 967/1231/967 971/1236/971 972/1237/972
f 967/1231/967 973/1238/973 968/1232/968
f 967/1231/967 969/1233/969 970/1234/970
f 974/1239/974 975/1240/975 976/1241/976
f 974/1239/974 977/1242/977 978/1243/978
f 974/1244/974 979/1245/979 980/1246/980
f 974/1244/974 682/863/682 981/1247/981
f 974/1244/974 981/1247/981 979/1245/979
f 974/1239/974 980/1248/980 975/1240/975
f 974/1239/974 976/1241/976 977/1242/977
f 974/1239/974 978/1243/978 682/1249/682
f 532/682/532 982/1250/982 983/1251/983
f 532/682/532 983/1251/983 178/683/178
f 532/682/532 984/1252/984 982/1250/982
f 532/682/532 535/687/535 984/1252/984
f 985/1253/985 986/1254/986 987/1255/987
f 985/1256/985 988/1257/988 989/1258/989
f 985/1256/985 773/974/773 990/1259/990
f 985/1253/985 987/1255/987 773/1260/773
f 985/1253/985 989/1261/989 986/1254/986
f 985/1256/985 990/1259/990 988/1257/988
f 923/1179/923 925/1181/925 991/1262/991
f 923/1179/923 991/1262/991 992/1263/992
f 923/1179/923 992/1263/992 993/1264/993
f 923/1179/923 993/1264/993 924/1180/924
f 994/1265/994 995/1266/995 996/1267/996
f 994/1268/994 873/1106/873 997/1269/997
f 994/1265/994 996/1267/996 874/1270/874
f 994/1268/994 874/1107/874 873/1106/873
f 994/1265/994 998/1271/998 995/1266/995
f 994/1265/994 997/1272/997 998/1271/998
f 999/1273/999 1000/1274/1000 1001/1275/1001
f 999/1276/999 1002/1277/1002 1003/1278/1003
f 999/1276/999 1004/1279/1004 1000/1280/1000
f 999/1273/999 1001/1275/1001 1002/1281/1002
f 999/1276/999 1003/1278/1003 1004/1279/1004
f 1005/1282/1005 1006/1283/1006 1007/1284/1007
f 1005/1282/1005 1008/1285/1008 1006/1283/1006
f 1005/1282/1005 1009/1286/1009 1010/1287/1010
f 1005/1282/1005 1011/1288/1011 1008/1285/1008
f 1005/1282/1005 1010/1287/1010 1011/1288/1011
f 1005/1282/1005 1007/1284/1007 1012/1289/1012
f 1005/1282/1005 1012/1289/1012 1009/1286/1009
f 189/247/189 1013/1290/1013 190/248/190
f 189/247/189 1014/1291/1014 1013/1290/1013
f 189/247/189 192/250/192 1014/1291/1014
f 1015/1292/1015 1016/1293/1016 1017/1294/1017
f 1015/1295/1015 1018/1296/1018 1019/1297/1019
f 1015/1295/1015 1019/1297/1019 1020/1298/1020
f 1015/1295/1015 199/257/199 196/254/196
f 1015/1292/1015 1017/1294/1017 1018/1299/1018
f 1015/1295/1015 1020/1298/1020 199/257/199
f 1015/1292/1015 196/1300/196 1016/1293/1016
f 1021/1301/1021 1022/1302/1022 207/266/207
f 1021/1301/1021 204/263/204 1022/1302/1022
f 1021/1301/1021 1023/1303/1023 1024/1304/1024
f 1021/1301/1021 207/266/207 1023/1303/1023
f 1021/1301/1021 1024/1304/1024 204/263/204
f 1025/1305/1025 1026/1306/1026 1027/1307/1027
f 1025/1305/1025 1027/1307/1027 1028/1308/1028
f 1025/1305/1025 1029/1309/1029 1026/1306/1026
f 1030/1310/1030 1031/1311/1031 135/185/135
f 1030/1310/1030 1032/1312/1032 1033/1313/1033
f 1030/1314/1030 1034/1315/1034 1035/1316/1035
f 1030/1314/1030 1035/1316/1035 1031/1317/1031
f 1030/1310/1030 135/185/135 1032/1312/1032
f 1030/1314/1030 1033/1318/1033 1034/1315/1034
f 1036/1319/1036 1037/1320/1037 1038/1321/1038
f 1036/1322/1036 1039/1323/1039 1040/1324/1040
f 1036/1322/1036 1040/1324/1040 1041/1325/1041
f 1036/1322/1036 1041/1325/1041 1042/1326/1042
f 1036/1319/1036 1042/1327/1042 1037/1320/1037
f 1036/1319/1036 1038/1321/1038 1043/1328/1043
f 1036/1322/1036 1043/1329/1043 1039/1323/1039
f 1044/1330/1044 1045/1331/1045 1046/1332/1046
f 1044/1330/1044 1046/1332/1046 1047/1333/1047
f 1044/1330/1044 1048/1334/1048 1045/1331/1045
f 1044/1330/1044 1049/1335/1049 1050/1336/1050
f 1044/1330/1044 1050/1336/1050 1048/1334/1048
f 1044/1330/1044 1047/1333/1047 1049/1335/1049
f 1051/1337/1051 1052/1338/1052 106/1339/106
f 1051/1340/1051 1053/1341/1053 1054/1342/1054
f 1051/1340/1051 1055/1343/1055 1053/1341/1053
f 1051/1337/1051 106/1339/106 1055/1344/1055
f 1051/1337/1051 1054/1345/1054 1052/1338/1052
f 1056/1346/1056 1057/1347/1057 1058/1348/1058
f 1056/1346/1056 1059/1349/1059 1060/1350/1060
f 1056/1346/1056 1060/1350/1060 1057/1347/1057
f 1056/1346/1056 1058/1348/1058 1061/1351/1061
f 1056/1352/1056 1061/1353/1061 1059/1354/1059
f 1062/1355/1062 1063/1356/1063 505/647/505
f 1062/1355/1062 504/646/504 1064/1357/1064
f 1062/1355/1062 1064/1357/1064 1063/1356/1063
f 1062/1355/1062 505/647/505 504/646/504
f 1065/1358/1065 1066/1359/1066 1067/1360/1067
f 1065/1361/1065 1068/1362/1068 42/62/42
f 1065/1358/1065 38/54/38 1066/1359/1066
f 1065/1358/1065 1069/1363/1069 1070/1364/1070
f 1065/1358/1065 42/60/42 38/54/38
f 1065/1358/1065 1067/1360/1067 1069/1363/1069
f 1065/1361/1065 1070/1365/1070 1068/1362/1068
f 1071/1366/1071 1072/1367/1072 1073/1368/1073
f 1071/1366/1071 1074/1369/1074 1075/1370/1075
f 1071/1366/1071 1075/1370/1075 1076/1371/1076
f 1071/1366/1071 1073/1368/1073 1074/1369/1074
f 1071/1366/1071 1076/1371/1076 1072/1367/1072
f 1077/1372/1077 1078/1373/1078 1079/1374/1079
f 1077/1372/1077 1079/1374/1079 1080/1375/1080
f 1077/1372/1077 1081/1376/1081 1078/1373/1078
f 1077/1372/1077 450/575/450 1081/1376/1081
f 1077/1372/1077 451/576/451 450/575/450
f 1077/1372/1077 1080/1375/1080 451/576/451
f 1082/1377/1082 1083/1378/1083 837/1379/837
f 1082/1380/1082 1084/1381/1084 141/191/141
f 1082/1380/1082 141/191/141 1085/1382/1085
f 1082/1377/1082 837/1379/837 1084/1383/1084
f 1082/1377/1082 1086/1384/1086 1083/1378/1083
f 1082/1380/1082 1085/1382/1085 1086/1385/1086
f 1087/1386/1087 1088/1387/1088 1089/1388/1089
f 1087/1386/1087 1090/1389/1090 1088/1387/1088
f 1087/1386/1087 1091/1390/1091 1092/1391/1092
f 1087/1386/1087 1092/1391/1092 1090/1389/1090
f 1087/1386/1087 1089/1388/1089 1091/1390/1091
f 1093/1392/1093 543/704/543 546/703/546
f 1093/1393/1093 17/1394/17 544/699/544
f 1093/1392/1093 471/1395/471 17/1396/17
f 1093/1393/1093 544/699/544 543/698/543
f 1093/1392/1093 546/703/546 471/1395/471
f 1094/1397/1094 1095/1398/1095 1096/1399/1096
f 1094/1397/1094 1097/1400/1097 1095/1398/1095
f 1094/1397/1094 1096/1399/1096 1098/1401/1098
f 1094/1397/1094 1099/1402/1099 1100/1403/1100
f 1094/1397/1094 1098/1401/1098 1099/1402/1099
f 1094/1397/1094 1100/1403/1100 1097/1400/1097
f 1101/1404/1101 1102/1405/1102 1103/1406/1103
f 1101/1404/1101 1104/1407/1104 1105/1408/1105
f 1101/1404/1101 1105/1408/1105 389/497/389
f 1101/1404/1101 389/497/389 1106/1409/1106
f 1101/1404/1101 1106/1409/1106 1102/1405/1102
f 1101/1404/1101 1103/1406/1103 1104/1407/1104
f 1107/1410/1107 1108/1411/1108 1109/1412/1109
f 1107/1410/1107 1110/1413/1110 1111/1414/1111
f 1107/1410/1107 335/1415/335 1108/1411/1108
f 1107/1410/1107 1112/1416/1112 335/1415/335
f 1107/1410/1107 1111/1414/1111 1112/1416/1112
f 1107/1410/1107 1109/1412/1109 1110/1413/1110
f 1113/1417/1113 1114/1418/1114 1115/1419/1115
f 1113/1417/1113 1116/1420/1116 1117/1421/1117
f 1113/1417/1113 1118/1422/1118 1116/1420/1116
f 1113/1417/1113 1115/1419/1115 1119/1423/1119
f 1113/1417/1113 1119/1423/1119 1118/1422/1118
f 1113/1417/1113 1117/1421/1117 1114/1418/1114
f 52/1424/52 1120/1425/1120 53/1426/53
f 52/81/52 56/80/56 1121/1427/1121
f 52/81/52 1121/1427/1121 1120/1428/1120
f 1122/1429/1122 1123/1430/1123 1124/1431/1124
f 1122/1429/1122 1125/1432/1125 1126/1433/1126
f 1122/1429/1122 1126/1433/1126 1123/1430/1123
f 1127/1434/1127 1128/1435/1128 1129/1436/1129
f 1127/1434/1127 1130/1437/1130 1128/1435/1128
f 1127/1438/1127 1131/1439/1131 1132/1440/1132
f 1127/1434/1127 442/1441/442 1131/1442/1131
f 1127/1438/1127 1132/1440/1132 1130/1443/1130
f 1127/1434/1127 1129/1436/1129 442/1441/442
f 514/658/514 1133/1444/1133 515/659/515
f 514/658/514 1134/1445/1134 1135/1446/1135
f 514/658/514 520/664/520 1134/1445/1134
f 514/658/514 1135/1446/1135 1133/1444/1133
f 215/276/215 1136/1447/1136 216/277/216
f 215/276/215 1137/1448/1137 1136/1447/1136
f 215/280/215 217/279/217 323/418/323
f 215/280/215 323/418/323 1137/1449/1137
f 1138/1450/1138 1139/1451/1139 1140/1452/1140
f 1138/1450/1138 1141/1453/1141 1142/1454/1142
f 1138/1450/1138 1143/1455/1143 1139/1451/1139
f 1138/1450/1138 1140/1452/1140 1144/1456/1144
f 1138/1450/1138 1144/1456/1144 1141/1453/1141
f 1138/1450/1138 1142/1454/1142 1143/1455/1143
f 330/1457/330 1145/1458/1145 1146/1459/1146
f 330/1457/330 333/1460/333 259/332/259
f 330/1457/330 1146/1459/1146 331/1461/331
f 330/1457/330 259/332/259 1145/1458/1145
f 181/1462/181 1147/1463/1147 1148/1464/1148
f 181/1465/181 185/1466/185 1149/1467/1149
f 181/1465/181 1149/1467/1149 1147/1468/1147
f 1150/1469/1150 1151/1470/1151 1152/1471/1152
f 1150/1469/1150 1152/1471/1152 344/440/344
f 1150/1469/1150 1153/1472/1153 1151/1470/1151
f 1150/1469/1150 344/440/344 346/442/346
f 1150/1469/1150 346/442/346 1153/1472/1153
f 1154/1473/1154 1155/1474/1155 1156/1475/1156
f 1154/1473/1154 1157/1476/1157 1155/1474/1155
f 1154/1473/1154 1158/1477/1158 355/453/355
f 1154/1473/1154 1159/1478/1159 1157/1476/1157
f 1154/1473/1154 1156/1475/1156 1160/1479/1160
f 1154/1473/1154 1160/1479/1160 1158/1477/1158
f 1154/1473/1154 355/453/355 1159/1478/1159
f 1161/1480/1161 1162/1481/1162 1163/1482/1163
f 1161/1480/1161 1164/1483/1164 509/653/509
f 1161/1480/1161 508/652/508 1162/1481/1162
f 1161/1480/1161 1165/1484/1165 1166/1485/1166
f 1161/1480/1161 1166/1485/1166 1167/1486/1167
f 1161/1480/1161 509/653/509 508/652/508
f 1161/1480/1161 1163/1482/1163 1165/1484/1165
f 1161/1480/1161 1167/1486/1167 1164/1483/1164
f 1168/1487/1168 1169/1488/1169 1170/1489/1170
f 1168/1487/1168 1171/1490/1171 885/1121/885
f 1168/1487/1168 1172/1491/1172 1169/1488/1169
f 1168/1487/1168 885/1121/885 1172/1491/1172
f 1168/1487/1168 1170/1489/1170 1171/1490/1171
f 1173/1492/1173 1174/1493/1174 1175/1494/1175
f 1173/1495/1173 1176/1496/1176 1177/1497/1177
f 1173/1492/1173 1178/1498/1178 1174/1493/1174
f 1173/1492/1173 1177/1499/1177 1178/1498/1178
f 1173/1495/1173 1175/1500/1175 1176/1496/1176
f 1179/1501/1179 1180/1502/1180 1181/1503/1181
f 1179/1501/1179 1182/1504/1182 1183/1505/1183
f 1179/1501/1179 1181/1503/1181 781/990/781
f 1179/1501/1179 781/990/781 783/989/783
f 1179/1501/1179 783/989/783 1182/1504/1182
f 1179/1501/1179 1183/1505/1183 1180/1502/1180
f 1184/1506/1184 1185/1507/1185 1186/1508/1186
f 1184/1509/1184 1187/1510/1187 1188/1511/1188
f 1184/1512/1184 1189/1513/1189 1190/1514/1190
f 1184/1506/1184 1190/1515/1190 1185/1507/1185
f 1184/1509/1184 1186/1516/1186 1187/1510/1187
f 1184/1512/1184 1188/1517/1188 1189/1513/1189
f 1191/1518/1191 1192/1519/1192 1193/1520/1193
f 1191/1518/1191 1194/1521/1194 1195/1522/1195
f 1191/1518/1191 1196/1523/1196 1192/1519/1192
f 1191/1518/1191 1197/1524/1197 1196/1523/1196
f 1191/1518/1191 1193/1520/1193 1194/1521/1194
f 1191/1518/1191 1195/1522/1195 1197/1524/1197
f 1198/1525/1198 1199/1526/1199 1200/1527/1200
f 1198/1528/1198 1201/1529/1201 1202/1530/1202
f 1198/1525/1198 1203/1531/1203 1201/1532/1201
f 1198/1528/1198 1202/1530/1202 1199/1533/1199
f 1198/1525/1198 1204/1534/1204 1203/1531/1203
f 1198/1525/1198 1200/1527/1200 1204/1534/1204
f 1205/1535/1205 1083/1378/1083 1086/1384/1086
f 1205/1535/1205 1206/1536/1206 1207/1537/1207
f 1205/1535/1205 1208/1538/1208 1209/1539/1209
f 1205/1535/1205 1209/1539/1209 1083/1378/1083
f 1205/1535/1205 1086/1384/1086 1206/1536/1206
f 1205/1535/1205 1207/1537/1207 1208/1538/1208
f 1210/1540/1210 12/20/12 13/19/13
f 1210/1540/1210 1211/1541/1211 1212/1542/1212
f 1210/1540/1210 1213/1543/1213 12/20/12
f 1210/1540/1210 13/19/13 1214/1544/1214
f 1210/1540/1210 1215/1545/1215 1211/1541/1211
f 1210/1540/1210 1212/1542/1212 1213/1543/1213
f 1210/1540/1210 1214/1544/1214 1215/1545/1215
f 1216/1546/1216 152/209/152 155/208/155
f 1216/1546/1216 1217/1547/1217 1218/1548/1218
f 1216/1546/1216 1219/1549/1219 1217/1547/1217
f 1216/1546/1216 1220/1550/1220 152/209/152
f 1216/1546/1216 1218/1548/1218 1221/1551/1221
f 1216/1546/1216 155/208/155 1219/1549/1219
f 1216/1546/1216 1221/1551/1221 1220/1550/1220
f 1222/1552/1222 1223/1553/1223 322/420/322
f 1222/1552/1222 1224/1554/1224 1225/1555/1225
f 1222/1552/1222 1225/1555/1225 1223/1553/1223
f 1222/1556/1222 219/282/219 1226/1557/1226
f 1222/1556/1222 1226/1557/1226 1224/1558/1224
f 1222/1556/1222 322/416/322 219/282/219
f 60/84/60 827/1047/827 1227/1559/1227
f 60/84/60 65/92/65 1228/1560/1228
f 60/84/60 1227/1559/1227 1229/1561/1229
f 60/84/60 1228/1560/1228 827/1047/827
f 60/84/60 1230/1562/1230 61/85/61
f 60/84/60 1229/1561/1229 1230/1562/1230
f 1231/1563/1231 916/1177/916 921/1176/921
f 1231/1564/1231 1232/1565/1232 1233/1566/1233
f 1231/1564/1231 1234/1567/1234 916/1568/916
f 1231/1564/1231 1235/1569/1235 1232/1565/1232
f 1231/1564/1231 1233/1566/1233 1234/1567/1234
f 1231/1563/1231 921/1176/921 1235/1570/1235
f 1236/1571/1236 1237/1572/1237 1238/1573/1238
f 1236/1571/1236 550/1574/550 1239/1575/1239
f 1236/1576/1236 1238/1577/1238 551/1578/551
f 1236/1571/1236 1240/1579/1240 1237/1572/1237
f 1236/1571/1236 551/1580/551 550/1574/550
f 1236/1571/1236 1239/1575/1239 1240/1579/1240
f 1241/1581/1241 1242/1582/1242 1243/1583/1243
f 1241/1581/1241 1244/1584/1244 1245/1585/1245
f 1241/1581/1241 1245/1585/1245 1246/1586/1246
f 1241/1581/1241 1247/1587/1247 1244/1584/1244
f 1241/1581/1241 1246/1586/1246 1242/1582/1242
f 1241/1581/1241 1243/1583/1243 1247/1587/1247
f 1248/1588/1248 1249/1589/1249 1250/1590/1250
f 1248/1591/1248 1251/1592/1251 1252/1593/1252
f 1248/1591/1248 1252/1593/1252 1253/1594/1253
f 1248/1591/1248 1253/1594/1253 1249/1595/1249
f 1248/1591/1248 1250/1596/1250 1251/1592/1251
f 1254/1597/1254 1255/1598/1255 1256/1599/1256
f 1254/1597/1254 256/325/256 1257/1600/1257
f 1254/1597/1254 1257/1600/1257 1258/1601/1258
f 1254/1602/1254 1259/1603/1259 256/327/256
f 1254/1597/1254 1258/1601/1258 1255/1598/1255
f 1254/1602/1254 1256/1604/1256 1259/1603/1259
f 968/1232/968 973/1238/973 1260/1605/1260
f 1261/1606/1261 692/878/692 1262/1607/1262
f 1261/1608/1261 269/343/269 272/346/272
f 1261/1608/1261 1263/1609/1263 692/1610/692
f 1261/1606/1261 1262/1607/1262 1264/1611/1264
f 1261/1606/1261 1264/1611/1264 269/1612/269
f 1261/1608/1261 272/346/272 1263/1609/1263
f 1265/1613/1265 1266/1614/1266 1267/1615/1267
f 1265/1613/1265 1268/1616/1268 1269/1617/1269
f 1265/1613/1265 1270/1618/1270 1266/1614/1266
f 1265/1613/1265 1269/1617/1269 1271/1619/1271
f 1265/1613/1265 1271/1619/1271 1270/1618/1270
f 1265/1613/1265 1267/1615/1267 1268/1616/1268
f 1272/1620/1272 484/617/484 1273/1621/1273
f 1272/1620/1272 1274/1622/1274 1275/1623/1275
f 1272/1620/1272 1276/1624/1276 1277/1625/1277
f 1272/1620/1272 1273/1621/1273 1274/1622/1274
f 1272/1620/1272 1275/1623/1275 1276/1624/1276
f 1272/1620/1272 1277/1625/1277 484/617/484
f 1278/1626/1278 1279/1627/1279 1280/1628/1280
f 1278/1626/1278 1281/1629/1281 904/1148/904
f 1278/1626/1278 1282/1630/1282 1281/1629/1281
f 1278/1626/1278 1280/1628/1280 292/1631/292
f 1278/1626/1278 292/1631/292 1282/1630/1282
f 1278/1626/1278 904/1148/904 1279/1627/1279
f 1283/1632/1283 1284/1633/1284 1285/1634/1285
f 1283/1635/1283 1286/1636/1286 1287/1637/1287
f 1283/1635/1283 1287/1637/1287 1288/1638/1288
f 1283/1635/1283 1289/1639/1289 1286/1636/1286
f 1283/1635/1283 1290/1640/1290 1289/1639/1289
f 1283/1632/1283 1285/1634/1285 1290/1641/1290
f 1283/1632/1283 1288/1642/1288 1284/1633/1284
f 933/1192/933 1291/1643/1291 1292/1644/1292
f 933/1192/933 1293/1645/1293 1291/1643/1291
f 933/1192/933 1292/1644/1292 934/1193/934
f 933/1192/933 936/1195/936 1293/1645/1293
f 1294/1646/1294 1295/1647/1295 413/526/413
f 1294/1648/1294 1296/1649/1296 1297/1650/1297
f 1294/1648/1294 1297/1650/1297 1295/1651/1295
f 1294/1648/1294 1298/1652/1298 1296/1649/1296
f 1294/1648/1294 409/1653/409 1298/1652/1298
f 1294/1646/1294 413/526/413 409/522/409
f 1299/1654/1299 1300/1655/1300 1301/1656/1301
f 1299/1657/1299 1302/1658/1302 1303/1659/1303
f 1299/1654/1299 1301/1656/1301 1302/1660/1302
f 1304/1661/1304 1305/1662/1305 1306/1663/1306
f 1304/1661/1304 1306/1663/1306 1307/1664/1307
f 1304/1661/1304 1308/1665/1308 1305/1662/1305
f 1304/1661/1304 1309/1666/1309 1308/1665/1308
f 1304/1661/1304 1310/1667/1310 1309/1666/1309
f 1304/1661/1304 1307/1664/1307 1310/1667/1310
f 1311/1668/1311 1312/1669/1312 1313/1670/1313
f 1311/1671/1311 1314/1672/1314 1315/1673/1315
f 1311/1671/1311 1315/1673/1315 1316/1674/1316
f 1311/1668/1311 1316/1675/1316 1312/1669/1312
f 122/1676/122 1317/1677/1317 1318/1678/1318
f 122/1676/122 1319/1679/1319 1317/1677/1317
f 122/167/122 1318/1680/1318 123/168/123
f 122/167/122 121/166/121 1319/1681/1319
f 1320/1682/1320 1321/1683/1321 1322/1684/1322
f 1320/1682/1320 1322/1684/1322 1323/1685/1323
f 1320/1682/1320 567/729/567 1321/1683/1321
f 1320/1682/1320 1323/1685/1323 568/730/568
f 1320/1682/1320 568/730/568 567/729/567
f 952/1686/952 1324/1687/1324 1325/1688/1325
f 952/1686/952 956/1689/956 1324/1687/1324
f 952/1211/952 1325/1690/1325 1326/1691/1326
f 952/1211/952 1326/1691/1326 953/1212/953
f 1327/1692/1327 1328/1693/1328 1329/1694/1329
f 1327/1692/1327 1329/1694/1329 1330/1695/1330
f 1327/1692/1327 1330/1695/1330 1331/1696/1331
f 1327/1692/1327 1331/1696/1331 1332/1697/1332
f 1327/1692/1327 1332/1697/1332 1328/1693/1328
f 1333/1698/1333 1334/1699/1334 1211/1700/1211
f 1333/1698/1333 1335/1701/1335 1336/1702/1336
f 1333/1698/1333 1211/1700/1211 1337/1703/1337
f 1333/1698/1333 1337/1703/1337 1338/1704/1338
f 1333/1698/1333 1338/1704/1338 1335/1701/1335
f 1333/1698/1333 1336/1702/1336 1334/1699/1334
f 415/528/415 1339/1705/1339 1340/1706/1340
f 415/528/415 419/533/419 1341/1707/1341
f 415/528/415 1341/1707/1341 1339/1705/1339
f 415/528/415 1340/1706/1340 416/529/416
f 1342/1708/1342 1343/1709/1343 1344/1710/1344
f 1342/1711/1342 133/183/133 1343/1712/1343
f 1342/1711/1342 1345/1713/1345 134/184/134
f 1342/1711/1342 134/184/134 133/183/133
f 1342/1714/1342 1346/1715/1346 1345/1716/1345
f 1342/1714/1342 1344/1717/1344 1346/1715/1346
f 1347/1718/1347 601/766/601 1348/1719/1348
f 1347/1718/1347 1349/1720/1349 1350/1721/1350
f 1347/1718/1347 1351/1722/1351 601/766/601
f 1347/1718/1347 1352/1723/1352 1349/1720/1349
f 1347/1718/1347 1348/1719/1348 1352/1723/1352
f 1347/1718/1347 1350/1721/1350 1351/1722/1351
f 1353/1724/1353 1354/1725/1354 1355/1726/1355
f 1353/1727/1353 1356/1728/1356 1357/1729/1357
f 1353/1724/1353 488/1730/488 1354/1725/1354
f 1353/1727/1353 1357/1729/1357 488/1731/488
f 1353/1732/1353 1355/1733/1355 1358/1734/1358
f 1353/1735/1353 1358/1736/1358 1356/1737/1356
f 1359/1738/1359 1360/1739/1360 1361/1740/1361
f 1359/1738/1359 1362/1741/1362 1360/1739/1360
f 1359/1742/1359 1063/1356/1063 1363/1743/1363
f 1359/1738/1359 1361/1740/1361 1063/1744/1063
f 1359/1742/1359 1363/1743/1363 1364/1745/1364
f 1359/1738/1359 1365/1746/1365 1362/1741/1362
f 1359/1738/1359 1364/1747/1364 1365/1746/1365
f 497/634/497 1366/1748/1366 23/635/23
f 577/1749/577 1367/1750/1367 1368/1751/1368
f 577/1749/577 1369/1752/1369 578/1753/578
f 577/1749/577 583/1754/583 1367/1750/1367
f 577/1749/577 1368/1751/1368 1369/1752/1369
f 201/259/201 203/261/203 653/1755/653
f 201/259/201 1370/1756/1370 1371/1757/1371
f 201/259/201 1372/1758/1372 202/260/202
f 201/259/201 1371/1757/1371 1372/1758/1372
f 201/259/201 653/1755/653 1370/1756/1370
f 209/270/209 213/274/213 1373/1759/1373
f 209/270/209 1374/1760/1374 295/380/295
f 209/270/209 1373/1759/1373 1374/1760/1374
f 1375/1761/1375 1376/1762/1376 1377/1763/1377
f 1375/1761/1375 1377/1763/1377 1378/1764/1378
f 1375/1765/1375 1379/1766/1379 1380/1767/1380
f 1375/1768/1375 1381/1769/1381 1376/1770/1376
f 1375/1765/1375 1378/1771/1378 1379/1766/1379
f 1375/1765/1375 1380/1767/1380 1381/1772/1381
f 1382/1773/1382 1383/1774/1383 1384/1775/1384
f 1382/1773/1382 1385/1776/1385 1386/1777/1386
f 1382/1773/1382 730/930/730 732/929/732
f 1382/1773/1382 1384/1775/1384 1385/1776/1385
f 1382/1773/1382 732/929/732 1383/1774/1383
f 1382/1773/1382 1387/1778/1387 730/930/730
f 1388/1779/1388 1389/1780/1389 1390/1781/1390
f 1388/1782/1388 284/366/284 1391/1783/1391
f 1388/1779/1388 1390/1781/1390 1392/1784/1392
f 1388/1785/1388 1391/1786/1391 1389/1787/1389
f 1388/1782/1388 1392/1788/1392 284/366/284
f 1393/1789/1393 860/1090/860 862/1092/862
f 1393/1790/1393 862/1095/862 1394/1791/1394
f 1393/1790/1393 1395/1792/1395 1396/1793/1396
f 1393/1789/1393 1397/1794/1397 860/1090/860
f 1393/1789/1393 1396/1795/1396 1397/1794/1397
f 1393/1790/1393 1394/1791/1394 1395/1792/1395
f 1398/1796/1398 296/381/296 298/383/298
f 1398/1796/1398 1399/1797/1399 1400/1798/1400
f 1398/1796/1398 1401/1799/1401 1399/1797/1399
f 1398/1796/1398 1402/1800/1402 296/381/296
f 1398/1796/1398 1400/1798/1400 1402/1800/1402
f 1398/1796/1398 1403/1801/1403 1401/1799/1401
f 1398/1796/1398 298/383/298 1403/1801/1403
f 1123/1802/1123 1404/1803/1404 559/719/559
f 1123/1804/1123 1405/1805/1405 1124/1806/1124
f 1123/1802/1123 559/719/559 1405/1807/1405
f 1123/1802/1123 1126/1808/1126 1404/1803/1404
f 37/59/37 1406/1809/1406 1407/1810/1407
f 37/53/37 1408/1811/1408 38/54/38
f 37/59/37 40/57/40 1406/1809/1406
f 37/53/37 1407/1812/1407 1408/1811/1408
f 315/1813/315 1409/1814/1409 1410/1815/1410
f 315/1813/315 1410/1815/1410 1411/1816/1411
f 315/409/315 318/408/318 1412/1817/1412
f 315/1813/315 1411/1816/1411 316/1818/316
f 315/1813/315 1412/1819/1412 1409/1814/1409
f 1413/1820/1413 1414/1821/1414 1415/1822/1415
f 1413/1823/1413 1174/1493/1174 1416/1824/1416
f 1413/1825/1413 1417/1826/1417 1174/1827/1174
f 1413/1828/1413 426/1829/426 1414/1830/1414
f 1413/1825/1413 1415/1831/1415 1417/1826/1417
f 1413/1823/1413 1416/1824/1416 426/1832/426
f 1418/1833/1418 1419/1834/1419 1420/1835/1420
f 1418/1836/1418 1421/1837/1421 1422/1838/1422
f 1418/1836/1418 1422/1838/1422 1423/1839/1423
f 1418/1833/1418 1424/1840/1424 1421/1841/1421
f 1418/1833/1418 1423/1842/1423 1419/1834/1419
f 1418/1833/1418 1420/1835/1420 1424/1840/1424
f 1425/1843/1425 1426/1844/1426 920/1175/920
f 1425/1843/1425 919/1174/919 1427/1845/1427
f 1425/1843/1425 1427/1845/1427 1428/1846/1428
f 1425/1843/1425 920/1175/920 919/1174/919
f 1425/1843/1425 1428/1846/1428 1426/1844/1426
f 681/862/681 981/1247/981 682/863/682
f 681/862/681 1429/1847/1429 981/1247/981
f 681/862/681 684/870/684 1429/1847/1429
f 1430/1848/1430 1431/1849/1431 1432/1850/1432
f 1430/1851/1430 1433/1852/1433 1434/1853/1434
f 1430/1851/1430 1434/1853/1434 1435/1854/1435
f 1430/1848/1430 1432/1850/1432 1436/1855/1436
f 1430/1848/1430 1099/1856/1099 1433/1857/1433
f 1430/1858/1430 1435/1859/1435 1431/1860/1431
f 1430/1848/1430 1436/1855/1436 1099/1856/1099
f 250/1861/250 603/1862/603 1228/1560/1228
f 250/1861/250 1228/1560/1228 251/1863/251
f 548/1864/548 96/138/96 99/141/99
f 548/1864/548 551/1865/551 402/510/402
f 548/707/548 99/1866/99 549/708/549
f 548/1864/548 402/510/402 96/138/96
f 1437/1867/1437 101/143/101 104/146/104
f 1437/1867/1437 1438/1868/1438 1439/1869/1439
f 1437/1867/1437 104/146/104 1440/1870/1440
f 1437/1867/1437 1439/1869/1439 101/143/101
f 1437/1867/1437 1440/1870/1440 1438/1868/1438
f 1441/1871/1441 108/150/108 113/155/113
f 1441/1872/1441 1442/1873/1442 428/547/428
f 1441/1871/1441 113/155/113 1442/1874/1442
f 1441/1872/1441 428/547/428 1443/1875/1443
f 1441/1871/1441 1443/1876/1443 1444/1877/1444
f 1441/1871/1441 1444/1877/1444 108/150/108
f 1445/1878/1445 1446/1879/1446 1447/1880/1447
f 1445/1881/1445 1448/1882/1448 1449/1883/1449
f 1445/1878/1445 1447/1880/1447 1450/1884/1450
f 1445/1881/1445 1450/1885/1450 1448/1882/1448
f 1445/1881/1445 1449/1883/1449 1446/1886/1446
f 1295/1651/1295 1297/1650/1297 1451/1887/1451
f 1295/1651/1295 1451/1887/1451 1452/1888/1452
f 1295/1647/1295 1453/1889/1453 413/526/413
f 1295/1647/1295 1452/1890/1452 1453/1889/1453
f 1454/1891/1454 1455/1892/1455 1456/1893/1456
f 1454/1894/1454 1006/1283/1006 1455/1895/1455
f 1454/1891/1454 1457/1896/1457 1458/1897/1458
f 1454/1891/1454 1456/1893/1456 1457/1896/1457
f 1454/1891/1454 1458/1897/1458 1006/1898/1006
f 242/1899/242 1459/1900/1459 243/1901/243
f 242/1902/242 1460/1903/1460 1461/1904/1461
f 242/1902/242 1461/1904/1461 1459/1905/1459
f 242/1902/242 246/1906/246 1460/1903/1460
f 1462/1907/1462 1463/1908/1463 699/888/699
f 1462/1909/1462 1464/1910/1464 1465/1911/1465
f 1462/1912/1462 1466/1913/1466 1463/1914/1463
f 1462/1912/1462 1465/1915/1465 1466/1913/1466
f 1462/1909/1462 699/887/699 1464/1910/1464
f 255/331/255 258/330/258 1467/1916/1467
f 255/324/255 1257/1600/1257 256/325/256
f 255/324/255 1468/1917/1468 1257/1600/1257
f 255/331/255 1467/1916/1467 1468/1918/1468
f 538/692/538 1469/1919/1469 539/693/539
f 538/692/538 705/1920/705 1469/1919/1469
f 82/123/82 1470/1921/1470 83/1922/83
f 82/123/82 889/1125/889 1471/1923/1471
f 82/123/82 85/122/85 889/1125/889
f 82/123/82 1471/1923/1471 1470/1921/1470
f 87/126/87 1472/1924/1472 623/790/623
f 87/126/87 89/128/89 1473/1925/1473
f 87/126/87 1473/1925/1473 1472/1924/1472
f 87/126/87 623/790/623 88/127/88
f 1474/1926/1474 1475/1927/1475 1476/1928/1476
f 1474/1926/1474 282/364/282 1477/1929/1477
f 1474/1926/1474 1476/1928/1476 282/364/282
f 1474/1926/1474 1477/1929/1477 901/1930/901
f 1474/1931/1474 901/1145/901 1475/1932/1475
f 1478/1933/1478 1479/1934/1479 1480/1935/1480
f 1478/1933/1478 1481/1936/1481 863/1094/863
f 1478/1933/1478 863/1094/863 1482/1937/1482
f 1478/1933/1478 1483/1938/1483 1484/1939/1484
f 1478/1933/1478 1480/1935/1480 1394/1791/1394
f 1478/1933/1478 1484/1939/1484 1479/1934/1479
f 1478/1933/1478 1482/1937/1482 1483/1938/1483
f 1478/1933/1478 1394/1791/1394 1481/1936/1481
f 1485/1940/1485 1486/1941/1486 1487/1942/1487
f 1485/1940/1485 1488/1943/1488 1486/1941/1486
f 1485/1940/1485 1489/1944/1489 1488/1943/1488
f 62/87/62 1490/1945/1490 63/88/63
f 62/1946/62 61/1947/61 1491/1948/1491
f 62/87/62 300/1949/300 1490/1945/1490
f 62/1946/62 1491/1948/1491 1492/1950/1492
f 62/87/62 1492/1951/1492 300/1949/300
f 1493/1952/1493 650/1953/650 1494/1954/1494
f 1493/1955/1493 1495/1956/1495 651/826/651
f 1493/1952/1493 1496/1957/1496 917/1170/917
f 1493/1952/1493 1494/1954/1494 1496/1957/1496
f 1493/1955/1493 651/826/651 650/825/650
f 1493/1952/1493 917/1170/917 1495/1958/1495
f 1497/1959/1497 1133/1960/1133 1498/1961/1498
f 1497/1959/1497 1498/1961/1498 1499/1962/1499
f 1497/1963/1497 515/659/515 1133/1444/1133
f 1497/1963/1497 1500/1964/1500 515/659/515
f 1497/1963/1497 1499/1965/1499 1500/1964/1500
f 751/1966/751 1501/1967/1501 1502/1968/1502
f 751/1966/751 1502/1968/1502 1503/1969/1503
f 751/951/751 1503/1970/1503 752/952/752
f 751/1966/751 1504/1971/1504 1501/1967/1501
f 751/1966/751 756/1972/756 1504/1971/1504
f 1505/1973/1505 1506/1974/1506 1507/1975/1507
f 1505/1973/1505 976/1241/976 975/1240/975
f 1505/1973/1505 1507/1975/1507 976/1241/976
f 1508/1976/1508 940/1199/940 1509/1977/1509
f 1508/1976/1508 1510/1978/1510 941/1200/941
f 1508/1976/1508 1511/1979/1511 1510/1978/1510
f 1508/1976/1508 941/1200/941 940/1199/940
f 1508/1976/1508 1509/1977/1509 1511/1979/1511
f 1512/1980/1512 1513/1981/1513 1514/1982/1514
f 1512/1983/1512 1515/1984/1515 1516/1985/1516
f 1512/1983/1512 1517/1986/1517 1515/1984/1515
f 1512/1980/1512 1518/1987/1518 1519/1988/1519
f 1512/1980/1512 1514/1982/1514 1518/1987/1518
f 1512/1989/1512 1516/1990/1516 1513/1991/1513
f 1512/1980/1512 1519/1988/1519 1517/1992/1517
f 1520/1993/1520 1521/1994/1521 993/1995/993
f 1520/1993/1520 1522/1996/1522 1523/1997/1523
f 1520/1993/1520 1524/1998/1524 1522/1996/1522
f 1520/1999/1520 1525/2000/1525 1521/2001/1521
f 1520/1993/1520 1523/1997/1523 1525/2002/1525
f 1520/1993/1520 993/1995/993 1524/1998/1524
f 995/1266/995 1526/2003/1526 996/1267/996
f 995/1266/995 998/1271/998 1527/2004/1527
f 995/1266/995 1527/2004/1527 1526/2003/1526
f 1528/2005/1528 1529/2006/1529 1530/2007/1530
f 1528/2005/1528 1000/1274/1000 383/491/383
f 1528/2005/1528 383/491/383 385/493/385
f 1528/2005/1528 1530/2007/1530 1001/1275/1001
f 1528/2005/1528 385/493/385 1529/2006/1529
f 1528/2005/1528 1001/1275/1001 1000/1274/1000
f 1531/2008/1531 1532/2009/1532 728/924/728
f 1531/2008/1531 728/924/728 731/927/731
f 1531/2008/1531 731/927/731 1533/2010/1533
f 1531/2008/1531 1534/2011/1534 1532/2009/1532
f 1531/2008/1531 1535/2012/1535 1534/2011/1534
f 1531/2008/1531 1533/2010/1533 1535/2012/1535
f 1536/2013/1536 1537/2014/1537 1538/2015/1538
f 1536/2016/1536 711/904/711 708/901/708
f 1536/2013/1536 1538/2015/1538 1539/2017/1539
f 1536/2018/1536 1540/2019/1540 711/2020/711
f 1536/2016/1536 708/901/708 1537/2021/1537
f 1536/2022/1536 1539/2023/1539 1540/2024/1540
f 1541/2025/1541 1016/1293/1016 1542/2026/1542
f 1541/2025/1541 378/485/378 377/484/377
f 1541/2025/1541 1543/2027/1543 1016/1293/1016
f 1541/2025/1541 1542/2026/1542 378/485/378
f 1541/2025/1541 377/484/377 1544/2028/1544
f 1541/2025/1541 1544/2028/1544 1543/2027/1543
f 719/912/719 1545/2029/1545 720/913/720
f 719/912/719 723/916/723 1546/2030/1546
f 719/912/719 1546/2030/1546 1545/2029/1545
f 1547/2031/1547 1026/1306/1026 1029/1309/1029
f 1547/2031/1547 1029/1309/1029 1548/2032/1548
f 1547/2031/1547 1548/2032/1548 1549/2033/1549
f 1547/2031/1547 1549/2033/1549 885/1121/885
f 1547/2031/1547 885/1121/885 1026/1306/1026
f 1550/2034/1550 1551/2035/1551 472/602/472
f 1550/2034/1550 1552/2036/1552 1097/2037/1097
f 1550/2038/1550 1097/1400/1097 1551/2039/1551
f 1550/2034/1550 472/602/472 1553/2040/1553
f 1550/2034/1550 1554/2041/1554 1552/2036/1552
f 1550/2034/1550 1553/2040/1553 1554/2041/1554
f 165/220/165 1555/2042/1555 1141/1453/1141
f 165/220/165 1141/1453/1141 166/221/166
f 165/220/165 169/225/169 1556/2043/1556
f 165/220/165 1556/2043/1556 1555/2042/1555
f 742/942/742 1557/2044/1557 1400/2045/1400
f 742/942/742 1400/2045/1400 1558/2046/1558
f 742/942/742 1558/2046/1558 743/943/743
f 742/942/742 744/944/744 1557/2044/1557
f 1559/2047/1559 1560/2048/1560 845/1068/845
f 1559/2047/1559 1561/2049/1561 1562/2050/1562
f 1559/2051/1559 102/144/102 1560/2052/1560
f 1559/2047/1559 845/1068/845 1561/2049/1561
f 1559/2051/1559 1562/2053/1562 105/147/105
f 1559/2051/1559 105/147/105 102/144/102
f 1563/2054/1563 1564/2055/1564 574/737/574
f 1563/2054/1563 1565/2056/1565 1564/2055/1564
f 1563/2054/1563 1566/2057/1566 1567/2058/1567
f 1563/2054/1563 574/737/574 1566/2057/1566
f 1563/2054/1563 1567/2058/1567 1565/2056/1565
f 1568/2059/1568 1194/1521/1194 1569/2060/1569
f 1568/2059/1568 1569/2060/1569 1570/2061/1570
f 1568/2059/1568 1571/2062/1571 1195/1522/1195
f 1568/2059/1568 1570/2061/1570 1572/2063/1572
f 1568/2059/1568 1195/1522/1195 1194/1521/1194
f 1568/2059/1568 1572/2063/1572 1571/2062/1571
f 1573/2064/1573 1574/2065/1574 1575/2066/1575
f 1573/2067/1573 1576/2068/1576 1256/1604/1256
f 1573/2064/1573 1577/2069/1577 1574/2065/1574
f 1573/2064/1573 1256/1599/1256 1577/2069/1577
f 1573/2067/1573 1578/2070/1578 1576/2068/1576
f 1573/2067/1573 1575/2071/1575 1578/2070/1578
f 1114/1418/1114 1117/1421/1117 1579/2072/1579
f 1580/2073/1580 639/809/639 1581/2074/1581
f 1580/2073/1580 1582/2075/1582 639/809/639
f 1580/2073/1580 1583/2076/1583 1582/2075/1582
f 1584/2077/1584 1585/2078/1585 1586/2079/1586
f 1584/2077/1584 1587/2080/1587 1588/2081/1588
f 1584/2077/1584 1589/2082/1589 1587/2080/1587
f 1584/2077/1584 1588/2081/1588 1585/2078/1585
f 1584/2077/1584 1586/2079/1586 1589/2082/1589
f 1590/2083/1590 1591/2084/1591 1592/2085/1592
f 1590/2083/1590 1593/2086/1593 1591/2084/1591
f 1590/2083/1590 1592/2085/1592 1594/2087/1594
f 1590/2088/1590 1594/2089/1594 1595/2090/1595
f 1590/2088/1590 1595/2090/1595 1593/2091/1593
f 1596/2092/1596 1597/2093/1597 819/1038/819
f 1596/2092/1596 818/1037/818 1598/2094/1598
f 1596/2092/1596 819/1038/819 818/1037/818
f 1599/2095/1599 1600/2096/1600 1601/2097/1601
f 1599/2095/1599 1602/2098/1602 57/2099/57
f 1599/2095/1599 1603/2100/1603 1600/2096/1600
f 1599/2095/1599 1601/2097/1601 1602/2098/1602
f 1599/2095/1599 57/2099/57 1603/2100/1603
f 1604/2101/1604 1605/2102/1605 1606/2103/1606
f 1604/2101/1604 1606/2103/1606 1607/2104/1607
f 1604/2105/1604 1608/2106/1608 1605/2107/1605
f 1609/2108/1609 764/964/764 1610/2109/1610
f 1609/2108/1609 677/2110/677 764/964/764
f 1609/2108/1609 679/2111/679 677/2110/677
f 1609/2108/1609 1610/2109/1610 679/2111/679
f 75/2112/75 1611/2113/1611 1612/2114/1612
f 75/2112/75 1612/2114/1612 1613/2115/1613
f 75/2112/75 78/2116/78 1611/2113/1611
f 75/107/75 1613/2117/1613 76/108/76
f 688/872/688 691/877/691 1614/2118/1614
f 688/872/688 1615/2119/1615 1616/2120/1616
f 688/872/688 1616/2120/1616 1080/1375/1080
f 688/872/688 1617/2121/1617 689/873/689
f 688/872/688 1614/2118/1614 1615/2119/1615
f 688/872/688 1080/1375/1080 1617/2121/1617
f 1618/2122/1618 1619/2123/1619 1620/2124/1620
f 1618/2122/1618 1620/2124/1620 1621/2125/1621
f 1618/2122/1618 1622/2126/1622 1623/2127/1623
f 1618/2122/1618 1621/2125/1621 1622/2126/1622
f 1618/2122/1618 1624/2128/1624 1619/2123/1619
f 1618/2122/1618 1623/2127/1623 1624/2128/1624
f 1625/2129/1625 1626/2130/1626 1627/2131/1627
f 1625/2129/1625 1628/2132/1628 463/591/463
f 1625/2129/1625 1627/2131/1627 1628/2132/1628
f 1629/2133/1629 1630/2134/1630 1631/2135/1631
f 1629/2133/1629 1631/2135/1631 1632/2136/1632
f 1629/2137/1629 1633/2138/1633 1634/2139/1634
f 1629/2133/1629 1632/2136/1632 1633/2140/1633
f 1629/2137/1629 1634/2139/1634 1630/2141/1630
f 570/732/570 572/734/572 805/1017/805
f 570/732/570 802/1014/802 1635/2142/1635
f 570/732/570 1635/2142/1635 571/733/571
f 570/732/570 805/1017/805 802/1014/802
f 1636/2143/1636 1637/2144/1637 1638/2145/1638
f 1636/2143/1636 807/1025/807 1637/2144/1637
f 1636/2143/1636 808/1026/808 807/1025/807
f 1636/2143/1636 1638/2145/1638 1639/2146/1639
f 1636/2143/1636 1640/2147/1640 808/1026/808
f 1636/2143/1636 1639/2146/1639 1640/2147/1640
f 1641/2148/1641 1642/2149/1642 1643/2150/1643
f 1641/2148/1641 1643/2150/1643 590/755/590
f 1641/2148/1641 1644/2151/1644 1642/2149/1642
f 1641/2148/1641 590/755/590 589/754/589
f 1641/2148/1641 589/754/589 1645/2152/1645
f 1641/2148/1641 1645/2152/1645 1644/2151/1644
f 1646/2153/1646 1647/2154/1647 1548/2032/1548
f 1646/2153/1646 1648/2155/1648 1649/2156/1649
f 1646/2153/1646 1649/2156/1649 1647/2154/1647
f 132/182/132 137/187/137 1650/2157/1650
f 132/182/132 1650/2157/1650 1651/2158/1651
f 132/182/132 1651/2158/1651 133/183/133
f 1652/2159/1652 139/189/139 1653/2160/1653
f 1652/2159/1652 1654/2161/1654 1655/2162/1655
f 1652/2159/1652 1653/2160/1653 1656/2163/1656
f 1652/2159/1652 1656/2163/1656 1654/2161/1654
f 1652/2159/1652 1655/2162/1655 139/189/139
f 1657/2164/1657 628/795/628 1658/2165/1658
f 1657/2164/1657 1659/2166/1659 1660/2167/1660
f 1657/2164/1657 1660/2167/1660 628/795/628
f 1657/2168/1657 1658/2169/1658 1661/2170/1661
f 1657/2164/1657 1661/2171/1661 1659/2166/1659
f 1513/2172/1513 1662/2173/1662 1663/2174/1663
f 1513/1991/1513 1664/2175/1664 1662/2176/1662
f 1513/1991/1513 1516/1990/1516 1664/2175/1664
f 1513/2172/1513 1663/2174/1663 1514/2177/1514
f 522/666/522 395/503/395 523/667/523
f 522/666/522 1377/2178/1377 396/504/396
f 522/666/522 1665/2179/1665 1666/2180/1666
f 522/666/522 525/674/525 1665/2179/1665
f 522/666/522 396/504/396 395/503/395
f 522/666/522 1666/2180/1666 1377/2178/1377
f 1667/2181/1667 1668/2182/1668 1669/2183/1669
f 1667/2181/1667 167/2184/167 171/2185/171
f 1667/2181/1667 1670/2186/1670 167/2184/167
f 1667/2181/1667 171/2185/171 1668/2182/1668
f 1667/2181/1667 1671/2187/1671 1672/2188/1672
f 1667/2181/1667 1672/2188/1672 1670/2186/1670
f 1667/2181/1667 1669/2183/1669 1671/2187/1671
f 1673/2189/1673 1674/2190/1674 176/2191/176
f 1673/2192/1673 1675/2193/1675 1676/2194/1676
f 1673/2192/1673 855/1087/855 1674/2195/1674
f 1673/2192/1673 858/1088/858 855/1087/855
f 1673/2196/1673 176/234/176 1675/2197/1675
f 1673/2192/1673 1676/2194/1676 858/1088/858
f 1677/2198/1677 1678/2199/1678 419/533/419
f 1677/2198/1677 1631/2200/1631 1679/2201/1679
f 1677/2198/1677 1680/2202/1680 1456/2203/1456
f 1677/2198/1677 419/533/419 1680/2202/1680
f 1677/2198/1677 1679/2201/1679 1678/2199/1678
f 1677/2198/1677 1456/2203/1456 1631/2200/1631
f 1681/2204/1681 1682/2205/1682 1683/2206/1683
f 1681/2204/1681 1683/2206/1683 1684/2207/1684
f 1681/2204/1681 1685/2208/1685 1686/2209/1686
f 1681/2204/1681 1686/2209/1686 870/1103/870
f 1681/2204/1681 1684/2207/1684 1687/2210/1687
f 1681/2204/1681 1687/2210/1687 1685/2208/1685
f 1681/2204/1681 870/1103/870 1682/2205/1682
f 1688/2211/1688 1689/2212/1689 302/387/302
f 1688/2213/1688 1690/2214/1690 784/992/784
f 1688/2211/1688 302/387/302 1690/2215/1690
f 1688/2213/1688 353/2216/353 1689/2217/1689
f 1688/2213/1688 354/991/354 353/2216/353
f 1688/2213/1688 784/992/784 354/991/354
f 1691/2218/1691 305/398/305 310/397/310
f 1691/2218/1691 1692/2219/1692 1693/2220/1693
f 1691/2218/1691 1693/2220/1693 305/398/305
f 1691/2218/1691 310/397/310 1694/2221/1694
f 1691/2218/1691 1694/2221/1694 1692/2219/1692
f 1695/2222/1695 15/2223/15 19/2224/19
f 1695/2222/1695 565/727/565 564/726/564
f 1695/2222/1695 1696/2225/1696 565/727/565
f 1695/2222/1695 564/726/564 15/2223/15
f 1695/2222/1695 19/2224/19 1696/2225/1696
f 524/669/524 527/673/527 1697/2226/1697
f 524/669/524 1665/2227/1665 525/670/525
f 524/669/524 1697/2226/1697 1698/2228/1698
f 524/669/524 1698/2228/1698 1665/2227/1665
f 388/496/388 1699/2229/1699 389/497/389
f 388/496/388 1700/2230/1700 1699/2229/1699
f 388/496/388 391/499/391 1700/2230/1700
f 627/794/627 1701/2231/1701 628/795/628
f 627/2232/627 1702/2233/1702 1701/2234/1701
f 627/2232/627 1703/2235/1703 1702/2233/1702
f 627/2236/627 1704/2237/1704 1703/2238/1703
f 627/2236/627 632/2239/632 1704/2237/1704
f 263/2240/263 1479/1934/1479 633/2241/633
f 263/337/263 265/339/265 1705/2242/1705
f 263/2240/263 1705/2243/1705 1395/1792/1395
f 263/2240/263 1395/1792/1395 1394/1791/1394
f 263/2240/263 1480/1935/1480 1479/1934/1479
f 263/2240/263 1394/1791/1394 1480/1935/1480
f 296/381/296 1706/2244/1706 210/271/210
f 296/381/296 1402/1800/1402 1706/2244/1706
f 1404/1803/1404 1707/2245/1707 557/717/557
f 1404/1803/1404 557/717/557 559/719/559
f 1404/1803/1404 1708/2246/1708 1707/2245/1707
f 1404/1803/1404 1126/1808/1126 1708/2246/1708
f 305/390/305 1709/2247/1709 306/391/306
f 305/390/305 1693/2248/1693 1709/2247/1709
f 316/405/316 1710/2249/1710 1711/2250/1711
f 316/405/316 1711/2250/1711 317/406/317
f 316/1818/316 1411/1816/1411 1710/2251/1710
f 1712/2252/1712 1414/1821/1414 1713/2253/1713
f 1712/2252/1712 1713/2253/1713 1714/2254/1714
f 1712/2252/1712 1714/2254/1714 1715/2255/1715
f 1712/2252/1712 1715/2255/1715 1716/2256/1716
f 1712/2252/1712 1716/2256/1716 1414/1821/1414
f 1717/2257/1717 1718/2258/1718 506/650/506
f 1717/2259/1717 1515/1984/1515 1517/1986/1517
f 1717/2257/1717 1517/1992/1517 1719/2260/1719
f 1717/2259/1717 1720/2261/1720 1422/1838/1422
f 1717/2259/1717 1422/1838/1422 1515/1984/1515
f 1717/2257/1717 1719/2260/1719 1718/2258/1718
f 1717/2259/1717 506/649/506 1720/2261/1720
f 67/94/67 1721/2262/1721 1722/2263/1722
f 67/94/67 1722/2263/1722 68/95/68
f 67/94/67 70/97/70 1723/2264/1723
f 67/94/67 1723/2264/1723 1721/2262/1721
f 1724/2265/1724 1725/2266/1725 761/2267/761
f 1724/2265/1724 1726/2268/1726 1727/2269/1727
f 1724/2265/1724 760/2270/760 1726/2268/1726
f 1724/2265/1724 761/2267/761 760/2270/760
f 1724/2265/1724 1727/2269/1727 1725/2266/1725
f 1242/1582/1242 1728/2271/1728 891/1127/891
f 1242/1582/1242 1246/1586/1246 1728/2271/1728
f 1242/1582/1242 890/1126/890 1243/1583/1243
f 1242/1582/1242 891/1127/891 890/1126/890
f 1249/1595/1249 1729/2272/1729 1730/2273/1730
f 1249/1595/1249 1253/1594/1253 1729/2272/1729
f 1249/1589/1249 1730/2274/1730 1731/2275/1731
f 1249/1589/1249 1731/2275/1731 1250/1590/1250
f 1732/2276/1732 2/2/2 1733/2277/1733
f 1732/2276/1732 1733/2277/1733 1734/2278/1734
f 1732/2276/1732 1735/2279/1735 1736/2280/1736
f 1732/2276/1732 3/3/3 2/2/2
f 1732/2276/1732 1736/2280/1736 3/3/3
f 1732/2276/1732 1734/2278/1734 1735/2279/1735
f 1737/2281/1737 1738/2282/1738 1739/2283/1739
f 1737/2284/1737 1740/2285/1740 907/2286/907
f 1737/2281/1737 1741/2287/1741 1740/2288/1740
f 1737/2289/1737 907/2290/907 1742/2291/1742
f 1737/2281/1737 1739/2283/1739 1741/2287/1741
f 1737/2289/1737 1742/2291/1742 1738/2292/1738
f 1305/1662/1305 709/2293/709 712/2294/712
f 1305/1662/1305 1308/1665/1308 1743/2295/1743
f 1305/2296/1305 1539/2017/1539 709/902/709
f 1305/1662/1305 712/2294/712 1306/1663/1306
f 1305/2297/1305 1743/2298/1743 1539/2023/1539
f 375/480/375 1744/2299/1744 376/481/376
f 375/480/375 1745/2300/1745 1744/2299/1744
f 375/480/375 379/487/379 1745/2300/1745
f 1185/1507/1185 725/2301/725 722/2302/722
f 1185/1507/1185 1746/2303/1746 1747/2304/1747
f 1185/1507/1185 1747/2304/1747 725/2301/725
f 1185/1507/1185 1190/1515/1190 1746/2303/1746
f 1185/1507/1185 722/2302/722 1186/1508/1186
f 1192/2305/1192 1196/2306/1196 1748/2307/1748
f 1192/2305/1192 1748/2307/1748 1749/2308/1749
f 1192/2305/1192 1749/2308/1749 1750/2309/1750
f 1192/1519/1192 1750/2310/1750 1193/1520/1193
f 1751/2311/1751 1752/2312/1752 1753/2313/1753
f 1751/2311/1751 1753/2313/1753 1754/2314/1754
f 1751/2315/1751 1755/2316/1755 1752/2317/1752
f 1751/2318/1751 1756/2319/1756 452/578/452
f 1751/2318/1751 452/578/452 1755/2320/1755
f 1751/2318/1751 1754/2321/1754 1756/2319/1756
f 1757/2322/1757 1758/2323/1758 1759/2324/1759
f 1757/2322/1757 1760/2325/1760 1758/2323/1758
f 1757/2326/1757 1761/2327/1761 143/193/143
f 1757/2322/1757 1762/2328/1762 1760/2325/1760
f 1757/2326/1757 143/193/143 142/192/142
f 1757/2322/1757 142/2329/142 1762/2328/1762
f 1757/2330/1757 1759/2331/1759 1761/2332/1761
f 1763/2333/1763 1764/2334/1764 1765/2335/1765
f 1763/2333/1763 1766/2336/1766 1767/2337/1767
f 1763/2333/1763 1767/2337/1767 1768/2338/1768
f 1763/2333/1763 1768/2338/1768 1764/2334/1764
f 1763/2333/1763 1765/2335/1765 1766/2336/1766
f 1303/1659/1303 1302/1658/1302 1769/2339/1769
f 1303/1659/1303 1769/2339/1769 1770/2340/1770
f 597/762/597 599/764/599 1771/2341/1771
f 597/762/597 1772/2342/1772 598/763/598
f 597/762/597 1771/2341/1771 1773/2343/1773
f 597/762/597 1773/2343/1773 1772/2342/1772
f 601/766/601 1351/1722/1351 602/767/602
f 601/2344/601 604/770/604 1774/2345/1774
f 601/766/601 1774/2346/1774 1348/1719/1348
f 1354/1725/1354 1775/2347/1775 1776/2348/1776
f 1354/1725/1354 1776/2348/1776 1355/1726/1355
f 1354/1725/1354 488/1730/488 490/2349/490
f 1354/1725/1354 490/2349/490 1775/2347/1775
f 1777/2350/1777 1778/2351/1778 1450/1884/1450
f 1777/2350/1777 1447/1880/1447 844/1067/844
f 1777/2350/1777 1450/1884/1450 1447/1880/1447
f 1777/2350/1777 844/1067/844 841/1064/841
f 1777/2350/1777 1779/2352/1779 1778/2351/1778
f 1777/2350/1777 841/1064/841 1779/2352/1779
f 776/978/776 1780/2353/1780 1781/2354/1781
f 776/978/776 778/980/778 1782/2355/1782
f 776/978/776 1783/2356/1783 1780/2353/1780
f 776/978/776 1781/2354/1781 777/979/777
f 776/2357/776 1782/2358/1782 1783/2359/1783
f 194/2360/194 378/485/378 195/2361/195
f 194/252/194 198/256/198 1784/2362/1784
f 194/252/194 1784/2362/1784 378/2363/378
f 814/1032/814 359/2364/359 362/1033/362
f 814/1032/814 1785/2365/1785 1786/2366/1786
f 814/1032/814 817/1036/817 1785/2365/1785
f 814/1032/814 1786/2366/1786 359/2364/359
f 793/1001/793 1787/2367/1787 1788/2368/1788
f 793/1001/793 1789/2369/1789 1787/2367/1787
f 793/1001/793 1790/2370/1790 794/1002/794
f 793/1001/793 795/1005/795 1789/2369/1789
f 793/1001/793 1788/2368/1788 1790/2370/1790
f 424/540/424 1225/1555/1225 425/541/425
f 424/540/424 426/2371/426 1791/2372/1791
f 424/540/424 1791/2372/1791 1792/2373/1792
f 424/540/424 1792/2373/1792 1225/1555/1225
f 1793/2374/1793 671/849/671 1794/2375/1794
f 1793/2376/1793 153/205/153 1795/2377/1795
f 1793/2376/1793 1794/2378/1794 154/206/154
f 1793/2376/1793 1795/2377/1795 672/2379/672
f 1793/2376/1793 154/206/154 153/205/153
f 1793/2376/1793 672/2379/672 671/2380/671
f 1128/2381/1128 1130/2382/1130 1163/1482/1163
f 1128/1435/1128 725/2301/725 1747/2304/1747
f 1128/1435/1128 1747/2304/1747 1129/1436/1129
f 1128/2381/1128 1163/1482/1163 725/920/725
f 1237/2383/1237 1796/2384/1796 1238/1577/1238
f 1237/1572/1237 1240/1579/1240 1797/2385/1797
f 1237/1572/1237 1797/2385/1797 1796/2386/1796
f 1798/2387/1798 1799/2388/1799 1800/2389/1800
f 1798/2387/1798 1801/2390/1801 1432/1850/1432
f 1798/2387/1798 1800/2389/1800 1801/2390/1801
f 1798/2387/1798 1432/1850/1432 1802/2391/1802
f 1798/2387/1798 1803/2392/1803 1799/2388/1799
f 1798/2387/1798 1802/2391/1802 1803/2392/1803
f 1804/2393/1804 1805/2394/1805 1806/2395/1806
f 1804/2393/1804 1807/2396/1807 1808/2397/1808
f 1804/2393/1804 1806/2395/1806 1809/2398/1809
f 1804/2393/1804 1808/2397/1808 1805/2394/1805
f 1804/2393/1804 1809/2398/1809 1810/2399/1810
f 1804/2393/1804 1810/2399/1810 1807/2396/1807
f 1758/2323/1758 1811/2400/1811 1812/2401/1812
f 1758/2323/1758 1760/2325/1760 1813/2402/1813
f 1758/2323/1758 1812/2401/1812 1759/2324/1759
f 1758/2323/1758 1813/2402/1813 1811/2400/1811
f 1814/2403/1814 1815/2404/1815 1816/2405/1816
f 1814/2403/1814 1817/2406/1817 1815/2404/1815
f 1814/2403/1814 1579/2407/1579 1817/2406/1817
f 1814/2403/1814 1816/2405/1816 1818/2408/1818
f 1819/2409/1819 1820/2410/1820 1821/2411/1821
f 1819/2409/1819 1379/1766/1379 1378/1771/1378
f 1819/2412/1819 1378/1764/1378 1264/1611/1264
f 1819/2412/1819 1264/1611/1264 1822/2413/1822
f 1819/2409/1819 1821/2411/1821 1379/1766/1379
f 1819/2409/1819 1822/2414/1822 1820/2410/1820
f 1823/2415/1823 1268/2416/1268 1824/2417/1824
f 1823/2415/1823 1825/2418/1825 1269/2419/1269
f 1823/2415/1823 1385/1776/1385 1825/2418/1825
f 1823/2420/1823 1269/1617/1269 1268/1616/1268
f 1823/2415/1823 1824/2417/1824 1386/1777/1386
f 1823/2415/1823 1386/1777/1386 1385/1776/1385
f 1826/2421/1826 1827/2422/1827 942/2423/942
f 1826/2421/1826 1828/2424/1828 1829/2425/1829
f 1826/2421/1826 1511/2426/1511 1827/2422/1827
f 1826/2421/1826 942/2423/942 1828/2424/1828
f 1826/2421/1826 1829/2425/1829 1830/2427/1830
f 1826/2421/1826 1830/2427/1830 1831/2428/1831
f 1826/2421/1826 1831/2428/1831 1511/2426/1511
f 1832/2429/1832 392/500/392 1104/1407/1104
f 1832/2430/1832 1833/2431/1833 1834/2432/1834
f 1832/2430/1832 1104/2433/1104 1833/2431/1833
f 1832/2429/1832 1835/2434/1835 393/501/393
f 1832/2430/1832 1834/2432/1834 1835/2435/1835
f 1832/2429/1832 393/501/393 392/500/392
f 1284/1633/1284 1836/2436/1836 871/1104/871
f 1284/1633/1284 1288/1642/1288 1836/2436/1836
f 1284/1633/1284 871/1104/871 867/1100/867
f 1284/1633/1284 867/1100/867 1285/1634/1285
f 670/848/670 913/1165/913 1837/2437/1837
f 670/848/670 674/854/674 1838/2438/1838
f 670/848/670 1837/2437/1837 671/849/671
f 670/848/670 1838/2438/1838 913/1165/913
f 1839/2439/1839 1840/2440/1840 309/395/309
f 1839/2439/1839 1841/2441/1841 1842/2442/1842
f 1839/2439/1839 1843/2443/1843 1841/2441/1841
f 1839/2439/1839 309/395/309 1844/2444/1844
f 1839/2439/1839 1844/2444/1844 1843/2443/1843
f 1839/2439/1839 1842/2442/1842 1840/2440/1840
f 1845/2445/1845 318/411/318 1846/2446/1846
f 1845/2447/1845 1847/2448/1847 1848/2449/1848
f 1845/2450/1845 1412/1817/1412 318/408/318
f 1845/2451/1845 1848/2452/1848 1412/2453/1412
f 1845/2445/1845 1846/2446/1846 1847/2454/1847
f 160/215/160 887/2455/887 161/216/161
f 160/215/160 1034/1315/1034 1033/1318/1033
f 160/215/160 1849/2456/1849 887/2455/887
f 160/215/160 162/217/162 1034/1315/1034
f 160/215/160 1033/1318/1033 1849/2456/1849
f 1850/2457/1850 528/676/528 1711/2458/1711
f 1850/2457/1850 1851/2459/1851 1852/2460/1852
f 1850/2457/1850 1711/2458/1711 1851/2459/1851
f 1850/2457/1850 1852/2460/1852 528/676/528
f 533/2461/533 1853/2462/1853 1854/2463/1854
f 533/2461/533 1854/2463/1854 534/2464/534
f 533/684/533 177/686/177 1855/2465/1855
f 533/684/533 1855/2465/1855 1853/2466/1853
f 1856/2467/1856 1857/2468/1857 1858/2469/1858
f 1856/2470/1856 1859/2471/1859 1857/2472/1857
f 1856/2467/1856 1858/2469/1858 1860/2473/1860
f 1431/1860/1431 1861/2474/1861 1432/2475/1432
f 1431/1860/1431 1862/2476/1862 1863/2477/1863
f 1431/1860/1431 1435/1859/1435 1862/2476/1862
f 1431/1860/1431 1863/2477/1863 1861/2474/1861
f 64/89/64 1864/2478/1864 1865/2479/1865
f 64/89/64 1866/2480/1866 65/90/65
f 64/89/64 1865/2479/1865 1866/2480/1866
f 64/89/64 63/88/63 1864/2478/1864
f 1169/1488/1169 1172/1491/1172 1867/2481/1867
f 370/475/370 1868/2482/1868 1869/2483/1869
f 370/475/370 110/152/110 112/154/112
f 370/475/370 112/154/112 1868/2482/1868
f 370/475/370 1869/2483/1869 371/476/371
f 1312/1669/1312 782/986/782 784/992/784
f 1312/1669/1312 1316/1675/1316 782/986/782
f 1312/1669/1312 784/992/784 1870/2484/1870
f 1312/1669/1312 1870/2484/1870 1313/1670/1313
f 1529/2006/1529 1871/2485/1871 1872/2486/1872
f 1529/2006/1529 1872/2486/1872 1530/2007/1530
f 1529/2006/1529 1873/2487/1873 1871/2485/1871
f 1529/2006/1529 385/493/385 1873/2487/1873
f 1874/2488/1874 1875/2489/1875 1749/2308/1749
f 1874/2488/1874 1876/2490/1876 1877/2491/1877
f 1874/2488/1874 1197/2492/1197 1876/2490/1876
f 1874/2488/1874 1748/2307/1748 1197/2492/1197
f 1874/2488/1874 1877/2491/1877 128/2493/128
f 1874/2488/1874 1749/2308/1749 1748/2307/1748
f 1874/2488/1874 128/2493/128 1875/2489/1875
f 1878/2494/1878 1879/2495/1879 1880/2496/1880
f 1878/2494/1878 1881/2497/1881 1882/2498/1882
f 1878/2494/1878 1882/2498/1882 1883/2499/1883
f 1878/2494/1878 1883/2499/1883 1879/2495/1879
f 1878/2494/1878 1884/2500/1884 1881/2497/1881
f 1878/2494/1878 1880/2496/1880 1884/2500/1884
f 1885/2501/1885 1464/1910/1464 698/886/698
f 1885/2501/1885 1886/2502/1886 1464/1910/1464
f 1885/2501/1885 698/886/698 1887/2503/1887
f 1885/2501/1885 1888/2504/1888 1889/2505/1889
f 1885/2501/1885 1889/2505/1889 1886/2502/1886
f 1885/2501/1885 1887/2503/1887 1888/2504/1888
f 1890/2506/1890 411/524/411 1336/1702/1336
f 1890/2506/1890 412/525/412 411/524/411
f 1890/2506/1890 1336/1702/1336 1335/1701/1335
f 1891/2507/1891 1892/2508/1892 1340/2509/1340
f 1891/2507/1891 614/781/614 1893/2510/1893
f 1891/2507/1891 1893/2510/1893 1892/2508/1892
f 1891/2507/1891 1340/2509/1340 614/781/614
f 320/413/320 1136/1447/1136 321/414/321
f 320/413/320 324/419/324 1136/1447/1136
f 1894/2511/1894 1895/2512/1895 1270/1618/1270
f 1894/2513/1894 1896/2514/1896 685/2515/685
f 1894/2511/1894 1270/1618/1270 1897/2516/1897
f 1894/2511/1894 1897/2516/1897 1896/2517/1896
f 1894/2518/1894 685/2519/685 978/1243/978
f 1894/2518/1894 978/1243/978 1895/2520/1895
f 1898/2521/1898 1899/2522/1899 1900/2523/1900
f 1898/2521/1898 146/196/146 1899/2522/1899
f 1898/2521/1898 1900/2523/1900 1901/2524/1901
f 1898/2521/1898 1901/2524/1901 1902/2525/1902
f 1898/2526/1898 1903/2527/1903 1661/2171/1661
f 1898/2521/1898 1902/2525/1902 1903/2528/1903
f 1898/2521/1898 1661/2170/1661 146/196/146
f 1904/2529/1904 774/2530/774 1905/2531/1905
f 1904/2529/1904 1905/2531/1905 1906/2532/1906
f 1904/2529/1904 1906/2532/1906 182/240/182
f 1151/1470/1151 1153/1472/1153 1862/2476/1862
f 1151/1470/1151 1862/2476/1862 1435/1859/1435
f 1151/1470/1151 1435/1859/1435 1152/1471/1152
f 1155/1474/1155 1367/1750/1367 1156/1475/1156
f 1155/1474/1155 1157/1476/1157 1368/1751/1368
f 1155/1474/1155 1368/1751/1368 1367/1750/1367
f 1907/2533/1907 1908/2534/1908 1909/2535/1909
f 1907/2533/1907 1642/2149/1642 1908/2534/1908
f 1907/2533/1907 1643/2150/1643 1642/2149/1642
f 1907/2533/1907 1909/2535/1909 1910/2536/1910
f 1907/2533/1907 1910/2536/1910 1643/2150/1643
f 1787/2367/1787 1911/2537/1911 1788/2368/1788
f 1787/2367/1787 1789/2369/1789 927/2538/927
f 1787/2367/1787 1912/2539/1912 1911/2537/1911
f 1787/2367/1787 927/2538/927 1912/2539/1912
f 1682/2205/1682 1913/2540/1913 1683/2206/1683
f 1682/2205/1682 869/1102/869 1913/2540/1913
f 1682/2205/1682 870/1103/870 869/1102/869
f 1914/2541/1914 1915/2542/1915 1916/2543/1916
f 1914/2541/1914 1917/2544/1917 1915/2542/1915
f 1914/2541/1914 1918/2545/1918 1919/2546/1919
f 1914/2541/1914 1919/2546/1919 1917/2544/1917
f 1914/2541/1914 1916/2543/1916 1918/2545/1918
f 1920/2547/1920 1921/2548/1921 943/2549/943
f 1920/2547/1920 1827/2550/1827 1509/2551/1509
f 1920/2547/1920 943/2549/943 942/2552/942
f 1920/2547/1920 1922/2553/1922 1921/2548/1921
f 1920/2547/1920 942/2552/942 1827/2550/1827
f 1920/2547/1920 1509/2551/1509 1922/2553/1922
f 1923/2554/1923 1924/2555/1924 1925/2556/1925
f 1923/2557/1923 1926/2558/1926 1924/2559/1924
f 1923/2557/1923 1927/2560/1927 1926/2558/1926
f 1923/2554/1923 1925/2556/1925 1927/2561/1927
f 1928/2562/1928 1929/2563/1929 1930/2564/1930
f 1928/2562/1928 1930/2564/1930 1931/2565/1931
f 1928/2562/1928 1932/2566/1932 1929/2563/1929
f 1928/2562/1928 1933/2567/1933 1932/2566/1932
f 1928/2562/1928 1931/2565/1931 1934/2568/1934
f 1928/2562/1928 1934/2568/1934 1933/2567/1933
f 1037/1320/1037 1465/1911/1465 1886/2502/1886
f 1037/1320/1037 1886/2502/1886 1038/1321/1038
f 1037/1320/1037 1042/1327/1042 1465/1911/1465
f 1045/1331/1045 1935/2569/1935 1046/1332/1046
f 1045/1331/1045 1048/1334/1048 1936/2570/1936
f 1045/1331/1045 1937/2571/1937 1935/2569/1935
f 1045/1331/1045 1936/2570/1936 1937/2571/1937
f 1938/2572/1938 1052/1338/1052 1054/1345/1054
f 1938/2572/1938 972/1237/972 971/1236/971
f 1938/2572/1938 971/1236/971 1052/1338/1052
f 1938/2572/1938 1769/2573/1769 972/1237/972
f 1938/2572/1938 1054/1345/1054 1770/2574/1770
f 1938/2575/1938 1770/2340/1770 1769/2339/1769
f 1414/1821/1414 1939/2576/1939 1940/2577/1940
f 1414/1821/1414 1940/2577/1940 1713/2253/1713
f 1414/1821/1414 426/2578/426 1939/2576/1939
f 1414/1821/1414 1716/2256/1716 1415/1822/1415
f 222/2579/222 1941/2580/1941 1942/2581/1942
f 222/286/222 224/288/224 1941/2582/1941
f 222/2579/222 1942/2581/1942 223/2583/223
f 1426/1844/1426 1943/2584/1943 920/1175/920
f 1426/1844/1426 1944/2585/1944 1945/2586/1945
f 1426/1844/1426 1945/2586/1945 1943/2584/1943
f 1426/1844/1426 1428/1846/1428 1944/2585/1944
f 1946/2587/1946 1947/2588/1947 1948/2589/1948
f 1946/2587/1946 1949/2590/1949 1947/2588/1947
f 1946/2587/1946 761/2267/761 1949/2590/1949
f 1946/2587/1946 1948/2589/1948 1950/2591/1950
f 1946/2587/1946 1950/2591/1950 761/2267/761
f 1951/2592/1951 81/2593/81 473/607/473
f 1951/2592/1951 473/607/473 1952/2594/1952
f 1951/2592/1951 738/937/738 1953/2595/1953
f 1951/2592/1951 1952/2594/1952 738/937/738
f 1951/2592/1951 1953/2595/1953 1954/2596/1954
f 1951/2597/1951 1954/2598/1954 81/115/81
f 1955/2599/1955 1956/2600/1956 1957/2601/1957
f 1955/2599/1955 1957/2601/1957 1958/2602/1958
f 1955/2599/1955 1866/2603/1866 1865/2604/1865
f 1955/2599/1955 1865/2604/1865 1956/2600/1956
f 1955/2599/1955 1958/2602/1958 1959/2605/1959
f 1955/2599/1955 1959/2605/1959 1866/2603/1866
f 1574/2065/1574 835/1058/835 1960/2606/1960
f 1574/2065/1574 1577/2069/1577 836/1059/836
f 1574/2065/1574 1960/2606/1960 1575/2066/1575
f 1574/2065/1574 836/1059/836 835/1058/835
f 1961/2607/1961 117/160/117 1962/2608/1962
f 1961/2607/1961 1815/2404/1815 494/630/494
f 1961/2607/1961 494/630/494 118/161/118
f 1961/2607/1961 1962/2608/1962 1815/2404/1815
f 1961/2607/1961 118/161/118 117/160/117
f 1963/2609/1963 1964/2610/1964 1965/2611/1965
f 1963/2609/1963 1965/2611/1965 1966/2612/1966
f 1963/2609/1963 452/578/452 1964/2610/1964
f 1963/2609/1963 1966/2612/1966 452/578/452
f 1967/2613/1967 1968/2614/1968 1969/2615/1969
f 1967/2613/1967 1557/2044/1557 744/944/744
f 1967/2616/1967 1969/2617/1969 1970/2618/1970
f 1967/2616/1967 1971/2619/1971 1557/2620/1557
f 1967/2616/1967 1970/2618/1970 1971/2619/1971
f 1967/2613/1967 744/944/744 1968/2614/1968
f 1972/2621/1972 1973/2622/1973 1974/2623/1974
f 1972/2624/1972 1975/2625/1975 1088/1387/1088
f 1972/2624/1972 1088/1387/1088 1976/2626/1976
f 1972/2621/1972 1974/2623/1974 1975/2627/1975
f 1972/2621/1972 1976/2628/1976 1977/2629/1977
f 1972/2621/1972 1977/2629/1977 1973/2622/1973
f 563/725/563 1978/2630/1978 564/726/564
f 563/2631/563 1979/2632/1979 1978/2633/1978
f 563/725/563 568/730/568 1979/2634/1979
f 1600/2096/1600 1980/2635/1980 1981/2636/1981
f 1600/2096/1600 1603/2100/1603 1982/2637/1982
f 1600/2096/1600 1981/2636/1981 1601/2097/1601
f 1600/2096/1600 1982/2637/1982 1980/2635/1980
f 1125/1432/1125 31/43/31 35/51/35
f 1125/1432/1125 35/51/35 1126/1433/1126
f 437/558/437 439/560/439 878/1115/878
f 437/558/437 878/1115/878 791/999/791
f 437/558/437 791/999/791 1983/2638/1983
f 437/558/437 1983/2638/1983 438/559/438
f 1984/2639/1984 655/830/655 1134/1445/1134
f 1984/2639/1984 1134/1445/1134 520/664/520
f 1984/2639/1984 520/664/520 519/663/519
f 1984/2639/1984 656/831/656 655/830/655
f 1984/2639/1984 519/663/519 1985/2640/1985
f 1984/2639/1984 1985/2640/1985 656/831/656
f 799/1010/799 1986/2641/1986 1307/1664/1307
f 799/1010/799 1987/2642/1987 800/1011/800
f 799/1010/799 804/1016/804 1986/2641/1986
f 799/1010/799 1307/1664/1307 1987/2642/1987
f 1988/2643/1988 1989/2644/1989 783/2645/783
f 1988/2646/1988 905/2647/905 908/2648/908
f 1988/2643/1988 908/2649/908 1989/2644/1989
f 1988/2650/1988 782/986/782 905/2651/905
f 1988/2650/1988 783/987/783 782/986/782
f 1871/2485/1871 788/2652/788 1872/2486/1872
f 1871/2653/1871 1873/2654/1873 1189/1513/1189
f 1871/2653/1871 1189/1513/1189 1188/1517/1188
f 1871/2653/1871 1188/1517/1188 788/2655/788
f 1532/2656/1532 1009/1286/1009 1990/2657/1990
f 1532/2009/1532 1990/2658/1990 728/924/728
f 1532/2656/1532 1010/1287/1010 1009/1286/1009
f 1532/2009/1532 1534/2011/1534 1010/2659/1010
f 1199/1526/1199 1991/2660/1991 1200/1527/1200
f 1199/1533/1199 1202/1530/1202 1992/2661/1992
f 1199/1533/1199 1993/2662/1993 1991/2663/1991
f 1199/1533/1199 1992/2661/1992 1993/2662/1993
f 1083/1378/1083 833/2664/833 837/1379/837
f 1083/1378/1083 1209/1539/1209 833/2664/833
f 1994/2665/1994 462/589/462 700/890/700
f 1994/2665/1994 700/890/700 1995/2666/1995
f 1994/2665/1994 1995/2666/1995 1996/2667/1996
f 986/1254/986 989/1261/989 422/538/422
f 986/1254/986 1997/2668/1997 1905/2669/1905
f 986/1254/986 1905/2669/1905 987/1255/987
f 986/1254/986 422/538/422 421/536/421
f 986/1254/986 421/536/421 1997/2668/1997
f 1998/2670/1998 1999/2671/1999 2000/2672/2000
f 1998/2670/1998 2000/2672/2000 2001/2673/2001
f 1998/2670/1998 1096/1399/1096 1999/2671/1999
f 1998/2670/1998 1098/1401/1098 1096/1399/1096
f 1998/2670/1998 2002/2674/2002 1098/1401/1098
f 1998/2670/1998 2001/2673/2001 2002/2674/2002
f 1555/2042/1555 1142/1454/1142 1141/1453/1141
f 1555/2042/1555 1556/2043/1556 1719/2260/1719
f 1555/2042/1555 1719/2260/1719 1519/1988/1519
f 1555/2042/1555 1519/1988/1519 1142/1454/1142
f 173/2675/173 2003/2676/2003 2004/2677/2004
f 173/2678/173 1775/2347/1775 2003/2679/2003
f 173/2675/173 2004/2677/2004 174/2680/174
f 173/2678/173 2005/2681/2005 1775/2347/1775
f 173/2678/173 179/2682/179 2005/2681/2005
f 2006/2683/2006 1915/2684/1915 2007/2685/2007
f 2006/2683/2006 2008/2686/2008 2009/2687/2009
f 2006/2683/2006 2009/2687/2009 1916/2688/1916
f 2006/2683/2006 2007/2685/2007 2008/2686/2008
f 2006/2683/2006 1916/2688/1916 1915/2684/1915
f 2010/2689/2010 500/641/500 499/638/499
f 2010/2689/2010 2011/2690/2011 2012/2691/2012
f 2010/2689/2010 499/638/499 2013/2692/2013
f 2010/2689/2010 2013/2692/2013 2011/2690/2011
f 2010/2689/2010 2014/2693/2014 500/641/500
f 2010/2689/2010 2012/2691/2012 2014/2693/2014
f 2015/2694/2015 2016/2695/2016 876/2696/876
f 2015/2694/2015 2017/2697/2017 2016/2695/2016
f 2018/2698/2018 2019/2699/2019 358/457/358
f 2018/2698/2018 357/456/357 1132/1440/1132
f 2018/2698/2018 2020/2700/2020 2019/2699/2019
f 2018/2698/2018 1132/1440/1132 2021/2701/2021
f 2018/2698/2018 358/457/358 357/456/357
f 2018/2698/2018 2021/2701/2021 2020/2700/2020
f 365/468/365 881/1117/881 366/469/366
f 365/468/365 368/2702/368 2022/2703/2022
f 365/468/365 2022/2703/2022 2023/2704/2023
f 365/468/365 2023/2704/2023 881/1117/881
f 267/341/267 271/345/271 2024/2705/2024
f 267/341/267 2024/2705/2024 1461/1904/1461
f 267/341/267 1461/1904/1461 268/342/268
f 2025/2706/2025 2026/2707/2026 1387/1778/1387
f 2025/2706/2025 277/356/277 279/358/279
f 2025/2706/2025 279/358/279 2026/2707/2026
f 2025/2706/2025 1386/1777/1386 277/356/277
f 2027/2708/2027 486/620/486 489/624/489
f 2027/2708/2027 1276/2709/1276 1275/2710/1275
f 2027/2708/2027 1275/2710/1275 2028/2711/2028
f 2027/2708/2027 2029/2712/2029 486/620/486
f 2027/2708/2027 2028/2711/2028 2029/2712/2029
f 2027/2708/2027 489/624/489 2030/2713/2030
f 2031/2714/2031 2032/2715/2032 2033/2716/2033
f 2031/2717/2031 2033/2718/2033 2034/2719/2034
f 2031/2714/2031 1835/2435/1835 1834/2432/1834
f 2031/2714/2031 1834/2432/1834 2035/2720/2035
f 2031/2714/2031 2036/2721/2036 1835/2435/1835
f 2031/2717/2031 2034/2719/2034 2036/2722/2036
f 2031/2714/2031 2035/2720/2035 2032/2715/2032
f 1521/2001/1521 2037/2723/2037 924/1186/924
f 1521/2001/1521 2038/2724/2038 2037/2723/2037
f 1521/2001/1521 1525/2000/1525 2038/2724/2038
f 1521/2001/1521 924/1186/924 993/2725/993
f 2039/2726/2039 2040/2727/2040 1291/1643/1291
f 2039/2726/2039 2041/2728/2041 2042/2729/2042
f 2039/2726/2039 1291/1643/1291 2043/2730/2043
f 2039/2726/2039 2043/2730/2043 2041/2728/2041
f 2039/2726/2039 674/853/674 2040/2727/2040
f 2039/2726/2039 2042/2729/2042 674/853/674
f 1840/2440/1840 307/396/307 309/395/309
f 1840/2440/1840 2044/2731/2044 2045/2732/2045
f 1840/2440/1840 2045/2732/2045 2046/2733/2046
f 1840/2440/1840 1842/2442/1842 2044/2731/2044
f 1840/2440/1840 2047/2734/2047 307/396/307
f 1840/2440/1840 2046/2733/2046 2047/2734/2047
f 2048/2735/2048 2049/2736/2049 2050/2737/2050
f 2048/2735/2048 773/974/773 1076/1371/1076
f 2048/2735/2048 2051/2738/2051 2049/2736/2049
f 2048/2735/2048 990/1259/990 773/974/773
f 2048/2735/2048 1076/1371/1076 2051/2738/2051
f 2048/2735/2048 2050/2737/2050 990/1259/990
f 2052/2739/2052 2053/2740/2053 2054/2741/2054
f 2052/2739/2052 2054/2741/2054 2055/2742/2055
f 2052/2739/2052 2056/2743/2056 2053/2740/2053
f 2052/2739/2052 2055/2742/2055 2056/2743/2056
f 827/1047/827 645/823/645 1227/1559/1227
f 827/1047/827 1228/1560/1228 828/1048/828
f 69/100/69 2057/2744/2057 1232/1565/1232
f 69/100/69 71/99/71 2057/2744/2057
f 69/100/69 1232/1565/1232 70/2745/70
f 550/2746/550 553/2747/553 1239/2748/1239
f 2058/2749/2058 2059/2750/2059 245/309/245
f 2058/2749/2058 1035/1316/1035 162/217/162
f 2058/2749/2058 954/2751/954 2059/2750/2059
f 2058/2749/2058 245/309/245 1035/1316/1035
f 2058/2749/2058 162/217/162 163/218/163
f 2058/2749/2058 163/218/163 954/2751/954
f 1102/1405/1102 2060/2752/2060 2061/2753/2061
f 1102/1405/1102 2062/2754/2062 2060/2752/2060
f 1102/1405/1102 1106/1409/1106 2062/2754/2062
f 1102/2755/1102 2061/2756/2061 1103/2757/1103
f 94/136/94 98/140/98 1736/2758/1736
f 94/2759/94 2063/2760/2063 95/2761/95
f 94/2759/94 2064/2762/2064 2063/2760/2063
f 94/136/94 1736/2758/1736 2064/2763/2064
f 970/2764/970 2065/2765/2065 2066/2766/2066
f 970/2764/970 2067/2767/2067 2065/2765/2065
f 970/2764/970 969/2768/969 2067/2767/2067
f 970/2764/970 2066/2766/2066 103/145/103
f 801/1013/801 2068/2769/2068 802/1014/802
f 801/1020/801 2069/2770/2069 575/2771/575
f 801/1020/801 800/1019/800 2069/2770/2069
f 801/2772/801 575/738/575 2068/2773/2068
f 2070/2774/2070 2071/2775/2071 2072/2776/2072
f 2070/2774/2070 2073/2777/2073 1640/2147/1640
f 2070/2778/2070 717/910/717 2073/2779/2073
f 2070/2774/2070 1640/2147/1640 1639/2146/1639
f 2070/2774/2070 1639/2146/1639 2071/2775/2071
f 2070/2778/2070 2072/2780/2072 717/910/717
f 2074/2781/2074 2075/2782/2075 2076/2783/2076
f 2074/2781/2074 2076/2783/2076 2077/2784/2077
f 2074/2785/2074 1234/1567/1234 1233/1566/1233
f 2074/2786/2074 2078/2787/2078 2075/2788/2075
f 2074/2781/2074 2077/2784/2077 1234/2789/1234
f 2074/2790/2074 1233/2791/1233 2078/2792/2078
f 2079/2793/2079 2080/2794/2080 2081/2795/2081
f 2079/2793/2079 2082/2796/2082 2083/2797/2083
f 2079/2793/2079 2084/2798/2084 2082/2796/2082
f 2079/2793/2079 2081/2795/2081 2084/2798/2084
f 2079/2793/2079 2085/2799/2085 2080/2794/2080
f 2079/2793/2079 2083/2797/2083 2085/2799/2085
f 1244/2800/1244 1247/2801/1247 2086/2802/2086
f 1244/1584/1244 1650/2157/1650 1245/1585/1245
f 1244/2800/1244 2087/2803/2087 1650/2804/1650
f 1244/2800/1244 2086/2802/2086 2087/2803/2087
f 1039/2805/1039 2088/2806/2088 404/513/404
f 1039/1323/1039 403/2807/403 1040/1324/1040
f 1039/2805/1039 1043/2808/1043 2088/2806/2088
f 1039/2805/1039 404/513/404 403/512/403
f 2089/2809/2089 606/773/606 609/776/609
f 2089/2809/2089 2090/2810/2090 606/773/606
f 2089/2809/2089 609/776/609 2091/2811/2091
f 2089/2809/2089 2091/2811/2091 1049/2812/1049
f 2089/2813/2089 1049/1335/1049 1047/1333/1047
f 2089/2813/2089 1047/1333/1047 2090/2814/2090
f 183/241/183 186/244/186 616/783/616
f 183/241/183 2092/2815/2092 184/242/184
f 183/241/183 616/783/616 2092/2815/2092
f 523/667/523 395/503/395 2093/2816/2093
f 523/671/523 1930/2564/1930 526/672/526
f 523/671/523 2093/2817/2093 1931/2565/1931
f 523/671/523 1931/2565/1931 1930/2564/1930
f 2094/2818/2094 2095/2819/2095 2096/2820/2096
f 2094/2821/2094 2097/2822/2097 2095/2823/2095
f 1356/1737/1356 1358/1736/1358 1831/2824/1831
f 1356/2825/1356 1830/2427/1830 1357/2826/1357
f 1356/2825/1356 1831/2428/1831 1830/2427/1830
f 1662/2176/1662 1664/2175/1664 1064/1357/1064
f 1662/2173/1662 504/648/504 503/644/503
f 1662/2173/1662 503/644/503 1663/2174/1663
f 1662/2176/1662 1064/1357/1064 504/646/504
f 2098/2827/2098 2099/2828/2099 2100/2829/2100
f 2098/2830/2098 2101/2831/2101 2099/2832/2099
f 2098/2827/2098 2102/2833/2102 1290/2834/1290
f 2098/2830/2098 1290/1641/1290 2101/2831/2101
f 2098/2827/2098 2103/2835/2103 2102/2833/2102
f 2098/2827/2098 2100/2829/2100 2103/2835/2103
f 2104/2836/2104 2105/2837/2105 2106/2838/2106
f 2104/2836/2104 2107/2839/2107 1527/2004/1527
f 2104/2836/2104 2108/2840/2108 2109/2841/2109
f 2104/2836/2104 2109/2841/2109 2107/2839/2107
f 2104/2836/2104 1527/2004/1527 2105/2837/2105
f 2104/2836/2104 2106/2838/2106 2108/2840/2108
f 2110/2842/2110 1692/2219/1692 2111/2843/2111
f 2110/2842/2110 2111/2843/2111 2112/2844/2112
f 2110/2842/2110 2113/2845/2113 2114/2846/2114
f 2110/2842/2110 2112/2844/2112 125/172/125
f 2110/2842/2110 125/172/125 2113/2845/2113
f 2110/2842/2110 2114/2846/2114 1692/2219/1692
f 1455/1895/1455 1006/1283/1006 1008/1285/1008
f 1455/1895/1455 1008/1285/1008 2115/2847/2115
f 1455/1895/1455 2115/2847/2115 2116/2848/2116
f 1455/1892/1455 2116/2849/2116 1456/1893/1456
f 2117/2850/2117 2118/2851/2118 2119/2852/2119
f 2117/2850/2117 2120/2853/2120 2121/2854/2121
f 2117/2855/2117 2122/2856/2122 2120/2857/2120
f 2117/2850/2117 2121/2854/2121 2118/2851/2118
f 2117/2855/2117 2119/2858/2119 2122/2856/2122
f 1472/1924/1472 1924/2559/1924 624/791/624
f 1472/1924/1472 624/791/624 623/790/623
f 1472/1924/1472 1473/1925/1473 2123/2859/2123
f 1472/1924/1472 2123/2859/2123 1924/2559/1924
f 2124/2860/2124 2125/2861/2125 1259/1603/1259
f 2124/2860/2124 1576/2068/1576 2126/2862/2126
f 2124/2860/2124 1259/1603/1259 1576/2068/1576
f 2124/2860/2124 2127/2863/2127 2128/2864/2128
f 2124/2860/2124 2126/2862/2126 2127/2863/2127
f 2124/2860/2124 2128/2864/2128 2125/2861/2125
f 1314/1672/1314 749/2865/749 2129/2866/2129
f 1314/1672/1314 2129/2866/2129 1315/1673/1315
f 2130/2867/2130 2131/2868/2131 1937/2571/1937
f 2130/2869/2130 1488/1943/1488 1489/1944/1489
f 2130/2867/2130 2132/2870/2132 2131/2868/2131
f 2130/2867/2130 1937/2571/1937 1936/2570/1936
f 2130/2869/2130 1489/1944/1489 2132/2871/2132
f 2130/2869/2130 1936/2872/1936 1488/1943/1488
f 2133/2873/2133 2134/2874/2134 2135/2875/2135
f 2133/2873/2133 61/1947/61 1230/2876/1230
f 2133/2873/2133 2136/2877/2136 2134/2874/2134
f 2133/2873/2133 2135/2875/2135 61/1947/61
f 2133/2873/2133 1230/2876/1230 2136/2877/2136
f 2137/2878/2137 1162/1481/1162 508/652/508
f 2137/2878/2137 2138/2879/2138 1162/1481/1162
f 2137/2878/2137 508/652/508 511/655/511
f 2137/2878/2137 2139/2880/2139 2138/2879/2138
f 2137/2878/2137 510/654/510 2139/2880/2139
f 2137/2878/2137 511/655/511 510/654/510
f 45/66/45 2140/2881/2140 46/67/46
f 45/66/45 49/70/49 1846/2446/1846
f 45/66/45 1846/2446/1846 2141/2882/2141
f 45/66/45 2141/2882/2141 2140/2881/2140
f 2142/2883/2142 1120/1425/1120 2143/2884/2143
f 2142/2883/2142 2144/2885/2144 1178/1498/1178
f 2142/2886/2142 2145/2887/2145 2146/2888/2146
f 2142/2883/2142 1178/1498/1178 1177/1499/1177
f 2142/2886/2142 2143/2889/2143 2145/2887/2145
f 2142/2883/2142 1177/1499/1177 1982/2890/1982
f 2142/2883/2142 2146/2891/2146 2144/2885/2144
f 2142/2883/2142 1982/2890/1982 1120/1425/1120
f 2147/2892/2147 2148/2893/2148 2149/2894/2149
f 2147/2892/2147 2150/2895/2150 1586/2079/1586
f 2147/2892/2147 2149/2894/2149 2150/2895/2150
f 2147/2892/2147 1586/2079/1586 2148/2893/2148
f 2151/2896/2151 2152/2897/2152 2153/2898/2153
f 2151/2899/2151 1896/2517/1896 1897/2516/1897
f 2151/2899/2151 1897/2516/1897 2154/2900/2154
f 2151/2896/2151 2153/2898/2153 1896/2901/1896
f 2151/2896/2151 2154/2902/2154 2152/2897/2152
f 1078/1373/1078 2155/2903/2155 1079/1374/1079
f 1078/1373/1078 1081/1376/1081 2156/2904/2156
f 1078/1373/1078 2157/2905/2157 2155/2903/2155
f 1078/1373/1078 2156/2904/2156 2158/2906/2158
f 1078/1373/1078 2158/2906/2158 2157/2905/2157
f 2159/2907/2159 2160/2908/2160 2161/2909/2161
f 2159/2907/2159 2161/2909/2161 2162/2910/2162
f 2159/2911/2159 2163/2912/2163 2164/2913/2164
f 2159/2907/2159 2162/2910/2162 2163/2914/2163
f 2159/2911/2159 2164/2913/2164 2160/2915/2160
f 2165/2916/2165 961/1225/961 960/1224/960
f 2165/2916/2165 2166/2917/2166 961/1225/961
f 2165/2916/2165 2167/2918/2167 2168/2919/2168
f 2165/2916/2165 960/1224/960 2169/2920/2169
f 2165/2916/2165 2169/2920/2169 2167/2918/2167
f 2165/2916/2165 2168/2919/2168 2166/2917/2166
f 467/596/467 470/599/470 1633/2138/1633
f 467/596/467 1633/2138/1633 2170/2921/2170
f 467/596/467 2170/2921/2170 2171/2922/2171
f 467/596/467 2171/2922/2171 18/30/18
f 2172/2923/2172 2173/2924/2173 1964/2610/1964
f 2172/2923/2172 2174/2925/2174 2175/2926/2175
f 2172/2923/2172 2176/2927/2176 2174/2925/2174
f 2172/2923/2172 2175/2926/2175 2177/2928/2177
f 2172/2923/2172 2177/2928/2177 2173/2924/2173
f 2172/2923/2172 1964/2610/1964 1756/2319/1756
f 2172/2923/2172 1756/2319/1756 2176/2927/2176
f 1796/2384/1796 2178/2929/2178 1041/1325/1041
f 1796/2384/1796 1797/2930/1797 2178/2929/2178
f 1796/2384/1796 1041/1325/1041 2179/2931/2179
f 1796/2384/1796 2179/2931/2179 1238/1577/1238
f 982/2932/982 2180/2933/2180 2181/2934/2181
f 982/2932/982 2181/2934/2181 983/2935/983
f 982/2932/982 984/2936/984 2182/2937/2182
f 982/2932/982 2182/2937/2182 2180/2933/2180
f 988/1257/988 417/531/417 422/537/422
f 988/1257/988 2183/2938/2183 417/531/417
f 988/1257/988 990/1259/990 2183/2938/2183
f 988/1257/988 422/537/422 989/1258/989
f 1522/2939/1522 2011/2690/2011 2013/2692/2013
f 1522/1996/1522 1524/1998/1524 2184/2940/2184
f 1522/2939/1522 2013/2692/2013 1523/2941/1523
f 1522/2939/1522 2184/2942/2184 2011/2690/2011
f 1405/1807/1405 2185/2943/2185 2186/2944/2186
f 1405/1807/1405 559/719/559 556/722/556
f 1405/1805/1405 2186/2945/2186 1124/1806/1124
f 1405/1807/1405 556/722/556 2185/2943/2185
f 877/1111/877 2187/2946/2187 787/1112/787
f 877/1111/877 2188/2947/2188 2189/2948/2189
f 877/1111/877 2189/2948/2189 2187/2946/2187
f 877/1111/877 879/1114/879 2188/2947/2188
f 127/174/127 2190/2949/2190 2191/2950/2191
f 127/174/127 2192/2951/2192 2190/2949/2190
f 127/174/127 130/179/130 2192/2951/2192
f 127/174/127 2191/2950/2191 2193/2952/2193
f 127/174/127 2193/2952/2193 128/175/128
f 1174/1827/1174 1417/1826/1417 2194/2953/2194
f 1174/1493/1174 2195/2954/2195 1175/1494/1175
f 1174/1493/1174 1178/1498/1178 1416/1824/1416
f 1174/1827/1174 2194/2953/2194 2195/2955/2195
f 1180/1502/1180 2196/2956/2196 2197/2957/2197
f 1180/1502/1180 1183/1505/1183 2198/2958/2198
f 1180/1502/1180 2198/2958/2198 2196/2956/2196
f 1180/1502/1180 2197/2957/2197 1181/1503/1181
f 1545/2029/1545 1546/2030/1546 2199/2959/2199
f 1545/2960/1545 2199/2961/2199 2200/2962/2200
f 1545/2963/1545 2201/2964/2201 720/2965/720
f 1545/2960/1545 2200/2962/2200 2201/2966/2201
f 1383/1774/1383 2152/2967/2152 2154/2968/2154
f 1383/1774/1383 2202/2969/2202 1384/1775/1384
f 1383/1774/1383 732/929/732 729/2970/729
f 1383/2971/1383 729/925/729 2152/2972/2152
f 1383/1774/1383 2154/2968/2154 2202/2969/2202
f 734/933/734 824/1044/824 2203/2973/2203
f 734/933/734 2203/2973/2203 2204/2974/2204
f 734/933/734 2204/2974/2204 735/934/735
f 2205/2975/2205 2206/2976/2206 2207/2977/2207
f 2205/2975/2205 829/1050/829 831/1053/831
f 2205/2975/2205 2207/2977/2207 829/1050/829
f 2205/2975/2205 2208/2978/2208 2206/2976/2206
f 2205/2975/2205 831/1053/831 2208/2978/2208
f 833/2664/833 1209/1539/1209 2209/2979/2209
f 833/2664/833 2209/2979/2209 834/2980/834
f 2210/2981/2210 2211/2982/2211 2212/2983/2212
f 2210/2981/2210 1561/2049/1561 843/1066/843
f 2210/2981/2210 2213/2984/2213 2211/2982/2211
f 2210/2981/2210 341/437/341 2213/2984/2213
f 2210/2981/2210 2212/2983/2212 1561/2049/1561
f 2210/2981/2210 843/1066/843 341/437/341
f 1602/2098/1602 2214/2985/2214 2146/2986/2146
f 1602/2098/1602 2215/2987/2215 2214/2985/2214
f 1602/2098/1602 1601/2097/1601 2215/2987/2215
f 1602/2098/1602 2146/2986/2146 58/2988/58
f 1602/2989/1602 58/82/58 57/78/57
f 1744/2299/1744 1745/2300/1745 2216/2990/2216
f 1744/2991/1744 2217/2992/2217 2218/2993/2218
f 1744/2299/1744 2219/2994/2219 2217/2995/2217
f 1744/2991/1744 2218/2993/2218 376/483/376
f 1744/2299/1744 2216/2990/2216 2219/2994/2219
f 1317/1677/1317 2220/2996/2220 1318/1678/1318
f 1317/1677/1317 2221/2997/2221 1070/1365/1070
f 1317/1677/1317 2045/2732/2045 2221/2997/2221
f 1317/1677/1317 1319/1679/1319 2045/2732/2045
f 1317/1677/1317 2222/2998/2222 2220/2996/2220
f 1317/1677/1317 1070/1365/1070 2222/2998/2222
f 1072/2999/1072 1611/2113/1611 78/2116/78
f 1072/1367/1072 1076/1371/1076 772/976/772
f 1072/2999/1072 772/972/772 1611/2113/1611
f 1072/2999/1072 78/2116/78 1073/3000/1073
f 690/875/690 693/879/693 2223/3001/2223
f 690/3002/690 2224/3003/2224 691/3004/691
f 690/3002/690 1933/3005/1933 2224/3003/2224
f 690/3002/690 2223/3006/2223 1933/3005/1933
f 2225/3007/2225 2160/2915/2160 2164/2913/2164
f 2225/3007/2225 2226/3008/2226 2227/3009/2227
f 2225/3007/2225 2227/3009/2227 2160/2915/2160
f 2225/3007/2225 2164/2913/2164 1623/2127/1623
f 2225/3007/2225 1623/2127/1623 2226/3008/2226
f 2125/2861/2125 256/327/256 1259/1603/1259
f 2125/2861/2125 257/328/257 256/327/256
f 2125/2861/2125 2128/2864/2128 257/328/257
f 2228/3010/2228 2229/3011/2229 2230/3012/2230
f 2228/3010/2228 2231/3013/2231 264/3014/264
f 2228/3010/2228 262/3015/262 1857/2472/1857
f 2228/3010/2228 1857/2472/1857 1859/2471/1859
f 2228/3010/2228 1859/2471/1859 2229/3011/2229
f 2228/3010/2228 264/3014/264 262/3015/262
f 2228/3010/2228 2230/3012/2230 2231/3013/2231
f 1459/1900/1459 2232/3016/2232 243/1901/243
f 1459/1900/1459 2233/3017/2233 2232/3016/2232
f 1459/1905/1459 2024/2705/2024 2233/3018/2233
f 1459/1905/1459 1461/1904/1461 2024/2705/2024
f 2234/3019/2234 478/611/478 481/614/481
f 2234/3019/2234 2235/3020/2235 479/612/479
f 2234/3019/2234 1571/3021/1571 2236/3022/2236
f 2234/3019/2234 2236/3022/2236 2235/3020/2235
f 2234/3019/2234 481/614/481 1571/3021/1571
f 2237/3023/2237 2238/3024/2238 2239/3025/2239
f 2237/3026/2237 2239/3027/2239 1277/1625/1277
f 2237/3028/2237 1703/2238/1703 1704/2237/1704
f 2237/3028/2237 1704/2237/1704 2240/3029/2240
f 2237/3028/2237 1276/3030/1276 1703/2238/1703
f 2237/3026/2237 1277/1625/1277 1276/1624/1276
f 2237/3028/2237 2240/3029/2240 2238/3031/2238
f 1279/1627/1279 2241/3032/2241 2242/3033/2242
f 1279/1627/1279 903/1147/903 2241/3032/2241
f 1279/1627/1279 2242/3033/2242 1280/1628/1280
f 1279/1627/1279 904/1148/904 903/1147/903
f 2243/3034/2243 2053/2740/2053 2056/2743/2056
f 2243/3035/2243 2056/3036/2056 2244/3037/2244
f 2243/3034/2243 2245/3038/2245 2053/2740/2053
f 2243/3035/2243 2244/3037/2244 1121/1427/1121
f 2243/3034/2243 56/77/56 2245/3038/2245
f 2243/3035/2243 1121/1427/1121 56/80/56
f 912/1162/912 2246/3039/2246 2247/3040/2247
f 912/1162/912 740/940/740 2246/3039/2246
f 912/1162/912 2247/3040/2247 1837/3041/1837
f 912/1162/912 30/41/30 740/940/740
f 912/3042/912 1837/2437/1837 913/1165/913
f 2248/3043/2248 1722/3044/1722 232/296/232
f 2248/3043/2248 232/296/232 231/295/231
f 2248/3045/2248 231/3046/231 2249/3047/2249
f 2248/3045/2248 2249/3047/2249 2250/3048/2250
f 2248/3043/2248 2251/3049/2251 1722/3044/1722
f 2248/3045/2248 2250/3048/2250 2251/3050/2251
f 2252/3051/2252 1286/1636/1286 1289/1639/1289
f 2252/3051/2252 1498/1961/1498 1684/2207/1684
f 2252/3051/2252 1289/1639/1289 2253/3052/2253
f 2252/3051/2252 1684/2207/1684 1286/1636/1286
f 2252/3051/2252 2253/3052/2253 1499/1962/1499
f 2252/3051/2252 1499/1962/1499 1498/1961/1498
f 1223/1553/1223 1225/1555/1225 218/281/218
f 1223/1553/1223 216/277/216 324/419/324
f 1223/1553/1223 324/419/324 322/420/322
f 1223/1553/1223 218/281/218 216/277/216
f 2254/3053/2254 1018/1299/1018 1017/1294/1017
f 2254/3053/2254 1017/1294/1017 2255/3054/2255
f 2254/3053/2254 2255/3054/2255 2256/3055/2256
f 916/1169/916 1234/3056/1234 917/1170/917
f 925/1181/925 657/3057/657 552/3058/552
f 925/1181/925 552/3058/552 991/1262/991
f 925/1181/925 658/3059/658 657/3057/657
f 925/1181/925 928/1187/928 658/3059/658
f 2059/3060/2059 953/1212/953 2257/3061/2257
f 2059/3060/2059 954/1213/954 953/1212/953
f 2059/2750/2059 246/310/246 245/309/245
f 2059/3060/2059 2257/3061/2257 246/1906/246
f 2258/3062/2258 1729/2272/1729 1253/1594/1253
f 2258/3062/2258 479/3063/479 2259/3064/2259
f 2258/3062/2258 2260/3065/2260 479/3063/479
f 2258/3062/2258 1253/1594/1253 2260/3065/2260
f 2258/3062/2258 2259/3064/2259 1729/2272/1729
f 2261/3066/2261 701/891/701 465/593/465
f 2261/3066/2261 464/592/464 2262/3067/2262
f 2261/3066/2261 2064/2762/2064 2263/3068/2263
f 2261/3066/2261 2263/3068/2263 701/891/701
f 2261/3066/2261 465/593/465 464/592/464
f 2261/3066/2261 2262/3067/2262 2064/2762/2064
f 2264/3069/2264 1630/2134/1630 2265/3070/2265
f 2264/3069/2264 1147/1468/1147 1149/1467/1149
f 2264/3069/2264 2266/3071/2266 1630/2134/1630
f 2264/3069/2264 1149/1467/1149 2266/3071/2266
f 2264/3069/2264 2265/3070/2265 2267/3072/2267
f 2264/3069/2264 2267/3072/2267 1147/1468/1147
f 2268/3073/2268 2155/2903/2155 2269/3074/2269
f 2268/3073/2268 1079/1374/1079 2155/2903/2155
f 2268/3073/2268 2269/3074/2269 2270/3075/2270
f 2268/3073/2268 2270/3075/2270 1821/2411/1821
f 2268/3073/2268 1821/2411/1821 1079/1374/1079
f 1266/1614/1266 2271/3076/2271 1774/2345/1774
f 1266/1614/1266 1270/1618/1270 2271/3076/2271
f 1266/1614/1266 1774/2345/1774 2272/3077/2272
f 1266/1614/1266 2272/3077/2272 1267/1615/1267
f 2273/3078/2273 1274/1622/1274 1273/1621/1273
f 2273/3079/2273 2274/3080/2274 1977/2629/1977
f 2273/3079/2273 2275/3081/2275 2274/3080/2274
f 2273/3078/2273 1273/1621/1273 2029/3082/2029
f 2273/3079/2273 2029/3083/2029 2275/3081/2275
f 2273/3079/2273 1977/2629/1977 1274/3084/1274
f 2032/3085/2032 1282/3086/1282 291/374/291
f 2032/3085/2032 291/374/291 2033/2718/2033
f 2032/2715/2032 811/1029/811 1282/3087/1282
f 2032/2715/2032 2035/2720/2035 811/1029/811
f 2276/3088/2276 2277/3089/2277 2278/3090/2278
f 2276/3091/2276 2278/3092/2278 1836/2436/1836
f 2276/3088/2276 2279/3093/2279 2277/3089/2277
f 2276/3091/2276 1836/2436/1836 668/3094/668
f 2276/3088/2276 667/3095/667 663/3096/663
f 2276/3088/2276 663/3096/663 2279/3093/2279
f 2276/3091/2276 668/3094/668 667/3097/667
f 2040/2727/2040 673/852/673 2280/3098/2280
f 2040/2727/2040 674/853/674 673/852/673
f 2040/2727/2040 1449/1883/1449 1292/1644/1292
f 2040/2727/2040 2280/3098/2280 1449/1883/1449
f 2040/2727/2040 1292/1644/1292 1291/1643/1291
f 307/393/307 2047/3099/2047 308/394/308
f 1300/1655/1300 2281/3100/2281 2282/3101/2282
f 1300/1655/1300 2282/3101/2282 1301/1656/1301
f 2283/3102/2283 1714/2254/1714 2284/3103/2284
f 2283/3102/2283 2285/3104/2285 2286/3105/2286
f 2283/3102/2283 2286/3105/2286 2119/3106/2119
f 2283/3102/2283 2284/3103/2284 2285/3104/2285
f 2283/3102/2283 2119/3106/2119 2287/3107/2287
f 2283/3102/2283 2287/3107/2287 1714/2254/1714
f 946/1205/946 949/1208/949 503/644/503
f 946/1205/946 169/225/169 170/229/170
f 946/1205/946 502/643/502 2288/3108/2288
f 946/1205/946 503/644/503 502/643/502
f 946/1205/946 2288/3108/2288 169/225/169
f 1899/2522/1899 2289/3109/2289 2004/2677/2004
f 1899/2522/1899 145/195/145 2289/3109/2289
f 1899/2522/1899 146/196/146 145/195/145
f 1899/2522/1899 2004/2677/2004 1900/2523/1900
f 2290/3110/2290 1778/2351/1778 1779/2352/1779
f 2290/3111/2290 2291/3112/2291 2292/3113/2292
f 2290/3111/2290 2293/3114/2293 2291/3112/2291
f 2290/3110/2290 2292/3115/2292 1778/2351/1778
f 2290/3111/2290 2294/3116/2294 2293/3114/2293
f 2290/3110/2290 2295/3117/2295 2294/3118/2294
f 2290/3110/2290 1779/2352/1779 2295/3117/2295
f 2296/3119/2296 2297/3120/2297 963/3121/963
f 2296/3119/2296 961/3122/961 1863/2477/1863
f 2296/3119/2296 1153/1472/1153 2298/3123/2298
f 2296/3119/2296 963/3121/963 962/3124/962
f 2296/3119/2296 1862/2476/1862 1153/1472/1153
f 2296/3119/2296 962/3124/962 961/3122/961
f 2296/3119/2296 2298/3123/2298 2297/3120/2297
f 2296/3119/2296 1863/2477/1863 1862/2476/1862
f 1490/1945/1490 1689/3125/1689 353/450/353
f 1490/3126/1490 300/385/300 1689/2212/1689
f 1490/1945/1490 352/449/352 2299/3127/2299
f 1490/1945/1490 353/450/353 352/449/352
f 1490/1945/1490 2299/3127/2299 63/88/63
f 1162/1481/1162 2138/2879/2138 2300/3128/2300
f 1162/1481/1162 726/921/726 1163/1482/1163
f 1162/1481/1162 2300/3128/2300 726/921/726
f 1171/1490/1171 2301/3129/2301 2302/3130/2302
f 1171/1490/1171 2302/3130/2302 885/1121/885
f 1171/1490/1171 1170/1489/1170 2303/3131/2303
f 1171/1490/1171 2303/3131/2303 2301/3129/2301
f 1417/1826/1417 2304/3132/2304 2194/2953/2194
f 1417/1826/1417 1415/1831/1415 1059/1349/1059
f 1417/1826/1417 1059/1349/1059 2304/3132/2304
f 115/157/115 2305/3133/2305 116/158/116
f 115/157/115 2306/3134/2306 1526/2003/1526
f 115/157/115 1526/2003/1526 2305/3133/2305
f 115/157/115 493/3135/493 2306/3134/2306
f 115/163/115 118/161/118 493/629/493
f 2307/3136/2307 440/561/440 2308/3137/2308
f 2307/3136/2307 2308/3137/2308 1189/1513/1189
f 2307/3136/2307 1873/2654/1873 386/3138/386
f 2307/3136/2307 441/562/441 440/561/440
f 2307/3136/2307 1189/1513/1189 1873/2654/1873
f 2307/3136/2307 386/3138/386 441/562/441
f 2309/3139/2309 2310/3140/2310 130/179/130
f 2309/3141/2309 2311/3142/2311 2312/3143/2312
f 2309/3144/2309 2313/3145/2313 2314/3146/2314
f 2309/3147/2309 2314/3148/2314 2315/3149/2315
f 2309/3139/2309 2312/3150/2312 2310/3140/2310
f 2309/3144/2309 130/178/130 2313/3145/2313
f 2309/3141/2309 2315/3151/2315 2311/3142/2311
f 2316/3152/2316 1202/1530/1202 1882/2498/1882
f 2316/3152/2316 1882/2498/1882 2317/3153/2317
f 2316/3152/2316 2317/3153/2317 1992/2661/1992
f 2316/3152/2316 1992/2661/1992 1202/1530/1202
f 1206/3154/1206 2161/3155/2161 7/10/7
f 1206/3156/1206 1086/1385/1086 2161/2909/2161
f 1206/3157/1206 853/1079/853 1207/3158/1207
f 1206/3157/1206 7/9/7 853/1079/853
f 408/521/408 910/1159/910 2318/3159/2318
f 408/3160/408 2318/3161/2318 1298/1652/1298
f 408/521/408 1298/3162/1298 409/522/409
f 1892/3163/1892 1997/2668/1997 421/536/421
f 1892/3163/1892 416/529/416 1340/1706/1340
f 1892/3163/1892 421/536/421 416/529/416
f 1892/2508/1892 1893/2510/1893 1997/3164/1997
f 2173/3165/2173 2269/3074/2269 2319/3166/2319
f 2173/3165/2173 2177/3167/2177 2269/3074/2269
f 2173/3165/2173 2319/3166/2319 1965/3168/1965
f 2173/2924/2173 1965/2611/1965 1964/2610/1964
f 2320/3169/2320 2080/2794/2080 2085/2799/2085
f 2320/3169/2320 2321/3170/2321 2080/2794/2080
f 2320/3171/2320 2322/3172/2322 1621/2125/1621
f 2320/3169/2320 2085/2799/2085 2322/3173/2322
f 2320/3171/2320 1621/2125/1621 2323/3174/2323
f 2320/3169/2320 2323/3175/2323 2321/3170/2321
f 1389/1787/1389 1391/1786/1391 2324/3176/2324
f 1389/1780/1389 2324/3177/2324 1390/1781/1390
f 2325/3178/2325 1397/3179/1397 2230/3012/2230
f 2325/3178/2325 2230/3012/2230 2229/3011/2229
f 2325/3178/2325 2326/3180/2326 1397/3179/1397
f 2327/3181/2327 2328/3182/2328 2329/3183/2329
f 2327/3181/2327 2330/3184/2330 1048/3185/1048
f 2327/3181/2327 2329/3183/2329 2331/3186/2331
f 2327/3181/2327 1048/3185/1048 1050/3187/1050
f 2327/3181/2327 2331/3186/2331 2330/3184/2330
f 2327/3181/2327 1050/3187/1050 2328/3182/2328
f 2134/2874/2134 2332/3188/2332 2135/2875/2135
f 2134/2874/2134 2333/3189/2333 2332/3188/2332
f 2134/2874/2134 2136/2877/2136 2334/3190/2334
f 2134/2874/2134 2334/3190/2334 2333/3189/2333
f 1406/1809/1406 439/3191/439 1407/1810/1407
f 1406/1809/1406 40/57/40 879/1114/879
f 1406/1809/1406 878/1113/878 439/3191/439
f 1406/1809/1406 879/1114/879 878/1113/878
f 2140/2881/2140 1240/1579/1240 2335/3192/2335
f 2140/2881/2140 1797/2385/1797 1240/1579/1240
f 2140/2881/2140 2336/3193/2336 46/67/46
f 2140/2881/2140 2335/3192/2335 2336/3193/2336
f 2140/2881/2140 2141/2882/2141 1797/2385/1797
f 1120/1425/1120 1982/2890/1982 53/1426/53
f 1120/1428/1120 1121/1427/1121 2143/3194/2143
f 2337/3195/2337 2338/3196/2338 2206/2976/2206
f 2337/3195/2337 2206/2976/2206 2339/3197/2339
f 2337/3198/2337 2340/3199/2340 2338/3200/2338
f 2337/3198/2337 2341/3201/2341 2340/3199/2340
f 1721/3202/1721 232/296/232 1722/3044/1722
f 1721/3202/1721 233/297/233 232/296/232
f 1721/3202/1721 1723/3203/1723 1945/2586/1945
f 1721/3202/1721 1944/2585/1944 233/297/233
f 1721/3202/1721 1945/2586/1945 1944/2585/1944
f 1725/2266/1725 2342/3204/2342 1949/2590/1949
f 1725/2266/1725 1949/2590/1949 761/2267/761
f 1725/2266/1725 1727/2269/1727 2342/3204/2342
f 81/115/81 1954/2598/1954 84/119/84
f 252/319/252 1251/3205/1251 1250/1590/1250
f 252/3206/252 251/3207/251 1959/3208/1959
f 252/319/252 1250/1590/1250 253/320/253
f 252/319/252 1959/3209/1959 1251/3205/1251
f 2343/3210/2343 1208/1538/1208 2344/3211/2344
f 2343/3210/2343 1209/1539/1209 1208/1538/1208
f 2343/3212/2343 2345/3213/2345 2346/3214/2346
f 2343/3210/2343 2344/3211/2344 2345/3215/2345
f 2343/3210/2343 2346/3216/2346 2209/2979/2209
f 2343/3210/2343 2209/2979/2209 1209/1539/1209
f 2347/3217/2347 2348/3218/2348 2349/3219/2349
f 2347/3217/2347 1438/1868/1438 1440/1870/1440
f 2347/3217/2347 2065/2765/2065 2348/3218/2348
f 2347/3217/2347 2349/3219/2349 1438/1868/1438
f 2347/3217/2347 2066/2766/2066 2065/2765/2065
f 2347/3217/2347 1440/1870/1440 2066/2766/2066
f 1868/2482/1868 930/3220/930 2350/3221/2350
f 1868/2482/1868 112/154/112 2351/3222/2351
f 1868/2482/1868 2350/3221/2350 1869/2483/1869
f 1868/2482/1868 2351/3222/2351 930/3220/930
f 2352/3223/2352 2353/3224/2353 2109/2841/2109
f 2352/3225/2352 2354/3226/2354 2355/3227/2355
f 2352/3223/2352 2109/2841/2109 2354/3228/2354
f 2352/3225/2352 2356/3229/2356 2353/3230/2353
f 2352/3225/2352 2355/3227/2355 2356/3229/2356
f 11/15/11 2357/3231/2357 2358/3232/2358
f 11/15/11 12/17/12 2357/3231/2357
f 11/15/11 2358/3232/2358 121/166/121
f 390/498/390 1322/3233/1322 2359/3234/2359
f 390/498/390 393/501/393 1323/3235/1323
f 390/498/390 2360/3236/2360 391/499/391
f 390/498/390 1323/3235/1323 1322/3233/1322
f 390/498/390 2359/3234/2359 2360/3236/2360
f 1031/1317/1031 1035/1316/1035 247/311/247
f 1031/1311/1031 2361/3237/2361 136/186/136
f 1031/1317/1031 247/311/247 2361/3238/2361
f 1031/1311/1031 136/186/136 135/185/135
f 1328/1693/1328 1761/2327/1761 2362/3239/2362
f 1328/1693/1328 143/193/143 1761/2327/1761
f 1328/1693/1328 2362/3239/2362 1329/1694/1329
f 1328/1693/1328 1332/1697/1332 143/193/143
f 1853/3240/1853 149/199/149 2363/3241/2363
f 1853/3240/1853 150/200/150 149/199/149
f 1853/3240/1853 1855/3242/1855 150/200/150
f 1853/2462/1853 2363/3243/2363 1854/2463/1854
f 1678/2199/1678 2364/3244/2364 1339/1705/1339
f 1678/2199/1678 1339/1705/1339 1341/1707/1341
f 1678/2199/1678 1679/2201/1679 2364/3244/2364
f 1678/2199/1678 1341/1707/1341 419/533/419
f 2365/3245/2365 1344/1710/1344 2366/3246/2366
f 2365/3247/2365 2367/3248/2367 1344/1717/1344
f 2365/3245/2365 2368/3249/2368 2367/3250/2367
f 2365/3245/2365 1773/2343/1773 1554/2041/1554
f 2365/3245/2365 1554/2041/1554 2368/3249/2368
f 2365/3245/2365 2366/3246/2366 1773/2343/1773
f 1349/3251/1349 2369/3252/2369 2370/3253/2370
f 1349/3254/1349 2371/3255/2371 2372/3256/2372
f 1349/3254/1349 1352/3257/1352 2371/3255/2371
f 1349/1720/1349 2370/3258/2370 1350/1721/1350
f 1349/3254/1349 2372/3256/2372 2369/3259/2369
f 898/1139/898 2003/2676/2003 490/3260/490
f 898/1139/898 1900/2523/1900 2003/2676/2003
f 898/3261/898 490/3262/490 487/3263/487
f 898/1139/898 900/1142/900 1900/2523/1900
f 2373/3264/2373 1941/2582/1941 226/290/226
f 2373/3264/2373 226/290/226 228/292/228
f 2373/3265/2373 2374/3266/2374 1941/2580/1941
f 2373/3264/2373 228/292/228 2375/3267/2375
f 2373/3265/2373 2375/3268/2375 2374/3266/2374
f 1176/1496/1176 1980/3269/1980 1177/1497/1177
f 1176/1496/1176 1175/1500/1175 779/981/779
f 1176/1496/1176 2376/3270/2376 1980/3269/1980
f 1176/1496/1176 779/981/779 2376/3270/2376
f 195/2361/195 378/485/378 1542/2026/1542
f 195/2361/195 1542/2026/1542 196/1300/196
f 1370/1756/1370 2377/3271/2377 1371/1757/1371
f 1370/1756/1370 653/1755/653 2378/3272/2378
f 1370/1756/1370 2378/3272/2378 2377/3271/2377
f 1911/3273/1911 2379/3274/2379 1788/3275/1788
f 1911/3273/1911 1912/3276/1912 1374/3277/1374
f 1911/3273/1911 1374/3277/1374 1373/3278/1373
f 1911/3273/1911 1373/3278/1373 2379/3274/2379
f 617/784/617 2232/3016/2232 2233/3017/2233
f 617/784/617 2233/3017/2233 618/785/618
f 617/784/617 161/216/161 892/3279/892
f 617/784/617 2380/3280/2380 2232/3016/2232
f 617/784/617 892/3279/892 2380/3280/2380
f 1194/1521/1194 1193/1520/1193 2381/3281/2381
f 1194/1521/1194 2381/3281/2381 1569/2060/1569
f 1701/2234/1701 175/233/175 2382/3282/2382
f 1701/2234/1701 1702/2233/1702 175/233/175
f 1701/3283/1701 147/197/147 1658/2169/1658
f 1701/3283/1701 2382/3284/2382 147/197/147
f 1701/2231/1701 1658/2165/1658 628/795/628
f 2241/3032/2241 903/1147/903 2383/3285/2383
f 2241/3286/2241 2384/3287/2384 2242/3288/2242
f 2241/3032/2241 2383/3285/2383 2384/3289/2384
f 2385/3290/2385 2386/3291/2386 345/3292/345
f 2385/3293/2385 1152/3294/1152 2387/3295/2387
f 2385/3296/2385 344/440/344 1152/1471/1152
f 2385/3290/2385 2388/3297/2388 2386/3291/2386
f 2385/3296/2385 345/441/345 344/440/344
f 2385/3293/2385 2387/3295/2387 2388/3298/2388
f 1718/2258/1718 502/643/502 506/650/506
f 1718/2258/1718 1556/2043/1556 2288/3108/2288
f 1718/2258/1718 2288/3108/2288 502/643/502
f 1718/2258/1718 1719/2260/1719 1556/2043/1556
f 650/1953/650 652/3299/652 2250/3048/2250
f 650/1953/650 2250/3048/2250 1494/1954/1494
f 2389/3300/2389 2390/3301/2390 2391/3302/2391
f 2389/3300/2389 2391/3302/2391 2103/2835/2103
f 2389/3300/2389 658/3059/658 928/1187/928
f 2389/3300/2389 2103/2835/2103 2392/3303/2392
f 2389/3300/2389 2392/3303/2392 658/3059/658
f 2389/3300/2389 928/1187/928 2390/3301/2390
f 929/3304/929 1780/3305/1780 1783/2359/1783
f 929/3304/929 1783/2359/1783 663/3096/663
f 929/3306/929 2393/3307/2393 1780/3308/1780
f 929/1188/929 931/1190/931 2393/3309/2393
f 2394/3310/2394 935/1194/935 2395/3311/2395
f 2394/3312/2394 2396/3313/2396 558/718/558
f 2394/3310/2394 2397/3314/2397 936/1195/936
f 2394/3312/2394 558/718/558 2397/3315/2397
f 2394/3312/2394 2395/3316/2395 2396/3313/2396
f 2394/3310/2394 936/1195/936 935/1194/935
f 764/964/764 766/966/766 1610/2109/1610
f 764/964/764 677/2110/677 765/965/765
f 1139/3317/1139 2398/3318/2398 2399/3319/2399
f 1139/1451/1139 1143/1455/1143 948/3320/948
f 1139/3317/1139 948/3321/948 2398/3318/2398
f 1139/3317/1139 2399/3319/2399 1140/3322/1140
f 1929/2563/1929 1932/2566/1932 2400/3323/2400
f 1929/2563/1929 1324/1687/1324 1930/2564/1930
f 1929/2563/1929 2400/3323/2400 2401/3324/2401
f 1929/2563/1929 2401/3324/2401 1326/3325/1326
f 1929/2563/1929 1325/1688/1325 1324/1687/1324
f 1929/2563/1929 1326/3325/1326 1325/1688/1325
f 275/354/275 1569/2060/1569 276/355/276
f 275/354/275 1570/2061/1570 1569/2060/1569
f 275/3326/275 280/362/280 2402/3327/2402
f 275/3326/275 2402/3327/2402 1570/3328/1570
f 2403/3329/2403 2404/3330/2404 2405/3331/2405
f 2403/3329/2403 2405/3331/2405 2406/3332/2406
f 2403/3329/2403 2407/3333/2407 966/1230/966
f 2403/3329/2403 2406/3332/2406 2407/3333/2407
f 2403/3329/2403 966/1230/966 2404/3330/2404
f 2408/3334/2408 469/598/469 2409/3335/2409
f 2408/3334/2408 2410/3336/2410 2265/3337/2265
f 2408/3334/2408 2265/3337/2265 1634/2139/1634
f 2408/3334/2408 1634/2139/1634 469/598/469
f 2408/3334/2408 2409/3335/2409 2410/3336/2410
f 2304/3338/2304 572/3339/572 2069/3340/2069
f 2304/3338/2304 803/1023/803 572/3339/572
f 2304/3341/2304 804/1016/804 803/1015/803
f 2304/3132/2304 1059/1349/1059 804/3342/804
f 2304/3132/2304 2069/3343/2069 2194/2953/2194
f 1182/1504/1182 2411/3344/2411 1183/1505/1183
f 1182/3345/1182 2412/3346/2412 2411/3347/2411
f 721/3348/721 2413/3349/2413 1186/3350/1186
f 721/3348/721 2414/3351/2414 2413/3349/2413
f 721/3348/721 724/3352/724 2414/3351/2414
f 721/3353/721 1186/1508/1186 722/2302/722
f 2152/2897/2152 1990/2657/1990 2153/2898/2153
f 2152/2972/2152 729/925/729 1990/2658/1990
f 636/1042/636 825/1045/825 637/3354/637
f 636/1042/636 641/3355/641 823/1043/823
f 2415/3356/2415 2416/3357/2416 2417/3358/2417
f 2415/3356/2415 2418/3359/2418 2419/3360/2419
f 2415/3356/2415 2417/3358/2417 2418/3359/2418
f 2415/3356/2415 2419/3360/2419 2416/3357/2416
f 835/1058/835 834/1057/834 2420/3361/2420
f 835/1058/835 1467/1916/1467 1960/2606/1960
f 835/1058/835 2420/3361/2420 1467/1916/1467
f 840/1063/840 1560/2048/1560 2294/3118/2294
f 840/1063/840 845/1068/845 1560/2048/1560
f 840/1063/840 2294/3118/2294 2295/3117/2295
f 840/1063/840 2295/3117/2295 841/1064/841
f 2421/3362/2421 1376/1770/1376 1381/1769/1381
f 2421/3362/2421 397/505/397 1376/1770/1376
f 2421/3363/2421 1381/3364/1381 851/3365/851
f 2421/3362/2421 2422/3366/2422 397/505/397
f 2421/3363/2421 850/3367/850 2423/3368/2423
f 2421/3363/2421 851/3365/851 850/3367/850
f 2421/3363/2421 2423/3368/2423 2422/3369/2422
f 2424/3370/2424 2178/2929/2178 445/567/445
f 2424/3370/2424 530/678/530 2425/3371/2425
f 2424/3370/2424 1041/1325/1041 2178/2929/2178
f 2424/3370/2424 2425/3371/2425 1042/1326/1042
f 2424/3370/2424 445/567/445 530/678/530
f 2424/3370/2424 1042/1326/1042 1041/1325/1041
f 1674/2190/1674 2426/3372/2426 179/2682/179
f 1674/2195/1674 855/1087/855 2426/3373/2426
f 1674/2190/1674 179/2682/179 176/2191/176
f 860/1090/860 1397/1794/1397 2326/3374/2326
f 860/1090/860 2326/3374/2326 861/1091/861
f 866/1099/866 2427/3375/2427 867/1100/867
f 866/1099/866 2428/3376/2428 2427/3375/2427
f 866/1099/866 870/1103/870 2428/3376/2428
f 1689/2212/1689 300/385/300 302/387/302
f 2429/3377/2429 1530/2007/1530 2187/2946/2187
f 2429/3377/2429 2187/2946/2187 2189/2948/2189
f 2429/3377/2429 2430/3378/2430 1002/1281/1002
f 2429/3377/2429 1002/1281/1002 1001/1275/1001
f 2429/3377/2429 1001/1275/1001 1530/2007/1530
f 2429/3377/2429 2189/2948/2189 2430/3378/2430
f 2431/3379/2431 2432/3380/2432 1011/3381/1011
f 2431/3382/2431 1011/3383/1011 1010/2659/1010
f 2431/3382/2431 1010/2659/1010 1534/2011/1534
f 2431/3382/2431 1534/2011/1534 2191/3384/2191
f 2431/3379/2431 2191/2950/2191 2432/3380/2432
f 1939/2576/1939 1057/3385/1057 1940/2577/1940
f 1939/3386/1939 426/3387/426 1058/1348/1058
f 1939/3386/1939 1058/1348/1058 1057/1347/1057
f 1941/2582/1941 224/288/224 226/290/226
f 1941/2580/1941 2374/3266/2374 2433/3388/2433
f 1941/2580/1941 2433/3388/2433 1942/2581/1942
f 1066/1359/1066 1408/1811/1408 1407/1812/1407
f 1066/1359/1066 2434/3389/2434 1067/1360/1067
f 1066/1359/1066 38/54/38 1408/1811/1408
f 1066/1359/1066 1407/1812/1407 2434/3389/2434
f 1409/1814/1409 1726/3390/1726 1410/1815/1410
f 1409/3391/1409 1412/3392/1412 1727/2269/1727
f 1409/3391/1409 1727/2269/1727 1726/2268/1726
f 2435/3393/2435 2436/3394/2436 2156/2904/2156
f 2435/3393/2435 2156/2904/2156 450/575/450
f 2435/3393/2435 450/575/450 453/580/453
f 2435/3393/2435 2437/3395/2437 2436/3394/2436
f 2435/3393/2435 453/580/453 2437/3395/2437
f 2160/3396/2160 6/8/6 2161/3155/2161
f 2160/3396/2160 2227/3397/2227 6/8/6
f 15/23/15 1978/2633/1978 16/24/16
f 15/23/15 564/3398/564 1978/2633/1978
f 83/118/83 1470/3399/1470 1553/2040/1553
f 83/118/83 1553/2040/1553 472/602/472
f 2438/3400/2438 89/3401/89 2439/3402/2439
f 2438/3400/2438 2439/3402/2439 2440/3403/2440
f 2438/3400/2438 2441/3404/2441 1473/3405/1473
f 2438/3406/2438 1473/1925/1473 89/128/89
f 2438/3400/2438 2440/3403/2440 2441/3404/2441
f 1475/1932/1475 485/618/485 2442/3407/2442
f 1475/1932/1475 901/1145/901 485/618/485
f 1475/3408/1475 2442/3409/2442 1476/3410/1476
f 2443/3411/2443 495/631/495 1579/2407/1579
f 2443/3411/2443 496/632/496 495/631/495
f 2444/3412/2444 1487/1942/1487 1486/1941/1486
f 2444/3412/2444 25/36/25 23/34/23
f 2444/3412/2444 1486/1941/1486 2331/3186/2331
f 2444/3413/2444 23/635/23 1366/1748/1366
f 2444/3413/2444 1366/1748/1366 1487/3414/1487
f 2444/3412/2444 2331/3186/2331 25/36/25
f 2148/2893/2148 2445/3415/2445 644/814/644
f 2148/2893/2148 2340/3199/2340 2341/3201/2341
f 2148/2893/2148 644/814/644 2340/3199/2340
f 2148/2893/2148 1586/2079/1586 2445/3415/2445
f 2148/2893/2148 2341/3201/2341 2149/2894/2149
f 1130/2382/1130 1165/1484/1165 1163/1482/1163
f 1130/1443/1130 1132/1440/1132 1166/3416/1166
f 1130/2382/1130 1166/1485/1166 1165/1484/1165
f 655/830/655 659/834/659 1134/1445/1134
f 2446/3417/2446 1879/2495/1879 849/1078/849
f 2446/3417/2446 2447/3418/2447 1880/2496/1880
f 2446/3417/2446 2448/3419/2448 2447/3418/2447
f 2446/3417/2446 1880/2496/1880 1879/2495/1879
f 2446/3417/2446 849/1078/849 2448/3419/2448
f 1895/2512/1895 2271/3076/2271 1270/1618/1270
f 1895/2520/1895 977/1242/977 2449/3420/2449
f 1895/2512/1895 2449/3421/2449 2450/3422/2450
f 1895/2512/1895 2450/3422/2450 2271/3076/2271
f 1895/2520/1895 978/1243/978 977/1242/977
f 175/233/175 1675/2197/1675 176/234/176
f 175/233/175 1702/2233/1702 1675/2197/1675
f 175/233/175 178/236/178 2382/3282/2382
f 774/3423/774 773/1260/773 987/1255/987
f 774/3423/774 987/1255/987 1905/2669/1905
f 549/708/549 2451/3424/2451 991/3425/991
f 549/708/549 991/3425/991 552/711/552
f 549/708/549 99/1866/99 2451/3424/2451
f 2105/2837/2105 2452/3426/2452 2106/2838/2106
f 2105/2837/2105 998/1271/998 997/1272/997
f 2105/2837/2105 1527/2004/1527 998/1271/998
f 2105/2837/2105 997/1272/997 2452/3426/2452
f 124/170/124 2112/2844/2112 2167/3427/2167
f 124/170/124 2167/3427/2167 10/13/10
f 124/170/124 125/172/125 2112/2844/2112
f 1006/1283/1006 1458/3428/1458 1007/1284/1007
f 1013/3429/1013 1014/3430/1014 2453/3431/2453
f 1013/3429/1013 2454/3432/2454 190/3433/190
f 1013/3429/1013 2453/3431/2453 2454/3432/2454
f 1016/1293/1016 1543/2027/1543 2255/3054/2255
f 1016/1293/1016 2255/3054/2255 1017/1294/1017
f 1016/1293/1016 196/1300/196 1542/2026/1542
f 2455/3434/2455 2057/2744/2057 2456/3435/2456
f 2455/3436/2455 2456/3437/2456 588/753/588
f 2455/3434/2455 1232/1565/1232 2057/2744/2057
f 2455/3436/2455 588/753/588 2078/3438/2078
f 2455/3436/2455 2078/3438/2078 1233/3439/1233
f 2455/3434/2455 1233/1566/1233 1232/1565/1232
f 1028/1308/1028 1027/1307/1027 2302/3130/2302
f 1028/1308/1028 2302/3130/2302 2301/3129/2301
f 1032/1312/1032 135/185/135 134/184/134
f 1032/3440/1032 1849/3441/1849 1033/3442/1033
f 1032/3440/1032 1345/1716/1345 1346/1715/1346
f 1032/1312/1032 134/184/134 1345/1713/1345
f 1032/3440/1032 1346/1715/1346 2457/3443/2457
f 1032/3440/1032 2457/3443/2457 1849/3441/1849
f 2369/3444/2369 2458/3445/2458 2459/3446/2459
f 2369/3444/2369 2372/3447/2372 2458/3445/2458
f 2369/3252/2369 2459/3448/2459 2370/3253/2370
f 1399/1797/1399 1401/1799/1401 1050/3449/1050
f 1399/3450/1399 2091/2811/2091 1558/2046/1558
f 1399/3450/1399 1558/2046/1558 1400/2045/1400
f 1399/3450/1399 1050/3451/1050 2091/2811/2091
f 1052/1338/1052 103/1235/103 106/1339/106
f 1052/1338/1052 971/1236/971 103/1235/103
f 1501/1967/1501 847/1070/847 2460/3452/2460
f 1501/1967/1501 848/1071/848 847/1070/847
f 1501/1967/1501 2460/3452/2460 1502/1968/1502
f 1501/1967/1501 1504/1971/1504 848/1071/848
f 76/108/76 2459/3446/2459 2458/3445/2458
f 76/108/76 1613/2117/1613 2459/3446/2459
f 1854/2463/1854 2180/2933/2180 1767/2337/1767
f 1854/2463/1854 2181/2934/2181 2180/2933/2180
f 1854/3453/1854 1767/3454/1767 534/685/534
f 1854/2463/1854 2363/3243/2363 2181/2934/2181
f 2099/2832/2099 2461/3455/2461 2100/3456/2100
f 2099/2832/2099 2101/2831/2101 2427/3375/2427
f 2099/2832/2099 2427/3375/2427 2428/3376/2428
f 2099/2832/2099 2428/3376/2428 2461/3455/2461
f 2452/3457/2452 2462/3458/2462 2463/3459/2463
f 2452/3457/2452 997/1269/997 2462/3458/2462
f 1709/2247/1709 1693/2248/1693 2464/3460/2464
f 1709/2247/1709 2464/3460/2464 1004/1279/1004
f 1709/2247/1709 1004/1279/1004 1003/1278/1003
f 1709/2247/1709 1003/1278/1003 306/391/306
f 2190/2949/2190 565/727/565 2432/3380/2432
f 2190/2949/2190 2432/3380/2432 2191/2950/2191
f 2190/2949/2190 2192/2951/2192 2465/3461/2465
f 2190/2949/2190 566/728/566 565/727/565
f 2190/2949/2190 2465/3461/2465 566/728/566
f 1564/3462/1564 1565/3463/1565 2466/3464/2466
f 1564/3462/1564 2466/3464/2466 1635/2142/1635
f 1564/2055/1564 2068/2773/2068 574/737/574
f 1564/3462/1564 1635/2142/1635 2068/2769/2068
f 2467/3465/2467 2468/3466/2468 2469/3467/2469
f 2467/3468/2467 1806/2395/1806 2470/3469/2470
f 2467/3465/2467 2469/3467/2469 2471/3470/2471
f 2467/3468/2467 2471/3471/2471 1809/2398/1809
f 2467/3468/2467 1809/2398/1809 1806/2395/1806
f 2467/3468/2467 2470/3469/2470 2468/3472/2468
f 2472/3473/2472 1023/1303/1023 207/266/207
f 2472/3473/2472 207/266/207 206/268/206
f 2472/3474/2472 1644/2151/1644 1023/3475/1023
f 2472/3474/2472 2473/3476/2473 1644/2151/1644
f 2472/3474/2472 206/265/206 2473/3476/2473
f 595/3477/595 1649/2156/1649 1648/2155/1648
f 595/3477/595 593/3478/593 1649/2156/1649
f 1343/1709/1343 133/3479/133 2474/3480/2474
f 1343/1709/1343 598/763/598 1772/2342/1772
f 1343/1709/1343 1772/2342/1772 2366/3246/2366
f 1343/1709/1343 2474/3480/2474 598/763/598
f 1343/1709/1343 2366/3246/2366 1344/1710/1344
f 1463/1914/1463 1466/1913/1466 2475/3481/2475
f 1463/1908/1463 695/882/695 699/888/699
f 1463/1914/1463 2475/3481/2475 2476/3482/2476
f 1463/3483/1463 2476/3484/2476 759/959/759
f 1463/3483/1463 759/959/759 695/3485/695
f 606/773/606 2090/2810/2090 2477/3486/2477
f 606/773/606 2477/3486/2477 607/774/607
f 2478/3487/2478 1053/1341/1053 1055/1343/1055
f 2478/3487/2478 1055/1343/1055 1562/3488/1562
f 2478/3489/2478 2479/3490/2479 1221/3491/1221
f 2478/3487/2478 2480/3492/2480 1053/1341/1053
f 2478/3487/2478 1218/3493/1218 2480/3492/2480
f 2478/3489/2478 1562/2050/1562 2479/3490/2479
f 2478/3494/2478 1221/1551/1221 1218/1548/1218
f 2144/2885/2144 2214/3495/2214 1443/3496/1443
f 2144/2885/2144 2481/3497/2481 1178/1498/1178
f 2144/2885/2144 2482/3498/2482 2481/3497/2481
f 2144/2885/2144 1443/3496/1443 2482/3498/2482
f 2144/2885/2144 2146/2891/2146 2214/3495/2214
f 935/1194/935 937/1196/937 2395/3311/2395
f 381/489/381 384/492/384 2222/3499/2222
f 381/489/381 2434/3389/2434 382/490/382
f 381/489/381 2222/3499/2222 1067/1360/1067
f 381/489/381 1067/1360/1067 2434/3389/2434
f 947/3500/947 2398/3318/2398 948/3321/948
f 947/3500/947 2483/3501/2483 2398/3318/2398
f 947/3502/947 168/224/168 2483/3503/2483
f 947/3502/947 170/226/170 168/224/168
f 691/3004/691 2224/3003/2224 399/507/399
f 691/3504/691 398/3505/398 1614/3506/1614
f 691/3004/691 399/507/399 398/506/398
f 455/3507/455 2484/3508/2484 2485/3509/2485
f 455/3507/455 2226/3008/2226 2484/3508/2484
f 455/3507/455 2485/3509/2485 456/3510/456
f 455/582/455 459/586/459 2226/3511/2226
f 2486/3512/2486 2487/3513/2487 1392/1788/1392
f 2486/3514/2486 2488/3515/2488 2489/3516/2489
f 2486/3514/2486 1390/1781/1390 2490/3517/2490
f 2486/3514/2486 2490/3517/2490 2488/3515/2488
f 2486/3514/2486 2489/3516/2489 2487/3518/2487
f 2486/3514/2486 1392/1784/1392 1390/1781/1390
f 2231/3519/2231 265/339/265 264/338/264
f 2231/3519/2231 1705/2242/1705 265/339/265
f 2231/3520/2231 1396/1793/1396 1705/2243/1705
f 2231/3521/2231 2230/3522/2230 1396/3523/1396
f 1433/3524/1433 1099/1402/1099 1098/1401/1098
f 1433/3524/1433 1098/1401/1098 2002/2674/2002
f 1433/1852/1433 2002/3525/2002 1434/1853/1434
f 89/128/89 92/132/92 2439/3526/2439
f 1108/1411/1108 334/3527/334 1902/2525/1902
f 1108/1411/1108 335/1415/335 334/3527/334
f 1108/1411/1108 1901/2524/1901 1109/1412/1109
f 1108/1411/1108 1902/2525/1902 1901/2524/1901
f 117/160/117 119/164/119 1962/2608/1962
f 1780/3308/1780 2393/3307/2393 1781/3528/1781
f 671/849/671 1837/2437/1837 1794/2375/1794
f 39/56/39 2491/3529/2491 2188/2947/2188
f 39/56/39 41/58/41 2491/3529/2491
f 39/56/39 2188/2947/2188 40/57/40
f 516/660/516 515/659/515 1500/1964/1500
f 516/660/516 795/1005/795 517/661/517
f 516/660/516 1500/1964/1500 2492/3530/2492
f 516/660/516 2492/3530/2492 795/1005/795
f 707/900/707 2493/3531/2493 708/901/708
f 707/900/707 1014/3430/1014 2493/3531/2493
f 707/900/707 710/903/710 2453/3431/2453
f 707/900/707 2453/3431/2453 1014/3430/1014
f 714/907/714 582/747/582 581/746/581
f 714/907/714 581/746/581 578/743/578
f 714/907/714 717/910/717 2072/2780/2072
f 714/907/714 2072/2780/2072 582/747/582
f 2075/2782/2075 2199/2959/2199 2494/3532/2494
f 2075/2782/2075 2494/3532/2494 2076/2783/2076
f 2075/2788/2075 586/3533/586 2200/2962/2200
f 2075/2788/2075 2078/2787/2078 586/3533/586
f 2075/2788/2075 2200/2962/2200 2199/2961/2199
f 2495/3534/2495 592/757/592 821/1040/821
f 2495/3535/2495 366/469/366 1649/2156/1649
f 2495/3535/2495 1649/2156/1649 593/3478/593
f 2495/3534/2495 593/758/593 592/757/592
f 2495/3534/2495 821/1040/821 366/473/366
f 2496/3536/2496 2497/3537/2497 1954/2598/1954
f 2496/3536/2496 2498/3538/2498 2086/2802/2086
f 2496/3536/2496 2086/2802/2086 2497/3537/2497
f 2496/3536/2496 2499/3539/2499 2498/3538/2498
f 2496/3536/2496 1953/3540/1953 2499/3539/2499
f 2496/3536/2496 1954/2598/1954 1953/3540/1953
f 2500/3541/2500 2088/2806/2088 1043/2808/1043
f 2500/3541/2500 2501/3542/2501 1656/2163/1656
f 2500/3541/2500 2502/3543/2502 2088/2806/2088
f 2500/3541/2500 1656/2163/1656 2502/3543/2502
f 2500/3541/2500 1043/2808/1043 2501/3542/2501
f 608/775/608 743/943/743 1558/2046/1558
f 608/775/608 610/777/610 2503/3544/2503
f 608/775/608 1558/2046/1558 609/776/609
f 608/775/608 2503/3544/2503 743/943/743
f 746/946/746 1148/1464/1148 747/947/747
f 753/953/753 752/952/752 1993/2662/1993
f 753/953/753 1993/2662/1993 1992/2661/1992
f 753/953/753 1992/2661/1992 754/954/754
f 2161/2909/2161 1086/1385/1086 2162/2910/2162
f 2161/3155/2161 6/8/6 7/10/7
f 766/966/766 856/1083/856 1610/2109/1610
f 2504/3545/2504 2505/3546/2505 2506/3547/2506
f 2504/3545/2504 2507/3548/2507 2505/3546/2505
f 2504/3545/2504 2508/3549/2508 2507/3548/2507
f 2504/3545/2504 2506/3547/2506 156/211/156
f 2504/3545/2504 154/210/154 2508/3549/2508
f 2504/3545/2504 156/211/156 154/210/154
f 498/637/498 24/640/24 2509/3550/2509
f 498/637/498 2013/2692/2013 499/638/499
f 498/637/498 1523/2941/1523 2013/2692/2013
f 498/637/498 2509/3550/2509 1523/2941/1523
f 349/445/349 351/447/351 1181/3551/1181
f 349/3552/349 1181/1503/1181 2197/2957/2197
f 349/445/349 2196/3553/2196 2510/3554/2510
f 349/445/349 2510/3554/2510 350/446/350
f 349/3552/349 2197/2957/2197 2196/2956/2196
f 2019/3555/2019 2413/3349/2413 2414/3351/2414
f 2019/2699/2019 2020/2700/2020 2511/3556/2511
f 2019/2699/2019 2511/3556/2511 2413/3557/2413
f 2019/3555/2019 2414/3351/2414 358/463/358
f 364/466/364 1597/2093/1597 367/470/367
f 364/466/364 819/1038/819 1597/2093/1597
f 887/1123/887 1849/3441/1849 888/1124/888
f 887/2455/887 892/3279/892 161/216/161
f 1699/2229/1699 1700/2230/1700 2512/3558/2512
f 1699/2229/1699 2062/2754/2062 1106/1409/1106
f 1699/2229/1699 2512/3558/2512 2062/2754/2062
f 1699/2229/1699 1106/1409/1106 389/497/389
f 629/797/629 1110/1413/1110 899/1141/899
f 629/797/629 899/1141/899 630/798/630
f 629/797/629 631/802/631 1110/1413/1110
f 1479/1934/1479 1484/1939/1484 633/2241/633
f 410/1158/410 638/808/638 637/807/637
f 410/1158/410 1581/2074/1581 638/808/638
f 410/1158/410 2513/3559/2513 1581/2074/1581
f 410/523/410 412/525/412 2513/3560/2513
f 1585/2078/1585 2445/3415/2445 1586/2079/1586
f 1585/2078/1585 647/818/647 644/814/644
f 1585/2078/1585 644/814/644 2445/3415/2445
f 1585/2078/1585 1588/2081/1588 647/818/647
f 2514/3561/2514 2515/3562/2515 2516/3563/2516
f 2514/3564/2514 1495/3565/1495 1234/3566/1234
f 2514/3561/2514 1234/2789/1234 2077/2784/2077
f 2514/3561/2514 2516/3563/2516 2517/3567/2517
f 2514/3561/2514 2518/3568/2518 2515/3562/2515
f 2514/3561/2514 2077/2784/2077 2518/3568/2518
f 2514/3569/2514 2517/3570/2517 1495/3571/1495
f 657/832/657 660/835/660 553/2747/553
f 657/3057/657 553/3572/553 552/3058/552
f 930/3220/930 2351/3222/2351 931/3573/931
f 930/1189/930 665/840/665 2350/3574/2350
f 2519/3575/2519 1419/3576/1419 1423/1839/1423
f 2519/3575/2519 1063/1356/1063 1361/3577/1361
f 2519/3578/2519 1361/1740/1361 1419/1834/1419
f 2519/3575/2519 1720/2261/1720 505/647/505
f 2519/3575/2519 505/647/505 1063/1356/1063
f 2519/3575/2519 1423/1839/1423 1720/2261/1720
f 676/857/676 678/859/678 856/1086/856
f 676/857/676 856/1086/856 857/1085/857
f 676/857/676 857/1085/857 765/3579/765
f 676/857/676 765/3579/765 677/858/677
f 771/971/771 1611/2113/1611 772/972/772
f 771/971/771 1612/2114/1612 1611/2113/1611
f 692/878/692 1263/3580/1263 693/879/693
f 692/878/692 689/880/689 1262/1607/1262
f 1268/1616/1268 1730/2274/1730 1824/3581/1824
f 1268/1616/1268 1267/1615/1267 1731/2275/1731
f 1268/1616/1268 1731/2275/1731 1730/2274/1730
f 2404/3330/2404 966/1230/966 965/1229/965
f 2404/3330/2404 2520/3582/2520 2405/3331/2405
f 2521/3583/2521 2522/3584/2522 1741/2287/1741
f 2521/3583/2521 1741/2287/1741 2410/3336/2410
f 2521/3583/2521 1469/1919/1469 2523/3585/2523
f 2521/3583/2521 2410/3336/2410 2409/3335/2409
f 2521/3583/2521 2409/3335/2409 1469/1919/1469
f 2521/3583/2521 2523/3585/2523 2522/3584/2522
f 1986/2641/1986 1442/3586/1442 1310/1667/1310
f 1986/2641/1986 804/1016/804 1059/1354/1059
f 1986/2641/1986 1059/1354/1059 1061/1353/1061
f 1986/2641/1986 1310/1667/1310 1307/1664/1307
f 1986/3587/1986 1061/3588/1061 1442/1873/1442
f 492/3589/492 2524/3590/2524 2525/3591/2525
f 492/3589/492 2525/3591/2525 2526/3592/2526
f 492/3589/492 2306/3134/2306 493/3135/493
f 492/3589/492 2526/3592/2526 2306/3134/2306
f 492/628/492 496/632/496 2524/3593/2524
f 1000/1274/1000 2527/3594/2527 383/491/383
f 1000/1280/1000 1004/1279/1004 2528/3595/2528
f 1000/1280/1000 2528/3595/2528 2527/3596/2527
f 1875/2489/1875 2529/3597/2529 1749/2308/1749
f 1875/2489/1875 1535/2012/1535 1533/2010/1533
f 1875/2489/1875 128/2493/128 1535/2012/1535
f 1875/2489/1875 1533/2010/1533 2529/3597/2529
f 1201/1529/1201 1203/3598/1203 2423/3599/2423
f 1201/1529/1201 1882/2498/1882 1202/1530/1202
f 1201/1529/1201 1883/2499/1883 1882/2498/1882
f 1201/1529/1201 2423/3599/2423 1883/2499/1883
f 139/189/139 143/193/143 1332/1697/1332
f 139/189/139 1655/2162/1655 140/190/140
f 139/189/139 1332/1697/1332 1653/2160/1653
f 700/895/700 2530/3600/2530 1995/3601/1995
f 700/895/700 703/894/703 2530/3600/2530
f 152/202/152 1220/3602/1220 2531/3603/2531
f 152/202/152 2531/3603/2531 153/203/153
f 1034/1315/1034 162/217/162 1035/1316/1035
f 1668/2182/1668 1140/3322/1140 2532/3604/2532
f 1668/2182/1668 1144/3605/1144 1140/3322/1140
f 1668/2182/1668 171/2185/171 1144/3605/1144
f 1668/2182/1668 2532/3604/2532 1669/2183/1669
f 2533/3606/2533 2534/3607/2534 2535/3608/2535
f 2533/3606/2533 1776/3609/1776 2426/3610/2426
f 2533/3606/2533 2426/3610/2426 855/1082/855
f 2533/3606/2533 2535/3608/2535 1355/3611/1355
f 2533/3612/2533 1355/1726/1355 1776/2348/1776
f 2533/3606/2533 855/1082/855 2534/3607/2534
f 2536/3613/2536 863/1094/863 864/3614/864
f 2536/3613/2536 1482/1937/1482 863/1094/863
f 2536/3613/2536 1860/3615/1860 1482/1937/1482
f 1367/3616/1367 1957/2601/1957 1156/3617/1156
f 1367/1750/1367 583/1754/583 1957/3618/1957
f 1022/1302/1022 204/263/204 207/266/207
f 211/272/211 210/271/210 1706/2244/1706
f 211/272/211 2082/3619/2082 212/273/212
f 211/272/211 1706/2244/1706 1971/2619/1971
f 211/272/211 1971/2619/1971 1970/2618/1970
f 211/272/211 1970/2618/1970 2082/3619/2082
f 2155/2903/2155 2157/2905/2157 2319/3166/2319
f 2155/2903/2155 2319/3166/2319 2269/3074/2269
f 758/958/758 697/885/697 696/889/696
f 758/958/758 761/961/761 697/885/697
f 758/958/758 696/889/696 759/959/759
f 2537/3620/2537 1088/1387/1088 1090/1389/1090
f 2537/3620/2537 1090/1389/1090 2028/3621/2028
f 2537/3620/2537 1976/2626/1976 1088/1387/1088
f 2537/3620/2537 1275/3622/1275 1976/2626/1976
f 2537/3620/2537 2028/3621/2028 1275/3622/1275
f 1978/2633/1978 2033/2718/2033 16/24/16
f 1978/2633/1978 1979/2632/1979 2034/2719/2034
f 1978/2633/1978 2034/2719/2034 2033/2718/2033
f 2328/3623/2328 2538/3624/2538 2329/3625/2329
f 2328/3623/2328 1401/1799/1401 2538/3624/2538
f 2328/3623/2328 1050/3449/1050 1401/1799/1401
f 2041/2728/2041 2043/2730/2043 1708/3626/1708
f 2041/2728/2041 914/3627/914 2042/2729/2042
f 2041/2728/2041 1708/3626/1708 35/3628/35
f 2041/2728/2041 33/3629/33 914/3627/914
f 2041/2728/2041 35/3628/35 33/3629/33
f 1841/2441/1841 2044/2731/2044 1842/2442/1842
f 1841/2441/1841 1843/2443/1843 43/63/43
f 1841/2441/1841 42/62/42 2539/3630/2539
f 1841/2441/1841 2539/3630/2539 2044/2731/2044
f 1841/2441/1841 43/63/43 42/62/42
f 2281/3100/2281 2540/3631/2540 2282/3101/2282
f 2145/2887/2145 54/75/54 58/82/58
f 2145/3632/2145 2143/3194/2143 2541/3633/2541
f 2145/3632/2145 2541/3633/2541 54/3634/54
f 2145/2887/2145 58/82/58 2146/2888/2146
f 61/1947/61 2135/2875/2135 1491/1948/1491
f 723/916/723 2542/3635/2542 2543/3636/2543
f 723/916/723 726/921/726 2542/3635/2542
f 723/916/723 2543/3636/2543 1546/2030/1546
f 1710/3637/1710 1851/3638/1851 1711/3639/1711
f 1551/2039/1551 1097/1400/1097 1100/1403/1100
f 1551/3640/1551 2544/3641/2544 474/606/474
f 1551/3640/1551 474/606/474 472/3642/472
f 1551/3640/1551 1100/3643/1100 2544/3641/2544
f 1805/3644/1805 1808/3645/1808 92/3646/92
f 1805/3647/1805 92/133/92 91/131/91
f 1805/3647/1805 91/131/91 2470/3648/2470
f 1805/3647/1805 2470/3648/2470 1806/3649/1806
f 101/143/101 1439/1869/1439 2545/3650/2545
f 101/143/101 2545/3650/2545 102/144/102
f 1136/1447/1136 1137/1448/1137 321/414/321
f 1136/1447/1136 324/419/324 216/277/216
f 327/423/327 326/422/326 1613/2115/1613
f 327/423/327 1613/2115/1613 1612/2114/1612
f 332/428/332 2546/3651/2546 333/429/333
f 332/428/332 1578/2070/1578 1575/2071/1575
f 332/428/332 1575/2071/1575 2546/3651/2546
f 332/428/332 336/432/336 1578/2070/1578
f 338/434/338 1446/1879/1446 339/435/339
f 338/434/338 1447/1880/1447 1446/1879/1446
f 338/434/338 842/1065/842 844/1067/844
f 338/434/338 844/1067/844 1447/1880/1447
f 338/434/338 341/437/341 842/1065/842
f 24/35/24 27/38/27 2509/3652/2509
f 351/3653/351 781/990/781 1181/1503/1181
f 351/447/351 354/452/354 781/984/781
f 357/456/357 1166/3416/1166 1132/1440/1132
f 357/456/357 360/464/360 1166/3416/1166
f 881/1117/881 2023/2704/2023 882/1118/882
f 881/1117/881 885/1121/885 366/469/366
f 2547/3654/2547 778/980/778 1869/3655/1869
f 2547/3656/2547 2548/3657/2548 2549/3658/2549
f 2547/3656/2547 2549/3658/2549 2550/3659/2550
f 2547/3656/2547 2350/3574/2350 2548/3657/2548
f 2547/3656/2547 2550/3659/2550 778/3660/778
f 2547/3656/2547 1869/3661/1869 2350/3574/2350
f 1745/2300/1745 379/487/379 1784/3662/1784
f 1745/3663/1745 1784/2362/1784 2551/3664/2551
f 1745/3663/1745 2551/3664/2551 2216/3665/2216
f 2552/3666/2552 940/1199/940 944/1203/944
f 2552/3667/2552 944/3668/944 2553/3669/2553
f 2552/3666/2552 1509/1977/1509 940/1199/940
f 2552/3667/2552 2553/3669/2553 1509/3670/1509
f 620/787/620 2311/3142/2311 621/788/621
f 620/787/620 2554/3671/2554 2312/3143/2312
f 620/787/620 2312/3143/2312 2311/3142/2311
f 620/787/620 625/792/625 2554/3671/2554
f 2555/3672/2555 1203/3673/1203 1204/3674/1204
f 2555/3675/2555 1615/2119/1615 1614/2118/1614
f 2555/3672/2555 1204/3674/1204 2556/3676/2556
f 2555/3672/2555 2556/3676/2556 1615/3677/1615
f 2555/3672/2555 2422/3369/2422 1203/3673/1203
f 2555/3675/2555 1614/2118/1614 2422/3678/2422
f 1329/1694/1329 405/519/405 1330/1695/1330
f 1329/1694/1329 2362/3239/2362 1207/3679/1207
f 1329/1694/1329 1207/3679/1207 405/519/405
f 1334/1699/1334 1453/1889/1453 1452/1890/1452
f 1334/3680/1334 1452/3681/1452 1212/1542/1212
f 1334/3680/1334 1212/1542/1212 1211/1541/1211
f 1334/1699/1334 1336/1702/1336 1453/1889/1453
f 417/531/417 2183/2938/2183 418/532/418
f 1713/2253/1713 1940/2577/1940 2557/3682/2557
f 1713/2253/1713 2558/3683/2558 2284/3103/2284
f 1713/2253/1713 2557/3682/2557 2558/3683/2558
f 1713/2253/1713 2284/3103/2284 1714/2254/1714
f 1591/2084/1591 1593/2086/1593 234/298/234
f 1591/2084/1591 233/297/233 1944/2585/1944
f 1591/2084/1591 234/298/234 233/297/233
f 1591/2084/1591 1944/2585/1944 1428/1846/1428
f 1591/2084/1591 1428/1846/1428 1592/2085/1592
f 238/302/238 2559/3684/2559 239/303/239
f 1728/2271/1728 1246/1586/1246 2560/3685/2560
f 1728/2271/1728 2561/3686/2561 2380/3687/2380
f 1728/2271/1728 2560/3685/2560 2561/3686/2561
f 1728/2271/1728 2380/3687/2380 891/1127/891
f 2416/3357/2416 2419/3360/2419 2562/3688/2562
f 2563/3689/2563 1468/1918/1468 2564/3690/2564
f 2563/3691/2563 2346/3214/2346 2565/3692/2565
f 2563/3691/2563 2565/3692/2565 2566/3693/2566
f 2563/3689/2563 2564/3690/2564 834/1057/834
f 2563/3691/2563 2566/3693/2566 1468/1917/1468
f 2567/3694/2567 2348/3218/2348 2065/2765/2065
f 2567/3694/2567 2065/2765/2065 2067/2767/2067
f 2567/3695/2567 2568/3696/2568 2569/3697/2569
f 2567/3694/2567 2569/3698/2569 2348/3218/2348
f 2570/3699/2570 618/3700/618 2233/3018/2233
f 2570/3699/2570 2233/3018/2233 2024/2705/2024
f 2570/3699/2570 2571/3701/2571 618/3700/618
f 2570/3699/2570 271/345/271 2572/3702/2572
f 2570/3699/2570 2024/2705/2024 271/345/271
f 2570/3699/2570 2572/3702/2572 2571/3701/2571
f 1569/2060/1569 2381/3281/2381 276/355/276
f 282/364/282 1476/1928/1476 283/365/283
f 282/364/282 285/367/285 2240/3029/2240
f 282/364/282 2240/3029/2240 1477/1929/1477
f 540/695/540 288/370/288 1280/3703/1280
f 540/695/540 1280/3703/1280 541/696/541
f 540/695/540 289/371/289 288/370/288
f 2396/3313/2396 561/723/561 558/718/558
f 2396/3704/2396 1917/2544/1917 1919/2546/1919
f 2396/3704/2396 1919/2546/1919 561/721/561
f 2396/3313/2396 2395/3316/2395 1917/3705/1917
f 910/1160/910 637/807/637 1803/3706/1803
f 910/3707/910 1803/2392/1803 2573/3708/2573
f 910/3707/910 2573/3708/2573 2318/3709/2318
f 2574/3710/2574 2575/3711/2575 2576/3712/2576
f 2574/3710/2574 2577/3713/2577 797/1008/797
f 2574/3710/2574 2578/3714/2578 2575/3711/2575
f 2574/3710/2574 2576/3712/2576 2577/3713/2577
f 2574/3710/2574 797/1008/797 2578/3714/2578
f 2579/3715/2579 2558/3716/2558 2580/3717/2580
f 2579/3715/2579 2120/2853/2120 2285/3718/2285
f 2579/3715/2579 2580/3717/2580 2121/2854/2121
f 2579/3719/2579 2285/3104/2285 2558/3683/2558
f 2579/3715/2579 2121/2854/2121 2120/2853/2120
f 1700/2230/1700 391/499/391 1925/2556/1925
f 1700/2230/1700 1924/2555/1924 2123/3720/2123
f 1700/2230/1700 1473/3405/1473 2512/3558/2512
f 1700/3721/1700 2123/2859/2123 1473/1925/1473
f 1700/2230/1700 1925/2556/1925 1924/2555/1924
f 1255/1598/1255 1811/2400/1811 1577/2069/1577
f 1255/1598/1255 1577/2069/1577 1256/1599/1256
f 1255/1598/1255 1258/1601/1258 1811/2400/1811
f 1116/1420/1116 1118/1422/1118 2008/2686/2008
f 1116/1420/1116 2291/3112/2291 1439/3722/1439
f 1116/1420/1116 2008/2686/2008 2291/3112/2291
f 1116/1420/1116 1439/3722/1439 1117/1421/1117
f 2330/3184/2330 1486/1941/1486 1488/1943/1488
f 2330/3184/2330 1488/1943/1488 1936/2872/1936
f 2330/3184/2330 2331/3186/2331 1486/1941/1486
f 2330/3184/2330 1936/2872/1936 1048/3185/1048
f 1605/3723/1605 2016/2695/2016 2581/3724/2581
f 1605/2102/1605 2581/3725/2581 1606/2103/1606
f 1605/2107/1605 2582/3726/2582 2016/3727/2016
f 1605/2107/1605 1608/2106/1608 2582/3726/2582
f 439/560/439 443/564/443 1407/3728/1407
f 46/67/46 2336/3193/2336 2578/3714/2578
f 46/67/46 2578/3714/2578 47/68/47
f 2583/3729/2583 108/150/108 2584/3730/2584
f 2583/3729/2583 2584/3730/2584 1981/2636/1981
f 2583/3729/2583 2393/3307/2393 2585/3731/2585
f 2583/3729/2583 1781/3528/1781 2393/3307/2393
f 2583/3729/2583 1981/2636/1981 1781/3528/1781
f 2583/3729/2583 109/151/109 108/150/108
f 2583/3729/2583 2585/3731/2585 109/151/109
f 431/552/431 2586/3732/2586 432/553/432
f 431/552/431 2587/3733/2587 2586/3732/2586
f 678/3734/678 679/2111/679 1610/2109/1610
f 678/3734/678 1610/2109/1610 856/1083/856
f 1896/2901/1896 2588/3735/2588 686/868/686
f 1896/2901/1896 686/868/686 685/869/685
f 1896/2901/1896 2153/2898/2153 2588/3735/2588
f 1079/1374/1079 1820/2410/1820 1080/1375/1080
f 1079/1374/1079 1821/2411/1821 1820/2410/1820
f 1619/2123/1619 2589/3736/2589 1889/3737/1889
f 1619/2123/1619 1888/3738/1888 1620/2124/1620
f 1619/2123/1619 1889/3737/1889 1888/3738/1888
f 1619/2123/1619 1624/2128/1624 2589/3736/2589
f 2405/3331/2405 2590/3739/2590 1215/3740/1215
f 2405/3331/2405 1215/3740/1215 2406/3332/2406
f 2405/3331/2405 2520/3582/2520 2590/3739/2590
f 468/597/468 2591/3741/2591 469/598/469
f 468/597/468 471/601/471 539/693/539
f 468/597/468 539/693/539 2591/3741/2591
f 2493/3531/2493 1014/3430/1014 2592/3742/2592
f 2493/3531/2493 1537/2021/1537 708/901/708
f 2493/3531/2493 2592/3742/2592 1537/2021/1537
f 579/744/579 2071/3743/2071 2471/3744/2471
f 579/744/579 582/747/582 2072/2780/2072
f 579/744/579 2471/3744/2471 580/745/580
f 579/744/579 2072/2780/2072 2071/3743/2071
f 2057/2744/2057 71/99/71 2456/3435/2456
f 2080/2794/2080 2321/3170/2321 2081/2795/2081
f 1245/1585/1245 137/187/137 2593/3745/2593
f 1245/1585/1245 1650/2157/1650 137/187/137
f 1245/1585/1245 2593/3745/2593 1246/1586/1246
f 2088/2806/2088 1330/1695/1330 404/513/404
f 2088/2806/2088 1331/1696/1331 1330/1695/1330
f 2088/2806/2088 2502/3543/2502 1331/1696/1331
f 2594/3746/2594 1659/2166/1659 1661/2171/1661
f 2594/3746/2594 1903/2527/1903 331/3747/331
f 2594/3748/2594 331/1461/331 1146/1459/1146
f 2594/3746/2594 1146/3749/1146 1659/2166/1659
f 2594/3746/2594 1661/2171/1661 1903/2527/1903
f 1879/2495/1879 1883/2499/1883 852/1076/852
f 1879/2495/1879 852/1076/852 849/1078/849
f 2371/3255/2371 1352/3257/1352 2595/3750/2595
f 2596/3751/2596 1828/3752/1828 2597/3753/2597
f 2596/3751/2596 1510/1978/1510 1358/1736/1358
f 2596/3751/2596 2597/3753/2597 1510/1978/1510
f 2596/3751/2596 1355/3754/1355 2598/3755/2598
f 2596/3751/2596 1829/3756/1829 1828/3752/1828
f 2596/3751/2596 1358/1736/1358 1355/3754/1355
f 2596/3751/2596 2598/3755/2598 1829/3756/1829
f 2599/3757/2599 1515/1984/1515 1421/1837/1421
f 2599/3758/2599 1664/2175/1664 1516/1990/1516
f 2599/3759/2599 1421/1841/1421 1365/1746/1365
f 2599/3757/2599 1516/1985/1516 1515/1984/1515
f 2599/3758/2599 1365/3760/1365 1364/1745/1364
f 2599/3758/2599 1364/1745/1364 1664/2175/1664
f 1286/1636/1286 1683/2206/1683 1287/1637/1287
f 1286/1636/1286 1684/2207/1684 1683/2206/1683
f 116/158/116 2107/2839/2107 2353/3224/2353
f 116/158/116 2353/3224/2353 119/162/119
f 116/158/116 2305/3133/2305 1527/2004/1527
f 116/158/116 1527/2004/1527 2107/2839/2107
f 1692/2219/1692 1694/2221/1694 2111/2843/2111
f 1692/2219/1692 2114/2846/2114 1693/2220/1693
f 1008/3761/1008 1696/2225/1696 2115/3762/2115
f 1008/3761/1008 1011/3381/1011 1696/2225/1696
f 2214/2985/2214 2215/2987/2215 1444/1877/1444
f 2214/2985/2214 1444/1877/1444 1443/1876/1443
f 1915/2542/1915 2600/3763/2600 2007/3764/2007
f 1915/2542/1915 1917/2544/1917 2600/3763/2600
f 2357/3231/2357 12/17/12 1213/3765/1213
f 2357/3231/2357 1213/3765/1213 1451/1887/1451
f 2357/3231/2357 1451/1887/1451 2601/3766/2601
f 2357/3231/2357 2601/3766/2601 2358/3232/2358
f 2505/3546/2505 2602/3767/2602 2506/3547/2506
f 953/1212/953 2603/3768/2603 2257/3061/2257
f 953/1212/953 1326/1691/1326 2603/3768/2603
f 1729/2272/1729 2259/3064/2259 1730/2273/1730
f 1630/2134/1630 2266/3071/2266 1631/2135/1631
f 1630/2141/1630 1634/2139/1634 2265/3337/2265
f 2232/3016/2232 2561/3769/2561 243/1901/243
f 2232/3016/2232 2380/3280/2380 2561/3769/2561
f 484/617/484 486/3770/486 1273/1621/1273
f 484/617/484 1277/1625/1277 485/618/485
f 1281/3771/1281 1989/2644/1989 908/2649/908
f 1281/1629/1281 1282/1630/1282 810/3772/810
f 1281/3771/1281 2604/3773/2604 1989/2644/1989
f 1281/1629/1281 908/1153/908 904/1148/904
f 1281/3771/1281 809/1027/809 2604/3773/2604
f 1281/3771/1281 810/1028/810 809/1027/809
f 2605/3774/2605 640/810/640 1582/2075/1582
f 2605/3775/2605 2388/3298/2388 2001/3776/2001
f 2605/3774/2605 1582/2075/1582 2606/3777/2606
f 2605/3774/2605 2606/3777/2606 2388/3297/2388
f 2605/3775/2605 2001/3776/2001 2607/3778/2607
f 2605/3774/2605 2607/3779/2607 640/810/640
f 643/813/643 2338/3200/2338 644/814/644
f 643/820/643 2207/3780/2207 2338/3781/2338
f 643/820/643 646/817/646 2207/3780/2207
f 230/3782/230 1593/2091/1593 2608/3783/2608
f 230/3782/230 2249/3047/2249 231/3046/231
f 230/294/230 234/298/234 1593/2086/1593
f 230/3782/230 2608/3783/2608 2249/3047/2249
f 1789/2369/1789 2390/3784/2390 927/2538/927
f 1789/2369/1789 795/1005/795 2492/3530/2492
f 1789/2369/1789 2492/3530/2492 2390/3784/2390
f 2174/2925/2174 2176/2927/2176 2460/3785/2460
f 2174/2925/2174 2460/3785/2460 2609/3786/2609
f 2174/2925/2174 2609/3786/2609 2175/2926/2175
f 1238/1577/1238 2179/2931/2179 2610/3787/2610
f 1238/1577/1238 2610/3787/2610 551/1578/551
f 2611/3788/2611 1764/2334/1764 1768/2338/1768
f 2611/3788/2611 2612/3789/2612 2613/3790/2613
f 2611/3788/2611 984/2936/984 2612/3789/2612
f 2611/3788/2611 2613/3790/2613 1765/2335/1765
f 2611/3788/2611 2182/2937/2182 984/2936/984
f 2611/3788/2611 1768/2338/1768 2182/2937/2182
f 2611/3788/2611 1765/2335/1765 1764/2334/1764
f 2614/3791/2614 2049/2736/2049 1457/1896/1457
f 2614/3791/2614 1457/1896/1457 1456/1893/1456
f 2614/3792/2614 1680/2202/1680 420/535/420
f 2614/3791/2614 418/532/418 2050/2737/2050
f 2614/3792/2614 1456/2203/1456 1680/2202/1680
f 2614/3791/2614 2050/2737/2050 2049/2736/2049
f 2614/3791/2614 420/3793/420 418/532/418
f 873/1106/873 876/1109/876 2615/3794/2615
f 873/1106/873 2462/3458/2462 997/1269/997
f 873/1106/873 2615/3794/2615 2462/3458/2462
f 1131/3795/1131 442/563/442 438/559/438
f 1131/1439/1131 438/3796/438 2021/2701/2021
f 1131/1439/1131 2021/2701/2021 1132/1440/1132
f 2310/3140/2310 2192/2951/2192 130/179/130
f 2310/3140/2310 2465/3461/2465 2192/2951/2192
f 2310/3140/2310 2312/3150/2312 2465/3461/2465
f 572/3339/572 803/1023/803 805/1022/805
f 572/740/572 575/738/575 2069/3797/2069
f 2411/3347/2411 2412/3346/2412 1640/2147/1640
f 2411/3798/2411 2073/2779/2073 1183/3799/1183
f 2411/3347/2411 1640/2147/1640 2073/2777/2073
f 585/750/585 587/752/587 816/3800/816
f 585/3801/585 815/1034/815 586/3533/586
f 585/3801/585 816/1035/816 815/1034/815
f 592/757/592 594/759/594 821/1040/821
f 599/764/599 2616/3802/2616 2204/3803/2204
f 599/764/599 600/765/600 2616/3802/2616
f 599/764/599 2617/3804/2617 1771/2341/1771
f 599/764/599 2203/3805/2203 2617/3804/2617
f 599/764/599 2204/3803/2204 2203/3805/2203
f 739/938/739 2618/3806/2618 740/939/740
f 2/7/2 5/6/5 611/778/611
f 2/7/2 611/778/611 1733/3807/1733
f 2211/2982/2211 2213/2984/2213 2619/3808/2619
f 2211/2982/2211 2619/3808/2619 2212/2983/2212
f 1940/2577/1940 1057/3385/1057 2557/3682/2557
f 1515/1984/1515 1422/1838/1422 1421/1837/1421
f 2138/2879/2138 2139/2880/2139 2494/3532/2494
f 2138/2879/2138 2620/3809/2620 2300/3128/2300
f 2138/2879/2138 2494/3532/2494 2620/3809/2620
f 2621/3810/2621 1074/3811/1074 2622/3812/2622
f 2621/3813/2621 2623/3814/2623 1429/1847/1429
f 2621/3813/2621 1429/1847/1429 684/870/684
f 2621/3810/2621 2622/3812/2622 2623/3815/2623
f 2621/3810/2621 684/3816/684 1074/3811/1074
f 473/607/473 2624/3817/2624 1952/2594/1952
f 473/607/473 474/606/474 2624/3817/2624
f 1251/3818/1251 1958/3819/1958 1252/3820/1252
f 1251/3821/1251 1959/2605/1959 1958/2602/1958
f 834/1057/834 2564/3690/2564 2420/3361/2420
f 1815/2404/1815 1817/2406/1817 494/630/494
f 1815/2404/1815 1962/2608/1962 2355/3227/2355
f 1815/2404/1815 2355/3227/2355 1816/2405/1816
f 1376/1770/1376 397/505/397 396/504/396
f 1376/1770/1376 396/504/396 1377/2178/1377
f 2625/3822/2625 2082/3619/2082 1970/2618/1970
f 2625/3823/2625 1969/2615/1969 2626/3824/2626
f 2625/3825/2625 2626/3826/2626 2627/3827/2627
f 2625/3825/2625 2083/2797/2083 2082/2796/2082
f 2625/3825/2625 2627/3827/2627 2083/2797/2083
f 2625/3822/2625 1970/2618/1970 1969/2617/1969
f 1274/3828/1274 1976/2626/1976 1275/3622/1275
f 1274/3084/1274 1977/2629/1977 1976/2628/1976
f 2033/2718/2033 290/373/290 16/24/16
f 2033/2718/2033 291/374/291 290/373/290
f 2538/3624/2538 1401/1799/1401 1403/1801/1403
f 2538/3829/2538 26/37/26 2329/3183/2329
f 2538/3624/2538 2628/3830/2628 26/3831/26
f 2538/3624/2538 1403/1801/1403 2628/3830/2628
f 2332/3188/2332 2333/3189/2333 2629/3832/2629
f 2332/3188/2332 2629/3832/2629 2135/2875/2135
f 2491/3833/2491 41/3834/41 2630/3835/2630
f 2491/3833/2491 2630/3835/2630 2430/3836/2430
f 2491/3529/2491 2430/3378/2430 2189/2948/2189
f 2491/3529/2491 2189/2948/2189 2188/2947/2188
f 2575/3711/2575 2336/3193/2336 1985/3837/1985
f 2575/3711/2575 2578/3714/2578 2336/3193/2336
f 2575/3838/2575 1985/2640/1985 2576/3839/2576
f 2447/3418/2447 2448/3419/2448 756/956/756
f 2447/3418/2447 1884/2500/1884 1880/2496/1880
f 2447/3418/2447 755/955/755 1884/2500/1884
f 2447/3418/2447 756/956/756 755/955/755
f 2271/3076/2271 2450/3422/2450 1774/2345/1774
f 1675/2197/1675 1702/2233/1702 2598/3840/2598
f 1675/3841/1675 2535/3608/2535 1676/3842/1676
f 1675/3841/1675 1355/3611/1355 2535/3608/2535
f 1675/2197/1675 2598/3840/2598 1355/3843/1355
f 2631/3844/2631 1217/3845/1217 2632/3846/2632
f 2631/3847/2631 2480/3492/2480 1218/3493/1218
f 2631/3844/2631 1218/3848/1218 1217/3845/1217
f 1861/2474/1861 961/3122/961 2166/3849/2166
f 1861/2474/1861 2166/3849/2166 1802/3850/1802
f 1861/3851/1861 1802/2391/1802 1432/1850/1432
f 1861/2474/1861 1863/2477/1863 961/3122/961
f 1956/2600/1956 1864/3852/1864 1160/3853/1160
f 1956/2600/1956 1865/2604/1865 1864/3852/1864
f 1956/2600/1956 1156/3617/1156 1957/2601/1957
f 1956/2600/1956 1160/3853/1160 1156/3617/1156
f 1908/2534/1908 1642/2149/1642 2473/3476/2473
f 1908/2534/1908 2473/3476/2473 1909/2535/1909
f 2633/3854/2633 2379/3274/2379 2081/2795/2081
f 2633/3854/2633 2321/3170/2321 2634/3855/2634
f 2633/3856/2633 48/3857/48 50/3858/50
f 2633/3854/2633 1790/3859/1790 2379/3274/2379
f 2633/3856/2633 2634/3860/2634 48/3857/48
f 2633/3854/2633 2081/2795/2081 2321/3170/2321
f 2633/3856/2633 50/3858/50 1790/3861/1790
f 2635/3862/2635 1913/3863/1913 869/3864/869
f 2635/3862/2635 2636/3865/2636 2549/3658/2549
f 2635/3862/2635 2549/3658/2549 2637/3866/2637
f 2635/3862/2635 868/3867/868 2636/3865/2636
f 2635/3862/2635 869/3864/869 868/3867/868
f 2635/3862/2635 2637/3866/2637 1913/3863/1913
f 2638/3868/2638 1313/1670/1313 1870/2484/1870
f 2638/3868/2638 1870/2484/1870 303/3869/303
f 1921/3870/1921 1922/3871/1922 2553/3669/2553
f 1921/3872/1921 944/1203/944 943/1202/943
f 1921/3870/1921 2553/3669/2553 944/3668/944
f 2311/3142/2311 2639/3873/2639 621/788/621
f 2311/3874/2311 2315/3149/2315 2640/3875/2640
f 2311/3876/2311 2640/3877/2640 2639/3878/2639
f 395/503/395 2224/3003/2224 2093/2816/2093
f 395/503/395 399/507/399 2224/3003/2224
f 1040/1324/1040 403/2807/403 2610/3787/2610
f 1040/1324/1040 2179/2931/2179 1041/1325/1041
f 1040/1324/1040 2610/3787/2610 2179/2931/2179
f 411/524/411 1453/1889/1453 1336/1702/1336
f 411/524/411 413/526/413 1453/1889/1453
f 2364/3879/2364 185/243/185 184/242/184
f 2364/3879/2364 1679/3880/1679 185/243/185
f 2364/3879/2364 2092/2815/2092 1339/3881/1339
f 2364/3879/2364 184/242/184 2092/2815/2092
f 2641/3882/2641 269/1612/269 2642/3883/2642
f 2641/3884/2641 1665/2227/1665 1698/2228/1698
f 2641/3882/2641 2642/3883/2642 1666/3885/1666
f 2641/3884/2641 1698/2228/1698 270/3886/270
f 2641/3887/2641 270/344/270 269/343/269
f 2641/3888/2641 1666/2180/1666 1665/2179/1665
f 2026/2707/2026 2643/3889/2643 2644/3890/2644
f 2026/2707/2026 730/930/730 1387/1778/1387
f 2026/2707/2026 279/358/279 2643/3889/2643
f 2026/2707/2026 2644/3890/2644 730/930/730
f 1702/3891/1702 1703/3892/1703 2030/2713/2030
f 1702/3891/1702 2030/2713/2030 2598/3893/2598
f 903/1147/903 907/1152/907 2383/3285/2383
f 2037/2723/2037 2038/2724/2038 297/382/297
f 2037/2723/2037 926/1183/926 924/1186/924
f 2037/2723/2037 297/382/297 2645/3894/2645
f 2037/2723/2037 2645/3894/2645 926/1183/926
f 1291/1643/1291 1293/1645/1293 2043/2730/2043
f 1296/1649/1296 2646/3895/2646 1297/1650/1297
f 1296/1649/1296 1298/1652/1298 2647/3896/2647
f 1296/1649/1296 308/394/308 2646/3895/2646
f 1296/1649/1296 2647/3896/2647 308/394/308
f 2049/2736/2049 2051/2738/2051 1458/1897/1458
f 2049/2736/2049 1458/1897/1458 1457/1896/1457
f 2053/2740/2053 2245/3038/2245 2648/3897/2648
f 2053/2740/2053 2648/3897/2648 2054/2741/2054
f 2338/3196/2338 2207/2977/2207 2206/2976/2206
f 2338/3200/2338 2340/3199/2340 644/814/644
f 71/104/71 73/103/73 1024/1304/1024
f 71/104/71 1024/1304/1024 2649/3898/2649
f 71/104/71 2649/3898/2649 2456/3899/2456
f 2650/3900/2650 1671/2187/1671 2532/3604/2532
f 2650/3900/2650 2532/3604/2532 2399/3319/2399
f 2650/3900/2650 2651/3901/2651 1672/2188/1672
f 2650/3900/2650 1672/2188/1672 1671/2187/1671
f 2650/3900/2650 2399/3319/2399 2651/3901/2651
f 1247/2801/1247 2497/3537/2497 2086/2802/2086
f 1247/1587/1247 1243/1583/1243 84/3902/84
f 1247/2801/1247 84/119/84 2497/3537/2497
f 2439/3402/2439 2060/2752/2060 2440/3403/2440
f 2439/3402/2439 1808/3645/1808 2060/2752/2060
f 2439/3402/2439 92/3646/92 1808/3645/1808
f 98/140/98 3/3903/3 1736/2758/1736
f 98/3904/98 4/4/4 3/3/3
f 98/3904/98 97/1080/97 4/4/4
f 1738/2292/1738 748/948/748 747/947/747
f 1738/2282/1738 2267/3905/2267 1739/2283/1739
f 1738/2292/1738 747/947/747 2267/3906/2267
f 1738/2292/1738 1742/2291/1742 748/948/748
f 1987/2642/1987 2652/3907/2652 1540/2019/1540
f 1987/2642/1987 1540/2019/1540 2194/3908/2194
f 1987/2642/1987 2194/3908/2194 800/1011/800
f 1987/2642/1987 1307/1664/1307 2652/3907/2652
f 2412/3346/2412 1989/2644/1989 2604/3773/2604
f 2412/3346/2412 2604/3773/2604 809/1027/809
f 2412/3346/2412 809/1027/809 808/1026/808
f 2412/3346/2412 808/1026/808 1640/2147/1640
f 1187/1510/1187 2413/3557/2413 2511/3556/2511
f 1187/1510/1187 2511/3556/2511 789/3909/789
f 1187/3910/1187 789/3911/789 1188/1517/1188
f 1187/1510/1187 1186/1516/1186 2413/3557/2413
f 2342/3204/2342 2653/3912/2653 2654/3913/2654
f 2342/3204/2342 2654/3913/2654 1949/2590/1949
f 2342/3204/2342 1727/2269/1727 2653/3912/2653
f 1991/2660/1991 1752/2317/1752 1200/1527/1200
f 1991/2663/1991 752/952/752 1503/1970/1503
f 1991/3914/1991 1503/1969/1503 1752/2312/1752
f 1991/2663/1991 1993/2662/1993 752/952/752
f 1084/3915/1084 1760/2325/1760 1762/2328/1762
f 1084/3915/1084 837/1060/837 838/1061/838
f 1084/3915/1084 838/1061/838 1760/2325/1760
f 1084/3915/1084 1762/2328/1762 142/2329/142
f 1084/1381/1084 142/192/142 141/191/141
f 2180/2933/2180 2182/2937/2182 1768/2338/1768
f 2180/2933/2180 1768/2338/1768 1767/2337/1767
f 1217/3916/1217 1219/3917/1219 2655/3918/2655
f 1217/3916/1217 2655/3918/2655 2632/3919/2632
f 1095/3920/1095 1552/2036/1552 1771/2341/1771
f 1095/1398/1095 1097/1400/1097 1552/3921/1552
f 1095/3920/1095 1771/2341/1771 2617/3804/2617
f 1095/1398/1095 2617/3922/2617 1096/1399/1096
f 2656/3923/2656 2246/3039/2246 2618/3924/2618
f 2656/3923/2656 2657/3925/2657 2246/3039/2246
f 2656/3923/2656 2658/3926/2658 2657/3925/2657
f 2289/3109/2289 145/195/145 150/200/150
f 2289/3109/2289 174/2680/174 2004/2677/2004
f 2289/3109/2289 150/200/150 1855/3242/1855
f 2289/3109/2289 1855/3242/1855 174/2680/174
f 1818/2408/1818 2355/3227/2355 2354/3226/2354
f 1818/2408/1818 1816/2405/1816 2355/3227/2355
f 778/980/778 371/982/371 1869/3655/1869
f 778/3660/778 2550/3659/2550 1782/2358/1782
f 1157/1476/1157 578/1753/578 1369/1752/1369
f 1157/1476/1157 1369/1752/1369 1368/1751/1368
f 1157/1476/1157 1159/1478/1159 2659/3927/2659
f 1157/1476/1157 2659/3927/2659 578/1753/578
f 1164/1483/1164 2660/3928/2660 509/653/509
f 1164/3929/1164 360/3930/360 2661/3931/2661
f 1164/1483/1164 1167/1486/1167 360/3932/360
f 1164/1483/1164 2661/3933/2661 2660/3928/2660
f 2379/3274/2379 1790/3859/1790 1788/3275/1788
f 2379/3274/2379 2662/3934/2662 2081/2795/2081
f 2379/3274/2379 1373/3278/1373 2662/3934/2662
f 1306/1663/1306 2652/3907/2652 1307/1664/1307
f 1306/1663/1306 712/2294/712 2652/3907/2652
f 376/483/376 1544/2028/1544 377/484/377
f 376/483/376 2218/2993/2218 1544/2028/1544
f 383/491/383 2527/3594/2527 384/492/384
f 2529/3597/2529 2663/3935/2663 1750/2309/1750
f 2529/3597/2529 1750/2309/1750 1749/2308/1749
f 2529/3597/2529 1533/2010/1533 2663/3935/2663
f 1203/3673/1203 2422/3369/2422 2423/3368/2423
f 1208/1538/1208 2664/3936/2664 2344/3211/2344
f 1208/1538/1208 2362/3937/2362 2664/3936/2664
f 1208/1538/1208 1207/1537/1207 2362/3937/2362
f 2665/3938/2665 1935/2569/1935 1937/2571/1937
f 2665/3938/2665 1996/3939/1996 1935/2569/1935
f 2665/3938/2665 1937/2571/1937 2131/2868/2131
f 1631/2135/1631 2266/3071/2266 1679/3940/1679
f 1631/2135/1631 1456/3941/1456 1632/2136/1632
f 1999/2671/1999 824/1044/824 823/1043/823
f 1999/2671/1999 1096/1399/1096 2617/3922/2617
f 1999/2671/1999 823/1043/823 2000/2672/2000
f 1999/2671/1999 2617/3922/2617 824/1044/824
f 1351/1722/1351 2206/2976/2206 2208/2978/2208
f 1351/1722/1351 2208/2978/2208 602/767/602
f 1351/1722/1351 1350/1721/1350 2206/2976/2206
f 2003/2679/2003 1775/2347/1775 490/2349/490
f 2003/2676/2003 1900/2523/1900 2004/2677/2004
f 1446/1886/1446 1449/1883/1449 2280/3098/2280
f 1446/1886/1446 2280/3098/2280 339/3942/339
f 2277/3089/2277 2279/3093/2279 1782/2358/1782
f 2277/3089/2277 2636/3865/2636 868/3867/868
f 2277/3089/2277 2550/3659/2550 2636/3865/2636
f 2277/3089/2277 1782/2358/1782 2550/3659/2550
f 2277/3089/2277 868/3867/868 2278/3090/2278
f 2666/3943/2666 578/1753/578 2659/3927/2659
f 2666/3943/2666 2667/3944/2667 578/1753/578
f 2666/3943/2666 2668/3945/2668 2667/3944/2667
f 2666/3943/2666 2659/3927/2659 2668/3945/2668
f 359/2364/359 1786/2366/1786 2661/3946/2661
f 359/459/359 2661/3947/2661 360/460/360
f 794/1004/794 1790/3948/1790 50/71/50
f 794/1004/794 50/71/50 47/68/47
f 1377/1763/1377 2642/3883/2642 1378/1764/1378
f 1377/1763/1377 1666/3885/1666 2642/3883/2642
f 2643/3889/2643 2669/3949/2669 2644/3890/2644
f 2643/3889/2643 279/358/279 2670/3950/2670
f 2643/3889/2643 2670/3950/2670 2669/3949/2669
f 2487/3513/2487 2238/3031/2238 285/367/285
f 2487/3513/2487 285/367/285 1392/1788/1392
f 2487/3951/2487 2671/3952/2671 2672/3953/2672
f 2487/3951/2487 2489/3954/2489 2671/3952/2671
f 2487/3951/2487 2672/3953/2672 2238/3024/2238
f 542/697/542 544/699/544 293/3955/293
f 542/697/542 293/3955/293 289/371/289
f 1707/3956/1707 2043/2730/2043 1293/1645/1293
f 1707/2245/1707 2397/3315/2397 557/717/557
f 1707/3956/1707 1708/3626/1708 2043/2730/2043
f 1707/3956/1707 1293/1645/1293 2397/3314/2397
f 2220/3957/2220 384/492/384 2527/3594/2527
f 2220/3958/2220 2527/3596/2527 2673/3959/2673
f 2220/3958/2220 2673/3959/2673 1318/3960/1318
f 2220/3957/2220 2222/3499/2222 384/492/384
f 2398/3318/2398 2483/3501/2483 2674/3961/2674
f 2398/3318/2398 2674/3961/2674 2399/3319/2399
f 1714/2254/1714 2287/3107/2287 1715/2255/1715
f 223/2583/223 1942/2581/1942 2586/3732/2586
f 223/2583/223 2586/3732/2586 2587/3733/2587
f 223/287/223 2587/3962/2587 225/289/225
f 1722/3044/1722 2251/3049/2251 68/3963/68
f 240/304/240 237/301/237 2675/3964/2675
f 1460/1903/1460 268/342/268 1461/1904/1461
f 1460/1903/1460 246/1906/246 2257/3061/2257
f 1460/1903/1460 2257/3061/2257 2676/3965/2676
f 1460/1903/1460 2676/3965/2676 268/342/268
f 2235/3020/2235 2236/3022/2236 2402/3327/2402
f 2235/3020/2235 280/362/280 2677/3966/2677
f 2235/3020/2235 2402/3327/2402 280/362/280
f 2235/3020/2235 2677/3966/2677 479/612/479
f 1733/2277/1733 2678/3967/2678 1734/2278/1734
f 1733/2277/1733 607/3968/607 2678/3967/2678
f 1733/3807/1733 611/778/611 607/774/607
f 1740/2285/1740 2522/3969/2522 2679/3970/2679
f 1740/2288/1740 1741/2287/1741 2522/3584/2522
f 1740/2285/1740 2384/3287/2384 2383/3971/2383
f 1740/2285/1740 2383/3971/2383 907/2286/907
f 1740/2285/1740 2679/3970/2679 2384/3287/2384
f 1137/1449/1137 323/418/323 321/417/321
f 528/3972/528 317/406/317 1711/2250/1711
f 528/676/528 1852/2460/1852 529/677/529
f 1147/1463/1147 2267/3906/2267 747/947/747
f 1147/1463/1147 747/947/747 1148/1464/1148
f 2680/3973/2680 1627/3974/1627 1626/3975/1626
f 2680/3973/2680 2014/2693/2014 2012/2691/2012
f 2680/3973/2680 2012/2691/2012 1627/3974/1627
f 2681/3976/2681 2682/3977/2682 2419/3360/2419
f 2681/3978/2681 2017/2697/2017 2682/3979/2682
f 2681/3976/2681 2418/3359/2418 2581/3980/2581
f 2681/3978/2681 2581/3724/2581 2017/2697/2017
f 2681/3976/2681 2419/3360/2419 2418/3359/2418
f 1785/3981/1785 817/3982/817 2378/3272/2378
f 1785/2365/1785 2683/3983/2683 1786/2366/1786
f 1785/2365/1785 2516/3984/2516 2683/3983/2683
f 1785/3981/1785 2378/3272/2378 2516/3985/2516
f 1867/2481/1867 2684/3986/2684 2685/3987/2685
f 1867/2481/1867 1172/1491/1172 2684/3986/2684
f 1683/2206/1683 1913/2540/1913 2686/3988/2686
f 1683/2206/1683 2686/3988/2686 1287/1637/1287
f 2107/2839/2107 2109/2841/2109 2353/3224/2353
f 1973/2622/1973 2687/3989/2687 1974/2623/1974
f 1973/2622/1973 1091/3990/1091 2687/3989/2687
f 1973/2622/1973 1092/3991/1092 1091/3990/1091
f 1973/2622/1973 1977/2629/1977 1092/3991/1092
f 1196/2306/1196 1197/2492/1197 1748/2307/1748
f 133/3479/133 1651/3992/1651 2474/3480/2474
f 1464/1910/1464 1886/2502/1886 1465/1911/1465
f 1464/1910/1464 699/887/699 698/886/698
f 2090/2814/2090 2530/3600/2530 703/894/703
f 2090/2814/2090 703/894/703 2477/3993/2477
f 2090/2814/2090 1047/1333/1047 2530/3600/2530
f 613/780/613 186/244/186 187/245/187
f 613/780/613 2688/3994/2688 1893/2510/1893
f 613/780/613 1893/2510/1893 614/781/614
f 613/780/613 187/245/187 2688/3994/2688
f 1224/3995/1224 2481/3497/2481 425/3996/425
f 1224/1558/1224 1226/1557/1226 1416/3997/1416
f 1224/1554/1224 425/541/425 1225/1555/1225
f 1224/3995/1224 1416/1824/1416 2481/3497/2481
f 2542/3635/2542 726/921/726 2300/3128/2300
f 2542/3635/2542 2620/3809/2620 2543/3636/2543
f 2542/3635/2542 2300/3128/2300 2620/3809/2620
f 446/568/446 2178/3998/2178 1797/2385/1797
f 446/568/446 1797/2385/1797 2141/2882/2141
f 446/570/446 445/567/445 2178/2929/2178
f 446/568/446 2141/2882/2141 314/402/314
f 1799/2388/1799 736/935/736 1800/2389/1800
f 1799/2388/1799 825/1045/825 737/936/737
f 1799/2388/1799 1803/2392/1803 825/1045/825
f 1799/2388/1799 737/936/737 736/935/736
f 2060/2752/2060 2062/2754/2062 2440/3403/2440
f 2060/3999/2060 1807/2396/1807 2061/2756/2061
f 2060/2752/2060 1808/3645/1808 1807/4000/1807
f 1811/2400/1811 1258/1601/1258 2689/4001/2689
f 1811/2400/1811 2689/4001/2689 1812/2401/1812
f 1811/2400/1811 1813/2402/1813 1577/2069/1577
f 2690/4002/2690 1579/2072/1579 2691/4003/2691
f 2690/4002/2690 2568/3696/2568 1579/2072/1579
f 2690/4002/2690 2691/4003/2691 2349/4004/2349
f 2690/4002/2690 2349/4004/2349 2569/3697/2569
f 2690/4002/2690 2569/3697/2569 2568/3696/2568
f 2269/3074/2269 2177/3167/2177 2270/3075/2270
f 1825/2418/1825 1385/1776/1385 1384/1775/1384
f 1825/4005/1825 2692/4006/2692 1269/1617/1269
f 1825/4005/1825 2202/4007/2202 2692/4006/2692
f 1825/2418/1825 1384/1775/1384 2202/2969/2202
f 1827/2422/1827 1511/2426/1511 1509/4008/1509
f 392/500/392 1105/1408/1105 1104/1407/1104
f 392/500/392 389/497/389 1105/1408/1105
f 1783/2359/1783 2279/3093/2279 663/3096/663
f 1783/2359/1783 1782/2358/1782 2279/3093/2279
f 1942/2581/1942 435/556/435 432/553/432
f 1942/2581/1942 2433/3388/2433 435/556/435
f 1942/2581/1942 432/553/432 2586/3732/2586
f 41/3834/41 1844/2444/1844 2630/3835/2630
f 41/3834/41 43/63/43 1844/2444/1844
f 517/661/517 796/1006/796 518/662/518
f 1502/1968/1502 2176/4009/2176 1753/2313/1753
f 1502/1968/1502 1753/2313/1753 1503/1969/1503
f 1502/1968/1502 2460/3452/2460 2176/4009/2176
f 1851/3638/1851 2096/2820/2096 1852/4010/1852
f 1828/3752/1828 942/1201/942 2597/3753/2597
f 949/1208/949 1514/2177/1514 1663/2174/1663
f 949/1208/949 1663/2174/1663 503/644/503
f 949/1208/949 950/1209/950 1514/2177/1514
f 2693/4011/2693 2101/2831/2101 1290/1641/1290
f 2693/4011/2693 2427/3375/2427 2101/2831/2101
f 2693/4011/2693 1290/1641/1290 1285/1634/1285
f 2693/4011/2693 1285/1634/1285 867/1100/867
f 2693/4011/2693 867/1100/867 2427/3375/2427
f 996/1267/996 2694/4012/2694 875/4013/875
f 996/1267/996 1526/2003/1526 2695/4014/2695
f 996/1267/996 875/4013/875 874/1270/874
f 996/1267/996 2695/4014/2695 2694/4012/2694
f 1530/2007/1530 1872/2486/1872 2187/2946/2187
f 2653/4015/2653 1412/2453/1412 1848/2452/1848
f 2653/3912/2653 1848/2449/1848 2654/3913/2654
f 2653/3912/2653 1727/2269/1727 1412/3392/1412
f 2696/4016/2696 2195/4017/2195 1743/2298/1743
f 2696/4018/2696 1308/1665/1308 2697/4019/2697
f 2696/4020/2696 2697/4021/2697 1175/4022/1175
f 2696/4016/2696 1175/4023/1175 2195/4017/2195
f 2696/4018/2696 1743/2295/1743 1308/1665/1308
f 378/485/378 1784/4024/1784 379/486/379
f 1546/2030/1546 2494/3532/2494 2199/2959/2199
f 1546/2030/1546 2543/3636/2543 2494/3532/2494
f 2669/3949/2669 2698/4025/2698 2663/4026/2663
f 2669/3949/2669 2663/4026/2663 2644/3890/2644
f 2669/3949/2669 2670/3950/2670 2698/4025/2698
f 736/935/736 738/937/738 1952/2594/1952
f 736/935/736 1952/2594/1952 1800/2389/1800
f 1141/1453/1141 1144/1456/1144 166/221/166
f 743/943/743 2503/3544/2503 458/585/458
f 1560/2052/1560 102/144/102 2545/3650/2545
f 1560/2052/1560 2545/3650/2545 2294/4027/2294
f 108/150/108 1444/1877/1444 2584/3730/2584
f 1448/1882/1448 1450/1885/1450 938/1197/938
f 1448/1882/1448 934/1193/934 1292/1644/1292
f 1448/1882/1448 1292/1644/1292 1449/1883/1449
f 1448/1882/1448 938/1197/938 934/1193/934
f 2044/2731/2044 2221/2997/2221 2045/2732/2045
f 2044/2731/2044 2539/3630/2539 2221/2997/2221
f 1876/4028/1876 1197/1524/1197 2699/4029/2699
f 1876/2490/1876 129/4030/129 1877/2491/1877
f 1876/4031/1876 2700/4032/2700 129/4033/129
f 1876/4028/1876 2699/4029/2699 2700/4034/2700
f 2701/4035/2701 693/879/693 1263/3580/1263
f 2701/4036/2701 1263/1609/1263 2702/4037/2702
f 2701/4038/2701 2400/3323/2400 2223/4039/2223
f 2701/4035/2701 2223/3001/2223 693/879/693
f 2701/4040/2701 2702/4041/2702 2400/4042/2400
f 141/191/141 140/190/140 1085/1382/1085
f 628/795/628 1660/2167/1660 631/799/631
f 618/3700/618 2571/3701/2571 159/4043/159
f 894/1131/894 90/130/90 622/4044/622
f 894/1131/894 622/4044/622 2703/4045/2703
f 894/1131/894 2703/4045/2703 895/1132/895
f 1476/3410/1476 2442/3409/2442 283/4046/283
f 1481/1936/1481 862/1095/862 863/1094/863
f 1481/1936/1481 1394/1791/1394 862/1095/862
f 2682/3977/2682 2562/3688/2562 2419/3360/2419
f 2704/4047/2704 652/827/652 204/263/204
f 2704/4047/2704 204/263/204 73/103/73
f 2704/4048/2704 72/4049/72 68/4050/68
f 2704/4047/2704 73/103/73 72/102/72
f 2704/4048/2704 68/4050/68 2251/3050/2251
f 2704/4048/2704 2251/3050/2251 652/3299/652
f 1133/1960/1133 2705/4051/2705 1687/2210/1687
f 1133/1960/1133 1687/2210/1687 1498/1961/1498
f 1133/4052/1133 1135/4053/1135 2705/4054/2705
f 2558/3683/2558 2557/3682/2557 2706/4055/2706
f 2558/3683/2558 2706/4055/2706 2580/4056/2580
f 2558/3683/2558 2285/3104/2285 2284/3103/2284
f 1833/2431/1833 1104/2433/1104 1103/2757/1103
f 1833/2431/1833 1637/2144/1637 812/1030/812
f 1833/2431/1833 812/1030/812 2035/2720/2035
f 1833/2431/1833 2035/2720/2035 1834/2432/1834
f 1833/2431/1833 1103/2757/1103 1637/2144/1637
f 587/752/587 2377/3271/2377 816/3800/816
f 587/752/587 590/755/590 2377/3271/2377
f 2321/4057/2321 2323/4058/2323 2634/3860/2634
f 2707/4059/2707 2616/3802/2616 600/765/600
f 2707/4059/2707 2474/3480/2474 1651/3992/1651
f 2707/4059/2707 2498/3538/2498 2616/3802/2616
f 2707/4059/2707 2087/2803/2087 2498/3538/2498
f 2707/4059/2707 1651/3992/1651 2087/2803/2087
f 2707/4059/2707 600/765/600 2708/4060/2708
f 2707/4059/2707 2708/4060/2708 2474/3480/2474
f 1466/4061/1466 1465/1911/1465 2425/4062/2425
f 1466/1913/1466 2095/4063/2095 2475/3481/2475
f 1466/4064/1466 2425/4065/2425 2709/4066/2709
f 1466/4064/1466 2709/4066/2709 2095/4067/2095
f 258/330/258 2546/4068/2546 1960/2606/1960
f 258/330/258 1960/2606/1960 1467/1916/1467
f 258/330/258 259/333/259 2546/4068/2546
f 2710/4069/2710 2213/2984/2213 342/438/342
f 2710/4070/2710 1220/3602/1220 2619/4071/2619
f 2710/4070/2710 1795/4072/1795 2531/3603/2531
f 2710/4069/2710 2619/3808/2619 2213/2984/2213
f 2710/4070/2710 2531/3603/2531 1220/3602/1220
f 2710/4070/2710 342/4073/342 1795/4072/1795
f 1930/2564/1930 1324/1687/1324 1697/2226/1697
f 1930/2564/1930 1697/2226/1697 526/672/526
f 167/2184/167 1670/2186/1670 168/4074/168
f 2534/3607/2534 769/969/769 768/968/768
f 2534/3607/2534 855/1082/855 769/969/769
f 2534/3607/2534 768/968/768 2535/3608/2535
f 773/974/773 772/976/772 1076/1371/1076
f 2461/3455/2461 1685/2208/1685 2711/4075/2711
f 2461/4076/2461 2711/4077/2711 2100/2829/2100
f 2461/3455/2461 1686/2209/1686 1685/2208/1685
f 2461/3455/2461 2428/3376/2428 1686/2209/1686
f 1690/2215/1690 302/387/302 303/388/303
f 1690/2214/1690 303/3869/303 1870/2484/1870
f 1690/2214/1690 1870/2484/1870 784/992/784
f 1693/2248/1693 2114/4078/2114 2464/3460/2464
f 565/727/565 1696/2225/1696 2432/3380/2432
f 1565/3463/1565 1567/4079/1567 2466/3464/2466
f 480/613/480 896/1134/896 2699/4080/2699
f 480/613/480 2699/4080/2699 481/614/481
f 1110/1413/1110 631/802/631 1111/1414/1111
f 1110/1413/1110 1109/1412/1109 899/1141/899
f 1315/1673/1315 905/1150/905 1316/1674/1316
f 1315/1673/1315 2129/2866/2129 1742/4081/1742
f 1315/1673/1315 1742/4081/1742 906/1151/906
f 1315/1673/1315 906/1151/906 905/1150/905
f 638/808/638 1581/2074/1581 639/809/639
f 1593/2091/1593 1595/2090/1595 2608/3783/2608
f 1598/2094/1598 818/1037/818 820/1039/820
f 1598/2094/1598 820/1039/820 2559/3684/2559
f 54/75/54 2712/4082/2712 55/76/55
f 54/75/54 2541/4083/2541 2712/4082/2712
f 578/743/578 2713/4084/2713 715/908/715
f 578/1753/578 2667/3944/2667 2713/4085/2713
f 2714/4086/2714 2434/3389/2434 1407/1812/1407
f 2714/4087/2714 443/564/443 441/562/441
f 2714/4087/2714 441/562/441 382/4088/382
f 2714/4086/2714 382/490/382 2434/3389/2434
f 2714/4086/2714 1407/1812/1407 443/4089/443
f 1074/3811/1074 1073/4090/1073 2622/3812/2622
f 1074/1369/1074 684/4091/684 1075/1370/1075
f 448/572/448 1615/3677/1615 2556/3676/2556
f 448/572/448 2556/3676/2556 449/573/449
f 448/577/448 451/576/451 1615/2119/1615
f 1968/2614/1968 457/584/457 456/583/456
f 1968/2614/1968 2626/3824/2626 1969/2615/1969
f 1968/2614/1968 744/944/744 457/584/457
f 1968/2614/1968 456/583/456 2626/3824/2626
f 2715/4092/2715 1302/1660/1302 1301/1656/1301
f 2715/4092/2715 2716/4093/2716 2717/4094/2717
f 2715/4095/2715 2718/4096/2718 2719/4097/2719
f 2715/4092/2715 1301/1656/1301 2716/4093/2716
f 2715/4095/2715 2717/4098/2717 2718/4096/2718
f 2715/4099/2715 2719/4100/2719 1302/1658/1302
f 1057/3385/1057 1060/4101/1060 2557/3682/2557
f 728/924/728 1990/2658/1990 729/925/729
f 1752/2312/1752 1503/1969/1503 1753/2313/1753
f 1752/2317/1752 1755/2316/1755 1200/1527/1200
f 2318/3161/2318 2720/4102/2720 2721/4103/2721
f 2318/3161/2318 2721/4103/2721 1298/1652/1298
f 2318/3161/2318 2573/4104/2573 2168/4105/2168
f 2318/3161/2318 2168/4105/2168 2720/4102/2720
f 1219/3917/1219 2602/4106/2602 2655/3918/2655
f 1219/1549/1219 2506/3547/2506 2602/3767/2602
f 1219/1549/1219 155/208/155 2506/3547/2506
f 1470/1921/1470 2722/4107/2722 2368/4108/2368
f 1470/3399/1470 2368/3249/2368 1553/2040/1553
f 1470/1921/1470 1471/1923/1471 2722/4107/2722
f 169/225/169 2288/3108/2288 1556/2043/1556
f 1775/2347/1775 2005/2681/2005 1776/2348/1776
f 1778/2351/1778 2723/4109/2723 1450/1884/1450
f 1778/2351/1778 2292/3115/2292 2723/4109/2723
f 191/4110/191 1537/2021/1537 2592/3742/2592
f 191/4111/191 190/3433/190 2454/3432/2454
f 191/4111/191 1538/2015/1538 1537/2014/1537
f 191/4111/191 2454/3432/2454 1538/2015/1538
f 191/249/191 2592/4112/2592 192/250/192
f 197/255/197 199/257/199 1020/1298/1020
f 197/255/197 2724/4113/2724 2551/3664/2551
f 197/255/197 1020/1298/1020 2725/4114/2725
f 197/255/197 2725/4114/2725 2724/4113/2724
f 197/255/197 2551/3664/2551 198/256/198
f 2660/3928/2660 2683/4115/2683 512/656/512
f 2660/3928/2660 512/656/512 509/653/509
f 2660/4116/2660 1786/2366/1786 2683/3983/2683
f 2660/4116/2660 2661/3946/2661 1786/2366/1786
f 213/4117/213 2084/2798/2084 2662/3934/2662
f 213/4117/213 2662/3934/2662 1373/3278/1373
f 213/4117/213 212/4118/212 2084/2798/2084
f 269/1612/269 1264/1611/1264 2642/3883/2642
f 1270/1618/1270 1271/1619/1271 1897/2516/1897
f 2238/3031/2238 2240/3029/2240 285/367/285
f 2238/3024/2238 2672/3953/2672 2239/3025/2239
f 541/696/541 2242/4119/2242 2726/4120/2726
f 541/4121/541 2726/4122/2726 545/701/545
f 541/696/541 1280/3703/1280 2242/4119/2242
f 2038/2724/2038 1525/2000/1525 2727/4123/2727
f 2038/2724/2038 2727/4123/2727 2728/4124/2728
f 2038/2724/2038 2728/4124/2728 297/382/297
f 1297/1650/1297 2646/3895/2646 2601/3766/2601
f 1297/1650/1297 2601/3766/2601 1451/1887/1451
f 2054/2741/2054 2712/4082/2712 2055/2742/2055
f 2054/2741/2054 2648/3897/2648 2712/4082/2712
f 70/97/70 1232/4125/1232 1235/4126/1235
f 70/97/70 1235/4126/1235 1723/2264/1723
f 1246/1586/1246 2593/3745/2593 2560/3685/2560
f 90/130/90 957/1221/957 91/131/91
f 90/130/90 88/134/88 622/4044/622
f 2063/4127/2063 2184/2942/2184 2729/4128/2729
f 2063/2760/2063 2064/2762/2064 2262/3067/2262
f 2063/4127/2063 2730/4129/2730 2184/2942/2184
f 2063/2760/2063 2262/3067/2262 2730/4130/2730
f 2063/4131/2063 2729/4132/2729 95/4133/95
f 103/145/103 2066/2766/2066 104/146/104
f 2731/4134/2731 2722/4107/2722 2457/3443/2457
f 2731/4134/2731 1346/1715/1346 1344/1717/1344
f 2731/4134/2731 1344/1717/1344 2367/3248/2367
f 2731/4134/2731 2367/3248/2367 2368/4108/2368
f 2731/4134/2731 2368/4108/2368 2722/4107/2722
f 2731/4134/2731 2457/3443/2457 1346/1715/1346
f 2732/4135/2732 2507/3548/2507 2508/3549/2508
f 2732/4135/2732 2508/3549/2508 2658/3926/2658
f 147/197/147 146/196/146 1658/2169/1658
f 147/197/147 2382/3284/2382 148/198/148
f 1664/2175/1664 1364/1745/1364 1064/1357/1064
f 1434/1853/1434 1152/3294/1152 1435/1854/1435
f 1434/1853/1434 2002/3525/2002 2387/3295/2387
f 1434/1853/1434 2387/3295/2387 1152/3294/1152
f 1957/2601/1957 2469/3467/2469 1958/2602/1958
f 1957/2601/1957 583/4136/583 2469/3467/2469
f 1372/1758/1372 1371/1757/1371 590/755/590
f 1372/1758/1372 1643/2150/1643 1910/2536/1910
f 1372/1758/1372 590/755/590 1643/2150/1643
f 1372/1758/1372 1910/2536/1910 202/260/202
f 2685/3987/2685 2684/3986/2684 884/1120/884
f 2685/3987/2685 884/1120/884 883/1119/883
f 1913/3863/1913 2637/3866/2637 2686/4137/2686
f 2694/4012/2694 2695/4014/2695 2733/4138/2733
f 391/499/391 2360/3236/2360 1925/2556/1925
f 1932/2566/1932 1933/2567/1933 2223/4039/2223
f 1932/2566/1932 2223/4039/2223 2400/3323/2400
f 1330/1695/1330 405/519/405 404/513/404
f 1339/3881/1339 2092/2815/2092 615/782/615
f 1339/3881/1339 615/782/615 1340/2509/1340
f 2481/3497/2481 2482/3498/2482 425/3996/425
f 2481/3497/2481 1416/1824/1416 1178/1498/1178
f 1360/1739/1360 1419/1834/1419 1361/1740/1361
f 1360/1739/1360 1420/1835/1420 1419/1834/1419
f 1592/2085/1592 1427/1845/1427 1594/2087/1594
f 1592/2085/1592 1428/1846/1428 1427/1845/1427
f 1947/2588/1947 2654/3913/2654 1848/2449/1848
f 1947/2588/1947 1847/2448/1847 1948/2589/1948
f 1947/2588/1947 1949/2590/1949 2654/3913/2654
f 1947/2588/1947 1848/2449/1848 1847/2448/1847
f 1801/2390/1801 1800/2389/1800 2624/3817/2624
f 1801/2390/1801 2544/3641/2544 1436/1855/1436
f 1801/2390/1801 2624/3817/2624 2544/3641/2544
f 1801/2390/1801 1436/1855/1436 1432/1850/1432
f 251/4139/251 1866/2480/1866 1959/4140/1959
f 251/4139/251 65/90/65 1866/2480/1866
f 251/4139/251 1228/4141/1228 65/90/65
f 1760/2325/1760 838/1061/838 1813/2402/1813
f 1817/2406/1817 1579/2407/1579 495/631/495
f 1817/2406/1817 495/631/495 494/630/494
f 2270/3075/2270 1379/1766/1379 1821/2411/1821
f 2270/3075/2270 2177/3167/2177 1380/1767/1380
f 2270/3075/2270 1380/1767/1380 1379/1766/1379
f 284/366/284 286/368/286 1391/1783/1391
f 284/366/284 1392/1788/1392 285/367/285
f 25/36/25 2329/3183/2329 26/37/26
f 25/36/25 2331/3186/2331 2329/3183/2329
f 300/385/300 1492/4142/1492 301/386/301
f 2630/3835/2630 1844/2444/1844 311/399/311
f 2630/3835/2630 2734/4143/2734 2430/3836/2430
f 2630/3835/2630 311/399/311 2734/4143/2734
f 518/662/518 2577/4144/2577 519/663/519
f 518/662/518 796/1006/796 2577/4144/2577
f 2176/2927/2176 1756/2319/1756 1754/2321/1754
f 2176/4009/2176 1754/2314/1754 1753/2313/1753
f 1680/2202/1680 419/533/419 420/535/420
f 2011/2690/2011 2184/2942/2184 2730/4129/2730
f 2011/2690/2011 2730/4129/2730 2012/2691/2012
f 2016/2695/2016 2017/2697/2017 2581/3724/2581
f 2016/3727/2016 2582/3726/2582 2615/3794/2615
f 2016/3727/2016 2615/3794/2615 876/1109/876
f 2187/2946/2187 1872/2486/1872 787/1112/787
f 2195/4017/2195 1540/2024/1540 1743/2298/1743
f 2195/4017/2195 2194/4145/2194 1540/2024/1540
f 2713/4085/2713 2667/3944/2667 2510/3554/2510
f 2713/4146/2713 2196/4147/2196 715/4148/715
f 2713/4146/2713 2510/4149/2510 2196/4147/2196
f 815/1034/815 2201/2966/2201 2200/2962/2200
f 815/1034/815 2200/2962/2200 586/3533/586
f 815/1034/815 362/1033/362 2201/2966/2201
f 2735/4150/2735 237/301/237 821/1040/821
f 2735/4150/2735 2736/4151/2736 2675/3964/2675
f 2735/4150/2735 594/759/594 2736/4151/2736
f 2735/4150/2735 2675/3964/2675 237/301/237
f 2735/4150/2735 821/1040/821 594/759/594
f 824/1044/824 2617/3922/2617 2203/2973/2203
f 603/1862/603 828/1048/828 1228/1560/1228
f 603/768/603 602/767/602 828/1052/828
f 610/777/610 5/6/5 2737/4152/2737
f 610/777/610 2737/4152/2737 2503/3544/2503
f 610/777/610 611/778/611 5/6/5
f 1561/2049/1561 845/1068/845 843/1066/843
f 1561/2049/1561 2212/2983/2212 1562/2050/1562
f 2584/3730/2584 2215/2987/2215 1601/2097/1601
f 2584/3730/2584 1601/2097/1601 1981/2636/1981
f 2584/3730/2584 1444/1877/1444 2215/2987/2215
f 937/1196/937 2600/4153/2600 2395/3311/2395
f 937/1196/937 2723/4154/2723 2600/4153/2600
f 937/1196/937 938/1197/938 2723/4154/2723
f 1143/1455/1143 1518/1987/1518 950/4155/950
f 1143/1455/1143 1142/1454/1142 1518/1987/1518
f 1143/1455/1143 950/4155/950 948/3320/948
f 1035/1316/1035 245/309/245 247/311/247
f 2484/3508/2484 2226/3008/2226 1623/2127/1623
f 2484/3508/2484 1622/2126/1622 2485/3509/2485
f 2484/3508/2484 1623/2127/1623 1622/2126/1622
f 2738/4156/2738 1659/2166/1659 2739/4157/2739
f 2738/4158/2738 2739/4159/2739 2128/2864/2128
f 2738/4156/2738 1660/2167/1660 1659/2166/1659
f 2738/4156/2738 1111/4160/1111 631/799/631
f 2738/4156/2738 631/799/631 1660/2167/1660
f 2738/4156/2738 2127/4161/2127 1111/4160/1111
f 2738/4158/2738 2128/2864/2128 2127/2863/2127
f 262/336/262 634/804/634 1857/2468/1857
f 889/1125/889 85/122/85 890/1126/890
f 889/1125/889 888/1124/888 1471/1923/1471
f 486/3770/486 2029/3082/2029 1273/1621/1273
f 905/2651/905 782/986/782 1316/1675/1316
f 1980/2635/1980 2376/4162/2376 1981/2636/1981
f 1980/3269/1980 1982/4163/1982 1177/1497/1177
f 652/3299/652 2251/3050/2251 2250/3048/2250
f 652/827/652 205/264/205 204/263/204
f 1498/1961/1498 1687/2210/1687 1684/2207/1684
f 1014/1291/1014 192/250/192 2592/4112/2592
f 2071/2775/2071 1809/2398/1809 2471/3471/2471
f 2071/2775/2071 1639/2146/1639 1809/2398/1809
f 2456/3899/2456 2649/3898/2649 1645/4164/1645
f 2456/3437/2456 1645/2152/1645 588/753/588
f 2501/3542/2501 2740/4165/2740 2741/4166/2741
f 2501/3542/2501 1038/4167/1038 2740/4165/2740
f 2501/3542/2501 2741/4166/2741 1656/2163/1656
f 2501/3542/2501 1043/2808/1043 1038/4167/1038
f 1046/1332/1046 1935/2569/1935 1995/3601/1995
f 1046/1332/1046 2530/3600/2530 1047/1333/1047
f 1046/1332/1046 1995/3601/1995 2530/3600/2530
f 1260/1605/1260 973/1238/973 2718/4096/2718
f 1881/2497/1881 1884/2500/1884 755/955/755
f 1881/2497/1881 755/955/755 2317/3153/2317
f 1881/2497/1881 2317/3153/2317 1882/2498/1882
f 1506/1974/1506 2595/3750/2595 2742/4168/2742
f 1506/1974/1506 2742/4168/2742 1507/1975/1507
f 1510/1978/1510 1511/1979/1511 1831/2824/1831
f 1510/1978/1510 2597/3753/2597 941/1200/941
f 1510/1978/1510 1831/2824/1831 1358/1736/1358
f 1362/1741/1362 1421/1841/1421 1424/1840/1424
f 1362/1741/1362 1365/1746/1365 1421/1841/1421
f 555/714/555 2185/4169/2185 556/715/556
f 1872/2486/1872 788/2652/788 787/1112/787
f 2743/4170/2743 2716/4093/2716 1301/1656/1301
f 2743/4170/2743 2744/4171/2744 2716/4093/2716
f 2743/4170/2743 2282/3101/2282 2540/3631/2540
f 2743/4170/2743 1301/1656/1301 2282/3101/2282
f 2743/4170/2743 2540/3631/2540 2744/4171/2744
f 2118/4172/2118 1715/2255/1715 2287/3107/2287
f 2118/2851/2118 2121/2854/2121 1715/4173/1715
f 2118/4172/2118 2287/3107/2287 2119/3106/2119
f 1576/2068/1576 1259/1603/1259 1256/1604/1256
f 1576/2068/1576 1578/2070/1578 2126/2862/2126
f 1579/2072/1579 1117/1421/1117 2691/4003/2691
f 1587/2080/1587 2333/3189/2333 2334/3190/2334
f 1587/2080/1587 1589/2082/1589 2333/3189/2333
f 1587/2080/1587 2334/3190/2334 1588/2081/1588
f 1240/1579/1240 1239/1575/1239 2335/3192/2335
f 2221/2997/2221 1068/1362/1068 1070/1365/1070
f 2221/2997/2221 2539/3630/2539 1068/1362/1068
f 683/4174/683 1075/1370/1075 684/4091/684
f 683/4174/683 2051/2738/2051 1075/1370/1075
f 683/865/683 686/868/686 2745/4175/2745
f 683/4174/683 2745/4176/2745 2051/2738/2051
f 1820/2410/1820 1617/2121/1617 1080/1375/1080
f 1820/2410/1820 1822/2414/1822 1617/2121/1617
f 1269/1617/1269 2692/4006/2692 1271/1619/1271
f 2590/4177/2590 1337/1703/1337 1215/4178/1215
f 2590/4177/2590 2746/4179/2746 1337/1703/1337
f 2590/3739/2590 2520/3582/2520 2746/4180/2746
f 2522/3969/2522 2523/4181/2523 2679/3970/2679
f 2466/3464/2466 571/733/571 1635/2142/1635
f 2466/3464/2466 1567/4079/1567 2747/4182/2747
f 2466/3464/2466 2747/4182/2747 571/733/571
f 1924/2559/1924 1926/2558/1926 624/791/624
f 1577/2069/1577 1813/2402/1813 836/1059/836
f 494/630/494 493/629/493 118/161/118
f 2386/3291/2386 347/4183/347 345/3292/345
f 2386/3291/2386 2748/4184/2748 2749/4185/2749
f 2386/3291/2386 2388/3297/2388 2606/3777/2606
f 2386/3291/2386 2749/4185/2749 347/4183/347
f 2386/3291/2386 2606/3777/2606 2748/4184/2748
f 913/1165/913 1838/2438/1838 914/1166/914
f 918/1171/918 1496/1957/1496 1595/2090/1595
f 918/1171/918 1594/2089/1594 919/1172/919
f 918/1171/918 1595/2090/1595 1594/2089/1594
f 918/1171/918 917/1170/917 1496/1957/1496
f 2390/3301/2390 2750/4186/2750 2391/3302/2391
f 2390/3784/2390 2492/3530/2492 2750/4187/2750
f 2390/3784/2390 928/4188/928 927/2538/927
f 2143/3194/2143 2244/3037/2244 2541/3633/2541
f 2143/3194/2143 1121/1427/1121 2244/3037/2244
f 2150/2895/2150 2149/2894/2149 2751/4189/2751
f 2150/2895/2150 1589/2082/1589 1586/2079/1586
f 2150/2895/2150 2629/3832/2629 1589/2082/1589
f 2150/2895/2150 2751/4189/2751 2629/3832/2629
f 440/561/440 442/563/442 1746/4190/1746
f 440/561/440 1746/4190/1746 2308/3137/2308
f 2483/3501/2483 2752/4191/2752 2753/4192/2753
f 2483/3501/2483 168/4074/168 2752/4191/2752
f 2483/3501/2483 2753/4192/2753 2674/3961/2674
f 1615/2119/1615 451/576/451 1616/2120/1616
f 959/1223/959 2407/3333/2407 2169/2920/2169
f 959/1223/959 966/1230/966 2407/3333/2407
f 959/1223/959 2169/2920/2169 960/1224/960
f 470/599/470 469/598/469 1634/2139/1634
f 470/599/470 1634/2139/1634 1633/2138/1633
f 2068/2769/2068 1635/2142/1635 802/1014/802
f 2068/2773/2068 575/738/575 574/737/574
f 1642/2149/1642 1644/2151/1644 2473/3476/2473
f 2616/3802/2616 2498/3538/2498 2499/3539/2499
f 2616/3802/2616 2499/3539/2499 2204/3803/2204
f 1654/2161/1654 1656/2163/1656 2741/4166/2741
f 1654/2161/1654 2754/4193/2754 1655/2162/1655
f 1654/2161/1654 2741/4166/2741 2754/4193/2754
f 1145/1458/1145 2739/4159/2739 1146/1459/1146
f 1145/1458/1145 257/328/257 2739/4159/2739
f 1145/1458/1145 259/332/259 257/328/257
f 2213/2984/2213 341/437/341 342/438/342
f 527/673/527 526/672/526 1697/2226/1697
f 2612/4194/2612 984/1252/984 535/687/535
f 2612/3789/2612 1766/2336/1766 2613/3790/2613
f 2612/4194/2612 535/687/535 1766/4195/1766
f 1685/2208/1685 2705/4051/2705 2711/4075/2711
f 1685/2208/1685 1687/2210/1687 2705/4051/2705
f 2720/4102/2720 2111/2843/2111 2721/4103/2721
f 2720/4102/2720 2112/2844/2112 2111/2843/2111
f 2720/4102/2720 2167/3427/2167 2112/2844/2112
f 2720/4102/2720 2168/4105/2168 2167/3427/2167
f 1696/2225/1696 1011/3381/1011 2432/3380/2432
f 1696/2225/1696 19/2224/19 2171/4196/2171
f 1696/2225/1696 2171/4196/2171 2115/3762/2115
f 1442/4197/1442 113/4198/113 1310/4199/1310
f 1442/1873/1442 429/548/429 428/547/428
f 1442/1873/1442 1061/3588/1061 429/548/429
f 1063/1356/1063 1064/1357/1064 1363/1743/1363
f 2045/2732/2045 1319/1679/1319 2046/2733/2046
f 1075/1370/1075 2051/2738/2051 1076/1371/1076
f 2163/2912/2163 2589/3736/2589 1624/2128/1624
f 2163/2914/2163 2755/4200/2755 2754/4193/2754
f 2163/2914/2163 2162/2910/2162 2755/4200/2755
f 2163/2914/2163 2754/4193/2754 2589/4201/2589
f 2163/2912/2163 1624/2128/1624 2164/2913/2164
f 1659/4202/1659 1146/1459/1146 2739/4159/2739
f 955/1215/955 2571/3701/2571 956/1216/956
f 955/1215/955 163/1218/163 159/4043/159
f 955/1215/955 159/4043/159 2571/3701/2571
f 2062/2754/2062 2441/3404/2441 2440/3403/2440
f 2062/2754/2062 2512/3558/2512 2441/3404/2441
f 2239/3025/2239 283/4046/283 2442/3409/2442
f 2239/3025/2239 2672/3953/2672 283/4046/283
f 2239/3027/2239 2442/3407/2442 1277/1625/1277
f 1282/3087/1282 811/1029/811 810/1028/810
f 1282/3086/1282 292/375/292 291/374/291
f 640/810/640 639/809/639 1582/2075/1582
f 640/810/640 2607/3779/2607 641/811/641
f 645/1054/645 830/1051/830 646/4203/646
f 645/823/645 648/822/648 1227/1559/1227
f 204/263/204 1024/1304/1024 73/103/73
f 2711/4077/2711 2705/4054/2705 2756/4204/2756
f 2711/4077/2711 2392/3303/2392 2100/2829/2100
f 2711/4077/2711 2756/4204/2756 2392/3303/2392
f 767/4205/767 857/1085/857 858/1088/858
f 767/4205/767 765/3579/765 857/1085/857
f 767/4205/767 858/1088/858 1676/2194/1676
f 767/967/767 1676/3842/1676 768/968/768
f 1524/4206/1524 992/4207/992 2729/4132/2729
f 1524/4206/1524 993/4208/993 992/4207/992
f 1524/4206/1524 2729/4132/2729 2184/4209/2184
f 788/2655/788 1188/1517/1188 789/3911/789
f 1009/1286/1009 2757/4210/2757 1990/2657/1990
f 1009/1286/1009 1012/1289/1012 2757/4210/2757
f 709/902/709 1538/2015/1538 710/903/710
f 709/902/709 1539/2017/1539 1538/2015/1538
f 1543/2027/1543 1544/2028/1544 2218/2993/2218
f 1543/2027/1543 2218/2993/2218 2255/3054/2255
f 720/918/720 361/4211/361 724/919/724
f 720/2965/720 2201/2964/2201 361/461/361
f 730/930/730 2644/3890/2644 731/4212/731
f 1552/2036/1552 1773/2343/1773 1771/2341/1771
f 1552/2036/1552 1554/2041/1554 1773/2343/1773
f 2246/3039/2246 740/940/740 2618/3924/2618
f 2246/3039/2246 2657/3925/2657 2247/3040/2247
f 1557/2620/1557 1402/1800/1402 1400/1798/1400
f 1557/2620/1557 1971/2619/1971 1402/1800/1402
f 1225/1555/1225 1792/2373/1792 218/281/218
f 2256/3055/2256 2218/2993/2218 2217/2992/2217
f 2256/3055/2256 2255/3054/2255 2218/2993/2218
f 2139/2880/2139 2515/3562/2515 2518/3568/2518
f 2139/2880/2139 510/654/510 2515/3562/2515
f 2139/2880/2139 2518/3568/2518 2494/3532/2494
f 2497/3537/2497 84/119/84 1954/2598/1954
f 1252/1593/1252 2260/3065/2260 1253/1594/1253
f 1252/4213/1252 2468/4214/2468 2470/3648/2470
f 1252/4215/1252 1958/2602/1958 2468/3466/2468
f 1252/4213/1252 91/131/91 2260/4216/2260
f 1252/4213/1252 2470/3648/2470 91/131/91
f 2345/3213/2345 2344/4217/2344 1812/2401/1812
f 2345/3213/2345 2565/3692/2565 2346/3214/2346
f 2345/3213/2345 1812/2401/1812 2689/4001/2689
f 2345/3213/2345 2689/4001/2689 2565/3692/2565
f 748/4218/748 2129/2866/2129 749/2865/749
f 748/948/748 1742/2291/1742 2129/4219/2129
f 2436/3394/2436 2157/2905/2157 2158/2906/2158
f 2436/3394/2436 2319/3166/2319 2157/2905/2157
f 2436/3394/2436 2437/3395/2437 2319/3166/2319
f 2436/3394/2436 2158/2906/2158 2156/2904/2156
f 1620/2124/1620 2758/4220/2758 2323/3174/2323
f 1620/2124/1620 1888/3738/1888 2758/4220/2758
f 1620/2124/1620 2323/3174/2323 1621/2125/1621
f 2274/4221/2274 2275/4222/2275 2028/3621/2028
f 2274/4221/2274 1090/1389/1090 1092/1391/1092
f 2274/4221/2274 2028/3621/2028 1090/1389/1090
f 2274/3080/2274 1092/3991/1092 1977/2629/1977
f 1835/2434/1835 2036/4223/2036 1323/3235/1323
f 1835/2434/1835 1323/3235/1323 393/501/393
f 26/3831/26 2628/3830/2628 27/4224/27
f 1843/2443/1843 1844/2444/1844 43/63/43
f 48/3857/48 2634/3860/2634 1950/2591/1950
f 48/69/48 1948/4225/1948 49/70/49
f 48/3857/48 1950/2591/1950 1948/2589/1948
f 2722/4107/2722 888/1124/888 2457/3443/2457
f 2722/4107/2722 1471/1923/1471 888/1124/888
f 1140/3322/1140 2399/3319/2399 2532/3604/2532
f 174/2680/174 1855/3242/1855 177/4226/177
f 185/1466/185 1679/3940/1679 1149/1467/1149
f 1864/2478/1864 1158/4227/1158 1160/4228/1160
f 1864/2478/1864 63/88/63 2299/3127/2299
f 1864/2478/1864 2299/3127/2299 1158/4227/1158
f 2515/3562/2515 510/654/510 2516/3563/2516
f 2082/2796/2082 2084/2798/2084 212/4118/212
f 664/839/664 666/841/666 2686/4137/2686
f 664/839/664 2548/3657/2548 665/840/665
f 664/839/664 2686/4137/2686 2637/3866/2637
f 664/839/664 2637/3866/2637 2548/3657/2548
f 2353/3230/2353 2356/3229/2356 119/164/119
f 1975/2627/1975 1974/2623/1974 2687/3989/2687
f 1975/2625/1975 2687/4229/2687 1089/1388/1089
f 1975/2625/1975 1089/1388/1089 1088/1387/1088
f 2313/4230/2313 129/4033/129 2700/4032/2700
f 2313/4230/2313 2700/4032/2700 2314/4231/2314
f 2313/3145/2313 130/178/130 129/177/129
f 1324/1687/1324 956/1689/956 2572/4232/2572
f 1324/1687/1324 2572/4232/2572 1697/2226/1697
f 1465/1911/1465 1042/1327/1042 2425/4062/2425
f 2678/4233/2678 701/891/701 1734/4234/1734
f 2678/3967/2678 607/3968/607 2477/4235/2477
f 2678/4236/2678 2477/3993/2477 702/896/702
f 2678/4233/2678 702/892/702 701/891/701
f 1220/1550/1220 1221/1551/1221 2619/4237/2619
f 621/4238/621 2639/3878/2639 2703/4045/2703
f 621/4238/621 2703/4045/2703 622/4044/622
f 1705/2243/1705 1396/1793/1396 1395/1792/1395
f 1706/2244/1706 1402/1800/1402 1971/2619/1971
f 2463/3459/2463 2462/3458/2462 2582/3726/2582
f 2463/3459/2463 2582/3726/2582 1608/2106/1608
f 309/395/309 311/399/311 1844/2444/1844
f 2056/3036/2056 2055/4239/2055 2244/3037/2244
f 2758/4240/2758 2634/3860/2634 2323/4058/2323
f 2758/4241/2758 1888/2504/1888 1887/2503/1887
f 2758/4240/2758 761/2267/761 1950/2591/1950
f 2758/4240/2758 1950/2591/1950 2634/3860/2634
f 2758/4241/2758 1887/2503/1887 761/961/761
f 243/307/243 2561/4242/2561 244/308/244
f 253/320/253 1250/1590/1250 2759/4243/2759
f 253/320/253 2759/4243/2759 604/770/604
f 1735/2279/1735 2263/4244/2263 1736/2280/1736
f 1735/2279/1735 1734/2278/1734 2263/4244/2263
f 1741/2287/1741 1739/2283/1739 2410/3336/2410
f 1308/1665/1308 1309/1666/1309 2697/4019/2697
f 2554/4245/2554 566/728/566 2465/3461/2465
f 2554/4245/2554 2465/3461/2465 2312/3150/2312
f 2554/4245/2554 2760/4246/2760 566/728/566
f 2554/3671/2554 625/792/625 2760/4247/2760
f 2224/3003/2224 1933/3005/1933 1934/4248/1934
f 2224/3003/2224 1934/4248/1934 2093/2816/2093
f 1761/2332/1761 2664/3936/2664 2362/3937/2362
f 1761/2332/1761 1759/2331/1759 2664/3936/2664
f 2181/2934/2181 2363/3243/2363 983/2935/983
f 2000/2672/2000 641/3355/641 2607/4249/2607
f 2000/2672/2000 823/1043/823 641/3355/641
f 2000/2672/2000 2607/4249/2607 2001/2673/2001
f 2206/2976/2206 1350/1721/1350 2339/3197/2339
f 334/3527/334 1903/2528/1903 1902/2525/1902
f 334/430/334 331/427/331 1903/4250/1903
f 777/4251/777 1781/3528/1781 2376/4162/2376
f 777/979/777 2376/3270/2376 779/981/779
f 2020/2700/2020 790/4252/790 2511/3556/2511
f 2020/4253/2020 1983/2638/1983 790/998/790
f 2020/2700/2020 2021/2701/2021 1983/4254/1983
f 2448/4255/2448 848/1071/848 1504/1971/1504
f 2448/4255/2448 1504/1971/1504 756/1972/756
f 2448/4255/2448 849/1072/849 848/1071/848
f 977/1242/977 976/1241/976 2449/3420/2449
f 146/196/146 1661/2170/1661 1658/2169/1658
f 153/203/153 2531/3603/2531 1795/4072/1795
f 2102/4256/2102 1289/1639/1289 1290/1640/1290
f 2102/2833/2102 2391/3302/2391 2253/4257/2253
f 2102/4256/2102 2253/3052/2253 1289/1639/1289
f 2102/2833/2102 2103/2835/2103 2391/3302/2391
f 2305/3133/2305 1526/2003/1526 1527/2004/1527
f 2111/2843/2111 1694/2221/1694 2721/4103/2721
f 2076/2783/2076 2494/3532/2494 2518/3568/2518
f 2076/2783/2076 2518/3568/2518 2077/2784/2077
f 1026/1306/1026 885/1121/885 1027/1307/1027
f 137/187/137 136/186/136 2593/3745/2593
f 1144/4258/1144 171/227/171 166/228/166
f 609/776/609 1558/2046/1558 2091/2811/2091
f 1055/4259/1055 106/148/106 105/147/105
f 1055/4259/1055 105/147/105 1562/2053/1562
f 426/549/426 429/548/429 1058/4260/1058
f 426/4261/426 1416/4262/1416 1791/4263/1791
f 1068/1362/1068 2539/3630/2539 42/62/42
f 2588/3735/2588 1007/1284/1007 2745/4175/2745
f 2588/3735/2588 2153/2898/2153 2757/4210/2757
f 2588/3735/2588 2745/4175/2745 686/868/686
f 2588/3735/2588 2757/4210/2757 1012/1289/1012
f 2588/3735/2588 1012/1289/1012 1007/1284/1007
f 1081/1376/1081 450/575/450 2156/2904/2156
f 17/25/17 20/28/20 544/4264/544
f 2441/3404/2441 2512/3558/2512 1473/3405/1473
f 630/4265/630 901/1930/901 632/2239/632
f 1118/1422/1118 2009/2687/2009 2008/2686/2008
f 1118/1422/1118 1119/1423/1119 2009/2687/2009
f 361/461/361 2201/2964/2201 362/462/362
f 361/461/361 358/463/358 2414/3351/2414
f 361/461/361 2414/3351/2414 724/3352/724
f 1990/2657/1990 2757/4210/2757 2153/2898/2153
f 825/1045/825 1803/2392/1803 637/3354/637
f 829/1050/829 2207/2977/2207 646/4203/646
f 829/1050/829 646/4203/646 830/1051/830
f 838/1061/838 836/1059/836 1813/2402/1813
f 842/1065/842 341/437/341 843/1066/843
f 397/505/397 2422/3366/2422 398/506/398
f 403/2807/403 406/4266/406 2610/3787/2610
f 2430/3836/2430 2734/4143/2734 1002/1277/1002
f 1571/2062/1571 2699/4029/2699 1195/1522/1195
f 1571/3021/1571 481/614/481 2699/4080/2699
f 1571/3021/1571 1572/4267/1572 2236/3022/2236
f 2242/3288/2242 2384/3287/2384 2726/4122/2726
f 647/818/647 1588/2081/1588 648/819/648
f 926/1183/926 1912/4268/1912 927/1184/927
f 926/1183/926 2645/3894/2645 1912/4268/1912
f 2600/4269/2600 2723/4270/2723 2007/2685/2007
f 2600/3763/2600 1917/2544/1917 2395/4271/2395
f 1319/1681/1319 2358/3232/2358 2046/4272/2046
f 1319/1681/1319 121/166/121 2358/3232/2358
f 2761/4273/2761 1263/1609/1263 272/346/272
f 2761/4273/2761 2603/3768/2603 2702/4037/2702
f 2761/4273/2761 272/346/272 2676/3965/2676
f 2761/4273/2761 2676/3965/2676 2603/3768/2603
f 2761/4273/2761 2702/4037/2702 1263/1609/1263
f 1824/2417/1824 277/356/277 1386/1777/1386
f 1824/4274/1824 2259/3064/2259 278/4275/278
f 1824/4274/1824 1730/2273/1730 2259/3064/2259
f 1824/2417/1824 278/357/278 277/356/277
f 1628/2132/1628 464/592/464 463/591/463
f 1628/2132/1628 1627/2131/1627 2730/4130/2730
f 1628/2132/1628 2730/4130/2730 2262/3067/2262
f 1628/2132/1628 2262/3067/2262 464/592/464
f 972/1237/972 1769/2573/1769 2719/4097/2719
f 972/1237/972 2719/4097/2719 973/1238/973
f 1309/4276/1309 111/153/111 373/478/373
f 1309/4276/1309 373/478/373 2697/4277/2697
f 1309/4278/1309 1310/4279/1310 111/4280/111
f 123/171/123 2113/2845/2113 125/172/125
f 123/4281/123 1318/3960/1318 2762/4282/2762
f 123/171/123 2762/4283/2762 2113/2845/2113
f 566/728/566 2760/4246/2760 567/729/567
f 1331/1696/1331 2502/3543/2502 1653/2160/1653
f 1331/1696/1331 1653/2160/1653 1332/1697/1332
f 1935/2569/1935 1996/3939/1996 1995/3601/1995
f 2266/3071/2266 1149/1467/1149 1679/3940/1679
f 598/763/598 2474/3480/2474 2708/4060/2708
f 598/763/598 2708/4060/2708 600/765/600
f 604/770/604 2272/3077/2272 1774/2345/1774
f 604/770/604 2759/4243/2759 2272/3077/2272
f 1776/2348/1776 2005/2681/2005 2426/3372/2426
f 1450/1885/1450 2723/4154/2723 938/1197/938
f 1371/1757/1371 2377/3271/2377 590/755/590
f 1912/4268/1912 2645/3894/2645 1374/1760/1374
f 2175/2926/2175 2609/3786/2609 1380/4284/1380
f 2175/2926/2175 1380/4284/1380 2177/2928/2177
f 2488/3515/2488 2490/3517/2490 2324/3177/2324
f 2488/4285/2488 1391/1786/1391 2489/4286/2489
f 2488/4285/2488 2324/3176/2324 1391/1786/1391
f 2333/3189/2333 1589/2082/1589 2629/3832/2629
f 442/1441/442 1129/1436/1129 1746/2303/1746
f 1415/4287/1415 2706/4055/2706 1060/4101/1060
f 1415/1831/1415 1060/1350/1060 1059/1349/1059
f 1415/4287/1415 1716/4288/1716 2706/4055/2706
f 1943/4289/1943 1723/2264/1723 1235/4126/1235
f 1943/2584/1943 1235/1570/1235 921/1176/921
f 1943/2584/1943 1945/2586/1945 1723/3203/1723
f 1943/2584/1943 921/1176/921 920/1175/920
f 979/1245/979 981/1247/981 2763/4290/2763
f 85/122/85 1243/1583/1243 890/1126/890
f 85/122/85 84/3902/84 1243/1583/1243
f 479/612/479 2260/4291/2260 482/615/482
f 479/612/479 2677/3966/2677 2259/4292/2259
f 2348/3218/2348 2569/3698/2569 2349/3219/2349
f 217/279/217 219/282/219 322/416/322
f 2508/3549/2508 2657/3925/2657 2658/3926/2658
f 2508/3549/2508 154/210/154 2657/3925/2657
f 458/585/458 2737/4152/2737 459/586/459
f 458/585/458 2503/3544/2503 2737/4152/2737
f 2291/3112/2291 2293/3114/2293 1439/3722/1439
f 2291/3112/2291 2008/2686/2008 2292/3113/2292
f 1153/1472/1153 346/442/346 2298/3123/2298
f 2684/3986/2684 1172/1491/1172 885/1121/885
f 2684/3986/2684 885/1121/885 884/1120/884
f 371/982/371 779/981/779 372/4293/372
f 2733/4138/2733 2526/3592/2526 2525/3591/2525
f 2733/4138/2733 2695/4014/2695 2526/3592/2526
f 1197/1524/1197 1195/1522/1195 2699/4029/2699
f 1086/1385/1086 1085/1382/1085 2162/2910/2162
f 1211/1700/1211 1215/4178/1215 1337/1703/1337
f 1997/2668/1997 2688/4294/2688 1905/2669/1905
f 1997/3164/1997 1893/2510/1893 2688/3994/2688
f 2247/4295/2247 1794/2375/1794 1837/2437/1837
f 2247/3040/2247 2657/3925/2657 154/210/154
f 2247/4295/2247 154/4296/154 1794/2375/1794
f 2361/3238/2361 244/308/244 2560/4297/2560
f 2361/3238/2361 247/311/247 244/308/244
f 2361/3237/2361 2593/3745/2593 136/186/136
f 2361/3237/2361 2560/3685/2560 2593/3745/2593
f 2260/4291/2260 957/1220/957 482/615/482
f 2260/4216/2260 91/131/91 957/1221/957
f 1257/1600/1257 1468/1917/1468 2566/3693/2566
f 1257/1600/1257 2566/3693/2566 1258/1601/1258
f 1857/2468/1857 634/804/634 1858/2469/1858
f 2642/3883/2642 1264/1611/1264 1378/1764/1378
f 2275/4222/2275 2029/4298/2029 2028/3621/2028
f 1287/1637/1287 666/846/666 1288/1638/1288
f 1287/1637/1287 2686/3988/2686 666/846/666
f 673/852/673 340/4299/340 2280/3098/2280
f 673/852/673 672/4300/672 340/4299/340
f 310/397/310 308/394/308 2647/3896/2647
f 310/397/310 2647/3896/2647 1694/2221/1694
f 2577/3713/2577 796/4301/796 797/1008/797
f 2577/4144/2577 2576/3839/2576 519/663/519
f 2557/3682/2557 1060/4101/1060 2706/4055/2706
f 1517/1992/1517 1519/1988/1519 1719/2260/1719
f 919/1174/919 1594/2087/1594 1427/1845/1427
f 2559/3684/2559 820/1039/820 239/303/239
f 1468/1918/1468 1467/1916/1467 2420/3361/2420
f 1468/1918/1468 2420/3361/2420 2564/3690/2564
f 907/2290/907 906/4302/906 1742/2291/1742
f 1697/2226/1697 273/348/273 1698/2228/1698
f 1697/2226/1697 2572/4232/2572 273/348/273
f 622/789/622 88/127/88 623/790/623
f 283/4046/283 2672/3953/2672 286/4303/286
f 288/4304/288 292/1631/292 1280/1628/1280
f 2397/3314/2397 1293/1645/1293 936/1195/936
f 2397/3315/2397 558/718/558 557/717/557
f 2721/4103/2721 2647/3896/2647 1298/1652/1298
f 2721/4103/2721 1694/2221/1694 2647/3896/2647
f 2336/3193/2336 2335/3192/2335 1985/3837/1985
f 1772/2342/1772 1773/2343/1773 2366/3246/2366
f 1774/2345/1774 2450/3422/2450 1348/4305/1348
f 1900/2523/1900 900/1142/900 1901/2524/1901
f 352/449/352 1158/4227/1158 2299/3127/2299
f 352/449/352 355/4306/355 1158/4227/1158
f 816/3800/816 2377/3271/2377 817/3982/817
f 2697/4277/2697 373/478/373 372/477/372
f 2697/4307/2697 372/4293/372 1175/1500/1175
f 2308/3137/2308 1746/4190/1746 1190/1514/1190
f 2308/3137/2308 1190/1514/1190 1189/1513/1189
f 2698/4025/2698 1193/1520/1193 1750/2310/1750
f 2698/4025/2698 1750/2310/1750 2663/4026/2663
f 2698/4025/2698 2670/3950/2670 2381/3281/2381
f 2698/4025/2698 2381/3281/2381 1193/1520/1193
f 1204/3674/1204 1755/2320/1755 2556/3676/2556
f 1204/1534/1204 1200/1527/1200 1755/2316/1755
f 853/1079/853 405/515/405 1207/3158/1207
f 853/1079/853 4/4/4 97/1080/97
f 853/1079/853 7/9/7 4/4/4
f 1302/1658/1302 2719/4100/2719 1769/2339/1769
f 2692/4006/2692 2202/4007/2202 1897/2516/1897
f 2692/4006/2692 1897/2516/1897 1271/1619/1271
f 2036/4308/2036 1979/2634/1979 568/730/568
f 2036/2722/2036 2034/2719/2034 1979/2632/1979
f 2036/4308/2036 568/730/568 1323/1685/1323
f 1525/2002/1525 1523/1997/1523 2509/4309/2509
f 1525/2002/1525 2509/4309/2509 2727/4310/2727
f 674/853/674 2042/2729/2042 1838/4311/1838
f 318/411/318 314/402/314 1846/2446/1846
f 1603/2100/1603 53/4312/53 1982/2637/1982
f 1603/4313/1603 57/78/57 53/74/53
f 1491/1948/1491 2135/2875/2135 2629/3832/2629
f 1491/1948/1491 2629/3832/2629 1492/1950/1492
f 725/920/725 1163/1482/1163 726/921/726
f 2752/4191/2752 1670/2186/1670 1672/2188/1672
f 2752/4191/2752 168/4074/168 1670/2186/1670
f 2752/4191/2752 1672/2188/1672 2753/4192/2753
f 1800/2389/1800 1952/2594/1952 2624/3817/2624
f 1807/2396/1807 1810/2399/1810 1638/2145/1638
f 1807/2396/1807 1638/2145/1638 2061/2756/2061
f 2344/3211/2344 2664/3936/2664 1759/2331/1759
f 2344/4217/2344 1759/2324/1759 1812/2401/1812
f 1438/4314/1438 2691/4003/2691 1117/1421/1117
f 1438/4314/1438 2349/4004/2349 2691/4003/2691
f 1438/4314/1438 1117/1421/1117 1439/3722/1439
f 110/152/110 373/478/373 111/153/111
f 2113/4315/2113 2764/4316/2764 2114/4078/2114
f 2113/4315/2113 2762/4282/2762 2764/4316/2764
f 129/4317/129 128/4318/128 1877/4319/1877
f 140/190/140 2755/4200/2755 1085/1382/1085
f 140/190/140 1655/2162/1655 2755/4200/2755
f 983/1251/983 148/4320/148 178/683/178
f 983/1251/983 2363/4321/2363 148/4320/148
f 1905/2531/1905 2688/3994/2688 1906/2532/1906
f 1849/3441/1849 2457/3443/2457 888/1124/888
f 530/4322/530 529/677/529 2709/4066/2709
f 530/678/530 2709/4323/2709 2425/3371/2425
f 1483/1938/1483 1482/1937/1482 1860/3615/1860
f 1483/4324/1483 1858/2469/1858 1484/4325/1484
f 1483/4324/1483 1860/2473/1860 1858/2469/1858
f 202/260/202 1909/2535/1909 206/265/206
f 202/260/202 1910/2536/1910 1909/2535/1909
f 1374/1760/1374 2645/3894/2645 295/380/295
f 2120/2857/2120 2122/2856/2122 2285/4326/2285
f 624/791/624 1926/2558/1926 625/792/625
f 2765/4327/2765 2418/3359/2418 2417/3358/2417
f 2765/4327/2765 1606/4328/1606 2418/3359/2418
f 2765/4329/2765 1607/2104/1607 1606/2103/1606
f 1495/1956/1495 2517/4330/2517 651/826/651
f 1495/3565/1495 917/4331/917 1234/3566/1234
f 659/4332/659 658/3059/658 2392/3303/2392
f 659/834/659 1135/1446/1135 1134/1445/1134
f 659/4332/659 2392/3303/2392 2756/4204/2756
f 659/834/659 2756/4333/2756 1135/1446/1135
f 666/846/666 668/845/668 1288/1638/1288
f 2700/4034/2700 896/1137/896 2314/3148/2314
f 2700/4034/2700 2699/4029/2699 896/1137/896
f 695/3485/695 759/959/759 696/889/696
f 701/891/701 2263/3068/2263 1734/4234/1734
f 1469/1919/1469 2591/3741/2591 539/693/539
f 1469/1919/1469 2409/3335/2409 2591/3741/2591
f 1469/1919/1469 705/1920/705 2523/3585/2523
f 711/2020/711 2652/3907/2652 712/2294/712
f 711/2020/711 1540/2019/1540 2652/3907/2652
f 1027/1307/1027 885/1121/885 2302/3130/2302
f 738/937/738 735/934/735 1953/2595/1953
f 2502/3543/2502 1656/2163/1656 1653/2160/1653
f 2546/4068/2546 1575/2066/1575 1960/2606/1960
f 2546/4068/2546 259/333/259 333/4334/333
f 2293/4335/2293 2294/4027/2294 2545/3650/2545
f 2293/4335/2293 2545/3650/2545 1439/1869/1439
f 2595/3750/2595 1352/3257/1352 2742/4168/2742
f 1518/1987/1518 1514/1982/1514 950/4155/950
f 1518/1987/1518 1142/1454/1142 1519/1988/1519
f 2278/3092/2278 868/1101/868 871/1104/871
f 2278/3092/2278 871/1104/871 1836/2436/1836
f 790/998/790 1983/2638/1983 791/999/791
f 790/998/790 789/997/789 2511/4336/2511
f 368/471/368 367/470/367 2022/4337/2022
f 427/4338/427 2482/3498/2482 1443/3496/1443
f 427/546/427 1443/1875/1443 428/547/428
f 427/4338/427 425/3996/425 2482/3498/2482
f 1073/4090/1073 77/110/77 2622/3812/2622
f 1073/4090/1073 78/111/78 77/110/77
f 1616/2120/1616 451/576/451 1080/1375/1080
f 2226/3511/2226 459/586/459 2227/3397/2227
f 1633/2138/1633 1632/4339/1632 2170/2921/2170
f 2544/3641/2544 2624/3817/2624 474/606/474
f 2544/3641/2544 1100/3643/1100 1436/1855/1436
f 2272/3077/2272 2759/4243/2759 1731/2275/1731
f 2272/3077/2272 1731/2275/1731 1267/1615/1267
f 485/618/485 1277/1625/1277 2442/3407/2442
f 485/618/485 901/1145/901 487/622/487
f 1115/1419/1115 1918/4340/1918 1119/1423/1119
f 1496/1957/1496 1494/1954/1494 2766/4341/2766
f 1496/1957/1496 2766/4341/2766 1595/2090/1595
f 1381/4342/1381 2609/3786/2609 851/4343/851
f 1381/4342/1381 1380/4284/1380 2609/3786/2609
f 2451/3424/2451 95/4133/95 2729/4132/2729
f 2451/3424/2451 99/1866/99 95/4133/95
f 2451/3424/2451 992/4207/992 991/3425/991
f 2451/3424/2451 2729/4132/2729 992/4207/992
f 2462/3458/2462 2615/3794/2615 2582/3726/2582
f 1002/1277/1002 2734/4143/2734 1003/1278/1003
f 2580/3717/2580 1715/4173/1715 2121/2854/2121
f 2580/4056/2580 2706/4055/2706 1715/4344/1715
f 1637/2144/1637 807/1025/807 812/1030/812
f 1637/2144/1637 2061/2756/2061 1638/2145/1638
f 1637/2144/1637 1103/2757/1103 2061/2756/2061
f 1023/1303/1023 1644/4345/1644 2649/3898/2649
f 1023/1303/1023 2649/3898/2649 1024/1304/1024
f 1352/1723/1352 1348/1719/1348 2742/4346/2742
f 2479/3490/2479 2619/3808/2619 1221/3491/1221
f 2479/3490/2479 1562/2050/1562 2212/2983/2212
f 2479/3490/2479 2212/2983/2212 2619/3808/2619
f 2571/3701/2571 2572/3702/2572 956/1216/956
f 149/199/149 148/198/148 2363/3241/2363
f 2393/3307/2393 931/3573/931 2585/3731/2585
f 112/154/112 109/151/109 2351/3222/2351
f 2306/3134/2306 2526/3592/2526 2695/4014/2695
f 2306/3134/2306 2695/4014/2695 1526/2003/1526
f 2687/4229/2687 1091/1390/1091 1089/1388/1089
f 2314/3148/2314 896/1137/896 2315/3149/2315
f 1883/2499/1883 850/1077/850 852/1076/852
f 1883/2499/1883 2423/3599/2423 850/1077/850
f 1886/2502/1886 1889/2505/1889 1038/1321/1038
f 1337/1703/1337 2746/4179/2746 2767/4347/2767
f 1337/1703/1337 2767/4347/2767 1338/1704/1338
f 2712/4082/2712 2648/3897/2648 55/76/55
f 2712/4082/2712 2541/4083/2541 2055/2742/2055
f 2620/3809/2620 2494/3532/2494 2543/3636/2543
f 2623/3814/2623 2763/4290/2763 1429/1847/1429
f 2468/3466/2468 1958/2602/1958 2469/3467/2469
f 1258/1601/1258 2565/3692/2565 2689/4001/2689
f 1258/1601/1258 2566/3693/2566 2565/3692/2565
f 697/885/697 761/961/761 1887/2503/1887
f 697/885/697 1887/2503/1887 698/886/698
f 2073/2779/2073 717/910/717 716/909/716
f 2073/2779/2073 716/909/716 1183/3799/1183
f 1746/2303/1746 1129/1436/1129 1747/2304/1747
f 2556/3676/2556 1755/2320/1755 449/573/449
f 418/532/418 2183/2938/2183 2050/2737/2050
f 488/623/488 1357/4348/1357 489/624/489
f 1363/1743/1363 1064/1357/1064 1364/1745/1364
f 2667/3944/2667 2668/3945/2668 2510/3554/2510
f 817/3982/817 2377/3271/2377 2378/3272/2378
f 271/349/271 273/348/273 2572/4232/2572
f 2639/3878/2639 2640/3877/2640 2703/4045/2703
f 1704/2237/1704 1477/1929/1477 2240/3029/2240
f 1704/2237/1704 632/2239/632 1477/1929/1477
f 1213/3765/1213 1452/1888/1452 1451/1887/1451
f 1213/1543/1213 1212/1542/1212 1452/3681/1452
f 219/282/219 220/283/220 1226/1557/1226
f 2259/4292/2259 2677/3966/2677 278/361/278
f 828/1052/828 602/767/602 831/1053/831
f 2477/3993/2477 703/894/703 702/896/702
f 2093/2817/2093 1934/2568/1934 1931/2565/1931
f 2426/3372/2426 2005/2681/2005 179/2682/179
f 1686/2209/1686 2428/3376/2428 870/1103/870
f 2464/3460/2464 2764/4316/2764 2528/3595/2528
f 2464/3460/2464 2528/3595/2528 1004/1279/1004
f 2464/3460/2464 2114/4078/2114 2764/4316/2764
f 1566/2057/1566 574/737/574 573/739/573
f 1566/4349/1566 573/735/573 2747/4182/2747
f 1566/4349/1566 2747/4182/2747 1567/4079/1567
f 335/431/335 1112/4350/1112 336/432/336
f 1962/2608/1962 2356/3229/2356 2355/3227/2355
f 1962/2608/1962 119/164/119 2356/3229/2356
f 914/3627/914 1838/4311/1838 2042/2729/2042
f 1847/2454/1847 49/70/49 1948/4225/1948
f 1847/2454/1847 1846/2446/1846 49/70/49
f 1492/1950/1492 2629/3832/2629 2751/4189/2751
f 1492/4142/1492 2751/4351/2751 301/386/301
f 398/4352/398 2422/3678/2422 1614/2118/1614
f 2626/4353/2626 2485/3509/2485 2627/4354/2627
f 2626/4353/2626 456/3510/456 2485/3509/2485
f 2407/3333/2407 2406/3332/2406 1214/4355/1214
f 2407/3333/2407 1214/4355/1214 2169/2920/2169
f 469/598/469 2591/3741/2591 2409/3335/2409
f 941/1200/941 2597/3753/2597 942/1201/942
f 2506/3547/2506 155/208/155 156/211/156
f 1538/2015/1538 2454/3432/2454 710/903/710
f 1647/2154/1647 1649/2156/1649 885/1121/885
f 1647/2154/1647 1549/2033/1549 1548/2032/1548
f 1647/2154/1647 885/1121/885 1549/2033/1549
f 2498/3538/2498 2087/2803/2087 2086/2802/2086
f 2095/4067/2095 1852/2460/1852 2096/4356/2096
f 2095/4067/2095 2709/4066/2709 1852/2460/1852
f 2095/4063/2095 2097/4357/2097 2475/3481/2475
f 2091/2811/2091 1050/3451/1050 1049/2812/1049
f 113/155/113 111/153/111 1310/4358/1310
f 339/3942/339 2280/3098/2280 340/4299/340
f 2051/2738/2051 2745/4176/2745 1458/1897/1458
f 2603/3768/2603 2676/3965/2676 2257/3061/2257
f 2603/3768/2603 1326/1691/1326 2702/4037/2702
f 2589/4201/2589 2740/4165/2740 1889/4359/1889
f 2589/4201/2589 2754/4193/2754 2740/4165/2740
f 2739/4159/2739 257/328/257 2128/2864/2128
f 2384/3287/2384 2679/3970/2679 2726/4122/2726
f 1477/1929/1477 632/2239/632 901/1930/901
f 2245/3038/2245 55/76/55 2648/3897/2648
f 2245/3038/2245 56/77/56 55/76/55
f 2683/4115/2683 510/654/510 512/656/512
f 2683/4115/2683 2516/3563/2516 510/654/510
f 2705/4054/2705 1135/4053/1135 2756/4204/2756
f 2723/4270/2723 2292/3113/2292 2007/2685/2007
f 1318/3960/1318 2673/3959/2673 2762/4282/2762
f 2400/4042/2400 2702/4041/2702 2401/4360/2401
f 1622/2126/1622 2322/3172/2322 2485/3509/2485
f 1622/2126/1622 1621/2125/1621 2322/3172/2322
f 1570/3328/1570 2236/3022/2236 1572/4267/1572
f 1570/3328/1570 2402/3327/2402 2236/3022/2236
f 1357/4348/1357 1830/4361/1830 489/624/489
f 1494/1954/1494 2249/3047/2249 2766/4341/2766
f 1494/1954/1494 2250/3048/2250 2249/3047/2249
f 2391/3302/2391 2750/4186/2750 2253/4257/2253
f 847/4362/847 851/4343/851 2609/3786/2609
f 847/4362/847 2609/3786/2609 2460/3785/2460
f 1766/4195/1766 534/685/534 1767/3454/1767
f 1766/4195/1766 535/687/535 534/685/534
f 1766/2336/1766 1765/2335/1765 2613/3790/2613
f 1397/4363/1397 1396/4364/1396 2230/4365/2230
f 2527/3596/2527 2528/3595/2528 2673/3959/2673
f 1540/2024/1540 1539/2023/1539 1743/2298/1743
f 715/908/715 2196/4366/2196 2198/4367/2198
f 715/908/715 2198/4367/2198 716/909/716
f 2208/2978/2208 831/1053/831 602/767/602
f 5/6/5 6/8/6 2737/4152/2737
f 2122/2856/2122 2286/4368/2286 2285/4326/2285
f 2122/2856/2122 2119/2858/2119 2286/4368/2286
f 1112/4350/1112 1111/4369/1111 2127/2863/2127
f 1112/4350/1112 2127/2863/2127 2126/2862/2126
f 1112/4350/1112 2126/2862/2126 336/432/336
f 2136/2877/2136 1588/2081/1588 2334/3190/2334
f 2136/2877/2136 1230/2876/1230 1229/4370/1229
f 2136/2877/2136 1229/4370/1229 648/819/648
f 2136/2877/2136 648/819/648 1588/2081/1588
f 660/835/660 2335/4371/2335 1239/2748/1239
f 660/835/660 1239/2748/1239 553/2747/553
f 660/835/660 656/831/656 1985/2640/1985
f 660/835/660 1985/2640/1985 2335/4371/2335
f 1781/3528/1781 1981/2636/1981 2376/4162/2376
f 1720/2261/1720 506/649/506 505/647/505
f 1720/2261/1720 1423/1839/1423 1422/1838/1422
f 682/1249/682 978/1243/978 685/2519/685
f 6/8/6 2227/3397/2227 2737/4152/2737
f 13/19/13 10/4372/10 1214/1544/1214
f 19/31/19 18/30/18 2171/2922/2171
f 2454/3432/2454 2453/3431/2453 710/903/710
f 588/753/588 586/751/586 2078/3438/2078
f 588/753/588 1645/2152/1645 589/754/589
f 1650/2804/1650 2087/2803/2087 1651/3992/1651
f 2449/3421/2449 1348/4305/1348 2450/3422/2450
f 2449/3421/2449 2742/4373/2742 1348/4305/1348
f 2449/3420/2449 976/1241/976 1507/1975/1507
f 2449/3420/2449 1507/1975/1507 2742/4168/2742
f 2535/3608/2535 768/968/768 1676/3842/1676
f 2768/4374/2768 434/555/434 2375/3268/2375
f 2768/4375/2768 2375/3267/2375 227/291/227
f 560/720/560 561/721/561 1919/2546/1919
f 560/720/560 1919/2546/1919 1918/2545/1918
f 2716/4093/2716 2744/4171/2744 2769/4376/2769
f 2716/4093/2716 2769/4376/2769 2717/4094/2717
f 2202/4007/2202 2154/2900/2154 1897/2516/1897
f 545/701/545 2726/4122/2726 704/897/704
f 297/382/297 295/380/295 2645/3894/2645
f 297/382/297 2728/4124/2728 298/383/298
f 1708/2246/1708 1126/1808/1126 35/4377/35
f 2646/3895/2646 2047/3099/2047 2046/4272/2046
f 2646/3895/2646 308/394/308 2047/3099/2047
f 2646/3895/2646 2046/4272/2046 2601/3766/2601
f 551/1578/551 2610/3787/2610 406/4266/406
f 551/1865/551 406/4378/406 402/510/402
f 2064/4379/2064 1736/2280/1736 2263/4244/2263
f 1873/2487/1873 385/493/385 386/494/386
f 1755/2320/1755 452/578/452 449/573/449
f 2382/3282/2382 178/236/178 148/4380/148
f 2292/3113/2292 2008/2686/2008 2007/2685/2007
f 2636/3865/2636 2550/3659/2550 2549/3658/2549
f 198/256/198 2551/3664/2551 1784/2362/1784
f 1166/1485/1166 360/3932/360 1167/1486/1167
f 2084/2798/2084 2081/2795/2081 2662/3934/2662
f 1791/2372/1791 220/284/220 1792/2373/1792
f 1791/4381/1791 1226/1557/1226 220/283/220
f 1791/4381/1791 1416/3997/1416 1226/1557/1226
f 2346/4382/2346 2564/4383/2564 2209/4384/2209
f 2322/3173/2322 2085/2799/2085 2627/3827/2627
f 2322/3172/2322 2627/4354/2627 2485/3509/2485
f 286/4303/286 2671/3952/2671 1391/4385/1391
f 286/4303/286 2672/3953/2672 2671/3952/2671
f 290/373/290 544/4264/544 20/28/20
f 290/373/290 20/28/20 16/24/16
f 290/373/290 293/377/293 544/4264/544
f 40/57/40 2188/2947/2188 879/1114/879
f 2578/3714/2578 797/1008/797 47/68/47
f 326/422/326 2370/3253/2370 2459/3448/2459
f 326/422/326 2459/3448/2459 1613/2115/1613
f 326/422/326 328/424/328 2370/3253/2370
f 1901/2524/1901 900/1142/900 1109/1412/1109
f 1795/4072/1795 342/4073/342 672/4386/672
f 350/446/350 2668/3945/2668 1159/1478/1159
f 350/446/350 1159/1478/1159 355/453/355
f 350/446/350 2510/3554/2510 2668/3945/2668
f 2548/3657/2548 2350/3574/2350 665/840/665
f 2548/3657/2548 2637/3866/2637 2549/3658/2549
f 1321/4387/1321 567/4388/567 1927/2560/1927
f 1321/4389/1321 2359/3234/2359 1322/3233/1322
f 1321/4389/1321 1927/2561/1927 2359/3234/2359
f 614/781/614 1340/2509/1340 615/782/615
f 2663/4026/2663 731/4212/731 2644/3890/2644
f 2663/3935/2663 1533/2010/1533 731/927/731
f 1803/2392/1803 1802/2391/1802 2573/3708/2573
f 2737/4152/2737 2227/3397/2227 459/586/459
f 755/955/755 754/954/754 2317/3153/2317
f 762/962/762 2476/3484/2476 2097/2822/2097
f 762/962/762 759/959/759 2476/3484/2476
f 1836/2436/1836 1288/1642/1288 668/3094/668
f 1484/4325/1484 1858/2469/1858 634/804/634
f 1484/4325/1484 634/804/634 633/803/633
f 2418/3359/2418 1606/4328/1606 2581/3980/2581
f 931/3573/931 2351/3222/2351 2585/3731/2585
f 2601/3766/2601 2046/4272/2046 2358/3232/2358
f 1262/1607/1262 1822/2413/1822 1264/1611/1264
f 1262/1607/1262 689/880/689 1822/2413/1822
f 2410/3336/2410 2267/3905/2267 2265/3337/2265
f 2410/3336/2410 1739/2283/1739 2267/3905/2267
f 1671/2187/1671 1669/2183/1669 2532/3604/2532
f 306/391/306 2734/4143/2734 311/399/311
f 306/391/306 1003/1278/1003 2734/4143/2734
f 571/733/571 2747/4182/2747 573/735/573
f 1644/2151/1644 1645/2152/1645 2649/4390/2649
f 2475/4391/2475 2097/2822/2097 2476/3484/2476
f 2219/4392/2219 2216/3665/2216 2770/4393/2770
f 441/562/441 386/3138/386 382/4088/382
f 1390/1781/1390 2324/3177/2324 2490/3517/2490
f 1632/2136/1632 1456/3941/1456 2116/4394/2116
f 1632/4339/1632 2116/4395/2116 2170/2921/2170
f 891/1127/891 2380/3687/2380 892/1128/892
f 899/1141/899 1109/1412/1109 900/1142/900
f 2249/3047/2249 2608/3783/2608 2766/4341/2766
f 1500/1964/1500 2750/4187/2750 2492/3530/2492
f 1500/1964/1500 1499/1965/1499 2750/4187/2750
f 896/1137/896 2640/3875/2640 2315/3149/2315
f 896/1137/896 895/1136/895 2640/3875/2640
f 2295/3117/2295 1779/2352/1779 841/1064/841
f 2668/3945/2668 2659/3927/2659 1159/1478/1159
f 2724/4113/2724 2725/4114/2725 2770/4393/2770
f 2724/4113/2724 2770/4393/2770 2216/3665/2216
f 2724/4113/2724 2216/3665/2216 2551/3664/2551
f 1922/3871/1922 1509/3670/1509 2553/3669/2553
f 1715/4344/1715 2706/4055/2706 1716/4288/1716
f 2763/4290/2763 981/1247/981 1429/1847/1429
f 244/308/244 2561/4242/2561 2560/4297/2560
f 2755/4200/2755 2162/2910/2162 1085/1382/1085
f 2755/4200/2755 1655/2162/1655 2754/4193/2754
f 2726/4122/2726 2679/3970/2679 704/897/704
f 279/358/279 276/355/276 2670/3950/2670
f 2671/4396/2671 2489/4286/2489 1391/1786/1391
f 2576/3839/2576 1985/2640/1985 519/663/519
f 10/13/10 2167/3427/2167 2169/4397/2169
f 10/4398/10 2169/2920/2169 1214/4355/1214
f 2740/4165/2740 2754/4193/2754 2741/4166/2741
f 2740/4165/2740 1038/4167/1038 1889/4359/1889
f 2688/3994/2688 187/245/187 1906/2532/1906
f 2370/3258/2370 328/4399/328 1350/1721/1350
f 2516/3985/2516 2378/3272/2378 2517/4400/2517
f 2319/3166/2319 2437/3395/2437 1965/3168/1965
f 2727/4123/2727 2628/3830/2628 2728/4124/2728
f 2727/4123/2727 2509/4401/2509 27/4224/27
f 2727/4123/2727 27/4224/27 2628/3830/2628
f 2244/3037/2244 2055/4239/2055 2541/3633/2541
f 2753/4192/2753 2651/3901/2651 2674/3961/2674
f 2753/4192/2753 1672/2188/1672 2651/3901/2651
f 104/146/104 2066/2766/2066 1440/1870/1440
f 1964/2610/1964 452/578/452 1756/2319/1756
f 2085/2799/2085 2083/2797/2083 2627/3827/2627
f 2628/3830/2628 1403/1801/1403 2728/4124/2728
f 2673/3959/2673 2764/4316/2764 2762/4282/2762
f 2673/3959/2673 2528/3595/2528 2764/4316/2764
f 2760/4247/2760 1926/2558/1926 1927/2560/1927
f 2760/4247/2760 625/792/625 1926/2558/1926
f 2760/4247/2760 1927/2560/1927 567/4388/567
f 2718/4096/2718 973/1238/973 2719/4097/2719
f 433/554/433 435/556/435 2374/3266/2374
f 433/554/433 2374/3266/2374 2375/3268/2375
f 433/554/433 2375/3268/2375 434/555/434
f 2469/4402/2469 580/745/580 2471/3744/2471
f 2469/4402/2469 583/748/583 580/745/580
f 1909/2535/1909 2473/3476/2473 206/265/206
f 2253/4257/2253 2750/4186/2750 1499/4403/1499
f 1792/2373/1792 220/284/220 218/281/218
f 1227/4404/1227 648/819/648 1229/4370/1229
f 268/342/268 2676/3965/2676 272/346/272
f 811/1029/811 2035/2720/2035 812/1030/812
f 2183/2938/2183 990/1259/990 2050/2737/2050
f 1627/3974/1627 2012/2691/2012 2730/4129/2730
f 366/469/366 885/1121/885 1649/2156/1649
f 2194/4405/2194 2069/2770/2069 800/1019/800
f 2317/3153/2317 754/954/754 1992/2661/1992
f 429/548/429 1061/3588/1061 1058/4260/1058
f 435/556/435 2433/3388/2433 2374/3266/2374
f 1007/1284/1007 1458/3428/1458 2745/4175/2745
f 1617/2121/1617 1822/2414/1822 689/873/689
f 2406/3332/2406 1215/3740/1215 1214/4355/1214
f 471/601/471 546/705/546 539/693/539
f 1099/1856/1099 1436/1855/1436 1100/3643/1100
f 2009/2687/2009 1119/1423/1119 1916/2688/1916
f 2748/4184/2748 1582/2075/1582 1583/2076/1583
f 2748/4184/2748 2606/3777/2606 1582/2075/1582
f 438/559/438 1983/2638/1983 2021/4406/2021
f 1829/4407/1829 2030/2713/2030 489/624/489
f 1829/4407/1829 2598/3893/2598 2030/2713/2030
f 1829/4407/1829 489/624/489 1830/4361/1830
f 1534/2011/1534 1535/2012/1535 2193/4408/2193
f 1534/2011/1534 2193/4408/2193 2191/3384/2191
f 2092/2815/2092 616/783/616 615/782/615
f 2388/3298/2388 2387/3295/2387 2001/3776/2001
f 2766/4341/2766 2608/3783/2608 1595/2090/1595
f 2401/4360/2401 2702/4041/2702 1326/4409/1326
f 280/362/280 278/361/278 2677/3966/2677
f 735/934/735 2499/4410/2499 1953/2595/1953
f 735/4411/735 2204/3803/2204 2499/3539/2499
f 372/4293/372 779/981/779 1175/1500/1175
f 1250/1590/1250 1731/2275/1731 2759/4243/2759
f 1965/2611/1965 2437/4412/2437 453/579/453
f 1965/2611/1965 453/579/453 1966/2612/1966
f 2166/2917/2166 2168/2919/2168 2771/4413/2771
f 2166/3849/2166 2771/4414/2771 1802/3850/1802
f 1918/4340/1918 1916/2688/1916 1119/1423/1119
f 2360/3236/2360 2359/3234/2359 1927/2561/1927
f 2360/3236/2360 1927/2561/1927 1925/2556/1925
f 2728/4124/2728 1403/1801/1403 298/383/298
f 1069/1363/1069 2222/3499/2222 1070/1364/1070
f 1069/1363/1069 1067/1360/1067 2222/3499/2222
f 2164/2913/2164 1624/2128/1624 1623/2127/1623
f 2002/3525/2002 2001/3776/2001 2387/3295/2387
f 2103/2835/2103 2100/2829/2100 2392/3303/2392
f 1535/2012/1535 128/2493/128 2193/4408/2193
f 1183/3799/1183 716/909/716 2198/4367/2198
f 2368/3249/2368 1554/2041/1554 1553/2040/1553
f 529/677/529 1852/2460/1852 2709/4066/2709
f 2351/3222/2351 109/151/109 2585/3731/2585
f 340/436/340 672/4415/672 342/438/342
f 704/897/704 2523/4181/2523 705/898/705
f 704/897/704 2679/3970/2679 2523/4181/2523
f 1809/2398/1809 1639/2146/1639 1810/2399/1810
f 1906/2532/1906 187/245/187 182/240/182
f 2674/3961/2674 2651/3901/2651 2399/3319/2399
f 452/578/452 1966/2612/1966 453/579/453
f 1350/1721/1350 328/4399/328 2339/3197/2339
f 1698/2228/1698 273/348/273 270/3886/270
f 2703/4416/2703 2640/3875/2640 895/1136/895
f 653/1755/653 651/4417/651 2517/4400/2517
f 653/1755/653 2517/4400/2517 2378/3272/2378
f 1802/3850/1802 2771/4414/2771 2573/4418/2573
f 1578/2070/1578 336/432/336 2126/2862/2126
f 1810/2399/1810 1639/2146/1639 1638/2145/1638
f 228/292/228 227/291/227 2375/3267/2375
f 2670/3950/2670 276/355/276 2381/3281/2381
f 314/402/314 2141/2882/2141 1846/2446/1846
f 2573/4419/2573 2771/4413/2771 2168/2919/2168
f 2170/4420/2170 2115/3762/2115 2171/4196/2171
f 2170/4421/2170 2116/2848/2116 2115/2847/2115
f 2234/3019/2234 479/612/479 478/611/478
f 2027/2708/2027 2030/2713/2030 1703/3892/1703
f 2027/2708/2027 1703/3892/1703 1276/2709/1276
f 1382/1773/1382 1386/1777/1386 2025/2706/2025
f 1382/1773/1382 2025/2706/2025 1387/1778/1387
f 1182/3345/1182 783/2645/783 1989/2644/1989
f 1182/3345/1182 1989/2644/1989 2412/3346/2412
f 1859/2471/1859 1856/2470/1856 2772/4422/2772
f 1856/2467/1856 1860/2473/1860 2772/4423/2772
f 1860/3615/1860 2536/3613/2536 2772/4424/2772
f 2536/3613/2536 864/3614/864 2772/4424/2772
f 864/1096/864 861/1091/861 2772/4425/2772
f 861/1091/861 2326/3374/2326 2772/4425/2772
f 2326/4426/2326 2325/4427/2325 2772/4428/2772
f 2325/3178/2325 2229/3011/2229 2772/4422/2772
f 2229/3011/2229 1859/2471/1859 2772/4422/2772
f 2097/2822/2097 2094/2821/2094 2773/4429/2773
f 2094/2818/2094 2096/2820/2096 2773/4430/2773
f 2096/2820/2096 1851/3638/1851 2773/4430/2773
f 1851/3638/1851 1710/3637/1710 2773/4430/2773
f 1710/3637/1710 1411/4431/1411 2773/4430/2773
f 1411/1816/1411 1410/1815/1410 2773/4432/2773
f 1410/1815/1410 1726/3390/1726 2773/4432/2773
f 1726/2268/1726 760/2270/760 2773/4433/2773
f 760/960/760 762/962/762 2773/4429/2773
f 762/962/762 2097/2822/2097 2773/4429/2773
f 431/552/431 430/551/430 2774/4434/2774
f 430/551/430 434/555/434 2774/4434/2774
f 434/555/434 2768/4374/2768 2774/4434/2774
f 2768/4375/2768 227/291/227 2774/4435/2774
f 227/291/227 225/289/225 2774/4435/2774
f 225/289/225 2587/3962/2587 2774/4435/2774
f 2587/3733/2587 431/552/431 2774/4434/2774
f 1420/1835/1420 1360/1739/1360 2775/4436/2775
f 1360/1739/1360 1362/1741/1362 2775/4436/2775
f 1362/1741/1362 1424/1840/1424 2775/4436/2775
f 1424/1840/1424 1420/1835/1420 2775/4436/2775
f 1018/1299/1018 2254/3053/2254 2776/4437/2776
f 2254/3053/2254 2256/3055/2256 2776/4437/2776
f 2256/3055/2256 2217/2992/2217 2776/4437/2776
f 2217/2992/2217 2219/4438/2219 2776/4437/2776
f 2219/4392/2219 2770/4393/2770 2776/4439/2776
f 2770/4393/2770 2725/4114/2725 2776/4439/2776
f 2725/4114/2725 1020/1298/1020 2776/4439/2776
f 1020/1298/1020 1019/1297/1019 2776/4439/2776
f 1019/1297/1019 1018/1296/1018 2776/4439/2776
