# www.meshy.ai
mtllib Meshy_AI_Clockwork_High_Priest_0914131355_texture.mtl
o Meshy_AI_Clockwork_High_Priest_0914131355_texture
v -0.001274 0.137695 0.032227
v -0.001167 0.125977 0.100586
v -0.028076 0.125977 0.095703
v 0.025269 0.137695 0.030884
v 0.026489 0.126953 0.095215
v -0.027222 0.139648 0.031494
v 0.104980 -0.097168 -0.042969
v 0.116699 -0.181641 -0.047119
v 0.100098 -0.180664 -0.049072
v 0.123535 -0.098633 -0.010376
v 0.133789 -0.178711 -0.012878
v 0.100586 -0.040039 -0.037842
v 0.081055 -0.101074 -0.065430
v 0.100098 -0.180664 -0.068359
v -0.011841 0.380859 0.060791
v -0.012329 0.384766 0.061768
v -0.015137 0.378906 0.058594
v -0.012085 0.378906 0.059814
v -0.010437 0.378906 0.061279
v -0.010132 0.380859 0.062256
v -0.011108 0.382812 0.061523
v -0.083984 0.087402 0.051514
v -0.092285 0.089844 0.028564
v -0.093750 0.051270 0.050781
v -0.083496 0.119629 0.029053
v -0.069824 0.051025 0.075684
v -0.066895 0.086426 0.070801
v -0.079102 0.119141 0.050293
v 0.042480 0.421875 0.010071
v 0.042480 0.421875 0.014038
v 0.043701 0.419922 0.008606
v 0.037354 0.419922 0.011414
v 0.041016 0.421875 0.014099
v 0.041504 0.417969 0.007263
v 0.064941 -0.333984 0.092285
v 0.082520 -0.335938 0.058594
v 0.061035 -0.259766 0.083496
v 0.011108 -0.261719 0.095215
v 0.014404 -0.333984 0.102539
v 0.068848 -0.404297 0.098145
v 0.086426 -0.404297 0.065430
v -0.139648 0.203125 0.025879
v -0.151367 0.182617 0.030640
v -0.117676 0.192383 0.030518
v -0.158203 0.208008 0.014771
v -0.166992 0.188477 0.015442
v -0.224609 -0.001480 0.083008
v -0.222656 -0.004578 0.080566
v -0.220703 -0.005493 0.083008
v -0.220703 -0.003220 0.084473
v -0.223633 0.002899 0.080566
v -0.225586 0.000877 0.076660
v -0.219727 0.001282 0.082520
v 0.011841 0.390625 0.051025
v 0.011353 0.386719 0.049561
v 0.012146 0.390625 0.041748
v 0.009705 0.384766 0.058105
v 0.010681 0.388672 0.058105
v 0.134766 -0.484375 0.056641
v 0.134766 -0.492188 0.032227
v 0.130859 -0.484375 0.034180
v 0.118652 -0.474609 0.037354
v 0.122559 -0.478516 0.057617
v 0.139648 -0.492188 0.055908
v 0.128906 -0.480469 0.077637
v 0.132812 -0.486328 0.079102
v -0.033447 0.176758 -0.052490
v -0.032471 0.152344 -0.046387
v -0.061523 0.152344 -0.042236
v -0.064453 0.181641 -0.049561
v -0.001213 0.176758 -0.053711
v -0.090820 -0.265625 -0.037842
v -0.096191 -0.306641 -0.027466
v -0.102051 -0.265625 -0.024048
v -0.077148 -0.265625 -0.045166
v 0.021240 0.304688 0.074219
v 0.027222 0.298828 0.074707
v 0.025146 0.314453 0.065918
v 0.019897 0.302734 0.071289
v 0.014099 0.285156 0.087891
v 0.023682 0.310547 0.063477
v 0.020996 0.281250 0.086426
v 0.031006 0.131836 -0.044434
v 0.030518 0.152344 -0.046631
v 0.057861 0.132812 -0.038086
v 0.050781 0.142578 -0.014526
v 0.001801 0.141602 -0.024414
v -0.000549 0.130859 -0.047607
v -0.000923 0.152344 -0.049072
v -0.031006 0.433594 0.049805
v -0.032227 0.423828 0.042725
v -0.030273 0.423828 0.050537
v -0.027588 0.423828 0.057373
v -0.027466 0.431641 0.056396
v -0.031250 0.443359 0.047607
v -0.035156 0.433594 0.041992
v -0.027466 0.441406 0.054932
v -0.229492 0.059814 0.040283
v -0.208984 0.093262 0.033203
v -0.212891 0.091797 0.021362
v -0.231445 0.055420 0.028198
v -0.238281 0.044678 0.038574
v -0.230469 0.049072 0.050537
v -0.222656 0.058594 0.050781
v -0.001518 0.431641 0.069336
v -0.006744 0.423828 0.070801
v -0.001320 0.423828 0.070312
v 0.003662 0.425781 0.070312
v 0.003906 0.431641 0.069336
v -0.008118 0.431641 0.068848
v -0.002228 0.443359 0.066895
v 0.103027 -0.257812 -0.053223
v 0.132812 -0.257812 -0.052246
v 0.142578 -0.255859 -0.013672
v -0.010071 0.369141 0.061279
v -0.011475 0.365234 0.059814
v -0.007355 0.365234 0.061768
v -0.006561 0.369141 0.063965
v -0.005463 0.373047 0.062988
v -0.013794 0.375000 0.058105
v -0.014160 0.369141 0.057373
v -0.008972 0.373047 0.061523
v -0.014099 -0.333984 0.102539
v -0.006439 -0.335938 0.086914
v -0.011353 -0.261719 0.095703
v -0.014771 -0.406250 0.108398
v -0.008362 -0.406250 0.089355
v -0.064453 -0.333984 0.091309
v -0.067383 -0.404297 0.097168
v 0.171875 0.206055 0.017090
v 0.179688 0.206055 -0.010437
v 0.160156 0.244141 -0.014404
v 0.155273 0.240234 0.012634
v 0.140625 0.226562 0.031250
v 0.190430 0.179688 0.023560
v 0.155273 0.200195 0.035400
v 0.212891 0.023926 0.054932
v 0.229492 0.014893 0.046387
v 0.225586 0.015747 0.060059
v 0.208984 0.031494 0.051514
v 0.218750 0.029297 0.037842
v 0.209961 0.024780 0.064453
v 0.213867 0.017944 0.063965
v -0.039551 0.414062 0.008301
v -0.043701 0.408203 0.006775
v -0.045898 0.414062 0.006012
v -0.040527 0.416016 0.009521
v -0.039062 0.412109 0.005463
v -0.035645 0.408203 0.010559
v -0.132812 -0.333984 0.018921
v -0.127930 -0.402344 0.026001
v -0.112793 -0.333984 0.035156
v -0.145508 -0.333984 0.009583
v -0.116699 -0.257812 0.040039
v -0.132812 -0.257812 0.012573
v 0.055176 0.289062 -0.066406
v 0.056885 0.328125 -0.048096
v 0.098145 0.322266 -0.038330
v 0.020874 0.292969 -0.066406
v 0.021362 0.328125 -0.052979
v 0.084961 0.251953 -0.070312
v 0.052979 0.253906 -0.070801
v 0.090820 0.291016 -0.060791
v 0.020996 0.255859 -0.071289
v 0.242188 0.009521 0.066895
v 0.247070 0.011963 0.068359
v 0.233398 0.019409 0.067871
v 0.240234 0.008423 0.060547
v 0.245117 0.002487 0.062988
v 0.232422 0.015747 0.064453
v 0.245117 0.004974 0.067871
v 0.248047 0.006836 0.070312
v -0.014771 0.388672 0.042236
v -0.014465 0.386719 0.042236
v -0.014465 0.386719 0.050781
v -0.014648 0.388672 0.051514
v -0.184570 0.002975 -0.006592
v -0.183594 0.073730 0.017212
v -0.204102 0.010803 -0.013184
v -0.170898 0.004120 0.014832
v -0.181641 0.002975 -0.007812
v 0.007599 0.384766 0.061768
v 0.008423 0.382812 0.057129
v 0.003418 0.380859 0.060547
v 0.005035 0.384766 0.063477
v 0.006958 0.384766 0.062988
v 0.009216 0.384766 0.062988
v 0.006195 0.384766 0.064453
v 0.003876 0.384766 0.064941
v 0.008911 0.384766 0.061279
v 0.007782 0.380859 0.062256
v 0.009216 0.384766 0.058105
v 0.007935 0.388672 0.058838
v 0.003357 0.388672 0.061768
v 0.059570 -0.484375 -0.010498
v 0.054688 -0.484375 -0.025024
v 0.057373 -0.486328 -0.008484
v 0.067383 -0.488281 0.008179
v 0.057373 -0.462891 -0.009705
v 0.068359 -0.464844 0.009155
v 0.068359 -0.486328 0.006958
v -0.062012 0.184570 0.086914
v -0.060791 0.154297 0.090332
v -0.030273 0.183594 0.098633
v -0.029297 0.216797 0.095215
v -0.062500 0.215820 0.082031
v -0.099121 0.185547 0.070801
v -0.096680 0.158203 0.074219
v -0.250000 -0.025513 0.066406
v -0.249023 -0.027832 0.061523
v -0.248047 -0.030518 0.067383
v -0.246094 -0.026001 0.068359
v -0.250000 -0.013245 0.063965
v -0.253906 -0.015320 0.063477
v 0.004913 0.384766 0.035156
v 0.004608 0.380859 0.039795
v 0.009705 0.384766 0.039795
v -0.001732 0.386719 0.034668
v -0.001503 0.380859 0.036133
v 0.009949 0.384766 0.037842
v 0.006195 0.390625 0.037842
v 0.121094 -0.492188 0.101074
v 0.127930 -0.484375 0.091797
v 0.120605 -0.484375 0.098633
v 0.134766 -0.494141 0.085449
v 0.108887 -0.494141 0.099609
v 0.109375 -0.486328 0.098145
v -0.091309 0.169922 0.035645
v -0.092285 0.183594 0.029785
v -0.092285 0.170898 0.014648
v -0.078613 0.176758 0.064453
v -0.086914 0.192383 0.052246
v -0.090332 0.153320 0.037598
v -0.092285 0.162109 0.013245
v -0.027100 -0.335938 -0.098633
v -0.013367 -0.406250 -0.103516
v -0.025269 -0.404297 -0.110352
v -0.042969 -0.404297 -0.094727
v -0.035400 -0.257812 -0.087891
v -0.010315 -0.335938 -0.086914
v -0.037354 -0.333984 -0.086914
v 0.092773 0.259766 0.043213
v 0.086914 0.234375 0.042969
v 0.109863 0.237305 0.037109
v 0.103027 0.287109 0.034668
v 0.084961 0.267578 0.049072
v 0.082031 0.232422 0.053467
v 0.123047 0.259766 0.030884
v 0.120605 0.114746 0.000591
v 0.126953 0.089844 0.004395
v 0.132812 0.096191 0.028564
v 0.114746 0.137695 -0.000252
v 0.117676 0.139648 -0.021484
v 0.126953 0.120117 0.023804
v 0.123535 0.114258 -0.021484
v -0.016724 0.414062 0.062988
v -0.012573 0.414062 0.061768
v -0.014771 0.416016 0.058350
v -0.018921 0.416016 0.060791
v -0.017334 0.412109 0.061768
v -0.013306 0.412109 0.062256
v -0.087402 -0.431641 -0.031494
v -0.090820 -0.431641 -0.020264
v -0.083984 -0.369141 -0.037598
v -0.077148 -0.433594 -0.035645
v 0.030518 0.202148 0.104004
v 0.027222 0.194336 0.104492
v 0.026978 0.193359 0.103027
v -0.001152 0.208984 0.102051
v 0.031006 0.202148 0.102051
v 0.031738 0.210938 0.102539
v 0.223633 0.024170 -0.009521
v 0.201172 0.010681 -0.015076
v 0.191406 0.038086 -0.027710
v 0.212891 0.051758 -0.018677
v 0.242188 0.040283 0.008972
v 0.229492 0.030151 -0.002106
v 0.203125 0.009949 -0.011475
v -0.005249 0.384766 0.065430
v -0.008789 0.384766 0.065430
v -0.007874 0.384766 0.063965
v -0.003540 0.384766 0.065918
v -0.005920 0.384766 0.067383
v -0.006409 0.390625 0.061279
v -0.092285 0.130859 0.076660
v -0.060791 0.126953 0.091309
v -0.032227 0.150391 0.100586
v 0.036377 0.455078 0.038574
v 0.039062 0.464844 0.035156
v 0.034668 0.462891 0.044678
v 0.043701 0.453125 0.030151
v 0.038330 0.447266 0.033936
v 0.034668 0.447266 0.045654
v 0.057373 -0.192383 0.070801
v 0.029175 -0.193359 0.081055
v 0.075195 -0.253906 0.070312
v 0.098633 -0.192383 0.049561
v -0.120117 0.310547 -0.038818
v -0.125000 0.316406 -0.015503
v -0.117676 0.322266 -0.013367
v -0.100586 0.320312 -0.038330
v -0.114746 0.296875 -0.052734
v -0.137695 0.279297 -0.040771
v -0.141602 0.283203 -0.016602
v -0.248047 -0.031738 0.073730
v -0.250000 -0.028564 0.075195
v -0.250000 -0.019653 0.068359
v -0.245117 -0.030151 0.074219
v -0.245117 -0.032471 0.076172
v -0.249023 -0.032715 0.075195
v 0.012512 0.373047 0.031494
v 0.016235 0.375000 0.044922
v 0.005585 0.369141 0.036865
v 0.016724 0.369141 0.024902
v 0.018311 0.376953 0.035889
v 0.018555 0.378906 0.024658
v 0.021973 0.380859 0.028931
v 0.186523 0.127930 0.041016
v 0.171875 0.118652 0.045898
v 0.200195 0.104980 0.049316
v 0.160156 0.140625 0.040771
v 0.198242 0.132812 0.028931
v 0.173828 0.150391 0.035889
v 0.210938 0.106934 0.035645
v -0.021484 0.478516 -0.026855
v -0.032959 0.486328 -0.010437
v -0.020020 0.490234 -0.014771
v -0.003662 0.482422 -0.027222
v -0.035400 0.470703 -0.023926
v -0.022217 0.466797 -0.034668
v -0.004669 0.468750 -0.036377
v -0.085449 0.120117 0.007996
v -0.106934 0.053467 0.028320
v -0.090820 0.090332 0.004883
v -0.103516 0.052734 0.000168
v 0.016113 0.416016 0.062256
v 0.011902 0.416016 0.063477
v 0.010986 0.417969 0.058594
v 0.014893 0.419922 0.063477
v 0.017090 0.416016 0.059326
v 0.017334 0.419922 0.060059
v 0.079102 -0.431641 -0.044678
v 0.096680 -0.429688 -0.031494
v 0.082031 -0.447266 -0.048096
v 0.069824 -0.419922 -0.047363
v 0.085449 -0.421875 -0.044189
v 0.067871 -0.447266 -0.049805
v 0.068848 -0.429688 -0.048584
v -0.028809 0.251953 0.083984
v -0.029053 0.253906 0.086914
v -0.029541 0.215820 0.090820
v -0.030762 0.183594 0.093750
v -0.222656 0.042725 0.020874
v -0.206055 0.079102 0.004669
v -0.199219 0.072266 0.005615
v -0.226562 0.024658 0.024048
v -0.232422 0.031738 0.020996
v -0.227539 0.048340 0.020264
v -0.217773 0.039551 0.025391
v 0.006622 0.416016 0.062988
v 0.009399 0.416016 0.063965
v 0.006012 0.416016 0.062988
v 0.004211 0.416016 0.061768
v 0.006470 0.414062 0.061035
v 0.234375 -0.037598 0.052246
v 0.232422 -0.035156 0.052734
v 0.238281 -0.031128 0.048096
v 0.235352 -0.038574 0.053711
v 0.232422 -0.038086 0.055664
v -0.011414 0.225586 0.107422
v -0.015259 0.220703 0.107910
v -0.001274 0.209961 0.111328
v -0.006561 0.227539 0.106934
v -0.015991 0.237305 0.104492
v -0.089844 -0.443359 0.015320
v -0.101074 -0.449219 0.005096
v -0.111328 -0.464844 0.020630
v -0.078613 -0.443359 0.013123
v -0.089844 -0.429688 0.010986
v -0.094727 -0.451172 0.022827
v -0.100098 -0.429688 0.001663
v 0.100098 0.171875 -0.066406
v 0.125977 0.133789 -0.064941
v 0.095703 0.124023 -0.062500
v 0.154297 0.146484 -0.065918
v 0.061768 0.166992 -0.063477
v 0.135742 0.181641 -0.066895
v 0.090820 0.212891 -0.067383
v 0.120117 0.219727 -0.068359
v 0.000435 0.005280 0.105469
v -0.023560 0.028931 0.102051
v -0.032471 -0.043701 0.101562
v -0.000084 -0.044189 0.106934
v 0.033203 -0.044189 0.100098
v 0.036133 0.006287 0.097656
v 0.024048 0.050781 0.095703
v -0.037109 0.402344 0.021973
v -0.037109 0.408203 0.022827
v -0.036133 0.408203 0.017456
v -0.039307 0.398438 0.017090
v -0.036133 0.396484 0.019409
v -0.034180 0.396484 0.023438
v -0.038330 0.406250 0.015076
v -0.034668 0.402344 0.027954
v -0.041260 0.400391 0.012268
v -0.253906 -0.003128 0.066406
v -0.253906 -0.006439 0.067383
v -0.253906 -0.001511 0.071289
v -0.249023 -0.006287 0.064453
v -0.249023 0.003738 0.060547
v -0.251953 0.009827 0.067383
v -0.253906 0.008301 0.062256
v 0.005157 0.414062 0.056885
v 0.005920 0.417969 0.058838
v 0.005920 0.417969 0.056885
v 0.005188 0.414062 0.058594
v 0.006836 0.412109 0.056885
v 0.122070 -0.261719 0.031494
v 0.125000 -0.259766 0.066406
v 0.127930 -0.341797 0.040039
v 0.114258 -0.181641 0.064453
v 0.152344 -0.257812 0.016113
v 0.114746 -0.180664 0.034180
v 0.143555 -0.337891 0.022827
v -0.057617 0.291016 -0.066406
v -0.054443 0.253906 -0.070312
v -0.086914 0.250000 -0.069824
v -0.023926 0.328125 -0.052734
v -0.023193 0.292969 -0.066406
v -0.023438 0.255859 -0.071289
v -0.059326 0.328125 -0.048340
v -0.092285 0.291016 -0.060547
v -0.056641 -0.486328 -0.008057
v -0.058838 -0.486328 -0.009460
v -0.067383 -0.488281 0.008972
v -0.053711 -0.484375 -0.026367
v -0.059082 -0.496094 -0.005005
v -0.057373 -0.500000 -0.006989
v -0.051514 -0.486328 -0.026611
v 0.021362 0.187500 0.105469
v 0.020752 0.186523 0.104980
v 0.153320 0.029419 -0.001114
v 0.152344 0.035889 0.021240
v 0.139648 0.059326 0.011780
v 0.164062 0.014709 0.028564
v 0.140625 0.057373 -0.013000
v 0.168945 0.003815 0.009216
v 0.181641 0.002304 -0.008850
v 0.167969 0.031250 -0.019775
v -0.010986 0.384766 0.062256
v -0.011963 0.384766 0.063477
v -0.015381 0.384766 0.060303
v -0.103516 -0.181641 -0.065430
v -0.102051 -0.180664 -0.049805
v -0.106445 -0.098633 -0.043213
v -0.104980 -0.259766 -0.053955
v -0.081055 -0.255859 -0.085938
v -0.108398 -0.257812 -0.080566
v -0.088867 -0.180664 -0.067383
v 0.010559 0.375000 0.058105
v 0.006165 0.375000 0.061279
v 0.007416 0.371094 0.061523
v 0.010681 0.371094 0.057373
v 0.008972 0.378906 0.060059
v 0.012512 0.378906 0.058350
v 0.014282 0.376953 0.055176
v 0.247070 0.052002 0.031494
v 0.229492 0.063477 -0.001099
v 0.240234 0.068359 0.028076
v 0.239258 0.058838 0.054932
v 0.184570 0.072754 0.017700
v -0.013245 0.425781 0.069824
v -0.009949 0.419922 0.067871
v -0.005768 0.421875 0.068359
v -0.172852 0.022827 0.050049
v -0.168945 0.010803 0.031494
v -0.169922 0.027222 0.049805
v -0.187500 0.037842 0.067383
v 0.038330 0.417969 -0.006805
v 0.037109 0.435547 -0.020752
v 0.044434 0.429688 -0.004700
v 0.035889 0.412109 -0.000801
v 0.025757 0.406250 -0.012756
v 0.031494 0.419922 -0.020752
v 0.044189 0.425781 0.004333
v 0.080566 -0.480469 0.053467
v 0.075195 -0.490234 0.052246
v 0.084961 -0.490234 0.072754
v 0.092773 -0.478516 0.072266
v 0.076660 -0.474609 0.030518
v 0.074219 -0.490234 0.027466
v 0.083496 -0.464844 0.035156
v 0.093262 -0.470703 0.053223
v -0.166992 0.194336 -0.003998
v -0.145508 0.187500 0.027466
v -0.191406 0.179688 0.023682
v -0.199219 0.179688 -0.006714
v -0.194336 0.172852 -0.035889
v -0.160156 0.190430 -0.035400
v -0.156250 -0.404297 0.007324
v -0.122559 -0.333984 0.060303
v -0.132812 -0.404297 0.066406
v 0.034180 0.353516 -0.001465
v 0.025269 0.357422 -0.020020
v 0.029175 0.365234 0.000294
v 0.027466 0.359375 0.014282
v 0.032227 0.347656 0.014587
v 0.223633 0.002686 0.080078
v 0.217773 0.010010 0.078613
v 0.219727 0.000710 0.081543
v 0.224609 -0.002396 0.082031
v 0.224609 0.000717 0.076172
v 0.223633 0.008545 0.071289
v 0.223633 0.010071 0.077148
v -0.012939 0.410156 0.055664
v -0.016602 0.412109 0.057861
v -0.017334 0.412109 0.054932
v -0.010681 0.410156 0.058350
v -0.013977 0.410156 0.057861
v -0.009521 0.412109 0.057129
v -0.032471 0.130859 -0.044189
v 0.032715 0.470703 0.047852
v 0.031494 0.472656 0.040527
v 0.025391 0.482422 0.048584
v 0.027222 0.480469 0.055176
v 0.023438 0.470703 0.059814
v 0.032715 0.458984 0.048584
v 0.028564 0.464844 0.054443
v 0.119629 -0.039062 0.022217
v 0.127930 -0.099609 0.020874
v 0.116211 -0.039307 -0.007935
v -0.008301 0.378906 0.062988
v -0.240234 -0.011780 0.038330
v -0.236328 -0.017456 0.039795
v -0.238281 -0.012695 0.034180
v -0.244141 -0.011475 0.039307
v -0.241211 -0.018677 0.041260
v -0.239258 -0.004425 0.037598
v 0.002777 0.390625 0.066895
v 0.000984 0.386719 0.069824
v 0.003815 0.386719 0.067871
v 0.002991 0.394531 0.066895
v 0.001907 0.394531 0.068848
v 0.000450 0.390625 0.068848
v 0.005402 0.392578 0.065430
v -0.033691 0.218750 0.101562
v -0.034668 0.210938 0.102539
v -0.026855 0.189453 0.104980
v -0.023193 0.186523 0.105957
v 0.006256 0.178711 0.106445
v 0.013245 0.180664 0.106445
v -0.008728 0.179688 0.106934
v -0.001167 0.177734 0.106934
v -0.023315 0.237305 0.098633
v -0.028442 0.232422 0.099609
v 0.013733 0.242188 0.098145
v 0.004303 0.245117 0.098145
v -0.031982 0.225586 0.100586
v -0.006317 0.246094 0.098145
v -0.016113 0.182617 0.106445
v -0.015625 0.243164 0.098145
v -0.033691 0.203125 0.103027
v -0.031006 0.196289 0.104492
v 0.021851 0.237305 0.099609
v 0.031006 0.220703 0.101562
v 0.027832 0.228516 0.100586
v -0.105957 -0.165039 0.091309
v -0.045654 -0.166992 0.118164
v -0.105957 -0.163086 0.095215
v -0.098633 -0.113281 0.087891
v -0.043457 -0.119141 0.109375
v -0.044434 -0.168945 0.114258
v 0.037598 0.330078 0.038818
v 0.037109 0.332031 0.041016
v 0.035156 0.320312 0.048828
v 0.037354 0.341797 0.027466
v 0.038574 0.339844 0.026978
v 0.038086 0.117676 0.085449
v 0.037598 0.137695 0.088379
v 0.000298 0.136719 0.096191
v 0.064941 0.119141 0.067871
v 0.037842 0.085449 0.088379
v 0.066895 0.086426 0.071289
v 0.002808 0.116211 0.093262
v -0.046387 0.429688 0.015198
v -0.041992 0.425781 0.024902
v -0.047119 0.437500 0.020386
v -0.040771 0.421875 0.019165
v -0.046631 0.421875 0.004608
v -0.041748 0.421875 0.015564
v -0.052490 0.441406 0.007141
v -0.118164 -0.335938 -0.022095
v -0.125000 -0.404297 -0.026978
v -0.001793 0.243164 0.102539
v -0.001900 0.242188 0.103516
v 0.006592 0.242188 0.102539
v -0.009888 0.242188 0.102539
v 0.197266 0.071289 0.004852
v 0.221680 0.042969 0.019897
v 0.216797 0.039551 0.023926
v 0.205078 0.079102 0.004608
v 0.191406 0.069336 0.011780
v -0.009827 0.416016 0.060791
v -0.010010 0.412109 0.062256
v -0.068848 -0.043945 0.084473
v -0.034424 -0.106934 0.101074
v -0.067871 0.006897 0.081543
v -0.073242 -0.045654 0.076660
v -0.073242 -0.106445 0.086426
v 0.029541 0.392578 0.023560
v 0.029907 0.396484 0.020020
v 0.030518 0.398438 0.023193
v 0.027954 0.396484 0.018799
v 0.027222 0.388672 0.025635
v 0.028687 0.390625 0.030396
v 0.066406 -0.498047 0.006622
v 0.111816 -0.500000 -0.005981
v 0.070312 -0.500000 0.023071
v 0.106934 -0.500000 -0.021118
v 0.057373 -0.500000 -0.007935
v -0.168945 0.156250 -0.048828
v -0.148438 0.149414 -0.057617
v -0.177734 0.136719 -0.044922
v -0.181641 0.164062 -0.030762
v -0.160156 0.174805 -0.051514
v -0.189453 0.147461 -0.028564
v -0.143555 0.166016 -0.059082
v -0.211914 0.049805 0.052246
v -0.214844 0.045898 0.058105
v -0.211914 0.044434 0.051758
v -0.210938 0.045166 0.040771
v -0.189453 0.080566 0.036377
v -0.213867 0.053223 0.054199
v 0.031738 0.478516 -0.018677
v 0.013000 0.490234 -0.012390
v 0.028809 0.486328 -0.008240
v 0.042480 0.468750 -0.005920
v 0.032471 0.466797 -0.025635
v 0.012878 0.468750 -0.032471
v 0.013245 0.482422 -0.025269
v 0.250000 -0.028931 0.074219
v 0.249023 -0.019653 0.068359
v 0.253906 -0.020142 0.072266
v 0.249023 -0.032227 0.078125
v 0.248047 -0.033447 0.074707
v 0.247070 -0.031494 0.072754
v 0.249023 -0.027832 0.078125
v -0.001549 0.359375 0.034668
v -0.001396 0.365234 0.038086
v -0.010437 0.361328 0.031128
v 0.007721 0.349609 0.030273
v 0.007538 0.361328 0.031250
v -0.001915 0.347656 0.031494
v -0.010620 0.349609 0.029175
v -0.068848 -0.429688 -0.048340
v -0.069336 -0.421875 -0.047607
v -0.056885 -0.431641 -0.040771
v -0.067383 -0.449219 -0.049805
v -0.079102 -0.431641 -0.044678
v -0.057129 -0.449219 -0.041016
v 0.050049 0.210938 0.079102
v 0.026001 0.208984 0.091797
v 0.054932 0.180664 0.080078
v 0.062256 0.219727 0.071289
v 0.028687 0.251953 0.081055
v 0.105469 0.054932 0.028442
v 0.091797 0.090332 0.029053
v 0.093262 0.051758 0.052979
v 0.104004 0.053955 0.000935
v 0.098633 0.010254 0.048096
v 0.112793 0.011414 0.023926
v -0.012695 0.398438 0.063965
v -0.012817 0.408203 0.063477
v -0.019531 0.404297 0.061035
v -0.008972 0.394531 0.065918
v -0.008057 0.398438 0.066895
v -0.017578 0.394531 0.061523
v -0.011719 0.390625 0.063965
v -0.008667 0.402344 0.066406
v -0.242188 0.000224 0.029785
v -0.241211 0.004028 0.028198
v -0.238281 0.000847 0.031738
v -0.243164 -0.005096 0.030884
v -0.248047 -0.002853 0.031250
v -0.247070 0.004181 0.030151
v 0.002197 0.388672 0.065918
v -0.001503 0.388672 0.065918
v -0.001213 0.382812 0.065918
v 0.002472 0.382812 0.064941
v 0.006470 0.388672 0.062988
v 0.104004 -0.421875 -0.015869
v 0.103516 -0.429688 -0.015625
v 0.097656 -0.421875 -0.032715
v 0.100098 -0.419922 0.001190
v 0.101074 -0.429688 0.001816
v 0.077148 -0.445312 -0.017090
v -0.026733 0.226562 0.105469
v -0.017456 0.215820 0.107422
v -0.022339 0.232422 0.104980
v -0.038086 -0.183594 0.101074
v -0.000282 -0.183594 0.110352
v 0.000038 -0.106934 0.107910
v 0.115234 0.324219 -0.013245
v 0.102539 0.330078 -0.010925
v 0.108887 0.318359 0.013306
v 0.118164 0.308594 0.011780
v 0.123047 0.316406 -0.015747
v 0.119141 0.310547 -0.038574
v 0.057129 0.126953 0.090332
v 0.057617 0.155273 0.090332
v 0.028687 0.152344 0.100098
v 0.088379 0.130859 0.077148
v 0.057373 0.086914 0.094727
v 0.084961 0.090820 0.082031
v 0.031006 0.117676 0.102051
v -0.032471 0.460938 0.049561
v -0.034668 0.468750 0.051025
v -0.038574 0.464844 0.048096
v -0.032227 0.453125 0.048828
v -0.026001 0.457031 0.053467
v -0.024414 0.464844 0.053467
v -0.041016 0.453125 0.043945
v -0.123047 -0.492188 0.102051
v -0.136719 -0.496094 0.084961
v -0.109375 -0.492188 0.101074
v -0.110840 -0.484375 0.099121
v -0.122559 -0.484375 0.099121
v -0.129883 -0.484375 0.092773
v -0.001122 0.210938 0.096191
v -0.000931 0.180664 0.099609
v 0.025635 0.180664 0.094238
v 0.255859 -0.015991 0.062988
v 0.250000 -0.025879 0.066406
v 0.249023 -0.028076 0.061279
v 0.249023 -0.013916 0.063477
v 0.253906 -0.017944 0.057373
v 0.255859 -0.013428 0.060791
v -0.009644 0.384766 0.033691
v -0.013489 0.382812 0.039062
v -0.008118 0.382812 0.034180
v -0.009460 0.390625 0.036865
v -0.013672 0.384766 0.037109
v -0.224609 0.026245 -0.009644
v -0.240234 0.041016 0.008057
v -0.228516 0.057861 0.066406
v -0.239258 0.059814 0.053955
v -0.208008 0.049561 0.072754
v -0.247070 0.053223 0.030640
v 0.008606 0.417969 0.063965
v 0.018066 -0.335938 -0.097656
v 0.027588 -0.406250 -0.096680
v 0.015015 -0.404297 -0.110840
v 0.026367 -0.333984 -0.088379
v 0.019409 -0.255859 -0.088379
v -0.141602 0.225586 0.031250
v -0.111816 0.238281 0.037354
v -0.124023 0.257812 0.030640
v -0.157227 0.199219 0.036377
v -0.123047 0.208984 0.035156
v -0.173828 0.205078 0.017944
v -0.156250 0.241211 0.012573
v -0.248047 -0.010681 0.036621
v -0.247070 -0.011230 0.032959
v -0.246094 -0.014587 0.032959
v -0.246094 -0.004120 0.039062
v -0.249023 -0.001572 0.034424
v -0.247070 -0.013489 0.037354
v -0.001984 0.392578 0.070312
v -0.000465 0.394531 0.072754
v -0.001564 0.394531 0.073730
v -0.003540 0.394531 0.073730
v -0.001900 0.390625 0.068848
v -0.000328 0.392578 0.069824
v -0.003784 0.392578 0.070312
v -0.003845 0.390625 0.068848
v 0.097656 -0.404297 -0.072754
v 0.090820 -0.333984 -0.056396
v 0.104004 -0.404297 -0.059082
v 0.090332 -0.404297 -0.091797
v 0.073242 -0.333984 -0.092285
v -0.029053 0.281250 0.076172
v -0.044434 -0.117676 0.115723
v 0.093262 0.320312 0.028931
v 0.096191 0.302734 0.033691
v 0.097168 0.324219 0.009583
v 0.059570 0.337891 0.011658
v 0.038330 0.337891 0.026855
v 0.036377 0.330078 0.040771
v 0.062256 0.302734 0.049805
v 0.095703 0.304688 0.038574
v 0.118164 0.150391 0.043213
v 0.144531 0.186523 0.027222
v 0.144531 0.164062 0.050049
v 0.105957 0.147461 0.033691
v 0.112793 0.170898 0.026855
v 0.130859 0.185547 0.041260
v 0.105957 0.173828 0.037842
v -0.045166 0.480469 0.011597
v -0.053955 0.468750 0.007050
v -0.052002 0.464844 0.016724
v -0.045654 0.474609 0.023926
v -0.036621 0.486328 0.017578
v -0.040771 0.484375 0.001572
v -0.124023 -0.480469 0.059326
v -0.118652 -0.474609 0.038574
v -0.134766 -0.486328 0.057617
v -0.128906 -0.480469 0.078613
v -0.108398 -0.474609 0.063965
v -0.133789 -0.488281 0.079590
v -0.101074 -0.468750 0.049805
v 0.089355 0.167969 -0.006622
v 0.087402 0.153320 -0.006714
v 0.080078 0.153320 -0.027100
v 0.082031 0.170898 -0.031982
v 0.087891 0.178711 -0.040771
v 0.089355 0.163086 0.012024
v 0.091797 0.167969 -0.006561
v 0.090332 0.170898 0.013916
v 0.253906 -0.018677 0.075684
v 0.249023 -0.015869 0.076172
v 0.253906 -0.015625 0.074707
v -0.104492 0.135742 -0.030396
v -0.107422 0.164062 -0.002792
v -0.106934 0.136719 -0.038574
v -0.099609 0.156250 -0.042236
v -0.097168 0.154297 -0.011047
v -0.101562 0.137695 -0.003235
v -0.097168 0.156250 -0.005615
v 0.016113 0.414062 0.059814
v 0.015747 0.412109 0.057129
v 0.017090 0.414062 0.056885
v 0.016479 0.416016 0.060059
v 0.013794 0.410156 0.060059
v 0.013855 0.414062 0.061768
v 0.014221 0.416016 0.061768
v 0.050049 -0.371094 -0.025146
v 0.060303 -0.431641 -0.026245
v 0.060059 -0.431641 -0.016968
v 0.056885 -0.371094 -0.035400
v 0.044678 -0.308594 -0.024170
v 0.051758 -0.369141 -0.013672
v -0.032227 0.224609 0.099121
v -0.034180 0.218750 0.100098
v -0.132812 -0.257812 -0.052246
v -0.153320 -0.337891 -0.059082
v -0.147461 -0.335938 -0.027222
v -0.114258 -0.335938 -0.058350
v -0.143555 -0.255859 -0.013489
v -0.119141 -0.180664 -0.047607
v 0.003418 0.369141 0.063965
v 0.002380 0.373047 0.063965
v -0.001488 0.367188 0.064453
v -0.001564 0.367188 0.062988
v 0.004120 0.365234 0.062256
v 0.238281 0.044189 0.038574
v 0.250000 0.023804 0.049072
v 0.246094 0.017944 0.031128
v 0.229492 0.059814 0.040527
v 0.232422 0.048828 0.050293
v 0.236328 0.038086 0.025146
v 0.232422 0.054932 0.027588
v -0.005798 0.402344 0.074219
v -0.005707 0.410156 0.066406
v -0.006683 0.402344 0.069336
v -0.007538 0.398438 0.072266
v -0.005768 0.398438 0.075684
v -0.003784 0.402344 0.076172
v -0.003937 0.408203 0.070312
v -0.040771 0.051758 0.090332
v -0.095215 -0.043213 0.069336
v -0.094238 0.009033 0.059082
v 0.040283 0.408203 0.008301
v 0.040283 0.408203 0.007050
v 0.041016 0.412109 0.006439
v 0.036865 0.410156 0.012634
v 0.037842 0.400391 0.011292
v 0.042236 0.414062 0.006836
v 0.104980 -0.480469 0.087402
v 0.108887 -0.486328 0.094727
v 0.118164 -0.480469 0.086426
v 0.107910 -0.474609 0.063965
v 0.098633 -0.486328 0.087402
v -0.097168 0.162109 0.014099
v -0.104004 0.141602 0.016968
v -0.099121 0.169922 0.031982
v -0.107910 0.147461 0.034912
v -0.093750 0.166016 -0.007233
v -0.221680 0.048584 0.058594
v -0.215820 0.035400 0.068359
v -0.225586 0.033691 0.065918
v 0.030640 0.482422 0.030029
v 0.035889 0.484375 0.006653
v 0.028320 0.490234 0.008606
v 0.035156 0.472656 0.037598
v 0.018921 0.492188 0.034668
v 0.037598 0.476562 0.025635
v 0.238281 -0.026245 0.053711
v 0.246094 -0.017578 0.052246
v 0.242188 -0.016602 0.050293
v 0.240234 -0.027832 0.055908
v 0.233398 -0.033203 0.056152
v 0.241211 -0.018921 0.045898
v 0.236328 -0.029053 0.049561
v -0.001518 0.361328 -0.035400
v -0.001564 0.376953 -0.026367
v 0.016479 0.363281 -0.032715
v -0.001564 0.345703 -0.044189
v -0.019531 0.361328 -0.032715
v -0.095215 -0.367188 -0.023438
v -0.094238 -0.429688 -0.006500
v 0.026245 0.219727 0.106445
v 0.026855 0.211914 0.107422
v 0.027832 0.211914 0.105469
v 0.022949 0.226562 0.104980
v 0.011475 0.220703 0.107422
v 0.026855 0.219727 0.104980
v 0.014282 0.213867 0.108398
v 0.029419 0.089844 -0.051025
v 0.026733 0.121094 -0.041260
v 0.054199 0.121582 -0.032227
v 0.030640 0.052490 -0.061523
v 0.000248 0.051758 -0.063477
v 0.057129 0.090332 -0.041504
v -0.000069 0.089355 -0.051758
v -0.025391 0.414062 0.055664
v -0.022339 0.416016 0.056396
v -0.025024 0.417969 0.054932
v -0.021851 0.414062 0.057861
v -0.029785 0.410156 0.051758
v -0.025146 0.408203 0.057129
v -0.028076 0.416016 0.052246
v -0.000938 0.279297 0.074707
v 0.028320 0.287109 0.068359
v -0.001122 0.251953 0.085938
v -0.030518 0.287109 0.068848
v -0.029663 0.251953 0.082520
v -0.001060 0.300781 0.065430
v 0.248047 -0.005859 0.064941
v 0.245117 -0.019287 0.069336
v 0.247070 -0.004974 0.069824
v 0.250000 -0.007721 0.063477
v 0.249023 0.002960 0.060303
v -0.031006 0.386719 0.026123
v -0.025513 0.380859 0.027954
v -0.029907 0.384766 0.033447
v -0.028931 0.390625 0.018921
v -0.033203 0.392578 0.029663
v -0.032959 0.394531 0.023315
v -0.032471 0.396484 0.019165
v -0.086426 0.145508 0.009399
v -0.084961 0.144531 0.030396
v -0.075195 0.145508 -0.014771
v 0.020996 0.427734 0.061768
v 0.016724 0.425781 0.064941
v 0.019897 0.421875 0.060547
v 0.023804 0.423828 0.056885
v 0.024658 0.427734 0.057617
v 0.017944 0.433594 0.062256
v 0.016724 0.429688 0.065918
v 0.081055 -0.257812 -0.086426
v 0.114746 -0.335938 -0.096191
v 0.098633 -0.337891 -0.092285
v 0.071777 -0.180664 -0.080078
v 0.043457 -0.257812 -0.108398
v 0.085938 -0.337891 -0.102051
v 0.106445 -0.257812 -0.081543
v -0.035400 0.324219 0.057129
v -0.037354 0.326172 0.048340
v -0.035156 0.314453 0.059570
v -0.034424 0.312500 0.068359
v -0.027100 0.312500 0.070801
v -0.033936 0.333984 0.045654
v -0.038818 0.341797 0.030640
v -0.029175 0.326172 0.049561
v -0.076172 -0.101562 -0.068359
v -0.073242 -0.180664 -0.083008
v -0.071777 -0.041260 -0.061523
v -0.032471 -0.042480 -0.078613
v -0.036377 -0.103027 -0.085449
v -0.101074 -0.040039 -0.036865
v 0.004395 0.380859 0.052246
v 0.009766 0.380859 0.048828
v 0.123535 -0.492188 0.010925
v 0.124023 -0.500000 0.010132
v 0.111328 -0.490234 -0.006622
v -0.028809 0.153320 0.094238
v -0.054932 0.153320 0.083496
v -0.054932 0.127930 0.085449
v -0.001442 0.153320 0.101074
v -0.028198 0.180664 0.094727
v -0.056396 0.179688 0.080566
v -0.076660 -0.421875 0.012329
v -0.064941 -0.421875 0.004364
v -0.076660 -0.447266 -0.017334
v -0.077637 -0.429688 0.011108
v -0.090332 -0.419922 0.010498
v 0.162109 0.203125 -0.034180
v 0.169922 0.183594 -0.033936
v 0.152344 0.195312 -0.051025
v 0.165039 0.208984 -0.009155
v 0.033691 0.083984 0.098145
v 0.032959 0.083984 0.104004
v 0.036621 0.031982 0.101562
v 0.083496 0.086914 0.075684
v 0.084473 0.033936 0.080078
v 0.030884 0.117188 0.097168
v -0.033203 0.417969 0.044678
v -0.028076 0.421875 0.051025
v -0.034668 0.419922 0.034424
v -0.249023 -0.001724 0.050537
v -0.247070 -0.017456 0.053711
v -0.242188 -0.016968 0.051025
v -0.249023 -0.016724 0.055176
v -0.253906 -0.013977 0.056396
v -0.253906 0.004669 0.052002
v -0.255859 0.002945 0.047607
v -0.250000 -0.015991 0.050293
v -0.244141 -0.003281 0.048340
v -0.244141 -0.001183 0.052490
v 0.011047 0.437500 -0.040283
v -0.006134 0.437500 -0.041504
v -0.005280 0.453125 -0.041016
v 0.008728 0.419922 -0.037109
v 0.012390 0.453125 -0.038086
v 0.026978 0.437500 -0.034180
v 0.021851 0.419922 -0.032959
v 0.083496 -0.261719 0.069824
v 0.136719 -0.341797 0.071289
v 0.087402 -0.339844 0.071777
v -0.019531 0.353516 0.023804
v -0.020142 0.369141 0.024780
v -0.031006 0.361328 0.013611
v -0.035889 0.345703 0.014160
v -0.012817 0.330078 0.033691
v -0.053711 -0.488281 -0.042969
v -0.066895 -0.486328 -0.052734
v -0.066895 -0.486328 -0.051025
v -0.054688 -0.500000 -0.042236
v -0.051758 -0.500000 -0.025269
v 0.170898 0.174805 0.042480
v 0.233398 -0.022949 0.040039
v 0.236328 -0.018188 0.039062
v 0.235352 -0.018921 0.034912
v 0.232422 -0.024780 0.036133
v 0.231445 -0.028198 0.040771
v 0.234375 -0.027832 0.042969
v 0.240234 -0.018677 0.040527
v -0.008362 0.384766 0.066406
v -0.233398 -0.029663 0.042725
v -0.231445 -0.027710 0.041504
v -0.234375 -0.027100 0.044189
v -0.235352 -0.028809 0.038330
v -0.233398 -0.028198 0.039062
v -0.236328 -0.028442 0.041748
v 0.003540 0.257812 0.099121
v 0.007294 0.267578 0.095215
v 0.005035 0.265625 0.093750
v 0.007172 0.253906 0.098633
v 0.001373 0.255859 0.097168
v -0.002167 0.244141 0.101074
v 0.217773 0.104004 0.014038
v 0.213867 0.093750 -0.010803
v 0.206055 0.130859 0.005768
v -0.007996 0.443359 0.066406
v -0.002167 0.457031 0.065430
v -0.006927 0.457031 0.065430
v -0.017822 0.443359 0.062988
v -0.015747 0.433594 0.066406
v -0.215820 0.009277 0.076172
v -0.215820 0.009033 0.071289
v -0.214844 0.013123 0.074707
v -0.216797 0.000931 0.078613
v -0.217773 0.010742 0.079590
v 0.029053 0.398438 0.033936
v 0.032227 0.406250 0.022461
v 0.032227 0.410156 0.026611
v 0.025391 0.394531 0.042480
v 0.026123 0.388672 0.037109
v 0.029907 0.404297 0.040771
v 0.064453 -0.427734 0.004608
v 0.056885 -0.449219 -0.011047
v 0.069336 -0.447266 0.004059
v 0.078613 -0.429688 0.010620
v 0.065918 -0.419922 0.004639
v 0.051514 -0.429688 -0.009949
v 0.052490 -0.421875 -0.010193
v -0.176758 0.200195 -0.037354
v -0.161133 0.192383 -0.057861
v -0.143555 0.230469 -0.058350
v -0.158203 0.239258 -0.040283
v -0.181641 0.206055 -0.010681
v -0.245117 -0.029785 0.061035
v -0.251953 -0.017944 0.057861
v -0.249023 -0.032227 0.063965
v 0.009644 0.369141 -0.021851
v -0.002014 0.357422 -0.028809
v -0.002319 0.369141 -0.024170
v 0.008789 0.382812 -0.020630
v 0.021606 0.367188 -0.015259
v 0.012695 0.357422 -0.026855
v 0.018921 0.382812 -0.012695
v 0.213867 0.034912 0.067871
v 0.213867 0.046875 0.058350
v 0.208984 0.038086 0.058105
v 0.224609 0.031250 0.066895
v 0.222656 0.048340 0.058594
v 0.210938 0.027344 0.068359
v 0.216797 0.025757 0.072266
v -0.029297 0.492188 0.034180
v -0.022095 0.496094 0.032959
v -0.023682 0.498047 0.019165
v -0.032227 0.490234 0.024414
v -0.032715 0.478516 0.046143
v -0.020874 0.494141 0.047607
v -0.092773 0.052246 -0.022949
v -0.109375 0.010010 -0.004486
v -0.076172 0.089844 -0.024414
v -0.076660 0.052734 -0.041016
v -0.095703 0.008667 -0.031494
v 0.013489 0.412109 0.062256
v 0.014038 0.408203 0.061768
v 0.016479 0.412109 0.060791
v 0.015625 0.414062 0.061035
v 0.007751 0.406250 0.063477
v 0.013245 0.416016 0.062988
v 0.009338 0.412109 0.062988
v 0.070801 -0.431641 -0.007538
v 0.064941 -0.367188 0.000591
v 0.080078 -0.427734 0.002151
v -0.030518 0.204102 0.107910
v -0.031250 0.210938 0.107422
v -0.031982 0.210938 0.105469
v -0.017700 0.205078 0.109375
v -0.018799 0.210938 0.108398
v -0.031250 0.203125 0.106445
v -0.027832 0.198242 0.108398
v -0.214844 0.039795 0.030640
v -0.218750 0.029541 0.039062
v -0.192383 0.069824 0.011475
v 0.002258 0.402344 0.073730
v 0.000580 0.402344 0.076172
v 0.002411 0.400391 0.075684
v 0.000813 0.408203 0.070801
v 0.003967 0.398438 0.072266
v 0.002899 0.402344 0.068848
v -0.004761 0.257812 0.096191
v -0.008606 0.265625 0.093750
v -0.005890 0.257812 0.099609
v -0.002777 0.248047 0.100586
v -0.002502 0.249023 0.096680
v -0.084473 -0.490234 0.072754
v -0.099609 -0.486328 0.088867
v -0.098145 -0.486328 0.090332
v -0.080566 -0.482422 0.053467
v -0.093750 -0.480469 0.074219
v -0.083008 -0.488281 0.072754
v -0.073242 -0.492188 0.052002
v -0.074707 -0.490234 0.051514
v 0.114746 0.165039 0.020996
v 0.120117 0.142578 0.022095
v 0.140625 0.152344 0.036133
v 0.100098 0.179688 -0.003067
v 0.107910 0.158203 -0.001114
v 0.129883 0.171875 0.034180
v 0.102051 0.182617 0.018188
v 0.102539 -0.041992 0.041260
v 0.107910 -0.101562 0.037842
v 0.091797 0.008606 0.067871
v 0.098145 -0.043945 0.068848
v -0.044189 0.406250 0.007141
v -0.040771 0.400391 0.011414
v -0.251953 -0.019531 0.072266
v -0.249023 -0.027832 0.079102
v -0.251953 -0.015320 0.074707
v -0.251953 -0.016602 0.070801
v -0.251953 -0.018311 0.076172
v 0.011292 0.386719 0.041992
v 0.135742 -0.494141 0.031494
v 0.123047 -0.492188 0.011658
v 0.140625 -0.492188 0.055420
v 0.120605 -0.482422 0.014771
v -0.071289 0.175781 -0.047607
v -0.067383 0.117676 -0.061279
v -0.028442 0.114258 -0.062500
v 0.009094 0.171875 -0.047119
v -0.131836 0.180664 -0.057617
v -0.110840 0.126953 -0.064941
v -0.004944 -0.257812 -0.081543
v -0.026978 -0.194336 -0.066895
v 0.022949 -0.193359 -0.066895
v 0.096191 0.251953 0.060547
v 0.096191 0.215820 0.067871
v 0.093262 0.215820 0.062988
v 0.057861 0.251953 0.074219
v 0.097168 0.279297 0.050781
v 0.059570 0.279297 0.063477
v 0.095215 0.250000 0.054932
v 0.115234 0.177734 -0.051025
v 0.107422 0.136719 -0.040771
v 0.134766 0.185547 -0.055420
v 0.099121 0.157227 -0.044189
v -0.019653 0.419922 0.057129
v -0.020752 0.416016 0.057129
v -0.019775 0.416016 0.059814
v -0.018555 0.419922 0.055176
v -0.020142 0.417969 0.055176
v -0.018311 0.419922 0.059814
v -0.017334 0.419922 0.057617
v -0.116211 -0.337891 -0.095703
v -0.100098 -0.337891 -0.090332
v 0.027222 0.285156 0.070801
v 0.025879 0.251953 0.083984
v 0.026733 0.281250 0.075684
v 0.027466 0.306641 0.062256
v 0.245117 -0.005737 0.037354
v 0.242188 -0.003967 0.040527
v 0.239258 -0.004791 0.036377
v 0.248047 -0.010803 0.036133
v 0.251953 -0.001495 0.034180
v 0.247070 -0.004852 0.039062
v 0.244141 -0.010559 0.038574
v -0.004669 0.392578 0.069824
v -0.004456 0.396484 0.071289
v -0.005920 0.394531 0.068848
v -0.147461 0.130859 0.042725
v -0.152344 0.107910 0.046143
v -0.126953 0.120117 0.024170
v -0.173828 0.115723 0.045898
v -0.121582 0.142578 0.022583
v -0.141602 0.152344 0.036865
v -0.171875 0.148438 0.037842
v -0.183594 0.127930 0.041504
v 0.040283 0.478516 0.002396
v 0.042480 0.470703 0.021606
v 0.041016 -0.119141 0.109863
v 0.097168 -0.111816 0.086914
v 0.104492 -0.165039 0.091309
v 0.041748 -0.168945 0.114258
v 0.043701 -0.167969 0.119141
v 0.040527 -0.064941 0.106445
v 0.041748 -0.118164 0.115234
v -0.111816 0.318359 0.013000
v -0.099609 0.324219 0.013672
v -0.105957 0.330078 -0.010620
v -0.120605 0.308594 0.011292
v -0.095215 0.308594 0.030151
v -0.228516 0.063477 -0.001877
v -0.200195 0.082520 -0.028320
v -0.212891 0.051514 -0.019531
v -0.239258 0.069824 0.028320
v -0.211914 0.094238 -0.011780
v 0.004028 0.445312 0.066895
v 0.003387 0.458984 0.065918
v -0.001411 0.464844 0.064941
v 0.137695 -0.179688 0.017822
v -0.018188 0.287109 0.088867
v -0.013977 0.277344 0.093750
v -0.016968 0.285156 0.085938
v -0.025879 0.285156 0.086914
v -0.020874 0.273438 0.092773
v -0.020142 0.294922 0.080566
v -0.021729 0.296875 0.083008
v -0.063477 -0.429688 0.004700
v -0.051025 -0.423828 -0.011292
v -0.068359 -0.447266 0.004669
v -0.055908 -0.449219 -0.010071
v -0.050537 -0.429688 -0.010498
v 0.159180 0.192383 -0.058105
v 0.174805 0.201172 -0.037598
v 0.193359 0.172852 -0.034912
v 0.142578 0.231445 -0.057861
v 0.176758 0.161133 -0.054932
v 0.211914 0.019165 0.067383
v 0.215820 0.008789 0.070312
v 0.214844 0.012817 0.074219
v 0.210938 0.021118 0.070801
v -0.036133 0.410156 0.031250
v -0.039062 0.414062 0.021851
v -0.084961 -0.261719 0.069336
v -0.089844 -0.261719 0.094238
v -0.079590 -0.182617 0.088379
v -0.088379 -0.339844 0.072266
v -0.114746 -0.182617 0.063477
v -0.126953 -0.261719 0.066895
v -0.079590 -0.184570 0.067871
v -0.137695 -0.339844 0.071289
v 0.031494 0.335938 0.034912
v 0.034424 0.339844 0.034424
v 0.032715 0.341797 0.027588
v 0.031006 0.330078 0.049561
v 0.028320 0.326172 0.048828
v 0.255859 0.006073 0.057373
v 0.255859 0.007660 0.061768
v 0.255859 0.002762 0.050537
v 0.253906 0.013672 0.058105
v 0.250000 0.002350 0.058838
v -0.006012 0.419922 -0.038818
v -0.018433 0.419922 -0.035889
v -0.022339 0.453125 -0.038086
v -0.021606 0.437500 -0.039062
v -0.168945 0.004791 0.011963
v -0.153320 0.036133 0.020630
v 0.001907 0.396484 0.074219
v 0.000942 0.398438 0.077148
v 0.000385 0.396484 0.076660
v 0.001190 0.396484 0.074219
v 0.003082 0.398438 0.072266
v 0.056152 -0.484375 -0.043457
v 0.055420 -0.464844 -0.043701
v 0.067383 -0.464844 -0.052734
v 0.067383 -0.486328 -0.052979
v 0.054932 -0.488281 -0.043213
v 0.052246 -0.486328 -0.024902
v -0.096680 0.185547 0.068848
v -0.100586 0.215820 0.067383
v -0.093262 0.155273 0.071777
v -0.098145 0.216797 0.062988
v -0.103516 -0.464844 -0.017456
v -0.110840 -0.466797 0.007202
v -0.094727 -0.464844 -0.038574
v -0.104004 -0.486328 -0.021484
v -0.110840 -0.488281 -0.005249
v -0.099609 -0.449219 -0.009277
v -0.100586 -0.449219 -0.015869
v -0.093750 -0.449219 -0.034912
v 0.004211 0.182617 0.108398
v 0.011230 0.185547 0.108398
v 0.011292 0.186523 0.109863
v 0.004822 0.183594 0.110352
v -0.002686 0.180664 0.108887
v -0.009277 0.388672 0.063477
v -0.004822 0.384766 0.064941
v -0.004944 0.388672 0.065918
v -0.010925 0.382812 0.062256
v -0.008179 0.384766 0.062988
v -0.013123 0.388672 0.058838
v -0.033936 0.117676 0.102539
v -0.037354 0.084473 0.097656
v -0.034912 0.117676 0.096680
v -0.036133 0.084473 0.104492
v -0.060059 0.086914 0.094727
v 0.036133 0.439453 0.040771
v 0.036865 0.433594 0.034424
v 0.030884 0.431641 0.035889
v 0.032715 0.441406 0.045166
v 0.105469 -0.104492 0.067383
v 0.079102 -0.182617 0.068359
v -0.057373 0.347656 -0.023193
v -0.078125 0.333984 -0.033691
v -0.080566 0.337891 -0.005859
v -0.057373 0.347656 -0.005249
v -0.038574 0.361328 -0.009033
v -0.031738 0.361328 -0.025146
v -0.043457 0.345703 -0.035156
v -0.246094 0.003143 0.059082
v -0.238281 0.007660 0.055420
v -0.245117 0.004150 0.062256
v -0.245117 -0.014221 0.061768
v -0.246094 -0.015564 0.057617
v 0.029541 0.400391 0.015198
v 0.027100 0.400391 0.011230
v 0.031250 0.408203 0.010254
v 0.032959 0.396484 0.019165
v 0.024536 0.390625 0.017700
v 0.036865 0.400391 0.010681
v 0.034668 0.398438 0.015076
v -0.013611 0.337891 0.044189
v -0.029785 0.339844 0.037354
v -0.035400 0.322266 0.046631
v -0.011414 0.320312 0.054443
v -0.000717 0.332031 0.049316
v -0.007111 0.343750 0.040527
v -0.039307 -0.180664 -0.094238
v 0.014709 0.373047 0.052002
v 0.012817 0.369141 0.049316
v 0.018188 0.378906 0.048096
v 0.009888 0.367188 0.054932
v -0.000694 0.144531 -0.041260
v 0.026367 0.144531 -0.040039
v -0.000488 0.121094 -0.042480
v -0.026611 0.120605 -0.041260
v -0.027832 0.144531 -0.040283
v -0.034668 0.478516 0.046631
v -0.027588 0.474609 0.056885
v -0.241211 0.062988 0.054443
v -0.226562 0.061768 0.069336
v -0.225586 0.086914 0.044678
v -0.001625 0.500000 0.000614
v -0.013977 0.500000 0.018188
v -0.000595 0.500000 0.018311
v -0.002930 0.494141 -0.015381
v -0.018188 0.498047 0.001831
v 0.012146 0.498047 0.002289
v 0.094727 -0.061279 0.091309
v 0.092285 -0.062988 0.084961
v 0.087891 -0.014465 0.083008
v 0.089355 -0.012268 0.089355
v 0.040527 -0.056396 0.111328
v 0.100098 -0.107910 0.092285
v -0.024536 0.378906 0.042236
v -0.024780 0.384766 0.045166
v -0.029785 0.388672 0.037354
v -0.020630 0.376953 0.049561
v -0.022339 0.376953 0.035645
v -0.019775 0.373047 0.044922
v -0.053467 -0.337891 -0.119629
v -0.044434 -0.257812 -0.106934
v -0.001228 -0.257812 -0.108887
v -0.000381 -0.337891 -0.115234
v -0.084473 -0.337891 -0.105469
v 0.086914 0.205078 0.034912
v 0.096191 0.220703 0.038086
v 0.130859 0.086914 -0.019043
v -0.016846 0.414062 0.061523
v -0.017944 0.416016 0.062256
v -0.019409 0.414062 0.060059
v -0.017212 0.410156 0.060059
v -0.015137 0.412109 0.062256
v -0.015015 0.416016 0.063477
v -0.118164 -0.257812 -0.017578
v -0.124023 -0.259766 -0.034912
v -0.107910 -0.192383 -0.020996
v 0.014709 0.267578 0.093750
v 0.010620 0.279297 0.087891
v 0.201172 0.081543 -0.027588
v -0.009705 0.417969 0.060791
v -0.012024 0.416016 0.062256
v -0.010681 0.414062 0.061279
v -0.009155 0.414062 0.058838
v -0.011169 0.417969 0.060303
v -0.012634 0.417969 0.061768
v -0.008423 0.417969 0.058838
v -0.217773 -0.002823 0.083008
v -0.217773 -0.000534 0.074707
v -0.219727 -0.005096 0.079590
v 0.012756 0.410156 0.057373
v 0.014465 0.412109 0.055176
v 0.016479 0.414062 0.054932
v 0.071777 -0.490234 0.026978
v 0.073242 -0.490234 0.052734
v -0.170898 0.183594 -0.033936
v -0.174805 0.189453 -0.005707
v -0.166016 0.208008 -0.009399
v -0.164062 0.202148 -0.033936
v -0.186523 0.170898 -0.003525
v -0.153320 0.195312 -0.050537
v -0.141602 -0.492188 0.056396
v -0.143555 -0.500000 0.056641
v -0.136719 -0.488281 0.080566
v -0.095703 -0.496094 0.090332
v 0.008850 0.320312 0.054688
v -0.001030 0.320312 0.055176
v 0.033203 0.322266 0.047119
v 0.010742 0.337891 0.044434
v 0.251953 -0.003937 0.048340
v 0.246094 -0.026367 0.052246
v 0.250000 -0.019775 0.051025
v 0.251953 -0.016235 0.049316
v -0.023682 0.380859 -0.013184
v -0.030518 0.375000 0.002411
v -0.030273 0.388672 0.003281
v -0.025513 0.367188 -0.015869
v -0.013733 0.382812 -0.021606
v -0.013977 0.369141 -0.022217
v -0.027100 0.392578 -0.007812
v -0.022461 0.394531 -0.017822
v 0.010559 0.427734 0.069336
v 0.011230 0.421875 0.067383
v 0.132812 -0.335938 -0.044434
v 0.066895 -0.257812 -0.083496
v 0.091797 -0.257812 -0.052002
v 0.123535 -0.259766 -0.035645
v -0.061279 0.251953 0.074707
v -0.029541 0.306641 0.064941
v -0.061523 0.279297 0.063965
v -0.240234 0.013550 0.025757
v -0.233398 0.009216 0.028442
v 0.006287 0.412109 0.062256
v 0.003204 0.410156 0.065430
v 0.008911 0.414062 0.062988
v 0.103027 -0.445312 -0.015198
v -0.009888 0.195312 0.110840
v -0.022095 0.189453 0.108398
v -0.016846 0.186523 0.108887
v -0.009094 0.183594 0.109863
v -0.014160 0.200195 0.109375
v -0.023560 0.191406 0.108887
v -0.002441 0.194336 0.110352
v -0.114746 -0.181641 0.033691
v -0.153320 -0.257812 0.015442
v -0.122559 -0.261719 0.031738
v -0.107422 -0.102539 0.037598
v -0.139648 -0.178711 0.017334
v -0.104004 -0.104980 0.066406
v 0.040527 0.347656 -0.034180
v 0.074707 0.333984 -0.033203
v 0.063965 0.140625 0.069824
v -0.049072 0.451172 0.023682
v -0.050293 0.460938 0.027100
v -0.053223 0.453125 0.011108
v -0.046875 0.458984 0.038818
v -0.044434 0.449219 0.034424
v 0.187500 0.157227 0.023804
v 0.176758 0.171875 0.020264
v 0.164062 0.167969 0.032471
v 0.196289 0.156250 -0.000122
v -0.010986 0.474609 0.064453
v -0.004913 0.472656 0.068359
v -0.007874 0.486328 0.068848
v -0.014771 0.480469 0.063477
v -0.019897 0.476562 0.061279
v -0.015259 0.460938 0.060303
v -0.008362 0.464844 0.062256
v -0.017822 0.468750 0.058594
v -0.043701 0.085449 0.085449
v -0.045410 0.117676 0.083008
v -0.020386 0.085449 0.092773
v -0.022949 0.117188 0.091797
v 0.041260 0.419922 0.018555
v 0.036621 0.416016 0.014038
v 0.039795 0.421875 0.017944
v 0.056152 -0.339844 0.107422
v 0.096680 -0.339844 0.100098
v 0.089844 -0.261719 0.094238
v 0.041016 -0.261719 0.103027
v 0.018677 -0.339844 0.114746
v -0.099121 0.219727 0.038818
v -0.100098 0.189453 0.033936
v -0.091309 0.205078 0.035889
v -0.090332 0.234375 0.042725
v -0.218750 0.014771 0.077148
v -0.212891 0.021729 0.070801
v -0.216797 0.025635 0.073242
v -0.223633 0.010803 0.077637
v -0.222656 0.025513 0.071289
v -0.221680 0.013855 0.075195
v 0.015015 0.419922 0.057617
v 0.016968 0.417969 0.056885
v 0.015991 0.417969 0.054932
v 0.012390 0.421875 0.057617
v 0.014465 0.419922 0.060059
v 0.012573 0.421875 0.055176
v 0.248047 -0.032471 0.062988
v 0.244141 -0.029541 0.060547
v 0.248047 -0.031128 0.066895
v 0.242188 -0.042725 0.067871
v 0.239258 -0.040039 0.064941
v -0.016846 0.357422 -0.026978
v -0.054199 -0.464844 -0.043457
v -0.052246 -0.464844 -0.026245
v -0.065918 -0.464844 -0.053223
v 0.031738 0.210938 0.101074
v 0.063965 0.053711 -0.049316
v 0.077148 0.090820 -0.023315
v 0.090820 0.053223 -0.026733
v 0.068359 0.009338 -0.054443
v 0.095215 0.009338 -0.031738
v -0.024780 0.390625 0.050293
v -0.021118 0.382812 0.052002
v -0.019653 0.388672 0.057373
v -0.028320 0.394531 0.042480
v -0.024536 0.400391 0.056641
v -0.030273 0.404297 0.048828
v -0.234375 -0.022339 0.041260
v -0.232422 -0.023804 0.037354
v -0.001625 0.386719 0.070312
v -0.001534 0.384766 0.068848
v 0.000916 0.384766 0.067871
v 0.096680 -0.500000 -0.040527
v 0.083008 -0.500000 -0.051025
v 0.082520 -0.488281 -0.050781
v 0.095703 -0.486328 -0.041260
v 0.052979 -0.500000 -0.024780
v 0.054688 -0.500000 -0.041748
v -0.016479 0.180664 0.105469
v -0.008789 0.177734 0.105469
v -0.022705 0.185547 0.104980
v 0.007568 -0.335938 0.086426
v 0.000633 -0.261719 0.089355
v 0.156250 0.240234 -0.039795
v 0.198242 0.179688 -0.006531
v 0.210938 0.044189 0.051025
v 0.209961 0.044189 0.039551
v 0.210938 0.049072 0.052246
v -0.037598 0.435547 -0.031982
v -0.049561 0.451172 -0.018555
v -0.038574 0.453125 -0.030151
v -0.031982 0.419922 -0.029419
v -0.045654 0.431641 -0.020142
v -0.120117 -0.484375 0.015869
v 0.055664 0.209961 -0.067871
v 0.025757 0.164062 -0.062500
v 0.023071 0.208008 -0.068359
v 0.245117 -0.030396 0.073730
v 0.253906 -0.017090 0.070312
v -0.016235 0.384766 0.049072
v -0.013123 0.382812 0.048096
v -0.008118 0.380859 0.039062
v -0.117676 0.139648 -0.021973
v -0.112305 0.158203 -0.024780
v -0.114746 0.137695 -0.000504
v -0.125000 0.113770 -0.022217
v -0.138672 0.117188 -0.045166
v -0.121094 0.114746 0.000088
v -0.130859 0.141602 -0.047363
v 0.012817 0.419922 0.061279
v 0.014160 0.417969 0.061768
v 0.011902 0.419922 0.060547
v 0.011169 0.417969 0.061768
v 0.049072 -0.310547 -0.010925
v 0.062988 -0.308594 0.003403
v 0.040527 -0.271484 -0.020996
v 0.043457 -0.269531 -0.001083
v -0.100098 0.251953 0.060303
v -0.001686 0.227539 0.106934
v 0.005188 0.241211 0.104004
v 0.003021 0.226562 0.107422
v 0.232422 0.009583 0.027832
v 0.236328 0.001167 0.031128
v 0.237305 0.001381 0.035645
v 0.229492 0.009827 0.032227
v 0.225586 0.025269 0.022705
v 0.240234 0.013062 0.025024
v 0.240234 0.002029 0.027588
v -0.007935 0.408203 0.064941
v -0.078125 0.153320 0.065918
v -0.077148 0.129883 0.066895
v 0.074707 -0.105957 0.070312
v 0.074707 -0.105957 0.086426
v 0.072754 -0.045898 0.075684
v -0.241211 -0.027832 0.056152
v -0.238281 -0.026245 0.054443
v -0.250000 -0.019287 0.052002
v -0.247070 -0.026489 0.052979
v 0.017822 0.394531 -0.017578
v 0.022217 0.394531 -0.008606
v 0.018311 0.406250 -0.025269
v 0.007721 0.394531 -0.023804
v 0.134766 -0.486328 0.080078
v 0.125977 -0.484375 0.090332
v -0.002014 0.326172 0.033447
v 0.008728 0.330078 0.035400
v -0.081055 -0.306641 -0.042236
v -0.056396 -0.267578 -0.041748
v -0.060059 -0.308594 -0.043213
v -0.061279 -0.369141 -0.037842
v 0.031250 0.308594 0.060547
v 0.026611 0.300781 0.069824
v 0.031982 0.310547 0.064941
v 0.088867 0.133789 0.014954
v 0.087891 0.153320 0.037598
v 0.087402 0.132812 0.038330
v 0.083496 0.133789 -0.009521
v 0.060059 0.140625 0.022095
v -0.019409 0.427734 0.066406
v -0.021362 0.421875 0.062988
v -0.016846 0.421875 0.066406
v -0.021729 0.433594 0.062256
v -0.024170 0.425781 0.061768
v -0.166992 0.098633 -0.047119
v -0.177734 0.069824 -0.038086
v -0.188477 0.111328 -0.039062
v 0.007172 0.414062 0.061279
v 0.008789 0.417969 0.062988
v 0.006866 0.417969 0.061035
v 0.009033 0.414062 0.062988
v 0.006622 0.412109 0.058838
v 0.008362 0.412109 0.061035
v 0.143555 -0.402344 -0.054932
v 0.124512 -0.402344 -0.026489
v 0.136719 -0.404297 -0.040527
v 0.118164 -0.333984 -0.021606
v -0.010742 0.253906 0.098633
v -0.014771 0.263672 0.093262
v -0.010193 0.253906 0.095703
v -0.016113 0.263672 0.095703
v -0.008057 0.248047 0.099609
v -0.069824 -0.500000 0.025146
v -0.071777 -0.492188 0.026855
v -0.071777 -0.500000 0.050293
v -0.112305 -0.498047 -0.005676
v -0.065918 -0.500000 0.008301
v -0.125000 -0.500000 0.011108
v 0.187500 0.112305 -0.038574
v 0.202148 0.122070 -0.019775
v 0.038574 -0.015198 0.104492
v -0.101074 -0.110840 0.093262
v 0.006226 0.365234 0.044678
v 0.243164 0.025513 0.062256
v 0.251953 0.013000 0.065918
v 0.236328 0.025024 0.065918
v -0.012146 0.500000 0.033936
v 0.004059 0.396484 0.066406
v 0.004486 0.400391 0.066406
v 0.008179 0.396484 0.064941
v 0.045654 -0.404297 -0.090332
v -0.131836 0.170898 0.034912
v -0.178711 0.171875 0.020630
v -0.163086 0.166016 0.034424
v -0.253906 -0.005798 0.072266
v -0.001686 0.392578 0.050049
v -0.001213 0.390625 0.061768
v -0.007874 0.390625 0.050049
v -0.001762 0.390625 0.037598
v 0.004669 0.390625 0.049561
v 0.091309 -0.419922 0.010742
v 0.090332 -0.427734 0.011292
v -0.058105 0.209961 -0.067871
v -0.024902 0.208008 -0.068359
v -0.043213 -0.271484 -0.004150
v -0.062988 -0.306641 0.003036
v -0.046631 -0.308594 -0.014648
v -0.054199 -0.269531 0.013306
v -0.043457 -0.269531 -0.026978
v 0.110840 0.157227 -0.024902
v 0.103027 0.176758 -0.034668
v 0.121094 0.181641 -0.057617
v 0.129883 0.141602 -0.046875
v 0.123535 0.160156 -0.050293
v -0.027100 0.480469 0.054932
v -0.015747 0.488281 0.060059
v -0.094238 -0.484375 -0.040039
v -0.081055 -0.447266 -0.048340
v -0.081543 -0.462891 -0.051270
v 0.012695 0.180664 0.105469
v 0.249023 -0.020630 0.045166
v 0.244141 -0.020752 0.044189
v 0.251953 -0.017456 0.044922
v 0.247070 -0.025146 0.046875
v -0.003784 0.394531 0.076172
v -0.005249 0.396484 0.075195
v -0.005005 0.396484 0.074219
v -0.001747 0.394531 0.076172
v -0.003876 0.396484 0.077148
v -0.190430 0.081055 0.060303
v -0.166016 0.077148 0.054443
v -0.133789 0.097168 0.029053
v 0.043945 0.445312 -0.006134
v 0.044922 0.457031 -0.010437
v 0.048828 0.451172 0.011475
v 0.048096 0.439453 0.007996
v 0.040771 0.449219 -0.019531
v 0.037109 -0.183594 0.100586
v 0.034912 -0.106445 0.100098
v 0.080078 -0.182617 0.088867
v 0.015076 -0.259766 0.113770
v -0.073242 0.333984 0.013062
v -0.240234 -0.040527 0.065430
v -0.238281 -0.042725 0.069824
v -0.241211 -0.042725 0.068359
v -0.238281 -0.039062 0.066895
v 0.017334 0.353516 0.023560
v 0.022095 0.339844 0.027832
v 0.214844 0.008301 0.075195
v 0.217773 0.014221 0.076660
v -0.010254 0.416016 0.061768
v -0.012573 0.416016 0.063477
v -0.015625 0.416016 0.063477
v -0.019653 0.416016 0.061523
v -0.021240 0.416016 0.058838
v -0.030518 0.007996 -0.069336
v -0.067871 0.009094 -0.054199
v 0.000023 0.007477 -0.068848
v -0.029053 0.052490 -0.061768
v 0.020996 0.392578 0.050293
v 0.025879 0.402344 0.048828
v 0.020630 0.398438 0.056641
v 0.021851 0.384766 0.045654
v 0.016235 0.382812 0.054688
v 0.016357 0.388672 0.057373
v 0.053467 -0.464844 -0.025635
v -0.031494 0.195312 0.102539
v -0.027222 0.189453 0.104004
v -0.211914 0.086914 0.011841
v 0.011292 0.433594 0.066895
v 0.012573 0.445312 0.064453
v -0.107422 -0.482422 0.089355
v -0.121582 -0.484375 0.096191
v -0.120117 -0.478516 0.086914
v 0.083496 0.191406 0.052979
v 0.089844 0.182617 0.028809
v 0.094727 0.190430 0.033203
v 0.069824 0.051025 0.079590
v 0.069824 0.006805 0.082520
v 0.083496 0.088379 0.052490
v -0.046875 0.416016 0.006714
v -0.041504 0.412109 0.011902
v -0.047852 0.419922 0.008667
v -0.046631 0.417969 0.006287
v -0.041992 0.416016 0.013977
v -0.001350 0.363281 0.046875
v -0.008972 0.365234 0.044189
v -0.009460 0.367188 0.036377
v 0.212891 0.052002 0.053955
v -0.041992 0.417969 0.010986
v -0.047119 0.419922 0.009460
v -0.046143 0.423828 0.013611
v -0.112793 0.011475 0.028442
v -0.120605 -0.039062 0.022949
v -0.117188 -0.038574 -0.006744
v 0.011047 0.386719 0.062256
v 0.012634 0.384766 0.059814
v 0.013306 0.394531 0.061768
v 0.008118 0.388672 0.064453
v 0.007050 0.384766 0.064941
v 0.045654 -0.333984 -0.084961
v 0.079590 -0.404297 -0.102539
v -0.108887 0.173828 0.038574
v -0.132812 0.185547 0.041260
v -0.119629 0.151367 0.043945
v -0.156250 0.125977 -0.053955
v -0.125000 0.160156 -0.049805
v 0.014221 0.468750 0.057861
v 0.016724 0.474609 0.065430
v 0.010254 0.474609 0.063965
v 0.010254 0.468750 0.061035
v 0.018188 0.460938 0.057129
v 0.019775 0.464844 0.054443
v 0.013550 0.458984 0.061279
v 0.236328 -0.029175 0.041260
v 0.242188 -0.021729 0.039062
v 0.233398 -0.030396 0.041504
v 0.234375 -0.029053 0.037842
v -0.004883 0.376953 0.063965
v -0.007782 0.378906 0.064941
v -0.001274 0.373047 0.063965
v -0.004639 0.378906 0.066406
v -0.001152 0.376953 0.064453
v -0.082520 -0.462891 0.034180
v -0.075195 -0.478516 0.030640
v -0.078613 -0.455078 0.020508
v -0.098145 -0.460938 0.034668
v -0.092773 -0.472656 0.054688
v -0.066895 -0.464844 0.008667
v 0.037109 0.013184 0.107910
v -0.034912 0.410156 0.039062
v -0.242188 -0.028687 0.062988
v 0.025879 0.390625 0.003250
v 0.027710 0.400391 0.000835
v 0.119141 -0.482422 0.095703
v -0.047119 0.339844 0.025269
v -0.025391 0.355469 0.027954
v 0.095703 0.279297 0.045410
v 0.188477 0.080078 0.035889
v 0.197266 0.086914 0.040283
v 0.186523 0.072754 0.026489
v -0.123047 -0.492188 0.013062
v -0.112305 -0.488281 -0.005615
v -0.124023 -0.492188 0.011597
v 0.092285 0.159180 0.073730
v 0.057861 0.184570 0.085938
v 0.027344 0.183594 0.098145
v 0.240234 -0.022217 0.034668
v 0.242188 -0.019653 0.033691
v 0.237305 -0.020142 0.034424
v -0.213867 0.017822 0.064941
v -0.209961 0.025391 0.064941
v -0.210938 0.029053 0.068359
v 0.034668 0.416016 0.022583
v 0.038330 0.417969 0.020630
v 0.033691 0.419922 0.021973
v 0.031128 0.419922 0.032471
v 0.033691 0.410156 0.021362
v 0.076172 -0.367188 0.006470
v -0.122070 0.219727 -0.067383
v -0.136719 0.180664 -0.066895
v -0.176758 0.158203 -0.056885
v -0.236328 0.037842 0.025879
v -0.246094 0.017700 0.031494
v -0.001289 0.419922 0.068359
v 0.002167 0.419922 0.068359
v 0.000916 0.416016 0.066406
v -0.001549 0.417969 0.067383
v 0.111816 -0.335938 -0.059326
v -0.012207 0.367188 0.055664
v -0.007996 0.363281 0.057617
v -0.016113 0.371094 0.051025
v 0.166016 0.194336 -0.003250
v 0.219727 0.006744 0.069336
v 0.217773 -0.000452 0.075684
v 0.220703 0.012390 0.065918
v -0.038330 0.398438 0.015442
v -0.234375 -0.035156 0.059082
v -0.242188 -0.030884 0.054932
v -0.234375 -0.033447 0.056885
v -0.235352 -0.037354 0.058105
v -0.232422 -0.037842 0.056641
v 0.037109 0.361328 -0.007721
v 0.032715 0.367188 0.005493
v 0.039551 0.353516 0.009949
v 0.028442 0.363281 -0.024780
v 0.025757 0.373047 -0.010010
v 0.054199 0.349609 -0.021606
v 0.054443 0.349609 -0.003464
v -0.011658 0.498047 0.049805
v -0.009033 0.490234 0.063477
v 0.000900 0.498047 0.050537
v 0.000069 0.500000 0.034668
v -0.061035 0.166016 -0.062988
v -0.099121 0.170898 -0.065918
v 0.065430 -0.431641 -0.031250
v -0.028320 0.231445 0.098145
v -0.143555 -0.404297 -0.054688
v -0.107910 -0.335938 -0.048828
v -0.105957 -0.406250 -0.056152
v -0.132812 -0.335938 -0.045410
v 0.006348 0.251953 0.096680
v 0.002319 0.243164 0.098145
v 0.011597 0.261719 0.092773
v 0.238281 0.003601 0.043945
v 0.244141 -0.003708 0.048096
v -0.006439 0.396484 0.072266
v -0.003876 0.398438 0.077637
v -0.079590 0.141602 0.052734
v -0.067383 0.139648 0.070801
v 0.031250 0.451172 -0.032715
v 0.031494 0.460938 -0.030396
v 0.103027 -0.135742 0.093262
v -0.042236 0.353516 0.007996
v -0.035400 0.367188 0.005493
v -0.246094 -0.018677 0.070312
v -0.243164 -0.029541 0.077148
v -0.247070 -0.004517 0.070801
v -0.245117 -0.017700 0.074219
v -0.247070 -0.004517 0.066406
v 0.137695 -0.500000 0.030273
v 0.071777 -0.500000 0.050293
v 0.141602 -0.500000 0.055420
v -0.024902 0.164062 -0.062988
v -0.000496 0.164062 -0.063477
v -0.000404 0.114258 -0.062256
v -0.093750 -0.304688 0.010193
v -0.075195 -0.306641 0.012695
v -0.071777 -0.267578 0.025635
v -0.093750 -0.265625 0.022217
v -0.108887 -0.265625 0.002258
v -0.091309 -0.367188 0.005157
v -0.105957 -0.304688 -0.006531
v 0.018188 0.232422 0.105469
v 0.019531 0.233398 0.103516
v 0.012939 0.237305 0.104492
v 0.023438 0.228516 0.103516
v 0.008667 0.223633 0.106934
v 0.054688 0.144531 -0.032471
v -0.026001 0.419922 0.055664
v -0.024658 0.419922 0.059814
v -0.242188 -0.011719 0.032471
v 0.101562 -0.449219 0.004578
v 0.104004 -0.464844 -0.018311
v 0.100098 -0.451172 -0.016602
v 0.091309 -0.445312 0.015869
v 0.111328 -0.462891 0.018799
v 0.111328 -0.466797 0.006439
v -0.026978 0.196289 0.107422
v -0.075195 -0.367188 0.006348
v 0.126953 0.271484 -0.054688
v 0.106934 0.257812 -0.066895
v 0.112305 0.298828 -0.052246
v 0.136719 0.279297 -0.040283
v 0.085449 0.125977 0.073242
v 0.029663 0.150391 0.095703
v 0.089355 0.154297 0.072754
v -0.038818 0.417969 0.023071
v -0.037109 0.423828 0.028442
v -0.041016 0.431641 0.033203
v -0.109863 -0.261719 0.054199
v -0.103027 -0.404297 0.066895
v -0.080078 -0.335938 0.060303
v 0.250000 -0.001877 0.049561
v 0.255859 0.001785 0.046631
v 0.006531 0.406250 -0.030151
v -0.008850 0.408203 -0.031006
v -0.113281 0.169922 0.027100
v 0.019165 0.484375 0.061523
v 0.011780 0.482422 0.066406
v 0.049316 -0.103027 -0.081543
v 0.031738 -0.103027 -0.086426
v 0.031982 -0.042480 -0.079590
v 0.071777 -0.041260 -0.061768
v -0.062500 0.324219 0.037598
v -0.037842 0.339844 0.027710
v -0.064453 0.335938 0.019165
v -0.062500 0.304688 0.051025
v -0.034912 0.330078 0.045166
v -0.098145 0.304688 0.037598
v -0.097168 0.320312 0.024658
v -0.090820 -0.193359 -0.042236
v -0.098633 -0.259766 -0.048828
v 0.005127 0.378906 0.062256
v 0.002472 0.376953 0.063965
v 0.159180 0.190430 -0.035400
v -0.012817 0.419922 0.059814
v -0.010742 0.419922 0.058105
v -0.014160 0.421875 0.057617
v -0.015869 0.419922 0.060059
v -0.015015 0.417969 0.061523
v 0.001854 0.084961 0.095215
v 0.031738 0.412109 0.039307
v 0.028198 0.416016 0.046631
v 0.026001 0.408203 0.051514
v 0.094727 -0.449219 0.021973
v 0.080078 -0.445312 0.012451
v 0.097656 -0.458984 0.034424
v 0.080566 -0.457031 0.021729
v -0.104980 0.175781 -0.035400
v -0.122070 0.180664 -0.057129
v -0.102051 0.178711 -0.002747
v -0.231445 0.017334 0.064941
v -0.242188 0.010559 0.067383
v -0.229492 0.015564 0.048340
v -0.224609 0.018555 0.068359
v -0.226562 0.024414 0.067871
v -0.233398 0.018921 0.066895
v -0.224609 0.015869 0.062988
v 0.033447 0.414062 0.018921
v 0.030762 0.408203 0.017700
v -0.001305 0.363281 0.058594
v -0.066895 -0.500000 -0.052002
v -0.082520 -0.500000 -0.051514
v -0.081543 -0.486328 -0.052246
v 0.075684 0.154297 0.065918
v 0.052979 0.154297 0.083496
v 0.026245 0.153320 0.094238
v 0.109863 0.010376 -0.004089
v -0.015381 0.386719 0.061768
v -0.017456 0.382812 0.057129
v -0.136719 -0.494141 0.032715
v -0.134766 -0.494141 0.032715
v 0.027588 0.115723 -0.061768
v 0.222656 -0.000534 0.074219
v 0.222656 -0.005341 0.080078
v 0.219727 -0.005890 0.079590
v -0.022339 0.380859 0.024780
v -0.016479 0.371094 0.031982
v -0.049561 0.142578 -0.017700
v -0.060303 0.131836 -0.038818
v 0.019653 0.419922 0.056885
v 0.022217 0.419922 0.056885
v 0.018677 0.417969 0.057129
v 0.021729 0.417969 0.054199
v 0.050781 -0.310547 -0.037354
v 0.067383 -0.369141 -0.040283
v 0.063477 -0.308594 -0.044434
v -0.027344 0.227539 0.103516
v -0.022705 0.232422 0.103516
v -0.030273 0.218750 0.105957
v -0.030762 0.220703 0.104492
v -0.242188 -0.003830 0.042236
v -0.239258 0.004333 0.044922
v -0.242188 -0.018188 0.047119
v -0.237305 0.001923 0.035645
v -0.249023 -0.003830 0.041016
v -0.001534 0.402344 0.077637
v -0.001884 0.398438 0.078125
v -0.001778 0.396484 0.078125
v -0.006561 0.244141 0.097656
v -0.006927 0.243164 0.101074
v -0.074219 -0.106445 0.070312
v 0.072754 0.332031 0.014771
v 0.067871 0.316406 0.037842
v 0.093262 0.308594 0.030029
v 0.097168 0.324219 0.014038
v 0.078613 0.337891 -0.005280
v 0.046387 0.339844 0.025635
v 0.088867 0.169922 0.035156
v -0.047852 0.470703 -0.008301
v -0.055908 0.453125 -0.000542
v -0.249023 0.007233 0.069824
v -0.246094 0.012634 0.069336
v -0.249023 -0.004181 0.073242
v -0.245117 0.005432 0.067871
v 0.009033 0.419922 0.060547
v 0.008179 0.421875 0.058105
v 0.238281 -0.038086 0.065918
v 0.237305 -0.036621 0.069336
v 0.240234 -0.028564 0.061279
v 0.238281 -0.042969 0.069336
v -0.032471 0.365234 0.000301
v -0.028809 0.375000 0.015564
v -0.053223 -0.447266 -0.026855
v -0.048340 -0.431641 -0.026978
v -0.055664 -0.462891 -0.009277
v 0.058594 0.215820 0.081055
v 0.095703 0.185547 0.071289
v 0.026123 0.251953 0.087402
v 0.026978 0.215820 0.094727
v 0.157227 0.061523 -0.031982
v 0.145508 0.089355 -0.039062
v 0.177734 0.069824 -0.037842
v -0.019165 0.412109 0.057373
v -0.019775 0.414062 0.054932
v 0.014648 0.289062 0.082031
v 0.242188 -0.004639 0.029541
v 0.239258 -0.005035 0.031494
v -0.003510 0.416016 0.066406
v -0.006104 0.414062 0.063477
v -0.102539 -0.041504 0.041260
v 0.023438 0.355469 0.028564
v 0.014343 0.328125 0.001328
v 0.014160 0.345703 -0.010437
v 0.015869 -0.406250 0.107910
v 0.009338 -0.406250 0.089355
v -0.217773 0.104980 0.013733
v -0.210938 0.107422 0.035156
v -0.001717 0.380859 0.051514
v -0.006378 0.378906 0.060059
v -0.001503 0.378906 0.061035
v -0.007660 0.380859 0.051514
v 0.101562 -0.468750 0.049072
v -0.108887 0.158203 -0.001282
v -0.048584 -0.423828 -0.026978
v -0.057129 -0.423828 -0.041748
v 0.031494 0.220703 0.100098
v 0.027344 0.229492 0.098145
v 0.060791 0.117676 -0.061279
v 0.080566 0.177734 -0.050781
v -0.023315 0.417969 0.057129
v -0.021973 0.417969 0.060059
v 0.062012 0.255859 0.064941
v 0.246094 -0.014587 0.032471
v 0.247070 -0.010925 0.031982
v 0.247070 -0.012939 0.036865
v -0.001518 0.384766 0.066406
v -0.003632 0.384766 0.068848
v -0.204102 0.094727 0.053711
v 0.041260 0.427734 0.016968
v 0.039307 0.435547 0.023926
v 0.037109 0.419922 0.017822
v 0.037109 0.425781 0.026733
v -0.136719 0.277344 0.011169
v -0.105957 0.287109 0.033936
v 0.014404 0.375000 -0.024292
v -0.000984 0.351562 -0.018555
v 0.226562 0.022217 0.067871
v 0.221680 0.023560 0.071289
v 0.018555 0.416016 0.058350
v 0.021484 0.410156 0.057373
v 0.024048 0.414062 0.053223
v 0.091309 -0.427734 0.002823
v -0.229492 0.009949 0.033691
v -0.001518 0.408203 0.072754
v 0.152344 -0.337891 -0.059814
v 0.146484 -0.335938 -0.027344
v -0.012756 0.275391 0.090820
v -0.010193 0.267578 0.096680
v 0.097168 0.168945 0.030884
v 0.095703 0.161133 0.014221
v 0.070801 -0.044434 0.083984
v -0.041992 0.406250 0.011475
v -0.105957 -0.486328 -0.022827
v -0.095703 -0.486328 -0.041748
v -0.106445 -0.496094 -0.020752
v -0.002136 0.176758 0.105469
v 0.005127 0.177734 0.105957
v -0.012024 0.382812 0.056396
v -0.039795 0.031494 0.102051
v -0.086914 0.034668 0.079590
v -0.086426 0.087891 0.075684
v 0.031982 0.423828 0.028687
v 0.091797 -0.369141 0.006256
v 0.075195 -0.306641 0.012268
v -0.128906 0.269531 -0.054688
v -0.110352 0.257812 -0.066406
v -0.221680 0.016479 0.064941
v -0.223633 0.009155 0.071289
v -0.220703 0.009827 0.068848
v -0.001076 -0.180664 -0.096680
v 0.035400 0.324219 0.052246
v 0.075684 0.132812 -0.025024
v -0.023438 0.443359 0.059814
v -0.021118 0.458984 0.057617
v -0.207031 0.131836 0.005737
v -0.197266 0.132812 0.029175
v 0.000587 0.494141 0.063965
v 0.001968 0.484375 0.068359
v 0.008850 0.492188 0.063965
v -0.242188 -0.041260 0.071289
v -0.239258 -0.038818 0.071777
v -0.238281 -0.036865 0.070312
v 0.004822 0.343750 0.041504
v 0.027588 0.337891 0.037109
v 0.255859 0.009094 0.044922
v -0.235352 -0.018311 0.036133
v 0.002686 0.396484 0.071289
v 0.000366 0.396484 0.071289
v 0.058350 -0.449219 -0.040771
v -0.172852 0.174805 0.042969
v -0.146484 0.164062 0.050537
v 0.213867 0.040039 0.029907
v 0.034424 0.414062 0.008972
v 0.080566 -0.500000 0.071289
v -0.209961 0.037598 0.060059
v 0.242188 -0.030762 0.054443
v 0.241211 -0.032715 0.049072
v 0.233398 -0.035400 0.057373
v 0.234375 -0.037842 0.057129
v -0.017334 0.376953 -0.024292
v -0.079102 -0.427734 0.001587
v -0.062988 -0.369141 -0.000380
v -0.071777 -0.367188 0.002777
v -0.070312 -0.431641 -0.007629
v -0.090820 -0.429688 0.002014
v 0.014099 0.208984 0.108887
v 0.026001 0.204102 0.107910
v 0.026367 0.205078 0.106934
v 0.090820 0.090820 0.005798
v 0.072754 0.121582 -0.015869
v -0.020264 0.412109 0.060303
v -0.251953 -0.000223 0.039551
v -0.001610 0.412109 0.069336
v -0.019653 0.271484 0.090332
v 0.142578 0.130859 0.041016
v 0.184570 0.097656 0.053711
v 0.149414 0.107910 0.044922
v -0.036133 0.486328 0.029297
v -0.029541 0.494141 0.007111
v -0.130859 -0.484375 0.035400
v 0.061768 0.180664 -0.049072
v 0.249023 -0.004303 0.072266
v 0.244141 -0.017944 0.072754
v 0.255859 -0.006073 0.072266
v 0.243164 -0.029663 0.076172
v 0.245117 -0.029663 0.078613
v -0.011353 0.390625 0.058350
v -0.013977 0.390625 0.049561
v 0.046143 -0.269531 -0.035400
v -0.098633 0.251953 0.055420
v -0.100098 0.279297 0.050293
v -0.253906 -0.013184 0.061523
v -0.253906 0.007050 0.057373
v -0.253906 0.010315 0.046143
v -0.251953 0.014404 0.057373
v -0.033203 0.341797 0.028320
v -0.035400 0.343750 0.028442
v -0.032227 0.335938 0.033691
v -0.096680 -0.500000 -0.041748
v 0.242188 0.061768 0.054199
v 0.228516 0.057129 0.068359
v -0.006409 0.384766 0.067871
v -0.008850 0.392578 0.065430
v 0.016602 0.273438 0.088379
v 0.020874 0.283203 0.082031
v -0.008911 0.416016 0.061768
v -0.010681 0.416016 0.062256
v 0.032959 0.400391 0.021851
v 0.034180 0.404297 0.020264
v 0.049805 -0.431641 -0.026001
v 0.054443 -0.447266 -0.026733
v -0.141602 0.187500 -0.059082
v 0.245117 0.002365 0.058105
v 0.245117 -0.001198 0.051758
v 0.245117 -0.015747 0.057373
v 0.238281 0.008057 0.054443
v -0.033203 0.400391 0.015198
v -0.030518 0.398438 0.011108
v -0.055420 0.144531 -0.032715
v -0.073242 0.120605 -0.015442
v 0.018555 0.445312 0.060059
v 0.022949 0.447266 0.054688
v 0.023193 0.435547 0.056396
v 0.034912 -0.180664 -0.096191
v -0.017578 0.376953 0.054688
v -0.243164 -0.019897 0.034912
v -0.238281 -0.019775 0.035400
v -0.240234 -0.003677 0.033203
v 0.002380 0.384766 0.065430
v 0.110352 -0.488281 -0.005493
v 0.104980 -0.484375 -0.021240
v 0.095215 -0.464844 -0.038818
v 0.094727 -0.449219 -0.034912
v -0.078613 -0.253906 0.067383
v -0.095703 -0.191406 0.049561
v -0.038574 0.439453 0.041748
v -0.140625 -0.492188 0.056885
v -0.006256 0.320312 0.006866
v 0.219727 -0.003937 0.083984
v 0.217773 -0.002609 0.082031
v 0.219727 -0.005646 0.082520
v -0.014771 0.410156 0.060547
v -0.082031 0.152344 -0.027710
v 0.026123 0.443359 0.048584
v 0.026978 0.453125 0.048340
v 0.023193 0.460938 0.051270
v 0.099609 -0.265625 -0.027222
v 0.105469 -0.304688 -0.007050
v 0.095215 -0.306641 -0.029053
v 0.109863 -0.265625 0.000622
v 0.083496 -0.265625 -0.040283
v -0.029663 0.294922 0.081055
v -0.028320 0.292969 0.078125
v -0.024536 0.283203 0.085449
v -0.242188 -0.021362 0.039795
v -0.240234 -0.022217 0.035645
v -0.244141 -0.019531 0.038818
v 0.003662 0.384766 0.066406
v 0.001236 0.384766 0.065918
v -0.057617 -0.339844 0.107422
v -0.041260 -0.261719 0.102539
v -0.096191 -0.339844 0.099609
v 0.078125 0.120117 0.051025
v -0.047119 0.423828 0.014099
v -0.236328 0.022583 0.067871
v 0.008972 0.421875 0.055908
v 0.167969 -0.337891 0.015564
v -0.001228 0.292969 -0.065918
v -0.022583 0.345703 -0.041992
v 0.092773 0.185547 0.068848
v 0.183594 0.002060 -0.006226
v -0.012573 0.384766 0.058105
v 0.007416 0.378906 0.061279
v 0.221680 0.058594 0.050537
v 0.212891 0.091797 0.022949
v 0.208008 0.092285 0.032959
v 0.003204 0.472656 0.067383
v -0.212891 0.024292 0.055664
v -0.209961 0.032227 0.051514
v 0.035400 0.414062 0.006348
v 0.035889 0.416016 0.010803
v -0.191406 0.037842 -0.027100
v -0.204102 0.010864 -0.015991
v -0.058838 -0.193359 0.069824
v -0.062500 -0.259766 0.083984
v -0.023438 -0.194336 0.082520
v 0.139648 0.283203 -0.015991
v 0.133789 0.275391 0.011475
v -0.029175 0.447266 0.051758
v 0.245117 -0.026855 0.067871
v -0.002716 0.382812 -0.023071
v -0.126953 0.090332 0.003891
v -0.140625 0.058838 0.010681
v -0.140625 0.057373 -0.014404
v -0.131836 0.087402 -0.019531
v 0.010864 0.417969 0.064453
v 0.009521 0.417969 0.062988
v 0.010315 0.414062 0.062256
v 0.012451 0.412109 0.062256
v -0.084961 0.233398 0.053467
v -0.061035 0.210938 0.077148
v -0.062500 0.255859 0.066895
v -0.086914 0.271484 0.049316
v -0.095703 0.259766 0.043945
v -0.167969 -0.335938 0.015869
v -0.144531 -0.339844 0.023315
v 0.013672 0.238281 0.103027
v 0.227539 0.048096 0.019165
v 0.232422 0.031494 0.020508
v -0.012756 0.414062 0.062256
v -0.040771 -0.015747 0.104492
v -0.042969 -0.064941 0.106934
v -0.094238 -0.062988 0.084961
v -0.041016 -0.014648 0.111328
v -0.043213 -0.062988 0.113770
v -0.090332 -0.013855 0.082520
v 0.035156 0.398438 0.016968
v 0.034912 0.406250 0.015320
v -0.095215 0.172852 -0.041992
v -0.089844 0.177734 -0.041016
v -0.091797 0.170898 -0.006195
v -0.198242 0.087402 0.041260
v 0.239258 -0.038818 0.071777
v 0.241211 -0.026367 0.065918
v -0.085449 -0.423828 -0.043701
v 0.026489 0.215820 0.091309
v 0.082520 0.120117 0.029663
v 0.083984 0.121094 0.008667
v -0.251953 0.007233 0.036865
v -0.249023 0.023682 0.048584
v -0.074219 -0.490234 0.027344
v 0.169922 0.023560 0.049316
v 0.168945 0.011047 0.028687
v 0.185547 0.036865 0.066895
v 0.166016 0.030884 0.049316
v -0.041016 0.414062 -0.006409
v -0.049316 0.425781 -0.005676
v -0.039062 0.417969 -0.015747
v -0.029663 0.404297 -0.013123
v -0.034180 0.404297 -0.001282
v 0.019409 0.345703 -0.041748
v 0.255859 -0.007202 0.067383
v 0.257812 -0.003540 0.066406
v 0.255859 -0.002319 0.070801
v -0.008484 0.417969 0.056641
v -0.008789 0.417969 0.056641
v 0.243164 -0.019287 0.038330
v -0.023926 0.137695 0.093750
v -0.046143 0.138672 0.085449
v -0.066895 0.118652 0.068848
v 0.045898 0.447266 0.020508
v -0.039307 0.339844 0.027832
v 0.010437 0.410156 0.055664
v 0.009033 0.410156 0.058105
v 0.127930 -0.404297 0.025757
v 0.143555 -0.333984 0.010010
v 0.115234 -0.333984 0.027832
v 0.122559 -0.333984 0.059326
v 0.133789 -0.404297 0.066895
v 0.157227 -0.402344 0.006531
v -0.001015 0.255859 -0.070312
v -0.076172 -0.257812 -0.075684
v -0.051270 -0.193359 -0.062500
v 0.009521 0.380859 0.060547
v 0.059326 0.152344 -0.041504
v 0.030640 0.176758 -0.052490
v -0.042480 0.474609 0.035889
v -0.248047 -0.031738 0.078613
v -0.147461 0.066406 0.037109
v -0.158203 0.048096 0.042725
v 0.057129 -0.421875 -0.040283
v 0.057129 -0.431641 -0.040283
v -0.034912 0.209961 0.100098
v 0.245117 -0.028076 0.048340
v -0.009033 0.242188 0.104004
v -0.068359 -0.488281 0.008484
v 0.053467 -0.337891 -0.119629
v 0.094727 0.294922 0.036621
v 0.100586 0.137695 -0.004883
v 0.096191 0.155273 -0.006134
v 0.104492 0.162109 -0.003464
v 0.102051 0.142578 0.016113
v -0.016602 0.417969 0.061523
v -0.017822 0.416016 0.062256
v -0.097168 -0.421875 -0.032471
v -0.096191 -0.431641 -0.032471
v -0.102539 -0.431641 -0.016235
v -0.103027 -0.421875 -0.015442
v 0.003113 0.243164 0.100586
v -0.088379 0.091309 0.082031
v -0.088867 0.125977 0.072754
v 0.018311 0.492188 0.051270
v -0.246094 -0.027222 0.048340
v -0.249023 -0.021973 0.046875
v -0.243164 -0.022461 0.046387
v -0.239258 -0.030762 0.049316
v -0.242188 -0.032227 0.050537
v -0.000954 0.382812 0.065918
v -0.004852 0.380859 0.066406
v -0.001488 0.380859 0.066895
v -0.004608 0.384766 0.065430
v 0.001892 0.380859 0.066406
v 0.146484 0.148438 -0.057617
v 0.155273 0.125977 -0.053955
v 0.177734 0.136719 -0.044678
v 0.167969 0.156250 -0.048828
v 0.142578 0.166016 -0.059326
v -0.039795 0.031128 0.107422
v 0.024048 0.419922 0.051270
v 0.026123 0.425781 0.051025
v 0.027954 0.423828 0.041504
v 0.104492 -0.404297 0.066406
v 0.115723 -0.261719 0.048096
v 0.246094 -0.032227 0.079102
v 0.004578 0.363281 0.055176
v 0.003876 0.363281 0.058105
v 0.004639 0.380859 0.065430
v -0.009644 0.182617 0.108887
v -0.051025 -0.369141 -0.017456
v -0.044434 0.421875 0.017700
v -0.042969 0.421875 0.020630
v 0.250000 -0.016846 0.054688
v -0.003265 0.394531 -0.025635
v -0.023804 0.406250 -0.023804
v -0.014465 0.396484 -0.023560
v -0.116699 0.164062 0.021973
v 0.046875 -0.193359 -0.064453
v 0.084961 -0.193359 -0.045166
v -0.098145 0.277344 0.046143
v -0.099121 0.302734 0.032959
v -0.245117 0.025391 0.062988
v -0.250000 0.015015 0.065430
v 0.011292 0.496094 0.051514
v -0.028809 0.375000 -0.010681
v -0.016846 0.351562 -0.012695
v 0.138672 0.117188 -0.044922
v 0.167969 0.097656 -0.046387
v 0.007812 0.367188 0.060059
v 0.253906 0.006470 0.035400
v 0.247070 0.003723 0.028687
v 0.253906 -0.001053 0.038330
v -0.007111 0.417969 0.064453
v -0.221680 0.000137 0.074219
v 0.094727 -0.494141 0.089355
v 0.097168 -0.486328 0.090820
v 0.083008 -0.490234 0.072266
v -0.139648 -0.500000 0.031250
v 0.245117 -0.032959 0.076172
v -0.055908 0.089844 -0.042236
v -0.054199 0.120605 -0.032471
v -0.028198 0.090332 -0.050781
v 0.092773 -0.304688 0.010620
v 0.100586 -0.367188 -0.006073
v 0.000000 0.394531 0.075195
v 0.000278 0.394531 0.070312
v -0.015747 0.243164 0.096680
v -0.023682 0.238281 0.097168
v -0.006531 0.245117 0.096680
v 0.074707 0.129883 0.066406
v 0.052734 0.127930 0.085449
v -0.054199 0.441406 -0.005890
v -0.250000 -0.017822 0.046143
v 0.017822 0.191406 0.108887
v 0.008179 0.199219 0.109863
v 0.017700 0.190430 0.107910
v 0.022095 0.197266 0.108398
v 0.012024 0.203125 0.108887
v 0.241211 -0.011414 0.031738
v -0.088867 0.036621 0.084961
v 0.054199 -0.269531 0.014893
v 0.072266 -0.267578 0.025513
v -0.162109 0.244141 -0.015259
v -0.039307 0.414062 0.018433
v -0.001076 -0.043457 -0.078125
v -0.001869 -0.104004 -0.086426
v 0.015076 0.402344 0.061768
v 0.067871 -0.500000 -0.052490
v -0.187500 0.156250 0.023926
v 0.232422 -0.029541 0.038330
v -0.032715 0.398438 0.034180
v -0.032471 0.404297 0.040771
v -0.001984 0.245117 0.098633
v 0.046631 0.462891 0.015442
v -0.069824 0.316406 0.037109
v 0.012573 0.386719 0.048096
v 0.010132 0.388672 0.050293
v 0.010437 0.390625 0.041260
v -0.001503 0.208008 -0.067871
v -0.026855 0.316406 0.060547
v -0.024292 0.304688 0.071289
v -0.081055 -0.500000 0.073242
v 0.150391 0.182617 0.029907
v 0.185547 0.171875 -0.003906
v 0.166016 0.188477 0.015442
v -0.242188 -0.026855 0.066895
v 0.025024 0.373047 0.015442
v 0.026001 0.378906 0.002213
v 0.223633 0.015381 0.063477
v 0.223633 0.016602 0.066895
v -0.011414 0.419922 0.055664
v -0.157227 0.062012 -0.032471
v -0.169922 0.031738 -0.019043
v -0.146484 0.089844 -0.039307
v 0.011108 0.410156 0.060547
v 0.049561 -0.421875 -0.025513
v 0.002762 0.416016 0.062988
v 0.173828 0.190430 -0.006226
v 0.158203 0.174805 -0.051270
v 0.180664 0.163086 -0.030762
v 0.085938 0.035889 0.086914
v -0.249023 -0.016235 0.075684
v -0.246094 -0.029663 0.079590
v 0.021606 0.378906 0.041260
v 0.226562 0.085449 0.045654
v 0.227539 0.061523 0.068848
v -0.154297 0.028442 -0.002304
v 0.003174 0.196289 0.110352
v 0.248047 -0.002899 0.030029
v 0.118652 -0.191406 0.015442
v 0.103516 -0.196289 0.034424
v 0.132812 -0.259766 0.014404
v 0.109863 -0.192383 -0.016479
v -0.232422 -0.035156 0.053223
v -0.237305 -0.028931 0.049805
v -0.090820 0.154297 -0.004517
v -0.091309 0.133789 0.006195
v -0.081543 0.131836 -0.022217
v -0.067871 -0.431641 -0.032227
v 0.083008 0.145508 0.031250
v 0.077637 0.142578 0.052002
v -0.019165 0.417969 0.061768
v -0.015381 0.421875 0.055420
v -0.057861 0.052734 -0.053467
v 0.075195 -0.429688 -0.035645
v 0.083984 -0.369141 -0.037354
v 0.086426 -0.429688 -0.031128
v -0.034424 0.203125 0.102051
v -0.195312 0.156250 -0.000246
v -0.007721 0.382812 0.063965
v -0.019775 -0.339844 0.115234
v 0.120117 0.209961 0.035400
v -0.046143 0.421875 0.017456
v -0.092773 0.211914 -0.067383
v -0.081055 -0.484375 -0.049805
v -0.004303 0.386719 0.069824
v 0.000099 -0.195312 0.088379
v 0.240234 -0.012024 0.037598
v 0.238281 -0.013611 0.032959
v -0.061523 0.142578 0.002121
v -0.089844 0.132812 0.037354
v -0.060791 0.141602 0.022217
v -0.128906 -0.099609 0.021118
v 0.027344 0.183594 0.094727
v 0.011658 0.498047 0.019287
v 0.020508 0.496094 0.016724
v 0.137695 0.203125 0.026001
v -0.007111 0.394531 0.066895
v -0.100098 -0.367188 -0.007080
v -0.012329 0.412109 0.060059
v 0.081543 -0.484375 -0.050049
v 0.094238 -0.484375 -0.040039
v 0.106445 -0.486328 -0.022095
v 0.163086 0.078613 0.054199
v 0.146484 0.066895 0.037598
v -0.099609 -0.419922 0.000500
v -0.032227 0.304688 0.070312
v 0.209961 0.086914 0.012146
v -0.011902 0.419922 0.062988
v -0.015015 0.417969 0.063477
v -0.019897 0.341797 -0.001175
v -0.106445 -0.500000 -0.021484
v 0.195312 0.075195 0.062988
v 0.207031 0.052734 0.074707
v 0.214844 0.083008 0.058594
v 0.184570 0.041504 0.067383
v 0.031738 0.008057 -0.069336
v 0.081543 -0.306641 -0.041504
v 0.094727 -0.367188 -0.023804
v 0.091309 -0.429688 -0.020996
v -0.134766 -0.178711 -0.013062
v -0.006714 0.390625 0.067383
v -0.083984 0.170898 -0.032715
v 0.021362 0.237305 0.097656
v 0.003754 0.245117 0.097168
v 0.013184 0.242188 0.097168
v -0.016602 0.239258 0.103516
v 0.140625 0.188477 -0.059326
v 0.026611 0.435547 0.048828
v -0.013672 0.388672 0.040283
v -0.206055 0.053467 0.074219
v -0.013794 0.414062 0.061768
v 0.006042 0.382812 0.063477
v -0.033447 0.149414 0.095703
v -0.085449 -0.404297 0.066406
v 0.156250 0.208008 0.014099
v -0.127930 -0.486328 0.090820
v 0.255859 -0.014587 0.056152
v -0.235352 -0.038818 0.054199
v -0.234375 -0.037354 0.052979
v -0.001228 0.378906 0.066895
v 0.001900 0.378906 0.065918
v 0.189453 0.147461 -0.027832
v 0.037842 0.419922 0.020386
v 0.076660 -0.419922 0.012390
v 0.240234 -0.041992 0.070801
v -0.185547 0.041992 0.067871
v -0.103516 0.182617 0.018677
v 0.022583 0.197266 0.107422
v -0.128906 -0.339844 0.040527
v 0.064453 -0.267578 -0.044678
v -0.037109 0.353516 -0.002243
v 0.025635 0.384766 0.033691
v -0.200195 0.122559 -0.020630
v -0.003113 0.244141 0.101562
v 0.093750 0.171875 -0.041504
v 0.004333 -0.337891 0.123535
v 0.003082 0.466797 0.061768
v -0.158203 -0.335938 -0.014954
v -0.028320 0.208984 0.092285
v -0.068359 -0.332031 -0.087891
v -0.073242 -0.404297 -0.097168
v -0.089844 -0.337891 -0.086914
v 0.063477 0.287109 0.052490
v 0.003662 0.417969 0.064941
v 0.117676 -0.255859 -0.017700
v -0.002350 0.181641 0.110352
v -0.010132 0.382812 0.063477
v -0.007874 0.382812 0.065430
v -0.125000 -0.098145 -0.010193
v 0.004791 0.380859 0.064453
v -0.028931 0.357422 -0.020386
v 0.082031 -0.462891 -0.050781
v 0.208008 0.049805 0.072754
v -0.188477 0.072754 0.026245
v 0.005615 0.419922 0.067383
v -0.060791 -0.429688 -0.017944
v -0.051758 -0.371094 -0.028320
v -0.046143 -0.310547 -0.029907
v 0.158203 -0.335938 -0.015076
v -0.005402 -0.337891 0.122559
v -0.016479 -0.261719 0.113281
v -0.091309 -0.011414 0.088379
v -0.096680 -0.061035 0.090820
v -0.149414 0.143555 -0.067383
v -0.095215 -0.404297 -0.096680
v 0.093750 -0.265625 0.022339
v 0.222656 0.012939 0.075195
v -0.043457 0.419922 0.020874
v 0.113770 0.191406 0.029541
v 0.095215 -0.429688 -0.006287
v -0.000374 0.244141 0.102051
v -0.000389 0.245117 0.097656
v 0.084961 0.146484 0.009888
v 0.073730 0.144531 -0.015564
v -0.064453 0.287109 0.052979
v 0.105469 -0.163086 0.095703
v -0.060547 -0.431641 -0.026001
v -0.100098 0.324219 0.007996
v -0.116211 -0.191406 0.013733
v -0.002485 0.340315 -0.005136
v -0.014183 0.416403 0.055412
v 0.070805 -0.268125 -0.010633
v 0.132792 0.183460 -0.013369
v -0.077917 -0.430113 -0.017484
v -0.006956 0.139258 0.009281
v -0.074180 -0.267506 -0.011654
v -0.200674 0.081749 0.021246
v 0.077712 -0.431418 -0.017067
v 0.010751 0.415798 0.055783
v 0.200008 0.080722 0.021520
vn -0.0136 -0.9869 -0.1605
vn 0.0194 -0.9750 0.2213
vn -0.1197 -0.9682 0.2196
vn -0.0062 -0.9857 -0.1683
vn 0.0977 -0.9667 0.2366
vn -0.0069 -0.9836 -0.1805
vn 0.8062 0.1196 -0.5794
vn 0.7121 0.1444 -0.6871
vn 0.7882 0.0297 -0.6147
vn 0.9382 0.1284 -0.3213
vn 0.9397 0.1266 -0.3178
vn 0.7523 0.1396 -0.6439
vn 0.5376 0.1366 -0.8320
vn 0.7467 0.1252 -0.6533
vn -0.4675 -0.2690 0.8421
vn -0.3748 -0.4073 0.8328
vn -0.5976 -0.2721 0.7542
vn -0.5615 -0.1635 0.8112
vn -0.6163 -0.2960 0.7298
vn -0.7567 -0.3181 0.5712
vn 0.8598 0.4844 -0.1616
vn -0.8307 0.1908 0.5230
vn -0.9408 0.2996 0.1587
vn -0.8066 0.1779 0.5637
vn -0.9773 0.1087 0.1820
vn -0.6113 0.1258 0.7813
vn -0.6541 0.1001 0.7498
vn -0.8961 0.0278 0.4430
vn -0.1907 0.8586 -0.4758
vn 0.8796 -0.4145 0.2334
vn 0.8299 -0.4094 0.3790
vn 0.9534 -0.2563 -0.1594
vn -0.3068 0.9460 -0.1046
vn -0.3978 0.3523 -0.8472
vn 0.5386 0.1136 0.8348
vn 0.4747 0.0643 0.8778
vn 0.4741 0.1272 0.8712
vn 0.0567 0.1080 0.9925
vn -0.1189 0.0820 0.9895
vn 0.3942 0.0918 0.9144
vn 0.7747 0.1025 0.6240
vn -0.3463 0.3336 0.8768
vn -0.2722 0.3840 0.8823
vn 0.1306 0.1225 0.9838
vn -0.7685 0.3880 0.5088
vn -0.6771 0.4921 0.5472
vn -0.7843 -0.0105 0.6203
vn -0.6080 -0.7262 -0.3209
vn -0.1101 -0.8865 0.4494
vn 0.0137 0.0699 0.9975
vn -0.7334 0.3364 0.5907
vn -0.9467 -0.1929 -0.2579
vn 0.4099 0.2991 0.8617
vn 0.9793 -0.1807 0.0909
vn 0.9828 -0.1738 0.0620
vn 0.9851 -0.1715 0.0143
vn 0.9183 -0.1519 0.3656
vn 0.9020 -0.2255 0.3682
vn 0.6838 0.7290 -0.0312
vn 0.8204 0.4890 -0.2964
vn 0.6920 0.6932 -0.2017
vn 0.6029 0.7943 0.0752
vn 0.3692 0.9263 0.0749
vn 0.7961 0.6037 -0.0423
vn 0.3856 0.9155 0.1149
vn 0.7263 0.6792 0.1060
vn -0.1019 -0.2479 -0.9634
vn -0.0943 -0.1810 -0.9790
vn -0.2816 -0.2116 -0.9359
vn -0.3494 -0.3444 -0.8714
vn -0.0019 -0.2132 -0.9770
vn -0.5368 0.5577 -0.6330
vn -0.8187 -0.0667 -0.5703
vn -0.8270 0.4163 -0.3778
vn -0.3003 0.4304 -0.8512
vn 0.0154 0.5884 0.8084
vn 0.7149 0.2162 0.6650
vn -0.1165 0.6913 0.7131
vn -0.8712 0.4661 0.1543
vn -0.0784 0.5106 0.8563
vn -0.9277 0.3718 0.0338
vn 0.6733 0.2013 0.7115
vn 0.0423 -0.9650 -0.2588
vn 0.1211 -0.1782 -0.9765
vn 0.1797 -0.8016 -0.5703
vn -0.0689 -0.9926 0.0997
vn -0.0047 -0.9849 0.1732
vn 0.0264 -0.9990 -0.0353
vn -0.0041 -0.1228 -0.9924
vn -0.9031 -0.0076 0.4293
vn -0.9299 -0.0891 0.3569
vn -0.9336 -0.2026 0.2956
vn -0.8832 -0.1290 0.4509
vn -0.7977 0.0909 0.5961
vn -0.7685 -0.0664 0.6364
vn -0.8229 -0.2757 0.4968
vn -0.8280 0.0919 0.5532
vn -0.8220 0.5159 0.2410
vn -0.4294 0.7830 0.4501
vn -0.7389 0.6662 -0.1014
vn -0.8819 0.3668 -0.2962
vn -0.9031 0.4245 -0.0648
vn -0.6780 0.5650 0.4702
vn -0.4111 0.5233 0.7464
vn -0.0245 0.1824 0.9829
vn -0.0441 -0.0534 0.9976
vn 0.0188 -0.1824 0.9830
vn 0.1115 -0.1275 0.9855
vn 0.0998 0.1994 0.9748
vn -0.1371 0.2289 0.9638
vn -0.0554 0.1636 0.9850
vn 0.7530 0.1037 -0.6498
vn 0.6870 0.1738 -0.7055
vn 0.9373 0.1550 -0.3121
vn -0.5899 -0.0085 0.8074
vn -0.6735 -0.6003 0.4313
vn -0.1552 -0.6765 0.7199
vn -0.2994 -0.1057 0.9483
vn -0.3719 0.0179 0.9281
vn -0.6334 -0.0841 0.7692
vn -0.8465 -0.2914 0.4456
vn -0.5363 -0.0561 0.8422
vn 0.0965 0.0824 0.9919
vn 0.5702 -0.0165 0.8213
vn -0.0526 0.1012 0.9935
vn 0.1334 0.0789 0.9879
vn 0.6134 0.0240 0.7894
vn -0.5284 0.1010 0.8429
vn -0.3978 0.0890 0.9131
vn 0.7431 0.4929 0.4525
vn 0.8601 0.5101 -0.0026
vn 0.8759 0.4707 0.1056
vn 0.7325 0.4336 0.5248
vn 0.4093 0.2648 0.8731
vn 0.8048 -0.5229 0.2809
vn 0.3194 0.3927 0.8624
vn -0.6159 -0.7131 -0.3350
vn -0.7027 -0.7114 -0.0132
vn -0.4383 -0.8936 -0.0972
vn -0.9317 -0.2593 -0.2545
vn -0.8039 -0.5310 -0.2679
vn -0.9850 -0.1560 0.0737
vn -0.5134 -0.6838 -0.5185
vn 0.1709 -0.0820 -0.9819
vn 0.3579 -0.2127 -0.9092
vn 0.2307 0.1180 -0.9658
vn 0.4260 0.4315 -0.7952
vn -0.8060 -0.5849 0.0910
vn -0.4815 -0.6762 -0.5576
vn -0.6969 0.0155 0.7170
vn -0.9130 0.1318 0.3861
vn -0.9577 0.0744 0.2779
vn -0.9594 0.1528 -0.2372
vn -0.8355 0.0938 0.5414
vn -0.9834 0.1450 -0.1089
vn 0.1049 0.3099 -0.9450
vn 0.2068 0.5289 -0.8231
vn 0.2674 0.6491 -0.7121
vn 0.0000 0.2249 -0.9744
vn 0.0587 0.4411 -0.8956
vn 0.0547 0.0519 -0.9972
vn 0.0169 0.0000 -0.9999
vn 0.1728 0.3614 -0.9163
vn -0.0063 0.0280 -0.9996
vn -0.5734 -0.4679 0.6725
vn 0.1728 0.3050 0.9365
vn -0.1201 -0.1059 0.9871
vn -0.6738 -0.6949 0.2510
vn -0.8582 -0.5119 -0.0385
vn -0.3806 -0.7699 0.5122
vn -0.8538 -0.1491 0.4988
vn 0.0149 0.2524 0.9675
vn -0.9921 -0.1253 0.0068
vn -0.9880 -0.1544 0.0000
vn -0.9878 -0.1392 0.0699
vn -0.9772 -0.1511 0.1492
vn -0.6522 -0.2687 0.7088
vn -0.4530 -0.8203 0.3491
vn -0.2871 -0.3885 0.8756
vn -0.8800 -0.2431 0.4080
vn 0.4541 -0.6140 -0.6456
vn -0.7375 -0.0596 -0.6727
vn -0.4622 0.8538 -0.2394
vn -0.3425 0.9171 -0.2041
vn -0.3997 0.7182 -0.5696
vn 0.6211 0.1924 0.7597
vn 0.3629 -0.8438 0.3953
vn 0.0000 -1.0000 0.0000
vn -0.3542 -0.7613 -0.5431
vn 0.4614 -0.2881 0.8391
vn 0.6082 -0.1951 0.7694
vn -0.9518 0.0514 -0.3025
vn -0.5205 -0.8018 -0.2937
vn -0.3298 -0.8738 -0.3574
vn -0.8990 0.0159 0.4377
vn -0.9954 0.0259 0.0927
vn -0.8807 0.2405 0.4081
vn -0.9036 0.1488 0.4016
vn -0.9361 -0.0431 0.3490
vn -0.8629 0.0834 0.4984
vn -0.9254 0.0686 0.3726
vn -0.3746 0.1072 0.9210
vn -0.3738 0.0576 0.9257
vn -0.1945 0.0868 0.9771
vn -0.2055 0.1574 0.9659
vn -0.3656 0.1627 0.9164
vn -0.4520 0.0938 0.8871
vn -0.4969 0.0462 0.8666
vn -0.7426 -0.0785 0.6651
vn -0.8242 -0.4097 -0.3909
vn -0.7612 -0.1830 0.6222
vn 0.0813 0.3148 0.9457
vn 0.0527 0.2560 0.9652
vn -0.9499 -0.1973 0.2426
vn -0.3340 0.2725 0.9023
vn -0.1942 0.9643 0.1799
vn -0.6554 0.6915 0.3037
vn -0.0902 -0.2632 0.9605
vn -0.0573 0.9235 0.3794
vn -0.8036 -0.0757 0.5903
vn -0.1785 -0.8443 0.5053
vn 0.4195 -0.2617 0.8692
vn 0.7378 0.3818 0.5567
vn 0.1585 0.6094 0.7769
vn 0.3816 -0.8808 0.2804
vn -0.1690 -0.8618 0.4783
vn -0.2663 0.4404 0.8574
vn -0.9648 -0.0492 0.2584
vn -0.7457 -0.1914 0.6382
vn -0.5673 -0.7605 0.3158
vn -0.7824 0.0126 0.6227
vn -0.8512 0.0158 0.5247
vn -0.9790 -0.0238 0.2026
vn -0.9963 -0.0839 0.0205
vn -0.0883 0.1646 -0.9824
vn 0.0054 0.2138 -0.9769
vn -0.2717 0.1555 -0.9497
vn -0.3834 0.1231 -0.9153
vn -0.0590 0.1702 -0.9836
vn 0.0068 0.1435 -0.9896
vn -0.1632 0.0753 -0.9837
vn 0.4746 0.0252 0.8799
vn 0.5107 -0.1616 0.8444
vn 0.2407 0.0096 0.9705
vn 0.5650 0.2674 0.7806
vn 0.4910 0.1787 0.8527
vn 0.7444 0.0309 0.6670
vn 0.5034 0.2597 0.8241
vn -0.9698 -0.2249 0.0948
vn -0.9519 -0.3028 0.0462
vn -0.8412 -0.1808 0.5096
vn -0.9524 -0.2905 0.0928
vn -0.8936 -0.2949 -0.3383
vn -0.8359 -0.1560 0.5263
vn -0.8899 -0.2597 -0.3749
vn 0.0414 0.5752 0.8169
vn 0.0173 0.6339 0.7732
vn 0.0714 -0.6283 0.7747
vn -0.3229 0.6124 0.7216
vn -0.3714 0.0067 0.9285
vn -0.0093 0.1326 0.9911
vn -0.7353 -0.2772 -0.6184
vn -0.8988 -0.1787 -0.4003
vn -0.4113 -0.0578 -0.9097
vn -0.0356 -0.3163 -0.9480
vn 0.0477 0.0994 0.9939
vn 0.0247 0.0821 0.9963
vn 0.8620 -0.4611 0.2105
vn -0.0040 0.1292 0.9916
vn 0.9626 -0.2066 0.1750
vn 0.0493 0.1273 0.9906
vn 0.5615 -0.2009 -0.8027
vn 0.0738 -0.4294 -0.9001
vn 0.1498 -0.2977 -0.9428
vn 0.5751 -0.0266 -0.8176
vn 0.8163 0.0256 -0.5770
vn -0.1556 -0.6253 0.7647
vn 0.1948 -0.4583 0.8672
vn 0.2722 -0.7490 -0.6040
vn 0.3750 -0.6324 -0.6778
vn 0.1069 -0.7514 -0.6512
vn 0.2282 -0.8824 -0.4114
vn -0.5065 0.0302 0.8617
vn -0.3847 0.0638 0.9209
vn -0.1742 0.0558 0.9831
vn 0.8854 -0.0376 0.4633
vn 0.8691 0.1957 0.4542
vn 0.9305 0.1299 0.3426
vn 0.9120 0.0406 0.4083
vn 0.9087 -0.1817 0.3757
vn 0.8210 -0.0577 0.5680
vn 0.4532 0.1590 0.8771
vn 0.2541 0.1545 0.9548
vn 0.5219 0.0420 0.8520
vn 0.5821 0.1147 0.8050
vn -0.6957 0.5841 -0.4181
vn -0.8531 0.5216 0.0120
vn -0.5744 0.8148 -0.0791
vn -0.2912 0.6381 -0.7128
vn -0.3991 0.4432 -0.8027
vn -0.8048 0.4359 -0.4029
vn -0.8857 0.4636 0.0251
vn -0.2445 -0.4919 -0.8356
vn -0.9535 -0.2703 -0.1335
vn -0.0855 -0.3424 -0.9357
vn 0.5764 -0.2753 -0.7694
vn 0.4936 -0.8651 0.0893
vn -0.6247 -0.7809 0.0000
vn 0.6835 -0.7121 0.1609
vn 0.6556 -0.7468 -0.1114
vn 0.6795 -0.6952 0.2346
vn 0.7078 -0.0934 0.7002
vn 0.6408 -0.7637 -0.0781
vn 0.8813 -0.3529 0.3144
vn 0.6995 -0.7024 -0.1317
vn 0.3555 0.4268 0.8316
vn -0.0268 0.2672 0.9633
vn 0.2949 0.5005 0.8139
vn 0.0201 0.2745 0.9614
vn 0.7532 0.4646 0.4656
vn 0.2886 0.3653 0.8850
vn 0.7268 0.5812 0.3661
vn -0.2977 0.6219 -0.7243
vn -0.5367 0.7118 -0.4531
vn -0.2685 0.7876 -0.5546
vn -0.0136 0.6907 -0.7230
vn -0.6140 0.4632 -0.6391
vn -0.3144 0.3691 -0.8746
vn 0.0179 0.4520 -0.8918
vn -0.9683 0.1057 -0.2263
vn -0.9498 0.2482 0.1904
vn -0.9014 0.2844 -0.3267
vn -0.9487 0.2425 -0.2029
vn 0.4057 -0.8350 0.3718
vn 0.1803 -0.4586 0.8701
vn 0.1063 -0.5862 0.8031
vn 0.5499 -0.3706 0.7485
vn 0.6024 -0.1308 0.7874
vn 0.7991 -0.3514 0.4879
vn 0.4079 0.0672 -0.9105
vn 0.7910 -0.0164 -0.6116
vn 0.5475 0.1776 -0.8177
vn 0.0205 0.9726 0.2317
vn -0.0511 0.9493 0.3101
vn -0.2153 0.1759 -0.9606
vn -0.3406 0.0680 -0.9377
vn 0.9998 -0.0024 0.0207
vn -0.3026 0.2462 0.9208
vn 0.9982 -0.0353 -0.0476
vn 0.9950 -0.0559 -0.0832
vn 0.0390 -0.3635 -0.9308
vn -0.2316 0.0806 -0.9695
vn 0.3342 -0.3024 -0.8927
vn 0.6287 -0.4009 -0.6663
vn -0.2249 -0.0760 -0.9714
vn -0.6344 0.0821 -0.7686
vn 0.5518 -0.5990 -0.5803
vn 0.3452 -0.9130 0.2175
vn 0.0000 -0.9992 0.0396
vn 0.0000 -0.6585 0.7526
vn 0.5019 0.1393 0.8536
vn 0.0726 0.2138 0.9742
vn -0.3621 -0.5295 -0.7671
vn -0.8616 0.0743 -0.5021
vn -0.1534 -0.3464 -0.9254
vn 0.5407 -0.8274 -0.1516
vn -0.9004 -0.4267 0.0853
vn -0.0577 0.2128 0.9754
vn -0.1396 0.1315 0.9814
vn 0.0014 0.1039 0.9946
vn 0.0000 0.2218 0.9751
vn -0.0801 0.2185 0.9726
vn -0.5579 0.5240 0.6435
vn -0.9050 0.4183 0.0771
vn -0.7561 0.6416 0.1293
vn 0.3544 0.3556 0.8648
vn -0.3462 0.1675 0.9231
vn -0.1085 0.7705 0.6281
vn -0.9316 0.0568 0.3590
vn -0.0362 -0.0494 -0.9981
vn 0.5729 -0.7552 0.3186
vn 0.2007 -0.7010 0.6844
vn 0.0463 -0.9777 0.2047
vn -0.0253 -0.0596 -0.9979
vn 0.1722 0.0429 -0.9841
vn -0.0151 -0.0636 -0.9979
vn 0.1487 0.0422 -0.9880
vn 0.0609 0.0639 0.9961
vn -0.2457 0.0919 0.9650
vn -0.2892 0.0194 0.9571
vn 0.0187 0.0145 0.9997
vn 0.2914 0.0189 0.9564
vn 0.3310 0.0647 0.9414
vn 0.2312 0.1080 0.9669
vn -0.9360 -0.0169 0.3516
vn -0.9731 -0.2041 0.1068
vn -0.9538 -0.1934 0.2299
vn -0.8273 -0.4329 0.3581
vn -0.6061 -0.7545 0.2519
vn -0.9307 -0.3174 0.1819
vn -0.8179 0.1732 0.5486
vn -0.9509 -0.2320 0.2047
vn -0.9260 0.0315 0.3763
vn -0.9054 -0.1068 -0.4108
vn -0.8675 -0.2451 -0.4329
vn -0.7497 0.2575 0.6097
vn -0.1626 -0.3656 -0.9165
vn -0.8283 -0.2695 0.4912
vn -0.8330 0.2960 0.4674
vn -0.9974 0.0523 -0.0494
vn -0.5759 -0.0273 -0.8170
vn -0.8729 0.4045 0.2728
vn -0.5656 0.1851 -0.8037
vn -0.9174 -0.1636 0.3627
vn -0.5003 -0.3749 -0.7805
vn 0.8975 0.0838 0.4330
vn 0.6780 0.1039 0.7277
vn 0.9930 0.1089 0.0454
vn 0.6960 0.0805 0.7135
vn 0.7793 0.1141 0.6162
vn 0.8609 0.0735 0.5034
vn 0.4859 0.0624 0.8718
vn -0.1119 0.3031 -0.9464
vn -0.0232 -0.0004 -0.9997
vn -0.0611 0.0527 -0.9967
vn -0.0521 0.4429 -0.8950
vn 0.0070 0.2272 -0.9738
vn 0.0017 0.0261 -0.9997
vn -0.2111 0.5331 -0.8193
vn -0.1839 0.3540 -0.9170
vn 0.8883 0.2236 0.4013
vn 0.8984 -0.0165 0.4388
vn 0.8986 0.2049 0.3880
vn 0.9914 -0.1056 -0.0769
vn 0.2881 -0.8717 0.3964
vn 0.2118 -0.9639 0.1615
vn 0.9475 0.3111 0.0739
vn 0.0155 0.1229 0.9923
vn 0.6973 -0.6165 0.3657
vn -0.8256 -0.5214 -0.2157
vn -0.8827 -0.3866 0.2670
vn -0.9118 -0.3680 0.1823
vn -0.8491 -0.4815 0.2173
vn -0.8256 -0.4404 -0.3528
vn 0.5325 -0.7319 0.4251
vn -0.4655 -0.5937 -0.6564
vn -0.4110 -0.4871 -0.7706
vn 0.5129 -0.5951 -0.6187
vn -0.5428 -0.3501 0.7634
vn -0.5787 -0.3922 0.7151
vn -0.7985 0.1576 -0.5810
vn -0.7504 0.0372 -0.6599
vn -0.7559 0.1294 -0.6418
vn -0.7507 0.0938 -0.6540
vn -0.3729 0.1662 -0.9128
vn -0.9001 0.1662 -0.4027
vn -0.5469 0.1401 -0.8254
vn 0.6380 -0.1196 0.7607
vn 0.5426 0.0387 0.8391
vn 0.6432 -0.0461 0.7643
vn 0.7984 -0.2776 0.5344
vn 0.5174 -0.2341 0.8231
vn 0.6298 -0.2330 0.7410
vn 0.8185 -0.2587 0.5129
vn 0.0171 -0.8745 0.4847
vn 0.8084 0.2111 -0.5494
vn 0.8818 0.4560 -0.1204
vn -0.0710 -0.9967 0.0397
vn 0.4165 -0.8328 0.3646
vn -0.3065 0.0034 0.9519
vn -0.1432 -0.7216 0.6773
vn -0.1056 -0.5938 0.7976
vn -0.9047 -0.3886 -0.1750
vn -0.6532 -0.6811 0.3307
vn 0.7896 -0.3091 0.5302
vn -0.6926 -0.6209 -0.3672
vn 0.8143 -0.4434 -0.3745
vn 0.8438 -0.2176 -0.4906
vn 0.9251 -0.1796 -0.3346
vn 0.8154 -0.5707 -0.0973
vn 0.7713 -0.4997 -0.3941
vn 0.7552 -0.3997 -0.5196
vn 0.8894 -0.4483 0.0898
vn -0.8027 0.5055 0.3164
vn -0.7417 0.6473 0.1759
vn -0.6853 0.6190 0.3836
vn -0.4630 0.7886 0.4047
vn -0.9177 0.2086 0.3381
vn -0.9318 0.3085 0.1912
vn -0.5183 0.7140 0.4706
vn -0.3026 0.8646 0.4010
vn 0.3594 -0.9331 -0.0108
vn -0.0780 -0.8102 -0.5810
vn -0.4001 -0.9039 0.1514
vn -0.9962 0.0708 0.0513
vn -0.4369 -0.8849 -0.1617
vn 0.3340 -0.6484 0.6842
vn -0.9864 0.1526 -0.0602
vn -0.6894 0.1990 0.6965
vn -0.8385 0.1673 0.5186
vn 0.9178 0.3963 0.0239
vn 0.7518 0.4761 -0.4562
vn 0.9395 0.3260 -0.1047
vn 0.8406 0.2021 0.5026
vn 0.7090 0.3708 0.5999
vn 0.7263 0.2979 0.6194
vn -0.2384 0.3002 0.9236
vn -0.2530 0.3319 0.9087
vn 0.7677 -0.0264 0.6403
vn 0.9179 -0.1829 -0.3522
vn 0.9559 -0.1129 -0.2711
vn 0.7058 0.3516 0.6149
vn 0.1428 -0.4936 -0.8579
vn -0.2816 -0.9260 -0.2515
vn -0.1084 -0.4849 -0.8678
vn 0.4994 -0.7741 0.3891
vn -0.1549 -0.9793 0.1302
vn 0.5501 -0.1857 -0.8142
vn -0.1005 -0.6718 -0.7338
vn 0.9084 0.2323 0.3476
vn 0.8548 0.4301 0.2903
vn 0.8130 0.5730 0.1040
vn 0.8036 0.3388 0.4894
vn 0.5516 -0.2845 0.7841
vn 0.5623 -0.1991 0.8026
vn 0.4947 -0.3532 0.7941
vn 0.9673 0.1058 0.2306
vn 0.9557 0.1076 0.2740
vn 0.9433 0.1393 -0.3012
vn -0.5478 -0.2695 0.7920
vn 0.5463 0.2935 0.7845
vn 0.6313 0.5103 0.5840
vn 0.9076 0.1693 -0.3842
vn -0.1085 0.0749 0.9913
vn -0.2152 0.1356 0.9671
vn 0.8066 -0.1659 0.5674
vn 0.5801 0.1247 0.8050
vn 0.3982 0.0011 0.9173
vn 0.5305 -0.0293 0.8472
vn 0.7887 -0.2580 0.5581
vn 0.6131 -0.3840 0.6904
vn 0.4501 -0.0225 0.8927
vn 0.4115 0.0516 0.9099
vn -0.0370 0.1414 0.9893
vn -0.0783 0.0943 0.9925
vn -0.0537 0.1098 0.9925
vn -0.0447 0.1456 0.9883
vn 0.0100 0.1030 0.9946
vn -0.0009 0.1094 0.9940
vn -0.0027 0.0905 0.9959
vn 0.0354 0.0822 0.9960
vn -0.0153 0.1530 0.9881
vn -0.0207 0.1780 0.9838
vn 0.0027 0.1872 0.9823
vn 0.0263 0.1520 0.9880
vn -0.0403 0.1604 0.9862
vn -0.0180 0.1627 0.9865
vn -0.0183 0.1114 0.9936
vn -0.0511 0.1514 0.9872
vn -0.0582 0.1246 0.9905
vn -0.0534 0.1160 0.9918
vn 0.0132 0.1820 0.9832
vn 0.0412 0.1149 0.9925
vn 0.0559 0.1462 0.9877
vn 0.3065 -0.1858 -0.9336
vn -0.2111 -0.0971 0.9726
vn -0.4310 0.0319 0.9018
vn 0.2806 -0.0733 -0.9570
vn 0.4323 -0.0835 -0.8978
vn 0.3950 -0.1835 -0.9002
vn 0.9587 0.1607 0.2348
vn 0.9041 0.2913 0.3126
vn 0.9817 -0.1725 0.0813
vn 0.7423 0.5682 0.3553
vn 0.8174 0.4096 0.4052
vn 0.3808 0.0092 0.9246
vn 0.4420 -0.1004 0.8914
vn 0.0945 -0.1258 0.9875
vn 0.6377 0.0260 0.7698
vn 0.3196 0.1094 0.9412
vn 0.6143 0.1567 0.7733
vn 0.0933 0.0138 0.9955
vn -0.8924 -0.3573 0.2754
vn -0.8557 -0.3953 0.3340
vn -0.9213 -0.2242 0.3178
vn -0.9262 -0.2892 0.2421
vn -0.8789 -0.4468 0.1671
vn -0.9010 -0.2590 0.3481
vn -0.9464 -0.2493 0.2056
vn -0.9731 0.0847 -0.2141
vn -0.9686 0.1205 -0.2176
vn 0.0000 0.7071 0.7071
vn 0.0134 0.3151 0.9490
vn 0.1681 0.7125 0.6812
vn -0.1658 0.9308 0.3258
vn -0.3416 -0.2759 -0.8984
vn 0.0083 -0.3377 -0.9412
vn -0.5806 -0.6126 -0.5364
vn 0.2200 0.1065 -0.9697
vn -0.8220 -0.4856 -0.2975
vn -0.2864 0.3647 0.8860
vn -0.2401 0.3502 0.9054
vn -0.4603 0.0443 0.8867
vn -0.2815 0.0196 0.9594
vn -0.5209 0.0783 0.8500
vn -0.6662 -0.0311 0.7451
vn -0.6305 0.0538 0.7743
vn 0.8850 -0.4167 -0.2076
vn 0.6969 -0.7114 -0.0903
vn 0.9549 -0.2057 0.2141
vn 0.6412 -0.5931 -0.4870
vn 0.7711 -0.5643 -0.2950
vn 0.9572 -0.2546 0.1373
vn -0.1509 -0.9865 0.0630
vn 0.1379 -0.9821 -0.1284
vn -0.2043 -0.9789 0.0058
vn 0.3111 -0.9447 -0.1038
vn -0.2746 -0.9489 0.1555
vn -0.5854 0.1387 -0.7988
vn -0.0293 -0.1212 -0.9922
vn -0.5958 0.0756 -0.7995
vn -0.8218 0.3608 -0.4410
vn -0.6166 0.2024 -0.7608
vn -0.8463 0.2776 -0.4547
vn -0.0639 -0.0821 -0.9946
vn 0.8563 -0.3254 0.4010
vn 0.6011 0.4980 0.6250
vn 0.9774 0.1843 0.1039
vn 0.8630 -0.5002 0.0708
vn 0.8887 -0.0714 0.4528
vn 0.3152 0.2450 0.9169
vn 0.5277 0.6041 -0.5972
vn 0.2647 0.8282 -0.4940
vn 0.5646 0.7595 -0.3231
vn 0.8925 0.3636 -0.2670
vn 0.6655 0.4168 -0.6191
vn 0.2600 0.3989 -0.8794
vn 0.2318 0.6367 -0.7355
vn 0.8294 -0.3883 -0.4017
vn 0.1210 -0.3823 -0.9161
vn 0.8851 -0.3961 -0.2443
vn 0.8295 -0.3885 0.4013
vn 0.4576 -0.8656 -0.2034
vn 0.1324 -0.4614 -0.8772
vn 0.5685 -0.0559 0.8208
vn -0.0307 -0.2616 0.9647
vn 0.0608 -0.9376 0.3424
vn -0.5374 -0.2493 0.8056
vn 0.3278 0.1506 0.9327
vn 0.5500 -0.1888 0.8136
vn -0.0689 0.0759 0.9947
vn -0.3772 0.0505 0.9248
vn 0.3141 0.0683 -0.9469
vn -0.0083 0.9412 0.3378
vn 0.7702 -0.0693 -0.6341
vn 0.2224 0.1931 -0.9556
vn -0.3874 0.0750 -0.9189
vn 0.8486 0.1009 -0.5193
vn 0.4515 0.1542 0.8789
vn 0.3177 0.1426 0.9374
vn 0.5445 0.0733 0.8355
vn 0.5665 0.1016 0.8178
vn 0.2883 0.2552 0.9229
vn 0.9407 0.2015 0.2730
vn 0.9377 0.3048 0.1670
vn 0.8375 0.1891 0.5127
vn 0.9461 0.2537 -0.2012
vn 0.8737 0.0546 0.4835
vn 0.9852 0.1351 0.1059
vn -0.4530 -0.0114 0.8915
vn -0.3875 0.1424 0.9108
vn -0.4903 -0.0210 0.8713
vn -0.4930 -0.1046 0.8637
vn -0.8157 -0.1236 0.5651
vn -0.5758 -0.1249 0.8080
vn -0.4793 -0.0501 0.8762
vn -0.7380 0.0093 0.6747
vn 0.0038 -0.2492 -0.9685
vn 0.0737 -0.3436 -0.9362
vn 0.6598 -0.5035 -0.5578
vn 0.1648 -0.2499 -0.9541
vn -0.6256 -0.1614 -0.7633
vn -0.6522 -0.0096 -0.7580
vn 0.3164 -0.0926 0.9441
vn 0.0000 0.0000 1.0000
vn 0.0000 -0.0899 0.9960
vn 0.4211 -0.0747 0.9039
vn 0.6705 -0.0670 0.7389
vn -0.3652 0.9309 0.0107
vn 0.9843 -0.0644 -0.1646
vn -0.3528 0.8983 0.2620
vn -0.3238 0.9308 -0.1697
vn 0.9186 0.0795 0.3872
vn -0.0022 0.9997 -0.0239
vn -0.2285 0.1666 0.9592
vn -0.1490 0.1097 0.9827
vn -0.1814 0.2584 0.9489
vn -0.2973 0.0379 0.9540
vn 0.0047 0.0456 0.9990
vn 0.0139 0.0245 0.9996
vn 0.5680 0.8214 -0.0515
vn 0.3743 0.9269 -0.0287
vn 0.5286 0.7058 0.4715
vn 0.7471 0.4302 0.5068
vn 0.8598 0.5093 0.0364
vn 0.7073 0.5790 -0.4054
vn 0.3784 0.0639 0.9235
vn 0.3757 0.0660 0.9244
vn 0.1901 0.0443 0.9808
vn 0.4906 0.0303 0.8709
vn 0.3741 0.0795 0.9240
vn 0.5633 0.0758 0.8228
vn 0.2073 0.0783 0.9751
vn -0.4306 -0.1491 0.8901
vn -0.5609 -0.0730 0.8246
vn -0.7433 0.1349 0.6553
vn -0.5611 -0.1306 0.8174
vn -0.6686 0.1067 0.7359
vn -0.4729 -0.1791 0.8627
vn -0.6635 -0.2234 0.7140
vn -0.4065 -0.2932 0.8653
vn -0.3697 -0.8729 0.3184
vn 0.1915 -0.7633 0.6170
vn 0.2297 0.7019 0.6742
vn -0.2144 0.7181 0.6621
vn -0.7776 0.3295 0.5355
vn 0.0150 0.2032 0.9790
vn 0.0090 0.0844 0.9964
vn 0.3127 0.0437 0.9489
vn 0.8634 -0.2018 0.4624
vn 0.5871 -0.0397 0.8085
vn 0.7389 -0.5220 -0.4260
vn -0.2707 0.3282 0.9050
vn 0.7552 -0.5011 -0.4226
vn 0.8031 0.1235 0.5829
vn 0.2996 -0.1540 0.9416
vn 0.5358 0.8189 0.2058
vn 0.1096 0.6587 0.7444
vn 0.2342 -0.8765 0.4206
vn 0.8704 -0.1438 0.4709
vn -0.4319 -0.8252 0.3641
vn -0.2710 -0.8891 0.3690
vn -0.1488 -0.9546 -0.2580
vn 0.0544 -0.9979 0.0348
vn -0.3829 -0.8288 -0.4081
vn -0.1438 -0.9443 0.2961
vn 0.0183 -0.6467 0.7625
vn 0.0273 0.1709 -0.9849
vn 0.5984 0.1032 -0.7945
vn 0.1620 0.1799 -0.9703
vn 0.3928 0.0725 -0.9168
vn -0.0002 0.1574 -0.9875
vn -0.4069 0.2835 0.8684
vn -0.2613 0.0146 0.9651
vn -0.5134 0.2499 0.8209
vn -0.3143 0.4034 0.8593
vn -0.0459 0.0850 0.9953
vn -0.7234 0.5126 0.4625
vn -0.7549 0.4297 0.4954
vn -0.9554 -0.1334 0.2633
vn -0.4903 -0.2278 -0.8413
vn -0.7126 -0.4427 -0.5442
vn -0.5100 -0.5643 0.6492
vn -0.9486 -0.2108 -0.2359
vn -0.8201 -0.2187 0.5288
vn 0.1005 -0.7830 0.6138
vn 0.6691 -0.6853 0.2875
vn 0.0666 -0.9755 0.2097
vn -0.6045 -0.7647 0.2230
vn 0.0194 0.0895 0.9958
vn 0.4575 -0.4939 0.7394
vn -0.5819 -0.5607 0.5891
vn -0.3724 -0.1481 0.9162
vn 0.8926 0.1947 -0.4066
vn 0.6504 0.1153 -0.7508
vn 0.3207 0.1442 -0.9361
vn 0.8377 0.2001 -0.5081
vn 0.4597 0.1722 -0.8712
vn -0.3177 0.3558 0.8789
vn -0.2576 0.0545 0.9647
vn 0.3511 0.7265 0.5907
vn 0.9717 0.1671 0.1673
vn 0.5763 0.7707 0.2719
vn 0.3029 0.8970 0.3219
vn 0.2590 0.8611 0.4374
vn 0.2837 0.6213 0.7305
vn 0.2893 0.4936 0.8201
vn 0.4485 0.4473 0.7738
vn 0.2799 -0.9428 0.1810
vn 0.2052 -0.8906 -0.4059
vn 0.4003 -0.8547 0.3304
vn -0.4896 -0.7182 0.4943
vn 0.6620 -0.7027 -0.2607
vn -0.0971 0.2318 0.9679
vn -0.3753 0.0097 0.9268
vn -0.7760 0.6102 0.1598
vn -0.9258 0.3753 -0.0447
vn -0.9445 0.2111 0.2519
vn -0.8479 0.4803 0.2244
vn -0.6943 0.7127 0.0995
vn -0.7045 0.6909 -0.1621
vn -0.4665 0.8823 0.0631
vn -0.5940 0.8024 0.0576
vn -0.6578 0.7531 -0.0102
vn -0.4994 0.8657 0.0341
vn -0.0440 0.9766 0.2104
vn -0.6312 0.7750 0.0308
vn -0.2207 0.9186 0.3277
vn 0.9036 -0.3566 -0.2372
vn 0.9633 -0.1291 -0.2354
vn 0.7450 -0.2327 -0.6252
vn 0.6460 -0.5064 -0.5712
vn -0.0246 -0.9106 -0.4126
vn 0.9986 -0.0533 -0.0015
vn -0.8853 -0.4602 -0.0672
vn -0.0178 -0.9266 0.3757
vn 0.6119 -0.0234 0.7906
vn -0.2205 0.2712 0.9369
vn 0.8183 0.0470 0.5729
vn 0.4849 -0.8745 0.0119
vn -0.9687 -0.2481 0.0008
vn -0.5377 -0.8410 0.0601
vn 0.9548 -0.2779 -0.1059
vn 0.9618 -0.2660 -0.0641
vn -0.5841 -0.8048 0.1056
vn 0.9619 -0.2717 0.0299
vn 0.7786 -0.3600 0.5141
vn 0.7258 -0.6843 -0.0700
vn 0.9779 -0.1982 0.0661
vn 0.8686 0.2180 0.4450
vn 0.6036 -0.6826 0.4120
vn 0.6163 -0.2330 0.7523
vn 0.6081 -0.0818 0.7897
vn -0.9752 -0.1216 -0.1848
vn -0.8489 -0.3175 -0.4226
vn -0.8791 -0.3032 0.3678
vn -0.6808 -0.1048 -0.7250
vn -0.9836 -0.0897 -0.1564
vn -0.8452 -0.1102 0.5229
vn -0.9300 0.3669 0.0218
vn -0.9681 0.1641 0.1892
vn -0.7017 0.1623 -0.6937
vn -0.6654 0.2310 -0.7098
vn -0.9681 0.1626 -0.1906
vn -0.7202 0.1255 -0.6823
vn -0.9373 0.1452 -0.3168
vn -0.7254 0.1403 -0.6739
vn 0.3612 -0.1399 0.9220
vn 0.2981 0.0380 0.9538
vn 0.0000 -0.1328 0.9911
vn -0.0234 -0.7045 0.7094
vn 0.2491 -0.6422 0.7249
vn 0.9017 0.4195 -0.1044
vn 0.8734 0.4868 0.0166
vn 0.8389 0.3237 -0.4376
vn 0.7913 0.5399 0.2871
vn 0.7129 0.5623 0.4191
vn 0.8147 0.2305 -0.5320
vn 0.8709 0.3759 -0.3166
vn -0.8387 0.3613 0.4074
vn -0.8128 0.3361 0.4759
vn -0.7927 0.3103 0.5247
vn -0.9605 -0.0203 0.2775
vn -0.7976 0.0766 0.5982
vn -0.5788 0.4770 0.6614
vn -0.6169 0.4931 0.6134
vn -0.4216 0.1141 0.8995
vn -0.6363 0.0429 0.7703
vn -0.7942 0.0857 0.6015
vn 0.8561 -0.1009 0.5068
vn -0.2137 -0.2111 -0.9538
vn -0.2686 0.1934 -0.9436
vn 0.7653 -0.0980 0.6362
vn 0.8977 -0.0297 0.4397
vn 0.8302 -0.2126 0.5153
vn -0.1681 0.9065 0.3873
vn -0.2144 0.8807 0.4224
vn 0.0830 0.9568 0.2788
vn 0.0905 0.9704 0.2237
vn -0.5667 0.6719 0.4768
vn 0.9210 -0.3422 0.1863
vn -0.5890 -0.8080 0.0136
vn 0.7806 -0.2662 0.5655
vn 0.5519 -0.6414 0.5330
vn 0.9431 -0.3302 -0.0383
vn -0.2607 0.5543 0.7905
vn 0.1332 0.5483 0.8256
vn -0.3732 0.5004 0.7812
vn 0.7091 0.6638 0.2377
vn 0.7237 0.6859 0.0759
vn 0.6074 0.7940 0.0240
vn 0.7743 0.4697 0.4241
vn 0.5631 0.8166 0.1272
vn 0.7643 0.5968 0.2441
vn -0.7456 0.5304 0.4034
vn 0.0967 0.2452 0.9646
vn -0.5519 0.3482 0.7577
vn 0.1480 0.1987 0.9688
vn -0.7902 0.5323 0.3037
vn -0.9446 0.1015 -0.3121
vn -0.8514 0.3205 -0.4152
vn -0.0269 0.4952 -0.8683
vn 0.0069 0.9765 -0.2156
vn 0.2075 0.5141 -0.8323
vn -0.0035 0.4431 -0.8965
vn -0.2132 0.5044 -0.8367
vn -0.8704 -0.0604 -0.4887
vn -0.9670 -0.2309 -0.1077
vn 0.1924 0.2001 0.9607
vn 0.2179 0.0852 0.9722
vn 0.9015 0.0550 0.4293
vn 0.2362 0.2113 0.9484
vn 0.1024 0.1803 0.9783
vn 0.7967 0.3335 0.5040
vn 0.1126 0.1454 0.9830
vn 0.1631 0.2919 -0.9424
vn 0.1283 0.2000 -0.9714
vn 0.4499 0.1952 -0.8715
vn 0.2547 0.2082 -0.9443
vn 0.0015 0.2108 -0.9775
vn 0.4389 0.2760 -0.8551
vn -0.0017 0.2934 -0.9560
vn -0.6426 0.1897 0.7423
vn -0.7017 -0.0832 0.7076
vn -0.7353 -0.0468 0.6762
vn -0.6465 0.2333 0.7264
vn -0.8310 -0.0149 0.5560
vn -0.6631 0.0315 0.7479
vn -0.7686 0.1565 0.6202
vn 0.0142 0.3721 0.9281
vn 0.2712 0.3904 0.8798
vn 0.0239 0.2997 0.9537
vn -0.2662 0.4065 0.8740
vn -0.2621 0.2636 0.9284
vn 0.0035 0.4270 0.9042
vn -0.7723 -0.2036 -0.6018
vn -0.7994 -0.0832 -0.5950
vn -0.9991 0.0122 0.0406
vn 0.2939 -0.3423 -0.8924
vn 0.2602 -0.5397 -0.8006
vn -0.8191 -0.5123 -0.2580
vn -0.6467 -0.7075 -0.2850
vn -0.8335 -0.5477 0.0731
vn -0.9616 -0.2731 0.0263
vn -0.9624 -0.2373 0.1324
vn -0.9159 -0.3512 -0.1946
vn -0.5992 -0.6501 -0.4672
vn -0.9922 -0.0379 -0.1192
vn -0.9844 -0.0591 0.1657
vn -0.8351 -0.0341 -0.5490
vn 0.7295 -0.0382 0.6829
vn 0.5790 -0.2737 0.7680
vn 0.6229 -0.4373 0.6487
vn 0.8425 -0.3010 0.4467
vn 0.8727 0.1042 0.4769
vn 0.6466 0.1941 0.7377
vn 0.5694 0.2087 0.7951
vn 0.3569 0.1585 -0.9206
vn 0.6810 0.1626 -0.7140
vn 0.1907 0.1132 -0.9751
vn 0.4089 0.1300 -0.9033
vn 0.2780 0.1681 -0.9457
vn 0.5027 0.1886 -0.8436
vn 0.9177 0.1603 -0.3635
vn -0.4142 0.6818 0.6029
vn -0.9718 0.1069 0.2103
vn -0.9908 -0.0682 0.1166
vn -0.7436 0.3277 0.5828
vn 0.2313 0.7010 0.6746
vn 0.3811 0.7827 0.4921
vn -0.7612 0.5057 0.4060
vn 0.5922 0.6888 0.4183
vn -0.5280 0.1287 -0.8394
vn -0.4500 0.1156 -0.8855
vn -0.4841 0.1536 -0.8614
vn -0.2276 0.1518 -0.9618
vn -0.2153 0.1307 -0.9677
vn -0.7410 0.1455 -0.6555
vn -0.0838 0.9955 -0.0454
vn -0.6124 0.7905 0.0098
vn 0.8235 0.1743 -0.5398
vn 0.1005 -0.9927 -0.0668
vn 0.9155 0.1262 -0.3820
vn -0.3437 0.0355 0.9384
vn -0.5250 0.0561 0.8492
vn -0.2429 -0.9054 0.3483
vn 0.0034 0.0186 0.9998
vn -0.3094 0.0399 0.9501
vn -0.4928 0.0395 0.8692
vn -0.0619 0.8481 -0.5263
vn -0.3280 0.8682 -0.3724
vn 0.0437 0.9986 -0.0308
vn 0.3152 -0.0111 0.9490
vn 0.2981 0.8990 -0.3208
vn 0.8631 0.3406 -0.3729
vn 0.8454 0.3693 -0.3859
vn 0.6992 0.2338 -0.6756
vn 0.9104 0.4117 -0.0400
vn -0.4730 -0.0800 -0.8774
vn 0.0300 0.0578 0.9979
vn -0.4894 -0.0817 -0.8682
vn -0.2664 -0.0661 -0.9616
vn -0.2859 -0.0799 -0.9549
vn -0.4604 -0.0534 -0.8861
vn -0.9340 0.0825 0.3475
vn -0.8724 -0.1091 0.4764
vn -0.9584 -0.0372 0.2829
vn -0.6823 -0.4773 0.5538
vn -0.0781 0.2172 0.9730
vn 0.6954 0.3140 0.6464
vn 0.1618 -0.3422 -0.9256
vn -0.7544 -0.2224 -0.6176
vn -0.9931 -0.0267 -0.1138
vn -0.9808 -0.1600 0.1120
vn -0.8045 -0.0761 0.5890
vn 0.8978 -0.0980 0.4294
vn 0.8831 -0.4691 -0.0065
vn 0.2195 -0.0548 -0.9741
vn -0.0586 -0.0848 -0.9947
vn 0.0263 0.1948 -0.9805
vn 0.1887 -0.3218 -0.9278
vn 0.2438 0.1907 -0.9509
vn 0.5974 -0.1383 -0.7900
vn 0.4995 -0.3306 -0.8007
vn 0.6066 0.0633 0.7925
vn 0.6150 0.1341 0.7770
vn 0.5892 0.0749 0.8045
vn -0.5731 0.1017 0.8131
vn -0.7183 -0.1427 0.6810
vn -0.8444 0.1639 0.5101
vn -0.6886 0.2267 0.6888
vn -0.3677 0.1905 0.9102
vn 0.8876 0.2646 -0.3771
vn 0.3055 -0.0029 -0.9522
vn 0.6593 0.0494 -0.7502
vn 0.3092 -0.9180 -0.2483
vn 0.3786 -0.9255 0.0072
vn 0.3657 -0.2743 0.8894
vn -0.7003 0.4745 0.5334
vn -0.7107 0.5366 0.4549
vn -0.8760 0.4076 -0.2578
vn -0.7593 0.0218 -0.6504
vn -0.9489 0.0796 0.3053
vn -0.1124 0.1511 0.9821
vn 0.1499 0.1522 0.9769
vn -0.5742 -0.0502 0.8172
vn 0.1742 -0.9597 0.2204
vn 0.9600 0.0973 0.2626
vn 0.0291 0.1247 0.9918
vn -0.4011 -0.7143 -0.5735
vn 0.3870 -0.4532 -0.8030
vn -0.7029 -0.5310 0.4732
vn -0.2369 0.3290 0.9141
vn -0.0829 0.3886 0.9177
vn -0.7491 0.4759 0.4608
vn 0.5329 -0.0194 0.8459
vn -0.8476 0.3959 0.3534
vn -0.2113 0.2243 0.9513
vn 0.8853 0.4646 -0.0209
vn 0.8513 0.2668 -0.4518
vn 0.9256 0.3730 -0.0645
vn -0.2112 0.1560 0.9649
vn -0.0590 0.0846 0.9947
vn -0.3215 0.1709 0.9313
vn -0.4302 0.1777 0.8851
vn -0.3672 0.2494 0.8961
vn 0.9334 -0.0488 0.3555
vn 0.8737 -0.3535 -0.3343
vn 0.8958 0.0494 0.4417
vn 0.9817 -0.0727 0.1757
vn 0.1745 0.3321 0.9270
vn 0.9619 -0.2087 0.1766
vn 0.9704 -0.1365 0.1991
vn 0.9810 -0.1371 0.1374
vn 0.8945 -0.2807 0.3479
vn 0.9203 -0.2411 0.3080
vn 0.9410 -0.2502 0.2277
vn -0.6588 -0.1106 0.7442
vn -0.8786 -0.1200 0.4623
vn -0.6929 0.0796 0.7167
vn -0.3332 -0.0444 0.9418
vn 0.3302 0.8743 -0.3559
vn -0.8831 -0.1558 0.4425
vn 0.1987 0.9591 -0.2014
vn -0.7835 0.4047 -0.4715
vn -0.4961 0.2208 -0.8397
vn -0.5322 0.2393 -0.8121
vn -0.8080 0.3801 -0.4501
vn -0.8777 0.4792 0.0043
vn 0.1404 -0.3408 -0.9296
vn -0.8332 -0.4055 -0.3760
vn -0.7020 -0.5562 -0.4449
vn 0.3666 0.2854 -0.8855
vn 0.0085 0.3916 -0.9201
vn 0.0246 0.1725 -0.9847
vn 0.4043 -0.0557 -0.9129
vn 0.7312 0.3550 -0.5825
vn 0.3367 0.4659 -0.8183
vn 0.8047 0.0474 -0.5917
vn -0.3055 0.4854 0.8192
vn -0.4926 0.5389 0.6834
vn -0.9450 0.1965 0.2614
vn 0.2837 0.3931 0.8747
vn 0.2977 0.5478 0.7818
vn -0.8167 0.2011 0.5409
vn -0.0627 0.3860 0.9204
vn -0.7084 0.6644 0.2381
vn -0.3616 0.9228 0.1327
vn -0.4282 0.9031 0.0324
vn -0.7001 0.7004 0.1390
vn -0.7171 0.6032 0.3492
vn -0.5975 0.7213 0.3504
vn -0.8326 0.2469 -0.4958
vn -0.9502 0.1609 -0.2671
vn -0.7427 0.2951 -0.6011
vn -0.6391 0.2092 -0.7401
vn -0.7789 0.1500 -0.6089
vn 0.3039 -0.0568 0.9510
vn 0.4031 0.0006 0.9152
vn 0.5474 0.0462 0.8356
vn 0.5306 0.5219 0.6679
vn 0.3989 0.1299 0.9077
vn 0.2240 0.5182 0.8254
vn 0.0194 0.0047 0.9998
vn -0.6635 -0.2466 0.7063
vn -0.6549 -0.0982 0.7493
vn -0.4066 -0.2665 0.8739
vn -0.2270 0.0514 0.9725
vn -0.2637 0.1370 0.9548
vn -0.9231 0.0344 0.3830
vn -0.1067 0.0362 0.9936
vn -0.1102 0.1621 0.9806
vn -0.8553 -0.2545 0.4514
vn -0.2291 -0.0520 0.9720
vn 0.7868 -0.6035 -0.1293
vn 0.8135 -0.5141 -0.2721
vn 0.8192 -0.4859 -0.3047
vn 0.8932 0.3700 0.2557
vn 0.5903 0.4736 0.6536
vn 0.8425 0.0505 0.5363
vn 0.7706 0.3666 0.5213
vn 0.9738 0.0687 0.2167
vn 0.8506 0.2448 0.4653
vn 0.9055 0.3528 0.2359
vn 0.8657 0.4536 0.2116
vn 0.1227 0.2619 0.9573
vn 0.5000 0.3531 0.7908
vn 0.9294 0.3373 0.1497
vn 0.6321 0.7018 0.3287
vn 0.5086 0.7662 0.3927
vn 0.6435 0.4176 0.6416
vn 0.7898 0.5112 0.3389
vn 0.4424 0.8092 0.3866
vn 0.8045 0.2734 0.5274
vn 0.9251 0.2775 0.2591
vn 0.7824 0.6008 0.1636
vn -0.7623 -0.2829 0.5821
vn -0.7961 -0.1476 0.5868
vn -0.2699 0.1033 0.9573
vn -0.9126 -0.4006 0.0819
vn -0.9409 -0.2970 0.1629
vn -0.1882 0.0386 0.9814
vn -0.6864 -0.3970 0.6094
vn 0.8742 0.0547 0.4824
vn 0.8708 0.0638 0.4875
vn 0.7547 0.0747 0.6518
vn 0.7315 0.0559 0.6796
vn -0.8902 -0.1682 0.4234
vn 0.3738 -0.5143 -0.7718
vn -0.9763 -0.2079 -0.0596
vn -0.7098 -0.0175 0.7041
vn -0.8966 0.0226 0.4423
vn -0.8972 -0.2241 -0.3806
vn -0.7769 0.0388 0.6285
vn 0.9768 -0.2142 -0.0079
vn 0.8929 0.2897 -0.3448
vn 0.7798 0.4283 -0.4567
vn 0.9566 0.2893 0.0342
vn 0.8309 0.4567 -0.3179
vn -0.0748 -0.2304 0.9702
vn -0.0551 -0.7894 -0.6114
vn -0.0314 -0.5381 0.8423
vn 0.0121 -0.2334 0.9723
vn -0.0154 -0.2619 0.9650
vn -0.2319 -0.4392 0.8679
vn -0.0116 0.1943 -0.9809
vn 0.0188 0.2690 -0.9630
vn -0.0512 0.2761 -0.9598
vn 0.4579 0.2503 0.8531
vn 0.4358 0.1522 0.8871
vn 0.9166 -0.1031 -0.3862
vn 0.3428 0.2487 0.9059
vn 0.4251 0.3772 0.8228
vn 0.3225 0.3813 0.8664
vn 0.9799 -0.0919 -0.1773
vn 0.7258 -0.4575 0.5137
vn 0.7910 -0.5196 0.3230
vn 0.0885 -0.4795 0.8730
vn -0.9042 -0.3725 -0.2090
vn -0.8070 0.5667 0.1661
vn -0.9939 -0.0822 0.0736
vn -0.8591 0.2028 0.4700
vn -0.1807 0.4134 -0.8924
vn -0.3844 0.1263 -0.9145
vn -0.5415 0.6229 0.5646
vn -0.3329 0.9249 0.1837
vn -0.6565 0.1512 -0.7390
vn -0.2920 0.1186 -0.9490
vn -0.9936 -0.0156 -0.1118
vn -0.9998 0.0143 0.0150
vn 0.2658 0.3777 0.8870
vn 0.3197 0.4891 0.8115
vn 0.2934 -0.3289 0.8976
vn -0.9220 -0.3816 0.0658
vn -0.8006 -0.2487 0.5452
vn 0.8409 -0.1938 0.5053
vn 0.8816 -0.3319 -0.3355
vn 0.0110 -0.4609 -0.8874
vn 0.0863 0.1704 0.9816
vn -0.7200 -0.3295 0.6107
vn -0.6890 -0.6046 0.3996
vn -0.6085 -0.4310 0.6663
vn 0.2981 0.1191 0.9471
vn 0.4243 0.0877 0.9012
vn 0.8165 -0.1394 0.5603
vn 0.0207 0.3163 0.9484
vn 0.7834 -0.1326 0.6072
vn 0.2933 0.0680 0.9536
vn -0.2401 0.3115 0.9194
vn -0.3001 0.4073 0.8626
vn 0.8672 0.4836 -0.1189
vn 0.8886 0.3943 0.2343
vn -0.4316 -0.0907 -0.8975
vn -0.2953 -0.0813 -0.9519
vn -0.2812 -0.2014 -0.9383
vn -0.4008 -0.1922 -0.8958
vn 0.2115 -0.1035 0.9719
vn -0.4612 -0.0621 -0.8851
vn 0.2754 0.0814 0.9579
vn -0.5603 0.6879 0.4614
vn -0.3272 0.8204 0.4688
vn -0.4119 0.9097 -0.0534
vn -0.7493 0.4447 0.4907
vn -0.3998 0.5026 0.7665
vn -0.8082 0.2262 -0.5437
vn -0.6003 0.0011 -0.7998
vn -0.5737 -0.0274 -0.8186
vn -0.8794 0.4559 -0.1372
vn -0.8515 0.2592 -0.4558
vn 0.1293 0.1302 0.9830
vn 0.2404 0.1902 0.9519
vn 0.0227 -0.1264 0.9917
vn 0.9366 0.1156 0.3308
vn 0.0589 0.4788 0.8759
vn 0.1431 0.3930 0.9083
vn 0.9055 0.4116 0.1029
vn -0.5995 0.1960 0.7760
vn -0.5722 0.1020 0.8137
vn 0.8808 0.4440 0.1643
vn 0.1236 0.5932 0.7955
vn 0.6706 -0.0870 0.7367
vn -0.2822 0.9350 -0.2148
vn 0.7255 0.0698 0.6847
vn 0.8651 -0.1434 0.4807
vn 0.9126 -0.1860 0.3640
vn 0.5079 0.2180 -0.8334
vn 0.7847 0.4090 -0.4659
vn 0.4361 -0.8769 -0.2022
vn 0.5341 0.2443 -0.8094
vn 0.5929 -0.4524 -0.6662
vn -0.9392 -0.3369 -0.0667
vn -0.7450 -0.4637 -0.4796
vn -0.9353 -0.1521 0.3196
vn -0.7334 0.1021 0.6721
vn -0.9753 -0.0552 0.2138
vn -0.9283 -0.3137 0.1996
vn -0.4516 0.0728 0.8893
vn -0.6472 0.1161 0.7534
vn -0.6152 0.0875 0.7835
vn -0.8218 0.0692 0.5655
vn -0.6993 0.0970 0.7082
vn -0.8397 0.1287 0.5276
vn -0.5660 0.0306 0.8238
vn -0.3810 0.0928 0.9199
vn -0.7864 0.5732 0.2303
vn 0.1981 0.8230 0.5325
vn -0.4087 0.8455 0.3437
vn -0.0241 0.7616 0.6476
vn -0.8783 0.4565 0.1425
vn 0.9084 0.0162 0.4178
vn 0.9882 -0.0081 -0.1528
vn 0.9876 -0.0662 -0.1424
vn 0.8916 0.4270 0.1507
vn 0.1584 0.1774 0.9713
vn -0.0348 -0.3605 -0.9321
vn -0.2870 -0.3634 -0.8863
vn -0.3055 0.1083 -0.9460
vn -0.3078 -0.1322 -0.9422
vn 0.8162 -0.5764 -0.0388
vn 0.8767 -0.4089 0.2532
vn 0.7961 -0.4632 0.3894
vn 0.5886 -0.0217 0.8082
vn 0.6116 -0.5331 0.5846
vn 0.6483 -0.7590 0.0593
vn 0.7786 -0.5891 0.2162
vn -0.8418 0.0520 -0.5372
vn -0.9055 0.0649 -0.4194
vn -0.2510 0.0412 -0.9671
vn -0.2077 0.0126 -0.9781
vn -0.8805 -0.0098 -0.4740
vn -0.9896 0.0989 0.1044
vn -0.7355 -0.1348 -0.6639
vn -0.4399 0.1534 0.8848
vn 0.2386 0.0006 -0.9711
vn -0.8984 -0.0974 -0.4283
vn -0.9347 0.2051 -0.2902
vn -0.9098 0.3300 -0.2518
vn -0.8353 0.1015 -0.5403
vn -0.9052 0.1564 -0.3952
vn -0.9008 0.2570 -0.3500
vn -0.9986 0.0445 0.0281
vn -0.9656 0.0068 -0.2601
vn -0.8706 0.0904 -0.4836
vn 0.3421 -0.8560 0.3876
vn 0.4813 -0.7171 0.5041
vn 0.1551 -0.0982 0.9830
vn 0.0718 -0.1337 0.9884
vn 0.1080 -0.8670 0.4865
vn -0.5746 -0.0933 0.8131
vn -0.4494 -0.2348 0.8619
vn -0.2836 -0.1519 0.9468
vn -0.7528 -0.0432 0.6568
vn -0.3369 -0.2095 0.9180
vn -0.9059 -0.0700 0.4177
vn -0.1750 0.0661 0.9823
vn 0.4854 -0.0784 -0.8708
vn 0.4667 -0.0521 -0.8829
vn 0.0208 0.0580 0.9981
vn -0.3915 0.0653 0.9179
vn 0.8230 -0.3156 0.4723
vn 0.8517 -0.3286 0.4081
vn 0.8152 -0.3885 0.4296
vn 0.6891 -0.2749 0.6705
vn 0.6965 0.0514 0.7157
vn 0.5636 0.0235 0.8257
vn -0.4554 0.8574 -0.2396
vn -0.3538 0.8428 -0.4055
vn -0.3690 0.9254 0.0858
vn -0.4787 0.8628 0.1624
vn -0.6713 0.7394 -0.0515
vn -0.4972 0.6722 -0.5485
vn -0.2463 0.6858 -0.6848
vn 0.8376 -0.1580 0.5230
vn 0.6905 -0.6776 0.2532
vn 0.8102 -0.5856 -0.0231
vn 0.8000 0.2708 0.5355
vn 0.9757 -0.0124 -0.2188
vn 0.2038 -0.6867 -0.6978
vn 0.9462 -0.3204 -0.0459
vn 0.6218 -0.6490 -0.4384
vn 0.2980 -0.9460 -0.1273
vn 0.9811 -0.1795 0.0725
vn -0.3169 -0.4886 -0.8129
vn -0.1538 -0.8687 -0.4708
vn -0.2097 0.5209 0.8274
vn -0.3566 0.5522 0.7536
vn -0.3196 0.4976 0.8064
vn -0.1674 0.4732 0.8649
vn -0.0136 0.5091 0.8606
vn 0.3489 0.9372 0.0000
vn -0.2188 0.1332 -0.9666
vn 0.8616 -0.4225 0.2813
vn 0.7149 -0.6937 -0.0881
vn 0.8487 -0.3811 0.3668
vn 0.6782 -0.7220 0.1369
vn 0.0018 0.0488 -0.9988
vn 0.2096 0.0303 -0.9773
vn -0.0017 0.1869 -0.9824
vn -0.1569 0.2091 -0.9652
vn -0.2060 0.0127 -0.9785
vn -0.7645 0.3752 0.5241
vn -0.5685 -0.0939 0.8173
vn -0.7934 0.4882 0.3635
vn -0.3635 0.5167 0.7752
vn -0.6544 0.6323 0.4147
vn 0.0553 0.9751 -0.2147
vn -0.1304 0.9914 -0.0048
vn 0.0767 0.9971 -0.0018
vn -0.0001 0.8602 -0.5099
vn -0.2630 0.9292 -0.2596
vn 0.3047 0.9314 -0.1989
vn 0.5094 0.0821 0.8566
vn -0.2753 -0.0563 -0.9597
vn -0.2802 -0.0678 -0.9576
vn 0.4547 0.0758 0.8874
vn 0.2910 0.0651 0.9545
vn 0.4430 0.0732 0.8935
vn -0.8523 -0.4712 0.2273
vn -0.8844 -0.2481 0.3953
vn -0.8983 -0.2143 0.3835
vn -0.8388 -0.3770 0.3927
vn -0.7257 -0.6854 -0.0595
vn -0.6567 -0.7541 0.0108
vn -0.0908 0.1382 -0.9862
vn -0.2577 0.1823 -0.9489
vn -0.0102 0.1252 -0.9921
vn 0.0000 0.0790 -0.9969
vn -0.5029 0.2063 -0.8393
vn 0.8127 -0.0750 0.5779
vn 0.0876 -0.1406 0.9862
vn -0.8311 -0.3464 -0.4352
vn -0.5009 -0.3294 0.8004
vn -0.5326 -0.3709 0.7608
vn -0.7843 -0.3548 0.5089
vn -0.5542 -0.7211 0.4157
vn -0.1103 -0.4095 0.9056
vn -0.0533 0.0716 0.9960
vn -0.9803 0.0714 -0.1844
vn -0.8468 0.1602 -0.5073
vn -0.9235 0.2193 -0.3147
vn 0.5842 0.0753 0.8081
vn -0.7885 0.4880 0.3744
vn 0.5970 -0.0018 -0.8022
vn 0.6994 0.1469 0.6994
vn 0.4217 0.0734 0.9037
vn 0.6089 -0.3425 0.7155
vn 0.9170 -0.2387 0.3197
vn 0.3752 0.7750 0.5085
vn 0.1980 0.6220 0.7576
vn 0.8456 0.4109 0.3408
vn 0.9175 -0.2798 0.2828
vn 0.5834 -0.5168 -0.6265
vn 0.2875 -0.8488 -0.4438
vn 0.2421 -0.9540 -0.1769
vn 0.1182 -0.3503 -0.9292
vn 0.3519 -0.1193 -0.9284
vn -0.9372 0.3280 0.1188
vn -0.9139 0.2976 0.2760
vn -0.8496 0.3809 -0.3649
vn -0.8785 0.4719 0.0743
vn -0.9136 0.4052 -0.0349
vn -0.8723 0.3214 -0.3684
vn -0.8502 0.5261 -0.0195
vn -0.6858 0.2602 -0.6797
vn -0.9409 0.3349 0.0499
vn -0.1129 -0.9913 0.0677
vn -0.8030 0.5816 0.1301
vn 0.1226 -0.9366 0.3283
vn 0.1642 0.4656 0.8696
vn -0.0107 0.4584 0.8887
vn 0.3070 0.4965 0.8119
vn 0.2318 0.5342 0.8130
vn 0.1584 0.0600 0.9856
vn 0.7502 -0.3449 0.5641
vn 0.8460 -0.3432 0.4079
vn 0.7680 -0.1271 0.6277
vn -0.8257 0.0328 -0.5632
vn -0.9685 0.1338 -0.2099
vn -0.9940 -0.0075 -0.1088
vn -0.7448 0.3480 -0.5694
vn -0.3966 -0.0556 -0.9163
vn -0.3649 0.2621 -0.8934
vn -0.9283 -0.2459 -0.2789
vn -0.7122 -0.2683 -0.6487
vn 0.3277 0.0320 0.9442
vn 0.3535 -0.3877 0.8513
vn 0.7920 0.1696 -0.5865
vn 0.4667 0.1738 -0.8672
vn 0.6020 0.1527 -0.7838
vn 0.7741 0.1649 -0.6113
vn -0.3473 0.2577 0.9017
vn -0.3592 0.4505 0.8174
vn -0.3347 0.3689 0.8671
vn -0.3443 -0.0904 -0.9345
vn 0.4881 -0.4837 -0.7265
vn 0.2820 0.3188 0.9049
vn 0.7309 0.2789 0.6228
vn -0.3567 0.6125 0.7054
vn 0.9851 -0.0793 -0.1529
vn -0.0925 -0.0296 0.9953
vn -0.1683 -0.1981 0.9656
vn -0.1674 -0.1323 0.9770
vn -0.0784 -0.1024 0.9916
vn -0.1392 0.0370 0.9896
vn -0.1431 -0.0243 0.9894
vn 0.0132 -0.0374 0.9992
vn -0.8459 0.0788 0.5274
vn -0.7694 0.1101 0.6292
vn -0.9028 0.0946 0.4196
vn -0.7961 0.0511 0.6031
vn -0.9273 0.1119 0.3573
vn -0.7496 0.0591 0.6592
vn 0.2545 0.6761 -0.6915
vn 0.3561 0.8474 -0.3938
vn 0.7095 -0.0287 0.7041
vn -0.9410 -0.1946 0.2769
vn -0.9564 0.1368 0.2582
vn -0.9598 -0.0930 0.2647
vn -0.9086 0.0703 0.4116
vn -0.8909 -0.2504 0.3790
vn 0.7310 0.4756 0.4894
vn 0.6607 0.5862 0.4689
vn 0.2319 0.3241 0.9172
vn 0.8835 0.4665 -0.0425
vn -0.4703 -0.2078 0.8577
vn -0.1884 -0.2141 0.9585
vn -0.3376 0.2123 0.9170
vn -0.5690 0.0653 0.8197
vn -0.4925 0.0098 0.8702
vn -0.4379 0.0993 0.8935
vn -0.3755 -0.1218 0.9188
vn -0.4975 -0.1989 0.8444
vn -0.4219 0.0796 0.9031
vn -0.4661 -0.0156 0.8846
vn -0.2153 0.1045 0.9709
vn -0.2145 -0.0301 0.9763
vn 0.7660 -0.6153 0.1858
vn 0.7679 -0.4910 0.4115
vn -0.2246 0.9595 0.1704
vn 0.1810 0.0900 0.9794
vn 0.7470 0.1145 0.6549
vn 0.6553 0.1154 0.7465
vn 0.2450 0.0692 0.9671
vn 0.3286 0.0591 0.9426
vn -0.1077 -0.1195 0.9870
vn 0.1647 -0.0053 0.9863
vn -0.7686 -0.0888 0.6335
vn -0.5096 -0.1439 0.8483
vn 0.0769 0.3718 0.9251
vn 0.8961 -0.0893 0.4348
vn 0.2071 0.3390 0.9177
vn -0.7699 0.3719 0.5185
vn -0.5166 0.2989 0.8023
vn -0.8623 0.2010 0.4648
vn 0.7366 0.6732 0.0650
vn 0.9559 0.2922 -0.0291
vn 0.2340 0.2029 -0.9508
vn 0.2156 0.9366 0.2763
vn 0.6109 0.6734 0.4163
vn 0.1138 0.3782 -0.9187
vn 0.5663 -0.5376 -0.6247
vn -0.0339 -0.3992 -0.9162
vn 0.7550 -0.2056 0.6226
vn 0.7107 -0.6897 -0.1383
vn -0.0241 -0.5005 -0.8654
vn -0.3341 0.4456 -0.8305
vn 0.8674 -0.0606 -0.4939
vn 0.9997 0.0236 -0.0077
vn 0.1960 0.0118 -0.9805
vn 0.9933 0.0200 0.1142
vn 0.5378 0.2062 -0.8175
vn 0.7305 0.2885 -0.6189
vn 0.7973 0.2419 -0.5530
vn 0.5004 0.1581 -0.8512
vn 0.7656 0.1537 -0.6246
vn -0.8650 -0.3010 0.4014
vn -0.8340 -0.2768 0.4774
vn -0.7693 -0.2731 0.5776
vn -0.9059 -0.2733 0.3237
vn -0.7645 -0.2108 0.6091
vn -0.9019 -0.2368 0.3613
vn 0.6355 0.4913 0.5956
vn 0.8104 0.0850 -0.5797
vn 0.0000 -0.0583 0.9983
vn 0.0891 -0.8958 0.4354
vn 0.2408 -0.8652 0.4398
vn 0.1675 -0.9735 -0.1555
vn 0.2047 -0.7251 -0.6575
vn 0.4597 0.0634 -0.8858
vn 0.7932 0.1058 -0.5997
vn -0.4029 -0.9152 0.0028
vn -0.2343 -0.9640 -0.1260
vn -0.2627 -0.4598 0.8483
vn -0.1713 -0.6402 0.7488
vn -0.4673 -0.5671 0.6783
vn -0.4704 -0.0062 0.8824
vn 0.0250 -0.0383 0.9990
vn 0.8290 0.3970 -0.3939
vn 0.9804 -0.1859 -0.0653
vn -0.9937 0.1111 -0.0158
vn -0.8558 -0.5138 0.0608
vn -0.8859 -0.2823 0.3681
vn -0.5943 -0.0974 -0.7983
vn -0.8347 0.1383 -0.5331
vn -0.5798 0.2140 -0.7862
vn -0.5626 -0.4256 -0.7088
vn -0.8211 -0.3065 -0.4816
vn -0.8276 0.4657 -0.3135
vn 0.0123 -0.0901 -0.9959
vn 0.0087 -0.0681 -0.9976
vn 0.0097 -0.0904 -0.9959
vn -0.5541 -0.3211 -0.7680
vn 0.8094 -0.3159 -0.4950
vn 0.9912 0.0664 -0.1147
vn 0.3981 0.9169 -0.0286
vn 0.1617 0.9849 0.0616
vn 0.8951 -0.2823 -0.3451
vn 0.8752 -0.3669 -0.3155
vn 0.9603 -0.2607 0.0993
vn 0.8846 -0.2755 -0.3762
vn 0.6117 -0.2998 -0.7321
vn 0.9666 -0.2430 0.0808
vn 0.6660 -0.2933 -0.6858
vn 0.0450 0.6137 0.7882
vn 0.5702 0.2987 0.7653
vn 0.0111 0.7905 0.6124
vn 0.0383 0.6691 0.7422
vn -0.8398 -0.1201 0.5295
vn -0.6447 -0.1780 0.7434
vn -0.9223 0.3854 0.0286
vn -0.8635 0.2055 0.4606
vn -0.4465 0.2656 0.8544
vn -0.0280 0.2343 0.9718
vn 0.0291 0.2987 0.9539
vn 0.0653 0.2008 0.9775
vn -0.4964 -0.4690 -0.7305
vn -0.8250 -0.4433 -0.3504
vn -0.7981 -0.5715 0.1912
vn -0.8466 -0.5276 -0.0697
vn -0.6046 -0.4105 -0.6826
vn 0.3263 -0.0891 -0.9411
vn -0.1500 -0.3081 -0.9395
vn -0.4435 0.4145 0.7947
vn -0.7862 0.0106 0.6179
vn -0.2668 -0.9584 0.1019
vn 0.4652 -0.0141 0.8851
vn 0.6233 0.0542 0.7801
vn 0.6324 -0.0150 0.7745
vn -0.1389 0.1754 0.9746
vn 0.7573 0.4934 0.4278
vn -0.9311 -0.2538 0.2620
vn -0.7531 -0.3698 0.5441
vn 0.6989 -0.3189 -0.6402
vn 0.8964 -0.2549 -0.3626
vn 0.5448 -0.4945 -0.6773
vn 0.3159 -0.3493 -0.8822
vn 0.8594 0.4686 0.2045
vn 0.3950 0.8941 0.2110
vn -0.0787 0.0906 0.9928
vn 0.0873 0.2084 0.9741
vn -0.3362 -0.0464 -0.9407
vn 0.3094 0.4736 -0.8246
vn 0.4105 -0.0440 -0.9108
vn 0.3187 -0.0986 -0.9427
vn 0.8926 -0.4444 -0.0761
vn 0.7917 -0.5374 -0.2907
vn 0.7511 0.3032 0.5864
vn 0.7836 -0.6202 -0.0372
vn 0.9800 -0.0158 0.1983
vn 0.6342 -0.7549 0.1669
vn 0.0633 -0.9972 -0.0397
vn -0.0761 -0.9920 -0.1009
vn -0.5881 0.0503 0.8072
vn -0.5714 -0.3259 0.7532
vn -0.4378 -0.4539 0.7761
vn -0.6390 0.1606 0.7523
vn -0.7339 0.0328 0.6785
vn -0.1353 -0.2225 -0.9655
vn -0.1785 -0.2232 -0.9583
vn -0.6133 0.0189 -0.7896
vn -0.7342 -0.1905 0.6517
vn -0.5022 0.0348 0.8641
vn -0.7672 0.2887 0.5728
vn -0.2987 -0.2884 0.9098
vn -0.6880 -0.6536 0.3153
vn -0.4049 -0.6580 0.6349
vn 0.4821 0.2124 -0.8500
vn 0.9448 0.1452 -0.2937
vn 0.8284 0.0790 0.5546
vn 0.9785 0.0831 -0.1890
vn -0.7422 -0.2158 0.6344
vn -0.7886 -0.5254 -0.3194
vn -0.9036 -0.4135 -0.1122
vn -0.4939 0.0102 0.8694
vn -0.6009 -0.0865 0.7947
vn 0.1619 -0.9868 -0.0038
vn 0.9219 0.3661 0.1270
vn 0.0897 -0.9958 0.0156
vn -0.1639 -0.9708 -0.1750
vn 0.1624 -0.9843 -0.0692
vn -0.0954 -0.9909 -0.0953
vn 0.6019 0.0150 -0.7984
vn 0.8423 0.2281 -0.4884
vn -0.4752 -0.0669 -0.8773
vn -0.4621 0.0684 0.8842
vn 0.4853 -0.8352 -0.2588
vn 0.6261 0.5569 0.5458
vn 0.6967 0.4634 0.5476
vn 0.2905 0.3935 0.8722
vn -0.1765 0.9818 0.0704
vn 0.7195 -0.2355 0.6533
vn 0.7632 0.0685 0.6426
vn 0.4088 0.0193 0.9124
vn -0.0978 0.0964 -0.9905
vn 0.2567 0.0046 0.9665
vn -0.6716 0.5524 0.4937
vn -0.2466 0.3180 0.9155
vn -0.7917 0.0265 0.6103
vn -0.0571 -0.9980 -0.0275
vn -0.1324 -0.8672 -0.4801
vn 0.1499 -0.9880 0.0378
vn -0.0071 -0.9774 0.2114
vn -0.1872 -0.9806 -0.0581
vn -0.2307 0.9121 -0.3388
vn 0.2979 0.1646 0.9403
vn -0.0152 -0.0862 -0.9962
vn -0.0099 -0.0849 -0.9963
vn 0.8689 0.2860 0.4041
vn 0.6703 -0.1633 0.7239
vn 0.9019 -0.1016 0.4197
vn 0.6963 0.2445 0.6748
vn 0.8702 0.3780 -0.3160
vn -0.8685 -0.3886 -0.3078
vn -0.8087 -0.4878 -0.3287
vn -0.5510 -0.3341 -0.7647
vn -0.6733 -0.3375 -0.6579
vn -0.6275 -0.3066 -0.7157
vn -0.6642 0.4840 0.5698
vn -0.5687 0.5344 0.6253
vn -0.7477 0.1063 -0.6554
vn -0.5461 0.1744 -0.8193
vn -0.4380 0.0591 -0.8971
vn 0.5340 -0.8443 -0.0445
vn 0.7403 -0.5482 -0.3891
vn -0.0876 -0.2918 -0.9525
vn 0.7107 -0.3575 -0.6059
vn 0.7447 -0.5619 -0.3601
vn -0.4776 -0.8393 0.2598
vn -0.7937 -0.4171 0.4428
vn -0.6024 -0.7921 -0.0985
vn 0.1043 -0.8129 0.5730
vn -0.4991 -0.4070 0.7650
vn 0.1793 0.2901 0.9400
vn 0.5422 -0.0070 0.8402
vn 0.8283 -0.1894 0.5272
vn 0.9506 -0.0853 -0.2983
vn 0.9176 0.1387 -0.3726
vn 0.9940 0.0751 -0.0796
vn 0.9791 -0.1820 0.0904
vn 0.8623 -0.1257 -0.4906
vn 0.2851 0.0433 0.9575
vn 0.2803 0.0215 0.9597
vn 0.6094 0.0853 0.7882
vn 0.2289 0.0679 0.9711
vn -0.3860 0.7853 0.4841
vn -0.0470 -0.5241 -0.8504
vn 0.7778 -0.5993 0.1895
vn -0.7419 -0.6680 -0.0580
vn 0.8353 0.0167 -0.5496
vn 0.5921 0.1773 0.7861
vn 0.4428 0.3530 0.8242
vn -0.9590 -0.0747 0.2735
vn -0.0769 0.3490 0.9340
vn 0.1322 -0.8343 0.5353
vn -0.0659 -0.8200 0.5686
vn -0.3018 -0.8289 0.4710
vn -0.7865 -0.2587 0.5608
vn -0.2255 0.1682 -0.9596
vn -0.4996 0.1438 -0.8542
vn -0.0055 0.1654 -0.9862
vn -0.2183 0.1906 -0.9571
vn 0.8614 -0.2810 0.4232
vn 0.8642 -0.3122 0.3944
vn 0.7665 -0.2172 0.6044
vn 0.8751 -0.2457 0.4170
vn 0.8336 -0.2413 0.4968
vn 0.7719 -0.2575 0.5812
vn -0.9995 0.0322 0.0042
vn -0.8325 -0.4008 0.3825
vn -0.7148 -0.6286 0.3063
vn -0.6539 0.4267 -0.6248
vn 0.3662 0.2210 0.9039
vn 0.4411 0.1375 0.8869
vn 0.2193 0.9167 0.3341
vn -0.1010 0.9332 0.3449
vn -0.1022 0.9520 0.2885
vn 0.8186 0.0370 0.5732
vn 0.6235 -0.1753 0.7620
vn -0.1589 -0.0105 0.9872
vn 0.5407 0.1413 0.8292
vn 0.4717 0.0488 0.8804
vn 0.8328 0.2162 0.5096
vn -0.8236 -0.3022 0.4799
vn -0.7963 -0.2176 0.5644
vn -0.7978 -0.4304 0.4223
vn 0.3889 0.5708 -0.7231
vn -0.7967 -0.4933 0.3492
vn -0.0080 -0.9934 -0.1143
vn -0.4595 -0.8814 -0.1096
vn -0.5692 -0.7882 0.2339
vn -0.3017 0.2787 0.9117
vn -0.9388 0.0400 -0.3421
vn 0.3893 0.7108 -0.5858
vn 0.4205 0.7877 -0.4501
vn -0.9515 0.0973 0.2917
vn -0.9602 0.1163 0.2539
vn -0.9299 0.1513 -0.3351
vn 0.6476 -0.1699 0.7428
vn 0.6593 -0.3023 0.6884
vn 0.5964 -0.1432 0.7898
vn 0.5201 -0.0306 0.8536
vn 0.5632 -0.3007 0.7697
vn -0.0180 0.0414 -0.9990
vn -0.0324 0.1414 -0.9894
vn 0.3579 0.0549 0.9321
vn 0.1001 0.2496 0.9632
vn -0.3307 -0.9373 0.1099
vn -0.0737 -0.1578 -0.9847
vn 0.6292 -0.3019 -0.7163
vn 0.3215 -0.4140 0.8516
vn 0.4135 -0.1928 0.8898
vn 0.2315 -0.4712 0.8511
vn 0.4052 -0.0408 0.9133
vn 0.6919 0.1679 0.7022
vn 0.2150 -0.4877 0.8461
vn 0.5158 0.1758 0.8384
vn 0.7114 -0.5092 0.4844
vn 0.8033 -0.5920 0.0647
vn -0.1214 -0.9484 0.2930
vn 0.3676 -0.6514 -0.6638
vn -0.2731 -0.4371 0.8570
vn -0.6122 -0.4377 0.6585
vn -0.0747 0.0189 0.9970
vn -0.2492 -0.4975 0.8309
vn 0.0144 -0.5342 0.8453
vn 0.5771 0.6261 0.5243
vn 0.9311 0.1301 0.3408
vn 0.6015 0.4822 0.6369
vn -0.3384 0.8437 0.4167
vn 0.3596 0.8136 0.4568
vn 0.8711 0.0895 0.4828
vn 0.2895 0.0648 0.9550
vn -0.9547 -0.1666 0.2466
vn 0.8606 0.0853 -0.5021
vn 0.9801 -0.1047 -0.1684
vn 0.8854 -0.4372 -0.1578
vn -0.0263 0.9591 0.2818
vn -0.4287 0.6743 0.6013
vn 0.4312 0.8855 0.1728
vn 0.9865 -0.0532 -0.1550
vn -0.8790 -0.0663 0.4723
vn -0.2168 0.6051 0.7660
vn -0.9648 -0.2629 -0.0001
vn -0.6949 0.6304 -0.3461
vn -0.8964 0.1744 -0.4076
vn -0.8177 0.2654 -0.5108
vn 0.4741 0.0640 0.8781
vn 0.3760 0.1137 0.9196
vn 0.2375 0.1025 0.9660
vn 0.4148 -0.6333 -0.6533
vn 0.3345 -0.4730 -0.8151
vn -0.1482 -0.2530 -0.9560
vn 0.6171 -0.6522 -0.4404
vn 0.9734 -0.2288 -0.0089
vn 0.7538 0.2564 0.6050
vn 0.8899 -0.0387 0.4545
vn 0.7985 -0.3709 0.4742
vn 0.8262 -0.1891 0.5306
vn 0.9665 0.0819 0.2433
vn 0.9299 -0.3639 -0.0531
vn -0.2621 -0.0810 0.9616
vn -0.1420 0.0381 -0.9891
vn -0.1505 0.0545 -0.9871
vn -0.5887 -0.5125 -0.6251
vn -0.8055 0.2425 -0.5407
vn -0.8587 0.2822 -0.4278
vn -0.0865 -0.4428 0.8924
vn 0.2031 -0.4739 0.8568
vn 0.6692 0.0649 0.7403
vn -0.0673 -0.0781 0.9947
vn 0.7079 0.1347 -0.6933
vn -0.6721 -0.7360 -0.0812
vn -0.2880 -0.9576 -0.0054
vn -0.7395 -0.6593 0.1361
vn -0.1394 -0.9902 -0.0068
vn 0.0943 -0.5217 -0.8479
vn -0.7020 -0.5131 -0.4939
vn 0.1005 -0.5899 -0.8012
vn 0.2467 -0.6573 -0.7121
vn -0.1011 0.0829 0.9914
vn -0.6988 -0.4976 0.5138
vn 0.7597 0.5662 0.3197
vn -0.5402 -0.6178 0.5714
vn 0.8956 -0.3741 0.2409
vn 0.6284 0.7776 -0.0205
vn -0.6525 0.6796 0.3353
vn 0.6178 0.6897 0.3778
vn 0.4814 0.7040 -0.5221
vn -0.2851 0.8754 0.3903
vn 0.4760 0.8458 -0.2409
vn 0.4725 0.8394 0.2686
vn -0.1975 0.9299 0.3102
vn -0.2873 0.8341 0.4710
vn 0.0152 0.9621 0.2722
vn 0.1941 0.9788 0.0660
vn 0.0136 -0.0561 -0.9983
vn 0.0469 -0.0322 -0.9984
vn -0.4368 -0.2968 -0.8492
vn -0.8397 0.4518 -0.3012
vn -0.5761 0.1730 -0.7989
vn -0.5508 0.1049 -0.8280
vn -0.7611 0.0910 -0.6422
vn -0.9893 0.1415 -0.0367
vn 0.8993 -0.4339 0.0545
vn 0.9031 -0.4009 -0.1542
vn 0.8884 -0.4582 -0.0280
vn -0.7641 -0.5843 0.2734
vn -0.7928 -0.1098 0.5995
vn -0.5156 -0.7861 0.3409
vn -0.5558 0.0829 0.8272
vn -0.9179 -0.0625 0.3918
vn -0.7491 -0.0811 0.6575
vn 0.6223 0.0610 -0.7804
vn 0.5166 0.3000 -0.8020
vn 0.5050 0.1046 0.8568
vn -0.5763 0.7323 0.3628
vn 0.4654 0.7869 0.4052
vn 0.8598 -0.0599 -0.5072
vn 0.9423 0.1310 0.3079
vn 0.9890 0.0559 0.1370
vn 0.8786 0.2163 0.4258
vn 0.9221 -0.1856 -0.3397
vn 0.0819 -0.9961 -0.0318
vn -0.1164 -0.9930 0.0184
vn 0.1217 -0.9872 0.1026
vn -0.0089 -0.0640 -0.9979
vn 0.0067 -0.0807 -0.9967
vn 0.0182 -0.4139 -0.9102
vn -0.5290 -0.1874 0.8277
vn 0.2093 -0.1998 0.9572
vn 0.1337 0.3029 0.9436
vn -0.3985 0.6114 0.6836
vn -0.8331 0.4795 0.2757
vn -0.4986 -0.0804 0.8631
vn -0.9908 -0.0980 0.0936
vn 0.1529 0.2033 0.9671
vn 0.5073 0.5756 0.6414
vn 0.1119 0.2532 0.9609
vn 0.5973 0.4125 0.6878
vn 0.0914 0.1788 0.9796
vn 0.5265 -0.0190 -0.8500
vn -0.8181 -0.5189 0.2480
vn -0.6797 -0.4236 0.5988
vn 0.2157 -0.1826 -0.9592
vn 0.9380 0.3381 0.0761
vn 0.9360 0.2110 -0.2817
vn 0.9825 0.0762 -0.1701
vn 0.5637 0.4987 0.6585
vn 0.7538 0.6455 0.1232
vn 0.9062 0.3164 -0.2805
vn -0.8347 -0.5217 0.1762
vn 0.2288 -0.0887 0.9694
vn 0.5036 0.3054 -0.8082
vn 0.2729 0.2044 -0.9401
vn 0.4061 0.4477 -0.7966
vn 0.7895 0.4317 -0.4362
vn -0.2843 -0.0340 -0.9581
vn -0.4581 -0.0178 -0.8887
vn -0.2575 0.0128 -0.9662
vn -0.8870 -0.0897 0.4529
vn -0.7998 -0.3899 0.4565
vn -0.8450 -0.3268 0.4234
vn -0.5864 0.0791 0.8061
vn 0.0019 0.0911 0.9958
vn -0.4545 0.0526 0.8892
vn 0.1826 -0.5042 -0.8441
vn 0.9860 -0.1615 0.0420
vn 0.1421 -0.4624 -0.8752
vn -0.1849 -0.4779 -0.8588
vn -0.7594 -0.4394 -0.4798
vn 0.5989 0.5227 0.6068
vn 0.3109 0.0753 0.9475
vn 0.3899 0.1152 -0.9136
vn 0.1490 0.1190 -0.9816
vn 0.1843 0.1597 -0.9698
vn 0.4773 0.1520 -0.8655
vn -0.3123 0.6794 0.6640
vn -0.2987 0.8004 0.5198
vn -0.3196 0.8302 0.4567
vn -0.3292 0.4806 0.8128
vn -0.3380 0.6196 0.7084
vn -0.4323 0.5027 0.7486
vn -0.4572 0.7284 0.5102
vn -0.6013 0.2474 -0.7598
vn -0.6652 0.1471 -0.7321
vn 0.5588 -0.2431 0.7929
vn 0.3626 -0.2867 0.8867
vn -0.1890 -0.8525 0.4874
vn 0.2383 0.7169 0.6552
vn 0.5429 0.8061 0.2355
vn 0.0817 0.9654 0.2478
vn -0.1108 0.8038 0.5846
vn -0.0165 0.6697 0.7424
vn 0.0685 0.1014 0.9925
vn 0.9734 0.0094 0.2289
vn 0.8969 0.1978 0.3955
vn 0.8691 -0.0805 0.4880
vn 0.1251 0.7959 0.5924
vn -0.3946 0.3427 0.8526
vn 0.2339 0.8406 0.4886
vn -0.6138 0.5126 0.6004
vn 0.7955 -0.5197 -0.3115
vn 0.5409 -0.3579 -0.7611
vn 0.9141 -0.3970 0.0824
vn 0.4067 -0.8213 0.4000
vn 0.5559 -0.5194 0.6490
vn 0.6562 -0.7546 0.0007
vn -0.8184 -0.2750 0.5045
vn -0.2572 -0.0109 0.9663
vn 0.2351 -0.2977 0.9253
vn 0.2623 -0.9555 -0.1352
vn 0.8184 -0.5585 0.1357
vn 0.9382 0.0161 0.3456
vn -0.0115 -0.9616 0.2743
vn 0.2888 -0.4074 -0.8664
vn -0.1717 -0.6829 -0.7101
vn -0.4205 0.1380 -0.8967
vn 0.8059 0.0184 0.5918
vn 0.5273 0.0528 0.8480
vn 0.3370 0.0406 0.9406
vn 0.9327 0.1495 -0.3282
vn -0.6270 -0.2067 0.7511
vn -0.7632 -0.2731 0.5857
vn -0.8203 0.4706 -0.3250
vn -0.7579 0.5860 -0.2866
vn 0.0020 -0.6416 -0.7670
vn 0.1736 -0.6155 -0.7688
vn 0.6588 -0.7096 -0.2497
vn -0.4184 -0.7577 -0.5008
vn -0.8601 -0.3177 0.3991
vn -0.7283 -0.6816 0.0706
vn 0.0580 -0.9770 0.2050
vn -0.2830 -0.8369 -0.4685
vn 0.4194 -0.6988 0.5795
vn 0.6810 -0.5576 0.4746
vn 0.7482 0.0818 0.6584
vn 0.7120 -0.1427 0.6875
vn -0.7309 -0.0773 -0.6781
vn -0.0564 -0.0803 -0.9952
vn -0.2312 -0.0438 -0.9719
vn -0.6932 0.4651 0.5505
vn -0.7157 0.6262 0.3093
vn -0.1729 0.1941 0.9656
vn -0.8166 0.2450 0.5226
vn 0.8950 -0.4457 -0.0163
vn 0.7668 -0.5986 0.2319
vn 0.8974 0.0686 -0.4359
vn 0.8375 -0.5360 0.1066
vn 0.0884 -0.3576 -0.9297
vn 0.0280 0.4329 0.9010
vn 0.1005 0.0785 0.9918
vn 0.1004 -0.3915 0.9147
vn -0.9432 -0.3239 -0.0744
vn -0.5164 0.1382 0.8451
vn -0.4981 -0.0219 0.8668
vn 0.3798 0.7776 0.5011
vn 0.3576 0.5459 0.7577
vn 0.4047 0.5806 0.7065
vn 0.3344 0.8190 0.4663
vn 0.3998 0.9124 0.0873
vn 0.4268 0.6987 0.5741
vn 0.9648 -0.0397 0.2601
vn -0.7928 0.4422 -0.4194
vn -0.9831 0.0993 -0.1535
vn 0.0376 0.2148 0.9759
vn -0.2238 0.2951 0.9289
vn 0.2536 0.2365 0.9380
vn 0.8875 -0.1181 0.4454
vn -0.3040 0.7038 0.6421
vn -0.4367 0.8307 0.3453
vn -0.7773 -0.1568 -0.6092
vn -0.8737 0.3114 0.3737
vn -0.7987 0.0309 -0.6009
vn -0.8258 -0.5640 0.0000
vn -0.9429 0.3137 -0.1116
vn -0.9371 0.0034 0.3490
vn 0.9926 -0.1108 -0.0495
vn 0.9685 -0.1440 -0.2030
vn 0.9238 -0.0124 0.3827
vn 0.3604 0.1556 0.9197
vn 0.4187 0.0873 0.9039
vn 0.2878 0.2392 0.9273
vn 0.2906 0.1485 0.9453
vn -0.4244 -0.4116 -0.8065
vn -0.5009 -0.3393 -0.7962
vn 0.1833 -0.2180 -0.9586
vn -0.7187 -0.6907 -0.0799
vn -0.3841 -0.1470 -0.9115
vn -0.8183 0.5107 0.2638
vn -0.0797 -0.2768 -0.9576
vn -0.9359 -0.1749 -0.3057
vn -0.6495 0.0357 0.7595
vn -0.6309 0.0482 0.7744
vn -0.9029 0.0468 0.4274
vn -0.3320 0.9090 0.2520
vn -0.7082 0.7058 0.0171
vn -0.5637 0.4452 0.6957
vn -0.1480 0.0703 0.9865
vn -0.7478 0.0155 0.6637
vn -0.8932 0.4487 -0.0304
vn -0.7126 0.5788 0.3964
vn -0.0360 0.9977 0.0574
vn 0.2498 0.9577 -0.1429
vn -0.1357 0.9413 -0.3091
vn 0.2345 0.9708 0.0512
vn 0.2240 0.9170 0.3300
vn 0.9484 -0.2702 0.1660
vn -0.4570 0.8848 0.0916
vn -0.1758 0.9349 0.3084
vn 0.9343 0.3122 0.1721
vn 0.8461 0.5316 -0.0383
vn 0.0799 -0.3666 0.9269
vn 0.0813 -0.1896 0.9785
vn -0.6722 -0.6537 0.3475
vn -0.6738 -0.5310 0.5139
vn 0.4543 0.2288 0.8610
vn 0.6765 -0.4953 -0.5450
vn 0.5345 -0.3294 -0.7783
vn 0.7580 -0.2700 0.5938
vn 0.0000 -0.8073 -0.5901
vn -0.1004 -0.8496 0.5178
vn -0.2399 0.5191 0.8203
vn 0.8980 -0.2882 0.3325
vn 0.9019 -0.2309 0.3650
vn 0.8324 -0.4691 0.2950
vn 0.8241 -0.3999 0.4012
vn -0.7676 0.4088 0.4937
vn -0.5501 0.2863 0.7845
vn -0.2264 0.7656 0.6021
vn 0.0266 0.4684 0.8831
vn 0.2337 -0.1450 0.9614
vn 0.5963 0.2290 0.7694
vn 0.6580 0.2461 0.7116
vn 0.6744 0.0079 0.7383
vn 0.7683 0.1851 0.6127
vn 0.4457 -0.2154 0.8689
vn 0.8293 -0.5579 -0.0302
vn -0.0497 0.6601 0.7496
vn 0.6601 0.2286 -0.7155
vn 0.9690 0.1582 -0.1896
vn 0.8986 0.4187 0.1314
vn 0.3170 0.3923 0.8635
vn -0.8128 -0.3205 0.4864
vn -0.9206 -0.3541 0.1643
vn 0.4518 0.0346 0.8914
vn -0.8044 0.0018 0.5940
vn -0.8801 0.2699 -0.3907
vn -0.8079 0.1547 -0.5686
vn -0.3439 -0.9147 -0.2122
vn 0.0153 -0.7734 0.6337
vn 0.2227 -0.8212 0.5254
vn 0.7766 0.6017 -0.1867
vn 0.5291 -0.0791 -0.8449
vn 0.3157 -0.0814 -0.9454
vn 0.2730 -0.0632 -0.9599
vn 0.7077 -0.4554 0.5402
vn 0.4922 -0.0683 0.8678
vn -0.2096 -0.1960 0.9579
vn -0.5050 0.3045 -0.8076
vn -0.2604 0.1962 -0.9454
vn -0.3436 -0.6528 -0.6751
vn -0.9596 -0.0819 -0.2692
vn 0.0362 -0.5058 -0.8619
vn -0.0225 0.1507 -0.9883
vn 0.7726 0.4044 0.4895
vn 0.5474 -0.7158 -0.4336
vn -0.6685 0.1396 0.7305
vn -0.5621 0.1699 0.8094
vn -0.9254 0.3700 -0.0818
vn -0.7264 0.4569 0.5134
vn -0.0622 0.7943 0.6044
vn 0.1374 0.1517 0.9788
vn 0.3556 0.7201 0.5959
vn -0.6004 -0.3351 0.7261
vn -0.1224 0.1024 0.9872
vn 0.8802 0.3612 0.3079
vn -0.3578 0.9221 -0.1472
vn 0.3488 0.5409 0.7653
vn 0.9396 0.2964 -0.1713
vn 0.8814 0.3421 -0.3258
vn 0.5609 -0.7364 0.3784
vn 0.6172 -0.7535 0.2264
vn -0.8709 0.0871 -0.4837
vn -0.3555 -0.3470 0.8679
vn -0.3951 -0.8873 0.2380
vn -0.7678 -0.6227 -0.1511
vn -0.1207 -0.0057 -0.9927
vn -0.1696 -0.9565 0.2374
vn 0.9215 0.2980 0.2489
vn 0.6911 -0.4800 0.5403
vn 0.6441 -0.7222 -0.2522
vn 0.0852 0.0143 0.9963
vn 0.4789 -0.5208 0.7067
vn 0.1508 0.8643 0.4798
vn 0.4088 -0.2654 0.8732
vn 0.7003 -0.0969 0.7073
vn 0.4723 -0.0734 0.8784
vn 0.7344 -0.2605 0.6267
vn -0.4515 -0.2046 0.8685
vn 0.1085 0.0278 0.9937
vn 0.1944 -0.0038 0.9809
vn 0.9441 -0.1913 0.2686
vn 0.9019 0.3014 -0.3093
vn 0.8272 0.1176 -0.5495
vn -0.5805 0.0867 0.8097
vn -0.8640 -0.2322 -0.4467
vn -0.0416 0.4825 0.8749
vn -0.8574 -0.4834 -0.1767
vn -0.4313 0.0596 0.9002
vn -0.0905 0.3140 0.9451
vn -0.4435 0.0755 0.8931
vn -0.7057 0.6617 0.2533
vn -0.5686 0.8168 -0.0978
vn -0.7186 0.6593 -0.2213
vn 0.3552 -0.3571 -0.8639
vn -0.3317 0.2459 0.9108
vn -0.8773 0.2344 0.4189
vn 0.6623 0.1308 0.7377
vn -0.9576 0.0903 0.2736
vn -0.4370 0.1597 0.8852
vn 0.7423 -0.5677 -0.3560
vn 0.5726 -0.8197 0.0151
vn -0.6865 0.3947 -0.6106
vn -0.9447 -0.0975 -0.3131
vn -0.4253 0.3824 0.8203
vn -0.8975 0.0758 0.4344
vn -0.9364 0.0582 0.3462
vn -0.9646 0.2369 -0.1159
vn -0.9272 0.3582 0.1092
vn 0.5689 0.6052 0.5568
vn 0.5117 0.7521 0.4153
vn 0.8035 0.5460 0.2370
vn -0.1716 -0.9719 -0.1613
vn 0.8044 0.4785 0.3522
vn 0.1338 -0.9595 -0.2480
vn -0.6206 -0.0822 0.7798
vn -0.5607 0.0170 0.8279
vn 0.8498 -0.4780 -0.2221
vn 0.8387 -0.4849 -0.2481
vn -0.5259 0.1632 0.8347
vn -0.2446 -0.3992 0.8836
vn 0.8666 -0.0410 0.4973
vn 0.8535 0.4106 0.3210
vn -0.9819 -0.1557 -0.1076
vn -0.9928 -0.0856 -0.0837
vn -0.2527 0.0709 -0.9649
vn -0.8431 -0.2639 0.4686
vn -0.8630 -0.4882 -0.1299
vn -0.9921 0.1037 -0.0702
vn -0.6272 -0.7478 0.2177
vn -0.5367 -0.5943 -0.5990
vn -0.9495 -0.3070 -0.0646
vn -0.5413 -0.0331 -0.8402
vn -0.7966 0.1158 -0.5933
vn 0.6701 0.1292 0.7309
vn 0.7991 0.1020 0.5925
vn 0.8214 0.1320 0.5549
vn 0.1796 0.1502 -0.9722
vn -0.8170 -0.2900 0.4985
vn -0.2784 -0.5363 -0.7968
vn 0.2164 -0.2262 -0.9497
vn 0.8347 -0.1525 -0.5291
vn -0.2581 0.9652 -0.0435
vn 0.9037 0.2107 -0.3727
vn 0.9117 0.1198 -0.3931
vn 0.8227 0.0859 -0.5619
vn 0.8732 0.0811 -0.4806
vn -0.5166 0.0586 0.8542
vn -0.6543 0.1687 0.7372
vn -0.7239 -0.2405 0.6466
vn -0.5638 0.8204 -0.0951
vn 0.3952 0.9070 -0.1451
vn -0.0047 0.1519 0.9884
vn -0.9497 -0.1611 0.2685
vn 0.0141 -0.8572 0.5148
vn 0.2683 -0.9003 0.3428
vn -0.7434 -0.2001 -0.6382
vn 0.7707 0.0267 0.6366
vn 0.4942 -0.0911 0.8646
vn 0.5383 -0.1656 0.8264
vn 0.7658 0.4639 -0.4454
vn 0.9936 -0.0897 0.0683
vn 0.8297 -0.0561 -0.5554
vn 0.8232 0.5175 0.2336
vn 0.4386 0.4856 -0.7562
vn -0.6128 0.3199 0.7226
vn -0.8931 -0.4249 -0.1476
vn -0.8812 -0.4477 -0.1520
vn -0.7618 -0.6389 0.1071
vn -0.4492 -0.6349 -0.6286
vn -0.8657 -0.4526 0.2138
vn 0.2074 -0.8766 0.4342
vn -0.1992 -0.7310 -0.6527
vn -0.1872 0.0944 0.9778
vn -0.2499 0.0715 0.9656
vn -0.7484 0.1058 0.6548
vn 0.8588 0.0887 0.5046
vn -0.8868 -0.3589 0.2914
vn -0.1235 0.2353 0.9640
vn -0.3348 0.3655 -0.8685
vn 0.9781 0.1917 0.0815
vn -0.0022 0.3035 -0.9528
vn -0.2128 0.5542 -0.8047
vn 0.7366 -0.1249 -0.6647
vn 0.5321 -0.3179 0.7847
vn -0.9580 -0.1755 0.2266
vn 0.5082 -0.2851 0.8127
vn 0.3554 0.5415 0.7619
vn 0.7178 0.6900 -0.0934
vn 0.3734 0.7823 0.4985
vn 0.2970 -0.3079 0.9039
vn 0.6130 -0.7075 -0.3518
vn 0.9480 -0.1991 -0.2483
vn 0.8180 -0.5240 0.2371
vn -0.2527 0.2743 -0.9278
vn -0.1382 -0.3030 -0.9429
vn -0.0472 -0.4067 -0.9123
vn -0.4671 0.1740 0.8669
vn -0.4758 0.1226 0.8709
vn -0.2556 0.1709 0.9516
vn 0.8895 0.4561 0.0262
vn 0.7668 0.4216 0.4841
vn -0.7684 0.0209 0.6396
vn -0.0412 0.3079 0.9505
vn 0.0164 -0.1031 -0.9945
vn 0.9528 -0.2996 0.0494
vn 0.9019 -0.3730 0.2177
vn 0.8153 -0.4463 -0.3689
vn 0.8287 -0.3231 -0.4571
vn 0.2380 -0.6021 0.7621
vn 0.0468 0.7670 0.6399
vn -0.1305 -0.4952 0.8589
vn 0.1357 -0.4376 0.8889
vn -0.7201 0.0466 0.6923
vn -0.5437 0.1143 0.8314
vn -0.4606 0.2386 0.8549
vn -0.4535 0.2614 0.8521
vn -0.5006 0.0360 0.8649
vn -0.9802 0.1855 0.0687
vn -0.4986 0.0717 0.8639
vn 0.3554 0.6566 0.6652
vn 0.6104 0.1003 -0.7857
vn 0.2368 -0.0749 -0.9687
vn 0.2012 -0.4974 0.8439
vn 0.4978 -0.0663 -0.8648
vn 0.4793 -0.0642 -0.8753
vn 0.2866 -0.0690 -0.9556
vn -0.3028 0.0798 0.9497
vn -0.2745 0.0586 0.9598
vn 0.2998 -0.0651 -0.9518
vn 0.8290 -0.4866 0.2756
vn 0.8453 0.1934 0.4980
vn 0.9116 -0.3987 -0.0998
vn -0.0421 -0.9233 -0.3818
vn -0.7757 -0.5426 -0.3223
vn 0.2099 0.6127 0.7620
vn 0.0767 0.1203 0.9898
vn -0.7740 0.4767 0.4168
vn 0.1399 0.9372 0.3195
vn -0.9931 -0.0025 0.1173
vn 0.9703 0.1373 0.1990
vn 0.9823 0.1325 -0.1327
vn -0.9038 0.1957 -0.3805
vn -0.8869 0.4620 -0.0057
vn 0.9365 0.2951 0.1897
vn 0.8674 -0.4952 -0.0482
vn 0.9423 -0.3088 0.1291
vn 0.6529 -0.6731 -0.3473
vn -0.7610 -0.2377 0.6037
vn -0.7859 -0.5929 -0.1754
vn -0.8998 -0.4097 -0.1500
vn -0.7248 -0.5407 -0.4270
vn -0.7697 -0.4901 -0.4090
vn -0.8468 -0.5244 -0.0891
vn 0.2121 0.5396 -0.8148
vn 0.8603 -0.3252 -0.3926
vn 0.8982 -0.0619 -0.4352
vn 0.5668 0.2822 0.7740
vn 0.6374 -0.1523 -0.7553
vn 0.5515 0.4069 -0.7282
vn 0.8531 -0.4679 0.2310
vn -0.2753 -0.1091 0.9551
vn -0.4969 -0.1086 0.8610
vn -0.6755 -0.0259 0.7369
vn 0.9123 -0.2039 0.3551
vn -0.9896 0.0571 0.1323
vn -0.1980 -0.3883 -0.9000
vn -0.3664 -0.9262 0.0891
vn 0.9186 0.1389 0.3700
vn 0.9867 0.1607 0.0246
vn 0.9116 0.0401 0.4092
vn 0.7387 0.1971 0.6446
vn 0.8508 0.1887 0.4905
vn 0.9785 0.1986 -0.0566
vn 0.0000 0.0557 -0.9984
vn -0.5039 0.1991 -0.8405
vn -0.3125 0.3209 -0.8941
vn 0.5873 -0.1925 0.7861
vn 0.3436 -0.2338 -0.9095
vn 0.1151 -0.2455 -0.9625
vn -0.8134 0.4445 0.3753
vn -0.5471 -0.5848 0.5989
vn 0.7933 -0.2386 0.5601
vn 0.7787 -0.2342 0.5821
vn 0.1204 0.9585 0.2584
vn -0.7921 -0.0507 -0.6082
vn -0.9815 0.0098 0.1914
vn 0.4276 -0.5585 -0.7108
vn -0.0326 0.2911 0.9561
vn 0.9265 0.0172 0.3760
vn 0.1029 0.1302 -0.9861
vn 0.4182 0.3526 0.8371
vn 0.6028 -0.7859 0.1379
vn -0.9477 -0.3159 -0.0465
vn 0.8847 -0.4651 0.0305
vn 0.6154 -0.7874 -0.0367
vn -0.1716 0.5780 0.7978
vn -0.5363 0.4230 0.7304
vn 0.3511 0.9156 0.1960
vn -0.8067 -0.0381 -0.5898
vn -0.9895 -0.0904 -0.1130
vn 0.3631 0.9317 0.0113
vn 0.5384 -0.0505 0.8412
vn -0.5708 0.0523 0.8194
vn 0.2810 -0.0387 -0.9589
vn 0.6823 0.7076 0.1839
vn -0.5991 -0.5409 -0.5904
vn -0.7688 -0.3711 -0.5207
vn 0.1216 -0.2300 -0.9656
vn 0.0946 -0.3715 -0.9236
vn -0.6232 -0.7375 -0.2602
vn 0.0000 0.9660 0.2586
vn -0.1244 0.1860 0.9746
vn 0.0000 0.2425 0.9701
vn 0.1386 0.8958 -0.4222
vn 0.1957 0.1136 0.9741
vn 0.0295 -0.1327 -0.9907
vn 0.0741 -0.1699 -0.9827
vn 0.5849 0.0759 -0.8075
vn 0.5786 0.1539 -0.8010
vn 0.0756 -0.0745 -0.9943
vn -0.3544 0.0754 0.9320
vn 0.9077 -0.0496 0.4167
vn 0.9651 -0.1316 0.2265
vn 0.9358 -0.1003 0.3380
vn -0.0272 0.1035 0.9943
vn 0.7113 0.0714 0.6993
vn -0.0595 -0.5232 0.8502
vn 0.3717 -0.9257 -0.0696
vn 0.2646 -0.9504 0.1635
vn 0.5150 0.0465 0.8559
vn -0.2587 -0.6723 0.6936
vn 0.9199 -0.1227 0.3724
vn 0.0907 0.9746 0.2047
vn -0.1113 0.7576 0.6432
vn -0.1058 -0.3536 -0.9294
vn -0.0309 -0.3517 -0.9356
vn -0.5247 -0.5212 -0.6731
vn -0.3249 -0.3048 -0.8953
vn 0.7681 -0.2789 0.5764
vn 0.3838 0.3053 -0.8715
vn 0.5521 0.2078 -0.8074
vn -0.9798 -0.0603 -0.1906
vn -0.9685 0.1590 0.1915
vn -0.6263 0.5763 0.5250
vn -0.7882 0.4613 0.4074
vn 0.3877 0.9077 0.1603
vn 0.0861 0.9421 0.3242
vn 0.5871 0.4613 0.6652
vn -0.6076 -0.2962 -0.7370
vn 0.1449 -0.2128 -0.9663
vn 0.7239 -0.5142 0.4600
vn 0.8469 0.1667 -0.5049
vn 0.5407 0.0028 -0.8412
vn 0.8602 -0.2792 -0.4267
vn -0.3860 -0.5834 0.7146
vn -0.3401 -0.5535 -0.7603
vn -0.0894 -0.9489 0.3026
vn -0.6100 0.4908 0.6221
vn -0.8190 0.2557 0.5137
vn -0.0810 -0.9962 -0.0330
vn -0.7001 -0.7113 -0.0626
vn -0.4456 0.2994 -0.8437
vn -0.4814 0.1593 -0.8619
vn -0.1578 0.2922 -0.9433
vn 0.5405 -0.1818 0.8215
vn 0.9976 -0.0689 -0.0078
vn 0.6619 -0.7435 0.0951
vn 0.8076 -0.3275 0.4905
vn -0.3401 0.9228 -0.1814
vn -0.6351 0.7378 0.2288
vn -0.0330 0.8963 -0.4423
vn 0.3028 -0.9448 0.1250
vn 0.2462 -0.8901 0.3835
vn -0.9575 -0.1879 -0.2190
vn -0.7491 -0.3316 -0.5735
vn 0.1821 -0.0323 0.9828
vn 0.1387 0.0276 0.9899
vn 0.6780 -0.5665 0.4684
vn 0.1385 -0.0317 0.9899
vn 0.1275 0.0152 0.9917
vn -0.1260 -0.2251 -0.9661
vn -0.5233 0.0652 0.8497
vn -0.6450 0.1923 0.7396
vn -0.1235 0.2843 0.9507
vn -0.8857 0.4639 0.0186
vn -0.8042 -0.5431 0.2416
vn -0.0147 0.1404 -0.9900
vn -0.0187 0.1286 -0.9915
vn 0.4947 -0.0147 0.8690
vn -0.3831 -0.3473 -0.8559
vn -0.7192 0.4580 0.5224
vn -0.6548 -0.5788 -0.4860
vn -0.9416 -0.2094 0.2637
vn -0.9051 -0.3208 0.2792
vn -0.9513 0.3041 0.0503
vn 0.9687 0.2357 0.0778
vn -0.3632 0.5305 0.7660
vn -0.9967 0.0771 -0.0266
vn -0.5953 -0.7737 -0.2169
vn -0.6113 -0.7816 0.1241
vn 0.0000 -0.0705 -0.9975
vn 0.9131 0.3734 0.1640
vn 0.9205 0.3782 0.0982
vn 0.1929 -0.9603 0.2018
vn 0.3214 0.4023 0.8572
vn 0.8458 0.5331 -0.0206
vn 0.6692 0.4896 0.5589
vn 0.9061 0.3561 0.2286
vn 0.9289 0.0594 0.3655
vn 0.9764 0.1380 -0.1664
vn 0.0769 -0.9889 0.1273
vn 0.9720 -0.1529 0.1784
vn 0.3979 0.4262 -0.8124
vn 0.4161 -0.4175 -0.8078
vn 0.3886 -0.4926 -0.7787
vn 0.5087 -0.3439 -0.7893
vn -0.1808 -0.8269 0.5324
vn 0.4289 0.9009 0.0661
vn 0.7477 -0.1524 0.6463
vn 0.8729 0.4805 0.0854
vn 0.6235 0.1963 -0.7568
vn 0.8044 0.3763 -0.4598
vn 0.4989 0.0726 0.8636
vn 0.1624 0.2727 0.9483
vn 0.3856 0.1058 0.9166
vn 0.8260 -0.5338 0.1809
vn 0.6953 0.6239 0.3567
vn 0.4065 0.5171 0.7532
vn 0.8039 -0.5369 -0.2558
vn 0.0593 -0.0146 0.9981
vn 0.4711 -0.1936 -0.8606
vn 0.9758 0.1552 0.1537
vn 0.8585 0.1861 0.4779
vn 0.9919 0.1126 0.0589
vn 0.9071 0.2162 -0.3611
vn 0.8551 0.1712 -0.4894
vn 0.8524 0.3290 -0.4065
vn -0.9832 -0.0780 -0.1652
vn -0.5029 -0.8637 -0.0336
vn -0.3076 -0.9434 -0.1242
vn 0.2375 -0.2113 -0.9481
vn 0.9902 -0.0335 0.1355
vn 0.9337 -0.0113 0.3578
vn -0.4374 -0.4722 0.7654
vn -0.0481 0.5385 -0.8413
vn -0.3701 0.2089 -0.9052
vn 0.0954 -0.2411 -0.9658
vn 0.5603 -0.0509 -0.8267
vn 0.6427 -0.2950 -0.7070
vn -0.8535 -0.1784 0.4897
vn -0.8884 0.4576 -0.0372
vn 0.0918 0.8332 -0.5453
vn -0.3186 0.0706 0.9452
vn 0.0353 0.0797 0.9962
vn -0.8431 -0.4959 0.2080
vn 0.0041 -0.0637 -0.9980
vn -0.3049 0.0320 -0.9518
vn -0.3967 0.0569 0.9162
vn 0.0245 0.1072 0.9939
vn -0.7662 0.2822 0.5774
vn -0.9292 0.2772 -0.2443
vn 0.1180 -0.9925 0.0334
vn -0.5727 -0.8087 0.1343
vn 0.0888 -0.9885 -0.1226
vn -0.9667 0.1186 0.2267
vn -0.9984 -0.0312 0.0471
vn 0.2533 0.9633 0.0884
vn 0.4574 0.8869 0.0648
vn 0.2541 0.3122 0.9154
vn -0.8398 -0.2724 0.4697
vn -0.9969 -0.0759 0.0208
vn 0.2576 -0.6757 0.6907
vn 0.3520 0.0364 -0.9353
vn 0.7460 0.0761 -0.6616
vn 0.9007 0.1659 -0.4016
vn -0.5023 0.0342 0.8640
vn -0.8152 -0.2478 0.5235
vn 0.3540 0.9173 -0.1823
vn -0.9499 -0.3095 -0.0429
vn 0.6263 0.4575 -0.6313
vn -0.0249 -0.7082 0.7055
vn -0.1862 -0.6755 0.7134
vn 0.7786 0.5742 0.2533
vn -0.3537 -0.9238 0.1469
vn -0.1895 0.3010 0.9346
vn -0.0942 0.3138 0.9448
vn 0.2479 0.5331 0.8089
vn -0.4476 0.0528 0.8927
vn 0.2248 0.1722 -0.9591
vn 0.4377 -0.0338 -0.8985
vn 0.8699 -0.0564 -0.4901
vn 0.8779 -0.1864 -0.4410
vn -0.9416 0.1297 -0.3108
vn -0.6329 0.0180 0.7740
vn -0.6746 -0.4947 -0.5479
vn 0.6406 0.7433 -0.1925
vn 0.1977 0.9739 -0.1112
vn 0.4003 0.8883 -0.2252
vn -0.4039 0.6114 0.6805
vn 0.2716 0.0558 -0.9608
vn 0.8765 -0.0383 0.4798
vn 0.6574 -0.7295 0.1888
vn 0.0911 0.3039 0.9483
vn 0.4242 -0.4691 0.7746
vn 0.6853 0.0107 0.7282
vn 0.4788 -0.0187 -0.8777
vn -0.7662 0.1012 0.6346
vn 0.7462 0.4119 0.5230
vn -0.4661 0.8623 0.1981
vn 0.6528 -0.2846 -0.7021
vn -0.5205 -0.8336 -0.1847
vn 0.3474 -0.4910 -0.7989
vn 0.0448 -0.4125 0.9099
vn 0.3552 -0.5732 0.7385
vn 0.8409 0.2971 -0.4524
vn 0.1470 0.7531 0.6412
vn 0.1184 0.8622 -0.4925
vn 0.5761 -0.3201 0.7521
vn 0.5095 0.0178 0.8603
vn 0.6876 -0.3570 0.6322
vn 0.8444 -0.4787 0.2406
vn -0.9934 0.1106 0.0292
vn -0.0818 0.5078 -0.8576
vn -0.9344 0.3556 0.0216
vn 0.8279 -0.5609 -0.0008
vn -0.8454 0.2114 -0.4906
vn -0.1794 0.2531 0.9507
vn -0.8882 -0.4484 -0.0998
vn 0.1309 0.1000 0.9863
vn 0.3447 -0.0954 0.9339
vn -0.8897 0.1705 -0.4234
vn -0.3074 0.1302 0.9426
vn -0.2434 0.1322 -0.9609
vn 0.0139 0.1249 -0.9921
vn -0.7243 0.1630 -0.6700
vn 0.3657 0.3638 0.8567
vn 0.3061 -0.7241 0.6180
vn 0.9812 0.0641 -0.1819
vn -0.0429 -0.1352 0.9899
vn -0.7757 0.1015 0.6229
vn -0.4525 0.1902 0.8713
vn -0.9381 0.1335 -0.3197
vn 0.6611 -0.4175 0.6234
vn -0.7734 0.4582 -0.4381
vn 0.4357 0.0552 -0.8984
vn 0.3918 -0.8252 -0.4068
vn 0.9632 -0.2688 0.0026
vn 0.1596 -0.5942 0.7883
vn 0.9084 -0.3015 0.2896
vn 0.9180 -0.1281 -0.3752
vn 0.8991 -0.0715 -0.4318
vn 0.8828 0.1799 -0.4339
vn -0.3297 0.0668 0.9417
vn -0.2260 0.0688 0.9717
vn -0.5030 0.0919 0.8594
vn -0.4944 0.0841 0.8652
vn 0.1404 -0.9425 -0.3032
vn -0.7761 0.1527 -0.6118
vn 0.4061 0.6292 0.6627
vn 0.8657 0.2693 0.4220
vn -0.7568 -0.4154 0.5046
vn -0.2344 0.0373 0.9714
vn 0.9660 -0.2296 -0.1187
vn 0.5957 0.5763 0.5595
vn 0.8347 0.5297 0.1507
vn 0.9622 -0.0302 -0.2708
vn 0.8139 -0.0269 -0.5804
vn -0.3719 0.3969 0.8392
vn 0.3815 0.0393 0.9235
vn 0.7891 -0.3087 -0.5311
vn -0.6031 0.7465 0.2810
vn -0.9362 0.2273 0.2682
vn 0.1263 0.6122 0.7806
vn 0.1625 -0.0104 -0.9867
vn -0.0803 0.9967 0.0087
vn 0.4209 -0.9066 -0.0317
vn 0.0090 -0.9954 0.0959
vn -0.0077 -0.9979 -0.0639
vn 0.0799 0.9966 0.0195
vn 0.6075 0.7248 -0.3248
vn 0.0645 -0.9975 0.0275
vn -0.1884 -0.0182 -0.9819
vn -0.5991 0.7354 -0.3166
vt 0.045277 0.232904
vt 0.078574 0.237451
vt 0.074479 0.250054
vt 0.075105 0.103583
vt 0.067734 0.091687
vt 0.097482 0.074512
vt 0.107043 0.085867
vt 0.043022 0.245314
vt 0.150496 0.510831
vt 0.166475 0.490149
vt 0.169869 0.493990
vt 0.141873 0.503240
vt 0.156779 0.483516
vt 0.658484 0.937257
vt 0.660776 0.911063
vt 0.675575 0.938737
vt 0.158110 0.517491
vt 0.137365 0.522562
vt 0.174057 0.498152
vt 0.027677 0.484105
vt 0.041397 0.488870
vt 0.016856 0.496667
vt 0.019314 0.484128
vt 0.022588 0.476811
vt 0.030052 0.475799
vt 0.035121 0.482278
vt 0.413280 0.404236
vt 0.424448 0.405213
vt 0.411968 0.421297
vt 0.452527 0.978470
vt 0.430552 0.984868
vt 0.440967 0.970071
vt 0.437028 0.041233
vt 0.455667 0.029088
vt 0.448912 0.045094
vt 0.440428 0.992757
vt 0.432736 0.056201
vt 0.396738 0.417150
vt 0.240664 0.950958
vt 0.236845 0.955468
vt 0.239413 0.946920
vt 0.249294 0.954699
vt 0.239009 0.956516
vt 0.241970 0.943441
vt 0.371651 0.897095
vt 0.401860 0.885976
vt 0.381710 0.930324
vt 0.355839 0.934304
vt 0.347261 0.891567
vt 0.857531 0.996791
vt 0.818490 0.984106
vt 0.826111 0.963923
vt 0.395360 0.870122
vt 0.362181 0.871733
vt 0.049012 0.808084
vt 0.050619 0.793052
vt 0.062901 0.805740
vt 0.179259 0.381651
vt 0.178873 0.391320
vt 0.169555 0.392136
vt 0.168762 0.382315
vt 0.175840 0.122706
vt 0.171221 0.122181
vt 0.174963 0.116591
vt 0.177555 0.118674
vt 0.179571 0.127760
vt 0.175722 0.131172
vt 0.182094 0.122292
vt 0.964349 0.394306
vt 0.966524 0.387787
vt 0.979529 0.393851
vt 0.733883 0.066605
vt 0.705007 0.053135
vt 0.735119 0.052474
vt 0.708776 0.066200
vt 0.470812 0.522265
vt 0.451637 0.499595
vt 0.461780 0.497450
vt 0.479517 0.492271
vt 0.485203 0.515926
vt 0.460802 0.526061
vt 0.906045 0.406077
vt 0.932438 0.404571
vt 0.933331 0.413884
vt 0.908814 0.389781
vt 0.903305 0.416801
vt 0.212960 0.016998
vt 0.221333 0.016964
vt 0.221333 0.026721
vt 0.211265 0.027341
vt 0.213233 0.006277
vt 0.106657 0.012775
vt 0.094403 0.023184
vt 0.103183 0.008231
vt 0.109704 0.016271
vt 0.223773 0.481687
vt 0.217239 0.484065
vt 0.223717 0.470579
vt 0.226897 0.481686
vt 0.223041 0.502306
vt 0.227456 0.472021
vt 0.216358 0.502302
vt 0.396843 0.012793
vt 0.403676 0.013391
vt 0.395930 0.021928
vt 0.387219 0.020682
vt 0.388268 0.004099
vt 0.397795 0.002287
vt 0.404922 0.002981
vt 0.115359 0.648704
vt 0.095866 0.660925
vt 0.095935 0.643858
vt 0.098702 0.630848
vt 0.115146 0.634119
vt 0.133788 0.652878
vt 0.116197 0.666973
vt 0.131748 0.635983
vt 0.582114 0.029087
vt 0.588820 0.058986
vt 0.578427 0.060087
vt 0.570831 0.029507
vt 0.575155 0.017114
vt 0.588057 0.018333
vt 0.592752 0.027274
vt 0.874342 0.384928
vt 0.851040 0.400770
vt 0.846942 0.385868
vt 0.562273 0.392954
vt 0.582008 0.365996
vt 0.594702 0.384816
vt 0.581163 0.406094
vt 0.877409 0.404792
vt 0.214520 0.992221
vt 0.201029 0.992221
vt 0.216284 0.962451
vt 0.213653 0.800352
vt 0.188961 0.817729
vt 0.201120 0.796498
vt 0.186129 0.476794
vt 0.179737 0.470286
vt 0.170870 0.464374
vt 0.080128 0.554945
vt 0.080519 0.558994
vt 0.076559 0.557553
vt 0.076368 0.553351
vt 0.077632 0.549707
vt 0.086338 0.551599
vt 0.084977 0.556894
vt 0.080598 0.551217
vt 0.785095 0.684395
vt 0.788756 0.691903
vt 0.753796 0.699258
vt 0.554499 0.907894
vt 0.554866 0.859786
vt 0.568148 0.860948
vt 0.774906 0.661996
vt 0.001271 0.425293
vt 0.001271 0.386952
vt 0.009954 0.422531
vt 0.520266 0.907928
vt 0.519170 0.861084
vt 0.400181 0.734440
vt 0.382056 0.736421
vt 0.384546 0.714465
vt 0.400282 0.715041
vt 0.417223 0.723142
vt 0.405984 0.749300
vt 0.414787 0.739647
vt 0.630030 0.120585
vt 0.616971 0.146099
vt 0.609228 0.128605
vt 0.201909 0.869175
vt 0.208004 0.878572
vt 0.190093 0.888913
vt 0.210957 0.860986
vt 0.202767 0.855926
vt 0.643182 0.138759
vt 0.187455 0.856137
vt 0.045694 0.703937
vt 0.055462 0.695258
vt 0.054362 0.706121
vt 0.055250 0.874630
vt 0.053869 0.879319
vt 0.052244 0.868628
vt 0.840298 0.040311
vt 0.842685 0.057510
vt 0.836887 0.040041
vt 0.038368 0.696120
vt 0.068214 0.866895
vt 0.071618 0.884154
vt 0.094664 0.911618
vt 0.062450 0.893944
vt 0.077235 0.878178
vt 0.737797 0.613382
vt 0.747057 0.621469
vt 0.723093 0.648941
vt 0.711725 0.638867
vt 0.732284 0.608272
vt 0.517132 0.829962
vt 0.502746 0.846727
vt 0.485968 0.832649
vt 0.529820 0.842253
vt 0.517762 0.857269
vt 0.516454 0.805542
vt 0.528945 0.816164
vt 0.501539 0.820025
vt 0.541469 0.827051
vt 0.872971 0.296892
vt 0.879322 0.291798
vt 0.879267 0.311691
vt 0.864531 0.302889
vt 0.862990 0.294577
vt 0.872613 0.310989
vt 0.868705 0.291809
vt 0.872711 0.288430
vt 0.941684 0.693026
vt 0.941684 0.696260
vt 0.927704 0.696260
vt 0.041862 0.917844
vt 0.058461 0.914917
vt 0.059669 0.918756
vt 0.590291 0.945225
vt 0.575990 0.885212
vt 0.609343 0.939651
vt 0.567617 0.944898
vt 0.589391 0.948059
vt 0.647264 0.073462
vt 0.660885 0.085217
vt 0.657304 0.105710
vt 0.645163 0.091508
vt 0.644173 0.079523
vt 0.646173 0.064318
vt 0.657869 0.059506
vt 0.667011 0.053897
vt 0.638489 0.066287
vt 0.628473 0.072227
vt 0.660933 0.080667
vt 0.664869 0.072818
vt 0.673246 0.059230
vt 0.586261 0.845387
vt 0.583171 0.830383
vt 0.590887 0.849645
vt 0.323420 0.827630
vt 0.327765 0.828504
vt 0.326113 0.850777
vt 0.035378 0.369730
vt 0.037316 0.345118
vt 0.053858 0.368387
vt 0.296491 0.843659
vt 0.299238 0.816232
vt 0.322955 0.849745
vt 0.140918 0.082434
vt 0.118490 0.066138
vt 0.156293 0.055775
vt 0.107374 0.786694
vt 0.140375 0.747486
vt 0.142113 0.786694
vt 0.155647 0.334218
vt 0.124521 0.336317
vt 0.126379 0.315072
vt 0.154859 0.358591
vt 0.182020 0.071898
vt 0.156545 0.310731
vt 0.891950 0.170392
vt 0.892131 0.152718
vt 0.904217 0.167909
vt 0.253255 0.842743
vt 0.242867 0.834621
vt 0.255439 0.828367
vt 0.112784 0.172947
vt 0.103297 0.172440
vt 0.122611 0.140490
vt 0.128154 0.149518
vt 0.121799 0.185109
vt 0.265454 0.079386
vt 0.257902 0.072348
vt 0.268233 0.068919
vt 0.264714 0.092387
vt 0.256629 0.085764
vt 0.269975 0.070884
vt 0.274783 0.079333
vt 0.261336 0.342487
vt 0.249045 0.354905
vt 0.255778 0.339422
vt 0.265766 0.365458
vt 0.269908 0.330132
vt 0.263249 0.324347
vt 0.526745 0.418513
vt 0.536926 0.423194
vt 0.525391 0.431600
vt 0.726598 0.266638
vt 0.723395 0.243464
vt 0.740289 0.249591
vt 0.715060 0.270486
vt 0.519010 0.427489
vt 0.739675 0.268163
vt 0.517811 0.412568
vt 0.789757 0.287413
vt 0.816031 0.271478
vt 0.816675 0.276668
vt 0.816658 0.286787
vt 0.751537 0.287158
vt 0.787244 0.279429
vt 0.789392 0.293990
vt 0.227949 0.703342
vt 0.218986 0.718632
vt 0.214721 0.701713
vt 0.426767 0.851912
vt 0.441532 0.846972
vt 0.430079 0.857388
vt 0.411890 0.857582
vt 0.427537 0.813243
vt 0.440803 0.809814
vt 0.227275 0.726887
vt 0.689751 0.607843
vt 0.701818 0.605609
vt 0.703505 0.617616
vt 0.961036 0.107079
vt 0.973459 0.104916
vt 0.976423 0.115977
vt 0.691776 0.619313
vt 0.960272 0.093982
vt 0.962848 0.118791
vt 0.686892 0.597716
vt 0.398864 0.258052
vt 0.389386 0.268147
vt 0.382744 0.258527
vt 0.397150 0.248440
vt 0.411331 0.260264
vt 0.402059 0.265916
vt 0.325865 0.170323
vt 0.321748 0.183220
vt 0.308242 0.181483
vt 0.815259 0.102337
vt 0.821367 0.102337
vt 0.811702 0.134869
vt 0.809526 0.101197
vt 0.829033 0.141222
vt 0.821068 0.146645
vt 0.819241 0.145793
vt 0.843889 0.174915
vt 0.828048 0.139162
vt 0.838679 0.137897
vt 0.671121 0.629832
vt 0.661394 0.651090
vt 0.637418 0.637248
vt 0.647826 0.616083
vt 0.682882 0.605700
vt 0.679072 0.624167
vt 0.665016 0.650812
vt 0.281378 0.703827
vt 0.269560 0.711256
vt 0.269816 0.704036
vt 0.290212 0.705194
vt 0.283319 0.711307
vt 0.267846 0.678442
vt 0.124316 0.857855
vt 0.113237 0.873062
vt 0.109962 0.856642
vt 0.129964 0.040792
vt 0.127147 0.876405
vt 0.122306 0.843363
vt 0.754323 0.842343
vt 0.760313 0.854209
vt 0.747148 0.852591
vt 0.768067 0.839234
vt 0.759736 0.832133
vt 0.396946 0.306162
vt 0.401289 0.321305
vt 0.380385 0.308498
vt 0.744520 0.833382
vt 0.664802 0.026010
vt 0.664802 0.016878
vt 0.685670 0.025071
vt 0.683668 0.030885
vt 0.664812 0.040127
vt 0.382926 0.774614
vt 0.365993 0.773694
vt 0.364516 0.766859
vt 0.384796 0.758921
vt 0.396438 0.780658
vt 0.388466 0.801026
vt 0.369974 0.800024
vt 0.152711 0.267354
vt 0.145186 0.272247
vt 0.124073 0.258536
vt 0.024279 0.835630
vt 0.015284 0.834123
vt 0.018754 0.826680
vt 0.028316 0.831965
vt 0.009879 0.868850
vt 0.032466 0.842741
vt 0.223634 0.039784
vt 0.234534 0.035600
vt 0.228499 0.046088
vt 0.216382 0.039993
vt 0.591149 0.986754
vt 0.599817 0.978340
vt 0.616718 0.984373
vt 0.218892 0.032138
vt 0.969276 0.579761
vt 0.950295 0.582091
vt 0.948581 0.571990
vt 0.583757 0.976817
vt 0.685026 0.515778
vt 0.684742 0.507273
vt 0.698113 0.513945
vt 0.674026 0.507404
vt 0.685216 0.524056
vt 0.673359 0.515560
vt 0.699068 0.522155
vt 0.905268 0.873584
vt 0.902658 0.890536
vt 0.894942 0.882249
vt 0.893698 0.864750
vt 0.916046 0.880753
vt 0.914345 0.866938
vt 0.903834 0.856372
vt 0.420615 0.977578
vt 0.423774 0.423126
vt 0.435295 0.405211
vt 0.436737 0.423420
vt 0.429551 0.962269
vt 0.670380 0.373966
vt 0.654132 0.367135
vt 0.669382 0.350395
vt 0.656871 0.386038
vt 0.931129 0.428579
vt 0.937411 0.422614
vt 0.943665 0.431446
vt 0.935162 0.438802
vt 0.919534 0.417279
vt 0.615449 0.735929
vt 0.645224 0.723516
vt 0.623805 0.752431
vt 0.742639 0.045806
vt 0.755133 0.044760
vt 0.746217 0.053305
vt 0.736551 0.068008
vt 0.605185 0.757157
vt 0.601832 0.736606
vt 0.754624 0.039454
vt 0.180759 0.744013
vt 0.182135 0.747637
vt 0.140394 0.742535
vt 0.105150 0.737796
vt 0.159025 0.052247
vt 0.904055 0.075970
vt 0.862881 0.080598
vt 0.868650 0.073895
vt 0.917239 0.076529
vt 0.914215 0.082922
vt 0.902797 0.080819
vt 0.904875 0.069669
vt 0.353327 0.368242
vt 0.355291 0.359810
vt 0.354010 0.370301
vt 0.353013 0.378083
vt 0.342916 0.375453
vt 0.335209 0.355113
vt 0.641859 0.349223
vt 0.646897 0.360635
vt 0.445469 0.078749
vt 0.443705 0.086618
vt 0.422205 0.081570
vt 0.448292 0.073541
vt 0.453471 0.086483
vt 0.048088 0.577511
vt 0.052473 0.582770
vt 0.037362 0.595449
vt 0.042711 0.575423
vt 0.052831 0.564142
vt 0.302384 0.276643
vt 0.314671 0.285716
vt 0.296949 0.301449
vt 0.362246 0.951740
vt 0.352377 0.953443
vt 0.356680 0.941469
vt 0.370706 0.958669
vt 0.320009 0.266418
vt 0.307729 0.261150
vt 0.292894 0.284871
vt 0.314491 0.731676
vt 0.304897 0.756203
vt 0.287480 0.744862
vt 0.320062 0.758205
vt 0.298121 0.721055
vt 0.337756 0.734486
vt 0.322139 0.708914
vt 0.338860 0.713653
vt 0.075250 0.009703
vt 0.090726 0.009973
vt 0.069988 0.036216
vt 0.375260 0.213113
vt 0.366503 0.196813
vt 0.373671 0.199837
vt 0.187923 0.266257
vt 0.192294 0.253761
vt 0.199806 0.251874
vt 0.010816 0.610525
vt 0.022131 0.594951
vt 0.038164 0.613212
vt 0.035478 0.757439
vt 0.011430 0.749625
vt 0.035509 0.741030
vt 0.757568 0.878174
vt 0.748409 0.903820
vt 0.741260 0.881815
vt 0.053895 0.660845
vt 0.065490 0.659288
vt 0.063700 0.669064
vt 0.126494 0.594714
vt 0.119679 0.581971
vt 0.128162 0.579600
vt 0.137260 0.583376
vt 0.059056 0.674437
vt 0.133178 0.600285
vt 0.047207 0.679748
vt 0.109827 0.584607
vt 0.122476 0.607933
vt 0.085406 0.260130
vt 0.092863 0.262198
vt 0.082778 0.272047
vt 0.094118 0.249492
vt 0.880181 0.239060
vt 0.873039 0.247208
vt 0.871577 0.240083
vt 0.841898 0.244684
vt 0.850378 0.245038
vt 0.847237 0.259056
vt 0.838577 0.258776
vt 0.831180 0.251578
vt 0.067519 0.504064
vt 0.065206 0.518210
vt 0.059650 0.510606
vt 0.193096 0.094442
vt 0.196129 0.087572
vt 0.206521 0.096617
vt 0.182187 0.090629
vt 0.729311 0.977409
vt 0.714076 0.976076
vt 0.730405 0.942232
vt 0.245875 0.180756
vt 0.235087 0.205700
vt 0.235376 0.180172
vt 0.154913 0.452291
vt 0.163699 0.457973
vt 0.141783 0.473478
vt 0.245195 0.206748
vt 0.740419 0.944533
vt 0.744050 0.979579
vt 0.424206 0.751846
vt 0.446838 0.767483
vt 0.434368 0.786412
vt 0.841031 0.332518
vt 0.856924 0.361747
vt 0.834208 0.353517
vt 0.811921 0.344696
vt 0.866140 0.340845
vt 0.874272 0.314423
vt 0.409808 0.771069
vt 0.818024 0.325750
vt 0.863789 0.689555
vt 0.865345 0.692437
vt 0.842250 0.691989
vt 0.889481 0.692386
vt 0.856016 0.678183
vt 0.861053 0.677397
vt 0.888039 0.689243
vt 0.814687 0.154698
vt 0.972597 0.015949
vt 0.966358 0.011952
vt 0.965893 0.011040
vt 0.972803 0.014509
vt 0.795031 0.994880
vt 0.784181 0.994716
vt 0.785329 0.981588
vt 0.034500 0.253033
vt 0.016521 0.239971
vt 0.032573 0.238294
vt 0.796754 0.979639
vt 0.621451 0.677235
vt 0.671106 0.686789
vt 0.640784 0.700690
vt 0.660859 0.670413
vt 0.627642 0.657410
vt 0.806117 0.994894
vt 0.251805 0.710193
vt 0.255758 0.706114
vt 0.255275 0.712204
vt 0.243572 0.718099
vt 0.043168 0.484744
vt 0.038548 0.503313
vt 0.177320 0.683820
vt 0.182014 0.684890
vt 0.179815 0.710026
vt 0.184589 0.660759
vt 0.169058 0.660695
vt 0.176386 0.660015
vt 0.172804 0.684232
vt 0.247220 0.036769
vt 0.251637 0.037617
vt 0.250299 0.040753
vt 0.246014 0.039840
vt 0.769913 0.468100
vt 0.762872 0.486843
vt 0.746981 0.472534
vt 0.779612 0.484260
vt 0.791762 0.471284
vt 0.768122 0.451062
vt 0.517276 0.556011
vt 0.484676 0.547839
vt 0.513868 0.543285
vt 0.539762 0.548563
vt 0.530807 0.606269
vt 0.496094 0.562155
vt 0.493978 0.577819
vt 0.858603 0.418860
vt 0.838834 0.412175
vt 0.840666 0.398707
vt 0.536059 0.930632
vt 0.553215 0.939829
vt 0.533991 0.935966
vt 0.516192 0.931095
vt 0.308908 0.495706
vt 0.329879 0.507348
vt 0.316970 0.544409
vt 0.644595 0.214765
vt 0.658691 0.204235
vt 0.654500 0.218175
vt 0.638893 0.218544
vt 0.633147 0.206295
vt 0.645799 0.202568
vt 0.650486 0.224756
vt 0.925157 0.335402
vt 0.933359 0.323697
vt 0.950305 0.346492
vt 0.938986 0.359701
vt 0.338862 0.489337
vt 0.341034 0.461615
vt 0.359580 0.463648
vt 0.326435 0.464147
vt 0.320346 0.488124
vt 0.351704 0.491274
vt 0.914102 0.353227
vt 0.076252 0.988771
vt 0.065444 0.982762
vt 0.082626 0.969982
vt 0.019971 0.279704
vt 0.030839 0.303192
vt 0.010948 0.312894
vt 0.028222 0.109337
vt 0.048818 0.109337
vt 0.036534 0.120766
vt 0.047763 0.287798
vt 0.107524 0.899482
vt 0.055172 0.905947
vt 0.437975 0.868249
vt 0.464157 0.861507
vt 0.468982 0.908582
vt 0.065741 0.930867
vt 0.063993 0.951696
vt 0.050143 0.935167
vt 0.187358 0.036182
vt 0.201506 0.041205
vt 0.194175 0.048720
vt 0.056104 0.922603
vt 0.206977 0.823244
vt 0.207189 0.834829
vt 0.201417 0.824152
vt 0.203590 0.817405
vt 0.211298 0.819889
vt 0.219316 0.826353
vt 0.213162 0.830445
vt 0.018595 0.042461
vt 0.033495 0.041142
vt 0.033484 0.051946
vt 0.859181 0.934025
vt 0.878211 0.942762
vt 0.859181 0.948526
vt 0.883596 0.928346
vt 0.024775 0.034954
vt 0.228512 0.017067
vt 0.221494 0.006439
vt 0.408045 0.333055
vt 0.417925 0.326205
vt 0.424440 0.347227
vt 0.412661 0.353502
vt 0.394743 0.352677
vt 0.392368 0.323450
vt 0.393575 0.337912
vt 0.690068 0.911233
vt 0.690000 0.939173
vt 0.676199 0.911399
vt 0.134267 0.497278
vt 0.002787 0.489587
vt 0.000200 0.466409
vt 0.026255 0.467249
vt 0.321684 0.115654
vt 0.311529 0.140180
vt 0.301636 0.117846
vt 0.261850 0.478896
vt 0.272773 0.483471
vt 0.255791 0.495170
vt 0.248026 0.474219
vt 0.271363 0.460266
vt 0.330575 0.136603
vt 0.699384 0.841805
vt 0.686714 0.857604
vt 0.682190 0.843900
vt 0.713720 0.835255
vt 0.716858 0.845031
vt 0.703640 0.854545
vt 0.703453 0.826515
vt 0.058793 0.130145
vt 0.088776 0.152354
vt 0.082494 0.158391
vt 0.007760 0.968165
vt 0.036907 0.972534
vt 0.035333 0.976595
vt 0.939442 0.025834
vt 0.953804 0.004457
vt 0.958623 0.007925
vt 0.026864 0.988457
vt 0.021693 0.993323
vt 0.098457 0.130866
vt 0.097464 0.138651
vt 0.808808 0.165262
vt 0.877800 0.150961
vt 0.883126 0.160817
vt 0.093722 0.146308
vt 0.886553 0.172421
vt 0.031432 0.982843
vt 0.094997 0.110130
vt 0.098563 0.120235
vt 0.074963 0.162672
vt 0.067047 0.164905
vt 0.870392 0.143000
vt 0.849760 0.136528
vt 0.859224 0.138312
vt 0.058288 0.165739
vt 0.948257 0.001826
vt 0.501027 0.143874
vt 0.502716 0.165724
vt 0.499995 0.144579
vt 0.491003 0.131174
vt 0.502407 0.117263
vt 0.939933 0.027095
vt 0.961431 0.011951
vt 0.960045 0.026414
vt 0.961448 0.027777
vt 0.977767 0.884626
vt 0.977338 0.887061
vt 0.966023 0.883718
vt 0.991185 0.886444
vt 0.990529 0.884604
vt 0.682954 0.133243
vt 0.688975 0.142037
vt 0.672735 0.153836
vt 0.696375 0.122941
vt 0.672209 0.120017
vt 0.685102 0.109751
vt 0.667400 0.144229
vt 0.953058 0.917614
vt 0.955195 0.926410
vt 0.946130 0.920499
vt 0.808687 0.028765
vt 0.807067 0.043368
vt 0.797259 0.039529
vt 0.959508 0.902192
vt 0.960281 0.916955
vt 0.944354 0.908438
vt 0.817135 0.042022
vt 0.780426 0.365440
vt 0.786294 0.350932
vt 0.798587 0.367209
vt 0.715350 0.597664
vt 0.119828 0.878707
vt 0.974197 0.858578
vt 0.973581 0.857157
vt 0.983834 0.855258
vt 0.036913 0.557535
vt 0.045863 0.557277
vt 0.037214 0.559026
vt 0.048325 0.133032
vt 0.052503 0.166618
vt 0.046516 0.167155
vt 0.055591 0.126558
vt 0.041623 0.134387
vt 0.287535 0.191271
vt 0.287024 0.162876
vt 0.307841 0.202439
vt 0.355034 0.192341
vt 0.364714 0.177971
vt 0.491852 0.366765
vt 0.497798 0.344577
vt 0.495628 0.368403
vt 0.706248 0.008834
vt 0.757017 0.008834
vt 0.730722 0.025350
vt 0.351632 0.175340
vt 0.543098 0.989789
vt 0.548397 0.972455
vt 0.580882 0.978278
vt 0.485843 0.394389
vt 0.956766 0.962840
vt 0.968803 0.959591
vt 0.968968 0.971271
vt 0.967228 0.953344
vt 0.942632 0.961172
vt 0.943944 0.972387
vt 0.339357 0.851663
vt 0.388946 0.870715
vt 0.334297 0.870828
vt 0.394829 0.852216
vt 0.343649 0.832357
vt 0.486986 0.720761
vt 0.470234 0.723715
vt 0.486760 0.704893
vt 0.504017 0.719546
vt 0.487590 0.735843
vt 0.503344 0.706093
vt 0.160113 0.424540
vt 0.169150 0.424444
vt 0.169311 0.433283
vt 0.472447 0.736180
vt 0.903319 0.041984
vt 0.908348 0.037686
vt 0.906863 0.043786
vt 0.902087 0.052854
vt 0.868464 0.043652
vt 0.903183 0.038197
vt 0.694565 0.204267
vt 0.712507 0.202951
vt 0.702325 0.211284
vt 0.685568 0.216433
vt 0.685235 0.199057
vt 0.681804 0.175793
vt 0.693877 0.174949
vt 0.544462 0.132452
vt 0.563014 0.144299
vt 0.552125 0.150504
vt 0.523701 0.102994
vt 0.535631 0.104350
vt 0.536346 0.110749
vt 0.535169 0.118265
vt 0.536167 0.097526
vt 0.505118 0.136281
vt 0.536651 0.135372
vt 0.075974 0.585796
vt 0.075385 0.579553
vt 0.084980 0.585222
vt 0.226394 0.056657
vt 0.216237 0.058387
vt 0.221419 0.050117
vt 0.221766 0.064470
vt 0.084319 0.596182
vt 0.075841 0.597020
vt 0.229466 0.052733
vt 0.268202 0.958796
vt 0.266385 0.950410
vt 0.282980 0.962887
vt 0.384526 0.269933
vt 0.382919 0.287393
vt 0.372973 0.273610
vt 0.288680 0.978638
vt 0.275974 0.977798
vt 0.385167 0.264098
vt 0.448408 0.182654
vt 0.469894 0.204903
vt 0.422081 0.205423
vt 0.233146 0.764258
vt 0.210804 0.778043
vt 0.234399 0.751319
vt 0.496852 0.162390
vt 0.442940 0.164219
vt 0.972627 0.321432
vt 0.955012 0.322973
vt 0.970659 0.308730
vt 0.974129 0.334186
vt 0.990176 0.306623
vt 0.993293 0.321653
vt 0.463068 0.266655
vt 0.427898 0.271278
vt 0.438011 0.244562
vt 0.841367 0.757772
vt 0.825473 0.763204
vt 0.828055 0.749794
vt 0.848728 0.776911
vt 0.831437 0.776977
vt 0.835975 0.740430
vt 0.857530 0.734251
vt 0.472868 0.246409
vt 0.909659 0.608579
vt 0.914368 0.605829
vt 0.913103 0.613596
vt 0.906466 0.610183
vt 0.902037 0.603540
vt 0.908995 0.599558
vt 0.605828 0.034922
vt 0.620723 0.033101
vt 0.614114 0.046222
vt 0.034555 0.907959
vt 0.020621 0.907432
vt 0.022548 0.885408
vt 0.036912 0.885674
vt 0.054071 0.907452
vt 0.749885 0.077039
vt 0.744782 0.080085
vt 0.742611 0.066315
vt 0.761035 0.084753
vt 0.755396 0.088392
vt 0.765080 0.063414
vt 0.064968 0.575611
vt 0.055246 0.587982
vt 0.059950 0.569334
vt 0.370232 0.154637
vt 0.381573 0.159282
vt 0.373957 0.183812
vt 0.470412 0.833118
vt 0.473095 0.839856
vt 0.459081 0.841819
vt 0.455496 0.835882
vt 0.469573 0.827111
vt 0.480497 0.821629
vt 0.176848 0.141512
vt 0.177421 0.164680
vt 0.152418 0.162493
vt 0.180951 0.891386
vt 0.164671 0.889745
vt 0.179933 0.874438
vt 0.183281 0.906352
vt 0.170308 0.915332
vt 0.110748 0.907204
vt 0.111518 0.895213
vt 0.126399 0.904923
vt 0.115853 0.923116
vt 0.873831 0.803719
vt 0.864818 0.810447
vt 0.863901 0.801968
vt 0.881144 0.795898
vt 0.885017 0.806801
vt 0.879130 0.815943
vt 0.871299 0.786352
vt 0.923855 0.714619
vt 0.943538 0.697033
vt 0.927897 0.730556
vt 0.920144 0.734120
vt 0.916929 0.719946
vt 0.985033 0.196160
vt 0.971755 0.205306
vt 0.955882 0.197059
vt 0.983924 0.206666
vt 0.495779 0.222411
vt 0.569530 0.070964
vt 0.602095 0.074357
vt 0.585488 0.090824
vt 0.474767 0.249855
vt 0.563278 0.106542
vt 0.288266 0.241858
vt 0.317670 0.238027
vt 0.319524 0.254987
vt 0.142802 0.085223
vt 0.130201 0.095777
vt 0.120527 0.071596
vt 0.156962 0.087741
vt 0.144970 0.095954
vt 0.172836 0.075730
vt 0.252964 0.100826
vt 0.244376 0.104280
vt 0.252657 0.096635
vt 0.260126 0.106488
vt 0.248201 0.108586
vt 0.627310 0.928336
vt 0.640653 0.906857
vt 0.364278 0.541756
vt 0.369316 0.557463
vt 0.349067 0.523709
vt 0.361435 0.578824
vt 0.345067 0.600795
vt 0.638725 0.364267
vt 0.636292 0.350090
vt 0.917602 0.115482
vt 0.950654 0.119819
vt 0.947737 0.128273
vt 0.943121 0.141278
vt 0.791607 0.269169
vt 0.918048 0.109579
vt 0.912676 0.128859
vt 0.881742 0.103291
vt 0.077092 0.937445
vt 0.065861 0.923459
vt 0.073667 0.920413
vt 0.077450 0.953374
vt 0.067036 0.937218
vt 0.089354 0.955040
vt 0.089187 0.935168
vt 0.284594 0.489141
vt 0.289571 0.499398
vt 0.285950 0.505969
vt 0.289313 0.469492
vt 0.303926 0.483041
vt 0.279048 0.493413
vt 0.305567 0.494306
vt 0.788135 0.660169
vt 0.800977 0.653358
vt 0.804590 0.658331
vt 0.804632 0.666595
vt 0.715969 0.865001
vt 0.706180 0.864821
vt 0.713231 0.857840
vt 0.718841 0.871984
vt 0.709865 0.872399
vt 0.788173 0.667699
vt 0.786240 0.653203
vt 0.959903 0.078354
vt 0.927027 0.069436
vt 0.960605 0.071308
vt 0.959088 0.087904
vt 0.925095 0.088110
vt 0.065298 0.696119
vt 0.086967 0.704762
vt 0.065156 0.698831
vt 0.963431 0.011796
vt 0.982005 0.029021
vt 0.046304 0.444592
vt 0.045481 0.453994
vt 0.037275 0.439643
vt 0.036489 0.609138
vt 0.014021 0.582777
vt 0.023180 0.563136
vt 0.138028 0.471923
vt 0.091341 0.457567
vt 0.119883 0.442884
vt 0.048181 0.453882
vt 0.049970 0.423550
vt 0.144869 0.458175
vt 0.036205 0.560250
vt 0.251139 0.431118
vt 0.273073 0.448866
vt 0.253278 0.447625
vt 0.250991 0.422067
vt 0.265383 0.427676
vt 0.236783 0.444301
vt 0.236736 0.427210
vt 0.738923 0.760373
vt 0.753801 0.771415
vt 0.745222 0.780943
vt 0.730072 0.774299
vt 0.725741 0.754450
vt 0.744633 0.747548
vt 0.945780 0.243057
vt 0.932392 0.252359
vt 0.934326 0.232646
vt 0.962733 0.222089
vt 0.965821 0.252709
vt 0.955925 0.212687
vt 0.330760 0.646375
vt 0.353540 0.663323
vt 0.331962 0.669312
vt 0.963070 0.266607
vt 0.238018 0.398267
vt 0.232364 0.394424
vt 0.234720 0.385675
vt 0.024697 0.878958
vt 0.037821 0.876773
vt 0.042475 0.881427
vt 0.232206 0.405202
vt 0.239611 0.385113
vt 0.240354 0.398326
vt 0.235557 0.409203
vt 0.239186 0.385995
vt 0.545899 0.154559
vt 0.535777 0.159577
vt 0.550754 0.160671
vt 0.519804 0.472831
vt 0.541748 0.470850
vt 0.518198 0.477968
vt 0.508922 0.467015
vt 0.518609 0.453082
vt 0.528900 0.459053
vt 0.519675 0.449294
vt 0.385848 0.980452
vt 0.384544 0.986325
vt 0.381824 0.984101
vt 0.384109 0.977105
vt 0.391574 0.985617
vt 0.391355 0.979019
vt 0.389754 0.975928
vt 0.306069 0.789280
vt 0.262284 0.774952
vt 0.265732 0.769525
vt 0.099433 0.187074
vt 0.098964 0.192844
vt 0.070590 0.187841
vt 0.128899 0.187682
vt 0.070816 0.181880
vt 0.100474 0.181646
vt 0.094519 0.148089
vt 0.090042 0.153482
vt 0.958162 0.496726
vt 0.926617 0.498701
vt 0.928124 0.486426
vt 0.960676 0.507076
vt 0.931920 0.512632
vt 0.958708 0.481392
vt 0.193097 0.662377
vt 0.187230 0.685680
vt 0.205746 0.666915
vt 0.253150 0.044920
vt 0.254989 0.042115
vt 0.252683 0.053448
vt 0.251466 0.053490
vt 0.250553 0.047392
vt 0.939892 0.312416
vt 0.911952 0.290832
vt 0.935132 0.276774
vt 0.022740 0.641312
vt 0.000730 0.641312
vt 0.012800 0.627566
vt 0.957888 0.298423
vt 0.037764 0.768403
vt 0.038195 0.779400
vt 0.026377 0.777657
vt 0.049663 0.770165
vt 0.926373 0.330363
vt 0.817419 0.723248
vt 0.830080 0.713716
vt 0.829748 0.732223
vt 0.815413 0.739687
vt 0.806573 0.732308
vt 0.807008 0.723091
vt 0.094959 0.517649
vt 0.093594 0.500622
vt 0.107138 0.484680
vt 0.802799 0.709801
vt 0.388755 0.435886
vt 0.370497 0.419571
vt 0.382649 0.412376
vt 0.506066 0.369571
vt 0.513307 0.346673
vt 0.404226 0.439386
vt 0.234640 0.926703
vt 0.238977 0.925632
vt 0.240532 0.933357
vt 0.220983 0.933305
vt 0.226995 0.911754
vt 0.237991 0.935948
vt 0.952470 0.378484
vt 0.962051 0.385161
vt 0.946656 0.394491
vt 0.922734 0.375053
vt 0.959464 0.369680
vt 0.528527 0.438205
vt 0.536712 0.450660
vt 0.539432 0.430111
vt 0.546463 0.442743
vt 0.515335 0.443545
vt 0.227051 0.169261
vt 0.216260 0.152473
vt 0.232393 0.160180
vt 0.597553 0.017807
vt 0.603060 0.018240
vt 0.601026 0.024795
vt 0.222756 0.181379
vt 0.207962 0.161312
vt 0.760926 0.880566
vt 0.793772 0.882642
vt 0.786214 0.893717
vt 0.750757 0.865882
vt 0.756492 0.864820
vt 0.439870 0.321272
vt 0.751976 0.898257
vt 0.771588 0.869940
vt 0.452572 0.342766
vt 0.818545 0.606140
vt 0.790368 0.572991
vt 0.806024 0.567608
vt 0.420924 0.105765
vt 0.427652 0.112445
vt 0.403672 0.132112
vt 0.446426 0.098341
vt 0.824643 0.565522
vt 0.838419 0.607056
vt 0.422935 0.091061
vt 0.619144 0.623628
vt 0.621934 0.639452
vt 0.603775 0.629040
vt 0.616438 0.607898
vt 0.874121 0.383791
vt 0.863426 0.379620
vt 0.879107 0.373248
vt 0.884916 0.387920
vt 0.821095 0.135993
vt 0.828769 0.103179
vt 0.997745 0.823729
vt 0.996572 0.814682
vt 0.999470 0.814379
vt 0.997181 0.832680
vt 0.982935 0.828488
vt 0.999410 0.824046
vt 0.983538 0.819621
vt 0.018117 0.712309
vt 0.017506 0.701405
vt 0.027084 0.700567
vt 0.018335 0.725213
vt 0.008077 0.725374
vt 0.027820 0.711423
vt 0.008310 0.712283
vt 0.549603 0.297041
vt 0.556524 0.298641
vt 0.552327 0.304212
vt 0.145626 0.016368
vt 0.153736 0.028792
vt 0.148019 0.031168
vt 0.536206 0.294907
vt 0.546968 0.285727
vt 0.557004 0.293985
vt 0.543662 0.304011
vt 0.202513 0.300995
vt 0.222383 0.328378
vt 0.191672 0.324243
vt 0.226865 0.303742
vt 0.811539 0.218665
vt 0.833456 0.208968
vt 0.835986 0.237887
vt 0.814129 0.241260
vt 0.809714 0.200752
vt 0.183259 0.298614
vt 0.525845 0.183771
vt 0.508957 0.160859
vt 0.515890 0.156712
vt 0.539797 0.184835
vt 0.586614 0.160213
vt 0.581050 0.162798
vt 0.599329 0.175660
vt 0.569924 0.143041
vt 0.581654 0.144602
vt 0.580491 0.147963
vt 0.524748 0.201839
vt 0.471969 0.274093
vt 0.469527 0.258451
vt 0.483539 0.264992
vt 0.160061 0.573055
vt 0.145540 0.561318
vt 0.178040 0.567020
vt 0.152705 0.586568
vt 0.141876 0.578629
vt 0.133329 0.572508
vt 0.482686 0.282770
vt 0.412187 0.989776
vt 0.421678 0.996404
vt 0.400024 0.980124
vt 0.960332 0.450290
vt 0.944816 0.453136
vt 0.951604 0.436057
vt 0.967875 0.432959
vt 0.973807 0.442904
vt 0.964299 0.468140
vt 0.949548 0.463685
vt 0.800006 0.714849
vt 0.755117 0.723716
vt 0.756091 0.714849
vt 0.197323 0.489158
vt 0.179946 0.505455
vt 0.205855 0.499396
vt 0.757169 0.706360
vt 0.797554 0.728444
vt 0.192573 0.482827
vt 0.803500 0.691846
vt 0.785351 0.016183
vt 0.777635 0.012585
vt 0.792607 0.010357
vt 0.505657 0.909214
vt 0.507617 0.921570
vt 0.502234 0.924080
vt 0.510511 0.915251
vt 0.771580 0.018653
vt 0.755853 0.014448
vt 0.802856 0.021599
vt 0.779498 0.023325
vt 0.167862 0.708259
vt 0.166062 0.683678
vt 0.166801 0.726858
vt 0.153749 0.726060
vt 0.154623 0.707387
vt 0.178466 0.728095
vt 0.770599 0.541732
vt 0.760652 0.568486
vt 0.743618 0.536757
vt 0.758414 0.139086
vt 0.752108 0.133844
vt 0.781399 0.120992
vt 0.787308 0.574963
vt 0.432072 0.450704
vt 0.445563 0.472330
vt 0.436551 0.473688
vt 0.201558 0.611789
vt 0.190387 0.606465
vt 0.209956 0.602753
vt 0.374090 0.459756
vt 0.212162 0.623266
vt 0.085289 0.257755
vt 0.074896 0.272280
vt 0.067699 0.262257
vt 0.429524 0.159007
vt 0.404193 0.154995
vt 0.432776 0.134348
vt 0.424674 0.183436
vt 0.460963 0.139769
vt 0.454870 0.163146
vt 0.326848 0.914440
vt 0.327397 0.930503
vt 0.291264 0.921508
vt 0.005881 0.517442
vt 0.001751 0.517803
vt 0.005351 0.510088
vt 0.006492 0.524666
vt 0.322021 0.898561
vt 0.684371 0.299705
vt 0.686201 0.289327
vt 0.694880 0.299813
vt 0.671414 0.299487
vt 0.133361 0.923557
vt 0.129905 0.924694
vt 0.130224 0.951311
vt 0.166900 0.918105
vt 0.163419 0.944784
vt 0.128341 0.903135
vt 0.083378 0.659137
vt 0.090939 0.642221
vt 0.086761 0.676778
vt 0.329375 0.067278
vt 0.297887 0.045897
vt 0.307658 0.035236
vt 0.337859 0.031485
vt 0.372428 0.012000
vt 0.373983 0.026408
vt 0.813390 0.254866
vt 0.823461 0.259688
vt 0.816722 0.263177
vt 0.296696 0.058804
vt 0.331427 0.089863
vt 0.908288 0.645836
vt 0.910539 0.639230
vt 0.912955 0.644251
vt 0.332547 0.051458
vt 0.331429 0.019771
vt 0.337079 0.055986
vt 0.656488 0.177896
vt 0.652740 0.164941
vt 0.666371 0.163208
vt 0.640429 0.180577
vt 0.668855 0.177010
vt 0.659151 0.190984
vt 0.644794 0.190429
vt 0.222582 0.182794
vt 0.716438 0.939974
vt 0.695068 0.942447
vt 0.695911 0.976541
vt 0.091693 0.596335
vt 0.104273 0.582133
vt 0.107041 0.600545
vt 0.099462 0.613647
vt 0.077226 0.613417
vt 0.894403 0.669180
vt 0.904631 0.658140
vt 0.905646 0.659678
vt 0.893521 0.657265
vt 0.879476 0.671729
vt 0.187952 0.655493
vt 0.198518 0.643688
vt 0.199883 0.663782
vt 0.254915 0.464778
vt 0.417087 0.750243
vt 0.236054 0.461098
vt 0.415954 0.292792
vt 0.436452 0.287411
vt 0.439993 0.304054
vt 0.413937 0.308336
vt 0.394988 0.295354
vt 0.393585 0.283109
vt 0.434571 0.271894
vt 0.272907 0.713579
vt 0.812718 0.829348
vt 0.805329 0.833101
vt 0.807549 0.822119
vt 0.825327 0.835692
vt 0.812421 0.839543
vt 0.816789 0.820643
vt 0.221449 0.528280
vt 0.221996 0.519038
vt 0.223996 0.520935
vt 0.217246 0.529712
vt 0.223442 0.530400
vt 0.220469 0.540629
vt 0.700812 0.532808
vt 0.703621 0.545325
vt 0.686693 0.535546
vt 0.493104 0.514948
vt 0.471093 0.525320
vt 0.512295 0.507818
vt 0.175017 0.816086
vt 0.181022 0.856100
vt 0.169122 0.852840
vt 0.148743 0.808897
vt 0.158129 0.788343
vt 0.901406 0.406123
vt 0.882805 0.430107
vt 0.194446 0.126986
vt 0.199282 0.123950
vt 0.198285 0.130926
vt 0.186856 0.119156
vt 0.191299 0.130783
vt 0.264203 0.259071
vt 0.287781 0.250425
vt 0.289174 0.260380
vt 0.248410 0.267247
vt 0.246266 0.253334
vt 0.266026 0.274916
vt 0.972870 0.996832
vt 0.986637 0.986343
vt 0.256994 0.245757
vt 0.275925 0.243966
vt 0.262557 0.814980
vt 0.284276 0.810742
vt 0.278045 0.834081
vt 0.787929 0.076847
vt 0.781642 0.087440
vt 0.783638 0.074615
vt 0.791415 0.059106
vt 0.799747 0.064193
vt 0.786728 0.059987
vt 0.791717 0.091398
vt 0.858509 0.744040
vt 0.870494 0.748605
vt 0.849113 0.749304
vt 0.869583 0.725300
vt 0.858655 0.729715
vt 0.119760 0.950143
vt 0.107003 0.946115
vt 0.116349 0.931131
vt 0.109806 0.956229
vt 0.022587 0.333562
vt 0.864980 0.134985
vt 0.900665 0.143436
vt 0.136472 0.162248
vt 0.144178 0.166530
vt 0.904309 0.156624
vt 0.049169 0.967233
vt 0.065571 0.979582
vt 0.051255 0.978134
vt 0.041292 0.976502
vt 0.052970 0.958013
vt 0.063815 0.965643
vt 0.041062 0.957558
vt 0.662619 0.488149
vt 0.656909 0.472887
vt 0.674875 0.460592
vt 0.224491 0.864130
vt 0.230576 0.881772
vt 0.219271 0.876988
vt 0.236195 0.856625
vt 0.241192 0.879394
vt 0.216241 0.858533
vt 0.221623 0.851553
vt 0.702827 0.756808
vt 0.698073 0.748002
vt 0.711981 0.738334
vt 0.714898 0.753410
vt 0.698904 0.779480
vt 0.828032 0.831369
vt 0.844408 0.845731
vt 0.824512 0.842104
vt 0.850316 0.819578
vt 0.448346 0.422397
vt 0.435484 0.444451
vt 0.450191 0.403690
vt 0.459145 0.419974
vt 0.449309 0.445289
vt 0.243291 0.321627
vt 0.239407 0.315792
vt 0.250478 0.318196
vt 0.252512 0.321386
vt 0.228957 0.321681
vt 0.249642 0.327141
vt 0.238343 0.326902
vt 0.010092 0.410055
vt 0.000623 0.380913
vt 0.009637 0.379230
vt 0.432914 0.959651
vt 0.444006 0.959591
vt 0.475917 0.996712
vt 0.377613 0.977839
vt 0.424815 0.955614
vt 0.069953 0.600445
vt 0.070499 0.592782
vt 0.072781 0.592821
vt 0.055753 0.599980
vt 0.056799 0.593429
vt 0.071631 0.601698
vt 0.067240 0.607005
vt 0.904057 0.064276
vt 0.913977 0.060831
vt 0.869609 0.066759
vt 0.039413 0.434505
vt 0.037978 0.425858
vt 0.043782 0.428181
vt 0.341709 0.445989
vt 0.354171 0.423061
vt 0.348422 0.452899
vt 0.828726 0.621709
vt 0.807096 0.628503
vt 0.815696 0.605758
vt 0.828840 0.633277
vt 0.332199 0.430215
vt 0.498172 0.973532
vt 0.498413 0.966579
vt 0.501231 0.974927
vt 0.502151 0.982795
vt 0.498457 0.980518
vt 0.940645 0.773260
vt 0.926960 0.750908
vt 0.929052 0.749911
vt 0.926036 0.791781
vt 0.924412 0.769932
vt 0.943612 0.771988
vt 0.952595 0.791067
vt 0.372244 0.633846
vt 0.390528 0.650111
vt 0.388512 0.651711
vt 0.378681 0.654761
vt 0.984570 0.090002
vt 0.972701 0.092438
vt 0.972545 0.078231
vt 0.996871 0.101148
vt 0.984781 0.102840
vt 0.984066 0.078731
vt 0.995985 0.089719
vt 0.701839 0.911336
vt 0.703203 0.887409
vt 0.702019 0.938719
vt 0.712806 0.887116
vt 0.714639 0.911240
vt 0.057866 0.693155
vt 0.045661 0.680804
vt 0.123811 0.268326
vt 0.145087 0.281420
vt 0.114673 0.274287
vt 0.117081 0.265392
vt 0.122170 0.277351
vt 0.978898 0.387327
vt 0.448978 0.499817
vt 0.446530 0.472653
vt 0.459541 0.526154
vt 0.458723 0.472106
vt 0.091509 0.380158
vt 0.094632 0.360517
vt 0.107634 0.360517
vt 0.118236 0.381408
vt 0.925657 0.801499
vt 0.904909 0.792900
vt 0.912713 0.771500
vt 0.079871 0.361877
vt 0.976212 0.444102
vt 0.996237 0.450609
vt 0.987338 0.463041
vt 0.753254 0.278150
vt 0.739323 0.274343
vt 0.088863 0.976534
vt 0.103781 0.960420
vt 0.096161 0.979190
vt 0.751818 0.269016
vt 0.980974 0.195284
vt 0.979059 0.167072
vt 0.983403 0.167523
vt 0.949761 0.195315
vt 0.162740 0.414211
vt 0.154205 0.436732
vt 0.125558 0.421004
vt 0.985513 0.194415
vt 0.049768 0.483083
vt 0.046686 0.483055
vt 0.049863 0.468218
vt 0.133796 0.398041
vt 0.256217 0.611555
vt 0.237346 0.623057
vt 0.240447 0.600689
vt 0.281289 0.775795
vt 0.246616 0.590928
vt 0.289335 0.039654
vt 0.285916 0.048416
vt 0.276108 0.042072
vt 0.295501 0.038278
vt 0.296748 0.045006
vt 0.282453 0.033145
vt 0.289147 0.032809
vt 0.932978 0.526866
vt 0.967190 0.526756
vt 0.935624 0.532772
vt 0.962621 0.517141
vt 0.096143 0.411523
vt 0.102910 0.382669
vt 0.099684 0.407716
vt 0.091813 0.430197
vt 0.803203 0.480109
vt 0.793222 0.475055
vt 0.800488 0.465783
vt 0.811333 0.470541
vt 0.824937 0.494373
vt 0.803179 0.488181
vt 0.809036 0.462319
vt 0.050244 0.373352
vt 0.047383 0.384923
vt 0.045527 0.375520
vt 0.719046 0.875744
vt 0.725964 0.884268
vt 0.785323 0.670821
vt 0.800450 0.679562
vt 0.326823 0.659569
vt 0.307951 0.656768
vt 0.323800 0.637811
vt 0.312489 0.673087
vt 0.065213 0.766916
vt 0.080532 0.777308
vt 0.064735 0.777390
vt 0.581466 0.697073
vt 0.559872 0.702300
vt 0.557767 0.683326
vt 0.569170 0.678489
vt 0.975175 0.584772
vt 0.995744 0.591455
vt 0.988210 0.606555
vt 0.577652 0.719396
vt 0.800244 0.874330
vt 0.811765 0.892774
vt 0.777634 0.861628
vt 0.411317 0.055827
vt 0.421561 0.038794
vt 0.435525 0.042112
vt 0.023200 0.069357
vt 0.018972 0.054710
vt 0.020680 0.054623
vt 0.397326 0.042027
vt 0.024961 0.069252
vt 0.410173 0.057177
vt 0.000039 0.061854
vt 0.346016 0.768554
vt 0.343649 0.759104
vt 0.362748 0.756508
vt 0.346931 0.778512
vt 0.328809 0.768434
vt 0.817421 0.039132
vt 0.839809 0.008317
vt 0.840743 0.038861
vt 0.355711 0.616610
vt 0.373613 0.585630
vt 0.376409 0.633925
vt 0.341446 0.638180
vt 0.280723 0.511416
vt 0.291279 0.528009
vt 0.280633 0.539847
vt 0.216000 0.928254
vt 0.200698 0.957681
vt 0.202069 0.923582
vt 0.213993 0.908799
vt 0.181135 0.873392
vt 0.149351 0.477630
vt 0.253914 0.207069
vt 0.245636 0.231798
vt 0.253664 0.232863
vt 0.501887 0.949058
vt 0.501435 0.958050
vt 0.498954 0.949118
vt 0.508059 0.947864
vt 0.507551 0.958642
vt 0.499312 0.940210
vt 0.501990 0.939883
vt 0.001226 0.509732
vt 0.330839 0.938861
vt 0.310763 0.946252
vt 0.345599 0.940858
vt 0.339612 0.957107
vt 0.321574 0.966540
vt 0.312778 0.951380
vt 0.351170 0.739894
vt 0.365625 0.736530
vt 0.366064 0.746323
vt 0.354734 0.714325
vt 0.342081 0.751251
vt 0.355153 0.995156
vt 0.333578 0.995770
vt 0.341573 0.984923
vt 0.207310 0.853766
vt 0.198695 0.842735
vt 0.205603 0.841955
vt 0.211801 0.851684
vt 0.074418 0.646430
vt 0.077329 0.665276
vt 0.482992 0.317810
vt 0.486967 0.302641
vt 0.499215 0.313752
vt 0.356614 0.124459
vt 0.364944 0.125100
vt 0.357116 0.150554
vt 0.604570 0.526517
vt 0.640939 0.518121
vt 0.607822 0.538176
vt 0.339742 0.145288
vt 0.344763 0.118898
vt 0.350781 0.148993
vt 0.600861 0.506800
vt 0.636635 0.494990
vt 0.984697 0.893773
vt 0.985663 0.889817
vt 0.991714 0.890257
vt 0.970577 0.892544
vt 0.969532 0.896385
vt 0.891512 0.269224
vt 0.886130 0.276317
vt 0.882070 0.266482
vt 0.899484 0.262952
vt 0.894549 0.281091
vt 0.883668 0.265663
vt 0.883332 0.249136
vt 0.926135 0.843436
vt 0.940351 0.836762
vt 0.945528 0.845528
vt 0.924182 0.861494
vt 0.914584 0.848852
vt 0.634996 0.170307
vt 0.935291 0.855759
vt 0.569253 0.947917
vt 0.550342 0.970571
vt 0.812158 0.641995
vt 0.828754 0.645193
vt 0.821325 0.649789
vt 0.807400 0.642793
vt 0.803541 0.629333
vt 0.077925 0.370830
vt 0.077232 0.348585
vt 0.590439 0.806341
vt 0.588777 0.780478
vt 0.606724 0.777658
vt 0.611227 0.799624
vt 0.594142 0.810300
vt 0.586638 0.830523
vt 0.122118 0.336127
vt 0.123426 0.359804
vt 0.123330 0.312564
vt 0.119569 0.360530
vt 0.333079 0.302006
vt 0.309303 0.305339
vt 0.706663 0.346729
vt 0.728782 0.350341
vt 0.707658 0.370010
vt 0.690482 0.370858
vt 0.683423 0.343218
vt 0.328878 0.286095
vt 0.335630 0.287010
vt 0.353591 0.291959
vt 0.355998 0.306526
vt 0.030219 0.265610
vt 0.024012 0.265153
vt 0.023762 0.263733
vt 0.029585 0.263866
vt 0.036095 0.265457
vt 0.036355 0.738042
vt 0.051540 0.755460
vt 0.036355 0.756872
vt 0.058263 0.729536
vt 0.051587 0.740757
vt 0.035357 0.715254
vt 0.105136 0.842394
vt 0.088847 0.837560
vt 0.105884 0.839626
vt 0.087783 0.841418
vt 0.088702 0.854434
vt 0.619846 0.249049
vt 0.605287 0.255531
vt 0.612063 0.231164
vt 0.610547 0.266179
vt 0.633394 0.238537
vt 0.630491 0.251125
vt 0.235460 0.230752
vt 0.224050 0.208012
vt 0.885190 0.347611
vt 0.878403 0.331015
vt 0.896715 0.331796
vt 0.896677 0.347916
vt 0.895099 0.361833
vt 0.884748 0.366133
vt 0.876045 0.355097
vt 0.915806 0.654380
vt 0.924849 0.645185
vt 0.917332 0.657764
vt 0.101645 0.098565
vt 0.110058 0.139110
vt 0.101245 0.135168
vt 0.872812 0.248973
vt 0.891780 0.236985
vt 0.319401 0.003134
vt 0.366826 0.003627
vt 0.866509 0.249023
vt 0.979698 0.944090
vt 0.977589 0.928478
vt 0.992538 0.926378
vt 0.976150 0.961042
vt 0.951865 0.943567
vt 0.247081 0.907165
vt 0.253363 0.921358
vt 0.230716 0.910103
vt 0.986442 0.956635
vt 0.999095 0.956747
vt 0.774436 0.432714
vt 0.782578 0.418561
vt 0.798939 0.428392
vt 0.785871 0.447782
vt 0.770103 0.445942
vt 0.765713 0.431838
vt 0.155130 0.683186
vt 0.240676 0.036611
vt 0.239077 0.040533
vt 0.628696 0.993310
vt 0.625601 0.978281
vt 0.636520 0.992190
vt 0.244239 0.034118
vt 0.243934 0.043114
vt 0.007976 0.694121
vt 0.016969 0.693620
vt 0.008981 0.966815
vt 0.009040 0.959013
vt 0.017735 0.959013
vt 0.018008 0.966979
vt 0.008448 0.701290
vt 0.851963 0.817381
vt 0.867525 0.825063
vt 0.376320 0.555254
vt 0.154738 0.278578
vt 0.175952 0.282169
vt 0.177563 0.288181
vt 0.397761 0.550284
vt 0.395456 0.575719
vt 0.717315 0.703177
vt 0.707078 0.727021
vt 0.698467 0.713339
vt 0.736010 0.694437
vt 0.726730 0.721049
vt 0.728477 0.196768
vt 0.716626 0.190564
vt 0.792789 0.934089
vt 0.770930 0.931245
vt 0.791953 0.916688
vt 0.812623 0.915478
vt 0.372339 0.060862
vt 0.375290 0.062114
vt 0.363128 0.080791
vt 0.360136 0.079829
vt 0.347943 0.050506
vt 0.384205 0.042981
vt 0.500846 0.242109
vt 0.509951 0.250817
vt 0.493502 0.268665
vt 0.514355 0.232268
vt 0.487340 0.238948
vt 0.451946 0.013635
vt 0.447522 0.002686
vt 0.463713 0.007854
vt 0.465277 0.017751
vt 0.943079 0.552689
vt 0.972283 0.542032
vt 0.979506 0.556846
vt 0.952256 0.570794
vt 0.938190 0.540655
vt 0.199212 0.728165
vt 0.207456 0.715747
vt 0.699913 0.594461
vt 0.714725 0.592269
vt 0.784748 0.965820
vt 0.772524 0.967365
vt 0.051708 0.029752
vt 0.060054 0.032638
vt 0.052503 0.040163
vt 0.038767 0.033425
vt 0.042493 0.022808
vt 0.061550 0.023586
vt 0.750829 0.342884
vt 0.754197 0.337052
vt 0.697978 0.630701
vt 0.023623 0.650376
vt 0.028441 0.659438
vt 0.004726 0.657804
vt 0.022126 0.644945
vt 0.216421 0.516176
vt 0.226097 0.507057
vt 0.660122 0.596112
vt 0.623094 0.600938
vt 0.450738 0.530311
vt 0.913734 0.969661
vt 0.889305 0.984911
vt 0.889529 0.969615
vt 0.899229 0.928866
vt 0.285049 0.005783
vt 0.285197 0.010071
vt 0.279613 0.014241
vt 0.277431 0.009248
vt 0.292930 0.003625
vt 0.909598 0.907534
vt 0.180314 0.116826
vt 0.189783 0.115056
vt 0.033077 0.768305
vt 0.024203 0.767847
vt 0.026814 0.760267
vt 0.182081 0.111586
vt 0.389937 0.989925
vt 0.383719 0.990550
vt 0.379441 0.987627
vt 0.362461 0.463766
vt 0.353769 0.492358
vt 0.935512 0.321974
vt 0.169728 0.414685
vt 0.169693 0.401985
vt 0.178789 0.402408
vt 0.178269 0.413440
vt 0.503916 0.735959
vt 0.524791 0.719154
vt 0.178409 0.422572
vt 0.525116 0.735356
vt 0.927537 0.223291
vt 0.926585 0.212277
vt 0.954902 0.209031
vt 0.940881 0.746708
vt 0.983260 0.696995
vt 0.163987 0.304744
vt 0.165081 0.296616
vt 0.154258 0.295663
vt 0.872030 0.515965
vt 0.887297 0.501222
vt 0.886948 0.524032
vt 0.876449 0.528531
vt 0.157442 0.326280
vt 0.780694 0.554772
vt 0.821462 0.543750
vt 0.785195 0.567608
vt 0.891264 0.545928
vt 0.877689 0.575474
vt 0.873669 0.543454
vt 0.968084 0.649984
vt 0.963230 0.618798
vt 0.978095 0.629676
vt 0.775800 0.543203
vt 0.788256 0.537419
vt 0.577724 0.329030
vt 0.549319 0.343678
vt 0.547392 0.321269
vt 0.048465 0.978745
vt 0.047978 0.987388
vt 0.035980 0.980486
vt 0.596927 0.330705
vt 0.594770 0.345666
vt 0.565113 0.308614
vt 0.584659 0.305402
vt 0.058548 0.984146
vt 0.646151 0.416051
vt 0.613773 0.408859
vt 0.632775 0.388020
vt 0.630391 0.435061
vt 0.768674 0.152443
vt 0.764619 0.175440
vt 0.730452 0.153881
vt 0.811041 0.137134
vt 0.808992 0.158487
vt 0.805842 0.177331
vt 0.770370 0.131159
vt 0.060172 0.724916
vt 0.107398 0.711007
vt 0.081937 0.731016
vt 0.924306 0.597603
vt 0.926300 0.608508
vt 0.338215 0.385080
vt 0.345817 0.401370
vt 0.330895 0.374967
vt 0.323200 0.400220
vt 0.326743 0.379795
vt 0.735967 0.087857
vt 0.002625 0.283532
vt 0.012799 0.276252
vt 0.012814 0.281736
vt 0.011696 0.289239
vt 0.047468 0.611146
vt 0.052136 0.605528
vt 0.011779 0.274231
vt 0.039328 0.612577
vt 0.000634 0.277822
vt 0.000220 0.289938
vt 0.215723 0.695704
vt 0.214882 0.668985
vt 0.224893 0.672833
vt 0.330055 0.144253
vt 0.325670 0.169084
vt 0.320996 0.143450
vt 0.207197 0.692337
vt 0.335614 0.169783
vt 0.334046 0.118520
vt 0.501313 0.861512
vt 0.490549 0.845521
vt 0.702925 0.132237
vt 0.745266 0.799810
vt 0.736213 0.791067
vt 0.935255 0.923664
vt 0.932631 0.913315
vt 0.724034 0.799708
vt 0.755472 0.813600
vt 0.733658 0.808842
vt 0.758123 0.790007
vt 0.673034 0.524682
vt 0.664292 0.524645
vt 0.663410 0.516169
vt 0.673596 0.536719
vt 0.885412 0.842362
vt 0.893762 0.848224
vt 0.878831 0.858674
vt 0.876068 0.844589
vt 0.874168 0.835498
vt 0.893560 0.823553
vt 0.896978 0.834274
vt 0.882970 0.827916
vt 0.461357 0.049787
vt 0.454099 0.063688
vt 0.469999 0.035665
vt 0.472148 0.054661
vt 0.464936 0.068070
vt 0.230295 0.960031
vt 0.225064 0.945129
vt 0.236046 0.961948
vt 0.664346 0.945025
vt 0.682080 0.942250
vt 0.684917 0.976409
vt 0.663553 0.979753
vt 0.647899 0.947576
vt 0.768291 0.261399
vt 0.757356 0.269845
vt 0.754440 0.260185
vt 0.784959 0.260905
vt 0.781959 0.274478
vt 0.552059 0.405441
vt 0.562286 0.408876
vt 0.543761 0.418386
vt 0.775060 0.248425
vt 0.194345 0.136476
vt 0.207986 0.136977
vt 0.205654 0.144505
vt 0.187213 0.135600
vt 0.200647 0.150874
vt 0.190859 0.139797
vt 0.199921 0.014081
vt 0.205036 0.020879
vt 0.200809 0.024125
vt 0.211250 0.012365
vt 0.191421 0.010063
vt 0.203164 0.006885
vt 0.189935 0.015759
vt 0.331215 0.256210
vt 0.321260 0.264766
vt 0.332191 0.242457
vt 0.364646 0.250493
vt 0.363536 0.263295
vt 0.956504 0.648147
vt 0.983597 0.654511
vt 0.951964 0.661409
vt 0.065171 0.995152
vt 0.056028 0.994877
vt 0.064501 0.987895
vt 0.911139 0.687527
vt 0.898788 0.705998
vt 0.290955 0.993244
vt 0.308079 0.988074
vt 0.774780 0.358930
vt 0.759971 0.359900
vt 0.763804 0.347388
vt 0.756289 0.380883
vt 0.838392 0.136260
vt 0.970356 0.364469
vt 0.954976 0.348758
vt 0.973680 0.348461
vt 0.991131 0.366852
vt 0.968165 0.380868
vt 0.030176 0.723857
vt 0.994318 0.349778
vt 0.036616 0.709551
vt 0.522828 0.258437
vt 0.522337 0.241540
vt 0.536483 0.247957
vt 0.507787 0.273934
vt 0.540606 0.272045
vt 0.526108 0.287330
vt 0.790275 0.821188
vt 0.793724 0.844736
vt 0.689312 0.867804
vt 0.678483 0.867898
vt 0.674758 0.856777
vt 0.651559 0.814450
vt 0.631863 0.809768
vt 0.632225 0.798115
vt 0.650929 0.795152
vt 0.676012 0.818726
vt 0.600149 0.836951
vt 0.604256 0.823022
vt 0.607240 0.861688
vt 0.032757 0.984358
vt 0.028198 0.990232
vt 0.036134 0.977659
vt 0.336164 0.901135
vt 0.342614 0.895560
vt 0.350656 0.937413
vt 0.314348 0.891237
vt 0.755834 0.705398
vt 0.366788 0.720950
vt 0.942164 0.973880
vt 0.963092 0.972970
vt 0.953565 0.984146
vt 0.385741 0.745471
vt 0.218470 0.890259
vt 0.208238 0.899895
vt 0.021279 0.169030
vt 0.018916 0.166889
vt 0.030424 0.165167
vt 0.223813 0.893290
vt 0.942263 0.867943
vt 0.934404 0.887943
vt 0.929883 0.874734
vt 0.952856 0.859734
vt 0.948183 0.879930
vt 0.671138 0.364398
vt 0.501572 0.664536
vt 0.485569 0.648846
vt 0.508016 0.652070
vt 0.070531 0.438104
vt 0.082587 0.424336
vt 0.081347 0.439050
vt 0.070594 0.423602
vt 0.306937 0.694493
vt 0.069285 0.452721
vt 0.325769 0.688553
vt 0.311906 0.674205
vt 0.503732 0.136169
vt 0.557932 0.154827
vt 0.544257 0.124026
vt 0.227968 0.105651
vt 0.232170 0.098275
vt 0.246191 0.092396
vt 0.106600 0.783533
vt 0.104167 0.797702
vt 0.095618 0.781540
vt 0.433561 0.725317
vt 0.432820 0.705725
vt 0.452414 0.704515
vt 0.343137 0.606240
vt 0.324988 0.617872
vt 0.327332 0.599319
vt 0.454353 0.723169
vt 0.102923 0.770325
vt 0.163667 0.456601
vt 0.162112 0.444181
vt 0.171876 0.454818
vt 0.051764 0.551037
vt 0.068572 0.555598
vt 0.054923 0.560675
vt 0.050624 0.546842
vt 0.061647 0.547424
vt 0.203492 0.002219
vt 0.206772 0.003136
vt 0.048090 0.554858
vt 0.582435 0.730895
vt 0.592244 0.699651
vt 0.590025 0.727086
vt 0.573706 0.735299
vt 0.585369 0.701905
vt 0.586992 0.757610
vt 0.598782 0.759876
vt 0.154807 0.387027
vt 0.122910 0.388186
vt 0.055794 0.756469
vt 0.182606 0.785539
vt 0.969589 0.840347
vt 0.981405 0.853863
vt 0.037358 0.575546
vt 0.966204 0.820523
vt 0.974880 0.837713
vt 0.629940 0.170472
vt 0.617038 0.175485
vt 0.612694 0.170859
vt 0.628162 0.163749
vt 0.653607 0.163376
vt 0.955422 0.263005
vt 0.972328 0.279383
vt 0.945868 0.269379
vt 0.943751 0.255216
vt 0.948348 0.249959
vt 0.849559 0.723057
vt 0.337771 0.203751
vt 0.342323 0.177430
vt 0.319678 0.231861
vt 0.063846 0.281040
vt 0.057310 0.271728
vt 0.701588 0.213814
vt 0.719505 0.218860
vt 0.706916 0.238397
vt 0.224608 0.232351
vt 0.220289 0.233281
vt 0.729683 0.937551
vt 0.726614 0.909882
vt 0.224456 0.244201
vt 0.715628 0.939107
vt 0.379011 0.744243
vt 0.895154 0.314584
vt 0.133447 0.185833
vt 0.114531 0.210417
vt 0.106259 0.205613
vt 0.291546 0.050983
vt 0.216819 0.627306
vt 0.182423 0.653456
vt 0.198696 0.620349
vt 0.127503 0.480238
vt 0.131745 0.503540
vt 0.114715 0.509958
vt 0.136575 0.482889
vt 0.657078 0.444983
vt 0.671476 0.437111
vt 0.637212 0.428775
vt 0.656407 0.418561
vt 0.640301 0.454472
vt 0.255212 0.372667
vt 0.283247 0.396274
vt 0.252731 0.374654
vt 0.934689 0.416084
vt 0.948300 0.406600
vt 0.950000 0.409310
vt 0.217335 0.079949
vt 0.209852 0.073900
vt 0.066923 0.614852
vt 0.101141 0.028233
vt 0.115409 0.021310
vt 0.107656 0.033620
vt 0.086503 0.047784
vt 0.081010 0.042726
vt 0.094537 0.052454
vt 0.213198 0.469987
vt 0.214512 0.480626
vt 0.217145 0.470817
vt 0.211665 0.455955
vt 0.220322 0.393440
vt 0.219885 0.406365
vt 0.212084 0.398299
vt 0.226604 0.385337
vt 0.210415 0.381963
vt 0.863793 0.439580
vt 0.844994 0.448622
vt 0.845590 0.432324
vt 0.881964 0.452747
vt 0.856762 0.458722
vt 0.314010 0.560515
vt 0.285895 0.561720
vt 0.315792 0.541952
vt 0.261071 0.540683
vt 0.084625 0.531142
vt 0.071510 0.539023
vt 0.070351 0.527346
vt 0.197828 0.076736
vt 0.189410 0.064360
vt 0.196981 0.055789
vt 0.186499 0.083133
vt 0.184647 0.071417
vt 0.207436 0.076667
vt 0.728244 0.175039
vt 0.730552 0.189926
vt 0.728895 0.183597
vt 0.767324 0.189715
vt 0.506339 0.976124
vt 0.509091 0.967431
vt 0.508623 0.975926
vt 0.506952 0.967279
vt 0.505895 0.981049
vt 0.411896 0.669803
vt 0.403801 0.672424
vt 0.398482 0.647450
vt 0.824153 0.684455
vt 0.833439 0.626149
vt 0.840323 0.679061
vt 0.466783 0.648586
vt 0.466177 0.670423
vt 0.410817 0.690573
vt 0.688411 0.560744
vt 0.685726 0.548877
vt 0.706502 0.556451
vt 0.410156 0.027148
vt 0.396294 0.076801
vt 0.382993 0.095284
vt 0.387509 0.043284
vt 0.525419 0.097218
vt 0.503163 0.115280
vt 0.511237 0.098159
vt 0.512788 0.096521
vt 0.235689 0.047148
vt 0.896217 0.304260
vt 0.884818 0.285908
vt 0.257953 0.845604
vt 0.248478 0.846001
vt 0.888941 0.311108
vt 0.256828 0.880152
vt 0.690380 0.736398
vt 0.777489 0.627054
vt 0.719148 0.829157
vt 0.787189 0.611900
vt 0.764018 0.614356
vt 0.776053 0.636733
vt 0.761192 0.634305
vt 0.952285 0.110925
vt 0.064121 0.790286
vt 0.160441 0.393007
vt 0.159828 0.383576
vt 0.049912 0.779829
vt 0.092656 0.269833
vt 0.591893 0.867629
vt 0.636897 0.862852
vt 0.624279 0.884567
vt 0.288339 0.097442
vt 0.277386 0.111828
vt 0.272054 0.094294
vt 0.719111 0.084893
vt 0.738211 0.094608
vt 0.719172 0.129865
vt 0.290798 0.078211
vt 0.257234 0.633286
vt 0.241382 0.645854
vt 0.645175 0.850589
vt 0.770587 0.086671
vt 0.769783 0.090686
vt 0.911200 0.699521
vt 0.915241 0.716580
vt 0.898588 0.713036
vt 0.099044 0.312469
vt 0.109319 0.313575
vt 0.106100 0.329255
vt 0.925887 0.702881
vt 0.130032 0.028639
vt 0.126959 0.043611
vt 0.118929 0.040698
vt 0.337411 0.116184
vt 0.344723 0.111596
vt 0.361845 0.121516
vt 0.121948 0.025830
vt 0.732404 0.293351
vt 0.727773 0.304006
vt 0.713099 0.301830
vt 0.986609 0.115471
vt 0.743667 0.305532
vt 0.720361 0.281862
vt 0.734440 0.283967
vt 0.718215 0.291601
vt 0.860972 0.830055
vt 0.864778 0.849745
vt 0.727813 0.371704
vt 0.370327 0.292180
vt 0.746943 0.343097
vt 0.746853 0.351704
vt 0.958789 0.007024
vt 0.772814 0.526856
vt 0.763744 0.516507
vt 0.785187 0.523787
vt 0.852065 0.548576
vt 0.859017 0.566550
vt 0.837966 0.560440
vt 0.052716 0.398989
vt 0.045311 0.396282
vt 0.046216 0.393276
vt 0.814847 0.667565
vt 0.814676 0.660096
vt 0.823986 0.667739
vt 0.054469 0.391774
vt 0.047397 0.403054
vt 0.279628 0.676339
vt 0.281396 0.657780
vt 0.305337 0.636002
vt 0.666696 0.216646
vt 0.675993 0.213533
vt 0.671687 0.230817
vt 0.662435 0.228301
vt 0.669696 0.205850
vt 0.203615 0.209631
vt 0.206068 0.233464
vt 0.217525 0.208045
vt 0.190001 0.186597
vt 0.198999 0.184994
vt 0.191973 0.212153
vt 0.329136 0.747785
vt 0.350698 0.744033
vt 0.910003 0.317470
vt 0.909426 0.335471
vt 0.933899 0.145496
vt 0.946754 0.149905
vt 0.937054 0.155696
vt 0.936874 0.136971
vt 0.209244 0.050885
vt 0.201921 0.061046
vt 0.202010 0.837607
vt 0.208931 0.838142
vt 0.280387 0.191170
vt 0.264890 0.180579
vt 0.179424 0.043128
vt 0.177896 0.057238
vt 0.163390 0.049013
vt 0.256657 0.163387
vt 0.394957 0.238700
vt 0.156931 0.036861
vt 0.592218 0.345350
vt 0.576942 0.370224
vt 0.574149 0.347379
vt 0.153814 0.741784
vt 0.144047 0.741799
vt 0.019300 0.920366
vt 0.008902 0.934926
vt 0.009147 0.920098
vt 0.484070 0.445106
vt 0.465675 0.443983
vt 0.484095 0.424466
vt 0.018653 0.935365
vt 0.235138 0.276501
vt 0.252864 0.284454
vt 0.236959 0.292822
vt 0.230085 0.261670
vt 0.214933 0.273252
vt 0.888416 0.802473
vt 0.918715 0.808637
vt 0.911068 0.828513
vt 0.220062 0.283058
vt 0.055945 0.346820
vt 0.039782 0.965989
vt 0.037850 0.972432
vt 0.037863 0.965312
vt 0.569385 0.062220
vt 0.559836 0.065887
vt 0.560964 0.028692
vt 0.181954 0.986393
vt 0.178621 0.956638
vt 0.917806 0.746341
vt 0.994359 0.229526
vt 0.983009 0.210319
vt 0.996762 0.215852
vt 0.989202 0.254461
vt 0.978126 0.222715
vt 0.201324 0.747843
vt 0.187091 0.733012
vt 0.190984 0.719959
vt 0.219214 0.425503
vt 0.228642 0.419361
vt 0.225970 0.425330
vt 0.757553 0.986001
vt 0.730654 0.994741
vt 0.727141 0.978218
vt 0.672054 0.095654
vt 0.696089 0.102351
vt 0.965805 0.292935
vt 0.988370 0.296935
vt 0.654736 0.110240
vt 0.953218 0.311493
vt 0.988601 0.882412
vt 0.965991 0.882412
vt 0.988044 0.861773
vt 0.075413 0.695041
vt 0.068403 0.682740
vt 0.838377 0.058151
vt 0.832126 0.053780
vt 0.837242 0.054059
vt 0.855930 0.062858
vt 0.819872 0.067032
vt 0.076594 0.681280
vt 0.071813 0.572039
vt 0.085702 0.571153
vt 0.090606 0.576769
vt 0.236862 0.053788
vt 0.232108 0.889957
vt 0.830147 0.040168
vt 0.831051 0.051812
vt 0.822569 0.047721
vt 0.051862 0.885140
vt 0.042612 0.891035
vt 0.053965 0.898359
vt 0.420502 0.442227
vt 0.544370 0.348791
vt 0.530793 0.370795
vt 0.529470 0.347638
vt 0.558033 0.349028
vt 0.544273 0.371006
vt 0.941449 0.820914
vt 0.946108 0.828943
vt 0.931372 0.826926
vt 0.942978 0.793507
vt 0.955462 0.817351
vt 0.955306 0.830473
vt 0.920405 0.100684
vt 0.957904 0.094942
vt 0.547796 0.427595
vt 0.565426 0.422194
vt 0.556191 0.439986
vt 0.468067 0.705639
vt 0.161858 0.434669
vt 0.170527 0.442614
vt 0.382907 0.358412
vt 0.392241 0.367476
vt 0.384342 0.372974
vt 0.378902 0.365049
vt 0.377835 0.347116
vt 0.386002 0.346917
vt 0.369021 0.352282
vt 0.379251 0.190676
vt 0.392408 0.227025
vt 0.381452 0.233485
vt 0.382806 0.179269
vt 0.395642 0.187159
vt 0.388027 0.272603
vt 0.383781 0.291361
vt 0.826514 0.898311
vt 0.823195 0.913546
vt 0.814562 0.913383
vt 0.821954 0.884468
vt 0.833580 0.877778
vt 0.837699 0.907745
vt 0.839206 0.890663
vt 0.697524 0.489422
vt 0.710307 0.470405
vt 0.713563 0.487060
vt 0.371134 0.682184
vt 0.388651 0.677220
vt 0.373223 0.969260
vt 0.360420 0.963727
vt 0.356479 0.697311
vt 0.354884 0.681137
vt 0.362766 0.657823
vt 0.346402 0.970576
vt 0.370399 0.981997
vt 0.123690 0.960692
vt 0.529564 0.315146
vt 0.513573 0.327580
vt 0.512734 0.306814
vt 0.079619 0.641334
vt 0.141920 0.152071
vt 0.903751 0.134200
vt 0.300405 0.789400
vt 0.297908 0.798969
vt 0.259840 0.804505
vt 0.692898 0.434026
vt 0.680773 0.418095
vt 0.956841 0.398421
vt 0.960458 0.400846
vt 0.792063 0.401491
vt 0.768260 0.408791
vt 0.047167 0.467298
vt 0.020889 0.131942
vt 0.015739 0.166193
vt 0.013923 0.127546
vt 0.030026 0.134117
vt 0.478435 0.671950
vt 0.476470 0.648932
vt 0.690337 0.371926
vt 0.674385 0.380832
vt 0.474851 0.649762
vt 0.165208 0.874002
vt 0.178992 0.188870
vt 0.152096 0.188134
vt 0.952402 0.117440
vt 0.981442 0.123341
vt 0.948160 0.142188
vt 0.411388 0.219838
vt 0.448490 0.326329
vt 0.464327 0.331160
vt 0.454467 0.342678
vt 0.423300 0.211990
vt 0.442203 0.313542
vt 0.059541 0.769279
vt 0.211899 0.128721
vt 0.217817 0.136842
vt 0.215636 0.142755
vt 0.221654 0.970435
vt 0.225613 0.963374
vt 0.229628 0.971041
vt 0.302414 0.259675
vt 0.297422 0.278795
vt 0.969121 0.415823
vt 0.973434 0.404391
vt 0.978986 0.412309
vt 0.970268 0.424749
vt 0.217461 0.984767
vt 0.482512 0.992094
vt 0.600697 0.695227
vt 0.884636 0.732976
vt 0.885223 0.754785
vt 0.036851 0.618008
vt 0.046286 0.643737
vt 0.023992 0.647668
vt 0.864909 0.756020
vt 0.947619 0.574283
vt 0.919106 0.586498
vt 0.943025 0.555169
vt 0.562640 0.017568
vt 0.556124 0.016451
vt 0.949867 0.585939
vt 0.834785 0.385873
vt 0.593109 0.351163
vt 0.604908 0.359865
vt 0.611632 0.341804
vt 0.597721 0.343055
vt 0.828976 0.386471
vt 0.756719 0.743409
vt 0.084718 0.559885
vt 0.077346 0.561760
vt 0.091206 0.558353
vt 0.216224 0.651862
vt 0.193220 0.842099
vt 0.194361 0.830202
vt 0.194810 0.848314
vt 0.117727 0.577093
vt 0.109069 0.582475
vt 0.099621 0.529730
vt 0.121015 0.518295
vt 0.094545 0.525509
vt 0.104197 0.536292
vt 0.097725 0.542733
vt 0.580285 0.647125
vt 0.582187 0.661362
vt 0.567939 0.659296
vt 0.592581 0.635207
vt 0.594420 0.651045
vt 0.567165 0.629208
vt 0.561482 0.644329
vt 0.846583 0.859538
vt 0.868354 0.859814
vt 0.850042 0.876342
vt 0.825641 0.875364
vt 0.824783 0.858697
vt 0.095347 0.344314
vt 0.079213 0.346768
vt 0.377974 0.979320
vt 0.218421 0.788891
vt 0.259536 0.771207
vt 0.098795 0.140060
vt 0.681669 0.977799
vt 0.721902 0.977799
vt 0.689733 0.995670
vt 0.799289 0.359042
vt 0.789622 0.344541
vt 0.794686 0.337131
vt 0.820652 0.002112
vt 0.837156 0.007474
vt 0.816416 0.038194
vt 0.214790 0.529901
vt 0.210221 0.536597
vt 0.213045 0.520313
vt 0.605222 0.173485
vt 0.604703 0.161492
vt 0.795590 0.456981
vt 0.758780 0.506646
vt 0.980315 0.504614
vt 0.992301 0.542048
vt 0.964657 0.517021
vt 0.960250 0.493094
vt 0.039395 0.398671
vt 0.035837 0.387519
vt 0.042281 0.386125
vt 0.042150 0.405977
vt 0.429909 0.066779
vt 0.440188 0.069399
vt 0.418994 0.064171
vt 0.670233 0.193037
vt 0.678083 0.194567
vt 0.392629 0.070381
vt 0.393501 0.068144
vt 0.398672 0.075570
vt 0.404824 0.086117
vt 0.777626 0.386445
vt 0.906104 0.356510
vt 0.904999 0.364429
vt 0.763514 0.384047
vt 0.810660 0.381653
vt 0.116947 0.303232
vt 0.149404 0.294215
vt 0.144204 0.303255
vt 0.087140 0.287737
vt 0.117347 0.293954
vt 0.116894 0.313263
vt 0.082900 0.296628
vt 0.441790 0.501050
vt 0.370112 0.536124
vt 0.450904 0.529083
vt 0.107370 0.343919
vt 0.095046 0.329585
vt 0.116178 0.344849
vt 0.116915 0.361396
vt 0.370133 0.103258
vt 0.366410 0.113838
vt 0.348805 0.105031
vt 0.351890 0.097175
vt 0.356490 0.088940
vt 0.397279 0.117423
vt 0.376303 0.092239
vt 0.992981 0.840093
vt 0.995500 0.841530
vt 0.988751 0.847149
vt 0.999009 0.835080
vt 0.980617 0.832971
vt 0.026691 0.692945
vt 0.848233 0.474440
vt 0.836990 0.492113
vt 0.833448 0.486905
vt 0.834214 0.472487
vt 0.874020 0.476976
vt 0.837946 0.461073
vt 0.631873 0.050656
vt 0.638666 0.041088
vt 0.640465 0.053807
vt 0.007664 0.906941
vt 0.231229 0.553839
vt 0.203671 0.569296
vt 0.204596 0.552859
vt 0.246009 0.543571
vt 0.246371 0.573575
vt 0.206760 0.545868
vt 0.754619 0.097733
vt 0.769529 0.099771
vt 0.231525 0.577575
vt 0.011624 0.268653
vt 0.390741 0.128727
vt 0.491164 0.801483
vt 0.496464 0.779970
vt 0.505480 0.801295
vt 0.489352 0.817301
vt 0.481424 0.802117
vt 0.482859 0.779815
vt 0.363118 0.703983
vt 0.160904 0.892357
vt 0.125574 0.884463
vt 0.162873 0.876745
vt 0.799291 0.052056
vt 0.786928 0.045325
vt 0.099402 0.701295
vt 0.094392 0.691644
vt 0.115664 0.688839
vt 0.032643 0.082896
vt 0.032643 0.102819
vt 0.006643 0.087899
vt 0.756656 0.630038
vt 0.729838 0.652712
vt 0.483907 0.862311
vt 0.767676 0.647067
vt 0.497198 0.908482
vt 0.899632 0.254415
vt 0.897516 0.255269
vt 0.824375 0.564263
vt 0.904168 0.259974
vt 0.837138 0.527528
vt 0.040482 0.227461
vt 0.042635 0.222092
vt 0.052918 0.231934
vt 0.629241 0.185272
vt 0.951559 0.834364
vt 0.624411 0.174115
vt 0.557227 0.454923
vt 0.408916 0.370276
vt 0.398956 0.380393
vt 0.165486 0.525533
vt 0.168956 0.529908
vt 0.154019 0.540958
vt 0.145257 0.530883
vt 0.441120 0.014218
vt 0.418988 0.032147
vt 0.422465 0.006299
vt 0.462645 0.018278
vt 0.435628 0.040639
vt 0.119909 0.744095
vt 0.098778 0.767146
vt 0.102678 0.738166
vt 0.954158 0.790607
vt 0.958497 0.777251
vt 0.977985 0.790352
vt 0.512887 0.028291
vt 0.536666 0.016945
vt 0.541584 0.030459
vt 0.734110 0.325138
vt 0.757960 0.324251
vt 0.000067 0.650873
vt 0.725825 0.467736
vt 0.743925 0.490187
vt 0.729067 0.484256
vt 0.071262 0.546038
vt 0.074221 0.547668
vt 0.071324 0.553412
vt 0.347528 0.972597
vt 0.363773 0.982029
vt 0.323472 0.980684
vt 0.257456 0.631139
vt 0.233116 0.648017
vt 0.237319 0.632494
vt 0.286438 0.016946
vt 0.293725 0.012473
vt 0.292022 0.023166
vt 0.283070 0.026006
vt 0.277757 0.021667
vt 0.483557 0.029316
vt 0.481964 0.059268
vt 0.627739 0.116809
vt 0.656785 0.131603
vt 0.279185 0.280729
vt 0.275611 0.296237
vt 0.258953 0.295010
vt 0.264425 0.862950
vt 0.258475 0.860153
vt 0.267864 0.849215
vt 0.508111 0.458417
vt 0.505881 0.476924
vt 0.484054 0.465859
vt 0.281326 0.864227
vt 0.255021 0.549265
vt 0.257722 0.874973
vt 0.180562 0.450927
vt 0.179301 0.438738
vt 0.180988 0.465288
vt 0.936596 0.656073
vt 0.921103 0.662178
vt 0.938592 0.635336
vt 0.187127 0.159722
vt 0.191881 0.151231
vt 0.197569 0.156576
vt 0.188906 0.162502
vt 0.185496 0.154854
vt 0.180503 0.172295
vt 0.942923 0.652507
vt 0.216949 0.951443
vt 0.980739 0.420825
vt 0.987322 0.412467
vt 0.995403 0.422892
vt 0.071119 0.561231
vt 0.899302 0.651245
vt 0.900273 0.639084
vt 0.909208 0.631044
vt 0.183272 0.775943
vt 0.198437 0.795736
vt 0.597799 0.113616
vt 0.577466 0.127458
vt 0.994742 0.334705
vt 0.677406 0.888470
vt 0.663097 0.888308
vt 0.690399 0.887940
vt 0.832130 0.794950
vt 0.851649 0.798582
vt 0.545254 0.239245
vt 0.533280 0.236356
vt 0.831944 0.813668
vt 0.831039 0.801983
vt 0.825835 0.794308
vt 0.473970 0.623478
vt 0.475808 0.625205
vt 0.084271 0.408340
vt 0.091224 0.425637
vt 0.093646 0.409252
vt 0.213720 0.817090
vt 0.222858 0.821804
vt 0.001236 0.218077
vt 0.008681 0.204890
vt 0.013908 0.207908
vt 0.188378 0.831913
vt 0.191057 0.822357
vt 0.205494 0.812860
vt 0.175664 0.558742
vt 0.988404 0.283878
vt 0.967041 0.291673
vt 0.974273 0.278735
vt 0.989082 0.291191
vt 0.236708 0.024672
vt 0.228253 0.026493
vt 0.228624 0.006394
vt 0.951618 0.425038
vt 0.958366 0.425598
vt 0.946910 0.421412
vt 0.957409 0.416506
vt 0.553692 0.725195
vt 0.565542 0.744404
vt 0.512826 0.029172
vt 0.513784 0.034604
vt 0.484198 0.032236
vt 0.557055 0.750718
vt 0.542333 0.033532
vt 0.066696 0.573818
vt 0.061212 0.568259
vt 0.069226 0.584030
vt 0.070252 0.581495
vt 0.910439 0.630526
vt 0.920301 0.631762
vt 0.287356 0.453086
vt 0.286236 0.438332
vt 0.311231 0.419562
vt 0.917343 0.618884
vt 0.909872 0.623705
vt 0.304210 0.460080
vt 0.045531 0.419894
vt 0.037868 0.418577
vt 0.044412 0.411255
vt 0.048492 0.409692
vt 0.826216 0.659558
vt 0.036814 0.674523
vt 0.040604 0.673508
vt 0.039109 0.679043
vt 0.507619 0.984154
vt 0.342861 0.182005
vt 0.346275 0.169047
vt 0.926321 0.482242
vt 0.903718 0.475909
vt 0.914891 0.455832
vt 0.469388 0.859684
vt 0.462741 0.848371
vt 0.477632 0.852250
vt 0.535209 0.653489
vt 0.539547 0.634668
vt 0.912754 0.502685
vt 0.551868 0.670894
vt 0.452580 0.853993
vt 0.224918 0.413505
vt 0.058672 0.047554
vt 0.074914 0.047129
vt 0.055614 0.060803
vt 0.069713 0.022764
vt 0.057030 0.020455
vt 0.076831 0.000195
vt 0.918927 0.896428
vt 0.934081 0.903255
vt 0.920278 0.909629
vt 0.905343 0.901753
vt 0.853355 0.255516
vt 0.861820 0.261126
vt 0.854709 0.263865
vt 0.858030 0.240120
vt 0.860183 0.250795
vt 0.077777 0.513575
vt 0.058013 0.535102
vt 0.047796 0.526439
vt 0.983324 0.662559
vt 0.989318 0.673895
vt 0.957102 0.672631
vt 0.369252 0.264109
vt 0.377551 0.249343
vt 0.999232 0.662703
vt 0.036501 0.985934
vt 0.123383 0.600688
vt 0.117523 0.608047
vt 0.115809 0.591050
vt 0.528724 0.345193
vt 0.302966 0.973165
vt 0.297904 0.959040
vt 0.324999 0.978217
vt 0.948501 0.167133
vt 0.979255 0.143703
vt 0.188954 0.222467
vt 0.187521 0.264170
vt 0.148680 0.260772
vt 0.150034 0.218957
vt 0.189218 0.186576
vt 0.711261 0.580052
vt 0.725224 0.566181
vt 0.727379 0.578115
vt 0.696923 0.583072
vt 0.708556 0.569584
vt 0.808648 0.979085
vt 0.041795 0.045217
vt 0.054578 0.053459
vt 0.043689 0.055510
vt 0.225629 0.497053
vt 0.474744 0.078898
vt 0.493159 0.071236
vt 0.489720 0.081943
vt 0.478703 0.094992
vt 0.612318 0.178905
vt 0.942248 0.247698
vt 0.084691 0.462301
vt 0.097633 0.461912
vt 0.117057 0.475628
vt 0.142837 0.475160
vt 0.519147 0.370421
vt 0.504417 0.397691
vt 0.491018 0.395583
vt 0.932051 0.526922
vt 0.909295 0.525359
vt 0.926560 0.514318
vt 0.913821 0.557948
vt 0.606570 0.670269
vt 0.604003 0.688925
vt 0.694952 0.038902
vt 0.705147 0.009293
vt 0.735151 0.051422
vt 0.692400 0.050040
vt 0.395839 0.610367
vt 0.408141 0.591221
vt 0.236487 0.068958
vt 0.858939 0.996202
vt 0.826732 0.962061
vt 0.851028 0.962919
vt 0.229668 0.081285
vt 0.221447 0.070077
vt 0.737314 0.581081
vt 0.245899 0.058308
vt 0.721398 0.542333
vt 0.504343 0.494687
vt 0.309774 0.485139
vt 0.308726 0.465632
vt 0.906178 0.361302
vt 0.091155 0.793339
vt 0.089589 0.806653
vt 0.296436 0.952892
vt 0.279707 0.954948
vt 0.849677 0.134778
vt 0.861221 0.136028
vt 0.061456 0.407855
vt 0.073252 0.407403
vt 0.265462 0.762357
vt 0.062623 0.388934
vt 0.140666 0.038305
vt 0.132311 0.034468
vt 0.150180 0.045579
vt 0.523837 0.183511
vt 0.211136 0.357113
vt 0.272340 0.751859
vt 0.253438 0.734284
vt 0.526660 0.071308
vt 0.521944 0.083029
vt 0.515561 0.075056
vt 0.512364 0.046837
vt 0.814935 0.464423
vt 0.531508 0.075633
vt 0.296254 0.703828
vt 0.300965 0.708985
vt 0.663699 0.872948
vt 0.668212 0.866040
vt 0.294429 0.711487
vt 0.289027 0.677392
vt 0.816499 0.028344
vt 0.804384 0.027284
vt 0.818727 0.000228
vt 0.448437 0.580743
vt 0.425718 0.580747
vt 0.436566 0.567574
vt 0.650864 0.235018
vt 0.655686 0.241813
vt 0.250179 0.976989
vt 0.239245 0.965296
vt 0.267655 0.961002
vt 0.250515 0.996406
vt 0.237896 0.983057
vt 0.415775 0.071883
vt 0.414484 0.070965
vt 0.349119 0.804268
vt 0.325290 0.788393
vt 0.101883 0.231327
vt 0.607630 0.641435
vt 0.621052 0.663092
vt 0.235869 0.845287
vt 0.228718 0.848037
vt 0.008953 0.948019
vt 0.259370 0.317636
vt 0.253684 0.307433
vt 0.264411 0.304906
vt 0.257635 0.320211
vt 0.940676 0.419651
vt 0.263355 0.318454
vt 0.450704 0.956085
vt 0.930978 0.615677
vt 0.361051 0.431135
vt 0.354890 0.459173
vt 0.753133 0.764791
vt 0.797033 0.759449
vt 0.758537 0.781603
vt 0.498489 0.958110
vt 0.501512 0.966417
vt 0.237632 0.420105
vt 0.242342 0.410275
vt 0.724810 0.885620
vt 0.730283 0.908406
vt 0.970837 0.861466
vt 0.057945 0.683814
vt 0.707859 0.372514
vt 0.728137 0.375238
vt 0.855102 0.617853
vt 0.884288 0.609229
vt 0.850717 0.629223
vt 0.837631 0.617040
vt 0.948138 0.000187
vt 0.953291 0.003279
vt 0.722048 0.553818
vt 0.789104 0.963668
vt 0.797444 0.978291
vt 0.222945 0.090776
vt 0.805374 0.941359
vt 0.065949 0.836212
vt 0.069161 0.807272
vt 0.094958 0.812028
vt 0.592712 0.274397
vt 0.587514 0.265039
vt 0.755540 0.815546
vt 0.769160 0.815401
vt 0.587589 0.245929
vt 0.606042 0.691549
vt 0.596845 0.729669
vt 0.489815 0.983288
vt 0.856149 0.714452
vt 0.885290 0.715597
vt 0.426332 0.821487
vt 0.402643 0.807098
vt 0.419542 0.797951
vt 0.185488 0.151985
vt 0.182961 0.140801
vt 0.180629 0.143821
vt 0.211961 0.119430
vt 0.215902 0.116701
vt 0.203100 0.118526
vt 0.778624 0.454548
vt 0.815933 0.182807
vt 0.834439 0.176767
vt 0.792063 0.469878
vt 0.156204 0.659221
vt 0.143402 0.683306
vt 0.142964 0.659396
vt 0.965939 0.888028
vt 0.227248 0.376038
vt 0.131810 0.808803
vt 0.126653 0.850968
vt 0.900652 0.469936
vt 0.508349 0.028492
vt 0.477221 0.028302
vt 0.481301 0.015879
vt 0.129762 0.794184
vt 0.894056 0.488391
vt 0.512065 0.016107
vt 0.526061 0.663456
vt 0.525428 0.685322
vt 0.505425 0.662290
vt 0.543932 0.684490
vt 0.542545 0.663066
vt 0.869590 0.873937
vt 0.409662 0.403836
vt 0.391506 0.411185
vt 0.394786 0.395800
vt 0.411732 0.390702
vt 0.455998 0.383092
vt 0.933409 0.990038
vt 0.947898 0.996929
vt 0.491104 0.334569
vt 0.081133 0.698556
vt 0.940523 0.166328
vt 0.215242 0.797596
vt 0.222314 0.806684
vt 0.213370 0.812984
vt 0.227663 0.791539
vt 0.229029 0.803726
vt 0.888909 0.531092
vt 0.897841 0.513372
vt 0.909448 0.268817
vt 0.315435 0.157318
vt 0.297690 0.141199
vt 0.782836 0.798702
vt 0.807648 0.782862
vt 0.796124 0.634914
vt 0.786321 0.640134
vt 0.794790 0.644521
vt 0.073449 0.329731
vt 0.087671 0.326765
vt 0.592325 0.423153
vt 0.584323 0.452574
vt 0.574566 0.434477
vt 0.071268 0.966827
vt 0.580940 0.409472
vt 0.071527 0.554752
vt 0.246584 0.053579
vt 0.040517 0.165973
vt 0.037749 0.174474
vt 0.250468 0.937469
vt 0.346874 0.325301
vt 0.294456 0.391935
vt 0.317278 0.319968
vt 0.336598 0.307942
vt 0.228893 0.148546
vt 0.972728 0.613855
vt 0.987896 0.608863
vt 0.956563 0.592102
vt 0.963037 0.588382
vt 0.974137 0.585994
vt 0.889012 0.379000
vt 0.900497 0.394761
vt 0.839712 0.102934
vt 0.853228 0.131541
vt 0.848624 0.133400
vt 0.845704 0.099449
vt 0.846112 0.133950
vt 0.833528 0.102796
vt 0.981605 0.814006
vt 0.994536 0.806188
vt 0.996327 0.806645
vt 0.955753 0.333794
vt 0.035292 0.700070
vt 0.046858 0.706474
vt 0.399761 0.234224
vt 0.418630 0.222296
vt 0.409593 0.246294
vt 0.891104 0.599306
vt 0.894651 0.592904
vt 0.899731 0.599387
vt 0.304285 0.470062
vt 0.371920 0.414976
vt 0.368677 0.394458
vt 0.509956 0.959582
vt 0.673429 0.497923
vt 0.696795 0.505637
vt 0.681945 0.495840
vt 0.714003 0.762385
vt 0.728772 0.736760
vt 0.503083 0.630187
vt 0.487173 0.625863
vt 0.337199 0.691124
vt 0.490926 0.602764
vt 0.050303 0.870103
vt 0.030511 0.871202
vt 0.545499 0.181950
vt 0.523628 0.162955
vt 0.562310 0.177096
vt 0.522854 0.132562
vt 0.528977 0.131324
vt 0.019733 0.004809
vt 0.029878 0.025541
vt 0.018197 0.022370
vt 0.245119 0.680570
vt 0.773002 0.946115
vt 0.802428 0.938203
vt 0.000562 0.190476
vt 0.023927 0.182884
vt 0.023012 0.199259
vt 0.208133 0.031454
vt 0.579253 0.759737
vt 0.118966 0.388249
vt 0.077456 0.762183
vt 0.056098 0.760379
vt 0.381620 0.037067
vt 0.807710 0.239042
vt 0.831081 0.258809
vt 0.819638 0.270976
vt 0.835690 0.269761
vt 0.632571 0.194909
vt 0.753680 0.020402
vt 0.753266 0.017714
vt 0.762115 0.024847
vt 0.881691 0.624867
vt 0.690693 0.148438
vt 0.686245 0.145871
vt 0.710457 0.141075
vt 0.539538 0.544867
vt 0.547997 0.560087
vt 0.283230 0.713686
vt 0.272006 0.742735
vt 0.255616 0.734647
vt 0.089194 0.016421
vt 0.355854 0.080615
vt 0.214690 0.509260
vt 0.214136 0.498990
vt 0.284155 0.199066
vt 0.279649 0.223889
vt 0.276500 0.189859
vt 0.978414 0.973217
vt 0.986433 0.980513
vt 0.982800 0.405558
vt 0.990016 0.404333
vt 0.037418 0.328653
vt 0.052282 0.308620
vt 0.055682 0.326676
vt 0.033248 0.306223
vt 0.178041 0.429753
vt 0.074421 0.231744
vt 0.058311 0.224886
vt 0.069343 0.184912
vt 0.586334 0.149961
vt 0.591531 0.141980
vt 0.598805 0.147015
vt 0.123199 0.138106
vt 0.133630 0.134138
vt 0.589290 0.158658
vt 0.579920 0.149187
vt 0.117032 0.099801
vt 0.122021 0.565666
vt 0.103593 0.560506
vt 0.122567 0.552820
vt 0.036389 0.967657
vt 0.027515 0.967233
vt 0.035851 0.959367
vt 0.407248 0.969934
vt 0.668682 0.262397
vt 0.658723 0.253883
vt 0.677524 0.234535
vt 0.686592 0.242383
vt 0.160246 0.954869
vt 0.174314 0.922360
vt 0.983466 0.491674
vt 0.985058 0.462171
vt 0.651071 0.273805
vt 0.161871 0.984516
vt 0.187728 0.515000
vt 0.463414 0.027999
vt 0.473961 0.022210
vt 0.472679 0.032518
vt 0.652846 0.059171
vt 0.289647 0.101635
vt 0.282793 0.140042
vt 0.626055 0.022774
vt 0.647209 0.030619
vt 0.266701 0.127833
vt 0.643873 0.110196
vt 0.212935 0.601725
vt 0.193672 0.589630
vt 0.675258 0.764481
vt 0.674793 0.792672
vt 0.649189 0.766951
vt 0.648469 0.747496
vt 0.672774 0.745252
vt 0.734796 0.668556
vt 0.014962 0.427427
vt 0.017378 0.417052
vt 0.036704 0.424087
vt 0.016724 0.432062
vt 0.091150 0.241630
vt 0.639273 0.104213
vt 0.620456 0.118226
vt 0.617011 0.098344
vt 0.129632 0.672148
vt 0.151503 0.648861
vt 0.885655 0.773638
vt 0.867250 0.772127
vt 0.142556 0.692357
vt 0.929370 0.224237
vt 0.908626 0.229293
vt 0.896828 0.566107
vt 0.198157 0.818637
vt 0.197140 0.822245
vt 0.016087 0.197889
vt 0.022577 0.205290
vt 0.015903 0.202383
vt 0.005140 0.197641
vt 0.032713 0.027346
vt 0.222000 0.035049
vt 0.484777 0.433107
vt 0.494774 0.433755
vt 0.486693 0.444429
vt 0.644194 0.254505
vt 0.651381 0.237974
vt 0.365104 0.327973
vt 0.379542 0.324188
vt 0.385042 0.337439
vt 0.565413 0.787696
vt 0.539571 0.784130
vt 0.542138 0.769769
vt 0.567360 0.799777
vt 0.566823 0.777305
vt 0.508332 0.938634
vt 0.511216 0.938937
vt 0.509930 0.948910
vt 0.824569 0.784726
vt 0.254919 0.138329
vt 0.270665 0.139613
vt 0.820072 0.776659
vt 0.256888 0.161630
vt 0.248064 0.133526
vt 0.670738 0.843819
vt 0.665975 0.855670
vt 0.664946 0.844302
vt 0.670788 0.046216
vt 0.656430 0.057954
vt 0.671278 0.828386
vt 0.023323 0.994150
vt 0.646928 0.549804
vt 0.610627 0.561518
vt 0.644636 0.531172
vt 0.379106 0.131440
vt 0.705574 0.116420
vt 0.821465 0.049394
vt 0.191385 0.166747
vt 0.863265 0.278381
vt 0.180325 0.012743
vt 0.038898 0.520863
vt 0.034762 0.538909
vt 0.751517 0.944810
vt 0.757018 0.983963
vt 0.829266 0.366690
vt 0.868948 0.367241
vt 0.877945 0.710674
vt 0.982174 0.143901
vt 0.983919 0.119667
vt 0.663635 0.669711
vt 0.727529 0.653682
vt 0.050356 0.712864
vt 0.754516 0.488521
vt 0.015757 0.777055
vt 0.017934 0.770695
vt 0.029508 0.808971
vt 0.020839 0.809002
vt 0.890512 0.865834
vt 0.904347 0.841272
vt 0.369674 0.393559
vt 0.362676 0.377739
vt 0.375856 0.382348
vt 0.226880 0.128940
vt 0.247307 0.127249
vt 0.236100 0.137565
vt 0.231868 0.108927
vt 0.965285 0.639415
vt 0.961722 0.619413
vt 0.255050 0.939696
vt 0.250145 0.943058
vt 0.010116 0.423685
vt 0.010116 0.465600
vt 0.000088 0.463330
vt 0.321940 0.884400
vt 0.160089 0.402648
vt 0.639662 0.953171
vt 0.618112 0.967341
vt 0.609471 0.942442
vt 0.673354 0.736452
vt 0.062933 0.614662
vt 0.035993 0.411218
vt 0.015213 0.410076
vt 0.036107 0.399704
vt 0.468785 0.803117
vt 0.454146 0.805975
vt 0.469564 0.779940
vt 0.142183 0.643766
vt 0.664273 0.502740
vt 0.327387 0.227216
vt 0.108314 0.070057
vt 0.623316 0.340685
vt 0.619797 0.329045
vt 0.064053 0.980940
vt 0.637603 0.492619
vt 0.639877 0.475226
vt 0.305596 0.615853
vt 0.276688 0.616784
vt 0.281779 0.598034
vt 0.306635 0.597321
vt 0.187932 0.048623
vt 0.396029 0.975680
vt 0.644613 0.370952
vt 0.069322 0.541657
vt 0.185564 0.059439
vt 0.394880 0.982189
vt 0.399598 0.981334
vt 0.061690 0.566076
vt 0.888377 0.081850
vt 0.772084 0.238351
vt 0.746383 0.217714
vt 0.780708 0.210726
vt 0.886526 0.238576
vt 0.862267 0.227829
vt 0.880919 0.209599
vt 0.792799 0.245170
vt 0.891112 0.215938
vt 0.588071 0.475721
vt 0.580235 0.463409
vt 0.622377 0.459578
vt 0.627243 0.470412
vt 0.594346 0.491207
vt 0.990397 0.848635
vt 0.010725 0.034634
vt 0.017123 0.019958
vt 0.017004 0.034634
vt 0.057251 0.165792
vt 0.062133 0.174487
vt 0.008897 0.021026
vt 0.895160 0.996017
vt 0.874160 0.996838
vt 0.878842 0.978166
vt 0.995591 0.030346
vt 0.995891 0.052579
vt 0.970720 0.052579
vt 0.860620 0.097513
vt 0.858766 0.070149
vt 0.864575 0.096816
vt 0.940334 0.028270
vt 0.943457 0.028196
vt 0.941587 0.050576
vt 0.829190 0.098480
vt 0.472030 0.096738
vt 0.486266 0.105186
vt 0.485534 0.107301
vt 0.971127 0.030327
vt 0.984954 0.961441
vt 0.999485 0.959318
vt 0.997807 0.980307
vt 0.780507 0.097085
vt 0.033622 0.080976
vt 0.032162 0.078131
vt 0.046222 0.071575
vt 0.974985 0.786691
vt 0.962464 0.777594
vt 0.978352 0.779993
vt 0.504530 0.450520
vt 0.513824 0.440216
vt 0.602352 0.061386
vt 0.863421 0.035956
vt 0.362984 0.223105
vt 0.368387 0.233233
vt 0.100634 0.072265
vt 0.331092 0.216357
vt 0.099063 0.576488
vt 0.111160 0.573533
vt 0.031312 0.375351
vt 0.016583 0.362700
vt 0.035657 0.354391
vt 0.369672 0.265322
vt 0.257389 0.931574
vt 0.109352 0.383404
vt 0.144848 0.261426
vt 0.146172 0.219615
vt 0.908832 0.036516
vt 0.912505 0.020493
vt 0.920895 0.041228
vt 0.893860 0.035742
vt 0.899209 0.019386
vt 0.902798 0.589047
vt 0.907508 0.565717
vt 0.893696 0.579670
vt 0.798849 0.743630
vt 0.400717 0.673514
vt 0.361309 0.636106
vt 0.235002 0.666215
vt 0.969142 0.990425
vt 0.705764 0.704790
vt 0.686324 0.696643
vt 0.577683 0.619871
vt 0.570127 0.597591
vt 0.667917 0.731949
vt 0.662210 0.709129
vt 0.964064 0.885987
vt 0.955194 0.893261
vt 0.959326 0.874037
vt 0.036300 0.848993
vt 0.047318 0.823070
vt 0.058189 0.847295
vt 0.968611 0.864376
vt 0.968704 0.898580
vt 0.579749 0.620171
vt 0.491591 0.859949
vt 0.598132 0.612172
vt 0.593337 0.594146
vt 0.570210 0.171830
vt 0.573312 0.179765
vt 0.567695 0.183081
vt 0.300807 0.006533
vt 0.300963 0.007463
vt 0.897428 0.895509
vt 0.559692 0.371198
vt 0.633258 0.052416
vt 0.067445 0.609572
vt 0.460814 0.343859
vt 0.388944 0.236710
vt 0.460916 0.077219
vt 0.451072 0.073496
vt 0.442962 0.059562
vt 0.668577 0.238232
vt 0.214243 0.181952
vt 0.754815 0.011429
vt 0.390145 0.994366
vt 0.396259 0.993593
vt 0.394928 0.999567
vt 0.444326 0.878115
vt 0.441699 0.898169
vt 0.426550 0.898196
vt 0.511320 0.995898
vt 0.511773 0.950531
vt 0.533372 0.986080
vt 0.279039 0.056454
vt 0.255655 0.056454
vt 0.261994 0.010383
vt 0.413252 0.891722
vt 0.806834 0.358354
vt 0.754112 0.308611
vt 0.971602 0.649837
vt 0.975807 0.636897
vt 0.994214 0.648078
vt 0.613286 0.069593
vt 0.618972 0.061772
vt 0.609676 0.062850
vt 0.755802 0.497974
vt 0.413148 0.003749
vt 0.402446 0.023041
vt 0.411989 0.014147
vt 0.841932 0.801382
vt 0.153957 0.279427
vt 0.028164 0.821982
vt 0.259699 0.057427
vt 0.007900 0.778588
vt 0.007298 0.771267
vt 0.009367 0.811937
vt 0.884880 0.892978
vt 0.751769 0.731606
vt 0.276603 0.637663
vt 0.267074 0.639488
vt 0.015105 0.576869
vt 0.002175 0.567476
vt 0.020784 0.565478
vt 0.767816 0.042665
vt 0.768259 0.036453
vt 0.083869 0.160945
vt 0.420974 0.071970
vt 0.991310 0.624315
vt 0.862760 0.602877
vt 0.850129 0.605209
vt 0.862239 0.580285
vt 0.045053 0.558954
vt 0.842828 0.692800
vt 0.833312 0.704342
vt 0.851248 0.714136
vt 0.410275 0.691663
vt 0.831665 0.714005
vt 0.145080 0.225141
vt 0.105149 0.247388
vt 0.115577 0.215555
vt 0.133600 0.257498
vt 0.145361 0.220762
vt 0.133471 0.144859
vt 0.964783 0.908374
vt 0.989175 0.905209
vt 0.540808 0.413561
vt 0.880396 0.004697
vt 0.879674 0.025678
vt 0.841543 0.029014
vt 0.842671 0.003658
vt 0.213693 0.510533
vt 0.193984 0.524068
vt 0.445184 0.851629
vt 0.260132 0.402206
vt 0.249072 0.399916
vt 0.269553 0.388905
vt 0.272353 0.409414
vt 0.254825 0.412599
vt 0.275744 0.026407
vt 0.066609 0.027713
vt 0.060436 0.032361
vt 0.271437 0.031613
vt 0.271116 0.019342
vt 0.354810 0.263154
vt 0.354555 0.273146
vt 0.337436 0.269961
vt 0.260392 0.910937
vt 0.283912 0.894028
vt 0.336697 0.260311
vt 0.035669 0.764821
vt 0.026163 0.755641
vt 0.040674 0.761305
vt 0.033540 0.766808
vt 0.092621 0.869968
vt 0.110565 0.875522
vt 0.434255 0.363630
vt 0.195705 0.237942
vt 0.150949 0.619910
vt 0.159952 0.600418
vt 0.171346 0.617428
vt 0.154936 0.646541
vt 0.143665 0.642056
vt 0.144740 0.513387
vt 0.132520 0.524957
vt 0.135732 0.613162
vt 0.144320 0.587361
vt 0.721076 0.515288
vt 0.737080 0.510240
vt 0.858562 0.930044
vt 0.839179 0.916376
vt 0.857004 0.920511
vt 0.840904 0.932547
vt 0.722321 0.503621
vt 0.713745 0.508957
vt 0.667862 0.579318
vt 0.678934 0.576121
vt 0.671466 0.588521
vt 0.709911 0.281059
vt 0.676057 0.563904
vt 0.666166 0.567430
vt 0.659268 0.579353
vt 0.707410 0.289768
vt 0.065553 0.839369
vt 0.968070 0.414484
vt 0.634177 0.296075
vt 0.636318 0.284842
vt 0.646089 0.292026
vt 0.958564 0.404198
vt 0.975147 0.396081
vt 0.618231 0.282995
vt 0.618838 0.299958
vt 0.417399 0.868422
vt 0.414080 0.929121
vt 0.391639 0.933688
vt 0.936623 0.028157
vt 0.936623 0.068130
vt 0.926133 0.068782
vt 0.241171 0.154146
vt 0.542833 0.102943
vt 0.244543 0.048554
vt 0.247027 0.048838
vt 0.383149 0.300141
vt 0.046129 0.001573
vt 0.046213 0.021891
vt 0.247996 0.117285
vt 0.275534 0.511187
vt 0.026193 0.108861
vt 0.023157 0.123793
vt 0.009248 0.113311
vt 0.032589 0.120973
vt 0.447137 0.447532
vt 0.240803 0.598017
vt 0.013046 0.289182
vt 0.108479 0.064105
vt 0.110982 0.066259
vt 0.102557 0.059061
vt 0.863719 0.128776
vt 0.338323 0.692937
vt 0.813993 0.047148
vt 0.808280 0.048987
vt 0.591277 0.163368
vt 0.052898 0.183171
vt 0.616932 0.183270
vt 0.962489 0.850311
vt 0.967331 0.831243
vt 0.966846 0.840450
vt 0.076580 0.791281
vt 0.088287 0.767996
vt 0.601771 0.433163
vt 0.946793 0.479643
vt 0.110815 0.962591
vt 0.109957 0.984039
vt 0.122247 0.984088
vt 0.123784 0.964198
vt 0.554970 0.045700
vt 0.544524 0.028330
vt 0.076181 0.765800
vt 0.849161 0.283354
vt 0.846911 0.267100
vt 0.443175 0.372506
vt 0.474921 0.366646
vt 0.950017 0.595204
vt 0.959512 0.582669
vt 0.895882 0.372615
vt 0.905433 0.386068
vt 0.683236 0.584978
vt 0.693388 0.571783
vt 0.058950 0.043801
vt 0.054166 0.063729
vt 0.248483 0.043718
vt 0.921355 0.262036
vt 0.921133 0.250911
vt 0.933808 0.256843
vt 0.914899 0.253477
vt 0.077237 0.484751
vt 0.073489 0.456703
vt 0.823121 0.392664
vt 0.826314 0.405771
vt 0.262260 0.244267
vt 0.259459 0.217780
vt 0.191587 0.110893
vt 0.287319 0.323324
vt 0.273478 0.310997
vt 0.307883 0.307387
vt 0.467061 0.622846
vt 0.455146 0.599118
vt 0.551703 0.112495
vt 0.578045 0.139563
vt 0.543392 0.110857
vt 0.027918 0.949221
vt 0.027358 0.959270
vt 0.018306 0.948464
vt 0.498550 0.782450
vt 0.537190 0.794865
vt 0.503869 0.774468
vt 0.556863 0.104053
vt 0.544167 0.078917
vt 0.551442 0.076269
vt 0.496169 0.973376
vt 0.811329 0.652423
vt 0.792433 0.646960
vt 0.100123 0.119820
vt 0.100385 0.130442
vt 0.096938 0.109977
vt 0.970056 0.075375
vt 0.967333 0.074437
vt 0.476919 0.122849
vt 0.071871 0.059633
vt 0.086282 0.064907
vt 0.054692 0.077928
vt 0.943039 0.898037
vt 0.280778 0.059536
vt 0.286488 0.066480
vt 0.620592 0.191185
vt 0.546333 0.975046
vt 0.046762 0.554906
vt 0.027140 0.548531
vt 0.048881 0.547645
vt 0.218406 0.455144
vt 0.223538 0.451208
vt 0.142682 0.859669
vt 0.901465 0.442274
vt 0.981555 0.794514
vt 0.971196 0.805726
vt 0.972441 0.791422
vt 0.017067 0.263151
vt 0.017433 0.264225
vt 0.011354 0.261502
vt 0.977234 0.808343
vt 0.987744 0.799184
vt 0.523831 0.095973
vt 0.506159 0.087983
vt 0.473981 0.343285
vt 0.477954 0.298340
vt 0.096303 0.808425
vt 0.115870 0.810841
vt 0.086037 0.914436
vt 0.084778 0.917609
vt 0.061027 0.915531
vt 0.078533 0.876758
vt 0.596581 0.283749
vt 0.554261 0.057865
vt 0.558041 0.075623
vt 0.545210 0.059358
vt 0.103576 0.931294
vt 0.391073 0.830649
vt 0.370654 0.829688
vt 0.597641 0.128609
vt 0.076074 0.671921
vt 0.160275 0.548931
vt 0.144132 0.725945
vt 0.144057 0.706963
vt 0.146746 0.557913
vt 0.175262 0.538041
vt 0.699857 0.786344
vt 0.710730 0.807016
vt 0.685755 0.818085
vt 0.219786 0.297048
vt 0.739017 0.605545
vt 0.753918 0.575540
vt 0.233181 0.307344
vt 0.615719 0.811457
vt 0.543841 0.705141
vt 0.559054 0.720761
vt 0.467148 0.683670
vt 0.486252 0.684353
vt 0.196006 0.002383
vt 0.392243 0.304626
vt 0.396283 0.179756
vt 0.218241 0.612157
vt 0.115565 0.254597
vt 0.495468 0.289067
vt 0.511619 0.294230
vt 0.475096 0.294828
vt 0.419320 0.999783
vt 0.418016 0.998230
vt 0.427902 0.998176
vt 0.800633 0.727291
vt 0.786558 0.851621
vt 0.812050 0.863263
vt 0.693999 0.222154
vt 0.393494 0.042797
vt 0.382332 0.033902
vt 0.823820 0.406037
vt 0.172205 0.134613
vt 0.167999 0.124181
vt 0.019984 0.761887
vt 0.273376 0.057218
vt 0.282012 0.063497
vt 0.277771 0.072117
vt 0.769015 0.102358
vt 0.755042 0.104024
vt 0.089435 0.440214
vt 0.086959 0.455964
vt 0.079709 0.454920
vt 0.114828 0.330225
vt 0.116734 0.314409
vt 0.389484 0.131630
vt 0.394388 0.029110
vt 0.389177 0.031896
vt 0.401035 0.031327
vt 0.081465 0.504031
vt 0.380575 0.396259
vt 0.497563 0.917045
vt 0.498657 0.929385
vt 0.793185 0.024656
vt 0.959195 0.768559
vt 0.974688 0.053658
vt 0.984592 0.066216
vt 0.974262 0.063247
vt 0.664601 0.538304
vt 0.654697 0.525269
vt 0.661166 0.277801
vt 0.660248 0.287956
vt 0.649228 0.286981
vt 0.229691 0.832506
vt 0.036772 0.680845
vt 0.258990 0.815274
vt 0.208368 0.032554
vt 0.193868 0.031276
vt 0.727058 0.449322
vt 0.702778 0.452585
vt 0.716441 0.425150
vt 0.739777 0.432266
vt 0.039871 0.922459
vt 0.041135 0.934603
vt 0.243128 0.839933
vt 0.235157 0.834767
vt 0.239927 0.834589
vt 0.232433 0.838260
vt 0.299959 0.016757
vt 0.285878 0.578982
vt 0.259196 0.580556
vt 0.259010 0.561375
vt 0.309894 0.578036
vt 0.395712 0.987705
vt 0.785110 0.044861
vt 0.780501 0.049199
vt 0.071226 0.310035
vt 0.359096 0.382360
vt 0.671771 0.289104
vt 0.697569 0.289471
vt 0.653744 0.558966
vt 0.664433 0.556209
vt 0.654298 0.539895
vt 0.656409 0.569350
vt 0.116112 0.210953
vt 0.139338 0.182298
vt 0.332277 0.078271
vt 0.118153 0.284409
vt 0.151597 0.285753
vt 0.008860 0.826883
vt 0.011394 0.816865
vt 0.611705 0.973262
vt 0.525331 0.525921
vt 0.549855 0.528213
vt 0.709376 0.135655
vt 0.883337 0.874431
vt 0.691988 0.161758
vt 0.257413 0.614312
vt 0.257373 0.599790
vt 0.062061 0.120729
vt 0.039979 0.120729
vt 0.050103 0.109883
vt 0.963915 0.804867
vt 0.500384 0.056084
vt 0.488563 0.046049
vt 0.472061 0.081116
vt 0.778754 0.829739
vt 0.145398 0.962520
vt 0.152916 0.961549
vt 0.149356 0.983522
vt 0.661962 0.051823
vt 0.665327 0.045083
vt 0.135415 0.964292
vt 0.092301 0.240188
vt 0.089401 0.230314
vt 0.091069 0.207552
vt 0.509467 0.430892
vt 0.500620 0.417346
vt 0.490360 0.425642
vt 0.799892 0.134511
vt 0.804340 0.101981
vt 0.911740 0.006786
vt 0.921311 0.004451
vt 0.920854 0.025649
vt 0.714098 0.108699
vt 0.712715 0.125521
vt 0.831206 0.444058
vt 0.687517 0.480383
vt 0.296739 0.027969
vt 0.028660 0.936336
vt 0.036041 0.937645
vt 0.470397 0.424068
vt 0.437277 0.930809
vt 0.445951 0.880839
vt 0.441984 0.933025
vt 0.010056 0.324825
vt 0.001168 0.297471
vt 0.008967 0.296093
vt 0.137722 0.015252
vt 0.135958 0.008217
vt 0.177952 0.009001
vt 0.040199 0.958401
vt 0.543283 0.720162
vt 0.525373 0.706488
vt 0.825121 0.936432
vt 0.649190 0.568095
vt 0.214584 0.437735
vt 0.221746 0.444297
vt 0.210428 0.449555
vt 0.111627 0.915145
vt 0.087445 0.918150
vt 0.086858 0.914820
vt 0.113142 0.918343
vt 0.814550 0.050532
vt 0.862768 0.240076
vt 0.867332 0.242031
vt 0.088577 0.280837
vt 0.738157 0.128302
vt 0.918840 0.736274
vt 0.900766 0.729252
vt 0.743800 0.374551
vt 0.693420 0.878562
vt 0.683139 0.877056
vt 0.914282 0.047635
vt 0.685446 0.009460
vt 0.664936 0.007738
vt 0.685050 0.005830
vt 0.903238 0.213789
vt 0.487485 0.602473
vt 0.462034 0.268896
vt 0.464064 0.292074
vt 0.591366 0.282913
vt 0.601316 0.303681
vt 0.572550 0.287510
vt 0.478593 0.411277
vt 0.506481 0.403984
vt 0.484514 0.403665
vt 0.127880 0.723425
vt 0.948073 0.598905
vt 0.318405 0.363131
vt 0.767396 0.211380
vt 0.808943 0.206200
vt 0.730256 0.214760
vt 0.431204 0.937700
vt 0.957471 0.805581
vt 0.517536 0.398214
vt 0.317361 0.168915
vt 0.529805 0.398790
vt 0.148674 0.161042
vt 0.148559 0.133830
vt 0.149303 0.188280
vt 0.829999 0.288664
vt 0.845359 0.328832
vt 0.191462 0.179396
vt 0.767986 0.913883
vt 0.745639 0.922830
vt 0.774181 0.903944
vt 0.475437 0.010748
vt 0.091507 0.551832
vt 0.096025 0.564392
vt 0.994647 0.065651
vt 0.647660 0.299120
vt 0.820837 0.760202
vt 0.821229 0.767789
vt 0.075235 0.039489
vt 0.829976 0.135824
vt 0.875084 0.960840
vt 0.623568 0.965873
vt 0.637162 0.966431
vt 0.226331 0.249303
vt 0.321804 0.873605
vt 0.318674 0.874812
vt 0.169471 0.588809
vt 0.630267 0.793966
vt 0.650951 0.790886
vt 0.675127 0.796844
vt 0.742576 0.676866
vt 0.015545 0.394009
vt 0.455366 0.780214
vt 0.678552 0.483993
vt 0.697384 0.492085
vt 0.669328 0.486557
vt 0.772474 0.983004
vt 0.693944 0.480176
vt 0.308424 0.888899
vt 0.006269 0.531760
vt 0.001161 0.531354
vt 0.001424 0.524147
vt 0.005477 0.540268
vt 0.871154 0.272066
vt 0.866539 0.277665
vt 0.511620 0.926591
vt 0.039013 0.811965
vt 0.047838 0.778908
vt 0.048233 0.815846
vt 0.827566 0.419218
vt 0.824839 0.430308
vt 0.819311 0.424064
vt 0.817412 0.418179
vt 0.829434 0.428796
vt 0.216528 0.924655
vt 0.996185 0.412330
vt 0.964292 0.369664
vt 0.965573 0.387034
vt 0.739264 0.400467
vt 0.728882 0.422841
vt 0.735591 0.386366
vt 0.855178 0.630537
vt 0.546098 0.496832
vt 0.560407 0.510143
vt 0.535623 0.513424
vt 0.547584 0.466864
vt 0.569526 0.487308
vt 0.532180 0.484910
vt 0.141093 0.550017
vt 0.310593 0.105581
vt 0.887266 0.582574
vt 0.510250 0.756641
vt 0.514922 0.748406
vt 0.546092 0.758485
vt 0.508452 0.764107
vt 0.008424 0.337586
vt 0.000249 0.337586
vt 0.003509 0.308333
vt 0.446324 0.937807
vt 0.384282 0.626168
vt 0.985112 0.776473
vt 0.198220 0.689465
vt 0.200276 0.715829
vt 0.075733 0.163769
vt 0.501636 0.097192
vt 0.488323 0.103441
vt 0.041239 0.370087
vt 0.815103 0.766491
vt 0.815903 0.759883
vt 0.791645 0.836846
vt 0.681148 0.233515
vt 0.282303 0.397205
vt 0.034266 0.073217
vt 0.022146 0.071860
vt 0.501678 0.444060
vt 0.871757 0.141169
vt 0.884397 0.160806
vt 0.879051 0.150735
vt 0.062118 0.293117
vt 0.045691 0.285328
vt 0.332373 0.578174
vt 0.053534 0.561753
vt 0.702843 0.300098
vt 0.991177 0.002073
vt 0.991177 0.029559
vt 0.964436 0.005234
vt 0.192824 0.921048
vt 0.082615 0.660840
vt 0.083946 0.303907
vt 0.960974 0.080375
vt 0.637682 0.266471
vt 0.348537 0.833008
vt 0.090886 0.389202
vt 0.250827 0.115547
vt 0.018081 0.040599
vt 0.649237 0.285089
vt 0.978052 0.433024
vt 0.620395 0.013889
vt 0.909614 0.617917
vt 0.890682 0.170652
vt 0.093265 0.098547
vt 0.089435 0.051345
vt 0.923141 0.917598
vt 0.204296 0.286128
vt 0.203156 0.280797
vt 0.877943 0.978394
vt 0.039095 0.016397
vt 0.864623 0.972813
vt 0.856674 0.965049
vt 0.077374 0.525950
vt 0.299476 0.160422
vt 0.054539 0.096777
vt 0.049797 0.108471
vt 0.034060 0.107391
vt 0.033173 0.084022
vt 0.070399 0.121195
vt 0.053111 0.067581
vt 0.951215 0.344322
vt 0.062522 0.305303
vt 0.669473 0.051397
vt 0.682370 0.049522
vt 0.687162 0.068845
vt 0.192306 0.591976
vt 0.126363 0.878442
vt 0.130876 0.808366
vt 0.122225 0.840993
vt 0.495563 0.862833
vt 0.658967 0.298841
vt 0.827461 0.472114
vt 0.819238 0.482017
vt 0.971524 0.209345
vt 0.035414 0.182933
vt 0.023538 0.225958
vt 0.024937 0.176229
vt 0.155745 0.093142
vt 0.166135 0.086140
vt 0.625529 0.463587
vt 0.620085 0.307070
vt 0.212022 0.004324
vt 0.842321 0.046342
vt 0.307244 0.784640
vt 0.006690 0.905923
vt 0.001255 0.889198
vt 0.020173 0.885914
vt 0.884241 0.177006
vt 0.863007 0.175577
vt 0.082960 0.207776
vt 0.076822 0.235765
vt 0.073186 0.206675
vt 0.164020 0.649122
vt 0.082334 0.232604
vt 0.856305 0.911547
vt 0.712840 0.500516
vt 0.698142 0.498441
vt 0.723414 0.495015
vt 0.672584 0.553527
vt 0.907121 0.828510
vt 0.889818 0.814575
vt 0.231282 0.965659
vt 0.778537 0.081858
vt 0.903718 0.749603
vt 0.368673 0.242535
vt 0.744267 0.378029
vt 0.981557 0.571220
vt 0.954668 0.571220
vt 0.980574 0.557862
vt 0.549393 0.254256
vt 0.453466 0.222089
vt 0.814592 0.863151
vt 0.529612 0.961634
vt 0.315496 0.487841
vt 0.332336 0.505882
vt 0.512408 0.938395
vt 0.076054 0.805379
vt 0.578204 0.276205
vt 0.228633 0.984470
vt 0.538676 0.849291
vt 0.550355 0.833989
vt 0.607581 0.557898
vt 0.989444 0.799158
vt 0.992485 0.792447
vt 0.647111 0.886625
vt 0.643697 0.909795
vt 0.988754 0.385126
vt 0.629167 0.884420
vt 0.036217 0.392276
vt 0.016032 0.389887
vt 0.422091 0.710210
vt 0.630555 0.480994
vt 0.860506 0.284158
vt 0.857775 0.286554
vt 0.570078 0.767410
vt 0.824693 0.326185
vt 0.962178 0.687150
vt 0.999477 0.674941
vt 0.116219 0.615186
vt 0.837781 0.135082
vt 0.070478 0.037486
vt 0.928230 0.248348
vt 0.825881 0.501782
vt 0.244043 0.244412
vt 0.257915 0.236366
vt 0.225985 0.237659
vt 0.240830 0.232192
vt 0.504453 0.685524
vt 0.575453 0.258633
vt 0.549914 0.240078
vt 0.603815 0.221874
vt 0.015407 0.340313
vt 0.036124 0.325670
vt 0.128546 0.530842
vt 0.231640 0.034791
vt 0.237340 0.007460
vt 0.241815 0.030431
vt 0.596203 0.976013
vt 0.173686 0.081083
vt 0.401343 0.988134
vt 0.044825 0.674592
vt 0.045006 0.679025
vt 0.407905 0.130371
vt 0.858204 0.784089
vt 0.707478 0.798247
vt 0.716783 0.781151
vt 0.720739 0.811009
vt 0.323845 0.446019
vt 0.255733 0.384474
vt 0.020274 0.052385
vt 0.000645 0.048857
vt 0.017823 0.044843
vt 0.500512 0.009263
vt 0.890735 0.793807
vt 0.651558 0.982324
vt 0.640752 0.949419
vt 0.316781 0.821760
vt 0.310709 0.803305
vt 0.330445 0.814809
vt 0.111921 0.545272
vt 0.007734 0.740200
vt 0.018281 0.740219
vt 0.010209 0.267058
vt 0.358753 0.366443
vt 0.370731 0.373418
vt 0.414474 0.184639
vt 0.927704 0.480227
vt 0.614974 0.446048
vt 0.665790 0.144384
vt 0.965582 0.290169
vt 0.131644 0.036444
vt 0.211903 0.249458
vt 0.736894 0.935820
vt 0.092084 0.171648
vt 0.437350 0.108910
vt 0.623894 0.195112
vt 0.580523 0.202569
vt 0.787505 0.307096
vt 0.816489 0.300763
vt 0.791446 0.316152
vt 0.183295 0.355102
vt 0.195001 0.376324
vt 0.169303 0.381378
vt 0.155927 0.356387
vt 0.376647 0.027494
vt 0.621058 0.352231
vt 0.627064 0.341469
vt 0.138427 0.983639
vt 0.809038 0.187122
vt 0.133023 0.986009
vt 0.022743 0.218686
vt 0.757703 0.439471
vt 0.190855 0.852713
vt 0.607304 0.124461
vt 0.042182 0.276027
vt 0.024453 0.512672
vt 0.001603 0.508035
vt 0.632099 0.012767
vt 0.953591 0.796359
vt 0.033321 0.253935
vt 0.035664 0.264056
vt 0.010572 0.295540
vt 0.581294 0.143832
vt 0.106109 0.063619
vt 0.743789 0.828012
vt 0.157406 0.125415
vt 0.815100 0.934415
vt 0.827164 0.929312
vt 0.809913 0.926267
vt 0.190957 0.713243
vt 0.738315 0.501636
vt 0.734870 0.504141
vt 0.618066 0.086910
vt 0.618127 0.089712
vt 0.607230 0.080816
vt 0.299238 0.871670
vt 0.036364 0.672809
vt 0.331056 0.430087
vt 0.016651 0.040472
vt 0.556297 0.049725
vt 0.924219 0.695730
vt 0.913933 0.678444
vt 0.047128 0.995200
vt 0.228554 0.453887
vt 0.573739 0.975714
vt 0.625794 0.770415
vt 0.821514 0.608313
vt 0.476582 0.072634
vt 0.304900 0.403609
vt 0.733839 0.292845
vt 0.737502 0.134371
vt 0.737478 0.138830
vt 0.768247 0.142977
vt 0.036719 0.950466
vt 0.257892 0.331584
vt 0.870129 0.054215
vt 0.618015 0.367570
vt 0.853041 0.098700
vt 0.868671 0.125840
vt 0.098490 0.056775
vt 0.113403 0.038329
vt 0.722199 0.268958
vt 0.675128 0.601342
vt 0.801171 0.001448
vt 0.224082 0.381110
vt 0.246400 0.894481
vt 0.047220 0.952167
vt 0.545931 0.183204
vt 0.513861 0.222377
vt 0.470297 0.112426
vt 0.336701 0.065959
vt 0.805771 0.455248
vt 0.814110 0.446677
vt 0.295364 0.720130
vt 0.286557 0.736190
vt 0.036131 0.260747
vt 0.762051 0.807644
vt 0.759639 0.790600
vt 0.801968 0.780155
vt 0.544551 0.398145
vt 0.605835 0.045927
vt 0.043072 0.761919
vt 0.049916 0.767661
vt 0.035288 0.767673
vt 0.649344 0.575845
vt 0.649867 0.580482
vt 0.612397 0.574279
vt 0.968405 0.029338
vt 0.967810 0.051866
vt 0.825625 0.097407
vt 0.793588 0.099415
vt 0.793769 0.072774
vt 0.825039 0.069463
vt 0.828453 0.070242
vt 0.897715 0.800829
vt 0.892528 0.774041
vt 0.421005 0.545758
vt 0.818712 0.308592
vt 0.884302 0.017027
vt 0.558560 0.576535
vt 0.768346 0.148793
vt 0.685997 0.044953
vt 0.160627 0.980865
vt 0.033808 0.995745
vt 0.152915 0.214639
vt 0.527163 0.070245
vt 0.536399 0.062923
vt 0.220414 0.836937
vt 0.807372 0.052370
vt 0.801790 0.065419
vt 0.025602 0.463834
vt 0.015889 0.443914
vt 0.036279 0.444572
vt 0.044825 0.455575
vt 0.043516 0.483637
vt 0.813725 0.888020
vt 0.976243 0.269657
vt 0.996237 0.079862
vt 0.143946 0.182904
vt 0.147769 0.182258
vt 0.542603 0.085539
vt 0.379476 0.263589
vt 0.396925 0.136790
vt 0.387358 0.134135
vt 0.637880 0.984006
vt 0.451983 0.949872
vt 0.496877 0.961686
vt 0.697654 0.278897
vt 0.679083 0.161984
vt 0.788885 0.581334
vt 0.086827 0.306210
vt 0.949370 0.691449
vt 0.947792 0.696306
vt 0.943997 0.692429
vt 0.047880 0.674588
vt 0.828389 0.463417
vt 0.829551 0.454068
vt 0.804086 0.752155
vt 0.431986 0.715635
vt 0.428987 0.726443
vt 0.284569 0.992976
vt 0.267913 0.994717
vt 0.267439 0.967528
vt 0.581404 0.467558
vt 0.270529 0.121353
vt 0.522243 0.496198
vt 0.939624 0.656400
vt 0.555403 0.273157
vt 0.899065 0.005432
vt 0.884460 0.003160
vt 0.534744 0.312374
vt 0.012194 0.295697
vt 0.550042 0.096662
vt 0.104004 0.569729
vt 0.056478 0.769335
vt 0.913270 0.950371
vt 0.916668 0.963696
vt 0.069709 0.618746
vt 0.069885 0.647338
vt 0.681673 0.723783
vt 0.816733 0.325489
vt 0.000029 0.338303
vt 0.007113 0.348235
vt 0.000029 0.349480
vt 0.320466 0.407118
vt 0.186256 0.613497
vt 0.541949 0.735392
vt 0.412094 0.024638
vt 0.861291 0.201486
vt 0.396128 0.999913
vt 0.396765 0.997536
vt 0.417648 0.999814
vt 0.895389 0.192575
vt 0.954028 0.696179
vt 0.949034 0.696179
vt 0.950736 0.692087
vt 0.713950 0.884574
vt 0.403961 0.081473
vt 0.799371 0.101412
vt 0.793063 0.132641
vt 0.003437 0.368330
vt 0.672976 0.278114
vt 0.977029 0.546702
vt 0.558647 0.281885
vt 0.156945 0.379320
vt 0.008251 0.618883
vt 0.035116 0.618883
vt 0.024565 0.641321
vt 0.908686 0.669385
vt 0.010013 0.348494
vt 0.010013 0.378547
vt 0.002232 0.377030
vt 0.036180 0.680341
vt 0.036180 0.691087
vt 0.016371 0.688066
vt 0.177190 0.063224
vt 0.231486 0.276615
vt 0.445081 0.542192
vt 0.480377 0.547268
vt 0.462055 0.564955
vt 0.807988 0.070214
vt 0.512966 0.006342
vt 0.540667 0.005321
vt 0.009212 0.667778
vt 0.031055 0.668831
vt 0.038099 0.436644
vt 0.026765 0.253778
vt 0.060392 0.918218
vt 0.087170 0.855025
vt 0.561633 0.397919
vt 0.638115 0.722602
vt 0.251146 0.979441
vt 0.795055 0.101385
vt 0.825788 0.445833
vt 0.663226 0.009936
vt 0.663226 0.042105
vt 0.633202 0.011848
vt 0.347361 0.646892
vt 0.035142 0.692435
vt 0.573602 0.486740
vt 0.013888 0.169866
vt 0.757387 0.967866
vt 0.620476 0.678727
vt 0.621083 0.699755
vt 0.720058 0.384665
vt 0.722765 0.401877
vt 0.861407 0.896048
vt 0.026200 0.068807
vt 0.312047 0.023849
vt 0.588417 0.778422
vt 0.537802 0.045437
vt 0.217148 0.632251
vt 0.291626 0.425143
vt 0.927360 0.996097
vt 0.923097 0.980423
vt 0.933958 0.987016
vt 0.916650 0.996902
vt 0.909344 0.990619
vt 0.904682 0.982698
vt 0.907533 0.975298
vt 0.918629 0.969296
vt 0.929867 0.963302
vt 0.940725 0.966666
vt 0.941236 0.975424
vt 0.065948 0.112054
vt 0.033850 0.233993
vt 0.247939 0.012175
vt 0.248429 0.031460
vt 0.376750 0.002717
vt 0.121820 0.009412
vt 0.332313 0.087189
vt 0.581545 0.071304
vt 0.857251 0.059328
vt 0.436774 0.947081
vt 0.262643 0.752557
vt 0.125109 0.014495
vt 0.173974 0.111582
vt 0.190895 0.108735
vt 0.041907 0.494639
vt 0.185382 0.031345
vt 0.381586 0.999830
vt 0.374167 0.991673
vt 0.035817 0.121942
vt 0.028324 0.820883
s 1
usemtl Material
f 1/1/1 2/2/2 3/3/3
f 1/4/1 4/5/4 5/6/5
f 1/4/1 5/6/5 2/7/2
f 1/1/1 3/3/3 6/8/6
f 7/9/7 8/10/8 9/11/9
f 7/9/7 10/12/10 11/13/11
f 7/14/7 12/15/12 10/16/10
f 7/9/7 13/17/13 12/18/12
f 7/9/7 14/19/14 13/17/13
f 7/9/7 11/13/11 8/10/8
f 7/9/7 9/11/9 14/19/14
f 15/20/15 16/21/16 17/22/17
f 15/20/15 18/23/18 19/24/19
f 15/20/15 19/24/19 20/25/20
f 15/20/15 17/22/17 18/23/18
f 15/20/15 20/25/20 21/26/21
f 15/20/15 21/26/21 16/21/16
f 22/27/22 23/28/23 24/29/24
f 22/30/22 25/31/25 23/32/23
f 22/33/22 26/34/26 27/35/27
f 22/30/22 28/36/28 25/31/25
f 22/33/22 27/35/27 28/37/28
f 22/27/22 24/29/24 26/38/26
f 29/39/29 30/40/30 31/41/31
f 29/39/29 32/42/32 33/43/33
f 29/39/29 31/41/31 34/44/34
f 29/39/29 34/44/34 32/42/32
f 29/39/29 33/43/33 30/40/30
f 35/45/35 36/46/36 37/47/37
f 35/45/35 38/48/38 39/49/39
f 35/50/35 40/51/40 41/52/41
f 35/45/35 37/47/37 38/48/38
f 35/45/35 41/53/41 36/46/36
f 35/45/35 39/49/39 40/54/40
f 42/55/42 43/56/43 44/57/44
f 42/58/42 45/59/45 46/60/46
f 42/58/42 46/60/46 43/61/43
f 47/62/47 48/63/48 49/64/49
f 47/62/47 49/64/49 50/65/50
f 47/62/47 51/66/51 52/67/52
f 47/62/47 53/68/53 51/66/51
f 47/62/47 50/65/50 53/68/53
f 47/62/47 52/67/52 48/63/48
f 54/69/54 55/70/55 56/71/56
f 54/72/54 57/73/57 55/74/55
f 54/72/54 58/75/58 57/73/57
f 59/76/59 60/77/60 61/78/61
f 59/76/59 62/79/62 63/80/63
f 59/76/59 64/81/64 60/77/60
f 59/82/59 65/83/65 66/84/66
f 59/82/59 63/85/63 65/83/65
f 59/82/59 66/84/66 64/86/64
f 59/76/59 61/78/61 62/79/62
f 67/87/67 68/88/68 69/89/69
f 67/87/67 69/89/69 70/90/70
f 67/87/67 71/91/71 68/88/68
f 72/92/72 73/93/73 74/94/74
f 72/92/72 75/95/75 73/93/73
f 76/96/76 77/97/77 78/98/78
f 76/96/76 79/99/79 80/100/80
f 76/96/76 78/98/78 81/101/81
f 76/96/76 81/101/81 79/99/79
f 76/96/76 80/100/80 82/102/82
f 76/96/76 82/102/82 77/97/77
f 83/103/83 84/104/84 85/105/85
f 83/103/83 86/106/86 87/107/87
f 83/103/83 88/108/88 89/109/89
f 83/103/83 89/109/89 84/104/84
f 83/103/83 85/105/85 86/106/86
f 83/103/83 87/107/87 88/108/88
f 90/110/90 91/111/91 92/112/92
f 90/110/90 93/113/93 94/114/94
f 90/110/90 95/115/95 96/116/96
f 90/110/90 94/114/94 97/117/97
f 90/110/90 92/112/92 93/113/93
f 90/110/90 96/116/96 91/111/91
f 90/110/90 97/117/97 95/115/95
f 98/118/98 99/119/99 100/120/100
f 98/118/98 101/121/101 102/122/102
f 98/118/98 103/123/103 104/124/104
f 98/118/98 102/122/102 103/123/103
f 98/118/98 100/120/100 101/121/101
f 98/118/98 104/124/104 99/119/99
f 105/125/105 106/126/106 107/127/107
f 105/128/105 107/129/107 108/130/108
f 105/128/105 108/130/108 109/131/109
f 105/125/105 110/132/110 106/126/106
f 105/133/105 109/134/109 111/135/111
f 105/136/105 111/137/111 110/138/110
f 8/10/8 112/139/112 9/11/9
f 8/10/8 113/140/113 112/139/112
f 8/10/8 114/141/114 113/140/113
f 8/10/8 11/13/11 114/141/114
f 115/142/115 116/143/116 117/144/117
f 115/142/115 118/145/118 119/146/119
f 115/142/115 120/147/120 121/148/121
f 115/142/115 119/146/119 122/149/122
f 115/142/115 117/144/117 118/145/118
f 115/142/115 121/148/121 116/143/116
f 115/142/115 122/149/122 120/147/120
f 123/150/123 124/151/124 125/152/125
f 123/153/123 126/154/126 127/155/127
f 123/150/123 125/152/125 128/156/128
f 123/157/123 127/158/127 124/159/124
f 123/153/123 128/160/128 129/161/129
f 123/153/123 129/161/129 126/154/126
f 130/162/130 131/163/131 132/164/132
f 130/162/130 133/165/133 134/166/134
f 130/162/130 135/167/135 131/163/131
f 130/162/130 134/166/134 136/168/136
f 130/162/130 132/164/132 133/165/133
f 130/162/130 136/168/136 135/167/135
f 137/169/137 138/170/138 139/171/139
f 137/172/137 140/173/140 141/174/141
f 137/172/137 142/175/142 140/173/140
f 137/172/137 143/176/143 142/175/142
f 137/169/137 141/177/141 138/170/138
f 137/172/137 139/178/139 143/176/143
f 144/179/144 145/180/145 146/181/146
f 144/182/144 147/183/147 148/184/148
f 144/185/144 146/186/146 147/187/147
f 144/179/144 149/188/149 145/180/145
f 144/182/144 148/184/148 149/189/149
f 150/190/150 151/191/151 152/192/152
f 150/190/150 153/193/153 151/191/151
f 150/194/150 152/195/152 154/196/154
f 150/194/150 155/197/155 153/198/153
f 150/194/150 154/196/154 155/197/155
f 156/199/156 157/200/157 158/201/158
f 156/199/156 159/202/159 160/203/160
f 156/199/156 161/204/161 162/205/162
f 156/199/156 158/201/158 163/206/163
f 156/199/156 163/206/163 161/204/161
f 156/199/156 164/207/164 159/202/159
f 156/199/156 160/203/160 157/200/157
f 156/199/156 162/205/162 164/207/164
f 165/208/165 166/209/166 167/210/167
f 165/208/165 168/211/168 169/212/169
f 165/208/165 167/210/167 170/213/170
f 165/208/165 171/214/171 172/215/172
f 165/208/165 169/212/169 171/214/171
f 165/208/165 172/215/172 166/209/166
f 165/208/165 170/213/170 168/211/168
f 173/216/173 174/217/174 175/218/175
f 173/219/173 175/220/175 176/221/176
f 177/222/177 178/223/178 179/224/179
f 177/222/177 180/225/180 178/223/178
f 177/222/177 181/226/181 180/225/180
f 177/222/177 179/224/179 181/226/181
f 182/227/182 183/228/183 184/229/184
f 182/227/182 185/230/185 186/231/186
f 182/227/182 187/232/187 188/233/188
f 182/227/182 188/233/188 189/234/189
f 182/227/182 190/235/190 187/232/187
f 182/227/182 184/229/184 185/230/185
f 182/227/182 186/231/186 191/236/191
f 182/227/182 192/237/192 183/228/183
f 182/227/182 193/238/193 192/237/192
f 182/227/182 191/236/191 190/235/190
f 182/227/182 189/234/189 194/239/194
f 182/227/182 194/239/194 193/238/193
f 195/240/195 196/241/196 197/242/197
f 195/243/195 197/244/197 198/245/198
f 195/246/195 199/247/199 196/248/196
f 195/243/195 200/249/200 199/250/199
f 195/243/195 201/251/201 200/249/200
f 195/243/195 198/245/198 201/251/201
f 202/252/202 203/253/203 204/254/204
f 202/255/202 205/256/205 206/257/206
f 202/258/202 207/259/207 208/260/208
f 202/258/202 206/261/206 207/259/207
f 202/252/202 204/254/204 205/262/205
f 202/258/202 208/260/208 203/263/203
f 209/264/209 210/265/210 211/266/211
f 209/267/209 211/268/211 212/269/212
f 209/270/209 212/271/212 213/272/213
f 209/270/209 213/272/213 214/273/214
f 209/270/209 214/273/214 210/274/210
f 215/275/215 216/276/216 217/277/217
f 215/275/215 218/278/218 219/279/219
f 215/275/215 219/279/219 216/276/216
f 215/275/215 217/277/217 220/280/220
f 215/275/215 220/280/220 221/281/221
f 215/275/215 221/281/221 218/278/218
f 222/282/222 223/283/223 224/284/224
f 222/282/222 225/285/225 223/283/223
f 222/282/222 226/286/226 225/285/225
f 222/282/222 224/284/224 227/287/227
f 222/282/222 227/287/227 226/286/226
f 228/288/228 229/289/229 230/290/230
f 228/291/228 231/292/231 232/293/232
f 228/291/228 233/294/233 231/292/231
f 228/288/228 230/290/230 234/295/234
f 228/291/228 232/293/232 229/296/229
f 228/288/228 234/295/234 233/297/233
f 235/298/235 236/299/236 237/300/237
f 235/298/235 237/300/237 238/301/238
f 235/298/235 239/302/239 240/303/240
f 235/298/235 240/303/240 236/299/236
f 235/298/235 238/301/238 241/304/241
f 235/298/235 241/304/241 239/302/239
f 242/305/242 243/306/243 244/307/244
f 242/308/242 245/309/245 246/310/246
f 242/308/242 246/310/246 247/311/247
f 242/308/242 244/312/244 248/313/248
f 242/305/242 247/314/247 243/306/243
f 242/308/242 248/313/248 245/309/245
f 249/315/249 250/316/250 251/317/251
f 249/318/249 252/319/252 253/320/253
f 249/315/249 251/317/251 254/321/254
f 249/318/249 254/322/254 252/319/252
f 249/318/249 253/320/253 255/323/255
f 249/315/249 255/324/255 250/316/250
f 256/325/256 257/326/257 258/327/258
f 256/325/256 258/327/258 259/328/259
f 256/325/256 259/328/259 260/329/260
f 256/325/256 260/329/260 261/330/261
f 256/331/256 261/332/261 257/333/257
f 262/334/262 263/335/263 264/336/264
f 262/334/262 264/336/264 265/337/265
f 266/338/266 267/339/267 268/340/268
f 266/338/266 269/341/269 267/339/267
f 266/338/266 270/342/270 271/343/271
f 266/338/266 268/340/268 270/342/270
f 266/338/266 271/343/271 269/341/269
f 272/344/272 273/345/273 274/346/274
f 272/344/272 274/346/274 275/347/275
f 272/344/272 276/348/276 277/349/277
f 272/344/272 277/349/277 278/350/278
f 272/344/272 275/347/275 276/348/276
f 272/344/272 278/350/278 273/345/273
f 279/351/279 280/352/188 281/353/280
f 279/351/279 282/354/281 283/355/188
f 279/351/279 283/355/188 280/352/188
f 279/351/279 281/353/280 284/356/282
f 279/351/279 284/356/282 282/354/281
f 203/357/203 285/358/283 286/359/284
f 203/253/203 287/360/285 204/254/204
f 203/357/203 208/361/208 285/358/283
f 203/357/203 286/359/284 287/362/285
f 288/363/286 289/364/287 290/365/288
f 288/363/286 291/366/289 289/364/287
f 288/363/286 292/367/290 291/366/289
f 288/368/286 290/369/288 293/370/291
f 288/363/286 293/371/291 292/367/290
f 294/372/292 295/373/293 37/374/37
f 294/372/292 296/375/294 297/376/295
f 294/372/292 37/374/37 296/375/294
f 298/377/296 299/378/297 300/379/298
f 298/377/296 301/380/299 302/381/300
f 298/377/296 302/381/300 303/382/301
f 298/377/296 304/383/302 299/378/297
f 298/377/296 303/382/301 304/383/302
f 298/377/296 300/379/298 301/380/299
f 305/384/303 306/385/304 307/386/305
f 305/387/303 308/388/306 309/389/307
f 305/387/303 309/389/307 310/390/308
f 305/387/303 307/391/305 308/388/306
f 305/387/303 310/390/308 306/392/304
f 311/393/309 312/394/310 313/395/311
f 311/393/309 313/395/311 314/396/312
f 311/397/309 315/398/313 312/399/310
f 311/393/309 314/396/312 316/400/314
f 311/401/309 316/402/314 317/403/315
f 311/397/309 317/404/315 315/398/313
f 318/405/316 319/406/317 320/407/318
f 318/405/316 321/408/319 319/406/317
f 318/405/316 322/409/320 323/410/321
f 318/405/316 324/411/322 322/409/320
f 318/405/316 323/410/321 321/408/319
f 318/405/316 320/407/318 324/411/322
f 325/412/323 326/413/324 327/414/325
f 325/412/323 327/414/325 328/415/326
f 325/412/323 329/416/327 326/413/324
f 325/412/323 330/417/328 329/416/327
f 325/412/323 328/415/326 331/418/329
f 325/412/323 331/418/329 330/417/328
f 23/32/23 25/31/25 332/419/330
f 23/28/23 333/420/331 24/29/24
f 23/28/23 334/421/332 335/422/333
f 23/28/23 335/422/333 333/420/331
f 23/32/23 332/419/330 334/423/332
f 336/424/334 337/425/335 338/426/336
f 336/424/334 339/427/337 337/425/335
f 336/428/334 340/429/338 341/430/339
f 336/428/334 341/430/339 339/431/337
f 336/428/334 338/432/336 340/429/338
f 342/433/340 343/434/341 344/435/342
f 342/436/340 345/437/343 346/438/344
f 342/436/340 346/438/344 343/439/341
f 342/433/340 347/440/345 348/441/346
f 342/433/340 344/435/342 347/440/345
f 342/436/340 348/442/346 345/437/343
f 205/256/205 349/443/347 350/444/348
f 205/256/205 350/444/348 206/257/206
f 205/256/205 351/445/349 349/443/347
f 205/256/205 352/446/350 351/445/349
f 205/262/205 204/254/204 352/447/350
f 353/448/351 354/449/352 355/450/353
f 353/448/351 356/451/354 357/452/355
f 353/448/351 358/453/356 354/449/352
f 353/448/351 355/450/353 359/454/357
f 353/448/351 359/454/357 356/451/354
f 353/448/351 357/452/355 358/453/356
f 360/455/358 361/456/359 362/457/360
f 360/455/358 363/458/361 364/459/362
f 360/455/358 364/459/362 338/460/336
f 360/455/358 362/457/360 363/458/361
f 360/461/358 338/426/336 361/462/359
f 365/463/363 366/464/364 367/465/365
f 365/463/363 368/466/366 369/467/367
f 365/463/363 369/467/367 366/464/364
f 365/463/363 367/465/365 368/466/366
f 370/468/368 371/469/369 372/470/370
f 370/468/368 373/471/371 374/472/372
f 370/468/368 372/470/370 373/471/371
f 370/468/368 374/472/372 371/469/369
f 375/473/373 376/474/374 377/475/375
f 375/476/373 378/477/376 379/478/377
f 375/476/373 380/479/378 378/477/376
f 375/473/373 381/480/379 376/474/374
f 375/473/373 379/481/377 381/480/379
f 375/473/373 377/475/375 380/482/378
f 382/483/380 383/484/381 384/485/382
f 382/483/380 385/486/383 383/484/381
f 382/483/380 384/485/382 386/487/384
f 382/483/380 387/488/385 385/486/383
f 382/483/380 386/487/384 388/489/386
f 382/483/380 388/489/386 389/490/387
f 382/483/380 389/490/387 387/488/385
f 390/491/388 391/492/389 392/493/390
f 390/494/388 392/495/390 393/496/391
f 390/497/388 393/498/391 394/499/392
f 390/500/388 395/501/393 396/502/394
f 390/503/388 396/504/394 391/505/389
f 390/506/388 394/507/392 395/508/393
f 397/509/395 398/510/396 399/511/397
f 397/512/395 400/513/398 401/514/399
f 397/512/395 401/514/399 402/515/400
f 397/509/395 399/511/397 403/516/401
f 397/512/395 402/515/400 404/517/402
f 397/509/395 403/516/401 405/518/403
f 397/512/395 405/519/403 400/513/398
f 397/512/395 404/517/402 398/520/396
f 406/521/404 407/522/405 408/523/406
f 406/521/404 409/524/407 407/522/405
f 406/525/404 410/526/408 409/527/407
f 406/528/404 408/529/406 411/530/409
f 406/528/404 412/531/410 410/532/408
f 406/528/404 411/530/409 412/531/410
f 413/533/411 414/534/412 415/535/413
f 413/536/411 416/537/414 414/538/412
f 413/536/411 417/539/415 416/537/414
f 418/540/416 419/541/417 420/542/418
f 418/543/416 421/544/419 419/545/417
f 418/546/416 422/547/420 423/548/421
f 418/543/416 423/549/421 421/544/419
f 418/540/416 424/550/422 422/551/420
f 418/540/416 420/542/418 424/550/422
f 425/552/423 426/553/424 427/554/425
f 425/555/423 428/556/426 429/557/427
f 425/555/423 429/557/427 430/558/428
f 425/555/423 431/559/429 428/556/426
f 425/555/423 301/560/299 431/559/429
f 425/552/423 427/554/425 432/561/430
f 425/555/423 430/558/428 426/562/424
f 425/552/423 432/561/430 301/380/299
f 433/563/431 434/564/432 435/565/433
f 433/563/431 436/566/434 434/564/432
f 433/563/431 437/567/435 438/568/436
f 433/563/431 439/569/437 436/566/434
f 433/563/431 435/565/433 437/567/435
f 433/563/431 438/568/436 439/569/437
f 267/339/267 269/341/269 440/570/438
f 267/571/267 440/572/438 441/573/439
f 267/571/267 441/573/439 268/574/268
f 442/575/440 443/576/441 444/577/442
f 442/578/440 445/579/443 443/580/441
f 442/575/440 444/577/442 446/581/444
f 442/582/440 447/583/445 445/584/443
f 442/582/440 448/585/446 447/583/445
f 442/582/440 449/586/447 448/585/446
f 442/575/440 446/581/444 449/587/447
f 16/588/16 450/589/448 451/590/449
f 16/588/16 451/590/449 452/591/450
f 16/21/16 21/26/21 450/592/448
f 16/21/16 452/593/450 17/22/17
f 453/594/451 454/595/452 455/596/453
f 453/594/451 456/597/454 454/595/452
f 453/594/451 457/598/455 458/599/456
f 453/594/451 458/599/456 456/597/454
f 453/594/451 459/600/457 457/598/455
f 453/594/451 455/596/453 459/600/457
f 460/601/458 461/602/459 462/603/460
f 460/601/458 462/603/460 463/604/461
f 460/605/458 464/606/462 461/607/459
f 460/605/458 465/608/463 464/606/462
f 460/605/458 466/609/464 465/608/463
f 460/605/458 463/610/461 466/609/464
f 467/611/465 468/612/466 469/613/467
f 467/611/465 470/614/468 471/615/469
f 467/611/465 276/616/276 468/612/466
f 467/611/465 277/617/277 276/616/276
f 467/611/465 469/613/467 470/614/468
f 467/611/465 471/615/469 277/617/277
f 106/126/106 472/618/470 473/619/471
f 106/126/106 474/620/472 107/127/107
f 106/126/106 110/132/110 472/618/470
f 106/126/106 473/619/471 474/620/472
f 475/621/473 178/223/178 476/622/474
f 475/621/473 476/622/474 477/623/475
f 475/621/473 477/623/475 478/624/476
f 475/625/473 478/626/476 178/627/178
f 479/628/477 480/629/478 481/630/479
f 479/628/477 482/631/480 483/632/481
f 479/628/477 484/633/482 480/629/478
f 479/628/477 485/634/483 482/631/480
f 479/628/477 483/632/481 484/633/482
f 479/628/477 481/630/479 485/634/483
f 486/635/484 487/636/485 488/637/486
f 486/635/484 488/637/486 489/638/487
f 486/639/484 490/640/488 491/641/489
f 486/639/484 492/642/490 490/640/488
f 486/639/484 493/643/491 492/642/490
f 486/639/484 491/641/489 487/644/485
f 486/635/484 489/638/487 493/645/491
f 494/646/492 495/647/493 496/648/494
f 494/649/492 497/650/495 498/651/496
f 494/652/492 498/653/496 499/654/497
f 494/649/492 496/655/494 497/650/495
f 151/191/151 153/193/153 500/656/498
f 151/191/151 501/657/499 152/192/152
f 151/658/151 502/659/500 501/660/499
f 503/661/501 504/662/502 505/663/503
f 503/664/501 506/665/504 507/666/505
f 503/661/501 505/663/503 506/667/504
f 508/668/506 509/669/507 510/670/508
f 508/668/506 511/671/509 512/672/510
f 508/668/506 512/672/510 513/673/511
f 508/668/506 510/670/508 511/671/509
f 508/668/506 514/674/512 509/669/507
f 508/668/506 513/673/511 514/674/512
f 515/675/513 516/676/514 517/677/515
f 515/678/513 518/679/516 519/680/517
f 515/678/513 520/681/518 518/679/516
f 515/675/513 519/682/517 516/676/514
f 68/88/68 521/683/519 69/89/69
f 68/88/68 89/684/89 521/683/519
f 68/88/68 71/91/71 89/684/89
f 522/685/520 523/686/521 524/687/522
f 522/685/520 524/687/522 525/688/523
f 522/685/520 525/688/523 526/689/524
f 522/685/520 527/690/525 290/369/288
f 522/685/520 526/689/524 528/691/526
f 522/685/520 290/369/288 523/686/521
f 522/685/520 528/691/526 527/690/525
f 10/16/10 529/692/527 530/693/528
f 10/16/10 12/15/12 531/694/529
f 10/16/10 531/694/529 529/692/527
f 10/12/10 530/695/528 11/13/11
f 18/23/18 17/22/17 120/696/120
f 18/23/18 120/696/120 122/697/122
f 18/23/18 122/697/122 532/698/530
f 18/23/18 532/698/530 19/24/19
f 533/699/531 534/700/532 535/701/533
f 533/702/531 536/703/534 537/704/535
f 533/702/531 535/705/533 538/706/536
f 533/699/531 537/707/535 534/700/532
f 533/702/531 538/706/536 536/703/534
f 539/708/537 540/709/538 541/710/539
f 539/708/537 542/711/540 543/712/541
f 539/708/537 544/713/542 540/709/538
f 539/708/537 543/712/541 544/713/542
f 539/708/537 541/710/539 545/714/543
f 539/708/537 545/714/543 542/711/540
f 269/715/269 546/716/544 547/717/545
f 269/718/269 548/719/546 549/720/547
f 269/721/269 550/722/548 551/723/549
f 269/718/269 552/724/550 553/725/551
f 269/715/269 554/726/552 555/727/553
f 269/341/269 551/728/549 440/570/438
f 269/341/269 556/729/554 557/730/555
f 269/715/269 558/731/556 546/716/544
f 269/341/269 557/730/555 559/732/557
f 269/718/269 560/733/558 552/724/550
f 269/715/269 559/734/557 561/735/559
f 269/715/269 562/736/560 563/737/561
f 269/341/269 564/738/562 556/729/554
f 269/715/269 547/717/545 562/736/560
f 269/341/269 565/739/563 566/740/564
f 269/715/269 561/735/559 554/726/552
f 269/341/269 566/740/564 564/738/562
f 269/715/269 563/737/561 548/741/546
f 269/721/269 553/742/551 550/722/548
f 269/718/269 549/720/547 560/733/558
f 269/715/269 555/727/553 558/731/556
f 269/341/269 271/343/271 565/739/563
f 567/743/565 568/744/566 569/745/567
f 567/743/565 569/745/567 570/746/568
f 567/743/565 570/746/568 571/747/569
f 567/748/565 571/749/569 572/750/570
f 567/748/565 572/750/570 568/751/566
f 573/752/571 574/753/572 575/754/573
f 573/752/571 576/755/574 574/753/572
f 573/752/571 577/756/575 576/755/574
f 578/757/576 579/758/577 580/759/578
f 578/757/576 581/760/579 579/758/577
f 578/757/576 582/761/580 583/762/581
f 578/757/576 580/759/578 584/763/582
f 578/757/576 584/763/582 582/761/580
f 578/757/576 583/762/581 581/760/579
f 585/764/583 586/765/584 587/766/585
f 585/767/583 588/768/586 586/769/584
f 585/764/583 589/770/587 590/771/588
f 585/764/583 587/766/585 591/772/589
f 585/764/583 591/772/589 589/770/587
f 585/767/583 590/773/588 588/768/586
f 153/774/153 592/775/590 593/776/591
f 153/198/153 155/197/155 592/777/590
f 153/193/153 593/778/591 500/656/498
f 594/779/592 595/780/593 596/781/594
f 594/782/592 597/783/595 595/784/593
f 598/785/596 599/786/597 600/787/598
f 598/785/596 601/788/599 599/786/597
f 598/785/596 600/787/598 602/789/600
f 257/333/257 603/790/601 258/791/258
f 257/333/257 261/332/261 604/792/602
f 257/333/257 604/792/602 603/790/601
f 605/793/603 606/794/604 392/495/390
f 605/795/603 607/796/605 608/797/606
f 605/798/603 391/799/389 607/800/605
f 605/793/603 609/801/607 606/794/604
f 605/802/603 392/803/390 391/804/389
f 605/795/603 608/797/606 609/805/607
f 610/806/608 611/807/609 612/808/610
f 610/806/608 613/809/611 611/807/609
f 610/806/608 614/810/612 613/809/611
f 610/806/608 612/808/610 615/811/613
f 610/806/608 615/811/613 614/810/612
f 616/812/614 617/813/615 618/814/616
f 616/812/614 618/814/616 198/245/198
f 616/812/614 619/815/617 617/813/615
f 616/812/614 620/816/618 619/815/617
f 616/812/614 198/245/198 620/816/618
f 621/817/619 622/818/620 623/819/621
f 621/817/619 624/820/622 625/821/623
f 621/817/619 626/822/624 624/820/622
f 621/823/619 625/824/623 627/825/625
f 621/817/619 623/819/621 626/822/624
f 621/817/619 627/826/625 622/818/620
f 628/827/626 629/828/627 630/829/628
f 628/827/626 630/829/628 631/830/629
f 628/827/626 631/830/629 632/831/630
f 628/827/626 633/832/631 629/828/627
f 628/827/626 632/831/630 633/832/631
f 634/833/632 635/834/633 636/835/634
f 634/833/632 636/835/634 637/836/635
f 634/833/632 638/837/636 639/838/637
f 634/833/632 640/839/638 635/834/633
f 634/833/632 639/838/637 640/839/638
f 634/833/632 637/836/635 638/837/636
f 641/840/639 642/841/640 643/842/641
f 641/843/639 644/844/642 645/845/643
f 641/843/639 645/845/643 646/846/644
f 641/843/639 647/847/645 644/844/642
f 641/843/639 646/846/644 642/848/640
f 641/840/639 643/842/641 647/849/645
f 648/850/646 649/851/647 650/852/648
f 648/853/646 651/854/649 652/855/650
f 648/853/646 653/856/651 651/854/649
f 648/850/646 654/857/652 653/858/651
f 648/853/646 652/855/650 649/859/647
f 648/850/646 650/852/648 654/857/652
f 655/860/653 656/861/654 657/862/655
f 655/863/653 658/864/656 659/865/657
f 655/860/653 660/866/658 658/867/656
f 655/863/653 659/865/657 656/868/654
f 655/860/653 657/862/655 660/866/658
f 661/869/659 662/870/660 663/871/661
f 661/872/659 663/873/661 664/874/662
f 661/869/659 665/875/663 662/870/660
f 661/869/659 664/876/662 665/875/663
f 666/877/664 667/878/665 668/879/666
f 666/877/664 669/880/667 667/878/665
f 666/877/664 670/881/668 671/882/669
f 666/877/664 668/879/666 670/881/668
f 666/877/664 671/882/669 669/880/667
f 672/883/670 673/884/671 674/885/672
f 672/886/670 675/887/673 676/888/674
f 672/886/670 677/889/675 678/890/676
f 672/886/670 676/888/674 679/891/677
f 672/886/670 678/890/676 675/887/673
f 672/886/670 679/891/677 673/892/671
f 672/883/670 674/885/672 677/893/675
f 680/894/678 681/895/679 682/896/680
f 680/894/678 682/896/680 683/897/681
f 680/894/678 684/898/682 685/899/683
f 680/894/678 685/899/683 681/895/679
f 680/900/678 683/901/681 684/902/682
f 686/903/684 687/904/685 688/905/686
f 686/903/684 689/906/687 690/907/688
f 686/903/684 688/905/686 689/906/687
f 691/908/689 692/909/690 693/910/691
f 691/908/689 694/911/692 695/912/693
f 691/908/689 695/912/693 692/909/690
f 691/908/689 693/910/691 696/913/694
f 691/908/689 696/913/694 694/911/692
f 371/469/369 697/914/695 698/915/696
f 371/469/369 699/916/697 697/914/695
f 371/469/369 698/915/696 372/470/370
f 371/469/369 374/472/372 699/916/697
f 606/794/604 609/801/607 700/917/698
f 606/794/604 393/496/391 392/495/390
f 606/794/604 700/917/698 701/918/699
f 606/794/604 701/918/699 702/919/700
f 606/794/604 702/919/700 393/496/391
f 703/920/701 704/921/702 705/922/703
f 703/920/701 158/201/158 704/921/702
f 703/920/701 706/923/704 707/924/705
f 703/920/701 707/924/705 708/925/706
f 703/920/701 708/925/706 158/201/158
f 703/920/701 705/922/703 706/923/704
f 709/926/707 710/927/708 711/928/709
f 709/929/707 712/930/710 710/931/708
f 709/929/707 713/932/711 714/933/712
f 709/934/707 711/935/709 715/936/713
f 709/934/707 715/936/713 713/937/711
f 709/929/707 714/933/712 712/930/710
f 716/938/714 717/939/715 718/940/716
f 716/938/714 719/941/717 720/942/718
f 716/938/714 721/943/719 717/939/715
f 716/938/714 722/944/720 719/941/717
f 716/938/714 718/940/716 722/944/720
f 716/938/714 720/942/718 721/943/719
f 723/945/721 724/946/722 725/947/723
f 723/945/721 725/947/723 726/948/724
f 723/945/721 726/948/724 727/949/725
f 723/950/721 728/951/726 724/952/722
f 723/950/721 727/953/725 728/951/726
f 662/870/660 665/875/663 729/954/727
f 662/955/660 730/956/728 731/957/729
f 662/870/660 729/954/727 730/958/728
f 662/955/660 731/957/729 663/959/661
f 732/960/730 733/961/731 734/962/732
f 732/963/730 735/964/733 733/965/731
f 732/963/730 736/966/734 737/967/735
f 732/963/730 734/968/732 736/966/734
f 732/963/730 737/967/735 735/964/733
f 738/969/736 739/970/737 740/971/738
f 738/969/736 218/278/218 741/972/739
f 738/969/736 741/972/739 742/973/740
f 738/969/736 742/973/740 739/970/737
f 738/969/736 740/971/738 218/278/218
f 178/223/178 180/225/180 476/622/474
f 178/223/178 743/974/741 179/224/179
f 178/223/178 744/975/742 743/974/741
f 178/627/178 745/976/743 746/977/744
f 178/627/178 478/626/476 747/978/745
f 178/627/178 746/977/744 748/979/746
f 178/627/178 747/978/745 745/976/743
f 178/627/178 748/979/746 744/980/742
f 361/462/359 337/425/335 749/981/747
f 361/462/359 749/981/747 362/982/360
f 361/462/359 338/426/336 337/425/335
f 750/983/748 751/984/749 752/985/750
f 750/983/748 752/985/750 236/986/236
f 750/987/748 236/299/236 240/303/240
f 750/983/748 753/988/751 751/984/749
f 750/983/748 240/989/240 754/990/752
f 750/983/748 754/990/752 753/988/751
f 755/991/753 756/992/754 757/993/755
f 755/991/753 758/994/756 759/995/757
f 755/991/753 760/996/758 758/994/756
f 755/991/753 759/995/757 756/992/754
f 755/991/753 761/997/759 760/996/758
f 755/991/753 757/993/755 761/997/759
f 762/998/760 763/999/761 764/1000/762
f 762/998/760 765/1001/763 766/1002/764
f 762/998/760 764/1000/762 767/1003/765
f 762/998/760 536/703/534 765/1001/763
f 762/998/760 767/1003/765 536/703/534
f 762/998/760 684/1004/682 763/999/761
f 762/998/760 766/1002/764 684/1004/682
f 768/1005/766 769/1006/767 770/1007/768
f 768/1005/766 770/1007/768 771/1008/769
f 768/1009/766 772/1010/770 773/1011/771
f 768/1009/766 774/1012/772 775/1013/773
f 768/1005/766 771/1008/769 774/1014/772
f 768/1009/766 775/1013/773 772/1010/770
f 768/1005/766 773/1015/771 769/1006/767
f 776/1016/774 777/1017/775 778/1018/776
f 776/1016/774 779/1019/777 780/1020/778
f 776/1016/774 780/1020/778 777/1017/775
f 349/1021/347 781/1022/779 350/1023/348
f 568/751/566 782/1024/780 569/1025/567
f 568/751/566 571/749/569 782/1024/780
f 568/751/566 572/750/570 571/749/569
f 783/1026/781 784/1027/782 785/1028/783
f 783/1029/781 786/1030/784 787/1031/785
f 783/1032/781 788/1033/786 789/1034/787
f 783/1026/781 790/1035/788 784/1027/782
f 783/1026/781 785/1028/783 786/1036/784
f 783/1032/781 789/1034/787 790/1037/788
f 783/1029/781 787/1031/785 788/1038/786
f 791/1039/789 792/1040/790 793/1041/791
f 791/1039/789 794/1042/792 795/1043/793
f 791/1039/789 796/1044/794 797/1045/795
f 791/1039/789 795/1043/793 792/1040/790
f 791/1039/789 797/1045/795 794/1042/792
f 791/1039/789 793/1041/791 796/1044/794
f 798/1046/796 799/1047/797 800/1048/798
f 798/1046/796 801/1049/799 802/1050/800
f 798/1046/796 802/1050/800 803/1051/801
f 798/1046/796 803/1051/801 799/1047/797
f 798/1046/796 800/1048/798 801/1049/799
f 804/1052/802 805/1053/803 806/1054/804
f 804/1052/802 807/1055/805 808/1056/806
f 804/1052/802 806/1054/804 809/1057/807
f 804/1052/802 809/1057/807 807/1055/805
f 804/1058/802 810/1059/808 805/1060/803
f 804/1052/802 808/1056/806 810/1061/808
f 811/1062/809 812/1063/810 813/1064/811
f 811/1065/809 814/1066/812 815/1067/813
f 811/1062/809 816/1068/814 812/1063/810
f 811/1062/809 815/1069/813 817/1070/815
f 811/1062/809 817/1070/815 818/1071/816
f 811/1062/809 818/1071/816 816/1068/814
f 811/1062/809 813/1064/811 814/1072/812
f 819/1073/817 820/1074/818 647/849/645
f 819/1073/817 647/849/645 643/842/641
f 819/1073/817 821/1075/819 820/1074/818
f 819/1073/817 643/842/641 821/1075/819
f 822/1076/820 823/1077/821 824/1078/822
f 822/1076/820 824/1078/822 825/1079/823
f 822/1076/820 825/1079/823 826/1080/824
f 822/1076/820 827/1081/825 823/1077/821
f 822/1076/820 828/1082/826 827/1081/825
f 822/1076/820 826/1080/824 828/1082/826
f 829/1083/827 830/1084/828 831/1085/829
f 829/1083/827 831/1085/829 832/1086/830
f 829/1083/827 833/1087/831 830/1084/828
f 829/1083/827 834/1088/832 833/1087/831
f 829/1083/827 832/1086/830 835/1089/833
f 829/1083/827 835/1089/833 834/1088/832
f 836/1090/834 837/1091/835 838/1092/836
f 836/1093/834 839/1094/837 837/1095/835
f 836/1093/834 840/1096/838 839/1094/837
f 836/1093/834 838/1097/836 841/1098/839
f 836/1093/834 841/1098/839 840/1096/838
f 546/716/544 842/1099/840 843/1100/841
f 546/716/544 843/1100/841 547/717/545
f 546/716/544 558/731/556 842/1099/840
f 844/1101/842 845/1102/843 846/1103/844
f 844/1101/842 456/1104/454 847/1105/845
f 844/1101/842 846/1103/844 848/1106/846
f 844/1107/842 849/1108/847 456/597/454
f 844/1107/842 848/1109/846 849/1108/847
f 844/1101/842 847/1105/845 845/1102/843
f 850/1110/848 851/1111/849 852/1112/850
f 850/1110/848 853/1113/851 854/1114/852
f 850/1110/848 461/602/459 851/1111/849
f 850/1110/848 462/603/460 461/602/459
f 850/1110/848 854/1114/852 462/603/460
f 850/1110/848 852/1112/850 853/1113/851
f 855/1115/853 856/1116/854 857/1117/855
f 855/1118/853 858/1119/856 859/1120/857
f 855/1115/853 857/1117/855 860/1121/858
f 855/1122/853 861/1123/859 858/1124/856
f 855/1122/853 860/1125/858 861/1123/859
f 855/1115/853 859/1126/857 856/1116/854
f 862/1127/860 863/1128/861 864/1129/862
f 862/1127/860 864/1129/862 865/1130/863
f 862/1127/860 866/1131/864 867/1132/865
f 862/1133/860 868/1134/866 863/1135/861
f 862/1127/860 865/1130/863 866/1131/864
f 862/1127/860 867/1132/865 868/1136/866
f 607/1137/605 391/1138/389 869/1139/867
f 607/796/605 870/1140/868 608/797/606
f 607/796/605 871/1141/869 870/1140/868
f 607/1137/605 26/38/26 871/1142/869
f 607/1137/605 869/1139/867 26/38/26
f 872/1143/870 873/1144/871 874/1145/872
f 872/1143/870 875/1146/873 876/1147/874
f 872/1143/870 877/1148/875 875/1146/873
f 872/1143/870 876/1147/874 873/1144/871
f 872/1143/870 874/1145/872 877/1148/875
f 878/1149/876 879/1150/877 880/1151/878
f 878/1149/876 880/1151/878 881/1152/879
f 878/1149/876 882/1153/880 879/1150/877
f 878/1149/876 881/1152/879 489/638/487
f 878/1149/876 489/638/487 882/1153/880
f 883/1154/881 884/1155/882 828/1082/826
f 883/1154/881 885/1156/883 886/1157/884
f 883/1154/881 230/290/230 885/1156/883
f 883/1154/881 887/1158/885 230/290/230
f 883/1154/881 828/1082/826 887/1158/885
f 883/1154/881 886/1157/884 884/1155/882
f 888/1159/886 889/1160/887 629/1161/627
f 888/1162/886 629/1163/627 633/1164/631
f 888/1159/886 103/1165/103 890/1166/888
f 888/1162/886 633/1164/631 104/124/104
f 888/1159/886 890/1166/888 889/1160/887
f 888/1162/886 104/124/104 103/123/103
f 891/1167/889 892/1168/890 893/1169/891
f 891/1167/889 523/1170/521 894/1171/892
f 891/1172/889 524/687/522 523/686/521
f 891/1167/889 893/1169/891 895/1173/893
f 891/1167/889 894/1171/892 896/1174/894
f 891/1167/889 896/1174/894 892/1168/890
f 891/1172/889 895/1175/893 524/687/522
f 897/1176/895 898/1177/896 899/1178/897
f 897/1179/895 900/1180/898 898/1181/896
f 897/1179/895 901/1182/899 900/1180/898
f 897/1176/895 902/1183/900 903/1184/901
f 897/1179/895 903/1185/901 901/1182/899
f 897/1176/895 899/1178/897 902/1183/900
f 904/1186/902 905/1187/903 906/1188/904
f 904/1186/902 906/1188/904 907/1189/905
f 904/1190/902 907/1191/905 908/1192/906
f 904/1190/902 908/1192/906 905/1193/903
f 263/335/263 909/1194/907 264/336/264
f 263/335/263 910/1195/908 909/1194/907
f 911/1196/909 912/1197/910 913/1198/911
f 911/1196/909 914/1199/912 915/1200/913
f 911/1196/909 916/1201/914 914/1199/912
f 911/1196/909 917/1202/915 912/1197/910
f 911/1196/909 915/1200/913 917/1202/915
f 911/1196/909 913/1198/911 916/1201/914
f 918/1203/916 919/1204/917 920/1205/918
f 918/1203/916 921/1206/919 922/1207/920
f 918/1203/916 920/1205/918 923/1208/921
f 918/1203/916 924/1209/922 919/1204/917
f 918/1203/916 923/1208/921 921/1206/919
f 918/1203/916 922/1207/920 924/1209/922
f 925/1210/923 926/1211/924 927/1212/925
f 925/1213/923 928/1214/926 926/1215/924
f 925/1210/923 929/1216/927 930/1217/928
f 925/1210/923 930/1217/928 928/1218/926
f 925/1210/923 927/1212/925 931/1219/929
f 925/1210/923 931/1219/929 929/1216/927
f 932/1220/930 665/1221/663 933/1222/931
f 932/1220/930 934/1223/932 665/1221/663
f 932/1224/930 935/1225/933 936/1226/934
f 932/1224/930 936/1226/934 934/1227/932
f 932/1224/930 937/1228/935 935/1225/933
f 932/1220/930 933/1222/931 937/1229/935
f 938/1230/936 642/1231/640 939/1232/937
f 938/1230/936 939/1232/937 940/1233/938
f 938/1234/936 941/1235/939 642/841/640
f 938/1234/936 942/1236/940 941/1235/939
f 938/1237/936 169/1238/169 942/1239/940
f 938/1230/936 940/1233/938 169/1240/169
f 943/1241/941 944/1242/942 945/1243/943
f 943/1244/941 946/1245/944 944/1246/942
f 943/1244/941 947/1247/945 948/1248/946
f 943/1244/941 949/1249/947 946/1245/944
f 943/1244/941 948/1248/946 949/1249/947
f 943/1241/941 945/1243/943 947/1250/945
f 950/1251/948 25/31/25 951/1252/949
f 950/1251/948 952/1253/950 332/419/330
f 950/1251/948 332/419/330 25/31/25
f 953/1254/951 954/1255/952 955/1256/953
f 953/1254/951 955/1256/953 956/1257/954
f 953/1254/951 956/1257/954 957/1258/955
f 953/1254/951 958/1259/956 959/1260/957
f 953/1254/951 959/1260/957 954/1255/952
f 953/1254/951 957/1258/955 958/1259/956
f 960/1261/958 961/1262/959 962/1263/960
f 960/1264/958 963/1265/961 14/19/14
f 960/1264/958 964/1266/962 963/1265/961
f 960/1261/958 962/1263/960 965/1267/963
f 960/1261/958 966/1268/964 961/1262/959
f 960/1264/958 14/19/14 966/1269/964
f 960/1261/958 965/1267/963 964/1270/962
f 967/1271/965 968/1272/966 969/1273/967
f 967/1274/965 970/1275/968 971/1276/969
f 967/1274/965 969/1277/967 970/1275/968
f 967/1271/965 972/1278/970 973/1279/971
f 967/1271/965 973/1279/971 968/1272/966
f 967/1271/965 971/1280/969 974/1281/972
f 967/1271/965 974/1281/972 972/1278/970
f 975/1282/973 976/1283/974 459/600/457
f 975/1282/973 977/1284/975 978/1285/976
f 975/1282/973 978/1285/976 979/1286/977
f 975/1282/973 459/600/457 455/596/453
f 975/1282/973 980/1287/978 977/1284/975
f 975/1282/973 455/596/453 980/1287/978
f 975/1282/973 979/1286/977 976/1283/974
f 183/1288/183 981/1289/979 184/1290/184
f 183/1291/183 192/1292/192 982/1293/980
f 183/1288/183 982/1294/980 981/1289/979
f 617/1295/615 983/1296/981 984/1297/982
f 617/1298/615 619/1299/617 985/1300/983
f 617/1295/615 984/1297/982 618/1301/616
f 617/1298/615 985/1300/983 983/1302/981
f 986/1303/984 987/1304/985 988/1305/986
f 986/1306/984 989/1307/987 990/1308/988
f 986/1303/984 988/1305/986 3/3/3
f 986/1306/984 3/1309/3 989/1307/987
f 986/1306/984 990/1308/988 991/1310/989
f 986/1306/984 991/1310/989 987/1311/985
f 992/1312/990 993/1313/991 994/1314/992
f 992/1315/990 995/1316/993 993/1317/991
f 992/1315/990 996/1318/994 995/1316/993
f 992/1312/990 994/1314/992 996/1319/994
f 997/1320/995 998/1321/996 999/1322/997
f 997/1320/995 1000/1323/998 998/1321/996
f 1001/1324/999 1002/1325/1000 715/936/713
f 1001/1324/999 1003/1326/1001 1002/1325/1000
f 1001/1324/999 1004/1327/1002 1005/1328/1003
f 1001/1324/999 715/936/713 1006/1329/1004
f 1001/1324/999 1006/1329/1004 1004/1327/1002
f 1001/1324/999 1005/1328/1003 1003/1326/1001
f 91/111/91 1007/1330/1005 1008/1331/1006
f 91/111/91 1009/1332/1007 1007/1330/1005
f 91/111/91 1008/1331/1006 92/112/92
f 91/111/91 96/116/96 1009/1332/1007
f 1010/1333/1008 1011/1334/1009 1012/1335/1010
f 1010/1336/1008 1013/1337/1011 1014/1338/1012
f 1010/1339/1008 1015/1340/1013 1016/1341/1014
f 1010/1333/1008 1017/1342/1015 1011/1334/1009
f 1010/1333/1008 1016/1343/1014 1017/1342/1015
f 1010/1344/1008 1018/1345/1016 1019/1346/1017
f 1010/1336/1008 1014/1338/1012 1015/1347/1013
f 1010/1336/1008 1019/1348/1017 1013/1337/1011
f 1010/1333/1008 1012/1335/1010 1018/1349/1016
f 1020/1350/1018 1021/1351/1019 1022/1352/1020
f 1020/1350/1018 1023/1353/1021 1021/1351/1019
f 1020/1350/1018 1024/1354/1022 1025/1355/1023
f 1020/1350/1018 1022/1352/1020 1024/1354/1022
f 1020/1350/1018 1026/1356/1024 1023/1353/1021
f 1020/1350/1018 1025/1355/1023 1026/1356/1024
f 419/545/417 421/544/419 1027/1357/1025
f 419/541/417 1028/1358/1026 420/542/418
f 419/541/417 1029/1359/1027 1028/1358/1026
f 419/541/417 1027/1360/1025 1029/1359/1027
f 1030/1361/1028 1031/1362/1029 1032/1363/1030
f 1030/1361/1028 1032/1363/1030 1033/1364/1031
f 1030/1361/1028 1034/1365/1032 654/857/652
f 1030/1361/1028 1033/1364/1031 1034/1365/1032
f 1030/1361/1028 654/857/652 650/852/648
f 1030/1361/1028 650/852/648 1031/1362/1029
f 1035/1366/1033 1036/1367/1034 1037/1368/1035
f 1035/1366/1033 1038/1369/1036 1036/1367/1034
f 1035/1366/1033 1039/1370/1037 1038/1369/1036
f 1035/1366/1033 1037/1368/1035 439/569/437
f 1035/1366/1033 439/569/437 1039/1370/1037
f 1040/1371/1038 792/1372/790 135/1373/135
f 1040/1374/1038 796/1044/794 793/1041/791
f 1040/1375/1038 135/167/135 136/168/136
f 1040/1374/1038 136/1376/136 796/1044/794
f 1040/1374/1038 793/1041/791 792/1040/790
f 1041/1377/1039 1042/1378/1040 1043/1379/1041
f 1041/1377/1039 1043/1379/1041 1044/1380/1042
f 1041/1377/1039 1044/1380/1042 1045/1381/1043
f 1041/1377/1039 1046/1382/1044 1047/1383/1045
f 1041/1377/1039 1047/1383/1045 1042/1378/1040
f 1041/1377/1039 1045/1381/1043 1046/1382/1044
f 280/352/188 1048/1384/1046 451/590/449
f 280/352/188 283/355/188 1048/1384/1046
f 280/352/188 450/589/448 281/353/280
f 280/352/188 451/590/449 450/589/448
f 1049/1385/1047 1050/1386/1048 1051/1387/1049
f 1049/1385/1047 1052/1388/1050 1053/1389/1051
f 1049/1385/1047 1054/1390/1052 1052/1388/1050
f 1049/1385/1047 1051/1387/1049 1054/1390/1052
f 1049/1385/1047 1053/1389/1051 1050/1386/1048
f 1055/1391/1053 1056/1392/1054 1057/1393/1055
f 1055/1391/1053 1058/1394/1056 1056/1392/1054
f 1055/1391/1053 1057/1393/1055 1059/1395/1057
f 1055/1391/1053 1059/1395/1057 1060/1396/1058
f 1055/1391/1053 1060/1396/1058 1058/1394/1056
f 1061/1397/1059 1062/1398/1060 1063/1399/1061
f 1061/1397/1059 322/409/320 324/411/322
f 1061/1400/1059 469/613/467 1062/1401/1060
f 1061/1400/1059 324/1402/322 469/613/467
f 1061/1397/1059 1063/1399/1061 322/409/320
f 1064/1403/1062 1065/1404/1063 1066/1405/1064
f 1064/1403/1062 1067/1406/1065 1068/1407/1066
f 1064/1408/1062 1068/1409/1066 110/132/110
f 1064/1403/1062 1066/1405/1064 1067/1406/1065
f 1064/1403/1062 110/138/110 111/137/111
f 1064/1403/1062 111/137/111 1065/1404/1063
f 1069/1410/1067 1070/1411/1068 1071/1412/1069
f 1069/1410/1067 53/68/53 1072/1413/1070
f 1069/1410/1067 1071/1412/1069 1073/1414/1071
f 1069/1410/1067 1073/1414/1071 53/68/53
f 1069/1410/1067 1072/1413/1070 1070/1411/1068
f 1074/1415/1072 1075/1416/1073 1076/1417/1074
f 1074/1415/1072 1077/1418/1075 1078/1419/1076
f 1074/1415/1072 1076/1417/1074 1079/1420/1077
f 1074/1415/1072 1079/1420/1077 1077/1418/1075
f 1074/1421/1072 612/808/610 1075/1422/1073
f 1074/1415/1072 1078/1419/1076 615/1423/613
f 1074/1415/1072 615/1423/613 612/1424/610
f 1080/1425/1078 1081/1426/1079 1082/1427/1080
f 1080/1428/1078 1083/1429/1081 1084/1430/1082
f 1080/1428/1078 1085/1431/1083 1081/1432/1079
f 1080/1428/1078 1084/1430/1082 1086/1433/1084
f 1080/1428/1078 1086/1433/1084 1085/1431/1083
f 1080/1428/1078 1082/1434/1080 1083/1429/1081
f 1087/1435/1085 1088/1436/1086 498/1437/496
f 1087/1435/1085 1089/1438/1087 1088/1436/1086
f 1087/1435/1085 1090/1439/1088 1089/1438/1087
f 1087/1440/1085 1091/1441/1089 1090/1442/1088
f 1087/1440/1085 497/1443/495 1091/1441/1089
f 1087/1444/1085 498/651/496 497/650/495
f 210/265/210 1013/1445/1011 1092/1446/1090
f 210/274/210 1093/1447/1091 1013/1448/1011
f 210/265/210 1094/1449/1092 211/266/211
f 210/265/210 1092/1446/1090 1094/1449/1092
f 210/274/210 214/273/214 1093/1447/1091
f 1095/1450/1093 1096/1451/1094 1097/1452/1095
f 1095/1450/1093 1097/1452/1095 1098/1453/1096
f 1095/1450/1093 1099/1454/1097 1100/1455/1098
f 1095/1450/1093 1101/1456/1099 1099/1454/1097
f 1095/1450/1093 1100/1455/1098 1096/1451/1094
f 1095/1457/1093 1098/1458/1096 1101/1459/1099
f 1102/1460/1100 1103/1461/1101 1104/1462/1102
f 1102/1460/1100 1105/1463/1103 1106/1464/1104
f 1102/1460/1100 1107/1465/1105 1108/1466/1106
f 1102/1460/1100 1108/1466/1106 1105/1463/1103
f 1102/1460/1100 1106/1464/1104 1103/1461/1101
f 1102/1460/1100 142/175/142 1107/1465/1105
f 1102/1460/1100 1104/1462/1102 142/175/142
f 1109/1467/1107 1110/1468/1108 1111/1469/1109
f 1109/1467/1107 1112/1470/1110 1113/1471/1111
f 1109/1472/1107 1114/1473/1112 1110/1474/1108
f 1109/1467/1107 1111/1469/1109 1112/1470/1110
f 1109/1472/1107 1113/1475/1111 1114/1473/1112
f 1115/1476/1113 1116/1477/1114 335/422/333
f 1115/1476/1113 1117/1478/1115 1118/1479/1116
f 1115/1476/1113 334/421/332 1117/1478/1115
f 1115/1476/1113 1118/1479/1116 1119/1480/1117
f 1115/1476/1113 335/422/333 334/421/332
f 1115/1476/1113 1119/1480/1117 1116/1477/1114
f 1120/1481/1118 1121/1482/1119 1122/1483/1120
f 1120/1481/1118 1122/1483/1120 1123/1484/1121
f 1120/1481/1118 1124/1485/1122 1121/1482/1119
f 1120/1481/1118 1125/1486/1123 1126/1487/1124
f 1120/1481/1118 1126/1487/1124 1124/1485/1122
f 1120/1481/1118 1123/1484/1121 1125/1486/1123
f 1127/1488/1125 1128/1489/1126 841/1490/839
f 1127/1491/1125 1129/1492/1127 1128/1493/1126
f 1127/1491/1125 841/1494/839 838/1495/836
f 1130/1496/1128 1131/1497/1129 1132/1498/1130
f 1130/1496/1128 1133/1499/1131 1134/1500/1132
f 1130/1496/1128 1135/1501/1133 1136/1502/1134
f 1130/1496/1128 1132/1498/1130 1135/1501/1133
f 1130/1496/1128 1136/1502/1134 1133/1499/1131
f 1130/1496/1128 1134/1500/1132 1131/1497/1129
f 1137/1503/1135 1138/1504/1136 359/454/357
f 1137/1503/1135 1139/1505/1137 631/830/629
f 1137/1503/1135 631/830/629 1138/1504/1136
f 1137/1503/1135 359/454/357 1139/1505/1137
f 1140/1506/1138 1141/1507/1139 1142/1508/1140
f 1140/1509/1138 1143/1510/1141 1141/1511/1139
f 1140/1512/1138 1144/1513/1142 1145/1514/1143
f 1140/1512/1138 1142/1515/1140 1144/1513/1142
f 1140/1509/1138 1145/1516/1143 1143/1510/1141
f 1146/1517/1144 1147/1518/1145 1148/1519/1146
f 1146/1517/1144 1149/1520/1147 1150/1521/1148
f 1146/1517/1144 1148/1519/1146 1149/1520/1147
f 1151/1522/1149 1152/1523/1150 1153/1524/1151
f 1151/1522/1149 1154/1525/1152 1155/1526/1153
f 1151/1522/1149 1156/1527/1154 1157/1528/1155
f 1151/1522/1149 1153/1524/1151 1156/1527/1154
f 1151/1522/1149 1155/1526/1153 1152/1523/1150
f 1151/1529/1149 1157/1530/1155 1158/1531/1156
f 1151/1529/1149 1158/1531/1156 1154/1532/1152
f 1159/1533/1157 1160/1534/1158 1161/1535/1159
f 1159/1533/1157 1162/1536/1160 1163/1537/1161
f 1159/1533/1157 1161/1535/1159 1164/1538/1162
f 1159/1533/1157 1165/1539/1163 1162/1536/1160
f 1159/1533/1157 1164/1538/1162 1165/1539/1163
f 1159/1533/1157 1163/1537/1161 1160/1534/1158
f 1166/1540/1164 529/692/527 670/1541/668
f 1166/1540/1164 1167/1542/1165 530/693/528
f 1166/1540/1164 670/1541/668 1168/1543/1166
f 1166/1540/1164 1168/1543/1166 1169/1544/1167
f 1166/1540/1164 1169/1544/1167 1167/1542/1165
f 1166/1540/1164 530/693/528 529/692/527
f 145/180/145 1170/1545/1168 146/181/146
f 145/180/145 149/188/149 1171/1546/1169
f 145/180/145 405/518/403 1170/1545/1168
f 145/180/145 1171/1546/1169 405/518/403
f 1172/1547/1170 306/385/304 1173/1548/1171
f 1172/1547/1170 1174/1549/1172 1175/1550/1173
f 1172/1547/1170 1175/1550/1173 307/386/305
f 1172/1547/1170 307/386/305 306/385/304
f 1172/1547/1170 1173/1548/1171 1176/1551/1174
f 1172/1547/1170 1176/1551/1174 1174/1549/1172
f 55/70/55 1177/1552/1175 56/71/56
f 60/77/60 1178/1553/1176 1179/1554/1177
f 60/77/60 64/81/64 1180/1555/1178
f 60/77/60 1179/1554/1177 1181/1556/1179
f 60/77/60 1180/1555/1178 1178/1553/1176
f 60/77/60 1181/1556/1179 61/78/61
f 1182/1557/1180 1183/1558/1181 1184/1559/1182
f 1182/1557/1180 1184/1559/1182 1185/1560/1183
f 1182/1561/1180 1186/1562/1184 1187/1563/1185
f 1182/1557/1180 1187/1564/1185 1183/1558/1181
f 1188/1565/1186 1189/1566/1187 1190/1567/1188
f 1188/1568/1186 239/302/239 1189/1569/1187
f 1188/1568/1186 240/303/240 239/302/239
f 1188/1570/1186 1190/1571/1188 754/1572/752
f 1188/1568/1186 754/1573/752 240/303/240
f 1191/1574/1189 1192/1575/1190 1193/1576/1191
f 1191/1574/1189 1194/1577/1192 1192/1575/1190
f 1191/1578/1189 1195/1579/1193 1196/1580/1194
f 1191/1574/1189 1193/1576/1191 1197/1581/1195
f 1191/1582/1189 1197/1583/1195 1195/1584/1193
f 1191/1578/1189 1196/1580/1194 1194/1585/1192
f 383/1586/381 1198/1587/1196 1199/1588/1197
f 383/484/381 1200/1589/1198 384/485/382
f 383/1586/381 1199/1588/1197 1201/1590/1199
f 1202/1591/1200 1203/1592/1201 1204/1593/1202
f 1202/1591/1200 1205/1594/1203 1206/1595/1204
f 1202/1591/1200 1204/1593/1202 1207/1596/1205
f 1202/1591/1200 1208/1597/1206 1205/1594/1203
f 1202/1591/1200 1207/1596/1205 1208/1597/1206
f 1202/1591/1200 1206/1595/1204 1203/1592/1201
f 1209/1598/1207 457/1599/455 1210/1600/1208
f 1209/1598/1207 458/1601/456 457/1599/455
f 1209/1598/1207 847/1105/845 458/1601/456
f 1211/1602/1209 1212/1603/1210 1213/1604/1211
f 1211/1602/1209 1213/1604/1211 1214/1605/1212
f 1215/1606/1213 1216/1607/1214 1217/1608/1215
f 1215/1606/1213 1218/1609/1216 1219/1610/1217
f 1215/1606/1213 1219/1610/1217 1220/1611/1218
f 1215/1606/1213 1220/1611/1218 1216/1607/1214
f 1215/1606/1213 1217/1608/1215 1221/1612/1219
f 1215/1606/1213 1221/1612/1219 1218/1609/1216
f 1222/1613/1220 1223/1614/1221 1224/1615/1222
f 1222/1616/1220 1224/1617/1222 775/1013/773
f 1222/1618/1220 774/1014/772 1223/1619/1221
f 1222/1616/1220 775/1013/773 774/1012/772
f 1225/1620/1223 1226/1621/1224 1227/1622/1225
f 1225/1620/1223 1228/1623/1226 1226/1621/1224
f 1225/1624/1223 1229/1625/1227 1230/1626/1228
f 1225/1627/1223 1231/1628/1229 1232/1629/1230
f 1225/1627/1223 1232/1629/1230 1228/1630/1226
f 1225/1631/1223 1227/1632/1225 1229/1633/1227
f 1225/1627/1223 1230/1634/1228 1231/1628/1229
f 892/1168/890 1233/1635/1231 636/1636/634
f 892/1168/890 1234/1637/1232 1233/1635/1231
f 892/1168/890 636/1636/634 893/1169/891
f 892/1168/890 896/1174/894 1234/1637/1232
f 1235/1638/1233 1236/1639/1234 1237/1640/1235
f 1235/1641/1233 1238/1642/1236 1239/1643/1237
f 1235/1638/1233 1240/1644/1238 1236/1639/1234
f 1235/1641/1233 1239/1643/1237 1241/1645/1239
f 1235/1638/1233 1241/1646/1239 1240/1644/1238
f 1235/1641/1233 1237/1647/1235 1238/1642/1236
f 1242/1648/1240 1243/1649/1241 1244/1650/1242
f 1242/1648/1240 1245/1651/1243 1246/1652/1244
f 1242/1648/1240 1246/1652/1244 1243/1649/1241
f 1242/1648/1240 1244/1650/1242 300/379/298
f 1242/1648/1240 300/379/298 1245/1651/1243
f 1247/1653/1245 1248/1654/1246 1249/1655/1247
f 1247/1656/1245 1250/1657/1248 1251/1658/1249
f 1247/1656/1245 744/980/742 748/979/746
f 1247/1656/1245 1249/1659/1247 744/980/742
f 1247/1660/1245 1251/1661/1249 1248/1662/1246
f 1247/1656/1245 748/979/746 1250/1657/1248
f 1065/1663/1063 1252/1664/1250 1253/1665/1251
f 1065/1663/1063 1253/1665/1251 1254/1666/1252
f 1065/1404/1063 1254/1667/1252 1066/1405/1064
f 1065/1663/1063 111/135/111 1252/1664/1250
f 1255/1668/1253 422/547/420 114/141/114
f 1255/1669/1253 1167/1670/1165 423/549/421
f 1255/1668/1253 423/548/421 422/547/420
f 1255/1668/1253 114/141/114 11/13/11
f 1255/1668/1253 11/13/11 530/695/528
f 1255/1669/1253 530/1671/528 1167/1670/1165
f 1256/1672/1254 1257/1673/1255 1258/1674/1256
f 1256/1672/1254 1259/1675/1257 1260/1676/1258
f 1256/1672/1254 1260/1676/1258 1257/1673/1255
f 1256/1672/1254 1261/1677/1259 1262/1678/1260
f 1256/1672/1254 1258/1674/1256 1261/1677/1259
f 1256/1672/1254 1262/1678/1260 1259/1675/1257
f 1263/1679/1261 993/1317/991 995/1316/993
f 1263/1680/1261 1264/1681/1262 993/1313/991
f 1263/1680/1261 995/1682/993 1265/1683/1263
f 1263/1680/1261 1266/1684/1264 1267/1685/1265
f 1263/1680/1261 1267/1685/1265 1264/1681/1262
f 1263/1680/1261 1265/1683/1263 1266/1684/1264
f 1268/1686/1266 1269/1687/1267 1270/1688/1268
f 1268/1686/1266 387/488/385 389/490/387
f 1268/1686/1266 1271/1689/1269 1269/1687/1267
f 1268/1686/1266 1272/1690/1270 387/488/385
f 1268/1686/1266 389/490/387 1271/1689/1269
f 1268/1691/1266 1270/1692/1268 1272/1693/1270
f 1273/1694/1271 1274/1695/1272 1275/1696/1273
f 1273/1694/1271 1275/1696/1273 1276/1697/1274
f 1273/1694/1271 1107/1465/1105 142/175/142
f 1273/1694/1271 1276/1697/1274 1107/1465/1105
f 1273/1694/1271 142/175/142 143/176/143
f 1273/1694/1271 143/176/143 1274/1695/1272
f 398/510/396 1277/1698/1275 1278/1699/1276
f 398/1700/396 404/1701/402 1277/1702/1275
f 398/510/396 1278/1699/1276 399/511/397
f 1279/1703/1277 1280/1704/1278 1281/1705/1279
f 1279/1706/1277 1282/1707/1280 1280/1708/1278
f 1279/1703/1277 1283/1709/1281 1284/1710/1282
f 1279/1703/1277 1285/1711/1283 1283/1709/1281
f 1279/1706/1277 1284/1712/1282 1286/1713/1284
f 1279/1706/1277 1286/1713/1284 1282/1707/1280
f 1279/1703/1277 1281/1705/1279 1285/1711/1283
f 1287/1714/1285 1288/1715/1286 1289/1716/1287
f 1287/1714/1285 1290/1717/1288 1288/1715/1286
f 1287/1714/1285 1291/1718/1289 1290/1717/1288
f 1292/1719/1290 1293/1720/1291 942/1721/940
f 1292/1719/1290 1294/1722/1292 1295/1723/1293
f 1292/1719/1290 942/1721/940 1296/1724/1294
f 1292/1719/1290 1296/1724/1294 737/1725/735
f 1292/1719/1290 1295/1723/1293 1293/1720/1291
f 1292/1719/1290 737/1725/735 1294/1722/1292
f 1021/1726/1019 1297/1727/1295 1298/1728/1296
f 1021/1726/1019 1299/1729/1297 1022/1730/1020
f 1021/1351/1019 1023/1353/1021 1297/1731/1295
f 1021/1726/1019 1298/1728/1296 1300/1732/1298
f 1021/1726/1019 1300/1732/1298 1299/1729/1297
f 476/622/474 180/225/180 1301/1733/1299
f 476/622/474 1301/1733/1299 1302/1734/1300
f 476/622/474 1302/1734/1300 477/623/475
f 1303/1735/1301 1304/1736/1302 1305/1737/1303
f 1303/1735/1301 1144/1513/1142 1142/1515/1140
f 1303/1735/1301 1142/1515/1140 1304/1736/1302
f 1303/1735/1301 1306/1738/1304 1307/1739/1305
f 1303/1735/1301 1307/1739/1305 1144/1513/1142
f 1303/1735/1301 1305/1737/1303 1306/1738/1304
f 1308/1740/1306 196/248/196 1309/1741/1307
f 1308/1742/1306 1309/1743/1307 1310/1744/1308
f 1308/1742/1306 1311/1745/1309 1312/1746/1310
f 1308/1742/1306 1310/1744/1308 1311/1745/1309
f 1308/1742/1306 1312/1746/1310 1313/1747/1311
f 1308/1742/1306 1313/1747/1311 196/241/196
f 1314/1748/1312 207/259/207 1315/1749/1313
f 1314/1748/1312 1316/1750/1314 207/259/207
f 1314/1748/1312 1315/1749/1313 1317/1751/1315
f 1318/1752/1316 1319/1753/1317 376/474/374
f 1318/1754/1316 1320/1755/1318 1321/1756/1319
f 1318/1754/1316 1322/1757/1320 1319/1758/1317
f 1318/1752/1316 376/474/374 1323/1759/1321
f 1318/1752/1316 1323/1759/1321 1324/1760/1322
f 1318/1752/1316 1325/1761/1323 1320/1762/1318
f 1318/1754/1316 1321/1756/1319 1322/1757/1320
f 1318/1752/1316 1324/1760/1322 1325/1761/1323
f 1326/1763/1324 1327/1764/1325 1328/1765/1326
f 1326/1763/1324 1329/1766/1327 1330/1767/1328
f 1326/1763/1324 1328/1765/1326 1329/1766/1327
f 273/345/273 278/350/278 448/585/446
f 273/345/273 448/585/446 449/586/447
f 273/345/273 449/586/447 274/346/274
f 1331/1768/1329 1332/1769/1330 1333/1770/1331
f 1331/1768/1329 1334/1771/1332 1335/1772/1333
f 1331/1768/1329 1335/1772/1333 1332/1769/1330
f 1331/1768/1329 1336/1773/1334 1334/1771/1332
f 1337/1774/1335 1338/1775/1336 1339/1776/1337
f 1337/1774/1335 1340/1777/1338 1338/1775/1336
f 1337/1774/1335 287/362/285 286/359/284
f 1337/1774/1335 1341/1778/1339 1340/1777/1338
f 1337/1774/1335 1339/1776/1337 287/362/285
f 1337/1774/1335 286/359/284 1341/1778/1339
f 1342/1779/1340 1343/1780/1341 292/1781/290
f 1342/1779/1340 1344/1782/1342 1343/1780/1341
f 1342/1779/1340 292/1781/290 293/1783/291
f 1342/1779/1340 1345/1784/1343 1344/1782/1342
f 1342/1779/1340 293/1783/291 1345/1784/1343
f 421/544/419 423/549/421 1346/1785/1344
f 421/544/419 1346/1785/1344 1347/1786/1345
f 421/544/419 1347/1786/1345 1027/1357/1025
f 1348/1787/1346 1349/1788/1347 1350/1789/1348
f 1348/1787/1346 1350/1789/1348 1351/1790/1349
f 1348/1787/1346 1351/1790/1349 1352/1791/1350
f 1348/1787/1346 1352/1791/1350 1353/1792/1351
f 1348/1787/1346 1354/1793/1352 1349/1788/1347
f 1348/1787/1346 1353/1792/1351 1354/1793/1352
f 1355/1794/1353 1356/1795/1354 1357/1796/1355
f 1355/1797/1353 1358/1798/1356 1359/1799/1357
f 1355/1800/1353 410/526/408 213/1801/213
f 1355/1797/1353 213/272/213 1358/1798/1356
f 1355/1794/1353 1019/1346/1017 1356/1795/1354
f 1355/1802/1353 1359/1803/1357 1019/1348/1017
f 1355/1800/1353 1357/1804/1355 410/526/408
f 1360/1805/1358 1361/1806/1359 1362/1807/1360
f 1360/1805/1358 1363/1808/1361 613/809/611
f 1360/1805/1358 613/809/611 1364/1809/1362
f 1360/1810/1358 1362/1811/1360 1365/1812/1363
f 1360/1805/1358 1366/1813/1364 1363/1808/1361
f 1360/1805/1358 1365/1814/1363 1366/1813/1364
f 1360/1805/1358 1364/1809/1362 1361/1806/1359
f 1367/1815/1365 1368/1816/1366 1369/1817/1367
f 1367/1815/1365 1370/1818/1368 1371/1819/1369
f 1367/1815/1365 1371/1819/1369 1372/1820/1370
f 1367/1815/1365 1369/1817/1367 1370/1818/1368
f 1367/1815/1365 1372/1820/1370 1368/1816/1366
f 976/1283/974 457/598/455 459/600/457
f 976/1283/974 1373/1821/1371 457/598/455
f 976/1283/974 979/1286/977 1373/1821/1371
f 1374/1822/1372 1375/1823/1373 312/394/310
f 1374/1824/1372 312/399/310 1376/1825/1374
f 1374/1824/1372 1376/1825/1374 466/1826/464
f 1374/1822/1372 466/1827/464 463/604/461
f 1374/1822/1372 1377/1828/1375 1375/1823/1373
f 1374/1822/1372 463/604/461 1377/1828/1375
f 1378/1829/1376 1379/1830/1377 919/1204/917
f 1378/1831/1376 1380/1832/1378 1381/1833/1379
f 1378/1831/1376 1381/1833/1379 1382/1834/1380
f 1378/1829/1376 919/1204/917 1380/1835/1378
f 717/939/715 1383/1836/1381 718/940/716
f 717/939/715 1384/1837/1382 1383/1836/1381
f 717/939/715 721/943/719 1384/1837/1382
f 1385/1838/1383 1250/1657/1248 746/977/744
f 1385/1839/1383 745/1840/743 1386/1841/1384
f 1385/1838/1383 1386/1842/1384 1387/1843/1385
f 1385/1838/1383 746/977/744 745/976/743
f 1385/1838/1383 1387/1843/1385 1250/1657/1248
f 1388/1844/1386 1389/1845/1387 1390/1846/1388
f 1388/1844/1386 1391/1847/1389 1392/1848/1390
f 1388/1844/1386 1392/1848/1390 1389/1845/1387
f 1388/1849/1386 635/834/633 1391/1850/1389
f 1388/1851/1386 1390/1852/1388 1393/1853/1391
f 1388/1851/1386 1393/1853/1391 635/1854/633
f 1394/1855/1392 1395/1856/1393 1396/1857/1394
f 1394/1855/1392 1396/1857/1394 1397/1858/1395
f 1394/1855/1392 1397/1858/1395 1398/1859/1396
f 1394/1855/1392 1399/1860/1397 1395/1856/1393
f 1394/1855/1392 1398/1859/1396 1399/1860/1397
f 1400/1861/1398 1401/1862/1399 1402/1863/1400
f 1400/1861/1398 1402/1863/1400 945/1243/943
f 1400/1861/1398 1403/1864/1401 1401/1862/1399
f 1400/1861/1398 945/1243/943 1404/1865/1402
f 1400/1866/1398 1404/1867/1402 1405/1868/1403
f 1400/1866/1398 1405/1868/1403 1403/1869/1401
f 1406/1870/1404 1407/1871/1405 1408/1872/1406
f 1406/1870/1404 1408/1872/1406 1409/1873/1407
f 1406/1870/1404 1410/1874/1408 1407/1871/1405
f 243/306/243 1411/1875/1409 1412/1876/1410
f 243/306/243 1412/1876/1410 244/307/244
f 243/306/243 247/314/247 1411/1875/1409
f 250/316/250 1413/1877/1411 446/1878/444
f 250/1879/250 444/577/442 251/1880/251
f 250/316/250 255/324/255 1413/1877/1411
f 250/1879/250 446/581/444 444/577/442
f 1414/1881/1412 1415/1882/1413 1416/1883/1414
f 1414/1881/1412 1417/1884/1415 1418/1885/1416
f 1414/1881/1412 1416/1883/1414 1417/1884/1415
f 1414/1881/1412 1418/1885/1416 1419/1886/1417
f 1414/1881/1412 1419/1886/1417 1415/1882/1413
f 1420/1887/1418 1421/1888/1419 592/775/590
f 1420/1889/1418 592/777/590 155/197/155
f 1420/1890/1418 155/1891/155 1422/1892/1420
f 1420/1890/1418 1422/1892/1420 1421/1893/1419
f 1056/1392/1054 1423/1894/1421 80/100/80
f 1056/1392/1054 1058/1394/1056 1423/1894/1421
f 1056/1392/1054 80/100/80 1424/1895/1422
f 1056/1392/1054 1424/1895/1422 1057/1393/1055
f 468/612/466 1062/1401/1060 469/613/467
f 468/1896/466 276/348/276 275/347/275
f 468/1896/466 275/347/275 1425/1897/1423
f 468/612/466 1425/1898/1423 1062/1401/1060
f 1426/1899/1424 1427/1900/1425 1428/1901/1426
f 1426/1899/1424 1428/1901/1426 1429/1902/1427
f 1426/1903/1424 1430/1904/1428 1431/1905/1429
f 1426/1903/1424 1431/1905/1429 1427/1906/1425
f 1426/1903/1424 1432/1907/1430 1430/1904/1428
f 1426/1899/1424 1429/1902/1427 1432/1908/1430
f 1433/1909/1431 1434/1910/1432 1072/1413/1070
f 1433/1911/1431 49/1912/49 1435/1913/1433
f 1433/1909/1431 53/68/53 50/65/50
f 1433/1909/1431 50/65/50 49/64/49
f 1433/1909/1431 1435/1914/1433 1434/1910/1432
f 1433/1909/1431 1072/1413/1070 53/68/53
f 830/1084/828 833/1087/831 1436/1915/1434
f 830/1084/828 1436/1915/1434 1437/1916/1435
f 830/1084/828 1438/1917/1436 831/1085/829
f 830/1084/828 1437/1916/1435 1438/1917/1436
f 487/644/485 1439/1918/1437 1440/1919/1438
f 487/636/485 1440/1920/1438 488/637/486
f 487/644/485 491/641/489 1439/1918/1437
f 1441/1921/1439 1442/1922/1440 1443/1923/1441
f 1441/1921/1439 1443/1923/1441 1444/1924/1442
f 1441/1925/1439 624/820/622 1445/1926/1443
f 1441/1921/1439 1446/1927/1444 625/824/623
f 1441/1921/1439 1444/1924/1442 1446/1927/1444
f 1441/1925/1439 625/821/623 624/820/622
f 1441/1925/1439 1445/1926/1443 1442/1928/1440
f 724/952/722 1447/1929/1445 1448/1930/1446
f 724/952/722 1449/1931/1447 1447/1929/1445
f 724/946/722 1450/1932/1448 725/947/723
f 724/952/722 728/951/726 1449/1931/1447
f 724/946/722 1448/1933/1446 1450/1932/1448
f 1451/1934/1449 1452/1935/1450 937/1229/935
f 1451/1934/1449 1371/1936/1369 1452/1935/1450
f 1451/1937/1449 1453/1938/1451 1454/1939/1452
f 1451/1937/1449 1454/1939/1452 1371/1940/1369
f 1451/1934/1449 937/1229/935 933/1222/931
f 1451/1934/1449 933/1222/931 1453/1941/1451
f 898/1942/896 1455/1943/1453 899/1944/897
f 898/1945/896 1456/1946/1454 1457/1947/1455
f 898/1948/896 900/1949/898 1456/1950/1454
f 898/1942/896 1457/1951/1455 1458/1952/1456
f 898/1942/896 1458/1952/1456 1455/1943/1453
f 1459/1953/1457 1460/1954/1458 1461/1955/1459
f 1459/1956/1457 1462/1957/1460 1460/1958/1458
f 1459/1953/1457 1463/1959/1461 1464/1960/1462
f 1459/1953/1457 1461/1955/1459 1465/1961/1463
f 1459/1953/1457 1466/1962/1464 1463/1959/1461
f 1459/1956/1457 1464/1963/1462 1462/1957/1460
f 1459/1953/1457 1465/1961/1463 1466/1962/1464
f 25/31/25 28/36/28 951/1252/949
f 954/1255/952 339/431/337 955/1256/953
f 954/1964/952 1467/1965/1465 1468/1966/1466
f 954/1964/952 959/1967/957 1467/1965/1465
f 954/1964/952 1468/1966/1466 339/427/337
f 777/1968/775 1469/1969/1467 778/1970/776
f 777/1968/775 1470/1971/1468 1471/1972/1469
f 777/1968/775 1471/1972/1469 1472/1973/1470
f 777/1968/775 1472/1973/1470 1469/1969/1467
f 777/1968/775 780/1974/778 1470/1971/1468
f 781/1022/779 1473/1975/1471 350/1023/348
f 781/1022/779 1474/1976/1472 1475/1977/1473
f 781/1022/779 1475/1977/1473 1473/1975/1471
f 681/895/679 1476/1978/1474 1477/1979/1475
f 681/895/679 1477/1979/1475 682/896/680
f 681/895/679 685/899/683 1476/1978/1474
f 1478/1980/1476 363/458/361 1479/1981/1477
f 1478/1980/1476 1480/1982/1478 364/459/362
f 1478/1980/1476 364/459/362 363/458/361
f 1478/1980/1476 1124/1983/1122 1126/1984/1124
f 1478/1980/1476 1126/1984/1124 1480/1982/1478
f 1478/1980/1476 1479/1981/1477 1124/1983/1122
f 692/909/690 343/439/341 693/910/691
f 692/909/690 695/912/693 1481/1985/1479
f 692/909/690 1481/1985/1479 343/439/341
f 1482/1986/1480 1483/1987/1481 1484/1988/1482
f 1482/1986/1480 1484/1988/1482 1485/1989/1483
f 1482/1990/1480 372/470/370 1486/1991/1484
f 1482/1986/1480 1487/1992/1485 1483/1987/1481
f 1482/1990/1480 1488/1993/1486 372/470/370
f 1482/1986/1480 1486/1994/1484 1487/1992/1485
f 1482/1986/1480 1485/1989/1483 1488/1995/1486
f 1489/1996/1487 1490/1997/1488 1491/1998/1489
f 1489/1999/1487 1492/2000/1490 1493/2001/1491
f 1489/1996/1487 1493/2002/1491 1490/1997/1488
f 1489/1999/1487 1494/2003/1492 1492/2000/1490
f 1489/1999/1487 1491/2004/1489 1283/1709/1281
f 1489/1999/1487 1283/1709/1281 1494/2003/1492
f 157/200/157 1495/2005/1493 1496/2006/1494
f 157/200/157 1496/2006/1494 158/201/158
f 157/200/157 160/203/160 1495/2005/1493
f 579/758/577 581/760/579 1497/2007/1495
f 1498/2008/1496 1499/2009/1497 800/1048/798
f 1498/2010/1496 1500/2011/1498 587/766/585
f 1498/2008/1496 1501/2012/1499 1499/2009/1497
f 1498/2008/1496 587/2013/585 1502/2014/1500
f 1498/2008/1496 800/1048/798 1500/2015/1498
f 1498/2008/1496 1502/2014/1500 1501/2012/1499
f 1503/2016/1501 1504/2017/1502 1505/2018/1503
f 1503/2016/1501 322/409/320 1063/1399/1061
f 1503/2016/1501 1505/2018/1503 323/410/321
f 1503/2016/1501 1506/2019/1504 1504/2017/1502
f 1503/2016/1501 323/410/321 322/409/320
f 1503/2016/1501 1063/1399/1061 1506/2019/1504
f 1507/2020/1505 1508/2021/1506 1509/2022/1507
f 1507/2020/1505 1510/2023/1508 1511/2024/1509
f 1507/2020/1505 1512/2025/1510 1513/2026/1511
f 1507/2020/1505 1509/2022/1507 1510/2023/1508
f 1507/2020/1505 1513/2026/1511 1508/2021/1506
f 1507/2020/1505 1511/2024/1509 1514/2027/1512
f 1507/2020/1505 1514/2027/1512 1512/2025/1510
f 1515/2028/1513 1516/2029/1514 27/35/27
f 1515/2028/1513 26/34/26 869/2030/867
f 1515/2028/1513 869/2030/867 1517/2031/1515
f 1515/2028/1513 1518/2032/1516 1516/2029/1514
f 1515/2028/1513 27/35/27 26/34/26
f 1515/2028/1513 1517/2031/1515 1518/2032/1516
f 30/40/30 1519/2033/1517 1520/2034/1518
f 30/40/30 1520/2034/1518 31/41/31
f 30/40/30 1521/2035/1519 1519/2033/1517
f 30/40/30 33/43/33 1521/2035/1519
f 1522/2036/1520 1523/2037/1521 1524/2038/1522
f 1522/2036/1520 1524/2038/1522 1525/2039/1523
f 1522/2036/1520 1525/2039/1523 1526/2040/1524
f 1527/2041/1525 1528/2042/1526 1529/2043/1527
f 1527/2041/1525 756/2044/754 759/2045/757
f 1527/2046/1525 759/2047/757 1528/2048/1526
f 1527/2041/1525 1530/2049/1528 756/2044/754
f 1527/2041/1525 1529/2043/1527 1530/2049/1528
f 1531/2050/1529 1532/2051/1530 1533/2052/1531
f 1531/2050/1529 1534/2053/1532 1073/1414/1071
f 1531/2050/1529 1533/2052/1531 1535/2054/1533
f 1531/2050/1529 1535/2054/1533 1536/2055/1534
f 1531/2050/1529 1071/1412/1069 1532/2051/1530
f 1531/2050/1529 1073/1414/1071 1071/1412/1069
f 1531/2050/1529 1536/2055/1534 1534/2053/1532
f 1537/2056/1535 1538/2057/1536 1539/2058/1537
f 1537/2056/1535 832/2059/830 1538/2057/1536
f 1537/2056/1535 1540/2060/1538 1541/2061/1539
f 1537/2056/1535 1542/2062/1540 1540/2060/1538
f 1537/2056/1535 1539/2058/1537 1542/2062/1540
f 1537/2056/1535 1541/2061/1539 832/2059/830
f 1543/2063/1541 1544/2064/1542 734/962/732
f 1543/2063/1541 1545/2065/1543 1546/2066/1544
f 1543/2063/1541 734/962/732 1545/2065/1543
f 1543/2063/1541 1546/2066/1544 1547/2067/1545
f 1543/2068/1541 1547/2069/1545 1544/2070/1542
f 1096/2071/1094 1548/2072/1546 1464/1963/1462
f 1096/2071/1094 1464/1963/1462 1097/2073/1095
f 1549/2074/1547 1550/2075/1548 436/566/434
f 1549/2076/1547 658/867/656 660/866/658
f 1549/2076/1547 660/866/658 1550/2077/1548
f 1549/2074/1547 436/566/434 1037/1368/1035
f 1549/2078/1547 1551/2079/1549 658/2080/656
f 1549/2078/1547 1037/2081/1035 1551/2079/1549
f 270/342/270 1552/2082/1550 271/343/271
f 1553/2083/1551 1554/2084/1552 1555/2085/1553
f 1553/2083/1551 1556/2086/1554 921/2087/919
f 1553/2088/1551 921/1206/919 923/1208/921
f 1553/2083/1551 1557/2089/1555 1556/2086/1554
f 1553/2083/1551 1555/2085/1553 1557/2089/1555
f 1553/2088/1551 923/1208/921 1554/2090/1552
f 1558/2091/1556 1559/2092/1557 1560/2093/1558
f 1558/2091/1556 1561/2094/1559 1401/1862/1399
f 1558/2091/1556 1560/2093/1558 1562/2095/1560
f 1558/2091/1556 1401/1862/1399 1559/2092/1557
f 1558/2091/1556 1562/2095/1560 1563/2096/1561
f 1558/2091/1556 1563/2096/1561 1561/2094/1559
f 1050/1386/1048 1564/2097/1562 1051/1387/1049
f 1050/1386/1048 1565/2098/1563 1564/2097/1562
f 1050/1386/1048 1053/1389/1051 1565/2098/1563
f 540/709/538 1566/2099/1564 1567/2100/1565
f 540/709/538 544/713/542 772/1010/770
f 540/709/538 1567/2100/1565 1568/2101/1566
f 540/709/538 772/1010/770 1566/2099/1564
f 540/709/538 1568/2101/1566 541/710/539
f 1569/2102/1567 1570/2103/1568 1571/2104/1569
f 1569/2102/1567 1572/2105/1570 619/2106/617
f 1569/2102/1567 1573/2107/1571 1574/2108/1572
f 1569/2102/1567 619/2106/617 620/2109/618
f 1569/2102/1567 620/2109/618 1573/2107/1571
f 1569/2102/1567 1571/2104/1569 1572/2105/1570
f 1569/2102/1567 1574/2108/1572 1570/2103/1568
f 1575/2110/1573 552/724/550 560/733/558
f 1575/2110/1573 1576/2111/1574 552/724/550
f 1575/2110/1573 560/733/558 1577/2112/1575
f 124/2113/124 1578/2114/1576 1579/2115/1577
f 124/2113/124 127/2116/127 1578/2114/1576
f 124/151/124 1579/2117/1577 125/152/125
f 131/163/131 1269/1687/1267 1580/2118/1578
f 131/2119/131 135/2120/135 1581/2121/1579
f 131/163/131 1580/2118/1578 132/164/132
f 131/163/131 1581/2122/1579 1269/1687/1267
f 1582/2123/1580 1583/2124/1581 140/173/140
f 1582/2125/1580 1584/2126/1582 1583/2127/1581
f 1582/2123/1580 140/173/140 1104/1462/1102
f 1582/2123/1580 1104/1462/1102 1584/2128/1582
f 1585/2129/1583 1299/1729/1297 1300/1732/1298
f 1585/2129/1583 1586/2130/1584 1587/2131/1585
f 1585/2129/1583 1588/2132/1586 1589/2133/1587
f 1585/2129/1583 1589/2133/1587 1586/2130/1584
f 1585/2129/1583 1300/1732/1298 1588/2132/1586
f 1585/2129/1583 1587/2131/1585 1299/1729/1297
f 1319/1758/1317 1322/1757/1320 1590/2134/1588
f 1319/2135/1317 1590/2136/1588 377/2137/375
f 1319/1753/1317 377/475/375 376/474/374
f 1591/2138/1589 1592/2139/1590 1593/2140/1591
f 1591/2138/1589 386/2141/384 1592/2139/1590
f 1591/2142/1589 388/489/386 386/487/384
f 1591/2138/1589 1593/2140/1591 162/2143/162
f 1591/2142/1589 161/2144/161 388/489/386
f 1591/2142/1589 162/2145/162 161/2144/161
f 642/1231/640 1594/2146/1592 939/1232/937
f 642/841/640 1595/2147/1593 643/842/641
f 642/841/640 941/1235/939 1595/2147/1593
f 642/848/640 646/846/644 1594/2148/1592
f 739/970/737 1596/2149/1594 1597/2150/1595
f 739/970/737 1598/2151/1596 740/971/738
f 739/970/737 742/973/740 1596/2149/1594
f 739/970/737 1597/2150/1595 1598/2151/1596
f 1599/2152/1597 1600/2153/1598 1601/2154/1599
f 1599/2155/1597 1602/2156/1600 1603/2157/1601
f 1599/2158/1597 1604/2159/1602 1602/2160/1600
f 1599/2155/1597 1603/2157/1601 1605/2161/1603
f 1599/2152/1597 1601/2154/1599 1604/2162/1602
f 1599/2163/1597 1605/2164/1603 1600/2165/1598
f 1606/2166/1604 337/2167/335 1607/2168/1605
f 1606/2166/1604 1608/2169/1606 1609/2170/1607
f 1606/2166/1604 1609/2170/1607 337/2167/335
f 1606/2171/1604 1607/2172/1605 1541/2061/1539
f 1606/2166/1604 1541/2173/1539 1608/2169/1606
f 1610/2174/1608 1128/2175/1126 1611/2176/1609
f 1610/2174/1608 840/2177/838 841/2178/839
f 1610/2174/1608 1612/2179/1610 840/2177/838
f 1610/2174/1608 1611/2176/1609 1613/2180/1611
f 1610/2174/1608 841/2178/839 1128/2175/1126
f 1610/2174/1608 1613/2180/1611 1612/2179/1610
f 1473/2181/1471 1614/2182/1612 1315/1749/1313
f 1473/1975/1471 1475/1977/1473 1614/2183/1612
f 1473/2184/1471 206/257/206 350/444/348
f 1473/2181/1471 1315/1749/1313 206/261/206
f 1615/2185/1613 1616/2186/1614 595/780/593
f 1615/2187/1613 373/471/371 372/470/370
f 1615/2185/1613 372/2188/370 1617/2189/1615
f 1615/2185/1613 1617/2189/1615 1616/2186/1614
f 1615/2187/1613 595/784/593 373/471/371
f 1618/2190/1616 1619/2191/1617 1620/2192/1618
f 1618/2190/1616 1621/2193/1619 1622/2194/1620
f 1618/2195/1616 1622/2196/1620 1623/2197/1621
f 1618/2190/1616 1620/2192/1618 1621/2193/1619
f 1618/2195/1616 1623/2197/1621 1624/2198/1622
f 1618/2195/1616 1624/2198/1622 1619/2199/1617
f 673/892/671 864/1129/862 1625/2200/1623
f 673/884/671 260/329/260 674/885/672
f 673/2201/671 261/332/261 260/2202/260
f 673/2201/671 1625/2203/1623 604/792/602
f 673/892/671 679/891/677 864/1129/862
f 673/2201/671 604/792/602 261/332/261
f 987/1304/985 1626/2204/1624 1627/2205/1625
f 987/1304/985 1627/2205/1625 988/1305/986
f 987/2206/985 991/2207/989 1626/2208/1624
f 289/364/287 523/1170/521 290/365/288
f 289/364/287 291/366/289 1234/1637/1232
f 289/364/287 1234/1637/1232 894/1171/892
f 289/364/287 894/1171/892 523/1170/521
f 1628/2209/1626 1629/2210/1627 1347/1786/1345
f 1628/2211/1626 1169/1544/1167 1630/2212/1628
f 1628/2209/1626 1630/2213/1628 1629/2210/1627
f 1628/2211/1626 1346/2214/1344 1169/1544/1167
f 1628/2209/1626 1347/1786/1345 1346/1785/1344
f 1349/1788/1347 431/559/429 301/560/299
f 1349/2215/1347 301/380/299 1244/1650/1242
f 1349/1788/1347 1354/1793/1352 431/559/429
f 1349/1788/1347 1244/2216/1242 1350/1789/1348
f 1011/2217/1009 1631/2218/1629 1632/2219/1630
f 1011/1334/1009 1017/1342/1015 1633/2220/1631
f 1011/2221/1009 1632/2222/1630 1012/2223/1010
f 1011/2224/1009 1634/2225/1632 1631/2226/1629
f 1011/2224/1009 1633/2227/1631 1634/2225/1632
f 1635/2228/1633 1636/2229/1634 1101/1459/1099
f 1635/2228/1633 1637/2230/1635 483/2231/481
f 1635/2228/1633 1638/2232/1636 1637/2230/1635
f 1635/2228/1633 1101/1459/1099 1098/1458/1096
f 1635/2228/1633 483/2231/481 1636/2229/1634
f 1635/2228/1633 1098/1458/1096 1638/2232/1636
f 1639/2233/1637 223/283/223 225/285/225
f 1639/2233/1637 225/285/225 1180/2234/1178
f 1639/2233/1637 1180/2234/1178 66/2235/66
f 1639/2236/1637 66/84/66 1640/2237/1638
f 1639/2236/1637 1640/2237/1638 223/2238/223
f 1641/2239/1639 1642/2240/1640 653/856/651
f 1641/2241/1639 653/858/651 1034/1365/1032
f 1643/2242/1641 1644/2243/1642 1645/2244/1643
f 1643/2242/1641 264/2245/264 909/2246/907
f 1643/2242/1641 909/2246/907 73/93/73
f 1643/2242/1641 73/93/73 75/95/75
f 1643/2242/1641 75/95/75 1644/2243/1642
f 1643/2242/1641 1645/2244/1643 1646/2247/1644
f 1643/2242/1641 1646/2247/1644 264/2245/264
f 1647/2248/1645 77/97/77 1648/2249/1646
f 1647/2248/1645 1649/2250/1647 77/97/77
f 1647/2248/1645 575/2251/573 1649/2250/1647
f 1650/2252/1648 1651/2253/1649 1652/2254/1650
f 1650/2252/1648 812/1063/810 816/1068/814
f 1650/2252/1648 1653/2255/1651 812/1063/810
f 1650/2252/1648 1654/2256/1652 1653/2255/1651
f 1650/2252/1648 816/1068/814 1651/2253/1649
f 1650/2252/1648 1652/2254/1650 1654/2256/1652
f 1655/2257/1653 472/618/470 1068/1409/1066
f 1655/2257/1653 1656/2258/1654 1657/2259/1655
f 1655/2257/1653 1068/1409/1066 1658/2260/1656
f 1655/2257/1653 1659/2261/1657 1656/2258/1654
f 1655/2257/1653 1657/2259/1655 472/618/470
f 1655/2257/1653 1658/2260/1656 1659/2261/1657
f 1248/1662/1246 1660/2262/1658 1661/2263/1659
f 1248/1662/1246 1251/1661/1249 1662/2264/1660
f 1248/1662/1246 1661/2263/1659 1249/2265/1247
f 1248/1662/1246 1662/2264/1660 1660/2262/1658
f 1663/2266/1661 1664/2267/1662 1665/2268/1663
f 1663/2269/1661 1666/2270/1664 1664/2271/1662
f 1663/2269/1661 416/537/414 1667/2272/1665
f 1663/2269/1661 1668/2273/1666 1666/2270/1664
f 1663/2269/1661 1665/2274/1663 416/537/414
f 1663/2269/1661 1667/2272/1665 1668/2273/1666
f 1469/1969/1467 1669/2275/1667 778/1970/776
f 1469/1969/1467 1670/2276/1668 1671/2277/1669
f 1469/1969/1467 1672/2278/1670 1670/2276/1668
f 1469/1969/1467 1472/1973/1470 1672/2278/1670
f 1469/1969/1467 1671/2277/1669 1669/2275/1667
f 1673/2279/1671 1674/2280/1672 1675/2281/1673
f 1673/2279/1671 1676/2282/1674 1674/2280/1672
f 1673/2279/1671 1677/2283/1675 1148/1519/1146
f 1673/2279/1671 1675/2281/1673 1677/2283/1675
f 1673/2279/1671 1148/1519/1146 1676/2282/1674
f 1678/2284/1676 1679/2285/1677 1680/2286/1678
f 1678/2287/1676 1681/2288/1679 1682/2289/1680
f 1678/2284/1676 1680/2286/1678 1683/2290/1681
f 1678/2287/1676 1682/2289/1680 435/565/433
f 1678/2284/1676 1683/2290/1681 1681/2291/1679
f 1678/2284/1676 435/2292/433 1679/2285/1677
f 1062/1398/1060 1684/2293/1682 1685/2294/1683
f 1062/1398/1060 1425/2295/1423 1684/2293/1682
f 1062/1398/1060 1685/2294/1683 1063/1399/1061
f 1395/2296/1393 1236/1639/1234 1240/1644/1238
f 1395/1856/1393 1240/2297/1238 1686/2298/1684
f 1395/1856/1393 1399/1860/1397 1236/2299/1234
f 1395/1856/1393 1686/2298/1684 1396/1857/1394
f 569/2300/567 782/2301/780 1687/2302/1685
f 569/2300/567 1687/2302/1685 570/2303/568
f 1375/1823/1373 1688/2304/1686 312/394/310
f 1375/1823/1373 1377/1828/1375 1688/2304/1686
f 1689/2305/1687 166/209/166 1690/2306/1688
f 1689/2305/1687 856/1116/854 859/1126/857
f 1689/2305/1687 1690/2306/1688 1295/1723/1293
f 1689/2307/1687 1106/1464/1104 1691/2308/1689
f 1689/2305/1687 1691/2309/1689 166/209/166
f 1689/2305/1687 1295/1723/1293 856/1116/854
f 1689/2307/1687 859/2310/857 1106/1464/1104
f 1389/1845/1387 1110/1468/1108 1692/2311/1690
f 1389/1845/1387 1392/1848/1390 1111/1469/1109
f 1389/1845/1387 1692/2311/1690 1390/1846/1388
f 1389/1845/1387 1111/1469/1109 1110/1468/1108
f 180/225/180 181/226/181 1301/1733/1299
f 1693/2312/1691 1144/1513/1142 1307/1739/1305
f 1693/2313/1691 542/711/540 545/714/543
f 1693/2312/1691 1694/2314/1692 1144/1513/1142
f 1693/2312/1691 1695/2315/1693 1694/2314/1692
f 1693/2312/1691 1307/1739/1305 542/2316/540
f 1693/2312/1691 545/2317/543 1695/2315/1693
f 751/984/749 753/988/751 1696/2318/1694
f 43/56/43 1697/2319/1695 44/57/44
f 43/61/43 1698/2320/1696 1699/2321/1697
f 43/56/43 1699/2322/1697 1697/2319/1695
f 43/61/43 46/60/46 1698/2320/1696
f 407/522/405 409/524/407 1175/1550/1173
f 407/522/405 1175/1550/1173 1700/2323/1698
f 407/522/405 1700/2323/1698 408/523/406
f 1701/2324/1699 1702/2325/1700 284/2326/282
f 1701/2327/1699 1703/2328/1701 1704/2329/1702
f 1701/2330/1699 1705/2331/1703 194/2332/194
f 1701/2327/1699 1704/2329/1702 1705/2333/1703
f 1701/2334/1699 284/356/282 1703/2335/1701
f 1701/2324/1699 194/2336/194 1702/2325/1700
f 694/911/692 1706/2337/1704 1707/2338/1705
f 694/911/692 696/913/694 1706/2337/1704
f 694/911/692 1707/2338/1705 695/912/693
f 426/2339/424 1708/2340/1706 427/2341/425
f 426/2342/424 430/2343/428 1709/2344/1707
f 426/2339/424 1709/2345/1707 1708/2340/1706
f 1710/2346/1708 1711/2347/1709 1712/2348/1710
f 1710/2349/1708 1713/2350/1711 1711/2351/1709
f 1710/2346/1708 1712/2348/1710 1714/2352/1712
f 77/97/77 1649/2250/1647 78/98/78
f 77/97/77 82/102/82 1648/2249/1646
f 1715/2353/1713 1716/2354/1714 1717/2355/1715
f 1715/2356/1713 252/319/252 1163/1537/1161
f 1715/2353/1713 1162/2357/1160 1716/2354/1714
f 1715/2353/1713 1718/2358/1716 253/2359/253
f 1715/2356/1713 253/320/253 252/319/252
f 1715/2353/1713 1719/2360/1717 1718/2358/1716
f 1715/2353/1713 1717/2355/1715 1719/2360/1717
f 1715/2356/1713 1163/1537/1161 1162/1536/1160
f 1720/2361/1718 1383/1836/1381 1384/1837/1382
f 1720/2361/1718 1721/2362/1719 1114/1473/1112
f 1720/2361/1718 1114/1473/1112 1113/1475/1111
f 1720/2361/1718 1384/1837/1382 1511/2024/1509
f 1720/2361/1718 1113/1475/1111 1383/1836/1381
f 1720/2361/1718 1511/2024/1509 1721/2362/1719
f 1320/1755/1318 1722/2363/1720 1321/1756/1319
f 1320/1762/1318 1325/1761/1323 1723/2364/1721
f 1320/1755/1318 1723/2365/1721 1724/2366/1722
f 1320/1755/1318 1724/2366/1722 1722/2363/1720
f 440/572/438 1725/2367/1723 441/573/439
f 440/572/438 551/723/549 1725/2367/1723
f 1726/2368/1724 1727/2369/1725 1728/2370/1726
f 1726/2371/1724 1729/2372/1727 1727/2373/1725
f 1726/2371/1724 1457/1947/1455 1729/2372/1727
f 1726/2368/1724 1728/2370/1726 1458/1952/1456
f 1726/2368/1724 1458/1952/1456 1457/1951/1455
f 1730/2374/1728 1731/2375/1729 1732/2376/1730
f 1730/2377/1728 1733/2378/1731 1734/2379/1732
f 1730/2377/1728 770/1007/768 1733/2378/1731
f 1730/2374/1728 1732/2376/1730 771/2380/769
f 1730/2377/1728 771/1008/769 770/1007/768
f 1730/2374/1728 1734/2381/1732 1731/2375/1729
f 1226/1621/1224 1228/1623/1226 1735/2382/1733
f 1226/1621/1224 1735/2382/1733 1736/2383/1734
f 1226/1621/1224 1737/2384/1735 1227/1622/1225
f 1226/1621/1224 1736/2383/1734 1737/2384/1735
f 1738/2385/1736 1739/2386/1737 1740/2387/1738
f 1738/2385/1736 1741/2388/1739 481/630/479
f 1738/2385/1736 480/629/478 1742/2389/1740
f 1738/2385/1736 1740/2387/1738 1741/2388/1739
f 1738/2385/1736 1742/2389/1740 1739/2386/1737
f 1738/2385/1736 481/630/479 480/629/478
f 1743/2390/1741 1629/2210/1627 1744/2391/1742
f 1743/2390/1741 1745/2392/1743 1629/2210/1627
f 1743/2390/1741 1746/2393/1744 1525/2394/1523
f 1743/2390/1741 701/2395/699 1746/2393/1744
f 1743/2390/1741 1744/2391/1742 701/2395/699
f 1743/2390/1741 1525/2394/1523 1745/2392/1743
f 1243/1649/1241 1246/1652/1244 1747/2396/1745
f 1243/1649/1241 1350/2397/1348 1244/1650/1242
f 1243/2398/1241 1747/2399/1745 1350/1789/1348
f 1748/2400/1746 1749/2401/1747 1750/2402/1748
f 1748/2400/1746 1094/1449/1092 1092/1446/1090
f 1748/2400/1746 1092/1446/1090 1751/2403/1749
f 1748/2400/1746 1750/2402/1748 1094/1449/1092
f 1748/2400/1746 1751/2403/1749 1749/2401/1747
f 1752/2404/1750 651/854/649 1753/2405/1751
f 1752/2404/1750 507/666/505 506/665/504
f 1752/2404/1750 506/665/504 314/396/312
f 1752/2404/1750 1753/2405/1751 507/666/505
f 1752/2404/1750 652/855/650 651/854/649
f 1752/2404/1750 314/396/312 652/855/650
f 509/669/507 1275/1696/1273 1754/2406/1752
f 509/669/507 1754/2406/1752 510/670/508
f 509/669/507 1755/2407/1753 1275/1696/1273
f 509/669/507 514/674/512 1755/2407/1753
f 258/791/258 603/790/601 1756/2408/188
f 258/791/258 1756/2408/188 1757/2409/1754
f 258/2410/258 1758/2411/1755 1759/2412/1756
f 258/791/258 1757/2409/1754 1758/2413/1755
f 258/327/258 1760/2414/1757 259/328/259
f 258/2410/258 1759/2412/1756 1760/2415/1757
f 1761/2416/1758 977/2417/975 1762/2418/1759
f 1761/2419/1758 1763/2420/1760 978/1285/976
f 1761/2419/1758 978/1285/976 977/1284/975
f 1761/2421/1758 922/2422/920 1763/2423/1760
f 1761/2424/1758 1762/2425/1759 1764/2426/1761
f 1761/2421/1758 1764/2427/1761 922/2422/920
f 1765/2428/1762 1766/2429/1763 1767/2430/1764
f 1765/2428/1762 1768/2431/1765 1077/1418/1075
f 1765/2428/1762 1077/1418/1075 1766/2429/1763
f 1765/2428/1762 1769/2432/1766 1768/2431/1765
f 1765/2433/1762 1770/2434/1767 1769/2435/1766
f 1765/2428/1762 1767/2430/1764 1770/2436/1767
f 196/248/196 199/247/199 1771/2437/1768
f 196/248/196 1771/2437/1768 1309/1741/1307
f 196/241/196 1313/1747/1311 197/242/197
f 548/719/546 1772/2438/1769 1773/2439/1770
f 548/719/546 1773/2439/1770 549/720/547
f 548/719/546 563/2440/561 1772/2438/1769
f 1774/2441/1771 354/2442/352 358/2443/356
f 1774/2441/1771 358/2443/356 101/121/101
f 1774/2441/1771 101/121/101 100/120/100
f 1252/1664/1250 1775/2444/1772 1776/2445/1773
f 1252/1664/1250 109/134/109 1775/2444/1772
f 1252/1664/1250 111/135/111 109/134/109
f 1252/1664/1250 1776/2445/1773 1253/1665/1251
f 1777/2446/1774 1152/1523/1150 1155/1526/1153
f 1777/2447/1774 1778/2448/1775 726/2449/724
f 1777/2447/1774 1155/2450/1153 808/1056/806
f 1777/2447/1774 1779/2451/1776 1778/2448/1775
f 1777/2446/1774 726/948/724 1152/1523/1150
f 1777/2447/1774 808/1056/806 1779/2451/1776
f 1411/1875/1409 1780/2452/1777 1781/2453/1778
f 1411/1875/1409 1782/2454/1779 1412/1876/1410
f 1411/2455/1409 1781/2456/1778 1782/2457/1779
f 1411/1875/1409 247/314/247 1780/2452/1777
f 1783/2458/1780 1784/2459/1781 1168/2460/1166
f 1783/2461/1780 1785/2462/1782 583/762/581
f 1783/2463/1780 1168/2464/1166 668/879/666
f 1783/2461/1780 582/761/580 396/2465/394
f 1783/2463/1780 668/879/666 1785/2466/1782
f 1783/2467/1780 396/2468/394 1784/2469/1781
f 1783/2461/1780 583/762/581 582/761/580
f 1786/2470/1783 1170/1545/1168 1787/2471/1784
f 1786/2472/1783 1788/2473/1785 1789/2474/1786
f 1786/2472/1783 146/186/146 1170/2475/1168
f 1786/2472/1783 1790/2476/1787 1788/2473/1785
f 1786/2470/1783 1787/2471/1784 1790/2477/1787
f 1786/2472/1783 1789/2474/1786 146/186/146
f 649/851/647 1791/2478/1788 1792/2479/1789
f 649/851/647 1793/2480/1790 650/852/648
f 649/859/647 1688/2304/1686 1791/2481/1788
f 649/859/647 313/395/311 1688/2304/1686
f 649/859/647 652/855/650 313/395/311
f 649/851/647 1792/2479/1789 1793/2480/1790
f 1103/1461/1101 1106/1464/1104 1794/2482/1791
f 1795/2483/1792 1796/2484/1793 1797/2485/1794
f 1795/2486/1792 589/2487/587 148/184/148
f 1795/2483/1792 147/187/147 1789/2474/1786
f 1795/2483/1792 1797/2485/1794 590/773/588
f 1795/2483/1792 1789/2474/1786 1796/2484/1793
f 1795/2486/1792 590/2488/588 589/2487/587
f 1795/2486/1792 148/184/148 147/183/147
f 1116/1477/1114 1798/2489/1795 335/422/333
f 1116/2490/1114 1799/2491/1796 1798/2492/1795
f 1116/2490/1114 1119/2493/1117 1800/2494/1797
f 1116/2490/1114 1800/2494/1797 1799/2491/1796
f 1801/2495/1798 187/2496/187 1802/2497/1799
f 1801/2495/1798 1803/2498/1800 1804/2499/1801
f 1801/2495/1798 1804/2499/1801 1805/2500/1802
f 1801/2495/1798 1770/2434/1767 1803/2498/1800
f 1801/2495/1798 1802/2497/1799 1770/2434/1767
f 1801/2495/1798 1805/2500/1802 187/2496/187
f 1696/2318/1694 1806/2501/1803 780/1020/778
f 1696/2318/1694 753/988/751 1806/2501/1803
f 1696/2318/1694 780/1020/778 1807/2502/1804
f 1808/2503/1805 1528/2048/1526 1809/2504/1806
f 1808/2503/1805 885/1156/883 1528/2048/1526
f 1808/2503/1805 886/1157/884 885/1156/883
f 1808/2503/1805 1810/2505/1807 886/1157/884
f 1808/2503/1805 1809/2504/1806 1810/2505/1807
f 622/818/620 1811/2506/1808 623/819/621
f 622/2507/620 1812/2508/1809 1605/2164/1603
f 622/2507/620 627/825/625 1812/2508/1809
f 622/818/620 1605/2161/1603 1811/2506/1808
f 1813/2509/1810 1814/2510/1811 1815/2511/1812
f 1813/2509/1810 1815/2511/1812 1816/2512/1813
f 1813/2509/1810 1817/2513/1814 1818/2514/1815
f 1813/2509/1810 1819/2515/1816 1817/2513/1814
f 1813/2509/1810 526/689/524 1814/2510/1811
f 1813/2509/1810 1816/2512/1813 1819/2515/1816
f 1813/2509/1810 1818/2514/1815 526/689/524
f 1820/2516/1817 1821/2517/1818 1047/2518/1045
f 1820/2516/1817 1822/2519/1819 1823/2520/1820
f 1820/2516/1817 1823/2520/1820 1821/2517/1818
f 1820/2521/1817 1046/1382/1044 1822/2522/1819
f 1820/2521/1817 1047/1383/1045 1046/1382/1044
f 1824/2523/1821 1825/2524/1822 532/2525/530
f 1824/2523/1821 119/2526/119 1826/2527/1823
f 1824/2523/1821 1827/2528/1824 1825/2524/1822
f 1824/2523/1821 1828/2529/1825 1827/2528/1824
f 1824/2523/1821 532/2525/530 119/2526/119
f 1824/2530/1821 1826/2531/1823 1828/2532/1825
f 1829/2533/1826 1154/1532/1152 1830/2534/1827
f 1829/2535/1826 1831/2536/1828 380/479/378
f 1829/2533/1826 380/2537/378 1832/2538/1829
f 1829/2533/1826 1832/2538/1829 810/1059/808
f 1829/2533/1826 810/1059/808 1833/2539/1830
f 1829/2533/1826 1833/2539/1830 1154/1532/1152
f 1829/2535/1826 1834/2540/1831 1831/2536/1828
f 1829/2535/1826 1830/2541/1827 1834/2540/1831
f 1002/1325/1000 1003/1326/1001 1835/2542/1832
f 1002/1325/1000 713/937/711 715/936/713
f 1002/1325/1000 1835/2542/1832 713/937/711
f 1007/2543/1005 1009/2544/1007 1277/1702/1275
f 1007/2543/1005 1277/1702/1275 1836/2545/1833
f 1007/2543/1005 929/1216/927 931/1219/929
f 1007/2543/1005 1836/2545/1833 1563/2096/1561
f 1007/1330/1005 931/2546/929 1008/1331/1006
f 1007/2543/1005 1563/2096/1561 929/1216/927
f 1013/1448/1011 1093/1447/1091 1014/2547/1012
f 1013/1445/1011 1837/2548/1834 1092/1446/1090
f 1013/1337/1011 1019/1348/1017 1359/1803/1357
f 1013/2549/1011 1359/2550/1357 1837/2551/1834
f 1636/2229/1634 1838/2552/1835 1101/1459/1099
f 1636/2229/1634 483/2231/481 1839/2553/1836
f 1636/2229/1634 1839/2553/1836 1838/2552/1835
f 223/2238/223 1840/2554/1837 224/2555/224
f 223/2238/223 1640/2237/1638 1840/2554/1837
f 1368/1816/1366 1841/2556/1838 1369/1817/1367
f 1368/1816/1366 1372/1820/1370 1842/2557/1839
f 1368/1816/1366 1842/2557/1839 1841/2556/1838
f 1644/2243/1642 1714/2352/1712 1645/2244/1643
f 1843/2558/1840 784/1027/782 790/1035/788
f 1843/2558/1840 790/1035/788 1195/1584/1193
f 1843/2558/1840 1195/1584/1193 1197/1583/1195
f 1844/2559/1841 1583/2127/1581 1584/2126/1582
f 1844/2559/1841 1794/2560/1791 1845/2561/1842
f 1844/2559/1841 1584/2126/1582 1794/2560/1791
f 1844/2559/1841 1846/2562/1843 1583/2127/1581
f 472/618/470 1657/2259/1655 473/619/471
f 472/618/470 110/132/110 1068/1409/1066
f 1322/2563/1320 1847/2564/1844 1590/2136/1588
f 1322/1757/1320 1321/1756/1319 1848/2565/1845
f 1322/1757/1320 1848/2565/1845 1849/2566/1846
f 1322/2563/1320 1849/2567/1846 1847/2564/1844
f 710/931/708 712/930/710 1850/2568/1847
f 710/927/708 1851/2569/1848 1852/2570/1849
f 710/2571/708 1850/2572/1847 1851/2573/1848
f 710/927/708 1852/2570/1849 711/928/709
f 1853/2574/1850 1821/2517/1818 1823/2520/1820
f 1853/2575/1850 1854/2576/1851 1821/2577/1818
f 1853/2574/1850 1823/2520/1820 1855/2578/1852
f 1853/2575/1850 1855/2579/1852 1854/2576/1851
f 1332/1769/1330 688/2580/686 1333/1770/1331
f 1532/2051/1530 1070/1411/1068 1856/2581/1853
f 1532/2051/1530 1857/2582/1854 1858/2583/1855
f 1532/2051/1530 1071/1412/1069 1070/1411/1068
f 1532/2051/1530 1858/2583/1855 1533/2052/1531
f 1532/2051/1530 1856/2581/1853 1857/2582/1854
f 1859/2584/1856 1860/2585/1857 1861/2586/1858
f 1859/2587/1856 1862/2588/1859 1076/1417/1074
f 1859/2589/1856 1076/2590/1074 1863/2591/1860
f 1859/2589/1856 1863/2591/1860 1860/2592/1857
f 1859/2584/1856 1861/2586/1858 1862/2593/1859
f 1128/1493/1126 1129/1492/1127 1864/2594/1861
f 1128/2175/1126 1864/2595/1861 1611/2176/1609
f 1088/1436/1086 1089/1438/1087 1865/2596/1862
f 1088/1436/1086 1865/2596/1862 1866/2597/1863
f 1088/2598/1086 1867/2599/1864 498/2600/496
f 1088/1436/1086 1866/2597/1863 1867/2601/1864
f 1868/2602/1865 1869/2603/1866 102/2604/102
f 1868/2605/1865 358/2443/356 357/2606/355
f 1868/2605/1865 101/121/101 358/2443/356
f 1868/2602/1865 1476/1978/1474 1869/2603/1866
f 1868/2605/1865 102/122/102 101/121/101
f 1868/2602/1865 357/2607/355 1476/1978/1474
f 1870/2608/1867 107/127/107 474/620/472
f 1870/2609/1867 1871/2610/1868 107/129/107
f 1870/2609/1867 1872/2611/1869 1871/2610/1868
f 1870/2609/1867 1873/2612/1870 1872/2611/1869
f 1870/2608/1867 474/620/472 1873/2613/1870
f 961/1262/959 966/1268/964 1874/2614/1871
f 1875/2615/1872 1876/2616/1873 116/143/116
f 1875/2615/1872 116/143/116 121/148/121
f 1875/2615/1872 1877/2617/1874 1792/2479/1789
f 1875/2615/1872 121/148/121 1877/2617/1874
f 1875/2615/1872 1792/2479/1789 1876/2616/1873
f 792/1372/790 1878/2618/1875 135/1373/135
f 1274/1695/1272 1879/2619/1876 1880/2620/1877
f 1274/1695/1272 1880/2620/1877 1754/2406/1752
f 1274/1695/1272 1754/2406/1752 1275/1696/1273
f 1274/1695/1272 1881/2621/1878 1879/2619/1876
f 1274/1695/1272 143/176/143 1881/2621/1878
f 400/513/398 1882/2622/1879 401/514/399
f 400/513/398 405/519/403 1171/2623/1169
f 400/513/398 1171/2623/1169 1882/2622/1879
f 1883/2624/1880 1631/2226/1629 1884/2625/1881
f 1883/2624/1880 1885/2626/1882 1631/2226/1629
f 1883/2624/1880 1886/2627/1883 1887/2628/1884
f 1883/2624/1880 1887/2628/1884 1885/2626/1882
f 1883/2624/1880 1884/2625/1881 1886/2627/1883
f 1888/2629/1885 1889/2630/1886 1890/2631/1887
f 1888/2629/1885 1891/2632/1888 1892/2633/1889
f 1888/2629/1885 1893/2634/1890 1891/2632/1888
f 1888/2629/1885 1892/2633/1889 1889/2630/1886
f 1888/2629/1885 1890/2631/1887 1894/2635/1891
f 1888/2629/1885 1894/2635/1891 1893/2634/1890
f 166/209/166 1691/2309/1689 167/210/167
f 166/209/166 172/215/172 1690/2306/1688
f 1895/2636/1892 1721/2362/1719 1896/2637/1893
f 1895/2636/1892 1897/2638/1894 1898/2639/1895
f 1895/2636/1892 1114/1473/1112 1721/2362/1719
f 1895/2636/1892 1898/2639/1895 1692/2640/1690
f 1895/2636/1892 1692/2640/1690 1114/1473/1112
f 1895/2636/1892 1896/2637/1893 1897/2638/1894
f 1183/1558/1181 1899/2641/1896 1184/1559/1182
f 1183/1558/1181 1187/1564/1185 1900/2642/1897
f 1183/1558/1181 1900/2642/1897 1899/2641/1896
f 831/1085/829 1538/2643/1536 832/1086/830
f 831/1085/829 1438/1917/1436 1538/2643/1536
f 837/1091/835 839/2644/837 1901/2645/1898
f 842/1099/840 558/731/556 1902/2646/1899
f 1903/2647/1900 1904/2648/1901 1905/2649/1902
f 1903/2650/1900 1906/2651/1903 1904/2652/1901
f 1903/2653/1900 593/2654/591 1906/2655/1903
f 1907/2656/1904 1058/1394/1056 1908/2657/1905
f 1907/2656/1904 1909/2658/1906 1058/1394/1056
f 1216/2659/1214 1910/2660/1907 1620/2192/1618
f 1216/1607/1214 1620/2661/1618 1217/1608/1215
f 1216/1607/1214 1220/1611/1218 902/2662/900
f 1216/2663/1214 902/2664/900 1911/2665/1908
f 1216/2663/1214 1911/2665/1908 1910/2666/1907
f 1731/2375/1729 866/2667/864 865/2668/863
f 1731/2375/1729 1912/2669/1909 1732/2376/1730
f 1731/2375/1729 1913/2670/1910 866/2667/864
f 1731/2375/1729 1734/2381/1732 1913/2670/1910
f 1731/2375/1729 865/2668/863 1912/2669/1909
f 1914/2671/1911 28/37/28 1915/2672/1912
f 1914/2671/1911 951/2673/949 28/37/28
f 1739/2386/1737 1916/2674/1913 1917/2675/1914
f 1739/2386/1737 1917/2675/1914 638/837/636
f 1739/2386/1737 1742/2389/1740 1916/2674/1913
f 1739/2386/1737 638/837/636 637/836/635
f 1739/2386/1737 637/836/635 1740/2387/1738
f 1236/2676/1234 1399/2677/1397 1918/2678/1915
f 1236/2676/1234 1918/2678/1915 1237/2679/1235
f 1919/2680/1916 1841/2556/1838 1842/2557/1839
f 1919/2681/1916 1351/1790/1349 1747/2399/1745
f 1919/2681/1916 1352/1791/1350 1351/1790/1349
f 1919/2681/1916 1920/2682/1917 1352/1791/1350
f 1919/2680/1916 1842/2557/1839 1920/2683/1917
f 1919/2680/1916 1747/2684/1745 1841/2556/1838
f 1921/2685/1918 1922/2686/1919 308/2687/306
f 1921/2685/1918 1923/2688/1920 1924/2689/1921
f 1921/2685/1918 1924/2689/1921 1922/2686/1919
f 1921/2685/1918 308/2687/306 307/2690/305
f 1921/2685/1918 1925/2691/1922 1923/2688/1920
f 1921/2685/1918 307/2690/305 1925/2691/1922
f 1926/2692/1923 1927/2693/1924 984/1297/982
f 1926/2692/1923 1178/1553/1176 1928/2694/1925
f 1926/2692/1923 984/1297/982 1178/1553/1176
f 1926/2692/1923 1928/2694/1925 1927/2693/1924
f 1929/2695/1926 1708/2696/1706 1709/2344/1707
f 1929/2695/1926 1184/1559/1182 1899/2641/1896
f 1929/2695/1926 1899/2641/1896 1708/2696/1706
f 1929/2695/1926 1930/2697/1927 1931/2698/1928
f 1929/2695/1926 1931/2698/1928 1184/1559/1182
f 1929/2695/1926 1709/2344/1707 1930/2697/1927
f 1932/2699/1929 1933/2700/1930 1934/2701/1931
f 1932/2699/1929 1935/2702/1932 1936/2703/1933
f 1932/2699/1929 1934/2701/1931 1935/2702/1932
f 1932/2699/1929 1937/2704/1934 1933/2700/1930
f 1932/2699/1929 1936/2703/1933 1938/2705/1935
f 1932/2699/1929 1938/2705/1935 1937/2704/1934
f 1939/2706/1936 1940/2707/1937 1941/2708/1938
f 1939/2706/1936 914/1199/912 1942/2709/1939
f 1939/2706/1936 915/1200/913 914/1199/912
f 1939/2706/1936 1942/2709/1939 1940/2707/1937
f 1939/2706/1936 1941/2708/1938 1943/2710/1940
f 1939/2706/1936 1943/2710/1940 915/1200/913
f 1379/1830/1377 920/1205/918 919/1204/917
f 1379/1830/1377 1944/2711/1941 920/1205/918
f 93/2712/93 92/2713/92 1008/2714/1006
f 93/2712/93 1008/2714/1006 1945/2715/1942
f 93/2712/93 1659/2261/1657 94/2716/94
f 93/2712/93 1946/2717/1943 1659/2261/1657
f 93/2712/93 1945/2715/1942 1946/2717/1943
f 763/2718/761 1947/2719/1944 764/2720/762
f 763/2718/761 684/902/682 683/901/681
f 763/2718/761 683/901/681 1947/2719/1944
f 687/904/685 1333/2721/1331 688/905/686
f 1948/2722/1945 1949/2723/1946 1950/2724/1947
f 1948/2722/1945 1951/2725/1948 1952/2726/1949
f 1948/2722/1945 1950/2724/1947 1481/2727/1479
f 1948/2728/1945 695/912/693 1951/2729/1948
f 1948/2722/1945 1952/2726/1949 1953/2730/1950
f 1948/2728/1945 1481/1985/1479 695/912/693
f 1948/2722/1945 1953/2730/1950 1949/2723/1946
f 1483/1987/1481 1487/1992/1485 1954/2731/1951
f 1933/2700/1930 1711/2351/1709 1713/2350/1711
f 1933/2700/1930 1713/2350/1711 1934/2701/1931
f 1933/2700/1930 1955/2732/1952 1711/2351/1709
f 1933/2700/1930 1937/2704/1934 1955/2732/1952
f 1956/2733/1953 1271/2734/1269 1957/2735/1954
f 1956/2733/1953 1958/2736/1955 1959/2737/1956
f 1956/2733/1953 1959/2737/1956 1580/2738/1578
f 1956/2739/1953 1580/2118/1578 1271/1689/1269
f 1956/2733/1953 1957/2735/1954 163/206/163
f 1956/2733/1953 163/206/163 1958/2736/1955
f 1960/2740/1957 712/930/710 714/933/712
f 1960/2740/1957 1004/1327/1002 1006/1329/1004
f 1960/2740/1957 1961/2741/1958 1962/2742/1959
f 1960/2740/1957 1006/1329/1004 1961/2741/1958
f 1960/2740/1957 1850/2568/1847 712/930/710
f 1960/2740/1957 1962/2742/1959 1850/2568/1847
f 1960/2740/1957 714/933/712 1004/1327/1002
f 586/769/584 588/768/586 1963/2743/1960
f 586/769/584 1963/2743/1960 1964/2744/1961
f 586/2745/584 1964/2746/1961 1965/2747/1962
f 586/2748/584 1965/2749/1962 587/2750/585
f 501/2751/499 1966/2752/1963 152/195/152
f 501/660/499 502/659/500 1967/2753/1964
f 501/2751/499 1968/2754/1965 1966/2752/1963
f 501/660/499 1967/2753/1964 1968/2755/1965
f 1289/1716/1287 1288/1715/1286 576/755/574
f 1455/2756/1453 1294/1722/1292 1969/2757/1966
f 1455/1943/1453 1911/2758/1908 899/1944/897
f 1455/2756/1453 1970/2759/1967 1294/1722/1292
f 1455/1943/1453 1458/1952/1456 1970/2760/1967
f 1455/2761/1453 1969/2762/1966 1911/2763/1908
f 1297/1731/1295 1023/1353/1021 1971/2764/1968
f 1297/1727/1295 1972/2765/1969 1298/1728/1296
f 1297/1731/1295 1971/2764/1968 1972/2766/1969
f 884/1155/882 823/1077/821 827/1081/825
f 884/1155/882 1973/2767/1970 823/1077/821
f 884/1155/882 827/1081/825 828/1082/826
f 884/1155/882 886/1157/884 1973/2767/1970
f 1814/2510/1811 525/688/523 1974/2768/1971
f 1814/2510/1811 1975/2769/1972 1815/2511/1812
f 1814/2510/1811 526/689/524 525/688/523
f 1814/2510/1811 1974/2768/1971 1975/2769/1972
f 1976/2770/1973 963/1265/961 1977/2771/1974
f 1976/2770/1973 1978/2772/1975 1979/2773/1976
f 1976/2770/1973 13/17/13 963/1265/961
f 1976/2770/1973 1977/2771/1974 1978/2772/1975
f 1976/2770/1973 1979/2773/1976 13/17/13
f 1980/2774/1977 1981/2775/1978 1982/2776/1979
f 1980/2774/1977 1983/2777/1980 1984/2778/1981
f 1980/2779/1977 1985/2780/1982 1983/2781/1980
f 1980/2782/1977 1982/2783/1979 1986/2784/1983
f 1980/2785/1977 1986/2786/1983 1985/2787/1982
f 1980/2774/1977 1984/2778/1981 1981/2775/1978
f 1421/1888/1419 1987/2788/1984 1988/2789/1985
f 1421/1888/1419 1904/2652/1901 1906/2651/1903
f 1421/1893/1419 1422/1892/1420 1987/2790/1984
f 1421/1888/1419 1906/2651/1903 592/775/590
f 1421/1888/1419 1988/2789/1985 1904/2652/1901
f 851/2791/849 461/607/459 1989/2792/1986
f 851/2791/849 1989/2792/1986 1990/2793/1987
f 851/2791/849 1990/2793/1987 1826/2531/1823
f 851/2794/849 1826/2795/1823 852/2796/850
f 385/2797/383 387/2798/385 1272/1693/1270
f 385/2797/383 1272/1693/1270 1991/2799/1988
f 385/2800/383 1991/2801/1988 1200/2802/1198
f 385/2800/383 1200/2802/1198 1198/1587/1196
f 1992/2803/1989 1993/2804/1990 1994/2805/1991
f 1992/2803/1989 1430/1904/1428 1993/2804/1990
f 1992/2803/1989 1995/2806/1992 1996/2807/1993
f 1992/2803/1989 1994/2805/1991 1995/2806/1992
f 391/2808/389 1997/2809/1994 1517/2031/1515
f 391/2810/389 396/2465/394 1997/2811/1994
f 391/2808/389 1517/2031/1515 869/2030/867
f 1998/2812/1995 1862/2588/1859 1999/2813/1996
f 1998/2812/1995 1076/1417/1074 1862/2588/1859
f 1998/2812/1995 1079/1420/1077 1076/1417/1074
f 1998/2812/1995 1999/2813/1996 2000/2814/1997
f 1998/2812/1995 2000/2814/1997 1079/1420/1077
f 2001/2815/1998 1951/2816/1948 2002/2817/1999
f 2001/2818/1998 2003/2819/2000 1952/2820/1949
f 2001/2815/1998 2002/2817/1999 2004/2821/2001
f 2001/2822/1998 1952/2726/1949 1951/2725/1948
f 2001/2815/1998 2004/2821/2001 2003/2823/2000
f 2005/2824/2002 1600/2165/1598 2006/2825/2003
f 2005/2824/2002 2007/2826/2004 1600/2165/1598
f 2008/2827/2005 2009/2828/2006 1356/1795/1354
f 2008/2827/2005 1356/1795/1354 2010/2829/2007
f 2008/2830/2005 2011/2831/2008 2012/2832/2009
f 2008/2830/2005 2012/2832/2009 2013/2833/2010
f 2008/2830/2005 2014/2834/2011 2011/2831/2008
f 2008/2830/2005 2013/2833/2010 2009/2835/2006
f 2008/2827/2005 2010/2829/2007 2014/2836/2011
f 2015/2837/2012 875/1146/873 1520/2034/1518
f 2015/2838/2012 1860/2592/1857 1863/2591/1860
f 2015/2837/2012 1519/2033/1517 1860/2585/1857
f 2015/2837/2012 1520/2034/1518 1519/2033/1517
f 2015/2838/2012 1863/2591/1860 2016/2839/2013
f 2015/2838/2012 2016/2839/2013 875/2840/873
f 1876/2616/1873 1791/2478/1788 2017/2841/2014
f 1876/2616/1873 2017/2841/2014 117/144/117
f 1876/2616/1873 117/144/117 116/143/116
f 1876/2616/1873 1792/2479/1789 1791/2478/1788
f 1036/1367/1034 1038/1369/1036 2018/2842/2015
f 1036/1367/1034 2019/2843/2016 2020/2844/2017
f 1036/1367/1034 2018/2842/2015 2019/2843/2016
f 1036/1367/1034 2020/2844/2017 1037/1368/1035
f 663/873/661 1780/2452/1777 664/874/662
f 663/873/661 2021/2845/2018 1780/2452/1777
f 663/873/661 2022/2846/2019 2021/2845/2018
f 663/959/661 731/957/729 2023/2847/2020
f 663/959/661 2023/2847/2020 2022/2848/2019
f 2024/2849/2021 669/880/667 671/882/669
f 2024/2849/2021 1557/2089/1555 1555/2085/1553
f 2024/2849/2021 1555/2085/1553 669/880/667
f 2024/2850/2021 531/694/529 1557/2851/1555
f 2024/2850/2021 671/2852/669 531/694/529
f 2025/2853/2022 677/889/675 1560/2854/1558
f 2025/2855/2022 1560/2093/1558 2026/2856/2023
f 2025/2853/2022 2026/2857/2023 452/2858/450
f 2025/2853/2022 678/890/676 677/889/675
f 2025/2853/2022 451/2859/449 678/890/676
f 2025/2853/2022 452/2858/450 451/2859/449
f 1847/2564/1844 2027/2860/2024 2028/2861/2025
f 1847/2564/1844 2028/2861/2025 1590/2136/1588
f 1847/2564/1844 1849/2567/1846 2027/2860/2024
f 1592/2139/1590 386/2141/384 2029/2862/2026
f 1592/2139/1590 1930/2863/1927 1593/2140/1591
f 1592/2139/1590 1931/2864/1928 1930/2863/1927
f 1592/2139/1590 2029/2862/2026 1931/2864/1928
f 2030/2865/2027 1879/2866/1876 512/672/510
f 2030/2867/2027 2031/2868/2028 2032/2869/2029
f 2030/2870/2027 1880/2620/1877 1879/2619/1876
f 2030/2870/2027 2032/2871/2029 1880/2620/1877
f 2030/2865/2027 512/672/510 2031/2872/2028
f 944/1246/942 946/1245/944 2033/2873/2030
f 944/2874/942 2034/2875/2031 1404/2876/1402
f 944/2874/942 2033/2877/2030 2034/2875/2031
f 944/1242/942 1404/1865/1402 945/1243/943
f 521/683/519 2035/2878/2032 2036/2879/2033
f 521/683/519 88/2880/88 2035/2878/2032
f 521/683/519 89/684/89 88/2880/88
f 521/683/519 2036/2879/2033 69/89/69
f 2037/2881/2034 2038/2882/2035 955/1256/953
f 2037/2881/2034 955/1256/953 341/430/339
f 2037/2881/2034 341/430/339 2039/2883/2036
f 2037/2881/2034 2039/2883/2036 2040/2884/2037
f 2037/2881/2034 2040/2884/2037 2038/2882/2035
f 839/2885/837 840/2177/838 2041/2886/2038
f 839/2887/837 2042/2888/2039 1901/2889/1898
f 839/2885/837 2041/2886/2038 2043/2890/2040
f 839/2887/837 2043/2891/2040 2042/2888/2039
f 2044/2892/2041 697/914/695 2045/2893/2042
f 2044/2892/2041 2046/2894/2043 697/914/695
f 2044/2892/2041 2047/2895/2044 2046/2894/2043
f 2048/2896/2045 2049/2897/2046 1018/1345/1016
f 2048/2898/2045 765/1001/763 538/706/536
f 2048/2898/2045 1018/2899/1016 2050/2900/2047
f 2048/2896/2045 2051/2901/2048 2049/2897/2046
f 2048/2896/2045 538/2902/536 2051/2901/2048
f 2048/2898/2045 2052/2903/2049 765/1001/763
f 2048/2898/2045 2050/2900/2047 2052/2903/2049
f 1304/2904/1302 1141/1507/1139 2053/2905/2050
f 1304/2904/1302 2054/2906/2051 2055/2907/2052
f 1304/2904/1302 1142/1508/1140 1141/1507/1139
f 1304/1736/1302 2055/2908/2052 1305/1737/1303
f 1304/2904/1302 2053/2905/2050 2054/2906/2051
f 2056/2909/2053 2057/2910/2054 1677/2911/1675
f 2056/2912/2053 1677/2283/1675 1675/2281/1673
f 609/801/607 608/2913/606 2058/2914/2055
f 609/801/607 1285/1711/1283 1281/1705/1279
f 609/801/607 1281/1705/1279 700/917/698
f 609/801/607 2058/2914/2055 1285/1711/1283
f 2059/2915/2056 2060/2916/2057 2061/2917/2058
f 2059/2918/2056 2062/2919/2059 2063/2920/2060
f 2059/2921/2056 2063/2922/2060 1894/2635/1891
f 2059/2915/2056 2064/2923/2061 2060/2916/2057
f 2059/2921/2056 1894/2635/1891 2064/2924/2061
f 2059/2918/2056 2061/2925/2058 2062/2919/2059
f 1651/2253/1649 816/1068/814 2065/2926/2062
f 1651/2927/1649 2021/2928/2018 1652/2929/1650
f 1651/2930/1649 2065/2931/2062 2021/2932/2018
f 2066/2933/2063 326/413/324 329/416/327
f 2066/2933/2063 1586/2130/1584 2067/2934/2064
f 2066/2933/2063 329/416/327 1586/2130/1584
f 2066/2933/2063 799/2935/797 803/2936/801
f 2066/2933/2063 803/2936/801 326/413/324
f 2066/2933/2063 2067/2934/2064 799/2935/797
f 2068/2937/2065 2009/2938/2006 2069/2939/2066
f 2068/2937/2065 2069/2939/2066 411/530/409
f 2068/2937/2065 408/529/406 2070/2940/2067
f 2068/2937/2065 2071/2941/2068 2009/2938/2006
f 2068/2937/2065 411/530/409 408/529/406
f 2068/2937/2065 2070/2940/2067 2071/2941/2068
f 414/534/412 416/2942/414 1665/2268/1663
f 414/534/412 1665/2268/1663 2072/2943/2069
f 414/534/412 2072/2943/2069 2073/2944/2070
f 414/534/412 2073/2944/2070 415/535/413
f 2074/2945/2071 2075/2946/2072 2076/2947/2073
f 2074/2945/2071 2076/2947/2073 1544/2070/1542
f 2074/2945/2071 1544/2070/1542 1547/2069/1545
f 2074/2948/2071 1547/2067/1545 2077/2949/2074
f 2074/2945/2071 2077/2950/2074 2075/2946/2072
f 1460/1958/1458 1462/1957/1460 2078/2951/2075
f 1460/2952/1458 2078/2953/2075 2079/2954/2076
f 1460/1954/1458 2079/2955/2076 1461/1955/1459
f 2080/2956/2077 1550/2077/1548 660/866/658
f 2080/2956/2077 2081/2957/2078 1267/1685/1265
f 2080/2956/2077 660/866/658 657/862/655
f 2080/2956/2077 2082/2958/2079 1550/2077/1548
f 2080/2956/2077 1266/1684/1264 2082/2958/2079
f 2080/2956/2077 657/862/655 2081/2957/2078
f 2080/2956/2077 1267/1685/1265 1266/1684/1264
f 2083/2959/2080 2084/2960/2081 1192/1575/1190
f 2083/2959/2080 1192/1575/1190 1194/1577/1192
f 2083/2961/2080 1194/2962/1192 2085/2963/2082
f 2083/2959/2080 1851/2573/1848 2084/2960/2081
f 2083/2961/2080 2085/2963/2082 2086/2964/2083
f 2083/2961/2080 2086/2964/2083 1851/2965/1848
f 2087/2966/2084 274/2967/274 449/2968/447
f 2087/2966/2084 2088/2969/2085 2089/2970/2086
f 2087/2966/2084 2089/2970/2086 274/2967/274
f 2087/2966/2084 1413/1877/1411 2088/2969/2085
f 2087/2971/2084 449/587/447 446/581/444
f 2087/2966/2084 446/1878/444 1413/1877/1411
f 2090/2972/2087 516/676/514 1417/1884/1415
f 2090/2972/2087 1203/2973/1201 2091/2974/2088
f 2090/2972/2087 1417/1884/1415 1416/1883/1414
f 2090/2972/2087 1416/1883/1414 1203/2973/1201
f 2090/2972/2087 517/677/515 516/676/514
f 2090/2972/2087 2091/2974/2088 517/677/515
f 79/99/79 2092/2975/2089 80/100/80
f 1619/2976/1617 2093/2977/2090 2094/2978/2091
f 1619/2976/1617 2094/2978/2091 1217/2979/1215
f 1619/2191/1617 1217/2980/1215 1620/2192/1618
f 1619/2199/1617 1624/2198/1622 2093/2981/2090
f 863/1135/861 2095/2982/2092 2096/2983/2093
f 863/1135/861 868/1134/866 2095/2982/2092
f 863/1135/861 1625/2984/1623 864/2985/862
f 863/1135/861 2096/2983/2093 1625/2984/1623
f 870/1140/868 871/1141/869 2097/2986/2094
f 870/1140/868 1494/2987/1492 2058/2988/2055
f 870/1140/868 2097/2986/2094 1494/2987/1492
f 870/1140/868 2058/2988/2055 608/797/606
f 1889/2989/1886 2098/2990/2095 1890/2991/1887
f 1889/2989/1886 2099/2992/2096 2098/2990/2095
f 1889/2630/1886 1892/2633/1889 2100/2993/2097
f 1889/2630/1886 2100/2993/2097 2099/2994/2096
f 2101/2995/2098 40/2996/40 39/2997/39
f 2101/2995/2098 39/2997/39 2102/2998/2099
f 1250/1657/1248 2103/2999/2100 1251/1658/1249
f 1250/1657/1248 1387/1843/1385 2104/3000/2101
f 1250/1657/1248 748/979/746 746/977/744
f 1250/1657/1248 2104/3000/2101 2103/2999/2100
f 2105/3001/2102 216/276/216 219/279/219
f 2105/3002/2102 2106/3003/2103 2107/3004/2104
f 2105/3001/2102 1598/2151/1596 2108/3005/2105
f 2105/3001/2102 219/279/219 1598/2151/1596
f 2105/3001/2102 2108/3005/2105 2106/3006/2103
f 2105/3007/2102 184/1290/184 981/1289/979
f 2105/3001/2102 981/3008/979 216/276/216
f 2105/3007/2102 2107/3009/2104 184/1290/184
f 2109/3010/2106 62/79/62 2003/2819/2000
f 2109/3011/2106 2003/3012/2000 492/642/490
f 2109/3011/2106 492/642/490 493/643/491
f 2109/3010/2106 63/80/63 62/79/62
f 2109/3013/2106 493/645/491 881/1152/879
f 2109/3013/2106 881/1152/879 63/85/63
f 1600/2165/1598 1812/2508/1809 2006/2825/2003
f 1600/2153/1598 2110/3014/2107 1601/2154/1599
f 1600/2153/1598 2007/3015/2004 2110/3014/2107
f 1600/2165/1598 1605/2164/1603 1812/2508/1809
f 2111/3016/2108 2081/2957/2078 2112/3017/2109
f 2111/3016/2108 1264/1681/1262 2081/2957/2078
f 2111/3016/2108 2112/3017/2109 994/1314/992
f 2111/3016/2108 994/1314/992 1264/1681/1262
f 2113/3018/2110 2114/3019/2111 566/740/564
f 2113/3018/2110 565/739/563 1552/2082/1550
f 2113/3018/2110 566/740/564 565/739/563
f 384/3020/382 2115/3021/2112 386/2141/384
f 384/485/382 1200/1589/1198 2116/3022/2113
f 384/3020/382 2116/3023/2113 2115/3021/2112
f 926/1215/924 928/1214/926 1760/2415/1757
f 926/1215/924 2117/3024/2114 927/3025/925
f 926/1215/924 2118/3026/2115 2117/3024/2114
f 926/1215/924 1760/2415/1757 2118/3026/2115
f 665/875/663 934/3027/932 729/954/727
f 665/1221/663 2119/3028/2116 933/1222/931
f 665/3029/663 664/874/662 2119/3030/2116
f 1218/3031/1216 2120/3032/2117 2121/3033/2118
f 1218/3031/1216 2121/3033/2118 1219/3034/1217
f 1218/1609/1216 1221/1612/1219 2122/3035/2119
f 1218/3031/1216 2122/3036/2119 2120/3032/2117
f 282/354/281 2123/3037/2120 1567/3038/1565
f 282/3039/281 1702/2325/1700 2123/3040/2120
f 282/354/281 1567/3038/1565 2124/3041/2121
f 282/354/281 284/356/282 1702/3042/1700
f 282/354/281 2124/3041/2121 283/355/188
f 1228/3043/1226 1232/3044/1230 2125/3045/2122
f 1228/3046/1226 2125/3047/2122 1735/3048/1733
f 2126/3049/2123 1741/2388/1739 2127/3050/2124
f 2126/3051/2123 2128/3052/2125 485/3053/483
f 2126/3049/2123 485/634/483 1741/2388/1739
f 2126/3051/2123 2127/3054/2124 2129/3055/2126
f 2126/3051/2123 2129/3055/2126 2128/3052/2125
f 1238/3056/1236 1237/2679/1235 1239/3057/1237
f 1245/1651/1243 299/378/297 304/383/302
f 1245/1651/1243 2130/3058/2127 2131/3059/2128
f 1245/1651/1243 2131/3059/2128 1246/1652/1244
f 1245/1651/1243 304/383/302 2130/3058/2127
f 1245/1651/1243 300/379/298 299/378/297
f 1631/2218/1629 1885/3060/1882 1632/2219/1630
f 1631/2226/1629 1634/2225/1632 1884/2625/1881
f 2132/3061/2129 905/1187/903 2133/3062/2130
f 2132/3061/2129 1891/2632/1888 906/1188/904
f 2132/3061/2129 1892/2633/1889 1891/2632/1888
f 2132/3061/2129 2100/2993/2097 1892/2633/1889
f 2132/3061/2129 2133/3062/2130 2100/2993/2097
f 2132/3061/2129 906/1188/904 905/1187/903
f 1105/1463/1103 2134/3063/2131 1691/2308/1689
f 1105/1463/1103 1108/1466/1106 2135/3064/2132
f 1105/1463/1103 1691/2308/1689 1106/1464/1104
f 1105/1463/1103 2135/3064/2132 2134/3063/2131
f 1110/1474/1108 1114/1473/1112 1692/2640/1690
f 1380/1835/1378 919/1204/917 924/1209/922
f 1380/1832/1378 924/3065/922 1381/1833/1379
f 2136/3066/2133 2137/3067/2134 2138/3068/2135
f 2136/3066/2133 340/3069/338 1122/1483/1120
f 2136/3066/2133 1122/1483/1120 2137/3067/2134
f 2136/3070/2133 2039/2883/2036 340/429/338
f 2136/3066/2133 2138/3068/2135 2039/3071/2036
f 1129/1492/1127 2139/3072/2136 1864/2594/1861
f 1131/1497/1129 2046/2894/2043 2047/2895/2044
f 1131/1497/1129 2047/2895/2044 1132/1498/1130
f 1131/1497/1129 1134/1500/1132 2046/2894/2043
f 2049/2897/2046 1356/1795/1354 1019/1346/1017
f 2049/2897/2046 1019/1346/1017 1018/1345/1016
f 2049/2897/2046 2051/2901/2048 2140/3073/2137
f 2049/2897/2046 2010/2829/2007 1356/1795/1354
f 2049/2897/2046 2140/3073/2137 2010/2829/2007
f 1141/1511/1139 1143/1510/1141 2141/3074/2138
f 1141/1511/1139 2141/3074/2138 2053/3075/2050
f 2142/3076/2139 113/3077/113 2143/3078/2140
f 2142/3076/2139 1874/2614/1871 113/3077/113
f 1147/1518/1145 2144/3079/2141 2145/3080/2142
f 1147/1518/1145 2145/3080/2142 1148/1519/1146
f 1152/1523/1150 726/948/724 1153/1524/1151
f 2146/3081/2143 794/1042/792 797/1045/795
f 2146/3081/2143 1781/2456/1778 818/1071/816
f 2146/3081/2143 797/1045/795 1781/2456/1778
f 2146/3081/2143 2147/3082/2144 794/1042/792
f 2146/3081/2143 818/1071/816 2147/3082/2144
f 1784/3083/1781 2148/3084/2145 1630/2212/1628
f 1784/3083/1781 395/508/393 2148/3084/2145
f 1784/2469/1781 396/2468/394 395/3085/393
f 1784/3083/1781 1630/2212/1628 1168/1543/1166
f 1170/1545/1168 2149/3086/2146 1787/2471/1784
f 1170/1545/1168 405/518/403 2149/3086/2146
f 2150/3087/2147 1722/2363/1720 2151/3088/2148
f 2150/3087/2147 1321/1756/1319 1722/2363/1720
f 2150/3089/2147 2151/3090/2148 2152/3091/2149
f 2150/3087/2147 1848/2565/1845 1321/1756/1319
f 2150/3089/2147 2152/3091/2149 1848/3092/1845
f 550/722/548 2153/3093/2150 2154/3094/2151
f 550/722/548 2154/3094/2151 551/723/549
f 550/722/548 553/742/551 2153/3093/2150
f 274/2967/274 2089/2970/2086 275/3095/275
f 2155/3096/2152 2106/3003/2103 2108/3097/2105
f 2155/3098/2152 2108/3005/2105 1597/2150/1595
f 2155/3098/2152 1597/2150/1595 1596/2149/1594
f 2155/3096/2152 21/3099/21 2106/3003/2103
f 1338/1775/1336 1340/1777/1338 2156/3100/2153
f 1338/1775/1336 2156/3100/2153 2157/3101/2154
f 1338/1775/1336 2158/3102/2155 1339/1776/1337
f 1338/1775/1336 2157/3101/2154 2158/3102/2155
f 1343/1780/1341 1344/1782/1342 2159/3103/2156
f 1343/1780/1341 2159/3103/2156 2129/3104/2126
f 1343/3105/1341 2127/3106/2124 292/367/290
f 1343/1780/1341 2129/3104/2126 2127/3107/2124
f 1864/2595/1861 2160/3108/2157 2161/3109/2158
f 1864/2595/1861 2161/3109/2158 1611/2176/1609
f 1864/2594/1861 2139/3072/2136 2160/3110/2157
f 1089/1438/1087 1090/1439/1088 2162/3111/2159
f 1089/1438/1087 2163/3112/2160 1865/2596/1862
f 1089/3113/1087 2162/3114/2159 2163/3115/2160
f 2164/3116/2161 2011/2831/2008 2014/2834/2011
f 2164/3116/2161 2165/3117/2162 2011/2831/2008
f 2164/3116/2161 2166/3118/2163 2165/3117/2162
f 2164/3119/2161 2014/3120/2011 1856/2581/1853
f 2164/3119/2161 1856/2581/1853 2166/3121/2163
f 611/807/609 1363/1808/1361 612/808/610
f 611/807/609 613/809/611 1363/1808/1361
f 1370/1818/1368 1452/3122/1450 1371/1819/1369
f 1370/3123/1368 935/1225/933 937/1228/935
f 1370/3123/1368 1369/3124/1367 935/1225/933
f 1370/1818/1368 937/3125/935 1452/3122/1450
f 1407/3126/1405 457/598/455 1373/1821/1371
f 1407/3126/1405 1373/1821/1371 2167/3127/2164
f 1407/1871/1405 1410/1874/1408 457/1599/455
f 1407/3126/1405 2167/3127/2164 1408/3128/1406
f 574/753/572 576/755/574 1288/1715/1286
f 574/753/572 2168/3129/2165 575/754/573
f 574/753/572 1288/1715/1286 2168/3129/2165
f 812/1063/810 2169/3130/2166 813/1064/811
f 812/1063/810 1653/2255/1651 2169/3130/2166
f 2170/3131/2167 1067/1406/1065 2171/3132/2168
f 2170/3133/2167 94/2716/94 1658/2260/1656
f 2170/3134/2167 2171/3135/2168 720/3136/718
f 2170/3131/2167 1658/3137/1656 1067/1406/1065
f 2170/3133/2167 97/3138/97 94/2716/94
f 2170/3134/2167 720/3136/718 97/3139/97
f 2103/3140/2100 2172/3141/2169 1251/3142/1249
f 2103/3140/2100 2173/3143/2170 2172/3141/2169
f 2103/3140/2100 2104/3144/2101 2173/3143/2170
f 2174/3145/2171 1897/2638/1894 1896/2637/1893
f 2174/3146/2171 1509/3147/1507 2175/3148/2172
f 2174/3146/2171 2176/3149/2173 1897/3150/1894
f 2174/3146/2171 2175/3148/2172 2176/3149/2173
f 2174/3145/2171 1896/2637/1893 1509/2022/1507
f 366/464/364 901/1182/899 903/1185/901
f 366/464/364 903/1185/901 367/465/365
f 366/464/364 369/467/367 901/1182/899
f 1257/1673/1255 1676/2282/1674 2145/3080/2142
f 1257/1673/1255 1260/1676/1258 1676/2282/1674
f 1257/1673/1255 2144/3079/2141 1258/1674/1256
f 1257/1673/1255 2145/3080/2142 2144/3079/2141
f 993/1313/991 1264/1681/1262 994/1314/992
f 1269/1687/1267 1271/1689/1269 1580/2118/1578
f 1269/3151/1267 1581/2121/1579 1270/3152/1268
f 1275/1696/1273 1755/2407/1753 1276/1697/1274
f 1009/2544/1007 1963/3153/1960 1277/1702/1275
f 1009/1332/1007 96/116/96 1964/2746/1961
f 1009/1332/1007 1964/2746/1961 1963/3154/1960
f 1749/2401/1747 2177/3155/2174 1750/2402/1748
f 1749/3156/1747 2178/3157/2175 2177/3158/2174
f 1749/3156/1747 1751/3159/1749 2179/3160/2176
f 1749/3156/1747 2179/3160/2176 2178/3157/2175
f 2098/2990/2095 2099/2992/2096 2180/3161/2177
f 2098/2990/2095 2181/3162/2178 2064/2923/2061
f 2098/2990/2095 2064/2923/2061 1890/2991/1887
f 2098/2990/2095 2180/3161/2177 2181/3162/2178
f 856/1116/854 2182/3163/2179 857/1117/855
f 856/1116/854 1295/1723/1293 2182/3163/2179
f 1299/1729/1297 330/417/328 1022/1730/1020
f 1299/1729/1297 1587/2131/1585 330/417/328
f 534/700/532 1564/3164/1562 2183/3165/2180
f 534/3166/532 537/3167/535 1564/2097/1562
f 534/700/532 2183/3165/2180 535/701/533
f 2184/3168/2181 542/2316/540 1307/1739/1305
f 2184/3168/2181 543/3169/541 542/2316/540
f 2184/3168/2181 1306/1738/1304 2185/3170/2182
f 2184/3168/2181 2185/3170/2182 543/3169/541
f 2184/3168/2181 1307/1739/1305 1306/1738/1304
f 1309/1743/1307 347/440/345 1310/1744/1308
f 1309/1741/1307 1771/2437/1768 2186/3171/2183
f 1309/1741/1307 2186/3171/2183 347/3172/345
f 2187/3173/2184 495/3174/493 2188/3175/2185
f 2187/3176/2184 758/994/756 496/648/494
f 2187/3173/2184 2188/3175/2185 1809/2504/1806
f 2187/3176/2184 496/648/494 495/647/493
f 2187/3173/2184 1809/2504/1806 758/3177/756
f 853/3178/851 118/145/118 117/144/117
f 853/1113/851 2017/3179/2014 854/1114/852
f 853/3178/851 852/2796/850 118/145/118
f 853/3178/851 117/144/117 2017/2841/2014
f 1583/2127/1581 602/789/600 2189/3180/2186
f 1583/2127/1581 2189/3180/2186 141/3181/141
f 1583/2124/1581 141/174/141 140/173/140
f 1583/2127/1581 1846/2562/1843 602/789/600
f 864/1129/862 679/891/677 865/1130/863
f 871/1142/869 26/38/26 24/29/24
f 871/1141/869 1798/2492/1795 2097/2986/2094
f 871/1142/869 24/29/24 1798/2489/1795
f 873/1144/871 2190/3182/2187 874/1145/872
f 873/1144/871 1362/1811/1360 2190/3182/2187
f 873/1144/871 876/1147/874 1365/1812/1363
f 873/1144/871 1365/1812/1363 1362/1811/1360
f 1927/2693/1924 1439/1918/1437 618/1301/616
f 1927/2693/1924 1440/1919/1438 1439/1918/1437
f 1927/2693/1924 618/1301/616 984/1297/982
f 1927/3183/1924 1928/3184/1925 2191/3185/2188
f 1927/3183/1924 2191/3185/2188 1440/3186/1438
f 889/1160/887 1533/2052/1531 1858/2583/1855
f 889/1160/887 2192/3187/2189 629/1161/627
f 889/1160/887 1535/2054/1533 1533/2052/1531
f 889/1160/887 1858/2583/1855 2192/3187/2189
f 889/1160/887 890/1166/888 1535/2054/1533
f 2193/3188/2190 2194/3189/2191 1456/1950/1454
f 2193/3188/2190 2195/3190/2192 2196/3191/2193
f 2193/3188/2190 1456/1950/1454 900/1949/898
f 2193/3188/2190 900/1949/898 2195/3190/2192
f 2193/3188/2190 368/3192/366 2194/3189/2191
f 2193/3188/2190 2196/3191/2193 368/3192/366
f 905/1193/903 2197/3193/2194 2133/3194/2130
f 905/1193/903 908/1192/906 2197/3193/2194
f 2198/3195/2195 2199/3196/2196 2200/3197/2197
f 2198/3195/2195 2201/3198/2198 2199/3196/2196
f 2198/3195/2195 1955/3199/1952 2202/3200/2199
f 2198/3195/2195 2200/3197/2197 1955/3199/1952
f 912/1197/910 917/1202/915 2203/3201/2200
f 912/1197/910 2204/3202/2201 2205/3203/2202
f 912/1197/910 2205/3203/2202 913/1198/911
f 912/1197/910 2203/3201/2200 2204/3202/2201
f 1554/2084/1552 2206/3204/2203 1555/2085/1553
f 1554/2090/1552 920/1205/918 2207/3205/2204
f 1554/2090/1552 923/1208/921 920/1205/918
f 1554/2090/1552 2207/3205/2204 2206/3206/2203
f 928/3207/926 930/3208/928 2208/3209/2205
f 928/3207/926 2208/3209/2205 1760/2414/1757
f 765/1001/763 536/703/534 538/706/536
f 765/3210/763 2209/3211/2206 766/3212/764
f 765/1001/763 2052/2903/2049 2209/3213/2206
f 1143/1510/1141 2210/3214/2207 2141/3074/2138
f 1143/1510/1141 1872/3215/1869 2210/3214/2207
f 1143/1510/1141 1479/1981/1477 1872/3215/1869
f 1143/1510/1141 1145/1516/1143 1479/1981/1477
f 1674/2280/1672 1676/2282/1674 2211/3216/2208
f 319/406/317 321/408/319 2212/3217/2209
f 319/406/317 2213/3218/2210 320/407/318
f 319/406/317 2214/3219/2211 2213/3218/2210
f 319/406/317 2212/3217/2209 2214/3219/2211
f 1112/1470/1110 802/1050/800 2215/3220/2212
f 1112/1470/1110 1111/1469/1109 2216/3221/2213
f 1112/1470/1110 2216/3221/2213 802/1050/800
f 1112/1470/1110 2215/3220/2212 1113/1471/1111
f 805/3222/803 1590/2136/1588 2217/3223/2214
f 805/1060/803 1832/2538/1829 377/3224/375
f 805/1060/803 810/1059/808 1832/2538/1829
f 805/3222/803 2217/3223/2214 806/3225/804
f 805/3222/803 377/2137/375 1590/2136/1588
f 814/1066/812 2218/3226/2215 815/1067/813
f 814/1066/812 813/3227/811 2218/3226/2215
f 820/1074/818 2219/3228/2216 2220/3229/2217
f 820/1074/818 2221/3230/2218 2219/3228/2216
f 820/1074/818 2222/3231/2219 2223/3232/2220
f 820/1074/818 2220/3229/2217 2222/3231/2219
f 820/1074/818 821/1075/819 2221/3230/2218
f 820/1074/818 2223/3232/2220 647/849/645
f 2224/3233/2221 1596/3234/1594 2225/3235/2222
f 2224/3236/2221 1703/2335/1701 284/356/282
f 2224/3237/2221 450/3238/448 21/3099/21
f 2224/3236/2221 284/356/282 450/589/448
f 2224/3239/2221 2225/3240/2222 1703/3241/1701
f 1538/2057/1536 1438/3242/1436 1539/2058/1537
f 840/2177/838 1612/2179/1610 2226/3243/2223
f 840/2177/838 2226/3243/2223 2041/2886/2038
f 1614/2182/1612 2227/3244/2224 1317/1751/1315
f 1614/2183/1612 1475/1977/1473 2228/3245/2225
f 1614/2182/1612 1317/1751/1315 1315/1749/1313
f 1614/2183/1612 2228/3245/2225 2227/3246/2224
f 1015/1347/1013 1014/1338/1012 2229/3247/2226
f 1015/1340/1013 2229/3248/2226 2230/3249/2227
f 1015/1340/1013 2231/3250/2228 1016/1341/1014
f 1015/1340/1013 2230/3249/2227 2232/3251/2229
f 1015/1340/1013 2232/3251/2229 2231/3250/2228
f 1023/1353/1021 1637/3252/1635 1971/2764/1968
f 1023/1353/1021 1026/1356/1024 1637/3252/1635
f 1523/2037/1521 1029/1359/1027 1524/2038/1522
f 2233/3253/2230 2234/3254/2231 2235/3255/2232
f 1038/1369/1036 2019/2843/2016 2018/2842/2015
f 1038/1369/1036 1039/1370/1037 2236/3256/2233
f 1038/1369/1036 2236/3256/2233 2019/2843/2016
f 470/3257/468 2237/3258/2234 2238/3259/2235
f 470/614/468 469/613/467 2237/3260/2234
f 470/614/468 2238/3261/2235 471/615/469
f 529/692/527 531/694/529 671/2852/669
f 529/692/527 671/2852/669 670/1541/668
f 1048/1384/1046 283/355/188 2239/3262/2236
f 1048/1384/1046 2239/3262/2236 2240/3263/2237
f 1048/1384/1046 678/3264/676 451/590/449
f 1048/1384/1046 2240/3263/2237 678/3264/676
f 74/94/74 73/93/73 1938/3265/1935
f 74/3266/74 1938/2705/1935 1936/2703/1933
f 1423/1894/1421 2241/3267/2238 2242/3268/2239
f 1423/1894/1421 1058/1394/1056 1909/2658/1906
f 1423/1894/1421 1909/2658/1906 2241/3267/2238
f 1423/1894/1421 2242/3268/2239 82/102/82
f 1423/1894/1421 82/102/82 80/100/80
f 2243/3269/2240 603/790/601 604/792/602
f 2243/3269/2240 1625/2203/1623 2096/3270/2093
f 2243/3269/2240 1756/2408/188 603/790/601
f 2243/3269/2240 2244/3271/2241 1756/2408/188
f 2243/3269/2240 604/792/602 1625/2203/1623
f 2243/3269/2240 2096/3270/2093 2244/3271/2241
f 1070/1411/1068 1434/1910/1432 2166/3121/2163
f 1070/1411/1068 2166/3121/2163 1856/2581/1853
f 1070/1411/1068 1072/1413/1070 1434/1910/1432
f 1075/1422/1073 2245/3272/2242 2246/3273/2243
f 1075/1422/1073 612/808/610 2245/3272/2242
f 1075/3274/1073 1863/2591/1860 1076/2590/1074
f 1075/3274/1073 2246/3275/2243 2016/2839/2013
f 1075/3274/1073 2016/2839/2013 1863/2591/1860
f 1081/3276/1079 2247/3277/2244 2248/3278/2245
f 1081/3276/1079 2248/3278/2245 199/247/199
f 1081/1426/1079 199/250/199 200/249/200
f 1081/3276/1079 1085/3279/1083 2247/3277/2244
f 1081/1426/1079 200/249/200 1082/1427/1080
f 2249/3280/2246 2006/2825/2003 627/825/625
f 2249/3280/2246 625/824/623 1446/1927/1444
f 2249/3280/2246 627/825/625 625/824/623
f 2250/3281/2247 2251/3282/2248 2252/3283/2249
f 2250/3284/2247 168/3285/168 2253/3286/2250
f 2250/3287/2247 735/964/733 1296/3288/1294
f 2250/3284/2247 942/1239/940 169/1238/169
f 2250/3284/2247 2253/3286/2250 2251/3289/2248
f 2250/3284/2247 1296/3290/1294 942/1239/940
f 2250/3287/2247 2252/3291/2249 735/964/733
f 2250/3284/2247 169/1238/169 168/3285/168
f 2254/3292/2251 1882/2622/1879 149/3293/149
f 2254/3292/2251 946/1245/944 949/1249/947
f 2254/3292/2251 149/3293/149 2255/3294/2252
f 2254/3292/2251 949/1249/947 1882/2622/1879
f 2254/3292/2251 2255/3294/2252 946/1245/944
f 952/3295/950 2256/3296/2253 2257/3297/2254
f 952/1253/950 2257/3298/2254 332/419/330
f 2258/3299/2255 2259/3300/2256 1817/3301/1814
f 2258/3299/2255 1817/3301/1814 1819/3302/1816
f 2258/3303/2255 1819/3304/1816 1776/2445/1773
f 2258/3305/2255 958/1259/956 2260/3306/2257
f 2258/3299/2255 2260/3307/2257 2259/3300/2256
f 2258/3303/2255 1776/2445/1773 958/3308/956
f 963/1265/961 964/1266/962 2261/3309/2258
f 963/1265/961 2261/3309/2258 1977/2771/1974
f 963/1265/961 13/17/13 14/19/14
f 1559/2092/1557 1401/1862/1399 1403/1864/1401
f 1559/2092/1557 2026/2856/2023 1560/2093/1558
f 1559/3310/1557 1403/1869/1401 2262/3311/2259
f 1559/3310/1557 2262/3311/2259 2026/3312/2023
f 1947/2719/1944 2263/3313/2260 764/2720/762
f 1947/3314/1944 535/701/533 2264/3315/2261
f 1947/2719/1944 2265/3316/2262 535/3317/533
f 1947/2719/1944 683/901/681 2265/3316/2262
f 1947/3314/1944 2264/3315/2261 2263/3318/2260
f 185/230/185 2266/3319/2263 186/231/186
f 185/230/185 184/229/184 2266/3319/2263
f 1949/2723/1946 2267/3320/2264 2268/3321/2265
f 1949/3322/1946 2268/3323/2265 2269/3324/2266
f 1949/3322/1946 2269/3324/2266 2270/3325/2267
f 1949/3322/1946 2270/3325/2267 1950/3326/1947
f 1949/2723/1946 1953/2730/1950 2267/3320/2264
f 552/724/550 1576/2111/1574 553/725/551
f 1966/2752/1963 1968/2754/1965 2271/3327/2268
f 1966/3328/1963 2271/3329/2268 2272/3330/2269
f 1966/3328/1963 2272/3330/2269 154/3331/154
f 1966/2752/1963 154/196/154 152/195/152
f 2/2/2 989/3332/987 3/3/3
f 2/3333/2 5/3334/5 989/3335/987
f 2273/3336/2270 95/115/95 719/3337/717
f 2273/3338/2270 719/941/717 722/944/720
f 2273/3338/2270 722/944/720 1502/3339/1500
f 2273/3336/2270 96/116/96 95/115/95
f 2273/3336/2270 1502/3340/1500 1965/2747/1962
f 2273/3336/2270 1965/2747/1962 96/116/96
f 2274/3341/2271 1447/1929/1445 1449/1931/1447
f 2274/3341/2271 806/1054/804 2028/3342/2025
f 2274/3341/2271 809/1057/807 806/1054/804
f 2274/3341/2271 2028/3342/2025 1447/1929/1445
f 2274/3341/2271 1449/1931/1447 809/1057/807
f 2099/2992/2096 2275/3343/2272 2180/3161/2177
f 2276/3344/2273 511/671/509 510/670/508
f 2276/3344/2273 510/670/508 2277/3345/2274
f 2276/3346/2273 2277/3347/2274 2278/3348/2275
f 2276/3346/2273 2278/3348/2275 511/3349/509
f 516/676/514 519/682/517 2279/3350/2276
f 516/676/514 2279/3350/2276 1417/1884/1415
f 69/89/69 2036/2879/2033 2280/3351/2277
f 69/3352/69 2280/3353/2277 70/3354/70
f 2259/3300/2256 2281/3355/2278 2282/3356/2279
f 2259/3357/2256 2282/3358/2279 2283/3359/2280
f 2259/3357/2256 2283/3359/2280 1817/2513/1814
f 2259/3300/2256 2260/3307/2257 2281/3355/2278
f 2284/3360/2281 2285/3361/2282 2286/3362/2283
f 2284/3360/2281 2287/3363/2284 2285/3361/2282
f 2284/3360/2281 2286/3362/2283 2288/3364/2285
f 1259/1675/1257 2289/3365/2286 2290/3366/2287
f 1259/1675/1257 2291/3367/2288 1260/1676/1258
f 1259/1675/1257 2290/3366/2287 2291/3367/2288
f 1259/1675/1257 1262/1678/1260 2289/3365/2286
f 2292/3368/2289 1052/1388/1050 1054/1390/1052
f 2292/3369/2289 2263/3318/2260 2293/3370/2290
f 2292/3368/2289 1054/1390/1052 537/3167/535
f 2292/3368/2289 537/3167/535 2294/3371/2291
f 2292/3369/2289 2293/3370/2290 1052/3372/1050
f 2292/3369/2289 2294/3373/2291 2263/3318/2260
f 2295/3374/2292 2296/3375/2293 189/3376/189
f 2295/3377/2292 188/233/188 1805/3378/1802
f 2295/3374/2292 1568/2101/1566 2296/3375/2293
f 2295/3377/2292 189/234/189 188/233/188
f 2295/3374/2292 541/710/539 1568/2101/1566
f 2295/3374/2292 1805/3379/1802 541/710/539
f 1576/2111/1574 2153/3380/2150 553/725/551
f 1280/1708/1278 2297/3381/2294 2298/3382/2295
f 1280/1708/1278 1282/1707/1280 2299/3383/2296
f 1280/1704/1278 2298/3384/2295 1281/1705/1279
f 1280/1708/1278 2299/3383/2296 2297/3381/2294
f 788/1033/786 1214/1605/1212 789/1034/787
f 581/760/579 2300/3385/2297 1497/2007/1495
f 581/760/579 583/762/581 2300/3385/2297
f 1796/2484/1793 1788/2473/1785 2301/3386/2298
f 1796/2484/1793 2301/3386/2298 1797/2485/1794
f 1796/2484/1793 1789/2474/1786 1788/2473/1785
f 2009/2938/2006 2071/2941/2068 1357/1804/1355
f 2009/2835/2006 2013/2833/2010 2302/3387/2299
f 2009/2938/2006 2302/3388/2299 2069/2939/2066
f 2009/2828/2006 1357/1796/1355 1356/1795/1354
f 2303/3389/2300 1540/2060/1538 1542/2062/1540
f 2303/3390/2300 415/535/413 2073/2944/2070
f 2303/3390/2300 2073/2944/2070 1540/3391/1538
f 422/551/420 2304/3392/2301 114/3393/114
f 422/551/420 424/550/422 2304/3392/2301
f 428/556/426 431/559/429 1354/1793/1352
f 428/556/426 2305/3394/2302 429/557/427
f 428/556/426 1354/1793/1352 2306/3395/2303
f 428/556/426 2306/3395/2303 907/1191/905
f 428/556/426 907/1191/905 2305/3394/2302
f 1550/2075/1548 2082/3396/2079 436/566/434
f 2084/2960/2081 1851/2573/1848 1850/2572/1847
f 2084/2960/2081 2307/3397/2304 1192/1575/1190
f 2084/2960/2081 1850/2572/1847 1962/3398/1959
f 2084/2960/2081 1962/3398/1959 2307/3397/2304
f 2308/3399/2305 278/350/278 471/3400/469
f 2308/3399/2305 471/3400/469 447/583/445
f 2308/3399/2305 447/583/445 448/585/446
f 2308/3399/2305 448/585/446 278/350/278
f 1334/1771/1332 1336/1773/1334 2309/3401/2306
f 454/595/452 456/597/454 849/1108/847
f 454/595/452 849/1108/847 455/596/453
f 461/607/459 2310/3402/2307 1989/2792/1986
f 461/607/459 464/606/462 2310/3402/2307
f 858/1124/856 2311/3403/2308 859/3404/857
f 858/1124/856 861/1123/859 2312/3405/2309
f 858/1124/856 2313/3406/2310 2311/3403/2308
f 858/1124/856 2312/3405/2309 2313/3406/2310
f 1508/2021/1506 2175/3407/2172 1509/2022/1507
f 1508/2021/1506 1513/2026/1511 1254/3408/1252
f 1508/3409/1506 1254/3410/1252 2314/3411/2311
f 1508/3409/1506 2314/3411/2311 2175/3148/2172
f 2315/3412/2312 1138/3413/1136 2316/3414/2313
f 2315/3412/2312 1857/2582/1854 1856/2581/1853
f 2315/3412/2312 2316/3414/2313 1857/2582/1854
f 2315/3412/2312 2014/3120/2011 2010/3415/2007
f 2315/3416/2312 2010/2829/2007 1138/3417/1136
f 2315/3412/2312 1856/2581/1853 2014/3120/2011
f 2190/3182/2187 2317/3418/2314 2318/3419/2315
f 2190/3182/2187 1362/1811/1360 2317/3418/2314
f 2190/3182/2187 2318/3419/2315 874/1145/872
f 1578/2114/1576 38/48/38 1579/2115/1577
f 1578/3420/1576 127/3421/127 2102/3422/2099
f 1578/2114/1576 39/49/39 38/48/38
f 1578/2114/1576 2102/3423/2099 39/49/39
f 1442/1922/1440 45/59/45 1443/1923/1441
f 1442/1922/1440 46/60/46 45/59/45
f 1442/1922/1440 1445/3424/1443 46/60/46
f 743/974/741 744/975/742 1249/3425/1247
f 743/974/741 2319/3426/2316 2320/3427/2317
f 743/974/741 1249/3425/1247 2319/3426/2316
f 743/974/741 2320/3427/2317 179/224/179
f 2296/3375/2293 2123/3040/2120 1702/2325/1700
f 2296/3375/2293 1702/2325/1700 194/2336/194
f 2296/3375/2293 1568/2101/1566 2123/3040/2120
f 2296/3375/2293 194/2336/194 189/3376/189
f 343/439/341 346/438/344 693/910/691
f 343/434/341 2270/3325/2267 344/435/342
f 343/434/341 1481/3428/1479 2270/3325/2267
f 1133/1499/1131 372/470/370 1134/1500/1132
f 1133/1499/1131 1487/3429/1485 1486/1991/1484
f 1133/1499/1131 1486/1991/1484 372/470/370
f 1133/1499/1131 1136/1502/1134 1487/3429/1485
f 2321/3430/2318 2322/3431/2319 2323/3432/2320
f 2321/3430/2318 2271/3329/2268 2322/3431/2319
f 2321/3430/2318 2272/3330/2269 2271/3329/2268
f 2324/3433/2321 2325/3434/2322 132/3435/132
f 2324/3433/2321 1959/2737/1956 708/925/706
f 2324/3433/2321 1580/2738/1578 1959/2737/1956
f 2324/3433/2321 706/923/704 2325/3434/2322
f 2324/3433/2321 132/3435/132 1580/2738/1578
f 2324/3433/2321 707/924/705 706/923/704
f 2324/3433/2321 708/925/706 707/924/705
f 95/115/95 2326/3436/2323 719/3337/717
f 95/115/95 97/117/97 2326/3436/2323
f 725/947/723 1153/1524/1151 726/948/724
f 725/947/723 1450/1932/1448 1153/1524/1151
f 321/408/319 1161/3437/1159 2212/3217/2209
f 321/408/319 323/410/321 1161/3437/1159
f 733/961/731 2327/3438/2324 1545/2065/1543
f 733/965/731 735/964/733 2327/3439/2324
f 733/961/731 1545/2065/1543 734/962/732
f 1097/3440/1095 1463/1959/1461 2328/3441/2325
f 1097/2073/1095 1464/1963/1462 1463/3442/1461
f 1097/3443/1095 2328/3444/2325 1098/1458/1096
f 2329/3445/2326 2330/3446/2327 2331/3447/2328
f 2329/3445/2326 2331/3447/2328 2332/3448/2329
f 2329/3445/2326 1602/2160/1600 1604/2159/1602
f 2329/3445/2326 2332/3448/2329 1602/2160/1600
f 2329/3445/2326 1604/2159/1602 1737/2384/1735
f 2329/3445/2326 1737/2384/1735 2330/3446/2327
f 1664/2271/1662 1666/2270/1664 337/3449/335
f 834/1088/832 835/1089/833 337/3450/335
f 337/425/335 339/427/337 2333/3451/2330
f 1609/2170/1607 2334/3452/2331 337/2167/335
f 1666/2270/1664 2335/3453/2332 337/3449/335
f 337/425/335 2333/3451/2330 749/981/747
f 834/1088/832 337/3450/335 2336/3454/2333
f 2336/3454/2333 337/3450/335 2335/3455/2332
f 1607/2168/1605 337/2167/335 835/3456/833
f 1664/2267/1662 337/2167/335 2334/3452/2331
f 1806/2501/1803 1470/3457/1468 780/1020/778
f 1806/2501/1803 753/988/751 754/990/752
f 1806/2501/1803 754/990/752 1470/3457/1468
f 2337/3458/2334 2338/3459/2335 2339/3460/2336
f 2337/3458/2334 1530/2049/1528 1529/2043/1527
f 2337/3461/2334 2339/3462/2336 2340/3463/2337
f 2337/3458/2334 232/293/232 2338/3459/2335
f 2337/3458/2334 2341/3464/2338 1530/2049/1528
f 2337/3458/2334 1529/2043/1527 232/293/232
f 2337/3461/2334 2340/3463/2337 2341/3465/2338
f 1490/1997/1488 1493/2002/1491 848/1109/846
f 1490/3466/1488 848/3467/846 2342/3468/2339
f 1490/3466/1488 2343/3469/2340 1491/3470/1489
f 1490/3466/1488 2342/3468/2339 2343/3469/2340
f 1616/2186/1614 1617/2189/1615 1941/2708/1938
f 1616/2186/1614 596/781/594 595/780/593
f 1616/2186/1614 1941/2708/1938 2344/3471/2341
f 1616/2186/1614 2344/3471/2341 596/781/594
f 599/3472/597 1622/3473/1620 600/3474/598
f 599/786/597 2345/3475/2342 2346/3476/2343
f 599/786/597 601/788/599 2345/3475/2342
f 599/3472/597 2346/3477/2343 1622/3473/1620
f 1427/1900/1425 1431/3478/1429 1419/3479/1417
f 1427/1900/1425 2347/3480/2344 1428/1901/1426
f 1427/1900/1425 1419/3479/1417 2347/3480/2344
f 2348/3481/2345 2349/3482/2346 2350/3483/2347
f 2348/3484/2345 2156/3485/2153 2351/3486/2348
f 2348/3487/2345 2351/3488/2348 2352/3489/2349
f 2348/3484/2345 2353/3490/2350 2156/3485/2153
f 2348/3491/2345 2352/3492/2349 2349/3493/2346
f 2348/3481/2345 2350/3483/2347 2353/3494/2350
f 2245/3272/2242 1363/1808/1361 2354/3495/2351
f 2245/3272/2242 2354/3495/2351 876/3496/874
f 2245/3272/2242 612/808/610 1363/1808/1361
f 2245/3272/2242 876/3496/874 2355/3497/2352
f 2245/3272/2242 2355/3497/2352 2246/3273/2243
f 1951/2729/1948 695/912/693 1707/2338/1705
f 1951/2729/1948 1707/2338/1705 2002/3498/1999
f 2356/3499/2353 2357/3500/2354 2358/3501/2355
f 2356/3502/2353 887/3503/885 825/3504/823
f 2356/3505/2353 2358/3506/2355 887/1158/885
f 2359/3507/2356 99/119/99 104/124/104
f 2359/3508/2356 633/832/631 632/831/630
f 2359/3507/2356 104/124/104 633/1164/631
f 1916/2674/1913 1024/1354/1022 1917/2675/1914
f 1916/2674/1913 1742/2389/1740 1025/1355/1023
f 1916/2674/1913 1025/1355/1023 1024/1354/1022
f 2327/3438/2324 2075/3509/2072 2360/3510/2357
f 2327/3439/2324 735/964/733 2361/3511/2358
f 2327/3438/2324 2360/3510/2357 1545/2065/1543
f 2327/3438/2324 2361/3512/2358 2075/3509/2072
f 1031/1362/1029 1793/2480/1790 2034/3513/2031
f 1031/1362/1029 2034/3513/2031 2033/3514/2030
f 1031/3515/1029 2033/3516/2030 2079/3517/2076
f 1031/1362/1029 2079/2954/2076 1032/1363/1030
f 1031/1362/1029 650/852/648 1793/2480/1790
f 656/861/654 2112/3017/2109 657/862/655
f 656/868/654 659/865/657 2362/3518/2359
f 656/861/654 994/1314/992 2112/3017/2109
f 656/861/654 2362/3519/2359 994/1314/992
f 1212/1603/1210 2085/3520/2082 1213/1604/1211
f 1212/3521/1210 2363/3522/2360 2085/2963/2082
f 667/878/665 669/880/667 2206/3204/2203
f 667/3523/665 2364/3524/2361 1785/3525/1782
f 667/878/665 1785/2466/1782 668/879/666
f 667/3523/665 2206/3526/2203 2365/3527/2362
f 667/3523/665 2365/3527/2362 2364/3524/2361
f 259/328/259 1760/2414/1757 2208/3209/2205
f 259/328/259 2208/3209/2205 260/329/260
f 2366/3528/2363 1869/2603/1866 685/899/683
f 2366/3528/2363 2367/3529/2364 1869/2603/1866
f 2366/3528/2363 2209/3211/2206 2231/3530/2228
f 2366/3528/2363 2231/3530/2228 2367/3529/2364
f 2366/3528/2363 685/899/683 766/3212/764
f 2366/3528/2363 766/3212/764 2209/3211/2206
f 107/129/107 1871/2610/1868 108/130/108
f 112/139/112 966/1269/964 14/19/14
f 112/3531/112 113/3077/113 1874/2614/1871
f 112/3531/112 1874/2614/1871 966/1268/964
f 112/139/112 14/19/14 9/11/9
f 1154/1532/1152 2368/3532/2365 1830/2534/1827
f 1154/1532/1152 1158/1531/1156 2368/3532/2365
f 1154/1532/1152 1833/2539/1830 1155/3533/1153
f 1878/2618/1875 1991/2801/1988 1270/3534/1268
f 1878/3535/1875 1581/2121/1579 135/2120/135
f 1878/3535/1875 1270/3152/1268 1581/2121/1579
f 2369/3536/2366 2370/3537/2367 471/3400/469
f 2369/3536/2366 445/584/443 2370/3537/2367
f 2369/3538/2366 471/615/469 2371/3539/2368
f 2369/3536/2366 2371/3540/2368 2372/3541/2369
f 2369/3536/2366 2372/3541/2369 445/584/443
f 2373/3542/2370 2374/3543/2371 2375/3544/2372
f 2373/3542/2370 589/770/587 2374/3543/2371
f 2373/3545/2370 2376/3546/2373 2377/3547/2374
f 2373/3545/2370 2377/3547/2374 148/184/148
f 2373/3542/2370 2375/3544/2372 2376/3548/2373
f 2373/3542/2370 148/3549/148 589/770/587
f 1495/3550/1493 1891/2632/1888 1893/2634/1890
f 1495/2005/1493 1893/3551/1890 1496/2006/1494
f 1495/3550/1493 2378/3552/2375 1891/2632/1888
f 1495/3550/1493 160/3553/160 2378/3552/2375
f 2379/3554/2376 2380/3555/2377 2381/3556/2378
f 2379/3554/2376 1595/2147/1593 941/1235/939
f 2379/3554/2376 2221/3230/2218 1595/2147/1593
f 2379/3554/2376 941/1235/939 2380/3555/2377
f 2379/3554/2376 2381/3556/2378 2221/3230/2218
f 2382/3557/2379 2383/3558/2380 1432/1907/1430
f 2382/3559/2379 1432/1908/1430 1429/1902/1427
f 2382/3559/2379 1429/1902/1427 520/681/518
f 977/2417/975 980/3560/978 1762/2418/1759
f 187/232/187 190/235/190 1802/3561/1799
f 187/232/187 1805/3378/1802 188/233/188
f 197/244/197 620/816/618 198/245/198
f 197/242/197 1313/1747/1311 620/2109/618
f 1135/1501/1133 1954/3562/1951 1136/1502/1134
f 1725/2367/1723 551/723/549 2154/3094/2151
f 1821/2577/1818 1854/2576/1851 2384/3563/2381
f 1821/2517/1818 2384/3564/2381 1047/2518/1045
f 283/355/188 2124/3041/2121 2239/3262/2236
f 1516/2029/1514 2385/3565/2382 2386/3566/2383
f 1516/2029/1514 2386/3566/2383 2387/3567/2384
f 1516/2029/1514 1518/2032/1516 2385/3565/2382
f 1516/2029/1514 2387/3567/2384 27/35/27
f 1741/2388/1739 1740/2387/1738 2388/3568/2385
f 1741/2388/1739 2388/3568/2385 2127/3050/2124
f 1741/2388/1739 485/634/483 481/630/479
f 1524/3569/1522 1745/2392/1743 1525/2394/1523
f 1524/2038/1522 1029/1359/1027 1027/1360/1025
f 1524/3569/1522 1027/1357/1025 1745/2392/1743
f 968/1272/966 973/1279/971 2389/3570/2386
f 1534/2053/1532 51/66/51 1073/1414/1071
f 1534/2053/1532 2165/3117/2162 51/66/51
f 1534/2053/1532 1536/2055/1534 2165/3117/2162
f 2390/3571/2387 2391/3572/2388 417/3573/415
f 2390/3571/2387 1436/1915/1434 2391/3572/2388
f 2390/3571/2387 1437/1916/1435 1436/1915/1434
f 2392/3574/2389 2393/3575/2390 2394/3576/2391
f 2392/3577/2389 2395/3578/2392 2396/3579/2393
f 2392/3580/2389 2397/3581/2394 2393/3582/2390
f 2392/3574/2389 2394/3576/2391 2395/3583/2392
f 429/557/427 2305/3394/2302 2398/3584/2395
f 429/557/427 2398/3584/2395 430/558/428
f 1987/2788/1984 2399/3585/2396 1988/2789/1985
f 1987/3586/1984 2400/3587/2397 2399/3588/2396
f 2310/3589/2307 2401/3590/2398 191/236/191
f 2310/3589/2307 464/3591/462 2401/3590/2398
f 2310/3402/2307 191/3592/191 1989/2792/1986
f 84/104/84 89/109/89 71/3593/71
f 84/104/84 2402/3594/2399 85/105/85
f 84/104/84 71/3593/71 2403/3595/2400
f 84/104/84 2403/3595/2400 2402/3594/2399
f 1383/1836/1381 1113/1475/1111 2404/3596/2401
f 1383/1836/1381 2404/3596/2401 718/940/716
f 306/385/304 2405/3597/2402 1173/1548/1171
f 306/392/304 310/390/308 2405/3598/2402
f 216/276/216 981/3008/979 982/3599/980
f 216/276/216 982/3599/980 217/277/217
f 1794/3600/1791 1106/3601/1104 2311/3403/2308
f 1794/3600/1791 2311/3403/2308 1845/3602/1842
f 326/413/324 1392/3603/1390 327/414/325
f 326/3604/324 803/1051/801 2216/3221/2213
f 326/3604/324 2216/3221/2213 1392/1848/1390
f 2406/3605/2403 2330/3446/2327 1737/2384/1735
f 2406/3605/2403 2407/3606/2404 2330/3446/2327
f 2406/3605/2403 1737/2384/1735 1736/2383/1734
f 2406/3607/2403 1736/3608/1734 2407/3609/2404
f 1144/1513/1142 1694/2314/1692 1145/1514/1143
f 345/437/343 2408/3610/2405 696/913/694
f 345/437/343 348/442/346 2409/3611/2406
f 345/437/343 2409/3611/2406 2408/3610/2405
f 345/437/343 696/913/694 346/438/344
f 843/1100/841 2410/3612/2407 547/717/545
f 1664/2267/1662 2334/3452/2331 1665/2268/1663
f 2194/3613/2191 368/466/366 367/465/365
f 2194/3189/2191 2411/3614/2408 1456/1950/1454
f 2194/3615/2191 367/3616/365 2411/3617/2408
f 373/471/371 2412/3618/2409 374/472/372
f 373/471/371 595/784/593 2412/3618/2409
f 2413/3619/2410 1679/3620/1677 435/565/433
f 2413/3619/2410 434/564/432 1834/3621/1831
f 2413/3622/2410 2368/3532/2365 1679/2285/1677
f 2413/3619/2410 1834/3621/1831 1830/3623/1827
f 2413/3622/2410 1830/2534/1827 2368/3532/2365
f 2413/3619/2410 435/565/433 434/564/432
f 1396/3624/1394 1003/3625/1001 1005/3626/1003
f 1396/3624/1394 1686/3627/1684 1003/3625/1001
f 1396/3624/1394 1005/3626/1003 1397/3628/1395
f 401/514/399 1882/2622/1879 949/1249/947
f 401/514/399 949/1249/947 402/515/400
f 1093/1447/1091 2229/3629/2226 1014/2547/1012
f 1093/1447/1091 214/273/214 2229/3629/2226
f 1361/1806/1359 1838/3630/1835 1839/3631/1836
f 1361/1806/1359 1364/1809/1362 1838/3630/1835
f 1361/1806/1359 1839/3631/1836 1362/1807/1360
f 1840/2554/1837 879/1150/877 224/2555/224
f 1840/2554/1837 880/1151/878 879/1150/877
f 1840/2554/1837 1640/2237/1638 880/1151/878
f 229/289/229 1528/2048/1526 885/1156/883
f 229/289/229 885/1156/883 230/290/230
f 229/296/229 232/293/232 1529/2043/1527
f 229/289/229 1529/3632/1527 1528/2048/1526
f 1408/3633/1406 964/3634/962 2414/3635/2411
f 1408/3633/1406 2414/3635/2411 1409/3636/1407
f 1408/3637/1406 2167/3638/2164 964/1266/962
f 245/309/245 2325/3434/2322 706/923/704
f 245/309/245 706/923/704 2415/3639/2412
f 245/309/245 248/313/248 2325/3434/2322
f 245/309/245 2415/3639/2412 246/310/246
f 2416/3640/2413 2417/3641/2414 1199/3642/1197
f 2416/3640/2413 2418/3643/2415 2419/3644/2416
f 2416/3640/2413 2419/3644/2416 2417/3641/2414
f 2416/3640/2413 1199/3642/1197 2418/3643/2415
f 2420/3645/2417 1996/2807/1993 1995/2806/1992
f 2420/3646/2417 2421/3647/2418 1419/1886/1417
f 2420/3645/2417 1207/1596/1205 2421/3648/2418
f 2420/3645/2417 1995/2806/1992 1207/1596/1205
f 2420/3645/2417 1419/3649/1417 1996/2807/1993
f 2422/3650/2419 2423/3651/2420 2424/3652/2421
f 2422/3653/2419 994/1314/992 2362/3519/2359
f 2422/3653/2419 2425/3654/2422 994/1314/992
f 2422/3650/2419 2362/3518/2359 2423/3651/2420
f 2422/3650/2419 2424/3652/2421 2425/3655/2422
f 2426/3656/2423 1058/3657/1056 1060/3658/1058
f 2426/3656/2423 1908/3659/1905 1058/3657/1056
f 277/349/277 471/3400/469 278/350/278
f 285/358/283 2427/3660/2424 286/359/284
f 285/358/283 2428/3661/2425 2427/3660/2424
f 285/358/283 208/361/208 2428/3661/2425
f 524/687/522 2429/3662/2426 525/688/523
f 524/687/522 895/1175/893 2429/3662/2426
f 393/498/391 702/3663/700 1744/2391/1742
f 393/498/391 1744/2391/1742 394/499/392
f 2430/3664/2427 2431/3665/2428 2432/3666/2429
f 2430/3664/2427 2433/3667/2430 2434/3668/2431
f 2430/3664/2427 2432/3666/2429 2433/3667/2430
f 2430/3669/2427 2434/3670/2431 1634/2225/1632
f 2430/3664/2427 1634/3671/1632 1633/3672/1631
f 2430/3664/2427 1633/3672/1631 2431/3665/2428
f 2435/3673/2432 2266/3674/2263 2107/3009/2104
f 2435/3675/2432 2436/3676/2433 2437/3677/2434
f 2435/3675/2432 2438/3678/2435 2436/3676/2433
f 2435/3673/2432 2439/3679/2436 2266/3674/2263
f 2435/3675/2432 2107/3004/2104 2438/3678/2435
f 2435/3673/2432 2437/3680/2434 2439/3679/2436
f 2440/3681/2437 2441/3682/2438 1718/3683/1716
f 2440/3684/2437 1718/2358/1716 1719/2360/1717
f 2440/3681/2437 2442/3685/2439 2441/3682/2438
f 2440/3681/2437 2443/3686/2440 2442/3685/2439
f 2440/3681/2437 2444/3687/2441 2443/3686/2440
f 2440/3684/2437 1719/2360/1717 2444/3688/2441
f 1721/2362/1719 1510/2023/1508 1509/2022/1507
f 1721/2362/1719 1509/2022/1507 1896/2637/1893
f 1721/2362/1719 1511/2024/1509 1510/2023/1508
f 1340/1777/1338 1341/1778/1339 2445/3689/2442
f 1340/1777/1338 2445/3689/2442 2156/3100/2153
f 2446/3690/2443 2038/2882/2035 2040/2884/2037
f 2446/3691/2443 2447/3692/2444 956/3693/954
f 2446/3690/2443 956/1257/954 2038/2882/2035
f 2446/3690/2443 2138/3694/2135 1999/3695/1996
f 2446/3691/2443 2448/3696/2445 2447/3692/2444
f 2446/3691/2443 1999/3697/1996 2448/3696/2445
f 2446/3690/2443 2040/2884/2037 2138/3694/2135
f 36/46/36 2449/3698/2446 2395/3583/2392
f 36/46/36 2395/3583/2392 2450/3699/2447
f 36/46/36 2450/3699/2447 296/3700/294
f 36/46/36 296/3700/294 37/47/37
f 36/3701/36 41/3702/41 2449/3703/2446
f 629/1161/627 2192/3187/2189 630/3704/628
f 32/42/32 2317/3418/2314 485/3053/483
f 32/42/32 2128/3052/2125 1521/2035/1519
f 32/42/32 485/3053/483 2128/3052/2125
f 32/42/32 1521/2035/1519 33/43/33
f 32/42/32 2318/3419/2315 2317/3418/2314
f 32/42/32 34/44/34 2318/3419/2315
f 644/844/642 647/847/645 2451/3705/2448
f 644/844/642 2451/3705/2448 645/845/643
f 1791/2481/1788 2452/3706/2449 2453/3707/2450
f 1791/2481/1788 1688/2304/1686 2452/3706/2449
f 1791/2481/1788 2453/3707/2450 2017/3179/2014
f 658/2080/656 1551/2079/1549 1724/2366/1722
f 658/864/656 1723/2364/1721 659/865/657
f 658/864/656 1724/3708/1722 1723/2364/1721
f 1780/3709/1777 2021/2932/2018 2065/2931/2062
f 1780/2452/1777 247/314/247 664/874/662
f 1780/3709/1777 2065/2931/2062 1781/3710/1778
f 669/880/667 1555/2085/1553 2206/3204/2203
f 260/329/260 2208/3209/2205 674/885/672
f 764/3711/762 2263/3318/2260 2294/3373/2291
f 764/1000/762 2294/3712/2291 767/1003/765
f 2266/3713/2263 2454/3714/2451 186/3715/186
f 2266/3674/2263 184/1290/184 2107/3009/2104
f 2266/3713/2263 2439/3716/2436 2454/3714/2451
f 2267/3320/2264 983/1302/981 985/1300/983
f 2267/3717/2264 1179/1554/1177 983/1296/981
f 2267/3717/2264 1181/1556/1179 1179/1554/1177
f 2267/3320/2264 985/1300/983 2268/3321/2265
f 2267/3320/2264 1953/2730/1950 1181/3718/1179
f 1484/1988/1482 2455/3719/2452 1485/1989/1483
f 2199/3720/2196 1711/2347/1709 2200/3721/2197
f 2199/3720/2196 2456/3722/2453 1712/2348/1710
f 2199/3196/2196 2201/3198/2198 2456/3723/2453
f 2199/3720/2196 1712/2348/1710 1711/2347/1709
f 1271/1689/1269 389/490/387 1957/3724/1954
f 1107/1465/1105 1276/1697/1274 1108/1466/1106
f 588/768/586 2457/3725/2454 2458/3726/2455
f 588/768/586 2458/3726/2455 1963/2743/1960
f 588/768/586 590/773/588 2457/3725/2454
f 2181/3162/2178 1453/1938/1451 2064/2923/2061
f 2181/3162/2178 1454/1939/1452 1453/1938/1451
f 2181/3162/2178 2180/3161/2177 1454/1939/1452
f 2251/3289/2248 1910/2660/1907 1911/3727/1908
f 2251/3282/2248 1911/2763/1908 1969/2762/1966
f 2251/3289/2248 2253/3286/2250 1910/2660/1907
f 2251/3282/2248 2459/3728/2456 2252/3283/2249
f 2251/3282/2248 1969/2762/1966 2459/3728/2456
f 1972/2766/1969 1971/2764/1968 2460/3729/2457
f 1972/2765/1969 2461/3730/2458 1298/1728/1296
f 1972/2765/1969 2460/3731/2457 2462/3732/2459
f 1972/2765/1969 2462/3732/2459 2461/3730/2458
f 1229/1625/1227 2110/3014/2107 2463/3733/2460
f 1229/1625/1227 1227/3734/1225 1601/2154/1599
f 1229/1625/1227 2463/3733/2460 1230/1626/1228
f 1229/1625/1227 1601/2154/1599 2110/3014/2107
f 1775/3735/1772 1467/1965/1465 959/1967/957
f 1775/2444/1772 958/3308/956 1776/2445/1773
f 1775/3735/1772 109/131/109 1467/1965/1465
f 1775/3736/1772 959/1260/957 958/1259/956
f 2464/3737/2461 1470/3738/1468 754/1572/752
f 2464/3737/2461 1471/3739/1469 1470/3738/1468
f 2464/3737/2461 2465/3740/2462 1471/3739/1469
f 2464/3737/2461 754/1572/752 1190/1571/1188
f 2466/3741/2463 1985/2787/1982 2467/3742/2464
f 2466/3743/2463 2227/3246/2224 2228/3245/2225
f 2466/3743/2463 2228/3245/2225 1985/2780/1982
f 2069/2939/2066 2468/3744/2465 2469/3745/2466
f 2069/2939/2066 2469/3745/2466 411/530/409
f 2069/2939/2066 2302/3388/2299 2468/3744/2465
f 1897/3150/1894 2470/3746/2467 1898/3747/1895
f 1897/3150/1894 2176/3149/2173 2470/3746/2467
f 2195/3190/2192 900/1949/898 901/3748/899
f 2195/3190/2192 901/3748/899 369/3749/367
f 2195/3190/2192 369/3749/367 2196/3191/2193
f 2471/3750/2468 2197/3193/2194 1353/1792/1351
f 2471/3750/2468 1352/1791/1350 1920/2682/1917
f 2471/3750/2468 1353/1792/1351 1352/1791/1350
f 2471/3750/2468 1920/2682/1917 2472/3751/2469
f 2471/3750/2468 2472/3751/2469 2197/3193/2194
f 2081/2957/2078 1264/1681/1262 1267/1685/1265
f 2081/2957/2078 657/862/655 2112/3017/2109
f 1192/1575/1190 2307/3397/2304 1193/1576/1191
f 2088/2969/2085 2473/3752/2470 2474/3753/2471
f 2088/2969/2085 1413/1877/1411 255/324/255
f 2088/2969/2085 255/324/255 2473/3752/2470
f 2088/2969/2085 2474/3753/2471 2089/2970/2086
f 1203/2973/1201 1416/1883/1414 1204/3754/1202
f 1203/2973/1201 1206/3755/1204 2091/2974/2088
f 1210/1600/1208 457/1599/455 1410/1874/1408
f 2475/3756/2472 462/603/460 854/1114/852
f 2475/3756/2472 854/1114/852 2453/3707/2450
f 2475/3756/2472 2453/3707/2450 1377/1828/1375
f 2475/3756/2472 1377/1828/1375 463/604/461
f 2475/3756/2472 463/604/461 462/603/460
f 2476/3757/2473 857/1117/855 2182/3163/2179
f 2476/3757/2473 1219/3758/1217 2477/3759/2474
f 2476/3757/2473 2182/3163/2179 2478/3760/2475
f 2476/3757/2473 2478/3760/2475 1219/3758/1217
f 2476/3757/2473 2477/3759/2474 857/1117/855
f 2095/2982/2092 2210/3761/2207 1873/3762/1870
f 2095/2982/2092 868/1134/866 2210/3761/2207
f 2095/3763/2092 1873/2613/1870 474/620/472
f 2095/3763/2092 474/620/472 2479/3764/2476
f 2095/3765/2092 2479/3766/2476 2096/3270/2093
f 1434/1910/1432 2480/3767/2477 2166/3121/2163
f 1434/1910/1432 1435/1914/1433 2480/3767/2477
f 1363/1808/1361 1366/1813/1364 2354/3495/2351
f 2481/3768/2478 225/285/225 226/286/226
f 2481/3768/2478 226/286/226 2482/3769/2479
f 2481/3768/2478 2483/3770/2480 2191/3185/2188
f 2481/3768/2478 1928/3184/1925 225/285/225
f 2481/3768/2478 2191/3185/2188 1928/3184/1925
f 2481/3768/2478 2482/3769/2479 2483/3770/2480
f 1973/2767/1970 886/1157/884 1810/2505/1807
f 1973/2767/1970 1810/2505/1807 495/3174/493
f 2484/3771/2481 2027/2860/2024 1683/2290/1681
f 2484/3771/2481 1680/2286/1678 1448/3772/1446
f 2484/3771/2481 1683/2290/1681 1680/2286/1678
f 2484/3771/2481 1448/3772/1446 2027/2860/2024
f 386/2141/384 2115/3021/2112 2029/2862/2026
f 1594/2148/1592 2222/3773/2219 939/3774/937
f 1594/2148/1592 646/846/644 2485/3775/2482
f 1594/2148/1592 2485/3775/2482 2222/3773/2219
f 1381/1833/1379 2486/3776/2483 2487/3777/2484
f 1381/1833/1379 2487/3777/2484 1382/1834/1380
f 1381/1833/1379 924/3065/922 2488/3778/2485
f 1381/1833/1379 2488/3778/2485 2486/3776/2483
f 2038/2882/2035 956/1257/954 955/1256/953
f 2160/3779/2157 2285/3361/2282 2489/3780/2486
f 2160/3779/2157 2490/3781/2487 2285/3361/2282
f 2160/3782/2157 2489/3783/2486 2161/3784/2158
f 2160/3110/2157 2139/3072/2136 2490/3785/2487
f 697/914/695 2046/2894/2043 698/915/696
f 697/914/695 699/916/697 2045/2893/2042
f 536/703/534 767/1003/765 537/704/535
f 769/1006/767 2185/3170/2182 2491/3786/2488
f 769/1006/767 2491/3786/2488 770/1007/768
f 769/1006/767 2492/3787/2489 2185/3170/2182
f 769/1006/767 773/1015/771 2492/3787/2489
f 2493/3788/2490 2494/3789/2491 561/735/559
f 2493/3788/2490 559/734/557 2495/3790/2492
f 2493/3788/2490 561/735/559 559/734/557
f 570/746/568 2349/3493/2346 571/747/569
f 570/3791/568 1687/3792/1685 2350/3483/2347
f 570/746/568 2350/3793/2347 2349/3493/2346
f 4/5/4 2496/3794/2493 2497/3795/2494
f 4/5/4 2497/3795/2494 5/6/5
f 4/5/4 1654/3796/1652 2496/3794/2493
f 1586/2130/1584 1589/2133/1587 2498/3797/2495
f 1586/2130/1584 329/416/327 1587/2131/1585
f 1586/2130/1584 2498/3797/2495 2067/2934/2064
f 1017/1342/1015 2431/3798/2428 1633/2220/1631
f 1017/1342/1015 1016/1343/1014 2499/3799/2496
f 1017/1342/1015 2499/3799/2496 2431/3798/2428
f 1971/2764/1968 1637/3252/1635 1638/3800/1636
f 1971/2764/1968 1638/3800/1636 2460/3729/2457
f 2449/3801/2446 2396/3579/2393 2395/3578/2392
f 1189/3802/1187 239/3803/239 2400/3804/2397
f 2168/3129/2165 1288/1715/1286 1290/1717/1288
f 2168/3805/2165 1649/2250/1647 575/2251/573
f 2168/3805/2165 1290/3806/1288 1649/2250/1647
f 794/1042/792 2419/3644/2416 795/1043/793
f 794/1042/792 2147/3082/2144 2419/3644/2416
f 1067/1406/1065 1512/3807/1510 2171/3132/2168
f 1067/1406/1065 1066/1405/1064 1512/3807/1510
f 1067/3808/1065 1658/2260/1656 1068/1409/1066
f 376/474/374 381/480/379 1323/1759/1321
f 2500/3809/2497 2501/3810/2498 1328/3811/1326
f 2500/3812/2497 1327/1764/1325 2502/3813/2499
f 2500/3812/2497 2502/3813/2499 2503/3814/2500
f 2500/3809/2497 2504/3815/2501 2501/3810/2498
f 2500/3809/2497 2503/3816/2500 2504/3815/2501
f 2500/3812/2497 1328/1765/1326 1327/1764/1325
f 1854/3817/1851 2505/3818/2502 2120/3032/2117
f 1854/2576/1851 2120/3819/2117 2384/3563/2381
f 1854/2576/1851 1855/2579/1852 2505/3820/2502
f 2123/3040/2120 1568/2101/1566 1567/2100/1565
f 2427/3821/2424 2428/3822/2425 2158/3102/2155
f 2427/3660/2424 1341/1778/1339 286/359/284
f 2427/3823/2424 2158/3824/2155 2506/3825/2503
f 2427/3660/2424 2506/3826/2503 1341/1778/1339
f 1344/1782/1342 1862/3827/1859 2159/3103/2156
f 1344/1782/1342 2448/3696/2445 1862/3827/1859
f 1344/1782/1342 1345/1784/1343 2448/3696/2445
f 2161/3784/2158 2507/3828/2504 1611/3829/1609
f 2161/3784/2158 2508/3830/2505 2507/3828/2504
f 2161/3784/2158 2489/3783/2486 2508/3830/2505
f 1090/1442/1088 1091/1441/1089 2509/3831/2506
f 1090/3832/1088 2509/3833/2506 303/382/301
f 1090/3832/1088 303/382/301 2162/3114/2159
f 2452/3706/2449 1688/2304/1686 1377/1828/1375
f 2452/3706/2449 1377/1828/1375 2453/3707/2450
f 168/3285/168 170/3834/170 2253/3286/2250
f 399/511/397 1787/2471/1784 403/516/401
f 399/511/397 2510/3835/2507 1787/2471/1784
f 399/511/397 1278/1699/1276 2510/3835/2507
f 2511/3836/2508 1978/2772/1975 1977/2771/1974
f 2511/3837/2508 2512/3838/2509 979/1286/977
f 2511/3836/2508 1763/3839/1760 1978/2772/1975
f 2511/3837/2508 978/1285/976 1763/2420/1760
f 2511/3836/2508 1977/2771/1974 2512/3840/2509
f 2511/3837/2508 979/1286/977 978/1285/976
f 1803/3841/1800 1695/3842/1693 1804/3843/1801
f 1803/3844/1800 1770/2436/1767 1767/2430/1764
f 1803/3845/1800 2513/3846/2510 1695/2315/1693
f 1803/3844/1800 1767/2430/1764 2513/3847/2510
f 1570/2103/1568 1311/1745/1309 1571/2104/1569
f 1570/2103/1568 2514/3848/2511 1311/1745/1309
f 1570/2103/1568 1574/2108/1572 2514/3848/2511
f 1231/1628/1229 2515/3849/2512 2173/3143/2170
f 1231/1628/1229 2173/3143/2170 1232/1629/1230
f 1231/1628/1229 1230/1634/1228 1699/3850/1697
f 1231/1628/1229 1699/3850/1697 2515/3849/2512
f 1811/2506/1808 1660/3851/1658 1662/3852/1660
f 1811/2506/1808 1662/3852/1660 623/819/621
f 1811/2506/1808 1603/2157/1601 1660/3851/1658
f 1811/2506/1808 1605/2161/1603 1603/2157/1601
f 1608/2169/1606 1540/3391/1538 2073/2944/2070
f 1608/2169/1606 2072/2943/2069 1609/2170/1607
f 1608/3853/1606 1541/2061/1539 1540/2060/1538
f 1608/2169/1606 2073/2944/2070 2072/2943/2069
f 1822/2522/1819 1046/1382/1044 1045/1381/1043
f 1822/2522/1819 1045/1381/1043 2516/3854/2513
f 1822/2519/1819 2516/3855/2513 1823/2520/1820
f 118/145/118 852/2796/850 1826/2795/1823
f 118/145/118 1826/2795/1823 119/146/119
f 1831/2536/1828 378/477/376 380/479/378
f 1831/2536/1828 1834/2540/1831 1265/1683/1263
f 1831/2536/1828 1265/1683/1263 378/477/376
f 1198/1587/1196 2418/3856/2415 1199/1588/1197
f 1003/3625/1001 1686/3627/1684 1835/3857/1832
f 2517/3858/2514 1561/2094/1559 2518/3859/2515
f 2517/3858/2514 402/3860/400 947/1250/945
f 2517/3858/2514 1836/2545/1833 404/1701/402
f 2517/3858/2514 947/1250/945 1402/1863/1400
f 2517/3858/2514 1402/1863/1400 1561/2094/1559
f 2517/3858/2514 2518/3859/2515 1836/2545/1833
f 2517/3858/2514 404/1701/402 402/3860/400
f 2519/3861/2516 1060/3862/1058 1059/3863/1057
f 1910/2660/1907 138/170/138 1620/2192/1618
f 1910/2660/1907 2253/3286/2250 138/170/138
f 866/1131/864 1913/3864/1910 867/1132/865
f 1915/2672/1912 28/37/28 2387/3567/2384
f 1915/2672/1912 2387/3567/2384 2386/3566/2383
f 1233/1635/1231 1234/1637/1232 2520/3865/2517
f 1233/1635/1231 2520/3865/2517 637/3866/635
f 1233/3867/1231 637/836/635 636/835/634
f 1240/1644/1238 1398/3868/1396 1686/3869/1684
f 1240/1644/1238 1241/1646/1239 1398/3868/1396
f 1841/2556/1838 2521/3870/2518 1369/1817/1367
f 1841/2556/1838 1747/2684/1745 2521/3870/2518
f 48/63/48 2480/3871/2477 1435/3872/1433
f 48/3873/48 1435/1913/1433 49/1912/49
f 48/63/48 52/67/52 2480/3871/2477
f 2522/3874/2519 2523/3875/2520 2524/3876/2521
f 2522/3874/2519 217/277/217 982/3599/980
f 2522/3874/2519 220/280/220 217/277/217
f 2522/3874/2519 2524/3876/2521 220/280/220
f 2522/3877/2519 192/1292/192 2523/3878/2520
f 2522/3877/2519 982/1293/980 192/1292/192
f 1178/1553/1176 983/1296/981 1179/1554/1177
f 1178/1553/1176 1180/1555/1178 1928/2694/1925
f 1178/1553/1176 984/1297/982 983/1296/981
f 2525/3879/2522 2398/3880/2395 164/3881/164
f 2525/3879/2522 1593/2140/1591 1930/2863/1927
f 2525/3882/2522 1930/2697/1927 1709/2344/1707
f 2525/3882/2522 430/2343/428 2398/3883/2395
f 2525/3882/2522 1709/2344/1707 430/2343/428
f 2525/3879/2522 164/3881/164 1593/2140/1591
f 1711/2351/1709 1955/2732/1952 2200/3884/2197
f 1940/2707/1937 2344/3471/2341 1941/2708/1938
f 2169/3885/2166 1653/3886/1651 86/106/86
f 2169/3885/2166 86/106/86 85/105/85
f 2169/3885/2166 2402/3594/2399 813/3887/811
f 2169/3885/2166 85/105/85 2402/3594/2399
f 94/2716/94 1659/2261/1657 1658/2260/1656
f 1869/2603/1866 2367/3529/2364 102/2604/102
f 1869/2603/1866 1476/1978/1474 685/899/683
f 2210/3761/2207 868/1134/866 2141/3888/2138
f 2210/3214/2207 1872/3215/1869 1873/3889/1870
f 2526/3890/2523 971/1276/969 2527/3891/2524
f 2526/3892/2523 974/1281/972 971/1280/969
f 1156/1527/1154 2528/3893/2525 1157/1528/1155
f 1156/1527/1154 1153/1524/1151 1450/1932/1448
f 1156/1527/1154 1450/1932/1448 2528/3893/2525
f 1504/3894/1502 2529/3895/2526 1505/3896/1503
f 1504/2017/1502 1506/2019/1504 2530/3897/2527
f 1504/2017/1502 2530/3897/2527 2531/3898/2528
f 1504/3899/1502 2531/3900/2528 2529/3901/2526
f 1879/2866/1876 1881/3902/1878 513/673/511
f 1879/2866/1876 513/673/511 512/672/510
f 1882/3903/1879 1171/1546/1169 149/188/149
f 1837/2551/1834 1359/2550/1357 2532/3904/2529
f 1837/2548/1834 1751/2403/1749 1092/1446/1090
f 1837/2551/1834 2532/3904/2529 2179/3160/2176
f 1837/2551/1834 2179/3160/2176 1751/3159/1749
f 2533/3905/2530 506/665/504 505/3906/503
f 2533/3907/2530 2534/3908/2531 1364/3909/1362
f 2533/3907/2530 1364/3909/1362 316/3910/314
f 2533/3905/2530 314/396/312 506/665/504
f 2533/3911/2530 505/663/503 2534/3912/2531
f 2533/3905/2530 316/400/314 314/396/312
f 2134/3063/2131 167/3913/167 1691/2308/1689
f 2134/3063/2131 2535/3914/2532 170/3915/170
f 2134/3063/2131 2536/3916/2533 2535/3914/2532
f 2134/3063/2131 2135/3064/2132 2536/3916/2533
f 2134/3063/2131 170/3915/170 167/3913/167
f 1993/2804/1990 2383/3558/2380 2537/3917/2534
f 1993/2804/1990 2537/3917/2534 1994/2805/1991
f 1993/2804/1990 1430/1904/1428 1432/1907/1430
f 1993/2804/1990 1432/1907/1430 2383/3558/2380
f 2538/3918/2535 2331/3447/2328 2539/3919/2536
f 2538/3918/2535 2319/3920/2316 1661/2263/1659
f 2538/3918/2535 2539/3919/2536 2319/3920/2316
f 2538/3918/2535 2332/3448/2329 2331/3447/2328
f 2538/3918/2535 1661/2263/1659 2540/3921/2537
f 2538/3918/2535 2540/3921/2537 2332/3448/2329
f 833/1087/831 834/1088/832 2336/3454/2333
f 833/1087/831 2336/3454/2333 2541/3922/2538
f 833/1087/831 2541/3922/2538 1436/1915/1434
f 2247/3923/2244 2408/3610/2405 2409/3611/2406
f 2247/3923/2244 1085/1431/1083 1086/1433/1084
f 2247/3923/2244 1086/1433/1084 2542/3924/2539
f 2247/3923/2244 2542/3924/2539 2408/3610/2405
f 2247/3277/2244 2409/3925/2406 2248/3278/2245
f 207/259/207 1316/1750/1314 208/260/208
f 207/259/207 206/261/206 1315/1749/1313
f 363/458/361 362/457/360 2543/3926/2540
f 363/458/361 2543/3926/2540 1479/1981/1477
f 2285/3361/2282 2287/3363/2284 2489/3780/2486
f 2285/3361/2282 2490/3781/2487 2286/3362/2283
f 554/726/552 2494/3789/2491 555/727/553
f 554/726/552 561/735/559 2494/3789/2491
f 1679/2285/1677 1157/1530/1155 1680/2286/1678
f 1679/2285/1677 2368/3532/2365 1158/1531/1156
f 1679/2285/1677 1158/1531/1156 1157/1530/1155
f 998/1321/996 1000/1323/998 2544/3927/2541
f 998/1321/996 2545/3928/2542 999/1322/997
f 998/3929/996 2530/3897/2527 2546/3930/2543
f 998/3929/996 2544/3931/2541 2530/3897/2527
f 998/3929/996 2546/3930/2543 2545/3932/2542
f 1397/3628/1395 2547/3933/2544 1835/3934/1832
f 1397/1858/1395 1835/3935/1832 1398/1859/1396
f 1397/3628/1395 1005/3626/1003 2547/3933/2544
f 1561/2094/1559 1402/1863/1400 1401/1862/1399
f 1561/2094/1559 1563/2096/1561 2518/3859/2515
f 1922/2686/1919 1924/2689/1921 2548/3936/2545
f 1922/2686/1919 2548/3936/2545 2549/3937/2546
f 1922/3938/1919 2549/3939/2546 309/389/307
f 1922/3938/1919 309/389/307 308/388/306
f 312/394/310 1688/2304/1686 313/395/311
f 312/399/310 2550/3940/2547 1376/1825/1374
f 312/399/310 315/398/313 2550/3940/2547
f 2237/3260/2234 2551/3941/2548 2552/3942/2549
f 2237/3260/2234 469/613/467 2551/3941/2548
f 2237/3258/2234 2552/3943/2549 2238/3259/2235
f 1391/3944/1389 327/414/325 1392/3603/1390
f 1391/1850/1389 635/834/633 328/3945/326
f 1391/3944/1389 328/415/326 327/414/325
f 2330/3446/2327 1302/3946/1300 2553/3947/2550
f 2330/3446/2327 2553/3947/2550 2331/3447/2328
f 2330/3948/2327 2407/3949/2404 1302/3950/1300
f 495/3174/493 1810/2505/1807 2188/3175/2185
f 1323/1759/1321 381/480/379 2424/3652/2421
f 1323/1759/1321 2424/3652/2421 1324/1760/1322
f 2501/3810/2498 372/2188/370 2554/3951/2551
f 2501/3810/2498 2504/3815/2501 372/2188/370
f 2501/3810/2498 2554/3951/2551 1328/3811/1326
f 2093/2977/2090 2505/3818/2502 2094/2978/2091
f 2093/2977/2090 2555/3952/2552 2121/3033/2118
f 2093/2977/2090 2121/3033/2118 2505/3818/2502
f 2093/2981/2090 1624/2198/1622 2477/3759/2474
f 2093/2977/2090 2477/3953/2474 2555/3952/2552
f 281/353/280 450/589/448 284/356/282
f 2385/3565/2382 1518/2032/1516 580/3954/578
f 291/366/289 2388/3955/2385 2520/3865/2517
f 291/366/289 292/367/290 2388/3955/2385
f 291/366/289 2520/3865/2517 1234/1637/1232
f 2556/3956/2553 2557/3957/2554 2558/3958/2555
f 2556/3959/2553 297/376/295 2557/3960/2554
f 2556/3956/2553 2558/3958/2555 2559/3961/2556
f 1885/3060/1882 1887/3962/1884 2560/3963/2557
f 1885/3060/1882 2560/3963/2557 2561/3964/2558
f 1885/3060/1882 2561/3964/2558 1632/2219/1630
f 1838/2552/1835 2534/3908/2531 1101/1459/1099
f 1838/2552/1835 1364/3909/1362 2534/3908/2531
f 225/285/225 1928/3184/1925 1180/2234/1178
f 2562/3965/2559 2563/3966/2560 233/297/233
f 2562/3965/2559 233/297/233 234/295/234
f 2562/3965/2559 2564/3967/2561 2563/3966/2560
f 2562/3965/2559 230/290/230 2358/3506/2355
f 2562/3965/2559 234/295/234 230/290/230
f 2562/3965/2559 2280/3353/2277 2564/3967/2561
f 2562/3965/2559 2358/3506/2355 2280/3353/2277
f 264/336/264 1646/3968/1644 2565/3969/2562
f 264/336/264 2565/3969/2562 265/337/265
f 2364/3524/2361 2566/3970/2563 2567/3971/2564
f 2364/3524/2361 2300/3972/2297 1785/3525/1782
f 2364/3524/2361 2365/3527/2362 2566/3970/2563
f 2364/3973/2361 2567/3974/2564 2300/3385/2297
f 1656/2258/1654 1659/2261/1657 1946/2717/1943
f 1656/2258/1654 1946/2717/1943 2568/3975/2565
f 1656/2258/1654 2568/3975/2565 1657/2259/1655
f 1094/1449/1092 1750/2402/1748 211/266/211
f 1099/1454/1097 504/662/502 1100/1455/1098
f 1099/3976/1097 1101/1459/1099 2534/3908/2531
f 1099/1454/1097 2534/3912/2531 505/663/503
f 1099/1454/1097 505/663/503 504/662/502
f 1108/1466/1106 1276/1697/1274 1755/2407/1753
f 1108/1466/1106 1755/2407/1753 2135/3064/2132
f 1205/1594/1203 1208/1597/1206 2569/3977/2566
f 2570/3978/2567 2486/3776/2483 2488/3778/2485
f 2570/3978/2567 1118/3979/1116 2486/3776/2483
f 2570/3980/2567 1762/2425/1759 1118/1479/1116
f 2570/3980/2567 1764/2426/1761 1762/2425/1759
f 2570/3978/2567 2488/3778/2485 1764/2427/1761
f 1766/2429/1763 1077/1418/1075 1079/1420/1077
f 1766/2429/1763 1079/1420/1077 2000/2814/1997
f 1766/2429/1763 2000/2814/1997 1767/2430/1764
f 2571/3981/2568 2572/3982/2569 2573/3983/2570
f 2571/3984/2568 2042/3985/2039 2572/3986/2569
f 2571/3987/2568 1901/3988/1898 2042/3989/2039
f 1772/2438/1769 563/2440/561 2574/3990/2571
f 2515/3849/2512 1698/3991/1696 2575/3992/2572
f 2515/3849/2512 2575/3992/2572 2172/3141/2169
f 2515/3849/2512 2172/3141/2169 2173/3143/2170
f 2515/3849/2512 1699/3850/1697 1698/3991/1696
f 1815/2511/1812 1975/2769/1972 2314/3411/2311
f 1815/2511/1812 2314/3411/2311 1816/2512/1813
f 2106/3003/2103 2438/3678/2435 2107/3004/2104
f 2106/3003/2103 2576/3993/2573 2438/3678/2435
f 2106/3003/2103 21/3099/21 2576/3993/2573
f 2297/3381/2294 2577/3994/2574 2298/3382/2295
f 1412/3995/1410 1782/2457/1779 2578/3996/2575
f 1412/3995/1410 2578/3996/2575 244/3997/244
f 1004/3998/1002 2547/3999/2544 1005/4000/1003
f 1004/3998/1002 714/4001/712 2547/3999/2544
f 2457/3725/2454 1797/2485/1794 2301/3386/2298
f 2457/3725/2454 2301/3386/2298 2579/4002/2576
f 2457/3725/2454 2579/4002/2576 2458/3726/2455
f 2457/3725/2454 590/773/588 1797/2485/1794
f 1923/4003/1920 2071/2941/2068 2070/2940/2067
f 1923/4003/1920 1925/4004/1922 2071/2941/2068
f 1923/2688/1920 2070/4005/2067 1924/2689/1921
f 2523/3875/2520 1705/2333/1703 2524/3876/2521
f 2523/3878/2520 192/1292/192 193/4006/193
f 2523/3878/2520 193/4006/193 1705/2331/1703
f 62/79/62 1181/1556/1179 1952/2820/1949
f 62/79/62 1952/2820/1949 2003/2819/2000
f 62/79/62 61/78/61 1181/1556/1179
f 1708/2340/1706 1899/4007/1896 2580/4008/2577
f 1708/2340/1706 2580/4008/2577 427/2341/425
f 914/1199/912 916/1201/914 1942/2709/1939
f 252/319/252 1160/1534/1158 1163/1537/1161
f 252/319/252 254/322/254 1160/1534/1158
f 1996/2807/1993 1419/3649/1417 1431/1905/1429
f 1722/2363/1720 2581/4009/2578 2151/3088/2148
f 1722/2363/1720 1724/2366/1722 2581/4009/2578
f 1727/2373/1725 1729/2372/1727 2411/3617/2408
f 1727/2369/1725 1220/1611/1218 1728/2370/1726
f 1727/2369/1725 902/2662/900 1220/1611/1218
f 1727/2373/1725 903/1184/901 902/1183/900
f 1727/2373/1725 2411/3617/2408 367/3616/365
f 1727/2373/1725 367/3616/365 903/1184/901
f 1566/2099/1564 772/1010/770 2582/4010/2579
f 1566/2099/1564 2582/4010/2579 2124/4011/2121
f 1566/2099/1564 2124/4011/2121 1567/2100/1565
f 630/3704/628 2192/3187/2189 2316/3414/2313
f 630/829/628 2316/4012/2313 631/830/629
f 480/629/478 484/633/482 1025/1355/1023
f 480/629/478 1025/1355/1023 1742/2389/1740
f 38/4013/38 295/373/293 2583/4014/2580
f 38/4013/38 2583/4014/2580 1579/4015/1577
f 38/4013/38 37/374/37 295/373/293
f 1091/1441/1089 497/1443/495 760/996/758
f 1091/1441/1089 760/996/758 761/997/759
f 1091/1441/1089 761/997/759 2509/3831/2506
f 1447/1929/1445 2027/4016/2024 1448/1930/1446
f 1447/4017/1445 2028/2861/2025 2027/2860/2024
f 1642/2240/1640 651/854/649 653/856/651
f 1642/2240/1640 1753/2405/1751 651/854/649
f 1042/1378/1040 2584/4018/2581 2585/4019/2582
f 1042/1378/1040 1047/1383/1045 2584/4018/2581
f 1042/1378/1040 2585/4019/2582 1043/1379/1041
f 2461/3730/2458 1588/2132/1586 1298/1728/1296
f 2461/3730/2458 2376/3548/2373 2375/3544/2372
f 2461/4020/2458 2462/4021/2459 1466/1962/1464
f 2461/4020/2458 1466/1962/1464 2376/4022/2373
f 2461/3730/2458 2375/3544/2372 1588/2132/1586
f 2563/3966/2560 2564/3967/2561 2586/4023/2583
f 2563/3966/2560 2587/4024/2584 233/297/233
f 2563/3966/2560 2586/4023/2583 2588/4025/2585
f 2563/3966/2560 2588/4025/2585 2587/4024/2584
f 339/431/337 341/430/339 955/1256/953
f 339/427/337 1468/1966/1466 2333/3451/2330
f 1983/2781/1980 1985/2780/1982 2228/3245/2225
f 1983/2781/1980 1474/1976/1472 1984/4026/1981
f 1983/2781/1980 1475/1977/1473 1474/1976/1472
f 1983/2781/1980 2228/3245/2225 1475/1977/1473
f 356/4027/354 1138/3417/1136 2140/3073/2137
f 356/4027/354 1476/1978/1474 357/2607/355
f 356/4027/354 1477/1979/1475 1476/1978/1474
f 356/451/354 359/454/357 1138/1504/1136
f 356/4027/354 2140/3073/2137 1477/1979/1475
f 1480/1982/1478 1125/4028/1123 338/460/336
f 1480/1982/1478 338/460/336 364/459/362
f 1480/1982/1478 1126/1984/1124 1125/4028/1123
f 2393/4029/2390 1670/2276/1668 1672/2278/1670
f 2393/4029/2390 1672/2278/1670 2558/4030/2555
f 2393/4029/2390 2397/4031/2394 1670/2276/1668
f 2393/3575/2390 2558/4032/2555 2394/3576/2391
f 372/2188/370 917/1202/915 915/1200/913
f 372/2188/370 1488/4033/1486 2554/3951/2551
f 372/2188/370 915/1200/913 1943/2710/1940
f 372/470/370 698/915/696 1134/1500/1132
f 372/2188/370 2504/3815/2501 2203/3201/2200
f 372/2188/370 1943/2710/1940 1617/2189/1615
f 372/2188/370 2203/3201/2200 917/1202/915
f 1492/4034/1490 1494/2987/1492 2097/2986/2094
f 1492/2000/1490 2589/4035/2586 1493/2001/1491
f 1492/4034/1490 2097/2986/2094 1799/2491/1796
f 1492/4034/1490 1799/2491/1796 2589/4036/2586
f 1496/2006/1494 1893/3551/1890 2063/2920/2060
f 1496/2006/1494 704/921/702 158/201/158
f 1496/2006/1494 2063/2920/2060 704/921/702
f 1961/4037/1958 711/928/709 1852/2570/1849
f 1961/4037/1958 1006/4038/1004 711/928/709
f 1961/4037/1958 1852/2570/1849 2590/4039/2587
f 1499/2009/1497 1501/2012/1499 801/1049/799
f 1499/2009/1497 801/1049/799 800/1048/798
f 2468/3744/2465 2367/4040/2364 2232/3251/2229
f 2468/3744/2465 103/4041/103 2367/4040/2364
f 2468/4042/2465 890/1166/888 103/1165/103
f 2468/3744/2465 2232/3251/2229 2469/3745/2466
f 2468/4042/2465 2302/3387/2299 890/1166/888
f 2591/4043/2588 1898/4044/1895 895/1173/893
f 2591/4043/2588 1390/1852/1388 1898/4044/1895
f 2591/4043/2588 2592/4045/2589 1393/1853/1391
f 2591/4043/2588 1393/1853/1391 1390/1852/1388
f 2591/4043/2588 895/1173/893 2592/4045/2589
f 1877/4046/1874 1403/1869/1401 1405/1868/1403
f 1877/2617/1874 121/148/121 2262/4047/2259
f 1877/4046/1874 2262/3311/2259 1403/1869/1401
f 1877/2617/1874 1405/4048/1403 1792/2479/1789
f 2529/3895/2526 2593/4049/2590 1164/1538/1162
f 2529/3901/2526 2531/3900/2528 2593/4050/2590
f 2529/3895/2526 1164/1538/1162 1505/3896/1503
f 1621/2193/1619 138/170/138 141/177/141
f 1621/2193/1619 1620/2192/1618 138/170/138
f 1621/2193/1619 141/177/141 1622/2194/1620
f 675/887/673 2594/4051/2591 676/888/674
f 675/887/673 678/890/676 2240/4052/2237
f 675/887/673 2240/4052/2237 2594/4051/2591
f 909/2246/907 2595/4053/2592 73/93/73
f 909/1194/907 910/1195/908 2595/4054/2592
f 275/3095/275 2089/2970/2086 1425/2295/1423
f 1428/1901/1426 518/679/516 1429/1902/1427
f 1428/1901/1426 2596/4055/2593 518/679/516
f 1428/1901/1426 2347/3480/2344 2596/4055/2593
f 1768/4056/1765 1769/4057/1766 1376/1825/1374
f 1768/2431/1765 2550/4058/2547 1078/1419/1076
f 1768/4056/1765 1376/1825/1374 2550/3940/2547
f 1768/2431/1765 1078/1419/1076 1077/1418/1075
f 1439/4059/1437 201/251/201 198/245/198
f 1439/4059/1437 491/4060/489 201/251/201
f 1439/4059/1437 198/245/198 618/814/616
f 624/820/622 626/822/624 2575/3992/2572
f 624/820/622 2575/3992/2572 1445/1926/1443
f 2431/3665/2428 2499/4061/2496 2432/3666/2429
f 1733/2378/1731 770/1007/768 2491/3786/2488
f 1733/2378/1731 2055/2908/2052 1734/2379/1732
f 1733/2378/1731 2491/3786/2488 1305/1737/1303
f 1733/2378/1731 1305/1737/1303 2055/2908/2052
f 1572/2105/1570 1571/2104/1569 2597/4062/2594
f 1572/2105/1570 2597/4062/2594 2598/4063/2595
f 1572/2105/1570 2599/4064/2596 619/2106/617
f 1572/2105/1570 2598/4063/2595 2599/4064/2596
f 1773/2439/1770 1577/2112/1575 549/720/547
f 2322/4065/2319 1968/2754/1965 128/156/128
f 2322/3431/2319 125/4066/125 2323/3432/2320
f 2322/4065/2319 2271/3327/2268 1968/2754/1965
f 2322/4065/2319 128/156/128 125/152/125
f 2325/3434/2322 133/4067/133 132/3435/132
f 2325/3434/2322 248/313/248 133/4067/133
f 251/4068/251 2600/4069/2597 2214/3219/2211
f 251/4068/251 2214/3219/2211 254/4070/254
f 251/1880/251 444/577/442 2601/4071/2598
f 251/4068/251 2601/4072/2598 2600/4069/2597
f 2374/3543/2371 589/770/587 591/772/589
f 2374/3543/2371 1589/2133/1587 2375/3544/2372
f 2374/3543/2371 2498/3797/2495 1589/2133/1587
f 2374/3543/2371 591/772/589 2498/3797/2495
f 2602/4073/2599 996/1319/994 994/1314/992
f 2602/4074/2599 381/4075/379 379/4076/377
f 2602/4074/2599 379/4076/377 996/1318/994
f 2602/4073/2599 994/1314/992 2425/3654/2422
f 2602/4074/2599 2425/4077/2422 381/4075/379
f 388/489/386 161/2144/161 389/490/387
f 2380/4078/2377 1690/2306/1688 2381/4079/2378
f 2380/4078/2377 1293/1720/1291 1690/2306/1688
f 2380/3555/2377 941/1235/939 942/1236/940
f 2380/4078/2377 942/1721/940 1293/1720/1291
f 218/278/218 221/281/221 1704/2329/1702
f 218/278/218 1704/2329/1702 741/972/739
f 218/278/218 740/971/738 219/279/219
f 825/1079/823 887/1158/885 828/1082/826
f 1817/2513/1814 2283/3359/2280 1818/2514/1815
f 2289/3365/2286 970/1275/968 2603/4080/2600
f 2289/3365/2286 2603/4080/2600 2290/3366/2287
f 2289/3365/2286 971/1276/969 970/1275/968
f 2289/3365/2286 1262/1678/1260 971/1276/969
f 2604/4081/2601 2345/4082/2342 601/4083/599
f 2604/4081/2601 861/1123/859 2345/4082/2342
f 2604/4081/2601 2312/3405/2309 861/1123/859
f 2605/4084/2602 1758/4085/1755 1757/4086/1754
f 2605/4084/2602 1757/4086/1754 2244/4087/2241
f 2605/4084/2602 2244/4087/2241 2479/3764/2476
f 2605/4084/2602 2606/4088/2603 1758/4085/1755
f 2605/4084/2602 2479/3764/2476 473/619/471
f 2605/4084/2602 473/619/471 2606/4088/2603
f 875/1146/873 877/1148/875 1520/2034/1518
f 875/1146/873 2355/4089/2352 876/1147/874
f 875/2840/873 2016/2839/2013 2355/4090/2352
f 879/1150/877 882/1153/880 2482/4091/2479
f 879/1150/877 227/4092/227 224/2555/224
f 879/1150/877 2482/4091/2479 227/4092/227
f 1528/2048/1526 759/2047/757 1809/2504/1806
f 51/66/51 53/68/53 1073/1414/1071
f 51/66/51 2165/3117/2162 52/67/52
f 2395/3583/2392 2394/3576/2391 2450/3699/2447
f 2607/4093/2604 1920/2683/1917 1842/2557/1839
f 2607/4093/2604 1842/2557/1839 2275/4094/2272
f 2607/4093/2604 2472/4095/2469 1920/2683/1917
f 2608/4096/2605 2151/3090/2148 2236/3256/2233
f 2608/4096/2605 2152/3091/2149 2151/3090/2148
f 2608/4096/2605 437/567/435 2152/3091/2149
f 2608/4096/2605 2236/3256/2233 438/568/436
f 2608/4096/2605 438/568/436 437/567/435
f 2609/4097/2606 2610/4098/2607 2611/4099/2608
f 2609/4097/2606 2600/4100/2597 2612/4101/2609
f 2609/4097/2606 2611/4099/2608 2213/4102/2210
f 2609/4097/2606 2213/4102/2210 2600/4100/2597
f 2609/4097/2606 2612/4101/2609 2610/4098/2607
f 1978/2772/1975 1763/3839/1760 2613/4103/2610
f 1978/2772/1975 2613/4103/2610 1979/2773/1976
f 1985/2787/1982 1986/2786/1983 2467/3742/2464
f 1016/1343/1014 2209/4104/2206 2499/3799/2496
f 1016/4105/1014 2231/3530/2228 2209/3211/2206
f 2054/2906/2051 1913/2670/1910 2055/2907/2052
f 2054/2906/2051 2053/2905/2050 1913/2670/1910
f 2572/4106/2569 2042/4107/2039 2614/4108/2611
f 2572/4106/2569 2614/4108/2611 2615/4109/2612
f 2572/4110/2569 2615/4111/2612 2616/4112/2613
f 2572/3982/2569 2616/4113/2613 2573/3983/2570
f 1902/2646/1899 558/731/556 555/727/553
f 1902/2646/1899 555/727/553 2494/3789/2491
f 2528/4114/2525 1680/2286/1678 1157/1530/1155
f 2528/3893/2525 1450/1932/1448 1448/1933/1446
f 2528/3893/2525 1448/1933/1446 1680/4115/1678
f 1167/1542/1165 1169/1544/1167 1346/2214/1344
f 1167/1670/1165 1346/1785/1344 423/549/421
f 301/380/299 432/561/430 302/381/300
f 301/380/299 300/379/298 1244/1650/1242
f 1493/2002/1491 2617/4116/2614 848/1109/846
f 1493/2002/1491 2589/4117/2586 2617/4116/2614
f 1891/2632/1888 2378/3552/2375 906/1188/904
f 1690/2306/1688 1293/1720/1291 1295/1723/1293
f 1690/2306/1688 172/215/172 2381/4079/2378
f 2331/3447/2328 2553/3947/2550 2539/3919/2536
f 1121/1482/1119 2137/3067/2134 1122/1483/1120
f 1121/1482/1119 1124/1485/1122 2513/3847/2510
f 1121/1482/1119 2513/3847/2510 2137/3067/2134
f 2248/3278/2245 1771/2437/1768 199/247/199
f 2248/3278/2245 2186/3171/2183 1771/2437/1768
f 2248/3278/2245 2409/3925/2406 2186/3171/2183
f 2410/3612/2407 2574/4118/2571 562/736/560
f 2410/3612/2407 562/736/560 547/717/545
f 2092/2975/2089 1424/1895/1422 80/100/80
f 2094/2978/2091 2505/3818/2502 2585/4119/2582
f 2094/2978/2091 2584/4120/2581 1217/2979/1215
f 2094/2978/2091 2585/4119/2582 2584/4120/2581
f 2594/4121/2591 1912/2669/1909 865/2668/863
f 2594/4121/2591 1224/1615/1222 1912/2669/1909
f 2594/4051/2591 2618/4122/2615 1224/4123/1222
f 2594/4051/2591 2240/4052/2237 2618/4122/2615
f 2594/4051/2591 865/1130/863 676/888/674
f 1740/4124/1738 2520/3865/2517 2388/3955/2385
f 1740/2387/1738 637/836/635 2520/4125/2517
f 1399/2677/1397 1398/3868/1396 1241/1646/1239
f 1399/2677/1397 1241/1646/1239 1918/2678/1915
f 2234/3254/2231 972/1278/970 2235/3255/2232
f 2234/3254/2231 973/1279/971 972/1278/970
f 1924/2689/1921 2070/4005/2067 2548/3936/2545
f 64/4126/64 66/2235/66 1180/2234/1178
f 2619/4127/2616 2357/3500/2354 70/4128/70
f 2619/4129/2616 70/3354/70 2280/3353/2277
f 2619/4129/2616 2280/3353/2277 2358/3506/2355
f 2619/4127/2616 2358/3501/2355 2357/3500/2354
f 73/93/73 2595/4053/2592 1938/3265/1935
f 556/729/554 564/738/562 2620/4130/2617
f 556/729/554 2621/4131/2618 557/730/555
f 556/729/554 2622/4132/2619 2621/4131/2618
f 556/729/554 2620/4130/2617 2622/4132/2619
f 2177/3155/2174 211/266/211 1750/2402/1748
f 2177/3158/2174 2178/3157/2175 211/268/211
f 138/170/138 2253/3286/2250 139/171/139
f 1588/2132/1586 1300/1732/1298 1298/1728/1296
f 1588/2132/1586 2375/3544/2372 1589/2133/1587
f 1798/2489/1795 333/420/331 335/422/333
f 1798/2492/1795 1799/2491/1796 2097/2986/2094
f 1798/2489/1795 24/29/24 333/420/331
f 1804/3843/1801 1695/3842/1693 545/714/543
f 1804/3843/1801 541/710/539 1805/3379/1802
f 1804/3843/1801 545/714/543 541/710/539
f 1311/1745/1309 1310/1744/1308 2597/4062/2594
f 1311/1745/1309 2514/3848/2511 1312/1746/1310
f 1311/1745/1309 2597/4062/2594 1571/2104/1569
f 231/4133/231 233/4134/233 1626/2204/1624
f 231/292/231 2338/3459/2335 232/293/232
f 231/292/231 1626/2208/1624 991/2207/989
f 231/292/231 991/2207/989 2338/3459/2335
f 1602/2160/1600 2332/3448/2329 2540/3921/2537
f 1602/2160/1600 2540/3921/2537 1603/4135/1601
f 1609/2170/1607 2072/2943/2069 2334/3452/2331
f 1456/1946/1454 1729/2372/1727 1457/1947/1455
f 1456/1946/1454 2411/3617/2408 1729/2372/1727
f 2412/3618/2409 595/784/593 597/783/595
f 2412/3618/2409 2623/4136/2620 374/472/372
f 2412/3618/2409 597/783/595 2623/4136/2620
f 378/477/376 995/1682/993 379/478/377
f 378/477/376 1265/1683/1263 995/1682/993
f 2624/4137/2621 2545/3928/2542 2444/3688/2441
f 2624/4137/2621 2444/3688/2441 1717/2355/1715
f 2624/4137/2621 999/1322/997 2545/3928/2542
f 2547/4138/2544 713/4139/711 1835/4140/1832
f 2547/4141/2544 714/933/712 713/932/711
f 1277/1698/1275 1963/4142/1960 1278/1699/1276
f 1277/1702/1275 404/1701/402 1836/2545/1833
f 409/527/407 410/526/408 1357/1804/1355
f 409/4143/407 1925/2691/1922 307/2690/305
f 409/524/407 307/386/305 1175/1550/1173
f 409/527/407 1357/1804/1355 1925/4004/1922
f 2512/3840/2509 2261/3309/2258 2167/3638/2164
f 2512/3838/2509 1373/1821/1371 979/1286/977
f 2512/3840/2509 1977/2771/1974 2261/3309/2258
f 2512/3838/2509 2167/3127/2164 1373/1821/1371
f 790/1037/788 789/1034/787 1195/1579/1193
f 1160/1534/1158 254/322/254 2212/4144/2209
f 1160/1534/1158 2212/4144/2209 1161/1535/1159
f 1325/1761/1323 2423/3651/2420 1723/2364/1721
f 1325/1761/1323 1324/1760/1322 2423/3651/2420
f 2505/3818/2502 2121/3033/2118 2120/3032/2117
f 2505/3820/2502 1855/2579/1852 2585/4019/2582
f 2281/3355/2278 2625/4145/2622 1345/1784/1343
f 2281/3355/2278 1345/1784/1343 2282/3356/2279
f 2281/3355/2278 2260/3307/2257 2625/4145/2622
f 2509/3833/2506 2130/3058/2127 304/383/302
f 2509/3833/2506 304/383/302 303/382/301
f 2509/3833/2506 761/4146/759 2130/3058/2127
f 2027/2860/2024 1849/2567/1846 1683/2290/1681
f 1185/1560/1183 1184/1559/1182 1931/2698/1928
f 1185/4147/1183 2115/3021/2112 2116/3023/2113
f 1185/4147/1183 1931/2864/1928 2029/2862/2026
f 1185/4147/1183 2029/2862/2026 2115/3021/2112
f 2031/2868/2028 511/3349/509 2278/3348/2275
f 2031/2872/2028 512/672/510 511/671/509
f 2031/2868/2028 2278/3348/2275 2032/2869/2029
f 1596/2149/1594 742/973/740 2626/4148/2623
f 1596/3234/1594 2626/4149/2623 2225/3235/2222
f 2447/3692/2444 2625/4145/2622 957/4150/955
f 2447/3692/2444 2448/3696/2445 2625/4145/2622
f 2447/4151/2444 957/1258/955 956/1257/954
f 2042/4107/2039 2043/2890/2040 2614/4108/2611
f 682/4152/680 2265/3316/2262 683/901/681
f 682/896/680 1477/1979/1475 2051/2901/2048
f 682/896/680 2051/2901/2048 2265/4153/2262
f 2495/4154/2492 557/730/555 2621/4131/2618
f 2495/3790/2492 559/734/557 557/4155/555
f 782/2301/780 2349/3493/2346 2352/3492/2349
f 782/2301/780 571/747/569 2349/3493/2346
f 782/2301/780 2352/3492/2349 1687/2302/1685
f 2496/3794/2493 1654/3796/1652 1652/2929/1650
f 2496/3794/2493 2021/2928/2018 2022/4156/2019
f 2496/3794/2493 1652/2929/1650 2021/2928/2018
f 2496/3794/2493 2022/4156/2019 2497/3795/2494
f 1500/2011/1498 799/2935/797 2067/2934/2064
f 1500/2011/1498 800/4157/798 799/2935/797
f 1500/2011/1498 591/772/589 587/766/585
f 1500/2011/1498 2067/2934/2064 591/772/589
f 745/1840/743 2627/4158/2624 1386/1841/1384
f 745/1840/743 747/4159/745 2627/4158/2624
f 2470/3746/2467 2176/3149/2173 1974/2768/1971
f 2470/3746/2467 1974/2768/1971 2429/3662/2426
f 2470/3746/2467 2429/3662/2426 895/1175/893
f 2470/3746/2467 895/1175/893 1898/3747/1895
f 2197/3193/2194 2472/3751/2469 2133/3194/2130
f 2197/3193/2194 908/1192/906 1353/1792/1351
f 602/789/600 600/787/598 2189/3180/2186
f 2628/4160/2625 2596/4055/2593 2347/3480/2344
f 2628/4160/2625 2347/3480/2344 1419/3479/1417
f 2628/4161/2625 1418/1885/1416 2279/3350/2276
f 2628/4160/2625 1419/3479/1417 1418/4162/1416
f 2628/4160/2625 2279/4163/2276 2596/4055/2593
f 456/1104/454 458/1601/456 847/1105/845
f 857/1117/855 1623/2197/1621 860/1121/858
f 857/1117/855 2477/3759/2474 1623/2197/1621
f 868/1134/866 867/4164/865 2141/3888/2138
f 1564/2097/1562 537/3167/535 1051/1387/1049
f 1564/3164/1562 1565/4165/1563 2183/3165/2180
f 482/4166/480 2317/4167/2314 1362/4168/1360
f 482/4166/480 1362/4168/1360 1839/4169/1836
f 482/4166/480 485/4170/483 2317/4167/2314
f 482/4166/480 1839/4169/1836 483/4171/481
f 1440/1920/1438 2483/4172/2480 488/637/486
f 1440/3186/1438 2191/3185/2188 2483/3770/2480
f 497/650/495 496/655/494 760/4173/758
f 689/4174/687 2629/4175/2626 690/4176/688
f 2268/3321/2265 985/1300/983 2599/4177/2596
f 2268/3323/2265 2599/4064/2596 2598/4063/2595
f 2268/3323/2265 2598/4063/2595 2269/3324/2266
f 1316/4178/1314 2428/3661/2425 208/361/208
f 1316/4179/1314 2630/4180/2627 2428/3822/2425
f 1968/2755/1965 2631/4181/2628 128/160/128
f 1968/2755/1965 1967/2753/1964 2631/4181/2628
f 1000/1323/998 2632/4182/2629 2544/3927/2541
f 1008/2714/1006 927/4183/925 1945/2715/1942
f 1008/2714/1006 931/4184/929 927/4183/925
f 1778/2448/1775 2633/4185/2630 727/953/725
f 1778/2448/1775 1779/2451/1776 2633/4185/2630
f 1778/2448/1775 727/953/725 726/2449/724
f 1782/2457/1779 796/1044/794 2578/3996/2575
f 1782/2457/1779 1781/2456/1778 797/1045/795
f 1782/2457/1779 797/1045/795 796/1044/794
f 2634/4186/2631 1294/4187/1292 737/4188/735
f 2634/4189/2631 736/966/734 2459/4190/2456
f 2634/4186/2631 2459/3728/2456 1969/2762/1966
f 2634/4189/2631 737/967/735 736/966/734
f 2634/4186/2631 1969/2762/1966 1294/4187/1292
f 2460/4191/2457 1638/2232/1636 2328/3444/2325
f 2460/4192/2457 2328/3441/2325 2462/4021/2459
f 1607/2172/1605 832/2059/830 1541/2061/1539
f 1607/2172/1605 835/4193/833 832/2059/830
f 964/3634/962 965/4194/963 2414/3635/2411
f 964/1266/962 2167/3638/2164 2261/3309/2258
f 1246/1652/1244 2131/3059/2128 2340/4195/2337
f 1246/4196/1244 2521/4197/2518 1747/4198/1745
f 1246/4199/1244 2340/3463/2337 2521/4200/2518
f 2433/4201/2430 2635/4202/2632 2434/4203/2431
f 2433/3667/2430 2432/3666/2429 2561/4204/2558
f 2433/4201/2430 2560/3963/2557 2636/4205/2633
f 2433/4201/2430 2636/4205/2633 2635/4202/2632
f 2433/4201/2430 2561/3964/2558 2560/3963/2557
f 2637/4206/2634 2436/3676/2433 1827/2528/1824
f 2637/4207/2634 1827/4208/1824 1828/2532/1825
f 2637/4207/2634 2439/3679/2436 2437/3680/2434
f 2637/4207/2634 1828/2532/1825 2638/4209/2635
f 2637/4206/2634 2437/3677/2434 2436/3676/2433
f 2637/4207/2634 2638/4209/2635 2439/3679/2436
f 2639/4210/2636 1506/2019/1504 1063/1399/1061
f 2639/4210/2636 2442/3685/2439 2443/3686/2440
f 2639/4210/2636 2443/3686/2440 2546/3930/2543
f 2639/4210/2636 1685/2294/1683 2442/3685/2439
f 2639/4210/2636 2546/3930/2543 1506/2019/1504
f 2639/4210/2636 1063/1399/1061 1685/2294/1683
f 1512/2025/1510 1066/4211/1064 1513/2026/1511
f 1512/2025/1510 1514/2027/1512 2171/4212/2168
f 1860/2585/1857 2640/4213/2637 1861/2586/1858
f 1860/2585/1857 1519/2033/1517 2640/4213/2637
f 1083/1429/1081 1706/2337/1704 2641/4214/2638
f 1083/1429/1081 2002/3498/1999 1707/2338/1705
f 1083/1429/1081 2641/4214/2638 1084/1430/1082
f 1083/1429/1081 1082/1434/1080 2002/3498/1999
f 1083/1429/1081 1707/2338/1705 1706/2337/1704
f 1865/2596/1862 427/2341/425 2580/4008/2577
f 1865/2596/1862 2163/3112/2160 427/2341/425
f 1865/2596/1862 1900/4215/1897 1866/2597/1863
f 1865/2596/1862 2580/4008/2577 1900/4215/1897
f 2642/4216/2639 2360/3510/2357 2077/2949/2074
f 2642/4216/2639 1545/2065/1543 2360/3510/2357
f 2642/4216/2639 1546/2066/1544 1545/2065/1543
f 2642/4216/2639 2077/2949/2074 1546/2066/1544
f 1793/2480/1790 1792/2479/1789 1405/4048/1403
f 1793/2480/1790 1405/4048/1403 2034/3513/2031
f 2581/4009/2578 1551/2079/1549 1037/2081/1035
f 2581/4009/2578 1037/2081/1035 2020/4217/2017
f 2581/4009/2578 2020/4217/2017 2151/3088/2148
f 2581/4009/2578 1724/2366/1722 1551/2079/1549
f 670/4218/668 668/4219/666 1168/4220/1166
f 677/4221/675 1562/2095/1560 1560/2093/1558
f 677/893/675 674/885/672 1562/4222/1560
f 1052/3372/1050 2293/3370/2290 2264/3315/2261
f 1052/1388/1050 2264/4223/2261 1053/1389/1051
f 1845/3602/1842 2311/3403/2308 2313/3406/2310
f 477/623/475 1302/1734/1300 2407/4224/2404
f 477/4225/475 2643/4226/2640 478/626/476
f 477/623/475 2407/4224/2404 2643/4227/2640
f 877/1148/875 31/41/31 1520/2034/1518
f 877/1148/875 34/44/34 31/41/31
f 877/1148/875 874/1145/872 34/44/34
f 488/637/486 2483/4172/2480 2482/4091/2479
f 488/637/486 882/1153/880 489/638/487
f 488/637/486 2482/4091/2479 882/1153/880
f 2644/4228/2641 1697/2319/1695 2463/3733/2460
f 2644/4228/2641 2463/3733/2460 2007/3015/2004
f 2644/4228/2641 44/57/44 1697/2319/1695
f 2011/2831/2008 2165/3117/2162 1536/2055/1534
f 2011/2831/2008 1535/2054/1533 2012/2832/2009
f 2011/2831/2008 1536/2055/1534 1535/2054/1533
f 2159/3103/2156 1862/3827/1859 1861/4229/1858
f 2159/4230/2156 1861/2586/1858 2129/3055/2126
f 368/3192/366 2196/3191/2193 369/3749/367
f 2305/4231/2302 159/202/159 2398/4232/2395
f 2305/4231/2302 160/203/160 159/202/159
f 2305/4233/2302 907/1189/905 160/3553/160
f 434/564/432 2082/3396/2079 1834/3621/1831
f 434/564/432 436/566/434 2082/3396/2079
f 2645/4234/2642 2204/3202/2201 2503/3816/2500
f 2645/4234/2642 2205/3203/2202 2204/3202/2201
f 2645/4234/2642 2503/3816/2500 2502/4235/2499
f 1556/4236/1554 12/15/12 1979/4237/1976
f 1556/4236/1554 1557/2851/1555 12/15/12
f 1556/2086/1554 2613/4238/2610 921/2087/919
f 1556/4236/1554 1979/4237/1976 2613/4239/2610
f 2263/3318/2260 2264/3315/2261 2293/3370/2290
f 544/713/542 543/712/541 773/1011/771
f 544/713/542 773/1011/771 772/1010/770
f 125/4066/125 2583/4240/2580 2323/3432/2320
f 125/4066/125 1579/4241/1577 2583/4240/2580
f 133/165/133 248/4242/248 134/166/134
f 2646/4243/2643 1491/3470/1489 2343/3469/2340
f 2646/4243/2643 1284/1712/1282 1491/3470/1489
f 2646/4243/2643 1286/1713/1284 1284/1712/1282
f 2219/4244/2216 171/214/171 940/4245/938
f 2219/3228/2216 2221/3230/2218 2381/3556/2378
f 2219/4244/2216 2381/4079/2378 172/215/172
f 2219/4244/2216 172/215/172 171/214/171
f 2219/3228/2216 940/1233/938 2220/3229/2217
f 518/679/516 520/681/518 1429/1902/1427
f 518/679/516 2596/4055/2593 519/680/517
f 1812/2508/1809 627/825/625 2006/2825/2003
f 525/688/523 2429/3662/2426 1974/2768/1971
f 2226/3243/2223 2647/4246/2644 2043/2890/2040
f 2226/3243/2223 2043/2890/2040 2041/2886/2038
f 970/1275/968 969/1277/967 2603/4080/2600
f 2367/4040/2364 103/4041/103 102/4247/102
f 2367/4040/2364 2231/3250/2228 2232/3251/2229
f 1024/1354/1022 1022/1352/1020 639/838/637
f 1024/1354/1022 639/838/637 1917/2675/1914
f 2075/2946/2072 2361/4248/2358 2076/2947/2073
f 2075/2946/2072 2077/2950/2074 2360/4249/2357
f 1032/1363/1030 2078/2953/2075 2648/4250/2645
f 1032/1363/1030 2079/2954/2076 2078/2953/2075
f 1032/1363/1030 2648/4250/2645 1033/1364/1031
f 796/1044/794 136/1376/136 2578/3996/2575
f 2370/3537/2367 445/584/443 447/583/445
f 2370/3537/2367 447/583/445 471/3400/469
f 676/888/674 865/1130/863 679/891/677
f 2595/4054/2592 910/1195/908 2202/3200/2199
f 2595/4054/2592 2202/3200/2199 1937/4251/1934
f 2595/4053/2592 1937/4252/1934 1938/3265/1935
f 1219/3758/1217 2555/4253/2552 2477/3759/2474
f 1219/3034/1217 2121/3033/2118 2555/3952/2552
f 1219/1610/1217 2478/4254/2475 1220/1611/1218
f 1223/1614/1221 1732/2376/1730 1912/2669/1909
f 1223/1614/1221 1912/2669/1909 1224/1615/1222
f 1223/1619/1221 774/1014/772 771/1008/769
f 1223/1614/1221 771/2380/769 1732/2376/1730
f 2649/4255/2646 614/4256/612 615/1423/613
f 2649/4255/2646 2550/4058/2547 315/4257/313
f 2649/4255/2646 1078/1419/1076 2550/4058/2547
f 2649/4255/2646 315/4257/313 317/4258/315
f 2649/4255/2646 317/4258/315 614/4256/612
f 2649/4255/2646 615/1423/613 1078/1419/1076
f 626/822/624 2650/4259/2647 2172/3141/2169
f 626/822/624 2172/3141/2169 2575/3992/2572
f 626/822/624 623/819/621 2650/4259/2647
f 934/4260/932 936/4261/934 729/4262/727
f 735/964/733 2252/3291/2249 2361/3511/2358
f 735/964/733 737/967/735 1296/3288/1294
f 946/4263/944 1461/4264/1459 2079/3517/2076
f 946/4263/944 2079/3517/2076 2033/3516/2030
f 946/1245/944 2255/3294/2252 1461/4265/1459
f 2035/2878/2032 2564/4266/2561 2036/2879/2033
f 2035/2878/2032 88/2880/88 87/4267/87
f 2035/2878/2032 2586/4268/2583 2564/4266/2561
f 2319/3920/2316 1249/2265/1247 1661/2263/1659
f 2319/3426/2316 2539/4269/2536 2320/3427/2317
f 2391/3572/2388 1436/1915/1434 2541/3922/2538
f 2391/4270/2388 1668/2273/1666 1667/2272/1665
f 2391/4270/2388 1667/2272/1665 417/539/415
f 2391/3572/2388 2541/3922/2538 1668/4271/1666
f 2057/2910/2054 2651/4272/2648 1149/4273/1147
f 2057/2910/2054 1149/4273/1147 1677/2911/1675
f 1494/2003/1492 1283/1709/1281 1285/1711/1283
f 1494/2003/1492 1285/1711/1283 2058/2914/2055
f 1893/2634/1890 1894/2635/1891 2063/2922/2060
f 989/1307/987 730/4274/728 990/1308/988
f 989/3335/987 5/3334/5 2023/2847/2020
f 989/3335/987 731/957/729 730/956/728
f 989/3335/987 2023/2847/2020 731/957/729
f 1501/4275/1499 722/944/720 718/940/716
f 1501/2012/1499 718/4276/716 2404/4277/2401
f 1501/2012/1499 1502/2014/1500 722/4278/720
f 1501/2012/1499 2404/4277/2401 801/1049/799
f 1174/1549/1172 2548/3936/2545 1700/2323/1698
f 1174/1549/1172 1700/2323/1698 1175/1550/1173
f 1174/1549/1172 1176/1551/1174 2548/3936/2545
f 2003/3012/2000 2004/4279/2001 492/642/490
f 1649/2250/1647 1290/3806/1288 78/98/78
f 1201/4280/1199 2417/3641/2414 817/1070/815
f 1201/4281/1199 817/4282/815 2652/4283/2649
f 1201/4280/1199 1199/3642/1197 2417/3641/2414
f 2326/4284/2323 97/3139/97 720/3136/718
f 2326/4285/2323 720/942/718 719/941/717
f 2019/2843/2016 2236/3256/2233 2020/2844/2017
f 478/626/476 2643/4226/2640 747/978/745
f 2640/4213/2637 1519/2033/1517 1521/2035/1519
f 2640/4213/2637 2128/3052/2125 1861/2586/1858
f 2640/4213/2637 1521/2035/1519 2128/3052/2125
f 1526/2040/1524 1746/4286/1744 2653/4287/2650
f 1526/2040/1524 1525/2039/1523 1746/4286/1744
f 756/2044/754 1530/2049/1528 2341/3464/2338
f 756/4288/754 2341/4289/2338 757/4290/755
f 1886/2627/1883 2635/4291/2632 1887/2628/1884
f 1886/2627/1883 1884/2625/1881 2635/4291/2632
f 2378/3552/2375 160/3553/160 907/1189/905
f 2378/3552/2375 907/1189/905 906/1188/904
f 2537/3917/2534 2569/3977/2566 1994/2805/1991
f 1763/4292/1760 922/1207/920 2613/4293/2610
f 2137/3067/2134 2513/3847/2510 1767/2430/1764
f 2137/3067/2134 2000/2814/1997 2138/3068/2135
f 2137/3067/2134 1767/2430/1764 2000/2814/1997
f 1950/3326/1947 2270/3325/2267 1481/3428/1479
f 1487/1992/1485 1136/4294/1134 1954/2731/1951
f 1253/4295/1251 2654/4296/2651 1254/3410/1252
f 1253/4295/1251 1819/2515/1816 1816/2512/1813
f 1253/4295/1251 1816/2512/1813 2654/4296/2651
f 1253/1665/1251 1776/2445/1773 1819/3304/1816
f 1823/2520/1820 1044/4297/1042 1855/2578/1852
f 1823/2520/1820 2516/3855/2513 1044/4297/1042
f 19/24/19 532/698/530 20/25/20
f 2631/4181/2628 129/161/129 128/160/128
f 1785/2462/1782 2300/3385/2297 583/762/581
f 2655/4298/2652 848/1106/846 846/1103/844
f 2655/4299/2652 2342/3468/2339 848/3467/846
f 1617/2189/1615 1943/2710/1940 1941/2708/1938
f 1622/2194/1620 141/177/141 600/4300/598
f 1622/2196/1620 2346/4301/2343 1623/2197/1621
f 287/360/285 2630/4302/2627 204/254/204
f 287/362/285 1339/1776/1337 2630/4180/2627
f 527/690/525 2282/3358/2279 293/370/291
f 527/690/525 2283/3359/2280 2282/3358/2279
f 527/690/525 528/691/526 2283/3359/2280
f 527/690/525 293/370/291 290/369/288
f 1629/2210/1627 1745/2392/1743 1347/1786/1345
f 1629/2210/1627 2148/4303/2145 1744/2391/1742
f 1629/4304/1627 1630/2212/1628 2148/3084/2145
f 1350/1789/1348 1747/2399/1745 1351/1790/1349
f 1358/1798/1356 212/271/212 2532/4305/2529
f 1358/1798/1356 213/272/213 212/271/212
f 1358/1798/1356 2532/4305/2529 1359/1799/1357
f 613/809/611 614/810/612 1364/1809/1362
f 730/4274/728 2656/4306/2653 990/1308/988
f 730/4307/728 729/4262/727 2656/4308/2653
f 2657/4309/2654 2399/3585/2396 239/302/239
f 2657/4309/2654 2658/4310/2655 2659/4311/2656
f 2657/4309/2654 239/302/239 241/304/241
f 2657/4309/2654 241/304/241 2658/4310/2655
f 2657/4309/2654 2659/4311/2656 1988/2789/1985
f 2657/4309/2654 1988/2789/1985 2399/3585/2396
f 2660/4312/2657 246/4313/246 2415/4314/2412
f 2660/4312/2657 2119/3028/2116 246/4313/246
f 2660/4312/2657 2060/4315/2057 1453/1941/1451
f 2660/4312/2657 1453/1941/1451 933/1222/931
f 2660/4312/2657 933/1222/931 2119/3028/2116
f 2660/4312/2657 2415/4314/2412 2060/4315/2057
f 1653/3886/1651 1654/4316/1652 86/106/86
f 2421/3647/2418 1204/3754/1202 1415/1882/1413
f 2421/3647/2418 1415/1882/1413 1419/1886/1417
f 2421/3648/2418 1207/1596/1205 1204/1593/1202
f 362/982/360 749/981/747 2661/4317/2658
f 362/982/360 2661/4317/2658 2543/4318/2540
f 2662/4319/2659 2559/3961/2556 2558/3958/2555
f 2662/4320/2659 1672/2278/1670 1472/1973/1470
f 2662/4319/2659 1472/4321/1470 2559/3961/2556
f 2662/4320/2659 2558/4030/2555 1672/2278/1670
f 1676/2282/1674 1260/1676/1258 2211/3216/2208
f 1676/2282/1674 1148/1519/1146 2145/3080/2142
f 2082/2958/2079 1266/1684/1264 1265/1683/1263
f 2082/2958/2079 1265/1683/1263 1834/2540/1831
f 1272/1693/1270 1270/1692/1268 1991/2799/1988
f 1880/4322/1877 2032/2869/2029 2277/3347/2274
f 1880/2620/1877 2277/3345/2274 1754/2406/1752
f 402/515/400 949/1249/947 948/1248/946
f 402/515/400 948/1248/946 947/1247/945
f 2551/3941/2548 469/613/467 324/1402/322
f 2551/3941/2548 324/1402/322 2611/4099/2608
f 2551/3941/2548 2611/4099/2608 2552/3942/2549
f 1138/1504/1136 631/830/629 2316/4012/2313
f 1138/3417/1136 2010/2829/2007 2140/3073/2137
f 2408/3610/2405 2542/3924/2539 696/913/694
f 758/994/756 760/996/758 496/648/494
f 758/3177/756 1809/2504/1806 759/2047/757
f 1371/1940/1369 1454/1939/1452 2180/3161/2177
f 1371/1819/1369 2180/4323/2177 1372/1820/1370
f 2535/4324/2532 1881/2621/1878 143/176/143
f 2535/3914/2532 2536/3916/2533 1881/3902/1878
f 2535/4324/2532 143/176/143 139/178/139
f 2535/4325/2532 139/171/139 170/3834/170
f 147/187/147 146/186/146 1789/2474/1786
f 233/4134/233 2587/4326/2584 1626/2204/1624
f 1975/2769/1972 2176/3149/2173 2175/3148/2172
f 1975/2769/1972 2175/3148/2172 2314/3411/2311
f 1975/2769/1972 1974/2768/1971 2176/3149/2173
f 12/15/12 1557/2851/1555 531/694/529
f 12/18/12 13/17/13 1979/2773/1976
f 17/22/17 2026/4327/2023 2262/4328/2259
f 17/22/17 2262/4328/2259 120/696/120
f 17/22/17 452/593/450 2026/4327/2023
f 535/3317/533 2265/3316/2262 538/4329/536
f 535/701/533 2183/3165/2180 2264/3315/2261
f 2629/4175/2626 57/73/57 690/4176/688
f 1488/4033/1486 1329/4330/1327 2554/3951/2551
f 1488/4331/1486 2663/4332/2660 1329/1766/1327
f 1488/1995/1486 1485/1989/1483 2663/4333/2660
f 1958/2736/1955 158/201/158 708/925/706
f 1958/2736/1955 163/206/163 158/201/158
f 1958/2736/1955 708/925/706 1959/2737/1956
f 2497/4334/2494 2022/2848/2019 2023/2847/2020
f 2497/3795/2494 2023/4335/2020 5/6/5
f 587/2013/585 1965/4336/1962 1502/2014/1500
f 410/4337/408 2229/3629/2226 213/272/213
f 410/532/408 412/531/410 2230/3249/2227
f 410/532/408 2230/3249/2227 2229/3248/2226
f 2235/3255/2232 972/1278/970 974/1281/972
f 1505/2018/1503 1161/3437/1159 323/410/321
f 1505/3896/1503 1164/1538/1162 1161/1535/1159
f 1043/1379/1041 2585/4019/2582 1855/2579/1852
f 1043/1379/1041 1855/2579/1852 1044/1380/1042
f 2664/4338/2661 1825/2524/1822 2665/4339/2662
f 2664/4338/2661 2665/4339/2662 2576/3993/2573
f 2664/4338/2661 20/4340/20 1825/2524/1822
f 2664/4338/2661 2576/3993/2573 21/3099/21
f 2664/4338/2661 21/3099/21 20/4340/20
f 2617/4116/2614 2589/4117/2586 2666/4341/2663
f 2617/4116/2614 849/1108/847 848/1109/846
f 2617/4116/2614 2666/4341/2663 455/596/453
f 2617/4116/2614 455/596/453 849/1108/847
f 2667/4342/2664 2454/4343/2451 2638/4209/2635
f 2667/4344/2664 186/231/186 2454/4345/2451
f 2667/4344/2664 1989/4346/1986 191/236/191
f 2667/4342/2664 1990/2793/1987 1989/2792/1986
f 2667/4344/2664 191/236/191 186/231/186
f 2667/4342/2664 2638/4209/2635 1990/2793/1987
f 1684/2293/1682 2441/3682/2438 2442/3685/2439
f 1684/2293/1682 1425/2295/1423 2474/3753/2471
f 1684/2293/1682 2442/3685/2439 1685/2294/1683
f 1684/2293/1682 2474/3753/2471 2441/3682/2438
f 490/640/488 492/642/490 2004/4279/2001
f 490/4347/488 200/249/200 201/251/201
f 490/4347/488 201/251/201 491/4060/489
f 490/4347/488 2004/2821/2001 200/249/200
f 498/2600/496 1867/2599/1864 499/4348/497
f 2209/3213/2206 2052/2903/2049 2499/4349/2496
f 346/438/344 696/913/694 693/910/691
f 329/416/327 330/417/328 1587/2131/1585
f 380/2537/378 377/3224/375 1832/2538/1829
f 2652/4283/2649 817/4282/815 815/4350/813
f 1595/2147/1593 2221/3230/2218 821/1075/819
f 1595/2147/1593 821/1075/819 643/842/641
f 1598/2151/1596 219/279/219 740/971/738
f 1598/2151/1596 1597/2150/1595 2108/3005/2105
f 2564/4266/2561 2280/3351/2277 2036/2879/2033
f 1611/3829/1609 2507/3828/2504 1613/4351/1611
f 2046/2894/2043 1134/1500/1132 698/915/696
f 854/1114/852 2017/3179/2014 2453/3707/2450
f 2354/3495/2351 1366/1813/1364 1365/1814/1363
f 2354/3495/2351 1365/1814/1363 876/3496/874
f 226/286/226 227/287/227 2482/3769/2479
f 2012/2832/2009 1535/2054/1533 890/1166/888
f 2012/2832/2009 890/1166/888 2302/3387/2299
f 2012/2832/2009 2302/3387/2299 2013/2833/2010
f 2076/2947/2073 2252/4352/2249 2459/4353/2456
f 2076/2947/2073 2361/4248/2358 2252/4352/2249
f 2076/2947/2073 2459/4353/2456 1544/2070/1542
f 1462/1957/1460 1548/2072/1546 2668/4354/2665
f 1462/1957/1460 2668/4354/2665 2078/2951/2075
f 1462/1957/1460 1464/1963/1462 1548/2072/1546
f 1552/2082/1550 565/739/563 271/343/271
f 921/1206/919 2613/4293/2610 922/1207/920
f 929/1216/927 1562/2095/1560 930/1217/928
f 929/1216/927 1563/2096/1561 1562/2095/1560
f 2650/4259/2647 1251/3142/1249 2172/3141/2169
f 2650/4259/2647 1662/3852/1660 1251/3142/1249
f 2650/4259/2647 623/819/621 1662/3852/1660
f 2654/4296/2651 1816/2512/1813 2314/3411/2311
f 2654/4296/2651 2314/3411/2311 1254/3410/1252
f 2559/3961/2556 1472/4321/1470 2465/3740/2462
f 1825/2524/1822 20/4340/20 532/2525/530
f 1825/2524/1822 1827/2528/1824 2665/4339/2662
f 995/1316/993 996/1318/994 379/4076/377
f 1754/2406/1752 2277/3345/2274 510/670/508
f 1836/2545/1833 2518/3859/2515 1563/2096/1561
f 1290/3806/1288 1291/4355/1289 78/98/78
f 741/972/739 1703/2328/1701 2626/4148/2623
f 741/972/739 1704/2329/1702 1703/2328/1701
f 741/972/739 2626/4148/2623 742/973/740
f 1301/1733/1299 181/226/181 2553/4356/2550
f 1301/1733/1299 2553/4356/2550 1302/1734/1300
f 1310/1744/1308 347/440/345 2669/4357/2666
f 1310/1744/1308 2669/4357/2666 2597/4062/2594
f 1697/2319/1695 1230/1626/1228 2463/3733/2460
f 1697/2319/1695 1699/2322/1697 1230/1626/1228
f 1681/2288/1679 1848/3092/1845 2152/3091/2149
f 1681/2291/1679 1683/2290/1681 1849/2567/1846
f 1681/2288/1679 2152/3091/2149 1682/2289/1680
f 1681/2288/1679 1849/4358/1846 1848/3092/1845
f 711/935/709 1006/1329/1004 715/936/713
f 1044/1380/1042 2516/3854/2513 1045/1381/1043
f 2665/4339/2662 2436/3676/2433 2438/3678/2435
f 2665/4339/2662 1827/2528/1824 2436/3676/2433
f 2665/4339/2662 2438/3678/2435 2576/3993/2573
f 1518/2032/1516 584/4359/582 580/3954/578
f 1518/2032/1516 1517/2031/1515 584/4359/582
f 1706/2337/1704 696/913/694 2641/4214/2638
f 427/554/425 2163/3115/2160 432/561/430
f 1018/2899/1016 1012/4360/1010 2050/2900/2047
f 1637/3252/1635 484/633/482 483/632/481
f 1637/3252/1635 1026/1356/1024 484/633/482
f 65/83/65 880/1151/878 1640/2237/1638
f 65/83/65 63/85/63 881/1152/879
f 65/83/65 1640/2237/1638 66/84/66
f 65/83/65 881/1152/879 880/1151/878
f 1034/1365/1032 653/858/651 654/857/652
f 2399/3585/2396 2400/4361/2397 239/302/239
f 78/98/78 1291/4355/1289 81/101/81
f 211/268/211 2178/3157/2175 212/269/212
f 2610/4362/2607 2670/4363/2667 2238/3259/2235
f 2610/4362/2607 2238/3259/2235 2552/3943/2549
f 2610/4098/2607 2552/3942/2549 2611/4099/2608
f 2610/4362/2607 2612/4364/2609 2670/4363/2667
f 2486/3776/2483 1117/4365/1115 2487/3777/2484
f 2486/3776/2483 1118/3979/1116 1117/4365/1115
f 340/429/338 2039/2883/2036 341/430/339
f 340/3069/338 338/4366/336 1123/1484/1121
f 340/3069/338 1123/1484/1121 1122/1483/1120
f 1139/1505/1137 2671/4367/2668 631/830/629
f 1139/1505/1137 359/454/357 355/450/353
f 749/981/747 2333/3451/2330 2672/4368/2669
f 749/981/747 2672/4368/2669 2661/4317/2658
f 795/1043/793 2419/3644/2416 2418/3643/2415
f 1168/1543/1166 1630/2212/1628 1169/1544/1167
f 2149/3086/2146 403/516/401 1787/2471/1784
f 2149/3086/2146 405/518/403 403/516/401
f 212/269/212 2178/3157/2175 2179/3160/2176
f 212/269/212 2179/3160/2176 2532/3904/2529
f 1899/4007/1896 1900/4215/1897 2580/4008/2577
f 2456/3723/2453 2201/3198/2198 2673/4369/2670
f 2456/3723/2453 2673/4369/2670 2674/4370/2671
f 2456/3722/2453 2674/4371/2671 2675/4372/2672
f 2456/3722/2453 2675/4372/2672 1712/2348/1710
f 1194/1585/1192 1213/1604/1211 2085/3520/2082
f 1194/1585/1192 1196/1580/1194 1213/1604/1211
f 2473/3752/2470 2441/3682/2438 2474/3753/2471
f 2473/3752/2470 1718/3683/1716 2441/3682/2438
f 2473/4373/2470 253/2359/253 1718/2358/1716
f 2473/3752/2470 255/324/255 253/4374/253
f 1204/3754/1202 1416/1883/1414 1415/1882/1413
f 2423/3651/2420 659/865/657 1723/2364/1721
f 2423/3651/2420 2362/3518/2359 659/865/657
f 2423/3651/2420 1324/1760/1322 2424/3652/2421
f 1220/1611/1218 2478/4254/2475 1728/2370/1726
f 1232/1629/1230 2173/3143/2170 2104/3144/2101
f 1232/3044/1230 2104/4375/2101 2125/3045/2122
f 1917/2675/1914 639/838/637 638/837/636
f 2130/3058/2127 761/4146/759 757/4290/755
f 2130/3058/2127 757/4290/755 2131/3059/2128
f 1638/2232/1636 1098/1458/1096 2328/3444/2325
f 230/290/230 887/1158/885 2358/3506/2355
f 1645/2244/1643 1714/2352/1712 2675/4372/2672
f 1645/2244/1643 2675/4372/2672 1646/2247/1644
f 246/4313/246 2119/3028/2116 247/4376/247
f 254/4070/254 2214/3219/2211 2212/3217/2209
f 1657/2259/1655 2568/3975/2565 2606/4088/2603
f 1657/2259/1655 2606/4088/2603 473/619/471
f 2428/3822/2425 2630/4180/2627 1339/1776/1337
f 2428/3822/2425 1339/1776/1337 2158/3102/2155
f 1234/1637/1232 896/1174/894 894/1171/892
f 302/381/300 432/561/430 2162/3114/2159
f 302/381/300 2162/3114/2159 303/382/301
f 2405/3597/2402 2549/3937/2546 1173/1548/1171
f 2405/3598/2402 309/389/307 2549/3939/2546
f 2405/3598/2402 310/390/308 309/389/307
f 1106/1464/1104 859/2310/857 2311/4377/2308
f 1392/1848/1390 2216/3221/2213 1111/1469/1109
f 1117/4365/1115 334/4378/332 2257/3297/2254
f 1117/4365/1115 2257/3297/2254 2487/3777/2484
f 779/1019/777 1807/2502/1804 780/1020/778
f 2338/4379/2335 2656/4308/2653 936/4261/934
f 2338/4379/2335 936/4261/934 2339/4380/2336
f 2338/4381/2335 991/1310/989 2656/4306/2653
f 1666/2270/1664 1668/2273/1666 2335/3453/2332
f 1677/2283/1675 1149/1520/1147 1148/1519/1146
f 1506/2019/1504 2546/3930/2543 2530/3897/2527
f 1398/1859/1396 1835/3935/1832 1686/4382/1684
f 2584/4383/2581 1047/4384/1045 1221/1612/1219
f 2584/4383/2581 1221/1612/1219 1217/1608/1215
f 2239/3262/2236 2582/4385/2579 2618/4386/2615
f 2239/3262/2236 2618/4386/2615 2240/3263/2237
f 2239/3262/2236 2124/3041/2121 2582/4385/2579
f 2587/4326/2584 1627/2205/1625 1626/2204/1624
f 2587/4326/2584 2588/4387/2585 1627/2205/1625
f 1745/2392/1743 1027/1357/1025 1347/1786/1345
f 2165/3117/2162 2480/3871/2477 52/67/52
f 2165/3117/2162 2166/3118/2163 2480/3871/2477
f 1862/3827/1859 2448/3696/2445 1999/3697/1996
f 2304/4388/2301 2676/4389/2673 114/4390/114
f 2398/4232/2395 159/202/159 164/207/164
f 2589/4036/2586 1799/2491/1796 2666/4391/2663
f 2401/3590/2398 190/235/190 191/236/191
f 2401/3590/2398 464/3591/462 465/4392/463
f 2401/3590/2398 465/4392/463 190/235/190
f 2417/3641/2414 2419/3644/2416 2147/3082/2144
f 2417/3641/2414 2147/3082/2144 817/1070/815
f 1384/1837/1382 721/943/719 1514/2027/1512
f 1384/1837/1382 1514/2027/1512 1511/2024/1509
f 1871/2610/1868 1872/2611/1869 2661/4317/2658
f 1871/2610/1868 2672/4368/2669 108/130/108
f 1871/2610/1868 2661/4317/2658 2672/4368/2669
f 120/4393/120 2262/4394/2259 121/4395/121
f 2677/4396/2674 2653/4397/2650 2678/4398/2675
f 2677/4396/2674 2678/4398/2675 2577/3994/2574
f 1881/3902/1878 2536/3916/2533 513/673/511
f 1491/2004/1489 1284/1710/1282 1283/1709/1281
f 171/214/171 169/212/169 940/4245/938
f 181/226/181 2539/4269/2536 2553/4356/2550
f 181/226/181 2320/3427/2317 2539/4269/2536
f 181/226/181 179/224/179 2320/3427/2317
f 190/235/190 465/4392/463 1802/3561/1799
f 1573/2107/1571 620/2109/618 1313/1747/1311
f 1573/2107/1571 1312/1746/1310 1574/2108/1572
f 1573/2107/1571 1313/1747/1311 1312/1746/1310
f 2188/3175/2185 1810/2505/1807 1809/2504/1806
f 1054/1390/1052 1051/1387/1049 537/3167/535
f 1208/1597/1206 1207/1596/1205 1995/2806/1992
f 1208/1597/1206 1995/2806/1992 1994/2805/1991
f 1208/1597/1206 1994/2805/1991 2569/3977/2566
f 2679/4399/2676 2680/4400/2677 2351/3488/2348
f 2679/4401/2676 2351/4402/2348 2445/4403/2442
f 2679/4399/2676 2353/3494/2350 2680/4400/2677
f 2679/4401/2676 2506/4404/2503 2157/4405/2154
f 2679/4401/2676 2157/4405/2154 2353/3490/2350
f 2679/4401/2676 2445/4403/2442 2506/4404/2503
f 1186/1562/1184 499/4406/497 2681/4407/2678
f 1186/1562/1184 2681/4407/2678 1187/1563/1185
f 2125/3047/2122 1386/1842/1384 2627/4408/2624
f 2125/3047/2122 2627/4408/2624 1735/3048/1733
f 2125/3047/2122 1387/1843/1385 1386/1842/1384
f 2125/3047/2122 2104/3000/2101 1387/1843/1385
f 893/1169/891 636/1636/634 1393/1853/1391
f 893/1169/891 2592/4045/2589 895/1173/893
f 893/1169/891 1393/1853/1391 2592/4045/2589
f 2658/4310/2655 2682/4409/2679 2659/4311/2656
f 2658/4310/2655 241/304/241 238/301/238
f 2119/3030/2116 664/874/662 247/314/247
f 2206/3526/2203 2207/4410/2204 2365/3527/2362
f 2265/4153/2262 2051/2901/2048 538/2902/536
f 543/3169/541 2185/3170/2182 2492/3787/2489
f 543/3169/541 2492/3787/2489 773/1015/771
f 2670/4411/2667 471/615/469 2238/3261/2235
f 2670/4411/2667 2371/3539/2368 471/615/469
f 2670/4363/2667 2612/4364/2609 2371/4412/2368
f 807/1055/805 2633/4185/2630 1779/2451/1776
f 807/1055/805 1779/2451/1776 808/1056/806
f 807/1055/805 809/1057/807 2633/4185/2630
f 816/1068/814 818/1071/816 2065/2926/2062
f 1463/1959/1461 2462/4021/2459 2328/3441/2325
f 1463/1959/1461 1466/1962/1464 2462/4021/2459
f 2671/4367/2668 632/831/630 631/830/629
f 2333/3451/2330 1468/1966/1466 2672/4368/2669
f 408/523/406 1700/2323/1698 2070/4005/2067
f 416/537/414 417/539/415 1667/2272/1665
f 2450/4413/2447 2557/3960/2554 297/376/295
f 2450/4413/2447 297/376/295 296/375/294
f 2450/3699/2447 2394/3576/2391 2558/4032/2555
f 2450/4414/2447 2558/3958/2555 2557/3957/2554
f 2078/2951/2075 2668/4354/2665 2648/4415/2645
f 436/566/434 439/569/437 1037/1368/1035
f 1851/2569/1848 2086/4416/2083 1852/2570/1849
f 1066/4211/1064 1254/3408/1252 1513/2026/1511
f 1857/2582/1854 2192/3187/2189 1858/2583/1855
f 1857/2582/1854 2316/3414/2313 2192/3187/2189
f 1590/2136/1588 2028/2861/2025 2217/3223/2214
f 1593/2140/1591 164/3881/164 162/2143/162
f 939/1232/937 2222/3231/2219 2220/3229/2217
f 939/1232/937 2220/3229/2217 940/1233/938
f 1382/1834/1380 2487/3777/2484 2256/3296/2253
f 2287/4417/2284 2683/4418/2680 2489/3783/2486
f 2045/2893/2042 699/916/697 2623/4136/2620
f 2454/4343/2451 2439/3679/2436 2638/4209/2635
f 619/1299/617 2599/4177/2596 985/1300/983
f 582/761/580 1997/2811/1994 396/2465/394
f 582/761/580 584/763/582 1997/2811/1994
f 1788/2473/1785 1790/2476/1787 2301/3386/2298
f 2635/4291/2632 1884/2625/1881 2434/3670/2431
f 2635/4202/2632 2636/4205/2633 1887/3962/1884
f 2536/3916/2533 2135/3064/2132 2684/4419/2681
f 2536/3916/2533 2684/4419/2681 513/673/511
f 1963/2743/1960 2458/3726/2455 2685/4420/2682
f 1963/2743/1960 2685/4420/2682 1278/4421/1276
f 1769/2435/1766 1770/2434/1767 1802/2497/1799
f 1769/4422/1766 1802/4423/1799 465/4424/463
f 1769/4422/1766 465/4424/463 466/4425/464
f 1769/4422/1766 466/4425/464 1376/4426/1374
f 108/130/108 1467/1965/1465 109/131/109
f 108/130/108 2672/4368/2669 1468/1966/1466
f 108/130/108 1468/1966/1466 1467/1965/1465
f 113/3077/113 114/4390/114 2143/3078/2140
f 119/2526/119 532/2525/530 122/4427/122
f 1155/2450/1153 1833/4428/1830 808/1056/806
f 2686/4429/2683 1165/1539/1163 1164/1538/1162
f 2686/4429/2683 1164/1538/1162 2593/4049/2590
f 2548/3936/2545 1173/1548/1171 2549/3937/2546
f 2548/3936/2545 2070/4005/2067 1700/2323/1698
f 2548/3936/2545 1176/1551/1174 1173/1548/1171
f 1668/4271/1666 2541/3922/2538 2335/3455/2332
f 1714/2352/1712 1712/2348/1710 2675/4372/2672
f 1195/1579/1193 789/1034/787 1196/1580/1194
f 721/943/719 2171/4212/2168 1514/2027/1512
f 721/943/719 720/942/718 2171/4212/2168
f 2590/4430/2587 1852/4431/1849 2086/2964/2083
f 2590/4430/2587 2086/2964/2083 2363/3522/2360
f 2384/4432/2381 2120/3032/2117 2122/3036/2119
f 2384/3564/2381 2122/4433/2119 1047/2518/1045
f 2128/3052/2125 2129/3055/2126 1861/2586/1858
f 1746/4434/1744 701/918/699 2678/4435/2675
f 1746/4286/1744 2678/4436/2675 2653/4287/2650
f 1872/2611/1869 2543/4318/2540 2661/4317/2658
f 1872/3215/1869 1479/1981/1477 2543/3926/2540
f 2490/3785/2487 2687/4437/2684 2615/4438/2612
f 2490/3781/2487 2615/4109/2612 2286/3362/2283
f 2490/3785/2487 2139/3072/2136 2687/4437/2684
f 699/916/697 374/472/372 2623/4136/2620
f 1682/2289/1680 2152/3091/2149 437/567/435
f 1682/2289/1680 437/567/435 435/565/433
f 2545/3928/2542 2443/4439/2440 2444/3688/2441
f 2545/3932/2542 2546/3930/2543 2443/3686/2440
f 2032/2869/2029 2278/3348/2275 2277/3347/2274
f 947/1250/945 945/1243/943 1402/1863/1400
f 2182/3163/2179 1294/1722/1292 1970/2759/1967
f 2182/3163/2179 1970/2759/1967 2478/3760/2475
f 2182/3163/2179 1295/1723/1293 1294/1722/1292
f 1022/1730/1020 330/417/328 331/418/329
f 1022/1352/1020 331/4440/329 639/838/637
f 1124/4441/1122 1694/2314/1692 1695/2315/1693
f 1124/4441/1122 1695/2315/1693 2513/3846/2510
f 1124/1983/1122 1479/1981/1477 1145/1516/1143
f 1124/4441/1122 1145/1514/1143 1694/2314/1692
f 347/440/345 344/435/342 2669/4357/2666
f 347/3172/345 2186/3171/2183 348/4442/346
f 2688/4443/2685 2689/4444/2686 1149/4445/1147
f 2688/4446/2685 1149/4273/1147 2651/4272/2648
f 2089/2970/2086 2474/3753/2471 1425/2295/1423
f 2596/4055/2593 2279/4163/2276 519/680/517
f 2630/4302/2627 352/447/350 204/254/204
f 213/272/213 2229/3629/2226 214/273/214
f 220/280/220 2524/3876/2521 221/281/221
f 2656/4308/2653 729/4262/727 936/4261/934
f 2656/4306/2653 991/1310/989 990/1308/988
f 1946/2717/1943 1945/2715/1942 2117/4447/2114
f 1946/2717/1943 2117/4447/2114 2118/4448/2115
f 1946/2717/1943 2118/4448/2115 2568/3975/2565
f 767/4449/765 2294/3371/2291 537/3167/535
f 772/1010/770 775/1013/773 2582/4010/2579
f 2298/3382/2295 2577/3994/2574 2678/4398/2675
f 2298/3384/2295 700/917/698 1281/1705/1279
f 2298/3384/2295 2678/4435/2675 700/917/698
f 244/4450/244 134/166/134 248/4242/248
f 244/4450/244 2578/4451/2575 134/166/134
f 2600/4069/2597 2213/3218/2210 2214/3219/2211
f 2600/4452/2597 2601/4453/2598 2372/4454/2369
f 2600/4100/2597 2372/4455/2369 2612/4101/2609
f 1703/2328/1701 2225/4456/2222 2626/4148/2623
f 1187/1563/1185 2681/4407/2678 1900/4215/1897
f 2282/3356/2279 1345/1784/1343 293/1783/291
f 2647/4246/2644 2614/4108/2611 2043/2890/2040
f 2647/4246/2644 2288/3364/2285 2614/4108/2611
f 324/1402/322 320/4457/318 2611/4099/2608
f 28/37/28 27/35/27 2387/3567/2384
f 1544/2070/1542 2459/4353/2456 734/4458/732
f 2202/3200/2199 1955/3199/1952 1937/4251/1934
f 2204/3202/2201 2203/3201/2200 2503/3816/2500
f 930/1217/928 1562/2095/1560 674/4459/672
f 930/3208/928 674/885/672 2208/3209/2205
f 2690/4460/2687 2566/3970/2563 2365/3527/2362
f 2690/4460/2687 2207/4410/2204 2691/4461/2688
f 2690/4460/2687 2365/3527/2362 2207/4410/2204
f 1461/1955/1459 2255/4462/2252 1465/1961/1463
f 2487/3777/2484 2257/3297/2254 2256/3296/2253
f 690/4176/688 57/73/57 58/75/58
f 1330/1767/1328 1329/1766/1327 2663/4332/2660
f 1330/4463/1328 2663/4333/2660 2455/3719/2452
f 704/921/702 2062/2919/2059 705/922/703
f 704/921/702 2063/2920/2060 2062/2919/2059
f 635/834/633 640/839/638 328/3945/326
f 635/1854/633 1393/1853/1391 636/1636/634
f 2222/3773/2219 2485/3775/2482 2223/4464/2220
f 2034/3513/2031 1405/4048/1403 1404/4465/1402
f 140/173/140 142/175/142 1104/1462/1102
f 2345/4082/2342 861/1123/859 860/1125/858
f 2345/4082/2342 860/1125/858 2346/4466/2343
f 1756/2408/188 2244/3271/2241 1757/2409/1754
f 614/810/612 316/4467/314 1364/1809/1362
f 614/810/612 317/4468/315 316/4467/314
f 1867/2599/1864 1866/4469/1863 2681/4470/2678
f 1867/2599/1864 2681/4470/2678 499/4348/497
f 2469/3745/2466 412/531/410 411/530/409
f 2469/3745/2466 2232/3251/2229 412/531/410
f 1898/4471/1895 1390/1846/1388 1692/2311/1690
f 1354/1793/1352 1353/1792/1351 2306/3395/2303
f 1417/1884/1415 2279/3350/2276 1418/1885/1416
f 1904/2652/1901 2659/4311/2656 1905/4472/1902
f 1904/2652/1901 1988/2789/1985 2659/4311/2656
f 1913/4473/1910 2053/4474/2050 867/4475/865
f 1913/2670/1910 1734/2381/1732 2055/2907/2052
f 2432/4476/2429 2499/4349/2496 2052/2903/2049
f 2432/4476/2429 2052/2903/2049 2050/2900/2047
f 2432/3666/2429 2050/4477/2047 2561/4204/2558
f 1698/3991/1696 46/4478/46 1445/1926/1443
f 1698/3991/1696 1445/1926/1443 2575/3992/2572
f 806/3225/804 2217/3223/2214 2028/2861/2025
f 2218/4479/2215 2402/3594/2399 2403/3595/2400
f 2218/4479/2215 813/3887/811 2402/3594/2399
f 2625/4145/2622 2448/3696/2445 1345/1784/1343
f 2625/4145/2622 2260/3307/2257 957/4150/955
f 2286/3362/2283 2614/4108/2611 2288/3364/2285
f 2286/3362/2283 2615/4109/2612 2614/4108/2611
f 2211/3216/2208 1260/1676/1258 2291/3367/2288
f 1477/1979/1475 2140/3073/2137 2051/2901/2048
f 935/1225/933 1369/3124/1367 2692/4480/2689
f 935/1225/933 2339/3462/2336 936/1226/934
f 935/1225/933 2692/4480/2689 2339/3462/2336
f 2680/4400/2677 2353/3494/2350 2350/3483/2347
f 2680/4400/2677 1687/3792/1685 2352/3489/2349
f 2680/4400/2677 2352/3489/2349 2351/3488/2348
f 2680/4400/2677 2350/3483/2347 1687/3792/1685
f 1497/2007/1495 2300/3385/2297 2567/3974/2564
f 2434/3670/2431 1884/2625/1881 1634/2225/1632
f 2156/3485/2153 2353/3490/2350 2157/4405/2154
f 2156/4481/2153 2445/4482/2442 2351/4483/2348
f 2002/2817/1999 1082/1427/1080 2004/2821/2001
f 484/633/482 1026/1356/1024 1025/1355/1023
f 645/845/643 2485/3775/2482 646/846/644
f 645/845/643 2451/3705/2448 2485/3775/2482
f 2611/4099/2608 320/4457/318 2213/4102/2210
f 2269/3324/2266 344/435/342 2270/3325/2267
f 2269/3324/2266 2669/4357/2666 344/435/342
f 2269/3324/2266 2598/4063/2595 2669/4357/2666
f 560/733/558 549/720/547 1577/2112/1575
f 96/116/96 1965/2747/1962 1964/2746/1961
f 2633/4185/2630 809/1057/807 1449/1931/1447
f 2633/4185/2630 1449/1931/1447 728/951/726
f 2633/4185/2630 728/951/726 727/953/725
f 1214/1605/1212 1213/1604/1211 1196/1580/1194
f 1214/1605/1212 1196/1580/1194 789/1034/787
f 2110/3014/2107 2007/3015/2004 2463/3733/2460
f 2131/4484/2128 2341/3465/2338 2340/3463/2337
f 2131/3059/2128 757/4290/755 2341/4289/2338
f 2689/4485/2686 1150/4486/1148 1149/4487/1147
f 1224/1617/1222 2618/4488/2615 775/1013/773
f 988/1305/986 1627/2205/1625 6/8/6
f 988/1305/986 6/8/6 3/3/3
f 2388/3955/2385 292/367/290 2127/3106/2124
f 1239/3057/1237 2693/4489/2690 1241/1646/1239
f 1239/3057/1237 1237/2679/1235 2693/4489/2690
f 2521/4200/2518 2692/4480/2689 1369/3124/1367
f 2521/4200/2518 2340/3463/2337 2692/4480/2689
f 1646/3968/1644 2694/4490/2691 2565/3969/2562
f 1646/3968/1644 2674/4491/2671 2694/4490/2691
f 1646/2247/1644 2675/4372/2672 2674/4371/2671
f 2114/3019/2111 564/738/562 566/740/564
f 2114/3019/2111 2620/4130/2617 564/738/562
f 1945/2715/1942 927/4183/925 2117/4447/2114
f 2141/4492/2138 867/4475/865 2053/4474/2050
f 2530/4493/2527 2544/3927/2541 2531/3900/2528
f 902/2664/900 899/4494/897 1911/2665/1908
f 2376/4022/2373 1466/1962/1464 1465/1961/1463
f 2376/4022/2373 1465/1961/1463 2377/4495/2374
f 1887/3962/1884 2636/4205/2633 2560/3963/2557
f 2336/3454/2333 2335/3455/2332 2541/3922/2538
f 221/281/221 2524/3876/2521 1705/2333/1703
f 221/281/221 1705/2333/1703 1704/2329/1702
f 2060/2916/2057 2064/2923/2061 1453/1938/1451
f 2060/4315/2057 2415/4314/2412 2061/4496/2058
f 1341/4497/1339 2506/4498/2503 2445/4499/2442
f 2039/2883/2036 2138/3694/2135 2040/2884/2037
f 313/395/311 652/855/650 314/396/312
f 2574/4118/2571 563/737/561 562/736/560
f 161/2144/161 1957/3724/1954 389/490/387
f 161/204/161 163/206/163 1957/2735/1954
f 1997/2809/1994 584/4359/582 1517/2031/1515
f 2301/3386/2298 1790/2476/1787 2579/4002/2576
f 684/898/682 766/3212/764 685/899/683
f 2687/4437/2684 2616/4113/2613 2615/4438/2612
f 801/1049/799 2215/3220/2212 802/1050/800
f 801/1049/799 2404/4277/2401 2215/3220/2212
f 1781/2456/1778 2065/2926/2062 818/1071/816
f 736/4500/734 734/4458/732 2459/4353/2456
f 1227/3734/1225 1604/2162/1602 1601/2154/1599
f 1227/1622/1225 1737/2384/1735 1604/2159/1602
f 592/775/590 1906/2651/1903 593/776/591
f 493/645/491 489/638/487 881/1152/879
f 647/847/645 2223/4464/2220 2451/3705/2448
f 2682/4409/2679 1905/4472/1902 2659/4311/2656
f 920/1205/918 1944/2711/1941 2207/3205/2204
f 526/689/524 1818/2514/1815 528/691/526
f 1306/1738/1304 2491/3786/2488 2185/3170/2182
f 1306/1738/1304 1305/1737/1303 2491/3786/2488
f 2062/2919/2059 2061/2925/2058 705/922/703
f 2498/3797/2495 591/772/589 2067/2934/2064
f 2071/2941/2068 1925/4004/1922 1357/1804/1355
f 1039/1370/1037 439/569/437 438/568/436
f 1039/1370/1037 438/568/436 2236/3256/2233
f 2309/4501/2306 176/4502/176 175/4503/175
f 2309/4504/2306 1336/4505/1334 176/4506/176
f 474/620/472 473/619/471 2479/3764/2476
f 802/1050/800 2216/3221/2213 803/1051/801
f 334/423/332 332/419/330 2257/3298/2254
f 1125/1486/1123 1123/1484/1121 338/4366/336
f 348/4442/346 2186/3171/2183 2409/3925/2406
f 2339/3462/2336 2692/4480/2689 2340/3463/2337
f 1660/2262/1658 1603/4135/1601 2540/3921/2537
f 1660/2262/1658 2540/3921/2537 1661/2263/1659
f 2143/3078/2140 114/4390/114 2676/4389/2673
f 1632/2222/1630 2050/4477/2047 1012/2223/1010
f 1632/2222/1630 2561/4204/2558 2050/4477/2047
f 134/166/134 2578/4451/2575 136/168/136
f 2189/3180/2186 600/787/598 141/3181/141
f 1758/2411/1755 2606/4507/2603 1759/2412/1756
f 381/480/379 2425/3655/2422 2424/3652/2421
f 2504/3815/2501 2503/3816/2500 2203/3201/2200
f 2643/4508/2640 2627/4158/2624 747/4159/745
f 2643/4509/2640 2407/4510/2404 1736/4511/1734
f 2643/4509/2640 1735/3048/1733 2627/4408/2624
f 2643/4509/2640 1736/4511/1734 1735/3048/1733
f 2508/3830/2505 2489/3783/2486 2683/4418/2680
f 2593/4050/2590 2531/3900/2528 2632/4182/2629
f 1790/2477/1787 1787/2471/1784 2510/3835/2507
f 1790/2476/1787 2510/4512/2507 2579/4002/2576
f 1890/2631/1887 2064/2924/2061 1894/2635/1891
f 1118/1479/1116 1762/2425/1759 1119/1480/1117
f 2151/3090/2148 2020/2844/2017 2236/3256/2233
f 1047/4384/1045 2122/3035/2119 1221/1612/1219
f 2582/4010/2579 775/1013/773 2618/4488/2615
f 1982/4513/1979 2695/4514/2692 1986/2786/1983
f 1181/3718/1179 1953/2730/1950 1952/2726/1949
f 2696/4515/2693 155/1891/155 154/4516/154
f 2696/4515/2693 1422/1892/1420 155/1891/155
f 2696/4517/2693 154/3331/154 2272/3330/2269
f 1329/1766/1327 1328/1765/1326 2554/4518/2551
f 2158/3824/2155 2157/4519/2154 2506/3825/2503
f 2163/3115/2160 2162/3114/2159 432/561/430
f 1665/2268/1663 2334/3452/2331 2072/2943/2069
f 149/189/149 2377/3547/2374 2255/4520/2252
f 149/189/149 148/184/148 2377/3547/2374
f 980/3560/978 2666/4391/2663 1800/2494/1797
f 980/3560/978 1119/2493/1117 1762/2418/1759
f 980/3560/978 455/4521/453 2666/4391/2663
f 980/3560/978 1800/2494/1797 1119/2493/1117
f 2514/3848/2511 1574/2108/1572 1312/1746/1310
f 1705/2331/1703 193/4006/193 194/2332/194
f 2478/4254/2475 1970/2760/1967 1728/2370/1726
f 2148/3084/2145 395/508/393 394/507/392
f 2148/4303/2145 394/499/392 1744/2391/1742
f 2135/3064/2132 1755/2407/1753 2684/4419/2681
f 924/3065/922 922/2422/920 2488/3778/2485
f 2138/3068/2135 2000/2814/1997 1999/2813/1996
f 1261/1677/1259 2527/3891/2524 1262/1678/1260
f 412/531/410 2232/3251/2229 2230/3249/2227
f 2693/4489/2690 1237/2679/1235 1918/2678/1915
f 2693/4489/2690 1918/2678/1915 1241/1646/1239
f 443/4522/441 445/584/443 2372/3541/2369
f 443/576/441 2601/4071/2598 444/577/442
f 443/4523/441 2372/4454/2369 2601/4453/2598
f 2666/4391/2663 1799/2491/1796 1800/2494/1797
f 1084/1430/1082 2641/4214/2638 696/913/694
f 1084/1430/1082 696/913/694 1086/1433/1084
f 958/1259/956 957/1258/955 2260/3306/2257
f 1471/3739/1469 2465/3740/2462 1472/4321/1470
f 2663/4333/2660 1485/1989/1483 2455/3719/2452
f 2458/3726/2455 2579/4002/2576 2685/4420/2682
f 2283/3359/2280 528/691/526 1818/2514/1815
f 2694/4490/2691 2674/4491/2671 2673/4524/2670
f 700/917/698 2678/4435/2675 701/918/699
f 706/923/704 705/922/703 2061/2925/2058
f 706/923/704 2061/2925/2058 2415/3639/2412
f 1086/1433/1084 696/913/694 2542/3924/2539
f 2568/3975/2565 2118/4448/2115 1759/4525/1756
f 2568/3975/2565 1759/4525/1756 2606/4088/2603
f 2253/3286/2250 170/3834/170 139/171/139
f 2597/4062/2594 2669/4357/2666 2598/4063/2595
f 2685/4420/2682 2579/4002/2576 2510/4512/2507
f 2685/4420/2682 2510/4512/2507 1278/4421/1276
f 1627/2205/1625 2588/4387/2585 6/8/6
f 2531/3900/2528 2544/3927/2541 2632/4182/2629
f 2377/4526/2374 1465/4527/1463 2255/4528/2252
f 1828/2532/1825 1990/2793/1987 2638/4209/2635
f 1828/2532/1825 1826/2531/1823 1990/2793/1987
f 1082/1427/1080 200/249/200 2004/2821/2001
f 1866/2597/1863 1900/4215/1897 2681/4407/2678
f 2318/3419/2315 34/44/34 874/1145/872
f 2485/3775/2482 2451/3705/2448 2223/4464/2220
f 1372/1820/1370 2275/4094/2272 1842/2557/1839
f 1372/1820/1370 2180/4323/2177 2275/4094/2272
f 1755/2407/1753 514/674/512 2684/4419/2681
f 1986/2786/1983 2695/4514/2692 2467/3742/2464
f 1353/1792/1351 908/1192/906 2306/3395/2303
f 2242/3268/2239 1648/2249/1646 82/102/82
f 1970/2760/1967 1458/1952/1456 1728/2370/1726
f 640/839/638 639/838/637 331/4440/329
f 640/839/638 331/4440/329 328/3945/326
f 2346/4301/2343 860/1121/858 1623/2197/1621
f 2244/3271/2241 2096/3270/2093 2479/3766/2476
f 1565/2098/1563 1053/1389/1051 2264/4223/2261
f 1565/4165/1563 2264/3315/2261 2183/3165/2180
f 810/1059/808 808/4529/806 1833/2539/1830
f 817/1070/815 2147/3082/2144 818/1071/816
f 2306/3395/2303 908/1192/906 907/1191/905
f 2444/3688/2441 1719/2360/1717 1717/2355/1715
f 1623/2197/1621 2477/3759/2474 1624/2198/1622
f 2691/4530/2688 2207/3205/2204 1944/2711/1941
f 2118/3026/2115 1760/2415/1757 1759/2412/1756
f 2684/4419/2681 514/674/512 513/673/511
f 1113/1471/1111 2215/3220/2212 2404/4277/2401
f 701/2395/699 1744/2391/1742 702/3663/700
f 2246/3275/2243 2355/4090/2352 2016/2839/2013
f 2085/2963/2082 2363/3522/2360 2086/2964/2083
f 971/1276/969 1262/1678/1260 2527/3891/2524
f 922/2422/920 1764/2427/1761 2488/3778/2485
f 1546/2066/1544 2077/2949/2074 1547/2067/1545
f 2371/4531/2368 2612/4101/2609 2372/4455/2369
f 825/1079/823 828/1082/826 826/1080/824
f 383/1586/381 385/2800/383 1198/1587/1196
f 1992/2803/1989 1996/2807/1993 1431/1905/1429
f 1992/2803/1989 1431/1905/1429 1430/1904/1428
f 1103/4532/1101 1794/2560/1791 1584/2126/1582
f 1103/1461/1101 1584/2128/1582 1104/1462/1102
f 2155/3096/2152 1596/4533/1594 2224/3237/2221
f 2155/3096/2152 2224/3237/2221 21/3099/21
f 2099/2994/2096 2697/4534/2694 2275/4535/2272
f 2099/2994/2096 2100/2993/2097 2697/4534/2694
f 2100/2993/2097 2133/3062/2130 2697/4534/2694
f 2133/4536/2130 2472/4095/2469 2697/4537/2694
f 2607/4093/2604 2697/4537/2694 2472/4095/2469
f 2607/4093/2604 2275/4094/2272 2697/4537/2694
f 515/678/513 2698/4538/2695 520/681/518
f 515/675/513 517/677/515 2698/4539/2695
f 517/677/515 2091/2974/2088 2698/4539/2695
f 1206/3755/1204 2698/4539/2695 2091/2974/2088
f 1205/1594/1203 2698/4540/2695 1206/1595/1204
f 1205/1594/1203 2569/3977/2566 2698/4540/2695
f 2537/3917/2534 2698/4540/2695 2569/3977/2566
f 2383/3558/2380 2698/4540/2695 2537/3917/2534
f 2382/3557/2379 2698/4540/2695 2383/3558/2380
f 2382/3559/2379 520/681/518 2698/4538/2695
f 2284/3360/2281 2699/4541/2696 2287/3363/2284
f 2284/3360/2281 2288/3364/2285 2699/4541/2696
f 2647/4246/2644 2699/4541/2696 2288/3364/2285
f 2226/3243/2223 2699/4541/2696 2647/4246/2644
f 1612/2179/1610 2699/4541/2696 2226/3243/2223
f 1612/2179/1610 1613/2180/1611 2699/4541/2696
f 2507/3828/2504 2699/4542/2696 1613/4351/1611
f 2507/3828/2504 2508/3830/2505 2699/4542/2696
f 2508/3830/2505 2683/4418/2680 2699/4542/2696
f 2287/4417/2284 2699/4542/2696 2683/4418/2680
f 792/1372/790 2700/4543/2697 1878/2618/1875
f 792/1040/790 795/1043/793 2700/4544/2697
f 795/1043/793 2418/3643/2415 2700/4544/2697
f 1198/1587/1196 2700/4543/2697 2418/3856/2415
f 1198/1587/1196 1200/2802/1198 2700/4543/2697
f 1991/2801/1988 2700/4543/2697 1200/2802/1198
f 1878/2618/1875 2700/4543/2697 1991/2801/1988
f 262/4545/262 2701/4546/2698 263/4547/263
f 262/4545/262 265/4548/265 2701/4546/2698
f 265/4548/265 2565/4549/2562 2701/4546/2698
f 2694/4550/2691 2701/4546/2698 2565/4549/2562
f 2694/4550/2691 2673/4551/2670 2701/4546/2698
f 2201/4552/2198 2701/4546/2698 2673/4551/2670
f 2198/4553/2195 2701/4546/2698 2201/4552/2198
f 2198/4553/2195 2202/4554/2199 2701/4546/2698
f 910/4555/908 2701/4546/2698 2202/4554/2199
f 263/4547/263 2701/4546/2698 910/4555/908
f 1/4/1 2702/4556/2699 4/5/4
f 1/1/1 6/8/6 2702/4557/2699
f 2588/4387/2585 2702/4557/2699 6/8/6
f 2586/4268/2583 2702/4558/2699 2588/4559/2585
f 2035/2878/2032 2702/4558/2699 2586/4268/2583
f 2035/2878/2032 87/4267/87 2702/4558/2699
f 86/106/86 2702/4560/2699 87/107/87
f 1654/4316/1652 2702/4560/2699 86/106/86
f 4/5/4 2702/4556/2699 1654/3796/1652
f 72/92/72 2703/4561/2700 75/95/75
f 72/92/72 74/94/74 2703/4561/2700
f 74/3266/74 1936/2703/1933 2703/4562/2700
f 1935/2702/1932 2703/4562/2700 1936/2703/1933
f 1935/2702/1932 1934/2701/1931 2703/4562/2700
f 1713/2350/1711 2703/4562/2700 1934/2701/1931
f 1710/2349/1708 2703/4562/2700 1713/2350/1711
f 1710/2346/1708 1714/2352/1712 2703/4561/2700
f 1644/2243/1642 2703/4561/2700 1714/2352/1712
f 1644/2243/1642 75/95/75 2703/4561/2700
f 1774/2441/1771 2704/4563/2701 354/2442/352
f 1774/2441/1771 100/120/100 2704/4563/2701
f 99/119/99 2704/4563/2701 100/120/100
f 2359/3507/2356 2704/4563/2701 99/119/99
f 2359/3508/2356 632/831/630 2704/4564/2701
f 2671/4367/2668 2704/4564/2701 632/831/630
f 1139/1505/1137 2704/4564/2701 2671/4367/2668
f 1139/1505/1137 355/450/353 2704/4564/2701
f 354/449/352 2704/4564/2701 355/450/353
f 1127/1491/1125 2705/4565/2702 1129/1492/1127
f 1127/1491/1125 838/1495/836 2705/4565/2702
f 837/1091/835 2705/4566/2702 838/1092/836
f 837/1091/835 1901/2645/1898 2705/4566/2702
f 2571/3987/2568 2705/4567/2702 1901/3988/1898
f 2571/3981/2568 2573/3983/2570 2705/4565/2702
f 2573/3983/2570 2616/4113/2613 2705/4565/2702
f 2687/4437/2684 2705/4565/2702 2616/4113/2613
f 2687/4437/2684 2139/3072/2136 2705/4565/2702
f 1129/1492/1127 2705/4565/2702 2139/3072/2136
f 413/536/411 2706/4568/2703 417/539/415
f 413/536/411 415/4569/413 2706/4568/2703
f 2303/3390/2300 2706/4570/2703 415/535/413
f 2303/3389/2300 1542/2062/1540 2706/4571/2703
f 1542/2062/1540 1539/2058/1537 2706/4571/2703
f 1438/1917/1436 2706/4572/2703 1539/4573/1537
f 1438/1917/1436 1437/1916/1435 2706/4572/2703
f 2390/3571/2387 2706/4572/2703 1437/1916/1435
f 2390/3571/2387 417/3573/415 2706/4572/2703
f 598/785/596 2707/4574/2704 601/788/599
f 598/785/596 602/789/600 2707/4574/2704
f 602/789/600 1846/2562/1843 2707/4574/2704
f 1844/2559/1841 2707/4574/2704 1846/2562/1843
f 1844/2559/1841 1845/2561/1842 2707/4574/2704
f 1845/3602/1842 2313/3406/2310 2707/4575/2704
f 2313/3406/2310 2312/3405/2309 2707/4575/2704
f 2604/4081/2601 2707/4575/2704 2312/3405/2309
f 2604/4081/2601 601/4083/599 2707/4575/2704
