# www.meshy.ai
mtllib Meshy_AI_Grim_Forgekeeper_0914001249_texture.mtl
o Meshy_AI_Grim_Forgekeeper_0914001249_texture
v 0.041016 0.105957 0.073242
v 0.050293 0.105469 0.071777
v 0.043213 0.097656 0.073730
v 0.033203 0.105957 0.079102
v 0.042236 0.117188 0.076172
v 0.036377 0.098633 0.080566
v 0.051270 0.115723 0.074219
v 0.072754 -0.032471 -0.043213
v 0.046631 -0.022461 -0.056641
v 0.053223 -0.004730 -0.060059
v 0.071777 -0.069824 -0.045654
v 0.033691 -0.045654 -0.047119
v 0.076660 0.003998 -0.046143
v 0.097168 -0.027710 -0.018066
v 0.099121 -0.067383 -0.025024
v -0.039062 0.328125 0.040527
v -0.032471 0.322266 0.044922
v -0.037354 0.328125 0.046143
v -0.032227 0.337891 0.043701
v -0.030762 0.324219 0.038818
v -0.035645 0.337891 0.038330
v -0.035400 0.330078 0.037354
v -0.078613 0.067871 0.055420
v -0.101562 0.040283 0.032959
v -0.081543 0.041748 0.056641
v -0.077148 0.084473 0.053467
v -0.096191 0.068848 0.028931
v -0.057617 0.040771 0.073730
v -0.053467 0.082031 0.071289
v 0.042969 0.408203 -0.012878
v 0.040039 0.404297 -0.019531
v 0.041992 0.417969 -0.026733
v 0.047363 0.396484 -0.011230
v 0.039795 0.398438 -0.007996
v 0.050537 0.410156 -0.016235
v 0.045410 0.427734 -0.012756
v 0.043945 0.417969 -0.009094
v 0.051514 0.419922 -0.013550
v 0.071777 -0.242188 0.086426
v 0.097168 -0.184570 0.067383
v 0.104004 -0.242188 0.068848
v 0.036133 -0.242188 0.093262
v 0.068359 -0.182617 0.084961
v -0.212891 0.141602 -0.006378
v -0.198242 0.132812 -0.025391
v -0.194336 0.141602 -0.005981
v -0.219727 0.130859 -0.000992
v -0.211914 0.132812 -0.025269
v -0.217773 0.153320 0.015076
v -0.221680 0.149414 0.009399
v -0.208984 0.145508 0.007507
v -0.320312 0.045166 0.083984
v -0.324219 0.051025 0.083008
v -0.320312 0.047607 0.078125
v -0.314453 0.045166 0.083496
v -0.314453 0.048096 0.087891
v -0.318359 0.050293 0.087891
v 0.012146 0.367188 0.045166
v 0.014465 0.367188 0.039307
v 0.014282 0.373047 0.040771
v 0.010742 0.371094 0.047119
v 0.008179 0.367188 0.049561
v 0.127930 -0.476562 0.039551
v 0.123535 -0.474609 0.020264
v 0.113770 -0.464844 0.024658
v 0.117676 -0.468750 0.043457
v 0.131836 -0.486328 0.038574
v 0.127930 -0.472656 0.055420
v -0.028198 0.147461 -0.066895
v -0.053711 0.149414 -0.060059
v -0.028442 0.176758 -0.075684
v -0.029419 0.111816 -0.062988
v -0.054932 0.111328 -0.053467
v 0.000298 0.149414 -0.069336
v 0.000309 0.125977 -0.059814
v -0.056152 0.129883 -0.057617
v -0.038818 -0.291016 -0.055420
v -0.019409 -0.271484 -0.031738
v -0.033936 -0.291016 -0.028687
v -0.034424 -0.267578 -0.071777
v -0.020020 -0.306641 -0.026978
v -0.023560 -0.308594 -0.067871
v -0.055420 -0.291016 -0.073242
v 0.076660 0.259766 0.042480
v 0.075684 0.279297 0.036377
v 0.075195 0.283203 0.042480
v 0.075195 0.235352 0.051270
v 0.089355 0.242188 0.037109
v 0.099609 0.271484 0.028687
v 0.074707 0.259766 0.051025
v 0.037598 0.070312 -0.062988
v 0.069336 0.083496 -0.034180
v 0.034912 0.085938 -0.052979
v 0.077148 0.069336 -0.044189
v -0.000092 0.069336 -0.066406
v -0.000084 0.036865 -0.078613
v 0.042969 0.036865 -0.073730
v -0.000114 0.085449 -0.054688
v -0.037598 0.455078 0.024658
v -0.039551 0.439453 0.017822
v -0.035156 0.439453 0.027344
v -0.035156 0.466797 0.025269
v -0.043457 0.460938 0.015320
v -0.032471 0.460938 0.030273
v -0.047363 0.453125 0.005432
v -0.028931 0.457031 0.032227
v -0.355469 0.081543 0.043457
v -0.353516 0.075195 0.036865
v -0.351562 0.076172 0.052490
v -0.355469 0.078125 0.032959
v -0.347656 0.080566 0.052734
v -0.345703 0.091797 0.031250
v -0.343750 0.092773 0.040283
v 0.000225 0.417969 0.056152
v -0.004486 0.417969 0.055908
v -0.003876 0.414062 0.053955
v 0.003876 0.414062 0.053711
v 0.005096 0.417969 0.056152
v 0.000046 0.414062 0.054688
v 0.000130 0.427734 0.055908
v 0.110840 -0.231445 -0.056885
v 0.078613 -0.190430 -0.069336
v 0.105957 -0.188477 -0.047363
v 0.119141 -0.230469 -0.019043
v 0.119141 -0.253906 -0.023682
v 0.082031 -0.231445 -0.078613
v 0.114258 -0.255859 -0.060547
v -0.031250 0.314453 0.043457
v -0.026855 0.316406 0.046875
v -0.028198 0.328125 0.052002
v -0.000496 -0.241211 0.098145
v 0.035889 -0.182617 0.092285
v -0.036377 -0.182617 0.092285
v -0.000267 -0.181641 0.097168
v -0.037598 -0.242188 0.094238
v 0.285156 0.148438 -0.034180
v 0.273438 0.154297 -0.035156
v 0.283203 0.161133 -0.012695
v 0.269531 0.127930 -0.043945
v 0.081055 0.042236 0.056396
v 0.077637 0.068359 0.055664
v 0.057129 0.041016 0.073730
v 0.105469 -0.003067 0.038086
v 0.100586 0.040283 0.032715
v 0.083984 -0.003830 0.061768
v -0.031494 0.394531 -0.036377
v -0.038086 0.390625 -0.017456
v -0.040283 0.402344 -0.020264
v -0.016235 0.380859 -0.046631
v -0.029785 0.380859 -0.033936
v -0.044189 0.417969 -0.035645
v -0.035156 0.414062 -0.047119
v -0.019653 0.394531 -0.051758
v -0.091309 -0.324219 0.007507
v -0.105957 -0.322266 -0.008728
v -0.075684 -0.322266 -0.032227
v -0.068359 -0.324219 0.010254
v -0.074707 -0.312500 0.025879
v -0.100098 -0.312500 0.018433
v -0.116211 -0.312500 -0.003647
v 0.080566 0.271484 -0.090820
v 0.055176 0.239258 -0.089355
v 0.053223 0.273438 -0.096191
v 0.098633 0.269531 -0.085938
v 0.082520 0.239258 -0.082031
v 0.075195 0.302734 -0.086914
v 0.097656 0.296875 -0.081055
v 0.351562 0.042480 0.073730
v 0.349609 0.054688 0.065430
v 0.353516 0.037598 0.068848
v 0.353516 0.038818 0.074707
v 0.347656 0.057129 0.072754
v 0.353516 0.058350 0.075684
v 0.357422 0.043945 0.078613
v -0.014160 0.494141 -0.004883
v -0.010742 0.494141 -0.016235
v -0.022949 0.490234 -0.016968
v -0.018066 0.494141 0.007111
v -0.008850 0.500000 0.006836
v -0.001167 0.498047 0.001663
v -0.074707 -0.006592 -0.048828
v -0.092285 0.007141 -0.021362
v -0.076172 0.008545 -0.046631
v -0.053467 0.006226 -0.060303
v -0.047363 -0.019775 -0.057129
v -0.072266 -0.032471 -0.043213
v -0.096680 -0.027954 -0.018433
v 0.016479 0.365234 0.048584
v 0.017944 0.367188 0.048584
v 0.015747 0.367188 0.048340
v 0.018799 0.363281 0.047852
v 0.015198 0.365234 0.047607
v 0.013916 0.361328 0.050293
v 0.050049 -0.466797 -0.035400
v 0.050049 -0.466797 -0.058838
v 0.048340 -0.488281 -0.036377
v 0.053223 -0.447266 -0.054688
v 0.059082 -0.484375 -0.015015
v 0.059326 -0.462891 -0.014282
v 0.051514 -0.443359 -0.033203
v -0.304688 0.115723 0.045410
v -0.294922 0.107422 0.046875
v -0.296875 0.121094 0.042236
v -0.298828 0.104980 0.051514
v -0.316406 0.119141 0.032959
v -0.320312 0.113281 0.035400
v -0.310547 0.109375 0.049805
v -0.308594 0.125000 0.030396
v -0.110352 -0.046631 0.039307
v -0.104004 -0.003357 0.036865
v -0.082031 -0.005280 0.059570
v -0.086914 -0.048340 0.061523
v -0.115723 -0.090332 0.039795
v 0.021484 0.345703 0.008911
v 0.010315 0.337891 0.013977
v 0.023682 0.328125 0.005157
v 0.039551 0.333984 -0.003098
v 0.031128 0.353516 0.001358
v 0.018921 0.353516 0.011292
v 0.010010 0.343750 0.014526
v -0.287109 0.101074 0.038330
v -0.287109 0.112305 0.044922
v -0.291016 0.097656 0.041504
v -0.056396 -0.322266 -0.076172
v -0.087402 -0.322266 -0.074219
v -0.053467 -0.310547 -0.085938
v -0.037109 -0.322266 -0.055420
v 0.263672 0.169922 0.004333
v 0.241211 0.156250 0.017944
v 0.265625 0.157227 0.020508
v 0.246094 0.184570 -0.004211
v 0.236328 0.171875 0.015442
v 0.277344 0.164062 0.008606
v 0.271484 0.167969 -0.016602
v 0.097656 0.068359 0.025635
v 0.089355 0.092773 -0.007782
v 0.088379 0.092773 0.025879
v 0.105957 0.034912 0.013367
v 0.094727 0.069824 -0.009460
v 0.096191 0.069336 0.028931
v -0.011475 0.390625 0.051514
v -0.018066 0.394531 0.048096
v -0.012878 0.384766 0.049316
v -0.010010 0.400391 0.049561
v -0.009399 0.384766 0.052246
v -0.008484 0.388672 0.052979
v -0.006805 0.396484 0.052246
v -0.100098 -0.425781 -0.051025
v -0.106934 -0.439453 -0.029907
v -0.104004 -0.425781 -0.031250
v -0.083984 -0.427734 -0.064941
v -0.098145 -0.443359 -0.048828
v -0.101562 -0.414062 -0.055176
v -0.108398 -0.414062 -0.032471
v 0.073242 0.163086 0.053467
v 0.086914 0.187500 0.022827
v 0.073242 0.182617 0.052490
v 0.092773 0.137695 0.039062
v 0.086426 0.161133 0.026367
v 0.075195 0.182617 0.060059
v 0.076660 0.158203 0.059814
v 0.365234 0.052734 0.024902
v 0.355469 0.052979 0.028564
v 0.361328 0.056396 0.023315
v 0.365234 0.058594 0.029175
v 0.369141 0.055176 0.030884
v 0.365234 0.042725 0.027466
v 0.361328 0.040771 0.028076
v -0.008728 0.369141 0.047607
v -0.000252 0.373047 0.038818
v 0.000271 0.371094 0.049072
v -0.004181 0.369141 0.055176
v -0.008972 0.369141 0.052246
v -0.013611 0.367188 0.050293
v -0.013123 0.369141 0.047363
v -0.011169 0.371094 0.039795
v -0.062500 0.093262 0.070312
v -0.059570 0.098145 0.065430
v -0.061523 0.100098 0.066406
v -0.064453 0.071777 0.071289
v -0.059814 0.092773 0.066406
v -0.069824 0.094238 0.064941
v -0.068848 0.075195 0.074219
v 0.036377 0.470703 0.019775
v 0.042480 0.464844 0.026123
v 0.047852 0.462891 0.014282
v 0.043213 0.472656 0.009155
v 0.037598 0.480469 0.021973
v 0.033936 0.468750 0.029297
v 0.041992 0.468750 0.009094
v 0.042236 -0.130859 0.045166
v 0.074707 -0.118652 0.052490
v 0.071777 -0.097168 0.056885
v 0.040039 -0.101074 0.052246
v 0.013916 -0.103516 0.035400
v 0.021606 -0.151367 0.024048
v 0.045166 -0.159180 0.039062
v -0.197266 0.230469 -0.065918
v -0.178711 0.247070 -0.065430
v -0.166016 0.232422 -0.083496
v -0.188477 0.217773 -0.083984
v -0.212891 0.221680 -0.067383
v -0.186523 0.250000 -0.039795
v -0.203125 0.231445 -0.039795
v -0.117676 -0.090820 0.041748
v -0.088379 -0.047607 0.063965
v -0.112305 -0.047119 0.041260
v -0.092773 -0.089844 0.065918
v -0.122559 -0.136719 0.041992
v -0.096191 -0.135742 0.067871
v 0.030762 0.339844 0.019897
v 0.034180 0.339844 0.020874
v 0.028687 0.335938 0.027954
v 0.040771 0.347656 0.010864
v 0.330078 0.072754 0.062256
v 0.324219 0.082031 0.065430
v 0.322266 0.074707 0.060791
v 0.335938 0.066895 0.054688
v 0.335938 0.069824 0.063965
v 0.339844 0.076172 0.067383
v 0.335938 0.081055 0.064941
v -0.015381 0.474609 -0.054932
v -0.001610 0.484375 -0.042236
v -0.000984 0.472656 -0.057861
v -0.015259 0.486328 -0.040527
v -0.030151 0.472656 -0.048828
v -0.014404 0.457031 -0.065430
v -0.026978 0.457031 -0.060547
v -0.086914 0.052490 0.022583
v -0.082520 0.092285 0.026978
v -0.079590 0.091797 -0.007385
v -0.078125 0.052002 0.045166
v -0.083008 0.053467 -0.012085
v -0.083496 0.028198 0.044678
v -0.091309 0.033691 0.011841
v 0.020874 0.388672 0.045654
v 0.030884 0.390625 0.041016
v 0.027222 0.396484 0.043945
v 0.026001 0.380859 0.041260
v 0.017822 0.376953 0.046631
v 0.013062 0.384766 0.049316
v 0.018188 0.394531 0.047363
v 0.083984 -0.388672 -0.069336
v 0.084961 -0.404297 -0.066895
v 0.064453 -0.388672 -0.069824
v 0.100098 -0.388672 -0.051270
v 0.098633 -0.402344 -0.052490
v 0.086426 -0.369141 -0.074219
v -0.141602 0.222656 0.012329
v -0.133789 0.202148 0.003174
v -0.115234 0.215820 0.004730
v -0.155273 0.247070 0.006805
v -0.177734 0.223633 0.006500
v -0.123535 0.239258 0.016968
v -0.167969 0.202148 0.009216
v -0.345703 0.063477 0.031494
v -0.349609 0.062988 0.020874
v -0.341797 0.065918 0.035645
v -0.349609 0.063965 0.035645
v -0.353516 0.053955 0.031494
v -0.353516 0.053467 0.025391
v 0.000397 0.410156 0.054199
v 0.000256 0.404297 0.056641
v 0.001434 0.406250 0.055420
v -0.001579 0.404297 0.055908
v 0.003510 0.412109 0.051758
v -0.002075 0.410156 0.052002
v 0.104492 -0.277344 0.002243
v 0.083984 -0.279297 0.017334
v 0.103027 -0.300781 0.018555
v 0.118652 -0.296875 -0.001450
v 0.118164 -0.275391 -0.029785
v 0.124023 -0.263672 -0.028564
v 0.108398 -0.257812 0.015320
v -0.009216 0.314453 0.072754
v -0.000832 0.324219 0.077148
v -0.010376 0.326172 0.073730
v -0.013428 0.314453 0.063477
v -0.006592 0.306641 0.069824
v -0.000847 0.306641 0.070312
v -0.000702 0.312500 0.074219
v -0.089844 -0.439453 0.008606
v -0.104980 -0.441406 -0.003235
v -0.107422 -0.453125 0.012634
v -0.088379 -0.425781 0.001297
v -0.071289 -0.441406 0.009949
v -0.070312 -0.429688 0.000992
v -0.092285 -0.453125 0.019775
v -0.075195 -0.453125 0.021973
v 0.185547 0.143555 -0.052490
v 0.200195 0.150391 -0.071289
v 0.201172 0.133789 -0.052246
v 0.195312 0.133789 -0.025879
v 0.177734 0.148438 -0.025879
v 0.181641 0.165039 -0.070312
v 0.170898 0.158203 -0.051025
v 0.028198 -0.003098 0.095703
v 0.030029 -0.018066 0.094727
v 0.032959 -0.018677 0.096191
v 0.031494 -0.003769 0.098145
v 0.027954 0.011719 0.094238
v -0.045166 0.359375 0.019897
v -0.044189 0.355469 0.031982
v -0.047852 0.369141 0.027100
v -0.048096 0.369141 0.017456
v -0.039551 0.359375 0.013306
v -0.038086 0.349609 0.020874
v -0.046875 0.345703 0.024292
v -0.363281 0.044189 0.067383
v -0.365234 0.039795 0.067871
v -0.361328 0.041504 0.076172
v -0.357422 0.041504 0.064941
v -0.361328 0.046143 0.075195
v -0.357422 0.060303 0.072266
v -0.359375 0.057373 0.063477
v 0.008179 0.369141 0.030640
v 0.009705 0.371094 0.040527
v -0.007477 0.369141 0.030029
v 0.000267 0.365234 0.025513
v 0.073242 -0.298828 0.028076
v 0.081055 -0.261719 0.032959
v 0.054932 -0.277344 0.017456
v -0.110352 0.235352 -0.076172
v -0.101074 0.238281 -0.078125
v -0.104492 0.217773 -0.058838
v -0.114258 0.265625 -0.083496
v -0.132812 0.222656 -0.078125
v -0.147461 0.248047 -0.075684
v -0.109375 0.214844 -0.059814
v -0.057129 -0.486328 -0.015442
v -0.056641 -0.494141 -0.015076
v -0.046875 -0.488281 -0.036133
v -0.048584 -0.464844 -0.035156
v -0.058594 -0.460938 -0.015320
v -0.066895 -0.486328 -0.000488
v 0.277344 0.115234 0.040283
v 0.283203 0.135742 0.035400
v 0.247070 0.141602 0.036377
v 0.241211 0.124512 0.028564
v 0.261719 0.103516 0.022705
v 0.291016 0.109863 0.044434
v 0.287109 0.099609 0.033447
v 0.292969 0.097168 0.040771
v 0.020142 -0.026611 -0.057129
v 0.024780 0.007507 -0.066406
v -0.019653 0.361328 0.047852
v -0.025024 0.365234 0.044922
v -0.030151 0.361328 0.045410
v -0.025757 0.355469 0.048584
v -0.015747 0.359375 0.050293
v -0.016479 0.363281 0.048096
v -0.018066 0.367188 0.047852
v -0.077148 -0.191406 -0.070801
v -0.048096 -0.230469 -0.074707
v -0.080566 -0.247070 -0.082520
v -0.104980 -0.188477 -0.047363
v -0.075684 -0.151367 -0.061768
v -0.110352 -0.233398 -0.057373
v -0.046143 -0.191406 -0.067383
v 0.037842 0.328125 0.039062
v 0.034424 0.335938 0.037842
v 0.032471 0.335938 0.040527
v 0.031738 0.322266 0.045898
v 0.028931 0.324219 0.039551
v 0.037598 0.328125 0.045898
v 0.033447 0.330078 0.038086
v 0.365234 0.059326 0.040771
v 0.361328 0.052979 0.042480
v 0.351562 0.063965 0.036621
v 0.369141 0.055176 0.042725
v 0.365234 0.062256 0.050293
v 0.357422 0.073730 0.035889
v -0.009949 0.417969 0.057373
v -0.008728 0.429688 0.054443
v -0.105957 -0.003159 0.038086
v 0.038574 0.349609 -0.041260
v 0.020996 0.349609 -0.054199
v 0.034668 0.359375 -0.038818
v 0.040527 0.355469 -0.024658
v 0.046631 0.345703 -0.025024
v 0.043457 0.353516 -0.043701
v 0.075684 -0.455078 0.022217
v 0.069824 -0.464844 0.021606
v 0.083008 -0.460938 0.033691
v 0.096191 -0.458984 0.029785
v 0.093750 -0.451172 0.019775
v 0.091309 -0.439453 0.008972
v 0.072266 -0.439453 0.010376
v 0.066406 -0.460938 0.002823
v -0.257812 0.132812 -0.045410
v -0.265625 0.125977 -0.041748
v -0.271484 0.153320 -0.035889
v -0.242188 0.125977 -0.040283
v -0.250000 0.113770 -0.019287
v -0.253906 0.168945 -0.045898
v -0.247070 0.151367 -0.056152
v -0.089844 -0.357422 0.007751
v -0.067871 -0.357422 0.009155
v -0.088379 -0.345703 0.004120
v -0.104980 -0.353516 -0.008667
v -0.097168 -0.386719 -0.014526
v -0.086914 -0.388672 -0.002441
v -0.068848 -0.388672 -0.002808
v 0.075195 0.176758 -0.053711
v 0.056152 0.176758 -0.067383
v 0.088379 0.208984 -0.065430
v 0.054199 0.149414 -0.059570
v 0.072266 0.151367 -0.046875
v 0.088867 0.176758 -0.032471
v 0.098633 0.197266 -0.037842
v 0.326172 0.050293 0.083496
v 0.322266 0.049316 0.086914
v 0.320312 0.045166 0.083008
v 0.324219 0.047607 0.077637
v 0.324219 0.059082 0.075684
v 0.320312 0.059326 0.082520
v -0.014893 0.371094 0.040283
v -0.012817 0.367188 0.044678
v -0.011047 0.371094 0.046631
v -0.015015 0.367188 0.039795
v 0.000122 0.091797 -0.064453
v 0.032227 0.092285 -0.062500
v 0.000671 0.072266 -0.073242
v 0.028320 0.106934 -0.055176
v -0.034912 0.071289 -0.070312
v -0.031738 0.092285 -0.062500
v -0.028076 0.106934 -0.055420
v 0.000252 0.105957 -0.057373
v 0.033691 0.462891 0.029907
v 0.039062 0.457031 0.023438
v 0.039307 -0.076660 -0.048096
v 0.102051 -0.109863 -0.031250
v 0.074219 -0.110840 -0.053711
v -0.031738 0.337891 0.051025
v -0.359375 0.032959 0.039795
v -0.359375 0.040771 0.041260
v -0.363281 0.041260 0.040527
v -0.363281 0.028320 0.036621
v -0.359375 0.031738 0.036133
v -0.365234 0.031006 0.040771
v 0.004395 0.371094 0.056885
v 0.009094 0.371094 0.053955
v 0.007324 0.373047 0.056152
v 0.003967 0.373047 0.057373
v 0.000092 0.373047 0.058350
v 0.000301 0.369141 0.057373
v 0.004211 0.369141 0.055664
v -0.000397 0.261719 0.055664
v -0.011414 0.261719 0.057373
v 0.000237 0.237305 0.067383
v 0.011536 0.261719 0.057129
v 0.020142 0.287109 0.045166
v -0.019897 0.289062 0.044922
v -0.000031 0.285156 0.042480
v -0.070312 -0.183594 0.086426
v -0.100098 -0.184570 0.069336
v -0.073242 -0.242188 0.087891
v -0.038086 -0.242188 0.096191
v -0.068848 -0.136719 0.084961
v -0.036865 -0.182617 0.094727
v 0.154297 0.247070 0.006775
v 0.177734 0.222656 0.007568
v 0.185547 0.243164 -0.013245
v 0.164062 0.265625 -0.011902
v 0.134766 0.265625 0.010132
v 0.123535 0.239258 0.017456
v 0.141602 0.221680 0.012573
v 0.041748 0.090332 0.082031
v 0.037598 0.092285 0.084473
v 0.034668 0.075195 0.088379
v 0.041992 0.101074 0.080078
v 0.041016 0.074219 0.085938
v -0.048340 0.421875 -0.004242
v -0.051758 0.417969 -0.013916
v -0.053223 0.416016 -0.011169
v -0.043945 0.421875 -0.003357
v -0.044922 0.417969 -0.009888
v -0.050781 0.421875 -0.003387
v -0.046387 0.417969 0.003250
v -0.042969 0.419922 0.002960
v -0.124023 -0.308594 -0.033447
v -0.115723 -0.308594 -0.061768
v -0.112793 -0.322266 -0.033936
v -0.117188 -0.294922 -0.065430
v -0.128906 -0.292969 -0.033447
v -0.117676 -0.296875 -0.001137
v 0.005920 0.300781 0.065430
v 0.008118 0.308594 0.069336
v 0.006561 0.312500 0.068848
v 0.000641 0.298828 0.066406
v 0.000305 0.296875 0.058105
v 0.004303 0.296875 0.057617
v 0.008972 0.304688 0.059326
v 0.296875 0.090820 0.011047
v 0.292969 0.094238 0.025024
v 0.263672 0.100098 0.010071
v 0.267578 0.096680 -0.006592
v 0.281250 0.104004 -0.024658
v 0.310547 0.087891 0.006653
v 0.298828 0.088379 0.029297
v 0.302734 0.093262 -0.001556
v -0.015625 0.410156 0.047119
v -0.011414 0.412109 0.047363
v -0.015625 0.412109 0.047852
v -0.019775 0.412109 0.046631
v -0.019775 0.412109 0.045166
v -0.011780 0.408203 0.046631
v -0.015991 0.408203 0.045410
v -0.017822 -0.030518 0.064453
v 0.000168 -0.038330 0.066406
v -0.000443 -0.023926 0.072754
v 0.000080 -0.007935 0.074707
v -0.025024 -0.007996 0.069824
v -0.032959 -0.037842 0.062256
v -0.000069 -0.049805 0.045898
v -0.010559 -0.051514 0.043457
v 0.203125 0.232422 -0.039307
v 0.204102 0.227539 -0.011780
v 0.212891 0.224609 -0.038086
v 0.186523 0.248047 -0.039795
v 0.197266 0.230469 -0.065918
v 0.212891 0.222656 -0.067383
v 0.065430 -0.496094 -0.000984
v 0.057617 -0.494141 -0.015869
v 0.108398 -0.494141 -0.028931
v 0.067871 -0.486328 0.019409
v 0.067383 -0.484375 -0.000027
v 0.113770 -0.496094 -0.014038
v 0.123047 -0.498047 0.002808
v 0.065918 -0.500000 0.019287
v -0.312500 0.103516 -0.006958
v -0.320312 0.101562 0.000607
v -0.318359 0.117188 0.001648
v -0.302734 0.133789 -0.017700
v -0.294922 0.118652 -0.026611
v -0.300781 0.093750 -0.001411
v -0.310547 0.090820 0.004181
v -0.294922 0.094727 0.056885
v -0.304688 0.092285 0.061768
v -0.300781 0.082031 0.066895
v -0.292969 0.090820 0.046631
v -0.294922 0.082031 0.063477
v 0.032227 0.449219 -0.046631
v 0.043701 0.449219 -0.032959
v 0.046143 0.433594 -0.035400
v 0.028442 0.457031 -0.059326
v 0.037598 0.458984 -0.049561
v 0.034424 0.431641 -0.049072
v 0.024414 0.447266 -0.060791
v 0.000290 0.333984 0.017456
v -0.000336 0.339844 0.017822
v -0.009766 0.337891 0.014221
v 0.000114 0.324219 0.014648
v 0.010315 0.326172 0.011230
v -0.010742 0.324219 0.011658
v -0.053467 -0.425781 -0.053711
v -0.050293 -0.443359 -0.033936
v -0.051514 -0.447266 -0.054688
v -0.044434 -0.416016 -0.032227
v -0.048096 -0.425781 -0.033447
v -0.046387 -0.417969 -0.058105
v -0.064941 -0.425781 -0.065918
v 0.216797 0.149414 0.010315
v 0.226562 0.163086 0.014526
v 0.212891 0.133789 -0.003662
v 0.229492 0.139648 0.011475
v 0.207031 0.141602 -0.007721
v 0.222656 0.167969 0.016968
v 0.211914 0.151367 0.011780
v 0.083496 0.027222 0.045654
v 0.096680 0.005585 0.013672
v 0.087891 0.050781 0.021118
v 0.088867 0.001740 0.045166
v 0.056885 0.049072 0.064453
v 0.059082 0.023071 0.064453
v 0.077637 0.052002 0.046875
v -0.015381 0.369141 0.050049
v -0.015503 0.367188 0.047607
v -0.012024 0.371094 0.053467
v -0.020752 0.373047 0.044922
v -0.018066 0.375000 0.046387
v -0.359375 0.056885 0.022705
v -0.353516 0.070312 0.017700
v -0.361328 0.052979 0.024170
v -0.363281 0.059326 0.029785
v 0.004944 0.373047 0.051758
v 0.003784 0.367188 0.052246
v -0.000023 0.373047 0.052246
v 0.105469 -0.386719 -0.032715
v 0.104980 -0.404297 -0.032959
v 0.109863 -0.357422 -0.059814
v 0.116699 -0.351562 -0.037354
v 0.106445 -0.353516 -0.009277
v 0.099121 -0.386719 -0.014160
v 0.100586 -0.404297 -0.012512
v -0.024658 0.234375 0.072266
v -0.023315 0.208008 0.079590
v -0.000046 0.233398 0.073730
v -0.012817 0.261719 0.063965
v -0.042236 0.263672 0.059082
v -0.049561 0.235352 0.067383
v -0.049561 0.206055 0.071777
v 0.017700 -0.030518 0.063965
v 0.245117 0.192383 -0.048828
v 0.238281 0.173828 -0.062500
v 0.243164 0.202148 -0.056396
v 0.241211 0.200195 -0.032471
v 0.259766 0.191406 -0.025024
v 0.241211 0.209961 -0.033447
v 0.261719 0.179688 -0.053711
v 0.055664 0.091797 0.094727
v 0.056641 0.103516 0.091797
v 0.047852 0.102051 0.094727
v 0.055420 0.083008 0.092773
v 0.061768 0.089844 0.088379
v 0.047119 0.083984 0.095215
v 0.043213 0.091309 0.095215
v 0.062012 0.095703 0.086914
v -0.032227 0.472656 0.027832
v -0.032959 0.476562 0.033447
v -0.026489 0.478516 0.030273
v -0.034668 0.466797 0.030518
v -0.031250 0.480469 0.022705
v -0.040283 0.476562 0.016479
v 0.095703 0.135742 -0.009216
v 0.072754 0.123047 -0.038330
v 0.079102 0.129883 -0.041992
v 0.098633 0.137695 0.016235
v 0.084473 0.119141 -0.008728
v 0.084473 0.153320 -0.029541
v 0.091309 0.155273 -0.003906
v 0.369141 0.025513 0.061279
v 0.367188 0.023071 0.056885
v 0.371094 0.023560 0.056641
v 0.371094 0.036865 0.056396
v 0.369141 0.037354 0.061279
v 0.363281 0.027954 0.059326
v -0.031494 0.369141 -0.036133
v -0.037842 0.367188 -0.014832
v -0.037354 0.380859 -0.015747
v -0.040771 0.355469 -0.025269
v -0.034668 0.359375 -0.040039
v -0.017212 0.369141 -0.048096
v -0.292969 0.095215 0.025391
v -0.302734 0.089355 0.013733
v -0.292969 0.091797 0.009949
v -0.259766 0.105957 0.024048
v -0.261719 0.101562 0.009888
v -0.298828 0.090332 0.030273
v 0.006775 0.390625 0.055420
v 0.008179 0.386719 0.057617
v 0.007660 0.390625 0.053711
v 0.004028 0.396484 0.055176
v 0.004333 0.390625 0.058350
v 0.007080 0.394531 0.052490
v 0.024170 -0.308594 -0.067871
v 0.056641 -0.292969 -0.073730
v 0.053955 -0.310547 -0.085938
v 0.056885 -0.322266 -0.076172
v 0.037354 -0.324219 -0.056396
v 0.020020 -0.304688 -0.026978
v 0.039795 -0.292969 -0.054688
v -0.285156 0.166992 -0.009033
v -0.283203 0.156250 -0.031494
v -0.285156 0.157227 -0.035400
v -0.277344 0.168945 0.014893
v -0.273438 0.168945 0.012695
v -0.292969 0.145508 0.020630
v -0.298828 0.141602 0.001678
v -0.281250 0.166992 -0.008789
v -0.367188 0.029785 0.035400
v -0.363281 0.031006 0.031494
v -0.367188 0.040771 0.034912
v -0.000229 0.367188 0.056152
v 0.103027 -0.414062 -0.054932
v 0.087891 -0.416016 -0.069336
v 0.064941 -0.417969 -0.070312
v -0.157227 0.186523 0.001877
v -0.128906 0.192383 -0.012146
v -0.112793 0.206055 -0.010803
v -0.036133 -0.137695 0.093750
v -0.034912 -0.091309 0.092773
v -0.066895 -0.091309 0.083496
v -0.000328 -0.137695 0.096680
v -0.000656 -0.181641 0.099121
v 0.204102 0.207031 -0.000223
v 0.212891 0.219727 -0.013916
v 0.048584 0.104980 0.073730
v 0.042725 0.106445 0.072266
v 0.041748 0.105469 0.076660
v 0.048096 0.099609 0.080566
v 0.052979 0.096680 0.075195
v -0.048340 0.462891 -0.015869
v -0.046387 0.464844 -0.003662
v -0.040527 0.470703 -0.003250
v -0.051270 0.451172 -0.015076
v -0.046875 0.472656 -0.021851
v -0.044678 0.457031 -0.030151
v -0.119141 -0.466797 0.057617
v -0.100586 -0.464844 0.050781
v -0.117188 -0.466797 0.043457
v -0.127930 -0.474609 0.056641
v -0.123535 -0.468750 0.069824
v -0.106934 -0.464844 0.065430
v 0.075684 0.111328 -0.038818
v 0.087891 0.107910 -0.008179
v 0.067871 0.105957 -0.039307
v 0.054443 0.111328 -0.052246
v 0.090332 0.110840 -0.010010
v -0.010559 0.359375 0.042969
v -0.014282 0.363281 0.039795
v -0.014587 0.365234 0.046875
v -0.012146 0.365234 0.047607
v -0.005676 0.363281 0.050049
v -0.000282 0.357422 0.042969
v -0.006714 0.359375 0.029175
v -0.081055 0.070801 -0.046631
v -0.060303 0.071777 -0.061768
v -0.042969 0.036865 -0.080078
v -0.083008 0.036377 -0.055176
v -0.093750 0.069824 -0.009277
v -0.078613 0.092773 -0.041504
v -0.056885 0.093262 -0.055176
v 0.024658 0.410156 0.040527
v 0.027832 0.412109 0.040283
v 0.023926 0.412109 0.042969
v 0.020874 0.408203 0.043945
v 0.028564 0.408203 0.040283
v 0.035400 -0.322266 -0.028931
v 0.037354 -0.324219 -0.056152
v 0.036133 -0.339844 -0.030273
v 0.048828 -0.322266 -0.007507
v -0.259766 0.160156 0.029785
v -0.263672 0.160156 0.033203
v -0.249023 0.144531 0.032471
v -0.261719 0.134766 -0.005096
v -0.105957 -0.320312 -0.055908
v -0.089355 -0.310547 -0.082520
v 0.025269 0.314453 0.046143
v 0.023804 0.308594 0.045166
v 0.024536 0.316406 0.041992
v 0.029785 0.314453 0.044678
v 0.025635 0.316406 0.048340
v 0.347656 0.063477 0.050049
v 0.355469 0.055908 0.054443
v 0.361328 0.061279 0.055908
v 0.341797 0.065430 0.047607
v 0.347656 0.062012 0.042969
v 0.357422 0.052002 0.048096
v 0.347656 0.065430 0.051758
v 0.351562 0.075195 0.052246
v -0.003571 0.392578 0.057861
v -0.004944 0.388672 0.059570
v -0.002197 0.390625 0.065430
v -0.001625 0.396484 0.061279
v -0.006592 0.390625 0.054688
v -0.000137 0.019287 0.075684
v 0.025757 -0.008179 0.069336
v 0.070801 0.341797 -0.022461
v 0.054688 0.343750 -0.051758
v 0.052002 0.351562 -0.023560
v 0.070801 0.333984 0.002380
v 0.072266 0.332031 -0.023071
v 0.050781 0.345703 -0.003708
v 0.072754 0.335938 -0.045898
v 0.088867 -0.464844 0.052002
v 0.078125 -0.470703 0.052246
v 0.086426 -0.470703 0.069824
v 0.096680 -0.464844 0.067871
v 0.101074 -0.462891 0.049805
v -0.209961 0.138672 -0.045654
v -0.196289 0.137695 -0.052979
v -0.178711 0.148438 -0.026245
v -0.322266 0.082031 0.065430
v -0.318359 0.076172 0.065918
v -0.312500 0.083008 0.069336
v -0.322266 0.075195 0.061768
v -0.328125 0.092773 0.060547
v -0.332031 0.081543 0.065430
v -0.328125 0.073242 0.062988
v -0.312500 0.093262 0.062988
v 0.028320 0.492188 -0.003632
v 0.033203 0.492188 0.008911
v 0.036377 0.486328 -0.007599
v 0.024780 0.496094 0.012207
v 0.019287 0.488281 -0.009521
v 0.018799 0.500000 0.003189
v 0.028320 0.482422 -0.016235
v 0.105957 -0.068848 0.006622
v 0.109375 -0.111328 0.001144
v 0.098145 -0.069824 0.040527
v 0.099609 -0.112793 0.035645
v 0.103027 -0.027832 0.011169
v -0.027710 0.308594 -0.085938
v -0.000015 0.273438 -0.088867
v -0.028198 0.273438 -0.093262
v -0.000107 0.310547 -0.083984
v -0.065918 0.332031 -0.065430
v -0.030518 0.333984 -0.070312
v -0.052490 0.308594 -0.087891
v -0.055908 -0.382812 -0.012878
v -0.056396 -0.404297 -0.014404
v -0.041260 -0.380859 -0.031006
v -0.035400 -0.361328 -0.030762
v -0.051514 -0.359375 -0.002899
v 0.075684 0.208008 0.059814
v 0.049316 0.234375 0.067871
v 0.049561 0.207031 0.071777
v 0.075195 0.233398 0.059814
v 0.073730 0.208008 0.053467
v 0.027710 0.032959 -0.062988
v 0.022217 0.059326 -0.056396
v 0.045654 0.058350 -0.052246
v 0.000023 0.051514 -0.057129
v 0.055664 0.023560 -0.057861
v -0.039307 0.373047 0.034668
v -0.027954 0.371094 0.041016
v -0.031250 0.376953 0.034424
v -0.042969 0.365234 0.037842
v -0.037842 0.378906 0.026001
v 0.095703 0.207031 0.004211
v 0.090332 0.217773 0.026733
v 0.093750 0.179688 -0.007568
v 0.097168 0.198242 -0.011536
v 0.320312 0.054688 0.070312
v 0.316406 0.046143 0.076172
v 0.312500 0.052490 0.070801
v 0.308594 0.062988 0.062988
v 0.318359 0.065430 0.062256
v 0.322266 0.065918 0.072266
v -0.033447 0.378906 0.000484
v -0.040771 0.378906 0.000584
v -0.039551 0.390625 0.000309
v -0.035400 0.365234 -0.003662
v -0.028687 0.363281 0.004669
v -0.040283 0.367188 0.003677
v -0.037598 0.392578 -0.002899
v -0.071777 0.091797 0.051270
v 0.025024 0.417969 0.048584
v 0.020508 0.417969 0.052002
v 0.019165 0.416016 0.047607
v 0.023560 0.414062 0.045410
v 0.027466 0.416016 0.042480
v 0.026855 0.423828 0.049805
v 0.020264 0.421875 0.053467
v 0.089355 -0.310547 -0.082031
v 0.090332 -0.285156 -0.077637
v 0.046875 -0.267578 -0.079102
v 0.088867 -0.267578 -0.087402
v -0.135742 0.265625 0.010071
v -0.184570 0.244141 -0.013550
v -0.163086 0.265625 -0.012268
v -0.047363 -0.050537 -0.095215
v -0.001228 -0.051270 -0.102539
v -0.000443 -0.003799 -0.089844
v -0.044434 -0.003464 -0.083496
v -0.088379 -0.050537 -0.071777
v 0.044922 0.341797 0.034912
v 0.040039 0.349609 0.040039
v 0.037109 0.335938 0.032715
v 0.109863 -0.500000 -0.028076
v 0.055908 -0.500000 -0.015869
v 0.102051 -0.500000 -0.051514
v -0.000381 0.087891 0.075684
v -0.026733 0.047852 0.071289
v 0.000023 0.047852 0.075684
v 0.026611 0.047852 0.071777
v 0.025146 0.088379 0.071777
v -0.025269 0.088379 0.070801
v -0.045166 -0.304688 0.024292
v -0.028931 -0.304688 -0.000412
v -0.040527 -0.289062 -0.003403
v -0.051025 -0.316406 0.017578
v -0.073242 -0.296875 0.028076
v -0.053955 -0.279297 0.017700
v 0.231445 0.147461 -0.066406
v 0.220703 0.157227 -0.069336
v 0.250000 0.156250 -0.064941
v 0.233398 0.184570 -0.076172
v 0.034180 0.055176 0.092773
v 0.039795 0.052734 0.088379
v 0.032715 0.037598 0.095215
v 0.030273 0.055420 0.089355
v 0.029053 0.037842 0.091309
v -0.038086 0.398438 0.022217
v -0.035400 0.390625 0.029419
v -0.035889 0.400391 0.033936
v -0.039795 0.402344 0.010925
v -0.038818 0.388672 0.012268
v -0.035156 0.412109 0.026367
v -0.038818 0.414062 0.018311
v -0.038330 0.384766 0.020264
v -0.353516 0.052490 0.048828
v -0.345703 0.063965 0.050049
v -0.355469 0.055420 0.054932
v -0.355469 0.053467 0.056152
v -0.359375 0.035889 0.051758
v -0.363281 0.037109 0.048096
v -0.345703 0.062500 0.043213
v -0.359375 0.053223 0.042969
v 0.015320 0.439453 -0.067871
v -0.001152 0.441406 -0.066406
v 0.014099 0.451172 -0.065430
v 0.012146 0.427734 -0.064453
v 0.021362 0.429688 -0.056641
v 0.092773 -0.136719 0.064941
v 0.120117 -0.136719 0.039307
v 0.125977 -0.184570 0.039795
v -0.105469 0.207031 -0.033936
v -0.098145 0.199219 -0.011047
v -0.104980 0.208984 -0.010010
v -0.112305 0.203125 -0.033203
v -0.099609 0.197266 -0.037598
v -0.048584 -0.466797 -0.059082
v -0.065918 -0.488281 -0.073730
v -0.065430 -0.464844 -0.073242
v -0.047607 -0.488281 -0.061279
v -0.065430 -0.447266 -0.069336
v 0.330078 0.112305 0.017700
v 0.347656 0.092773 0.037598
v 0.349609 0.087891 0.021729
v 0.318359 0.118164 0.033203
v 0.324219 0.112793 0.034668
v 0.330078 0.102539 0.006012
v 0.324219 0.116699 0.016968
v 0.102539 -0.003326 0.037354
v 0.082520 -0.004425 0.060059
v 0.078613 0.040771 0.055420
v 0.109375 -0.046387 0.039551
v 0.098633 0.040527 0.031982
v -0.009583 0.357422 0.055664
v -0.015869 0.347656 0.058838
v -0.007233 0.349609 0.067383
v -0.013672 0.361328 0.050049
v -0.009460 0.363281 0.054932
v -0.004730 0.359375 0.057373
v -0.018799 0.351562 0.053223
v -0.110352 -0.151367 -0.003723
v -0.101074 -0.192383 0.023315
v -0.100586 -0.154297 0.030151
v -0.110840 -0.189453 -0.009705
v -0.102539 -0.150391 -0.038574
v -0.101074 -0.109863 -0.030884
v -0.108398 -0.110840 0.000782
v 0.016602 0.328125 0.066895
v 0.024780 0.322266 0.059814
v 0.018066 0.333984 0.061279
v 0.014648 0.314453 0.061523
v 0.013306 0.333984 0.071777
v 0.011963 0.314453 0.071777
v 0.357422 0.078125 0.024170
v 0.355469 0.069824 0.017822
v 0.353516 0.072754 0.016113
v 0.359375 0.074707 0.025269
v 0.355469 0.076660 0.033447
v -0.004913 0.470703 0.046387
v -0.009766 0.480469 0.050049
v -0.016357 0.470703 0.042969
v -0.007874 0.455078 0.044189
v -0.000473 0.457031 0.045654
v 0.000935 0.470703 0.047119
v -0.004364 0.486328 0.052490
v -0.306641 0.052490 0.076172
v -0.314453 0.046631 0.076660
v -0.304688 0.057861 0.071777
v -0.308594 0.059814 0.080078
v -0.310547 0.052734 0.071289
v 0.039307 0.386719 0.012817
v 0.038330 0.396484 0.023071
v 0.039062 0.382812 0.021484
v 0.042236 0.375000 0.007446
v 0.040771 0.390625 0.003174
v 0.040039 0.375000 0.023071
v 0.040039 0.404297 0.009277
v 0.051514 -0.359375 -0.003250
v 0.057129 -0.384766 -0.012512
v 0.070312 -0.388672 -0.003296
v 0.065918 -0.347656 0.003799
v 0.048096 -0.349609 -0.009399
v 0.036865 -0.361328 -0.031128
v 0.068848 -0.357422 0.009460
v -0.249023 0.156250 -0.064941
v -0.257812 0.179688 -0.054688
v -0.230469 0.162109 -0.064453
v -0.234375 0.142578 -0.062988
v -0.126953 -0.186523 0.039551
v -0.121094 -0.136719 0.039062
v -0.098145 -0.184570 0.067383
v -0.105957 -0.242188 0.068359
v -0.136719 -0.242188 0.040039
v 0.027588 0.310547 -0.085938
v 0.051758 0.306641 -0.088379
v 0.027344 0.273438 -0.093750
v 0.030518 0.333984 -0.070312
v 0.306641 0.065430 0.077148
v 0.298828 0.069824 0.062988
v 0.306641 0.057861 0.071289
v 0.302734 0.081543 0.066406
v 0.312500 0.083008 0.068848
v 0.318359 0.063965 0.079590
v 0.316406 0.068359 0.078613
v 0.308594 0.061523 0.079102
v -0.039062 0.474609 0.010010
v -0.043213 0.470703 0.016113
v -0.037842 0.480469 0.010498
v -0.041504 0.468750 0.009827
v -0.060791 0.032959 -0.052002
v -0.043701 0.057861 -0.052490
v -0.027710 0.033691 -0.062500
v -0.025391 0.008118 -0.066406
v -0.064453 0.056396 -0.038330
v -0.077148 0.033203 -0.031250
v 0.020874 0.371094 0.045410
v 0.024414 0.367188 0.044922
v 0.015259 0.371094 0.050781
v 0.028564 0.369141 0.040527
v 0.057373 -0.404297 -0.013855
v 0.046143 -0.392578 -0.030151
v 0.045654 -0.416016 -0.031738
v 0.050781 -0.416016 -0.009338
v 0.049805 -0.404297 -0.031006
v 0.069824 -0.406250 -0.000751
v -0.248047 0.141602 0.036377
v -0.281250 0.136719 0.035889
v -0.240234 0.128906 0.024658
v -0.267578 0.123535 0.039795
v -0.239258 0.123047 0.026489
v -0.318359 0.080078 0.035889
v -0.339844 0.065918 0.047607
v -0.333984 0.070312 0.016724
v -0.310547 0.084473 0.013428
v -0.302734 0.073730 0.046143
v -0.322266 0.074219 0.048828
v 0.005890 0.386719 0.059814
v 0.003479 0.384766 0.062256
v 0.006195 0.384766 0.057617
v 0.004517 0.386719 0.063477
v 0.002350 0.390625 0.064453
v -0.008118 0.296875 0.051270
v -0.011658 0.298828 0.053467
v -0.014404 0.302734 0.050049
v -0.001411 0.294922 0.052734
v -0.004059 0.296875 0.058594
v -0.000984 0.310547 0.041260
v -0.088379 -0.464844 0.051758
v -0.092773 -0.464844 0.065918
v -0.077148 -0.472656 0.052734
v -0.082520 -0.460938 0.033936
v 0.349609 0.079590 0.053223
v 0.357422 0.082031 0.042480
v 0.339844 0.094238 0.050781
v 0.012085 -0.072266 0.040283
v 0.037354 -0.069336 0.057373
v 0.002853 -0.073242 0.009888
v 0.010437 -0.050781 0.043701
v 0.003845 -0.058594 0.011414
v -0.054199 0.345703 -0.052246
v -0.071289 0.341797 -0.022095
v -0.052246 0.351562 -0.023438
v -0.043457 0.353516 -0.044189
v -0.023193 0.349609 -0.058594
v -0.073242 0.335938 -0.045166
v -0.357422 0.026611 0.075684
v -0.355469 0.029907 0.078613
v -0.359375 0.029541 0.080566
v -0.363281 0.029053 0.077148
v -0.363281 0.028931 0.072266
v -0.355469 0.029175 0.072266
v -0.359375 0.029297 0.068848
v 0.010986 0.359375 0.041504
v 0.014099 0.365234 0.040039
v 0.009888 0.365234 0.029297
v 0.006409 0.363281 0.049805
v 0.011963 0.365234 0.048828
v 0.014038 0.365234 0.046875
v 0.006012 0.359375 0.029297
v 0.127930 -0.486328 0.019165
v 0.120605 -0.486328 0.003799
v 0.116211 -0.466797 0.008728
v -0.075195 0.176758 -0.053467
v -0.055420 0.176758 -0.067383
v -0.072754 0.150391 -0.047363
v -0.023804 -0.233398 -0.052734
v -0.017334 -0.235352 -0.018433
v -0.025024 -0.269531 -0.001076
v 0.294922 0.145508 0.021118
v 0.310547 0.125000 0.029907
v 0.302734 0.141602 0.001556
v 0.279297 0.169922 0.014709
v 0.265625 0.160156 0.032715
v 0.285156 0.166992 -0.009155
v 0.080566 0.071289 -0.047119
v 0.082031 0.037109 -0.055176
v 0.043213 0.036621 -0.081055
v 0.038818 0.071777 -0.070801
v 0.056641 0.092773 -0.054932
v 0.102051 0.035400 -0.014954
v 0.078125 0.092285 -0.042725
v -0.036133 0.423828 0.028442
v -0.032227 0.416016 0.037598
v -0.033447 0.425781 0.036865
v -0.041504 0.427734 0.011658
v 0.102051 0.225586 0.012024
v 0.103516 0.209961 -0.008179
v 0.367188 0.044678 0.040039
v 0.371094 0.040039 0.033447
v 0.369141 0.044189 0.034424
v 0.365234 0.056396 0.037354
v 0.359375 0.042725 0.040039
v 0.365234 0.040771 0.040283
v -0.003448 0.378906 0.055664
v -0.006805 0.376953 0.054199
v -0.008240 0.373047 0.056152
v -0.004089 0.373047 0.057373
v -0.003021 0.380859 0.055664
v 0.000050 0.376953 0.055420
v 0.000408 0.380859 0.056152
v -0.090332 0.083496 0.057373
v -0.103027 0.064941 0.057861
v -0.084473 0.073242 0.068359
v -0.099121 0.065430 0.051270
v -0.078125 0.095703 0.058838
v -0.083008 0.085938 0.053955
v 0.041504 0.478516 -0.005798
v 0.044678 0.474609 -0.021118
v 0.042236 0.478516 0.008057
v 0.043945 0.470703 -0.003632
v 0.036865 0.480469 0.007690
v -0.241211 0.208984 -0.033936
v -0.224609 0.213867 -0.036865
v -0.240234 0.203125 -0.058105
v -0.242188 0.193359 -0.047119
v -0.231445 0.212891 -0.008972
v -0.233398 0.200195 -0.013062
v -0.355469 0.078613 0.024658
v -0.349609 0.088379 0.021973
v -0.353516 0.074219 0.016113
v -0.357422 0.075684 0.026245
v 0.000080 0.443359 0.049561
v -0.008423 0.443359 0.048828
v 0.007996 0.443359 0.049561
v 0.009155 0.431641 0.054688
v 0.111328 -0.188477 -0.010010
v 0.103516 -0.151367 -0.038818
v 0.110840 -0.151367 -0.003326
v 0.105469 -0.233398 0.018311
v 0.101562 -0.192383 0.023438
v -0.024658 0.324219 0.061279
v -0.020874 0.314453 0.062256
v -0.025269 0.318359 0.053711
v -0.016968 0.333984 0.060791
v -0.025879 0.332031 0.059814
v -0.048096 -0.347656 -0.009583
v -0.047852 -0.322266 -0.007355
v -0.065430 -0.347656 0.004181
v -0.035400 -0.339844 -0.030273
v -0.031006 -0.351562 -0.029419
v 0.210938 0.138672 -0.050537
v 0.225586 0.132812 -0.055664
v 0.038574 0.035645 0.090820
v -0.042480 0.375000 0.006714
v -0.040527 0.390625 0.004395
v -0.105957 -0.242188 0.070801
v -0.127930 -0.186523 0.041992
v -0.136719 -0.243164 0.041748
v 0.109375 0.208008 -0.008545
v 0.104980 0.205078 -0.033691
v 0.110352 0.204102 -0.032715
v 0.127930 0.194336 -0.010742
v 0.130859 0.204102 0.003143
v 0.113770 0.217773 0.005951
v 0.363281 0.057373 0.057861
v 0.373047 0.041260 0.055664
v 0.369141 0.058105 0.051270
v 0.357422 0.052979 0.056152
v 0.367188 0.040527 0.060791
v -0.000786 0.427734 -0.062988
v -0.001595 0.419922 -0.064941
v -0.012573 0.429688 -0.062256
v -0.004150 -0.059326 0.011719
v -0.008545 -0.063965 -0.029541
v -0.004608 -0.049805 -0.029297
v 0.000008 -0.053955 0.012756
v 0.000172 -0.043945 -0.026367
v -0.012024 -0.071777 0.039795
v -0.002625 -0.073242 0.009460
v 0.009705 0.357422 0.055664
v 0.017944 0.351562 0.053223
v 0.015747 0.357422 0.052246
v 0.005096 0.359375 0.057373
v 0.015076 0.347656 0.060059
v 0.009888 0.363281 0.053955
v 0.066895 -0.464844 -0.073242
v 0.049316 -0.478516 -0.060547
v 0.066406 -0.447266 -0.069336
v -0.234375 0.118164 0.012390
v -0.240234 0.108887 -0.007690
v -0.235352 0.109863 0.012390
v -0.098145 -0.423828 -0.012268
v -0.104004 -0.458984 -0.028442
v 0.036133 0.117676 0.081543
v 0.033203 0.104980 0.086914
v 0.038574 0.115234 0.090332
v 0.047363 0.120117 0.086426
v 0.357422 0.055664 0.037109
v 0.351562 0.064453 0.034180
v 0.347656 0.063477 0.026733
v 0.351562 0.062256 0.020386
v 0.359375 0.040771 0.033691
v -0.008972 0.367188 0.049316
v -0.029175 0.082520 0.079590
v -0.031250 0.039795 0.081543
v 0.000069 0.039551 0.083008
v -0.034668 0.081543 0.074707
v -0.028076 0.108398 0.082520
v -0.000328 0.083008 0.083496
v 0.040039 0.439453 0.017700
v 0.038574 0.423828 0.022217
v 0.041504 0.427734 0.012390
v 0.044678 0.437500 0.000546
v 0.034912 0.439453 0.028076
v 0.044922 0.449219 0.002548
v 0.075684 -0.157227 0.045166
v -0.156250 0.267578 -0.062988
v -0.163086 0.271484 -0.038086
v -0.353516 0.055664 0.060059
v -0.347656 0.054443 0.065918
v -0.357422 0.061768 0.061523
v -0.345703 0.064453 0.052979
v 0.037354 0.388672 -0.018921
v 0.030151 0.380859 -0.033936
v 0.031494 0.394531 -0.036621
v 0.037354 0.382812 -0.007996
v 0.037842 0.369141 -0.018677
v -0.089355 0.176758 -0.031738
v -0.097656 0.208008 0.004700
v -0.104492 0.216797 0.003891
v -0.088379 0.188477 0.022583
v -0.093750 0.179688 -0.006744
v 0.074219 0.308594 0.028198
v 0.051514 0.314453 0.030884
v 0.041992 0.333984 0.012756
v 0.075195 0.304688 0.021729
v 0.000053 0.089355 -0.048828
v -0.021118 0.059082 -0.056396
v -0.020508 0.089844 -0.048340
v 0.020752 0.088867 -0.048340
v -0.023071 0.474609 0.037354
v -0.026367 0.466797 0.036377
v -0.359375 0.062012 0.056396
v -0.365234 0.062500 0.050049
v -0.361328 0.057861 0.058105
v 0.006714 0.496094 -0.020630
v 0.016479 0.484375 -0.024902
v 0.006409 0.490234 -0.032471
v -0.000137 0.496094 -0.016846
v 0.007935 0.496094 -0.004822
v -0.009888 0.492188 -0.028809
v 0.066895 -0.065430 0.099609
v 0.062500 -0.064941 0.097656
v 0.066895 -0.088379 0.099121
v 0.068848 -0.064941 0.094238
v 0.065918 -0.025757 0.097656
v -0.070312 0.335938 0.001709
v -0.071777 0.332031 -0.023682
v -0.071289 0.328125 -0.001526
v -0.074707 0.308594 0.027954
v -0.051025 0.345703 -0.004120
v -0.051514 0.312500 0.030884
v -0.041016 0.333984 0.012573
v -0.058105 -0.361328 -0.079102
v -0.084473 -0.361328 -0.074219
v -0.057861 -0.341797 -0.075684
v -0.062500 -0.386719 -0.069336
v -0.085449 -0.369141 -0.074219
v -0.046387 -0.384766 -0.056396
v -0.035645 -0.361328 -0.062256
v 0.214844 0.172852 0.008728
v 0.207031 0.179688 0.015198
v 0.197266 0.160156 0.000164
v 0.231445 0.184570 0.009949
v 0.104492 0.033936 0.013672
v 0.091309 0.066895 -0.005157
v 0.098633 0.033447 -0.013489
v 0.094727 0.067383 0.026489
v 0.111816 -0.005981 0.004761
v -0.027588 0.396484 0.043701
v -0.020996 0.386719 0.046143
v -0.014526 0.402344 0.046387
v -0.023438 0.400391 0.044189
v -0.116699 -0.275391 -0.030029
v -0.110840 -0.279297 -0.051270
v -0.123535 -0.263672 -0.029541
v -0.103516 -0.277344 0.001419
v 0.021973 0.310547 0.059814
v 0.024292 0.316406 0.054443
v 0.019531 0.312500 0.061768
v 0.017334 0.304688 0.057373
v 0.020142 0.310547 0.051270
v 0.347656 0.067383 0.015442
v -0.007172 0.412109 0.048584
v -0.007935 0.408203 0.047852
v -0.004059 0.410156 0.048584
v -0.005920 0.414062 0.052490
v -0.010437 0.414062 0.056152
v -0.011414 0.414062 0.048584
v -0.008911 0.412109 0.046631
v -0.061279 -0.005798 0.078125
v -0.064941 -0.049072 0.081543
v -0.032715 -0.006927 0.085938
v -0.084473 -0.003906 0.061279
v 0.031738 0.376953 0.034424
v 0.033936 0.388672 0.033936
v 0.040527 0.371094 0.035889
v 0.072266 -0.468750 0.035400
v -0.281250 0.147461 -0.033936
v -0.129883 -0.492188 0.079102
v -0.081543 -0.492188 0.077148
v -0.098633 -0.490234 0.091797
v -0.132812 -0.484375 0.056641
v -0.134766 -0.496094 0.057129
v -0.126953 -0.480469 0.076660
v -0.116699 -0.490234 0.091309
v 0.055664 0.127930 -0.055664
v 0.365234 0.026001 0.050293
v 0.371094 0.024292 0.052979
v 0.363281 0.026733 0.053955
v -0.020996 0.351562 -0.054932
v -0.038818 0.349609 -0.041504
v -0.000229 0.349609 -0.058105
v -0.000061 0.347656 -0.062988
v -0.018555 0.359375 -0.051025
v -0.072266 0.082520 0.037598
v -0.082031 0.083984 0.002426
v -0.000290 0.084961 -0.004791
v -0.000557 0.083496 0.037354
v -0.076172 0.067871 0.052490
v -0.093262 0.067871 0.028320
v -0.051514 0.081543 0.065918
v 0.014404 0.419922 0.056152
v 0.015015 0.416016 0.053955
v 0.015137 0.414062 0.049316
v 0.087891 -0.320312 -0.073730
v 0.106934 -0.320312 -0.055176
v 0.074707 -0.324219 -0.031982
v -0.102051 0.242188 0.028076
v -0.100098 0.273438 0.028564
v -0.114258 0.263672 0.022461
v -0.104004 0.229492 0.014343
v -0.091309 0.217773 0.027466
v -0.088867 0.242188 0.038818
v -0.345703 0.068359 0.014954
v 0.008362 0.369141 0.053223
v 0.013245 0.369141 0.050781
v 0.007141 0.371094 0.048096
v 0.010681 0.371094 0.048828
v 0.110352 -0.416016 -0.032715
v 0.022949 0.207031 0.078613
v -0.023682 0.182617 0.082031
v -0.000328 0.183594 0.085938
v -0.075195 -0.193359 0.038574
v -0.078613 -0.234375 0.034912
v -0.074707 -0.156250 0.045166
v -0.045410 -0.193359 0.033203
v 0.113281 0.263672 -0.083008
v 0.134766 0.271484 -0.076660
v 0.142578 0.250000 -0.083496
v 0.113770 0.289062 -0.077148
v 0.100098 0.238281 -0.077148
v 0.108887 0.237305 -0.076172
v 0.034180 0.094238 0.083008
v 0.035889 0.101074 0.077637
v 0.030884 0.076172 0.086426
v -0.049805 0.458984 -0.001549
v -0.053955 0.453125 -0.005249
v -0.047852 0.468750 0.012207
v 0.019043 0.316406 0.041748
v 0.016724 0.308594 0.045166
v 0.010315 0.310547 0.041748
v 0.021606 0.326172 0.033691
v 0.010254 0.324219 0.034424
v -0.015625 0.480469 0.046875
v -0.011108 0.482422 0.040283
v -0.002747 0.486328 0.043701
v -0.007233 0.484375 0.043945
v -0.057861 0.049072 0.063477
v -0.025879 0.020386 0.073242
v -0.059570 0.023682 0.062256
v 0.049805 0.396484 -0.008728
v 0.044189 0.404297 -0.002274
v 0.046387 0.390625 -0.002655
v 0.043701 0.388672 -0.005371
v 0.053223 0.408203 -0.013550
v 0.072266 -0.242188 0.088379
v 0.098633 -0.184570 0.069336
v 0.069336 -0.182617 0.086426
v 0.104492 -0.243164 0.070801
v 0.036621 -0.242188 0.096191
v -0.176758 0.160156 -0.009521
v -0.151367 0.177734 -0.011658
v -0.183594 0.172852 -0.001297
v -0.190430 0.162109 0.009644
v -0.318359 0.060059 0.083008
v -0.322266 0.059570 0.076172
v -0.316406 0.064453 0.080566
v 0.034912 0.421875 0.031738
v 0.034912 0.410156 0.027954
v 0.039795 0.408203 0.018066
v 0.134766 -0.242188 0.041992
v 0.125977 -0.185547 0.041992
v 0.000225 0.240234 -0.087891
v -0.048096 -0.439453 -0.024902
v 0.235352 0.109863 0.012695
v 0.240234 0.108398 -0.008118
v 0.240234 0.101562 -0.008057
v 0.239258 0.128906 0.024780
v 0.234375 0.117188 0.012207
v 0.044434 -0.002182 -0.088867
v 0.085938 -0.002640 -0.062988
v -0.000664 -0.002289 -0.094238
v 0.046387 -0.050293 -0.099121
v 0.088379 -0.051025 -0.074707
v -0.038818 0.349609 0.039551
v -0.037109 0.357422 0.038818
v -0.046875 0.343750 0.026855
v -0.046143 0.343750 0.034912
v -0.124023 -0.057129 -0.003525
v -0.105469 -0.009277 -0.024658
v -0.111816 -0.006073 0.004272
v -0.111816 -0.054688 -0.033936
v 0.000702 0.361328 0.056396
v 0.005829 0.363281 0.055664
v 0.000427 0.365234 0.056641
v -0.003723 0.365234 0.056396
v -0.000313 0.357422 0.058838
v 0.089355 -0.500000 -0.069824
v 0.048096 -0.500000 -0.036621
v 0.048828 -0.500000 -0.059326
v 0.067383 -0.500000 -0.071777
v 0.087891 -0.488281 -0.070801
v 0.102051 -0.488281 -0.052246
v -0.070801 0.101074 0.059570
v -0.064941 0.099609 0.058105
v -0.071289 0.098145 0.055420
v -0.059814 0.100098 0.062988
v -0.046143 -0.235352 0.028931
v -0.028687 -0.198242 0.013367
v -0.081055 -0.261719 0.033203
v -0.044189 -0.265625 0.025269
v -0.027344 -0.235352 0.007690
v 0.257812 0.168945 -0.046143
v 0.261719 0.134766 -0.048096
v 0.053711 0.083008 0.071289
v 0.075684 0.085938 0.054443
v -0.029907 0.449219 -0.062500
v -0.039551 0.458984 -0.052246
v -0.038818 0.451172 -0.044434
v -0.028687 0.439453 -0.055908
v -0.013611 0.443359 -0.066895
v -0.109375 -0.462891 -0.012207
v 0.057373 0.206055 -0.077637
v 0.028442 0.176758 -0.075684
v 0.359375 0.029907 0.069336
v 0.365234 0.039307 0.067383
v 0.365234 0.028687 0.072754
v 0.357422 0.041016 0.064453
v 0.359375 0.026367 0.074707
v 0.355469 0.029297 0.077148
v -0.018433 0.353516 0.012085
v -0.031494 0.351562 0.001495
v -0.021362 0.345703 0.009216
v -0.020874 0.335938 0.022339
v -0.029785 0.339844 0.019775
v -0.010376 0.343750 0.015198
v -0.040771 0.347656 0.010925
v -0.089355 0.092773 -0.007599
v -0.088867 0.092773 0.023926
v -0.087891 0.107910 -0.006897
v -0.096680 0.067871 0.025269
v -0.070801 0.106934 -0.034424
v 0.019775 0.414062 0.047119
v 0.015381 0.414062 0.048096
v 0.015747 0.410156 0.048096
v 0.023438 0.412109 0.044189
v 0.020386 0.412109 0.045898
v 0.013489 -0.165039 -0.004669
v 0.019287 -0.163086 -0.043213
v 0.017944 -0.200195 -0.012268
v 0.028931 -0.198242 0.013062
v 0.009155 -0.130859 0.001633
v 0.015564 -0.122559 -0.038330
v -0.098633 -0.402344 -0.012268
v -0.101562 -0.417969 -0.010315
v -0.088379 -0.404297 0.002182
v -0.103027 -0.406250 -0.032715
v -0.103516 -0.388672 -0.032715
v 0.023193 0.182617 0.082031
v 0.000084 0.158203 0.088379
v 0.024048 0.158203 0.083984
v 0.050537 0.182617 0.073242
v 0.343750 0.065918 0.035400
v 0.351562 0.065918 0.034912
v 0.320312 0.079102 0.035400
v 0.335938 0.069824 0.015869
v -0.011414 0.378906 0.050293
v -0.146484 0.296875 -0.036621
v -0.136719 0.291016 -0.063477
v -0.135742 0.271484 -0.076660
v -0.361328 0.026611 0.055176
v -0.363281 0.023071 0.055908
v -0.363281 0.026001 0.050781
v -0.359375 0.036621 0.059570
v -0.361328 0.027466 0.060059
v 0.031738 0.367188 -0.036865
v 0.017090 0.371094 -0.047852
v -0.000061 0.111328 -0.065430
v 0.030029 0.111816 -0.062500
v -0.056885 -0.322266 -0.076660
v -0.036133 -0.322266 -0.056396
v -0.038818 -0.339844 -0.057617
v -0.086426 -0.341797 -0.072754
v -0.086914 -0.320312 -0.073730
v 0.183594 0.199219 0.008911
v 0.163086 0.202148 0.008423
v 0.181641 0.176758 0.001236
v 0.196289 0.189453 0.006042
v 0.052002 0.082031 0.066406
v 0.076172 0.067871 0.052490
v 0.056396 0.040527 0.073242
v 0.027588 0.082031 0.075195
v 0.072754 0.082520 0.038330
v -0.020264 0.417969 0.051758
v -0.014587 0.419922 0.055908
v -0.021240 0.421875 0.053223
v -0.024902 0.417969 0.049316
v -0.019409 0.416016 0.047607
v -0.015625 0.417969 0.054199
v -0.015869 0.416016 0.049316
v -0.337891 0.075195 0.010681
v -0.345703 0.082520 0.012573
v 0.006042 0.404297 0.048828
v 0.003937 0.408203 0.049316
v 0.010498 0.398438 0.049316
v 0.014221 0.402344 0.046631
v 0.006409 0.408203 0.047119
v 0.011108 0.408203 0.046631
v 0.112305 -0.339844 -0.036133
v 0.107422 -0.339844 -0.058594
v 0.106445 -0.320312 -0.056152
v 0.113281 -0.320312 -0.033936
v 0.103516 -0.343750 -0.011169
v -0.017456 0.298828 0.051758
v -0.020996 0.304688 0.050049
v -0.019531 0.306641 0.054443
v -0.012878 0.302734 0.056396
v -0.065430 -0.500000 0.019165
v -0.067871 -0.484375 0.019653
v -0.068359 -0.486328 0.036621
v -0.128906 -0.500000 0.020142
v -0.122559 -0.500000 0.003250
v -0.066406 -0.500000 0.037598
v -0.064941 -0.496094 -0.000854
v 0.355469 0.073242 0.033936
v 0.061035 -0.025513 0.095703
v 0.064453 0.004517 0.094727
v 0.058105 0.004364 0.093262
v -0.102539 0.316406 -0.003189
v -0.101074 0.296875 0.016602
v -0.125000 0.304688 -0.005798
v -0.102539 0.324219 -0.029785
v -0.123047 0.312500 -0.033447
v 0.043701 0.333984 0.028931
v 0.036377 0.341797 0.026123
v 0.046143 0.341797 0.026611
v 0.359375 0.061768 0.060791
v 0.357422 0.063965 0.070801
v 0.359375 0.059570 0.072266
v 0.351562 0.075684 0.053955
v 0.361328 0.056885 0.061768
v 0.355469 0.055176 0.060303
v -0.099609 0.033447 -0.014343
v -0.104980 0.032959 0.014160
v 0.011108 0.371094 0.054443
v 0.048584 -0.414062 -0.058105
v 0.051270 -0.404297 -0.055664
v 0.047852 -0.416016 -0.058350
v -0.249023 0.111328 -0.028931
v -0.259766 0.119629 -0.039795
v -0.273438 0.137695 -0.044434
v 0.013062 0.369141 0.040527
v 0.088379 -0.345703 0.004364
v 0.090332 -0.322266 0.008301
v 0.066895 -0.322266 0.011169
v 0.090820 -0.359375 0.007568
v -0.099609 0.269531 -0.085938
v -0.083496 0.238281 -0.082031
v -0.088867 0.208984 -0.065918
v -0.033447 -0.044678 -0.046875
v -0.039062 -0.075684 -0.048340
v -0.009521 -0.088379 -0.032227
v 0.112793 0.263672 0.022827
v 0.103027 0.243164 0.026611
v 0.119141 0.285156 0.014160
v 0.076660 0.098145 -0.031494
v 0.091309 0.111816 0.015320
v 0.085449 0.107910 0.029053
v -0.020020 0.488281 0.035645
v -0.021729 0.474609 0.043701
v -0.084961 -0.445312 -0.067383
v -0.085938 -0.416016 -0.069336
v 0.078125 0.118164 0.034180
v 0.066895 0.117676 0.046631
v 0.078613 0.135742 0.060547
v 0.361328 0.035400 0.051758
v 0.363281 0.036377 0.047607
v 0.371094 0.036377 0.049072
v -0.000565 0.347656 0.068359
v -0.000526 0.335938 0.075195
v 0.007996 0.333984 0.070801
v 0.006836 0.347656 0.067383
v -0.083496 0.105469 0.036621
v -0.074219 0.108887 0.052490
v 0.044678 0.460938 -0.033691
v 0.048096 0.455078 -0.017456
v 0.052246 0.441406 -0.017334
v 0.041260 -0.091309 0.089355
v 0.030396 -0.091797 0.091309
v 0.033447 -0.050537 0.088379
v 0.034912 -0.137695 0.091309
v 0.065918 -0.090332 0.083008
v -0.217773 0.218750 -0.011658
v -0.224609 0.207031 -0.061523
v -0.216797 0.224609 -0.038574
v -0.102051 -0.300781 0.018188
v -0.083984 -0.277344 0.016357
v 0.028931 0.206055 -0.082520
v 0.316406 0.046875 0.086914
v -0.020142 0.408203 0.042969
v -0.023438 0.412109 0.042725
v -0.024292 0.410156 0.040283
v 0.044678 -0.050781 -0.095703
v 0.043945 0.353516 0.033936
v 0.048828 -0.494141 -0.060059
v -0.093262 0.136719 0.039062
v -0.076660 0.117188 0.035889
v -0.066406 0.117188 0.046875
v -0.098145 0.137695 0.016968
v -0.079102 0.135742 0.060303
v -0.077637 0.158203 0.059326
v -0.087891 0.162109 0.026245
v -0.359375 0.059570 0.036621
v -0.357422 0.056396 0.037598
v -0.355469 0.073730 0.034424
v -0.351562 0.065918 0.036133
v 0.010132 0.416016 0.055908
v -0.022827 0.328125 0.032715
v -0.009888 0.333984 0.024292
v -0.011414 0.324219 0.034424
v -0.024902 0.318359 0.041016
v -0.031982 0.335938 0.029297
v -0.098145 -0.466797 0.078613
v -0.099121 -0.478516 0.087891
v -0.086426 -0.470703 0.069824
v -0.097168 -0.464844 0.069336
v -0.111816 -0.466797 0.079102
v 0.169922 0.158203 -0.014893
v 0.149414 0.177734 -0.011414
v 0.156250 0.166992 -0.029053
v 0.186523 0.166016 0.008850
v 0.183594 0.149414 -0.007599
v 0.172852 0.171875 -0.001053
v 0.030884 0.040039 0.081055
v 0.061035 -0.005768 0.078125
v 0.032471 -0.007202 0.085449
v 0.028809 0.082520 0.080078
v -0.049072 0.396484 -0.009705
v -0.045654 0.408203 -0.004517
v -0.052734 0.408203 -0.014587
v -0.050293 0.410156 -0.016968
v -0.045654 0.396484 -0.010742
v -0.048340 0.392578 -0.006409
v -0.000023 0.333984 0.024414
v 0.009155 0.333984 0.023926
v -0.000687 0.322266 0.034180
v 0.294922 0.076660 0.054443
v 0.304688 0.068359 0.056396
v 0.296875 0.081055 0.061768
v -0.045410 0.421875 -0.025024
v -0.042969 0.410156 -0.013428
v -0.047607 0.437500 -0.033203
v -0.046143 0.431641 -0.011047
v -0.055420 0.441406 -0.015625
v -0.097168 0.005646 0.011108
v 0.067871 -0.488281 -0.073242
v 0.087402 -0.464844 -0.068848
v -0.232422 0.135742 0.011475
v -0.229492 0.129883 -0.002686
v -0.231445 0.123047 -0.021606
v -0.265625 0.097656 -0.006866
v -0.279297 0.104492 -0.024902
v -0.249023 0.104004 -0.031494
v -0.239258 0.102051 -0.008484
v 0.018555 0.476562 0.036377
v 0.008789 0.470703 0.047119
v 0.019043 0.470703 0.039062
v 0.026855 0.486328 0.034668
v 0.018188 0.482422 0.033203
v 0.012756 0.482422 0.039551
v 0.028442 0.476562 0.039795
v 0.075684 -0.152344 -0.061035
v -0.010498 0.335938 0.071777
v 0.008545 0.324219 0.071289
v 0.208008 0.132812 -0.025757
v 0.032715 0.011108 0.097656
v -0.030762 0.390625 0.041016
v -0.369141 0.023926 0.059326
v -0.369141 0.023926 0.055176
v -0.369141 0.024414 0.052734
v -0.367188 0.025391 0.061035
v 0.016235 0.380859 -0.046387
v 0.124023 -0.466797 0.068848
v 0.120117 -0.466797 0.057373
v 0.107910 -0.462891 0.064941
v 0.113770 -0.466797 0.078125
v 0.127930 -0.478516 0.076172
v -0.084961 0.153320 -0.028931
v -0.096680 0.135742 -0.008667
v -0.091309 0.156250 -0.002960
v -0.080078 0.129883 -0.040527
v -0.022461 -0.195312 -0.047607
v 0.275391 0.169922 0.013184
v 0.283203 0.166992 -0.009399
v 0.265625 0.134766 -0.004669
v 0.263672 0.160156 0.028809
v 0.292969 0.090332 0.045166
v 0.304688 0.073242 0.045654
v -0.018799 0.429688 0.049561
v -0.106934 -0.496094 -0.028687
v -0.100098 -0.488281 -0.051758
v -0.100098 -0.500000 -0.051758
v -0.107910 -0.500000 -0.028564
v -0.055908 -0.500000 -0.015625
v -0.111816 -0.496094 -0.013245
v -0.110840 -0.486328 -0.012634
v -0.105469 -0.484375 -0.027344
v 0.048096 0.116211 0.091797
v 0.058350 0.111816 0.084961
v 0.110840 -0.055176 -0.033936
v 0.084961 -0.004608 -0.056152
v 0.093750 -0.053467 -0.061768
v 0.103516 -0.004944 -0.022583
v 0.123047 -0.056885 -0.003540
v -0.097656 0.055908 0.064941
v -0.093750 0.053955 0.061279
v -0.083984 0.051758 0.074707
v 0.053467 0.417969 -0.010681
v 0.050049 0.421875 -0.002869
v 0.046387 0.419922 0.003082
v 0.041748 0.406250 0.005157
v 0.029419 -0.304688 -0.000216
v 0.045410 -0.304688 0.024170
v 0.040771 -0.289062 -0.002792
v 0.035156 -0.291016 -0.028076
v 0.048584 -0.324219 -0.006409
v 0.051025 -0.318359 0.017944
v -0.235352 0.175781 -0.061279
v -0.218750 0.165039 -0.081543
v -0.232422 0.185547 -0.076172
v -0.361328 0.056152 0.037354
v -0.365234 0.055420 0.030640
v 0.000565 0.398438 0.061035
v 0.118652 -0.294922 -0.065430
v 0.115723 -0.308594 -0.061523
v -0.083984 -0.482422 0.075195
v -0.072754 -0.484375 0.053467
v 0.248047 0.113770 -0.016846
v 0.242188 0.118164 0.004456
v 0.231445 0.125977 -0.001472
v 0.233398 0.122070 -0.022217
v 0.244141 0.125977 -0.041016
v 0.255859 0.117188 -0.035400
v 0.064941 -0.049316 0.082031
v 0.087891 -0.047607 0.064453
v -0.040283 0.351562 -0.014160
v -0.073730 -0.109375 0.053223
v -0.071289 -0.068359 0.058105
v -0.097656 -0.069336 0.040283
v -0.099121 -0.110840 0.035645
v -0.040283 -0.106934 0.050781
v -0.037842 -0.070312 0.056641
v -0.043213 -0.151367 0.041016
v 0.098633 0.318359 -0.060547
v 0.117676 0.306641 -0.061523
v 0.065918 0.332031 -0.065430
v 0.123047 0.314453 -0.034668
v 0.103516 0.322266 -0.030029
v 0.349609 0.061768 0.074219
v 0.347656 0.081055 0.062988
v -0.001427 0.500000 0.021973
v 0.006470 0.500000 0.013306
v -0.010315 0.496094 0.021851
v -0.001549 0.496094 0.035156
v 0.008240 0.498047 0.026489
v -0.045410 -0.002182 -0.088867
v -0.089355 -0.050781 -0.074707
v -0.086426 -0.002625 -0.062988
v -0.047607 -0.050293 -0.098633
v 0.036377 0.402344 0.033447
v 0.042236 -0.378906 -0.031982
v 0.037109 -0.361328 -0.061523
v 0.048584 -0.386719 -0.056885
v -0.228516 0.164062 0.017456
v -0.214844 0.170898 0.007751
v -0.237305 0.180664 0.011719
v -0.242188 0.173828 0.009155
v -0.244141 0.147461 0.015869
v -0.098633 -0.386719 -0.052002
v -0.108887 -0.359375 -0.059570
v -0.083008 -0.386719 -0.068848
v -0.097656 -0.404297 -0.052979
v 0.017456 0.300781 0.051270
v 0.012146 0.300781 0.055420
v 0.013123 0.302734 0.049561
v 0.019775 0.304688 0.049072
v 0.371094 0.039307 0.047119
v -0.005737 0.384766 0.059326
v -0.006256 0.382812 0.053467
v -0.007996 0.388672 0.057373
v -0.002625 0.382812 0.059814
v -0.005219 0.388672 0.061035
v -0.003448 0.384766 0.063477
v -0.007874 0.384766 0.056152
v -0.054688 0.089844 0.061523
v 0.045166 0.466797 -0.018677
v 0.043701 0.464844 -0.034180
v 0.065918 -0.090332 0.084473
v 0.035645 -0.137695 0.093750
v 0.067871 -0.136719 0.085449
v 0.034180 -0.050293 0.089844
v 0.091797 -0.090332 0.065918
v 0.034668 -0.091309 0.092773
v -0.117676 0.306641 -0.061768
v -0.145508 0.289062 -0.008118
v 0.015137 0.367188 0.047607
v 0.128906 -0.500000 0.017944
v 0.133789 -0.500000 0.040039
v 0.066895 -0.500000 0.037109
v -0.051270 0.106445 -0.047852
v -0.034424 -0.322266 -0.028809
v -0.065918 -0.322266 0.011841
v 0.024536 0.235352 0.071777
v 0.042236 0.263672 0.058838
v 0.043213 0.089355 -0.042480
v 0.062988 0.089844 -0.031250
v -0.033691 0.402344 0.038086
v -0.028809 0.406250 0.039307
v -0.031982 0.410156 0.034668
v -0.359375 0.032471 0.031128
v -0.365234 0.040283 0.028564
v 0.000233 0.367188 0.054443
v 0.004364 0.365234 0.054443
v 0.000015 0.361328 0.050781
v -0.004120 0.365234 0.053711
v 0.099609 -0.425781 -0.012085
v 0.089355 -0.416016 0.001831
v 0.089844 -0.429688 0.001831
v 0.102539 -0.416016 -0.010315
v 0.105957 -0.441406 -0.002762
v 0.108887 -0.439453 -0.030029
v 0.104980 -0.427734 -0.031738
v -0.052490 0.133789 0.076660
v -0.025024 0.116699 0.075195
v -0.026733 0.133789 0.085938
v -0.051514 0.157227 0.074707
v -0.047607 0.117188 0.062256
v -0.012085 -0.164062 -0.005035
v -0.022461 -0.165039 0.019165
v -0.016846 -0.199219 -0.011780
v 0.201172 0.207031 -0.083496
v 0.224609 0.208984 -0.061279
v 0.220703 0.191406 -0.077637
v 0.189453 0.215820 -0.083984
v 0.171875 0.196289 -0.081055
v 0.191406 0.183594 -0.082031
v 0.046143 0.081055 0.085449
v 0.041016 0.088867 0.081055
v 0.053467 0.081543 0.082520
v 0.037354 0.092773 0.088379
v -0.044434 0.437500 0.003006
v -0.095215 -0.458984 0.030273
v 0.125977 0.195312 -0.031006
v 0.136719 0.193359 -0.055176
v 0.139648 0.181641 -0.030762
v -0.000916 0.400391 -0.059082
v -0.022827 0.416016 -0.058105
v -0.091309 0.110352 0.016846
v 0.018677 0.429688 0.050537
v 0.026978 0.429688 0.044189
v 0.018066 0.443359 0.045654
v 0.043457 -0.129883 -0.058105
v 0.045166 -0.186523 -0.065918
v -0.202148 0.206055 -0.000156
v -0.206055 0.225586 -0.013611
v -0.214844 0.199219 0.009827
v -0.193359 0.187500 0.003967
v -0.104004 -0.265625 -0.076172
v -0.083984 -0.287109 -0.085938
v -0.113770 -0.255859 -0.061279
v 0.027344 0.326172 0.052246
v 0.322266 0.097168 -0.000219
v 0.314453 0.103027 -0.007263
v 0.320312 0.116211 0.000256
v 0.322266 0.087891 0.003433
v -0.018433 0.443359 0.045166
v -0.017822 0.455078 0.040039
v 0.000164 -0.007599 0.087402
v -0.034180 -0.050293 0.089355
v -0.000038 -0.050537 0.092285
v 0.047363 0.367188 0.019897
v 0.043457 0.357422 0.021118
v 0.039551 0.361328 0.013855
v 0.045654 0.365234 0.034912
v 0.089355 -0.404297 0.002609
v 0.087891 -0.388672 -0.002167
v -0.175781 0.158203 -0.050781
v -0.181641 0.166992 -0.070801
v -0.153320 0.177734 -0.050781
v -0.200195 0.153320 -0.071777
v -0.149414 0.175781 -0.030029
v -0.333984 0.069824 0.063477
v -0.349609 0.062256 0.074707
v -0.345703 0.057129 0.072266
v -0.337891 0.077148 0.066895
v -0.333984 0.068359 0.055420
v -0.337891 0.064453 0.057373
v 0.037109 0.392578 -0.001785
v 0.033447 0.378906 -0.000027
v 0.039062 0.388672 0.000629
v -0.013672 0.312500 0.041992
v -0.019531 0.306641 0.046143
v -0.024658 0.306641 0.045410
v -0.085938 -0.464844 -0.070312
v -0.087402 -0.488281 -0.070801
v -0.065918 -0.500000 -0.072754
v 0.300781 0.098145 0.055908
v 0.312500 0.092285 0.063477
v 0.296875 0.105957 0.047852
v 0.296875 0.094727 0.055176
v 0.312500 0.108398 0.050293
v 0.004578 -0.049805 -0.029053
v 0.000301 -0.028076 -0.048584
v 0.008789 -0.063965 -0.029907
v -0.026123 0.353516 0.046631
v -0.029419 0.343750 0.054199
v -0.036133 0.347656 0.046387
v -0.120117 -0.488281 0.004547
v -0.127930 -0.486328 0.019531
v -0.123535 -0.474609 0.020874
v -0.115234 -0.466797 0.008606
v 0.030640 0.125977 -0.063477
v 0.028687 0.148438 -0.067383
v 0.316406 0.044189 0.082520
v 0.310547 0.052246 0.076172
v -0.039307 0.333984 -0.003464
v -0.045166 0.339844 -0.010864
v -0.062500 0.089844 -0.031738
v -0.042725 0.089844 -0.042969
v 0.032471 0.408203 0.035156
v 0.031128 0.416016 0.037842
v 0.035156 -0.324219 -0.028076
v -0.075684 0.257812 0.043457
v -0.075195 0.233398 0.059570
v -0.075684 0.259766 0.051514
v -0.074219 0.234375 0.051758
v -0.075195 0.281250 0.036377
v 0.002441 0.382812 0.059814
v 0.001999 0.384766 0.064941
v 0.000393 0.291016 0.054688
v 0.004303 0.294922 0.052002
v -0.032959 -0.092285 0.090820
v -0.066406 -0.091797 0.082520
v -0.032959 -0.050781 0.088867
v 0.000015 -0.051025 0.091309
v -0.000160 -0.137695 0.095703
v -0.035645 -0.137695 0.091797
v -0.000145 -0.091309 0.094238
v 0.163086 0.269531 -0.037842
v 0.177734 0.248047 -0.065918
v 0.054443 0.098633 0.073242
v 0.056885 0.114746 0.079590
v -0.041504 0.464844 -0.045410
v -0.042480 0.472656 -0.035156
v -0.351562 0.058350 0.075684
v -0.357422 0.064453 0.070801
v -0.355469 0.043945 0.080078
v 0.008179 0.412109 0.045654
v 0.011230 0.414062 0.048828
v 0.007477 0.412109 0.047852
v 0.011414 0.412109 0.047607
v 0.066406 -0.136719 0.083496
v 0.089844 -0.090332 0.064453
v 0.115234 -0.090332 0.039795
v -0.099609 0.318359 -0.060303
v -0.098633 0.296875 -0.081055
v -0.115234 0.289062 -0.076660
v -0.050049 -0.417969 -0.009460
v -0.047363 -0.414062 -0.058105
v -0.050049 -0.404297 -0.054688
v -0.048584 -0.402344 -0.031494
v 0.318359 0.123047 0.013977
v 0.306641 0.114746 0.045898
v 0.298828 0.120117 0.042236
v 0.080078 0.035645 -0.051758
v 0.061523 -0.003647 -0.073730
v -0.015259 0.365234 0.047852
v -0.014893 0.367188 0.046631
v 0.361328 0.059082 0.036133
v -0.067383 -0.032471 0.060791
v -0.093262 -0.030029 0.042480
v 0.136719 0.289062 -0.063477
v 0.146484 0.296875 -0.037109
v 0.070801 -0.500000 0.054443
v 0.082031 -0.492188 0.077148
v 0.072754 -0.484375 0.053467
v 0.134766 -0.496094 0.057861
v -0.365234 0.059570 0.041504
v 0.020142 0.335938 0.022461
v 0.108398 -0.453125 0.012573
v 0.251953 0.145508 0.026367
v 0.244141 0.130859 0.020142
v -0.025146 0.378906 0.041260
v 0.084473 0.118652 0.014954
v 0.367188 0.029541 0.034912
v 0.367188 0.030762 0.032227
v 0.365234 0.039551 0.028198
v 0.367188 0.031250 0.040283
v -0.009521 0.369141 0.054443
v -0.004456 0.371094 0.056641
v -0.095703 0.058350 0.055176
v 0.045166 0.466797 -0.003998
v -0.255859 0.182617 -0.023926
v -0.249023 0.192383 -0.004395
v -0.255859 0.192383 -0.024658
v -0.249023 0.182617 -0.004272
v -0.269531 0.166016 -0.015991
v -0.105469 -0.234375 0.018555
v 0.320312 0.075684 0.065918
v 0.330078 0.092285 0.060303
v -0.028809 0.486328 -0.002838
v -0.026855 0.488281 0.010986
v -0.018433 0.492188 0.023193
v 0.033691 0.402344 0.038330
v -0.075684 0.207031 0.059570
v -0.050293 0.181641 0.073242
v -0.073242 0.208008 0.053223
v -0.073730 0.181641 0.051758
v -0.075195 0.182617 0.059326
v 0.002167 0.386719 0.066406
v 0.000221 0.386719 0.066895
v 0.000618 0.390625 0.065918
v 0.086426 -0.341797 -0.073242
v -0.009766 0.304688 0.060547
v -0.115723 -0.478516 0.087402
v 0.219727 0.129883 -0.026001
v 0.025757 0.020142 0.073242
v 0.063477 -0.003738 0.062256
v -0.088867 -0.500000 -0.070312
v -0.100098 -0.462891 -0.051025
v -0.029663 0.039062 0.079590
v 0.000355 0.082031 0.077637
v -0.000015 0.038574 0.082031
v -0.059082 -0.005798 0.077148
v -0.056152 0.040039 0.072266
v -0.026855 0.082520 0.075195
v -0.031738 -0.007446 0.084961
v 0.042236 0.416016 0.006927
v 0.042480 0.419922 0.001785
v 0.068359 -0.324219 0.010498
v 0.099609 -0.312500 0.018555
v 0.074219 -0.312500 0.025757
v 0.091309 -0.324219 0.007263
v -0.172852 0.196289 -0.081543
v -0.191406 0.184570 -0.082520
v -0.202148 0.207031 -0.083008
v -0.153320 0.207031 -0.077148
v -0.161133 0.183594 -0.068359
v -0.306641 0.062988 0.062988
v -0.318359 0.055176 0.071289
v -0.316406 0.064941 0.062256
v -0.298828 0.069824 0.063477
v -0.302734 0.067383 0.056396
v 0.035156 0.365234 -0.004639
v 0.028564 0.363281 0.004578
v 0.040283 0.351562 -0.013306
v -0.000191 0.310547 0.023682
v 0.012939 0.310547 0.023315
v -0.013000 0.310547 0.022705
v 0.082520 0.092285 0.027466
v 0.070801 0.091797 0.051514
v 0.079590 0.091797 -0.006927
v -0.024048 0.414062 0.044434
v -0.027344 0.414062 0.041260
v -0.023682 0.414062 0.043945
v -0.028809 0.417969 0.044678
v -0.328125 0.110840 0.017822
v 0.017822 0.457031 0.040527
v 0.006714 0.480469 0.050537
v 0.007660 0.455078 0.044678
v 0.101074 -0.154297 0.030029
v -0.049072 -0.324219 -0.006805
v 0.247070 0.148438 -0.056641
v 0.056396 0.068359 0.084961
v 0.046143 0.086914 0.081055
v 0.051025 0.067383 0.083496
v 0.064941 0.034912 0.083984
v 0.058838 0.069336 0.079590
v 0.052246 0.086914 0.081543
v 0.062256 0.034424 0.090332
v -0.041504 0.404297 0.004974
v -0.041748 0.416016 0.007202
v 0.103027 0.216797 -0.058350
v 0.108887 0.215820 -0.059326
v -0.002045 0.457031 -0.066895
v -0.113770 -0.004822 0.003677
v -0.103027 0.034424 -0.015381
v -0.107910 -0.003998 -0.024048
v -0.106934 0.033203 0.013489
v -0.125977 -0.056641 -0.004089
v 0.008728 0.365234 0.051758
v 0.054932 -0.425781 -0.054199
v 0.066406 -0.427734 -0.065918
v -0.316406 0.123535 0.013855
v -0.324219 0.116699 0.016724
v 0.010925 0.298828 0.050293
v 0.009705 0.298828 0.055420
v 0.326172 0.073242 0.048096
v 0.318359 0.069824 0.055908
v -0.003998 0.386719 0.064941
v 0.023560 0.349609 -0.058350
v 0.068359 -0.484375 0.036377
v -0.227539 0.133789 -0.045166
v -0.314453 0.068848 0.077637
v -0.316406 0.070312 0.056641
v -0.320312 0.066406 0.071777
v 0.029785 0.490234 0.024536
v 0.032227 0.482422 0.019653
v -0.000206 0.333984 -0.070312
v -0.068848 -0.406250 -0.000938
v 0.050781 0.158203 0.074707
v 0.073242 0.033936 -0.040527
v 0.083984 0.049561 -0.014160
v 0.093262 0.009521 -0.019287
v 0.066895 0.057129 -0.036621
v -0.365234 0.044678 0.039551
v -0.367188 0.044434 0.034180
v -0.359375 0.042969 0.040283
v 0.000126 0.382812 0.061523
v 0.003448 0.382812 0.056152
v 0.084961 -0.361328 -0.074219
v -0.021851 0.312500 0.049316
v -0.000290 -0.090820 0.095703
v 0.285156 0.156250 -0.033203
v -0.034668 0.482422 -0.021484
v -0.126953 -0.474609 0.040039
v -0.113281 -0.464844 0.025146
v 0.153320 0.174805 -0.050781
v 0.159180 0.183594 -0.067871
v 0.359375 0.028931 0.079102
v 0.357422 0.039551 0.079102
v 0.365234 0.040527 0.076172
v 0.365234 0.028320 0.077637
v 0.020142 -0.271484 -0.031494
v 0.018433 -0.235352 -0.018677
v 0.029785 -0.267578 -0.061523
v 0.025024 -0.269531 -0.001442
v -0.261719 0.155273 0.020630
v -0.255859 0.159180 0.015564
v -0.273438 0.162109 0.006805
v -0.249023 0.141602 0.022095
v -0.369141 0.041504 0.055420
v -0.373047 0.037354 0.056885
v -0.365234 0.040771 0.060547
v -0.369141 0.039795 0.048096
v -0.369141 0.036377 0.049072
v -0.369141 0.058594 0.051758
v 0.021851 0.410156 -0.056152
v 0.133789 -0.241211 0.040771
v -0.138672 0.190430 -0.055664
v -0.127930 0.203125 -0.062500
v -0.129883 0.192383 -0.032227
v -0.048096 -0.500000 -0.059814
v -0.047363 -0.500000 -0.038086
v 0.345703 0.083984 0.061523
v 0.010071 -0.088379 -0.032227
v 0.004700 -0.102051 0.006683
v -0.118652 -0.253906 -0.023804
v -0.107422 -0.259766 0.015198
v -0.119141 -0.230469 -0.018677
v 0.026978 0.330078 0.058838
v -0.080566 0.049561 0.070312
v -0.086426 0.052734 0.061279
v -0.075684 0.055420 0.079102
v -0.072754 0.052490 0.073730
v 0.040283 0.378906 0.001129
v 0.040771 0.367188 0.004272
v 0.056885 -0.427734 -0.013672
v 0.071777 -0.429688 0.001587
v 0.068848 -0.419922 0.002075
v 0.054443 -0.441406 -0.012939
v 0.049805 -0.425781 -0.033203
v -0.220703 0.143555 -0.063477
v -0.210938 0.171875 -0.081055
v 0.028076 0.312500 0.026855
v 0.030518 0.318359 0.030640
v 0.036865 0.328125 0.009216
v 0.021729 0.292969 0.049561
v 0.339844 0.064941 0.056885
v -0.039062 0.398438 -0.007507
v 0.032715 0.427734 0.038330
v 0.027222 0.443359 0.038574
v 0.030884 0.419922 0.043701
v 0.048096 -0.226562 -0.072754
v -0.076172 0.304688 0.020996
v -0.120117 0.285156 0.014221
v -0.359375 0.041260 0.034180
v -0.359375 0.041504 0.028687
v 0.104492 -0.460938 -0.028564
v 0.099609 -0.443359 -0.049316
v 0.110352 -0.460938 -0.012939
v 0.106934 -0.484375 -0.027832
v 0.101074 -0.462891 -0.050049
v 0.000034 0.109375 0.086914
v -0.000008 0.116699 0.078613
v -0.052246 0.109375 0.070312
v 0.127930 0.204102 -0.062500
v 0.152344 0.207031 -0.077148
v 0.310547 0.057861 0.080078
v -0.031738 0.085938 -0.054199
v -0.055664 0.084961 -0.045410
v -0.042236 0.037109 -0.073730
v 0.030518 0.455078 0.033203
v 0.029785 0.466797 0.033447
v 0.027710 -0.236328 0.007446
v 0.023682 -0.212891 -0.046387
v -0.098633 -0.066895 -0.024170
v -0.105957 -0.068848 0.006866
v -0.072266 -0.069336 -0.045654
v -0.082520 0.117676 0.015991
v -0.083496 0.118652 -0.007812
v -0.088867 0.111328 -0.008850
v 0.154297 0.188477 0.001495
v -0.349609 0.042480 0.074219
v -0.353516 0.038574 0.068359
v 0.016602 0.494141 0.018921
v 0.021851 0.490234 0.026367
v 0.079102 -0.234375 0.034668
v -0.080566 0.271484 -0.090820
v -0.075195 0.304688 -0.086426
v -0.055420 0.238281 -0.088867
v -0.053223 0.273438 -0.095703
v -0.055420 -0.425781 -0.013367
v -0.053955 -0.441406 -0.010071
v -0.013000 0.365234 0.049316
v 0.032227 0.339844 0.047363
v 0.035889 0.353516 0.038818
v 0.029175 0.339844 0.056885
v 0.031738 0.333984 0.052002
v 0.026978 0.351562 0.045898
v 0.357422 0.078613 0.044434
v 0.000923 0.486328 0.053711
v 0.002228 0.482422 0.049316
v 0.001343 0.484375 0.042480
v -0.363281 0.042969 0.027710
v -0.000305 0.367188 0.052246
v -0.004059 0.367188 0.052002
v 0.085938 -0.447266 -0.066895
v 0.085449 -0.427734 -0.064941
v 0.101562 -0.427734 -0.050781
v -0.024658 0.158203 0.084961
v -0.018311 -0.136719 0.027222
v -0.008118 -0.130859 0.000992
v -0.004120 -0.101562 0.006256
v -0.013916 -0.104004 0.034912
v 0.226562 0.214844 -0.035889
v 0.058838 0.085938 0.080566
v -0.043701 0.462891 0.014343
v 0.111816 -0.045898 0.041504
v 0.117188 -0.089844 0.041748
v -0.094727 0.066895 0.026123
v -0.091309 0.066895 -0.005615
v 0.011597 0.390625 0.051758
v 0.008301 0.386719 0.052734
v 0.009460 0.384766 0.051514
v 0.058350 -0.343750 -0.076660
v 0.058838 -0.361328 -0.079102
v 0.039551 -0.341797 -0.057617
v 0.056885 -0.322266 -0.077148
v -0.203125 0.180664 0.016235
v -0.223633 0.188477 0.001892
v 0.010498 0.308594 0.064453
v 0.000072 -0.008240 0.086914
v 0.031494 -0.007782 0.084961
v 0.042725 0.361328 0.004761
v -0.337891 0.094238 0.051025
v -0.341797 0.084473 0.061768
v 0.014038 0.462891 -0.060059
v 0.032471 0.472656 -0.045898
v 0.037109 0.464844 -0.047852
v 0.095215 -0.136719 0.067383
v 0.121094 -0.135742 0.041748
v -0.036377 0.326172 0.008484
v -0.023438 0.328125 0.005554
v -0.064453 -0.404297 -0.067871
v -0.063477 -0.417969 -0.070312
v -0.082520 -0.404297 -0.066895
v -0.365234 0.055664 0.042969
v 0.002380 0.398438 0.061035
v 0.112305 -0.277344 -0.050537
v 0.107910 -0.269531 -0.071777
v -0.026611 0.312500 0.044922
v -0.071777 -0.468750 0.035645
v 0.249023 0.110840 -0.029907
v 0.259766 0.119629 -0.040527
v 0.249023 0.104492 -0.031494
v 0.059326 -0.005768 0.077637
v 0.085938 -0.048340 0.062256
v -0.046631 0.345703 -0.025024
v -0.089844 -0.320312 0.008789
v -0.104980 -0.320312 -0.007812
v -0.103027 -0.341797 -0.010864
v 0.130859 0.222656 -0.077637
v 0.166992 0.230469 -0.083496
v 0.363281 0.045166 0.075684
v 0.365234 0.043457 0.066895
v -0.013428 0.367188 0.039062
v -0.008667 0.363281 0.028076
v -0.020752 -0.026123 -0.057373
v 0.025757 0.357422 0.048340
v -0.345703 0.082031 0.063477
v 0.084961 0.111816 0.037109
v 0.361328 0.033447 0.040527
v 0.363281 0.040283 0.040039
v 0.361328 0.031250 0.034912
v 0.365234 0.028076 0.035889
v -0.009521 0.363281 0.053711
v -0.008179 0.365234 0.051514
v 0.030151 0.039307 0.079590
v 0.048584 0.421875 -0.003738
v 0.065918 -0.095215 0.097656
v 0.068848 -0.096191 0.094727
v 0.066406 -0.092773 0.099121
v -0.028809 0.205078 -0.082520
v -0.057373 0.205078 -0.077148
v -0.029053 0.239258 -0.090820
v -0.000244 0.205078 -0.082520
v 0.000027 0.177734 -0.076172
v -0.015381 -0.122070 -0.038818
v -0.042480 -0.117188 -0.055908
v -0.074219 -0.111816 -0.054443
v 0.051270 0.106445 -0.048096
v -0.028320 0.482422 -0.031738
v 0.007385 0.376953 0.053223
v 0.011414 0.378906 0.050049
v 0.015869 0.408203 0.046631
v 0.023193 0.402344 0.044189
v 0.125000 -0.308594 -0.033203
v 0.117188 -0.310547 -0.002930
v 0.113770 -0.322266 -0.033691
v 0.106445 -0.322266 -0.008789
v 0.129883 -0.292969 -0.033691
v -0.005249 0.300781 0.065918
v -0.065918 -0.458984 0.002609
v -0.069824 -0.464844 0.021973
v 0.209961 0.168945 -0.082031
v -0.042725 0.359375 0.004761
v 0.018677 0.359375 -0.050049
v -0.000313 0.380859 -0.048828
v -0.000229 0.359375 -0.052734
v 0.116211 -0.478516 0.087402
v 0.117188 -0.490234 0.091309
v 0.100098 -0.478516 0.086914
v 0.247070 0.193359 -0.003174
v 0.257812 0.183594 -0.023438
v 0.083496 0.083984 0.002365
v -0.111328 -0.339844 -0.035645
v -0.115723 -0.349609 -0.036865
v -0.112793 -0.320312 -0.033691
v -0.106445 -0.320312 -0.057129
v -0.106445 -0.341797 -0.058105
v 0.339844 0.075195 0.009827
v 0.345703 0.082520 0.012024
v -0.004700 0.404297 0.049805
v -0.306641 0.065430 0.078613
v 0.028076 0.480469 0.026489
v 0.032715 -0.036621 0.062988
v -0.220703 0.191406 -0.076660
v -0.114258 -0.054443 -0.034424
v -0.011536 0.488281 0.034180
v -0.022827 0.490234 0.027832
v -0.222656 0.131836 -0.053955
v 0.038086 0.480469 -0.028076
v 0.026855 0.482422 -0.035400
v 0.221680 0.132812 -0.005341
v 0.112305 -0.488281 -0.012695
v -0.000328 0.133789 0.088867
v 0.056885 0.092773 0.075684
v 0.361328 0.036377 0.059326
v 0.009949 0.417969 0.057617
v -0.263672 0.167969 0.002777
v -0.349609 0.076172 0.054688
v 0.015198 0.492188 0.037842
v 0.008240 0.486328 0.036133
v 0.007477 0.486328 0.046875
v 0.070801 -0.068848 0.060303
v 0.106445 -0.003708 -0.023438
v 0.048828 0.289062 0.046875
v -0.063477 -0.049561 0.080078
v 0.099609 -0.490234 0.090820
v 0.130859 -0.492188 0.079590
v 0.084473 -0.482422 0.074707
v -0.244141 0.119141 0.003616
v -0.130859 -0.486328 0.039307
v 0.067871 -0.025635 0.091309
v 0.066895 0.005432 0.087891
v 0.003754 0.378906 0.055420
v -0.021484 0.291016 0.049316
v 0.144531 0.289062 -0.007751
v 0.156250 0.267578 -0.062988
v 0.038574 0.104980 0.072754
v 0.043213 0.104980 0.077148
v 0.044189 0.105957 0.071777
v -0.367188 0.038086 0.062256
v 0.018433 0.392578 -0.051514
v -0.043213 -0.154297 -0.061035
v -0.018555 -0.160156 -0.042725
v 0.217773 0.198242 0.009460
v 0.223633 0.190430 0.002197
v 0.231445 0.202148 -0.011780
v 0.230469 0.212891 -0.008789
v 0.074707 0.109375 0.052490
v 0.048096 0.117188 0.062256
v 0.052246 0.108887 0.071289
v -0.027832 0.427734 0.043701
v -0.027344 0.421875 0.048340
v -0.087891 -0.416016 0.002106
v 0.038818 0.103027 0.092773
v 0.046875 -0.236328 0.029053
v 0.044189 -0.265625 0.025269
v -0.042480 0.390625 -0.005524
v -0.261719 0.116211 -0.046143
v -0.279297 0.136719 -0.048096
v 0.024658 0.468750 0.040527
v -0.016235 0.308594 0.062256
v -0.041016 0.378906 0.018188
v -0.001945 0.386719 0.066895
v -0.001869 0.384766 0.064941
v 0.064453 -0.088379 0.097168
v 0.037598 0.351562 0.021484
v -0.035400 -0.324219 -0.027100
v -0.027466 0.412109 0.039551
v -0.031494 0.421875 0.042725
v -0.030029 0.316406 0.030640
v -0.028442 0.312500 0.026733
v -0.048340 0.287109 0.046631
v -0.069824 -0.500000 0.055176
v 0.296875 0.117676 -0.026978
v 0.302734 0.132812 -0.018066
v 0.279297 0.137695 -0.048096
v 0.289062 0.157227 -0.035400
v 0.066895 -0.032471 0.061523
v 0.093750 -0.029785 0.043213
v -0.094238 -0.136719 0.064941
v -0.006805 0.494141 0.035889
v 0.013062 0.365234 0.049561
v 0.032227 -0.353516 -0.029541
v 0.087402 -0.320312 -0.074219
v 0.275391 0.137695 -0.044434
v 0.263672 0.116211 -0.046387
v 0.036133 -0.003891 0.094238
v 0.038086 0.010742 0.093262
v 0.035400 -0.017578 0.094727
v -0.034424 0.339844 0.020508
v -0.036377 0.343750 0.026245
v -0.067383 -0.136719 0.083496
v -0.090820 -0.091797 0.063965
v 0.071289 0.326172 -0.001724
v 0.014343 0.472656 -0.051514
v 0.009216 0.482422 -0.040527
v -0.084961 -0.003906 -0.059326
v -0.080078 0.036377 -0.051758
v 0.013123 0.367188 0.048584
v -0.281250 0.159180 -0.012695
v 0.026733 0.133789 0.085449
v 0.025024 0.116699 0.075684
v 0.052490 0.133789 0.076172
v 0.363281 0.031738 0.030273
v 0.050049 0.458984 0.000431
v 0.053223 0.451172 -0.010620
v 0.075195 -0.194336 0.038574
v 0.046631 -0.195312 0.032715
v -0.102051 -0.028076 0.010742
v 0.132812 -0.484375 0.056641
v -0.084961 0.110352 0.037354
v 0.054199 0.090332 0.062256
v 0.029053 0.239258 -0.090332
v 0.000099 0.038330 -0.083984
v -0.000717 -0.050293 -0.104980
v 0.036865 0.361328 0.042480
v -0.001076 -0.242188 0.100586
v 0.199219 0.141602 -0.004089
v 0.043213 0.099609 0.079102
v -0.045166 0.390625 -0.001556
v -0.351562 0.039307 0.076660
v -0.357422 0.040283 0.080078
v 0.250000 0.144531 0.031982
v -0.027100 0.441406 0.038086
v -0.294922 0.076660 0.055908
v 0.036621 0.416016 -0.043945
v -0.070801 0.085449 -0.032471
v -0.320312 0.087891 0.003494
v 0.006744 0.382812 0.052490
v 0.013000 0.261719 0.062256
v -0.038574 0.335938 0.032471
v 0.113281 -0.004272 0.003860
v -0.069336 -0.183594 0.084961
v -0.037354 0.435547 -0.047119
v -0.028809 0.429688 -0.054688
v -0.000145 0.359375 0.028198
v 0.027100 0.476562 0.028931
v 0.314453 0.083496 0.012878
v -0.063477 -0.003647 0.061523
v 0.099609 -0.466797 0.078125
v -0.000237 0.002029 -0.062988
v 0.000599 0.384766 0.065430
v 0.069336 -0.087891 0.094238
v -0.075195 0.111816 -0.037354
v -0.067383 -0.417969 0.001785
v -0.079102 0.040039 0.055664
v -0.099121 0.040039 0.032471
v 0.043457 0.419922 -0.002914
v 0.124023 0.306641 -0.005707
v -0.330078 0.101074 0.005890
v 0.027222 0.108887 0.082520
v 0.125000 -0.056641 -0.004059
v 0.113281 -0.054688 -0.034912
v 0.035889 -0.183594 0.095215
v 0.062988 -0.049561 0.080566
v 0.045166 0.341797 -0.010559
v 0.093750 0.068359 0.028320
v 0.104980 -0.320312 -0.008362
v 0.059082 0.099121 0.079102
v 0.037354 -0.003677 -0.084473
v 0.078613 -0.051270 -0.079590
v 0.230469 0.133789 -0.045654
v 0.055420 0.034668 0.089355
v -0.088379 0.001160 0.044434
v 0.101074 0.296875 0.016846
v -0.004456 0.373047 0.052002
v -0.044678 0.333984 0.028198
v -0.075195 0.281250 0.042236
v -0.073730 -0.242188 0.085938
v 0.103027 0.316406 -0.003555
v 0.069336 -0.093750 0.094727
v 0.051380 0.091289 0.078434
v -0.075002 0.082628 0.061039
v -0.261899 0.141616 -0.007447
v 0.263408 0.137518 -0.005803
v -0.074236 -0.321817 -0.032097
v 0.074745 -0.320745 -0.032288
vn -0.4040 0.0516 -0.9133
vn 0.2366 0.0715 -0.9690
vn -0.2820 -0.4086 -0.8680
vn -0.8242 0.0739 -0.5615
vn -0.3258 0.6273 -0.7073
vn -0.8164 -0.3727 -0.4412
vn 0.1734 0.6209 -0.7645
vn 0.5019 -0.0722 -0.8619
vn 0.1670 -0.3487 -0.9222
vn 0.3751 -0.1014 -0.9214
vn 0.3572 0.1240 -0.9258
vn -0.1131 -0.2052 -0.9722
vn 0.7092 0.0265 -0.7045
vn 0.9133 0.0821 -0.3988
vn 0.8478 0.1147 -0.5177
vn -0.9804 -0.1668 -0.1047
vn -0.7375 -0.5455 0.3981
vn -0.8205 -0.0307 0.5709
vn -0.9555 0.0310 0.2933
vn -0.4314 -0.5355 -0.7260
vn -0.7774 -0.2042 0.5949
vn -0.5228 -0.5561 -0.6461
vn -0.6908 0.1406 0.7092
vn -0.7761 0.1654 0.6085
vn -0.6880 0.1239 0.7151
vn -0.7526 0.1425 0.6428
vn -0.8558 0.2116 0.4721
vn -0.4502 0.1142 0.8856
vn -0.4824 0.0906 0.8712
vn 0.6700 -0.1926 -0.7169
vn 0.9352 -0.2408 -0.2596
vn 0.9319 -0.3093 -0.1898
vn -0.1830 -0.3953 -0.9001
vn 0.8140 -0.3988 -0.4223
vn 0.0499 -0.1517 -0.9872
vn 0.9671 -0.2409 0.0820
vn 0.3186 0.7276 -0.6075
vn -0.1026 0.5898 -0.8010
vn -0.3976 -0.0556 -0.9159
vn -0.6023 -0.0858 -0.7936
vn -0.6238 -0.0962 -0.7756
vn -0.1790 -0.0230 -0.9836
vn -0.3703 -0.0467 -0.9277
vn 0.2560 -0.8530 0.4547
vn 0.2939 -0.9526 0.0788
vn 0.4935 -0.7460 0.4471
vn 0.5852 -0.7039 0.4026
vn 0.3663 -0.9301 -0.0262
vn 0.2909 -0.3233 0.9005
vn 0.4020 -0.3706 0.8373
vn 0.1969 -0.4751 0.8576
vn -0.4882 -0.7988 0.3516
vn -0.9533 0.0630 0.2954
vn -0.6397 -0.5630 -0.5232
vn 0.4096 -0.9118 0.0278
vn 0.5686 -0.0138 0.8225
vn -0.4168 0.1138 0.9019
vn 0.8686 -0.0207 0.4951
vn 0.9280 -0.0628 0.3673
vn 0.9018 -0.0047 0.4321
vn 0.7542 0.0295 0.6560
vn 0.6293 -0.0032 0.7772
vn 0.7436 0.6617 -0.0964
vn 0.8507 0.4827 -0.2080
vn 0.6049 0.7836 0.1417
vn 0.4309 0.9022 -0.0155
vn 0.9609 0.2360 -0.1450
vn 0.8300 0.5544 -0.0608
vn -0.1325 -0.2086 -0.9690
vn -0.4060 -0.2128 -0.8888
vn -0.1554 -0.2685 -0.9507
vn -0.1034 -0.2215 -0.9697
vn -0.4117 -0.3144 -0.8554
vn -0.0019 -0.2953 -0.9554
vn 0.0090 -0.1097 -0.9939
vn -0.4371 -0.1313 -0.8898
vn 0.9225 0.0956 -0.3740
vn 0.9500 -0.2909 -0.1139
vn 0.9876 0.1360 0.0778
vn 0.6260 -0.1245 -0.7698
vn 0.9849 -0.1482 0.0894
vn 0.8348 0.0333 -0.5496
vn 0.4278 0.1639 -0.8889
vn 0.6702 0.1675 0.7231
vn 0.5834 0.3562 0.7299
vn 0.5036 0.3963 0.7677
vn 0.8979 0.0696 0.4346
vn 0.6881 -0.0314 0.7249
vn 0.4254 0.2595 0.8670
vn 0.4060 0.3143 0.8581
vn -0.2177 -0.4475 0.8674
vn -0.2588 -0.9463 0.1939
vn -0.0840 -0.9779 0.1914
vn -0.6948 -0.3588 0.6233
vn 0.0142 -0.4417 0.8970
vn 0.0166 -0.3249 0.9456
vn -0.3086 -0.2647 0.9136
vn -0.0131 -0.9398 0.3415
vn -0.8330 -0.0346 0.5522
vn -0.9131 -0.1030 0.3946
vn -0.8684 0.0808 0.4892
vn -0.8067 0.1131 0.5801
vn -0.8381 -0.0111 0.5454
vn -0.7252 -0.1315 0.6758
vn -0.8665 -0.1855 0.4635
vn -0.6630 0.0439 0.7473
vn -0.8386 0.5013 0.2131
vn -0.9106 0.3762 -0.1710
vn -0.6866 0.4163 0.5961
vn -0.8849 0.4651 0.0266
vn -0.6955 0.6261 0.3524
vn -0.7441 0.6674 0.0295
vn -0.6500 0.7276 0.2192
vn -0.0145 -0.1848 0.9827
vn 0.0214 0.0121 0.9997
vn -0.1195 -0.5418 0.8320
vn 0.0159 -0.5508 0.8345
vn -0.0577 -0.0386 0.9976
vn 0.0234 -0.3779 0.9256
vn -0.0371 0.2213 0.9745
vn 0.8216 0.1911 -0.5370
vn 0.2824 0.2252 -0.9325
vn 0.8515 0.2020 -0.4838
vn 0.9925 0.1096 0.0541
vn 0.9907 0.1359 -0.0005
vn 0.2098 0.2327 -0.9496
vn 0.8279 0.1721 -0.5338
vn -0.7007 -0.5834 -0.4106
vn -0.7120 -0.3570 0.6046
vn -0.7940 -0.2727 0.5432
vn -0.0066 -0.0212 -0.9998
vn -0.1756 -0.0223 -0.9842
vn 0.1716 -0.0264 -0.9848
vn -0.0021 -0.0221 -0.9998
vn 0.1812 -0.0347 -0.9828
vn 0.9009 -0.4296 0.0623
vn 0.6073 0.4431 -0.6594
vn 0.9785 0.1576 0.1330
vn 0.7812 -0.6063 -0.1491
vn 0.6940 0.1317 0.7079
vn 0.6957 0.1279 0.7068
vn 0.4573 0.0997 0.8837
vn 0.7429 0.1490 0.6526
vn 0.7799 0.1616 0.6047
vn 0.6505 0.1253 0.7491
vn -0.8074 -0.3612 -0.4666
vn -0.9580 -0.1775 -0.2253
vn -0.9332 -0.3251 -0.1531
vn -0.5339 -0.1810 -0.8259
vn -0.8195 0.0017 -0.5730
vn -0.8877 -0.2696 -0.3732
vn -0.7215 -0.2666 -0.6390
vn -0.4594 -0.3978 -0.7942
vn -0.1797 -0.9548 0.2369
vn -0.3130 -0.9472 0.0697
vn -0.0236 -0.9993 -0.0291
vn 0.0354 -0.9810 0.1910
vn -0.0755 -0.5079 0.8581
vn -0.5647 -0.4658 0.6813
vn -0.7664 -0.5372 0.3522
vn 0.2364 -0.0450 -0.9706
vn 0.1547 -0.2486 -0.9562
vn 0.0566 0.0142 -0.9983
vn 0.2429 -0.0543 -0.9685
vn 0.2714 -0.3169 -0.9088
vn 0.2571 0.4373 -0.8618
vn 0.3442 0.4123 -0.8435
vn -0.8886 -0.1899 0.4174
vn -0.7055 -0.5474 -0.4502
vn -0.8234 -0.3776 -0.4236
vn -0.8808 -0.1280 0.4558
vn -0.8275 -0.4461 0.3409
vn -0.1714 0.1630 0.9716
vn -0.0119 0.1855 0.9826
vn -0.2910 0.9425 -0.1641
vn -0.2420 0.9628 -0.1201
vn -0.4370 0.8882 -0.1420
vn -0.5039 0.8637 0.0079
vn -0.2845 0.9572 -0.0533
vn -0.0381 0.9878 -0.1507
vn -0.6572 -0.0964 -0.7475
vn -0.9156 0.1978 -0.3500
vn -0.6807 0.2607 -0.6847
vn -0.4274 0.0712 -0.9013
vn -0.2266 -0.3024 -0.9259
vn -0.4807 -0.0757 -0.8736
vn -0.9147 0.0731 -0.3976
vn 0.0424 0.1677 0.9849
vn 0.4712 0.0388 0.8812
vn 0.0134 -0.5154 0.8568
vn 0.3122 0.3255 0.8925
vn -0.0426 0.5034 0.8630
vn 0.4889 0.3818 0.7844
vn -0.9774 0.0633 0.2019
vn -0.9231 0.1553 -0.3519
vn -0.9837 0.0533 0.1719
vn -0.9260 0.1322 -0.3538
vn -0.8959 0.0334 0.4430
vn -0.9239 -0.0853 0.3731
vn -0.9975 -0.0346 0.0613
vn -0.2133 0.6837 0.6979
vn 0.4142 0.1333 0.9004
vn -0.1666 0.5479 0.8198
vn 0.4147 0.5351 0.7360
vn -0.6019 0.7198 0.3459
vn -0.5361 0.7578 0.3718
vn -0.1797 0.7025 0.6886
vn -0.5525 0.7210 0.4182
vn 0.6889 -0.1146 -0.7157
vn 0.7213 -0.1323 -0.6799
vn 0.6510 -0.1159 -0.7502
vn 0.6499 -0.1036 -0.7529
vn 0.6894 -0.0821 -0.7197
vn 0.5243 -0.0607 0.8494
vn 0.4264 -0.1394 0.8937
vn 0.2387 0.4735 0.8479
vn 0.1420 0.5127 0.8468
vn 0.7246 0.1020 0.6816
vn 0.2147 -0.7373 -0.6405
vn 0.4216 -0.8244 -0.3777
vn 0.4747 -0.6232 0.6216
vn 0.1973 0.0956 0.9757
vn 0.9380 -0.2709 0.2164
vn 0.1263 -0.9600 -0.2497
vn -0.1145 -0.9480 -0.2971
vn 0.2230 -0.0777 -0.9717
vn 0.3164 -0.9432 -0.1009
vn 0.3502 0.7944 0.4963
vn -0.1959 0.2472 0.9489
vn 0.5495 0.0507 0.8339
vn 0.6487 0.5676 0.5070
vn 0.3009 0.4525 0.8394
vn 0.8812 -0.1477 0.4491
vn 0.6921 0.7155 -0.0948
vn 0.9580 0.2849 -0.0313
vn 0.9535 0.2642 -0.1451
vn 0.9474 0.2458 0.2048
vn 0.9659 0.2355 -0.1077
vn 0.9486 0.2362 -0.2108
vn 0.8217 0.2313 0.5209
vn -0.4506 0.0784 0.8893
vn -0.3987 0.1132 0.9101
vn -0.4721 -0.0829 0.8777
vn -0.3706 0.2915 0.8819
vn -0.6467 -0.0761 0.7590
vn -0.7582 0.1752 0.6281
vn -0.6569 0.2757 0.7017
vn -0.8744 -0.1753 -0.4525
vn -0.9944 0.0521 -0.0923
vn -0.9899 -0.1238 0.0696
vn -0.5424 -0.1349 -0.8292
vn -0.8721 -0.0080 -0.4893
vn -0.8471 0.0419 -0.5298
vn -0.9988 0.0469 0.0107
vn 0.9298 0.2118 0.3009
vn 0.9321 -0.0709 0.3553
vn 0.9681 -0.0115 0.2505
vn 0.9126 -0.0802 0.4008
vn 0.9453 0.1969 0.2600
vn 0.6117 0.0367 0.7903
vn 0.6728 0.1259 0.7291
vn 0.1978 -0.1166 -0.9733
vn -0.8104 -0.5250 -0.2602
vn 0.2771 -0.3300 -0.9024
vn 0.9170 0.3819 -0.1147
vn 0.9612 0.2329 -0.1479
vn 0.7409 -0.0917 -0.6654
vn -0.5433 -0.2769 -0.7926
vn 0.1769 -0.9629 -0.2036
vn 0.0188 -0.9872 0.1581
vn 0.0496 -0.9748 -0.2177
vn -0.0363 -0.9992 0.0183
vn 0.1917 -0.9812 0.0223
vn -0.0195 -0.9723 0.2328
vn 0.3289 -0.9075 -0.2612
vn 0.3831 -0.9217 0.0613
vn 0.1522 0.2485 0.9566
vn 0.8201 -0.2531 -0.5133
vn -0.2574 0.6790 0.6876
vn 0.8146 -0.3111 -0.4895
vn 0.7127 -0.2753 -0.6451
vn -0.4455 0.4269 0.7869
vn -0.2037 0.3125 0.9278
vn 0.8485 0.4070 0.3384
vn 0.7629 0.2645 0.5900
vn 0.9484 0.0549 0.3123
vn 0.9454 -0.0657 0.3192
vn 0.7755 0.3408 0.5315
vn 0.6533 0.3489 0.6718
vn 0.8570 0.4979 0.1330
vn -0.3594 -0.2460 0.9002
vn 0.2505 -0.1621 0.9545
vn 0.1170 -0.1610 0.9800
vn -0.3656 -0.2002 0.9090
vn -0.7815 -0.2032 0.5899
vn -0.7901 -0.2335 0.5667
vn -0.3192 -0.1983 0.9267
vn -0.5418 0.7043 -0.4587
vn -0.5185 0.6655 -0.5369
vn -0.1019 0.2869 -0.9525
vn -0.1194 0.2542 -0.9598
vn -0.5857 0.6769 -0.4458
vn -0.7010 0.7128 -0.0243
vn -0.6218 0.7831 0.0020
vn -0.6940 0.0889 0.7144
vn -0.6427 0.1028 0.7592
vn -0.6971 0.1166 0.7075
vn -0.6097 0.0796 0.7886
vn -0.7004 0.0770 0.7096
vn -0.6159 0.0711 0.7846
vn -0.2315 -0.7182 -0.6562
vn 0.7463 -0.6455 -0.1626
vn 0.2445 -0.7324 -0.6354
vn 0.3394 -0.6050 -0.7203
vn -0.3185 -0.4954 0.8082
vn 0.1686 0.1409 0.9756
vn -0.0641 -0.9334 0.3531
vn -0.4680 -0.8825 0.0461
vn -0.7067 -0.4445 0.5505
vn -0.1997 0.2697 0.9420
vn 0.0251 0.2620 0.9647
vn -0.2010 0.6465 -0.7360
vn 0.1021 0.8103 -0.5771
vn 0.0853 0.6404 -0.7633
vn -0.2677 0.8305 -0.4885
vn -0.4582 0.6646 -0.5903
vn -0.1970 0.3673 -0.9090
vn -0.3856 0.4604 -0.7996
vn -0.9886 0.1323 0.0723
vn -0.9752 0.0944 0.2000
vn -0.9614 0.1232 -0.2460
vn -0.7958 0.0821 0.6000
vn -0.9136 0.1542 -0.3762
vn -0.8471 0.1334 0.5144
vn -0.9722 0.2195 -0.0819
vn 0.4630 -0.1105 0.8794
vn 0.7176 -0.1773 0.6735
vn 0.4691 0.0604 0.8811
vn 0.6537 -0.0739 0.7531
vn 0.5351 0.0519 0.8432
vn 0.4929 -0.0797 0.8664
vn 0.3961 0.0999 0.9127
vn 0.5000 -0.1728 -0.8486
vn 0.3556 0.0960 -0.9297
vn -0.2616 -0.1949 -0.9453
vn 0.8170 -0.2534 -0.5180
vn 0.8279 0.1093 -0.5501
vn 0.4041 -0.2733 -0.8729
vn -0.0374 -0.1247 0.9915
vn 0.3050 -0.5055 0.8071
vn 0.2272 -0.5417 0.8093
vn -0.4063 0.3125 0.8586
vn -0.3627 0.2924 0.8849
vn -0.1795 -0.1602 0.9706
vn -0.0582 -0.1520 0.9867
vn 0.7630 -0.6450 0.0437
vn 0.3821 -0.7904 -0.4788
vn 0.4701 -0.8819 -0.0362
vn 0.3162 -0.2814 0.9060
vn 0.8166 -0.4630 0.3446
vn 0.6489 -0.5480 -0.5278
vn -0.0800 0.2733 0.9586
vn -0.1820 0.4935 0.8505
vn 0.8054 0.2816 0.5216
vn -0.7719 0.3184 0.5503
vn 0.5775 -0.4980 0.6470
vn -0.7570 -0.0714 0.6495
vn 0.8170 0.0097 0.5765
vn 0.3675 -0.0954 0.9251
vn 0.4995 0.2185 0.8383
vn 0.8763 0.1795 0.4470
vn 0.9323 0.2913 0.2143
vn 0.9789 -0.1820 0.0927
vn 0.8320 -0.1901 0.5212
vn -0.5431 -0.2881 0.7887
vn 0.1557 -0.0900 0.9837
vn -0.7261 -0.0080 0.6876
vn -0.6714 -0.1477 0.7262
vn -0.6841 -0.4740 0.5544
vn 0.0978 -0.4781 0.8729
vn 0.1827 -0.3565 0.9163
vn -0.2108 0.6388 0.7400
vn -0.9122 0.3524 0.2092
vn -0.7024 0.6442 0.3027
vn -0.4426 0.3769 0.8137
vn 0.5926 0.3633 0.7189
vn 0.3869 0.2480 0.8881
vn -0.1833 0.7524 0.6327
vn 0.4033 0.6420 0.6521
vn -0.6021 -0.7273 -0.3294
vn -0.1601 -0.6319 -0.7583
vn -0.0233 -0.9136 -0.4060
vn -0.4353 -0.8920 0.1217
vn -0.6402 -0.7649 0.0712
vn -0.4775 -0.5057 -0.7185
vn -0.6617 -0.6939 -0.2840
vn -0.5632 -0.0668 0.8236
vn -0.4632 -0.1140 0.8789
vn 0.0890 -0.0967 0.9913
vn -0.0237 -0.0167 0.9996
vn -0.6256 0.0847 0.7755
vn -0.9046 -0.2650 -0.3338
vn -0.9356 0.0114 0.3530
vn -0.9277 0.2791 0.2481
vn -0.9453 0.0368 -0.3240
vn -0.9550 -0.2165 -0.2027
vn -0.8139 -0.4343 -0.3860
vn -0.7615 -0.2828 -0.5832
vn -0.9618 0.2233 -0.1583
vn -0.8871 -0.1159 -0.4467
vn -0.8552 0.1547 0.4946
vn 0.0255 -0.2844 -0.9584
vn -0.8164 0.2751 0.5077
vn -0.8241 0.3390 0.4538
vn -0.8339 0.0852 -0.5454
vn -0.2533 -0.8495 0.4628
vn -0.2171 -0.9751 0.0448
vn 0.3328 -0.7746 0.5378
vn -0.0372 -0.4374 0.8985
vn 0.0615 0.2258 0.9722
vn 0.1596 -0.2800 0.9466
vn -0.4082 -0.2105 0.8883
vn 0.0680 -0.2924 -0.9539
vn -0.2351 -0.3916 -0.8896
vn -0.4401 -0.6704 -0.5974
vn -0.1707 -0.0496 -0.9841
vn 0.2548 -0.2297 -0.9393
vn -0.1657 0.1903 -0.9676
vn 0.4725 -0.6714 -0.5709
vn 0.8786 0.0527 0.4747
vn 0.6033 -0.6415 0.4739
vn 0.9882 0.0211 0.1516
vn 0.9723 0.0756 0.2211
vn 0.9118 -0.1052 0.3970
vn 0.9506 0.0258 0.3095
vn -0.3073 -0.2668 0.9134
vn 0.1900 0.3746 0.9075
vn -0.1911 0.0935 0.9771
vn -0.4536 -0.4460 0.7716
vn -0.3723 -0.7356 0.5659
vn -0.2623 0.1379 0.9551
vn -0.4513 -0.7195 0.5279
vn -0.8340 -0.3902 0.3902
vn -0.1477 -0.4448 -0.8834
vn 0.0242 -0.0369 -0.9990
vn -0.2700 0.3114 0.9111
vn -0.3785 0.2985 0.8761
vn -0.4486 0.1561 0.8800
vn -0.4023 0.2591 0.8781
vn -0.3816 0.4577 0.8031
vn -0.1967 0.2595 0.9455
vn -0.3962 0.0962 0.9131
vn -0.2983 0.2211 -0.9285
vn 0.3567 0.1413 -0.9235
vn -0.1056 0.1328 -0.9855
vn -0.8513 0.2025 -0.4841
vn -0.3272 0.2025 -0.9230
vn -0.7993 0.1945 -0.5687
vn 0.3870 0.1450 -0.9106
vn 0.8372 -0.3600 -0.4118
vn 0.6883 -0.3898 0.6118
vn 0.9580 0.1045 0.2671
vn 0.7461 -0.6087 0.2699
vn 0.4696 -0.5140 -0.7178
vn 0.8807 -0.0120 0.4736
vn 0.4539 -0.6024 -0.6566
vn 0.6019 0.0546 -0.7967
vn -0.2239 -0.4659 -0.8560
vn 0.0089 -0.4516 -0.8922
vn 0.7793 0.1215 -0.6147
vn 0.8142 0.5489 0.1891
vn 0.8373 0.2002 -0.5087
vn 0.0071 -0.0752 0.9971
vn -0.1887 0.3179 0.9291
vn -0.7363 0.1397 0.6621
vn 0.5557 0.7924 -0.2515
vn 0.2258 0.7895 -0.5707
vn 0.6668 0.3871 -0.6368
vn 0.9059 0.3876 -0.1707
vn 0.2486 0.9404 0.2318
vn 0.0784 0.9892 -0.1235
vn -0.4186 0.6186 0.6649
vn -0.9509 0.2126 0.2249
vn -0.3366 0.8742 0.3499
vn 0.2246 0.9113 0.3451
vn 0.1498 0.7383 0.6577
vn 0.2520 0.6667 0.7014
vn -0.5883 0.3528 0.7276
vn -0.9144 -0.0018 0.4047
vn -0.3673 -0.3265 -0.8709
vn -0.7845 -0.6156 -0.0746
vn -0.5945 0.4052 -0.6946
vn 0.0098 -0.8028 -0.5962
vn -0.3867 -0.9221 -0.0159
vn -0.9057 0.1355 -0.4016
vn -0.6405 -0.4069 -0.6513
vn -0.4223 -0.2268 0.8776
vn 0.2246 -0.1155 0.9676
vn -0.3352 -0.0179 0.9420
vn -0.8807 -0.1054 0.4618
vn -0.8326 -0.1863 0.5215
vn -0.4637 -0.0775 0.8826
vn 0.3314 -0.2060 0.9207
vn 0.6721 -0.3878 -0.6308
vn 0.3954 -0.3402 -0.8532
vn 0.4950 -0.4560 -0.7396
vn 0.4179 -0.2374 -0.8769
vn 0.6991 -0.1373 -0.7017
vn 0.8983 -0.3074 -0.3139
vn 0.7823 -0.5272 -0.3319
vn 0.9451 0.0384 0.3245
vn 0.3200 0.0327 0.9469
vn 0.4614 -0.8307 0.3115
vn 0.6898 -0.5515 -0.4690
vn 0.9691 0.2392 -0.0598
vn 0.1612 0.5128 0.8433
vn -0.8788 0.0651 0.4728
vn -0.8475 0.0540 0.5281
vn -0.7507 0.1192 0.6498
vn -0.9117 -0.0228 0.4103
vn -0.0160 0.4193 -0.9077
vn 0.1371 0.4402 -0.8874
vn 0.0001 0.3499 -0.9368
vn 0.1381 0.0036 -0.9904
vn -0.1413 0.3323 -0.9325
vn -0.1832 0.4085 -0.8942
vn -0.1394 -0.0089 -0.9902
vn 0.0043 -0.0499 -0.9987
vn 0.6155 -0.1033 0.7814
vn 0.8493 -0.2077 0.4853
vn -0.2786 0.1047 -0.9547
vn 0.8360 0.1318 -0.5326
vn 0.3397 0.1866 -0.9218
vn -0.8681 -0.0632 0.4923
vn 0.4114 -0.3284 0.8502
vn 0.9322 -0.0176 0.3616
vn -0.4182 0.0366 0.9076
vn 0.2794 -0.9578 0.0676
vn 0.9805 -0.1960 0.0110
vn -0.5868 -0.1578 0.7942
vn 0.3512 -0.3527 0.8673
vn 0.3208 -0.5939 0.7378
vn 0.5025 0.2053 0.8399
vn 0.1515 0.3027 0.9410
vn -0.0116 0.1301 0.9914
vn -0.0386 -0.4171 0.9081
vn 0.1744 -0.9838 -0.0415
vn 0.0150 0.4647 0.8854
vn 0.5717 0.4942 0.6549
vn 0.0512 0.6312 0.7739
vn -0.5477 0.4943 0.6751
vn -0.2901 0.5879 0.7551
vn 0.2672 0.5935 0.7592
vn 0.0216 0.5477 0.8364
vn -0.3690 0.0428 0.9285
vn -0.6002 0.0717 0.7966
vn -0.3984 0.0511 0.9158
vn -0.1950 0.0305 0.9803
vn -0.3961 0.0460 0.9171
vn -0.1787 0.0277 0.9835
vn 0.3987 0.3137 0.8618
vn 0.3213 0.2920 0.9008
vn 0.6072 0.6367 0.4754
vn 0.6773 0.5824 0.4496
vn 0.5059 0.2598 0.8225
vn 0.2644 -0.1562 0.9517
vn 0.0408 -0.1387 0.9895
vn 0.4732 0.1528 0.8676
vn 0.1440 0.3252 0.9346
vn -0.0142 0.2068 0.9783
vn -0.0069 0.4737 0.8806
vn 0.4806 0.1419 0.8654
vn -0.1360 0.9847 -0.1092
vn -0.2166 0.6805 -0.7000
vn -0.9293 -0.0904 0.3582
vn -0.9891 0.0535 0.1370
vn -0.3444 0.5966 -0.7249
vn -0.8789 -0.1815 0.4412
vn -0.8513 -0.0848 0.5178
vn -0.9501 0.1114 0.2912
vn -0.9018 -0.4322 0.0006
vn -0.7250 -0.5207 -0.4508
vn -0.3495 -0.9344 -0.0687
vn -0.7649 0.1843 -0.6172
vn -0.9605 0.2742 -0.0470
vn -0.8761 0.1880 0.4440
vn 0.5563 -0.6482 0.5201
vn 0.5732 -0.5540 0.6038
vn 0.3003 -0.2799 0.9118
vn 0.1647 -0.6359 0.7540
vn 0.0495 -0.8714 0.4880
vn 0.5634 -0.6976 0.4427
vn 0.6146 -0.6155 0.4933
vn -0.1995 -0.9724 -0.1210
vn -0.3853 -0.9016 0.1964
vn -0.2675 -0.9435 0.1954
vn -0.0914 -0.9828 -0.1604
vn 0.2276 -0.7860 -0.5748
vn -0.1612 -0.8518 -0.4984
vn -0.5149 -0.8190 -0.2532
vn 0.1751 -0.7789 -0.6022
vn -0.2292 -0.4863 0.8432
vn 0.1333 -0.3270 0.9356
vn -0.1542 -0.3469 0.9251
vn -0.4529 -0.4601 0.7637
vn -0.5192 -0.5461 0.6574
vn -0.1854 -0.0369 0.9820
vn -0.4332 -0.1983 0.8792
vn -0.1511 -0.5010 0.8522
vn 0.0095 -0.7200 0.6939
vn 0.0133 -0.2634 0.9646
vn 0.0096 -0.1504 0.9886
vn -0.1563 -0.1326 0.9788
vn 0.1004 -0.2292 0.9682
vn 0.0181 -0.8939 0.4478
vn 0.5628 -0.4618 0.6856
vn 0.6254 0.7803 -0.0025
vn 0.5774 0.6467 0.4984
vn 0.6533 0.7571 0.0036
vn 0.6857 0.7269 -0.0394
vn 0.5187 0.7104 -0.4756
vn 0.5928 0.6815 -0.4291
vn -0.2090 -0.9723 -0.1046
vn -0.6413 -0.5980 0.4808
vn 0.5596 -0.8240 0.0892
vn -0.9893 0.1343 0.0577
vn -0.9601 0.0195 0.2790
vn 0.2307 -0.9444 -0.2343
vn 0.1741 -0.9573 -0.2306
vn -0.2492 -0.9636 -0.0962
vn -0.6229 -0.2650 -0.7361
vn -0.6166 0.0399 -0.7863
vn -0.8406 0.4096 -0.3543
vn -0.8658 0.3268 -0.3789
vn -0.6345 -0.2789 -0.7209
vn -0.1751 -0.7913 -0.5858
vn 0.0047 -0.7295 -0.6840
vn 0.7317 0.3807 0.5655
vn 0.2018 0.5526 0.8087
vn 0.4340 0.3694 0.8217
vn 0.9331 -0.3126 -0.1776
vn 0.9245 -0.0117 0.3811
vn 0.8016 -0.0465 -0.5960
vn 0.8884 0.0283 -0.4582
vn 0.8829 -0.0544 -0.4663
vn 0.5314 0.2238 -0.8170
vn 0.8245 -0.2086 -0.5260
vn 0.6928 -0.0286 -0.7206
vn 0.6997 -0.0925 -0.7084
vn 0.0141 -0.1964 0.9804
vn -0.0054 -0.9263 -0.3767
vn -0.4261 -0.1410 0.8936
vn -0.0100 0.4454 0.8953
vn 0.1492 0.4635 0.8734
vn -0.1351 0.4467 0.8844
vn 0.9272 -0.2142 -0.3072
vn 0.9993 -0.0372 0.0053
vn 0.9186 0.1368 -0.3707
vn 0.9961 0.0485 0.0738
vn 0.9777 -0.2091 0.0201
vn 0.7480 -0.5226 -0.4090
vn 0.3357 -0.1078 -0.9358
vn -0.3435 -0.3702 0.8631
vn -0.1252 -0.1161 0.9853
vn -0.4755 -0.7713 0.4231
vn -0.5154 -0.4538 0.7269
vn -0.3166 -0.8323 0.4551
vn -0.2547 0.1704 0.9519
vn -0.5040 -0.2239 0.8342
vn 0.8298 0.1394 0.5403
vn 0.9835 0.1673 0.0693
vn 0.9854 0.1614 0.0547
vn 0.8208 0.1173 0.5590
vn 0.4316 0.0561 0.9003
vn 0.4162 0.0340 0.9086
vn 0.7953 0.0914 0.5992
vn -0.6505 -0.0428 0.7583
vn -0.0735 -0.4743 0.8773
vn -0.6547 0.1379 0.7432
vn -0.5244 0.1951 0.8288
vn -0.5667 0.0407 0.8229
vn -0.3774 -0.1900 -0.9063
vn -0.7132 -0.0391 -0.6999
vn -0.3890 -0.1702 -0.9054
vn -0.9430 0.2987 -0.1468
vn 0.4490 0.0341 0.8929
vn 0.2296 0.0110 0.9732
vn 0.0000 0.0181 0.9998
vn 0.9715 -0.2241 0.0777
vn 0.9792 0.1683 -0.1134
vn 0.8005 -0.1878 -0.5692
vn 0.9946 -0.0978 0.0362
vn 0.8828 -0.0762 0.4635
vn 0.8344 -0.1731 0.5232
vn 0.8923 0.1798 0.4140
vn -0.1482 0.2733 0.9504
vn -0.0984 0.2083 0.9731
vn 0.0116 0.2950 0.9554
vn 0.0841 0.4221 0.9026
vn -0.1807 0.3733 0.9100
vn -0.2719 0.2110 0.9389
vn -0.3232 0.1280 0.9376
vn 0.1609 -0.4946 0.8541
vn 0.7056 0.5885 -0.3946
vn 0.5233 0.0902 -0.8474
vn 0.6955 0.5400 -0.4739
vn 0.6126 0.7845 0.0961
vn 0.7366 0.6759 0.0227
vn 0.8227 0.5581 0.1087
vn 0.7758 0.3336 -0.5356
vn 0.3801 0.0275 0.9246
vn 0.5724 0.2542 0.7796
vn 0.0453 0.1550 0.9869
vn 0.5457 -0.7179 0.4323
vn 0.9736 -0.2258 0.0320
vn -0.1330 -0.6966 0.7050
vn -0.4566 -0.2092 0.8647
vn 0.9456 0.1603 0.2832
vn -0.8228 0.4417 0.3576
vn -0.6574 0.3804 0.6505
vn -0.7394 0.4963 0.4550
vn -0.8485 -0.0647 0.5252
vn -0.6927 0.6172 0.3731
vn -0.7734 0.4466 0.4499
vn 0.9343 -0.1938 -0.2993
vn 0.7702 -0.3424 -0.5382
vn 0.7715 -0.1666 -0.6141
vn 0.9804 -0.1749 0.0902
vn 0.9637 -0.1531 -0.2186
vn 0.9247 -0.0245 -0.3799
vn 0.9870 0.1479 -0.0633
vn 0.4860 -0.2259 0.8443
vn -0.3827 -0.9202 0.0821
vn 0.9322 -0.2549 0.2568
vn 0.9716 -0.0267 0.2350
vn 0.1406 0.0344 0.9895
vn -0.5811 -0.2691 0.7681
vn -0.8563 0.2861 -0.4301
vn -0.9866 0.1634 -0.0022
vn -0.9935 -0.0208 -0.1123
vn -0.9022 0.4050 -0.1488
vn -0.6743 0.4191 -0.6080
vn -0.4016 0.2520 -0.8804
vn 0.3696 -0.9087 0.1939
vn 0.3740 -0.9163 -0.1432
vn 0.1812 -0.9800 -0.0828
vn 0.3851 -0.7340 0.5594
vn 0.2686 -0.9371 0.2229
vn 0.5722 -0.7727 -0.2748
vn 0.7316 0.4107 0.5442
vn 0.9007 0.1444 0.4098
vn 0.7643 0.2047 0.6115
vn 0.8628 0.2594 0.4339
vn 0.8749 0.2984 0.3815
vn 0.5649 0.3403 0.7518
vn -0.8268 0.0730 -0.5578
vn -0.2919 0.1277 -0.9479
vn -0.1650 -0.0469 -0.9852
vn -0.0854 -0.9460 -0.3126
vn -0.3577 -0.9271 -0.1115
vn -0.9893 -0.1187 0.0845
vn -0.8957 0.0676 -0.4394
vn -0.7930 0.6093 -0.0025
vn 0.7934 0.5514 -0.2578
vn -0.7680 0.3405 -0.5424
vn -0.5727 0.7012 0.4246
vn 0.7482 0.5776 -0.3265
vn -0.6831 0.5858 0.4361
vn -0.7957 0.6044 0.0392
vn 0.7832 0.5299 -0.3253
vn -0.9278 -0.3179 -0.1953
vn -0.5785 -0.4203 -0.6990
vn -0.9999 -0.0166 0.0047
vn 0.0133 -0.9733 -0.2291
vn 0.8302 0.0795 -0.5517
vn 0.3272 -0.1292 -0.9361
vn -0.2896 -0.0188 -0.9570
vn 0.2372 -0.5318 0.8130
vn 0.5608 -0.7640 0.3191
vn 0.5191 -0.7995 0.3024
vn -0.1781 0.0329 0.9835
vn -0.1473 0.0522 0.9877
vn -0.3635 0.0540 0.9300
vn 0.0000 0.0328 0.9995
vn -0.0041 0.0345 0.9994
vn 0.2491 0.4710 0.8462
vn 0.4523 0.8226 0.3446
vn 0.5019 0.7102 0.4937
vn 0.1754 0.9521 0.2505
vn 0.1398 0.7418 0.6558
vn 0.3246 0.3752 0.8683
vn 0.8071 0.3164 0.4984
vn -0.9604 0.2772 -0.0294
vn -0.7917 0.6073 -0.0666
vn -0.7979 0.5957 0.0917
vn -0.9082 0.3652 -0.2043
vn -0.8827 0.4698 -0.0054
vn -0.9349 0.1212 -0.3335
vn -0.3194 0.9470 -0.0352
vn -0.0686 0.9913 0.1119
vn -0.3886 0.9206 0.0384
vn -0.8324 0.5541 -0.0080
vn -0.5747 0.7935 0.2004
vn -0.1111 0.9921 0.0578
vn 0.8183 -0.0731 -0.5701
vn 0.9726 -0.1265 -0.1952
vn 0.7033 -0.0772 -0.7067
vn 0.4923 -0.2929 -0.8196
vn 0.9249 0.2683 -0.2694
vn 0.3968 0.8938 -0.2092
vn 0.8764 0.4194 0.2369
vn 0.7096 0.6592 -0.2490
vn 0.3462 0.7542 -0.5579
vn 0.3006 0.7836 -0.5437
vn -0.0084 0.9892 -0.1463
vn 0.4339 0.8254 0.3612
vn -0.7271 0.2060 -0.6549
vn -0.4116 0.2863 -0.8652
vn -0.3092 0.2451 -0.9189
vn -0.7240 0.2210 -0.6534
vn -0.9409 0.2342 -0.2448
vn -0.8196 0.3393 -0.4616
vn -0.4235 0.4178 -0.8038
vn 0.4799 -0.0329 0.8767
vn 0.6550 -0.2001 0.7286
vn 0.5753 -0.5345 0.6192
vn 0.5075 0.0625 0.8594
vn 0.5147 0.2636 0.8159
vn -0.4395 0.8957 0.0677
vn -0.5472 0.8158 -0.1873
vn -0.9709 0.0306 0.2373
vn -0.6342 0.5596 0.5334
vn 0.7712 0.5693 -0.2848
vn -0.2876 0.4798 0.8289
vn 0.7794 0.5567 -0.2874
vn 0.7688 0.5565 -0.3150
vn -0.2872 -0.9296 -0.2312
vn -0.4039 -0.3249 -0.8552
vn 0.6898 -0.7141 -0.1194
vn 0.6374 -0.6301 -0.4435
vn 0.2938 -0.5397 -0.7889
vn 0.7411 -0.5972 -0.3069
vn 0.7588 -0.4127 0.5040
vn -0.5877 -0.4007 0.7029
vn -0.6733 -0.1940 0.7135
vn -0.0774 0.2688 0.9601
vn -0.4408 -0.8903 -0.1140
vn -0.5242 -0.8068 -0.2728
vn -0.8437 -0.5016 -0.1913
vn 0.1842 -0.6695 -0.7196
vn 0.4303 0.3403 0.8361
vn -0.8570 0.2772 0.4345
vn -0.7820 0.4698 0.4097
vn -0.7773 0.4052 0.4813
vn -0.7423 0.3968 0.5399
vn -0.7426 0.4365 0.5079
vn 0.0029 -0.0556 0.9984
vn 0.1444 -0.1327 0.9806
vn 0.5923 0.8049 0.0376
vn 0.3643 0.8277 -0.4268
vn 0.2304 0.9727 0.0266
vn 0.5949 0.6594 0.4596
vn 0.5205 0.8307 0.1972
vn 0.0933 0.9163 0.3894
vn 0.4786 0.8665 -0.1422
vn -0.3265 0.9187 0.2220
vn -0.7413 0.5895 0.3209
vn -0.6748 0.5780 0.4589
vn -0.2621 0.9512 0.1628
vn 0.0893 0.9940 0.0628
vn 0.1610 -0.9474 -0.2765
vn 0.4297 -0.8292 -0.3574
vn 0.6703 -0.7402 0.0530
vn -0.1789 0.1671 0.9696
vn -0.9176 0.0361 0.3959
vn -0.1225 0.4684 0.8750
vn 0.0532 -0.9423 0.3304
vn -0.3018 0.6765 0.6717
vn -0.0374 0.2498 0.9676
vn 0.3085 -0.5072 0.8047
vn -0.0790 0.5518 0.8302
vn 0.3418 0.8496 -0.4017
vn 0.7997 0.5929 0.0948
vn 0.6470 0.7496 -0.1398
vn 0.3304 0.9264 0.1804
vn 0.3925 0.8158 -0.4247
vn 0.2059 0.9590 -0.1947
vn 0.1494 0.9506 -0.2722
vn 0.9975 0.0621 0.0351
vn 0.9978 0.0519 0.0408
vn 0.8233 -0.0042 0.5676
vn 0.8339 -0.0402 0.5504
vn 0.9859 0.1153 0.1216
vn 0.0358 0.3786 -0.9249
vn -0.0088 0.1069 -0.9942
vn 0.1147 0.0743 -0.9906
vn -0.0069 0.3787 -0.9255
vn -0.2312 0.7030 -0.6725
vn -0.0812 0.5834 -0.8081
vn -0.0009 0.4012 -0.9160
vn 0.7552 -0.2473 0.6070
vn 0.8162 0.0943 0.5701
vn 0.9343 -0.3039 0.1866
vn 0.8802 -0.2935 0.3729
vn 0.7241 -0.2013 0.6597
vn 0.6413 0.0385 0.7663
vn 0.2673 0.2226 0.9375
vn 0.3247 0.1122 0.9392
vn 0.5296 0.1517 0.8345
vn 0.8937 -0.0975 0.4380
vn 0.1056 0.1963 -0.9749
vn 0.1015 0.2718 -0.9570
vn 0.4154 0.2713 -0.8682
vn -0.0004 0.1766 -0.9843
vn 0.4073 0.1611 -0.8990
vn -0.4967 0.6413 0.5848
vn -0.4240 0.4255 0.7995
vn -0.7673 0.1306 0.6279
vn -0.6416 0.1668 0.7487
vn -0.7696 0.4724 0.4297
vn 0.8943 -0.3082 0.3245
vn 0.8491 -0.2383 0.4714
vn 0.9931 -0.1123 0.0324
vn 0.9332 -0.3379 0.1224
vn 0.4878 -0.4433 -0.7520
vn -0.1103 -0.7968 -0.5941
vn -0.2777 -0.6823 -0.6763
vn -0.1968 -0.7032 -0.6832
vn 0.6148 -0.4994 -0.6105
vn 0.9834 0.1784 -0.0316
vn -0.9703 -0.1674 -0.1747
vn -0.6581 -0.0674 -0.7499
vn -0.4143 -0.4974 -0.7622
vn -0.8975 0.0177 0.4407
vn -0.4648 -0.5658 -0.6810
vn -0.5198 -0.2063 -0.8290
vn -0.9542 -0.2976 -0.0309
vn -0.7775 0.0276 0.6283
vn 0.5560 -0.5314 0.6391
vn 0.4762 -0.6404 0.6026
vn 0.3187 -0.7625 0.5630
vn 0.4427 -0.5674 0.6943
vn 0.6582 -0.4905 0.5711
vn 0.6739 0.1325 0.7269
vn 0.4411 0.0900 0.8929
vn 0.2953 -0.0872 -0.9514
vn 0.3607 -0.0242 -0.9324
vn -0.3930 -0.0350 -0.9189
vn 0.1758 0.0060 -0.9844
vn -0.5158 0.2536 0.8183
vn -0.6233 0.6257 0.4690
vn -0.6789 0.5727 0.4594
vn 0.2613 -0.2520 0.9318
vn 0.0044 -0.2584 0.9660
vn 0.0063 -0.2542 0.9671
vn 0.3831 -0.2431 0.8911
vn 0.6191 -0.2380 0.7483
vn 0.7585 -0.2933 0.5819
vn 0.6652 -0.0708 0.7433
vn 0.4014 -0.9042 -0.1460
vn 0.1590 -0.9656 0.2058
vn 0.0102 -0.9673 0.2533
vn 0.1625 -0.9842 -0.0704
vn -0.0141 0.0059 0.9999
vn -0.2198 0.0209 0.9753
vn -0.0063 0.0165 0.9998
vn 0.1951 0.0189 0.9806
vn 0.2363 0.0296 0.9712
vn -0.2476 0.0370 0.9682
vn 0.5877 0.1143 0.8010
vn 0.9120 -0.1189 0.3927
vn 0.9076 -0.0860 0.4110
vn 0.4252 -0.7645 0.4845
vn -0.0710 0.2399 0.9682
vn 0.4123 -0.2185 0.8845
vn -0.0196 -0.2977 -0.9544
vn 0.3418 -0.5322 -0.7745
vn 0.5617 -0.2488 -0.7891
vn 0.6224 -0.1009 -0.7762
vn 0.0727 0.1527 0.9856
vn 0.6247 0.0582 0.7787
vn 0.0396 0.1103 0.9931
vn -0.5813 0.1515 0.7995
vn -0.7004 0.1269 0.7023
vn -0.9787 0.0055 0.2051
vn -0.9262 -0.0817 0.3681
vn -0.9513 0.0381 0.3060
vn -0.9795 -0.0527 0.1943
vn -0.9859 0.0878 0.1425
vn -0.9454 0.0299 0.3246
vn -0.9584 -0.0434 0.2822
vn -0.9683 0.1034 0.2272
vn 0.8258 -0.5151 -0.2296
vn 0.5575 -0.3639 0.7462
vn 0.6274 -0.1309 0.7676
vn 0.7764 -0.0765 0.6256
vn 0.9421 -0.2832 -0.1798
vn 0.3495 -0.3229 -0.8796
vn 0.4982 -0.7870 -0.3640
vn 0.2166 -0.4787 -0.8509
vn 0.3527 -0.1223 -0.9277
vn -0.0361 -0.1248 -0.9915
vn 0.1970 0.2082 -0.9580
vn 0.2375 -0.2272 -0.9445
vn 0.6049 -0.1700 -0.7780
vn -0.6277 -0.0683 -0.7755
vn -0.6841 -0.0855 -0.7243
vn -0.6855 -0.0998 -0.7212
vn -0.4629 -0.8772 -0.1273
vn -0.9209 -0.3708 0.1205
vn -0.1545 -0.9410 0.3011
vn 0.5384 -0.8286 -0.1534
vn -0.7878 -0.5262 -0.3202
vn 0.8840 0.1181 -0.4523
vn 0.2485 0.0178 -0.9685
vn 0.2912 0.0985 -0.9516
vn 0.8571 0.0091 -0.5150
vn 0.3353 0.1895 -0.9228
vn 0.7210 0.6883 -0.0801
vn 0.7274 0.6730 0.1338
vn 0.7998 0.5266 -0.2883
vn 0.5678 0.7556 0.3265
vn 0.5119 0.7643 0.3923
vn 0.6950 0.3233 -0.6423
vn 0.7450 0.6551 -0.1256
vn -0.7439 -0.1426 -0.6529
vn -0.6672 -0.1177 -0.7355
vn -0.7036 -0.1378 -0.6971
vn -0.7049 -0.1110 -0.7005
vn -0.7638 -0.1626 -0.6247
vn -0.5664 0.5157 0.6428
vn -0.6279 0.3729 0.6831
vn -0.3778 0.5523 0.7431
vn -0.6179 0.3250 0.7160
vn -0.5397 0.2499 0.8039
vn -0.2690 0.5297 0.8044
vn -0.4559 0.5245 0.7191
vn -0.9992 0.0249 0.0301
vn -0.8040 -0.0358 0.5936
vn -0.8156 -0.0650 0.5750
vn -0.9928 0.0945 0.0741
vn -0.8573 0.1341 -0.4971
vn -0.8416 0.1322 -0.5237
vn -0.9983 0.0470 0.0340
vn 0.8059 -0.0957 0.5842
vn 0.6888 -0.1119 0.7163
vn 0.6053 0.1975 0.7711
vn 0.6486 -0.3068 0.6966
vn 0.5901 0.2330 0.7730
vn 0.6474 -0.2585 0.7170
vn 0.8200 0.5122 -0.2554
vn 0.6663 -0.0277 -0.7452
vn 0.6561 0.2216 -0.7215
vn 0.9427 0.3296 -0.0520
vn 0.8853 0.4590 -0.0744
vn -0.1888 -0.2336 0.9538
vn -0.4999 0.1651 0.8502
vn -0.3583 -0.2361 0.9033
vn -0.3145 0.1076 0.9431
vn -0.0465 0.1480 0.9879
vn -0.0087 -0.2328 0.9725
vn -0.2584 0.1733 0.9504
vn 0.8713 -0.4638 0.1605
vn 0.1079 -0.8155 -0.5686
vn 0.9063 -0.4225 0.0079
vn 0.6191 0.1649 0.7678
vn 0.2053 -0.6782 -0.7056
vn 0.9891 0.0716 0.1285
vn 0.9784 0.0027 0.2067
vn 0.9396 0.0243 0.3415
vn 0.9923 0.0940 -0.0802
vn 0.9734 -0.0460 0.2246
vn 0.8281 0.5185 0.2130
vn 0.9867 -0.0671 0.1483
vn -0.7167 -0.2218 0.6611
vn -0.7716 -0.2487 0.5855
vn -0.3314 -0.2067 0.9206
vn -0.4729 -0.0223 0.8808
vn -0.7696 -0.0002 0.6386
vn -0.8772 -0.3272 0.3513
vn -0.2295 -0.1283 0.9648
vn -0.5982 -0.1418 -0.7887
vn -0.6531 0.3880 -0.6503
vn -0.3508 -0.0199 -0.9362
vn -0.2536 -0.5823 -0.7724
vn 0.6870 -0.1074 -0.7187
vn 0.6929 -0.0839 -0.7161
vn 0.6069 -0.0855 -0.7902
vn 0.6234 -0.1049 -0.7748
vn 0.6721 -0.1243 -0.7300
vn -0.0809 0.3097 -0.9474
vn 0.0458 0.4276 -0.9028
vn -0.1169 0.0678 -0.9908
vn 0.0717 0.6182 -0.7827
vn -0.6070 0.2327 0.7599
vn -0.9045 -0.3719 0.2088
vn -0.8377 -0.5448 -0.0383
vn -0.5078 0.3680 0.7789
vn 0.0485 0.4872 0.8719
vn 0.2434 0.4423 0.8632
vn 0.3462 0.5353 0.7705
vn -0.6935 -0.0712 0.7170
vn -0.9379 0.3245 -0.1223
vn -0.9224 0.2021 0.3291
vn -0.7313 0.6820 -0.0091
vn -0.6774 0.7348 -0.0348
vn -0.4814 0.1880 -0.8561
vn -0.3847 0.2584 -0.8861
vn -0.1482 0.1871 -0.9711
vn -0.0550 -0.0031 -0.9985
vn -0.7161 0.2348 -0.6574
vn -0.8215 0.2564 -0.5093
vn 0.5733 0.1564 0.8043
vn 0.3864 0.3833 0.8389
vn 0.6054 0.1451 0.7826
vn 0.4630 0.3854 0.7982
vn -0.8082 0.1607 0.5665
vn -0.9616 -0.2078 0.1794
vn -0.9983 0.0343 0.0470
vn -0.8300 -0.0162 0.5576
vn -0.9895 0.0108 0.1444
vn -0.3812 0.2055 0.9014
vn 0.2330 0.0991 0.9674
vn -0.2198 0.4143 0.8832
vn 0.7464 0.6111 -0.2635
vn 0.3186 -0.2351 0.9183
vn 0.5107 -0.4018 0.7601
vn 0.4150 -0.8913 -0.1830
vn 0.4573 -0.8804 -0.1254
vn 0.4472 -0.8638 -0.2322
vn 0.4719 -0.8585 -0.2009
vn 0.3542 -0.7681 -0.5334
vn 0.1572 -0.9583 -0.2384
vn 0.8797 0.1490 0.4516
vn 0.6887 -0.6252 0.3673
vn 0.6810 -0.6683 0.2992
vn 0.8694 -0.0665 0.4896
vn 0.8539 0.2883 0.4334
vn -0.2479 -0.7126 -0.6563
vn -0.6105 -0.6934 0.3829
vn -0.1751 -0.6367 -0.7510
vn -0.1773 -0.6928 -0.6989
vn -0.4984 -0.7739 0.3907
vn -0.0777 -0.5534 -0.8293
vn 0.2937 0.9330 0.2081
vn 0.3561 0.9219 0.1524
vn 0.7446 0.5876 0.3165
vn 0.3373 0.8530 0.3982
vn 0.7351 0.5793 0.3523
vn 0.7949 0.5713 0.2043
vn 0.5707 0.7226 0.3900
vn -0.7743 -0.1364 0.6180
vn -0.3111 -0.1787 0.9334
vn -0.9976 -0.0422 0.0547
vn -0.5735 -0.4499 0.6846
vn -0.9751 -0.2164 0.0480
vn -0.3661 0.8261 -0.4285
vn -0.5996 0.7994 0.0386
vn -0.1796 0.9817 0.0628
vn -0.0454 0.9937 -0.1028
vn -0.1342 0.6792 -0.7216
vn -0.4822 0.8623 -0.1549
vn 0.0632 -0.9973 0.0386
vn 0.7395 -0.2926 0.6062
vn -0.3710 -0.1333 0.9190
vn -0.8708 -0.2424 0.4276
vn -0.9419 -0.3339 -0.0359
vn 0.8600 -0.4412 -0.2564
vn -0.0035 -0.5086 -0.8610
vn -0.5328 0.8434 -0.0689
vn -0.9427 0.2360 0.2357
vn -0.8002 0.1446 0.5820
vn -0.2912 0.8222 -0.4890
vn -0.3652 0.7963 -0.4822
vn -0.7735 0.6221 -0.1210
vn -0.3425 0.8551 0.3892
vn 0.9261 0.2228 -0.3043
vn 0.8616 0.2773 -0.4251
vn 0.9136 0.3433 -0.2179
vn -0.6641 -0.3863 -0.6401
vn -0.3943 -0.3414 -0.8532
vn -0.7122 -0.1224 -0.6912
vn 0.8640 0.0429 -0.5016
vn 0.9990 -0.0327 0.0321
vn 0.8521 -0.3120 0.4201
vn 0.6700 0.5912 0.4490
vn 0.5493 0.7049 0.4488
vn 0.7940 0.6078 -0.0106
vn 0.6051 0.6827 0.4096
vn 0.2702 0.4675 0.8417
vn 0.7967 0.6043 -0.0146
vn 0.7102 0.2349 -0.6637
vn 0.7278 0.1941 -0.6577
vn 0.3138 0.2436 -0.9177
vn 0.2498 0.3159 -0.9153
vn 0.4305 0.3868 -0.8155
vn 0.9303 0.1964 -0.3098
vn 0.8163 0.3526 -0.4576
vn -0.9491 -0.0176 0.3145
vn -0.8972 -0.2052 0.3910
vn -0.8769 0.1688 0.4500
vn -0.9540 -0.0212 0.2992
vn 0.4928 -0.5871 0.6423
vn 0.4803 -0.7575 0.4422
vn 0.5270 0.1719 0.8323
vn 0.9973 -0.0723 -0.0081
vn 0.9875 0.1536 0.0360
vn 0.4304 0.3231 0.8428
vn -0.4280 0.0266 0.9034
vn 0.4605 0.0216 0.8874
vn -0.1860 0.2356 0.9539
vn -0.5200 0.2250 0.8240
vn -0.4863 0.2312 0.8427
vn -0.1279 0.2513 0.9594
vn -0.5234 -0.5127 0.6806
vn 0.0176 0.2895 0.9570
vn 0.0855 -0.6695 0.7379
vn -0.7534 0.6069 0.2531
vn -0.8690 0.2306 0.4377
vn -0.4919 0.3535 0.7957
vn 0.0717 -0.0529 -0.9960
vn -0.5939 0.5876 0.5496
vn 0.0964 0.0720 -0.9927
vn 0.8457 0.5295 0.0663
vn 0.9066 0.4115 -0.0931
vn 0.7713 0.6353 0.0387
vn 0.9797 0.1920 0.0570
vn 0.8310 0.5361 0.1481
vn -0.8505 0.5213 0.0692
vn -0.4818 0.8683 -0.1181
vn -0.7197 0.5289 -0.4498
vn -0.7515 0.5959 -0.2831
vn -0.6142 0.6922 0.3789
vn -0.7187 0.5684 0.4005
vn -0.8938 0.3840 -0.2315
vn -0.7696 0.5801 -0.2666
vn -0.7043 0.1778 -0.6872
vn -0.9397 0.3016 -0.1610
vn -0.0476 0.3489 0.9360
vn -0.2620 0.3405 0.9030
vn 0.2434 0.3637 0.8992
vn 0.1513 0.3074 0.9395
vn 0.9931 0.0866 0.0793
vn 0.8484 0.1345 -0.5120
vn 0.9992 0.0202 0.0332
vn 0.8182 0.0303 0.5742
vn 0.8035 -0.0411 0.5939
vn -0.5548 -0.0379 0.8311
vn -0.7223 -0.3379 0.6034
vn -0.8993 -0.3663 0.2389
vn -0.6068 0.1182 0.7860
vn -0.6501 0.0747 0.7562
vn 0.7657 -0.0010 0.6431
vn 0.6318 0.5720 0.5231
vn 0.4735 -0.0473 0.8795
vn 0.9488 0.0598 0.3101
vn 0.9921 0.0559 0.1124
vn -0.1315 -0.8069 -0.5759
vn 0.0290 -0.8950 -0.4451
vn 0.6209 0.0682 0.7809
vn -0.9823 0.0550 -0.1791
vn -0.9796 -0.0251 0.1996
vn -0.6258 0.0888 0.7749
vn -0.6954 0.0903 0.7130
vn -0.6847 0.1031 0.7215
vn -0.4591 -0.8062 0.3733
vn 0.4920 -0.8662 -0.0872
vn -0.5152 -0.8423 -0.1588
vn -0.5531 -0.7704 0.3171
vn -0.2936 -0.5285 0.7966
vn -0.1789 -0.5507 0.8153
vn 0.3481 0.3402 0.8736
vn 0.9035 0.1893 0.3846
vn 0.9393 0.3129 0.1409
vn -0.8186 -0.0999 0.5656
vn 0.0916 0.1657 0.9819
vn -0.0935 -0.0658 -0.9934
vn -0.1259 -0.1529 -0.9802
vn -0.2610 -0.1413 -0.9549
vn 0.9751 -0.2168 0.0467
vn 0.8241 -0.0416 -0.5649
vn 0.6055 -0.5330 -0.5910
vn 0.0558 -0.9930 0.1045
vn 0.0392 -0.9411 -0.3359
vn 0.7612 -0.1356 0.6342
vn 0.9975 -0.0290 0.0641
vn 0.5368 0.4547 0.7107
vn 0.5245 0.4944 0.6931
vn 0.3587 0.4053 0.8409
vn 0.3448 0.5724 0.7439
vn 0.5825 0.4552 0.6734
vn 0.5303 0.3773 0.7593
vn -0.2972 0.0930 -0.9503
vn -0.8220 0.0335 -0.5686
vn -0.3246 0.1931 -0.9259
vn 0.7791 0.5393 -0.3196
vn 0.7911 0.5042 -0.3463
vn 0.5502 -0.7534 0.3600
vn -0.8983 0.2148 0.3834
vn -0.9798 0.0274 -0.1983
vn -0.7414 0.6694 -0.0471
vn -0.9503 0.0043 0.3112
vn -0.5362 0.4920 0.6859
vn 0.1616 0.9822 0.0962
vn -0.7604 -0.0817 0.6442
vn -0.5110 -0.3914 0.7653
vn -0.5306 -0.8464 -0.0460
vn -0.2657 -0.6454 -0.7161
vn -0.9606 -0.2743 0.0454
vn -0.6310 0.0650 0.7731
vn -0.1764 -0.0057 0.9843
vn -0.2007 0.0960 0.9749
vn -0.0100 0.0602 0.9981
vn -0.3363 0.0380 0.9410
vn -0.2850 0.0492 0.9573
vn 0.0077 -0.0484 0.9988
vn 0.9446 -0.0307 0.3269
vn 0.9304 -0.0021 0.3665
vn 0.9745 -0.0264 0.2227
vn 0.9478 -0.1558 0.2782
vn 0.8730 0.0563 0.4845
vn 0.9014 -0.2316 0.3658
vn 0.1958 -0.1653 0.9666
vn -0.6346 0.5410 -0.5519
vn -0.7519 0.6562 -0.0643
vn -0.0290 -0.4475 -0.8938
vn 0.6660 -0.5737 -0.4768
vn -0.8278 0.1171 -0.5487
vn -0.2398 -0.6750 -0.6977
vn 0.9613 -0.0974 -0.2578
vn 0.8229 0.0339 -0.5671
vn 0.8242 -0.2915 -0.4855
vn 0.9830 -0.0887 0.1607
vn 0.9847 0.1205 -0.1258
vn -0.9004 -0.3113 -0.3040
vn -0.8858 -0.3176 0.3383
vn -0.3343 -0.6421 0.6899
vn -0.9288 -0.0899 0.3596
vn -0.9915 -0.1285 0.0205
vn 0.4097 0.6231 0.6662
vn 0.1967 0.5820 0.7890
vn 0.0565 0.7803 0.6228
vn 0.6148 0.4775 0.6277
vn 0.0205 0.2256 -0.9740
vn -0.0862 0.2513 -0.9641
vn -0.1284 0.2536 -0.9587
vn 0.0687 0.2474 -0.9665
vn -0.6128 0.5012 0.6110
vn -0.5608 -0.1438 0.8153
vn 0.0713 0.2484 0.9660
vn -0.7664 0.6289 0.1309
vn -0.3596 0.2884 0.8874
vn 0.3853 0.8847 -0.2626
vn 0.4326 0.8670 -0.2475
vn 0.2947 0.8231 -0.4855
vn -0.0746 0.9900 -0.1202
vn 0.1606 0.9590 -0.2336
vn -0.1919 0.9209 -0.3393
vn 0.4739 0.0280 0.8801
vn -0.4219 0.0107 0.9066
vn 0.4899 -0.0222 0.8715
vn 0.9383 0.0302 0.3446
vn 0.5175 0.0712 0.8527
vn -0.4475 0.7021 0.5539
vn -0.5140 0.8334 0.2030
vn -0.5387 0.7056 0.4604
vn -0.5487 0.5370 0.6407
vn -0.0292 0.9332 0.3581
vn -0.1835 0.5982 0.7801
vn 0.0727 0.7835 0.6172
vn 0.3018 -0.2046 -0.9311
vn -0.2888 0.0754 -0.9544
vn 0.2850 0.0950 -0.9538
vn 0.2628 -0.2644 -0.9279
vn -0.2667 -0.2567 -0.9290
vn 0.8180 -0.3675 -0.4426
vn 0.8888 -0.1598 -0.4295
vn -0.3335 -0.0367 0.9420
vn 0.0257 -0.0457 0.9986
vn -0.3216 -0.4272 0.8450
vn 0.1890 0.4693 0.8626
vn -0.9482 -0.2660 0.1737
vn -0.8976 -0.3785 0.2261
vn -0.9198 -0.2208 0.3244
vn -0.9215 -0.3757 0.0987
vn -0.9409 -0.2223 0.2557
vn -0.4904 0.0923 0.8666
vn -0.4815 -0.1271 0.8672
vn -0.3590 0.2561 0.8975
vn -0.3602 0.3007 0.8831
vn -0.9338 0.2930 0.2053
vn -0.8814 0.0917 -0.4633
vn -0.9734 -0.2148 0.0794
vn -0.8219 0.0016 0.5697
vn 0.8670 -0.4518 0.2103
vn 0.9246 -0.3630 0.1152
vn 0.1265 -0.1888 0.9738
vn 0.5484 -0.5796 0.6027
vn 0.8715 -0.4503 0.1942
vn 0.0715 -0.6086 -0.7902
vn -0.3042 -0.8309 0.4660
vn -0.3475 0.1984 0.9165
vn -0.5986 -0.2284 0.7678
vn -0.1114 -0.7951 0.5961
vn -0.2934 -0.8540 0.4296
vn -0.3049 -0.8791 0.3664
vn -0.2789 -0.2275 0.9330
vn -0.4289 0.1091 0.8968
vn -0.4180 0.0868 0.9043
vn -0.1443 0.0918 0.9853
vn -0.6494 0.1201 0.7509
vn 0.7588 0.2625 0.5961
vn 0.8909 -0.1394 0.4322
vn 0.4850 0.6292 0.6074
vn -0.8780 0.4158 0.2372
vn -0.8678 -0.4884 0.0915
vn -0.3250 -0.8998 0.2911
vn 0.2053 -0.9083 0.3644
vn 0.3044 -0.6760 0.6711
vn -0.9519 0.2961 0.0796
vn -0.1804 -0.9740 0.1371
vn -0.7943 0.4142 0.4444
vn -0.3771 0.0563 0.9244
vn 0.4366 -0.1704 -0.8834
vn -0.2113 -0.4866 -0.8477
vn 0.8231 -0.3565 -0.4420
vn -0.9207 -0.3865 -0.0534
vn -0.2313 0.7704 -0.5941
vn -0.5860 0.7765 -0.2315
vn 0.0410 0.5845 -0.8103
vn 0.0044 0.6961 -0.7179
vn -0.2615 0.4238 -0.8672
vn 0.1436 -0.9835 -0.1103
vn 0.2420 -0.9699 -0.0254
vn -0.0036 -0.9996 -0.0269
vn 0.0010 -0.9995 -0.0320
vn 0.6718 -0.3071 -0.6741
vn 0.7183 -0.5653 -0.4055
vn 0.3059 -0.8213 -0.4816
vn 0.3829 0.1437 0.9125
vn 0.3785 -0.6726 0.6358
vn 0.2622 -0.9186 0.2955
vn 0.1285 -0.9389 -0.3194
vn 0.2737 -0.9266 -0.2579
vn 0.0368 -0.9987 -0.0344
vn -0.6804 -0.1884 0.7082
vn -0.4253 0.2713 0.8634
vn -0.4597 -0.0353 0.8874
vn -0.5807 -0.4273 0.6929
vn -0.8201 -0.2059 0.5339
vn -0.6058 -0.0227 0.7953
vn -0.1514 -0.4660 -0.8718
vn 0.0211 -0.9946 -0.1019
vn 0.0541 -0.8605 0.5065
vn -0.0306 -0.9856 -0.1660
vn -0.4586 -0.8822 -0.1064
vn 0.9999 0.0053 0.0105
vn 0.1097 0.2098 0.9716
vn -0.2376 0.1000 0.9662
vn 0.0077 0.1625 0.9867
vn -0.2462 -0.1263 0.9610
vn -0.1740 -0.0683 0.9824
vn -0.1892 -0.1599 0.9688
vn 0.4150 -0.1709 0.8936
vn 0.0876 0.0056 -0.9961
vn 0.3827 0.4024 -0.8316
vn 0.1534 0.1858 -0.9705
vn 0.3588 0.3818 -0.8518
vn 0.2468 -0.3941 -0.8853
vn -0.1840 -0.3515 -0.9179
vn -0.2727 0.3229 0.9063
vn -0.2745 0.6548 0.7042
vn -0.4119 0.1873 0.8918
vn -0.7965 0.5488 -0.2538
vn -0.9336 -0.1614 0.3199
vn -0.8944 0.3349 0.2966
vn 0.1472 -0.5243 -0.8387
vn 0.1410 -0.5671 -0.8115
vn 0.1532 -0.5231 -0.8384
vn 0.2328 -0.6751 -0.7000
vn 0.1375 -0.6111 -0.7795
vn -0.6081 0.5982 0.5219
vn -0.4233 0.7109 0.5616
vn -0.1472 0.8397 0.5227
vn -0.5840 0.6189 0.5253
vn -0.4352 0.0476 0.8991
vn -0.2112 -0.0200 0.9772
vn -0.4282 0.0350 0.9030
vn 0.9576 -0.2354 0.1662
vn 0.8592 -0.1139 0.4989
vn 0.8546 -0.1770 0.4882
vn -0.2024 -0.7180 -0.6660
vn 0.9544 -0.1076 0.2786
vn 0.4009 0.0557 0.9144
vn 0.6069 0.0732 0.7914
vn 0.3751 0.0419 0.9260
vn 0.6316 0.0894 0.7701
vn 0.1928 0.0268 0.9809
vn 0.6264 -0.5221 0.5789
vn 0.5185 -0.7131 0.4719
vn 0.4744 -0.2475 0.8448
vn 0.4160 -0.2932 0.8608
vn -0.2101 0.5149 0.8311
vn -0.9810 0.1648 -0.1023
vn -0.3309 0.5301 0.7807
vn 0.9327 -0.0291 0.3595
vn 0.9326 0.0352 0.3592
vn 0.9620 -0.0385 0.2705
vn 0.6837 0.1061 0.7220
vn 0.6982 0.0902 0.7102
vn 0.0031 -0.1280 -0.9918
vn 0.9707 -0.1067 0.2154
vn -0.5743 -0.7193 0.3910
vn -0.7657 0.5476 -0.3373
vn -0.4401 -0.8979 -0.0056
vn -0.7586 0.5908 -0.2749
vn -0.7080 0.5897 -0.3886
vn 0.3972 0.2108 -0.8932
vn 0.7449 0.2068 -0.6344
vn -0.0038 0.2206 -0.9754
vn 0.2518 0.2132 -0.9440
vn 0.6316 0.2030 -0.7482
vn -0.7538 -0.0371 0.6561
vn -0.6304 0.0453 0.7749
vn -0.8985 -0.1399 -0.4162
vn -0.7608 -0.1910 0.6203
vn 0.9279 -0.2304 0.2931
vn 0.9034 -0.2214 0.3671
vn 0.9504 -0.2231 0.2165
vn 0.8688 -0.2041 0.4511
vn 0.1231 0.2841 0.9509
vn 0.2438 0.4464 0.8610
vn 0.0741 0.5008 0.8624
vn -0.1616 0.5276 0.8339
vn 0.0604 0.6382 0.7675
vn 0.1804 -0.9571 -0.2269
vn -0.2289 -0.9725 0.0428
vn -0.1637 -0.9824 -0.0898
vn -0.1807 -0.4255 -0.8867
vn 0.4623 0.0251 -0.8864
vn 0.8894 0.0581 -0.4534
vn -0.4356 0.8982 0.0591
vn 0.5629 -0.1922 -0.8039
vn 0.3270 -0.1488 -0.9333
vn 0.7687 -0.0848 -0.6339
vn 0.4730 -0.0862 0.8768
vn 0.8271 -0.1414 0.5440
vn -0.1583 -0.2920 0.9432
vn 0.5422 -0.2560 0.8003
vn 0.8547 -0.0595 0.5158
vn 0.8766 0.1456 -0.4586
vn 0.3895 -0.1713 -0.9049
vn 0.5088 0.0750 0.8576
vn 0.7975 0.1544 0.5832
vn -0.6132 -0.1786 -0.7694
vn -0.7225 0.2002 -0.6618
vn -0.8825 -0.1050 -0.4585
vn -0.6831 -0.2379 -0.6904
vn -0.2649 -0.1782 -0.9477
vn -0.9577 0.1905 -0.2155
vn 0.2706 -0.3209 -0.9076
vn 0.1546 -0.2662 -0.9514
vn -0.1716 -0.5789 -0.7971
vn 0.7279 -0.2437 -0.6410
vn 0.8536 -0.3815 -0.3547
vn -0.1020 -0.3207 -0.9417
vn -0.1099 -0.9896 -0.0932
vn -0.8901 -0.4167 0.1845
vn -0.2212 -0.7182 -0.6598
vn -0.7388 0.0813 0.6690
vn -0.5352 -0.0820 0.8407
vn -0.1317 -0.6675 -0.7328
vn 0.0440 -0.6781 -0.7337
vn -0.5565 -0.7909 -0.2544
vn -0.2135 -0.6123 -0.7613
vn -0.9499 0.2570 -0.1776
vn -0.9878 0.1467 0.0524
vn -0.9564 -0.1390 -0.2569
vn -0.9612 0.2729 -0.0410
vn -0.7637 0.2028 -0.6129
vn 0.3583 -0.2211 0.9071
vn 0.1427 -0.2934 0.9453
vn 0.1427 -0.2602 0.9550
vn 0.5413 -0.4903 0.6831
vn 0.5082 -0.3947 0.7654
vn -0.9877 -0.1412 0.0677
vn -0.8631 -0.0191 -0.5046
vn -0.9944 -0.0776 0.0719
vn -0.8285 -0.1521 0.5390
vn -0.9892 -0.1434 0.0296
vn -0.8655 -0.0243 -0.5003
vn -0.8934 0.1978 0.4033
vn -0.8701 -0.0773 0.4867
vn -0.3337 0.1680 0.9276
vn -0.9775 0.1764 -0.1156
vn -0.9677 -0.2352 0.0908
vn 0.2336 0.1016 0.9670
vn 0.0133 0.0738 0.9972
vn 0.2454 0.0701 0.9669
vn 0.3761 0.0693 0.9240
vn -0.4568 -0.8891 -0.0306
vn 0.2437 -0.8785 -0.4109
vn -0.3863 -0.9018 -0.1937
vn -0.4441 -0.8618 -0.2450
vn -0.6030 0.2002 0.7722
vn -0.6925 0.7133 -0.1080
vn -0.5693 0.5909 -0.5717
vn -0.4211 0.3166 -0.8499
vn 0.9535 -0.2887 -0.0866
vn 0.3401 -0.9387 0.0563
vn 0.2866 -0.4087 -0.8665
vn 0.8221 -0.0833 0.5632
vn 0.5381 -0.2496 0.8051
vn 0.8216 0.2948 -0.4878
vn 0.4018 0.2228 -0.8882
vn 0.0068 -0.3640 -0.9314
vn 0.1738 -0.2486 -0.9529
vn 0.2147 0.7670 -0.6047
vn 0.3506 0.9219 -0.1646
vn 0.9047 0.0684 -0.4204
vn -0.3754 0.0121 -0.9268
vn -0.1248 0.9048 -0.4072
vn 0.1269 -0.0465 0.9908
vn -0.0651 -0.2407 0.9684
vn -0.1887 -0.1966 0.9622
vn -0.2433 0.2536 0.9362
vn -0.3009 -0.8258 -0.4770
vn -0.6848 -0.2885 -0.6692
vn -0.4623 -0.1419 -0.8753
vn -0.1704 -0.6200 -0.7659
vn -0.1397 -0.9844 -0.1068
vn -0.3316 -0.7075 0.6241
vn -0.3454 0.2325 0.9092
vn -0.4738 0.1901 0.8599
vn -0.4673 -0.5957 0.6533
vn -0.2811 -0.6445 0.7110
vn -0.4953 -0.6221 0.6064
vn -0.3878 -0.8091 0.4415
vn -0.0993 -0.4044 -0.9092
vn -0.5728 0.2260 -0.7879
vn 0.5834 0.2960 0.7563
vn 0.8227 -0.0060 0.5685
vn 0.3719 0.3175 0.8723
vn 0.2689 0.1590 0.9499
vn 0.4440 0.1543 0.8826
vn 0.0359 0.0485 0.9982
vn 0.9903 0.1300 0.0485
vn 0.8230 0.1664 -0.5431
vn 0.5678 0.7266 -0.3869
vn 0.6544 0.7496 0.0990
vn 0.8643 -0.0369 0.5017
vn -0.4226 -0.8637 0.2747
vn -0.8483 -0.4622 -0.2583
vn -0.7986 -0.4759 0.3684
vn -0.4133 -0.7331 0.5402
vn 0.2644 -0.9629 -0.0532
vn 0.9881 0.1402 0.0634
vn 0.9679 0.1975 0.1556
vn -0.2134 -0.9769 0.0096
vn -0.1571 -0.9615 -0.2254
vn 0.1340 -0.9880 0.0762
vn 0.2221 -0.9695 -0.1037
vn 0.7302 0.3025 0.6126
vn -0.3198 0.0524 0.9460
vn 0.4076 0.1218 0.9050
vn -0.2260 0.0813 0.9707
vn -0.3905 0.8325 0.3929
vn -0.3507 0.5910 0.7265
vn -0.5210 0.7320 0.4390
vn -0.4091 0.9114 0.0447
vn -0.5191 0.8545 -0.0185
vn 0.3436 -0.8777 -0.3341
vn 0.2655 -0.4906 -0.8299
vn 0.8180 -0.1725 -0.5488
vn 0.8561 0.1896 -0.4808
vn 0.7213 0.5747 0.3866
vn 0.8262 0.3646 0.4295
vn 0.9050 0.3837 -0.1839
vn 0.8059 0.0516 -0.5898
vn -0.0524 -0.4456 -0.8937
vn 0.9072 -0.2372 0.3474
vn 0.9508 -0.2708 0.1502
vn 0.5409 0.2057 0.8155
vn -0.8333 0.3425 -0.4340
vn -0.9077 0.0157 -0.4194
vn -0.7560 -0.5031 -0.4188
vn 0.7952 0.5301 -0.2943
vn 0.7902 0.5420 -0.2860
vn 0.7717 0.5550 -0.3105
vn -0.7681 -0.6110 0.1918
vn 0.3248 0.0052 0.9458
vn 0.3536 0.7190 0.5984
vn -0.1876 0.6748 0.7138
vn 0.4203 -0.2177 0.8809
vn -0.2308 -0.0379 -0.9723
vn -0.2500 -0.3129 -0.9163
vn -0.4868 -0.4717 -0.7352
vn 0.1047 -0.2048 -0.9732
vn 0.2764 0.1069 -0.9551
vn 0.8851 -0.0172 -0.4650
vn 0.4604 0.0764 0.8844
vn 0.5375 -0.2454 0.8068
vn 0.4964 0.3841 0.7785
vn 0.7503 0.4253 -0.5061
vn 0.9404 0.3219 0.1096
vn 0.9547 -0.0567 0.2920
vn -0.4452 0.5918 0.6719
vn -0.6598 -0.0569 0.7493
vn -0.5063 0.1555 -0.8482
vn -0.3848 -0.0362 -0.9223
vn 0.8800 -0.2888 0.3771
vn 0.7069 -0.3347 0.6232
vn 0.6269 -0.4212 0.6554
vn -0.9590 -0.2514 -0.1305
vn -0.3937 -0.3338 -0.8565
vn 0.7121 -0.2688 -0.6486
vn 0.1961 0.5251 0.8282
vn 0.0837 0.2936 0.9522
vn 0.2286 0.2547 0.9396
vn 0.2939 0.5314 0.7945
vn -0.8968 0.1253 0.4242
vn -0.6711 0.2374 0.7024
vn 0.9634 0.0436 -0.2645
vn 0.9397 0.2385 -0.2452
vn 0.9840 -0.1520 -0.0925
vn -0.2260 -0.0365 -0.9735
vn -0.1125 -0.0418 -0.9928
vn -0.1593 -0.0801 -0.9840
vn -0.1809 -0.0196 -0.9833
vn -0.3807 -0.0440 -0.9237
vn -0.3464 0.8285 0.4400
vn -0.6419 0.5992 -0.4784
vn -0.6555 0.7548 -0.0231
vn -0.5074 0.2403 0.8275
vn -0.3903 -0.1105 0.9140
vn 0.0416 -0.2307 -0.9721
vn -0.5472 -0.0340 0.8363
vn -0.4389 0.0501 0.8971
vn -0.5393 -0.4829 0.6899
vn -0.4544 0.1128 0.8836
vn -0.2255 -0.2603 0.9388
vn 0.9352 0.0053 0.3540
vn -0.8812 -0.0155 -0.4725
vn -0.9033 -0.1642 0.3964
vn -0.8931 -0.2842 0.3486
vn -0.7144 -0.1836 0.6753
vn -0.9699 -0.2279 0.0854
vn -0.6182 -0.4301 0.6579
vn -0.7655 0.1702 0.6206
vn -0.9512 0.1810 0.2498
vn -0.4701 0.3237 0.8211
vn 0.6896 -0.1649 0.7052
vn -0.7380 0.2555 0.6245
vn -0.0968 -0.5379 -0.8374
vn 0.1414 -0.8534 0.5016
vn -0.2200 -0.6824 -0.6971
vn -0.0410 -0.7409 -0.6704
vn -0.1159 -0.6210 -0.7752
vn -0.1687 -0.5066 -0.8455
vn -0.3930 -0.7388 -0.5474
vn 0.2601 0.8216 0.5072
vn 0.3094 0.4554 0.8348
vn 0.7150 0.5166 0.4710
vn 0.1306 0.9812 0.1419
vn -0.2669 0.7824 0.5627
vn -0.5535 -0.6746 0.4885
vn -0.5651 -0.7011 0.4348
vn -0.6647 -0.7471 -0.0099
vn -0.3858 -0.3468 0.8549
vn -0.5422 -0.5354 0.6476
vn -0.4600 -0.4612 0.7588
vn 0.1666 0.0613 0.9841
vn 0.4183 0.1131 0.9012
vn 0.1479 0.1010 0.9838
vn 0.2538 0.0126 0.9672
vn -0.9691 -0.2433 0.0411
vn -0.8753 -0.1409 0.4626
vn -0.9568 -0.1588 0.2437
vn 0.1579 -0.0386 -0.9867
vn 0.2844 -0.3990 -0.8717
vn -0.9345 -0.3066 0.1809
vn -0.0469 -0.6874 -0.7248
vn 0.0442 -0.7113 -0.7015
vn -0.0194 -0.5767 -0.8168
vn -0.8437 -0.4835 -0.2332
vn -0.2341 -0.8543 -0.4641
vn -0.8841 0.0936 0.4579
vn -0.9551 -0.2948 -0.0291
vn -0.8569 -0.2749 -0.4360
vn -0.8983 -0.0092 -0.4392
vn -0.9155 -0.3135 0.2523
vn -0.9865 -0.1143 -0.1176
vn -0.9853 0.1603 0.0586
vn -0.2106 -0.0104 -0.9775
vn 0.5040 0.1024 -0.8576
vn 0.4569 -0.4430 0.7713
vn 0.4584 -0.8251 0.3302
vn 0.4306 -0.8989 -0.0810
vn 0.0931 -0.9870 -0.1310
vn -0.2430 -0.7885 -0.5649
vn 0.1858 -0.8715 -0.4538
vn 0.4571 -0.8894 0.0008
vn 0.2086 0.4090 0.8884
vn 0.5111 -0.0066 0.8595
vn 0.2673 0.1971 0.9432
vn 0.4372 0.5679 0.6973
vn 0.4653 0.3526 0.8119
vn 0.7862 0.0945 0.6108
vn 0.6438 0.2827 0.7110
vn 0.3076 0.1922 -0.9319
vn -0.6672 0.2494 0.7019
vn 0.2595 -0.0315 0.9652
vn -0.2172 -0.9761 -0.0119
vn 0.3197 0.0559 0.9459
vn -0.7715 -0.1794 0.6104
vn -0.7495 -0.5388 0.3845
vn -0.8261 -0.5620 -0.0416
vn -0.6661 -0.4048 -0.6265
vn -0.2722 -0.2578 0.9271
vn 0.5277 -0.1863 -0.8287
vn 0.5667 0.8041 0.1796
vn 0.3417 0.9275 -0.1516
vn 0.0872 0.9925 0.0855
vn 0.2307 0.7637 0.6029
vn 0.8042 0.4088 0.4314
vn -0.9299 -0.0174 -0.3675
vn -0.9528 -0.1464 -0.2658
vn -0.9870 0.1452 -0.0688
vn -0.7950 -0.2069 -0.5702
vn 0.8768 0.0187 -0.4805
vn -0.7959 0.5120 -0.3232
vn -0.8314 0.4606 -0.3108
vn -0.7562 0.5754 -0.3114
vn -0.7674 0.5539 -0.3229
vn -0.9510 -0.2802 -0.1309
vn -0.3260 -0.8098 -0.4878
vn -0.4374 0.3675 0.8207
vn -0.5643 -0.8226 0.0705
vn -0.9006 0.0400 -0.4329
vn -0.1534 -0.9861 -0.0642
vn -0.1098 -0.9849 0.1342
vn 0.0009 -0.9786 0.2056
vn -0.2731 -0.9280 -0.2534
vn -0.9277 0.1346 -0.3483
vn -0.9663 0.0588 -0.2507
vn 0.1969 0.4054 0.8927
vn 0.8586 0.4314 0.2770
vn -0.8692 -0.2186 0.4435
vn -0.7793 -0.1975 0.5947
vn -0.7380 -0.2432 0.6294
vn -0.8969 -0.2105 0.3889
vn -0.9204 -0.2303 0.3160
vn -0.6492 0.0333 0.7599
vn -0.4389 -0.8858 -0.1508
vn -0.5664 -0.1476 0.8108
vn 0.9079 -0.0718 0.4131
vn 0.8648 -0.1770 0.4700
vn 0.8365 -0.0326 0.5470
vn 0.8807 -0.1019 0.4625
vn -0.9204 -0.0959 0.3791
vn -0.5869 0.1233 0.8002
vn -0.9060 -0.0853 0.4147
vn -0.9846 0.1545 0.0816
vn -0.3670 -0.9130 0.1784
vn -0.4309 -0.7553 0.4938
vn -0.7691 -0.0168 -0.6389
vn -0.4561 -0.4111 -0.7893
vn -0.6576 0.0351 -0.7526
vn -0.5895 0.3375 0.7339
vn -0.9683 0.2120 -0.1322
vn -0.2190 0.5482 0.8072
vn 0.7557 0.1684 -0.6330
vn 0.7100 -0.5370 -0.4556
vn 0.7470 0.3379 0.5726
vn 0.9026 0.2723 0.3334
vn 0.1384 -0.9882 0.0649
vn 0.1681 -0.8584 0.4846
vn -0.6120 -0.7580 0.2254
vn -0.4623 -0.8739 -0.1499
vn -0.2175 -0.7391 -0.6375
vn 0.4898 -0.8620 -0.1309
vn 0.4226 0.0933 0.9015
vn 0.6433 0.0980 0.7593
vn -0.9090 0.2603 0.3256
vn -0.1906 -0.1451 0.9709
vn -0.2911 -0.0720 0.9540
vn -0.8257 0.0097 0.5640
vn -0.8237 -0.0452 0.5652
vn 0.3421 -0.1937 0.9195
vn 0.2655 -0.1739 0.9483
vn 0.3292 -0.2085 0.9209
vn 0.4107 0.7854 -0.4631
vn 0.4954 0.6966 -0.5190
vn 0.2634 0.7142 -0.6485
vn 0.4947 0.8682 -0.0400
vn 0.3872 0.9214 0.0344
vn -0.1370 0.3353 0.9321
vn 0.5477 0.5935 0.5897
vn -0.0897 0.9903 0.1059
vn 0.1020 0.9948 0.0009
vn -0.4616 0.8544 0.2387
vn 0.0628 0.8531 0.5179
vn 0.4509 0.7692 0.4528
vn -0.3934 0.2179 -0.8932
vn -0.6334 0.2058 -0.7459
vn -0.7645 0.2066 -0.6106
vn -0.2531 0.2082 -0.9448
vn 0.9476 0.0344 0.3177
vn -0.9373 -0.3268 0.1210
vn -0.8876 -0.1857 -0.4215
vn -0.8163 -0.3464 -0.4622
vn 0.0452 0.0970 0.9943
vn 0.0947 0.1065 0.9898
vn -0.0815 0.5153 0.8531
vn -0.3267 0.4264 0.8435
vn 0.1952 0.1279 0.9724
vn -0.8583 -0.2404 -0.4533
vn -0.8011 -0.2072 -0.5615
vn -0.5214 -0.2519 -0.8153
vn -0.8019 0.1222 -0.5848
vn 0.6917 -0.7158 0.0964
vn 0.3784 -0.8255 0.4187
vn 0.2827 -0.6853 -0.6711
vn 0.5333 -0.7409 -0.4083
vn 0.7192 -0.1064 -0.6866
vn -0.7356 -0.4999 0.4571
vn -0.5954 -0.4148 0.6881
vn -0.8395 0.2572 0.4786
vn -0.3259 -0.8677 0.3754
vn -0.9488 -0.0514 0.3118
vn -0.7604 -0.5178 0.3919
vn -0.8731 -0.3417 0.3478
vn -0.4896 0.0463 0.8707
vn 0.9825 0.1798 -0.0477
vn 0.8607 0.3584 -0.3616
vn 0.3651 0.0489 0.9297
vn 0.1680 0.0332 0.9852
vn 0.4089 0.0397 0.9117
vn 0.1540 0.0895 0.9840
vn 0.6185 0.0690 0.7827
vn 0.1358 0.0477 0.9896
vn -0.4886 0.7279 -0.4811
vn -0.7011 0.5387 0.4672
vn -0.9192 -0.3787 0.1079
vn 0.2170 -0.9720 -0.0901
vn 0.1628 -0.9857 0.0424
vn -0.2185 -0.9751 0.0388
vn -0.3794 0.0821 -0.9216
vn 0.5910 0.8040 0.0655
vn 0.2060 0.6724 0.7110
vn 0.1268 0.2784 0.9520
vn 0.1690 0.3570 0.9187
vn 0.2953 0.2945 -0.9089
vn 0.7048 0.2134 -0.6766
vn -0.7145 0.1806 0.6759
vn -0.4881 0.2925 0.8223
vn -0.8440 0.1459 0.5162
vn 0.7046 -0.3768 -0.6013
vn -0.4689 -0.2567 -0.8451
vn 0.0480 0.8295 -0.5564
vn 0.0543 0.9546 -0.2928
vn 0.0044 0.8045 -0.5940
vn 0.0496 0.8953 -0.4427
vn 0.8822 0.2316 0.4099
vn 0.2820 -0.0203 0.9592
vn 0.3836 0.4567 0.8026
vn 0.8645 -0.1005 0.4925
vn 0.9117 0.3577 0.2023
vn 0.9953 0.0411 -0.0877
vn 0.9874 -0.1143 0.1091
vn -0.4507 -0.2693 0.8511
vn -0.3244 -0.0337 0.9453
vn -0.2379 -0.2063 0.9491
vn -0.4279 0.0754 0.9007
vn -0.5164 -0.4208 0.7458
vn 0.9897 -0.1354 0.0473
vn 0.8468 -0.2366 0.4764
vn 0.9934 -0.0802 0.0826
vn 0.3155 0.1610 -0.9352
vn 0.6076 0.6420 -0.4676
vn 0.3317 0.2953 -0.8960
vn 0.1055 0.2548 -0.9612
vn -0.2196 -0.2062 -0.9535
vn -0.1413 -0.2149 -0.9663
vn -0.6315 -0.7721 0.0719
vn -0.4984 -0.5622 -0.6600
vn 0.0440 -0.8714 -0.4886
vn -0.8654 -0.4278 0.2607
vn -0.9352 -0.1940 0.2962
vn -0.1909 0.9217 0.3378
vn -0.6010 -0.7928 -0.1015
vn -0.5866 -0.6868 -0.4293
vn -0.6751 -0.7350 -0.0625
vn 0.0133 -0.3509 -0.9363
vn -0.4008 -0.2104 -0.8917
vn -0.9471 0.2986 0.1174
vn 0.4352 0.3711 0.8203
vn 0.6578 0.3285 0.6777
vn 0.4633 0.3238 0.8249
vn -0.2961 0.1321 -0.9460
vn -0.3839 0.1120 -0.9166
vn -0.1952 0.3358 0.9215
vn -0.5239 0.6867 0.5039
vn -0.2121 0.4425 0.8713
vn 0.1812 0.0245 0.9831
vn -0.6790 -0.0707 -0.7307
vn -0.2173 0.1160 -0.9692
vn -0.8653 0.1415 -0.4809
vn 0.7919 -0.3610 0.4925
vn 0.4518 -0.2417 -0.8587
vn 0.5881 -0.2767 -0.7600
vn 0.8132 0.3958 -0.4267
vn 0.0699 -0.4061 -0.9111
vn -0.4892 0.3311 0.8069
vn -0.5195 0.0888 0.8498
vn 0.0028 0.0992 0.9951
vn -0.1608 0.0845 0.9834
vn -0.0048 0.0923 0.9957
vn 0.9833 0.0956 -0.1546
vn 0.9204 -0.2359 -0.3118
vn 0.9683 -0.2098 -0.1359
vn 0.9401 0.1487 0.3068
vn 0.3119 0.1703 0.9347
vn 0.4552 -0.0704 0.8876
vn 0.6379 -0.6904 -0.3414
vn 0.4562 -0.5463 -0.7024
vn 0.6022 -0.7287 -0.3261
vn 0.3325 -0.5969 -0.7302
vn 0.6472 -0.7593 -0.0681
vn 0.6989 -0.3732 0.6101
vn 0.1730 0.3086 0.9353
vn 0.8199 -0.3130 0.4793
vn 0.2150 0.2249 0.9503
vn 0.5004 -0.8646 0.0454
vn 0.5995 -0.7880 -0.1398
vn 0.8134 -0.5403 -0.2155
vn 0.8959 -0.2746 -0.3491
vn 0.3808 -0.5321 -0.7562
vn -0.1095 -0.5278 -0.8423
vn -0.2050 -0.8042 -0.5579
vn -0.4395 -0.6700 -0.5983
vn -0.4954 0.0877 -0.8642
vn -0.4782 0.0251 -0.8779
vn 0.2215 -0.3959 -0.8912
vn -0.2871 0.5611 0.7764
vn -0.0151 0.5499 0.8351
vn -0.4573 0.3816 0.8033
vn -0.8304 0.2715 0.4865
vn 0.1473 0.7021 0.6966
vn -0.6202 -0.5208 -0.5866
vn 0.0002 -0.5899 -0.8075
vn -0.8249 -0.0570 -0.5624
vn -0.5005 0.4110 0.7620
vn -0.4680 0.3829 0.7965
vn -0.7620 0.2167 0.6102
vn -0.8549 0.2559 -0.4513
vn -0.9281 0.2099 -0.3076
vn -0.8477 0.4761 -0.2339
vn -0.9026 0.3529 -0.2465
vn 0.0787 -0.1289 -0.9885
vn 0.1409 -0.2434 -0.9596
vn -0.4148 -0.9092 -0.0369
vn -0.8654 -0.4835 0.1320
vn -0.1135 0.5262 0.8428
vn -0.2577 0.7893 0.5574
vn -0.7032 0.1850 -0.6865
vn -0.2972 0.2699 -0.9159
vn 0.8363 0.2268 0.4992
vn 0.8940 -0.1590 0.4190
vn -0.3294 -0.9413 0.0740
vn -0.6755 0.1686 0.7178
vn -0.6187 0.1115 0.7776
vn -0.4013 0.3326 0.8534
vn -0.8678 -0.0263 0.4962
vn -0.6138 0.3391 0.7129
vn 0.4659 -0.8395 0.2796
vn 0.4555 -0.7426 0.4910
vn 0.0400 -0.9433 0.3296
vn 0.1416 -0.6929 -0.7070
vn 0.1470 -0.0424 -0.9882
vn 0.3684 -0.0497 -0.9283
vn 0.1655 -0.0761 -0.9833
vn -0.0021 -0.0773 -0.9970
vn -0.0024 -0.0282 -0.9996
vn 0.1812 -0.0251 -0.9831
vn 0.0081 -0.0507 -0.9987
vn 0.7559 0.6522 -0.0560
vn 0.5543 0.6529 -0.5162
vn 0.4248 -0.1281 -0.8962
vn 0.7760 0.4218 -0.4689
vn -0.9062 0.1830 -0.3811
vn -0.7300 0.5861 -0.3516
vn 0.0147 0.2697 0.9628
vn -0.7710 0.5442 0.3309
vn 0.0860 0.1855 0.9789
vn 0.0768 -0.2911 0.9536
vn 0.1489 -0.9127 0.3806
vn 0.5075 -0.7462 0.4308
vn -0.2428 -0.2478 0.9379
vn -0.4160 -0.0324 -0.9088
vn -0.6381 -0.0658 -0.7672
vn -0.6900 -0.0770 -0.7197
vn -0.4263 0.7830 -0.4530
vn -0.3461 0.4074 -0.8452
vn -0.3511 0.3963 -0.8483
vn 0.8329 0.0218 0.5530
vn 0.7956 0.2895 -0.5322
vn 0.9047 0.0287 -0.4251
vn 0.9899 -0.1225 0.0709
vn 0.7260 0.6850 0.0609
vn 0.2418 0.6814 0.6908
vn 0.1183 0.5644 0.8170
vn -0.7344 -0.2029 0.6477
vn -0.5424 -0.2285 0.8084
vn -0.2113 0.4071 0.8886
vn 0.9099 -0.4009 0.1067
vn 0.3881 0.4655 0.7954
vn -0.2943 -0.0513 0.9543
vn -0.7458 0.0586 0.6636
vn 0.5603 0.5847 -0.5866
vn 0.7171 0.6877 -0.1133
vn -0.1371 -0.9596 0.2457
vn -0.2080 -0.9060 0.3686
vn -0.9051 0.2463 0.3467
vn 0.2240 -0.9443 0.2409
vn -0.6382 0.0944 -0.7641
vn 0.2586 -0.6132 -0.7464
vn 0.7207 0.6222 0.3057
vn 0.4854 -0.4063 0.7742
vn 0.1399 -0.5704 0.8094
vn -0.6300 -0.0980 0.7704
vn 0.9522 -0.2742 0.1346
vn 0.8999 -0.4354 0.0264
vn 0.6090 -0.3908 -0.6902
vn 0.4432 -0.2369 -0.8646
vn 0.6574 -0.2272 0.7185
vn -0.2643 -0.6311 0.7292
vn -0.2504 -0.3892 0.8865
vn 0.2908 -0.3617 -0.8858
vn 0.8995 0.4339 -0.0513
vn -0.9176 0.3974 0.0056
vn -0.4847 0.6885 0.5395
vn -0.7349 0.6770 -0.0411
vn -0.7254 0.5593 0.4013
vn -0.6967 0.7071 -0.1214
vn -0.8159 0.0291 0.5775
vn 0.9073 0.1280 0.4005
vn 0.2867 0.6719 0.6829
vn -0.6767 0.7357 -0.0295
vn -0.5984 0.7972 0.0800
vn -0.3406 0.9182 0.2020
vn 0.7206 0.1522 0.6765
vn -0.6092 0.0477 0.7916
vn -0.3988 0.0653 0.9147
vn -0.9014 -0.0603 0.4288
vn -0.9495 0.0882 0.3012
vn -0.6232 0.0409 0.7810
vn 0.6270 0.0489 0.7775
vn 0.0866 -0.2727 0.9582
vn 0.0624 0.4517 0.8900
vn 0.3745 0.0200 -0.9270
vn -0.6340 -0.5494 0.5443
vn -0.3557 0.4889 0.7965
vn -0.2569 -0.9649 -0.0542
vn 0.1827 -0.0397 0.9824
vn 0.3802 -0.0153 0.9248
vn -0.1918 -0.9554 -0.2246
vn -0.9162 0.0713 -0.3944
vn 0.1720 -0.1139 -0.9785
vn -0.0033 -0.4744 -0.8803
vn -0.0001 -0.1072 -0.9942
vn 0.4447 -0.1145 -0.8883
vn 0.4583 -0.1400 -0.8777
vn 0.1891 -0.6160 -0.7648
vn 0.1642 -0.1040 -0.9809
vn 0.9651 -0.0329 0.2597
vn 0.9674 0.1251 0.2202
vn 0.0060 -0.9646 0.2636
vn 0.4665 -0.5731 0.6737
vn 0.0807 -0.4780 0.8747
vn 0.2055 -0.9572 0.2037
vn 0.2122 -0.1907 -0.9584
vn 0.1085 -0.2253 -0.9682
vn -0.3355 0.1633 -0.9278
vn 0.2954 -0.3376 -0.8937
vn 0.4763 -0.5184 -0.7102
vn 0.2193 -0.7377 -0.6385
vn -0.5053 -0.4835 -0.7148
vn -0.6228 -0.5037 -0.5986
vn 0.9064 -0.3351 0.2573
vn 0.2567 -0.8286 -0.4975
vn 0.9177 0.0055 0.3973
vn 0.4722 -0.5180 -0.7132
vn 0.9079 0.2913 0.3015
vn 0.0039 0.6259 0.7799
vn -0.0989 0.6251 0.7742
vn 0.0851 0.6547 0.7511
vn 0.9704 0.1089 0.2154
vn 0.7726 0.0590 0.6322
vn 0.9577 0.1500 -0.2455
vn -0.4168 -0.6821 0.6009
vn -0.6548 -0.5437 0.5250
vn -0.4931 -0.6912 0.5283
vn -0.7061 -0.5050 0.4965
vn -0.7384 0.6709 -0.0682
vn 0.4883 0.0731 0.8696
vn 0.5112 -0.0063 0.8595
vn 0.2500 0.1055 0.9625
vn 0.8136 -0.0702 0.5771
vn 0.3386 -0.9227 0.1845
vn 0.4433 -0.5108 -0.7366
vn 0.5095 0.2205 0.8317
vn -0.1754 0.0919 0.9802
vn -0.2170 0.1155 0.9693
vn 0.8944 0.1824 0.4083
vn 0.8570 0.2409 0.4555
vn 0.5904 0.2524 0.7666
vn 0.4813 0.1828 0.8573
vn -0.9001 -0.1007 0.4240
vn -0.9385 -0.0530 0.3413
vn 0.4427 -0.6579 -0.6093
vn -0.4236 -0.6891 -0.5879
vn 0.0671 0.2666 -0.9615
vn -0.9613 0.2137 -0.1737
vn -0.9173 0.2230 -0.3299
vn -0.9096 0.2084 -0.3595
vn -0.9600 0.2617 -0.0996
vn -0.9371 0.2183 -0.2724
vn 0.0287 0.9880 0.1515
vn -0.9276 -0.2117 -0.3078
vn -0.3274 -0.1111 -0.9383
vn -0.6734 0.7375 0.0515
vn -0.7738 0.5823 -0.2494
vn 0.4717 -0.7019 -0.5338
vn 0.5119 -0.7232 0.4637
vn -0.1662 -0.9542 -0.2488
vn 0.3149 -0.9036 -0.2904
vn -0.8739 0.0672 0.4815
vn 0.1437 0.7024 -0.6971
vn -0.9668 0.2033 0.1546
vn 0.1673 -0.9350 -0.3128
vn -0.2202 0.5520 0.8043
vn -0.3660 -0.8599 -0.3557
vn -0.9815 0.1888 -0.0315
vn 0.7115 0.5916 0.3793
vn 0.8114 0.5188 0.2690
vn 0.0009 0.5320 -0.8467
vn 0.4054 0.2060 0.8906
vn 0.4132 0.0663 0.9082
vn 0.7280 0.2590 -0.6347
vn 0.9065 0.2114 -0.3655
vn 0.9391 0.1845 -0.2898
vn 0.7114 0.2401 -0.6605
vn -0.6099 0.2252 0.7598
vn -0.9815 0.1876 0.0379
vn 0.5037 0.1266 0.8545
vn 0.0000 -0.9244 0.3815
vn 0.6099 -0.4383 0.6602
vn 0.2924 0.0606 -0.9544
vn -0.8305 -0.4279 0.3567
vn 0.0000 0.0504 0.9987
vn -0.8069 0.5333 -0.2540
vn -0.6331 0.7739 -0.0159
vn -0.7763 0.6238 -0.0911
vn -0.5930 0.7994 0.0961
vn -0.6344 -0.6781 -0.3712
vn -0.4880 -0.4962 -0.7181
vn 0.1045 -0.1436 0.9841
vn -0.1845 0.0391 0.9821
vn 0.8052 0.1153 0.5816
vn 0.6820 -0.3487 0.6429
vn -0.9377 -0.3434 -0.0527
vn -0.9993 -0.0281 -0.0227
vn -0.8704 -0.0480 -0.4900
vn -0.8535 -0.3129 0.4167
vn -0.6487 -0.3829 0.6577
vn -0.0546 0.5924 0.8038
vn -0.8648 0.0776 0.4960
vn -0.4848 -0.5442 0.6846
vn -0.8694 0.2341 0.4353
vn -0.9782 0.0613 0.1986
vn -0.0990 0.2837 0.9538
vn -0.7456 -0.1124 -0.6568
vn -0.6396 -0.1111 -0.7606
vn -0.9628 0.2303 0.1414
vn 0.5271 -0.2423 -0.8145
vn -0.6802 -0.1063 -0.7253
vn 0.5423 -0.7096 -0.4498
vn 0.4743 -0.6593 -0.5834
vn 0.5993 -0.7970 -0.0749
vn 0.4764 -0.8657 -0.1536
vn 0.1894 -0.9809 0.0450
vn 0.4693 0.6639 0.5823
vn -0.8872 -0.0259 -0.4606
vn -0.9892 -0.1397 0.0440
vn -0.9921 0.1251 0.0059
vn -0.8331 -0.2226 0.5064
vn -0.9931 0.1074 0.0471
vn 0.6695 -0.1009 0.7359
vn -0.0023 -0.9983 0.0585
vn 0.5155 -0.3396 -0.7867
vn -0.0623 0.0375 0.9974
vn 0.7578 -0.5330 -0.3764
vn 0.6743 -0.0791 -0.7342
vn 0.5661 -0.2017 -0.7993
vn -0.8160 -0.0673 0.5742
vn -0.2870 0.2236 0.9315
vn -0.3869 -0.0769 0.9189
vn -0.9112 -0.0433 0.4097
vn -0.9753 -0.2053 0.0811
vn -0.0695 -0.6871 -0.7233
vn 0.0862 -0.1356 -0.9870
vn -0.4396 0.7019 0.5605
vn -0.1184 0.6662 0.7363
vn -0.5410 0.7779 0.3197
vn -0.1537 0.5023 0.8509
vn -0.5614 -0.8181 -0.1251
vn -0.7638 -0.4635 -0.4492
vn 0.8770 0.1396 0.4598
vn 0.6881 0.2357 0.6862
vn 0.8663 -0.0539 0.4966
vn -0.4359 0.1478 -0.8878
vn -0.5357 0.5068 0.6754
vn -0.4938 0.4017 0.7712
vn 0.9746 -0.1624 0.1540
vn 0.6743 -0.4192 -0.6079
vn 0.9794 0.0121 -0.2014
vn 0.8647 -0.0406 -0.5006
vn 0.9528 0.2035 -0.2252
vn 0.9642 0.0912 -0.2491
vn 0.9155 0.0879 -0.3927
vn -0.0145 0.2185 0.9757
vn 0.0143 -0.1928 0.9811
vn -0.4634 0.3022 0.8330
vn -0.4728 -0.6765 -0.5646
vn -0.3048 -0.3445 -0.8879
vn -0.5270 0.1817 0.8302
vn 0.1262 -0.7386 0.6622
vn 0.3470 -0.7270 0.5926
vn 0.2790 -0.3190 0.9058
vn 0.6757 0.0575 0.7349
vn 0.7573 -0.0231 0.6527
vn -0.8614 -0.0527 0.5053
vn -0.8814 0.0089 -0.4722
vn -0.8498 0.1082 -0.5159
vn -0.9975 0.0622 0.0342
vn -0.3730 0.1320 -0.9184
vn -0.9866 -0.1133 0.1171
vn -0.9096 -0.3865 -0.1524
vn -0.8543 0.4909 -0.1709
vn -0.3087 -0.5105 0.8026
vn 0.9480 -0.2847 0.1424
vn 0.7512 -0.3799 -0.5397
vn 0.2403 0.9175 0.3168
vn 0.2841 0.8423 0.4580
vn 0.1788 -0.0706 0.9813
vn -0.2206 -0.0376 -0.9746
vn -0.2580 0.4358 -0.8623
vn -0.1558 -0.2459 -0.9567
vn -0.0571 0.0194 -0.9982
vn 0.8149 -0.1046 0.5701
vn 0.8345 0.0030 0.5510
vn -0.4453 0.6880 0.5731
vn 0.8184 0.1965 0.5400
vn 0.5250 0.1126 0.8436
vn 0.5995 0.3883 0.6998
vn 0.9046 0.0258 0.4255
vn 0.6719 0.2320 0.7034
vn 0.8759 0.4361 0.2063
vn 0.5384 0.2563 0.8028
vn 0.0998 0.7216 0.6851
vn 0.4595 0.7264 0.5111
vn -0.7456 -0.0621 -0.6635
vn -0.0311 0.0015 0.9995
vn -0.2354 -0.0138 0.9718
vn 0.5051 0.1232 -0.8542
vn 0.5309 -0.1405 -0.8357
vn 0.8663 -0.1717 -0.4690
vn -0.2434 0.0779 0.9668
vn 0.7939 -0.2278 0.5638
vn 0.9866 -0.1470 0.0705
vn 0.9919 -0.1235 0.0282
vn 0.7683 -0.1839 0.6131
vn 0.4336 0.8962 -0.0936
vn 0.6324 -0.6336 -0.4456
vn -0.8264 0.0105 0.5629
vn 0.6999 0.1174 0.7045
vn 0.6905 0.0765 0.7193
vn 0.9095 -0.4064 0.0876
vn 0.8864 -0.3627 0.2876
vn 0.4922 0.0803 0.8667
vn 0.8251 -0.2776 0.4921
vn 0.5088 -0.0710 0.8579
vn -0.2956 0.0714 -0.9526
vn -0.3186 -0.2141 -0.9234
vn -0.8854 0.0723 -0.4592
vn -0.2563 0.7493 -0.6107
vn 0.0945 0.0845 0.9919
vn -0.3026 0.4376 0.8467
vn 0.6723 -0.5358 0.5109
vn -0.0026 -0.0979 -0.9952
vn -0.1542 -0.0995 -0.9830
vn 0.5965 -0.2567 -0.7604
vn -0.5661 0.7284 0.3860
vn -0.4491 0.6703 0.5908
vn 0.2406 0.5335 -0.8108
vn 0.4466 0.6380 -0.6273
vn 0.7132 0.4181 -0.5626
vn 0.6225 0.0651 0.7799
vn 0.7028 0.0707 0.7078
vn 0.5329 0.7744 0.3412
vn -0.2818 0.4410 0.8521
vn 0.3797 0.0839 -0.9213
vn 0.2296 -0.0224 -0.9730
vn -0.2664 0.0497 -0.9626
vn -0.7392 0.0100 -0.6734
vn 0.8569 0.2923 0.4245
vn 0.8934 0.1336 -0.4290
vn 0.7684 -0.2967 -0.5671
vn -0.6360 -0.6432 -0.4264
vn 0.8847 0.3933 0.2502
vn -0.7796 0.5737 -0.2513
vn -0.7644 0.5857 -0.2694
vn -0.1654 -0.8735 -0.4579
vn -0.4320 -0.1044 -0.8958
vn -0.6542 -0.0961 -0.7501
vn -0.2571 0.9253 0.2789
vn -0.3356 0.7416 0.5808
vn -0.6028 0.7477 0.2786
vn -0.8348 -0.0548 0.5478
vn -0.2613 -0.3356 -0.9050
vn 0.1471 0.1853 -0.9716
vn 0.7870 0.3468 0.5102
vn 0.9566 0.1717 -0.2354
vn 0.9021 -0.1756 0.3942
vn 0.7028 -0.0073 0.7114
vn 0.1304 -0.4449 -0.8861
vn 0.4129 0.1859 0.8916
vn -0.5104 0.6463 0.5672
vn 0.7382 0.5231 0.4260
vn -0.5707 -0.2966 0.7657
vn -0.8832 -0.1580 0.4416
vn -0.9599 -0.2714 0.0698
vn -0.2729 -0.9555 0.1116
vn -0.5114 0.7022 0.4954
vn -0.0247 0.9992 0.0317
vn -0.1568 -0.1102 -0.9815
vn -0.1322 0.9824 -0.1317
vn 0.5145 -0.5145 0.6860
vn 0.6919 -0.3309 0.6417
vn 0.7156 -0.1014 0.6911
vn -0.0447 -0.2349 -0.9710
vn -0.2648 -0.3254 -0.9077
vn 0.0365 -0.1631 -0.9859
vn 0.0031 -0.1843 -0.9829
vn 0.0013 -0.2306 -0.9730
vn 0.8662 -0.0256 -0.4991
vn 0.3441 0.1192 -0.9313
vn -0.3152 0.1852 -0.9308
vn 0.3464 0.1177 -0.9307
vn -0.4541 0.8271 -0.3311
vn 0.5587 0.2522 0.7901
vn 0.5385 0.2094 0.8162
vn 0.3046 -0.1184 0.9451
vn 0.3412 0.1657 0.9253
vn 0.8936 -0.4489 0.0035
vn 0.7536 -0.5446 0.3679
vn 0.3699 -0.9264 -0.0699
vn 0.3508 -0.9305 0.1051
vn 0.9656 0.2569 -0.0399
vn -0.4689 -0.7124 0.5222
vn 0.9179 -0.0296 0.3957
vn 0.9507 0.1962 0.2402
vn 0.0565 -0.2738 -0.9601
vn -0.5325 -0.2827 -0.7978
vn 0.3101 0.3587 -0.8804
vn -0.0092 -0.1690 -0.9856
vn 0.0140 0.2787 -0.9603
vn 0.3118 0.5000 0.8080
vn 0.3565 0.0704 0.9316
vn -0.3107 0.4523 0.8360
vn 0.4326 0.7799 0.4524
vn 0.9460 0.3085 0.0991
vn -0.2361 -0.9717 0.0054
vn -0.9942 0.0496 0.0953
vn -0.9925 -0.1112 0.0500
vn -0.4381 0.8988 0.0130
vn -0.5799 0.7158 -0.3891
vn -0.8286 0.1300 -0.5445
vn 0.1292 -0.3771 -0.9171
vn 0.5255 0.1207 -0.8422
vn -0.6419 0.3082 0.7021
vn 0.6913 0.1614 0.7043
vn 0.8624 0.1710 0.4765
vn -0.1257 -0.2101 0.9696
vn -0.3280 0.2922 -0.8983
vn -0.8729 0.1890 -0.4497
vn -0.4206 0.7658 0.4865
vn -0.7162 0.6448 0.2671
vn 0.1927 -0.9146 -0.3554
vn 0.5434 0.7721 -0.3295
vn 0.2044 0.9126 -0.3541
vn -0.4375 -0.8598 0.2634
vn 0.9311 0.1494 -0.3326
vn 0.0128 -0.1292 0.9915
vn 0.6961 -0.2380 -0.6774
vn -0.8076 -0.1223 0.5770
vn 0.0315 0.0110 0.9994
vn -0.4721 0.7623 0.4428
vn -0.9078 0.3562 -0.2214
vn 0.3273 0.8045 0.4956
vn -0.0757 0.9216 0.3808
vn 0.1574 0.7882 0.5949
vn 0.2943 -0.0584 0.9539
vn 0.9059 0.2011 -0.3727
vn 0.1938 0.4445 0.8746
vn 0.4477 -0.0951 -0.8891
vn -0.3155 -0.6403 0.7004
vn 0.3608 -0.8815 0.3046
vn -0.7279 0.3310 0.6005
vn -0.1999 -0.8471 0.4925
vn -0.9632 0.2283 -0.1416
vn 0.9486 0.0612 0.3106
vn 0.9271 0.0992 0.3614
vn 0.2728 0.1739 0.9462
vn 0.1026 0.5289 0.8425
vn 0.7025 0.5380 0.4660
vn 0.6302 0.5791 -0.5172
vn -0.3027 0.8979 0.3195
vn -0.3059 0.8342 0.4589
vn -0.1437 0.9779 0.1517
vn -0.1252 0.0488 0.9909
vn 0.4103 -0.3865 -0.8260
vn 0.3245 0.1261 -0.9374
vn 0.8638 -0.0182 -0.5035
vn 0.2528 0.4101 0.8763
vn 0.3230 0.5852 0.7438
vn 0.7250 0.4548 0.5172
vn 0.4425 0.7710 0.4580
vn 0.6904 0.2723 0.6702
vn 0.5586 -0.1241 0.8201
vn 0.4713 0.2068 0.8574
vn -0.6641 0.3315 0.6702
vn -0.6667 0.2665 0.6960
vn -0.2367 -0.0418 0.9707
vn -0.4580 0.0722 0.8860
vn -0.4706 -0.0780 0.8789
vn -0.5404 -0.2756 0.7950
vn 0.2717 -0.7515 -0.6012
vn -0.1148 -0.5225 -0.8449
vn -0.5508 -0.2485 -0.7968
vn 0.4017 -0.1848 0.8970
vn -0.4012 -0.5594 0.7253
vn -0.8613 0.4990 0.0964
vn -0.3501 0.0064 0.9367
vn -0.2670 -0.8040 0.5314
vn -0.6240 -0.0465 0.7800
vn 0.8413 -0.3779 -0.3864
vn 0.2678 -0.9631 0.0272
vn -0.6049 -0.2552 0.7543
vn -0.8650 -0.0477 0.4996
vn 0.1101 0.6505 0.7515
vn 0.3734 0.7217 0.5828
vn -0.1910 0.4666 0.8636
vn 0.1941 -0.9456 0.2611
vn 0.6213 -0.2898 -0.7280
vn 0.8658 0.3290 -0.3770
vn 0.5329 -0.2599 -0.8053
vn 0.8053 0.3193 -0.4996
vn 0.2859 -0.0307 0.9578
vn 0.7410 0.0587 0.6690
vn 0.6277 -0.0721 -0.7751
vn -0.5339 0.6881 0.4914
vn 0.5130 0.6394 0.5727
vn -0.9943 0.0198 0.1052
vn 0.1426 0.8962 -0.4200
vn -0.7685 0.5804 -0.2693
vn 0.1341 -0.5298 -0.8375
vn 0.6250 -0.0283 0.7801
vn 0.6341 0.0276 0.7727
vn 0.5135 0.0031 0.8581
vn -0.7651 -0.6384 -0.0843
vn -0.2593 -0.6117 -0.7474
vn 0.4143 -0.0378 -0.9094
vn 0.6322 -0.0748 -0.7712
vn 0.4491 0.7381 0.5035
vn 0.2245 0.7357 -0.6390
vn 0.2518 0.8413 -0.4783
vn 0.7513 -0.2257 0.6202
vn 0.6795 -0.2942 0.6721
vn -0.6441 -0.7644 0.0296
vn -0.9882 -0.0361 0.1489
vn 0.2344 -0.1829 0.9548
vn 0.3125 -0.2955 0.9028
vn 0.4472 -0.2529 0.8579
vn -0.5370 -0.4800 -0.6938
vn 0.9661 0.1964 0.1678
vn 0.9878 0.0556 0.1453
vn 0.2471 -0.1298 0.9603
vn -0.4028 -0.1562 0.9019
vn -0.9853 0.1134 0.1280
vn 0.9601 0.2724 0.0635
vn -0.7147 0.5624 0.4158
vn 0.4897 0.0567 0.8700
vn -0.0414 -0.1719 -0.9842
vn -0.0093 0.2765 -0.9610
vn -0.0051 0.2184 -0.9759
vn 0.5200 0.0892 0.8495
vn -0.0037 0.0234 0.9997
vn -0.4528 -0.6982 0.5546
vn -0.2838 0.1568 0.9460
vn -0.8538 -0.1885 0.4852
vn 0.9032 -0.2849 0.3210
vn 0.0631 0.0361 0.9974
vn -0.6993 0.6091 -0.3742
vn -0.7084 0.2569 0.6574
vn 0.8817 -0.4199 -0.2154
vn 0.8102 -0.2827 -0.5134
vn 0.4476 -0.8563 0.2578
vn -0.0418 -0.4173 -0.9078
vn 0.6966 -0.2186 0.6834
vn -0.0853 0.4129 0.9068
vn -0.4404 -0.8969 -0.0396
vn 0.9565 0.2104 -0.2023
vn 0.3740 -0.0492 -0.9261
vn -0.7672 -0.0387 -0.6403
vn -0.5656 -0.1113 -0.8171
vn -0.0039 0.9128 0.4084
vn 0.8559 0.3051 0.4175
vn -0.4438 -0.8679 -0.2231
vn -0.3972 0.0034 0.9177
vn -0.2472 0.8039 0.5410
vn 0.0000 -0.1332 -0.9911
vn 0.0000 -0.8087 0.5882
vn 0.8852 0.0079 0.4651
vn -0.8233 -0.3015 -0.4809
vn 0.3770 -0.0742 0.9232
vn 0.6817 -0.1306 -0.7199
vn 0.7616 -0.1786 -0.6230
vn 0.9920 0.0589 0.1113
vn 0.5350 0.7158 0.4487
vn -0.6002 0.2999 -0.7415
vn 0.2434 0.2132 0.9462
vn 0.9318 0.2213 -0.2877
vn 0.8760 0.1942 -0.4415
vn 0.1755 0.0249 0.9842
vn -0.4406 -0.0924 -0.8929
vn 0.2699 0.7822 0.5615
vn -0.7223 -0.5456 -0.4249
vn 0.4597 0.8399 0.2886
vn 0.9094 0.0710 -0.4097
vn -0.2867 -0.2452 0.9261
vn -0.5064 -0.2885 0.8126
vn -0.0486 -0.8833 -0.4662
vn -0.1636 0.1334 0.9775
vn -0.8247 0.1136 0.5540
vn 0.3408 0.5876 0.7339
vn -0.4558 0.0567 0.8883
vn -0.4161 -0.7791 -0.4689
vn -0.4140 0.4209 0.8071
vn 0.4076 -0.0557 -0.9115
vn 0.3511 0.8484 0.3961
vn 0.8303 -0.0161 0.5571
vn -0.0922 -0.5239 -0.8468
vn 0.5219 -0.2834 -0.8045
vn -0.7511 -0.5672 0.3377
vn 0.7285 -0.6008 0.3292
vn 0.0323 0.9995 0.0023
vn -0.0383 0.9993 0.0057
vt 0.628713 0.971896
vt 0.627631 0.980993
vt 0.619216 0.971482
vt 0.629137 0.962298
vt 0.641183 0.970520
vt 0.621072 0.961437
vt 0.644997 0.980774
vt 0.897667 0.081989
vt 0.902961 0.067381
vt 0.912258 0.069873
vt 0.878938 0.082846
vt 0.889564 0.062903
vt 0.916010 0.083703
vt 0.898684 0.099669
vt 0.881965 0.099772
vt 0.249500 0.697650
vt 0.247234 0.685518
vt 0.254323 0.692101
vt 0.264278 0.702154
vt 0.240428 0.690280
vt 0.258360 0.707498
vt 0.243197 0.699408
vt 0.203811 0.092192
vt 0.184918 0.116330
vt 0.184830 0.093853
vt 0.326663 0.918559
vt 0.339541 0.922252
vt 0.321616 0.943445
vt 0.206129 0.115105
vt 0.183625 0.072586
vt 0.213626 0.070459
vt 0.344204 0.898971
vt 0.515216 0.095345
vt 0.524636 0.091545
vt 0.528522 0.110422
vt 0.507597 0.082675
vt 0.512907 0.081657
vt 0.505015 0.092462
vt 0.510352 0.118610
vt 0.508202 0.104603
vt 0.501089 0.098947
vt 0.190099 0.163440
vt 0.157656 0.145809
vt 0.190099 0.142834
vt 0.189848 0.183811
vt 0.156622 0.164756
vt 0.643161 0.804401
vt 0.663041 0.798450
vt 0.655954 0.812593
vt 0.636072 0.795209
vt 0.654897 0.791829
vt 0.629592 0.818052
vt 0.629088 0.811506
vt 0.640408 0.816653
vt 0.078133 0.545980
vt 0.077360 0.537679
vt 0.084614 0.541574
vt 0.080668 0.551239
vt 0.068199 0.554153
vt 0.071320 0.545466
vt 0.154212 0.950495
vt 0.153203 0.963870
vt 0.140971 0.959895
vt 0.146291 0.944786
vt 0.155173 0.937930
vt 0.298241 0.575979
vt 0.321720 0.572036
vt 0.323233 0.589328
vt 0.299920 0.592024
vt 0.295118 0.563718
vt 0.613704 0.326256
vt 0.593031 0.333378
vt 0.610271 0.313949
vt 0.613529 0.342257
vt 0.143301 0.553627
vt 0.131531 0.553627
vt 0.143245 0.540034
vt 0.921058 0.412455
vt 0.945026 0.405715
vt 0.955664 0.422124
vt 0.155993 0.552532
vt 0.155894 0.563774
vt 0.933194 0.162610
vt 0.963585 0.164997
vt 0.953395 0.172030
vt 0.921991 0.392149
vt 0.941746 0.177546
vt 0.247857 0.610888
vt 0.233135 0.608321
vt 0.246746 0.597097
vt 0.251101 0.631322
vt 0.084923 0.954034
vt 0.059747 0.979359
vt 0.071429 0.952279
vt 0.087619 0.936189
vt 0.098025 0.949171
vt 0.267103 0.592552
vt 0.303095 0.751221
vt 0.300227 0.737199
vt 0.304260 0.734872
vt 0.307484 0.767955
vt 0.295107 0.764390
vt 0.285622 0.745062
vt 0.308969 0.751641
vt 0.796735 0.772439
vt 0.773620 0.789162
vt 0.785924 0.767398
vt 0.783066 0.796723
vt 0.805311 0.749934
vt 0.827464 0.758946
vt 0.816122 0.784071
vt 0.793169 0.746295
vt 0.310480 0.879568
vt 0.326626 0.866647
vt 0.330081 0.879249
vt 0.798929 0.261658
vt 0.782089 0.261548
vt 0.789973 0.243697
vt 0.791155 0.271368
vt 0.304065 0.852524
vt 0.796791 0.277464
vt 0.801919 0.232883
vt 0.310154 0.894094
vt 0.636628 0.287855
vt 0.638814 0.272639
vt 0.647943 0.295574
vt 0.629734 0.271162
vt 0.645797 0.303783
vt 0.616904 0.294630
vt 0.623855 0.307791
vt 0.312951 0.842018
vt 0.312998 0.834942
vt 0.319563 0.835748
vt 0.200247 0.286576
vt 0.193333 0.289578
vt 0.194465 0.281923
vt 0.319207 0.841721
vt 0.319754 0.847624
vt 0.298301 0.841759
vt 0.312894 0.849324
vt 0.583045 0.547611
vt 0.557851 0.563765
vt 0.558573 0.544171
vt 0.581473 0.526040
vt 0.594670 0.527943
vt 0.581073 0.567652
vt 0.596913 0.548681
vt 0.242133 0.676834
vt 0.625123 0.028144
vt 0.626976 0.023622
vt 0.631254 0.026131
vt 0.258147 0.679036
vt 0.242270 0.676317
vt 0.189030 0.204545
vt 0.156407 0.183440
vt 0.037662 0.760051
vt 0.067687 0.742524
vt 0.068552 0.759779
vt 0.038057 0.741184
vt 0.155593 0.203910
vt 0.930052 0.492651
vt 0.940343 0.493996
vt 0.922065 0.506368
vt 0.931473 0.474791
vt 0.731761 0.952064
vt 0.733569 0.931394
vt 0.755022 0.952984
vt 0.707488 0.987562
vt 0.707562 0.952959
vt 0.732426 0.988643
vt 0.852225 0.322252
vt 0.861657 0.342309
vt 0.848167 0.344444
vt 0.866346 0.301180
vt 0.867858 0.320663
vt 0.826257 0.333798
vt 0.827858 0.316374
vt 0.850073 0.300296
vt 0.261187 0.534976
vt 0.264462 0.519605
vt 0.283241 0.532943
vt 0.265542 0.552624
vt 0.250553 0.549700
vt 0.249744 0.533486
vt 0.254837 0.516325
vt 0.169360 0.397794
vt 0.169733 0.374827
vt 0.182615 0.389512
vt 0.160177 0.402944
vt 0.156774 0.383933
vt 0.181797 0.410634
vt 0.169426 0.415770
vt 0.090354 0.589134
vt 0.074334 0.608258
vt 0.082495 0.580716
vt 0.019710 0.955303
vt 0.033134 0.955488
vt 0.023667 0.961012
vt 0.912080 0.730554
vt 0.893398 0.722479
vt 0.901038 0.714975
vt 0.891663 0.731779
vt 0.910154 0.740775
vt 0.011962 0.968255
vt 0.225882 0.052854
vt 0.236769 0.047144
vt 0.240214 0.060002
vt 0.705820 0.248908
vt 0.722119 0.255306
vt 0.710451 0.266229
vt 0.216412 0.040432
vt 0.214432 0.059176
vt 0.696795 0.266739
vt 0.262080 0.740165
vt 0.270909 0.764075
vt 0.255419 0.749005
vt 0.243340 0.734126
vt 0.885333 0.955118
vt 0.873844 0.962026
vt 0.870036 0.948050
vt 0.883221 0.940531
vt 0.898995 0.947642
vt 0.899990 0.965090
vt 0.966437 0.630649
vt 0.962803 0.630855
vt 0.963659 0.626458
vt 0.963859 0.639299
vt 0.969284 0.627392
vt 0.971156 0.637265
vt 0.861393 0.233137
vt 0.874531 0.216425
vt 0.876859 0.246612
vt 0.860529 0.206831
vt 0.865129 0.264219
vt 0.849439 0.247779
vt 0.845218 0.219238
vt 0.534687 0.780161
vt 0.523658 0.785849
vt 0.529789 0.772745
vt 0.527838 0.790781
vt 0.549075 0.773555
vt 0.553235 0.778212
vt 0.540169 0.788410
vt 0.538529 0.766590
vt 0.686135 0.144131
vt 0.692656 0.154493
vt 0.682832 0.157427
vt 0.557350 0.041816
vt 0.557834 0.067321
vt 0.541850 0.064089
vt 0.539877 0.039802
vt 0.556826 0.016228
vt 0.309131 0.393031
vt 0.313542 0.375789
vt 0.339956 0.384615
vt 0.719011 0.614735
vt 0.723972 0.626878
vt 0.712169 0.631246
vt 0.709559 0.616938
vt 0.297304 0.391862
vt 0.304197 0.376035
vt 0.300895 0.412470
vt 0.510970 0.785629
vt 0.519544 0.777114
vt 0.513024 0.791752
vt 0.066108 0.934268
vt 0.037973 0.932052
vt 0.060798 0.918827
vt 0.075424 0.933565
vt 0.059408 0.949897
vt 0.983509 0.912594
vt 0.962493 0.905061
vt 0.981957 0.899843
vt 0.974672 0.930881
vt 0.961143 0.917556
vt 0.993848 0.903534
vt 0.920673 0.522157
vt 0.936814 0.510960
vt 0.905140 0.514821
vt 0.996178 0.922649
vt 0.742812 0.876738
vt 0.759955 0.850177
vt 0.762982 0.876085
vt 0.477910 0.965104
vt 0.501208 0.982032
vt 0.468458 0.991194
vt 0.743518 0.879292
vt 0.741906 0.847447
vt 0.511945 0.675483
vt 0.531774 0.666619
vt 0.521812 0.685135
vt 0.515071 0.650484
vt 0.937634 0.182019
vt 0.927556 0.182492
vt 0.927784 0.170649
vt 0.502567 0.678938
vt 0.503337 0.658872
vt 0.504898 0.684044
vt 0.494671 0.404308
vt 0.483204 0.388240
vt 0.493514 0.387557
vt 0.490713 0.420780
vt 0.481001 0.405415
vt 0.504540 0.406901
vt 0.502894 0.389050
vt 0.646983 0.167585
vt 0.623080 0.179950
vt 0.635396 0.162426
vt 0.827760 0.900350
vt 0.809628 0.892971
vt 0.825771 0.888975
vt 0.698320 0.846038
vt 0.676800 0.831523
vt 0.706565 0.838886
vt 0.822229 0.903191
vt 0.637680 0.157900
vt 0.812946 0.707750
vt 0.827846 0.693675
vt 0.841054 0.705992
vt 0.448182 0.735099
vt 0.462263 0.729288
vt 0.454676 0.739699
vt 0.444383 0.741951
vt 0.438047 0.737818
vt 0.436993 0.725553
vt 0.441818 0.722020
vt 0.869069 0.168615
vt 0.839723 0.158471
vt 0.864719 0.150517
vt 0.883971 0.153367
vt 0.880626 0.166602
vt 0.340010 0.049864
vt 0.347983 0.037110
vt 0.351107 0.044943
vt 0.356945 0.062889
vt 0.337567 0.082466
vt 0.335263 0.039963
vt 0.231063 0.015848
vt 0.227311 0.019571
vt 0.226475 0.016795
vt 0.246772 0.019317
vt 0.230447 0.020204
vt 0.228166 0.007161
vt 0.244631 0.012714
vt 0.768655 0.621617
vt 0.771694 0.634535
vt 0.753628 0.633594
vt 0.752300 0.612761
vt 0.772303 0.608392
vt 0.781863 0.626831
vt 0.751474 0.619161
vt 0.477551 0.962801
vt 0.459600 0.956564
vt 0.458536 0.944324
vt 0.478791 0.944444
vt 0.497676 0.945667
vt 0.133027 0.778793
vt 0.123331 0.773210
vt 0.136756 0.765258
vt 0.492737 0.974133
vt 0.469636 0.976271
vt 0.438354 0.621651
vt 0.425691 0.612925
vt 0.435310 0.599685
vt 0.447873 0.610479
vt 0.446822 0.628841
vt 0.418029 0.627706
vt 0.430749 0.636345
vt 0.047212 0.493420
vt 0.076828 0.493479
vt 0.067623 0.508891
vt 0.058595 0.477507
vt 0.167576 0.977160
vt 0.169927 0.962605
vt 0.188190 0.964023
vt 0.037565 0.481529
vt 0.272640 0.380726
vt 0.268059 0.382059
vt 0.270332 0.369235
vt 0.270060 0.399257
vt 0.112995 0.128818
vt 0.121257 0.128953
vt 0.116324 0.140356
vt 0.866947 0.698178
vt 0.865856 0.687823
vt 0.879205 0.694400
vt 0.873078 0.704978
vt 0.865798 0.713169
vt 0.857337 0.709473
vt 0.851843 0.698056
vt 0.282842 0.047063
vt 0.265013 0.034341
vt 0.285124 0.031865
vt 0.263655 0.048684
vt 0.278299 0.065979
vt 0.303958 0.044633
vt 0.298798 0.065081
vt 0.126163 0.000901
vt 0.158308 0.000052
vt 0.155908 0.027484
vt 0.799319 0.132732
vt 0.795780 0.149657
vt 0.783867 0.125929
vt 0.124982 0.028740
vt 0.816300 0.150368
vt 0.814786 0.125499
vt 0.800497 0.111054
vt 0.696767 0.108337
vt 0.669647 0.099171
vt 0.686064 0.086705
vt 0.672331 0.114907
vt 0.928451 0.030338
vt 0.906205 0.042711
vt 0.908887 0.020351
vt 0.885917 0.490222
vt 0.896240 0.512837
vt 0.871957 0.518891
vt 0.709481 0.096572
vt 0.716507 0.123999
vt 0.480844 0.426462
vt 0.488955 0.427600
vt 0.481560 0.441498
vt 0.204046 0.270472
vt 0.223470 0.272009
vt 0.221051 0.283481
vt 0.465474 0.423873
vt 0.478921 0.408007
vt 0.204966 0.284314
vt 0.019808 0.470454
vt 0.021373 0.485826
vt 0.006590 0.483220
vt 0.480067 0.521711
vt 0.489228 0.506667
vt 0.502678 0.521535
vt 0.690233 0.842086
vt 0.698604 0.860357
vt 0.681812 0.857216
vt 0.496207 0.534702
vt 0.671733 0.836488
vt 0.474782 0.535413
vt 0.601606 0.215626
vt 0.611375 0.231708
vt 0.592629 0.211928
vt 0.603273 0.205289
vt 0.621990 0.209475
vt 0.625064 0.218721
vt 0.489063 0.622958
vt 0.483249 0.635951
vt 0.482788 0.629712
vt 0.488621 0.638313
vt 0.484177 0.613409
vt 0.490675 0.614057
vt 0.497819 0.623683
vt 0.696976 0.486717
vt 0.699531 0.469209
vt 0.716357 0.487898
vt 0.589822 0.465143
vt 0.570958 0.463493
vt 0.583386 0.438857
vt 0.592868 0.435072
vt 0.684176 0.485381
vt 0.608058 0.468183
vt 0.714807 0.504259
vt 0.259817 0.636627
vt 0.275546 0.630088
vt 0.273261 0.642815
vt 0.253442 0.648200
vt 0.249424 0.633165
vt 0.252428 0.623963
vt 0.261095 0.625607
vt 0.666118 0.032873
vt 0.662356 0.030239
vt 0.665192 0.027965
vt 0.477882 0.354883
vt 0.477692 0.368976
vt 0.465383 0.362073
vt 0.490708 0.358256
vt 0.475973 0.341998
vt 0.488360 0.343257
vt 0.406546 0.439161
vt 0.389223 0.443226
vt 0.386235 0.426284
vt 0.465315 0.342791
vt 0.395336 0.458778
vt 0.401681 0.363912
vt 0.416872 0.366590
vt 0.403705 0.375196
vt 0.386901 0.375291
vt 0.384358 0.361284
vt 0.414594 0.352047
vt 0.400249 0.351070
vt 0.010265 0.577320
vt 0.008107 0.585348
vt 0.006274 0.585348
vt 0.007981 0.577215
vt 0.847081 0.976455
vt 0.847587 0.979321
vt 0.836672 0.975839
vt 0.689429 0.317453
vt 0.673878 0.312397
vt 0.687534 0.304813
vt 0.695886 0.308816
vt 0.696955 0.323667
vt 0.687182 0.331528
vt 0.678616 0.325352
vt 0.154231 0.830045
vt 0.148501 0.820237
vt 0.156202 0.807865
vt 0.142698 0.832678
vt 0.036896 0.465440
vt 0.045565 0.457499
vt 0.049482 0.478101
vt 0.156405 0.852921
vt 0.170242 0.852400
vt 0.043150 0.451473
vt 0.953742 0.574608
vt 0.977615 0.582838
vt 0.960760 0.598255
vt 0.367439 0.086651
vt 0.364239 0.110962
vt 0.984658 0.558962
vt 0.839838 0.586899
vt 0.841196 0.559927
vt 0.866284 0.581099
vt 0.715857 0.466413
vt 0.686170 0.462564
vt 0.704188 0.445511
vt 0.746679 0.580581
vt 0.752197 0.583105
vt 0.740174 0.598386
vt 0.759474 0.565060
vt 0.734094 0.577034
vt 0.735420 0.555466
vt 0.736459 0.595950
vt 0.705348 0.717980
vt 0.715463 0.719737
vt 0.701953 0.739247
vt 0.680751 0.739050
vt 0.680500 0.720723
vt 0.703270 0.700858
vt 0.563048 0.839488
vt 0.556163 0.821617
vt 0.568208 0.805375
vt 0.595762 0.843587
vt 0.582774 0.852791
vt 0.080153 0.351466
vt 0.065538 0.329889
vt 0.071952 0.316703
vt 0.551536 0.844482
vt 0.560194 0.852454
vt 0.551695 0.854648
vt 0.899136 0.054511
vt 0.917628 0.054986
vt 0.650323 0.292730
vt 0.657845 0.291284
vt 0.659219 0.298213
vt 0.650496 0.301243
vt 0.305305 0.695899
vt 0.306186 0.689695
vt 0.309661 0.694197
vt 0.650795 0.286917
vt 0.647836 0.289591
vt 0.294734 0.697081
vt 0.436713 0.068475
vt 0.418195 0.052001
vt 0.432694 0.039835
vt 0.455232 0.068979
vt 0.440082 0.089045
vt 0.452855 0.045584
vt 0.421271 0.071960
vt 0.253068 0.354159
vt 0.252122 0.362456
vt 0.249188 0.359806
vt 0.195753 0.180223
vt 0.210443 0.181768
vt 0.204087 0.190940
vt 0.192498 0.166730
vt 0.202721 0.174951
vt 0.257441 0.358429
vt 0.194206 0.186441
vt 0.880187 0.412369
vt 0.893443 0.405903
vt 0.890525 0.429125
vt 0.881206 0.404017
vt 0.864100 0.408607
vt 0.872347 0.437998
vt 0.311908 0.826530
vt 0.295392 0.828289
vt 0.153097 0.117159
vt 0.678087 0.632022
vt 0.661712 0.629893
vt 0.677765 0.624296
vt 0.690224 0.625143
vt 0.692670 0.633361
vt 0.678144 0.636927
vt 0.347678 0.414060
vt 0.344573 0.427362
vt 0.314574 0.414841
vt 0.336855 0.636326
vt 0.325585 0.612235
vt 0.340924 0.614369
vt 0.283298 0.336770
vt 0.272714 0.323279
vt 0.286050 0.321552
vt 0.592659 0.990143
vt 0.578656 0.979969
vt 0.597179 0.971297
vt 0.360227 0.614995
vt 0.367452 0.431985
vt 0.325814 0.628867
vt 0.799888 0.842622
vt 0.808658 0.838407
vt 0.818118 0.855332
vt 0.795063 0.828198
vt 0.810774 0.817302
vt 0.812420 0.867151
vt 0.430568 0.224787
vt 0.453354 0.244193
vt 0.435679 0.243860
vt 0.782898 0.846529
vt 0.511025 0.162850
vt 0.497136 0.167794
vt 0.505016 0.158462
vt 0.516518 0.152665
vt 0.540238 0.356079
vt 0.523852 0.374690
vt 0.521759 0.360438
vt 0.527481 0.345092
vt 0.511052 0.177703
vt 0.531507 0.153959
vt 0.976429 0.161193
vt 0.969872 0.153097
vt 0.990129 0.152314
vt 0.960912 0.162051
vt 0.877584 0.663291
vt 0.862855 0.653019
vt 0.871127 0.640452
vt 0.865686 0.675635
vt 0.991077 0.166360
vt 0.981820 0.171039
vt 0.941553 0.971401
vt 0.944093 0.977728
vt 0.938599 0.979477
vt 0.933873 0.972263
vt 0.937160 0.960896
vt 0.953021 0.966472
vt 0.007666 0.440573
vt 0.018860 0.451434
vt 0.009830 0.459011
vt 0.017213 0.438142
vt 0.203118 0.367177
vt 0.196794 0.347713
vt 0.216136 0.363136
vt 0.187432 0.352917
vt 0.949472 0.379444
vt 0.976627 0.385951
vt 0.962860 0.397934
vt 0.951152 0.402738
vt 0.938853 0.386509
vt 0.193398 0.369817
vt 0.960761 0.366159
vt 0.783527 0.635736
vt 0.773499 0.646398
vt 0.874281 0.066851
vt 0.860477 0.101363
vt 0.858135 0.085443
vt 0.268723 0.686710
vt 0.044188 0.228377
vt 0.033510 0.217178
vt 0.041819 0.208060
vt 0.055664 0.232658
vt 0.043452 0.234504
vt 0.051826 0.223081
vt 0.892913 0.561307
vt 0.880101 0.554440
vt 0.891632 0.552225
vt 0.899016 0.558003
vt 0.904878 0.566351
vt 0.886692 0.133981
vt 0.894918 0.140158
vt 0.884543 0.140956
vt 0.882614 0.568735
vt 0.890365 0.576820
vt 0.919284 0.097285
vt 0.928741 0.098344
vt 0.916971 0.118823
vt 0.362941 0.738724
vt 0.354418 0.739821
vt 0.344486 0.722006
vt 0.936711 0.073842
vt 0.357441 0.719325
vt 0.367086 0.753866
vt 0.919618 0.076259
vt 0.203350 0.941448
vt 0.186634 0.939878
vt 0.200797 0.912298
vt 0.218614 0.912330
vt 0.205151 0.964455
vt 0.220062 0.941979
vt 0.329430 0.315248
vt 0.335949 0.333836
vt 0.317583 0.335216
vt 0.597462 0.606029
vt 0.606158 0.591523
vt 0.609676 0.613191
vt 0.594315 0.624190
vt 0.580998 0.615400
vt 0.347392 0.316770
vt 0.585859 0.594905
vt 0.780295 0.982406
vt 0.779425 0.978872
vt 0.791790 0.977447
vt 0.002098 0.218972
vt 0.003210 0.207496
vt 0.007501 0.218020
vt 0.791962 0.983964
vt 0.835609 0.371985
vt 0.842027 0.367118
vt 0.844201 0.369825
vt 0.831389 0.371160
vt 0.835749 0.362243
vt 0.839562 0.374711
vt 0.835258 0.379254
vt 0.833009 0.379192
vt 0.259537 0.497017
vt 0.268642 0.482307
vt 0.273185 0.505022
vt 0.253846 0.476323
vt 0.244837 0.495798
vt 0.243397 0.515278
vt 0.274158 0.975330
vt 0.271314 0.980004
vt 0.268488 0.979520
vt 0.272310 0.971920
vt 0.277805 0.970686
vt 0.279543 0.972568
vt 0.277961 0.978792
vt 0.639747 0.374957
vt 0.632702 0.363404
vt 0.652582 0.345550
vt 0.666603 0.355004
vt 0.675058 0.374501
vt 0.633280 0.388395
vt 0.626381 0.367096
vt 0.645073 0.386000
vt 0.334014 0.819300
vt 0.332420 0.826088
vt 0.330474 0.817936
vt 0.330284 0.811450
vt 0.332918 0.811904
vt 0.338314 0.827134
vt 0.536377 0.628203
vt 0.536645 0.633934
vt 0.527185 0.631463
vt 0.337844 0.818416
vt 0.244042 0.964212
vt 0.253185 0.957032
vt 0.255282 0.964906
vt 0.706358 0.513975
vt 0.720199 0.506266
vt 0.717740 0.519282
vt 0.701385 0.521215
vt 0.258475 0.973555
vt 0.249520 0.944601
vt 0.691949 0.507412
vt 0.694458 0.502352
vt 0.275379 0.252442
vt 0.256819 0.238955
vt 0.280330 0.242744
vt 0.303595 0.350431
vt 0.300827 0.336516
vt 0.472952 0.324493
vt 0.456004 0.325777
vt 0.470078 0.310600
vt 0.301368 0.255496
vt 0.320375 0.347277
vt 0.292586 0.266262
vt 0.868006 0.281151
vt 0.875061 0.270678
vt 0.922988 0.287072
vt 0.354973 0.472691
vt 0.337014 0.452210
vt 0.359377 0.459111
vt 0.917688 0.299133
vt 0.853364 0.274346
vt 0.334220 0.538705
vt 0.330783 0.467534
vt 0.358563 0.538324
vt 0.691108 0.200304
vt 0.681551 0.195005
vt 0.692303 0.184272
vt 0.720109 0.188951
vt 0.718200 0.207414
vt 0.688568 0.215169
vt 0.678593 0.209253
vt 0.524742 0.802731
vt 0.534729 0.807693
vt 0.530831 0.819647
vt 0.513879 0.800753
vt 0.524440 0.816843
vt 0.555392 0.152564
vt 0.532836 0.153065
vt 0.536018 0.133038
vt 0.619339 0.718216
vt 0.620515 0.733901
vt 0.609804 0.725144
vt 0.558385 0.131584
vt 0.576764 0.150319
vt 0.607119 0.704655
vt 0.630810 0.730298
vt 0.316018 0.362274
vt 0.308966 0.362731
vt 0.678112 0.383607
vt 0.677132 0.377706
vt 0.686357 0.376365
vt 0.328062 0.359532
vt 0.330812 0.370560
vt 0.684171 0.390599
vt 0.013164 0.511161
vt 0.019979 0.529783
vt 0.007785 0.522696
vt 0.646942 0.759989
vt 0.660112 0.739551
vt 0.664884 0.757940
vt 0.496708 0.295479
vt 0.504288 0.310567
vt 0.495783 0.310628
vt 0.507419 0.291665
vt 0.482953 0.307837
vt 0.653624 0.776532
vt 0.488010 0.448681
vt 0.490224 0.435970
vt 0.497408 0.453322
vt 0.941941 0.903819
vt 0.952330 0.912405
vt 0.932998 0.890211
vt 0.949539 0.893746
vt 0.926951 0.895842
vt 0.950449 0.917066
vt 0.939217 0.907308
vt 0.128957 0.087308
vt 0.149605 0.111916
vt 0.112995 0.109087
vt 0.149432 0.086192
vt 0.106372 0.066243
vt 0.126583 0.062947
vt 0.108890 0.087630
vt 0.110532 0.560563
vt 0.102575 0.560685
vt 0.107411 0.554413
vt 0.118313 0.550294
vt 0.114578 0.581360
vt 0.102714 0.567470
vt 0.122153 0.575907
vt 0.629459 0.229928
vt 0.612681 0.247303
vt 0.635981 0.225841
vt 0.641019 0.239100
vt 0.413690 0.030219
vt 0.429078 0.026954
vt 0.429078 0.040471
vt 0.413596 0.017120
vt 0.418784 0.049718
vt 0.239487 0.272706
vt 0.237647 0.287168
vt 0.477168 0.393168
vt 0.451085 0.405395
vt 0.442019 0.391564
vt 0.442574 0.372043
vt 0.478535 0.379547
vt 0.254355 0.288546
vt 0.255686 0.273044
vt 0.821493 0.448931
vt 0.806993 0.438777
vt 0.829246 0.435000
vt 0.943518 0.125806
vt 0.919443 0.125193
vt 0.933125 0.102090
vt 0.959017 0.099428
vt 0.814102 0.463579
vt 0.797626 0.453839
vt 0.959940 0.123231
vt 0.263279 0.954672
vt 0.310424 0.211228
vt 0.331874 0.213013
vt 0.308903 0.221504
vt 0.293915 0.208194
vt 0.297824 0.191607
vt 0.291057 0.215864
vt 0.319520 0.196011
vt 0.796149 0.009801
vt 0.800913 0.021185
vt 0.790922 0.024084
vt 0.797952 0.000153
vt 0.805385 0.006487
vt 0.327803 0.989602
vt 0.331483 0.982369
vt 0.333896 0.987970
vt 0.784149 0.014989
vt 0.806973 0.012112
vt 0.325811 0.981099
vt 0.772233 0.265313
vt 0.772404 0.274420
vt 0.763588 0.274793
vt 0.783021 0.269215
vt 0.759328 0.261194
vt 0.767335 0.246547
vt 0.836340 0.664273
vt 0.846270 0.639601
vt 0.851699 0.646117
vt 0.822719 0.675163
vt 0.828978 0.652828
vt 0.853904 0.664363
vt 0.841400 0.677388
vt 0.051664 0.175450
vt 0.056690 0.182277
vt 0.050702 0.183882
vt 0.032023 0.174466
vt 0.054361 0.157035
vt 0.061826 0.173060
vt 0.920354 0.357043
vt 0.918635 0.338563
vt 0.929419 0.340038
vt 0.907766 0.346461
vt 0.930254 0.356531
vt 0.911964 0.360023
vt 0.924953 0.372094
vt 0.674578 0.234621
vt 0.676633 0.220934
vt 0.684282 0.227239
vt 0.497477 0.789247
vt 0.495147 0.763399
vt 0.693816 0.255901
vt 0.687974 0.265196
vt 0.669724 0.232894
vt 0.497957 0.796973
vt 0.744120 0.115135
vt 0.744636 0.126738
vt 0.739179 0.113737
vt 0.753399 0.101534
vt 0.753754 0.118439
vt 0.741424 0.103113
vt 0.900036 0.705723
vt 0.886446 0.682254
vt 0.902295 0.679903
vt 0.913581 0.682307
vt 0.917185 0.702689
vt 0.916040 0.731888
vt 0.761487 0.393856
vt 0.751157 0.419290
vt 0.741128 0.396571
vt 0.544222 0.386626
vt 0.547584 0.366946
vt 0.567137 0.369913
vt 0.363804 0.773010
vt 0.379710 0.783072
vt 0.380129 0.788557
vt 0.374259 0.814227
vt 0.715548 0.882182
vt 0.699409 0.884912
vt 0.697385 0.879387
vt 0.703899 0.916600
vt 0.363902 0.806237
vt 0.368037 0.770897
vt 0.349824 0.802898
vt 0.370619 0.754875
vt 0.060216 0.225743
vt 0.067280 0.235343
vt 0.066177 0.207085
vt 0.880801 0.144452
vt 0.875229 0.136642
vt 0.219895 0.294076
vt 0.203639 0.296125
vt 0.370962 0.274757
vt 0.371168 0.288652
vt 0.355607 0.286246
vt 0.353249 0.267772
vt 0.489227 0.545141
vt 0.469385 0.545701
vt 0.007688 0.495198
vt 0.021149 0.498049
vt 0.221676 0.964569
vt 0.072308 0.435671
vt 0.081982 0.449919
vt 0.070059 0.462515
vt 0.857813 0.991182
vt 0.857813 0.972828
vt 0.881518 0.990601
vt 0.237391 0.942846
vt 0.214101 0.979251
vt 0.237985 0.964912
vt 0.334482 0.346520
vt 0.247064 0.223251
vt 0.263472 0.229996
vt 0.527219 0.985917
vt 0.521798 0.989615
vt 0.519366 0.985403
vt 0.524856 0.977033
vt 0.533087 0.977776
vt 0.247293 0.098949
vt 0.234327 0.098389
vt 0.232374 0.090011
vt 0.251147 0.110895
vt 0.253730 0.088231
vt 0.269760 0.097441
vt 0.224922 0.854739
vt 0.226038 0.833050
vt 0.241751 0.848705
vt 0.228743 0.868093
vt 0.211689 0.863189
vt 0.209505 0.843785
vt 0.840253 0.634022
vt 0.170207 0.329239
vt 0.160405 0.310560
vt 0.176142 0.328118
vt 0.853945 0.623853
vt 0.158427 0.312385
vt 0.823652 0.648363
vt 0.841340 0.627671
vt 0.870121 0.015114
vt 0.868353 0.009078
vt 0.875738 0.009207
vt 0.662510 0.978860
vt 0.669829 0.985023
vt 0.662835 0.990686
vt 0.650845 0.984825
vt 0.650421 0.965612
vt 0.855752 0.014396
vt 0.671944 0.982632
vt 0.629282 0.086814
vt 0.610778 0.087462
vt 0.592985 0.062052
vt 0.626944 0.061333
vt 0.657579 0.089527
vt 0.996006 0.419563
vt 0.981627 0.431055
vt 0.972885 0.414870
vt 0.630267 0.103132
vt 0.987360 0.402664
vt 0.148455 0.287352
vt 0.145176 0.282609
vt 0.152508 0.285734
vt 0.155051 0.292682
vt 0.142295 0.288315
vt 0.420069 0.480863
vt 0.431183 0.466675
vt 0.439111 0.485352
vt 0.420548 0.499014
vt 0.684835 0.892709
vt 0.686269 0.896713
vt 0.669795 0.897370
vt 0.662494 0.867927
vt 0.054441 0.902679
vt 0.048283 0.911581
vt 0.034108 0.910909
vt 0.064727 0.897761
vt 0.068739 0.914677
vt 0.292052 0.990385
vt 0.291628 0.986183
vt 0.294311 0.990714
vt 0.220914 0.190643
vt 0.219665 0.195103
vt 0.216507 0.188687
vt 0.290096 0.991066
vt 0.221580 0.185588
vt 0.086800 0.114833
vt 0.073657 0.127767
vt 0.063708 0.119867
vt 0.507152 0.711221
vt 0.509027 0.718247
vt 0.497686 0.717546
vt 0.911865 0.416055
vt 0.902119 0.422925
vt 0.903685 0.400356
vt 0.510705 0.709525
vt 0.831065 0.403083
vt 0.854295 0.400107
vt 0.842031 0.420737
vt 0.204915 0.990644
vt 0.188336 0.986230
vt 0.202634 0.987925
vt 0.084233 0.133669
vt 0.486619 0.667138
vt 0.483947 0.678109
vt 0.468218 0.672885
vt 0.475850 0.657207
vt 0.496776 0.673354
vt 0.843035 0.220459
vt 0.821026 0.217092
vt 0.842480 0.202405
vt 0.104651 0.420315
vt 0.087179 0.425992
vt 0.099201 0.402034
vt 0.270441 0.965868
vt 0.698560 0.655418
vt 0.675819 0.649544
vt 0.693620 0.639355
vt 0.717840 0.654727
vt 0.701099 0.662184
vt 0.707897 0.640028
vt 0.682865 0.664039
vt 0.050375 0.855478
vt 0.063774 0.849296
vt 0.062738 0.875497
vt 0.047892 0.878501
vt 0.035367 0.857578
vt 0.302322 0.629366
vt 0.300561 0.614430
vt 0.291078 0.415104
vt 0.286357 0.434489
vt 0.399220 0.216704
vt 0.396563 0.236396
vt 0.391458 0.235462
vt 0.776129 0.793003
vt 0.782571 0.801279
vt 0.770430 0.806873
vt 0.512460 0.584242
vt 0.499190 0.575908
vt 0.514792 0.570993
vt 0.500771 0.597057
vt 0.553220 0.819415
vt 0.551087 0.823952
vt 0.542569 0.819665
vt 0.904842 0.590720
vt 0.899531 0.600950
vt 0.896286 0.594497
vt 0.919365 0.576255
vt 0.917756 0.595178
vt 0.908177 0.605083
vt 0.543385 0.808013
vt 0.559455 0.806742
vt 0.548847 0.731553
vt 0.539978 0.721026
vt 0.557722 0.725111
vt 0.532262 0.727507
vt 0.557676 0.747863
vt 0.536892 0.739578
vt 0.565829 0.737767
vt 0.883911 0.115882
vt 0.863072 0.117805
vt 0.887201 0.132996
vt 0.866572 0.135428
vt 0.897745 0.114569
vt 0.144473 0.480309
vt 0.156036 0.496544
vt 0.143253 0.496228
vt 0.156795 0.479928
vt 0.144694 0.339642
vt 0.129590 0.322972
vt 0.149865 0.328608
vt 0.131705 0.342072
vt 0.150671 0.352298
vt 0.161300 0.347366
vt 0.530554 0.333367
vt 0.514908 0.329533
vt 0.533694 0.315512
vt 0.494309 0.206904
vt 0.482343 0.217768
vt 0.482391 0.199854
vt 0.542397 0.331333
vt 0.491936 0.180373
vt 0.622730 0.150771
vt 0.615405 0.127133
vt 0.631758 0.134450
vt 0.607952 0.143498
vt 0.604368 0.147911
vt 0.620862 0.154652
vt 0.026856 0.294870
vt 0.024037 0.277539
vt 0.040297 0.279820
vt 0.009878 0.282755
vt 0.388484 0.845122
vt 0.407154 0.855901
vt 0.382243 0.862659
vt 0.043748 0.298581
vt 0.018701 0.309433
vt 0.126431 0.202513
vt 0.133013 0.224457
vt 0.118867 0.216158
vt 0.680661 0.293053
vt 0.674645 0.301128
vt 0.666421 0.286477
vt 0.108134 0.200554
vt 0.692644 0.291137
vt 0.605860 0.186449
vt 0.605883 0.169894
vt 0.710992 0.019116
vt 0.698680 0.028023
vt 0.688384 0.022726
vt 0.693401 0.013513
vt 0.854056 0.688493
vt 0.923436 0.964504
vt 0.928137 0.978395
vt 0.916876 0.976852
vt 0.125504 0.173179
vt 0.111348 0.173414
vt 0.113767 0.157378
vt 0.126471 0.185389
vt 0.928400 0.950646
vt 0.915360 0.949562
vt 0.004213 0.563119
vt 0.011212 0.565393
vt 0.006403 0.576213
vt 0.930990 0.326635
vt 0.919647 0.328034
vt 0.918745 0.316778
vt 0.930473 0.315541
vt 0.935175 0.322329
vt 0.010638 0.243119
vt 0.004681 0.220885
vt 0.011257 0.217550
vt 0.940867 0.330733
vt 0.334771 0.001227
vt 0.367029 0.015954
vt 0.335141 0.022433
vt 0.160188 0.275229
vt 0.169247 0.276521
vt 0.165280 0.283263
vt 0.156588 0.282541
vt 0.149653 0.277416
vt 0.160788 0.265207
vt 0.171782 0.270330
vt 0.893617 0.654910
vt 0.576896 0.395094
vt 0.528128 0.401413
vt 0.571715 0.352988
vt 0.576621 0.385836
vt 0.663395 0.852260
vt 0.511303 0.505499
vt 0.655158 0.829039
vt 0.661864 0.812502
vt 0.184839 0.526308
vt 0.183732 0.549633
vt 0.159261 0.547493
vt 0.160567 0.525314
vt 0.184215 0.502704
vt 0.243844 0.376849
vt 0.235420 0.374385
vt 0.256249 0.367561
vt 0.925556 0.279784
vt 0.882226 0.268073
vt 0.091103 0.092443
vt 0.069950 0.093984
vt 0.090492 0.087439
vt 0.931404 0.250740
vt 0.772465 0.217107
vt 0.799794 0.194588
vt 0.798660 0.214521
vt 0.085409 0.356013
vt 0.075260 0.388386
vt 0.068001 0.360930
vt 0.772619 0.196666
vt 0.093271 0.382929
vt 0.248572 0.567762
vt 0.258059 0.581166
vt 0.238825 0.585503
vt 0.257850 0.563145
vt 0.239206 0.552286
vt 0.227078 0.569273
vt 0.352795 0.206486
vt 0.351247 0.218798
vt 0.341513 0.195992
vt 0.331397 0.228376
vt 0.806064 0.978985
vt 0.807287 0.984935
vt 0.818533 0.979158
vt 0.805837 0.975354
vt 0.818252 0.975415
vt 0.074463 0.209335
vt 0.092502 0.215583
vt 0.079178 0.228790
vt 0.059789 0.194279
vt 0.082435 0.186363
vt 0.378399 0.861416
vt 0.363970 0.872145
vt 0.358922 0.860904
vt 0.094542 0.196080
vt 0.380748 0.877607
vt 0.371038 0.847308
vt 0.105822 0.938160
vt 0.104092 0.917395
vt 0.115723 0.934556
vt 0.117239 0.937649
vt 0.083087 0.843929
vt 0.067864 0.843929
vt 0.078738 0.808648
vt 0.089668 0.808212
vt 0.582577 0.179099
vt 0.586666 0.196258
vt 0.579663 0.191339
vt 0.590699 0.180187
vt 0.099457 0.841364
vt 0.590445 0.140209
vt 0.608671 0.139074
vt 0.590491 0.155697
vt 0.591631 0.125745
vt 0.577218 0.128460
vt 0.130688 0.147283
vt 0.130209 0.126252
vt 0.157124 0.123425
vt 0.726108 0.865471
vt 0.715458 0.868218
vt 0.711454 0.863656
vt 0.733154 0.611112
vt 0.729416 0.610438
vt 0.729425 0.869693
vt 0.735467 0.614679
vt 0.725171 0.862326
vt 0.680338 0.760609
vt 0.702866 0.781728
vt 0.684538 0.780422
vt 0.697567 0.762416
vt 0.669720 0.778779
vt 0.632812 0.429302
vt 0.603958 0.440722
vt 0.605585 0.423268
vt 0.639130 0.447819
vt 0.632370 0.446012
vt 0.631567 0.414601
vt 0.639526 0.431371
vt 0.392972 0.990789
vt 0.391646 0.966979
vt 0.427547 0.966979
vt 0.576533 0.641046
vt 0.601263 0.627305
vt 0.588010 0.651412
vt 0.427887 0.991244
vt 0.307460 0.677725
vt 0.290207 0.671399
vt 0.299146 0.658845
vt 0.309683 0.688918
vt 0.314546 0.682023
vt 0.313061 0.673709
vt 0.295849 0.685575
vt 0.093884 0.614054
vt 0.114180 0.627164
vt 0.095165 0.630135
vt 0.476204 0.089605
vt 0.474528 0.070402
vt 0.491984 0.072101
vt 0.458094 0.088689
vt 0.461594 0.109069
vt 0.074191 0.610514
vt 0.478095 0.109275
vt 0.236848 0.153773
vt 0.228541 0.168715
vt 0.226220 0.150943
vt 0.247104 0.169137
vt 0.238609 0.143437
vt 0.256283 0.158212
vt 0.872526 0.459618
vt 0.879326 0.473479
vt 0.875671 0.476536
vt 0.875870 0.457165
vt 0.867966 0.444096
vt 0.863129 0.468308
vt 0.773811 0.325370
vt 0.760102 0.313931
vt 0.778341 0.305561
vt 0.800821 0.314283
vt 0.794091 0.326029
vt 0.770613 0.339332
vt 0.753281 0.321941
vt 0.088965 0.561325
vt 0.088203 0.548806
vt 0.102322 0.018236
vt 0.108024 0.025627
vt 0.095797 0.027590
vt 0.096285 0.552238
vt 0.109898 0.015455
vt 0.084697 0.011283
vt 0.892228 0.810637
vt 0.868264 0.815610
vt 0.883027 0.796208
vt 0.909009 0.798308
vt 0.906089 0.826587
vt 0.888325 0.781932
vt 0.885144 0.838372
vt 0.457144 0.506484
vt 0.483416 0.497500
vt 0.486204 0.509056
vt 0.446223 0.515731
vt 0.448636 0.502474
vt 0.462013 0.485497
vt 0.457963 0.519613
vt 0.435868 0.252292
vt 0.457960 0.255136
vt 0.421818 0.260004
vt 0.421777 0.243558
vt 0.063437 0.690472
vt 0.088293 0.692443
vt 0.065588 0.709666
vt 0.036612 0.705064
vt 0.034043 0.685463
vt 0.998264 0.096645
vt 0.978491 0.102405
vt 0.988491 0.089113
vt 0.206490 0.399507
vt 0.193850 0.404962
vt 0.194903 0.381731
vt 0.220508 0.392885
vt 0.213433 0.414658
vt 0.988138 0.110117
vt 0.711236 0.029035
vt 0.715809 0.003681
vt 0.719742 0.022983
vt 0.514721 0.879972
vt 0.526824 0.868429
vt 0.527961 0.876107
vt 0.520203 0.866911
vt 0.704522 0.045218
vt 0.701253 0.040510
vt 0.715608 0.034737
vt 0.681571 0.031625
vt 0.766719 0.237884
vt 0.776403 0.242571
vt 0.757299 0.241610
vt 0.768295 0.221545
vt 0.775314 0.230508
vt 0.235118 0.753278
vt 0.214958 0.761463
vt 0.216244 0.736875
vt 0.226892 0.721491
vt 0.229306 0.773072
vt 0.248553 0.768794
vt 0.892213 0.038279
vt 0.886177 0.048764
vt 0.881420 0.033358
vt 0.896122 0.054799
vt 0.883783 0.019921
vt 0.300339 0.282723
vt 0.295759 0.267000
vt 0.313880 0.269552
vt 0.320039 0.289789
vt 0.302581 0.294217
vt 0.283686 0.274046
vt 0.315925 0.279650
vt 0.286178 0.289405
vt 0.668383 0.900697
vt 0.685891 0.922415
vt 0.654400 0.896503
vt 0.667379 0.922157
vt 0.650554 0.900720
vt 0.553316 0.210174
vt 0.577284 0.197316
vt 0.484370 0.817384
vt 0.461361 0.822486
vt 0.478674 0.800238
vt 0.503466 0.819276
vt 0.488939 0.831320
vt 0.871367 0.614098
vt 0.885909 0.610552
vt 0.901774 0.627809
vt 0.583991 0.237497
vt 0.751547 0.130250
vt 0.757324 0.138705
vt 0.744201 0.133655
vt 0.760843 0.134373
vt 0.767469 0.126887
vt 0.651807 0.013071
vt 0.650382 0.016716
vt 0.645779 0.015586
vt 0.656606 0.009813
vt 0.657826 0.016086
vt 0.642512 0.001574
vt 0.392710 0.133504
vt 0.404919 0.147570
vt 0.384963 0.147083
vt 0.378995 0.119658
vt 0.404961 0.117886
vt 0.843902 0.450166
vt 0.835089 0.423019
vt 0.853829 0.435752
vt 0.822110 0.743206
vt 0.831521 0.725899
vt 0.848882 0.733990
vt 0.177988 0.008266
vt 0.198377 0.014290
vt 0.179187 0.017669
vt 0.253980 0.926217
vt 0.265990 0.914685
vt 0.271526 0.928362
vt 0.238996 0.920416
vt 0.247999 0.912820
vt 0.254282 0.939852
vt 0.239433 0.929792
vt 0.495052 0.932164
vt 0.887316 0.368396
vt 0.873438 0.345510
vt 0.891263 0.346299
vt 0.898176 0.362301
vt 0.906675 0.379988
vt 0.896085 0.393323
vt 0.875006 0.379689
vt 0.869326 0.365936
vt 0.130178 0.804208
vt 0.126555 0.799704
vt 0.139522 0.794432
vt 0.139830 0.802685
vt 0.138774 0.808421
vt 0.124355 0.815596
vt 0.133184 0.813966
vt 0.990781 0.616132
vt 0.976453 0.609503
vt 0.986922 0.584706
vt 0.992484 0.636173
vt 0.976859 0.630364
vt 0.971672 0.624697
vt 0.902998 0.906435
vt 0.907818 0.891255
vt 0.914482 0.896094
vt 0.888583 0.973100
vt 0.888583 0.959033
vt 0.899592 0.967163
vt 0.914276 0.913886
vt 0.317990 0.557457
vt 0.338114 0.553885
vt 0.339413 0.578545
vt 0.120137 0.542784
vt 0.130742 0.541049
vt 0.950944 0.190261
vt 0.936076 0.199836
vt 0.385283 0.041053
vt 0.401925 0.055721
vt 0.384871 0.060618
vt 0.233175 0.636439
vt 0.221659 0.589567
vt 0.216862 0.613334
vt 0.676986 0.454478
vt 0.650046 0.449614
vt 0.673429 0.434225
vt 0.052863 0.501517
vt 0.066522 0.520167
vt 0.049099 0.525097
vt 0.033016 0.509621
vt 0.670962 0.471279
vt 0.850382 0.458110
vt 0.860939 0.476214
vt 0.831763 0.476801
vt 0.814394 0.467128
vt 0.951104 0.814489
vt 0.946322 0.839345
vt 0.912848 0.836417
vt 0.195586 0.312487
vt 0.209185 0.339829
vt 0.190209 0.332842
vt 0.980094 0.815026
vt 0.978676 0.840640
vt 0.183336 0.318700
vt 0.230766 0.330617
vt 0.953182 0.799080
vt 0.349849 0.876856
vt 0.361583 0.887798
vt 0.349803 0.888724
vt 0.339915 0.856381
vt 0.595276 0.177765
vt 0.684425 0.015451
vt 0.687856 0.001032
vt 0.051065 0.101097
vt 0.036888 0.087112
vt 0.046094 0.087375
vt 0.074465 0.111409
vt 0.050091 0.116591
vt 0.042338 0.106821
vt 0.418569 0.730007
vt 0.426609 0.728037
vt 0.429770 0.742120
vt 0.912671 0.151059
vt 0.908979 0.161228
vt 0.896908 0.161522
vt 0.896105 0.150542
vt 0.917657 0.150647
vt 0.907789 0.141631
vt 0.921266 0.141132
vt 0.267818 0.020201
vt 0.283207 0.029448
vt 0.265256 0.032822
vt 0.284271 0.023411
vt 0.254755 0.015653
vt 0.265670 0.013812
vt 0.560298 0.715725
vt 0.576623 0.718066
vt 0.553807 0.697085
vt 0.568232 0.698389
vt 0.545762 0.713380
vt 0.492415 0.261015
vt 0.475973 0.282231
vt 0.453635 0.275112
vt 0.475633 0.259473
vt 0.510073 0.247385
vt 0.499969 0.242790
vt 0.619027 0.264884
vt 0.607618 0.278955
vt 0.609087 0.253534
vt 0.623639 0.261425
vt 0.273038 0.840492
vt 0.251759 0.838847
vt 0.273228 0.827693
vt 0.272584 0.852356
vt 0.206481 0.236143
vt 0.191691 0.256790
vt 0.193046 0.235817
vt 0.205317 0.266050
vt 0.557280 0.523150
vt 0.537628 0.540324
vt 0.536411 0.520433
vt 0.579990 0.503830
vt 0.556821 0.503588
vt 0.260120 0.665818
vt 0.250248 0.657095
vt 0.248863 0.670011
vt 0.274727 0.663415
vt 0.266773 0.671708
vt 0.485672 0.175340
vt 0.471951 0.156433
vt 0.491929 0.163359
vt 0.474856 0.181841
vt 0.478503 0.192218
vt 0.372823 0.210730
vt 0.364920 0.199639
vt 0.961720 0.438121
vt 0.953804 0.442365
vt 0.950785 0.433711
vt 0.819394 0.984396
vt 0.005353 0.552613
vt 0.011100 0.547791
vt 0.010710 0.563777
vt 0.936189 0.316170
vt 0.003746 0.227774
vt 0.011055 0.247961
vt 0.003746 0.248303
vt 0.182644 0.910994
vt 0.168035 0.937805
vt 0.163043 0.908134
vt 0.680721 0.014373
vt 0.675039 0.029253
vt 0.672340 0.028048
vt 0.369443 0.304536
vt 0.384682 0.304962
vt 0.372064 0.318835
vt 0.361483 0.317131
vt 0.680212 0.003912
vt 0.672042 0.000724
vt 0.045160 0.125046
vt 0.039415 0.154305
vt 0.031452 0.127414
vt 0.071478 0.133520
vt 0.032306 0.118365
vt 0.051467 0.151884
vt 0.810303 0.273472
vt 0.820451 0.273144
vt 0.812243 0.285988
vt 0.606591 0.124915
vt 0.607995 0.114555
vt 0.334669 0.029902
vt 0.333148 0.042221
vt 0.320067 0.030589
vt 0.828208 0.914381
vt 0.848427 0.919945
vt 0.844847 0.926568
vt 0.683591 0.492320
vt 0.686998 0.491291
vt 0.840691 0.928334
vt 0.825474 0.915951
vt 0.681321 0.508585
vt 0.676270 0.492913
vt 0.831480 0.908723
vt 0.208724 0.117695
vt 0.205312 0.130546
vt 0.201448 0.122317
vt 0.198573 0.116278
vt 0.212749 0.112136
vt 0.216949 0.131996
vt 0.548196 0.988844
vt 0.537302 0.971312
vt 0.552344 0.973363
vt 0.562074 0.989145
vt 0.891436 0.203791
vt 0.882572 0.222060
vt 0.878364 0.195374
vt 0.641595 0.892234
vt 0.634215 0.876916
vt 0.635672 0.897478
vt 0.493462 0.371471
vt 0.666980 0.923219
vt 0.685970 0.927837
vt 0.666914 0.940287
vt 0.645478 0.925072
vt 0.640226 0.961673
vt 0.628925 0.953829
vt 0.641250 0.952337
vt 0.651328 0.957522
vt 0.466437 0.718934
vt 0.482252 0.724864
vt 0.481457 0.738686
vt 0.472159 0.745880
vt 0.445314 0.717743
vt 0.020442 0.466422
vt 0.214014 0.051276
vt 0.183273 0.052665
vt 0.184035 0.029976
vt 0.213511 0.056621
vt 0.948897 0.262782
vt 0.963665 0.275173
vt 0.944481 0.266032
vt 0.963912 0.247350
vt 0.214729 0.030208
vt 0.372133 0.697292
vt 0.390390 0.696313
vt 0.382821 0.706250
vt 0.365804 0.711640
vt 0.374823 0.685636
vt 0.354400 0.705686
vt 0.758777 0.663281
vt 0.741857 0.651276
vt 0.358143 0.685550
vt 0.443790 0.932444
vt 0.160441 0.773170
vt 0.153234 0.757645
vt 0.022595 0.417043
vt 0.022595 0.437109
vt 0.006979 0.416025
vt 0.006197 0.393932
vt 0.723028 0.539401
vt 0.742376 0.538636
vt 0.736368 0.521406
vt 0.420990 0.593155
vt 0.718477 0.521973
vt 0.146517 0.857266
vt 0.132926 0.856202
vt 0.158038 0.861192
vt 0.138633 0.878039
vt 0.529892 0.073541
vt 0.549776 0.068059
vt 0.549468 0.085228
vt 0.519691 0.065774
vt 0.689975 0.600335
vt 0.692091 0.614144
vt 0.678891 0.608024
vt 0.697448 0.601199
vt 0.944976 0.233017
vt 0.934910 0.222951
vt 0.946153 0.212400
vt 0.705131 0.869419
vt 0.700443 0.865360
vt 0.716542 0.881586
vt 0.956089 0.225699
vt 0.966612 0.242941
vt 0.297869 0.715950
vt 0.313533 0.710219
vt 0.741674 0.663548
vt 0.722022 0.637584
vt 0.309136 0.697823
vt 0.293234 0.719001
vt 0.280680 0.703220
vt 0.388327 0.000146
vt 0.392299 0.026728
vt 0.377260 0.009766
vt 0.407033 0.020457
vt 0.006660 0.256222
vt 0.020187 0.257728
vt 0.769761 0.287610
vt 0.783508 0.284942
vt 0.955233 0.966442
vt 0.937988 0.951598
vt 0.952346 0.938295
vt 0.124662 0.927062
vt 0.137153 0.923692
vt 0.126328 0.934189
vt 0.968985 0.962876
vt 0.576844 0.776210
vt 0.580148 0.760349
vt 0.589579 0.771388
vt 0.559592 0.774514
vt 0.552168 0.761698
vt 0.238023 0.028440
vt 0.249666 0.044224
vt 0.235237 0.036049
vt 0.251639 0.026898
vt 0.010229 0.350691
vt 0.012848 0.350230
vt 0.011263 0.363276
vt 0.007074 0.350744
vt 0.009552 0.328845
vt 0.868242 0.327580
vt 0.866331 0.344537
vt 0.445769 0.016015
vt 0.430374 0.004180
vt 0.447025 0.005887
vt 0.473016 0.007850
vt 0.886571 0.332268
vt 0.983960 0.025865
vt 0.967753 0.051612
vt 0.961060 0.033185
vt 0.882828 0.317441
vt 0.476001 0.025495
vt 0.443061 0.205677
vt 0.426162 0.204699
vt 0.442198 0.197807
vt 0.440800 0.216108
vt 0.425417 0.208681
vt 0.461646 0.215239
vt 0.463822 0.204213
vt 0.943766 0.924230
vt 0.939980 0.933005
vt 0.926816 0.917160
vt 0.959263 0.928627
vt 0.210389 0.840967
vt 0.181450 0.841044
vt 0.200081 0.823812
vt 0.379701 0.961993
vt 0.379701 0.991221
vt 0.356032 0.982981
vt 0.232657 0.820978
vt 0.556893 0.671582
vt 0.542447 0.684803
vt 0.529380 0.647032
vt 0.549655 0.659817
vt 0.227138 0.498915
vt 0.230806 0.483932
vt 0.217311 0.498660
vt 0.225595 0.523592
vt 0.239899 0.178547
vt 0.228133 0.178531
vt 0.242783 0.174457
vt 0.281894 0.988179
vt 0.280691 0.983256
vt 0.286098 0.987345
vt 0.233115 0.186024
vt 0.280519 0.988565
vt 0.893364 0.459188
vt 0.895036 0.472419
vt 0.879508 0.487974
vt 0.885547 0.485132
vt 0.515982 0.620353
vt 0.517657 0.629955
vt 0.508822 0.623548
vt 0.328155 0.831794
vt 0.321372 0.832438
vt 0.317749 0.824505
vt 0.329188 0.824866
vt 0.331596 0.829911
vt 0.329546 0.833380
vt 0.332355 0.836176
vt 0.103888 0.496384
vt 0.086065 0.480164
vt 0.149668 0.073625
vt 0.149281 0.052171
vt 0.114604 0.483975
vt 0.095397 0.510053
vt 0.151539 0.094315
vt 0.866825 0.775183
vt 0.855997 0.794123
vt 0.851565 0.772812
vt 0.900304 0.002784
vt 0.878031 0.761974
vt 0.861046 0.758521
vt 0.317812 0.430551
vt 0.822483 0.848126
vt 0.313948 0.183416
vt 0.349653 0.139886
vt 0.347473 0.165613
vt 0.202705 0.893943
vt 0.229364 0.880788
vt 0.231554 0.894480
vt 0.204490 0.878427
vt 0.182083 0.885359
vt 0.338204 0.184413
vt 0.286257 0.162846
vt 0.859773 0.629513
vt 0.501206 0.859077
vt 0.499587 0.874820
vt 0.490348 0.864140
vt 0.507364 0.870441
vt 0.493182 0.856757
vt 0.066131 0.180571
vt 0.910244 0.378126
vt 0.903276 0.360168
vt 0.918829 0.392623
vt 0.916005 0.395291
vt 0.917323 0.375445
vt 0.156628 0.905068
vt 0.166873 0.877761
vt 0.223034 0.911506
vt 0.030334 0.644304
vt 0.089210 0.663087
vt 0.065822 0.683717
vt 0.140977 0.911618
vt 0.143065 0.888078
vt 0.153848 0.932971
vt 0.024929 0.669710
vt 0.181188 0.274722
vt 0.177681 0.281027
vt 0.171872 0.286986
vt 0.902795 0.652153
vt 0.904465 0.632473
vt 0.938231 0.656866
vt 0.300965 0.913993
vt 0.292863 0.891106
vt 0.306728 0.897187
vt 0.798749 0.506955
vt 0.786975 0.509950
vt 0.785425 0.496019
vt 0.802876 0.496772
vt 0.312385 0.923652
vt 0.287665 0.916244
vt 0.600703 0.242298
vt 0.875663 0.558179
vt 0.868156 0.545975
vt 0.861876 0.563427
vt 0.862303 0.553948
vt 0.238770 0.297956
vt 0.822488 0.413201
vt 0.792521 0.430889
vt 0.801063 0.417540
vt 0.113338 0.642361
vt 0.133144 0.639607
vt 0.094633 0.644662
vt 0.114022 0.657664
vt 0.639054 0.540074
vt 0.633349 0.553009
vt 0.624802 0.543547
vt 0.151520 0.405328
vt 0.159220 0.417588
vt 0.148104 0.389349
vt 0.144016 0.416279
vt 0.634884 0.524152
vt 0.638406 0.522961
vt 0.011270 0.215682
vt 0.010065 0.206406
vt 0.778120 0.975156
vt 0.791183 0.974448
vt 0.233942 0.105747
vt 0.238968 0.112448
vt 0.217371 0.099790
vt 0.296296 0.984053
vt 0.291928 0.981085
vt 0.211957 0.203339
vt 0.222129 0.203105
vt 0.215901 0.214019
vt 0.211680 0.217442
vt 0.201142 0.201816
vt 0.201816 0.215668
vt 0.562439 0.860454
vt 0.557094 0.864108
vt 0.648297 0.336433
vt 0.763326 0.305055
vt 0.751550 0.301665
vt 0.741949 0.315827
vt 0.748553 0.310260
vt 0.797605 0.169948
vt 0.820524 0.198299
vt 0.818316 0.172216
vt 0.409384 0.743795
vt 0.403013 0.731884
vt 0.414046 0.739999
vt 0.500854 0.080997
vt 0.416700 0.744220
vt 0.500865 0.090577
vt 0.482846 0.084154
vt 0.411236 0.747320
vt 0.582895 0.925252
vt 0.563891 0.893343
vt 0.582895 0.891755
vt 0.562312 0.926370
vt 0.603361 0.924413
vt 0.500812 0.563343
vt 0.483633 0.554148
vt 0.504732 0.555135
vt 0.514591 0.558549
vt 0.067592 0.527109
vt 0.082366 0.028835
vt 0.085622 0.527717
vt 0.085768 0.034248
vt 0.073085 0.033568
vt 0.117940 0.256600
vt 0.130235 0.231029
vt 0.131041 0.263513
vt 0.407407 0.694592
vt 0.404130 0.707596
vt 0.397875 0.686530
vt 0.538851 0.925999
vt 0.542187 0.893998
vt 0.969451 0.113922
vt 0.155989 0.511306
vt 0.657651 0.731409
vt 0.483871 0.315464
vt 0.061968 0.297540
vt 0.042753 0.287067
vt 0.042401 0.283740
vt 0.088191 0.281953
vt 0.087296 0.293454
vt 0.064770 0.316345
vt 0.058492 0.301117
vt 0.805101 0.561956
vt 0.810440 0.545650
vt 0.834371 0.562969
vt 0.907702 0.864468
vt 0.942705 0.868431
vt 0.254662 0.322633
vt 0.263681 0.350083
vt 0.960417 0.462880
vt 0.984930 0.460735
vt 0.962113 0.485517
vt 0.062872 0.782797
vt 0.037548 0.804960
vt 0.038316 0.780649
vt 0.062396 0.807283
vt 0.660485 0.318249
vt 0.665190 0.307460
vt 0.675684 0.325987
vt 0.666901 0.323953
vt 0.177146 0.028140
vt 0.162018 0.003694
vt 0.177146 0.000652
vt 0.160129 0.027850
vt 0.574675 0.986482
vt 0.563006 0.977828
vt 0.578265 0.976829
vt 0.969456 0.023750
vt 0.956522 0.016691
vt 0.977229 0.014167
vt 0.981927 0.025528
vt 0.959779 0.026153
vt 0.929477 0.225154
vt 0.887767 0.249500
vt 0.896362 0.232227
vt 0.911466 0.223117
vt 0.926012 0.211317
vt 0.050391 0.094937
vt 0.048398 0.085358
vt 0.069075 0.083498
vt 0.220783 0.011462
vt 0.219482 0.017519
vt 0.217495 0.011987
vt 0.221945 0.006139
vt 0.224579 0.018574
vt 0.249560 0.012552
vt 0.254053 0.006817
vt 0.135847 0.655792
vt 0.119881 0.669461
vt 0.201735 0.574605
vt 0.210837 0.550322
vt 0.215547 0.573640
vt 0.147883 0.659518
vt 0.139480 0.668516
vt 0.146293 0.637168
vt 0.960257 0.489877
vt 0.939140 0.472142
vt 0.142855 0.918687
vt 0.120586 0.921817
vt 0.131218 0.894242
vt 0.707999 0.929639
vt 0.734339 0.041437
vt 0.750595 0.035086
vt 0.763904 0.060462
vt 0.745677 0.904224
vt 0.759510 0.899671
vt 0.306656 0.069229
vt 0.289060 0.079846
vt 0.286550 0.094085
vt 0.305741 0.088490
vt 0.318197 0.043541
vt 0.652242 0.943210
vt 0.632545 0.932396
vt 0.978860 0.142619
vt 0.960905 0.143886
vt 0.079209 0.566392
vt 0.063045 0.572964
vt 0.070901 0.556432
vt 0.071450 0.583621
vt 0.049221 0.970271
vt 0.046201 0.990719
vt 0.041577 0.976357
vt 0.034987 0.970609
vt 0.696951 0.361775
vt 0.710542 0.368269
vt 0.699285 0.371301
vt 0.679221 0.354626
vt 0.684345 0.346752
vt 0.685514 0.369570
vt 0.708855 0.354369
vt 0.697446 0.337141
vt 0.339038 0.974133
vt 0.341201 0.949055
vt 0.348342 0.975535
vt 0.980956 0.457235
vt 0.993461 0.459819
vt 0.320520 0.946293
vt 0.968307 0.435175
vt 0.320336 0.974015
vt 0.974214 0.458344
vt 0.162738 0.285403
vt 0.170119 0.288021
vt 0.166723 0.292898
vt 0.154541 0.285345
vt 0.159665 0.287616
vt 0.526890 0.616459
vt 0.532411 0.595391
vt 0.547120 0.618004
vt 0.542650 0.632804
vt 0.104786 0.770223
vt 0.112088 0.787106
vt 0.112483 0.747786
vt 0.507458 0.614348
vt 0.509883 0.591418
vt 0.511580 0.372478
vt 0.498910 0.371708
vt 0.509061 0.358050
vt 0.510995 0.389163
vt 0.525628 0.387372
vt 0.654075 0.124995
vt 0.639522 0.118410
vt 0.660064 0.110724
vt 0.675084 0.117856
vt 0.668283 0.132120
vt 0.645872 0.141720
vt 0.493859 0.731308
vt 0.484296 0.723292
vt 0.526933 0.748473
vt 0.493478 0.762793
vt 0.912369 0.178040
vt 0.138461 0.560512
vt 0.151609 0.569157
vt 0.891276 0.173393
vt 0.753827 0.602209
vt 0.558715 0.688246
vt 0.562105 0.685790
vt 0.470155 0.930523
vt 0.752988 0.510169
vt 0.761138 0.536225
vt 0.753818 0.550163
vt 0.071064 0.790098
vt 0.069925 0.781994
vt 0.080348 0.787444
vt 0.063256 0.810794
vt 0.109694 0.978500
vt 0.117090 0.978000
vt 0.116679 0.987490
vt 0.117789 0.964001
vt 0.678177 0.618225
vt 0.665331 0.613541
vt 0.932539 0.389133
vt 0.187764 0.372315
vt 0.182334 0.355479
vt 0.178538 0.376147
vt 0.442543 0.186798
vt 0.457461 0.182246
vt 0.462448 0.193424
vt 0.423993 0.194317
vt 0.429804 0.179864
vt 0.348086 0.340718
vt 0.351638 0.333733
vt 0.358778 0.350976
vt 0.346356 0.350693
vt 0.893293 0.874361
vt 0.896280 0.896060
vt 0.868959 0.891243
vt 0.883587 0.858999
vt 0.905213 0.834017
vt 0.806237 0.965414
vt 0.748756 0.938611
vt 0.826051 0.934328
vt 0.579882 0.977823
vt 0.592083 0.955958
vt 0.600211 0.968344
vt 0.311456 0.808920
vt 0.308481 0.819454
vt 0.304234 0.809143
vt 0.310880 0.801079
vt 0.316032 0.805326
vt 0.311708 0.816778
vt 0.317248 0.811095
vt 0.586120 0.251299
vt 0.595889 0.265518
vt 0.744922 0.076154
vt 0.766471 0.079221
vt 0.752423 0.066903
vt 0.731716 0.090771
vt 0.722782 0.077461
vt 0.745127 0.065239
vt 0.732353 0.062675
vt 0.430524 0.393720
vt 0.435292 0.409144
vt 0.417199 0.415743
vt 0.412350 0.399571
vt 0.430631 0.375577
vt 0.645498 0.019454
vt 0.640952 0.020482
vt 0.643367 0.024635
vt 0.650060 0.021180
vt 0.390398 0.568255
vt 0.398201 0.581991
vt 0.375839 0.585186
vt 0.373924 0.507050
vt 0.391828 0.509062
vt 0.372317 0.571819
vt 0.428197 0.553990
vt 0.875865 0.440580
vt 0.012428 0.328503
vt 0.009691 0.312095
vt 0.013273 0.311956
vt 0.299863 0.849540
vt 0.296798 0.870076
vt 0.274257 0.841792
vt 0.622760 0.870174
vt 0.634744 0.859898
vt 0.638494 0.874404
vt 0.101830 0.285816
vt 0.123114 0.295966
vt 0.106500 0.301740
vt 0.120900 0.282832
vt 0.093865 0.304619
vt 0.088573 0.288300
vt 0.252696 0.376566
vt 0.261469 0.381350
vt 0.248952 0.384391
vt 0.048822 0.608467
vt 0.032736 0.600085
vt 0.036580 0.593261
vt 0.031497 0.625389
vt 0.052563 0.600678
vt 0.061899 0.604919
vt 0.204815 0.967197
vt 0.187887 0.983841
vt 0.062149 0.625573
vt 0.611082 0.002742
vt 0.585519 0.023361
vt 0.581511 0.002742
vt 0.432669 0.682215
vt 0.411721 0.686874
vt 0.414505 0.655056
vt 0.880028 0.549001
vt 0.339111 0.282439
vt 0.335028 0.273953
vt 0.340069 0.284222
vt 0.402415 0.757876
vt 0.435723 0.767505
vt 0.426142 0.777202
vt 0.415544 0.783823
vt 0.399193 0.786823
vt 0.968226 0.604805
vt 0.449260 0.531066
vt 0.432683 0.359902
vt 0.028239 0.015825
vt 0.043914 0.014453
vt 0.030209 0.032942
vt 0.013171 0.033852
vt 0.011976 0.014772
vt 0.449293 0.358584
vt 0.463923 0.532932
vt 0.766402 0.571784
vt 0.759508 0.591573
vt 0.747848 0.604583
vt 0.863280 0.932363
vt 0.867733 0.916090
vt 0.851191 0.906914
vt 0.277315 0.751602
vt 0.284113 0.765664
vt 0.271469 0.770175
vt 0.609359 0.627018
vt 0.622650 0.619364
vt 0.269898 0.737978
vt 0.903470 0.911635
vt 0.913889 0.915021
vt 0.903077 0.931552
vt 0.772833 0.849810
vt 0.776052 0.848127
vt 0.779845 0.867052
vt 0.175767 0.319144
vt 0.775533 0.878421
vt 0.749627 0.285615
vt 0.772741 0.296095
vt 0.707301 0.916813
vt 0.705798 0.931053
vt 0.502806 0.422485
vt 0.660808 0.794967
vt 0.675055 0.796371
vt 0.810922 0.685965
vt 0.789873 0.884391
vt 0.804472 0.864618
vt 0.787988 0.896246
vt 0.806207 0.903286
vt 0.517784 0.886783
vt 0.492298 0.896710
vt 0.477903 0.887984
vt 0.236219 0.116959
vt 0.251719 0.129031
vt 0.243115 0.138022
vt 0.229193 0.123365
vt 0.302787 0.650847
vt 0.316072 0.668151
vt 0.289813 0.638228
vt 0.313663 0.649753
vt 0.352951 0.939793
vt 0.921500 0.293873
vt 0.934971 0.276488
vt 0.935769 0.305169
vt 0.358814 0.926066
vt 0.597613 0.712060
vt 0.592638 0.694765
vt 0.603583 0.685083
vt 0.513716 0.139262
vt 0.652333 0.665006
vt 0.653946 0.670562
vt 0.628656 0.671672
vt 0.368243 0.890833
vt 0.367417 0.918377
vt 0.362414 0.892090
vt 0.381938 0.889211
vt 0.646531 0.651199
vt 0.518926 0.256133
vt 0.455853 0.288487
vt 0.480196 0.292419
vt 0.242646 0.531921
vt 0.224108 0.543833
vt 0.987794 0.129735
vt 0.996973 0.138337
vt 0.969455 0.133901
vt 0.945881 0.988989
vt 0.339646 0.811422
vt 0.331258 0.805514
vt 0.332447 0.800801
vt 0.078805 0.264731
vt 0.072348 0.258095
vt 0.090549 0.255526
vt 0.546354 0.637018
vt 0.180234 0.572568
vt 0.233707 0.389241
vt 0.892598 0.229964
vt 0.382095 0.951673
vt 0.365491 0.939444
vt 0.368790 0.927909
vt 0.372134 0.966764
vt 0.943497 0.337452
vt 0.955599 0.322944
vt 0.967977 0.334097
vt 0.998425 0.231066
vt 0.992109 0.251839
vt 0.979704 0.232889
vt 0.992956 0.215712
vt 0.389176 0.932546
vt 0.617243 0.193716
vt 0.621379 0.198189
vt 0.655916 0.262076
vt 0.637373 0.267305
vt 0.651716 0.246364
vt 0.992710 0.934454
vt 0.989279 0.936613
vt 0.979309 0.930730
vt 0.600951 0.201949
vt 0.191385 0.293802
vt 0.185464 0.283219
vt 0.323929 0.847429
vt 0.227336 0.693396
vt 0.217611 0.706664
vt 0.207012 0.697232
vt 0.216742 0.682413
vt 0.236802 0.680175
vt 0.666814 0.352548
vt 0.670214 0.343119
vt 0.233145 0.707949
vt 0.373824 0.162136
vt 0.360487 0.167076
vt 0.375500 0.143406
vt 0.382152 0.153603
vt 0.377945 0.182841
vt 0.385423 0.162741
vt 0.376900 0.353277
vt 0.373402 0.335873
vt 0.385107 0.342670
vt 0.362318 0.370270
vt 0.359485 0.360003
vt 0.373210 0.365612
vt 0.365115 0.349972
vt 0.776487 0.952807
vt 0.754617 0.990103
vt 0.777860 0.990155
vt 0.113234 0.887827
vt 0.103083 0.915836
vt 0.083366 0.910054
vt 0.092687 0.881081
vt 0.123975 0.856366
vt 0.858769 0.365599
vt 0.853872 0.381965
vt 0.849171 0.366509
vt 0.846004 0.362994
vt 0.858561 0.361574
vt 0.862650 0.366000
vt 0.188368 0.234240
vt 0.191184 0.222468
vt 0.200678 0.231726
vt 0.196063 0.691505
vt 0.205327 0.674911
vt 0.301388 0.352515
vt 0.293608 0.357692
vt 0.191383 0.701518
vt 0.312548 0.027488
vt 0.305083 0.026108
vt 0.309331 0.022772
vt 0.532464 0.868525
vt 0.104165 0.182924
vt 0.101817 0.170247
vt 0.537017 0.871124
vt 0.120105 0.187691
vt 0.825481 0.346716
vt 0.842830 0.355350
vt 0.806575 0.340650
vt 0.819541 0.363885
vt 0.802799 0.361711
vt 0.838966 0.104477
vt 0.836363 0.126109
vt 0.268573 0.794617
vt 0.717389 0.590601
vt 0.699174 0.588130
vt 0.717209 0.573577
vt 0.950309 0.642826
vt 0.955800 0.631750
vt 0.906697 0.215625
vt 0.909207 0.193786
vt 0.622186 0.797635
vt 0.631594 0.788626
vt 0.641578 0.774845
vt 0.438554 0.806257
vt 0.419311 0.814239
vt 0.428173 0.786412
vt 0.706627 0.246721
vt 0.438006 0.774154
vt 0.448634 0.791105
vt 0.715938 0.227654
vt 0.813180 0.612670
vt 0.829450 0.623579
vt 0.812362 0.622577
vt 0.799050 0.603341
vt 0.811234 0.603381
vt 0.823262 0.605579
vt 0.800762 0.617744
vt 0.839618 0.103873
vt 0.842988 0.119823
vt 0.837128 0.087575
vt 0.536335 0.560163
vt 0.283166 0.649634
vt 0.265103 0.137619
vt 0.252488 0.146993
vt 0.927611 0.428542
vt 0.951640 0.425802
vt 0.378254 0.216530
vt 0.837146 0.979938
vt 0.100960 0.235628
vt 0.082454 0.767808
vt 0.086576 0.774973
vt 0.089687 0.778835
vt 0.129270 0.984173
vt 0.133112 0.986429
vt 0.665294 0.606380
vt 0.570655 0.068478
vt 0.583836 0.353281
vt 0.597482 0.347161
vt 0.591837 0.365471
vt 0.983859 0.748617
vt 0.971854 0.772519
vt 0.966099 0.755327
vt 0.975836 0.729753
vt 0.575635 0.344420
vt 0.958377 0.202702
vt 0.979307 0.206030
vt 0.968449 0.216985
vt 0.965390 0.186903
vt 0.406459 0.035652
vt 0.405756 0.074856
vt 0.811390 0.470415
vt 0.828126 0.477939
vt 0.806052 0.506004
vt 0.067140 0.523245
vt 0.051082 0.527528
vt 0.063912 0.555455
vt 0.291632 0.030626
vt 0.302390 0.016840
vt 0.547054 0.860699
vt 0.291228 0.812569
vt 0.664894 0.973553
vt 0.686229 0.967991
vt 0.685895 0.978348
vt 0.756657 0.736598
vt 0.755230 0.741467
vt 0.718676 0.726866
vt 0.717604 0.705742
vt 0.426915 0.508683
vt 0.410747 0.508460
vt 0.410595 0.498633
vt 0.665030 0.963114
vt 0.652324 0.965557
vt 0.664496 0.976955
vt 0.800734 0.036931
vt 0.810984 0.028022
vt 0.067817 0.340959
vt 0.038628 0.331979
vt 0.062757 0.325385
vt 0.043595 0.350531
vt 0.072303 0.356757
vt 0.263142 0.975123
vt 0.266257 0.983416
vt 0.259395 0.975330
vt 0.058955 0.009579
vt 0.061243 0.005110
vt 0.071335 0.011210
vt 0.064080 0.024501
vt 0.051008 0.015059
vt 0.497190 0.097822
vt 0.493402 0.104674
vt 0.383558 0.728506
vt 0.387773 0.722514
vt 0.402721 0.723374
vt 0.736322 0.433182
vt 0.725921 0.450540
vt 0.719893 0.428793
vt 0.733830 0.413348
vt 0.752717 0.448717
vt 0.736116 0.455005
vt 0.432526 0.265927
vt 0.407447 0.269515
vt 0.425303 0.280127
vt 0.622010 0.192602
vt 0.645914 0.233680
vt 0.655718 0.241541
vt 0.473052 0.650620
vt 0.553818 0.414438
vt 0.544858 0.421266
vt 0.892853 0.630066
vt 0.619744 0.018265
vt 0.624914 0.017930
vt 0.360886 0.142680
vt 0.364425 0.113190
vt 0.910817 0.458507
vt 0.894835 0.463477
vt 0.899085 0.449123
vt 0.916438 0.446257
vt 0.932247 0.455446
vt 0.924023 0.464070
vt 0.737677 0.668480
vt 0.754875 0.665966
vt 0.740068 0.700572
vt 0.726915 0.690520
vt 0.721713 0.667560
vt 0.906014 0.336530
vt 0.661129 0.538978
vt 0.682750 0.538574
vt 0.679570 0.554757
vt 0.658541 0.554780
vt 0.665282 0.526500
vt 0.684403 0.524270
vt 0.072599 0.642567
vt 0.092032 0.660755
vt 0.072169 0.656474
vt 0.074957 0.627107
vt 0.175450 0.431268
vt 0.162929 0.431020
vt 0.196599 0.425503
vt 0.193665 0.437732
vt 0.163001 0.446955
vt 0.175959 0.448691
vt 0.882417 0.738731
vt 0.886938 0.726150
vt 0.853684 0.738188
vt 0.858035 0.723807
vt 0.888625 0.740670
vt 0.713664 0.290731
vt 0.698166 0.287904
vt 0.724402 0.281645
vt 0.727067 0.306440
vt 0.711071 0.309040
vt 0.171335 0.991039
vt 0.171335 0.976363
vt 0.186506 0.986401
vt 0.962523 0.508040
vt 0.985877 0.532066
vt 0.961061 0.532238
vt 0.590817 0.033249
vt 0.987086 0.508044
vt 0.558539 0.036721
vt 0.625746 0.032601
vt 0.649969 0.101319
vt 0.846613 0.815339
vt 0.842719 0.795802
vt 0.478690 0.479644
vt 0.459997 0.464688
vt 0.481382 0.458144
vt 0.312345 0.259270
vt 0.485699 0.476371
vt 0.618432 0.822150
vt 0.627435 0.833933
vt 0.606427 0.833521
vt 0.603060 0.826706
vt 0.610286 0.805392
vt 0.409786 0.219045
vt 0.412222 0.204185
vt 0.424809 0.216519
vt 0.527314 0.403416
vt 0.513287 0.406231
vt 0.392915 0.212230
vt 0.528300 0.421676
vt 0.285490 0.981678
vt 0.282200 0.978707
vt 0.286966 0.978637
vt 0.288039 0.983439
vt 0.479234 0.931356
vt 0.462448 0.927628
vt 0.474710 0.894722
vt 0.504373 0.929938
vt 0.931860 0.151871
vt 0.922836 0.161730
vt 0.481978 0.686645
vt 0.492701 0.681252
vt 0.928951 0.144857
vt 0.479994 0.680937
vt 0.937208 0.142774
vt 0.471376 0.688249
vt 0.931699 0.162004
vt 0.940226 0.160253
vt 0.770847 0.171342
vt 0.336511 0.038362
vt 0.582369 0.705766
vt 0.593332 0.718002
vt 0.154226 0.704593
vt 0.139227 0.675449
vt 0.158051 0.677144
vt 0.754325 0.715400
vt 0.761616 0.691884
vt 0.172164 0.704640
vt 0.157564 0.716574
vt 0.136833 0.702933
vt 0.772751 0.711405
vt 0.079247 0.307623
vt 0.096664 0.322386
vt 0.084320 0.325934
vt 0.748030 0.500017
vt 0.761410 0.493290
vt 0.767384 0.506997
vt 0.966447 0.623360
vt 0.314810 0.541285
vt 0.288656 0.548390
vt 0.288334 0.468192
vt 0.960753 0.418613
vt 0.467075 0.171514
vt 0.978196 0.655405
vt 0.967296 0.668339
vt 0.957053 0.654746
vt 0.331046 0.765927
vt 0.312689 0.770392
vt 0.621679 0.112107
vt 0.331451 0.745680
vt 0.348334 0.762100
vt 0.036354 0.257036
vt 0.049542 0.254641
vt 0.079403 0.237647
vt 0.094728 0.246480
vt 0.076035 0.248221
vt 0.064392 0.239683
vt 0.326329 0.768210
vt 0.323332 0.777283
vt 0.314109 0.772774
vt 0.054856 0.245531
vt 0.947588 0.987977
vt 0.953695 0.969180
vt 0.955843 0.989175
vt 0.073833 0.210700
vt 0.953457 0.027929
vt 0.955171 0.037930
vt 0.937354 0.031758
vt 0.950521 0.018108
vt 0.258482 0.308122
vt 0.271455 0.300261
vt 0.272140 0.311834
vt 0.257351 0.298917
vt 0.260708 0.323243
vt 0.241113 0.316262
vt 0.241748 0.306905
vt 0.970576 0.305298
vt 0.969465 0.281376
vt 0.979700 0.292316
vt 0.984927 0.315151
vt 0.956830 0.295901
vt 0.111344 0.684819
vt 0.106107 0.675179
vt 0.374465 0.083882
vt 0.371389 0.065067
vt 0.387725 0.079046
vt 0.389573 0.097280
vt 0.321886 0.260899
vt 0.306314 0.239088
vt 0.327896 0.240096
vt 0.443349 0.341265
vt 0.441713 0.331144
vt 0.458950 0.339081
vt 0.425448 0.333600
vt 0.428890 0.347692
vt 0.344863 0.258615
vt 0.334469 0.975847
vt 0.342793 0.975824
vt 0.340959 0.985825
vt 0.324045 0.974960
vt 0.325299 0.848290
vt 0.817462 0.379392
vt 0.800649 0.388039
vt 0.796072 0.376406
vt 0.346164 0.843332
vt 0.240772 0.817532
vt 0.415322 0.131272
vt 0.385147 0.316156
vt 0.401075 0.320463
vt 0.385422 0.328441
vt 0.460163 0.885933
vt 0.466289 0.877651
vt 0.443159 0.919676
vt 0.599601 0.089582
vt 0.825843 0.297722
vt 0.848075 0.277282
vt 0.354116 0.957172
vt 0.173973 0.256186
vt 0.156301 0.252698
vt 0.173178 0.232985
vt 0.519729 0.574569
vt 0.847362 0.070715
vt 0.550926 0.581340
vt 0.851471 0.053696
vt 0.518806 0.535358
vt 0.525832 0.522282
vt 0.534118 0.244569
vt 0.527662 0.263280
vt 0.523881 0.238607
vt 0.543246 0.231234
vt 0.511568 0.546076
vt 0.221800 0.466424
vt 0.237038 0.455468
vt 0.213970 0.476553
vt 0.217197 0.172024
vt 0.635599 0.404201
vt 0.646524 0.401761
vt 0.647817 0.417856
vt 0.627728 0.399247
vt 0.254308 0.827441
vt 0.269693 0.813260
vt 0.250487 0.813255
vt 0.800705 0.297330
vt 0.102412 0.849377
vt 0.774489 0.660196
vt 0.796459 0.677565
vt 0.779673 0.685109
vt 0.127988 0.474163
vt 0.097698 0.466616
vt 0.149787 0.028342
vt 0.243514 0.416184
vt 0.247203 0.403130
vt 0.256829 0.411102
vt 0.261987 0.427723
vt 0.904781 0.771404
vt 0.886404 0.753543
vt 0.226274 0.402930
vt 0.270282 0.290434
vt 0.269348 0.277972
vt 0.486018 0.585694
vt 0.477742 0.596960
vt 0.470263 0.574762
vt 0.488803 0.606569
vt 0.477309 0.563721
vt 0.916142 0.612503
vt 0.939872 0.628655
vt 0.932534 0.635757
vt 0.924705 0.603083
vt 0.906479 0.617773
vt 0.912476 0.624384
vt 0.700782 0.593030
vt 0.703819 0.600906
vt 0.421925 0.752280
vt 0.417793 0.754780
vt 0.919712 0.827501
vt 0.910561 0.825199
vt 0.927558 0.812662
vt 0.917943 0.832217
vt 0.428634 0.763807
vt 0.226766 0.667826
vt 0.212953 0.659548
vt 0.636660 0.012173
vt 0.638423 0.018325
vt 0.634627 0.020181
vt 0.691957 0.799399
vt 0.716984 0.796342
vt 0.712092 0.778707
vt 0.537503 0.856011
vt 0.524789 0.859500
vt 0.545867 0.848500
vt 0.539667 0.858360
vt 0.533965 0.846430
vt 0.836933 0.930144
vt 0.844360 0.942146
vt 0.834391 0.948656
vt 0.824370 0.942300
vt 0.829321 0.930200
vt 0.823248 0.917731
vt 0.291251 0.697286
vt 0.277360 0.684840
vt 0.651023 0.304242
vt 0.654756 0.315645
vt 0.277853 0.702908
vt 0.392973 0.497096
vt 0.376359 0.493570
vt 0.378467 0.481180
vt 0.393900 0.474748
vt 0.173497 0.357376
vt 0.946446 0.162108
vt 0.935926 0.153525
vt 0.952355 0.153832
vt 0.871192 0.615803
vt 0.884708 0.628453
vt 0.864399 0.608959
vt 0.936517 0.982634
vt 0.924195 0.986859
vt 0.910063 0.321950
vt 0.894844 0.324097
vt 0.907290 0.312746
vt 0.895866 0.332830
vt 0.380369 0.037920
vt 0.351322 0.029307
vt 0.364639 0.020067
vt 0.401455 0.043601
vt 0.366031 0.048697
vt 0.133789 0.285962
vt 0.140174 0.274726
vt 0.938233 0.701194
vt 0.766531 0.435657
vt 0.770452 0.469279
vt 0.273437 0.906409
vt 0.117538 0.455042
vt 0.094963 0.461635
vt 0.116858 0.445207
vt 0.099811 0.466020
vt 0.137754 0.456752
vt 0.270649 0.888756
vt 0.271109 0.924789
vt 0.569753 0.186241
vt 0.577692 0.187782
vt 0.751883 0.143410
vt 0.764378 0.142299
vt 0.660490 0.009661
vt 0.663682 0.012789
vt 0.661150 0.014813
vt 0.658981 0.005655
vt 0.281349 0.968316
vt 0.283265 0.971241
vt 0.501241 0.018274
vt 0.518909 0.015981
vt 0.505754 0.040834
vt 0.662839 0.702736
vt 0.637524 0.707399
vt 0.634787 0.689743
vt 0.521938 0.924903
vt 0.521938 0.896176
vt 0.536673 0.906924
vt 0.660669 0.687002
vt 0.683107 0.699235
vt 0.496076 0.002283
vt 0.598860 0.568997
vt 0.613934 0.577027
vt 0.314870 0.316051
vt 0.452953 0.309716
vt 0.608877 0.555105
vt 0.618752 0.982940
vt 0.828704 0.022348
vt 0.823414 0.034714
vt 0.816787 0.030464
vt 0.824116 0.013696
vt 0.279540 0.080634
vt 0.266134 0.080664
vt 0.938873 0.636988
vt 0.953502 0.622343
vt 0.180431 0.855266
vt 0.171855 0.859096
vt 0.948614 0.640602
vt 0.950043 0.659550
vt 0.178615 0.297708
vt 0.176616 0.290986
vt 0.181208 0.296012
vt 0.741757 0.055569
vt 0.183475 0.301728
vt 0.172286 0.298988
vt 0.174444 0.293706
vt 0.403379 0.917942
vt 0.386076 0.916361
vt 0.398895 0.888555
vt 0.130828 0.165380
vt 0.417171 0.890401
vt 0.421872 0.922106
vt 0.108072 0.320162
vt 0.103641 0.338108
vt 0.093702 0.335759
vt 0.501494 0.328159
vt 0.510952 0.292072
vt 0.517251 0.297396
vt 0.517981 0.314143
vt 0.648124 0.432556
vt 0.211427 0.013320
vt 0.206656 0.026490
vt 0.203829 0.013502
vt 0.653776 0.464858
vt 0.213272 0.027246
vt 0.204573 0.781785
vt 0.181102 0.799720
vt 0.189466 0.765665
vt 0.220850 0.804105
vt 0.033289 0.318308
vt 0.994785 0.966781
vt 0.989799 0.969473
vt 0.994450 0.965196
vt 0.095114 0.560906
vt 0.099005 0.557809
vt 0.100785 0.558769
vt 0.468445 0.709860
vt 0.472133 0.714286
vt 0.450340 0.708669
vt 0.701487 0.539276
vt 0.700188 0.555693
vt 0.148445 0.427947
vt 0.146614 0.445516
vt 0.100731 0.849070
vt 0.090900 0.882549
vt 0.081800 0.852153
vt 0.569098 0.226303
vt 0.611529 0.296548
vt 0.582206 0.304432
vt 0.546109 0.244205
vt 0.267819 0.473857
vt 0.263396 0.455485
vt 0.975067 0.932125
vt 0.982259 0.959808
vt 0.284595 0.367523
vt 0.271560 0.352226
vt 0.342678 0.597683
vt 0.446391 0.754484
vt 0.969928 0.894517
vt 0.961457 0.886049
vt 0.163301 0.817214
vt 0.159567 0.777321
vt 0.151324 0.618285
vt 0.122536 0.600489
vt 0.147764 0.593247
vt 0.568493 0.683601
vt 0.123285 0.231871
vt 0.787731 0.867569
vt 0.785022 0.848651
vt 0.012938 0.096828
vt 0.013573 0.089931
vt 0.426597 0.721378
vt 0.435715 0.722080
vt 0.044534 0.073115
vt 0.026276 0.076747
vt 0.020952 0.107937
vt 0.886415 0.165925
vt 0.890776 0.152431
vt 0.262096 0.987140
vt 0.259977 0.981049
vt 0.574277 0.692547
vt 0.348674 0.923250
vt 0.346645 0.893112
vt 0.471939 0.233644
vt 0.487204 0.222600
vt 0.478709 0.238025
vt 0.480207 0.218636
vt 0.576279 0.840077
vt 0.569349 0.821747
vt 0.591025 0.834215
vt 0.461915 0.217650
vt 0.135301 0.623856
vt 0.492943 0.050559
vt 0.129878 0.124491
vt 0.122878 0.140364
vt 0.513670 0.864597
vt 0.513236 0.854709
vt 0.839180 0.709957
vt 0.732623 0.234903
vt 0.739190 0.252408
vt 0.735520 0.274383
vt 0.227524 0.070343
vt 0.192330 0.734234
vt 0.668551 0.069915
vt 0.837863 0.814260
vt 0.789728 0.470724
vt 0.783555 0.446633
vt 0.804968 0.478342
vt 0.803269 0.483178
vt 0.788319 0.474933
vt 0.772811 0.467411
vt 0.775750 0.463341
vt 0.936508 0.946186
vt 0.453615 0.675895
vt 0.458379 0.679179
vt 0.454646 0.684092
vt 0.770082 0.137597
vt 0.457040 0.666145
vt 0.461438 0.670005
vt 0.443496 0.424109
vt 0.654585 0.023876
vt 0.353747 0.183335
vt 0.916800 0.884009
vt 0.910856 0.890024
vt 0.897910 0.877380
vt 0.923917 0.876015
vt 0.925884 0.437367
vt 0.081602 0.406764
vt 0.122562 0.036015
vt 0.144617 0.031529
vt 0.148008 0.061755
vt 0.057884 0.411680
vt 0.126530 0.295935
vt 0.124855 0.309836
vt 0.706779 0.948310
vt 0.706487 0.969953
vt 0.704564 0.979331
vt 0.686077 0.945406
vt 0.185429 0.636605
vt 0.217052 0.657637
vt 0.185429 0.658147
vt 0.152838 0.615398
vt 0.186217 0.616709
vt 0.217096 0.637853
vt 0.151503 0.635980
vt 0.392407 0.717770
vt 0.384199 0.718679
vt 0.406160 0.718483
vt 0.741213 0.468632
vt 0.725384 0.487991
vt 0.726376 0.469495
vt 0.739018 0.486033
vt 0.458089 0.597553
vt 0.467912 0.607446
vt 0.456146 0.617351
vt 0.448411 0.587393
vt 0.464524 0.585775
vt 0.866604 0.593460
vt 0.866099 0.582249
vt 0.879219 0.591980
vt 0.121259 0.028374
vt 0.120696 0.041966
vt 0.514953 0.835956
vt 0.511135 0.829616
vt 0.520353 0.828167
vt 0.118495 0.009962
vt 0.864339 0.600164
vt 0.702404 0.611842
vt 0.709840 0.608605
vt 0.699422 0.624957
vt 0.413054 0.014509
vt 0.422473 0.001544
vt 0.429620 0.025705
vt 0.918441 0.050662
vt 0.914240 0.040491
vt 0.929162 0.048604
vt 0.351039 0.697889
vt 0.342192 0.699473
vt 0.204028 0.423195
vt 0.221920 0.416517
vt 0.211635 0.447649
vt 0.886858 0.957352
vt 0.886226 0.976528
vt 0.857615 0.970967
vt 0.077244 0.964585
vt 0.095086 0.989142
vt 0.059670 0.982020
vt 0.079701 0.107680
vt 0.318009 0.796623
vt 0.314671 0.786478
vt 0.326111 0.804991
vt 0.308945 0.792192
vt 0.646610 0.177303
vt 0.674864 0.174503
vt 0.649269 0.188406
vt 0.648412 0.167071
vt 0.811007 0.641446
vt 0.837481 0.609897
vt 0.840192 0.625626
vt 0.825184 0.645183
vt 0.845303 0.137133
vt 0.277147 0.563159
vt 0.322408 0.185083
vt 0.342696 0.186271
vt 0.959892 0.464604
vt 0.953771 0.467329
vt 0.016902 0.387419
vt 0.012867 0.401966
vt 0.012959 0.387764
vt 0.020360 0.363483
vt 0.020988 0.388335
vt 0.017032 0.400947
vt 0.015541 0.363049
vt 0.366907 0.840587
vt 0.380768 0.834483
vt 0.353176 0.847159
vt 0.073306 0.175174
vt 0.636744 0.492561
vt 0.637371 0.507353
vt 0.634731 0.508299
vt 0.634421 0.490823
vt 0.640676 0.490183
vt 0.676355 0.035266
vt 0.653397 0.747240
vt 0.641636 0.758110
vt 0.635762 0.741489
vt 0.303870 0.031728
vt 0.677965 0.036595
vt 0.659027 0.062841
vt 0.657675 0.034285
vt 0.033790 0.396365
vt 0.024672 0.368981
vt 0.045579 0.366043
vt 0.317850 0.001115
vt 0.332478 0.002394
vt 0.317267 0.028975
vt 0.567473 0.972227
vt 0.554696 0.965408
vt 0.848963 0.193842
vt 0.865875 0.186804
vt 0.691431 0.171729
vt 0.681459 0.173746
vt 0.717504 0.168723
vt 0.285151 0.976248
vt 0.294178 0.976746
vt 0.281802 0.976367
vt 0.098560 0.135103
vt 0.102987 0.150699
vt 0.876850 0.676010
vt 0.886529 0.686890
vt 0.879257 0.655252
vt 0.075264 0.143172
vt 0.300593 0.000223
vt 0.293248 0.004383
vt 0.469944 0.681958
vt 0.238571 0.933056
vt 0.244389 0.944829
vt 0.669689 0.663469
vt 0.651813 0.646825
vt 0.660916 0.633581
vt 0.309896 0.449055
vt 0.797395 0.809403
vt 0.773794 0.834947
vt 0.781068 0.822513
vt 0.116932 0.515375
vt 0.105657 0.508704
vt 0.118527 0.496772
vt 0.885553 0.599473
vt 0.101144 0.520058
vt 0.113118 0.527463
vt 0.769496 0.580945
vt 0.784003 0.574431
vt 0.788396 0.593009
vt 0.776163 0.600149
vt 0.758367 0.595153
vt 0.622336 0.645656
vt 0.637481 0.632869
vt 0.165483 0.333186
vt 0.509692 0.343170
vt 0.660161 0.148610
vt 0.713472 0.802098
vt 0.425898 0.851360
vt 0.421512 0.872995
vt 0.447215 0.841735
vt 0.444543 0.871444
vt 0.408586 0.829556
vt 0.427104 0.833857
vt 0.104405 0.600824
vt 0.092607 0.583558
vt 0.108387 0.620465
vt 0.668277 0.225482
vt 0.660276 0.220610
vt 0.042722 0.200533
vt 0.030555 0.213319
vt 0.057089 0.197625
vt 0.023517 0.182232
vt 0.927895 0.133797
vt 0.932159 0.136263
vt 0.925715 0.541606
vt 0.916462 0.537896
vt 0.921656 0.529768
vt 0.918947 0.132531
vt 0.938989 0.126505
vt 0.459064 0.425087
vt 0.636570 0.024661
vt 0.792107 0.707521
vt 0.806899 0.700046
vt 0.814873 0.719238
vt 0.118892 0.702367
vt 0.119884 0.671745
vt 0.835713 0.493127
vt 0.215822 0.083720
vt 0.248579 0.072857
vt 0.248317 0.863104
vt 0.360611 0.467695
vt 0.377425 0.446895
vt 0.379363 0.466440
vt 0.256888 0.843555
vt 0.399110 0.336070
vt 0.411458 0.334130
vt 0.032608 0.975241
vt 0.019131 0.970384
vt 0.021612 0.991227
vt 0.037340 0.984052
vt 0.999765 0.373411
vt 0.719445 0.401616
vt 0.698489 0.393632
vt 0.729389 0.379593
vt 0.704078 0.419184
vt 0.594586 0.803991
vt 0.597109 0.810421
vt 0.579970 0.807874
vt 0.606683 0.798100
vt 0.137488 0.958676
vt 0.139829 0.967159
vt 0.127891 0.960083
vt 0.115267 0.799148
vt 0.102437 0.806881
vt 0.099641 0.801681
vt 0.114422 0.792301
vt 0.141152 0.931358
vt 0.130696 0.832506
vt 0.574003 0.105286
vt 0.189027 0.119876
vt 0.454339 0.549484
vt 0.459258 0.571730
vt 0.448462 0.569130
vt 0.464516 0.557142
vt 0.006391 0.509824
vt 0.019738 0.511037
vt 0.724298 0.589031
vt 0.711432 0.860299
vt 0.705870 0.761845
vt 0.711664 0.743706
vt 0.729330 0.788226
vt 0.853596 0.721610
vt 0.874839 0.029448
vt 0.867019 0.050755
vt 0.860381 0.031017
vt 0.300852 0.990011
vt 0.300852 0.969372
vt 0.313030 0.970904
vt 0.009094 0.195849
vt 0.001703 0.195849
vt 0.006344 0.175359
vt 0.517650 0.947547
vt 0.510841 0.956229
vt 0.471211 0.036676
vt 0.491967 0.035167
vt 0.472798 0.048751
vt 0.210143 0.500298
vt 0.201592 0.473364
vt 0.211573 0.528799
vt 0.219624 0.162082
vt 0.895830 0.446445
vt 0.434598 0.745728
vt 0.520530 0.935238
vt 0.536588 0.950844
vt 0.519933 0.946616
vt 0.794942 0.337184
vt 0.072223 0.007647
vt 0.066576 0.000255
vt 0.077551 0.015171
vt 0.079069 0.010540
vt 0.915268 0.809654
vt 0.925962 0.796872
vt 0.304868 0.305182
vt 0.287619 0.310801
vt 0.287752 0.301728
vt 0.309262 0.316115
vt 0.322134 0.298782
vt 0.393223 0.255770
vt 0.410902 0.246603
vt 0.400020 0.273766
vt 0.360715 0.373368
vt 0.368920 0.376474
vt 0.350243 0.388651
vt 0.332582 0.703316
vt 0.339714 0.722631
vt 0.327218 0.704618
vt 0.349103 0.360909
vt 0.883798 0.698487
vt 0.520711 0.709940
vt 0.893454 0.697044
vt 0.857804 0.354576
vt 0.936828 0.341405
vt 0.865617 0.356211
vt 0.212907 0.791404
vt 0.246077 0.789173
vt 0.095500 0.951162
vt 0.095500 0.984057
vt 0.077765 0.962868
vt 0.142694 0.254168
vt 0.152535 0.228711
vt 0.149194 0.268753
vt 0.573138 0.585367
vt 0.275363 0.867634
vt 0.651881 0.865880
vt 0.309360 0.879773
vt 0.022311 0.234967
vt 0.025122 0.245022
vt 0.965009 0.972947
vt 0.560460 0.957899
vt 0.544878 0.959506
vt 0.142155 0.946327
vt 0.142155 0.919997
vt 0.154503 0.936378
vt 0.578894 0.958179
vt 0.088914 0.057319
vt 0.068926 0.043064
vt 0.088676 0.038022
vt 0.103667 0.057812
vt 0.090325 0.078564
vt 0.070288 0.060477
vt 0.111486 0.040530
vt 0.978642 0.260377
vt 0.982949 0.268459
vt 0.950117 0.289936
vt 0.146757 0.621318
vt 0.404473 0.311310
vt 0.419882 0.320235
vt 0.732018 0.056987
vt 0.717373 0.041658
vt 0.726582 0.042720
vt 0.713216 0.052016
vt 0.126435 0.397705
vt 0.143519 0.391487
vt 0.142791 0.432251
vt 0.104152 0.362400
vt 0.113847 0.441026
vt 0.107738 0.417068
vt 0.103891 0.397964
vt 0.789708 0.646054
vt 0.801502 0.658717
vt 0.790397 0.630468
vt 0.780713 0.663675
vt 0.143400 0.210868
vt 0.565360 0.620757
vt 0.562566 0.635859
vt 0.559221 0.601596
vt 0.590977 0.604049
vt 0.581779 0.634817
vt 0.677972 0.589058
vt 0.677868 0.572511
vt 0.655232 0.590128
vt 0.656138 0.573311
vt 0.901933 0.927774
vt 0.885742 0.920980
vt 0.676397 0.606676
vt 0.363271 0.956873
vt 0.358158 0.978150
vt 0.350885 0.977539
vt 0.362595 0.334606
vt 0.609687 0.962019
vt 0.615354 0.953054
vt 0.086302 0.426524
vt 0.063500 0.437495
vt 0.062223 0.425839
vt 0.131927 0.829217
vt 0.928494 0.643014
vt 0.941274 0.656426
vt 0.123425 0.880118
vt 0.799981 0.575490
vt 0.800858 0.589046
vt 0.784921 0.559189
vt 0.148653 0.705623
vt 0.134316 0.717048
vt 0.128220 0.703382
vt 0.158793 0.728002
vt 0.595827 0.505291
vt 0.596664 0.487020
vt 0.106060 0.358221
vt 0.117489 0.339123
vt 0.092881 0.349737
vt 0.089021 0.362592
vt 0.091900 0.373723
vt 0.119774 0.497465
vt 0.132080 0.496167
vt 0.131157 0.512086
vt 0.118443 0.359408
vt 0.493108 0.327934
vt 0.481075 0.327982
vt 0.662594 0.716817
vt 0.047014 0.364434
vt 0.312548 0.694483
vt 0.314266 0.691583
vt 0.983002 0.973146
vt 0.989276 0.967922
vt 0.239279 0.358554
vt 0.227747 0.378191
vt 0.198692 0.157572
vt 0.209592 0.152375
vt 0.207493 0.162723
vt 0.191924 0.139897
vt 0.222390 0.367322
vt 0.856269 0.431466
vt 0.750130 0.327509
vt 0.747581 0.333374
vt 0.735542 0.323504
vt 0.131195 0.183599
vt 0.649236 0.213674
vt 0.644974 0.208104
vt 0.653987 0.210549
vt 0.663078 0.215685
vt 0.536644 0.894618
vt 0.536644 0.904217
vt 0.522891 0.895281
vt 0.536644 0.885789
vt 0.049655 0.047943
vt 0.047546 0.032055
vt 0.223492 0.317860
vt 0.208013 0.309354
vt 0.223583 0.305705
vt 0.769330 0.439705
vt 0.778439 0.423508
vt 0.647080 0.512315
vt 0.646275 0.497449
vt 0.661678 0.495273
vt 0.090914 0.676371
vt 0.080958 0.685009
vt 0.664520 0.510507
vt 0.093035 0.687686
vt 0.286205 0.229341
vt 0.813206 0.000441
vt 0.342621 0.990592
vt 0.786831 0.241087
vt 0.538962 0.840917
vt 0.544845 0.836468
vt 0.708841 0.692296
vt 0.705949 0.663732
vt 0.203988 0.715936
vt 0.188754 0.717997
vt 0.190497 0.702224
vt 0.911817 0.404532
vt 0.645718 0.627004
vt 0.142761 0.885851
vt 0.554471 0.001092
vt 0.559779 0.023587
vt 0.156613 0.864458
vt 0.727819 0.111403
vt 0.733379 0.122906
vt 0.727395 0.126781
vt 0.448288 0.445922
vt 0.460737 0.444093
vt 0.445035 0.466809
vt 0.433475 0.447417
vt 0.519776 0.215566
vt 0.532653 0.221950
vt 0.513086 0.231071
vt 0.649441 0.835868
vt 0.635967 0.844177
vt 0.615473 0.844178
vt 0.274541 0.981641
vt 0.264542 0.162199
vt 0.258938 0.168169
vt 0.264991 0.156110
vt 0.891126 0.433581
vt 0.888765 0.433414
vt 0.494608 0.069245
vt 0.509958 0.064497
vt 0.818695 0.873971
vt 0.847248 0.857503
vt 0.830072 0.892857
vt 0.611424 0.699245
vt 0.151361 0.659063
vt 0.605857 0.679808
vt 0.269045 0.416127
vt 0.269121 0.424331
vt 0.288666 0.414334
vt 0.478765 0.616932
vt 0.571884 0.803286
vt 0.581826 0.797171
vt 0.938372 0.568780
vt 0.948191 0.584786
vt 0.932836 0.590842
vt 0.954170 0.559473
vt 0.625043 0.749165
vt 0.599199 0.736464
vt 0.604620 0.728657
vt 0.175512 0.675039
vt 0.193553 0.670692
vt 0.887455 0.315185
vt 0.892562 0.310665
vt 0.514836 0.437560
vt 0.501118 0.439275
vt 0.514468 0.422639
vt 0.503557 0.452562
vt 0.528395 0.438020
vt 0.514571 0.451926
vt 0.054113 0.393800
vt 0.111981 0.839635
vt 0.983943 0.965322
vt 0.994183 0.963066
vt 0.131088 0.844017
vt 0.468495 0.648791
vt 0.583414 0.422057
vt 0.582372 0.404126
vt 0.630730 0.021836
vt 0.362969 0.604068
vt 0.381187 0.602274
vt 0.375828 0.101141
vt 0.383929 0.615361
vt 0.823735 0.536006
vt 0.806063 0.539596
vt 0.832637 0.526544
vt 0.830733 0.540894
vt 0.390748 0.944061
vt 0.427428 0.944556
vt 0.607882 0.641136
vt 0.598036 0.664614
vt 0.898154 0.345289
vt 0.971018 0.683414
vt 0.946185 0.664762
vt 0.982730 0.691819
vt 0.939011 0.676408
vt 0.417511 0.303875
vt 0.437000 0.315137
vt 0.624653 0.524306
vt 0.623990 0.509092
vt 0.610930 0.537921
vt 0.047311 0.570541
vt 0.059036 0.578059
vt 0.051889 0.563700
vt 0.038914 0.564816
vt 0.368079 0.059840
vt 0.855911 0.003663
vt 0.855061 0.009925
vt 0.845997 0.012907
vt 0.866834 0.005287
vt 0.856414 0.944107
vt 0.190748 0.118979
vt 0.190248 0.130991
vt 0.954728 0.654920
vt 0.936680 0.596004
vt 0.780160 0.883659
vt 0.760594 0.030992
vt 0.744552 0.034840
vt 0.757119 0.019104
vt 0.766298 0.014478
vt 0.775754 0.022093
vt 0.026505 0.120201
vt 0.042325 0.111206
vt 0.970389 0.982338
vt 0.968047 0.972731
vt 0.948323 0.001144
vt 0.943313 0.007420
vt 0.984902 0.985961
vt 0.969394 0.985894
vt 0.951275 0.001366
vt 0.246068 0.654418
vt 0.873896 0.842485
vt 0.858398 0.875534
vt 0.497088 0.104889
vt 0.002847 0.334274
vt 0.004989 0.333896
vt 0.002459 0.335698
vt 0.143009 0.527088
vt 0.130109 0.527723
vt 0.142897 0.511457
vt 0.155753 0.527110
vt 0.155898 0.539585
vt 0.859072 0.890010
vt 0.875592 0.894955
vt 0.889913 0.899316
vt 0.181538 0.338817
vt 0.257856 0.064472
vt 0.869708 0.538776
vt 0.896537 0.540220
vt 0.889703 0.527540
vt 0.333997 0.261609
vt 0.489451 0.453115
vt 0.670646 0.215717
vt 0.720681 0.061345
vt 0.699512 0.073351
vt 0.706595 0.057620
vt 0.163930 0.295427
vt 0.723120 0.055561
vt 0.555062 0.442015
vt 0.560460 0.465714
vt 0.541695 0.445165
vt 0.547368 0.466903
vt 0.566803 0.437155
vt 0.664956 0.020796
vt 0.660524 0.023196
vt 0.267084 0.973443
vt 0.710476 0.000199
vt 0.710476 0.017282
vt 0.696208 0.013062
vt 0.420806 0.602838
vt 0.401826 0.614392
vt 0.400271 0.601616
vt 0.417379 0.575560
vt 0.680811 0.703637
vt 0.466123 0.330179
vt 0.364551 0.229017
vt 0.430877 0.362265
vt 0.349804 0.240730
vt 0.930392 0.311332
vt 0.931287 0.303117
vt 0.936775 0.311109
vt 0.663334 0.621903
vt 0.654223 0.603994
vt 0.650686 0.615637
vt 0.955447 0.744375
vt 0.945258 0.736671
vt 0.939830 0.761615
vt 0.986783 0.194149
vt 0.236464 0.434285
vt 0.278547 0.178982
vt 0.277630 0.186879
vt 0.260996 0.180986
vt 0.298134 0.183999
vt 0.955140 0.525869
vt 0.956523 0.510521
vt 0.155518 0.828485
vt 0.612624 0.925519
vt 0.611623 0.948326
vt 0.598775 0.929865
vt 0.171534 0.851729
vt 0.408898 0.170505
vt 0.406270 0.180841
vt 0.393958 0.169039
vt 0.420976 0.154520
vt 0.420866 0.171210
vt 0.397558 0.161666
vt 0.415388 0.186756
vt 0.406142 0.148294
vt 0.478625 0.757176
vt 0.488701 0.775136
vt 0.870998 0.502206
vt 0.866071 0.488757
vt 0.506097 0.637789
vt 0.995727 0.088244
vt 0.984736 0.088244
vt 0.988080 0.061370
vt 0.099774 0.507200
vt 0.107373 0.497752
vt 0.545420 0.831695
vt 0.785374 0.607212
vt 0.271370 0.948841
vt 0.427266 0.290743
vt 0.334147 0.029219
vt 0.790935 0.533281
vt 0.741266 0.294864
vt 0.745596 0.274975
vt 0.417595 0.701447
vt 0.416459 0.688636
vt 0.774340 0.819775
vt 0.410068 0.234094
vt 0.579177 0.729268
vt 0.587513 0.747021
vt 0.673857 0.365598
vt 0.937076 0.884406
vt 0.914746 0.116177
vt 0.913205 0.132465
vt 0.468442 0.873966
vt 0.472770 0.840655
vt 0.917438 0.099688
vt 0.983797 0.555718
vt 0.103410 0.083323
vt 0.359542 0.547930
vt 0.367156 0.577003
vt 0.102894 0.090208
vt 0.763931 0.417141
vt 0.762014 0.394934
vt 0.773386 0.400978
vt 0.209130 0.596475
vt 0.370296 0.047154
vt 0.819850 0.007727
vt 0.195289 0.854365
vt 0.066670 0.160361
vt 0.076136 0.170234
vt 0.934808 0.371028
vt 0.938897 0.382174
vt 0.869364 0.282924
vt 0.511112 0.758776
vt 0.187138 0.279106
vt 0.584823 0.816935
vt 0.177442 0.877757
vt 0.952383 0.590924
vt 0.820068 0.592398
vt 0.828970 0.584176
vt 0.834564 0.601172
vt 0.455047 0.930156
vt 0.530573 0.296062
vt 0.974539 0.869337
vt 0.321652 0.728569
vt 0.391227 0.385510
vt 0.357741 0.397116
vt 0.525677 0.063514
vt 0.523188 0.039319
vt 0.154284 0.594515
vt 0.947432 0.802114
vt 0.927231 0.751823
vt 0.948969 0.719756
vt 0.896347 0.759430
vt 0.917094 0.772788
vt 0.824109 0.802576
vt 0.356893 0.489156
vt 0.005900 0.328749
vt 0.005751 0.311274
vt 0.697844 0.389776
vt 0.131840 0.294383
vt 0.687157 0.055711
vt 0.835088 0.820697
vt 0.012907 0.052626
vt 0.082972 0.445786
vt 0.908019 0.544511
vt 0.913840 0.553834
vt 0.898178 0.134802
vt 0.941136 0.075044
vt 0.190870 0.979270
vt 0.054789 0.456199
vt 0.622646 0.599381
vt 0.621532 0.563083
vt 0.631962 0.583550
vt 0.008444 0.199406
vt 0.002329 0.202256
vt 0.003101 0.196452
vt 0.130283 0.965129
vt 0.573325 0.083422
vt 0.591407 0.063326
vt 0.614817 0.364124
vt 0.105416 0.536972
vt 0.115726 0.526872
vt 0.423646 0.090976
vt 0.408035 0.092834
vt 0.443437 0.109194
vt 0.427091 0.109677
vt 0.253193 0.203390
vt 0.242142 0.188828
vt 0.259844 0.194096
vt 0.235195 0.211272
vt 0.274402 0.204171
vt 0.270302 0.213756
vt 0.777060 0.027482
vt 0.789079 0.024377
vt 0.803962 0.045802
vt 0.778284 0.898045
vt 0.791826 0.053579
vt 0.291147 0.796157
vt 0.300768 0.797943
vt 0.498833 0.357545
vt 0.807865 0.041492
vt 0.647696 0.946224
vt 0.629027 0.945292
vt 0.628672 0.936855
vt 0.767863 0.008537
vt 0.763150 0.003445
vt 0.232845 0.976836
vt 0.240216 0.964023
vt 0.244348 0.966131
vt 0.254285 0.974143
vt 0.228859 0.974938
vt 0.100876 0.727557
vt 0.116770 0.723678
vt 0.107326 0.709818
vt 0.683533 0.417182
vt 0.692119 0.438986
vt 0.468744 0.626356
vt 0.431682 0.310913
vt 0.865734 0.360967
vt 0.415332 0.789894
vt 0.398185 0.791700
vt 0.397966 0.814667
vt 0.804008 0.626800
vt 0.816145 0.657201
vt 0.512255 0.959602
vt 0.531396 0.964505
vt 0.596240 0.408641
vt 0.649167 0.028042
vt 0.651527 0.032446
vt 0.709027 0.307923
vt 0.700960 0.297400
vt 0.463395 0.680591
vt 0.465684 0.688390
vt 0.000155 0.349908
vt 0.001013 0.337921
vt 0.002610 0.337952
vt 0.731142 0.507063
vt 0.645225 0.845608
vt 0.257324 0.395442
vt 0.943276 0.145018
vt 0.951335 0.135637
vt 0.035429 0.953775
vt 0.049691 0.959837
vt 0.755567 0.744590
vt 0.750238 0.797826
vt 0.303102 0.778304
vt 0.316300 0.782938
vt 0.296853 0.788230
vt 0.643419 0.189911
vt 0.763034 0.062129
vt 0.769887 0.104977
vt 0.874767 0.301513
vt 0.948135 0.049442
vt 0.942645 0.049198
vt 0.942193 0.036222
vt 0.965875 0.076923
vt 0.345405 0.112052
vt 0.675240 0.395048
vt 0.676548 0.413361
vt 0.865767 0.507446
vt 0.846226 0.510096
vt 0.840638 0.494289
vt 0.866649 0.494526
vt 0.860162 0.536305
vt 0.292062 0.950733
vt 0.292107 0.930242
vt 0.310966 0.949743
vt 0.294284 0.967578
vt 0.102897 0.690094
vt 0.089324 0.710883
vt 0.733406 0.301840
vt 0.974724 0.630962
vt 0.452963 0.485924
vt 0.676466 0.156439
vt 0.751398 0.056810
vt 0.188912 0.299638
vt 0.426854 0.429634
vt 0.644921 0.032836
vt 0.635499 0.031171
vt 0.840433 0.511054
vt 0.839162 0.527481
vt 0.847568 0.983569
vt 0.837280 0.984803
vt 0.004645 0.577120
vt 0.004741 0.584664
vt 0.683741 0.342231
vt 0.679622 0.336641
vt 0.523231 0.000163
vt 0.537455 0.015162
vt 0.104775 0.736864
vt 0.090236 0.744065
vt 0.090083 0.728065
vt 0.278170 0.705760
vt 0.717473 0.661506
vt 0.839315 0.419943
vt 0.605049 0.774431
vt 0.609957 0.752619
vt 0.625775 0.767613
vt 0.597713 0.762797
vt 0.382550 0.684452
vt 0.384031 0.654755
vt 0.415888 0.629486
vt 0.956766 0.627565
vt 0.861620 0.541860
vt 0.961787 0.622087
vt 0.838114 0.849085
vt 0.853735 0.840660
vt 0.836971 0.861280
vt 0.839440 0.061192
vt 0.835415 0.089917
vt 0.818093 0.071617
vt 0.826324 0.034723
vt 0.681947 0.140369
vt 0.689516 0.124383
vt 0.700720 0.130834
vt 0.749326 0.774872
vt 0.743492 0.808692
vt 0.753974 0.009587
vt 0.741636 0.000121
vt 0.736687 0.019728
vt 0.733758 0.007281
vt 0.955858 0.967954
vt 0.962841 0.965721
vt 0.982730 0.968140
vt 0.216733 0.618767
vt 0.733908 0.632044
vt 0.577387 0.682970
vt 0.591423 0.685234
vt 0.585578 0.670291
vt 0.143745 0.737797
vt 0.168718 0.749811
vt 0.128121 0.744824
vt 0.085207 0.347255
vt 0.079500 0.338940
vt 0.699578 0.572770
vt 0.647590 0.623736
vt 0.958045 0.684549
vt 0.979417 0.697008
vt 0.356935 0.940811
vt 0.587852 0.166168
vt 0.578972 0.177989
vt 0.594389 0.157076
vt 0.047089 0.365721
vt 0.978883 0.122281
vt 0.996976 0.117230
vt 0.562163 0.066685
vt 0.986675 0.484396
vt 0.237983 0.357167
vt 0.217895 0.385502
vt 0.338741 0.296492
vt 0.352093 0.295395
vt 0.326304 0.312671
vt 0.644790 0.921510
vt 0.633039 0.922819
vt 0.843984 0.605677
vt 0.237492 0.911474
vt 0.923115 0.901629
vt 0.519355 0.964627
vt 0.519687 0.978532
vt 0.532972 0.965455
vt 0.361134 0.828694
vt 0.349795 0.840282
vt 0.868376 0.366371
vt 0.379139 0.825770
vt 0.055582 0.436982
vt 0.039742 0.427760
vt 0.044811 0.419071
vt 0.047934 0.444303
vt 0.054191 0.448320
vt 0.954618 0.615804
vt 0.123148 0.046204
vt 0.262581 0.337131
vt 0.119149 0.512325
vt 0.411089 0.112090
vt 0.391192 0.114447
vt 0.376404 0.099606
vt 0.039482 0.537257
vt 0.034516 0.537214
vt 0.979596 0.798016
vt 0.163665 0.306115
vt 0.268952 0.796237
vt 0.765999 0.848779
vt 0.734002 0.845733
vt 0.769472 0.818326
vt 0.965539 0.005866
vt 0.515669 0.818500
vt 0.551037 0.112749
vt 0.130934 0.203439
vt 0.250709 0.877898
vt 0.177037 0.339484
vt 0.313889 0.019292
vt 0.162432 0.357432
vt 0.154342 0.382298
vt 0.417473 0.614411
vt 0.391159 0.616856
vt 0.645958 0.205725
vt 0.648417 0.198449
vt 0.670600 0.202919
vt 0.733091 0.133525
vt 0.365197 0.759531
vt 0.362248 0.773642
vt 0.352013 0.742607
vt 0.641755 0.528501
vt 0.638254 0.566531
vt 0.782350 0.216967
vt 0.783666 0.230521
vt 0.219397 0.094549
vt 0.923555 0.930849
vt 0.948672 0.936484
vt 0.658293 0.338422
vt 0.665268 0.336090
vt 0.999239 0.839547
vt 0.994808 0.869015
vt 0.115567 0.542254
vt 0.110563 0.540975
vt 0.358244 0.042386
vt 0.523327 0.623409
vt 0.895365 0.185495
vt 0.882259 0.176445
vt 0.049886 0.062824
vt 0.066874 0.726205
vt 0.778910 0.087482
vt 0.301443 0.101208
vt 0.805963 0.320707
vt 0.801619 0.308268
vt 0.809665 0.306036
vt 0.794944 0.326905
vt 0.850097 0.017936
vt 0.845267 0.021956
vt 0.995192 0.572093
vt 0.373404 0.616782
vt 0.352599 0.652348
vt 0.787810 0.613648
vt 0.589866 0.840405
vt 0.509609 0.216188
vt 0.603473 0.382118
vt 0.625166 0.387802
vt 0.602192 0.396687
vt 0.284267 0.020789
vt 0.273772 0.006226
vt 0.326187 0.838263
vt 0.716550 0.539747
vt 0.840239 0.173356
vt 0.952747 0.771921
vt 0.956785 0.784277
vt 0.939572 0.790515
vt 0.729681 0.506269
vt 0.748682 0.770460
vt 0.679807 0.045538
vt 0.845568 0.958372
vt 0.458662 0.685975
vt 0.690917 0.867188
vt 0.695597 0.877227
vt 0.667312 0.867174
vt 0.340988 0.090651
vt 0.533586 0.763992
vt 0.526038 0.751753
vt 0.221559 0.029853
vt 0.524609 0.751821
vt 0.734500 0.034722
vt 0.005403 0.338151
vt 0.005500 0.349878
vt 0.032978 0.431157
vt 0.584342 0.319604
vt 0.963292 0.438724
vt 0.974081 0.178149
vt 0.368637 0.883060
vt 0.290330 0.782593
vt 0.721500 0.633560
vt 0.262755 0.614416
vt 0.498890 0.341691
vt 0.708341 0.315060
vt 0.099510 0.166117
vt 0.711547 0.291773
vt 0.771013 0.505506
vt 0.766379 0.487979
vt 0.098144 0.035291
vt 0.528027 0.837383
vt 0.511421 0.967524
vt 0.261799 0.123388
vt 0.268817 0.896607
vt 0.980765 0.348669
vt 0.123223 0.280641
vt 0.123764 0.291332
vt 0.521057 0.550718
vt 0.645045 0.199539
vt 0.907213 0.528858
vt 0.904605 0.520091
vt 0.794613 0.369201
vt 0.253360 0.121688
vt 0.185635 0.968858
vt 0.820935 0.563635
vt 0.801153 0.558946
vt 0.311639 0.926804
vt 0.897245 0.131293
vt 0.200299 0.028961
vt 0.840892 0.558189
vt 0.084720 0.914642
vt 0.437677 0.930627
vt 0.157237 0.571786
vt 0.187243 0.596226
vt 0.189804 0.574182
vt 0.186711 0.870048
vt 0.926786 0.387533
vt 0.553992 0.346077
vt 0.580697 0.322049
vt 0.603945 0.375156
vt 0.595376 0.591882
vt 0.535699 0.508846
vt 0.484680 0.304223
vt 0.415780 0.732038
vt 0.000553 0.352642
vt 0.002353 0.347101
vt 0.003560 0.352312
vt 0.914484 0.833534
vt 0.265581 0.260331
vt 0.564296 0.866394
vt 0.543845 0.865990
vt 0.879630 0.301381
vt 0.207888 0.597958
vt 0.097338 0.537352
vt 0.380973 0.721966
vt 0.381896 0.727423
vt 0.835043 0.966015
vt 0.652948 0.328044
vt 0.658301 0.331744
vt 0.984762 0.254788
vt 0.621536 0.864890
vt 0.622879 0.889560
vt 0.601317 0.865774
vt 0.282108 0.114083
vt 0.645566 0.502274
vt 0.879123 0.048593
vt 0.582687 0.865973
vt 0.953056 0.873102
vt 0.944368 0.878697
vt 0.312586 0.969429
vt 0.514642 0.149265
vt 0.637046 0.607500
vt 0.840252 0.260058
vt 0.672346 0.188338
vt 0.538533 0.927053
vt 0.539518 0.957279
vt 0.226270 0.115052
vt 0.220718 0.194485
vt 0.921677 0.927234
vt 0.804169 0.081277
vt 0.038678 0.845058
vt 0.064015 0.829538
vt 0.065794 0.843518
vt 0.037648 0.828536
vt 0.219191 0.106120
vt 0.499729 0.107880
vt 0.494515 0.129275
vt 0.602314 0.891532
vt 0.624646 0.923512
vt 0.646229 0.520519
vt 0.000187 0.310912
vt 0.858984 0.963343
vt 0.215321 0.706669
vt 0.982130 0.345452
vt 0.648042 0.157950
vt 0.372360 0.376665
vt 0.035195 0.396777
vt 0.605443 0.403750
vt 0.623125 0.653542
vt 0.384406 0.876958
vt 0.703701 0.632664
vt 0.610533 0.949558
vt 0.046227 0.031386
vt 0.065145 0.026963
vt 0.153006 0.965093
vt 0.152341 0.988545
vt 0.147003 0.987497
vt 0.147432 0.963640
vt 0.499410 0.835479
vt 0.719686 0.150192
vt 0.714405 0.134290
vt 0.542421 0.961950
vt 0.787097 0.408786
vt 0.106096 0.963026
vt 0.692033 0.416351
vt 0.926491 0.037750
vt 0.607562 0.411460
vt 0.940030 0.130753
vt 0.939291 0.137974
vt 0.815917 0.014440
vt 0.859909 0.029242
vt 0.074993 0.040280
vt 0.183443 0.739605
vt 0.007422 0.437431
vt 0.132829 0.480177
vt 0.176330 0.751870
vt 0.842117 0.791074
vt 0.852333 0.769041
vt 0.027954 0.306187
vt 0.050794 0.297263
vt 0.058494 0.314426
vt 0.156550 0.566381
vt 0.842769 0.593015
vt 0.941938 0.447448
vt 0.141596 0.988091
vt 0.010888 0.364379
vt 0.142312 0.963954
vt 0.102207 0.187115
vt 0.583803 0.635267
vt 0.580601 0.630484
vt 0.716570 0.555587
vt 0.838249 0.150917
vt 0.619816 0.779186
vt 0.615495 0.943250
vt 0.746483 0.498755
vt 0.435499 0.578056
vt 0.725336 0.561911
vt 0.277651 0.725816
vt 0.885355 0.990721
vt 0.552370 0.000659
vt 0.935636 0.948286
vt 0.709139 0.055940
vt 0.695474 0.049774
vt 0.348634 0.682188
vt 0.316946 0.677611
vt 0.322385 0.647713
vt 0.210047 0.229943
vt 0.931935 0.868023
vt 0.390310 0.921353
vt 0.427587 0.923277
vt 0.088278 0.524740
vt 0.034488 0.881697
vt 0.449092 0.966991
vt 0.450307 0.990503
vt 0.540703 0.378758
vt 0.006807 0.480624
vt 0.522890 0.884861
vt 0.536750 0.872647
vt 0.248376 0.020978
vt 0.459276 0.304304
vt 0.214264 0.370558
vt 0.203117 0.379040
vt 0.871446 0.739520
vt 0.860752 0.015802
vt 0.367009 0.295237
vt 0.516364 0.461928
vt 0.535098 0.428892
vt 0.359322 0.590943
vt 0.670638 0.331433
vt 0.210465 0.576680
vt 0.959201 0.125955
vt 0.643598 0.476168
vt 0.431770 0.810379
vt 0.451795 0.811053
vt 0.054826 0.274017
vt 0.008478 0.586760
vt 0.005321 0.590626
vt 0.004871 0.586124
vt 0.008497 0.591254
vt 0.298067 0.333100
vt 0.415328 0.227501
vt 0.456863 0.223429
vt 0.917959 0.547389
vt 0.914136 0.135447
vt 0.429705 0.876028
vt 0.414539 0.874694
vt 0.014576 0.343368
vt 0.039476 0.339882
vt 0.415813 0.475771
vt 0.143756 0.442088
vt 0.136649 0.453874
vt 0.095825 0.425221
vt 0.978580 0.099318
vt 0.037983 0.723049
vt 0.129751 0.194091
vt 0.126637 0.201473
vt 0.003341 0.258601
vt 0.838312 0.888997
vt 0.330050 0.897624
vt 0.243902 0.793692
vt 0.939773 0.021529
vt 0.719050 0.704866
vt 0.104211 0.714073
vt 0.159842 0.463448
vt 0.175183 0.463728
vt 0.829612 0.099598
vt 0.822680 0.117011
vt 0.957902 0.554252
vt 0.401051 0.875482
vt 0.160049 0.501733
vt 0.159709 0.481424
vt 0.183069 0.480388
vt 0.649486 0.300052
vt 0.005149 0.335158
vt 0.471575 0.002031
vt 0.835177 0.234258
vt 0.077672 0.881247
vt 0.265442 0.868353
vt 0.359517 0.476861
vt 0.876070 0.007234
vt 0.981938 0.072170
vt 0.636066 0.627407
vt 0.647677 0.619936
vt 0.008017 0.548479
vt 0.181727 0.029266
vt 0.946664 0.310710
vt 0.864239 0.696711
vt 0.296413 0.968779
vt 0.527695 0.495718
vt 0.504779 0.487563
vt 0.074653 0.031107
vt 0.314393 0.093902
vt 0.662691 0.474044
vt 0.789248 0.350189
vt 0.680561 0.055836
vt 0.372477 0.434512
vt 0.495853 0.687415
vt 0.936633 0.172954
vt 0.246454 0.000714
vt 0.596938 0.665950
vt 0.903744 0.901344
vt 0.264277 0.716060
vt 0.521192 0.933475
vt 0.800221 0.282656
vt 0.032603 0.550856
vt 0.359545 0.303540
vt 0.993929 0.177725
vt 0.495076 0.001755
vt 0.032848 0.564292
vt 0.987572 0.258984
vt 0.090612 0.760295
vt 0.697016 0.140879
vt 0.972773 0.459450
vt 0.969503 0.461100
vt 0.159188 0.466296
vt 0.194583 0.450661
vt 0.193792 0.463734
vt 0.096330 0.933142
vt 0.616673 0.629349
vt 0.020877 0.408159
vt 0.535524 0.910580
vt 0.535524 0.937235
vt 0.523088 0.928560
vt 0.601887 0.437258
vt 0.846001 0.034572
vt 0.253513 0.175219
vt 0.274670 0.985752
vt 0.609205 0.974761
vt 0.598544 0.971468
vt 0.610653 0.981468
vt 0.601793 0.980332
vt 0.230943 0.032705
vt 0.239528 0.991247
vt 0.267442 0.005055
vt 0.251885 0.001626
vt 0.836459 0.826428
vt 0.588251 0.779809
vt 0.903503 0.487022
vt 0.981990 0.870996
vt 0.446764 0.153172
vt 0.999806 0.694869
vt 0.995918 0.670394
vt 0.403609 0.450284
vt 0.013169 0.070894
vt 0.047462 0.059221
vt 0.909135 0.015737
vt 0.925796 0.003182
vt 0.934332 0.031869
vt 0.943821 0.002579
s 1
usemtl Material
f 1/1/1 2/2/2 3/3/3
f 1/1/1 4/4/4 5/5/5
f 1/1/1 6/6/6 4/4/4
f 1/1/1 5/5/5 7/7/7
f 1/1/1 7/7/7 2/2/2
f 1/1/1 3/3/3 6/6/6
f 8/8/8 9/9/9 10/10/10
f 8/8/8 11/11/11 12/12/12
f 8/8/8 10/10/10 13/13/13
f 8/8/8 13/13/13 14/14/14
f 8/8/8 15/15/15 11/11/11
f 8/8/8 14/14/14 15/15/15
f 8/8/8 12/12/12 9/9/9
f 16/16/16 17/17/17 18/18/18
f 16/16/16 18/18/18 19/19/19
f 16/16/16 20/20/20 17/17/17
f 16/16/16 19/19/19 21/21/21
f 16/16/16 22/22/22 20/20/20
f 16/16/16 21/21/21 22/22/22
f 23/23/23 24/24/24 25/25/25
f 23/26/23 26/27/26 27/28/27
f 23/23/23 27/29/27 24/24/24
f 23/23/23 28/30/28 29/31/29
f 23/26/23 29/32/29 26/27/26
f 23/23/23 25/25/25 28/30/28
f 30/33/30 31/34/31 32/35/32
f 30/33/30 33/36/33 34/37/34
f 30/33/30 35/38/35 33/36/33
f 30/33/30 34/37/34 31/34/31
f 30/33/30 36/39/36 37/40/37
f 30/33/30 38/41/38 35/38/35
f 30/33/30 32/35/32 36/39/36
f 30/33/30 37/40/37 38/41/38
f 39/42/39 40/43/40 41/44/41
f 39/42/39 42/45/42 43/46/43
f 39/42/39 43/46/43 40/43/40
f 44/47/44 45/48/45 46/49/46
f 44/47/44 47/50/47 48/51/48
f 44/47/44 49/52/49 50/53/50
f 44/47/44 46/49/46 51/54/51
f 44/47/44 48/51/48 45/48/45
f 44/47/44 51/54/51 49/52/49
f 44/47/44 50/53/50 47/50/47
f 52/55/52 53/56/53 54/57/54
f 52/55/52 55/58/55 56/59/56
f 52/55/52 57/60/57 53/56/53
f 52/55/52 56/59/56 57/60/57
f 52/55/52 54/57/54 55/58/55
f 58/61/58 59/62/59 60/63/60
f 58/61/58 61/64/61 62/65/62
f 58/61/58 60/63/60 61/64/61
f 63/66/63 64/67/64 65/68/65
f 63/66/63 65/68/65 66/69/66
f 63/66/63 67/70/67 64/67/64
f 63/71/63 68/72/68 67/73/67
f 63/71/63 66/74/66 68/72/68
f 69/75/69 70/76/70 71/77/71
f 69/78/69 72/79/72 73/80/73
f 69/75/69 74/81/74 75/82/75
f 69/83/69 73/84/73 76/85/76
f 69/78/69 75/86/75 72/79/72
f 69/83/69 76/85/76 70/87/70
f 69/75/69 71/77/71 74/81/74
f 77/88/77 78/89/78 79/90/79
f 77/88/77 80/91/80 78/89/78
f 77/92/77 81/93/81 82/94/82
f 77/92/77 82/94/82 83/95/83
f 77/92/77 83/95/83 80/96/80
f 77/88/77 79/90/79 81/97/81
f 84/98/84 85/99/85 86/100/86
f 84/98/84 87/101/87 88/102/88
f 84/98/84 89/103/89 85/99/85
f 84/98/84 86/100/86 90/104/90
f 84/98/84 88/102/88 89/103/89
f 84/98/84 90/104/90 87/101/87
f 91/105/91 92/106/92 93/107/93
f 91/105/91 94/108/94 92/106/92
f 91/105/91 95/109/95 96/110/96
f 91/105/91 97/111/97 94/108/94
f 91/105/91 93/107/93 98/112/98
f 91/105/91 98/112/98 95/109/95
f 91/105/91 96/110/96 97/111/97
f 99/113/99 100/114/100 101/115/101
f 99/116/99 102/117/102 103/118/103
f 99/116/99 104/119/104 102/117/102
f 99/113/99 105/120/105 100/114/100
f 99/116/99 106/121/106 104/119/104
f 99/116/99 103/118/103 105/122/105
f 99/113/99 101/115/101 106/123/106
f 107/124/107 108/125/108 109/126/109
f 107/124/107 110/127/110 108/125/108
f 107/124/107 109/126/109 111/128/111
f 107/124/107 112/129/112 110/127/110
f 107/124/107 111/128/111 113/130/113
f 107/124/107 113/130/113 112/129/112
f 114/131/114 115/132/115 116/133/116
f 114/134/114 117/135/117 118/136/118
f 114/131/114 119/137/119 117/138/117
f 114/131/114 116/133/116 119/137/119
f 114/131/114 120/139/120 115/132/115
f 114/131/114 118/140/118 120/139/120
f 121/141/121 122/142/122 123/143/123
f 121/141/121 124/144/124 125/145/125
f 121/141/121 126/146/126 122/142/122
f 121/141/121 127/147/127 126/146/126
f 121/141/121 123/143/123 124/144/124
f 121/141/121 125/145/125 127/147/127
f 17/17/17 20/20/20 128/148/128
f 17/149/17 128/150/128 129/151/129
f 17/17/17 130/152/130 18/18/18
f 17/17/17 129/153/129 130/152/130
f 131/154/131 132/155/132 42/45/42
f 131/156/131 133/157/133 134/158/134
f 131/156/131 135/159/135 133/157/133
f 131/154/131 134/160/134 132/155/132
f 136/161/136 137/162/137 138/163/138
f 136/161/136 139/164/139 137/162/137
f 140/165/140 141/166/141 142/167/142
f 140/165/140 143/168/143 144/169/144
f 140/165/140 142/167/142 145/170/145
f 140/165/140 145/170/145 143/168/143
f 140/165/140 144/169/144 141/166/141
f 146/171/146 147/172/147 148/173/148
f 146/171/146 149/174/149 150/175/150
f 146/171/146 151/176/151 152/177/152
f 146/171/146 148/173/148 151/176/151
f 146/171/146 153/178/153 149/174/149
f 146/171/146 152/177/152 153/178/153
f 146/171/146 150/175/150 147/172/147
f 154/179/154 155/180/155 156/181/156
f 154/179/154 156/181/156 157/182/157
f 154/179/154 158/183/158 159/184/159
f 154/179/154 159/184/159 160/185/160
f 154/179/154 160/185/160 155/180/155
f 154/179/154 157/182/157 158/183/158
f 161/186/161 162/187/162 163/188/163
f 161/186/161 164/189/164 165/190/165
f 161/186/161 165/190/165 162/187/162
f 161/186/161 166/191/166 167/192/167
f 161/186/161 167/192/167 164/189/164
f 161/186/161 163/188/163 166/191/166
f 168/193/168 169/194/169 170/195/170
f 168/196/168 170/197/170 171/198/171
f 168/199/168 172/200/172 169/201/169
f 168/199/168 173/202/173 172/200/172
f 168/199/168 174/203/174 173/202/173
f 168/196/168 171/198/171 174/204/174
f 175/205/175 176/206/176 177/207/177
f 175/208/175 178/209/178 179/210/179
f 175/205/175 180/211/180 176/206/176
f 175/205/175 177/207/177 178/212/178
f 175/208/175 179/210/179 180/213/180
f 181/214/181 182/215/182 183/216/183
f 181/214/181 183/216/183 184/217/184
f 181/218/181 184/219/184 185/220/185
f 181/218/181 186/221/186 187/222/187
f 181/218/181 185/220/185 186/221/186
f 181/218/181 187/222/187 182/223/182
f 188/224/188 189/225/189 190/226/190
f 188/224/188 191/227/191 189/225/189
f 188/224/188 192/228/192 193/229/193
f 188/224/188 190/226/190 192/228/192
f 188/224/188 193/229/193 191/227/191
f 194/230/194 195/231/195 196/232/196
f 194/230/194 197/233/197 195/231/195
f 194/230/194 196/232/196 198/234/198
f 194/230/194 198/234/198 199/235/199
f 194/230/194 200/236/200 197/233/197
f 194/230/194 199/235/199 200/236/200
f 201/237/201 202/238/202 203/239/203
f 201/237/201 204/240/204 202/238/202
f 201/237/201 205/241/205 206/242/206
f 201/237/201 206/242/206 207/243/207
f 201/237/201 207/243/207 204/240/204
f 201/237/201 203/239/203 208/244/208
f 201/245/201 208/246/208 205/247/205
f 209/248/209 210/249/210 211/250/211
f 209/248/209 212/251/212 213/252/213
f 209/248/209 211/250/211 212/251/212
f 214/253/214 215/254/215 216/255/216
f 214/256/214 216/257/216 217/258/217
f 214/256/214 217/258/217 218/259/218
f 214/253/214 219/260/219 220/261/220
f 214/253/214 218/262/218 219/260/219
f 214/253/214 220/261/220 215/254/215
f 202/238/202 221/263/221 222/264/222
f 202/238/202 204/240/204 223/265/223
f 202/238/202 222/264/222 203/239/203
f 202/238/202 223/265/223 221/263/221
f 224/266/224 156/267/156 225/268/225
f 224/266/224 226/269/226 82/94/82
f 224/266/224 225/268/225 226/269/226
f 224/266/224 82/94/82 227/270/227
f 224/266/224 227/270/227 156/267/156
f 228/271/228 229/272/229 230/273/230
f 228/271/228 231/274/231 232/275/232
f 228/271/228 230/273/230 233/276/233
f 228/277/228 138/163/138 234/278/234
f 228/277/228 233/279/233 138/163/138
f 228/271/228 232/275/232 229/272/229
f 228/271/228 234/280/234 231/274/231
f 235/281/235 236/282/236 237/283/237
f 235/284/235 238/285/238 239/286/239
f 235/281/235 237/283/237 240/287/240
f 235/281/235 239/288/239 236/282/236
f 241/289/241 242/290/242 243/291/243
f 241/289/241 244/292/244 242/290/242
f 241/293/241 243/294/243 245/295/245
f 241/289/241 246/296/246 247/297/247
f 241/289/241 245/298/245 246/296/246
f 241/289/241 247/297/247 244/292/244
f 248/299/248 249/300/249 250/301/250
f 248/299/248 251/302/251 252/303/252
f 248/299/248 252/303/252 249/300/249
f 248/299/248 253/304/253 251/302/251
f 248/299/248 250/301/250 254/305/254
f 248/299/248 254/305/254 253/304/253
f 255/306/255 256/307/256 257/308/257
f 255/309/255 258/310/258 259/311/259
f 255/312/255 260/313/260 261/314/261
f 255/309/255 261/315/261 258/310/258
f 255/306/255 257/308/257 260/316/260
f 255/317/255 259/318/259 256/319/256
f 262/320/262 263/321/263 264/322/264
f 262/320/262 265/323/265 266/324/266
f 262/320/262 264/322/264 265/323/265
f 262/320/262 267/325/267 268/326/268
f 262/320/262 268/326/268 263/321/263
f 262/320/262 266/324/266 267/325/267
f 269/327/269 270/328/270 271/329/271
f 269/327/269 272/330/272 273/331/273
f 269/332/269 274/333/274 275/334/275
f 269/332/269 276/335/276 270/336/270
f 269/327/269 271/329/271 272/330/272
f 269/332/269 275/334/275 276/335/276
f 269/332/269 273/337/273 274/333/274
f 277/338/277 278/339/278 279/340/279
f 277/338/277 280/341/280 281/342/281
f 277/338/277 279/340/279 282/343/282
f 277/338/277 281/342/281 278/339/278
f 277/338/277 282/343/282 283/344/283
f 277/338/277 283/344/283 280/341/280
f 284/345/284 285/346/285 286/347/286
f 284/345/284 287/348/287 288/349/288
f 284/345/284 289/350/289 285/346/285
f 284/345/284 286/347/286 290/351/290
f 284/345/284 290/351/290 287/348/287
f 284/345/284 288/349/288 289/350/289
f 291/352/291 292/353/292 293/354/293
f 291/352/291 294/355/294 295/356/295
f 291/352/291 293/354/293 294/355/294
f 291/357/291 296/358/296 297/359/297
f 291/352/291 295/356/295 296/360/296
f 291/352/291 297/361/297 292/353/292
f 298/362/298 299/363/299 300/364/300
f 298/362/298 301/365/301 302/366/302
f 298/362/298 303/367/303 299/363/299
f 298/362/298 302/366/302 304/368/304
f 298/362/298 300/364/300 301/365/301
f 298/362/298 304/368/304 303/367/303
f 305/369/305 306/370/306 307/371/307
f 305/369/305 308/372/308 306/370/306
f 305/373/305 309/374/309 310/375/310
f 305/369/305 310/376/310 308/372/308
f 311/377/311 312/378/312 313/379/313
f 311/377/311 219/260/219 314/380/314
f 311/377/311 313/379/313 219/260/219
f 311/377/311 314/380/314 312/378/312
f 315/381/315 316/382/316 317/383/317
f 315/384/315 317/385/317 318/386/318
f 315/384/315 319/387/319 320/388/320
f 315/384/315 320/388/320 321/389/321
f 315/384/315 318/386/318 319/387/319
f 315/384/315 321/389/321 316/390/316
f 322/391/322 323/392/323 324/393/324
f 322/391/322 325/394/325 323/392/323
f 322/391/322 326/395/326 325/394/325
f 322/391/322 324/393/324 327/396/327
f 322/391/322 328/397/328 326/395/326
f 322/391/322 327/396/327 328/397/328
f 329/398/329 330/399/330 331/400/331
f 329/401/329 332/402/332 330/403/330
f 329/398/329 331/400/331 333/404/333
f 329/401/329 334/405/334 332/402/332
f 329/401/329 335/406/335 334/405/334
f 329/401/329 333/407/333 335/406/335
f 336/408/336 337/409/337 338/410/338
f 336/408/336 339/411/339 337/409/337
f 336/412/336 340/413/340 339/414/339
f 336/415/336 341/416/341 340/417/340
f 336/408/336 342/418/342 341/419/341
f 336/408/336 338/410/338 342/418/342
f 343/420/343 344/421/344 345/422/345
f 343/423/343 346/424/346 347/425/347
f 343/420/343 348/426/348 346/427/346
f 343/420/343 345/422/345 348/426/348
f 343/423/343 347/425/347 344/428/344
f 349/429/349 350/430/350 351/431/351
f 349/432/349 352/433/352 353/434/353
f 349/435/349 351/436/351 354/437/354
f 349/432/349 353/434/353 355/438/355
f 349/435/349 354/437/354 352/439/352
f 349/432/349 355/438/355 350/440/350
f 356/441/356 357/442/357 358/443/358
f 356/441/356 359/444/359 360/445/360
f 356/441/356 360/445/360 361/446/361
f 356/441/356 361/446/361 357/442/357
f 356/441/356 358/443/358 359/444/359
f 362/447/362 363/448/363 364/449/364
f 362/447/362 365/450/365 363/448/363
f 362/447/362 364/449/364 366/451/366
f 362/447/362 366/451/366 119/452/119
f 362/447/362 119/452/119 367/453/367
f 362/447/362 367/453/367 365/450/365
f 368/454/368 369/455/369 370/456/370
f 368/457/368 371/458/371 372/459/372
f 368/457/368 372/459/372 373/460/373
f 368/454/368 374/461/374 369/455/369
f 368/457/368 373/460/373 374/462/374
f 368/454/368 370/456/370 371/463/371
f 375/464/375 376/465/376 377/466/377
f 375/464/375 378/467/378 379/468/379
f 375/464/375 377/466/377 378/467/378
f 375/464/375 380/469/380 381/470/381
f 375/471/375 379/472/379 380/473/380
f 375/464/375 381/470/381 376/465/376
f 382/474/382 383/475/383 384/476/384
f 382/474/382 385/477/385 383/475/383
f 382/474/382 386/478/386 387/479/387
f 382/480/382 388/481/388 389/482/389
f 382/474/382 387/479/387 385/477/385
f 382/474/382 389/483/389 386/478/386
f 382/480/382 384/484/384 388/481/388
f 390/485/390 391/486/391 392/487/392
f 390/485/390 392/487/392 393/488/393
f 390/485/390 393/488/393 394/489/394
f 390/485/390 395/490/395 391/486/391
f 390/485/390 396/491/396 395/490/395
f 390/485/390 394/489/394 396/491/396
f 397/492/397 398/493/398 399/494/399
f 397/492/397 399/494/399 400/495/400
f 397/496/397 400/497/400 401/498/401
f 402/499/402 403/500/403 404/501/404
f 402/499/402 405/502/405 406/503/406
f 402/499/402 407/504/407 408/505/408
f 402/499/402 404/501/404 405/502/405
f 402/499/402 408/505/408 403/500/403
f 402/499/402 406/503/406 407/504/407
f 409/506/409 410/507/410 411/508/411
f 409/506/409 412/509/412 410/507/410
f 409/510/409 413/511/413 414/512/414
f 409/506/409 415/513/415 412/509/412
f 409/506/409 414/514/414 415/513/415
f 409/510/409 411/515/411 413/511/413
f 270/516/270 416/517/416 417/518/417
f 270/336/270 418/519/418 419/520/419
f 270/516/270 419/521/419 416/517/416
f 270/336/270 276/335/276 418/519/418
f 270/522/270 417/523/417 271/524/271
f 369/455/369 420/525/420 370/456/370
f 369/455/369 374/461/374 421/526/421
f 369/455/369 422/527/422 420/525/420
f 369/455/369 421/526/421 422/527/422
f 423/528/423 424/529/424 425/530/425
f 423/528/423 426/531/426 424/529/424
f 423/528/423 427/532/427 428/533/428
f 423/528/423 428/533/428 426/531/426
f 423/528/423 429/534/429 427/532/427
f 423/528/423 425/530/425 429/534/429
f 430/535/430 431/536/431 432/537/432
f 430/535/430 433/538/433 434/539/434
f 430/535/430 434/539/434 435/540/435
f 430/535/430 435/540/435 431/536/431
f 430/535/430 432/537/432 433/538/433
f 436/541/436 437/542/437 438/543/438
f 436/541/436 439/544/439 440/545/440
f 436/546/436 438/547/438 439/548/439
f 436/541/436 441/549/441 437/542/437
f 436/541/436 442/550/442 443/551/443
f 436/541/436 443/551/443 441/549/441
f 436/541/436 440/545/440 442/550/442
f 9/9/9 444/552/444 445/553/445
f 9/9/9 445/553/445 10/10/10
f 9/9/9 12/12/12 444/552/444
f 446/554/446 447/555/447 448/556/448
f 446/554/446 448/556/448 449/557/449
f 446/558/446 450/559/450 451/560/451
f 446/554/446 452/561/452 447/555/447
f 446/554/446 451/562/451 452/561/452
f 446/558/446 449/563/449 450/559/450
f 453/564/453 454/565/454 455/566/455
f 453/564/453 456/567/456 457/568/457
f 453/564/453 455/566/455 458/569/458
f 453/564/453 458/569/458 456/567/456
f 453/564/453 459/570/459 454/565/454
f 453/564/453 457/568/457 459/570/459
f 460/571/460 461/572/461 462/573/462
f 460/574/460 463/575/463 464/576/464
f 460/574/460 462/577/462 465/578/465
f 460/571/460 466/579/466 461/572/461
f 460/574/460 465/578/465 463/575/463
f 460/574/460 464/576/464 466/580/466
f 467/581/467 468/582/468 469/583/469
f 467/581/467 470/584/470 468/582/468
f 467/581/467 471/585/471 470/584/470
f 467/581/467 469/583/469 472/586/472
f 467/581/467 472/586/472 471/585/471
f 115/132/115 473/587/473 116/133/116
f 115/132/115 474/588/474 473/587/473
f 115/132/115 120/139/120 474/588/474
f 24/24/24 475/589/475 25/25/25
f 476/590/476 477/591/477 478/592/478
f 476/590/476 478/592/478 479/593/479
f 476/590/476 480/594/480 481/595/481
f 476/590/476 481/595/481 477/591/477
f 476/590/476 479/593/479 480/594/480
f 482/596/482 483/597/483 484/598/484
f 482/599/482 485/600/485 486/601/486
f 482/602/482 487/603/487 488/604/488
f 482/605/482 488/606/488 489/607/489
f 482/599/482 486/601/486 487/608/487
f 482/596/482 489/609/489 483/597/483
f 482/599/482 484/610/484 485/600/485
f 490/611/490 491/612/491 492/613/492
f 490/611/490 493/614/493 494/615/494
f 490/611/490 494/615/494 491/612/491
f 490/611/490 492/613/492 495/616/495
f 490/617/490 495/618/495 496/619/496
f 490/611/490 496/620/496 493/614/493
f 497/621/497 498/622/498 499/623/499
f 497/621/497 499/623/499 500/624/500
f 497/625/497 501/626/501 502/627/502
f 497/625/497 502/627/502 503/628/503
f 497/621/497 503/629/503 498/622/498
f 497/621/497 500/624/500 501/630/501
f 504/631/504 505/632/505 506/633/506
f 504/631/504 507/634/507 505/632/505
f 504/635/504 508/636/508 507/637/507
f 504/635/504 509/638/509 508/636/508
f 504/631/504 510/639/510 509/640/509
f 504/631/504 506/633/506 510/639/510
f 511/641/511 512/642/512 513/643/513
f 511/641/511 514/644/514 515/645/515
f 511/641/511 515/645/515 516/646/516
f 511/641/511 513/643/513 514/644/514
f 511/641/511 516/646/516 512/642/512
f 517/647/517 518/648/518 519/649/519
f 517/647/517 520/650/520 518/648/518
f 521/651/521 522/652/522 523/653/523
f 521/651/521 524/654/524 522/652/522
f 521/655/521 525/656/525 526/657/526
f 521/655/521 527/658/527 528/659/528
f 521/651/521 528/660/528 524/654/524
f 521/655/521 523/661/523 525/656/525
f 521/655/521 526/657/526 527/658/527
f 285/346/285 289/350/289 529/662/529
f 285/346/285 529/662/529 530/663/530
f 285/346/285 530/663/530 286/347/286
f 11/11/11 531/664/531 12/12/12
f 11/11/11 532/665/532 533/666/533
f 11/11/11 15/15/15 532/665/532
f 11/11/11 533/666/533 531/664/531
f 18/18/18 130/152/130 534/667/534
f 18/18/18 534/667/534 19/19/19
f 535/668/535 536/669/536 537/670/537
f 535/668/535 538/671/538 539/672/539
f 535/668/535 537/670/537 540/673/540
f 535/668/535 539/672/539 536/669/536
f 535/668/535 540/673/540 538/671/538
f 541/674/541 542/675/542 543/676/543
f 541/674/541 544/677/544 545/678/545
f 541/679/541 545/680/545 546/681/546
f 541/674/541 547/682/547 542/675/542
f 541/674/541 543/676/543 544/677/544
f 541/674/541 546/683/546 547/682/547
f 548/684/548 549/685/549 550/686/550
f 548/687/548 551/688/551 552/689/552
f 548/684/548 553/690/553 549/685/549
f 548/687/548 552/689/552 554/691/554
f 548/687/548 550/692/550 551/688/551
f 548/684/548 554/693/554 553/690/553
f 555/694/555 556/695/556 557/696/557
f 555/694/555 557/696/557 558/697/558
f 555/694/555 559/698/559 310/375/310
f 555/694/555 558/697/558 560/699/560
f 555/694/555 560/699/560 559/698/559
f 555/694/555 310/375/310 556/695/556
f 561/700/561 562/701/562 563/702/563
f 561/703/561 564/704/564 565/705/565
f 561/703/561 565/705/565 566/706/566
f 561/703/561 566/706/566 567/707/567
f 561/700/561 567/708/567 562/701/562
f 561/703/561 563/709/563 564/704/564
f 568/710/568 569/711/569 570/712/570
f 568/713/568 571/714/571 569/715/569
f 568/710/568 570/712/570 572/716/572
f 573/717/573 574/718/574 575/719/575
f 573/717/573 576/720/576 577/721/577
f 573/717/573 577/721/577 574/718/574
f 573/717/573 575/719/575 578/722/578
f 573/717/573 579/723/579 580/724/580
f 573/717/573 578/722/578 579/723/579
f 573/717/573 580/724/580 576/720/576
f 581/725/581 582/726/582 583/727/583
f 581/725/581 155/180/155 160/185/160
f 581/725/581 584/728/584 582/726/582
f 581/725/581 585/729/585 584/728/584
f 581/725/581 160/185/160 586/730/586
f 581/725/581 583/727/583 155/180/155
f 581/725/581 586/730/586 585/729/585
f 587/731/587 588/732/588 589/733/589
f 587/731/587 590/734/590 591/735/591
f 587/731/587 592/736/592 593/737/593
f 587/731/587 593/737/593 588/732/588
f 587/731/587 591/735/591 592/736/592
f 587/731/587 589/733/589 590/734/590
f 594/738/594 595/739/595 596/740/596
f 594/738/594 597/741/597 598/742/598
f 594/738/594 599/743/599 600/744/600
f 594/738/594 596/740/596 597/741/597
f 594/738/594 601/745/601 599/743/599
f 594/738/594 600/744/600 595/739/595
f 594/738/594 598/742/598 601/745/601
f 602/746/602 603/747/603 604/748/604
f 602/746/602 605/749/605 606/750/606
f 602/746/602 607/751/607 603/747/603
f 602/752/602 608/753/608 607/754/607
f 602/746/602 606/750/606 608/755/608
f 602/746/602 604/748/604 605/749/605
f 609/756/609 610/757/610 611/758/611
f 609/759/609 612/760/612 613/761/613
f 609/759/609 613/761/613 614/762/614
f 609/756/609 611/758/611 612/763/612
f 609/756/609 615/764/615 610/757/610
f 609/759/609 616/765/616 615/766/615
f 609/759/609 614/762/614 616/765/616
f 617/767/617 618/768/618 619/769/619
f 617/770/617 620/771/620 563/702/563
f 617/772/617 621/773/621 620/774/620
f 617/767/617 619/769/619 622/775/622
f 617/770/617 563/702/563 618/776/618
f 617/767/617 622/775/622 621/777/621
f 623/778/623 624/779/624 625/780/625
f 623/781/623 626/782/626 627/783/627
f 623/778/623 625/780/625 628/784/628
f 623/778/623 627/785/627 624/779/624
f 623/781/623 629/786/629 630/787/630
f 623/781/623 628/788/628 629/786/629
f 623/781/623 630/787/630 626/782/626
f 631/789/631 632/790/632 633/791/633
f 631/789/631 634/792/634 635/793/635
f 631/789/631 633/791/633 634/792/634
f 631/789/631 636/794/636 637/795/637
f 631/789/631 637/795/637 632/790/632
f 631/789/631 635/793/635 636/794/636
f 638/796/638 204/240/204 639/797/639
f 638/796/638 639/797/639 640/798/640
f 638/796/638 641/799/641 223/265/223
f 638/796/638 223/265/223 204/240/204
f 638/796/638 640/798/640 642/800/642
f 638/796/638 642/800/642 641/799/641
f 643/801/643 644/802/644 645/803/645
f 643/804/643 646/805/646 647/806/647
f 643/801/643 648/807/648 649/808/649
f 643/804/643 647/806/647 644/809/644
f 643/801/643 645/803/645 648/807/648
f 643/804/643 649/810/649 646/805/646
f 650/811/650 215/254/215 651/812/651
f 650/813/650 651/814/651 652/815/652
f 650/811/650 653/816/653 654/817/654
f 650/813/650 652/815/652 655/818/655
f 650/819/650 655/820/655 653/821/653
f 650/811/650 654/817/654 215/254/215
f 656/822/656 657/823/657 658/824/658
f 656/825/656 659/826/659 660/827/660
f 656/825/656 661/828/661 659/826/659
f 656/825/656 660/827/660 657/829/657
f 656/822/656 658/824/658 662/830/662
f 656/831/656 662/832/662 661/833/661
f 663/834/663 229/272/229 664/835/664
f 663/834/663 665/836/665 666/837/666
f 663/834/663 667/838/667 665/836/665
f 663/834/663 664/835/664 668/839/668
f 663/834/663 668/839/668 669/840/669
f 663/834/663 666/837/666 229/272/229
f 663/834/663 669/840/669 667/838/667
f 670/841/670 671/842/671 672/843/672
f 670/841/670 673/844/673 671/842/671
f 670/841/670 674/845/674 675/846/675
f 670/841/670 672/843/672 676/847/676
f 670/841/670 675/846/675 673/844/673
f 670/841/670 676/847/676 674/845/674
f 677/848/677 678/849/678 274/850/274
f 677/848/677 274/850/274 679/851/679
f 677/848/677 680/852/680 452/853/452
f 677/848/677 452/853/452 678/849/678
f 677/848/677 679/851/679 681/854/681
f 677/848/677 681/854/681 680/852/680
f 682/855/682 357/442/357 361/446/361
f 682/855/682 683/856/683 357/442/357
f 682/855/682 361/446/361 684/857/684
f 682/855/682 684/857/684 685/858/685
f 682/855/682 685/858/685 683/856/683
f 686/859/686 687/860/687 62/861/62
f 686/859/686 688/862/688 687/860/687
f 686/859/686 62/861/62 61/863/61
f 689/864/689 690/865/690 346/424/346
f 689/866/689 691/867/691 692/868/692
f 689/866/689 693/869/693 694/870/694
f 689/866/689 346/427/346 691/867/691
f 689/864/689 695/871/695 690/865/690
f 689/864/689 694/872/694 695/871/695
f 689/866/689 692/868/692 693/869/693
f 696/873/696 697/874/697 698/875/698
f 696/876/696 698/877/698 699/878/699
f 696/876/696 699/878/699 700/879/700
f 696/873/696 701/880/701 702/881/702
f 696/876/696 700/879/700 701/882/701
f 696/873/696 702/881/702 697/874/697
f 610/757/610 615/764/615 703/883/703
f 610/757/610 703/883/703 611/758/611
f 704/884/704 705/885/705 706/886/706
f 704/884/704 707/887/707 708/888/708
f 704/884/704 706/886/706 709/889/709
f 704/884/704 710/890/710 705/885/705
f 704/884/704 708/888/708 710/890/710
f 704/884/704 709/889/709 707/887/707
f 711/891/711 712/892/712 713/893/713
f 711/891/711 714/894/714 715/895/715
f 711/896/711 716/897/716 714/898/714
f 711/891/711 713/893/713 717/899/717
f 711/891/711 718/900/718 712/892/712
f 711/896/711 717/901/717 716/897/716
f 711/891/711 715/895/715 718/900/718
f 719/902/719 720/903/720 721/904/721
f 719/902/719 102/117/102 722/905/722
f 719/902/719 723/906/723 724/907/724
f 719/902/719 722/905/722 720/903/720
f 719/902/719 721/904/721 723/906/723
f 719/902/719 724/907/724 102/117/102
f 725/908/725 726/909/726 727/910/727
f 725/908/725 728/911/728 729/912/729
f 725/908/725 729/912/729 726/909/726
f 725/908/725 727/910/727 730/913/730
f 725/908/725 730/913/730 731/914/731
f 725/908/725 731/914/731 728/911/728
f 732/915/732 733/916/733 734/917/734
f 732/915/732 735/918/735 736/919/736
f 732/915/732 734/917/734 735/918/735
f 732/915/732 737/920/737 733/916/733
f 732/915/732 736/919/736 737/920/737
f 738/921/738 739/922/739 740/923/740
f 738/921/738 741/924/741 739/922/739
f 738/921/738 740/923/740 150/925/150
f 738/921/738 742/926/742 741/924/741
f 738/921/738 150/925/150 743/927/743
f 738/921/738 743/927/743 742/926/742
f 744/928/744 745/929/745 746/930/746
f 744/931/744 221/263/221 223/265/223
f 744/931/744 747/932/747 221/263/221
f 744/928/744 748/933/748 747/934/747
f 744/928/744 749/935/749 745/929/745
f 744/931/744 223/265/223 749/936/749
f 744/928/744 746/930/746 748/933/748
f 750/937/750 751/938/751 752/939/752
f 750/937/750 753/940/753 754/941/754
f 750/937/750 754/941/754 751/938/751
f 750/937/750 752/939/752 755/942/755
f 750/937/750 755/942/755 753/940/753
f 756/943/756 757/944/757 758/945/758
f 756/943/756 759/946/759 760/947/760
f 756/943/756 760/947/760 761/948/761
f 756/943/756 758/945/758 759/946/759
f 756/949/756 761/950/761 762/951/762
f 756/952/756 762/953/762 757/954/757
f 763/955/763 764/956/764 765/957/765
f 763/955/763 765/957/765 634/958/634
f 763/959/763 766/960/766 767/961/767
f 763/959/763 768/962/768 766/960/766
f 763/955/763 634/958/634 769/963/769
f 763/955/763 770/964/770 764/956/764
f 763/955/763 769/963/769 768/965/768
f 763/955/763 767/966/767 770/964/770
f 771/967/771 772/968/772 538/671/538
f 771/967/771 538/671/538 540/673/540
f 771/967/771 773/969/773 772/968/772
f 771/967/771 540/673/540 773/969/773
f 774/970/774 272/330/272 271/329/271
f 774/970/774 547/971/547 546/681/546
f 774/970/774 271/329/271 547/971/547
f 774/970/774 546/681/546 272/330/272
f 344/428/344 775/972/775 776/973/776
f 344/974/344 776/975/776 777/976/777
f 344/974/344 777/976/777 345/977/345
f 344/428/344 347/425/347 775/972/775
f 350/440/350 778/978/778 779/979/779
f 350/430/350 780/980/780 351/431/351
f 350/430/350 779/981/779 780/980/780
f 350/440/350 355/438/355 778/978/778
f 781/982/781 559/698/559 560/699/560
f 781/983/781 782/984/782 783/985/783
f 781/986/781 784/987/784 782/988/782
f 781/982/781 560/699/560 785/989/785
f 781/982/781 783/990/783 559/698/559
f 781/982/781 785/989/785 784/991/784
f 618/776/618 562/701/562 786/992/786
f 618/768/618 786/993/786 787/994/787
f 618/776/618 563/702/563 562/701/562
f 618/768/618 787/994/787 619/769/619
f 788/995/788 789/996/789 790/997/790
f 788/995/788 790/997/790 791/998/791
f 788/995/788 791/998/791 792/999/792
f 793/1000/793 794/1001/794 795/1002/795
f 793/1000/793 796/1003/796 794/1001/794
f 793/1000/793 797/1004/797 798/1005/798
f 793/1000/793 795/1002/795 797/1004/797
f 793/1000/793 798/1005/798 796/1003/796
f 799/1006/799 800/1007/800 801/1008/801
f 799/1006/799 801/1008/801 802/1009/802
f 799/1006/799 803/1010/803 804/1011/804
f 799/1006/799 802/1009/802 803/1010/803
f 799/1006/799 804/1011/804 800/1007/800
f 805/1012/805 726/909/726 729/912/729
f 805/1013/805 806/1014/806 807/1015/807
f 805/1012/805 808/1016/808 726/909/726
f 805/1013/805 809/1017/809 806/1014/806
f 805/1012/805 729/912/729 809/1018/809
f 805/1012/805 807/1019/807 808/1016/808
f 810/1020/810 811/1021/811 812/1022/812
f 810/1023/810 813/1024/813 814/1025/814
f 810/1023/810 815/1026/815 816/1027/816
f 810/1020/810 816/1028/816 811/1021/811
f 810/1023/810 812/1029/812 813/1024/813
f 810/1023/810 814/1025/814 815/1026/815
f 817/1030/817 818/1031/818 819/1032/819
f 817/1030/817 820/1033/820 821/1034/821
f 817/1030/817 819/1032/819 820/1033/820
f 817/1035/817 822/1036/822 823/1037/823
f 817/1030/817 821/1034/821 822/1038/822
f 817/1035/817 823/1037/823 818/1039/818
f 824/1040/824 825/1041/825 826/1042/826
f 824/1040/824 826/1042/826 827/1043/827
f 824/1040/824 828/1044/828 825/1041/825
f 824/1040/824 827/1043/827 828/1044/828
f 829/1045/829 830/1046/830 831/1047/831
f 829/1045/829 831/1047/831 832/1048/832
f 833/1049/833 834/1050/834 835/1051/835
f 833/1049/833 836/1052/836 767/961/767
f 833/1049/833 766/960/766 834/1050/834
f 833/1049/833 835/1051/835 836/1052/836
f 833/1049/833 767/961/767 766/960/766
f 582/1053/582 837/1054/837 583/1055/583
f 582/1053/582 584/1056/584 838/1057/838
f 582/1053/582 838/1057/838 837/1054/837
f 839/1058/839 840/1059/840 841/1060/841
f 839/1061/839 841/1062/841 842/1063/842
f 839/1058/839 843/1064/843 840/1059/840
f 839/1061/839 842/1063/842 843/1065/843
f 844/1066/844 845/1067/845 846/1068/846
f 844/1069/844 847/1070/847 848/1071/848
f 844/1072/844 848/1073/848 849/1074/849
f 844/1069/844 850/1075/850 847/1070/847
f 844/1076/844 846/1077/846 851/1078/851
f 844/1079/844 851/1080/851 850/1081/850
f 844/1066/844 849/1082/849 845/1067/845
f 852/1083/852 853/1084/853 854/1085/854
f 852/1083/852 365/450/365 247/297/247
f 852/1083/852 855/1086/855 365/450/365
f 852/1083/852 856/1087/856 853/1084/853
f 852/1083/852 247/297/247 856/1087/856
f 852/1083/852 854/1085/854 855/1086/855
f 612/1088/612 857/1089/857 613/1090/613
f 612/1091/612 858/1092/858 857/1093/857
f 612/763/612 611/758/611 703/883/703
f 612/763/612 703/883/703 858/1094/858
f 859/1095/859 860/1096/860 861/1097/861
f 859/1095/859 862/1098/862 863/1099/863
f 859/1095/859 864/1100/864 862/1098/862
f 859/1095/859 861/1097/861 864/1100/864
f 859/1095/859 865/1101/865 860/1096/860
f 859/1095/859 863/1099/863 865/1101/865
f 866/1102/866 867/1103/867 868/1104/868
f 866/1102/866 869/1105/869 870/1106/870
f 866/1102/866 868/1104/868 869/1105/869
f 866/1107/866 870/1108/870 484/610/484
f 866/1109/866 484/598/484 867/1110/867
f 45/1111/45 871/1112/871 872/1113/872
f 45/1114/45 48/1115/48 871/1116/871
f 45/1117/45 873/1118/873 46/1119/46
f 45/1117/45 872/1120/872 873/1118/873
f 874/1121/874 875/1122/875 876/1123/876
f 874/1124/874 877/1125/877 875/1126/875
f 874/1124/874 878/1127/878 879/1128/879
f 874/1124/874 879/1128/879 880/1129/880
f 874/1121/874 881/1130/881 878/1131/878
f 874/1124/874 880/1129/880 877/1125/877
f 874/1121/874 876/1123/876 881/1130/881
f 882/1132/882 883/1133/883 884/1134/884
f 882/1132/882 885/1135/885 883/1133/883
f 882/1132/882 886/1136/886 887/1137/887
f 882/1132/882 884/1134/884 888/1138/888
f 882/1132/882 888/1138/888 886/1136/886
f 882/1132/882 887/1137/887 885/1135/885
f 889/1139/889 890/1140/890 15/15/15
f 889/1139/889 891/1141/891 892/1142/892
f 889/1139/889 15/15/15 14/14/14
f 889/1139/889 893/1143/893 891/1141/891
f 889/1139/889 14/14/14 893/1143/893
f 889/1139/889 892/1142/892 890/1140/890
f 894/1144/894 895/1145/895 896/1146/896
f 894/1144/894 897/1147/897 895/1145/895
f 894/1148/894 898/1149/898 899/1150/899
f 894/1148/894 900/1151/900 898/1149/898
f 894/1148/894 896/1152/896 900/1151/900
f 894/1148/894 899/1150/899 897/1153/897
f 901/1154/901 902/1155/902 903/1156/903
f 901/1157/901 903/1158/903 904/1159/904
f 901/1154/901 503/628/503 902/1155/902
f 901/1154/901 905/1160/905 503/628/503
f 901/1157/901 904/1159/904 905/1161/905
f 906/1162/906 907/1163/907 908/1164/908
f 906/1162/906 260/316/260 257/308/257
f 906/1162/906 909/1165/909 907/1163/907
f 906/1162/906 87/1166/87 909/1165/909
f 906/1162/906 908/1164/908 260/316/260
f 906/1162/906 257/308/257 910/1167/910
f 906/1162/906 910/1167/910 87/1166/87
f 911/1168/911 912/1169/912 913/1170/913
f 911/1168/911 914/1171/914 912/1169/912
f 911/1172/911 915/1173/915 445/1174/445
f 911/1168/911 913/1170/913 915/1175/915
f 911/1168/911 445/1176/445 914/1171/914
f 916/1177/916 917/1178/917 918/1179/918
f 916/1180/916 404/501/404 919/1181/919
f 916/1180/916 919/1181/919 917/1182/917
f 916/1177/916 918/1179/918 920/1183/920
f 916/1180/916 920/1184/920 404/501/404
f 256/307/256 921/1185/921 922/1186/922
f 256/1187/256 923/1188/923 924/1189/924
f 256/1187/256 924/1189/924 921/1190/921
f 256/307/256 922/1186/922 910/1167/910
f 256/319/256 259/318/259 923/1191/923
f 256/307/256 910/1167/910 257/308/257
f 925/1192/925 926/1193/926 927/1194/927
f 925/1195/925 928/1196/928 929/1197/929
f 925/1192/925 514/644/514 926/1193/926
f 925/1192/925 515/645/515 514/644/514
f 925/1195/925 927/1198/927 928/1196/928
f 925/1192/925 930/1199/930 515/645/515
f 925/1192/925 929/1200/929 930/1199/930
f 931/1201/931 932/1202/932 933/1203/933
f 931/1204/931 739/922/739 934/1205/934
f 931/1204/931 934/1205/934 935/1206/935
f 931/1204/931 936/1207/936 932/1208/932
f 931/1204/931 935/1206/935 936/1207/936
f 931/1209/931 933/1210/933 937/1211/937
f 931/1204/931 740/923/740 739/922/739
f 931/1204/931 937/1212/937 740/923/740
f 330/1213/330 332/1214/332 938/1215/938
f 939/1216/939 940/1217/940 941/1218/941
f 939/1216/939 941/1218/941 942/1219/942
f 939/1216/939 942/1219/942 943/1220/943
f 939/1216/939 943/1220/943 944/1221/944
f 939/1216/939 944/1221/944 945/1222/945
f 939/1216/939 945/1222/945 940/1217/940
f 757/944/757 946/1223/946 758/945/758
f 757/954/757 947/1224/947 946/1225/946
f 757/954/757 948/1226/948 949/1227/949
f 757/954/757 762/953/762 948/1226/948
f 757/954/757 949/1227/949 947/1224/947
f 352/439/352 354/437/354 950/1228/950
f 352/433/352 951/1229/951 353/434/353
f 352/439/352 952/1230/952 951/1231/951
f 352/439/352 950/1228/950 952/1230/952
f 953/1232/953 954/1233/954 955/1234/955
f 953/1232/953 955/1234/955 956/1235/956
f 953/1232/953 956/1235/956 957/1236/957
f 461/572/461 958/1237/958 959/1238/959
f 461/572/461 959/1238/959 462/573/462
f 461/572/461 466/579/466 960/1239/960
f 461/572/461 960/1239/960 958/1237/958
f 961/1240/961 625/780/625 962/1241/962
f 961/1242/961 963/1243/963 625/1244/625
f 961/1240/961 962/1241/962 963/1245/963
f 964/1246/964 965/1247/965 966/1248/966
f 964/1249/964 967/1250/967 968/1251/968
f 964/1246/964 969/1252/969 965/1247/965
f 964/1249/964 966/1253/966 967/1250/967
f 970/1254/970 971/1255/971 972/1256/972
f 970/1254/970 158/183/158 973/1257/973
f 970/1254/970 974/1258/974 158/183/158
f 970/1254/970 975/1259/975 974/1258/974
f 970/1254/970 973/1257/973 971/1255/971
f 970/1254/970 972/1256/972 975/1259/975
f 705/885/705 976/1260/976 977/1261/977
f 705/885/705 978/1262/978 976/1260/976
f 705/885/705 979/1263/979 706/886/706
f 705/885/705 977/1261/977 979/1263/979
f 705/885/705 710/890/710 978/1262/978
f 980/1264/980 981/1265/981 572/716/572
f 980/1264/980 982/1266/982 981/1265/981
f 980/1264/980 983/1267/983 984/1268/984
f 980/1264/980 570/712/570 983/1267/983
f 980/1264/980 984/1268/984 982/1266/982
f 980/1264/980 572/716/572 570/712/570
f 985/1269/985 986/1270/986 987/1271/987
f 985/1269/985 988/1272/988 989/1273/989
f 985/1274/985 990/1275/990 991/1276/991
f 985/1269/985 992/1277/992 986/1270/986
f 985/1269/985 989/1273/989 992/1277/992
f 985/1274/985 987/1278/987 990/1275/990
f 985/1274/985 991/1276/991 988/1279/988
f 993/1280/993 994/1281/994 995/1282/995
f 993/1280/993 995/1282/995 996/1283/996
f 993/1284/993 996/1285/996 997/1286/997
f 993/1284/993 997/1286/997 998/1287/998
f 993/1288/993 999/1289/999 994/1290/994
f 993/1288/993 1000/1291/1000 999/1289/999
f 993/1284/993 998/1287/998 1000/1292/1000
f 1001/1293/1001 1002/1294/1002 1003/1295/1003
f 1001/1293/1001 1004/1296/1004 1002/1294/1002
f 1001/1293/1001 1005/1297/1005 1004/1296/1004
f 1001/1293/1001 1003/1295/1003 649/808/649
f 1001/1293/1001 649/808/649 1005/1297/1005
f 40/43/40 1006/1298/1006 1007/1299/1007
f 40/43/40 1007/1299/1007 1008/1300/1008
f 40/43/40 1008/1300/1008 41/44/41
f 40/43/40 43/46/43 1006/1298/1006
f 1009/1301/1009 1010/1302/1010 1011/1303/1011
f 1009/1304/1009 1012/1305/1012 429/534/429
f 1009/1301/1009 1013/1306/1013 1010/1302/1010
f 1009/1304/1009 429/534/429 425/530/425
f 1009/1304/1009 425/530/425 1013/1307/1013
f 1009/1301/1009 1011/1303/1011 1012/1308/1012
f 1014/1309/1014 1015/1310/1015 1016/1311/1016
f 1014/1309/1014 1017/1312/1017 1015/1310/1015
f 1014/1309/1014 433/538/433 432/537/432
f 1014/1309/1014 1018/1313/1018 658/824/658
f 1014/1309/1014 658/824/658 433/538/433
f 1014/1309/1014 1016/1311/1016 1018/1313/1018
f 1014/1309/1014 432/537/432 1017/1312/1017
f 1019/1314/1019 1020/1315/1020 1021/1316/1021
f 1019/1314/1019 1022/1317/1022 1023/1318/1023
f 1019/1314/1019 1024/1319/1024 1025/1320/1025
f 1019/1314/1019 1025/1320/1025 1022/1317/1022
f 1019/1314/1019 1023/1318/1023 1020/1315/1020
f 1019/1314/1019 1021/1316/1021 1024/1319/1024
f 1026/1321/1026 1027/1322/1027 1028/1323/1028
f 1026/1324/1026 1029/1325/1029 1027/1326/1027
f 1026/1321/1026 1028/1323/1028 1030/1327/1030
f 1031/1328/1031 1032/1329/1032 1033/1330/1033
f 1031/1328/1031 1034/1331/1034 450/559/450
f 1031/1328/1031 1035/1332/1035 1034/1331/1034
f 1031/1328/1031 1033/1330/1033 1036/1333/1036
f 1031/1328/1031 450/559/450 1037/1334/1037
f 1031/1328/1031 1037/1334/1037 1032/1329/1032
f 1031/1328/1031 1036/1333/1036 1035/1332/1035
f 1038/1335/1038 1039/1336/1039 1040/1337/1040
f 1038/1338/1038 1041/1339/1041 1039/1340/1039
f 1038/1338/1038 1042/1341/1042 1041/1339/1041
f 1038/1338/1038 1043/1342/1043 1042/1341/1042
f 1038/1335/1038 1040/1337/1040 1044/1343/1044
f 1038/1338/1038 1044/1344/1044 1043/1342/1043
f 1045/1345/1045 1046/1346/1046 1047/1347/1047
f 1045/1345/1045 1048/1348/1048 1046/1346/1046
f 1045/1345/1045 1049/1349/1049 1050/1350/1050
f 1045/1345/1045 1050/1350/1050 1048/1348/1048
f 1045/1345/1045 1047/1347/1047 1049/1349/1049
f 1051/1351/1051 1052/1352/1052 1053/1353/1053
f 1051/1351/1051 1054/1354/1054 1052/1352/1052
f 1051/1351/1051 1055/1355/1055 1054/1354/1054
f 1051/1351/1051 1053/1353/1053 1021/1356/1021
f 1051/1351/1051 1021/1356/1021 1055/1355/1055
f 1056/1357/1056 1057/1358/1057 1058/1359/1058
f 1056/1357/1056 1059/1360/1059 1060/1361/1060
f 1056/1357/1056 1060/1361/1060 1061/1362/1061
f 1056/1357/1056 1061/1362/1061 1062/1363/1062
f 1056/1357/1056 1062/1363/1062 1057/1358/1057
f 1056/1357/1056 1058/1359/1058 1059/1360/1059
f 1063/1364/1063 55/58/55 1064/1365/1064
f 1063/1364/1063 56/59/56 55/58/55
f 1063/1366/1063 1065/1367/1065 1066/1368/1066
f 1063/1364/1063 1064/1365/1064 1067/1369/1067
f 1063/1366/1063 1067/1370/1067 1065/1367/1065
f 1063/1366/1063 1066/1368/1066 56/1371/56
f 1068/1372/1068 1069/1373/1069 1070/1374/1070
f 1068/1372/1068 1071/1375/1071 1072/1376/1072
f 1068/1372/1068 1070/1374/1070 1073/1377/1073
f 1068/1372/1068 1072/1376/1072 1074/1378/1074
f 1068/1372/1068 1073/1377/1073 1071/1375/1071
f 1068/1372/1068 1074/1378/1074 1069/1373/1069
f 1075/1379/1075 1076/1380/1076 1077/1381/1077
f 1075/1379/1075 1078/1382/1078 1079/1383/1079
f 1075/1379/1075 1080/1384/1080 1076/1380/1076
f 1075/1379/1075 1077/1381/1077 1081/1385/1081
f 1075/1379/1075 1079/1383/1079 1080/1384/1080
f 1075/1379/1075 1081/1385/1081 1078/1382/1078
f 1082/1386/1082 1083/1387/1083 1084/1388/1084
f 1082/1386/1082 1084/1388/1084 1085/1389/1085
f 1082/1386/1082 495/618/495 1083/1387/1083
f 1082/1386/1082 1085/1389/1085 496/619/496
f 1082/1386/1082 496/619/496 495/618/495
f 1086/1390/1086 1087/1391/1087 1088/1392/1088
f 1086/1390/1086 1089/1393/1089 1090/1394/1090
f 1086/1390/1086 1088/1392/1088 1089/1393/1089
f 1091/1395/1091 895/1396/895 897/1397/897
f 1091/1398/1091 1092/1399/1092 1093/1400/1093
f 1091/1398/1091 897/1401/897 1094/1402/1094
f 1091/1398/1091 1094/1402/1094 1092/1399/1092
f 1091/1395/1091 1093/1403/1093 895/1396/895
f 1095/1404/1095 1096/1405/1096 1097/1406/1097
f 1095/1407/1095 1098/1408/1098 1096/1409/1096
f 1095/1407/1095 1099/1410/1099 1098/1408/1098
f 1095/1404/1095 1100/1411/1100 1101/1412/1101
f 1095/1404/1095 1097/1406/1097 1102/1413/1102
f 1095/1404/1095 1102/1413/1102 1100/1411/1100
f 1095/1404/1095 1101/1412/1101 1099/1414/1099
f 1103/1415/1103 1104/1416/1104 724/907/724
f 1103/1415/1103 1105/1417/1105 795/1418/795
f 1103/1415/1103 795/1418/795 1106/1419/1106
f 1103/1415/1103 1106/1419/1106 1104/1416/1104
f 1103/1415/1103 724/907/724 1105/1417/1105
f 1107/1420/1107 1108/1421/1108 1109/1422/1109
f 1107/1420/1107 1109/1422/1109 1110/1423/1110
f 1107/1420/1107 1111/1424/1111 1108/1421/1108
f 1107/1420/1107 1112/1425/1112 1111/1424/1111
f 1107/1420/1107 184/217/184 1112/1425/1112
f 1107/1420/1107 1110/1423/1110 184/217/184
f 1113/1426/1113 189/1427/189 1114/1428/1114
f 1113/1426/1113 339/414/339 340/413/340
f 1113/1426/1113 1115/1429/1115 189/1427/189
f 1113/1426/1113 340/413/340 1115/1429/1115
f 1113/1426/1113 1114/1428/1114 1116/1430/1116
f 1113/1426/1113 1116/1430/1116 339/414/339
f 1117/1431/1117 1076/1432/1076 1118/1433/1118
f 1117/1431/1117 1119/1434/1119 1120/1435/1120
f 1117/1431/1117 1077/1436/1077 1076/1432/1076
f 1117/1431/1117 1118/1433/1118 1121/1437/1121
f 1117/1431/1117 1121/1437/1121 1119/1434/1119
f 1117/1431/1117 1122/1438/1122 1077/1436/1077
f 1117/1431/1117 1120/1435/1120 1122/1438/1122
f 1123/1439/1123 834/1050/834 1124/1440/1124
f 1123/1439/1123 1125/1441/1125 835/1051/835
f 1123/1439/1123 1126/1442/1126 1127/1443/1127
f 1123/1439/1123 835/1051/835 834/1050/834
f 1123/1439/1123 1127/1443/1127 1125/1441/1125
f 1123/1439/1123 1124/1440/1124 1126/1442/1126
f 1128/1444/1128 1129/1445/1129 358/443/358
f 1128/1446/1128 1130/1447/1130 1131/1448/1131
f 1128/1446/1128 1132/1449/1132 1133/1450/1133
f 1128/1446/1128 749/936/749 1132/1449/1132
f 1128/1451/1128 1133/1452/1133 1129/1453/1129
f 1128/1446/1128 1131/1448/1131 749/936/749
f 1128/1444/1128 358/443/358 1130/1454/1130
f 1134/1455/1134 1135/1456/1135 1136/1457/1136
f 1134/1455/1134 1137/1458/1137 1135/1456/1135
f 1134/1455/1134 751/938/751 754/941/754
f 1134/1455/1134 1138/1459/1138 1137/1458/1137
f 1134/1455/1134 754/941/754 1138/1459/1138
f 1134/1455/1134 1136/1457/1136 751/938/751
f 1139/1460/1139 1140/1461/1140 1141/1462/1141
f 1139/1460/1139 1142/1463/1142 1143/1464/1143
f 1139/1460/1139 1144/1465/1144 1142/1463/1142
f 1139/1460/1139 1141/1462/1141 1144/1465/1144
f 1139/1460/1139 1143/1464/1143 1140/1461/1140
f 1145/1466/1145 800/1467/800 1146/1468/1146
f 1145/1466/1145 1147/1469/1147 1148/1470/1148
f 1145/1466/1145 1146/1468/1146 1147/1469/1147
f 1145/1466/1145 1148/1470/1148 800/1467/800
f 1020/1471/1020 1055/1355/1055 1021/1356/1021
f 1020/1471/1020 1149/1472/1149 1150/1473/1150
f 1020/1471/1020 1150/1473/1150 1055/1355/1055
f 1020/1474/1020 1151/1475/1151 1149/1476/1149
f 1020/1477/1020 1023/1478/1023 1151/1479/1151
f 1152/1480/1152 294/1481/294 1153/1482/1153
f 1152/1480/1152 1154/1483/1154 295/1484/295
f 1152/1480/1152 1155/1485/1155 1156/1486/1156
f 1152/1480/1152 1153/1482/1153 1155/1485/1155
f 1152/1487/1152 295/356/295 294/355/294
f 1152/1480/1152 1156/1486/1156 1154/1483/1154
f 1157/1488/1157 1158/1489/1158 1159/1490/1159
f 1157/1488/1157 1160/1491/1160 1161/1492/1161
f 1157/1488/1157 1161/1492/1161 899/1493/899
f 1157/1488/1157 898/1494/898 1162/1495/1162
f 1157/1488/1157 1159/1490/1159 1160/1491/1160
f 1157/1488/1157 1162/1495/1162 1158/1489/1158
f 1157/1488/1157 899/1493/899 898/1494/898
f 1163/1496/1163 1164/1497/1164 1165/1498/1165
f 1163/1496/1163 1166/1499/1166 1167/1500/1167
f 1163/1496/1163 1168/1501/1168 1164/1497/1164
f 1163/1496/1163 1169/1502/1169 1168/1501/1168
f 1163/1496/1163 1167/1500/1167 1169/1502/1169
f 1163/1496/1163 1165/1498/1165 1166/1499/1166
f 1170/1503/1170 1171/1504/1171 1172/1505/1172
f 1170/1503/1170 1173/1506/1173 1174/1507/1174
f 1170/1503/1170 1174/1507/1174 1175/1508/1175
f 1170/1503/1170 1175/1508/1175 1171/1504/1171
f 1170/1509/1170 1172/1510/1172 1176/1511/1176
f 1170/1512/1170 815/1513/815 1173/1514/1173
f 1170/1509/1170 1176/1511/1176 815/1515/815
f 64/67/64 1177/1516/1177 1178/1517/1178
f 64/67/64 67/70/67 1177/1516/1177
f 64/67/64 1178/1517/1178 1179/1518/1179
f 64/67/64 1179/1518/1179 65/68/65
f 70/76/70 1180/1519/1180 1181/1520/1181
f 70/87/70 1182/1521/1182 1180/1522/1180
f 70/87/70 76/85/76 1182/1521/1182
f 70/76/70 1181/1520/1181 71/77/71
f 78/1523/78 1183/1524/1183 1184/1525/1184
f 78/89/78 80/91/80 1183/1526/1183
f 78/89/78 1185/1527/1185 972/1256/972
f 78/89/78 1184/1528/1184 1185/1527/1185
f 78/89/78 972/1256/972 79/90/79
f 1186/1529/1186 1187/1530/1187 1188/1531/1188
f 1186/1532/1186 1189/1533/1189 1190/1534/1190
f 1186/1532/1186 1190/1534/1190 437/1535/437
f 1186/1529/1186 437/1536/437 1187/1530/1187
f 1186/1537/1186 1188/1538/1188 1191/1539/1191
f 1186/1537/1186 1191/1539/1191 1189/1540/1189
f 1192/1541/1192 1193/1542/1193 1194/1543/1194
f 1192/1544/1192 1195/1545/1195 1196/1546/1196
f 1192/1541/1192 239/1547/239 1197/1548/1197
f 1192/1544/1192 1196/1546/1196 1198/1549/1198
f 1192/1544/1192 1194/1550/1194 1195/1545/1195
f 1192/1541/1192 1198/1551/1198 239/1547/239
f 1192/1541/1192 1197/1548/1197 1193/1542/1193
f 1199/1552/1199 1200/1553/1200 1201/1554/1201
f 1199/1552/1199 990/1275/990 1200/1553/1200
f 1199/1552/1199 1202/1555/1202 991/1276/991
f 1199/1552/1199 101/115/101 1202/1555/1202
f 1199/1552/1199 1201/1554/1201 101/115/101
f 1199/1552/1199 991/1276/991 990/1275/990
f 921/1185/921 1203/1556/1203 922/1186/922
f 921/1190/921 1204/1557/1204 1203/1558/1203
f 921/1190/921 924/1189/924 1204/1557/1204
f 1205/1559/1205 1206/1560/1206 1207/1561/1207
f 1205/1559/1205 1208/1562/1208 1209/1563/1209
f 1205/1559/1205 1209/1563/1209 1210/1564/1210
f 1205/1565/1205 1207/1566/1207 1208/1567/1208
f 1205/1559/1205 1210/1564/1210 1206/1560/1206
f 1211/1568/1211 1212/1569/1212 1213/1570/1213
f 1211/1568/1211 1213/1570/1213 1214/1571/1214
f 1211/1568/1211 1215/1572/1215 1212/1569/1212
f 1211/1568/1211 1214/1571/1214 1216/1573/1216
f 1211/1568/1211 1217/1574/1217 1215/1572/1215
f 1211/1568/1211 1216/1573/1216 1217/1574/1217
f 1218/1575/1218 1219/1576/1219 1220/1577/1220
f 1218/1575/1218 1221/1578/1221 1219/1576/1219
f 1218/1575/1218 1222/1579/1222 1223/1580/1223
f 1218/1575/1218 1220/1577/1220 1222/1579/1222
f 1218/1575/1218 1223/1580/1223 1221/1578/1221
f 1224/1581/1224 1225/1582/1225 884/1134/884
f 1224/1581/1224 1226/1583/1226 1227/1584/1227
f 1224/1581/1224 884/1134/884 1228/1585/1228
f 1224/1581/1224 1227/1584/1227 1225/1582/1225
f 1224/1581/1224 1228/1585/1228 1226/1583/1226
f 1229/1586/1229 1230/1587/1230 1231/1588/1231
f 1229/1586/1229 1231/1588/1231 1232/1589/1232
f 1229/1586/1229 1233/1590/1233 1230/1587/1230
f 1229/1586/1229 1232/1589/1232 1234/1591/1234
f 1229/1586/1229 1234/1591/1234 1233/1590/1233
f 1235/1592/1235 1236/1593/1236 1237/1594/1237
f 1235/1592/1235 683/856/683 1238/1595/1238
f 1235/1592/1235 1238/1595/1238 110/127/110
f 1235/1592/1235 1237/1594/1237 683/856/683
f 1235/1592/1235 110/127/110 1236/1593/1236
f 1239/1596/1239 1060/1597/1060 1240/1598/1240
f 1239/1596/1239 1241/1599/1241 1060/1597/1060
f 1239/1596/1239 474/588/474 120/139/120
f 1239/1600/1239 1242/1601/1242 1241/1602/1241
f 1239/1600/1239 120/1603/120 1242/1601/1242
f 1239/1596/1239 1240/1598/1240 474/588/474
f 1243/1604/1243 1244/1605/1244 1245/1606/1245
f 1243/1604/1243 1246/1607/1246 124/144/124
f 1243/1604/1243 124/144/124 123/143/123
f 1243/1604/1243 1247/1608/1247 1246/1607/1246
f 1243/1604/1243 1245/1606/1245 1247/1608/1247
f 1243/1604/1243 123/143/123 1244/1605/1244
f 1248/1609/1248 1249/1610/1249 378/467/378
f 1248/1609/1248 130/152/130 1250/1611/1250
f 1248/1609/1248 1251/1612/1251 1252/1613/1252
f 1248/1609/1248 1252/1613/1252 130/152/130
f 1248/1609/1248 378/467/378 1251/1612/1251
f 1248/1609/1248 1250/1611/1250 1249/1610/1249
f 1253/1614/1253 1254/1615/1254 1255/1616/1255
f 1253/1614/1253 1256/1617/1256 1254/1615/1254
f 1253/1614/1253 1257/1618/1257 1256/1617/1256
f 1253/1614/1253 1255/1616/1255 905/1161/905
f 1253/1614/1253 905/1161/905 904/1159/904
f 1253/1614/1253 904/1159/904 1257/1618/1257
f 976/1260/976 1258/1619/1258 977/1261/977
f 976/1260/976 978/1262/978 1259/1620/1259
f 976/1621/976 1259/1622/1259 1258/1623/1258
f 981/1265/981 982/1266/982 1260/1624/1260
f 932/1625/932 1261/1626/1261 1262/1627/1262
f 932/1208/932 936/1207/936 1261/1628/1261
f 932/1629/932 1262/1630/1262 933/1631/933
f 1263/1632/1263 556/695/556 1264/1633/1264
f 1263/1632/1263 557/696/557 556/695/556
f 1263/1632/1263 1264/1633/1264 1265/1634/1265
f 1266/1635/1266 1267/1636/1267 1268/1637/1268
f 1266/1638/1266 1268/1639/1268 1269/1640/1269
f 1266/1638/1266 1269/1640/1269 1270/1641/1270
f 1266/1635/1266 1204/1557/1204 1267/1636/1267
f 1266/1635/1266 1271/1642/1271 1204/1557/1204
f 1266/1635/1266 1270/1643/1270 1271/1642/1271
f 1272/1644/1272 1273/1645/1273 1274/1646/1274
f 1272/1644/1272 845/1067/845 1275/1647/1275
f 1272/1644/1272 471/1648/471 846/1068/846
f 1272/1644/1272 1274/1646/1274 471/1648/471
f 1272/1644/1272 1275/1647/1275 1276/1649/1276
f 1272/1644/1272 1276/1649/1276 1273/1645/1273
f 1272/1644/1272 846/1068/846 845/1067/845
f 1277/1650/1277 1278/1651/1278 1279/1652/1279
f 1277/1653/1277 1002/1294/1002 1004/1296/1004
f 1277/1653/1277 1004/1296/1004 1278/1654/1278
f 1277/1655/1277 1279/1656/1279 1002/1657/1002
f 1280/1658/1280 1281/1659/1281 1282/1660/1282
f 1280/1661/1280 1283/1662/1283 616/765/616
f 1280/1658/1280 1282/1660/1282 1284/1663/1284
f 1280/1658/1280 1284/1663/1284 1283/1664/1283
f 1280/1661/1280 616/765/616 1285/1665/1285
f 1280/1661/1280 1285/1665/1285 1286/1666/1286
f 1280/1658/1280 1286/1667/1286 1281/1659/1281
f 1287/1668/1287 1288/1669/1288 1289/1670/1289
f 1287/1668/1287 1289/1670/1289 193/1671/193
f 1287/1668/1287 1290/1672/1290 1291/1673/1291
f 1287/1674/1287 193/1675/193 1292/1676/1292
f 1287/1674/1287 1292/1676/1292 1290/1677/1290
f 1287/1668/1287 1291/1673/1291 1288/1669/1288
f 195/231/195 1293/1678/1293 1294/1679/1294
f 195/231/195 197/233/197 1295/1680/1295
f 195/231/195 1295/1680/1295 1293/1678/1293
f 195/231/195 1294/1679/1294 196/232/196
f 1296/1681/1296 836/1052/836 1125/1441/1125
f 1296/1681/1296 1297/1682/1297 836/1052/836
f 1296/1681/1296 1125/1441/1125 1127/1443/1127
f 1296/1681/1296 1298/1683/1298 1297/1682/1297
f 1296/1681/1296 1127/1443/1127 1298/1683/1298
f 249/300/249 383/475/383 1299/1684/1299
f 249/1685/249 252/1686/252 1300/1687/1300
f 249/300/249 1299/1684/1299 250/301/250
f 249/1685/249 1300/1687/1300 383/1688/383
f 1301/1689/1301 4/4/4 1302/1690/1302
f 1301/1689/1301 5/5/5 4/4/4
f 1301/1689/1301 1302/1690/1302 1303/1691/1303
f 1301/1689/1301 1304/1692/1304 5/5/5
f 1301/1689/1301 1303/1691/1303 1304/1692/1304
f 263/321/263 1305/1693/1305 1306/1694/1306
f 263/321/263 1306/1694/1306 1307/1695/1307
f 263/321/263 1307/1695/1307 1308/1696/1308
f 263/321/263 1309/1697/1309 1305/1693/1305
f 263/321/263 1308/1696/1308 264/322/264
f 263/321/263 268/326/268 1309/1697/1309
f 518/648/518 1310/1698/1310 519/649/519
f 1311/1699/1311 1312/1700/1312 1313/1701/1313
f 1311/1699/1311 1314/1702/1314 1312/1700/1312
f 1311/1703/1311 1315/1704/1315 1314/1705/1314
f 1311/1703/1311 1316/1706/1316 1315/1704/1315
f 1311/1699/1311 1313/1701/1313 1316/1707/1316
f 1317/1708/1317 1318/1709/1318 1319/1710/1319
f 1317/1708/1317 1319/1710/1319 1320/1711/1320
f 1317/1708/1317 1321/1712/1321 1318/1709/1318
f 1317/1708/1317 1320/1711/1320 1322/1713/1322
f 1317/1714/1317 1322/1715/1322 530/663/530
f 1317/1708/1317 530/1716/530 1321/1712/1321
f 292/353/292 891/1717/891 293/354/293
f 292/1718/292 297/359/297 1323/1719/1323
f 292/1720/292 1323/1721/1323 892/1722/892
f 292/1720/292 892/1722/892 891/1723/891
f 299/1724/299 1324/1725/1324 428/533/428
f 299/1724/299 1325/1726/1325 1324/1725/1324
f 299/363/299 428/1727/428 300/364/300
f 299/1724/299 303/1728/303 1325/1726/1325
f 1326/1729/1326 1327/1730/1327 412/509/412
f 1326/1729/1326 1328/1731/1328 1329/1732/1329
f 1326/1729/1326 412/509/412 415/513/415
f 1326/1729/1326 415/513/415 1328/1731/1328
f 1326/1729/1326 1329/1732/1329 1327/1730/1327
f 1330/1733/1330 1331/1734/1331 1332/1735/1332
f 1330/1733/1330 31/34/31 34/37/34
f 1330/1733/1330 34/37/34 1333/1736/1333
f 1330/1733/1330 1332/1735/1332 31/34/31
f 1330/1737/1330 1334/1738/1334 1331/1739/1331
f 1330/1737/1330 1333/1740/1333 1334/1738/1334
f 1010/1741/1010 1013/1742/1013 1335/1743/1335
f 1010/1302/1010 1336/1744/1336 1337/1745/1337
f 1010/1302/1010 1338/1746/1338 1336/1744/1336
f 1010/1741/1010 1335/1743/1335 1339/1747/1339
f 1010/1302/1010 1337/1745/1337 1011/1303/1011
f 1010/1741/1010 1339/1747/1339 1338/1748/1338
f 1340/1749/1340 1341/1750/1341 86/100/86
f 1340/1751/1340 862/1098/862 1342/1752/1342
f 1340/1749/1340 1342/1753/1342 1341/1750/1341
f 1340/1749/1340 86/100/86 1343/1754/1343
f 1340/1749/1340 1343/1754/1343 862/1755/862
f 1344/1756/1344 1345/1757/1345 1346/1758/1346
f 1344/1756/1344 914/1759/914 1345/1757/1345
f 1344/1760/1344 1347/1761/1347 914/1171/914
f 720/903/720 1348/1762/1348 721/904/721
f 720/903/720 1349/1763/1349 1348/1762/1348
f 720/903/720 722/905/722 1349/1763/1349
f 1350/1764/1350 994/1765/994 109/1766/109
f 1350/1767/1350 995/1282/995 994/1281/994
f 1350/1767/1350 1351/1768/1351 1352/1769/1352
f 1350/1764/1350 109/1766/109 1351/1770/1351
f 1350/1767/1350 1352/1769/1352 995/1282/995
f 1353/1771/1353 886/1136/886 1354/1772/1354
f 1353/1771/1353 1354/1772/1354 1355/1773/1355
f 1353/1771/1353 1356/1774/1356 1357/1775/1357
f 1353/1776/1353 1358/1777/1358 1356/1778/1356
f 1353/1771/1353 1357/1775/1357 886/1136/886
f 1353/1776/1353 1355/1779/1355 1358/1777/1358
f 1359/1780/1359 1360/1781/1360 1361/1782/1361
f 1359/1780/1359 1361/1782/1361 1362/1783/1362
f 1359/1780/1359 1363/1784/1363 1360/1781/1360
f 1359/1780/1359 1362/1783/1362 1363/1784/1363
f 1364/1785/1364 1158/1489/1158 1365/1786/1365
f 1364/1787/1364 1365/1788/1365 1366/1789/1366
f 1364/1787/1364 1366/1789/1366 1367/1790/1367
f 1364/1785/1364 1368/1791/1368 1158/1489/1158
f 1364/1792/1364 1369/1793/1369 1370/1794/1370
f 1364/1785/1364 1370/1795/1370 1368/1791/1368
f 1364/1787/1364 1367/1790/1367 1369/1796/1369
f 1371/1797/1371 1372/1798/1372 1373/1799/1373
f 1371/1797/1371 1374/1800/1374 1375/1801/1375
f 1371/1797/1371 1376/1802/1376 1374/1800/1374
f 1371/1797/1371 1375/1801/1375 1372/1798/1372
f 1371/1797/1371 1377/1803/1377 1376/1802/1376
f 1371/1797/1371 1373/1799/1373 1377/1803/1377
f 1378/1804/1378 1379/1805/1379 1380/1806/1380
f 1378/1804/1378 1380/1806/1380 669/840/669
f 1378/1804/1378 668/839/668 1381/1807/1381
f 1378/1804/1378 1381/1807/1381 1379/1805/1379
f 1378/1804/1378 669/840/669 668/839/668
f 1382/1808/1382 1383/1809/1383 1384/1810/1384
f 1382/1811/1382 1385/1812/1385 1383/1813/1383
f 1382/1808/1382 1384/1810/1384 1386/1814/1386
f 242/290/242 1387/1815/1387 1388/1816/1388
f 242/290/242 244/292/244 1389/1817/1389
f 242/290/242 1388/1816/1388 243/291/243
f 242/290/242 1389/1817/1389 1390/1818/1390
f 242/290/242 1390/1818/1390 1387/1815/1387
f 1391/1819/1391 1392/1820/1392 585/729/585
f 1391/1819/1391 585/729/585 586/730/586
f 1391/1819/1391 1393/1821/1393 1392/1820/1392
f 1391/1819/1391 1394/1822/1394 1393/1821/1393
f 1391/1819/1391 586/730/586 1394/1822/1394
f 1395/1823/1395 1396/1824/1396 1046/1346/1046
f 1395/1823/1395 1046/1346/1046 1397/1825/1397
f 1395/1826/1395 1398/1827/1398 1399/1828/1399
f 1395/1823/1395 1399/1829/1399 1396/1824/1396
f 1395/1826/1395 1397/1830/1397 1398/1827/1398
f 1052/1352/1052 1054/1354/1054 265/1831/265
f 1052/1352/1052 265/1831/265 264/1832/264
f 1052/1352/1052 1400/1833/1400 1053/1353/1053
f 1052/1352/1052 264/1832/264 1308/1834/1308
f 1052/1352/1052 1308/1834/1308 1400/1833/1400
f 1401/1835/1401 1402/1836/1402 1403/1837/1403
f 1401/1838/1401 1404/1839/1404 1405/1840/1405
f 1401/1838/1401 1406/1841/1406 1407/1842/1407
f 1401/1838/1401 1403/1843/1403 1404/1839/1404
f 1401/1838/1401 1407/1842/1407 1402/1844/1402
f 1401/1838/1401 1405/1840/1405 1406/1841/1406
f 1408/1845/1408 306/370/306 1409/1846/1409
f 1408/1847/1408 1312/1700/1312 28/30/28
f 1408/1847/1408 1410/1848/1410 1312/1700/1312
f 1408/1845/1408 1409/1846/1409 1410/1849/1410
f 1408/1845/1408 1411/1850/1411 306/370/306
f 1408/1847/1408 28/30/28 1411/1851/1411
f 1412/1852/1412 1413/1853/1413 339/1854/339
f 1412/1855/1412 339/414/339 1116/1430/1116
f 1412/1852/1412 1414/1856/1414 1073/1377/1073
f 1412/1852/1412 1070/1374/1070 1413/1853/1413
f 1412/1852/1412 1073/1377/1073 1070/1374/1070
f 1412/1852/1412 1116/1857/1116 1414/1856/1414
f 483/597/483 626/782/626 1415/1858/1415
f 483/597/483 1415/1858/1415 484/598/484
f 483/597/483 627/783/627 626/782/626
f 483/597/483 489/609/489 627/783/627
f 491/612/491 1416/1859/1416 492/613/492
f 1417/1860/1417 1418/1861/1418 1419/1862/1419
f 1417/1863/1417 1420/1864/1420 1421/1865/1421
f 1417/1863/1417 1422/1866/1422 1420/1864/1420
f 1417/1863/1417 1423/1867/1423 1422/1866/1422
f 1417/1860/1417 1419/1862/1419 1423/1868/1423
f 1417/1860/1417 1421/1869/1421 1418/1861/1418
f 726/909/726 808/1016/808 1424/1870/1424
f 726/909/726 1424/1870/1424 727/910/727
f 733/1871/733 1425/1872/1425 1426/1873/1426
f 733/1871/733 1427/1874/1427 1425/1872/1425
f 733/1871/733 1426/1873/1426 734/1875/734
f 733/916/733 737/920/737 1427/1876/1427
f 1428/1877/1428 1160/1491/1160 1429/1878/1429
f 1428/1877/1428 1161/1492/1161 1160/1491/1160
f 1428/1877/1428 1430/1879/1430 1431/1880/1431
f 1428/1877/1428 742/926/742 1432/1881/1432
f 1428/1877/1428 1432/1881/1432 1430/1879/1430
f 1428/1877/1428 1429/1878/1429 742/926/742
f 1428/1877/1428 1431/1880/1431 1161/1492/1161
f 1433/1882/1433 1434/1883/1434 1435/1884/1435
f 1433/1885/1433 1435/1886/1435 1436/1887/1436
f 1433/1882/1433 1437/1888/1437 1438/1889/1438
f 1433/1882/1433 1439/1890/1439 1437/1888/1437
f 1433/1885/1433 1436/1887/1436 1439/1891/1439
f 1433/1882/1433 1438/1889/1438 1434/1883/1434
f 940/1217/940 1440/1892/1440 1441/1893/1441
f 940/1217/940 945/1222/945 1440/1892/1440
f 940/1217/940 1441/1893/1441 1442/1894/1442
f 940/1217/940 1442/1894/1442 941/1218/941
f 1443/1895/1443 946/1223/946 1444/1896/1444
f 1443/1895/1443 759/946/759 758/945/758
f 1443/1895/1443 758/945/758 946/1223/946
f 1443/1895/1443 1445/1897/1445 759/946/759
f 1443/1895/1443 1444/1896/1444 1445/1897/1445
f 1446/1898/1446 1447/1899/1447 1448/1900/1448
f 1446/1901/1446 1449/1902/1449 1450/1903/1450
f 1446/1901/1446 1450/1903/1450 1451/1904/1451
f 1446/1898/1446 1448/1900/1448 1449/1905/1449
f 1446/1898/1446 1451/1906/1451 1447/1899/1447
f 357/442/357 1452/1907/1452 1130/1454/1130
f 357/442/357 683/856/683 1452/1907/1452
f 357/442/357 1130/1454/1130 358/443/358
f 1453/1908/1453 542/675/542 547/682/547
f 1453/1908/1453 1454/1909/1454 542/675/542
f 1453/1908/1453 547/682/547 1455/1910/1455
f 1453/1908/1453 1456/1911/1456 1454/1909/1454
f 1453/1908/1453 1455/1910/1455 1456/1911/1456
f 690/865/690 775/972/775 347/425/347
f 690/865/690 695/871/695 1457/1912/1457
f 690/865/690 1457/1912/1457 775/972/775
f 690/865/690 347/425/347 346/424/346
f 697/874/697 1458/1913/1458 698/875/698
f 697/874/697 1459/1914/1459 1460/1915/1460
f 697/874/697 1460/1915/1460 1458/1913/1458
f 697/874/697 702/881/702 1459/1914/1459
f 1461/1916/1461 1039/1336/1039 1462/1917/1462
f 1461/1916/1461 1463/1918/1463 1040/1337/1040
f 1461/1916/1461 1462/1917/1462 1464/1919/1464
f 1461/1916/1461 1040/1337/1040 1039/1336/1039
f 1461/1916/1461 1464/1919/1464 1463/1918/1463
f 1465/1920/1465 1466/1921/1466 1467/1922/1467
f 1465/1923/1465 164/189/164 1468/1924/1468
f 1465/1923/1465 1469/1925/1469 164/189/164
f 1465/1923/1465 1468/1924/1468 1466/1926/1466
f 1465/1920/1465 1467/1922/1467 1470/1927/1470
f 1465/1920/1465 1470/1927/1470 1469/1928/1469
f 1471/1929/1471 569/715/569 1472/1930/1472
f 1471/1931/1471 1473/1932/1473 570/712/570
f 1471/1931/1471 570/712/570 569/711/569
f 1474/1933/1474 794/1001/794 796/1003/796
f 1474/1933/1474 796/1003/796 1475/1934/1475
f 1474/1933/1474 1476/1935/1476 794/1001/794
f 1474/1933/1474 1475/1934/1475 1476/1935/1476
f 1477/1936/1477 840/1059/840 1478/1937/1478
f 1477/1938/1477 841/1062/841 840/1939/840
f 1477/1938/1477 1478/1940/1478 1479/1941/1479
f 1477/1938/1477 1480/1942/1480 841/1062/841
f 1477/1938/1477 1481/1943/1481 1480/1942/1480
f 1477/1938/1477 1479/1941/1479 1481/1943/1481
f 595/1944/595 600/1945/600 443/551/443
f 595/1944/595 442/550/442 440/545/440
f 595/1944/595 443/551/443 442/550/442
f 595/739/595 440/1946/440 596/740/596
f 1057/1358/1057 1482/1947/1482 1058/1359/1058
f 1057/1358/1057 1483/1948/1483 1482/1947/1482
f 1057/1358/1057 1484/1949/1484 1485/1950/1485
f 1057/1358/1057 1062/1363/1062 1484/1949/1484
f 1057/1358/1057 1485/1950/1485 1483/1948/1483
f 965/1247/965 969/1252/969 1486/1951/1486
f 965/1247/965 1487/1952/1487 966/1248/966
f 965/1247/965 1486/1951/1486 1488/1953/1488
f 965/1247/965 1488/1953/1488 1487/1952/1487
f 1489/1954/1489 1490/1955/1490 1491/1956/1491
f 1489/1957/1489 33/36/33 35/38/35
f 1489/1954/1489 1491/1956/1491 1492/1958/1492
f 1489/1957/1489 35/38/35 1493/1959/1493
f 1489/1957/1489 1493/1959/1493 1490/1960/1490
f 1489/1954/1489 1492/1958/1492 33/1961/33
f 1494/1962/1494 1495/1963/1495 1496/1964/1496
f 1494/1962/1494 1497/1965/1497 1495/1963/1495
f 1494/1962/1494 1496/1964/1496 1498/1966/1498
f 1499/1967/1499 46/1119/46 873/1118/873
f 1499/1967/1499 873/1118/873 1500/1968/1500
f 1499/1967/1499 1501/1969/1501 1502/1970/1502
f 1499/1967/1499 1502/1970/1502 46/1119/46
f 1499/1967/1499 1500/1968/1500 1501/1969/1501
f 1503/1971/1503 53/56/53 57/60/57
f 1503/1971/1503 57/60/57 56/59/56
f 1503/1972/1503 56/1371/56 1066/1368/1066
f 1503/1971/1503 1504/1973/1504 53/56/53
f 1503/1972/1503 1505/1974/1505 1504/1975/1504
f 1503/1972/1503 1066/1368/1066 1505/1974/1505
f 1318/1976/1318 1321/1977/1321 1506/1978/1506
f 1318/1709/1318 1507/1979/1507 1508/1980/1508
f 1318/1709/1318 1508/1980/1508 1319/1710/1319
f 1318/1709/1318 1506/1981/1506 1507/1979/1507
f 1509/1982/1509 1510/1983/1510 1497/1965/1497
f 895/1396/895 1093/1403/1093 1511/1984/1511
f 895/1145/895 1511/1985/1511 896/1146/896
f 657/823/657 1512/1986/1512 434/539/434
f 657/823/657 433/538/433 658/824/658
f 657/829/657 660/827/660 1512/1987/1512
f 657/823/657 434/539/434 433/538/433
f 1513/1988/1513 1514/1989/1514 1515/1990/1515
f 1513/1988/1513 596/1991/596 440/1992/440
f 1513/1988/1513 439/548/439 1516/1993/1516
f 1513/1988/1513 1516/1993/1516 1517/1994/1517
f 1513/1995/1513 1515/1996/1515 596/1997/596
f 1513/1988/1513 1517/1994/1517 1514/1989/1514
f 1513/1988/1513 440/1992/440 439/548/439
f 1518/1998/1518 1193/1542/1193 1519/1999/1519
f 1518/2000/1518 1520/2001/1520 1194/1550/1194
f 1518/2002/1518 1521/2003/1521 1520/2004/1520
f 1518/2005/1518 1522/2006/1522 1521/2007/1521
f 1518/1998/1518 1194/1543/1194 1193/1542/1193
f 1518/2005/1518 1519/2008/1519 1522/2006/1522
f 403/500/403 1523/2009/1523 1524/2010/1524
f 403/500/403 1525/2011/1525 1526/2012/1526
f 403/500/403 1524/2010/1524 919/1181/919
f 403/500/403 919/1181/919 404/501/404
f 403/500/403 408/505/408 1525/2011/1525
f 403/500/403 1526/2012/1526 1523/2009/1523
f 1527/2013/1527 1528/2014/1528 1529/2015/1529
f 1527/2013/1527 1530/2016/1530 1528/2014/1528
f 1531/2017/1531 1532/2018/1532 1533/2019/1533
f 1531/2020/1531 1534/2021/1534 1535/2022/1535
f 1531/2020/1531 1535/2022/1535 1290/2023/1290
f 1531/2020/1531 1533/2024/1533 1534/2021/1534
f 1531/2017/1531 1290/1677/1290 1532/2018/1532
f 1536/2025/1536 1537/2026/1537 1538/2027/1538
f 1536/2025/1536 1539/2028/1539 1540/2029/1540
f 1536/2025/1536 963/1245/963 1537/2026/1537
f 1536/2030/1536 1540/2031/1540 1541/2032/1541
f 1536/2030/1536 1541/2032/1541 963/1243/963
f 1536/2025/1536 1538/2027/1538 1539/2028/1539
f 1542/2033/1542 1543/2034/1543 1544/2035/1544
f 1542/2033/1542 1222/2036/1222 282/343/282
f 1542/2033/1542 279/340/279 1545/2037/1545
f 1542/2033/1542 282/343/282 279/340/279
f 1542/2038/1542 1544/2039/1544 1223/1580/1223
f 1542/2033/1542 1545/2037/1545 1543/2034/1543
f 1542/2038/1542 1223/1580/1223 1222/1579/1222
f 1546/2040/1546 1547/2041/1547 1464/1919/1464
f 1546/2042/1546 1548/2043/1548 1549/2044/1549
f 1546/2040/1546 1549/2045/1549 1550/2046/1550
f 1546/2040/1546 1550/2046/1550 1547/2041/1547
f 1546/2040/1546 1462/1917/1462 1548/2047/1548
f 1546/2040/1546 1464/1919/1464 1462/1917/1462
f 137/162/137 1551/2048/1551 234/278/234
f 137/162/137 1552/2049/1552 1551/2048/1551
f 137/162/137 139/164/139 1552/2049/1552
f 137/162/137 234/278/234 138/163/138
f 141/2050/141 1553/2051/1553 142/2052/142
f 141/166/141 144/169/144 240/2053/240
f 141/2054/141 1554/2055/1554 1553/2056/1553
f 141/2057/141 240/287/240 1554/2058/1554
f 1555/2059/1555 1556/2060/1556 328/397/328
f 1555/2059/1555 1557/2061/1557 1556/2060/1556
f 1555/2059/1555 1558/2062/1558 1557/2061/1557
f 1555/2059/1555 1559/2063/1559 1558/2062/1558
f 1555/2059/1555 328/397/328 327/396/327
f 1555/2059/1555 327/396/327 1559/2063/1559
f 383/475/383 385/477/385 1299/1684/1299
f 383/1688/383 1560/2064/1560 384/2065/384
f 383/1688/383 1300/1687/1300 1560/2064/1560
f 505/632/505 1561/2066/1561 506/633/506
f 505/632/505 507/634/507 1562/2067/1562
f 505/632/505 1562/2067/1562 1561/2066/1561
f 1563/2068/1563 1564/2069/1564 1565/2070/1565
f 1563/2068/1563 170/195/170 1566/2071/1566
f 1563/2072/1563 1565/2073/1565 1567/2074/1567
f 1563/2072/1563 1568/2075/1568 170/197/170
f 1563/2068/1563 1566/2071/1566 1564/2069/1564
f 1563/2072/1563 1567/2074/1567 1568/2075/1568
f 1569/2076/1569 1570/2077/1570 1571/2078/1571
f 1569/2076/1569 1572/2079/1572 1573/2080/1573
f 1569/2076/1569 1571/2078/1571 1574/2081/1574
f 1569/2076/1569 935/2082/935 1570/2077/1570
f 1569/2076/1569 1575/2083/1575 935/2082/935
f 1569/2076/1569 1573/2080/1573 1575/2083/1575
f 1569/2076/1569 1574/2081/1574 1572/2079/1572
f 1576/2084/1576 1577/2085/1577 1578/2086/1578
f 1576/2087/1576 822/1036/822 821/2088/821
f 1576/2084/1576 1579/2089/1579 1577/2085/1577
f 1576/2087/1576 1580/2090/1580 822/1036/822
f 1576/2084/1576 821/2091/821 1579/2089/1579
f 1576/2087/1576 1578/2092/1578 1580/2090/1580
f 1581/2093/1581 941/1218/941 1582/2094/1582
f 1581/2093/1581 1582/2094/1582 1583/2095/1583
f 1581/2093/1581 942/1219/942 941/1218/941
f 1581/2093/1581 1584/2096/1584 942/1219/942
f 1581/2093/1581 1583/2095/1583 1585/2097/1585
f 1581/2093/1581 1585/2097/1585 1584/2096/1584
f 1586/2098/1586 1587/2099/1587 1588/2100/1588
f 1586/2098/1586 1588/2100/1588 1589/2101/1589
f 1586/2102/1586 296/358/296 1590/2103/1590
f 1586/2102/1586 1589/2104/1589 296/358/296
f 1586/2098/1586 1590/2105/1590 1591/2106/1591
f 1586/2098/1586 1591/2106/1591 1587/2099/1587
f 834/1050/834 766/960/766 768/962/768
f 834/1050/834 768/962/768 1124/1440/1124
f 1592/2107/1592 1593/2108/1593 1594/2109/1594
f 1592/2107/1592 1594/2109/1594 502/627/502
f 1592/2107/1592 1595/2110/1595 254/305/254
f 1592/2107/1592 501/626/501 1596/2111/1596
f 1592/2107/1592 502/627/502 501/626/501
f 1592/2107/1592 1596/2111/1596 1595/2110/1595
f 1592/2107/1592 254/305/254 1593/2108/1593
f 1597/2112/1597 908/1164/908 1458/2113/1458
f 1597/2112/1597 1458/2113/1458 1460/2114/1460
f 1597/2112/1597 1598/2115/1598 1599/2116/1599
f 1597/2112/1597 1600/2117/1600 908/1164/908
f 1597/2112/1597 1460/2114/1460 1598/2115/1598
f 1597/2112/1597 1599/2116/1599 1600/2117/1600
f 1601/2118/1601 1306/1694/1306 1602/2119/1602
f 1601/2118/1601 847/1070/847 1603/2120/1603
f 1601/2118/1601 1603/2120/1603 1604/2121/1604
f 1601/2118/1601 1604/2121/1604 1307/1695/1307
f 1601/2118/1601 1602/2119/1602 848/1071/848
f 1601/2118/1601 1307/1695/1307 1306/1694/1306
f 1601/2118/1601 848/1071/848 847/1070/847
f 1605/2122/1605 1212/1569/1212 245/295/245
f 1605/2123/1605 243/2124/243 681/854/681
f 1605/2122/1605 1213/1570/1213 1212/1569/1212
f 1605/2122/1605 245/295/245 243/294/243
f 1605/2122/1605 679/2125/679 1213/1570/1213
f 1605/2123/1605 681/854/681 679/851/679
f 278/339/278 1545/2037/1545 279/340/279
f 287/348/287 1226/2126/1226 288/349/288
f 287/2127/287 290/2128/290 1227/1584/1227
f 287/2127/287 1227/1584/1227 1226/1583/1226
f 294/355/294 293/354/293 1153/2129/1153
f 1324/1725/1324 1606/2130/1606 1607/2131/1607
f 1324/1725/1324 1608/2132/1608 428/533/428
f 1324/1725/1324 1325/1726/1325 1606/2130/1606
f 1324/1725/1324 1607/2131/1607 1608/2132/1608
f 1609/2133/1609 1610/2134/1610 1611/2135/1611
f 1609/2133/1609 997/1286/997 1612/2136/1612
f 1609/2137/1609 1613/2138/1613 1610/2139/1610
f 1609/2133/1609 1611/2135/1611 997/1286/997
f 1609/2137/1609 1612/2140/1612 1613/2138/1613
f 1614/2141/1614 1331/1739/1331 1334/1738/1334
f 1614/2141/1614 1615/2142/1615 1331/1739/1331
f 1614/2141/1614 478/592/478 1615/2142/1615
f 1614/2141/1614 1334/1738/1334 479/593/479
f 1614/2141/1614 479/593/479 478/592/478
f 1616/2143/1616 72/79/72 75/86/75
f 1616/2144/1616 524/654/524 528/660/528
f 1616/2144/1616 1617/2145/1617 524/654/524
f 1616/2144/1616 75/2146/75 1617/2145/1617
f 1616/2143/1616 527/658/527 72/79/72
f 1616/2143/1616 528/659/528 527/658/527
f 1618/2147/1618 1619/2148/1619 1620/2149/1620
f 1618/2147/1618 1621/2150/1621 1622/2151/1622
f 1618/2147/1618 1620/2149/1620 1373/1799/1373
f 1618/2147/1618 1373/1799/1373 1621/2150/1621
f 1623/2152/1623 562/701/562 1624/2153/1624
f 1623/2152/1623 1625/2154/1625 1626/2155/1626
f 1623/2152/1623 1626/2155/1626 786/992/786
f 1623/2152/1623 786/992/786 562/701/562
f 1623/2152/1623 1624/2153/1624 1625/2154/1625
f 1627/2156/1627 1628/2157/1628 1629/2158/1629
f 1627/2156/1627 1630/2159/1630 1436/2160/1436
f 1627/2161/1627 1436/2162/1436 1631/2163/1631
f 1627/2156/1627 1629/2158/1629 1630/2159/1630
f 1627/2164/1627 1631/2165/1631 1628/2166/1628
f 1632/2167/1632 1633/2168/1633 1634/2169/1634
f 1632/2167/1632 1635/2170/1635 1636/2171/1636
f 1632/2167/1632 1637/2172/1637 1633/2168/1633
f 1632/2167/1632 1634/2169/1634 1635/2170/1635
f 1632/2167/1632 1636/2171/1636 1638/2173/1638
f 1632/2167/1632 1638/2173/1638 1637/2172/1637
f 1452/1907/1452 683/856/683 1237/1594/1237
f 1452/1907/1452 1639/2174/1639 1130/1454/1130
f 1452/1907/1452 1237/1594/1237 1640/2175/1640
f 1452/1907/1452 1640/2175/1640 1639/2174/1639
f 1641/2176/1641 364/2177/364 753/940/753
f 1641/2176/1641 1642/2178/1642 364/2177/364
f 1641/2176/1641 1643/2179/1643 1644/2180/1644
f 1641/2176/1641 1645/2181/1645 1642/2178/1642
f 1641/2176/1641 753/940/753 755/942/755
f 1641/2176/1641 1644/2180/1644 1646/2182/1646
f 1641/2176/1641 1646/2182/1646 1645/2181/1645
f 1641/2176/1641 755/942/755 1643/2179/1643
f 1647/2183/1647 1648/2184/1648 1649/2185/1649
f 1647/2183/1647 1649/2185/1649 1650/2186/1650
f 1647/2183/1647 693/869/693 692/868/692
f 1647/2183/1647 1651/2187/1651 693/869/693
f 1647/2183/1647 1650/2186/1650 1651/2187/1651
f 1647/2183/1647 692/868/692 1648/2184/1648
f 1652/2188/1652 1653/2189/1653 1141/1462/1141
f 1652/2188/1652 1654/2190/1654 1653/2189/1653
f 1652/2188/1652 1655/2191/1655 1654/2190/1654
f 1652/2188/1652 1141/1462/1141 1655/2191/1655
f 1656/2192/1656 1657/2193/1657 1658/2194/1658
f 1656/2192/1656 1659/2195/1659 1660/2196/1660
f 1656/2192/1656 1661/2197/1661 1659/2195/1659
f 1656/2192/1656 1662/2198/1662 1657/2193/1657
f 1656/2192/1656 1658/2194/1658 1661/2197/1661
f 1656/2192/1656 1660/2196/1660 1662/2198/1662
f 1054/1354/1054 1055/1355/1055 1663/2199/1663
f 1054/1354/1054 1663/2199/1663 265/1831/265
f 1664/2200/1664 1360/1781/1360 1363/1784/1363
f 1664/2200/1664 1363/1784/1363 1665/2201/1665
f 1664/2200/1664 1665/2201/1665 1666/2202/1666
f 1667/2203/1667 1668/2204/1668 1366/2205/1366
f 1667/2206/1667 1669/2207/1669 1668/2208/1668
f 1667/2209/1667 1365/2210/1365 1670/2211/1670
f 1667/2209/1667 1366/2212/1366 1365/2210/1365
f 1667/2209/1667 1671/2213/1671 1669/2214/1669
f 1667/2209/1667 1670/2211/1670 1671/2213/1671
f 1672/2215/1672 958/1237/958 960/1239/960
f 1672/2215/1672 1673/2216/1673 1674/2217/1674
f 1672/2215/1672 1674/2217/1674 958/1237/958
f 1672/2215/1672 960/1239/960 1673/2216/1673
f 1675/2218/1675 1676/2219/1676 1677/2220/1677
f 1675/2218/1675 1678/2221/1678 1676/2219/1676
f 1675/2218/1675 1679/2222/1679 1680/2223/1680
f 1675/2224/1675 850/1081/850 1678/2225/1678
f 1675/2218/1675 1680/2223/1680 850/2226/850
f 1675/2218/1675 1677/2220/1677 1679/2222/1679
f 176/206/176 180/211/180 1356/1778/1356
f 176/206/176 1356/1778/1356 1358/1777/1358
f 176/206/176 1358/1777/1358 177/207/177
f 1529/2227/1529 1681/2228/1681 1682/2229/1682
f 1529/2230/1529 1528/2231/1528 1681/2232/1681
f 542/675/542 1683/2233/1683 543/676/543
f 542/675/542 1454/1909/1454 1683/2233/1683
f 1684/2234/1684 1685/2235/1685 777/976/777
f 1684/2234/1684 1119/1434/1119 1685/2235/1685
f 1684/2234/1684 777/976/777 1686/2236/1686
f 1684/2234/1684 1686/2236/1686 1119/1434/1119
f 836/2237/836 1297/2238/1297 1687/2239/1687
f 836/2237/836 764/956/764 770/964/770
f 836/2237/836 1688/2240/1688 1689/2241/1689
f 836/2237/836 1689/2241/1689 764/956/764
f 836/1052/836 835/1051/835 1125/1441/1125
f 836/2237/836 1687/2239/1687 1688/2240/1688
f 836/2237/836 770/964/770 767/966/767
f 410/507/410 412/509/412 1169/1502/1169
f 410/507/410 1169/1502/1169 1167/1500/1167
f 410/507/410 1167/1500/1167 411/508/411
f 416/517/416 1690/2242/1690 417/518/417
f 416/517/416 419/521/419 1172/1505/1172
f 416/517/416 1172/1505/1172 1690/2242/1690
f 1691/2243/1691 1078/1382/1078 1081/1385/1081
f 1691/2244/1691 693/869/693 1651/2187/1651
f 1691/2245/1691 1651/2246/1651 1692/2247/1692
f 1691/2245/1691 1692/2247/1692 1693/2248/1693
f 1691/2245/1691 1693/2248/1693 1078/2249/1078
f 1691/2244/1691 1694/2250/1694 693/869/693
f 1691/2243/1691 1081/1385/1081 1694/2251/1694
f 424/529/424 426/531/426 1695/2252/1695
f 424/529/424 1695/2252/1695 1696/2253/1696
f 424/529/424 1696/2253/1696 1697/2254/1697
f 424/529/424 1697/2254/1697 425/530/425
f 1281/1659/1281 1698/2255/1698 1282/1660/1282
f 1281/1659/1281 1699/2256/1699 1698/2255/1698
f 1281/1659/1281 1700/2257/1700 1699/2256/1699
f 1281/1659/1281 1286/1667/1286 1700/2257/1700
f 1701/2258/1701 1702/2259/1702 566/2260/566
f 1701/2258/1701 89/103/89 1702/2259/1702
f 1701/2261/1701 565/705/565 1703/2262/1703
f 1701/2261/1701 566/706/566 565/705/565
f 1701/2258/1701 1703/2263/1703 89/103/89
f 806/2264/806 236/2265/236 1704/2266/1704
f 806/2267/806 237/283/237 236/282/236
f 806/2267/806 809/2268/809 1705/2269/1705
f 806/1014/806 1704/2270/1704 807/1015/807
f 806/2267/806 1705/2269/1705 1706/2271/1706
f 806/2267/806 1706/2271/1706 237/283/237
f 1348/1762/1348 1707/2272/1707 721/904/721
f 1348/1762/1348 1482/1947/1482 1483/1948/1483
f 1348/1762/1348 1483/1948/1483 1707/2272/1707
f 1348/1762/1348 1349/1763/1349 1708/2273/1708
f 1348/1762/1348 1708/2273/1708 1482/1947/1482
f 251/2274/251 1709/2275/1709 252/1686/252
f 251/302/251 253/304/253 1710/2276/1710
f 251/302/251 1710/2276/1710 662/832/662
f 251/2277/251 662/830/662 1709/2278/1709
f 258/2279/258 728/911/728 259/318/259
f 258/310/258 1711/2280/1711 728/2281/728
f 258/310/258 1712/2282/1712 1711/2280/1711
f 258/310/258 1713/2283/1713 1712/2282/1712
f 258/310/258 261/315/261 1713/2283/1713
f 1425/1872/1425 1427/1874/1427 1714/2284/1714
f 1425/1872/1425 1715/2285/1715 1716/2286/1716
f 1425/1872/1425 1714/2284/1714 1715/2285/1715
f 1425/1872/1425 1716/2286/1716 1426/1873/1426
f 1717/2287/1717 1718/2288/1718 1719/2289/1719
f 1717/2287/1717 1719/2289/1719 1720/2290/1720
f 1717/2291/1717 1535/2292/1535 1033/1330/1033
f 1717/2291/1717 1033/1330/1033 1718/2293/1718
f 1717/2291/1717 1720/2294/1720 1535/2292/1535
f 26/27/26 1721/2295/1721 27/28/27
f 26/2296/26 29/2297/29 1722/2298/1722
f 26/27/26 1722/2299/1722 1721/2295/1721
f 644/809/644 1723/2300/1723 1724/2301/1724
f 644/809/644 1724/2301/1724 1725/2302/1725
f 644/809/644 647/806/647 1723/2300/1723
f 644/802/644 1725/2303/1725 645/803/645
f 1726/2304/1726 1727/2305/1727 1728/2306/1728
f 1726/2307/1726 1729/2308/1729 1727/2309/1727
f 1726/2307/1726 1730/2310/1730 1729/2308/1729
f 1726/2304/1726 1728/2306/1728 1730/2311/1730
f 1230/1587/1230 1233/1590/1233 1731/2312/1731
f 1230/1587/1230 1732/2313/1732 1231/1588/1231
f 1230/1587/1230 1731/2312/1731 1733/2314/1733
f 1230/1587/1230 1733/2314/1733 1732/2313/1732
f 1734/2315/1734 158/183/158 974/1258/974
f 1734/2315/1734 974/1258/974 1735/2316/1735
f 1734/2315/1734 159/184/159 158/183/158
f 1734/2315/1734 1394/1822/1394 586/730/586
f 1734/2315/1734 586/730/586 159/184/159
f 1734/2315/1734 1735/2316/1735 1394/1822/1394
f 1561/2066/1561 162/2317/162 165/2318/165
f 1561/2066/1561 165/2318/165 506/633/506
f 1561/2066/1561 1562/2067/1562 1736/2319/1736
f 1561/2066/1561 1736/2319/1736 162/2317/162
f 512/642/512 1737/2320/1737 513/643/513
f 512/642/512 516/646/516 1737/2320/1737
f 1738/2321/1738 1739/2322/1739 1740/2323/1740
f 1738/2324/1738 1740/2325/1740 1390/2326/1390
f 1738/2321/1738 608/755/608 606/750/606
f 1738/2321/1738 606/750/606 1739/2322/1739
f 1738/2327/1738 1389/1817/1389 608/753/608
f 1738/2327/1738 1390/1818/1390 1389/1817/1389
f 954/1233/954 1741/2328/1741 955/1234/955
f 958/1237/958 1742/2329/1742 959/1238/959
f 958/1237/958 1674/2217/1674 1742/2329/1742
f 1537/2026/1537 624/779/624 196/232/196
f 1537/2026/1537 196/232/196 1743/2330/1743
f 1537/2026/1537 963/1245/963 962/1241/962
f 1537/2026/1537 962/1241/962 624/779/624
f 1537/2026/1537 1743/2330/1743 1538/2027/1538
f 1744/2331/1744 1745/2332/1745 1746/2333/1746
f 1744/2331/1744 1747/2334/1747 1745/2332/1745
f 1744/2335/1744 1748/2336/1748 1749/2337/1749
f 1744/2338/1744 1749/2339/1749 1750/2340/1750
f 1744/2338/1744 1750/2340/1750 1747/2341/1747
f 1744/2331/1744 1746/2333/1746 1748/2342/1748
f 359/444/359 1751/2343/1751 1752/2344/1752
f 359/2345/359 1753/2346/1753 1751/2347/1751
f 359/444/359 1752/2344/1752 360/445/360
f 359/2348/359 1754/2349/1754 1753/2350/1753
f 359/444/359 358/443/358 1754/2351/1754
f 117/135/117 366/2352/366 1755/2353/1755
f 117/138/117 119/137/119 366/2354/366
f 117/135/117 1755/2353/1755 118/136/118
f 1756/2355/1756 20/20/20 22/22/22
f 1756/2355/1756 1572/2356/1572 1757/2357/1757
f 1756/2355/1756 1758/2358/1758 1759/2359/1759
f 1756/2360/1756 1760/2361/1760 1572/2079/1572
f 1756/2355/1756 1759/2359/1759 20/20/20
f 1756/2355/1756 22/22/22 1760/2362/1760
f 1756/2355/1756 1757/2357/1757 1758/2358/1758
f 1761/2363/1761 1762/2364/1762 1763/2365/1763
f 1761/2363/1761 1763/2365/1763 1764/2366/1764
f 1761/2363/1761 1765/2367/1765 1762/2364/1762
f 1761/2363/1761 804/2368/804 1765/2367/1765
f 1761/2363/1761 1764/2366/1764 804/2368/804
f 1766/2369/1766 1767/2370/1767 1768/2371/1768
f 1766/2369/1766 1380/2372/1380 1769/2373/1769
f 1766/2369/1766 1770/2374/1770 1380/2372/1380
f 1766/2369/1766 394/489/394 1770/2374/1770
f 1766/2369/1766 1771/2375/1771 1767/2370/1767
f 1766/2369/1766 1769/2373/1769 1771/2375/1771
f 1766/2369/1766 1768/2371/1768 394/489/394
f 1772/2376/1772 1773/2377/1773 142/167/142
f 1772/2376/1772 1774/2378/1774 1773/2377/1773
f 1772/2379/1772 142/2052/142 1775/2380/1775
f 1772/2379/1772 1316/2381/1316 1313/2382/1313
f 1772/2379/1772 1775/2380/1775 1316/2381/1316
f 1772/2379/1772 1313/2382/1313 1774/2383/1774
f 1776/2384/1776 1777/2385/1777 1778/2386/1778
f 1776/2384/1776 1778/2386/1778 1779/2387/1779
f 1776/2384/1776 1780/2388/1780 1781/2389/1781
f 1776/2384/1776 1781/2389/1781 1777/2385/1777
f 1776/2384/1776 1779/2387/1779 1780/2388/1780
f 1782/2390/1782 1783/2391/1783 1784/2392/1784
f 1782/2393/1782 1758/2358/1758 1757/2357/1757
f 1782/2393/1782 1784/2394/1784 1758/2358/1758
f 1782/2395/1782 651/812/651 1783/2396/1783
f 1782/2393/1782 1757/2357/1757 651/2397/651
f 1096/2398/1096 1785/2399/1785 1786/2400/1786
f 1096/1409/1096 1098/1408/1098 1787/2401/1787
f 1096/2402/1096 1786/2403/1786 928/1196/928
f 1096/1409/1096 1787/2401/1787 1785/2404/1785
f 1096/2402/1096 928/1196/928 1097/2405/1097
f 1788/2406/1788 151/176/151 148/173/148
f 1788/2406/1788 148/173/148 1789/2407/1789
f 1788/2406/1788 1790/2408/1790 151/176/151
f 1788/2406/1788 1789/2407/1789 1791/2409/1791
f 1788/2406/1788 1792/2410/1792 1790/2408/1790
f 1788/2406/1788 1791/2409/1791 1792/2410/1792
f 182/2411/182 1793/2412/1793 335/406/335
f 182/215/182 1112/1425/1112 183/216/183
f 182/215/182 335/2413/335 1112/1425/1112
f 182/2414/182 187/2415/187 1793/2416/1793
f 189/225/189 191/227/191 1114/2417/1114
f 189/225/189 1115/2418/1115 190/226/190
f 1293/1678/1293 1794/2419/1794 1294/1679/1294
f 1293/1678/1293 1295/1680/1295 1795/2420/1795
f 1293/1678/1293 1795/2420/1795 1794/2419/1794
f 47/50/47 1796/2421/1796 1797/2422/1797
f 47/50/47 50/53/50 1796/2421/1796
f 47/50/47 1798/2423/1798 48/51/48
f 47/50/47 1797/2422/1797 1798/2423/1798
f 1799/2424/1799 1800/2425/1800 1801/2426/1801
f 1799/2427/1799 748/933/748 746/930/746
f 1799/2424/1799 1801/2426/1801 1802/2428/1802
f 1799/2424/1799 1802/2428/1802 748/2429/748
f 1799/2427/1799 746/930/746 1800/2430/1800
f 1803/2431/1803 1804/2432/1804 1805/2433/1805
f 1803/2431/1803 1806/2434/1806 1807/2435/1807
f 1803/2431/1803 1807/2435/1807 1808/2436/1808
f 1803/2431/1803 1805/2433/1805 1809/2437/1809
f 1803/2431/1803 1808/2436/1808 1804/2432/1804
f 1803/2431/1803 1809/2437/1809 1806/2434/1806
f 1244/2438/1244 532/665/532 1245/2439/1245
f 1244/2438/1244 1810/2440/1810 533/666/533
f 1244/2438/1244 533/666/533 532/665/532
f 1244/1605/1244 123/143/123 1810/2441/1810
f 1718/2293/1718 1811/2442/1811 377/466/377
f 1718/2288/1718 376/2443/376 1812/2444/1812
f 1718/2293/1718 1033/1330/1033 1811/2442/1811
f 1718/2293/1718 377/466/377 376/465/376
f 1718/2288/1718 1812/2444/1812 1719/2289/1719
f 498/622/498 503/629/503 905/1161/905
f 498/622/498 1255/1616/1255 499/623/499
f 498/622/498 905/1161/905 1255/1616/1255
f 1258/1623/1258 1813/2445/1813 392/2446/392
f 1258/1619/1258 392/2447/392 977/1261/977
f 1258/1623/1258 1259/1622/1259 1813/2445/1813
f 982/1266/982 401/498/401 1814/2448/1814
f 982/1266/982 984/1268/984 401/498/401
f 982/1266/982 1814/2448/1814 1260/1624/1260
f 986/1270/986 1815/2449/1815 987/1271/987
f 986/1270/986 992/1277/992 920/1183/920
f 986/1270/986 918/1179/918 1815/2449/1815
f 986/1270/986 920/1183/920 918/1179/918
f 1610/2134/1610 1816/2450/1816 1817/2451/1817
f 1610/2134/1610 1818/2452/1818 1611/2135/1611
f 1610/2134/1610 1817/2451/1817 1818/2452/1818
f 1610/2139/1610 1819/2453/1819 1816/2454/1816
f 1610/2139/1610 1613/2138/1613 1819/2453/1819
f 1331/1739/1331 1615/2142/1615 1820/2455/1820
f 1331/1734/1331 1820/2456/1820 1332/1735/1332
f 1821/2457/1821 1822/2458/1822 1823/2459/1823
f 1821/2457/1821 68/72/68 1822/2458/1822
f 1821/2460/1821 1823/2461/1823 1824/2462/1824
f 1821/2460/1821 1824/2462/1824 1825/2463/1825
f 1821/2457/1821 1825/2464/1825 68/72/68
f 1826/2465/1826 1827/2466/1827 1828/2467/1828
f 1826/2465/1826 1182/1521/1182 1829/2468/1829
f 1826/2465/1826 1335/1743/1335 1182/1521/1182
f 1826/2465/1826 1828/2467/1828 1339/1747/1339
f 1826/2465/1826 1829/2468/1829 1827/2466/1827
f 1826/2465/1826 1339/1747/1339 1335/1743/1335
f 1183/1524/1183 454/565/454 459/570/459
f 1183/1524/1183 80/2469/80 454/565/454
f 1183/1524/1183 1830/2470/1830 1184/1525/1184
f 1183/1524/1183 459/570/459 1830/2470/1830
f 1831/2471/1831 1832/2472/1832 1833/2473/1833
f 1831/2471/1831 1189/1540/1189 1191/1539/1191
f 1831/2474/1831 1834/2475/1834 1189/1533/1189
f 1831/2474/1831 1833/2476/1833 1834/2475/1834
f 1831/2471/1831 1191/1539/1191 1832/2472/1832
f 1785/2399/1785 1835/2477/1835 1836/2478/1836
f 1785/2404/1785 1787/2401/1787 1835/2479/1835
f 1785/2399/1785 1836/2478/1836 1786/2400/1786
f 1633/2168/1633 1837/2480/1837 1634/2169/1634
f 1633/2168/1633 473/587/473 474/588/474
f 1633/2168/1633 1637/2172/1637 473/587/473
f 1633/2168/1633 474/588/474 1837/2480/1837
f 1838/2481/1838 1839/2482/1839 1840/2483/1840
f 1838/2484/1838 1841/2485/1841 1842/2486/1842
f 1838/2484/1838 431/536/431 1662/2487/1662
f 1838/2488/1838 1843/2489/1843 1844/2490/1844
f 1838/2488/1838 1662/2198/1662 1843/2489/1843
f 1838/2481/1838 1845/2491/1845 1839/2482/1839
f 1838/2481/1838 1844/2492/1844 1845/2491/1845
f 1838/2481/1838 1840/2483/1840 1841/2493/1841
f 1838/2484/1838 1842/2486/1842 431/536/431
f 712/892/712 1846/2494/1846 713/893/713
f 712/892/712 718/900/718 1847/2495/1847
f 712/892/712 1847/2495/1847 1846/2494/1846
f 1848/2496/1848 1849/2497/1849 1850/2498/1850
f 1848/2496/1848 1851/2499/1851 1849/2497/1849
f 1848/2496/1848 1852/2500/1852 1851/2499/1851
f 1853/2501/1853 1219/2502/1219 1854/2503/1854
f 1853/2504/1853 1854/2505/1854 1855/2506/1855
f 1853/2504/1853 1220/2507/1220 1219/2508/1219
f 1853/2504/1853 1855/2506/1855 1220/2507/1220
f 1490/1960/1490 1856/2509/1856 1857/2510/1857
f 1490/1955/1490 1857/2511/1857 1858/2512/1858
f 1490/1955/1490 1859/2513/1859 1491/1956/1491
f 1490/1960/1490 1493/1959/1493 1856/2509/1856
f 1490/1955/1490 1858/2512/1858 1859/2513/1859
f 1860/2514/1860 1861/2515/1861 1862/2516/1862
f 1860/2514/1860 1862/2516/1862 1863/2517/1863
f 1860/2514/1860 1864/2518/1864 1865/2519/1865
f 1860/2514/1860 761/950/761 1864/2518/1864
f 1860/2514/1860 1863/2517/1863 761/950/761
f 1860/2514/1860 1865/2519/1865 1861/2515/1861
f 1866/2520/1866 1867/2521/1867 1084/1388/1084
f 1866/2520/1866 1231/1588/1231 1868/2522/1868
f 1866/2520/1866 1083/1387/1083 1232/1589/1232
f 1866/2520/1866 1232/1589/1232 1231/1588/1231
f 1866/2520/1866 1084/1388/1084 1083/1387/1083
f 1866/2520/1866 1868/2522/1868 1867/2521/1867
f 1751/2343/1751 1869/2523/1869 1752/2344/1752
f 1751/2347/1751 1753/2346/1753 685/858/685
f 1751/2347/1751 1870/2524/1870 1869/2525/1869
f 1751/2347/1751 685/858/685 1870/2524/1870
f 363/448/363 1871/2526/1871 364/449/364
f 363/448/363 365/450/365 1871/2526/1871
f 946/1225/946 947/1224/947 1872/2527/1872
f 946/1225/946 1872/2527/1872 1873/2528/1873
f 946/1223/946 1873/2529/1873 1444/1896/1444
f 20/2530/20 1759/2531/1759 128/150/128
f 1874/2532/1874 1762/2364/1762 1419/1862/1419
f 1874/2532/1874 1418/1861/1418 1875/2533/1875
f 1874/2532/1874 1763/2365/1763 1762/2364/1762
f 1874/2532/1874 1875/2533/1875 1763/2365/1763
f 1874/2532/1874 1419/1862/1419 1418/1861/1418
f 1876/2534/1876 1877/2535/1877 1878/2536/1878
f 1876/2534/1876 1879/2537/1879 1880/2538/1880
f 1876/2534/1876 1878/2536/1878 1879/2537/1879
f 1876/2534/1876 1880/2538/1880 1881/2539/1881
f 1773/2540/1773 1774/2541/1774 1882/2542/1882
f 1773/2540/1773 1882/2542/1882 1883/2543/1883
f 1773/2540/1773 1883/2543/1883 145/2544/145
f 1773/2377/1773 145/170/145 142/167/142
f 739/922/739 741/924/741 1884/2545/1884
f 739/922/739 1884/2545/1884 934/1205/934
f 1885/2546/1885 1886/2547/1886 1887/2548/1887
f 1885/2546/1885 1887/2548/1887 1888/2549/1888
f 1885/2546/1885 1889/2550/1889 1890/2551/1890
f 1885/2552/1885 1463/1918/1463 1891/2553/1891
f 1885/2552/1885 1891/2553/1891 1889/2554/1889
f 1885/2552/1885 1888/2555/1888 1463/1918/1463
f 1885/2546/1885 1890/2551/1890 1886/2547/1886
f 1892/2556/1892 1893/2557/1893 167/192/167
f 1892/2556/1892 1894/2558/1894 865/2559/865
f 1892/2556/1892 1895/2560/1895 1893/2557/1893
f 1892/2556/1892 166/191/166 1894/2558/1894
f 1892/2556/1892 167/192/167 166/191/166
f 1892/2556/1892 865/2559/865 1896/2561/1896
f 1892/2556/1892 1896/2561/1896 1895/2560/1895
f 1676/2562/1676 1897/2563/1897 173/202/173
f 1676/2562/1676 1678/2564/1678 1898/2565/1898
f 1676/2562/1676 173/202/173 1677/2566/1677
f 1676/2562/1676 1898/2565/1898 1897/2563/1897
f 1899/2567/1899 180/213/180 179/210/179
f 1899/2567/1899 1900/2568/1900 180/213/180
f 1899/2567/1899 1901/2569/1901 1902/2570/1902
f 1899/2567/1899 1902/2570/1902 1903/2571/1903
f 1899/2567/1899 179/210/179 1901/2569/1901
f 1899/2572/1899 1903/2573/1903 1900/2574/1900
f 1904/2575/1904 1905/2576/1905 1906/2577/1906
f 1904/2578/1904 820/1033/820 819/1032/819
f 1904/2575/1904 1520/2004/1520 1907/2579/1907
f 1904/2578/1904 819/1032/819 1520/2580/1520
f 1904/2575/1904 1907/2579/1907 1905/2576/1905
f 1904/2578/1904 1906/2581/1906 820/1033/820
f 1413/2582/1413 337/409/337 339/411/339
f 1413/1853/1413 1069/1373/1069 1908/2583/1908
f 1413/1853/1413 1070/1374/1070 1069/1373/1069
f 1413/1853/1413 1908/2583/1908 337/2584/337
f 1909/2585/1909 1076/1380/1076 1080/1384/1080
f 1909/2585/1909 1080/1384/1080 1910/2586/1910
f 1909/2585/1909 1910/2586/1910 1911/2587/1911
f 1909/2588/1909 1118/1433/1118 1076/1432/1076
f 1909/2585/1909 1911/2587/1911 1118/2589/1118
f 1912/2590/1912 1913/2591/1913 1914/2592/1914
f 1912/2590/1912 49/52/49 1913/2591/1913
f 1912/2590/1912 1914/2592/1914 1915/2593/1915
f 1912/2590/1912 50/53/50 49/52/49
f 1912/2590/1912 1916/2594/1916 50/53/50
f 1912/2590/1912 1915/2593/1915 1916/2594/1916
f 1917/2595/1917 1918/2596/1918 1919/2597/1919
f 1917/2598/1917 1595/2110/1595 1596/2111/1596
f 1917/2598/1917 1920/2599/1920 1595/2110/1595
f 1917/2595/1917 1596/2600/1596 1918/2596/1918
f 1917/2598/1917 1919/2601/1919 1920/2599/1920
f 1921/2602/1921 1398/1827/1398 1922/2603/1922
f 1921/2602/1921 1399/1828/1399 1398/1827/1398
f 1921/2602/1921 1923/2604/1923 1924/2605/1924
f 1921/2602/1921 1922/2603/1922 1923/2604/1923
f 1921/2602/1921 1924/2605/1924 1399/1828/1399
f 468/2606/468 470/2607/470 1925/2608/1925
f 468/2606/468 1715/2285/1715 849/2609/849
f 468/582/468 848/1073/848 469/583/469
f 468/2606/468 1925/2608/1925 1715/2285/1715
f 468/582/468 849/1074/849 848/1073/848
f 1926/2610/1926 1927/2611/1927 1215/1572/1215
f 1926/2612/1926 853/1084/853 1928/2613/1928
f 1926/2610/1926 1215/1572/1215 1929/2614/1929
f 1926/2612/1926 1930/2615/1930 853/1084/853
f 1926/2610/1926 1929/2614/1929 1931/2616/1931
f 1926/2612/1926 1931/2617/1931 1930/2615/1930
f 1926/2610/1926 1932/2618/1932 1927/2611/1927
f 1926/2610/1926 1928/2619/1928 1932/2618/1932
f 1933/2620/1933 332/402/332 1486/1951/1486
f 1933/2621/1933 938/1215/938 332/1214/332
f 1933/2620/1933 1486/1951/1486 969/1252/969
f 1723/2300/1723 1934/2622/1934 1724/2301/1724
f 1723/2300/1723 647/806/647 1935/2623/1935
f 1723/2300/1723 1935/2623/1935 1934/2622/1934
f 1936/2624/1936 1937/2625/1937 1938/2626/1938
f 1936/2627/1936 1882/2542/1882 1939/2628/1939
f 1936/2624/1936 1940/2629/1940 1882/2630/1882
f 1936/2624/1936 1941/2631/1941 1937/2625/1937
f 1936/2624/1936 1938/2626/1938 1940/2629/1940
f 1936/2627/1936 1939/2628/1939 1941/2632/1941
f 1606/2633/1606 1942/2634/1942 1607/2635/1607
f 1606/2130/1606 1943/2636/1943 1669/2637/1669
f 1606/2130/1606 1669/2637/1669 1671/2638/1671
f 1606/2130/1606 1325/1726/1325 1943/2636/1943
f 1606/2633/1606 1671/2213/1671 1942/2634/1942
f 306/370/306 308/372/308 1409/1846/1409
f 306/370/306 1411/1850/1411 307/371/307
f 1171/1504/1171 1690/2242/1690 1172/1505/1172
f 1171/1504/1171 1175/1508/1175 1944/2639/1944
f 1171/1504/1171 1944/2639/1944 1690/2242/1690
f 1945/2640/1945 1177/1516/1177 67/70/67
f 1945/2640/1945 67/70/67 1946/2641/1946
f 1945/2640/1945 1946/2641/1946 1947/2642/1947
f 1945/2640/1945 629/786/629 1177/1516/1177
f 1945/2640/1945 1947/2642/1947 630/787/630
f 1945/2640/1945 630/787/630 629/786/629
f 72/79/72 527/658/527 1948/2643/1948
f 72/79/72 1948/2643/1948 73/80/73
f 1254/1615/1254 1256/1617/1256 1949/2644/1949
f 1254/2645/1254 1950/2646/1950 1255/2647/1255
f 907/2648/907 909/2649/909 90/104/90
f 907/1163/907 1951/2650/1951 908/1164/908
f 907/2648/907 90/104/90 1952/2651/1952
f 907/2648/907 1952/2651/1952 1951/2652/1951
f 1953/2653/1953 912/1169/912 1347/1761/1347
f 1953/2653/1953 1954/2654/1954 913/1170/913
f 1953/2653/1953 913/1170/913 912/1169/912
f 1955/2655/1955 1815/2449/1815 1387/2656/1387
f 1955/2655/1955 1387/2656/1387 1956/2657/1956
f 1955/2655/1955 1957/2658/1957 987/1271/987
f 1955/2659/1955 1956/2660/1956 1957/2661/1957
f 1955/2655/1955 987/1271/987 1815/2449/1815
f 772/968/772 1958/2662/1958 538/671/538
f 772/2663/772 1959/2664/1959 1958/2665/1958
f 772/968/772 773/969/773 1959/2666/1959
f 1960/2667/1960 1961/2668/1961 1962/2669/1962
f 1960/2667/1960 1963/2670/1963 1533/2024/1533
f 1960/2667/1960 1533/2024/1533 1961/2668/1961
f 1960/2667/1960 1962/2669/1962 1963/2670/1963
f 1964/2671/1964 1965/2672/1965 1966/2673/1966
f 1964/2671/1964 1967/2674/1967 1965/2672/1965
f 1964/2671/1964 1966/2673/1966 1968/2675/1968
f 1964/2671/1964 1969/2676/1969 1970/2677/1970
f 1964/2671/1964 1968/2675/1968 1969/2676/1969
f 1964/2671/1964 1970/2677/1970 1967/2674/1967
f 1971/2678/1971 1972/2679/1972 1973/2680/1973
f 1971/2678/1971 1973/2680/1973 1974/2681/1974
f 1971/2678/1971 1974/2681/1974 1749/2337/1749
f 1971/2678/1971 1975/2682/1975 1972/2679/1972
f 1971/2678/1971 1748/2336/1748 1975/2682/1975
f 1971/2678/1971 1749/2337/1749 1748/2336/1748
f 1547/2041/1547 1976/2683/1976 1977/2684/1977
f 1547/2685/1547 1550/2686/1550 1978/2687/1978
f 1547/2041/1547 1977/2684/1977 1464/1919/1464
f 1547/2685/1547 1978/2687/1978 1976/2688/1976
f 1979/2689/1979 1980/2690/1980 1981/2691/1981
f 1979/2692/1979 1982/2693/1982 622/2694/622
f 1979/2692/1979 1983/2695/1983 1982/2693/1982
f 1979/2692/1979 1984/2696/1984 1983/2695/1983
f 1979/2689/1979 622/775/622 1980/2690/1980
f 1979/2689/1979 1981/2691/1981 1984/2697/1984
f 1985/2698/1985 1986/2699/1986 1987/2700/1987
f 1985/2698/1985 716/897/716 717/901/717
f 1985/2698/1985 1987/2700/1987 716/897/716
f 1985/2698/1985 717/901/717 1988/2701/1988
f 1985/2698/1985 1988/2701/1988 1986/2699/1986
f 1989/2702/1989 100/114/100 105/120/105
f 1989/2703/1989 576/720/576 580/724/580
f 1989/2703/1989 105/2704/105 1475/2705/1475
f 1989/2702/1989 1202/1555/1202 100/114/100
f 1989/2703/1989 1475/2705/1475 1791/2409/1791
f 1989/2702/1989 580/2706/580 1202/1555/1202
f 1989/2703/1989 1791/2409/1791 576/720/576
f 800/1007/800 1990/2707/1990 801/1008/801
f 800/1467/800 1148/1470/1148 1990/2708/1990
f 800/1467/800 804/2368/804 1764/2366/1764
f 800/1467/800 1764/2366/1764 1146/1468/1146
f 1991/2709/1991 1992/2710/1992 1993/2711/1993
f 1991/2709/1991 1268/1639/1268 1992/2710/1992
f 1991/2709/1991 1269/1640/1269 1268/1639/1268
f 1991/2709/1991 1993/2711/1993 1269/1640/1269
f 1273/2712/1273 735/2713/735 1716/2286/1716
f 1273/1645/1273 1276/1649/1276 735/918/735
f 1273/2712/1273 1925/2608/1925 1274/2714/1274
f 1273/2712/1273 1716/2286/1716 1925/2608/1925
f 1278/1654/1278 1004/1296/1004 1994/2715/1994
f 1278/1651/1278 1995/2716/1995 1279/1652/1279
f 1278/1651/1278 1994/2717/1994 1995/2716/1995
f 1577/2085/1577 1996/2718/1996 1578/2086/1578
f 1577/2085/1577 1721/2295/1721 1996/2718/1996
f 1577/2085/1577 1579/2089/1579 27/28/27
f 1577/2085/1577 27/28/27 1721/2295/1721
f 1997/2719/1997 1998/2720/1998 1999/2721/1999
f 1997/2719/1997 1241/1602/1241 1242/1601/1242
f 1997/2719/1997 1440/1892/1440 945/1222/945
f 1997/2719/1997 1999/2721/1999 1241/1602/1241
f 1997/2719/1997 944/1221/944 1998/2720/1998
f 1997/2719/1997 1242/1601/1242 1440/1892/1440
f 1997/2719/1997 945/1222/945 944/1221/944
f 2000/2722/2000 1587/2099/1587 1591/2106/1591
f 2000/2723/2000 531/664/531 533/666/533
f 2000/2722/2000 2001/2724/2001 1587/2099/1587
f 2000/2722/2000 1810/2441/1810 2001/2724/2001
f 2000/2723/2000 533/666/533 1810/2440/1810
f 2000/2723/2000 1591/2725/1591 531/664/531
f 2002/2726/2002 353/434/353 2003/2727/2003
f 2002/2728/2002 2003/2729/2003 1731/2312/1731
f 2002/2728/2002 2004/2730/2004 2005/2731/2005
f 2002/2728/2002 1731/2312/1731 2004/2730/2004
f 2002/2726/2002 2005/2732/2005 355/438/355
f 2002/2726/2002 355/438/355 353/434/353
f 1392/1820/1392 584/728/584 585/729/585
f 1392/1820/1392 2006/2733/2006 2007/2734/2007
f 1392/1820/1392 1393/1821/1393 2008/2735/2008
f 1392/1820/1392 2008/2735/2008 2006/2733/2006
f 1392/1820/1392 2007/2734/2007 584/728/584
f 1396/1824/1396 1399/1829/1399 843/1065/843
f 1396/1824/1396 2009/2736/2009 1046/1346/1046
f 1396/1824/1396 843/1065/843 2009/2736/2009
f 2010/2737/2010 599/743/599 2011/2738/2011
f 2010/2737/2010 2012/2739/2012 1024/1319/1024
f 2010/2737/2010 1024/1319/1024 2013/2740/2013
f 2010/2737/2010 2013/2740/2013 599/743/599
f 2010/2737/2010 2011/2738/2011 2012/2739/2012
f 1059/2741/1059 2014/2742/2014 1240/1598/1240
f 1059/2741/1059 2015/2743/2015 2014/2742/2014
f 1059/2741/1059 1240/1598/1240 1060/1597/1060
f 1059/1360/1059 1058/1359/1058 2015/2744/2015
f 2016/2745/2016 1774/2383/1774 1313/2382/1313
f 2016/2746/2016 2017/2747/2017 2018/2748/2018
f 2016/2749/2016 1410/1849/1410 2017/2750/2017
f 2016/2746/2016 2018/2748/2018 1939/2628/1939
f 2016/2746/2016 1939/2628/1939 1774/2541/1774
f 2016/2751/2016 1313/1701/1313 1410/1848/1410
f 2019/2752/2019 2020/2753/2020 2021/2754/2021
f 2019/2752/2019 2021/2754/2021 1071/2755/1071
f 2019/2756/2019 1071/1375/1071 1073/1377/1073
f 2019/2756/2019 1073/1377/1073 2022/2757/2022
f 2019/2752/2019 2022/2758/2022 2020/2753/2020
f 2023/2759/2023 1077/1436/1077 1122/1438/1122
f 2023/2759/2023 1965/2672/1965 1967/2674/1967
f 2023/2759/2023 695/871/695 2024/2760/2024
f 2023/2759/2023 1967/2674/1967 695/871/695
f 2023/2759/2023 1122/1438/1122 1965/2672/1965
f 2023/2759/2023 2024/2760/2024 1077/1436/1077
f 2025/2761/2025 2026/2762/2026 2027/2763/2027
f 2025/2761/2025 873/1118/873 872/1120/872
f 2025/2761/2025 2028/2764/2028 2026/2762/2026
f 2025/2761/2025 872/1120/872 2028/2764/2028
f 2025/2761/2025 2029/2765/2029 873/1118/873
f 2025/2761/2025 2027/2763/2027 2029/2765/2029
f 2030/2766/2030 2031/2767/2031 2032/2768/2032
f 2030/2766/2030 2033/2769/2033 2031/2767/2031
f 2030/2766/2030 880/1129/880 2033/2769/2033
f 2030/2766/2030 2034/2770/2034 880/1129/880
f 2030/2766/2030 2032/2768/2032 2035/2771/2035
f 2030/2766/2030 2035/2771/2035 2034/2770/2034
f 2036/2772/2036 2037/2773/2037 1333/1740/1333
f 2036/2774/2036 34/2775/34 1492/1958/1492
f 2036/2776/2036 2038/2777/2038 2037/2778/2037
f 2036/2776/2036 1492/2779/1492 2038/2777/2038
f 2036/2774/2036 1333/2780/1333 34/2775/34
f 2039/2781/2039 1758/2358/1758 1784/2394/1784
f 2039/2781/2039 1759/2359/1759 1758/2358/1758
f 2039/2781/2039 1784/2394/1784 1144/2782/1144
f 2039/2783/2039 2040/2784/2040 2041/2785/2041
f 2039/2783/2039 2041/2785/2041 1759/2531/1759
f 2039/2783/2039 1144/1465/1144 1141/1462/1141
f 2039/2783/2039 1141/1462/1141 2040/2784/2040
f 1015/1310/1015 2042/2786/2042 1016/1311/1016
f 1015/1310/1015 2043/2787/2043 2042/2786/2042
f 1015/1310/1015 1017/1312/1017 2044/2788/2044
f 1015/1310/1015 2044/2788/2044 2043/2787/2043
f 2045/2789/2045 1098/1408/1098 2046/2790/2046
f 2045/2789/2045 2047/2791/2047 2048/2792/2048
f 2045/2789/2045 2049/2793/2049 2047/2791/2047
f 2045/2789/2045 2046/2790/2046 2049/2793/2049
f 2045/2789/2045 2048/2792/2048 1098/1408/1098
f 2050/2794/2050 2051/2795/2051 444/2796/444
f 2050/2794/2050 1284/1663/1284 2051/2795/2051
f 2050/2794/2050 444/2796/444 12/2797/12
f 2050/2794/2050 2052/2798/2052 1156/2799/1156
f 2050/2794/2050 1156/2799/1156 1284/1663/1284
f 2050/2794/2050 12/2797/12 2052/2798/2052
f 2053/2800/2053 2054/2801/2054 1037/1334/1037
f 2053/2802/2053 1524/2010/1524 2055/2803/2055
f 2053/2802/2053 448/556/448 1524/2010/1524
f 2053/2800/2053 1037/1334/1037 449/563/449
f 2053/2800/2053 2055/2804/2055 2054/2801/2054
f 2053/2802/2053 449/557/449 448/556/448
f 2056/2805/2056 2057/2806/2057 2058/2807/2058
f 2056/2805/2056 1843/2489/1843 1660/2196/1660
f 2056/2805/2056 2059/2808/2059 1844/2490/1844
f 2056/2805/2056 2058/2807/2058 2059/2808/2059
f 2056/2805/2056 1844/2490/1844 1843/2489/1843
f 2056/2805/2056 1660/2196/1660 2057/2806/2057
f 2060/2809/2060 1617/2145/1617 75/2146/75
f 2060/2810/2060 75/2811/75 2061/2812/2061
f 2060/2813/2060 2061/2814/2061 1424/1870/1424
f 2060/2813/2060 1424/1870/1424 1617/2815/1617
f 926/1193/926 514/644/514 2062/2816/2062
f 926/1193/926 2062/2816/2062 2063/2817/2063
f 926/1193/926 2063/2817/2063 927/1194/927
f 1570/2818/1570 2064/2819/2064 1571/2820/1571
f 1570/2818/1570 934/1205/934 1884/2545/1884
f 1570/2818/1570 935/1206/935 934/1205/934
f 1570/2818/1570 1884/2545/1884 2065/2821/2065
f 1570/2818/1570 2065/2821/2065 2064/2819/2064
f 1108/2822/1108 2066/2823/2066 2067/2824/2067
f 1108/2822/1108 1345/1757/1345 1109/2825/1109
f 1108/2822/1108 1111/2826/1111 2066/2823/2066
f 1108/2822/1108 2067/2824/2067 1345/1757/1345
f 825/1041/825 2068/2827/2068 2069/2828/2069
f 825/1041/825 943/1220/943 1584/2096/1584
f 825/1041/825 1584/2096/1584 826/1042/826
f 825/1041/825 828/1044/828 2068/2827/2068
f 825/1041/825 2069/2828/2069 943/1220/943
f 2070/2829/2070 760/947/760 1445/1897/1445
f 2070/2830/2070 1445/2831/1445 1864/2518/1864
f 2070/2830/2070 1864/2518/1864 761/950/761
f 2070/2829/2070 761/948/761 760/947/760
f 2071/2832/2071 1447/1899/1447 1451/1906/1451
f 2071/2833/2071 2072/2834/2072 2073/2835/2073
f 2071/2833/2071 2074/2836/2074 2072/2834/2072
f 2071/2833/2071 2073/2835/2073 2075/2837/2075
f 2071/2832/2071 2075/2838/2075 1447/1899/1447
f 2071/2832/2071 1451/1906/1451 2074/2839/2074
f 1129/1445/1129 994/1290/994 999/1289/999
f 1129/1453/1129 1133/1452/1133 2034/2770/2034
f 1129/1445/1129 999/1289/999 358/443/358
f 1129/1453/1129 2034/2770/2034 2035/2771/2035
f 1129/1445/1129 2035/2840/2035 1329/2841/1329
f 1129/1445/1129 1329/2841/1329 994/1290/994
f 1135/1456/1135 2076/2842/2076 1136/1457/1136
f 1135/1456/1135 1137/1458/1137 2077/2843/2077
f 1135/1456/1135 2077/2843/2077 2076/2842/2076
f 2078/2844/2078 592/2845/592 591/2846/591
f 2078/2844/2078 1142/1463/1142 2079/2847/2079
f 2078/2848/2078 2079/2849/2079 592/736/592
f 2078/2844/2078 591/2846/591 1143/1464/1143
f 2078/2844/2078 1143/1464/1143 1142/1463/1142
f 2080/2850/2080 2081/2851/2081 2082/2852/2082
f 2080/2853/2080 2082/2854/2082 2083/2855/2083
f 2080/2856/2080 2084/2857/2084 2085/2858/2085
f 2080/2853/2080 2086/2859/2086 2084/2860/2084
f 2080/2853/2080 2083/2855/2083 2086/2859/2086
f 2080/2850/2080 2085/2861/2085 2081/2851/2081
f 620/2862/620 2087/2863/2087 564/704/564
f 620/771/620 564/2864/564 563/702/563
f 620/774/620 621/773/621 2088/2865/2088
f 620/2862/620 2088/2866/2088 2087/2863/2087
f 2/2/2 2089/2867/2089 3/3/3
f 2/2868/2 7/2869/7 2090/2870/2090
f 2/2868/2 2090/2870/2090 2089/2871/2089
f 2091/2872/2091 1556/2060/1556 1557/2061/1557
f 2091/2872/2091 1557/2061/1557 798/1005/798
f 2091/2872/2091 326/395/326 1556/2060/1556
f 2091/2872/2091 2092/2873/2092 326/395/326
f 2091/2872/2091 798/1005/798 2092/2873/2092
f 2093/2874/2093 2031/2767/2031 2094/2875/2094
f 2093/2876/2093 2094/2877/2094 414/514/414
f 2093/2874/2093 414/2878/414 2095/2879/2095
f 2093/2874/2093 2032/2768/2032 2031/2767/2031
f 2093/2874/2093 2095/2879/2095 2032/2768/2032
f 2096/2880/2096 2097/2881/2097 2098/2882/2098
f 2096/2883/2096 1645/2181/1645 1646/2182/1646
f 2096/2880/2096 2098/2882/2098 1645/2884/1645
f 2096/2880/2096 1646/2885/1646 2099/2886/2099
f 2096/2880/2096 2099/2886/2099 2097/2881/2097
f 1006/2887/1006 2100/2888/2100 2101/2889/2101
f 1006/1298/1006 43/46/43 2100/2890/2100
f 1006/2887/1006 2101/2889/2101 2102/2891/2102
f 1006/2887/1006 2102/2891/2102 1007/2892/1007
f 1942/2634/1942 2103/2893/2103 2104/2894/2104
f 1942/2634/1942 2104/2894/2104 2105/2895/2105
f 1942/2634/1942 2105/2895/2105 1607/2635/1607
f 1942/2634/1942 1671/2213/1671 2103/2893/2103
f 659/826/659 902/1155/902 2106/2896/2106
f 659/826/659 2107/2897/2107 2108/2898/2108
f 659/826/659 661/828/661 2107/2897/2107
f 659/826/659 2106/2896/2106 660/827/660
f 659/826/659 2109/2899/2109 902/1155/902
f 659/826/659 2108/2898/2108 2109/2899/2109
f 1187/1530/1187 1022/1317/1022 2110/2900/2110
f 1187/1530/1187 2110/2900/2110 1188/1531/1188
f 1187/2901/1187 2111/2902/2111 1022/2903/1022
f 1187/1530/1187 437/1536/437 2112/2904/2112
f 1187/2901/1187 2112/2905/2112 2111/2902/2111
f 1849/2906/1849 2113/2907/2113 2114/2908/2114
f 1849/2906/1849 1851/2909/1851 2113/2907/2113
f 1849/2497/1849 2114/2910/2114 1850/2498/1850
f 678/2911/678 2115/2912/2115 2116/2913/2116
f 678/849/678 452/853/452 451/2914/451
f 678/849/678 451/2914/451 2115/2915/2115
f 678/849/678 2116/2916/2116 274/850/274
f 840/1059/840 1399/1828/1399 1924/2605/1924
f 840/1059/840 843/1064/843 1399/1828/1399
f 840/1059/840 1924/2605/1924 1478/1937/1478
f 1305/1693/1305 1208/2917/1208 2117/2918/2117
f 1305/1693/1305 1209/2919/1209 1208/2917/1208
f 1305/1693/1305 1309/1697/1309 1209/2919/1209
f 1305/1693/1305 2117/2918/2117 1306/1694/1306
f 1927/2611/1927 1212/1569/1212 1215/1572/1215
f 1927/2611/1927 1932/2618/1932 245/295/245
f 1927/2611/1927 245/295/245 1212/1569/1212
f 1886/2547/1886 2118/2920/2118 2119/2921/2119
f 1886/2547/1886 2119/2921/2119 1887/2548/1887
f 1886/2547/1886 614/762/614 2118/2920/2118
f 1886/2547/1886 1890/2551/1890 614/762/614
f 1893/2557/1893 2120/2922/2120 1468/1924/1468
f 1893/2557/1893 1895/2560/1895 2121/2923/2121
f 1893/2557/1893 1468/1924/1468 167/192/167
f 1893/2557/1893 2121/2923/2121 2120/2922/2120
f 2122/2924/2122 2123/2925/2123 2124/2926/2124
f 2122/2927/2122 1946/2928/1946 2125/2929/2125
f 2122/2927/2122 2125/2929/2125 2123/2930/2123
f 2122/2931/2122 1947/2642/1947 1946/2641/1946
f 2122/2931/2122 2124/2932/2124 1947/2642/1947
f 108/2933/108 1351/1770/1351 109/1766/109
f 108/2933/108 1753/2350/1753 1754/2349/1754
f 108/125/108 110/127/110 1753/2346/1753
f 108/2933/108 1754/2349/1754 2126/2934/2126
f 108/2933/108 2126/2934/2126 1351/1770/1351
f 1783/2396/1783 651/812/651 220/261/220
f 1783/2391/1783 1480/1942/1480 1481/1943/1481
f 1783/2391/1783 1481/1943/1481 1784/2392/1784
f 1783/2396/1783 220/261/220 2127/2935/2127
f 1783/2396/1783 2127/2935/2127 1480/2936/1480
f 485/600/485 65/68/65 2128/2937/2128
f 485/600/485 2128/2937/2128 486/601/486
f 485/600/485 66/69/66 65/68/65
f 485/600/485 870/1108/870 66/69/66
f 485/600/485 484/610/484 870/1108/870
f 1297/2238/1297 1298/2938/1298 1802/2428/1802
f 1297/2238/1297 1802/2428/1802 1687/2239/1687
f 1256/1617/1256 1257/1618/1257 1620/2149/1620
f 1256/1617/1256 1620/2149/1620 1949/2644/1949
f 229/272/229 2129/2939/2129 230/273/230
f 229/272/229 2130/2940/2130 2129/2939/2129
f 229/272/229 232/275/232 664/835/664
f 229/272/229 666/837/666 2130/2940/2130
f 2113/2907/2113 1851/2909/1851 1384/1810/1384
f 2113/2907/2113 94/2941/94 97/2942/97
f 2113/2907/2113 97/2942/97 2114/2908/2114
f 2113/2907/2113 1384/1810/1384 94/2941/94
f 1815/2943/1815 2131/2944/2131 1388/2945/1388
f 1815/2946/1815 1388/1816/1388 1387/1815/1387
f 1815/2449/1815 918/1179/918 2131/2947/2131
f 728/2281/728 1711/2280/1711 2132/2948/2132
f 728/2281/728 2132/2948/2132 729/2949/729
f 728/911/728 731/914/731 259/318/259
f 1206/1560/1206 2133/2950/2133 2134/2951/2134
f 1206/2952/1206 2135/2953/2135 267/325/267
f 1206/1560/1206 267/2954/267 1207/1561/1207
f 1206/1560/1206 2134/2951/2134 2135/2955/2135
f 1206/1560/1206 1210/1564/1210 2136/2956/2136
f 1206/1560/1206 2136/2956/2136 2133/2950/2133
f 272/330/272 2137/2957/2137 273/331/273
f 272/330/272 2138/2958/2138 2137/2957/2137
f 272/330/272 546/681/546 2138/2958/2138
f 1219/2502/1219 1221/2959/1221 2139/2960/2139
f 1219/2502/1219 2139/2960/2139 1854/2503/1854
f 1934/2622/1934 1225/1582/1225 1227/1584/1227
f 1934/2622/1934 2140/2961/2140 1724/2301/1724
f 1934/2622/1934 1227/1584/1227 2140/2961/2140
f 1934/2622/1934 1935/2623/1935 1225/1582/1225
f 1727/2309/1727 1729/2308/1729 2084/2962/2084
f 1727/2309/1727 2084/2962/2084 2086/2963/2086
f 1727/2305/1727 2086/2859/2086 2083/2855/2083
f 1727/2305/1727 2083/2855/2083 1728/2306/1728
f 2141/2964/2141 2142/2965/2142 2143/2966/2143
f 2141/2964/2141 2144/2967/2144 2142/2965/2142
f 2141/2964/2141 2143/2966/2143 495/618/495
f 2141/2968/2141 2145/2969/2145 2144/2970/2144
f 2141/2964/2141 495/618/495 2145/2971/2145
f 1039/1336/1039 2146/2972/2146 1462/1917/1462
f 1039/1340/1039 1041/1339/1041 2146/2973/2146
f 1092/1399/1092 1894/2558/1894 166/191/166
f 1092/1399/1092 166/191/166 163/188/163
f 1092/1399/1092 1094/1402/1094 1894/2558/1894
f 1092/1399/1092 163/188/163 1093/1400/1093
f 316/382/316 1099/2974/1099 2147/2975/2147
f 316/2976/316 2148/2977/2148 2046/2790/2046
f 316/382/316 2147/2975/2147 317/383/317
f 316/390/316 321/389/321 2148/2978/2148
f 316/2976/316 2046/2790/2046 1099/1410/1099
f 178/209/178 2149/2979/2149 2150/2980/2150
f 178/209/178 2150/2980/2150 2151/2981/2151
f 178/209/178 1901/2569/1901 179/210/179
f 178/212/178 177/207/177 2149/2982/2149
f 178/209/178 2151/2981/2151 1901/2569/1901
f 1109/2825/1109 1345/1757/1345 914/1759/914
f 1109/1422/1109 914/2983/914 1110/1423/1110
f 337/409/337 2152/2984/2152 338/410/338
f 337/2584/337 1908/2583/1908 2152/2985/2152
f 2153/2986/2153 2154/2987/2154 702/881/702
f 2153/2986/2153 2072/2988/2072 2074/2989/2074
f 2153/2986/2153 2074/2989/2074 2155/2990/2155
f 2153/2986/2153 701/880/701 2072/2988/2072
f 2153/2986/2153 2155/2990/2155 2156/2991/2156
f 2153/2986/2153 2156/2991/2156 2157/2992/2157
f 2153/2986/2153 2157/2992/2157 2154/2987/2154
f 2153/2986/2153 702/881/702 701/880/701
f 994/1765/994 1329/2993/1329 109/1766/109
f 2158/2994/2158 2159/2995/2159 2077/2996/2077
f 2158/2997/2158 1137/1458/1137 1138/1459/1138
f 2158/2994/2158 1138/2998/1138 2160/2999/2160
f 2158/2994/2158 2160/2999/2160 2159/2995/2159
f 2158/2997/2158 2077/2843/2077 1137/1458/1137
f 1648/2184/1648 691/867/691 2161/3000/2161
f 1648/2184/1648 2161/3000/2161 1649/2185/1649
f 1648/2184/1648 692/868/692 691/867/691
f 1140/1461/1140 2162/3001/2162 1655/2191/1655
f 1140/1461/1140 1655/2191/1655 1141/1462/1141
f 1140/1461/1140 1143/1464/1143 2162/3001/2162
f 1762/2364/1762 2163/3002/2163 1423/1868/1423
f 1762/2364/1762 1423/1868/1423 1419/1862/1419
f 1762/2364/1762 1765/2367/1765 2163/3002/2163
f 1813/3003/1813 665/836/665 667/838/667
f 1813/3003/1813 667/838/667 393/3004/393
f 1813/3003/1813 393/3004/393 392/3005/392
f 1813/3003/1813 2164/3006/2164 665/836/665
f 1813/2445/1813 1259/1622/1259 2164/3007/2164
f 2165/3008/2165 967/1250/967 966/1253/966
f 2165/3008/2165 857/1093/857 858/1092/858
f 2165/3009/2165 858/3010/858 2166/3011/2166
f 2165/3008/2165 675/3012/675 967/1250/967
f 2165/3008/2165 966/1253/966 857/1093/857
f 2165/3009/2165 2166/3011/2166 675/846/675
f 1158/1489/1158 1368/1791/1368 1159/1490/1159
f 1158/3013/1158 1162/3014/1162 1365/2210/1365
f 1839/2482/1839 2042/3015/2042 2043/3016/2043
f 1839/2482/1839 2043/3016/2043 2167/3017/2167
f 1839/2482/1839 1845/2491/1845 2168/3018/2168
f 1839/2482/1839 2168/3018/2168 2042/3015/2042
f 1839/2482/1839 2167/3017/2167 1840/2483/1840
f 4/4/4 6/6/6 1302/1690/1302
f 2169/3019/2169 2170/3020/2170 2171/3021/2171
f 2169/3019/2169 2172/3022/2172 2173/3023/2173
f 2169/3019/2169 2174/3024/2174 2170/3020/2170
f 2169/3019/2169 2171/3021/2171 2175/3025/2175
f 2169/3019/2169 2175/3025/2175 2172/3022/2172
f 2169/3019/2169 2173/3023/2173 2174/3024/2174
f 2176/3026/2176 1319/1710/1319 1508/1980/1508
f 2176/3026/2176 2177/3027/2177 1319/1710/1319
f 2176/3026/2176 1859/2513/1859 1858/2512/1858
f 2176/3026/2176 1508/1980/1508 1074/3028/1074
f 2176/3026/2176 1074/3028/1074 1859/2513/1859
f 2176/3026/2176 1858/2512/1858 2177/3027/2177
f 2178/3029/2178 2179/3030/2179 2180/3031/2180
f 2178/3029/2178 2181/3032/2181 2179/3030/2179
f 2178/3029/2178 2180/3031/2180 1865/2519/1865
f 2178/3029/2178 1445/2831/1445 2181/3032/2181
f 2178/3029/2178 1864/2518/1864 1445/2831/1445
f 2178/3029/2178 1865/2519/1865 1864/2518/1864
f 2182/3033/2182 2183/3034/2183 2184/3035/2184
f 2182/3033/2182 2184/3035/2184 301/365/301
f 2182/3033/2182 301/365/301 2185/3036/2185
f 2182/3033/2182 2186/3037/2186 2183/3034/2183
f 2182/3033/2182 2185/3036/2185 2186/3037/2186
f 2187/3038/2187 2188/3039/2188 2189/3040/2189
f 2187/3041/2187 1065/1367/1065 1067/1370/1067
f 2187/3041/2187 2190/3042/2190 1065/1367/1065
f 2187/3043/2187 2191/3044/2191 2190/3045/2190
f 2187/3041/2187 1067/1370/1067 2188/3046/2188
f 2187/3038/2187 2189/3040/2189 2191/3047/2191
f 2192/3048/2192 2037/2773/2037 2193/3049/2193
f 2192/3048/2192 218/259/218 2194/3050/2194
f 2192/3048/2192 2193/3049/2193 218/259/218
f 2192/3048/2192 2194/3050/2194 1334/1738/1334
f 2192/3048/2192 1334/1738/1334 1333/1740/1333
f 2192/3048/2192 1333/1740/1333 2037/2773/2037
f 2195/3051/2195 2196/3052/2196 653/3053/653
f 2195/3054/2195 553/690/553 554/693/554
f 2195/3054/2195 653/3055/653 2197/3056/2197
f 2195/3057/2195 552/689/552 2196/3058/2196
f 2195/3054/2195 2197/3056/2197 553/690/553
f 2195/3057/2195 554/691/554 552/689/552
f 454/3059/454 80/3060/80 455/3061/455
f 562/701/562 567/708/567 1624/2153/1624
f 2198/3062/2198 2199/3063/2199 676/3064/676
f 2198/3065/2198 672/3066/672 2200/3067/2200
f 2198/3068/2198 676/847/676 672/843/672
f 2201/3069/2201 605/749/605 1636/2171/1636
f 2201/3069/2201 2202/3070/2202 2203/3071/2203
f 2201/3069/2201 1635/2170/1635 2204/3072/2204
f 2201/3069/2201 2203/3071/2203 605/749/605
f 2201/3069/2201 2204/3072/2204 2202/3070/2202
f 2201/3069/2201 1636/2171/1636 1635/2170/1635
f 1236/3073/1236 2205/3074/2205 1640/3075/1640
f 1236/1593/1236 110/127/110 112/129/112
f 1236/1593/1236 1640/2175/1640 1237/1594/1237
f 1236/3073/1236 112/3076/112 2205/3074/2205
f 1804/2432/1804 2206/3077/2206 1805/2433/1805
f 1804/2432/1804 2207/3078/2207 1061/3079/1061
f 1804/2432/1804 1061/3079/1061 2208/3080/2208
f 1804/2432/1804 2208/3080/2208 2206/3077/2206
f 1804/2432/1804 1808/2436/1808 2207/3078/2207
f 890/1140/890 2209/3081/2209 1245/2439/1245
f 890/1140/890 532/665/532 15/15/15
f 890/1140/890 1245/2439/1245 532/665/532
f 890/1140/890 892/1142/892 2209/3081/2209
f 1811/2442/1811 1032/1329/1032 1251/1612/1251
f 1811/2442/1811 1251/1612/1251 377/466/377
f 1811/2442/1811 1033/1330/1033 1032/1329/1032
f 971/1255/971 2210/3082/2210 81/97/81
f 971/1255/971 973/1257/973 2210/3082/2210
f 971/1255/971 81/97/81 79/90/79
f 971/1255/971 79/90/79 972/1256/972
f 978/1262/978 1551/3083/1551 2211/3084/2211
f 978/3085/978 2211/3086/2211 1259/1622/1259
f 978/1262/978 710/890/710 1551/3083/1551
f 2212/3087/2212 2213/3088/2213 2214/3089/2214
f 2212/3087/2212 2215/3090/2215 2216/3091/2216
f 2212/3087/2212 2216/3091/2216 2217/3092/2217
f 2212/3087/2212 2218/3093/2218 2215/3090/2215
f 2212/3087/2212 2214/3089/2214 2218/3093/2218
f 2212/3087/2212 2217/3092/2217 2213/3088/2213
f 988/1279/988 2219/3094/2219 1262/3095/1262
f 988/1279/988 2220/3096/2220 2219/3094/2219
f 988/1272/988 1262/3097/1262 989/1273/989
f 988/1279/988 991/1276/991 2220/3096/2220
f 556/695/556 309/374/309 1264/1633/1264
f 556/695/556 310/375/310 309/374/309
f 1267/3098/1267 2221/3099/2221 2222/3100/2222
f 1267/3098/1267 2222/3100/2222 1268/3101/1268
f 1267/1636/1267 1204/1557/1204 924/1189/924
f 1267/3098/1267 510/3102/510 2221/3099/2221
f 1267/1636/1267 924/1189/924 510/3103/510
f 845/1067/845 849/1082/849 1275/1647/1275
f 1002/3104/1002 2223/3105/2223 1003/3106/1003
f 1002/1657/1002 1279/1656/1279 1559/2063/1559
f 1002/1657/1002 1559/2063/1559 2223/3107/2223
f 2224/3108/2224 2225/3109/2225 2226/3110/2226
f 2224/3111/2224 2227/3112/2227 2225/3113/2225
f 2224/3114/2224 2226/3115/2226 2228/3116/2228
f 1532/2018/1532 1961/3117/1961 1533/2019/1533
f 1532/2018/1532 1290/1677/1290 1292/1676/1292
f 1532/2018/1532 2229/3118/2229 1961/3117/1961
f 1532/2018/1532 1292/1676/1292 2229/3118/2229
f 197/233/197 2230/3119/2230 2231/3120/2231
f 197/233/197 2231/3120/2231 1295/1680/1295
f 197/233/197 200/236/200 2230/3119/2230
f 2232/3121/2232 205/247/205 208/246/208
f 2232/3121/2232 2233/3122/2233 205/247/205
f 2232/3121/2232 208/246/208 769/3123/769
f 2232/3121/2232 633/791/633 2233/3122/2233
f 2232/3121/2232 769/3123/769 633/791/633
f 2234/3124/2234 1923/2604/1923 1922/2603/1922
f 2234/3124/2234 2079/2849/2079 1479/3125/1479
f 2234/3124/2234 1922/2603/1922 2235/3126/2235
f 2234/3124/2234 1479/3125/1479 1923/2604/1923
f 2234/3124/2234 2235/3126/2235 2079/2849/2079
f 2236/3127/2236 317/383/317 2237/3128/2237
f 2236/3129/2236 847/3130/847 318/386/318
f 2236/3129/2236 1603/3131/1603 847/3130/847
f 2236/3127/2236 2237/3128/2237 1836/3132/1836
f 2236/3129/2236 318/386/318 317/385/317
f 2236/3133/2236 1836/2478/1836 1603/3134/1603
f 853/1084/853 2238/3135/2238 854/1085/854
f 853/1084/853 856/1087/856 1928/2613/1928
f 853/1084/853 1930/2615/1930 2238/3135/2238
f 1283/3136/1283 1155/1485/1155 615/764/615
f 1283/1664/1283 1284/1663/1284 1156/2799/1156
f 1283/3136/1283 615/764/615 616/3137/616
f 1283/3136/1283 1156/1486/1156 1155/1485/1155
f 860/1096/860 1894/3138/1894 1094/3139/1094
f 860/1096/860 2239/3140/2239 481/595/481
f 860/1096/860 1094/3139/1094 2239/3140/2239
f 860/1096/860 865/1101/865 1894/3138/1894
f 860/1096/860 481/595/481 861/1097/861
f 2240/3141/2240 626/782/626 630/787/630
f 2240/3141/2240 1415/1858/1415 626/782/626
f 2240/3141/2240 867/1110/867 1415/1858/1415
f 2240/3141/2240 1947/2642/1947 2124/2932/2124
f 2240/3141/2240 630/787/630 1947/2642/1947
f 2240/3141/2240 2124/2932/2124 867/1110/867
f 493/614/493 1798/3142/1798 494/615/494
f 493/614/493 1085/3143/1085 2241/3144/2241
f 493/614/493 496/620/496 1085/3143/1085
f 493/614/493 2241/3144/2241 1798/3142/1798
f 875/3145/875 2242/3146/2242 876/3147/876
f 875/1126/875 877/1125/877 2243/3148/2243
f 875/3145/875 2244/3149/2244 2242/3146/2242
f 875/3145/875 2189/3150/2189 2244/3149/2244
f 875/1126/875 2243/3148/2243 2189/3040/2189
f 883/3151/883 885/3152/885 2245/3153/2245
f 883/3151/883 2245/3153/2245 2246/3154/2246
f 883/3151/883 2246/3154/2246 1228/3155/1228
f 883/1133/883 1228/1585/1228 884/1134/884
f 897/3156/897 2247/3157/2247 1094/3139/1094
f 897/1153/897 899/1150/899 2247/3158/2247
f 902/1155/902 2109/2899/2109 903/1156/903
f 902/1155/902 503/628/503 2248/3159/2248
f 902/1155/902 2248/3159/2248 2106/2896/2106
f 260/316/260 908/1164/908 1600/2117/1600
f 260/316/260 1600/2117/1600 2249/3160/2249
f 260/313/260 2249/3161/2249 261/314/261
f 2250/3162/2250 13/3163/13 915/1173/915
f 2250/3162/2250 2251/3164/2251 2252/3165/2252
f 2250/3162/2250 915/1173/915 913/3166/913
f 2250/3162/2250 913/3166/913 2253/3167/2253
f 2250/3162/2250 2252/3165/2252 13/3163/13
f 2250/3162/2250 2253/3167/2253 2251/3164/2251
f 917/3168/917 447/3169/447 680/852/680
f 917/3168/917 2131/2944/2131 918/3170/918
f 917/1182/917 448/556/448 447/555/447
f 917/3168/917 680/852/680 2131/2944/2131
f 917/1182/917 919/1181/919 448/556/448
f 2254/3171/2254 1869/2525/1869 2255/3172/2255
f 2254/3173/2254 537/670/537 2256/3174/2256
f 2254/3173/2254 2255/3175/2255 773/969/773
f 2254/3173/2254 2256/3174/2256 1869/3176/1869
f 2254/3173/2254 773/969/773 537/670/537
f 2076/3177/2076 2257/3178/2257 1217/1574/1217
f 2076/3179/2076 2258/3180/2258 1136/3181/1136
f 2076/3177/2076 1217/1574/1217 2258/3182/2258
f 2076/3177/2076 2077/3183/2077 2257/3178/2257
f 691/867/691 346/427/346 348/426/348
f 691/867/691 348/426/348 2259/3184/2259
f 691/867/691 2259/3184/2259 2161/3000/2161
f 1653/2189/1653 1654/2190/1654 2260/3185/2260
f 1653/2189/1653 2040/2784/2040 1141/1462/1141
f 1653/2189/1653 2260/3185/2260 2040/2784/2040
f 2261/3186/2261 782/3187/782 784/3188/784
f 2261/3189/2261 784/3190/784 1941/2631/1941
f 2261/3186/2261 2018/2748/2018 782/3187/782
f 2261/3186/2261 1941/2632/1941 2018/2748/2018
f 1832/2472/1832 2262/3191/2262 1833/2473/1833
f 1832/2472/1832 1191/1539/1191 2262/3191/2262
f 1098/1408/1098 1099/1410/1099 2046/2790/2046
f 1098/1408/1098 2048/2792/2048 1787/2401/1787
f 2149/2979/2149 1105/1417/1105 2150/2980/2150
f 2149/2982/2149 795/1002/795 1105/3192/1105
f 2149/2982/2149 177/207/177 2263/3193/2263
f 2149/2982/2149 2263/3193/2263 795/1002/795
f 801/1008/801 2264/3194/2264 802/1009/802
f 801/3195/801 1990/3196/1990 2265/3197/2265
f 801/1008/801 2265/3198/2265 2264/3194/2264
f 2266/3199/2266 1992/2710/1992 2267/3200/2267
f 2266/3199/2266 2267/3200/2267 395/490/395
f 2266/3199/2266 395/490/395 396/491/396
f 2266/3199/2266 1993/2711/1993 1992/2710/1992
f 2266/3199/2266 396/491/396 1768/2371/1768
f 2266/3199/2266 1768/2371/1768 1993/2711/1993
f 2268/3201/2268 2269/3202/2269 1568/2075/1568
f 2268/3201/2268 2270/3203/2270 2269/3202/2269
f 2268/3201/2268 1568/2075/1568 1567/2074/1567
f 2268/3201/2268 2271/3204/2271 2270/3203/2270
f 2268/3201/2268 1567/2074/1567 2271/3204/2271
f 818/1039/818 525/656/525 819/3205/819
f 818/1039/818 526/657/526 525/656/525
f 818/1039/818 823/1037/823 526/657/526
f 826/1042/826 1584/2096/1584 1585/2097/1585
f 826/1042/826 1585/2097/1585 827/1043/827
f 2272/3206/2272 2273/3207/2273 2274/3208/2274
f 2272/3206/2272 1862/2516/1862 2275/3209/2275
f 2272/3206/2272 2274/3208/2274 762/951/762
f 2272/3206/2272 762/951/762 1863/2517/1863
f 2272/3206/2272 1863/2517/1863 1862/2516/1862
f 2272/3206/2272 2275/3209/2275 2273/3207/2273
f 2276/3210/2276 2277/3211/2277 2278/3212/2278
f 2276/3210/2276 1916/2594/1916 2277/3211/2277
f 2276/3210/2276 2279/3213/2279 1916/2594/1916
f 2280/3214/2280 2281/3215/2281 2282/3216/2282
f 2280/3217/2280 2283/3218/2283 2284/3219/2284
f 2280/3214/2280 2282/3216/2282 1352/1769/1352
f 2280/3217/2280 2284/3219/2284 2281/3220/2281
f 2280/3214/2280 1352/1769/1352 2285/3221/2285
f 2280/3217/2280 2285/3222/2285 2283/3218/2283
f 1004/1296/1004 1005/1297/1005 2286/3223/2286
f 1004/1296/1004 2286/3223/2286 1994/2715/1994
f 41/44/41 1008/1300/1008 2287/3224/2287
f 1012/3225/1012 2288/3226/2288 2289/3227/2289
f 1012/3225/1012 2290/3228/2290 2288/3226/2288
f 1012/3229/1012 780/980/780 2290/3230/2290
f 1012/1305/1012 2289/3231/2289 429/534/429
f 1012/1308/1012 1011/1303/1011 780/3232/780
f 2291/3233/2291 1017/1312/1017 432/537/432
f 2291/3233/2291 2044/2788/2044 1017/1312/1017
f 2291/3233/2291 2292/3234/2292 2167/3235/2167
f 2291/3233/2291 2167/3235/2167 2044/2788/2044
f 2291/3233/2291 432/537/432 2292/3234/2292
f 2293/3236/2293 1149/1476/1149 1151/1475/1151
f 2293/3236/2293 2148/2978/2148 321/389/321
f 2293/3236/2293 320/388/320 1898/2565/1898
f 2293/3236/2293 1898/2565/1898 1149/1476/1149
f 2293/3236/2293 321/389/321 320/388/320
f 2293/3236/2293 1151/1475/1151 2148/2978/2148
f 1154/3237/1154 2294/3238/2294 2295/3239/2295
f 1154/3240/1154 2052/3241/2052 2294/3242/2294
f 1154/3243/1154 1156/3244/1156 2052/3245/2052
f 1154/3246/1154 2295/3247/2295 295/356/295
f 1032/1329/1032 2054/2801/2054 1251/1612/1251
f 1032/1329/1032 1037/1334/1037 2054/2801/2054
f 2296/3248/2296 2297/3249/2297 2298/3250/2298
f 2296/3251/2296 458/3252/458 2008/2735/2008
f 2296/3248/2296 2298/3250/2298 458/569/458
f 2296/3251/2296 1393/1821/1393 2297/3253/2297
f 2296/3251/2296 2008/2735/2008 1393/1821/1393
f 1046/1346/1046 1048/1348/1048 1397/1825/1397
f 1046/1346/1046 2009/2736/2009 2299/3254/2299
f 1046/1346/1046 2299/3254/2299 1047/1347/1047
f 265/1831/265 1663/2199/1663 2117/3255/2117
f 265/323/265 2117/3256/2117 266/324/266
f 1060/3257/1060 1241/3258/1241 2208/3259/2208
f 1060/1361/1060 2208/3260/2208 1061/1362/1061
f 2300/3261/2300 1854/2505/1854 2301/3262/2301
f 2300/3261/2300 2302/3263/2302 1855/2506/1855
f 2300/3261/2300 2303/3264/2303 2302/3263/2302
f 2300/3261/2300 1855/2506/1855 1854/2505/1854
f 2300/3261/2300 2301/3262/2301 2303/3264/2303
f 2304/3265/2304 2305/3266/2305 2037/2778/2037
f 2304/3265/2304 2037/2778/2037 2038/2777/2038
f 2304/3265/2304 1071/1375/1071 2305/3266/2305
f 2304/3265/2304 2038/2777/2038 1072/1376/1072
f 2304/3265/2304 1072/1376/1072 1071/1375/1071
f 2306/3267/2306 2307/3268/2307 2308/3269/2308
f 2306/3267/2306 488/604/488 2307/3268/2307
f 2306/3267/2306 2309/3270/2309 488/604/488
f 2306/3267/2306 2308/3269/2308 1120/1435/1120
f 2306/3267/2306 2310/3271/2310 2309/3270/2309
f 2306/3267/2306 1120/1435/1120 2310/3271/2310
f 1867/2521/1867 2028/3272/2028 2311/3273/2311
f 1867/2521/1867 2312/3274/2312 2028/3272/2028
f 1867/2521/1867 1868/2522/1868 2312/3274/2312
f 1867/2521/1867 2311/3273/2311 1084/1388/1084
f 2313/3275/2313 2314/3276/2314 2315/3277/2315
f 2313/3278/2313 2316/3279/2316 2314/3280/2314
f 2313/3275/2313 216/255/216 654/817/654
f 2313/3278/2313 2196/3058/2196 552/689/552
f 2313/3275/2313 2315/3277/2315 216/255/216
f 2313/3278/2313 552/689/552 2316/3279/2316
f 2313/3275/2313 654/817/654 2196/3281/2196
f 2317/3282/2317 169/201/169 172/200/172
f 2317/3283/2317 847/1070/847 850/1075/850
f 2317/3282/2317 172/200/172 319/387/319
f 2317/3282/2317 319/387/319 318/386/318
f 2317/3282/2317 318/386/318 847/3130/847
f 2317/3282/2317 850/3284/850 169/201/169
f 147/172/147 2318/3285/2318 148/173/148
f 147/3286/147 740/923/740 937/1212/937
f 147/3286/147 150/925/150 740/923/740
f 147/172/147 937/3287/937 2318/3285/2318
f 2066/3288/2066 1111/1424/1111 333/3289/333
f 2066/3290/2066 333/3291/333 331/3292/331
f 1998/2720/1998 2319/3293/2319 2320/3294/2320
f 1998/2720/1998 944/1221/944 2321/3295/2321
f 1998/2720/1998 2320/3294/2320 1999/2721/1999
f 1998/2720/1998 2321/3295/2321 2319/3293/2319
f 122/142/122 2001/2724/2001 1810/2441/1810
f 122/142/122 126/146/126 2322/3296/2322
f 122/142/122 1810/2441/1810 123/143/123
f 122/142/122 2322/3296/2322 2001/2724/2001
f 1668/2204/1668 1447/1899/1447 2323/3297/2323
f 1668/2208/1668 1669/2207/1669 2324/3298/2324
f 1668/2204/1668 2324/3299/2324 1447/1899/1447
f 1668/2204/1668 2323/3297/2323 1366/2205/1366
f 1958/2662/1958 2325/3300/2325 539/672/539
f 1958/2662/1958 2326/3301/2326 2325/3300/2325
f 1958/2662/1958 539/672/539 538/671/538
f 1958/2665/1958 1959/2664/1959 2326/3302/2326
f 1173/3303/1173 1961/3117/1961 2229/3118/2229
f 1173/3303/1173 2229/3118/2229 1174/3304/1174
f 1173/3305/1173 815/3306/815 1962/3307/1962
f 1173/3303/1173 1962/3308/1962 1961/3117/1961
f 2327/3309/2327 2328/3310/2328 1969/3311/1969
f 2327/3309/2327 2329/3312/2329 2330/3313/2330
f 2327/3309/2327 2330/3313/2330 2331/3314/2331
f 2327/3309/2327 1969/3311/1969 1968/3315/1968
f 2327/3309/2327 1968/3315/1968 2329/3312/2329
f 2327/3309/2327 2331/3314/2331 2328/3310/2328
f 1972/2679/1972 2332/3316/2332 2333/3317/2333
f 1972/2679/1972 1975/2682/1975 2334/3318/2334
f 1972/2679/1972 2333/3317/2333 1973/2680/1973
f 1972/2679/1972 1315/1704/1315 2332/3316/2332
f 1972/2679/1972 2334/3318/2334 1315/1704/1315
f 1548/2047/1548 2146/2972/2146 2297/3319/2297
f 1548/2043/1548 2297/3253/2297 1735/2316/1735
f 1548/2043/1548 975/1259/975 1549/2044/1549
f 1548/2047/1548 1462/1917/1462 2146/2972/2146
f 1548/2043/1548 1735/2316/1735 975/1259/975
f 1992/2710/1992 1268/1639/1268 2335/3320/2335
f 1992/2710/1992 2335/3320/2335 2336/3321/2336
f 1992/2710/1992 2336/3321/2336 2267/3200/2267
f 983/1267/983 570/712/570 1473/1932/1473
f 100/114/100 1202/1555/1202 101/115/101
f 507/634/507 2061/2812/2061 1562/2067/1562
f 507/637/507 508/636/508 1424/1870/1424
f 507/637/507 1424/1870/1424 2061/2814/2061
f 1737/3322/1737 2337/3323/2337 2063/3324/2063
f 1737/2320/1737 2062/2816/2062 513/643/513
f 1737/3322/1737 516/3325/516 2337/3323/2337
f 1737/2320/1737 2063/2817/2063 2062/2816/2062
f 2338/3326/2338 2339/3327/2339 2340/3328/2340
f 2338/3326/2338 1435/3329/1435 2339/3327/2339
f 2338/3326/2338 2340/3328/2340 96/3330/96
f 2338/3326/2338 95/3331/95 98/3332/98
f 2338/3326/2338 98/3332/98 1435/3329/1435
f 2338/3326/2338 96/3330/96 95/3331/95
f 2341/3333/2341 2206/3077/2206 2320/3334/2320
f 2341/3333/2341 2342/3335/2342 2206/3077/2206
f 2341/3333/2341 1321/3336/1321 530/663/530
f 2341/3333/2341 529/662/529 2342/3335/2342
f 2341/3337/2341 2320/3294/2320 1321/1977/1321
f 2341/3333/2341 530/663/530 529/662/529
f 2273/3338/2273 2343/3339/2343 1588/2100/1588
f 2273/3338/2273 1588/2100/1588 2344/3340/2344
f 2273/3338/2273 2344/3340/2344 2274/3341/2274
f 2273/3338/2273 2275/3342/2275 2343/3339/2343
f 1447/1899/1447 2324/3299/2324 1448/1900/1448
f 1447/1899/1447 2075/2838/2075 2323/3297/2323
f 2345/3343/2345 2346/3344/2346 187/2415/187
f 2345/3343/2345 1043/3345/1043 1044/3346/1044
f 2345/3347/2345 186/221/186 2347/3348/2347
f 2345/3343/2345 2347/3349/2347 1043/3345/1043
f 2345/3347/2345 187/222/187 186/221/186
f 2345/3343/2345 1044/3346/1044 2346/3344/2346
f 2348/3350/2348 1996/2718/1996 1745/2332/1745
f 2348/3350/2348 1745/2332/1745 1747/2334/1747
f 2348/3350/2348 1747/2334/1747 2349/3351/2349
f 2348/3350/2348 2350/3352/2350 1996/2718/1996
f 2348/3350/2348 2349/3351/2349 2350/3352/2350
f 1625/2154/1625 2351/3353/2351 1771/2375/1771
f 1625/2154/1625 1624/2153/1624 2351/3353/2351
f 1625/2154/1625 1771/2375/1771 1769/2373/1769
f 1625/2154/1625 1769/2373/1769 1626/2155/1626
f 1986/3354/1986 6/6/6 3/3/3
f 1986/3354/1986 1988/3355/1988 6/6/6
f 574/718/574 1778/2386/1778 575/719/575
f 574/718/574 577/721/577 1779/2387/1779
f 574/718/574 1779/2387/1779 1778/2386/1778
f 1327/3356/1327 2352/3357/2352 2353/3358/2353
f 1327/1730/1327 2353/3359/2353 412/509/412
f 1327/3360/1327 2032/2768/2032 2352/3361/2352
f 1327/3360/1327 2035/2771/2035 2032/2768/2032
f 1327/1730/1327 1329/1732/1329 2035/3362/2035
f 885/3152/885 2354/3363/2354 2355/3364/2355
f 885/3152/885 2355/3364/2355 2245/3153/2245
f 885/3152/885 887/3365/887 2354/3363/2354
f 1246/3366/1246 2356/3367/2356 421/3368/421
f 1246/3366/1246 1247/3369/1247 2356/3367/2356
f 1246/1607/1246 374/3370/374 124/144/124
f 1246/1607/1246 421/3371/421 374/3370/374
f 2357/3372/2357 2104/2894/2104 2358/3373/2358
f 2357/3372/2357 1695/3374/1695 2104/2894/2104
f 2357/3372/2357 1696/3375/1696 1695/3374/1695
f 2357/3372/2357 2359/3376/2359 1696/3375/1696
f 2357/3377/2357 2360/3378/2360 2359/3379/2359
f 2357/3372/2357 2358/3373/2358 2360/3380/2360
f 1512/1987/1512 660/827/660 2361/3381/2361
f 1512/1987/1512 2361/3381/2361 2362/3382/2362
f 1512/1986/1512 2362/3383/2362 434/539/434
f 1022/2903/1022 2111/2902/2111 1023/1478/1023
f 1022/1317/1022 1025/1320/1025 2110/2900/2110
f 1851/2499/1851 1852/2500/1852 1386/3384/1386
f 1851/2909/1851 1386/1814/1386 1384/1810/1384
f 2115/3385/2115 1034/1331/1034 2363/3386/2363
f 2115/3385/2115 451/560/451 1034/1331/1034
f 2115/2912/2115 2363/3387/2363 812/3388/812
f 2115/2912/2115 812/3388/812 2116/2913/2116
f 456/567/456 1041/1339/1041 1042/1341/1042
f 456/567/456 1042/1341/1042 457/568/457
f 456/567/456 458/569/458 2298/3250/2298
f 456/567/456 2298/3250/2298 1041/1339/1041
f 2364/3389/2364 959/1238/959 2365/3390/2365
f 2364/3389/2364 462/573/462 959/1238/959
f 2364/3391/2364 2366/3392/2366 2367/3393/2367
f 2364/3391/2364 2368/3394/2368 2366/3392/2366
f 2364/3391/2364 2367/3393/2367 462/577/462
f 2364/3389/2364 2365/3390/2365 2368/3395/2368
f 2369/3396/2369 1055/1355/1055 1150/1473/1150
f 2369/3396/2369 471/585/471 472/586/472
f 2369/3396/2369 1150/1473/1150 851/1078/851
f 2369/3396/2369 472/586/472 1055/1355/1055
f 2369/3396/2369 851/1078/851 471/585/471
f 2370/3397/2370 1061/1362/1061 2371/3398/2371
f 2370/3397/2370 1062/1363/1062 1061/1362/1061
f 2370/3397/2370 2371/3398/2371 2372/3399/2372
f 2370/3397/2370 2372/3399/2372 1062/1363/1062
f 31/34/31 1332/1735/1332 32/35/32
f 132/155/132 1729/3400/1729 2100/2890/2100
f 132/155/132 2100/2890/2100 43/46/43
f 132/155/132 43/46/43 42/45/42
f 132/155/132 134/160/134 1729/3400/1729
f 764/956/764 1689/2241/1689 765/957/765
f 2373/3401/2373 2326/3402/2326 1959/3403/1959
f 2373/3401/2373 1870/2524/1870 684/857/684
f 2373/3401/2373 1959/3403/1959 773/3404/773
f 2373/3401/2373 2255/3172/2255 1870/2524/1870
f 2373/3401/2373 684/857/684 2326/3402/2326
f 2373/3401/2373 773/3404/773 2255/3172/2255
f 2374/3405/2374 687/3406/687 688/3407/688
f 2374/3405/2374 688/3407/688 2375/3408/2375
f 2328/3310/2328 2376/3409/2376 2377/3410/2377
f 2328/3411/2328 2377/3412/2377 2378/3413/2378
f 2328/3411/2328 2378/3413/2378 1969/2676/1969
f 2328/3310/2328 2331/3314/2331 2376/3409/2376
f 2154/2987/2154 1974/3414/1974 2379/3415/2379
f 2154/2987/2154 1459/1914/1459 702/881/702
f 2154/2987/2154 2379/3415/2379 1459/1914/1459
f 2154/2987/2154 2157/2992/2157 1974/3414/1974
f 2380/3416/2380 2381/3417/2381 2382/3418/2382
f 2380/3419/2380 2383/3420/2383 1891/2553/1891
f 2380/3419/2380 1891/2553/1891 1464/1919/1464
f 2380/3416/2380 2382/3418/2382 2383/3421/2383
f 2380/3419/2380 1977/2684/1977 2381/3422/2381
f 2380/3419/2380 1464/1919/1464 1977/2684/1977
f 1980/2690/1980 2384/3423/2384 706/886/706
f 1980/2690/1980 706/886/706 1981/2691/1981
f 1980/2690/1980 619/769/619 2384/3423/2384
f 1980/2690/1980 622/775/622 619/769/619
f 714/894/714 2385/3424/2385 715/895/715
f 714/898/714 716/897/716 1987/2700/1987
f 714/898/714 1987/2700/1987 2385/3425/2385
f 1104/1416/1104 102/117/102 724/907/724
f 1104/1416/1104 103/118/103 102/117/102
f 1104/1416/1104 2386/3426/2386 103/118/103
f 1104/1416/1104 1106/1419/1106 2386/3426/2386
f 2047/2791/2047 2111/3427/2111 2112/3428/2112
f 2047/2791/2047 441/549/441 443/551/443
f 2047/2791/2047 2049/2793/2049 2111/3427/2111
f 2047/2791/2047 443/551/443 2048/2792/2048
f 2047/2791/2047 2112/3428/2112 441/549/441
f 2387/3429/2387 143/3430/143 145/2544/145
f 2387/3431/2387 1883/3432/1883 2388/3433/2388
f 2387/3429/2387 145/2544/145 1883/2543/1883
f 2247/3434/2247 1161/1492/1161 1431/1880/1431
f 2247/3157/2247 2239/3140/2239 1094/3139/1094
f 2247/3434/2247 899/1493/899 1161/1492/1161
f 2247/3157/2247 1431/3435/1431 2239/3140/2239
f 2389/3436/2389 1434/1883/1434 1438/1889/1438
f 2389/3437/2389 1682/2229/1682 2390/3438/2390
f 2389/3436/2389 2390/3439/2390 1434/1883/1434
f 2391/3440/2391 2392/3441/2392 2393/3442/2393
f 2391/3440/2391 1643/2179/1643 755/942/755
f 2391/3440/2391 341/419/341 342/418/342
f 2391/3440/2391 342/418/342 1643/2179/1643
f 2391/3440/2391 752/939/752 2392/3441/2392
f 2391/3440/2391 755/942/755 752/939/752
f 2391/3440/2391 2393/3442/2393 341/419/341
f 2394/3443/2394 2395/3444/2395 1910/2586/1910
f 2394/3443/2394 2161/3000/2161 2259/3184/2259
f 2394/3443/2394 2396/3445/2396 2397/3446/2397
f 2394/3443/2394 1910/2586/1910 2396/3445/2396
f 2394/3443/2394 2397/3446/2397 2161/3000/2161
f 2394/3443/2394 2259/3184/2259 2395/3444/2395
f 1913/2591/1913 49/52/49 51/54/51
f 1913/3447/1913 2398/3448/2398 2399/3449/2399
f 1913/2591/1913 51/54/51 1502/3450/1502
f 1913/2591/1913 1502/3450/1502 2398/3451/2398
f 1913/2591/1913 2399/3452/2399 1914/2592/1914
f 155/180/155 583/727/583 156/181/156
f 588/732/588 593/737/593 2400/3453/2400
f 588/3454/588 2400/3455/2400 1050/1350/1050
f 588/3454/588 1050/1350/1050 589/3456/589
f 1306/3457/1306 1663/2199/1663 1602/3458/1602
f 1306/3457/1306 2117/3255/2117 1663/2199/1663
f 603/747/603 607/751/607 1407/1842/1407
f 603/747/603 1406/1841/1406 604/748/604
f 603/747/603 1407/1842/1407 1406/1841/1406
f 2401/3459/2401 2082/2852/2082 2175/3460/2175
f 2401/3461/2401 2171/3462/2171 2402/3463/2402
f 2401/3464/2401 1728/2306/1728 2083/2855/2083
f 2401/3465/2401 2175/3025/2175 2171/3021/2171
f 2401/3464/2401 2402/3466/2402 1728/2306/1728
f 2401/3464/2401 2083/2855/2083 2082/2854/2082
f 2403/3467/2403 2305/3468/2305 2021/2754/2021
f 2403/3467/2403 2021/2754/2021 314/380/314
f 2403/3467/2403 2193/3469/2193 2305/3468/2305
f 2403/3467/2403 314/380/314 2193/3469/2193
f 2307/3268/2307 1965/2672/1965 2308/3269/2308
f 2307/3268/2307 488/604/488 1966/2673/1966
f 2307/3268/2307 1966/2673/1966 1965/2672/1965
f 2026/2762/2026 2183/3034/2183 2186/3037/2186
f 2026/2762/2026 2028/2764/2028 2312/3470/2312
f 2026/2762/2026 2312/3470/2312 2183/3034/2183
f 2026/2762/2026 2186/3037/2186 2027/2763/2027
f 2404/3471/2404 878/1131/878 206/242/206
f 2404/3471/2404 206/242/206 113/3472/113
f 2404/3473/2404 111/3474/111 2405/3475/2405
f 2404/3473/2404 113/3476/113 111/3474/111
f 2404/3473/2404 2405/3475/2405 878/1127/878
f 646/805/646 1003/3106/1003 2406/3477/2406
f 646/805/646 2407/3478/2407 2408/3479/2408
f 646/805/646 2408/3479/2408 647/806/647
f 646/805/646 2406/3477/2406 2407/3478/2407
f 646/805/646 649/810/649 1003/3106/1003
f 2388/3433/2388 2409/3480/2409 2410/3481/2410
f 2388/3433/2388 1940/2629/1940 2409/3480/2409
f 2388/3433/2388 1883/3432/1883 1940/2629/1940
f 2064/2819/2064 2411/3482/2411 2412/3483/2412
f 2064/2819/2064 1368/1791/1368 1370/1795/1370
f 2064/2819/2064 1370/1795/1370 2411/3482/2411
f 2064/2819/2064 2065/2821/2065 1368/1791/1368
f 2064/2819/2064 2412/3483/2412 1571/2820/1571
f 2413/3484/2413 2414/3485/2414 2415/3486/2415
f 2413/3484/2413 2107/3487/2107 2414/3485/2414
f 2413/3484/2413 2415/3486/2415 1374/3488/1374
f 2413/3484/2413 1374/3488/1374 2108/3489/2108
f 2413/3484/2413 2108/3489/2108 2107/3487/2107
f 2351/3353/2351 1767/2370/1767 1771/2375/1771
f 2351/3353/2351 1269/1640/1269 1767/2370/1767
f 2351/3353/2351 1624/2153/1624 1270/1641/1270
f 2351/3353/2351 1270/1641/1270 1269/1640/1269
f 967/1250/967 674/3490/674 968/1251/968
f 967/1250/967 675/3012/675 674/3490/674
f 2416/3491/2416 2283/3218/2283 2285/3222/2285
f 2416/3492/2416 1351/1770/1351 2126/2934/2126
f 2416/3491/2416 1000/1292/1000 2283/3218/2283
f 2416/3492/2416 2126/2934/2126 1000/3493/1000
f 2416/3491/2416 2285/3222/2285 1351/3494/1351
f 1871/2526/1871 365/450/365 855/1086/855
f 1871/2526/1871 855/1086/855 2160/2999/2160
f 1871/2526/1871 2417/3495/2417 364/449/364
f 1871/2526/1871 2160/2999/2160 2417/3495/2417
f 947/1224/947 2418/3496/2418 1872/2527/1872
f 947/1224/947 2419/3497/2419 2418/3496/2418
f 947/1224/947 949/1227/949 2419/3497/2419
f 128/150/128 1759/2531/1759 2420/3498/2420
f 128/150/128 2420/3498/2420 129/151/129
f 1147/1469/1147 1763/2365/1763 1875/2533/1875
f 1147/1469/1147 1146/1468/1146 1763/2365/1763
f 1147/3499/1147 1658/2194/1658 2421/3500/2421
f 1147/1469/1147 1875/2533/1875 1658/3501/1658
f 1147/3499/1147 2421/3500/2421 1148/3502/1148
f 2422/3503/2422 1514/3504/1514 1833/2473/1833
f 2422/3503/2422 2423/3505/2423 2424/3506/2424
f 2422/3503/2422 2424/3506/2424 1515/1996/1515
f 2422/3503/2422 1515/1996/1515 1514/3504/1514
f 2422/3503/2422 1833/2473/1833 2423/3505/2423
f 1027/1322/1027 2425/3507/2425 1629/3508/1629
f 1027/1326/1027 1029/1325/1029 2426/3509/2426
f 1027/1326/1027 2426/3509/2426 2425/3510/2425
f 1027/1322/1027 1629/3508/1629 1028/1323/1028
f 1160/1491/1160 2427/3511/2427 1429/1878/1429
f 1160/1491/1160 1159/1490/1159 2427/3511/2427
f 2428/3512/2428 499/3513/499 1950/2646/1950
f 2428/3512/2428 2429/3514/2429 2430/3515/2430
f 2428/3512/2428 2430/3515/2430 499/3513/499
f 2431/3516/2431 2432/3517/2432 2336/3321/2336
f 2431/3518/2431 2335/3519/2335 2222/3100/2222
f 2431/3516/2431 2336/3321/2336 2335/3320/2335
f 2431/3518/2431 2222/3100/2222 1470/1927/1470
f 2431/3518/2431 1467/1922/1467 2432/3520/2432
f 2431/3518/2431 1470/1927/1470 1467/1922/1467
f 2433/3521/2433 2434/3522/2434 1677/2220/1677
f 2433/3521/2433 2270/3523/2270 2434/3522/2434
f 2433/3521/2433 174/3524/174 2270/3523/2270
f 2433/3521/2433 1677/2220/1677 174/3524/174
f 418/519/418 276/335/276 2435/3525/2435
f 418/3526/418 2436/3527/2436 419/3528/419
f 418/3526/418 2435/3529/2435 2436/3527/2436
f 1698/2255/1698 1699/2256/1699 2347/3348/2347
f 1698/2255/1698 2437/3530/2437 1282/1660/1282
f 1698/2255/1698 186/221/186 185/220/185
f 1698/2255/1698 185/220/185 2437/3530/2437
f 1698/2255/1698 2347/3348/2347 186/221/186
f 191/3531/191 1289/1670/1289 2438/3532/2438
f 191/227/191 2438/3533/2438 1114/2417/1114
f 191/3531/191 193/1671/193 1289/1670/1289
f 624/779/624 627/785/627 198/234/198
f 624/779/624 962/1241/962 625/780/625
f 624/779/624 198/234/198 196/232/196
f 2031/2767/2031 2033/2769/2033 2439/3534/2439
f 2031/2767/2031 2439/3534/2439 2094/2875/2094
f 1711/2280/1711 1712/2282/1712 2440/3535/2440
f 1711/2280/1711 2440/3535/2440 1705/2269/1705
f 1711/2280/1711 1705/2269/1705 2132/2948/2132
f 2441/3536/2441 2442/3537/2442 2443/3538/2443
f 2441/3536/2441 2444/3539/2444 2136/3540/2136
f 2441/3541/2441 1210/1564/1210 2442/3542/2442
f 2441/3541/2441 2136/2956/2136 1210/1564/1210
f 2441/3536/2441 2443/3538/2443 2444/3539/2444
f 2445/3543/2445 2446/3544/2446 2363/3387/2363
f 2445/3545/2445 1534/2021/1534 2446/3546/2446
f 2445/3543/2445 1034/3547/1034 1035/3548/1035
f 2445/3545/2445 1035/3549/1035 1534/2021/1534
f 2445/3543/2445 2363/3387/2363 1034/3547/1034
f 2170/3020/2170 2174/3024/2174 1436/3550/1436
f 2170/3551/2170 1630/2159/1630 2447/3552/2447
f 2170/3551/2170 1436/2160/1436 1630/2159/1630
f 2170/3551/2170 2447/3552/2447 2171/3462/2171
f 1856/2509/1856 38/41/38 2448/3553/2448
f 1856/2509/1856 2448/3553/2448 1857/2510/1857
f 1856/2509/1856 1493/1959/1493 38/41/38
f 2449/3554/2449 2450/3555/2450 2451/3556/2451
f 351/436/351 780/3232/780 1011/1303/1011
f 351/436/351 1337/1745/1337 354/437/354
f 351/436/351 1011/1303/1011 1337/1745/1337
f 53/56/53 1504/1973/1504 54/57/54
f 65/68/65 1179/1518/1179 2128/2937/2128
f 2452/3557/2452 2453/3558/2453 2359/3379/2359
f 2452/3557/2452 2454/3559/2454 1511/1985/1511
f 2452/3557/2452 2455/3560/2455 2456/3561/2456
f 2452/3557/2452 2359/3379/2359 2454/3559/2454
f 2452/3557/2452 2456/3561/2456 71/77/71
f 2452/3557/2452 71/77/71 2453/3558/2453
f 2452/3557/2452 1511/1985/1511 2455/3560/2455
f 1699/2256/1699 2457/3562/2457 2458/3563/2458
f 1699/2256/1699 2459/3564/2459 2347/3348/2347
f 1699/2256/1699 1700/2257/1700 2457/3562/2457
f 1699/2256/1699 2458/3563/2458 2459/3564/2459
f 85/99/85 89/103/89 1343/1754/1343
f 85/99/85 1343/1754/1343 86/100/86
f 522/652/522 524/654/524 2460/3565/2460
f 522/652/522 1195/1545/1195 523/653/523
f 522/652/522 1196/1546/1196 1195/1545/1195
f 522/652/522 2460/3565/2460 1196/1546/1196
f 102/117/102 104/119/104 722/905/722
f 215/254/215 220/261/220 651/812/651
f 215/254/215 654/817/654 216/255/216
f 317/383/317 2147/2975/2147 2237/3128/2237
f 2461/3566/2461 325/394/325 326/395/326
f 2461/3566/2461 326/395/326 2092/2873/2092
f 2461/3566/2461 1358/1777/1358 325/394/325
f 2461/3566/2461 177/207/177 1358/1777/1358
f 2461/3566/2461 2092/2873/2092 2263/3193/2263
f 2461/3566/2461 2263/3193/2263 177/207/177
f 332/402/332 334/405/334 1486/1951/1486
f 1683/2233/1683 1454/1909/1454 1115/3567/1115
f 1683/2233/1683 2462/3568/2462 543/676/543
f 1683/2233/1683 1115/3567/1115 2463/3569/2463
f 1683/2233/1683 2463/3569/2463 2462/3568/2462
f 1685/2235/1685 1119/1434/1119 1121/1437/1121
f 1685/2235/1685 1118/1433/1118 1911/3570/1911
f 1685/2235/1685 345/977/345 777/976/777
f 1685/2235/1685 1121/1437/1121 1118/1433/1118
f 1685/3571/1685 1911/2587/1911 345/422/345
f 745/929/745 749/935/749 1131/3572/1131
f 745/929/745 1131/3572/1131 637/795/637
f 745/929/745 636/794/636 746/930/746
f 745/929/745 637/795/637 636/794/636
f 2464/3573/2464 2465/3574/2465 827/3575/827
f 2464/3576/2464 827/1043/827 1585/2097/1585
f 2464/3573/2464 1644/2180/1644 2465/3574/2465
f 2464/3573/2464 1583/3577/1583 1646/2182/1646
f 2464/3576/2464 1585/2097/1585 1583/2095/1583
f 2464/3573/2464 1646/2182/1646 1644/2180/1644
f 2466/3578/2466 371/458/371 2467/3579/2467
f 2466/3578/2466 2468/3580/2468 1873/2528/1873
f 2466/3578/2466 2467/3579/2467 2469/3581/2469
f 2466/3578/2466 1872/2527/1872 2470/3582/2470
f 2466/3578/2466 1873/2528/1873 1872/2527/1872
f 2466/3578/2466 2470/3582/2470 371/458/371
f 2466/3578/2466 2469/3581/2469 2468/3580/2468
f 590/3583/590 2471/3584/2471 591/2846/591
f 590/734/590 589/733/589 380/3585/380
f 590/3583/590 380/473/380 2471/3584/2471
f 2472/3586/2472 386/3587/386 389/3588/389
f 2472/3589/2472 389/3590/389 2473/3591/2473
f 2472/3589/2472 2473/3591/2473 435/3592/435
f 2472/3593/2472 434/539/434 2362/3383/2362
f 2472/3593/2472 435/540/435 434/539/434
f 2472/3594/2472 2362/3382/2362 386/478/386
f 391/3595/391 977/1261/977 392/2447/392
f 391/486/391 395/490/395 2474/3596/2474
f 391/3595/391 2474/3597/2474 977/1261/977
f 1774/2541/1774 1939/2628/1939 1882/2542/1882
f 2475/3598/2475 936/1207/936 935/1206/935
f 2475/3598/2475 935/1206/935 1575/3599/1575
f 2475/3598/2475 1575/3599/1575 406/3600/406
f 2475/3598/2475 406/3600/406 936/1207/936
f 1816/2450/1816 2281/3220/2281 1817/2451/1817
f 1816/2454/1816 1819/2453/1819 2281/3215/2281
f 1615/2142/1615 478/592/478 2476/3601/2476
f 1615/2142/1615 2477/3602/2477 1820/2455/1820
f 1615/2142/1615 2478/3603/2478 2477/3602/2477
f 1615/2142/1615 2476/3601/2476 2478/3603/2478
f 2479/3604/2479 2480/3605/2480 1825/2463/1825
f 2479/3604/2479 1824/2462/1824 2481/3606/2481
f 2479/3604/2479 2481/3606/2481 2480/3605/2480
f 2479/3604/2479 1825/2463/1825 1824/2462/1824
f 1827/2466/1827 1747/2341/1747 1828/2467/1828
f 1827/2466/1827 2349/3607/2349 1747/2341/1747
f 1827/2466/1827 1829/2468/1829 2349/3607/2349
f 80/3060/80 83/3608/83 455/3061/455
f 231/3609/231 2482/3610/2482 1381/3611/1381
f 231/3609/231 708/888/708 2482/3610/2482
f 231/3609/231 2483/3612/2483 708/888/708
f 231/274/231 1381/1807/1381 232/275/232
f 231/3613/231 234/278/234 2483/3614/2483
f 1383/1809/1383 92/3615/92 94/2941/94
f 1383/3616/1383 1385/3617/1385 2484/3618/2484
f 1383/1809/1383 94/2941/94 1384/1810/1384
f 1383/1809/1383 2484/3619/2484 92/3615/92
f 605/749/605 2203/3071/2203 606/750/606
f 605/749/605 604/748/604 1636/2171/1636
f 2485/3620/2485 2486/3621/2486 500/3622/500
f 2485/3620/2485 2487/3623/2487 2488/3624/2488
f 2485/3620/2485 500/3622/500 2430/3625/2430
f 2485/3620/2485 2489/3626/2489 2486/3621/2486
f 2485/3620/2485 2429/3627/2429 2487/3623/2487
f 2485/3620/2485 2430/3625/2430 2429/3627/2429
f 2485/3620/2485 2488/3624/2488 2489/3626/2489
f 1398/1827/1398 593/737/593 1922/2603/1922
f 1398/1827/1398 2400/3453/2400 593/737/593
f 1400/3628/1400 1604/2121/1604 2490/3629/2490
f 1400/1833/1400 2490/3630/2490 2491/3631/2491
f 1400/3628/1400 1307/1695/1307 1604/2121/1604
f 1400/1833/1400 2491/3631/2491 1053/1353/1053
f 1400/3628/1400 1308/1696/1308 1307/1695/1307
f 244/292/244 1402/1836/1402 1389/1817/1389
f 244/292/244 2492/3632/2492 1402/1836/1402
f 244/292/244 247/297/247 2492/3632/2492
f 2242/3633/2242 2493/3634/2493 640/3635/640
f 2242/3146/2242 2244/3149/2244 1505/3636/1505
f 2242/3146/2242 1505/3636/1505 2493/3637/2493
f 2242/3638/2242 640/798/640 876/1123/876
f 2245/3153/2245 1806/2434/1806 2494/3639/2494
f 2245/3153/2245 2494/3639/2494 2246/3154/2246
f 2245/3153/2245 2355/3364/2355 1806/2434/1806
f 1155/1485/1155 1153/1482/1153 2495/3640/2495
f 1155/1485/1155 703/883/703 615/764/615
f 1155/1485/1155 2495/3640/2495 703/883/703
f 1231/1588/1231 2496/3641/2496 1868/2522/1868
f 1231/1588/1231 1732/2313/1732 2496/3641/2496
f 2228/3116/2228 2226/3115/2226 2497/3642/2497
f 1719/2289/1719 1049/1349/1049 1720/2290/1720
f 1719/2289/1719 1812/2444/1812 1049/1349/1049
f 1514/3504/1514 1517/3643/1517 1833/2473/1833
f 1707/2272/1707 1483/1948/1483 2498/3644/2498
f 1707/2272/1707 2499/3645/2499 721/904/721
f 1707/2272/1707 2151/2981/2151 2499/3645/2499
f 1707/2272/1707 2498/3644/2498 2151/2981/2151
f 1312/1700/1312 1314/1702/1314 28/30/28
f 1312/1700/1312 1410/1848/1410 1313/1701/1313
f 1069/3646/1069 1507/1979/1507 1908/3647/1908
f 1069/3646/1069 1508/1980/1508 1507/1979/1507
f 1069/3646/1069 1074/3028/1074 1508/1980/1508
f 420/525/420 1861/2515/1861 2180/3031/2180
f 420/525/420 2180/3031/2180 370/456/370
f 420/525/420 422/527/422 1861/2515/1861
f 871/1116/871 48/1115/48 2500/3648/2500
f 871/1112/871 2500/3649/2500 2311/3273/2311
f 871/1112/871 2311/3273/2311 872/1113/872
f 877/1125/877 1133/1452/1133 2243/3148/2243
f 877/1125/877 880/1129/880 2034/2770/2034
f 877/1125/877 2034/2770/2034 1133/1452/1133
f 2501/3650/2501 1225/1582/1225 1935/2623/1935
f 2501/3650/2501 2407/3478/2407 2502/3651/2502
f 2501/3650/2501 884/1134/884 1225/1582/1225
f 2501/3650/2501 2502/3651/2502 888/1138/888
f 2501/3650/2501 1935/2623/1935 2407/3478/2407
f 2501/3650/2501 888/1138/888 884/1134/884
f 1572/2079/1572 1760/2361/1760 1573/2080/1573
f 1572/2079/1572 651/814/651 1757/3652/1757
f 1572/2079/1572 1574/2081/1574 651/814/651
f 2414/3485/2414 2107/3487/2107 661/833/661
f 2414/3485/2414 661/833/661 662/832/662
f 2414/3485/2414 1710/2276/1710 2415/3486/2415
f 2414/3485/2414 662/832/662 1710/2276/1710
f 665/836/665 2164/3006/2164 2503/3653/2503
f 665/836/665 2503/3653/2503 666/837/666
f 671/3654/671 673/3655/673 893/1143/893
f 671/3654/671 893/1143/893 14/14/14
f 671/3656/671 2252/3165/2252 672/3657/672
f 671/3654/671 14/14/14 2252/3658/2252
f 447/3169/447 452/853/452 680/852/680
f 1905/2576/1905 2497/3659/2497 1906/2577/1906
f 2504/3660/2504 625/1244/625 2330/3313/2330
f 2504/3661/2504 2329/3662/2329 1179/1518/1179
f 2504/3661/2504 1178/1517/1178 628/788/628
f 2504/3660/2504 2330/3313/2330 2329/3312/2329
f 2504/3660/2504 628/3663/628 625/1244/625
f 2504/3661/2504 1179/1518/1179 1178/1517/1178
f 1973/3664/1973 2333/3665/2333 2505/3666/2505
f 1973/3664/1973 2379/3415/2379 1974/3414/1974
f 1973/3664/1973 2505/3666/2505 2379/3415/2379
f 1185/1527/1185 1549/2044/1549 975/1259/975
f 1185/1527/1185 975/1259/975 972/1256/972
f 1185/1527/1185 1550/3667/1550 1549/2044/1549
f 1185/3668/1185 1184/1525/1184 1550/2686/1550
f 979/1263/979 977/1261/977 2474/3597/2474
f 979/1263/979 1981/2691/1981 706/886/706
f 979/1263/979 2474/3597/2474 1981/2691/1981
f 2385/3424/2385 2506/3669/2506 715/895/715
f 576/720/576 1791/2409/1791 577/721/577
f 803/1010/803 1422/1866/1422 1765/3670/1765
f 803/1010/803 802/1009/802 1422/1866/1422
f 803/1010/803 1765/3670/1765 804/1011/804
f 1268/3101/1268 2222/3100/2222 2335/3519/2335
f 1427/1876/1427 2507/3671/2507 1714/3672/1714
f 1427/1876/1427 737/920/737 2507/3671/2507
f 149/3673/149 2477/3674/2477 743/927/743
f 149/174/149 153/178/153 2477/3675/2477
f 149/3673/149 743/927/743 150/925/150
f 221/263/221 747/932/747 1126/3676/1126
f 221/263/221 1126/3676/1126 222/264/222
f 2508/3677/2508 1440/1892/1440 1242/1601/1242
f 2508/3677/2508 1755/2353/1755 1441/1893/1441
f 2508/3677/2508 1242/1601/1242 118/136/118
f 2508/3677/2508 1441/1893/1441 1440/1892/1440
f 2508/3677/2508 118/136/118 1755/2353/1755
f 1587/2099/1587 2344/3340/2344 1588/2100/1588
f 1587/2099/1587 2001/2724/2001 2344/3340/2344
f 2509/3678/2509 2144/2970/2144 2145/2969/2145
f 2509/3678/2509 2278/3212/2278 2277/3211/2277
f 2509/3678/2509 2145/2969/2145 2278/3212/2278
f 2509/3678/2509 2277/3211/2277 1915/2593/1915
f 2509/3678/2509 1915/2593/1915 2144/2970/2144
f 2094/2877/2094 1328/1731/1328 414/514/414
f 2094/2877/2094 2510/3679/2510 1328/1731/1328
f 2094/2875/2094 2439/3534/2439 2510/3680/2510
f 2511/3681/2511 2354/3363/2354 2512/3682/2512
f 2511/3681/2511 1807/2435/1807 2355/3364/2355
f 2511/3681/2511 2512/3682/2512 2513/3683/2513
f 2511/3681/2511 2513/3683/2513 1808/2436/1808
f 2511/3681/2511 2355/3364/2355 2354/3363/2354
f 2511/3681/2511 1808/2436/1808 1807/2435/1807
f 293/354/293 891/1717/891 2514/3684/2514
f 293/354/293 2514/3684/2514 1153/2129/1153
f 2103/2893/2103 898/1149/898 2358/3373/2358
f 2103/2893/2103 1162/3014/1162 898/1149/898
f 2103/2893/2103 1671/2213/1671 1670/2211/1670
f 2103/2893/2103 1670/2211/1670 1162/3014/1162
f 2103/2893/2103 2358/3373/2358 2104/2894/2104
f 903/1158/903 1376/1802/1376 1377/1803/1377
f 903/1156/903 2109/2899/2109 1376/3685/1376
f 903/1158/903 1377/1803/1377 904/1159/904
f 1193/1542/1193 2515/3686/2515 1519/1999/1519
f 1193/1542/1193 1197/1548/1197 2515/3686/2515
f 2131/2944/2131 680/852/680 681/854/681
f 2131/2944/2131 681/854/681 1388/2945/1388
f 1622/2151/1622 1621/2150/1621 2488/3624/2488
f 1341/1750/1341 2314/3280/2314 2516/3687/2516
f 1341/3688/1341 1342/3689/1342 2314/3276/2314
f 1341/1750/1341 2516/3687/2516 86/100/86
f 1208/1567/1208 1207/1566/1207 266/324/266
f 1208/1567/1208 266/324/266 2117/3256/2117
f 365/450/365 2492/3632/2492 247/297/247
f 365/450/365 367/453/367 2492/3632/2492
f 2172/3690/2172 212/251/212 211/250/211
f 2172/3690/2172 2517/3691/2517 212/251/212
f 2172/3690/2172 2175/3460/2175 2517/3691/2517
f 2172/3022/2172 211/3692/211 2173/3023/2173
f 2305/3468/2305 1071/2755/1071 2021/2754/2021
f 2305/3266/2305 2193/3693/2193 2037/2778/2037
f 2518/3694/2518 2519/3695/2519 2480/3605/2480
f 2518/3694/2518 2480/3605/2480 2481/3606/2481
f 2518/3694/2518 2123/3696/2123 2519/3695/2519
f 2518/3694/2518 2520/3697/2520 2123/3696/2123
f 2518/3694/2518 2481/3606/2481 2520/3697/2520
f 494/615/494 1798/3142/1798 2521/3698/2521
f 2057/2806/2057 1659/2195/1659 2522/3699/2522
f 2057/2806/2057 1660/2196/1660 1659/2195/1659
f 2057/2806/2057 2522/3699/2522 2058/2807/2058
f 524/654/524 1617/2145/1617 2460/3565/2460
f 2523/3700/2523 1363/1784/1363 1362/1783/1362
f 2523/3700/2523 2524/3701/2524 1665/2201/1665
f 2523/3700/2523 1665/2201/1665 1363/1784/1363
f 1571/2078/1571 652/815/652 1574/2081/1574
f 1571/2078/1571 2412/3702/2412 652/815/652
f 1345/1757/1345 2067/2824/2067 1346/1758/1346
f 2152/3703/2152 2068/2827/2068 828/1044/828
f 2152/2984/2152 828/3704/828 338/410/338
f 2152/2985/2152 1908/2583/1908 2068/3705/2068
f 1078/1382/1078 832/1048/832 1079/1383/1079
f 1078/2249/1078 1693/2248/1693 832/3706/832
f 2072/2834/2072 701/3707/701 2073/2835/2073
f 536/669/536 2325/3300/2325 2256/3174/2256
f 536/669/536 539/672/539 2325/3300/2325
f 536/669/536 2256/3174/2256 537/670/537
f 544/677/544 2525/3708/2525 1216/3709/1216
f 544/677/544 543/676/543 2525/3708/2525
f 544/3710/544 1216/1573/1216 545/680/545
f 775/972/775 1457/1912/1457 2378/3413/2378
f 775/972/775 2377/3412/2377 776/973/776
f 775/972/775 2378/3413/2378 2377/3412/2377
f 549/685/549 699/878/699 550/686/550
f 549/685/549 553/690/553 2526/3711/2526
f 549/685/549 2526/3711/2526 699/878/699
f 559/698/559 308/3712/308 310/375/310
f 559/3713/559 783/985/783 308/372/308
f 2087/2863/2087 2527/3714/2527 564/704/564
f 2087/2863/2087 2528/3715/2528 2121/3716/2121
f 2087/2863/2087 2088/2866/2088 2528/3715/2528
f 2087/2863/2087 2121/3716/2121 2527/3714/2527
f 2529/3717/2529 2530/3718/2530 2531/3719/2531
f 2529/3717/2529 1472/1930/1472 2530/3718/2530
f 1556/2060/1556 326/395/326 328/397/328
f 2281/3220/2281 1818/2452/1818 1817/2451/1817
f 2281/3215/2281 2532/3720/2532 2282/3216/2282
f 2281/3220/2281 2284/3219/2284 1818/2452/1818
f 2281/3215/2281 1819/2453/1819 2532/3720/2532
f 2533/3721/2533 2477/3722/2477 1994/2715/1994
f 2533/3721/2533 1820/2456/1820 2477/3722/2477
f 2533/3721/2533 1332/1735/1332 1820/2456/1820
f 2533/3721/2533 1994/2715/1994 2286/3223/2286
f 2533/3721/2533 2286/3223/2286 1332/1735/1332
f 1822/2458/1822 68/72/68 66/74/66
f 1822/2458/1822 66/74/66 870/3723/870
f 1822/2458/1822 870/3723/870 1823/2459/1823
f 1013/1742/1013 1180/1522/1180 1335/1743/1335
f 1013/1307/1013 425/530/425 1697/2254/1697
f 1013/3724/1013 1697/3725/1697 1180/1519/1180
f 2534/3726/2534 2535/3727/2535 1830/2470/1830
f 2534/3726/2534 1830/2470/1830 459/570/459
f 2534/3726/2534 459/570/459 457/568/457
f 2534/3726/2534 457/568/457 2459/3728/2459
f 2534/3726/2534 2459/3728/2459 2458/3729/2458
f 2534/3726/2534 2458/3729/2458 2535/3727/2535
f 2536/3730/2536 1379/3731/1379 2537/3732/2537
f 2536/3730/2536 1626/3733/1626 1379/3731/1379
f 2536/3730/2536 2538/3734/2538 2539/3735/2539
f 2536/3730/2536 2537/3732/2537 2538/3734/2538
f 2536/3730/2536 786/993/786 1626/3733/1626
f 2536/3730/2536 2539/3735/2539 786/993/786
f 2540/3736/2540 1712/3737/1712 2541/3738/2541
f 2540/3736/2540 1553/2056/1553 1554/2055/1554
f 2540/3739/2540 2440/3535/2440 1712/2282/1712
f 2540/3736/2540 2542/3740/2542 1553/2056/1553
f 2540/3736/2540 2541/3738/2541 2542/3740/2542
f 2540/3739/2540 1554/2058/1554 1706/2271/1706
f 2540/3739/2540 1706/2271/1706 2440/3535/2440
f 1837/2480/1837 2014/2742/2014 2543/3741/2543
f 1837/2480/1837 2544/3742/2544 1634/2169/1634
f 1837/2480/1837 2543/3741/2543 2544/3742/2544
f 1837/2480/1837 474/588/474 1240/1598/1240
f 1837/2480/1837 1240/1598/1240 2014/2742/2014
f 385/477/385 2545/3743/2545 1299/1684/1299
f 385/477/385 387/479/387 2545/3743/2545
f 1846/2494/1846 1847/2495/1847 1304/3744/1304
f 1846/3745/1846 1304/1692/1304 1303/1691/1303
f 1846/3745/1846 1303/1691/1303 2546/3746/2546
f 1846/3745/1846 2546/3746/2546 713/3747/713
f 2133/3748/2133 2444/3539/2444 2134/3749/2134
f 2133/3748/2133 2136/3540/2136 2444/3539/2444
f 280/3750/280 2302/3751/2302 2303/3752/2303
f 280/3750/280 2303/3752/2303 2301/3753/2301
f 280/3750/280 283/3754/283 2302/3751/2302
f 1319/1710/1319 2177/3027/2177 1320/1711/1320
f 2343/3755/2343 2547/3756/2547 1589/2104/1589
f 2343/3339/2343 1589/2101/1589 1588/2100/1588
f 2343/3755/2343 2548/3757/2548 2547/3756/2547
f 2343/3758/2343 2275/3209/2275 2548/3759/2548
f 2496/3760/2496 2183/3034/2183 2312/3470/2312
f 2496/3760/2496 2184/3035/2184 2183/3034/2183
f 2496/3641/2496 1732/2313/1732 2184/3761/2184
f 2496/3641/2496 2312/3274/2312 1868/2522/1868
f 2314/3280/2314 2316/3279/2316 2516/3687/2516
f 2314/3276/2314 1342/3689/1342 2315/3277/2315
f 169/194/169 1566/2071/1566 170/195/170
f 169/194/169 850/2226/850 1680/2223/1680
f 169/194/169 1680/2223/1680 1566/2071/1566
f 2318/3285/2318 2549/3762/2549 1780/2388/1780
f 2318/3285/2318 1780/2388/1780 1789/2407/1789
f 2318/3285/2318 1789/2407/1789 148/173/148
f 2318/3285/2318 937/3287/937 2549/3762/2549
f 1282/1660/1282 2051/2795/2051 1284/1663/1284
f 1282/1660/1282 2437/3530/2437 2051/2795/2051
f 1189/1533/1189 1834/2475/1834 1190/1534/1190
f 1539/2028/1539 1794/2419/1794 1540/2029/1540
f 1539/2028/1539 1743/2330/1743 1794/2419/1794
f 1539/2028/1539 1538/2027/1538 1743/2330/1743
f 204/240/204 207/243/207 639/797/639
f 1800/2425/1800 2550/3763/2550 1801/2426/1801
f 1800/2425/1800 2551/3764/2551 2550/3763/2550
f 1800/2430/1800 636/794/636 635/793/635
f 1800/2425/1800 635/3765/635 2551/3764/2551
f 1800/2430/1800 746/930/746 636/794/636
f 2206/3077/2206 2342/3335/2342 2552/3766/2552
f 2206/3077/2206 1999/3767/1999 2320/3334/2320
f 2206/3077/2206 2552/3766/2552 1805/2433/1805
f 2206/3768/2206 2208/3259/2208 1999/3769/1999
f 2418/3496/2418 2419/3497/2419 127/3770/127
f 2418/3496/2418 2470/3582/2470 1872/2527/1872
f 2418/3496/2418 372/459/372 2470/3582/2470
f 2418/3496/2418 127/3770/127 373/460/373
f 2418/3496/2418 373/460/373 372/459/372
f 2162/3001/2162 2471/3584/2471 379/472/379
f 2162/3001/2162 2553/3771/2553 1655/2191/1655
f 2162/3001/2162 378/3772/378 2553/3771/2553
f 2162/3001/2162 379/472/379 378/3772/378
f 2162/3001/2162 1143/1464/1143 2471/3584/2471
f 386/478/386 2362/3382/2362 387/479/387
f 401/498/401 400/497/400 1814/2448/1814
f 405/502/405 1261/3773/1261 406/503/406
f 405/502/405 404/501/404 2554/3774/2554
f 405/502/405 2554/3774/2554 1261/3773/1261
f 1918/2596/1918 1372/1798/1372 1375/1801/1375
f 1918/2596/1918 2486/3621/2486 2489/3626/2489
f 1918/2596/1918 1375/1801/1375 1919/2597/1919
f 1918/2596/1918 1621/2150/1621 1372/1798/1372
f 1918/2596/1918 1596/2600/1596 2486/3621/2486
f 1918/2596/1918 2489/3626/2489 1621/2150/1621
f 592/736/592 2079/2849/2079 2235/3126/2235
f 592/736/592 2235/3126/2235 593/737/593
f 2238/3135/2238 1930/2615/1930 1931/2617/1931
f 2238/3135/2238 2555/3775/2555 854/1085/854
f 2238/3135/2238 1931/2617/1931 2556/3776/2556
f 2238/3135/2238 2556/3776/2556 2555/3775/2555
f 1360/3777/1360 2557/3778/2557 1361/3779/1361
f 1943/2636/1943 1325/1726/1325 952/3780/952
f 1943/3781/1943 2324/3298/2324 1669/2207/1669
f 1943/3781/1943 952/1230/952 950/1228/950
f 1943/3781/1943 950/1228/950 2324/3298/2324
f 55/58/55 54/57/54 1064/1365/1064
f 312/378/312 1673/2216/1673 960/1239/960
f 312/378/312 2558/3782/2558 1673/2216/1673
f 312/378/312 960/1239/960 313/379/313
f 312/378/312 314/380/314 2558/3782/2558
f 1177/1516/1177 629/786/629 1178/1517/1178
f 74/3783/74 2061/2812/2061 75/2811/75
f 74/3783/74 1562/2067/1562 2061/2812/2061
f 74/3783/74 2456/3784/2456 1562/2067/1562
f 74/81/74 71/77/71 2456/3561/2456
f 2210/3785/2210 156/267/156 2559/3786/2559
f 2210/3082/2210 973/1257/973 157/182/157
f 2210/3785/2210 2559/3786/2559 81/93/81
f 2210/3082/2210 157/182/157 156/181/156
f 909/2649/909 87/101/87 90/104/90
f 92/106/92 1435/3787/1435 93/107/93
f 92/106/92 2484/3788/2484 1435/3787/1435
f 2202/3070/2202 1200/3789/1200 2560/3790/2560
f 2202/3070/2202 2204/3072/2204 2561/3791/2561
f 2202/3070/2202 2561/3791/2561 1200/3789/1200
f 2202/3070/2202 2560/3790/2560 2203/3071/2203
f 1869/2525/1869 1870/2524/1870 2255/3172/2255
f 1869/2523/1869 2256/3792/2256 1752/2344/1752
f 364/2177/364 1642/2178/1642 366/3793/366
f 364/2177/364 2417/3794/2417 753/940/753
f 2562/3795/2562 2411/3482/2411 1370/1795/1370
f 2562/3796/2562 2563/3797/2563 2411/3798/2411
f 2562/3796/2562 2564/3799/2564 2526/3711/2526
f 2562/3796/2562 1369/1793/1369 2564/3799/2564
f 2562/3796/2562 1370/1794/1370 1369/1793/1369
f 2562/3796/2562 2526/3711/2526 2563/3797/2563
f 1418/1861/1418 2565/3800/2565 1875/2533/1875
f 1418/1861/1418 1421/1869/1421 2565/3800/2565
f 2566/3801/2566 2567/3802/2567 2011/2738/2011
f 2566/3801/2566 601/745/601 598/742/598
f 2566/3803/2566 2568/3804/2568 2569/3805/2569
f 2566/3803/2566 2569/3805/2569 2567/3806/2567
f 2566/3801/2566 2011/2738/2011 601/745/601
f 2566/3803/2566 598/3807/598 2568/3804/2568
f 2570/3808/2570 858/1094/858 2495/3640/2495
f 2570/3808/2570 2514/3809/2514 2571/3810/2571
f 2570/3808/2570 2571/3810/2571 2166/3811/2166
f 2570/3808/2570 2495/3640/2495 2514/3809/2514
f 2570/3808/2570 2166/3811/2166 858/1094/858
f 741/924/741 2427/3511/2427 1884/2545/1884
f 741/924/741 742/926/742 1429/1878/1429
f 741/924/741 1429/1878/1429 2427/3511/2427
f 1087/1391/1087 213/3812/213 2572/3813/2572
f 1087/1391/1087 2572/3813/2572 1088/1392/1088
f 1897/2563/1897 172/200/172 173/202/173
f 1897/2563/1897 319/387/319 172/200/172
f 1897/2563/1897 320/388/320 319/387/319
f 1897/2563/1897 1898/2565/1898 320/388/320
f 2573/3814/2573 1484/1949/1484 1902/2570/1902
f 2573/3814/2573 1901/2569/1901 2498/3644/2498
f 2573/3814/2573 1902/2570/1902 1901/2569/1901
f 2573/3814/2573 2498/3644/2498 1485/1950/1485
f 2573/3814/2573 1485/1950/1485 1484/1949/1484
f 820/1033/820 2225/3109/2225 821/1034/821
f 820/1033/820 1906/2581/1906 2225/3109/2225
f 192/228/192 190/226/190 1944/2639/1944
f 192/228/192 1175/1508/1175 2574/3815/2574
f 192/228/192 1944/2639/1944 1175/1508/1175
f 192/228/192 2574/3815/2574 193/229/193
f 1080/1384/1080 1079/1383/1079 2575/3816/2575
f 1080/1384/1080 2575/3816/2575 1910/2586/1910
f 205/247/205 2233/3122/2233 2205/3074/2205
f 205/247/205 2205/3074/2205 206/3817/206
f 683/856/683 685/858/685 1238/1595/1238
f 1642/2178/1642 1645/2181/1645 2098/3818/2098
f 1642/3819/1642 2098/2882/2098 366/2352/366
f 1649/2185/1649 2161/3000/2161 2576/3820/2576
f 1654/2190/1654 1249/3821/1249 1250/3822/1250
f 1654/2190/1654 1655/2191/1655 2553/3771/2553
f 1654/2190/1654 2553/3771/2553 1249/3821/1249
f 1654/2190/1654 1250/3822/1250 2260/3185/2260
f 1657/2193/1657 1662/2198/1662 435/3592/435
f 1657/2193/1657 2473/3591/2473 2421/3500/2421
f 1657/2193/1657 435/3592/435 2473/3591/2473
f 1657/2193/1657 2421/3500/2421 1658/2194/1658
f 2423/3505/2423 1833/2473/1833 2577/3823/2577
f 2423/3505/2423 2577/3823/2577 2578/3824/2578
f 2423/3505/2423 2578/3824/2578 2424/3506/2424
f 2579/3825/2579 2580/3826/2580 1814/2448/1814
f 2579/3827/2579 399/494/399 2581/3828/2581
f 2579/3827/2579 400/495/400 399/494/399
f 2579/3825/2579 1814/2448/1814 400/497/400
f 407/504/407 2582/3829/2582 2583/3830/2583
f 407/504/407 1575/2083/1575 2582/3829/2582
f 407/504/407 2583/3830/2583 408/505/408
f 407/504/407 406/503/406 1575/2083/1575
f 2081/2851/2081 2517/3691/2517 2082/2852/2082
f 2081/2851/2081 2584/3831/2584 2585/3832/2585
f 2081/2851/2081 2585/3832/2585 2517/3691/2517
f 2081/3833/2081 2085/3834/2085 2584/3835/2584
f 862/1098/862 864/1100/864 1342/1752/1342
f 862/1755/862 1343/1754/1343 2586/3836/2586
f 862/1098/862 2586/3837/2586 863/1099/863
f 1678/2564/1678 1149/1476/1149 1898/2565/1898
f 1678/2225/1678 850/1081/850 851/1080/851
f 1678/3838/1678 851/1078/851 1149/1472/1149
f 323/392/323 325/394/325 1358/1777/1358
f 323/392/323 1358/1777/1358 1355/1779/1355
f 323/3839/323 2587/3840/2587 324/3841/324
f 323/3839/323 2588/3842/2588 2587/3840/2587
f 323/3839/323 1355/1773/1355 2588/3842/2588
f 1681/2232/1681 2589/3843/2589 2590/3844/2590
f 1681/2232/1681 1528/2231/1528 2589/3843/2589
f 1681/2232/1681 2590/3844/2590 2390/3845/2390
f 1681/2228/1681 2390/3438/2390 1682/2229/1682
f 1454/3846/1454 190/226/190 1115/2418/1115
f 1454/1909/1454 1456/1911/1456 2591/3847/2591
f 1454/3846/1454 2591/3848/2591 190/226/190
f 2395/3444/2395 348/426/348 345/422/345
f 2395/3444/2395 345/422/345 1911/2587/1911
f 2395/3444/2395 2259/3184/2259 348/426/348
f 2395/3444/2395 1911/2587/1911 1910/2586/1910
f 2592/3849/2592 2278/3850/2278 2145/3851/2145
f 2592/3849/2592 492/613/492 1416/1859/1416
f 2592/3849/2592 2145/3851/2145 492/613/492
f 1593/2108/1593 2545/3743/2545 1594/2109/1594
f 1593/2108/1593 1299/1684/1299 2545/3743/2545
f 1593/2108/1593 250/301/250 1299/1684/1299
f 1593/2108/1593 254/305/254 250/301/250
f 2593/3852/2593 2333/3853/2333 2594/3854/2594
f 2593/3852/2593 2594/3854/2594 2595/3855/2595
f 2593/3856/2593 2249/3160/2249 1599/2116/1599
f 2593/3856/2593 2505/3857/2505 2333/3858/2333
f 2593/3856/2593 1599/2116/1599 2505/3857/2505
f 2593/3859/2593 2595/3860/2595 2249/3161/2249
f 2596/3861/2596 2135/3862/2135 2134/3749/2134
f 2596/3861/2596 2444/3539/2444 2443/3538/2443
f 2596/3861/2596 2134/3749/2134 2444/3539/2444
f 2596/3861/2596 1309/3863/1309 268/3864/268
f 2596/3861/2596 2443/3538/2443 1309/3863/1309
f 2596/3861/2596 268/3864/268 2135/3862/2135
f 2446/3546/2446 1534/2021/1534 1963/2670/1963
f 2446/3544/2446 1963/3865/1963 814/3866/814
f 2446/3544/2446 813/3867/813 2363/3387/2363
f 2446/3544/2446 814/3866/814 813/3867/813
f 2174/3024/2174 1439/3868/1439 1436/3550/1436
f 2174/3024/2174 2173/3023/2173 1439/3868/1439
f 2597/3869/2597 286/347/286 1322/1715/1322
f 2597/3870/2597 2140/2961/2140 290/2128/290
f 2597/3869/2597 290/351/290 286/347/286
f 2597/3870/2597 2598/3871/2598 2140/2961/2140
f 2597/3870/2597 1322/3872/1322 2598/3871/2598
f 2599/3873/2599 2209/3874/2209 1323/1719/1323
f 2599/3873/2599 2356/3367/2356 1247/3369/1247
f 2599/3873/2599 1247/3369/1247 2209/3874/2209
f 2599/3873/2599 1323/1719/1323 2600/3875/2600
f 2599/3873/2599 2600/3875/2600 2356/3367/2356
f 426/3876/426 1608/3877/1608 2105/2895/2105
f 426/531/426 428/533/428 1608/2132/1608
f 426/3876/426 2105/2895/2105 1695/3374/1695
f 1887/2548/1887 2346/3344/2346 1888/2549/1888
f 1887/2548/1887 2601/3878/2601 2346/3344/2346
f 1887/2548/1887 2119/2921/2119 2601/3878/2601
f 477/591/477 2239/3140/2239 1431/3435/1431
f 477/591/477 1430/3879/1430 2476/3601/2476
f 477/591/477 2476/3601/2476 478/592/478
f 477/591/477 1431/3435/1431 1430/3879/1430
f 477/591/477 481/595/481 2239/3140/2239
f 2519/3695/2519 2123/3696/2123 2125/3880/2125
f 2519/3695/2519 2125/3880/2125 2602/3881/2602
f 2519/3695/2519 2602/3881/2602 1825/2463/1825
f 2519/3695/2519 1825/2463/1825 2480/3605/2480
f 1996/2718/1996 1721/2295/1721 2603/3882/2603
f 1996/2718/1996 2350/3352/2350 1578/2086/1578
f 1996/2718/1996 2603/3882/2603 1745/2332/1745
f 1372/1798/1372 1621/2150/1621 1373/1799/1373
f 1702/3883/1702 1203/1556/1203 566/3884/566
f 1702/2259/1702 89/103/89 88/102/88
f 1702/3883/1702 88/3885/88 922/1186/922
f 1702/3883/1702 922/1186/922 1203/1556/1203
f 968/1251/968 674/3490/674 2604/3886/2604
f 1635/2170/1635 2544/3742/2544 2204/3072/2204
f 1635/2170/1635 1634/2169/1634 2544/3742/2544
f 162/2317/162 2605/3887/2605 163/3888/163
f 162/2317/162 1736/2319/1736 2605/3887/2605
f 2337/3323/2337 1100/1411/1100 1102/1413/1102
f 2337/3323/2337 1102/1413/1102 2063/3324/2063
f 2337/3323/2337 516/3325/516 1100/1411/1100
f 723/906/723 2150/2980/2150 1105/1417/1105
f 723/906/723 2499/3645/2499 2150/2980/2150
f 723/906/723 1105/1417/1105 724/907/724
f 723/906/723 721/904/721 2499/3645/2499
f 1520/2580/1520 819/1032/819 2606/3889/2606
f 1520/2004/1520 1521/2003/1521 2607/3890/2607
f 1520/2001/1520 2606/3891/2606 1194/1550/1194
f 1520/2004/1520 2607/3890/2607 1907/2579/1907
f 1742/2329/1742 2608/3892/2608 2365/3390/2365
f 1742/2329/1742 2020/2753/2020 2022/2758/2022
f 1742/2329/1742 1674/2217/1674 2020/2753/2020
f 1742/2329/1742 2022/2758/2022 2608/3892/2608
f 1742/2329/1742 2365/3390/2365 959/1238/959
f 2230/3893/2230 1119/1434/1119 1686/2236/1686
f 2230/3893/2230 2310/3271/2310 1119/1434/1119
f 2230/3893/2230 1686/2236/1686 2231/3894/2231
f 2230/3893/2230 200/3895/200 2310/3271/2310
f 747/3896/747 748/3897/748 1298/1683/1298
f 747/3896/747 1298/1683/1298 1127/1443/1127
f 747/3896/747 1127/1443/1127 1126/1442/1126
f 2207/3078/2207 2513/3683/2513 2371/3898/2371
f 2207/3078/2207 2371/3898/2371 1061/3079/1061
f 2207/3078/2207 1808/2436/1808 2513/3683/2513
f 558/697/558 2609/3899/2609 560/699/560
f 667/838/667 2610/3900/2610 393/3004/393
f 667/838/667 669/840/669 2610/3900/2610
f 2213/3901/2213 791/998/791 2611/3902/2611
f 2213/3901/2213 2217/3903/2217 791/998/791
f 1777/2385/1777 575/719/575 1778/2386/1778
f 1777/2385/1777 579/723/579 578/722/578
f 1777/3904/1777 2219/3094/2219 579/3905/579
f 1777/2385/1777 578/722/578 575/719/575
f 1777/2385/1777 1781/2389/1781 2612/3906/2612
f 1777/3904/1777 2612/3907/2612 2219/3094/2219
f 2613/3908/2613 1164/3909/1164 1168/3910/1168
f 2613/3908/2613 2614/3911/2614 1164/3909/1164
f 2613/3908/2613 1168/3910/1168 2353/3358/2353
f 2613/3908/2613 2352/3357/2352 2095/3912/2095
f 2613/3908/2613 2353/3358/2353 2352/3357/2352
f 2613/3908/2613 2095/3912/2095 2614/3911/2614
f 1690/2242/1690 1456/3913/1456 417/518/417
f 1690/2242/1690 2591/3848/2591 1456/3913/1456
f 1690/2242/1690 1944/2639/1944 2591/3848/2591
f 2128/2937/2128 487/608/487 486/601/486
f 2128/3914/2128 2329/3312/2329 1968/3315/1968
f 2128/3915/2128 1968/2675/1968 487/603/487
f 2128/2937/2128 1179/1518/1179 2329/3662/2329
f 2453/3558/2453 1696/3916/1696 2359/3379/2359
f 2453/3558/2453 1181/1520/1181 1697/3725/1697
f 2453/3558/2453 71/77/71 1181/1520/1181
f 2453/3558/2453 1697/3725/1697 1696/3916/1696
f 1976/2688/1976 2535/3727/2535 2457/3917/2457
f 1976/2688/1976 2381/3918/2381 1977/3919/1977
f 1976/2688/1976 2457/3917/2457 2381/3918/2381
f 1976/2688/1976 1978/2687/1978 2535/3727/2535
f 1190/1534/1190 1834/2475/1834 2615/3920/2615
f 1190/1534/1190 438/3921/438 437/1535/437
f 1190/1534/1190 2615/3920/2615 438/3921/438
f 236/3922/236 239/1547/239 1198/1551/1198
f 236/3923/236 1198/1549/1198 1704/2270/1704
f 2014/2742/2014 2015/2743/2015 2616/3924/2616
f 2014/2742/2014 2616/3924/2616 2543/3741/2543
f 2042/2786/2042 1709/2278/1709 1018/1313/1018
f 2042/3015/2042 2168/3018/2168 1709/2275/1709
f 2042/2786/2042 1018/1313/1018 1016/1311/1016
f 1712/3925/1712 1713/3926/1713 2541/3927/2541
f 1534/2021/1534 1035/3549/1035 1036/3928/1036
f 1534/2021/1534 1533/2024/1533 1963/2670/1963
f 1534/2021/1534 1036/3928/1036 1535/2022/1535
f 2617/3929/2617 1132/1449/1132 641/799/641
f 2617/3929/2617 641/799/641 642/800/642
f 2617/3929/2617 2190/3045/2190 2191/3044/2191
f 2617/3929/2617 2191/3044/2191 1132/1449/1132
f 2617/3929/2617 642/800/642 2190/3045/2190
f 648/807/648 1005/1297/1005 649/808/649
f 648/807/648 2618/3930/2618 2286/3223/2286
f 648/807/648 2286/3223/2286 1005/1297/1005
f 648/807/648 645/803/645 2618/3930/2618
f 1729/2308/1729 1730/2310/1730 2100/2888/2100
f 1729/3400/1729 134/160/134 2084/3931/2084
f 765/957/765 1689/2241/1689 2551/3764/2551
f 765/957/765 2551/3764/2551 635/3765/635
f 765/957/765 635/3765/635 634/958/634
f 1420/1864/1420 1422/1866/1422 802/1009/802
f 1420/1864/1420 802/1009/802 2522/3932/2522
f 1420/1864/1420 2522/3932/2522 1421/1865/1421
f 808/1016/808 1617/2815/1617 1424/1870/1424
f 808/3933/808 807/1015/807 2460/3565/2460
f 808/3933/808 2460/3565/2460 1617/2145/1617
f 1786/2403/1786 2237/3128/2237 929/1197/929
f 1786/2400/1786 1836/2478/1836 2237/3934/2237
f 1786/2403/1786 929/1197/929 928/1196/928
f 1434/3935/1434 2619/3936/2619 1435/3329/1435
f 1434/3937/1434 2390/3845/2390 2619/3938/2619
f 941/1218/941 1442/1894/1442 1582/2094/1582
f 759/946/759 1445/1897/1445 760/947/760
f 353/434/353 951/1229/951 2003/2727/2003
f 1130/3939/1130 1639/3940/1639 2620/3941/2620
f 1130/3939/1130 2620/3941/2620 1131/3572/1131
f 2392/3441/2392 751/938/751 1136/1457/1136
f 2392/3441/2392 2621/3942/2621 2393/3442/2393
f 2392/3441/2392 752/939/752 751/938/751
f 2392/3441/2392 1136/1457/1136 2621/3942/2621
f 693/869/693 1694/2250/1694 694/870/694
f 698/3943/698 1458/3944/1458 1951/2652/1951
f 698/3943/698 2622/3945/2622 550/692/550
f 698/877/698 550/686/550 699/878/699
f 698/3943/698 1951/2652/1951 2622/3945/2622
f 1889/2550/1889 2383/3421/2383 1285/1665/1285
f 1889/2550/1889 1891/3946/1891 2383/3421/2383
f 1889/2550/1889 1285/1665/1285 1890/2551/1890
f 1466/1921/1466 2120/3947/2120 2528/3715/2528
f 1466/1926/1466 1468/1924/1468 2120/2922/2120
f 1466/1921/1466 2528/3715/2528 1467/1922/1467
f 6/6/6 1988/3355/1988 1302/1690/1302
f 794/3948/794 1476/3949/1476 1106/1419/1106
f 794/1001/794 1106/3950/1106 795/1002/795
f 1328/3951/1328 2510/3952/2510 1329/2993/1329
f 1328/1731/1328 415/513/415 414/514/414
f 886/1136/886 1357/1775/1357 887/1137/887
f 886/1136/886 888/1138/888 1354/1772/1354
f 1760/2361/1760 2582/3829/2582 1573/2080/1573
f 1760/2361/1760 22/3953/22 2623/3954/2623
f 1760/2361/1760 2583/3830/2583 2582/3829/2582
f 1760/2361/1760 2623/3954/2623 2583/3830/2583
f 2110/2900/2110 2012/2739/2012 1188/1531/1188
f 2110/2900/2110 1025/1320/1025 2012/2739/2012
f 238/3955/238 2624/3956/2624 1197/1548/1197
f 238/3955/238 1197/1548/1197 239/1547/239
f 274/850/274 2137/3957/2137 679/851/679
f 274/850/274 273/3958/273 2137/3957/2137
f 274/333/274 2116/3959/2116 275/334/275
f 837/1054/837 156/267/156 583/1055/583
f 837/1054/837 838/1057/838 225/268/225
f 837/1054/837 225/268/225 156/267/156
f 1402/1836/1402 607/754/607 1389/1817/1389
f 1402/1836/1402 2492/3632/2492 1403/1837/1403
f 1402/1836/1402 1407/3960/1407 607/754/607
f 2017/2747/2017 782/3187/782 2018/2748/2018
f 2017/2750/2017 1410/1849/1410 1409/1846/1409
f 2017/2750/2017 1409/1846/1409 783/985/783
f 2017/2750/2017 783/985/783 782/984/782
f 1673/2216/1673 2558/3782/2558 1674/2217/1674
f 2550/3763/2550 1688/2240/1688 1801/2426/1801
f 2550/3763/2550 1689/2241/1689 1688/2240/1688
f 2550/3763/2550 2551/3764/2551 1689/2241/1689
f 1818/2452/1818 2284/3219/2284 1611/2135/1611
f 545/680/545 1214/1571/1214 2138/2958/2138
f 545/680/545 2138/2958/2138 546/681/546
f 545/680/545 1216/1573/1216 1214/1571/1214
f 2376/3961/2376 1295/1680/1295 2231/3120/2231
f 2376/3961/2376 2231/3120/2231 2377/3962/2377
f 2376/3961/2376 1795/2420/1795 1295/1680/1295
f 2376/3409/2376 2331/3314/2331 1795/3963/1795
f 1745/2332/1745 2603/3882/2603 1746/2333/1746
f 133/157/133 2584/3835/2584 2085/3834/2085
f 133/157/133 135/159/135 2625/3964/2625
f 133/157/133 2625/3964/2625 2584/3835/2584
f 133/157/133 2085/3834/2085 134/158/134
f 707/887/707 2482/3610/2482 708/888/708
f 707/887/707 2538/3734/2538 2482/3610/2482
f 707/887/707 709/889/709 2538/3734/2538
f 1553/2056/1553 2542/3740/2542 1775/3965/1775
f 1553/2051/1553 1775/2380/1775 142/2052/142
f 2626/3966/2626 1557/2061/1557 1558/2062/1558
f 2626/3967/2626 151/176/151 1790/2408/1790
f 2626/3967/2626 1558/3968/1558 2627/3969/2627
f 2626/3967/2626 1790/2408/1790 1557/3970/1557
f 2626/3967/2626 152/177/152 151/176/151
f 2626/3967/2626 2627/3969/2627 152/177/152
f 1594/2109/1594 2545/3743/2545 2248/3159/2248
f 1594/2109/1594 503/628/503 502/627/502
f 1594/2109/1594 2248/3159/2248 503/628/503
f 2267/3200/2267 2336/3321/2336 1983/2695/1983
f 2267/3200/2267 1983/2695/1983 1984/2696/1984
f 2267/3200/2267 1984/2696/1984 395/490/395
f 1564/2069/1564 2434/3522/2434 2270/3523/2270
f 1564/2069/1564 2270/3523/2270 1565/2070/1565
f 1564/2069/1564 1566/2071/1566 2434/3522/2434
f 419/3528/419 2628/3971/2628 1176/3972/1176
f 419/3528/419 2436/3527/2436 816/1028/816
f 419/3528/419 816/1028/816 2628/3971/2628
f 419/521/419 1176/3973/1176 1172/1505/1172
f 2339/3327/2339 1435/3329/1435 2619/3936/2619
f 2339/3974/2339 2619/3938/2619 2590/3844/2590
f 2339/3974/2339 2590/3844/2590 2340/3975/2340
f 2342/3335/2342 289/350/289 2629/3976/2629
f 2342/3335/2342 529/662/529 289/350/289
f 2342/3335/2342 1809/2437/1809 2552/3766/2552
f 2342/3335/2342 2629/3976/2629 1809/2437/1809
f 1914/2592/1914 2142/3977/2142 2144/2970/2144
f 1914/2592/1914 2144/2970/2144 1915/2593/1915
f 1914/3978/1914 2399/3449/2399 2142/2965/2142
f 841/1062/841 1480/1942/1480 464/576/464
f 841/1062/841 464/576/464 842/1063/842
f 1603/3979/1603 2630/3980/2630 1604/3981/1604
f 1603/3134/1603 1836/2478/1836 600/3982/600
f 1603/3134/1603 600/3982/600 2630/3983/2630
f 1404/1839/1404 473/587/473 1405/1840/1405
f 1404/1839/1404 116/133/116 473/587/473
f 1404/1839/1404 1403/1843/1403 367/3984/367
f 1404/1839/1404 367/3984/367 116/133/116
f 613/1090/613 857/1089/857 1487/1952/1487
f 613/761/613 2118/2920/2118 614/762/614
f 613/761/613 2631/3985/2631 2118/2920/2118
f 613/1090/613 1487/1952/1487 2631/3986/2631
f 33/1961/33 1492/1958/1492 34/2775/34
f 2632/3987/2632 1823/2461/1823 869/3988/869
f 2632/3987/2632 1824/2462/1824 1823/2461/1823
f 2632/3987/2632 869/3988/869 868/3989/868
f 2632/3987/2632 2481/3606/2481 1824/2462/1824
f 2632/3987/2632 868/3989/868 2481/3606/2481
f 46/49/46 1502/3450/1502 51/54/51
f 2179/3030/2179 371/463/371 370/456/370
f 2179/3030/2179 2181/3032/2181 2467/3990/2467
f 2179/3030/2179 2467/3990/2467 371/463/371
f 2179/3030/2179 370/456/370 2180/3031/2180
f 1180/1522/1180 1182/1521/1182 1335/1743/1335
f 1180/1519/1180 1697/3725/1697 1181/1520/1181
f 1841/2485/1841 1840/3991/1840 1842/2486/1842
f 1099/1414/1099 1101/1412/1101 2147/3992/2147
f 2051/2795/2051 2633/3993/2633 444/2796/444
f 2051/2795/2051 2437/3530/2437 2633/3993/2633
f 2142/2965/2142 1234/1591/1234 2143/2966/2143
f 2142/2965/2142 2399/3449/2399 1234/1591/1234
f 2283/3218/2283 1000/1292/1000 998/1287/998
f 2283/3218/2283 998/1287/998 2284/3219/2284
f 2159/2995/2159 2555/3775/2555 2556/3776/2556
f 2159/2995/2159 2634/3994/2634 2077/2996/2077
f 2159/2995/2159 2160/2999/2160 2555/3775/2555
f 2159/2995/2159 2556/3776/2556 2634/3994/2634
f 2161/3000/2161 2397/3446/2397 2576/3820/2576
f 1449/3995/1449 1336/1744/1336 1450/3996/1450
f 1449/3995/1449 354/437/354 1337/1745/1337
f 1449/3995/1449 1337/1745/1337 1336/1744/1336
f 1449/3995/1449 1448/3997/1448 354/437/354
f 2565/3800/2565 1661/3998/1661 1875/2533/1875
f 2565/3800/2565 1421/1869/1421 1661/3998/1661
f 1055/1355/1055 472/586/472 1663/2199/1663
f 1153/1482/1153 2514/3809/2514 2495/3640/2495
f 1608/3877/1608 1607/2635/1607 2105/2895/2105
f 2146/2973/2146 1041/1339/1041 2298/3250/2298
f 2146/2973/2146 2298/3250/2298 2297/3249/2297
f 164/189/164 1469/1925/1469 165/190/165
f 164/189/164 167/192/167 1468/1924/1468
f 1679/2222/1679 2434/3522/2434 1566/2071/1566
f 1679/2222/1679 1566/2071/1566 1680/2223/1680
f 1679/2222/1679 1677/2220/1677 2434/3522/2434
f 180/3999/180 1900/4000/1900 1357/1775/1357
f 180/211/180 1357/4001/1357 1356/1778/1356
f 183/216/183 1112/1425/1112 184/217/184
f 190/226/190 2591/3848/2591 1944/2639/1944
f 1119/1434/1119 2310/3271/2310 1120/1435/1120
f 1126/3676/1126 1124/4002/1124 222/264/222
f 2316/3279/2316 551/688/551 2622/3945/2622
f 2316/3279/2316 2622/3945/2622 1952/2651/1952
f 2316/3279/2316 552/689/552 551/688/551
f 2316/3279/2316 1952/2651/1952 2516/3687/2516
f 1209/1563/1209 2442/3542/2442 1210/1564/1210
f 1209/4003/1209 1309/3863/1309 2442/3537/2442
f 1724/2301/1724 2140/2961/2140 2598/3871/2598
f 1724/2301/1724 2598/3871/2598 1725/2302/1725
f 1361/3779/1361 2635/4004/2635 1362/4005/1362
f 1361/3779/1361 2451/3556/2451 2635/4004/2635
f 1361/3779/1361 2557/3778/2557 2451/3556/2451
f 1164/3909/1164 2614/3911/2614 1165/4006/1165
f 67/73/67 68/72/68 2602/4007/2602
f 67/73/67 2125/2929/2125 1946/2928/1946
f 67/73/67 2602/4007/2602 2125/2929/2125
f 73/80/73 1580/2090/1580 2636/4008/2636
f 73/84/73 2636/4009/2636 1829/2468/1829
f 73/80/73 1948/2643/1948 1580/2090/1580
f 73/84/73 1829/2468/1829 76/85/76
f 156/267/156 227/270/227 2559/3786/2559
f 87/1166/87 910/1167/910 88/3885/88
f 912/1169/912 914/1171/914 1347/1761/1347
f 1200/1553/1200 990/1275/990 1957/4010/1957
f 1200/3789/1200 1957/2661/1957 2560/3790/2560
f 1200/3789/1200 2561/3791/2561 1201/4011/1201
f 216/257/216 2315/4012/2315 217/258/217
f 2237/3128/2237 2147/2975/2147 929/1197/929
f 1995/2716/1995 153/178/153 152/177/152
f 1995/2716/1995 1994/2717/1994 153/178/153
f 1995/2716/1995 152/177/152 2627/3969/2627
f 1995/2716/1995 2627/3969/2627 1279/1652/1279
f 1288/1669/1288 2438/3532/2438 1289/1670/1289
f 1288/1669/1288 2366/3392/2366 2368/3394/2368
f 1288/1669/1288 2368/3394/2368 2438/3532/2438
f 1288/1669/1288 1291/1673/1291 2366/3392/2366
f 1794/2419/1794 1743/2330/1743 1294/1679/1294
f 1794/2419/1794 1795/2420/1795 1540/2029/1540
f 878/1131/878 207/243/207 206/242/206
f 878/1131/878 881/1130/881 207/243/207
f 878/1127/878 2405/3475/2405 879/1128/879
f 748/2429/748 1802/2428/1802 1298/2938/1298
f 1582/2094/1582 2097/2881/2097 2099/2886/2099
f 1582/2094/1582 1442/1894/1442 2097/2881/2097
f 1582/2094/1582 2099/2886/2099 1583/2095/1583
f 124/144/124 374/3370/374 125/145/125
f 376/2443/376 589/3456/589 1812/2444/1812
f 376/465/376 381/470/381 589/4013/589
f 2637/4014/2637 2106/2896/2106 2248/3159/2248
f 2637/4014/2637 2545/3743/2545 387/479/387
f 2637/4014/2637 387/479/387 2361/3381/2361
f 2637/4014/2637 2361/3381/2361 2106/2896/2106
f 2637/4014/2637 2248/3159/2248 2545/3743/2545
f 2580/3826/2580 1260/1624/1260 1814/2448/1814
f 1261/3773/1261 936/4015/936 406/503/406
f 1261/4016/1261 989/1273/989 1262/3097/1262
f 1261/3773/1261 2554/3774/2554 989/4017/989
f 412/509/412 2353/3359/2353 1169/1502/1169
f 1336/4018/1336 1338/4019/1338 1450/1903/1450
f 2535/3727/2535 2458/3729/2458 2457/3917/2457
f 2535/3727/2535 1978/2687/1978 1830/2470/1830
f 2482/3610/2482 2538/3734/2538 2537/3732/2537
f 2482/3610/2482 2537/3732/2537 1381/3611/1381
f 237/283/237 1554/2058/1554 240/287/240
f 237/283/237 1706/2271/1706 1554/2058/1554
f 1482/1947/1482 1708/2273/1708 1058/1359/1058
f 252/1686/252 1709/2275/1709 2168/3018/2168
f 252/1686/252 2168/3018/2168 1300/1687/1300
f 5/5/5 1304/1692/1304 7/7/7
f 2135/2953/2135 268/326/268 267/325/267
f 2493/4020/2493 1065/1367/1065 2190/3042/2190
f 2493/4021/2493 2190/3045/2190 640/798/640
f 2493/4020/2493 1505/1974/1505 1066/1368/1066
f 2493/4020/2493 1066/1368/1066 1065/1367/1065
f 1321/1977/1321 2319/3293/2319 1506/1978/1506
f 1321/1977/1321 2320/3294/2320 2319/3293/2319
f 296/360/296 295/356/295 2295/3247/2295
f 296/358/296 1589/2104/1589 2600/3875/2600
f 296/360/296 2295/3247/2295 1590/4022/1590
f 296/358/296 2600/3875/2600 297/359/297
f 1083/1387/1083 2143/2966/2143 1232/1589/1232
f 1083/1387/1083 495/618/495 2143/2966/2143
f 1659/4023/1659 1661/3998/1661 1421/1869/1421
f 1659/4024/1659 1421/1865/1421 2522/3932/2522
f 2582/3829/2582 1575/2083/1575 1573/2080/1573
f 819/3205/819 525/656/525 2606/4025/2606
f 2068/2827/2068 1507/4026/1507 2069/2828/2069
f 2068/2827/2068 1908/4027/1908 1507/4026/1507
f 2396/3445/2396 1910/2586/1910 2575/3816/2575
f 2396/3445/2396 2575/3816/2575 831/1047/831
f 2396/3445/2396 830/1046/830 2397/3446/2397
f 2396/3445/2396 831/1047/831 830/1046/830
f 2398/3448/2398 2004/2730/2004 2399/3449/2399
f 2398/4028/2398 1501/1969/1501 2005/2732/2005
f 2398/4028/2398 1502/1970/1502 1501/1969/1501
f 2398/3448/2398 2005/2731/2005 2004/2730/2004
f 2325/4029/2325 2326/3402/2326 360/445/360
f 2325/4029/2325 360/445/360 1752/2344/1752
f 2325/4029/2325 1752/2344/1752 2256/3792/2256
f 2462/3568/2462 2525/3708/2525 543/676/543
f 2462/3568/2462 2621/4030/2621 2258/3180/2258
f 2462/3568/2462 2463/3569/2463 2393/4031/2393
f 2462/3568/2462 2258/3180/2258 2525/3708/2525
f 2462/3568/2462 2393/4031/2393 2621/4030/2621
f 1142/1463/1142 1144/1465/1144 2079/2847/2079
f 564/704/564 2527/3714/2527 565/705/565
f 2611/3902/2611 791/998/791 790/997/790
f 796/4032/796 1792/2410/1792 1475/2705/1475
f 796/1003/796 798/1005/798 1792/4033/1792
f 879/1128/879 2033/2769/2033 880/1129/880
f 879/1128/879 2405/3475/2405 2033/2769/2033
f 2354/4034/2354 1900/2574/1900 1903/2573/1903
f 2354/3363/2354 1903/4035/1903 2512/3682/2512
f 2354/3363/2354 887/3365/887 1900/4036/1900
f 891/4037/891 2571/3810/2571 2514/3809/2514
f 891/1141/891 893/1143/893 2571/4038/2571
f 898/1149/898 900/1151/900 2358/3373/2358
f 1257/1618/1257 1377/1803/1377 1620/2149/1620
f 1257/1618/1257 904/1159/904 1377/1803/1377
f 2111/2902/2111 2049/4039/2049 1023/1478/1023
f 597/4040/597 596/1997/596 1515/1996/1515
f 597/4040/597 2424/3506/2424 598/3807/598
f 597/4040/597 1515/1996/1515 2424/3506/2424
f 243/2124/243 1388/2945/1388 681/854/681
f 584/1056/584 2007/4041/2007 838/1057/838
f 463/575/463 2009/2736/2009 843/1065/843
f 463/575/463 465/578/465 2009/2736/2009
f 463/575/463 843/1065/843 842/1063/842
f 463/575/463 842/1063/842 464/576/464
f 470/2607/470 471/4042/471 1274/2714/1274
f 470/2607/470 1274/2714/1274 1925/2608/1925
f 855/1086/855 854/1085/854 2160/2999/2160
f 210/4043/210 2638/4044/2638 211/3692/211
f 210/4043/210 2639/4045/2639 2638/4044/2638
f 1415/1858/1415 867/1110/867 484/598/484
f 1688/2240/1688 1687/2239/1687 1801/2426/1801
f 625/1244/625 963/1243/963 1541/2032/1541
f 625/1244/625 1541/2032/1541 2330/3313/2330
f 639/797/639 207/243/207 881/1130/881
f 639/797/639 881/1130/881 876/1123/876
f 639/797/639 876/1123/876 640/798/640
f 1551/2048/1551 1552/2049/1552 2211/3086/2211
f 1551/3083/1551 710/890/710 2483/3612/2483
f 1551/2048/1551 2483/3614/2483 234/278/234
f 990/1275/990 987/1278/987 1957/4010/1957
f 2163/4046/2163 1422/1866/1422 1423/1867/1423
f 2163/4046/2163 1765/3670/1765 1422/1866/1422
f 1767/2370/1767 1269/1640/1269 1993/2711/1993
f 1767/2370/1767 1993/2711/1993 1768/2371/1768
f 735/2713/735 734/1875/734 1426/1873/1426
f 735/918/735 1276/1649/1276 736/919/736
f 735/2713/735 1426/1873/1426 1716/2286/1716
f 2477/3674/2477 2478/4047/2478 743/927/743
f 2477/3675/2477 153/178/153 1994/2717/1994
f 942/1219/942 1584/2096/1584 943/1220/943
f 948/1226/948 2274/4048/2274 2322/4049/2322
f 948/1226/948 126/4050/126 949/1227/949
f 948/1226/948 762/953/762 2274/4048/2274
f 948/4051/948 2322/3296/2322 126/146/126
f 2003/2727/2003 951/1229/951 304/4052/304
f 2003/2729/2003 1733/2314/1733 1731/2312/1731
f 2003/2729/2003 304/4053/304 1733/2314/1733
f 1048/1348/1048 1050/1350/1050 2400/3455/2400
f 599/743/599 601/745/601 2011/2738/2011
f 599/743/599 2630/3980/2630 600/744/600
f 599/743/599 2013/2740/2013 2630/3980/2630
f 1483/1948/1483 1485/1950/1485 2498/3644/2498
f 857/1089/857 966/1248/966 1487/1952/1487
f 1491/1956/1491 1859/2513/1859 1072/4054/1072
f 1491/4055/1491 2038/4056/2038 1492/4057/1492
f 1491/4058/1491 1072/1376/1072 2038/2777/2038
f 1077/1381/1077 1694/2251/1694 1081/1385/1081
f 1077/1436/1077 2024/2760/2024 1694/4059/1694
f 995/1282/995 1352/1769/1352 996/1283/996
f 1495/1963/1495 2409/4060/2409 1496/1964/1496
f 1495/1963/1495 1497/1965/1497 1510/1983/1510
f 1495/1963/1495 2410/4061/2410 2409/4060/2409
f 1495/1963/1495 1510/1983/1510 2410/4061/2410
f 2411/3482/2411 2563/4062/2563 2412/3483/2412
f 1709/2278/1709 662/830/662 1018/1313/1018
f 2440/3535/2440 1706/2271/1706 1705/2269/1705
f 858/1094/858 703/883/703 2495/3640/2495
f 2054/2801/2054 534/667/534 1252/1613/1252
f 2054/2801/2054 1252/1613/1252 1251/1612/1251
f 2054/2801/2054 2055/2804/2055 534/667/534
f 1923/2604/1923 1478/1937/1478 1924/2605/1924
f 1923/2604/1923 1479/3125/1479 1478/1937/1478
f 1835/2479/1835 1787/2401/1787 2048/2792/2048
f 1835/2477/1835 600/3982/600 1836/2478/1836
f 1835/2479/1835 2048/2792/2048 443/551/443
f 1835/2479/1835 443/551/443 600/1945/600
f 473/587/473 1637/2172/1637 1405/1840/1405
f 2638/4044/2638 1437/4063/1437 2173/3023/2173
f 2638/4044/2638 2173/3023/2173 211/3692/211
f 2638/4044/2638 2639/4045/2639 1437/4063/1437
f 35/38/35 38/41/38 1493/1959/1493
f 867/1103/867 2124/2926/2124 868/1104/868
f 48/1115/48 1798/3142/1798 2241/3144/2241
f 48/1115/48 2241/3144/2241 2500/3648/2500
f 2188/4064/2188 1504/1973/1504 2244/3149/2244
f 2188/4064/2188 2244/3149/2244 2189/3150/2189
f 2188/4064/2188 1064/1365/1064 54/57/54
f 2188/4064/2188 1067/1369/1067 1064/1365/1064
f 2188/4064/2188 54/57/54 1504/1973/1504
f 2177/3027/2177 2640/4065/2640 1320/1711/1320
f 2177/3027/2177 2448/4066/2448 2640/4065/2640
f 2177/3027/2177 1858/2512/1858 2448/4066/2448
f 371/458/371 2470/3582/2470 372/459/372
f 2454/3559/2454 896/1146/896 1511/1985/1511
f 2454/3559/2454 2359/3379/2359 2360/3378/2360
f 2454/3559/2454 2360/3378/2360 896/1146/896
f 431/536/431 2292/3234/2292 432/537/432
f 431/536/431 435/540/435 1662/2487/1662
f 431/536/431 1842/2486/1842 2292/3234/2292
f 1713/3926/1713 261/314/261 2595/3860/2595
f 1713/3926/1713 2595/3860/2595 2541/3927/2541
f 444/2796/444 2633/3993/2633 445/4067/445
f 1523/2009/1523 19/4068/19 2055/2803/2055
f 1523/2009/1523 1526/2012/1526 21/4069/21
f 1523/2009/1523 21/4069/21 19/4068/19
f 1523/2009/1523 2055/2803/2055 1524/2010/1524
f 547/682/547 271/524/271 1455/1910/1455
f 1338/4019/1338 2155/2990/2155 1450/1903/1450
f 1338/4019/1338 2156/2991/2156 2155/2990/2155
f 1338/1748/1338 1750/2340/1750 2156/4070/2156
f 1338/1748/1338 1339/1747/1339 1750/2340/1750
f 784/3190/784 1937/2625/1937 1941/2631/1941
f 784/4071/784 785/4072/785 1937/4073/1937
f 2262/3191/2262 2569/3805/2569 2577/3823/2577
f 2262/3191/2262 2577/3823/2577 1833/2473/1833
f 2262/3191/2262 1191/1539/1191 2569/3805/2569
f 1557/2061/1557 1790/4074/1790 798/1005/798
f 158/183/158 157/182/157 973/1257/973
f 2221/3099/2221 1469/1928/1469 1470/1927/1470
f 2221/3099/2221 510/3102/510 506/4075/506
f 2221/3099/2221 1470/1927/1470 2222/3100/2222
f 2221/3099/2221 506/4075/506 1469/1928/1469
f 2269/3202/2269 2270/3203/2270 174/204/174
f 2269/3202/2269 174/204/174 171/198/171
f 2269/3202/2269 171/198/171 1568/2075/1568
f 276/335/276 275/334/275 2116/3959/2116
f 276/335/276 2116/3959/2116 2435/3525/2435
f 822/1036/822 1580/2090/1580 823/1037/823
f 1806/2434/1806 2355/3364/2355 1807/2435/1807
f 1806/2434/1806 1809/2437/1809 2629/3976/2629
f 1806/2434/1806 2629/3976/2629 2494/3639/2494
f 2294/3238/2294 531/664/531 1591/2725/1591
f 2294/3238/2294 2052/4076/2052 531/664/531
f 2294/3238/2294 1591/2725/1591 2295/3239/2295
f 1351/1768/1351 2285/3221/2285 1352/1769/1352
f 1003/3106/1003 2223/3105/2223 2406/3477/2406
f 2409/3480/2409 1940/2629/1940 1938/2626/1938
f 2409/4060/2409 1938/4077/1938 1496/1964/1496
f 1365/2210/1365 1162/3014/1162 1670/2211/1670
f 1877/4078/1877 2130/2940/2130 666/837/666
f 1877/4078/1877 666/837/666 1878/4079/1878
f 673/844/673 675/846/675 2166/3011/2166
f 673/3655/673 2571/4038/2571 893/1143/893
f 673/4080/673 2166/3811/2166 2571/3810/2571
f 1213/1570/1213 2137/2957/2137 2138/2958/2138
f 1213/1570/1213 2138/2958/2138 1214/1571/1214
f 1213/1570/1213 679/2125/679 2137/2957/2137
f 499/3513/499 1255/2647/1255 1950/2646/1950
f 499/623/499 2430/4081/2430 500/624/500
f 908/1164/908 1951/2650/1951 1458/2113/1458
f 1207/1566/1207 267/325/267 266/324/266
f 1215/1572/1215 1217/1574/1217 1929/2614/1929
f 2082/2852/2082 2517/3691/2517 2175/3460/2175
f 2527/3714/2527 2641/4082/2641 1703/2262/1703
f 2527/3714/2527 1703/2262/1703 565/705/565
f 2527/3714/2527 2121/3716/2121 2641/4082/2641
f 627/785/627 199/235/199 198/234/198
f 627/785/627 489/4083/489 199/235/199
f 632/790/632 2620/3941/2620 2642/4084/2642
f 632/790/632 2233/3122/2233 633/791/633
f 632/790/632 2642/4084/2642 2233/3122/2233
f 632/790/632 637/795/637 2620/3941/2620
f 2132/2948/2132 1705/2269/1705 729/2949/729
f 170/197/170 1568/2075/1568 171/198/171
f 1435/4085/1435 2484/3618/2484 1631/2165/1631
f 1435/4085/1435 1631/2165/1631 1436/4086/1436
f 1435/3787/1435 98/112/98 93/107/93
f 943/1220/943 2069/2828/2069 2321/3295/2321
f 943/1220/943 2321/3295/2321 944/1221/944
f 354/437/354 1448/3997/1448 950/1228/950
f 1639/3940/1639 1640/3075/1640 2620/3941/2620
f 1456/1911/1456 1455/1910/1455 417/523/417
f 699/878/699 2526/3711/2526 700/879/700
f 1463/1918/1463 1888/2555/1888 1040/1337/1040
f 1463/1918/1463 1464/1919/1464 1891/2553/1891
f 2120/3947/2120 2121/3716/2121 2528/3715/2528
f 1302/1690/1302 1988/3355/1988 2546/3746/2546
f 1302/1690/1302 2546/3746/2546 1303/1691/1303
f 1476/3949/1476 105/122/105 2386/3426/2386
f 1476/1935/1476 1475/1934/1475 105/4087/105
f 1476/3949/1476 2386/3426/2386 1106/1419/1106
f 1166/1499/1166 411/508/411 1167/1500/1167
f 1166/1499/1166 1165/1498/1165 411/508/411
f 271/524/271 417/523/417 1455/1910/1455
f 487/603/487 1966/2673/1966 488/604/488
f 487/603/487 1968/2675/1968 1966/2673/1966
f 2288/3226/2288 2290/3228/2290 2027/2763/2027
f 2288/3226/2288 2186/3037/2186 2185/3036/2185
f 2288/3226/2288 2027/2763/2027 2186/3037/2186
f 2288/3226/2288 2185/3036/2185 2289/3227/2289
f 1830/2470/1830 1978/2687/1978 1184/1525/1184
f 1379/3731/1379 1626/3733/1626 1769/4088/1769
f 1379/3731/1379 1381/3611/1381 2537/3732/2537
f 1379/1805/1379 1769/4089/1769 1380/1806/1380
f 1195/1545/1195 2606/3891/2606 523/653/523
f 1195/1545/1195 1194/1550/1194 2606/3891/2606
f 104/119/104 1349/1763/1349 722/905/722
f 104/119/104 106/121/106 1349/1763/1349
f 2043/2787/2043 2044/2788/2044 2167/3235/2167
f 2542/3740/2542 2541/3738/2541 2643/4090/2643
f 2542/3740/2542 2643/4090/2643 1775/3965/1775
f 2644/4091/2644 2515/4092/2515 2624/4093/2624
f 2644/4091/2644 2645/4094/2645 2515/4092/2515
f 1535/2292/1535 1036/1333/1036 1033/1330/1033
f 1535/4095/1535 1720/2290/1720 1290/1672/1290
f 1854/2503/1854 2139/2960/2139 2301/3753/2301
f 2640/4096/2640 36/39/36 1320/4097/1320
f 2640/4096/2640 2448/3553/2448 37/40/37
f 2640/4096/2640 37/40/37 36/39/36
f 2646/4098/2646 2609/4099/2609 1498/1966/1498
f 2646/4098/2646 1937/4073/1937 785/4072/785
f 2646/4098/2646 1498/1966/1498 1496/1964/1496
f 2646/4098/2646 1938/4077/1938 1937/4073/1937
f 2646/4098/2646 1496/1964/1496 1938/4077/1938
f 2646/4098/2646 785/4072/785 2609/4099/2609
f 2297/3253/2297 1393/1821/1393 1394/1822/1394
f 2297/3253/2297 1394/1822/1394 1735/2316/1735
f 165/4100/165 1469/1928/1469 506/4075/506
f 2150/2980/2150 2499/3645/2499 2151/2981/2151
f 2633/4101/2633 914/1171/914 445/1176/445
f 2633/3993/2633 2437/3530/2437 1110/4102/1110
f 2633/4103/2633 1110/1423/1110 914/2983/914
f 1965/2672/1965 1122/1438/1122 2308/3269/2308
f 1974/2681/1974 2157/4104/2157 1749/2337/1749
f 206/3817/206 2205/3074/2205 113/4105/113
f 1241/3258/1241 1999/3769/1999 2208/3259/2208
f 1759/2531/1759 2041/2785/2041 2420/3498/2420
f 974/1258/974 975/1259/975 1735/2316/1735
f 393/488/393 2610/4106/2610 394/489/394
f 674/3490/674 676/4107/676 2604/3886/2604
f 1595/2110/1595 1920/2599/1920 253/304/253
f 1595/2110/1595 253/304/253 254/305/254
f 1604/3981/1604 2630/3980/2630 2013/2740/2013
f 1604/3981/1604 2013/2740/2013 2490/4108/2490
f 1314/1705/1314 1315/1704/1315 2334/3318/2334
f 1314/1705/1314 2334/3318/2334 29/2297/29
f 1314/1702/1314 29/31/29 28/30/28
f 289/350/289 288/349/288 2629/3976/2629
f 1730/2311/1730 1728/2306/1728 2647/4109/2647
f 1730/2310/1730 2101/2889/2101 2100/2888/2100
f 1730/2310/1730 2647/4110/2647 2101/2889/2101
f 1325/1726/1325 303/1728/303 952/3780/952
f 212/251/212 2517/3691/2517 2585/3832/2585
f 212/251/212 2585/3832/2585 213/252/213
f 2648/4111/2648 864/1100/864 861/1097/861
f 2648/4111/2648 217/258/217 864/1100/864
f 2648/4111/2648 218/259/218 217/258/217
f 2648/4111/2648 480/594/480 2194/3050/2194
f 2648/4111/2648 861/1097/861 480/594/480
f 2648/4111/2648 2194/3050/2194 218/259/218
f 226/269/226 838/1057/838 2007/4041/2007
f 226/269/226 225/268/225 838/1057/838
f 226/269/226 83/95/83 82/94/82
f 226/269/226 2007/4041/2007 83/95/83
f 1385/3617/1385 2649/4112/2649 2484/3618/2484
f 2203/3071/2203 1739/2322/1739 606/750/606
f 2203/3071/2203 2560/3790/2560 1739/2322/1739
f 1238/1595/1238 1753/2346/1753 110/127/110
f 1238/1595/1238 685/858/685 1753/2346/1753
f 366/2352/366 2098/2882/2098 1755/2353/1755
f 2650/4113/2650 1651/2246/1651 1650/4114/1650
f 2650/4113/2650 1692/2247/1692 1651/2246/1651
f 1249/3821/1249 2553/3771/2553 378/3772/378
f 2106/2896/2106 2361/3381/2361 660/827/660
f 1552/2049/1552 139/164/139 1881/2539/1881
f 1552/2049/1552 1881/2539/1881 1880/2538/1880
f 1552/2049/1552 1880/2538/1880 2211/3086/2211
f 2524/4115/2524 2215/4116/2215 2218/4117/2218
f 2524/4115/2524 2218/4117/2218 1665/4118/1665
f 308/372/308 783/985/783 1409/1846/1409
f 1342/1752/1342 864/1100/864 217/258/217
f 1342/1752/1342 217/258/217 2315/4012/2315
f 1149/1472/1149 851/1078/851 1150/1473/1150
f 1132/1449/1132 749/936/749 641/799/641
f 1132/1449/1132 2191/3044/2191 2243/4119/2243
f 1132/1449/1132 2243/4119/2243 1133/1450/1133
f 768/4120/768 208/246/208 1124/4121/1124
f 768/4120/768 769/3123/769 208/246/208
f 2196/3281/2196 654/817/654 653/816/653
f 928/1196/928 927/1198/927 1097/2405/1097
f 1721/2295/1721 1722/2299/1722 2603/3882/2603
f 531/664/531 2052/4076/2052 12/12/12
f 2324/3298/2324 950/1228/950 1448/3997/1448
f 2326/3402/2326 361/446/361 360/445/360
f 2326/3402/2326 684/857/684 361/446/361
f 1174/3304/1174 2229/3118/2229 2574/4122/2574
f 1174/1507/1174 2574/3815/2574 1175/1508/1175
f 1598/4123/1598 1459/1914/1459 2379/3415/2379
f 1598/4123/1598 1460/1915/1460 1459/1914/1459
f 1598/4123/1598 2379/3415/2379 2505/3666/2505
f 1598/2115/1598 2505/3857/2505 1599/2116/1599
f 2432/3517/2432 621/773/621 1982/2693/1982
f 2432/3517/2432 1982/2693/1982 2336/3321/2336
f 2432/3517/2432 2088/2865/2088 621/773/621
f 2432/3520/2432 1467/1922/1467 2088/2866/2088
f 569/715/569 571/714/571 1472/1930/1472
f 105/122/105 103/118/103 2386/3426/2386
f 996/1283/996 2282/3216/2282 1612/2140/1612
f 996/1283/996 1352/1769/1352 2282/3216/2282
f 996/1283/996 1612/2140/1612 997/4124/997
f 1354/1772/1354 2502/3651/2502 2588/3842/2588
f 1354/1772/1354 2588/3842/2588 1355/1773/1355
f 1354/1772/1354 888/1138/888 2502/3651/2502
f 2563/3797/2563 553/690/553 2197/3056/2197
f 2563/4125/2563 655/818/655 2412/3702/2412
f 2563/3797/2563 2197/3056/2197 655/4126/655
f 2563/3797/2563 2526/3711/2526 553/690/553
f 2012/2739/2012 2567/3802/2567 1188/1531/1188
f 2012/2739/2012 1025/1320/1025 1024/1319/1024
f 2012/2739/2012 2011/2738/2011 2567/3802/2567
f 2624/3956/2624 2515/3686/2515 1197/1548/1197
f 1034/1331/1034 451/560/451 450/559/450
f 1042/1341/1042 1043/1342/1043 2459/3728/2459
f 1042/1341/1042 2459/3728/2459 457/568/457
f 2009/2736/2009 465/578/465 2367/3393/2367
f 2009/2736/2009 2367/3393/2367 2299/3254/2299
f 2490/4108/2490 2013/2740/2013 2491/4127/2491
f 1484/1949/1484 1062/1363/1062 2372/3399/2372
f 1484/1949/1484 2372/3399/2372 1902/2570/1902
f 1861/2515/1861 1865/2519/1865 2180/3031/2180
f 1861/2515/1861 422/527/422 1862/2516/1862
f 537/670/537 773/969/773 540/673/540
f 2257/3178/2257 1929/2614/1929 1217/1574/1217
f 2257/3178/2257 2634/4128/2634 2556/4129/2556
f 2257/3178/2257 2077/3183/2077 2634/4128/2634
f 2257/3178/2257 2556/4129/2556 1929/2614/1929
f 1450/1903/1450 2074/2989/2074 1451/1904/1451
f 1450/1903/1450 2155/2990/2155 2074/2989/2074
f 2384/3423/2384 619/769/619 787/994/787
f 2384/3423/2384 709/889/709 706/886/706
f 2384/3423/2384 2539/3735/2539 709/889/709
f 2384/3423/2384 787/994/787 2539/3735/2539
f 2089/2871/2089 2651/4130/2651 2506/3669/2506
f 2089/2871/2089 2090/2870/2090 2651/4130/2651
f 388/481/388 1990/3196/1990 389/482/389
f 388/481/388 384/484/384 1990/3196/1990
f 395/490/395 1984/2696/1984 2474/3596/2474
f 1565/2073/1565 2270/3203/2270 2271/3204/2271
f 1565/2073/1565 2271/3204/2271 1567/2074/1567
f 2628/3971/2628 815/4131/815 1176/3972/1176
f 2628/3971/2628 816/1028/816 815/4131/815
f 2619/3938/2619 2390/3845/2390 2590/3844/2590
f 832/1048/832 831/1047/831 1079/1383/1079
f 1602/3458/1602 1663/2199/1663 472/586/472
f 1602/3458/1602 469/583/469 848/1073/848
f 1602/3458/1602 472/586/472 469/583/469
f 856/1087/856 246/296/246 1928/2613/1928
f 856/1087/856 247/297/247 246/296/246
f 1504/1975/1504 1505/1974/1505 2244/4132/2244
f 2209/3874/2209 1247/3369/1247 1245/4133/1245
f 2209/4134/2209 892/1722/892 1323/1721/1323
f 900/4135/900 896/1146/896 2360/3378/2360
f 900/1151/900 2360/3380/2360 2358/3373/2358
f 2415/3486/2415 1920/2599/1920 1919/2601/1919
f 2415/3486/2415 1919/2601/1919 1374/3488/1374
f 2415/3486/2415 1710/2276/1710 1920/2599/1920
f 261/314/261 2249/3161/2249 2595/3860/2595
f 2652/4136/2652 2114/2908/2114 97/2942/97
f 2652/4137/2652 97/111/97 955/4138/955
f 2652/4139/2652 1741/4140/1741 2653/4141/2653
f 2652/4142/2652 955/1234/955 1741/2328/1741
f 2652/4139/2652 2653/4141/2653 2114/2910/2114
f 404/501/404 920/1184/920 2554/3774/2554
f 2512/3682/2512 2371/3898/2371 2513/3683/2513
f 2512/3682/2512 1903/4035/1903 2372/4143/2372
f 2512/3682/2512 2372/4143/2372 2371/3898/2371
f 130/152/130 1252/1613/1252 534/667/534
f 130/152/130 129/153/129 1250/1611/1250
f 2211/3086/2211 2654/4144/2654 1259/1622/1259
f 2211/3086/2211 1880/2538/1880 2654/4144/2654
f 2655/4145/2655 1665/4118/1665 2218/4117/2218
f 2655/4146/2655 2218/3093/2218 2214/3089/2214
f 2655/4145/2655 1666/4147/1666 1665/4118/1665
f 992/1277/992 989/1273/989 2554/4148/2554
f 992/1277/992 2554/4148/2554 920/1183/920
f 1203/1558/1203 1204/1557/1204 1271/1642/1271
f 1203/4149/1203 1271/4150/1271 566/706/566
f 1793/2412/1793 334/405/334 335/406/335
f 1793/2416/1793 2601/3878/2601 2656/4151/2656
f 1793/2412/1793 2656/4152/2656 334/405/334
f 1793/2416/1793 187/2415/187 2601/3878/2601
f 2521/4153/2521 1796/2421/1796 2279/3213/2279
f 2521/4153/2521 1798/2423/1798 1797/2422/1797
f 2521/4153/2521 1797/2422/1797 1796/2421/1796
f 1843/2489/1843 1662/2198/1662 1660/2196/1660
f 713/3747/713 2546/3746/2546 717/4154/717
f 1850/2498/1850 2114/2910/2114 2653/4141/2653
f 19/19/19 534/667/534 2055/2804/2055
f 2171/3462/2171 2447/3552/2447 2402/3463/2402
f 1857/2511/1857 2448/4066/2448 1858/2512/1858
f 2181/3032/2181 1445/2831/1445 2469/4155/2469
f 2181/3032/2181 2469/4155/2469 2467/3990/2467
f 427/532/427 429/534/429 2289/3231/2289
f 427/4156/427 2289/3227/2289 2185/3036/2185
f 427/532/427 300/4157/300 428/533/428
f 427/4156/427 2185/3036/2185 300/364/300
f 997/1286/997 1611/2135/1611 998/1287/998
f 68/72/68 1825/2464/1825 2602/4007/2602
f 1182/1521/1182 76/85/76 1829/2468/1829
f 455/3061/455 2006/2733/2006 2008/2735/2008
f 455/3061/455 83/3608/83 2007/2734/2007
f 455/3061/455 2008/2735/2008 458/3252/458
f 455/3061/455 2007/2734/2007 2006/2733/2006
f 89/103/89 2657/4158/2657 1343/1754/1343
f 89/103/89 1703/2263/1703 2657/4158/2657
f 2199/3063/2199 2604/4159/2604 676/3064/676
f 2544/3742/2544 2543/3741/2543 2561/3791/2561
f 2544/3742/2544 2561/3791/2561 2204/3072/2204
f 213/252/213 2585/3832/2585 2572/4160/2572
f 1100/4161/1100 515/645/515 930/1199/930
f 1100/1411/1100 516/3325/516 515/4162/515
f 1100/1411/1100 930/4163/930 1101/1412/1101
f 2340/3975/2340 2590/3844/2590 956/4164/956
f 2340/3975/2340 955/4165/955 96/4166/96
f 2340/3975/2340 956/4164/956 955/4165/955
f 828/3704/828 2465/3574/2465 338/410/338
f 828/3704/828 827/3575/827 2465/3574/2465
f 749/936/749 223/265/223 641/799/641
f 2097/2881/2097 1755/2353/1755 2098/2882/2098
f 2097/2881/2097 1442/1894/1442 1755/2353/1755
f 1784/2392/1784 1481/1943/1481 1479/1941/1479
f 1784/2392/1784 1479/1941/1479 1144/4167/1144
f 1763/2365/1763 1146/1468/1146 1764/2366/1764
f 1879/2537/1879 2164/3007/2164 2654/4144/2654
f 1879/4168/1879 1878/4079/1878 2503/3653/2503
f 1879/2537/1879 2654/4144/2654 1880/2538/1880
f 1879/4168/1879 2503/3653/2503 2164/3006/2164
f 2425/3510/2425 2426/3509/2426 2647/4109/2647
f 2425/3507/2425 2402/4169/2402 2447/4170/2447
f 2425/3510/2425 2647/4109/2647 2402/3466/2402
f 2425/3507/2425 2447/4170/2447 1629/3508/1629
f 2427/3511/2427 1159/1490/1159 2065/2821/2065
f 2427/3511/2427 2065/2821/2065 1884/2545/1884
f 307/371/307 1411/1850/1411 475/4171/475
f 219/260/219 313/379/313 2127/2935/2127
f 219/260/219 218/262/218 2193/3469/2193
f 219/260/219 2193/3469/2193 314/380/314
f 219/260/219 2127/2935/2127 220/261/220
f 1178/1517/1178 629/786/629 628/788/628
f 81/93/81 2559/3786/2559 227/270/227
f 81/93/81 227/270/227 82/94/82
f 437/542/437 441/549/441 2112/3428/2112
f 1739/2322/1739 2560/3790/2560 1740/2323/1740
f 1920/2599/1920 1710/2276/1710 253/304/253
f 1715/2285/1715 1714/2284/1714 849/2609/849
f 1715/2285/1715 1925/2608/1925 1716/2286/1716
f 2407/3478/2407 2587/3840/2587 2502/3651/2502
f 2407/3478/2407 2406/3477/2406 2587/3840/2587
f 2407/3478/2407 1935/2623/1935 2408/3479/2408
f 1728/2306/1728 2402/3466/2402 2647/4109/2647
f 2143/2966/2143 1234/1591/1234 1232/1589/1232
f 2478/4047/2478 1430/1879/1430 1432/1881/1432
f 2478/4047/2478 1432/1881/1432 743/927/743
f 2478/3603/2478 2476/3601/2476 1430/3879/1430
f 1823/4172/1823 870/1106/870 869/1105/869
f 873/1118/873 2029/2765/2029 1500/1968/1500
f 1619/2148/1619 1949/2644/1949 1620/2149/1620
f 664/835/664 232/275/232 668/839/668
f 1628/4173/1628 1030/1327/1030 1028/1323/1028
f 1628/4173/1628 2649/4174/2649 1030/1327/1030
f 1628/2166/1628 1631/2165/1631 2649/4112/2649
f 1628/4173/1628 1028/1323/1028 1629/3508/1629
f 1637/2172/1637 1638/2173/1638 1405/1840/1405
f 501/626/501 500/4175/500 1596/2111/1596
f 1600/2117/1600 1599/2116/1599 2249/3160/2249
f 2658/4176/2658 519/649/519 1310/1698/1310
f 2658/4177/2658 2375/3408/2375 688/3407/688
f 2658/4177/2658 1310/4178/1310 2375/3408/2375
f 1222/1579/1222 1220/1577/1220 282/4179/282
f 1226/2126/1226 2246/3154/2246 288/349/288
f 1226/2126/1226 1228/3155/1228 2246/3154/2246
f 2184/3761/2184 1732/2313/1732 302/4180/302
f 2184/3035/2184 302/366/302 301/365/301
f 313/379/313 466/579/466 1480/2936/1480
f 313/379/313 1480/2936/1480 2127/2935/2127
f 313/379/313 960/1239/960 466/579/466
f 2608/3892/2608 2438/4181/2438 2368/3395/2368
f 2608/3892/2608 1114/4182/1114 2438/4181/2438
f 2608/4183/2608 1414/1856/1414 1116/1857/1116
f 2608/3892/2608 2368/3395/2368 2365/3390/2365
f 2608/4183/2608 2022/2757/2022 1414/1856/1414
f 2608/4184/2608 1116/1430/1116 1114/1428/1114
f 776/975/776 2231/3894/2231 777/976/777
f 776/975/776 2377/4185/2377 2231/3894/2231
f 778/978/778 1501/1969/1501 1500/1968/1500
f 778/978/778 2005/2732/2005 1501/1969/1501
f 778/978/778 1500/1968/1500 779/979/779
f 778/978/778 355/438/355 2005/2732/2005
f 2620/3941/2620 1640/3075/1640 2642/4084/2642
f 2620/3941/2620 637/795/637 1131/3572/1131
f 1643/2179/1643 342/418/342 1644/2180/1644
f 2468/3580/2468 1445/4186/1445 1444/4187/1444
f 2468/3580/2468 1444/4187/1444 1873/2528/1873
f 2468/3580/2468 2469/3581/2469 1445/4186/1445
f 2471/3584/2471 380/473/380 379/472/379
f 2471/3584/2471 1143/1464/1143 591/2846/591
f 1661/2197/1661 1658/2194/1658 1875/4188/1875
f 1525/2011/1525 2583/3830/2583 2659/4189/2659
f 1525/2011/1525 408/505/408 2583/3830/2583
f 1525/2011/1525 2659/4189/2659 1526/2012/1526
f 551/688/551 550/692/550 2622/3945/2622
f 2442/3537/2442 1309/3863/1309 2443/3538/2443
f 1437/4063/1437 1439/3868/1439 2173/3023/2173
f 1437/4063/1437 2639/4045/2639 1438/4190/1438
f 647/806/647 2408/3479/2408 1935/2623/1935
f 1859/2513/1859 1074/3028/1074 1072/4054/1072
f 2455/4191/2455 1736/2319/1736 2456/3784/2456
f 2455/4191/2455 1511/1984/1511 1736/2319/1736
f 2381/3417/2381 2457/4192/2457 2382/3418/2382
f 86/100/86 2516/3687/2516 90/104/90
f 1954/4193/1954 2200/4194/2200 2251/3164/2251
f 1954/4193/1954 2251/3164/2251 2253/3167/2253
f 1954/2654/1954 2253/4195/2253 913/1170/913
f 1349/1763/1349 106/121/106 2015/2744/2015
f 1349/1763/1349 2015/2744/2015 1058/1359/1058
f 1349/1763/1349 1058/1359/1058 1708/2273/1708
f 119/137/119 116/133/116 367/3984/367
f 2419/3497/2419 949/1227/949 127/3770/127
f 22/3953/22 21/4069/21 2623/3954/2623
f 2609/3899/2609 785/989/785 560/699/560
f 2567/3806/2567 2569/3805/2569 1191/1539/1191
f 2567/3806/2567 1191/1539/1191 1188/1538/1188
f 2549/4196/2549 933/4197/933 2612/4198/2612
f 2549/4196/2549 937/4199/937 933/4197/933
f 2549/3762/2549 1781/2389/1781 1780/2388/1780
f 2549/3762/2549 2612/3906/2612 1781/2389/1781
f 159/184/159 586/730/586 160/185/160
f 173/202/173 174/203/174 1677/2566/1677
f 607/754/607 608/753/608 1389/1817/1389
f 196/232/196 1294/1679/1294 1743/2330/1743
f 2233/3122/2233 2642/4084/2642 2205/3074/2205
f 593/737/593 2235/3126/2235 1922/2603/1922
f 2424/3506/2424 2578/3824/2578 598/3807/598
f 1740/2323/1740 2560/3790/2560 1956/2660/1956
f 2020/2753/2020 1674/2217/1674 2558/3782/2558
f 2020/2753/2020 2558/3782/2558 2021/2754/2021
f 488/604/488 2309/3270/2309 489/4200/489
f 2500/3649/2500 1085/1389/1085 2311/3273/2311
f 2500/3649/2500 2241/4201/2241 1085/1389/1085
f 651/814/651 1574/2081/1574 652/815/652
f 1374/1800/1374 1376/1802/1376 2108/4202/2108
f 1374/1800/1374 1919/2597/1919 1375/1801/1375
f 1380/2372/1380 1770/2374/1770 2610/4106/2610
f 1380/1806/1380 2610/3900/2610 669/840/669
f 672/3657/672 2251/3164/2251 2200/4194/2200
f 672/3657/672 2252/3165/2252 2251/3164/2251
f 2525/3708/2525 2258/3180/2258 1217/4203/1217
f 2525/4204/2525 1217/1574/1217 1216/1573/1216
f 695/871/695 694/872/694 2024/2760/2024
f 695/871/695 1967/2674/1967 1457/1912/1457
f 2383/3421/2383 2382/3418/2382 1286/1666/1286
f 2383/3421/2383 1286/1666/1286 1285/1665/1285
f 718/900/718 715/895/715 2651/4130/2651
f 718/900/718 2651/4130/2651 1847/2495/1847
f 809/2268/809 729/2949/729 1705/2269/1705
f 1029/4205/1029 2102/2891/2102 2426/4206/2426
f 1579/4207/1579 821/4208/821 2227/3112/2227
f 413/511/413 411/515/411 2095/3912/2095
f 413/511/413 2095/3912/2095 414/512/414
f 2356/3367/2356 2547/3756/2547 421/3368/421
f 2356/3367/2356 2600/3875/2600 2547/3756/2547
f 1524/2010/1524 448/556/448 919/1181/919
f 1343/1754/1343 2657/4158/2657 2586/3836/2586
f 492/613/492 2145/3851/2145 495/616/495
f 2059/2808/2059 2058/2807/2058 2265/3197/2265
f 2059/2808/2059 2265/3197/2265 384/484/384
f 2059/2808/2059 1560/4209/1560 1844/2490/1844
f 2059/2808/2059 384/484/384 1560/4209/1560
f 514/644/514 513/643/513 2062/2816/2062
f 2319/3293/2319 2069/2828/2069 1506/1978/1506
f 2319/3293/2319 2321/3295/2321 2069/2828/2069
f 1862/2516/1862 422/527/422 2275/3209/2275
f 2073/2835/2073 2564/4210/2564 2660/4211/2660
f 2073/2835/2073 701/3707/701 700/4212/700
f 2073/4213/2073 700/879/700 2564/3799/2564
f 2073/2835/2073 2660/4211/2660 2075/2837/2075
f 2346/3344/2346 2601/3878/2601 187/2415/187
f 2346/3344/2346 1044/3346/1044 1888/2549/1888
f 1049/1349/1049 1047/1347/1047 1291/1673/1291
f 1049/1349/1049 1812/2444/1812 1050/1350/1050
f 1049/1349/1049 1291/1673/1291 1720/2290/1720
f 2661/4214/2661 1089/1393/1089 1088/1392/1088
f 2661/4214/2661 1088/1392/1088 2625/3964/2625
f 2661/4214/2661 2625/3964/2625 135/159/135
f 1630/2159/1630 1629/2158/1629 2447/3552/2447
f 2605/3887/2605 1093/1403/1093 163/3888/163
f 2605/3887/2605 1736/2319/1736 1511/1984/1511
f 2605/3887/2605 1511/1984/1511 1093/1403/1093
f 1097/2405/1097 927/1198/927 2063/4215/2063
f 1097/2405/1097 2063/4215/2063 1102/4216/1102
f 933/1631/933 1262/1630/1262 2612/4217/2612
f 2437/3530/2437 185/220/185 1110/4102/1110
f 2033/2769/2033 2405/3475/2405 2439/3534/2439
f 1138/2998/1138 2417/3495/2417 2160/2999/2160
f 1138/1459/1138 754/941/754 2417/3794/2417
f 2164/3007/2164 1259/1622/1259 2654/4144/2654
f 1159/1490/1159 1368/1791/1368 2065/2821/2065
f 2614/3911/2614 411/515/411 1165/4006/1165
f 2614/3911/2614 2095/3912/2095 411/515/411
f 2457/3562/2457 1700/2257/1700 2382/4218/2382
f 1834/2475/1834 1833/2476/1833 2615/3920/2615
f 1704/2270/1704 1196/1546/1196 807/1015/807
f 1704/2270/1704 1198/1549/1198 1196/1546/1196
f 106/123/106 101/115/101 2616/4219/2616
f 106/4220/106 2616/3924/2616 2015/2743/2015
f 1963/2670/1963 1962/2669/1962 814/4221/814
f 2190/3045/2190 642/800/642 640/798/640
f 36/39/36 1725/2303/1725 1320/4097/1320
f 36/39/36 32/35/32 1725/2303/1725
f 1870/2524/1870 685/858/685 684/857/684
f 753/940/753 2417/3794/2417 754/941/754
f 1024/1319/1024 2491/4127/2491 2013/2740/2013
f 1024/1319/1024 1021/1316/1021 2491/4127/2491
f 1882/2542/1882 1940/4222/1940 1883/2543/1883
f 2572/3813/2572 2584/3835/2584 2625/3964/2625
f 2572/3813/2572 2625/3964/2625 1088/1392/1088
f 2572/3813/2572 2585/4223/2585 2584/3835/2584
f 1895/2560/1895 2641/4224/2641 2121/2923/2121
f 1895/2560/1895 2662/4225/2662 2641/4224/2641
f 1895/2560/1895 1896/2561/1896 2662/4225/2662
f 471/585/471 851/1078/851 846/1077/846
f 2223/3107/2223 1559/2063/1559 327/396/327
f 2223/3105/2223 324/3841/324 2406/3477/2406
f 2223/3107/2223 327/396/327 324/393/324
f 1115/3567/1115 340/417/340 2463/3569/2463
f 777/976/777 2231/3894/2231 1686/2236/1686
f 1796/2421/1796 50/53/50 1916/2594/1916
f 1796/2421/1796 1916/2594/1916 2279/3213/2279
f 2486/3621/2486 1596/2600/1596 500/3622/500
f 2622/3945/2622 1951/2652/1951 1952/2651/1952
f 2332/3316/2332 1315/1704/1315 1316/1706/1316
f 2332/4226/2332 2643/4090/2643 2333/3853/2333
f 2332/4226/2332 1316/4227/1316 2643/4090/2643
f 286/347/286 530/663/530 1322/1715/1322
f 1168/1501/1168 1169/1502/1169 2353/3359/2353
f 1828/2467/1828 1747/2341/1747 1750/2340/1750
f 1828/2467/1828 1750/2340/1750 1339/1747/1339
f 566/706/566 1271/4150/1271 567/707/567
f 2497/3659/2497 2226/4228/2226 1906/2577/1906
f 1540/2031/1540 1795/3963/1795 1541/2032/1541
f 2538/3734/2538 709/889/709 2539/3735/2539
f 577/721/577 1789/2407/1789 1779/2387/1779
f 577/721/577 1791/2409/1791 1789/2407/1789
f 2436/3527/2436 2435/3529/2435 816/1028/816
f 525/656/525 523/661/523 2606/4025/2606
f 2344/3340/2344 2001/2724/2001 2322/3296/2322
f 2344/3340/2344 2322/3296/2322 2274/3341/2274
f 2004/2730/2004 1233/1590/1233 1234/1591/1234
f 2004/2730/2004 1731/2312/1731 1233/1590/1233
f 2004/2730/2004 1234/1591/1234 2399/3449/2399
f 462/577/462 2367/3393/2367 465/578/465
f 38/41/38 37/40/37 2448/3553/2448
f 2290/3230/2290 780/980/780 779/981/779
f 2290/3228/2290 2029/2765/2029 2027/2763/2027
f 2290/3228/2290 779/979/779 2029/2765/2029
f 2246/3154/2246 2494/3639/2494 288/349/288
f 387/479/387 2362/3382/2362 2361/3381/2361
f 1847/2495/1847 2651/4130/2651 2090/2870/2090
f 1847/2495/1847 2090/2870/2090 1304/3744/1304
f 10/4229/10 915/1173/915 13/3163/13
f 10/4229/10 445/1174/445 915/1173/915
f 2104/2894/2104 1695/3374/1695 2105/2895/2105
f 1111/1424/1111 1112/1425/1112 333/3289/333
f 2465/3574/2465 1644/2180/1644 342/418/342
f 2465/3574/2465 342/418/342 338/410/338
f 2589/4230/2589 1528/4231/1528 1530/4232/1530
f 2589/4230/2589 1530/4232/1530 957/1236/957
f 2589/4230/2589 957/1236/957 956/1235/956
f 2589/3843/2589 956/4164/956 2590/3844/2590
f 1457/1912/1457 1967/2674/1967 1970/2677/1970
f 1457/1912/1457 1970/2677/1970 2378/3413/2378
f 621/773/621 622/2694/622 1982/2693/1982
f 717/4154/717 2546/3746/2546 1988/3355/1988
f 2510/3952/2510 109/1766/109 1329/2993/1329
f 2510/4233/2510 111/128/111 109/126/109
f 2510/3680/2510 2439/3534/2439 111/3474/111
f 2587/3840/2587 2406/3477/2406 324/3841/324
f 2587/3840/2587 2588/3842/2588 2502/3651/2502
f 2635/4004/2635 2451/3556/2451 2663/4234/2663
f 1366/1789/1366 2323/4235/2323 1367/1790/1367
f 1376/3685/1376 2109/2899/2109 2108/2898/2108
f 2492/3632/2492 367/453/367 1403/1837/1403
f 2021/2754/2021 2558/3782/2558 314/380/314
f 2309/3270/2309 2310/3271/2310 200/3895/200
f 2309/4236/2309 200/236/200 199/235/199
f 2309/4236/2309 199/235/199 489/4083/489
f 1900/4000/1900 887/1137/887 1357/1775/1357
f 439/548/439 438/547/438 1516/1993/1516
f 13/13/13 2252/3658/2252 14/14/14
f 2516/3687/2516 1952/2651/1952 90/104/90
f 2555/3775/2555 2160/2999/2160 854/1085/854
f 2118/2920/2118 2631/3985/2631 2119/2921/2119
f 480/594/480 861/1097/861 481/595/481
f 480/594/480 479/593/479 2194/3050/2194
f 2123/2925/2123 2520/4237/2520 2124/2926/2124
f 1687/2239/1687 1802/2428/1802 1801/2426/1801
f 2264/3194/2264 2058/4238/2058 2522/3932/2522
f 2264/3194/2264 2522/3932/2522 802/1009/802
f 2264/4239/2264 2265/3197/2265 2058/2807/2058
f 508/636/508 509/638/509 730/913/730
f 508/636/508 727/910/727 1424/1870/1424
f 508/636/508 730/913/730 727/910/727
f 811/1021/811 816/1028/816 2435/3529/2435
f 811/1021/811 2116/4240/2116 812/1022/812
f 811/1021/811 2435/3529/2435 2116/4240/2116
f 2069/2828/2069 1507/4026/1507 1506/1978/1506
f 2564/3799/2564 1369/1793/1369 2660/4241/2660
f 2564/3799/2564 700/879/700 2526/3711/2526
f 2621/4030/2621 1136/3181/1136 2258/3180/2258
f 2641/4082/2641 2657/4242/2657 1703/2262/1703
f 2641/4082/2641 2662/4243/2662 2657/4242/2657
f 797/1004/797 795/1002/795 2263/3193/2263
f 797/1004/797 2092/2873/2092 798/1005/798
f 797/1004/797 2263/3193/2263 2092/2873/2092
f 1050/1350/1050 1812/2444/1812 589/3456/589
f 1406/1841/1406 1638/2173/1638 604/748/604
f 1406/1841/1406 1405/1840/1405 1638/2173/1638
f 2308/3269/2308 1122/1438/1122 1120/1435/1120
f 2028/3272/2028 872/1113/872 2311/3273/2311
f 2191/3047/2191 2189/3040/2189 2243/3148/2243
f 2618/3930/2618 1332/1735/1332 2286/3223/2286
f 2618/3930/2618 32/35/32 1332/1735/1332
f 2618/3930/2618 645/803/645 32/35/32
f 653/821/653 655/820/655 2197/4244/2197
f 2148/4245/2148 1151/1479/1151 1023/1478/1023
f 2148/2977/2148 2049/2793/2049 2046/2790/2046
f 2148/4245/2148 1023/1478/1023 2049/4039/2049
f 2330/3313/2330 1541/2032/1541 2331/3314/2331
f 1975/2682/1975 1748/2336/1748 1746/4246/1746
f 1975/2682/1975 1746/4246/1746 2334/3318/2334
f 1550/2686/1550 1184/1525/1184 1978/2687/1978
f 710/890/710 708/888/708 2483/3612/2483
f 715/895/715 2506/3669/2506 2651/4130/2651
f 1202/1555/1202 2220/3096/2220 991/1276/991
f 1202/1555/1202 580/2706/580 2220/3096/2220
f 923/1191/923 509/638/509 924/4247/924
f 923/1191/923 259/318/259 731/914/731
f 923/1191/923 730/913/730 509/638/509
f 923/1191/923 731/914/731 730/913/730
f 2079/2849/2079 1144/4248/1144 1479/3125/1479
f 2140/2961/2140 1227/1584/1227 290/2128/290
f 2451/3556/2451 2450/3555/2450 2663/4234/2663
f 951/1229/951 303/4249/303 304/4052/304
f 951/1229/951 952/4250/952 303/4249/303
f 527/658/527 526/657/526 1948/2643/1948
f 88/3885/88 910/1167/910 922/1186/922
f 97/111/97 96/110/96 955/4138/955
f 1957/2661/1957 1956/2660/1956 2560/3790/2560
f 2420/3498/2420 2041/2785/2041 129/151/129
f 742/926/742 743/927/743 1432/1881/1432
f 1888/2555/1888 1044/1343/1044 1040/1337/1040
f 1901/2569/1901 2151/2981/2151 2498/3644/2498
f 1112/1425/1112 335/2413/335 333/3289/333
f 2463/3569/2463 340/417/340 341/416/341
f 2463/3569/2463 341/416/341 2393/4031/2393
f 1079/1383/1079 831/1047/831 2575/3816/2575
f 222/264/222 1124/4002/1124 203/239/203
f 2532/3720/2532 1819/2453/1819 1613/2138/1613
f 2532/3720/2532 1613/2138/1613 1612/2140/1612
f 2532/3720/2532 1612/2140/1612 2282/3216/2282
f 2543/3741/2543 1201/4011/1201 2561/3791/2561
f 2543/3741/2543 2616/3924/2616 1201/4011/1201
f 1845/2491/1845 1844/2492/1844 1560/2064/1560
f 1845/2491/1845 1560/2064/1560 1300/1687/1300
f 1845/2491/1845 1300/1687/1300 2168/3018/2168
f 7/2869/7 1304/3744/1304 2090/2870/2090
f 2302/3263/2302 1220/2507/1220 1855/2506/1855
f 2302/3263/2302 283/4251/283 1220/2507/1220
f 2547/3756/2547 2548/3757/2548 421/3368/421
f 2547/3756/2547 2600/3875/2600 1589/2104/1589
f 1558/2062/1558 1559/2063/1559 2627/4252/2627
f 334/405/334 2656/4152/2656 1488/1953/1488
f 334/405/334 1488/1953/1488 1486/1951/1486
f 2205/3074/2205 112/3076/112 113/4105/113
f 2205/3074/2205 2642/4084/2642 1640/3075/1640
f 1251/1612/1251 378/467/378 377/466/377
f 2336/3321/2336 1982/2693/1982 1983/2695/1983
f 694/872/694 1694/4059/1694 2024/2760/2024
f 2382/3418/2382 1700/4253/1700 1286/1666/1286
f 571/714/571 2530/3718/2530 1472/1930/1472
f 1755/2353/1755 1442/1894/1442 1441/1893/1441
f 2277/3211/2277 1916/2594/1916 1915/2593/1915
f 2018/2748/2018 1941/2632/1941 1939/2628/1939
f 652/815/652 2412/3702/2412 655/818/655
f 1770/2374/1770 394/489/394 2610/4106/2610
f 1562/2067/1562 2456/3784/2456 1736/2319/1736
f 2552/3766/2552 1809/2437/1809 1805/2433/1805
f 297/359/297 2600/3875/2600 1323/1719/1323
f 999/1289/999 1754/2351/1754 358/443/358
f 999/1289/999 1000/1291/1000 1754/2351/1754
f 1290/1672/1290 1720/2290/1720 1291/1673/1291
f 2333/3853/2333 2643/4090/2643 2594/3854/2594
f 1790/2408/1790 1792/2410/1792 798/4254/798
f 2352/3361/2352 2032/2768/2032 2095/2879/2095
f 2292/3234/2292 1840/3991/1840 2167/3235/2167
f 2292/3234/2292 1842/2486/1842 1840/3991/1840
f 2583/3830/2583 2623/3954/2623 2659/4189/2659
f 466/580/466 464/576/464 1480/1942/1480
f 634/792/634 633/791/633 769/3123/769
f 2147/3992/2147 930/4163/930 929/4255/929
f 2147/3992/2147 1101/1412/1101 930/4163/930
f 389/482/389 1990/3196/1990 1148/4256/1148
f 389/3590/389 1148/3502/1148 2473/3591/2473
f 2601/3878/2601 2119/2921/2119 2656/4151/2656
f 1580/2090/1580 1948/2643/1948 823/1037/823
f 1580/2090/1580 1578/2092/1578 2636/4008/2636
f 246/296/246 1932/4257/1932 1928/2613/1928
f 246/4258/246 245/295/245 1932/2618/1932
f 1220/4259/1220 283/344/283 282/343/282
f 1732/2313/1732 1733/2314/1733 302/4180/302
f 1522/2006/1522 1519/2008/1519 2645/4094/2645
f 2623/3954/2623 1526/2012/1526 2659/4189/2659
f 2623/3954/2623 21/4069/21 1526/2012/1526
f 1780/2388/1780 1779/2387/1779 1789/2407/1789
f 184/219/184 1110/4102/1110 185/220/185
f 2541/3738/2541 2594/3854/2594 2643/4090/2643
f 2541/3738/2541 2595/3855/2595 2594/3854/2594
f 1725/2302/1725 2598/3871/2598 1320/4260/1320
f 1725/2303/1725 32/35/32 645/803/645
f 2029/2765/2029 779/979/779 1500/1968/1500
f 1043/4261/1043 2347/3348/2347 2459/3564/2459
f 2299/3254/2299 2366/3392/2366 1047/1347/1047
f 2299/3254/2299 2367/3393/2367 2366/3392/2366
f 2515/4092/2515 2645/4094/2645 1519/2008/1519
f 813/3867/813 812/3388/812 2363/3387/2363
f 301/365/301 300/364/300 2185/3036/2185
f 2657/4158/2657 2662/4262/2662 2586/3836/2586
f 2473/3591/2473 1148/3502/1148 2421/3500/2421
f 2568/3804/2568 2577/3823/2577 2569/3805/2569
f 2568/3804/2568 598/3807/598 2578/3824/2578
f 2568/3804/2568 2578/3824/2578 2577/3823/2577
f 1275/1647/1275 1714/3672/1714 2507/3671/2507
f 1275/1647/1275 2507/3671/2507 1276/1649/1276
f 1275/4263/1275 849/2609/849 1714/2284/1714
f 1279/1652/1279 2627/3969/2627 1559/4264/1559
f 193/1675/193 2574/4122/2574 1292/1676/1292
f 438/3921/438 2615/3920/2615 1516/4265/1516
f 1271/4266/1271 1270/1641/1270 567/708/567
f 1929/2614/1929 2556/4129/2556 1931/2616/1931
f 1414/1856/1414 2022/2757/2022 1073/1377/1073
f 1754/2349/1754 1000/3493/1000 2126/2934/2126
f 2040/2784/2040 2260/3185/2260 2041/2785/2041
f 1018/1313/1018 662/830/662 658/824/658
f 1878/4079/1878 666/837/666 2503/3653/2503
f 450/559/450 449/563/449 1037/1334/1037
f 2491/3631/2491 1021/1356/1021 1053/1353/1053
f 1902/2570/1902 2372/3399/2372 1903/2571/1903
f 1084/1388/1084 2311/3273/2311 1085/1389/1085
f 509/640/509 510/639/510 924/4267/924
f 126/4050/126 127/3770/127 949/1227/949
f 1369/1796/1369 1367/1790/1367 2660/4268/2660
f 2229/3118/2229 1292/1676/1292 2574/4122/2574
f 579/3905/579 2219/3094/2219 2220/3096/2220
f 579/3905/579 2220/3096/2220 580/2706/580
f 604/748/604 1638/2173/1638 1636/2171/1636
f 2631/3985/2631 2656/4151/2656 2119/2921/2119
f 2631/3986/2631 1487/1952/1487 1488/1953/1488
f 2631/3986/2631 1488/1953/1488 2656/4152/2656
f 2520/3697/2520 2481/3606/2481 868/3989/868
f 2520/4237/2520 868/1104/868 2124/2926/2124
f 2494/3639/2494 2629/3976/2629 288/349/288
f 1516/4265/1516 1833/2476/1833 1517/4269/1517
f 1516/4265/1516 2615/3920/2615 1833/2476/1833
f 2284/3219/2284 998/1287/998 1611/2135/1611
f 2156/4070/2156 1749/2339/1749 2157/4270/2157
f 2156/4070/2156 1750/2340/1750 1749/2339/1749
f 2084/4271/2084 134/158/134 2085/3834/2085
f 1196/1546/1196 2460/3565/2460 807/1015/807
f 2225/3109/2225 1906/2581/1906 2226/3110/2226
f 2225/3113/2225 2227/3112/2227 821/4208/821
f 761/950/761 1863/2517/1863 762/951/762
f 203/4272/203 1124/4121/1124 208/246/208
f 786/993/786 2539/3735/2539 787/994/787
f 2649/4112/2649 1631/2165/1631 2484/3618/2484
f 2548/3759/2548 2275/3209/2275 422/527/422
f 2548/3759/2548 422/527/422 421/526/421
f 2366/3392/2366 1291/1673/1291 1047/1347/1047
f 1795/3963/1795 2331/3314/2331 1541/2032/1541
f 1984/2697/1984 1981/2691/1981 2474/3597/2474
f 2219/3094/2219 2612/3907/2612 1262/3095/1262
f 2598/3871/2598 1322/3872/1322 1320/4260/1320
f 668/839/668 232/275/232 1381/1807/1381
f 129/151/129 2041/2785/2041 2260/3185/2260
f 129/151/129 2260/3185/2260 1250/3822/1250
f 589/4013/589 381/470/381 380/469/380
f 1969/2676/1969 2378/3413/2378 1970/2677/1970
f 101/115/101 1201/1554/1201 2616/4219/2616
f 1276/1649/1276 2507/3671/2507 736/919/736
f 2350/4273/2350 2349/4274/2349 2636/4008/2636
f 2350/4273/2350 2636/4008/2636 1578/2092/1578
f 1621/2150/1621 2489/3626/2489 2488/3624/2488
f 616/765/616 614/762/614 1890/2551/1890
f 616/765/616 1890/2551/1890 1285/1665/1285
f 2528/3715/2528 2088/2866/2088 1467/1922/1467
f 2075/2837/2075 2660/4211/2660 2323/4275/2323
f 2662/4225/2662 1896/2561/1896 863/4276/863
f 2662/4225/2662 863/4276/863 2586/4277/2586
f 2643/4278/2643 1316/2381/1316 1775/2380/1775
f 1475/2705/1475 1792/2410/1792 1791/2409/1791
f 2426/3509/2426 2101/4279/2101 2647/4109/2647
f 2426/4206/2426 2102/2891/2102 2101/2889/2101
f 111/3474/111 2439/3534/2439 2405/3475/2405
f 1377/1803/1377 1373/1799/1373 1620/2149/1620
f 1411/1851/1411 28/30/28 25/25/25
f 1411/1851/1411 25/25/25 475/589/475
f 2603/3882/2603 1722/2299/1722 1746/2333/1746
f 2216/3091/2216 792/4280/792 2217/3092/2217
f 1990/3196/1990 384/484/384 2265/3197/2265
f 396/491/396 394/489/394 1768/2371/1768
f 815/4281/815 814/4282/814 1962/4283/1962
f 526/657/526 823/1037/823 1948/2643/1948
f 374/462/374 373/460/373 125/4284/125
f 2194/3050/2194 479/593/479 1334/1738/1334
f 2349/3607/2349 1829/2468/1829 2636/4009/2636
f 567/708/567 1270/1641/1270 1624/2153/1624
f 1242/1601/1242 120/1603/120 118/136/118
f 1583/2095/1583 2099/2886/2099 1646/2885/1646
f 2507/3671/2507 737/920/737 736/919/736
f 1367/1790/1367 2323/4235/2323 2660/4268/2660
f 2334/3318/2334 1722/2298/1722 29/2297/29
f 2334/3318/2334 1746/4246/1746 1722/2298/1722
f 1733/2314/1733 304/4053/304 302/4180/302
f 865/2559/865 863/4276/863 1896/2561/1896
f 127/3770/127 125/4284/125 373/460/373
f 2295/3239/2295 1591/2725/1591 1590/4285/1590
f 791/998/791 2217/3903/2217 792/999/792
f 1398/4286/1398 1397/1825/1397 1048/1348/1048
f 1398/1827/1398 1048/4287/1048 2400/3453/2400
f 1740/2325/1740 1956/2657/1956 1390/2326/1390
f 1387/2656/1387 1390/2326/1390 1956/2657/1956
f 1986/3354/1986 2664/4288/2664 1987/4289/1987
f 1986/3354/1986 3/3/3 2664/4288/2664
f 2089/2867/2089 2664/4288/2664 3/3/3
f 2089/2867/2089 2506/4290/2506 2664/4288/2664
f 2385/4291/2385 2664/4288/2664 2506/4290/2506
f 2385/4291/2385 1987/4289/1987 2664/4288/2664
f 278/339/278 2665/4292/2665 1545/2037/1545
f 278/339/278 281/342/281 2665/4292/2665
f 280/341/280 2665/4292/2665 281/342/281
f 280/3750/280 2301/3753/2301 2665/4293/2665
f 2139/2960/2139 2665/4293/2665 2301/3753/2301
f 1221/2959/1221 2665/4293/2665 2139/2960/2139
f 1221/1578/1221 1223/1580/1223 2665/4294/2665
f 1544/2039/1544 2665/4294/2665 1223/1580/1223
f 1543/4295/1543 2665/4294/2665 1544/2039/1544
f 1543/2034/1543 1545/2037/1545 2665/4292/2665
f 491/612/491 2666/4296/2666 1416/1859/1416
f 491/612/491 494/615/494 2666/4296/2666
f 494/615/494 2521/3698/2521 2666/4296/2666
f 2521/4153/2521 2279/3213/2279 2666/4297/2666
f 2276/3210/2276 2666/4297/2666 2279/3213/2279
f 2276/3210/2276 2278/3212/2278 2666/4297/2666
f 2592/3849/2592 2666/4296/2666 2278/3850/2278
f 2592/3849/2592 1416/1859/1416 2666/4296/2666
f 136/161/136 2667/4298/2667 139/164/139
f 136/161/136 138/163/138 2667/4298/2667
f 138/163/138 233/279/233 2667/4298/2667
f 230/273/230 2667/4299/2667 233/276/233
f 2129/2939/2129 2667/4299/2667 230/273/230
f 2129/2939/2129 2130/2940/2130 2667/4299/2667
f 1877/4078/1877 2667/4299/2667 2130/2940/2130
f 1876/2534/1876 2667/4298/2667 1877/2535/1877
f 1876/2534/1876 1881/2539/1881 2667/4298/2667
f 139/164/139 2667/4298/2667 1881/2539/1881
f 1618/2147/1618 2668/4300/2668 1619/2148/1619
f 1618/2147/1618 1622/2151/1622 2668/4300/2668
f 1622/2151/1622 2488/3624/2488 2668/4300/2668
f 2487/3623/2487 2668/4300/2668 2488/3624/2488
f 2487/4301/2487 2429/3514/2429 2668/4302/2668
f 2428/3512/2428 2668/4302/2668 2429/3514/2429
f 2428/3512/2428 1950/2646/1950 2668/4302/2668
f 1254/2645/1254 2668/4302/2668 1950/2646/1950
f 1254/1615/1254 1949/2644/1949 2668/4300/2668
f 1619/2148/1619 2668/4300/2668 1949/2644/1949
f 829/1045/829 2669/4303/2669 830/1046/830
f 829/4304/829 832/3706/832 2669/4305/2669
f 832/3706/832 1693/2248/1693 2669/4305/2669
f 1692/2247/1692 2669/4305/2669 1693/2248/1693
f 2650/4113/2650 2669/4305/2669 1692/2247/1692
f 2650/4306/2650 1650/4307/1650 2669/4308/2669
f 1649/4309/1649 2669/4308/2669 1650/4307/1650
f 1649/2185/1649 2576/3820/2576 2669/4303/2669
f 2576/3820/2576 2397/3446/2397 2669/4303/2669
f 2397/3446/2397 830/1046/830 2669/4303/2669
