# www.meshy.ai
mtllib Meshy_AI_Grizzled_Outlander_0914142800_texture.mtl
o Meshy_AI_Grizzled_Outlander_0914142800_texture
v 0.062256 0.098633 -0.013245
v 0.079102 0.108398 -0.000637
v 0.068848 0.097656 0.007202
v 0.046143 0.098145 -0.036621
v 0.066895 0.109863 -0.025146
v 0.091797 -0.127930 -0.044678
v 0.062256 -0.081543 -0.057617
v 0.091797 -0.077148 -0.044922
v 0.092285 -0.174805 -0.043701
v 0.069336 -0.151367 -0.055908
v 0.104980 -0.166992 -0.026855
v 0.066406 -0.118652 -0.056885
v 0.107910 -0.117676 -0.023071
v -0.013916 0.382812 0.041260
v -0.011108 0.380859 0.043213
v -0.008301 0.384766 0.045898
v -0.013733 0.380859 0.040527
v -0.019165 0.390625 0.038086
v -0.018555 0.382812 0.034668
v -0.011353 0.388672 0.043945
v -0.098633 0.057129 0.020020
v -0.100098 0.059326 -0.008179
v -0.096191 0.028687 0.019409
v -0.080566 0.058350 0.049561
v -0.094238 0.057861 0.020142
v -0.078125 0.031250 0.049805
v -0.096191 0.060059 -0.006897
v 0.030762 0.437500 -0.037109
v 0.016479 0.443359 -0.046143
v 0.015869 0.458984 -0.037354
v 0.039307 0.441406 -0.020508
v 0.038330 0.425781 -0.024414
v 0.030884 0.451172 -0.030273
v 0.015747 0.416016 -0.046143
v 0.028564 0.414062 -0.037354
v 0.102539 -0.470703 0.072266
v 0.094238 -0.470703 0.058838
v 0.090820 -0.488281 0.056396
v 0.099609 -0.484375 0.075195
v 0.112305 -0.470703 0.079590
v 0.116699 -0.466797 0.055420
v -0.179688 0.190430 -0.041260
v -0.164062 0.196289 -0.070312
v -0.177734 0.179688 -0.066406
v -0.191406 0.184570 -0.040771
v -0.175781 0.184570 -0.018188
v -0.176758 0.208008 -0.042969
v -0.172852 0.200195 -0.016724
v -0.236328 -0.015747 0.045166
v -0.242188 -0.012329 0.042725
v -0.236328 -0.013855 0.041260
v -0.232422 -0.013184 0.045166
v -0.235352 -0.013062 0.047852
v -0.233398 -0.013977 0.041504
v -0.240234 -0.011169 0.047363
v 0.037109 0.404297 0.006134
v 0.033203 0.392578 0.005585
v 0.034912 0.396484 -0.001015
v 0.038574 0.402344 -0.000832
v 0.038086 0.412109 0.003036
v 0.034668 0.402344 0.015198
v 0.038330 0.410156 0.001114
v 0.150391 -0.490234 0.037354
v 0.145508 -0.490234 0.014832
v 0.148438 -0.490234 0.037109
v 0.149414 -0.500000 0.013672
v 0.147461 -0.492188 0.014343
v 0.145508 -0.486328 0.061035
v 0.147461 -0.488281 0.060303
v 0.149414 -0.498047 0.062256
v 0.152344 -0.498047 0.037354
v -0.002899 0.169922 -0.064453
v -0.002228 0.142578 -0.063477
v -0.025757 0.167969 -0.062988
v 0.020020 0.167969 -0.064941
v 0.019775 0.142578 -0.063965
v -0.004059 0.196289 -0.071777
v -0.026855 0.195312 -0.069824
v -0.092285 -0.211914 -0.050537
v -0.089844 -0.223633 -0.054932
v -0.100098 -0.226562 -0.035156
v -0.099609 -0.216797 -0.030884
v -0.101562 -0.204102 -0.027710
v -0.089355 -0.190430 -0.042725
v -0.068359 -0.192383 -0.055664
v -0.069336 -0.206055 -0.062256
v 0.013733 0.380859 0.042969
v 0.016724 0.384766 0.041748
v 0.012451 0.382812 0.045166
v 0.011963 0.378906 0.043945
v 0.012878 0.376953 0.042480
v 0.016846 0.376953 0.039551
v 0.010376 0.380859 0.047119
v 0.011780 0.378906 0.044922
v 0.024170 0.089844 -0.065918
v -0.004120 0.082520 -0.065918
v 0.022339 0.089844 -0.060547
v 0.050049 0.097168 -0.054443
v 0.028076 0.064941 -0.066895
v 0.046875 0.096680 -0.050537
v -0.041504 0.466797 0.006226
v -0.048096 0.462891 -0.010681
v -0.046875 0.457031 -0.011658
v -0.042969 0.462891 -0.002853
v -0.047852 0.453125 0.003098
v -0.036621 0.458984 0.019165
v -0.035400 0.460938 0.019165
v -0.038574 0.474609 0.014099
v -0.041992 0.468750 0.002625
v -0.044922 0.472656 -0.001137
v -0.253906 0.044434 0.002701
v -0.257812 0.030762 0.018555
v -0.250000 0.045166 0.015991
v -0.250000 0.057617 -0.001251
v -0.251953 0.043945 -0.009399
v -0.261719 0.029907 0.006531
v -0.248047 0.054199 0.010681
v -0.257812 0.029175 -0.005646
v 0.007935 0.464844 0.049805
v 0.010010 0.455078 0.045654
v 0.010559 0.457031 0.046631
v 0.004822 0.472656 0.046143
v 0.002731 0.462891 0.050781
v 0.007812 0.455078 0.049561
v 0.097168 -0.208008 -0.054688
v 0.074707 -0.208984 -0.068848
v 0.073242 -0.193359 -0.061279
v 0.093750 -0.192383 -0.044922
v 0.110352 -0.210938 -0.033203
v 0.096680 -0.225586 -0.055664
v -0.010986 0.376953 0.041748
v -0.014587 0.376953 0.037842
v -0.008728 0.373047 0.041992
v -0.008240 0.376953 0.043945
v -0.011108 0.369141 0.039307
v -0.008789 0.378906 0.043701
v -0.088379 -0.470703 0.060547
v -0.084961 -0.488281 0.059082
v -0.084473 -0.470703 0.043457
v -0.096680 -0.470703 0.074707
v -0.110352 -0.466797 0.057617
v 0.208008 0.157227 -0.051514
v 0.196289 0.167969 -0.053711
v 0.193359 0.166016 -0.033447
v 0.192383 0.155273 -0.076660
v 0.205078 0.157227 -0.027588
v 0.212891 0.143555 -0.048340
v 0.200195 0.142578 -0.076172
v 0.234375 -0.000717 0.016846
v 0.235352 -0.008362 0.020630
v 0.231445 -0.007477 0.024170
v 0.240234 -0.000166 0.016357
v 0.234375 0.007202 0.011841
v 0.241211 0.004669 0.012939
v 0.227539 0.009338 0.016357
v 0.230469 0.000809 0.021362
v -0.021362 0.427734 -0.053467
v -0.025635 0.425781 -0.053711
v -0.029175 0.435547 -0.051514
v -0.023071 0.417969 -0.055176
v -0.020020 0.443359 -0.054688
v -0.103516 -0.328125 -0.023804
v -0.092773 -0.330078 -0.006439
v -0.092773 -0.291016 -0.001907
v -0.104980 -0.371094 -0.045410
v -0.103027 -0.371094 -0.025391
v -0.103027 -0.287109 -0.021973
v -0.106934 -0.330078 -0.044434
v 0.046875 0.263672 -0.087891
v 0.048584 0.239258 -0.086914
v 0.018799 0.243164 -0.085449
v 0.065430 0.292969 -0.078613
v 0.076660 0.259766 -0.081055
v 0.046387 0.296875 -0.081055
v 0.019287 0.265625 -0.087402
v 0.261719 -0.007233 0.016357
v 0.259766 -0.003098 0.004547
v 0.265625 -0.009827 0.009460
v 0.265625 -0.020264 0.019653
v 0.271484 -0.016846 0.021484
v 0.263672 -0.000793 0.017944
v 0.257812 0.000862 0.013123
v -0.009460 0.492188 -0.022827
v 0.002914 0.486328 -0.032959
v -0.017334 0.482422 -0.030884
v -0.024048 0.488281 -0.012817
v -0.006744 0.496094 -0.014038
v 0.004181 0.494141 -0.017700
v -0.058350 -0.084473 -0.053711
v -0.054443 -0.048584 -0.054688
v -0.023926 -0.054688 -0.047119
v -0.086914 -0.113281 -0.038574
v -0.085938 -0.078125 -0.039062
v -0.061279 -0.118164 -0.052246
v -0.028564 -0.091797 -0.044189
v 0.022949 0.406250 0.040039
v 0.023071 0.414062 0.039062
v 0.021729 0.412109 0.040771
v 0.017212 0.408203 0.042725
v 0.021118 0.396484 0.041992
v 0.027100 0.400391 0.037842
v 0.017944 0.404297 0.042236
v 0.025269 0.410156 0.037109
v 0.060059 -0.484375 -0.038086
v 0.072754 -0.494141 -0.010071
v 0.074219 -0.486328 -0.010498
v 0.061523 -0.484375 -0.038574
v 0.061035 -0.484375 -0.057129
v 0.061035 -0.500000 -0.038574
v -0.194336 0.143555 -0.001480
v -0.180664 0.137695 0.003433
v -0.187500 0.158203 0.002289
v -0.200195 0.162109 -0.010986
v -0.205078 0.148438 -0.012512
v -0.177734 0.135742 -0.030396
v -0.273438 -0.023926 0.021973
v -0.273438 -0.022339 0.016357
v -0.271484 -0.026123 0.016968
v -0.269531 -0.039307 0.024048
v -0.265625 -0.036377 0.027222
v -0.269531 -0.023438 0.025391
v -0.273438 -0.020020 0.025391
v 0.007935 0.392578 -0.038818
v -0.000450 0.388672 -0.039062
v -0.000359 0.400391 -0.045410
v 0.010742 0.400391 -0.044922
v 0.013794 0.392578 -0.037354
v -0.149414 0.128906 -0.018188
v -0.151367 0.136719 -0.008057
v -0.157227 0.122070 -0.008545
v -0.154297 0.115723 -0.022339
v -0.145508 0.129883 -0.030396
v -0.144531 0.141602 -0.018433
v -0.056885 -0.335938 -0.066895
v -0.052246 -0.294922 -0.068848
v -0.038574 -0.300781 -0.048096
v -0.078613 -0.375000 -0.071777
v -0.077637 -0.333984 -0.073730
v -0.043457 -0.339844 -0.049561
v -0.049072 -0.378906 -0.049805
v -0.060547 -0.378906 -0.065430
v 0.158203 0.193359 -0.018555
v 0.166016 0.213867 -0.028564
v 0.151367 0.209961 -0.011597
v 0.171875 0.177734 -0.011230
v 0.173828 0.197266 -0.028320
v 0.151367 0.170898 -0.016113
v 0.142578 0.185547 -0.009949
v 0.076172 0.078125 -0.032227
v 0.080078 0.052734 -0.034912
v 0.049316 0.077148 -0.054688
v 0.091797 0.055420 -0.004303
v 0.047607 0.105469 -0.050293
v 0.073242 0.106934 -0.027954
v 0.087891 0.078613 -0.003174
v -0.015625 0.416016 0.042725
v -0.013611 0.419922 0.040527
v -0.017212 0.417969 0.040527
v -0.016846 0.414062 0.041992
v -0.012634 0.414062 0.043701
v -0.013062 0.416016 0.043213
v -0.091797 -0.449219 -0.066895
v -0.091309 -0.466797 -0.070312
v -0.104004 -0.468750 -0.052979
v -0.103516 -0.447266 -0.050781
v -0.090332 -0.433594 -0.063965
v -0.075684 -0.451172 -0.071777
v -0.075195 -0.433594 -0.065430
v 0.072266 0.185547 0.034668
v 0.070312 0.156250 0.033203
v 0.085449 0.184570 0.011414
v 0.088867 0.206055 0.011230
v 0.072754 0.208984 0.037842
v 0.050537 0.186523 0.055176
v 0.050537 0.154297 0.052979
v 0.271484 -0.007721 -0.025757
v 0.269531 -0.020996 -0.023071
v 0.265625 -0.009888 -0.025879
v 0.273438 -0.006775 -0.020752
v 0.273438 -0.017700 -0.017944
v 0.267578 -0.001663 -0.026855
v -0.005310 0.412109 0.042236
v -0.008484 0.410156 0.042725
v -0.008606 0.408203 0.043457
v -0.006989 0.412109 0.043457
v -0.011230 0.412109 0.038574
v -0.004089 0.410156 0.043701
v -0.003448 0.410156 0.044922
v -0.048340 0.100098 0.062256
v -0.001595 0.057617 0.002655
v -0.071289 0.101562 0.047363
v -0.073242 0.072266 0.046875
v -0.048584 0.069824 0.060791
v -0.024414 0.099121 0.071289
v 0.036621 0.478516 0.000477
v 0.036621 0.478516 -0.020996
v 0.032715 0.488281 -0.011169
v 0.039062 0.468750 -0.012207
v 0.030151 0.478516 0.017090
v 0.045410 0.470703 0.001816
v 0.042236 0.466797 -0.005524
v 0.042480 -0.206055 0.000774
v 0.038574 -0.173828 0.006958
v 0.031982 -0.173828 -0.013306
v 0.055420 -0.202148 0.020264
v 0.056641 -0.225586 0.018188
v 0.041504 -0.227539 -0.002808
v 0.032959 -0.206055 -0.017700
v -0.122559 0.255859 -0.066406
v -0.100586 0.235352 -0.073242
v -0.118652 0.237305 -0.074219
v -0.141602 0.257812 -0.049561
v -0.122559 0.275391 -0.058594
v -0.142578 0.238281 -0.062256
v -0.105957 0.257812 -0.070801
v -0.267578 -0.034668 0.035889
v -0.261719 -0.044434 0.037598
v -0.259766 -0.042725 0.039551
v -0.263672 -0.032227 0.039307
v -0.267578 -0.031128 0.035400
v -0.265625 -0.031982 0.030884
v -0.267578 -0.034180 0.031128
v -0.261719 -0.043213 0.033203
v 0.025024 0.373047 -0.026855
v 0.029419 0.367188 -0.013000
v 0.027588 0.363281 -0.027466
v 0.014587 0.384766 -0.034668
v 0.026611 0.382812 -0.024292
v 0.014954 0.369141 -0.036377
v 0.214844 0.093750 -0.008850
v 0.197266 0.120117 -0.012878
v 0.187500 0.107422 -0.013245
v 0.205078 0.084473 -0.010132
v 0.226562 0.097168 -0.016724
v 0.212891 0.125000 -0.019653
v 0.231445 0.067871 -0.007294
v -0.003204 0.466797 -0.053955
v -0.012512 0.468750 -0.048828
v 0.000206 0.480469 -0.045410
v 0.000023 0.468750 -0.049072
v 0.000256 0.460938 -0.058105
v 0.005249 0.472656 -0.046631
v -0.007477 0.457031 -0.056885
v -0.091797 0.033691 -0.002090
v -0.087891 0.011902 0.025757
v -0.091309 0.028809 0.029053
v -0.090820 0.012756 -0.001663
v -0.075684 0.026978 -0.036133
v -0.090820 0.051758 0.024170
v -0.091797 0.052979 -0.003326
v -0.074707 0.049316 -0.034912
v 0.024658 0.417969 0.043701
v 0.019897 0.419922 0.047852
v 0.018433 0.416016 0.045898
v 0.029541 0.423828 0.032715
v 0.025269 0.425781 0.041748
v 0.022827 0.416016 0.042480
v 0.027710 0.416016 0.038330
v 0.083984 -0.410156 -0.078125
v 0.066895 -0.414062 -0.069824
v 0.063477 -0.382812 -0.067871
v 0.102539 -0.406250 -0.067383
v 0.108398 -0.423828 -0.076172
v 0.081543 -0.376953 -0.074707
v 0.086426 -0.423828 -0.087402
v 0.063477 -0.421875 -0.076172
v -0.087891 0.225586 0.006744
v -0.089355 0.212891 -0.013550
v -0.085449 0.208984 0.014343
v -0.082031 0.222656 0.028564
v -0.089355 0.225586 -0.015625
v -0.088379 0.234375 0.018799
v -0.088379 0.233398 0.000790
v -0.233398 0.048096 -0.015381
v -0.244141 0.051025 -0.017334
v -0.234375 0.064941 -0.023438
v -0.217773 0.060059 -0.012390
v -0.226562 0.048828 -0.007416
v -0.238281 0.041016 -0.015991
v -0.224609 0.059814 -0.020752
v -0.231445 0.041748 -0.007202
v 0.012024 0.449219 0.043945
v 0.008606 0.451172 0.043457
v 0.017944 0.447266 0.041504
v 0.261719 -0.048340 0.000076
v 0.263672 -0.043213 0.000652
v 0.263672 -0.045410 -0.003967
v 0.263672 -0.048096 -0.004181
v 0.263672 -0.049805 -0.000439
v 0.263672 -0.047363 0.003220
v -0.002136 0.380859 0.051758
v -0.003845 0.382812 0.050293
v -0.005554 0.380859 0.048828
v 0.001862 0.380859 0.052246
v -0.000191 0.382812 0.052002
v -0.001167 0.378906 0.051270
v -0.083496 -0.445312 0.009399
v -0.085938 -0.421875 0.007385
v -0.094727 -0.443359 0.008850
v -0.069824 -0.449219 -0.001740
v -0.064941 -0.425781 0.000645
v -0.084473 -0.447266 -0.035889
v 0.136719 0.172852 -0.077637
v 0.119629 0.171875 -0.062500
v 0.124512 0.186523 -0.078613
v 0.141602 0.158203 -0.076660
v 0.157227 0.168945 -0.083496
v 0.147461 0.184570 -0.088379
v 0.003906 -0.002029 0.065918
v -0.006622 -0.020752 0.052734
v 0.003082 -0.018921 0.053467
v -0.022461 0.016113 0.066895
v -0.021240 -0.003296 0.063965
v 0.001579 0.020996 0.071289
v 0.014038 -0.018066 0.053223
v 0.027222 -0.002197 0.062256
v 0.027710 0.019409 0.066406
v -0.042725 0.414062 -0.008362
v -0.041260 0.414062 -0.009583
v -0.042725 0.406250 -0.010254
v -0.040527 0.417969 -0.003448
v -0.039551 0.417969 -0.005798
v -0.035645 0.408203 0.000977
v -0.269531 0.001953 0.026245
v -0.271484 -0.015564 0.031494
v -0.267578 -0.013245 0.037109
v -0.267578 -0.003494 0.023560
v -0.263672 0.001915 0.033936
v -0.269531 0.007080 0.023438
v -0.271484 0.002151 0.020020
v 0.002991 0.476562 -0.000866
v 0.002213 0.470703 -0.021484
v -0.012573 0.468750 -0.020996
v -0.011169 0.472656 -0.001297
v 0.016235 0.468750 -0.021484
v -0.010254 0.472656 0.013916
v 0.003510 0.474609 0.014221
v 0.016113 0.472656 0.013062
v 0.016479 0.472656 -0.002121
v 0.097168 -0.333984 -0.006531
v 0.073730 -0.296875 0.000874
v 0.077637 -0.337891 -0.000443
v 0.101074 -0.376953 -0.011292
v 0.109863 -0.375000 -0.029419
v 0.094727 -0.294922 -0.000824
v 0.109375 -0.332031 -0.027832
v -0.079590 0.259766 -0.075195
v -0.095703 0.275391 -0.067871
v -0.084473 0.283203 -0.069336
v -0.057373 0.241211 -0.081055
v -0.079102 0.235352 -0.073242
v -0.058594 0.263672 -0.081543
v -0.086426 0.250000 -0.066406
v -0.053955 -0.484375 -0.037842
v -0.067383 -0.486328 -0.010315
v -0.066406 -0.492188 -0.008728
v -0.055420 -0.484375 -0.037598
v -0.054199 -0.500000 -0.037842
v -0.053955 -0.484375 -0.054932
v 0.241211 0.019165 0.018921
v 0.246094 0.010193 0.018066
v 0.251953 0.013672 0.016479
v 0.230469 0.018433 0.017700
v 0.231445 0.012512 0.021729
v 0.243164 0.029053 0.012573
v 0.241211 0.012268 0.022461
v 0.032715 -0.089355 -0.047852
v 0.026001 -0.051514 -0.048096
v 0.057861 -0.043945 -0.056885
v -0.020386 0.408203 0.038574
v -0.024048 0.398438 0.037354
v -0.015015 0.402344 0.041504
v -0.021362 0.412109 0.036865
v -0.026001 0.408203 0.032959
v -0.020508 0.412109 0.038330
v -0.013794 0.408203 0.042236
v -0.018066 0.412109 0.040527
v -0.104980 -0.250000 -0.039795
v -0.094727 -0.250000 -0.062988
v -0.069824 -0.228516 -0.065430
v -0.070312 -0.216797 -0.068359
v 0.019653 0.373047 0.030518
v 0.021729 0.382812 0.034180
v 0.013794 0.371094 0.038574
v 0.023804 0.371094 0.019531
v 0.026001 0.382812 0.024292
v 0.015869 0.365234 0.029907
v 0.259766 0.042725 -0.013000
v 0.253906 0.041748 0.000713
v 0.263672 0.027954 0.002426
v 0.267578 0.027344 -0.009949
v 0.263672 0.025757 -0.021729
v 0.255859 0.053955 -0.017822
v 0.251953 0.051270 -0.005493
v 0.257812 0.041992 -0.024414
v 0.000160 0.455078 0.048096
v 0.005493 0.447266 0.045654
v -0.002899 0.451172 0.043213
v -0.004639 0.464844 0.046143
v -0.004639 0.455078 0.043701
v -0.118164 0.031494 0.008301
v -0.119629 0.017700 -0.007233
v -0.119141 0.014221 0.007263
v -0.115723 0.031982 0.025635
v -0.116211 0.049561 0.008606
v -0.116699 0.050049 -0.006165
v -0.115723 0.014099 0.025513
v -0.119629 0.032227 -0.008240
v 0.025757 0.427734 -0.051758
v 0.015869 0.421875 -0.056396
v 0.021484 0.427734 -0.056152
v 0.085449 -0.472656 0.024292
v 0.082031 -0.490234 0.015198
v 0.087402 -0.490234 0.038574
v 0.090332 -0.468750 0.041504
v 0.078613 -0.472656 0.004883
v 0.089355 -0.458984 0.021606
v -0.194336 0.157227 -0.045410
v -0.190430 0.146484 -0.062988
v -0.204102 0.141602 -0.044189
v -0.202148 0.147461 -0.028076
v -0.194336 0.162109 -0.029785
v -0.135742 -0.472656 0.044434
v -0.134766 -0.472656 0.062256
v -0.142578 -0.490234 0.039795
v -0.139648 -0.488281 0.063965
v -0.115723 -0.464844 0.032959
v -0.132812 -0.474609 0.022583
v 0.070801 0.235352 -0.082520
v 0.046387 0.216797 -0.079102
v 0.238281 -0.016968 0.030029
v 0.234375 -0.014709 0.031250
v 0.235352 -0.015991 0.027832
v 0.241211 -0.012512 0.032959
v 0.237305 -0.014832 0.033936
v 0.239258 -0.007385 0.020386
v 0.243164 -0.013733 0.029419
v -0.036377 0.423828 0.003098
v -0.034424 0.435547 0.012939
v -0.037598 0.427734 -0.006989
v -0.032227 0.417969 0.015869
v -0.031006 0.427734 0.020386
v -0.034424 0.412109 0.003799
v -0.035889 0.416016 0.000782
v -0.029663 0.125977 -0.065430
v -0.053711 0.125977 -0.057373
v -0.049805 0.139648 -0.052979
v -0.026855 0.142578 -0.059570
v -0.004028 0.118164 -0.067383
v -0.030518 0.115234 -0.062256
v 0.041992 0.468750 0.010071
v 0.039795 0.466797 0.016235
v 0.044922 0.457031 0.005096
v 0.105469 -0.193359 -0.027588
v 0.071289 -0.175781 -0.055420
v -0.008484 0.380859 0.044434
v -0.263672 -0.017456 -0.000193
v -0.269531 -0.017456 0.001129
v -0.263672 -0.027588 0.000637
v -0.261719 -0.011047 -0.007935
v -0.261719 -0.010681 -0.000406
v -0.265625 -0.019775 -0.007050
v -0.263672 -0.028198 -0.004028
v 0.007538 0.398438 0.051025
v 0.008972 0.398438 0.047119
v 0.006134 0.402344 0.051270
v 0.008240 0.394531 0.050537
v 0.005707 0.396484 0.055908
v -0.005737 0.308594 0.025757
v -0.003662 0.298828 0.036621
v 0.001350 0.306641 0.024902
v -0.007935 0.324219 0.014954
v -0.020874 0.314453 0.023926
v -0.020630 0.308594 0.035400
v 0.001244 0.322266 0.015564
v 0.071289 0.322266 -0.003876
v 0.093262 0.316406 -0.007812
v 0.093750 0.324219 -0.027222
v 0.069336 0.333984 -0.024902
v 0.055420 0.330078 -0.001297
v 0.078125 0.300781 0.014587
v 0.057129 0.314453 0.013855
v 0.023438 0.092773 0.056885
v 0.023071 0.099609 0.068848
v 0.003235 0.091309 0.061523
v 0.046387 0.106934 0.054443
v 0.042236 0.095703 0.045654
v -0.042725 0.464844 -0.015381
v -0.037354 0.476562 -0.009399
v -0.051025 0.451172 -0.024048
v -0.049072 0.457031 -0.015991
v -0.108887 -0.398438 -0.021240
v -0.097656 -0.398438 -0.003891
v -0.094238 -0.373047 -0.007935
v -0.108887 -0.394531 -0.046143
v -0.115234 -0.412109 -0.049316
v -0.102539 -0.414062 -0.021606
v 0.001640 0.375000 0.049805
v -0.001167 0.375000 0.049561
v 0.001724 0.371094 0.047852
v 0.001755 0.378906 0.049805
v 0.005341 0.376953 0.049561
v 0.195312 0.092773 -0.056885
v 0.204102 0.072754 -0.033936
v 0.182617 0.092773 -0.040771
v 0.174805 0.111328 -0.062256
v 0.188477 0.114258 -0.068848
v 0.208008 0.101562 -0.060791
v 0.211914 0.075195 -0.045166
v -0.008972 0.419922 0.041504
v -0.006744 -0.062500 0.026733
v -0.004059 -0.061768 -0.001678
v -0.001122 -0.036621 -0.001770
v -0.003448 -0.034424 0.028931
v -0.023315 -0.058350 0.049072
v -0.028809 -0.098145 0.042725
v -0.015137 -0.101562 0.019409
v 0.119629 0.302734 -0.049316
v 0.134766 0.289062 -0.031250
v 0.131836 0.285156 -0.050781
v 0.106445 0.314453 -0.048584
v 0.109863 0.316406 -0.028931
v 0.114258 0.287109 -0.064453
v 0.102051 0.298828 -0.064941
v 0.122559 0.306641 -0.030518
v 0.121094 -0.494141 -0.030884
v 0.079102 -0.498047 0.014771
v 0.081055 -0.490234 0.014832
v 0.071777 -0.500000 -0.010681
v 0.121582 -0.498047 -0.031494
v -0.196289 0.124023 -0.064941
v -0.201172 0.151367 -0.058105
v -0.184570 0.138672 -0.070801
v -0.165039 0.124512 -0.064453
v -0.172852 0.112305 -0.060791
v -0.208984 0.134766 -0.057861
v -0.201172 0.088379 0.002563
v -0.176758 0.103027 -0.011902
v -0.183594 0.108398 -0.001282
v -0.221680 0.066895 0.006165
v -0.204102 0.074707 -0.006256
v -0.210938 0.096191 0.003586
v -0.228516 0.071777 0.007385
v 0.020264 0.466797 -0.043701
v 0.028564 0.474609 -0.025146
v 0.035645 0.457031 -0.041260
v 0.013123 0.466797 -0.050781
v 0.015869 0.474609 -0.043457
v 0.025391 0.449219 -0.052734
v 0.016602 0.453125 -0.053955
v 0.020386 0.476562 -0.034668
v 0.000439 0.357422 -0.043213
v -0.014526 0.369141 -0.035156
v 0.000465 0.369141 -0.038818
v 0.017700 0.355469 -0.040039
v 0.000256 0.343750 -0.049316
v -0.017700 0.357422 -0.038086
v -0.059570 -0.466797 -0.065430
v -0.055664 -0.462891 -0.045654
v -0.080566 -0.443359 -0.077637
v -0.063477 -0.441406 -0.068848
v -0.065430 -0.468750 -0.075195
v 0.118652 0.192383 -0.010132
v 0.134766 0.201172 -0.008301
v 0.107910 0.213867 -0.003601
v 0.114746 0.182617 -0.026123
v 0.128906 0.177734 -0.023315
v 0.100586 0.204102 -0.023682
v 0.104980 0.185547 -0.022827
v 0.084473 0.011536 -0.034180
v 0.052979 0.002563 -0.058838
v 0.053467 0.023560 -0.063477
v 0.100586 0.004181 -0.006592
v 0.085938 -0.006927 -0.037354
v 0.083496 0.029419 -0.035156
v 0.095703 0.034424 -0.004974
v -0.018066 0.414062 0.041504
v -0.021362 0.416016 0.040039
v -0.013672 0.414062 0.043701
v -0.013855 0.414062 0.044922
v -0.018555 0.416016 0.043945
v -0.263672 -0.005096 -0.011414
v -0.257812 -0.001968 -0.009766
v -0.265625 -0.013550 -0.009338
v -0.265625 -0.003357 -0.010010
v -0.255859 0.007690 -0.014771
v -0.265625 0.002029 -0.010803
v 0.009521 0.412109 0.043701
v 0.008545 0.410156 0.042725
v 0.014526 0.412109 0.038574
v 0.012329 0.414062 0.043945
v 0.013000 0.414062 0.045166
v 0.008972 0.414062 0.045654
v 0.006439 0.410156 0.044678
v 0.113281 -0.423828 -0.047119
v 0.108398 -0.417969 -0.004730
v 0.115723 -0.429688 -0.020020
v 0.122559 -0.408203 -0.048096
v 0.108398 -0.412109 -0.023193
v 0.116211 -0.437500 -0.049072
v -0.015869 0.283203 0.049316
v -0.017822 0.255859 0.061523
v 0.000759 0.251953 0.060303
v -0.038330 0.304688 0.033691
v -0.038818 0.281250 0.045654
v 0.000771 0.271484 0.052490
v -0.015991 0.306641 0.041260
v -0.006500 0.289062 0.050781
v -0.024170 -0.139648 0.014893
v -0.036133 -0.136719 0.036865
v -0.045410 -0.172852 0.029663
v -0.019897 -0.143555 -0.011536
v -0.010498 -0.101074 -0.006073
v -0.031738 -0.175781 0.008667
v 0.142578 0.261719 -0.054199
v 0.144531 0.261719 -0.036377
v 0.123535 0.271484 -0.065918
v 0.153320 0.241211 -0.054443
v 0.131836 0.250000 -0.069824
v 0.052002 0.095215 0.064941
v 0.047119 0.096191 0.059326
v 0.023560 0.085449 0.075195
v 0.053955 0.095703 0.065430
v 0.049805 0.098145 0.059570
v 0.060059 0.069336 0.064453
v 0.059570 0.069824 0.064941
v -0.029907 0.486328 0.008484
v -0.029175 0.484375 0.009155
v -0.025391 0.488281 0.013489
v -0.027588 0.486328 0.007812
v -0.033447 0.484375 -0.000214
v 0.089355 0.177734 -0.013733
v 0.089844 0.195312 -0.016357
v 0.083008 0.157227 0.012268
v 0.085449 0.144531 -0.009766
v 0.077148 0.151367 -0.032471
v 0.085449 0.179688 -0.040283
v 0.267578 -0.037354 0.017090
v 0.263672 -0.034668 0.017456
v 0.267578 -0.034912 0.015991
v 0.271484 -0.034912 0.018921
v 0.269531 -0.037109 0.020386
v 0.263672 -0.045654 0.019165
v 0.261719 -0.044434 0.019287
v -0.013062 0.392578 -0.034912
v -0.010010 0.400391 -0.043945
v -0.009155 0.392578 -0.037842
v -0.016113 0.388672 -0.033203
v -0.019287 0.392578 -0.035156
v -0.020142 0.402344 -0.038574
v -0.161133 0.122070 -0.018311
v -0.161133 0.115234 -0.030273
v -0.179688 0.097656 -0.023926
v 0.018066 0.433594 0.044922
v 0.018799 0.447266 0.042725
v 0.009827 0.447266 0.045898
v 0.017700 0.427734 0.047607
v 0.009399 0.433594 0.048096
v 0.025635 0.433594 0.037842
v 0.055908 -0.296875 -0.071777
v 0.061768 -0.337891 -0.070801
v 0.044922 -0.300781 -0.052246
v 0.040771 -0.263672 -0.046875
v 0.052734 -0.261719 -0.065430
v 0.079102 -0.291016 -0.081543
v -0.186523 0.182617 -0.015869
v -0.178711 0.163086 -0.003891
v -0.166992 0.180664 0.000095
v -0.189453 0.168945 -0.019043
v -0.271484 -0.021362 0.005554
v -0.267578 -0.033691 0.006256
v -0.275391 -0.023193 0.009338
v -0.267578 -0.007599 0.001694
v -0.263672 -0.010681 0.004700
v -0.267578 -0.022095 0.006134
v -0.273438 -0.018433 0.009399
v 0.004761 0.412109 0.049805
v 0.006897 0.416016 0.050537
v 0.001884 0.416016 0.051025
v 0.005798 0.408203 0.049805
v 0.005981 0.410156 0.047119
v 0.002106 0.412109 0.051025
v 0.004578 0.406250 0.053467
v 0.008789 0.414062 0.048096
v -0.092773 0.200195 -0.038330
v -0.089355 0.198242 -0.010681
v -0.092773 0.213867 -0.037842
v -0.068359 -0.166016 0.034912
v -0.064941 -0.128906 0.044678
v 0.141602 0.261719 -0.018433
v 0.121094 0.298828 -0.009216
v 0.130859 0.285156 -0.010742
v 0.061523 0.098633 0.048828
v 0.065918 0.096191 0.050781
v 0.078613 0.101074 0.029297
v 0.058105 0.100098 0.053467
v 0.064941 0.097168 0.056396
v 0.073242 0.100098 0.028687
v -0.031006 0.480469 -0.022339
v -0.031982 0.472656 -0.029297
v -0.040039 0.474609 -0.022705
v -0.032227 0.484375 -0.009766
v -0.143555 -0.498047 0.064453
v -0.089844 -0.494141 0.079102
v -0.133789 -0.496094 0.083008
v -0.080078 -0.498047 0.059082
v -0.141602 -0.488281 0.063477
v -0.145508 -0.492188 0.039307
v -0.148438 -0.500000 0.039062
v 0.151367 0.125000 -0.053955
v 0.163086 0.112305 -0.044922
v 0.151367 0.128906 -0.037842
v 0.159180 0.125977 -0.066895
v 0.166992 0.111328 -0.054932
v -0.007172 0.408203 0.041016
v -0.010193 0.410156 0.043457
v -0.012451 0.408203 0.040771
v -0.005127 0.412109 0.041748
v -0.009155 0.414062 0.043457
v -0.083008 0.062988 -0.039307
v -0.081055 0.034180 -0.042969
v -0.098145 0.030396 -0.009338
v -0.080566 0.063477 -0.036377
v -0.057861 0.068848 -0.056641
v 0.031006 0.431641 0.029053
v 0.034180 0.441406 0.023315
v 0.026855 0.447266 0.034912
v 0.035645 0.425781 0.022705
v 0.048584 -0.341797 -0.053223
v 0.050537 -0.339844 -0.031006
v 0.053467 -0.382812 -0.052246
v 0.056396 -0.382812 -0.029053
v -0.091797 0.251953 0.020264
v -0.096680 0.273438 0.021851
v -0.103516 0.259766 0.015442
v -0.092773 0.243164 0.010620
v -0.085449 0.253906 0.030884
v -0.083984 0.275391 0.028564
v -0.109375 -0.287109 -0.041992
v -0.097656 -0.287109 -0.067383
v 0.008850 0.371094 0.044922
v 0.005371 0.367188 0.046387
v 0.009705 0.365234 0.043213
v 0.008667 0.376953 0.047363
v 0.005035 0.373047 0.047363
v 0.230469 0.046631 -0.005737
v 0.226562 0.045898 -0.014404
v 0.229492 0.035156 -0.010742
v 0.221680 0.062012 -0.008484
v 0.238281 0.052246 -0.003098
v 0.239258 0.044922 0.000790
v 0.228516 0.036133 -0.000813
v -0.008423 0.419922 0.051758
v -0.013733 0.425781 0.048096
v -0.014893 0.421875 0.049072
v -0.001488 0.419922 0.051514
v -0.004791 0.425781 0.050781
v -0.006409 0.417969 0.050537
v -0.002350 0.416016 0.051270
v -0.010254 0.417969 0.049561
v -0.075684 0.011841 0.049561
v -0.088379 -0.008789 0.032715
v 0.036377 0.417969 -0.037109
v 0.023071 0.416016 -0.047607
v 0.034424 0.425781 -0.041016
v 0.042480 0.435547 -0.035889
v 0.038330 0.412109 -0.027466
v 0.027710 0.400391 -0.036377
v 0.044189 0.427734 -0.026733
v 0.126953 -0.484375 0.087402
v 0.138672 -0.484375 0.079102
v 0.125977 -0.482422 0.084961
v 0.111328 -0.482422 0.086914
v 0.126953 -0.494141 0.088379
v -0.122559 0.158203 -0.028442
v -0.140625 0.155273 -0.015015
v -0.133789 0.152344 -0.031006
v -0.118164 0.171875 -0.051758
v -0.113281 0.177734 -0.033691
v -0.120117 0.168945 -0.015625
v -0.127930 0.154297 -0.049072
v -0.237305 0.045410 0.019531
v -0.228516 0.033691 0.026733
v -0.227539 0.042236 0.017090
v -0.242188 0.033203 0.027344
v -0.236328 0.054688 0.014343
v 0.015747 0.500000 -0.009277
v 0.011658 0.500000 -0.004272
v 0.012207 0.498047 -0.002914
v 0.009216 0.500000 -0.005310
v 0.269531 -0.037842 0.001877
v 0.269531 -0.040039 0.001724
v 0.271484 -0.035645 0.000767
v 0.265625 -0.036133 -0.000767
v 0.271484 -0.038818 -0.003128
v -0.002319 0.337891 -0.060791
v 0.005981 0.349609 -0.056396
v 0.025269 0.349609 -0.051758
v -0.000320 0.351562 -0.056152
v 0.028198 0.339844 -0.058105
v -0.023926 0.337891 -0.055664
v -0.020142 0.351562 -0.051514
v -0.004486 0.318359 -0.070312
v 0.018677 0.320312 -0.070801
v -0.054199 -0.400391 -0.031738
v -0.052734 -0.402344 -0.048584
v -0.051270 -0.376953 -0.026489
v -0.065918 -0.408203 -0.003311
v -0.050049 -0.414062 -0.027100
v -0.046387 -0.416016 -0.051025
v 0.040527 0.281250 0.045898
v 0.044189 0.255859 0.056641
v 0.064453 0.253906 0.047119
v 0.018311 0.281250 0.050537
v 0.020386 0.255859 0.060791
v 0.042236 0.302734 0.035645
v 0.063965 0.279297 0.037598
v -0.000183 0.057129 -0.064941
v 0.027710 0.065430 -0.062500
v -0.000328 0.057129 -0.070801
v -0.027344 0.048096 -0.064453
v -0.035400 0.425781 0.017334
v -0.031982 0.419922 0.018921
v -0.031494 0.425781 0.021362
v -0.027954 0.433594 0.024536
v -0.038818 0.419922 0.009460
v -0.037109 0.416016 0.012451
v -0.033447 0.433594 0.021118
v -0.041260 0.431641 0.010437
v 0.011780 0.326172 0.014526
v 0.022095 0.326172 0.009338
v 0.012268 0.339844 0.013733
v 0.023682 0.314453 0.023682
v 0.000690 0.339844 0.016479
v 0.009033 0.306641 0.025635
v -0.027222 0.416016 -0.034668
v -0.022705 0.400391 -0.030029
v -0.032959 0.414062 -0.022461
v -0.036133 0.427734 -0.021484
v -0.027954 0.429688 -0.035156
v -0.014160 0.417969 -0.044922
v -0.012756 0.400391 -0.039062
v -0.079590 0.105957 -0.013306
v -0.070801 0.096680 0.008301
v -0.080566 0.107422 0.007629
v -0.084961 0.115723 -0.020508
v -0.072266 0.116211 -0.041260
v -0.067383 0.107910 -0.031494
v -0.068848 0.096680 -0.017212
v 0.033203 0.458984 0.038086
v 0.032471 0.451172 0.044189
v 0.038330 0.447266 0.037354
v 0.028809 0.464844 0.040771
v 0.023804 0.462891 0.043945
v 0.043945 0.447266 0.030884
v 0.042480 0.460938 0.026611
v 0.033936 0.470703 0.031250
v 0.073730 -0.227539 -0.066895
v 0.101074 -0.251953 -0.065918
v 0.076172 -0.255859 -0.076660
v 0.051514 -0.234375 -0.061279
v 0.046875 -0.211914 -0.062988
v -0.064941 0.322266 -0.000740
v -0.049561 0.312500 0.018066
v -0.049316 0.328125 -0.000126
v -0.062988 0.333984 -0.019897
v -0.086426 0.326172 -0.021362
v -0.089355 0.316406 -0.003555
v -0.072754 0.300781 0.020508
v 0.034912 0.390625 0.002274
v 0.030273 0.390625 0.020508
v 0.032227 0.390625 0.002365
v 0.029297 0.380859 0.015442
v 0.028320 0.375000 0.010559
v 0.117188 -0.500000 -0.052002
v 0.107422 -0.500000 -0.068359
v 0.107422 -0.486328 -0.064453
v -0.024536 0.131836 0.069824
v 0.000618 0.115723 0.070312
v -0.000076 0.131836 0.074707
v -0.022827 0.154297 0.065918
v -0.048096 0.155273 0.055908
v -0.024292 0.109863 0.071777
v 0.000134 0.153320 0.069336
v -0.048828 0.131836 0.060303
v -0.055420 0.120117 0.059570
v -0.083984 -0.406250 0.007080
v -0.102539 -0.425781 -0.005585
v -0.071289 -0.375000 -0.000359
v -0.079102 -0.375000 0.002808
v 0.138672 0.201172 -0.085449
v 0.129883 0.218750 -0.083008
v 0.157227 0.213867 -0.073242
v 0.113770 0.200195 -0.080566
v 0.165039 0.200195 -0.078125
v 0.030640 0.059082 0.076660
v 0.003815 0.051270 0.080078
v 0.000435 0.051270 0.073730
v -0.001335 0.077148 0.078613
v 0.026489 0.059082 0.069336
v -0.044189 0.431641 -0.003525
v -0.047119 0.425781 -0.013184
v -0.046387 0.431641 -0.004608
v -0.042725 0.437500 0.009644
v -0.269531 -0.006226 0.013306
v -0.273438 -0.003647 0.016846
v -0.271484 0.001312 0.014832
v -0.271484 -0.020264 0.013733
v -0.263672 -0.010071 0.011047
v -0.273438 -0.001663 0.006104
v -0.263672 -0.009705 0.014465
v 0.003876 0.457031 -0.061768
v -0.000793 0.453125 -0.067383
v -0.001152 0.457031 -0.062988
v 0.007996 0.462891 -0.054199
v 0.090332 -0.261719 0.006683
v 0.092773 -0.232422 0.011169
v 0.081055 -0.240234 0.020996
v 0.104980 -0.257812 -0.017334
v 0.101562 -0.228516 -0.009094
v 0.069824 -0.263672 0.006470
v -0.041992 0.343750 -0.033203
v -0.054932 0.335938 -0.032227
v -0.045898 0.337891 -0.014221
v -0.044189 0.333984 -0.045410
v -0.028442 0.357422 -0.013428
v -0.029053 0.355469 -0.027222
v -0.034424 0.345703 -0.013367
v -0.022095 0.343750 -0.044922
v -0.062500 -0.484375 -0.068359
v -0.063477 -0.484375 -0.066406
v -0.056152 -0.482422 -0.054199
v -0.063477 -0.500000 -0.068848
v -0.076172 -0.484375 -0.075195
v -0.055664 -0.500000 -0.055176
v 0.179688 0.138672 -0.020630
v 0.186523 0.157227 -0.027710
v 0.159180 0.141602 -0.024292
v 0.198242 0.143555 -0.024292
v 0.165039 0.124023 -0.022095
v 0.089844 -0.037109 -0.040771
v 0.107422 -0.076172 -0.017578
v 0.105957 -0.037598 -0.011047
v 0.054199 -0.017090 -0.055908
v -0.011658 0.396484 0.043701
v -0.012756 0.392578 0.043701
v -0.006989 0.394531 0.046143
v -0.005615 0.398438 0.047607
v -0.009521 0.404297 0.043945
v -0.018188 0.396484 0.041260
v -0.259766 -0.042725 0.009155
v -0.261719 -0.045410 0.008789
v -0.267578 -0.036133 0.007263
v -0.263672 -0.033691 0.008179
v -0.263672 -0.034180 0.012939
v -0.259766 -0.042725 0.013794
v 0.004913 0.390625 0.055908
v 0.007446 0.392578 0.053223
v 0.005798 0.392578 0.056396
v 0.004333 0.390625 0.058594
v 0.004089 0.390625 0.051758
v 0.006165 0.390625 0.052734
v 0.003571 0.390625 0.055908
v 0.243164 0.066406 -0.032227
v 0.246094 0.048584 -0.033936
v 0.236328 0.062012 -0.039062
v 0.227539 0.092773 -0.044678
v 0.230469 0.095703 -0.031494
v 0.244141 0.069824 -0.023926
v 0.253906 0.052734 -0.027710
v -0.009277 0.478516 0.037354
v -0.002289 0.488281 0.032959
v -0.010315 0.488281 0.032959
v -0.001091 0.476562 0.046875
v -0.001305 0.484375 0.041504
v -0.012756 0.468750 0.041016
v -0.005219 0.470703 0.041992
v -0.012024 0.480469 0.031982
v -0.229492 -0.002289 0.034668
v -0.237305 0.002213 0.031982
v -0.228516 0.002472 0.033691
v -0.231445 0.005737 0.039551
v -0.232422 -0.006683 0.035400
v -0.231445 -0.004669 0.040527
v 0.039551 0.414062 -0.002365
v 0.041748 0.427734 -0.008484
v 0.040527 0.421875 0.000992
v 0.041992 0.412109 -0.001968
v 0.044434 0.414062 -0.006226
v 0.042725 0.416016 -0.007507
v 0.038574 0.416016 -0.006714
v 0.054199 -0.427734 -0.025269
v 0.060303 -0.433594 -0.025146
v 0.068848 -0.421875 -0.005005
v 0.053467 -0.435547 -0.052246
v 0.060791 -0.419922 -0.029053
v 0.058838 -0.423828 -0.051758
v -0.189453 0.164062 -0.062500
v -0.169922 0.160156 -0.073730
v -0.194336 0.168945 -0.038574
v -0.267578 -0.037354 0.018921
v -0.263672 -0.037109 0.020020
v -0.267578 -0.039062 0.019165
v -0.265625 -0.023926 0.017212
v -0.001167 0.199219 -0.006805
v 0.069824 0.072266 0.055664
v 0.069336 0.073242 0.049561
v 0.083496 0.075684 0.028320
v -0.021362 0.490234 -0.003006
v -0.016846 0.494141 -0.011108
v -0.023926 0.490234 0.008057
v -0.011841 0.494141 0.004791
v -0.031494 0.484375 0.001617
v -0.010986 0.496094 -0.003693
v -0.077148 0.007782 -0.034912
v -0.048340 0.019287 -0.063477
v -0.048340 -0.001579 -0.059326
v -0.094727 -0.007874 -0.002304
v -0.079590 -0.013000 -0.036377
v 0.025513 0.412109 0.037109
v 0.025391 0.412109 0.039062
v 0.021973 0.414062 0.041748
v 0.062012 -0.433594 -0.034912
v 0.062988 -0.451172 -0.046143
v 0.068848 -0.451172 -0.025513
v 0.079102 -0.433594 -0.008118
v 0.068848 -0.433594 -0.058594
v -0.071777 0.233398 0.049561
v -0.047363 0.213867 0.059570
v -0.046143 0.234375 0.064941
v -0.062500 0.255859 0.049316
v -0.078125 0.240234 0.039551
v -0.070312 0.210938 0.041016
v -0.234375 0.031494 -0.000292
v -0.243164 0.018433 0.005737
v -0.238281 0.029907 -0.014038
v -0.227539 0.029663 0.010864
v -0.228516 0.040771 0.005737
v 0.008362 0.417969 0.051270
v 0.014526 0.417969 0.048828
v 0.013428 0.419922 0.050781
v 0.008850 0.423828 0.051270
v 0.003052 0.419922 0.051025
v 0.001160 0.359375 0.028809
v -0.003021 0.359375 0.039795
v -0.005676 0.361328 0.028320
v 0.005737 0.359375 0.038818
v 0.000999 0.357422 0.042236
v 0.001022 0.357422 0.021729
v 0.005798 0.359375 0.029419
v -0.077148 -0.500000 0.040039
v -0.073730 -0.498047 0.016846
v -0.079590 -0.492188 0.040771
v -0.142578 -0.500000 0.017090
v 0.177734 0.134766 -0.042969
v 0.170898 0.111328 -0.073730
v 0.189453 0.121094 -0.079590
v 0.158203 0.114746 -0.027100
v 0.156250 0.109863 -0.039062
v 0.207031 0.133789 -0.071289
v 0.199219 0.143555 -0.013916
v 0.184570 0.135742 -0.006927
v 0.160156 0.107910 -0.058105
v 0.209961 0.146484 -0.029175
v 0.166992 0.123535 -0.014954
v 0.007385 -0.036133 -0.001709
v 0.012512 -0.056641 -0.028564
v 0.011902 -0.060303 -0.001877
v 0.004791 -0.025146 -0.003220
v 0.009277 -0.033691 -0.028442
v 0.010437 -0.034180 0.028198
v 0.015076 -0.061768 0.024658
v -0.112793 0.291016 -0.057373
v -0.101562 0.300781 -0.057617
v -0.131836 0.285156 -0.041504
v -0.118164 0.304688 -0.041260
v -0.237305 -0.005310 0.033691
v -0.240234 -0.002289 0.042236
v -0.242188 -0.003891 0.037842
v 0.038574 0.390625 -0.001999
v 0.041748 0.396484 -0.008362
v 0.139648 -0.472656 0.020508
v 0.133789 -0.490234 -0.010742
v 0.129883 -0.472656 -0.002319
v -0.048340 0.166016 -0.056885
v -0.068359 0.158203 -0.042969
v -0.072754 0.186523 -0.053467
v -0.050537 0.192383 -0.064941
v -0.035156 -0.263672 -0.043701
v -0.048584 -0.259766 -0.062988
v -0.038574 -0.265625 -0.017578
v -0.040527 -0.298828 -0.022949
v -0.036133 -0.245117 -0.025024
v -0.037842 -0.233398 -0.041504
v -0.048340 -0.233398 -0.057617
v 0.124512 0.249023 0.000942
v 0.127930 0.269531 0.001038
v 0.109375 0.257812 0.008179
v 0.144531 0.233398 -0.013306
v 0.122559 0.225586 -0.002151
v 0.109375 0.237305 0.000008
v 0.163086 0.123047 -0.076172
v -0.029419 0.441406 0.021729
v -0.030762 0.455078 0.011475
v -0.036133 0.443359 0.001053
v 0.034668 0.320312 0.011230
v 0.039062 0.324219 0.005524
v 0.042236 0.310547 0.024902
v 0.045166 0.316406 0.012512
v 0.269531 -0.011230 -0.014709
v 0.271484 -0.020996 -0.013855
v 0.273438 -0.024780 -0.010376
v 0.267578 -0.014282 -0.011353
v 0.265625 -0.014465 -0.014954
v 0.275391 -0.005768 -0.013611
v 0.277344 -0.021851 -0.006042
v -0.003601 0.414062 0.048096
v -0.005859 0.414062 0.045166
v -0.002197 0.410156 0.047607
v -0.008362 0.416016 0.046387
v -0.000595 0.414062 0.050537
v -0.092285 0.076172 0.028931
v -0.092285 0.068359 0.049316
v -0.086914 0.071289 0.028320
v -0.107910 0.078125 0.010193
v -0.105469 0.074707 0.030151
v -0.093262 0.078613 0.007507
v 0.040283 0.468750 -0.029907
v 0.033203 0.472656 -0.027710
v 0.022949 0.484375 -0.016235
v 0.032227 -0.057129 0.046875
v 0.070312 -0.090820 0.046631
v 0.064453 -0.050537 0.053467
v 0.038818 -0.097656 0.038086
v 0.028809 -0.027100 0.049805
v -0.131836 0.291016 -0.022705
v -0.142578 0.265625 -0.027344
v -0.136719 0.263672 -0.010437
v -0.126953 0.285156 -0.004120
v -0.116699 0.300781 -0.003677
v -0.118652 0.308594 -0.023071
v -0.248047 0.043213 -0.015869
v -0.250000 0.055664 -0.011597
v -0.240234 0.070312 -0.017822
v 0.002716 0.458984 0.040771
v 0.002808 0.447266 0.046631
v 0.003937 0.468750 0.029907
v -0.006317 0.457031 0.040283
v 0.012207 0.458984 0.040283
v -0.005035 0.447266 0.045898
v 0.103516 -0.163086 0.006622
v 0.101074 -0.184570 -0.001236
v -0.000252 0.388672 0.050537
v -0.001854 0.388672 0.050293
v -0.004120 0.390625 0.048096
v -0.058594 -0.423828 -0.025024
v -0.054443 -0.433594 -0.047607
v -0.055420 -0.437500 -0.022827
v 0.164062 0.160156 -0.084961
v 0.153320 0.138672 -0.074707
v 0.141602 0.145508 -0.067871
v 0.180664 0.170898 -0.078613
v 0.171875 0.145508 -0.084961
v 0.177734 0.183594 -0.077637
v 0.058350 0.068848 0.057129
v 0.063477 0.070312 0.052002
v 0.064453 0.070312 0.060059
v 0.053955 0.067383 0.059082
v -0.041504 0.408203 -0.011963
v -0.039551 0.398438 -0.007233
v -0.035400 0.417969 -0.004883
v -0.035156 0.410156 -0.008667
v -0.119141 -0.470703 0.082520
v -0.120605 -0.482422 0.086914
v -0.105957 -0.484375 0.086914
v -0.126953 -0.470703 0.076172
v -0.106445 -0.470703 0.082031
v 0.048584 0.337891 -0.016846
v 0.058105 0.332031 -0.016357
v 0.038330 0.345703 -0.017700
v 0.033447 0.341797 -0.005280
v 0.031494 0.332031 -0.000053
v 0.057129 0.337891 -0.033936
v 0.043213 0.343750 -0.036133
v 0.275391 -0.001541 0.003967
v 0.275391 0.003128 0.007690
v 0.273438 -0.001907 0.010254
v 0.271484 -0.007874 0.007812
v 0.277344 -0.003052 -0.001862
v 0.275391 -0.008057 0.001602
v -0.001396 0.451172 -0.058105
v 0.000290 0.437500 -0.060791
v -0.011780 0.441406 -0.057861
v 0.009094 0.453125 -0.058594
v -0.008606 0.458984 -0.055420
v -0.101562 -0.075195 -0.008179
v -0.083496 -0.041992 -0.038086
v -0.102539 -0.111816 -0.010681
v -0.093750 -0.078125 0.028687
v -0.099609 -0.038086 -0.005005
v 0.008362 0.390625 0.049805
v 0.062256 -0.500000 -0.057617
v 0.068848 -0.482422 -0.071289
v 0.069336 -0.500000 -0.071777
v -0.166016 0.144531 0.003067
v -0.158203 0.155273 -0.006165
v -0.114746 -0.460938 -0.048584
v -0.115723 -0.449219 -0.016968
v -0.109375 -0.435547 -0.046631
v -0.097168 -0.441406 -0.068848
v -0.098145 -0.470703 -0.073242
v 0.016357 0.273438 0.051025
v 0.007172 0.298828 0.036377
v -0.000420 0.275391 0.045410
v 0.000496 0.253906 0.055420
v 0.028931 0.302734 0.037354
v 0.259766 -0.001846 -0.027832
v 0.255859 0.001884 -0.026733
v 0.251953 0.011719 -0.032471
v 0.259766 -0.007324 -0.024658
v 0.263672 0.011230 -0.029175
v -0.012695 0.410156 0.043213
v -0.016479 0.406250 0.039551
v -0.027222 0.068359 0.069824
v -0.027466 0.068848 0.073730
v -0.002319 0.077148 0.073242
v -0.053711 0.062256 0.061523
v 0.050293 0.447266 0.005737
v 0.048828 0.439453 0.005646
v 0.046631 0.447266 -0.006989
v 0.047363 0.449219 0.017822
v 0.045166 0.457031 0.011719
v 0.094238 -0.216797 0.011719
v 0.079102 -0.228516 0.021851
v -0.091309 0.245117 -0.070312
v -0.087402 0.233398 -0.055664
v -0.089844 0.224609 -0.057129
v -0.261719 -0.007294 0.020874
v -0.255859 0.000626 0.018921
v -0.259766 -0.006592 0.024902
v -0.265625 -0.022461 0.023926
v 0.000729 0.417969 -0.049316
v 0.000603 0.433594 -0.050537
v 0.001144 0.445312 -0.048340
v -0.028198 0.333984 -0.001617
v -0.019409 0.345703 0.005432
v -0.024414 0.353516 -0.002197
v -0.018311 0.326172 0.008789
v -0.035645 0.324219 0.004913
v 0.031982 0.388672 0.000195
v 0.036621 0.388672 -0.002884
v -0.002930 0.106934 -0.054688
v 0.020386 0.115723 -0.065918
v 0.020630 0.106445 -0.054688
v -0.003265 0.096680 -0.046143
v -0.030151 0.105957 -0.050781
v -0.032959 0.468750 0.023804
v -0.026855 0.457031 0.029541
v -0.024414 0.464844 0.031250
v -0.028076 0.478516 0.023438
v -0.267578 0.016846 0.008545
v -0.263672 0.017822 0.021851
v -0.253906 0.028564 0.026733
v 0.005310 0.494141 -0.028198
v 0.010132 0.492188 -0.011902
v 0.009521 0.490234 -0.027466
v 0.007202 0.488281 -0.031982
v 0.000984 0.498047 -0.018311
v -0.003143 0.490234 -0.028687
v -0.029053 0.390625 0.002167
v -0.033203 0.388672 -0.000370
v -0.029175 0.392578 -0.000034
v -0.025757 0.378906 0.006073
v -0.029419 0.390625 0.004883
v -0.031494 0.390625 0.003494
v -0.026123 0.382812 0.001099
v -0.059082 -0.417969 -0.074707
v -0.083496 -0.419922 -0.083008
v -0.081055 -0.406250 -0.075684
v -0.063477 -0.408203 -0.068359
v 0.053223 0.048340 -0.062012
v -0.019653 0.416016 0.039795
v -0.018677 0.412109 0.039307
v -0.097168 -0.223633 -0.009033
v -0.099121 -0.253906 -0.017334
v 0.008667 0.378906 0.047607
v 0.004425 0.378906 0.049316
v 0.008179 0.380859 0.048828
v 0.234375 0.043213 -0.031982
v 0.250000 0.039551 -0.031738
v 0.240234 0.037109 -0.033203
v 0.007416 0.488281 0.039062
v 0.000977 0.492188 0.031494
v -0.004150 0.492188 0.021729
v -0.075684 0.046875 0.048828
v -0.051270 -0.019653 0.061279
v -0.048096 0.006073 0.058350
v -0.050049 0.037598 0.060791
v 0.035645 0.406250 0.012695
v 0.038086 0.408203 0.009460
v 0.035400 0.410156 0.015869
v 0.034912 0.402344 0.008423
v 0.084473 -0.492188 0.038330
v -0.195312 0.129883 -0.059326
v -0.175781 0.135742 -0.065918
v 0.065430 0.136719 -0.048096
v 0.058594 0.116699 -0.048584
v 0.045410 0.125977 -0.062256
v 0.078613 0.130859 -0.034424
v 0.043457 0.141602 -0.060059
v 0.065430 0.158203 -0.050049
v 0.267578 -0.027100 0.002884
v 0.271484 -0.039551 0.004578
v 0.265625 -0.039062 0.005493
v 0.263672 -0.037354 0.010315
v 0.267578 -0.025635 0.008911
v 0.273438 -0.026855 0.001251
v 0.267578 -0.013672 -0.001205
v -0.018799 0.414062 -0.047852
v -0.011475 0.416016 -0.052002
v -0.089844 0.074707 -0.004028
v -0.088867 0.074219 0.022949
v -0.086426 0.103027 -0.004883
v -0.072754 0.103516 -0.028809
v -0.073242 0.073730 -0.033203
v 0.026733 0.437500 0.035400
v 0.041016 0.441406 0.034912
v 0.021851 0.455078 0.047852
v 0.099609 -0.376953 -0.065918
v 0.111328 -0.373047 -0.048828
v 0.115723 -0.394531 -0.048096
v 0.099121 -0.333984 -0.069824
v -0.025879 0.320312 0.029907
v -0.033447 0.328125 0.015198
v -0.259766 -0.002106 0.003433
v -0.253906 0.006989 -0.010742
v 0.012878 0.412109 0.043701
v 0.013489 0.412109 0.043701
v 0.017334 0.412109 0.043213
v 0.014221 0.416016 0.043457
v 0.010315 0.410156 0.041504
v 0.011353 0.417969 0.041504
v 0.009949 0.412109 0.041992
v 0.113281 -0.449219 -0.035156
v 0.108887 -0.449219 -0.054199
v 0.109375 -0.433594 -0.047119
v 0.114258 -0.445312 -0.008423
v 0.118652 -0.468750 -0.026123
v 0.109375 -0.431641 -0.015869
v 0.000637 0.236328 0.069336
v -0.020142 0.235352 0.069824
v -0.042725 0.255859 0.057617
v -0.104004 -0.203125 -0.001892
v -0.100098 -0.181641 -0.000858
v -0.099121 -0.190430 -0.023682
v -0.091309 -0.215820 0.011230
v -0.093262 -0.199219 0.019653
v 0.084961 0.283203 -0.075684
v 0.095215 0.273438 -0.074707
v 0.089844 0.306641 -0.065918
v -0.000656 0.099121 0.074707
v -0.023438 0.069824 0.070801
v 0.000740 0.070801 0.072754
v 0.022461 0.099121 0.071289
v 0.010986 0.361328 0.035156
v 0.011108 0.363281 0.039062
v 0.010620 0.361328 0.027100
v 0.180664 0.097656 -0.025757
v 0.205078 0.072266 -0.018555
v 0.160156 0.115723 -0.033936
v -0.007660 0.460938 0.043213
v -0.013062 0.458984 0.042480
v -0.007172 0.451172 0.043457
v 0.049072 0.431641 -0.016846
v 0.047119 0.435547 -0.007050
v 0.042236 0.412109 -0.016724
v 0.046387 0.419922 -0.010254
v 0.047607 0.425781 -0.002869
v 0.047607 0.443359 -0.019043
v -0.108887 0.183594 -0.016968
v -0.102539 0.191406 -0.036865
v -0.116699 0.194336 0.000061
v -0.130859 0.181641 -0.009888
v -0.099609 0.199219 -0.014832
v -0.234375 -0.003204 0.042236
v -0.239258 0.004578 0.040283
v 0.028442 0.466797 0.011292
v 0.024536 0.462891 0.024780
v 0.028931 0.457031 0.024536
v 0.035645 0.455078 0.010498
v 0.028198 0.466797 -0.002777
v 0.271484 -0.041260 0.009216
v 0.277344 -0.027954 0.006470
v 0.261719 -0.048340 0.014343
v 0.263672 -0.051025 0.012146
v 0.269531 -0.041748 0.004730
v 0.265625 -0.039795 0.013000
v 0.269531 -0.037842 0.012512
v -0.000153 0.328125 -0.059814
v -0.024292 0.332031 -0.056152
v 0.025635 0.330078 -0.057373
v -0.055908 -0.468750 -0.050537
v -0.062988 -0.466797 -0.066895
v -0.056885 -0.468750 -0.037354
v -0.062012 -0.449219 -0.061279
v -0.057129 -0.449219 -0.043945
v 0.137695 0.168945 -0.013306
v 0.136719 0.157227 -0.017700
v 0.023193 0.018433 -0.069824
v 0.021240 -0.004333 -0.060791
v 0.000286 0.016968 -0.065430
v -0.000359 0.043701 -0.067383
v 0.024536 0.045166 -0.068848
v -0.034912 0.408203 0.010315
v -0.035400 0.408203 0.007446
v -0.032715 0.406250 0.012390
v -0.032227 0.412109 0.015869
v -0.032715 0.402344 0.007385
v -0.271484 -0.034180 0.010864
v 0.004547 0.394531 0.060059
v 0.097656 -0.482422 -0.074707
v 0.083008 -0.484375 -0.078125
v 0.097168 -0.480469 -0.072754
v 0.098145 -0.500000 -0.075195
v 0.106445 -0.482422 -0.064453
v -0.082031 0.132812 0.025757
v -0.082031 0.155273 0.019897
v -0.089355 0.150391 -0.002625
v -0.070312 0.132812 0.046143
v -0.084473 0.131836 0.002975
v -0.092773 0.122559 0.005707
v -0.087402 0.117676 0.030884
v -0.055664 -0.296875 -0.002502
v -0.050781 -0.265625 -0.002365
v -0.071777 -0.292969 0.005737
v -0.074707 -0.333984 0.002747
v -0.061035 -0.335938 -0.004364
v 0.192383 0.182617 -0.055176
v 0.088867 0.078613 -0.001419
v 0.078613 0.075684 0.027100
v 0.083496 0.078613 -0.001114
v 0.083496 0.103027 -0.001137
v 0.074707 0.101074 -0.031128
v 0.076660 0.077637 -0.029053
v -0.028809 0.443359 -0.054199
v -0.038574 0.443359 -0.044189
v -0.027344 0.453125 -0.049072
v -0.108398 -0.445312 -0.001846
v -0.111816 -0.433594 -0.020752
v 0.044434 0.193359 -0.070801
v 0.018799 0.195312 -0.073242
v 0.074707 0.206055 -0.069336
v 0.044189 0.166016 -0.061768
v 0.069824 0.186523 -0.059082
v 0.267578 -0.022827 0.013855
v 0.263672 -0.032471 0.021851
v 0.271484 -0.021240 0.012939
v 0.273438 -0.023804 0.015747
v -0.028076 0.398438 -0.019897
v -0.033447 0.404297 -0.019653
v -0.032227 0.404297 -0.027222
v -0.027222 0.402344 -0.031982
v -0.022705 0.394531 -0.027344
v -0.031494 0.404297 -0.012878
v -0.152344 0.119629 -0.043213
v -0.142578 0.128906 -0.047119
v -0.158203 0.111816 -0.037842
v 0.021484 0.476562 0.037598
v 0.031738 0.476562 0.021606
v 0.022949 0.482422 0.025391
v 0.017822 0.480469 0.037598
v 0.019531 0.468750 0.043945
v 0.035889 -0.233398 -0.024780
v 0.038330 -0.239258 -0.043701
v 0.045898 -0.249023 -0.024292
v 0.052246 -0.241211 -0.008484
v 0.040771 -0.229492 -0.041748
v -0.100586 0.294922 0.013794
v -0.110840 0.283203 0.011902
v -0.088867 0.298828 0.016113
v 0.001694 0.363281 0.048584
v 0.001419 0.359375 0.045898
v 0.005585 0.365234 0.047363
v -0.002563 0.363281 0.047363
v 0.001465 0.369141 0.046875
v 0.225586 0.055908 -0.035400
v 0.237305 0.030640 -0.030762
v 0.228516 0.042725 -0.022949
v -0.013062 0.410156 0.042969
v -0.046875 0.104492 0.063965
v -0.038330 0.094238 0.051270
v -0.018799 0.092285 0.061523
v -0.055176 0.104980 0.046387
v 0.036865 0.480469 0.000843
v 0.029663 0.484375 0.006775
v 0.032959 0.482422 0.011536
v 0.041260 0.478516 0.003250
v 0.044434 0.472656 -0.007812
v 0.052734 -0.170898 0.025635
v 0.032715 -0.137695 0.013855
v 0.027832 -0.137695 -0.009399
v -0.261719 -0.035400 0.024536
v -0.259766 -0.045410 0.025513
v -0.259766 -0.047119 0.021118
v 0.012024 0.416016 -0.050537
v 0.024292 0.425781 -0.050049
v 0.019775 0.400391 -0.041504
v -0.074707 -0.289062 -0.077637
v 0.098145 0.242188 0.003174
v 0.098145 0.249023 0.013306
v 0.094238 0.232422 0.011292
v 0.095703 0.227539 -0.006561
v 0.093262 0.230469 -0.008423
v 0.070312 0.100586 -0.028687
v 0.078125 0.102539 -0.000603
v -0.020996 0.425781 0.042480
v -0.013062 0.435547 0.044678
v -0.023315 0.417969 0.040283
v -0.020020 0.419922 0.045166
v -0.020020 0.433594 0.038330
v -0.025269 0.423828 0.032959
v -0.244141 0.028442 -0.018433
v -0.244141 0.017578 -0.013611
v -0.250000 0.016846 -0.017090
v -0.251953 0.029297 -0.016479
v 0.014709 0.417969 0.041260
v 0.016113 0.416016 0.043701
v 0.018799 0.419922 0.040527
v 0.112793 -0.330078 -0.047607
v -0.006744 0.359375 0.040771
v -0.003174 0.359375 0.045654
v -0.012573 0.367188 0.034912
v -0.013062 0.365234 0.029907
v -0.006592 0.367188 0.043457
v -0.075195 -0.492188 0.016968
v -0.128906 -0.500000 -0.009277
v -0.115234 -0.494141 -0.028320
v 0.216797 0.115234 -0.055664
v 0.220703 0.083008 -0.048828
v 0.220703 0.122559 -0.038086
v 0.074707 -0.128906 0.040283
v 0.104004 -0.121582 0.014893
v 0.102051 -0.082520 0.020386
v -0.035400 0.390625 -0.000374
v -0.031494 0.398438 -0.007111
v -0.037354 0.398438 -0.009033
v 0.028076 0.378906 0.004547
v 0.022461 0.369141 0.010193
v 0.026611 0.369141 0.001434
v 0.028931 0.382812 -0.001587
v 0.267578 0.005554 0.016724
v 0.269531 -0.000391 0.017334
v 0.275391 0.001282 -0.006409
v 0.269531 0.015015 0.006470
v 0.008118 0.488281 -0.026245
v 0.006958 0.480469 -0.034668
v -0.103027 0.012695 -0.010376
v -0.113770 0.016357 -0.011353
v -0.096680 0.047119 -0.012573
v -0.094727 0.044922 0.006500
v -0.103027 0.009521 0.004578
v 0.019287 0.412109 0.041992
v 0.020996 0.412109 0.041504
v 0.018066 0.410156 0.042725
v 0.020996 0.408203 0.039062
v 0.064941 -0.460938 -0.072266
v 0.066895 -0.468750 -0.073730
v 0.058838 -0.462891 -0.049072
v 0.068359 -0.439453 -0.070801
v 0.084961 -0.445312 -0.081543
v -0.185547 0.161133 -0.015503
v -0.193359 0.147461 -0.012878
v -0.168945 0.151367 -0.012268
v -0.267578 -0.017578 0.026733
v -0.271484 -0.019409 0.032959
v -0.267578 -0.016968 0.038086
v 0.001068 0.458984 -0.039795
v -0.013123 0.458984 -0.037354
v 0.089355 -0.406250 0.005005
v 0.090820 -0.423828 0.003616
v -0.054932 0.217773 -0.073730
v -0.029175 0.243164 -0.082520
v -0.023560 -0.156250 -0.033936
v -0.043213 -0.179688 -0.051270
v -0.041016 -0.156250 -0.045410
v -0.020874 -0.132812 -0.028809
v -0.028320 -0.178711 -0.034912
v 0.019287 0.390625 0.040771
v 0.013306 0.388672 0.044922
v 0.056641 0.111328 -0.038574
v 0.044922 0.105957 -0.046631
v 0.046143 0.115234 -0.059570
v 0.074707 0.119629 -0.030640
v -0.019775 0.486328 0.026611
v -0.021484 0.476562 0.031250
v -0.012146 0.490234 0.022949
v -0.013550 0.492188 0.014771
v -0.019409 0.484375 0.020142
v -0.101074 -0.482422 -0.061523
v -0.090332 -0.482422 -0.070801
v -0.076660 -0.466797 -0.074219
v 0.074219 0.133789 0.037109
v 0.052490 0.132812 0.059082
v 0.277344 -0.025757 -0.005737
v 0.275391 -0.025757 -0.000526
v 0.273438 -0.036621 -0.003326
v 0.269531 -0.036133 -0.008240
v 0.275391 -0.023071 -0.001984
v 0.002197 0.398438 0.059814
v -0.000328 0.394531 0.060059
v 0.002335 0.394531 0.061035
v -0.000664 0.398438 0.058594
v 0.004730 0.398438 0.058594
v 0.002319 0.408203 0.054932
v -0.086426 0.102051 0.022461
v 0.039795 0.460938 -0.030151
v 0.044922 0.453125 -0.022827
v 0.044922 0.443359 -0.029785
v 0.042725 0.445312 -0.041748
v 0.077637 -0.195312 0.026855
v 0.077637 -0.211914 0.024536
v -0.151367 0.232422 -0.021851
v -0.162109 0.228516 -0.041748
v -0.259766 -0.049561 0.025513
v -0.259766 -0.047363 0.028687
v -0.261719 -0.049072 0.022217
v 0.023071 0.343750 -0.047119
v 0.032227 0.353516 -0.031250
v 0.046143 0.335938 -0.047607
v 0.236328 -0.004547 0.028320
v 0.241211 0.002182 0.026001
v 0.233398 0.001907 0.026489
v 0.243164 -0.004303 0.028320
v -0.023071 0.466797 0.011353
v -0.022949 0.466797 -0.003082
v -0.022339 0.460938 0.023926
v -0.020386 -0.029541 -0.051758
v -0.051270 -0.022217 -0.055908
v -0.016602 -0.009583 -0.058105
v -0.001274 -0.021606 -0.030029
v -0.004974 -0.034424 -0.029175
v 0.033447 0.408203 0.026367
v 0.036133 0.417969 0.016846
v 0.030273 0.408203 0.032715
v 0.031738 0.400391 0.030273
v 0.031250 0.414062 0.028687
v 0.063477 -0.482422 -0.056641
v 0.062256 -0.468750 -0.050293
v 0.068359 -0.468750 -0.068848
v 0.069824 -0.482422 -0.069824
v -0.229492 0.022705 0.032471
v -0.224609 0.030640 0.019287
v -0.208008 0.079102 -0.028931
v -0.201172 0.079102 -0.019043
v -0.022705 0.371094 0.012085
v -0.026367 0.380859 0.013428
v -0.023438 0.369141 0.001144
v -0.019165 0.369141 0.009460
v -0.130859 -0.484375 0.079590
v -0.121094 -0.484375 0.089844
v -0.105469 -0.484375 0.088867
v -0.132812 -0.484375 0.082031
v 0.104980 0.188477 -0.044189
v 0.119141 0.163086 -0.036865
v -0.001381 -0.024414 0.024658
v 0.002029 -0.026855 0.025635
v -0.020264 -0.028198 0.049561
v -0.042480 0.429688 -0.025024
v -0.036377 0.416016 -0.032471
v -0.038330 0.412109 -0.018555
v -0.045166 0.425781 -0.014282
v -0.046143 0.445312 -0.009399
v -0.044434 0.453125 -0.021362
v -0.039795 0.441406 -0.035400
v -0.036621 0.429688 -0.036133
v 0.020020 0.361328 0.010071
v 0.017822 0.365234 0.015747
v 0.009094 0.359375 0.020508
v 0.008179 0.353516 0.016968
v 0.023560 0.345703 0.004150
v 0.027832 0.355469 -0.003265
v 0.226562 0.014893 0.011292
v 0.229492 0.012329 0.002213
v 0.226562 0.025146 0.003769
v -0.026123 0.451172 -0.030396
v -0.035645 0.443359 -0.017578
v -0.026855 0.458984 -0.019531
v -0.014404 0.445312 -0.044922
v 0.016846 0.410156 0.042725
v 0.083496 -0.500000 -0.078125
v 0.082520 -0.480469 -0.075684
v -0.137695 0.171875 -0.001564
v -0.156250 0.163086 -0.000664
v -0.177734 0.114746 -0.053955
v -0.186523 0.119629 -0.058350
v -0.165039 0.127930 -0.058594
v -0.166992 0.113770 -0.043213
v -0.203125 0.102539 -0.047363
v -0.191406 0.096191 -0.040771
v 0.014832 0.488281 0.028076
v 0.017578 0.486328 0.018799
v 0.007446 0.490234 0.016113
v 0.010071 0.486328 0.028687
v 0.012451 0.482422 0.037842
v 0.269531 -0.032959 -0.012024
v 0.269531 -0.031128 -0.012024
v 0.265625 -0.031494 -0.013000
v 0.263672 -0.040527 -0.011169
v 0.269531 -0.033936 -0.015564
v 0.001167 0.386719 0.051270
v 0.000050 0.388672 0.054932
v -0.000740 0.390625 0.052246
v 0.129883 0.153320 -0.055908
v 0.103516 0.188477 -0.062988
v -0.024048 0.042969 0.075684
v -0.025391 0.043945 0.069824
v -0.043457 0.429688 -0.003113
v 0.014160 0.427734 -0.053467
v 0.027466 0.433594 -0.050537
v -0.001366 0.417969 -0.052246
v -0.002625 0.429688 -0.056885
v 0.136719 -0.484375 0.077637
v 0.139648 -0.494141 0.080566
v -0.086914 0.180664 -0.031982
v -0.070801 0.134766 -0.038574
v -0.082031 0.152344 -0.024292
v -0.030518 -0.218750 -0.038818
v -0.026978 -0.207031 -0.014893
v -0.027344 -0.229492 -0.019653
v -0.045166 -0.210938 -0.058105
v -0.031494 -0.202148 -0.035645
v 0.115234 0.281250 0.005310
v 0.151367 0.124512 -0.033203
v 0.153320 0.127930 -0.017700
v -0.003876 0.435547 0.048096
v -0.114258 -0.500000 -0.029785
v -0.110352 -0.500000 -0.049316
v -0.066406 -0.498047 -0.008545
v 0.054443 0.116211 0.063477
v 0.074707 0.119629 0.044678
v 0.024658 0.128906 0.072266
v 0.267578 -0.034424 -0.019165
v 0.267578 -0.032227 -0.018921
v 0.265625 -0.031982 -0.017822
v 0.265625 -0.041748 -0.016968
v 0.261719 -0.038818 -0.016113
v -0.005951 0.392578 0.049072
v -0.006256 0.390625 0.045898
v -0.003540 0.390625 0.051025
v -0.106934 0.044189 0.045898
v -0.107910 0.057373 0.048584
v -0.114258 0.050049 0.029663
v -0.110840 0.031006 0.044434
v -0.094727 0.039307 0.043213
v 0.034912 0.457031 -0.012878
v 0.040771 0.445312 -0.000305
v 0.063965 -0.337891 -0.012512
v 0.069336 -0.380859 -0.014282
v 0.082520 -0.376953 0.001465
v 0.059326 -0.298828 -0.010803
v 0.045410 -0.298828 -0.029419
v -0.139648 0.206055 -0.077148
v -0.150391 0.190430 -0.078613
v -0.157227 0.217773 -0.063477
v -0.161133 0.169922 -0.073730
v -0.265625 0.015869 -0.002396
v -0.271484 0.003632 -0.001953
v -0.259766 0.015564 -0.014221
v -0.013916 0.363281 0.020996
v -0.020874 0.371094 0.019653
v -0.014771 0.363281 0.014526
v -0.091797 -0.488281 0.078613
v -0.083008 -0.490234 0.059082
v -0.104492 -0.494141 0.090332
v -0.093262 -0.484375 0.077148
v 0.195312 0.160156 -0.040527
v 0.092773 -0.007996 0.033203
v 0.058350 -0.019043 0.058350
v 0.098633 -0.042480 0.026367
v 0.093750 0.017944 0.023804
v 0.078613 0.013428 0.049561
v 0.054199 0.008118 0.058594
v -0.035889 0.412109 -0.008972
v -0.100586 -0.149414 -0.014709
v -0.094727 -0.171875 -0.021851
v -0.091797 -0.180664 0.011963
v 0.067383 0.316406 -0.066406
v 0.067383 0.332031 -0.047607
v 0.090820 0.322266 -0.047119
v 0.047119 0.320312 -0.068359
v 0.045898 0.339844 -0.048828
v 0.259766 0.005554 0.017090
v 0.263672 0.013916 0.015991
v -0.001259 0.498047 0.001740
v -0.004333 0.498047 0.013184
v 0.006226 0.500000 0.002548
v -0.009766 0.492188 0.012390
v -0.056152 0.042725 -0.062988
v -0.078125 0.035400 -0.038818
v -0.029297 0.049316 -0.070801
v -0.053223 0.041748 -0.058838
v -0.031982 0.074219 -0.063477
v 0.034668 0.417969 0.019409
v 0.043213 0.417969 0.012634
v 0.035156 0.423828 0.021973
v 0.055176 -0.406250 -0.051270
v 0.056641 -0.408203 -0.029663
v -0.131836 0.205078 0.002914
v -0.141602 0.187500 -0.006287
v -0.102539 0.215820 0.002228
v -0.114746 0.227539 0.004517
v -0.133789 0.232422 -0.002121
v -0.149414 0.211914 -0.007477
v -0.153320 0.196289 -0.009460
v 0.023804 0.308594 0.034668
v 0.267578 -0.014160 -0.004822
v 0.271484 -0.010132 -0.003159
v 0.269531 -0.024414 -0.002762
v 0.269531 -0.025635 -0.008423
v 0.261719 -0.005981 -0.012390
v -0.001808 0.408203 0.050537
v -0.003113 0.408203 0.046387
v -0.002441 0.400391 0.052246
v 0.000107 0.406250 0.054199
v -0.074219 0.105469 0.031128
v -0.057373 0.095215 0.035889
v 0.044678 0.460938 -0.039307
v 0.039795 0.462891 -0.025635
v 0.077148 -0.166992 0.031982
v 0.097656 -0.203125 0.018066
v 0.094238 -0.186523 0.018066
v -0.055176 0.332031 -0.014954
v -0.265625 -0.029541 0.039551
v -0.261719 -0.030029 0.035645
v 0.034668 0.398438 -0.007935
v 0.035400 0.412109 -0.023682
v 0.037598 0.410156 -0.009888
v 0.044434 0.408203 -0.014160
v 0.040527 0.396484 -0.010315
v 0.031494 0.390625 -0.001228
v 0.030151 0.384766 -0.013733
v 0.031006 0.398438 -0.018677
v 0.082031 -0.498047 0.037842
v 0.134766 -0.500000 -0.012024
v -0.055664 0.114258 -0.054688
v 0.006744 0.380859 0.050781
v 0.008118 0.382812 0.049805
v 0.004456 0.380859 0.051758
v 0.004089 0.380859 0.052002
v -0.000710 0.073242 -0.061523
v -0.023804 0.043945 -0.066895
v -0.025146 0.073242 -0.058838
v -0.001793 0.103027 -0.057129
v 0.024170 0.074707 -0.062012
v -0.034912 0.443359 0.022095
v -0.042725 0.445312 0.016357
v -0.028564 0.445312 0.031128
v -0.031982 0.449219 0.029175
v -0.029175 0.437500 0.026733
v -0.269531 -0.016968 -0.003967
v -0.267578 -0.028687 -0.005096
v -0.267578 -0.028687 0.001495
v -0.269531 -0.010254 -0.003967
v 0.006439 0.406250 0.045654
v 0.011047 0.404297 0.043945
v 0.007141 0.408203 0.043457
v 0.117676 -0.484375 -0.033691
v 0.119141 -0.486328 -0.034180
v 0.109863 -0.468750 -0.055664
v -0.020996 0.186523 0.067871
v -0.020386 0.215820 0.067871
v -0.047852 0.186523 0.057617
v -0.043457 -0.241211 -0.005737
v -0.058838 -0.259766 0.007263
v 0.144531 0.232422 -0.071289
v 0.102539 0.216797 -0.079590
v 0.119629 0.235352 -0.080566
v 0.022705 0.086426 0.069336
v -0.041016 0.468750 -0.017578
v 0.087402 0.217773 -0.045410
v 0.088867 0.211914 -0.045166
v 0.085938 0.232422 -0.060791
v 0.086426 0.219727 -0.060791
v 0.089844 0.215820 -0.042480
v 0.091309 0.218750 -0.023682
v 0.277344 -0.024902 0.005615
v 0.275391 -0.005066 -0.009766
v 0.015991 0.441406 -0.055664
v 0.004669 0.431641 -0.060791
v -0.000237 0.417969 -0.064453
v -0.107422 0.077637 -0.011292
v -0.112305 0.074707 -0.009399
v -0.096191 0.077148 -0.013428
v -0.108398 0.073242 -0.014160
v 0.023682 0.470703 0.047363
v 0.011353 0.474609 0.047363
v 0.024414 0.466797 0.047119
v 0.033447 0.464844 0.043213
v 0.022217 0.474609 0.037354
v 0.013000 0.478516 0.046387
v 0.043945 -0.157227 -0.051758
v 0.048096 -0.178711 -0.056396
v 0.033203 -0.178711 -0.040771
v 0.026733 -0.133789 -0.032471
v 0.039795 -0.125977 -0.049072
v -0.104980 0.310547 -0.002594
v -0.104492 0.318359 -0.022339
v -0.259766 -0.038574 -0.000603
v -0.261719 -0.038574 0.002060
v -0.263672 -0.039307 -0.000420
v -0.263672 -0.038574 -0.003647
v -0.261719 -0.035156 -0.003128
v -0.261719 -0.034668 0.001083
v 0.180664 0.132812 -0.083496
v -0.024536 0.042725 0.069824
v 0.044434 0.416016 0.004181
v 0.048340 0.429688 0.008423
v 0.037842 0.410156 0.003067
v 0.038330 0.414062 -0.000118
v 0.098145 -0.441406 0.007202
v 0.085449 -0.447266 -0.039795
v 0.119141 -0.447266 -0.013306
v 0.084473 -0.447266 0.004181
v -0.104980 0.185547 -0.055664
v -0.132812 0.177734 -0.070312
v -0.123047 0.192383 -0.074707
v -0.096191 0.201172 -0.058594
v -0.227539 0.012146 0.029907
v -0.242188 0.004730 0.034424
v -0.233398 0.010254 0.025879
v -0.240234 0.010437 0.026855
v 0.028809 0.460938 -0.020752
v -0.009460 0.339844 0.013123
v 0.001091 0.351562 0.018555
v -0.006622 0.353516 0.016235
v -0.077637 -0.500000 -0.075195
v -0.091797 -0.500000 -0.072754
v 0.019653 -0.095703 -0.028442
v -0.027832 0.400391 0.029541
v -0.024292 0.392578 0.033447
v -0.128906 -0.490234 -0.009766
v -0.141602 -0.492188 0.016235
v -0.127930 -0.492188 -0.008606
v -0.113281 -0.488281 -0.032471
v -0.004395 0.222656 -0.077637
v 0.019165 0.219727 -0.080078
v 0.259766 -0.041992 0.023804
v -0.056641 0.068359 -0.054199
v -0.031250 0.074219 -0.058594
v 0.040527 0.443359 0.027100
v 0.045654 0.433594 0.022217
v 0.043701 0.439453 0.017700
v -0.066406 0.275391 0.039795
v -0.251953 0.011719 0.008179
v -0.227539 0.017456 0.018311
v -0.241211 0.011353 0.022583
v 0.013184 0.416016 0.046143
v -0.025391 0.300781 0.038330
v -0.071777 -0.200195 0.029297
v -0.093262 -0.157227 0.017334
v 0.077148 0.107910 0.022705
v 0.068848 0.106445 0.043457
v 0.087891 0.120605 0.020630
v 0.060303 0.096680 0.030884
v -0.043701 0.460938 -0.033447
v -0.042725 0.457031 -0.029419
v -0.044434 0.453125 -0.044434
v -0.036377 0.460938 -0.035400
v -0.255859 0.007996 0.032715
v -0.253906 0.003632 0.027954
v -0.248047 0.010437 0.027954
v -0.257812 0.015625 0.031250
v -0.261719 0.008301 0.031982
v -0.247070 0.017334 0.031250
v 0.004395 0.498047 0.009338
v -0.004791 0.500000 0.009460
v 0.000370 0.492188 0.019531
v 0.016113 0.492188 0.005432
v 0.005585 0.500000 -0.005127
v -0.002228 0.498047 0.000881
v 0.107910 -0.207031 -0.001984
v -0.058594 -0.457031 -0.020630
v 0.160156 0.157227 -0.010925
v 0.150391 0.143555 -0.021973
v 0.166016 0.153320 -0.016479
v 0.184570 0.163086 -0.017456
v 0.052490 0.322266 -0.001709
v 0.271484 0.011780 -0.018921
v 0.275391 -0.000319 -0.017090
v 0.271484 0.014343 -0.007660
v -0.008728 0.416016 0.044678
v -0.094727 -0.118652 0.024658
v -0.060303 -0.089355 0.052246
v 0.054199 0.341797 -0.034668
v 0.096191 -0.496094 0.077637
v 0.085938 -0.500000 0.057129
v 0.111328 -0.494141 0.087891
v 0.097656 -0.486328 0.076660
v 0.089355 -0.488281 0.056885
v -0.240234 0.073730 -0.008240
v -0.236328 0.073730 0.003677
v 0.102539 -0.458984 0.030029
v 0.103027 -0.453125 0.018555
v 0.122559 -0.464844 0.029297
v -0.153320 0.129883 -0.034424
v -0.156250 0.138672 -0.019775
v -0.156250 0.125977 -0.047852
v 0.091797 0.250000 0.020508
v 0.078125 0.247070 0.037354
v 0.086914 0.227539 0.023071
v 0.091309 0.271484 0.020508
v 0.080078 0.273438 0.029053
v 0.056641 0.072266 -0.053955
v 0.052734 0.072266 -0.051514
v 0.089355 0.198242 -0.046143
v 0.091309 0.208984 -0.020020
v 0.267578 -0.021606 -0.014221
v -0.005707 0.406250 0.045898
v -0.115234 0.067871 0.010498
v -0.112793 0.068848 0.029907
v -0.113281 0.070801 -0.009888
v 0.046143 -0.135742 0.033203
v -0.161133 0.210938 -0.021851
v -0.267578 -0.036133 0.015564
v -0.269531 -0.037354 0.011902
v -0.261719 -0.044922 0.015320
v -0.269531 -0.033691 0.015198
v 0.249023 0.007019 0.013123
v 0.245117 0.003250 0.020142
v -0.014893 0.488281 -0.020874
v -0.051514 0.045166 -0.060303
v -0.050537 0.073242 -0.051270
v 0.031128 0.431641 0.026245
v 0.045166 0.429688 0.017090
v 0.087891 -0.472656 -0.083984
v 0.104004 -0.470703 -0.075195
v 0.119629 -0.460938 -0.048096
v 0.062988 -0.458984 -0.023315
v 0.072754 -0.451172 -0.007477
v 0.003082 0.435547 0.048828
v 0.116211 -0.287109 -0.045898
v 0.112793 -0.253906 -0.043457
v 0.109375 -0.291016 -0.022461
v 0.104004 -0.287109 -0.072754
v -0.121094 -0.492188 0.090820
v 0.130859 0.140625 -0.044434
v 0.141602 0.136719 -0.035400
v 0.133789 0.151367 -0.036377
v 0.140625 0.134766 -0.054932
v 0.006317 -0.023438 0.024536
v 0.002045 -0.024292 -0.004120
v 0.005737 -0.021484 -0.030151
v -0.028809 0.416016 -0.040527
v -0.101562 -0.484375 -0.062256
v -0.100586 -0.500000 -0.065430
v -0.000290 0.099121 0.072754
v -0.029785 0.402344 0.016602
v -0.028931 0.394531 0.007935
v -0.026123 0.392578 0.021484
v -0.032715 0.402344 0.007568
v -0.028442 0.408203 0.027588
v -0.050781 0.038330 0.061523
v -0.051514 0.036377 0.065918
v -0.075195 0.032959 0.046875
v 0.056396 -0.265625 -0.009583
v -0.102539 0.218750 -0.073730
v 0.024902 0.398438 -0.031494
v -0.071777 -0.253906 -0.073242
v 0.094238 0.294922 0.010071
v 0.108398 0.308594 -0.008301
v -0.024780 0.455078 0.033203
v -0.020874 0.458984 0.033203
v -0.225586 0.098633 -0.030273
v -0.214844 0.126953 -0.021118
v -0.213867 0.122559 -0.040039
v -0.221680 0.094727 -0.037354
v -0.227539 0.100098 -0.016357
v 0.004669 0.480469 0.044678
v 0.013306 0.484375 0.032471
v 0.267578 -0.035645 -0.006531
v -0.001823 0.392578 0.056152
v -0.000374 0.390625 0.058350
v -0.002075 0.394531 0.058105
v -0.004364 0.392578 0.052979
v -0.062500 -0.376953 -0.009766
v -0.045654 -0.337891 -0.026733
v 0.060547 0.098145 0.060547
v -0.036133 0.417969 -0.005463
v -0.042480 0.427734 -0.000486
v -0.041748 0.417969 -0.010620
v -0.036133 0.417969 -0.000648
v -0.257812 -0.041504 0.033203
v -0.257812 -0.041016 0.037842
v 0.031982 0.357422 -0.015320
v 0.240234 0.006470 0.007935
v 0.253906 0.007172 -0.008545
v 0.265625 -0.011536 0.005432
v -0.004089 0.453125 -0.061279
v 0.012085 0.408203 0.043457
v 0.012634 0.412109 0.042725
v -0.207031 0.126953 -0.005707
v -0.191406 0.122070 -0.001038
v -0.174805 0.138672 -0.009705
v 0.005981 0.359375 0.044922
v 0.221680 0.053467 -0.026855
v -0.013916 0.417969 0.046387
v -0.007233 -0.059326 -0.027344
v -0.013428 -0.097656 -0.027100
v 0.032959 0.419922 -0.044434
v 0.032471 0.439453 -0.047607
v 0.037842 0.433594 -0.045654
v -0.229492 0.016968 0.034912
v -0.239258 0.016724 0.035645
v -0.239258 0.023438 0.033447
v 0.025269 0.492188 -0.001129
v 0.017944 0.490234 -0.008057
v -0.056152 -0.431641 -0.032471
v -0.062500 -0.449219 -0.022827
v -0.062988 -0.431641 -0.055664
v -0.072266 -0.431641 -0.006104
v 0.048340 0.232422 0.063477
v 0.021606 0.214844 0.068359
v 0.049072 0.211914 0.058838
v 0.022339 0.235352 0.069824
v 0.076172 0.230469 0.043701
v 0.001633 -0.005615 -0.049805
v 0.020508 -0.017456 -0.053223
v -0.025024 0.412109 0.032227
v -0.021606 0.412109 0.037109
v -0.024292 0.416016 0.034668
v -0.027466 0.416016 0.027954
v -0.271484 -0.001511 0.000881
v -0.269531 -0.001862 -0.004730
v -0.039551 0.339844 -0.001678
v 0.154297 0.235352 -0.035645
v -0.139648 -0.492188 0.017456
v 0.093750 0.202148 -0.061768
v 0.097656 0.204102 -0.043213
v 0.271484 -0.020386 0.022095
v 0.038818 0.435547 0.013306
v -0.120117 0.269531 0.009521
v -0.119629 0.250000 0.008423
v -0.104004 0.241211 0.007080
v 0.124023 -0.468750 0.081055
v 0.132812 -0.470703 0.074707
v -0.092773 0.217773 -0.039307
v -0.092773 0.210938 -0.014587
v -0.095215 0.208984 -0.037598
v -0.089844 0.217773 -0.015747
v -0.076660 -0.482422 -0.073730
v 0.238281 0.039062 0.005249
v 0.257812 0.026855 0.010864
v -0.005768 0.394531 0.050049
v 0.246094 0.023560 -0.033936
v 0.257812 0.025269 -0.031250
v 0.006836 0.488281 0.023926
v -0.100586 0.012207 0.041016
v -0.093262 0.041260 0.031128
v -0.111816 0.014099 0.041748
v -0.100586 0.010071 0.024414
v 0.038818 0.412109 -0.009155
v 0.039307 0.416016 -0.005676
v 0.036133 0.406250 -0.012390
v -0.147461 0.153320 -0.070312
v -0.158203 0.137695 -0.065430
v 0.244141 -0.006134 0.023926
v -0.014221 0.433594 -0.046631
v -0.052490 0.103027 -0.046387
v 0.041748 0.462891 0.036377
v 0.031250 0.464844 0.038574
v 0.031250 0.462891 0.041748
v 0.050537 -0.196289 -0.052979
v -0.032227 0.398438 -0.000565
v 0.013489 0.408203 0.040771
v 0.015259 0.410156 0.043457
v 0.135742 -0.492188 -0.011658
v 0.000694 0.186523 0.069824
v -0.073730 -0.259766 0.014709
v 0.092285 0.246094 -0.074707
v 0.086426 0.249023 -0.072266
v 0.104980 0.267578 -0.075195
v 0.110840 0.251953 -0.077148
v 0.096680 0.232422 -0.076660
v -0.049316 0.439453 -0.000441
v -0.027344 0.103027 -0.054688
v 0.025024 0.484375 0.019165
v 0.038574 -0.216797 -0.042236
v 0.035889 -0.200195 -0.041504
v -0.085938 -0.147461 -0.037842
v 0.009155 0.394531 0.046387
v 0.008301 0.390625 0.046387
v 0.014832 0.396484 0.043701
v 0.098633 0.216797 -0.005066
v 0.092285 0.211914 -0.023926
v 0.023682 0.070801 0.068848
v 0.025146 0.043945 0.067871
v 0.046875 0.071777 0.061035
v 0.044189 0.100098 0.063965
v 0.001305 0.045166 0.073730
v -0.259766 -0.003937 0.031250
v 0.107422 -0.233398 -0.036621
v -0.028076 0.296875 -0.078125
v -0.005432 0.296875 -0.078613
v -0.003754 0.265625 -0.083496
v -0.061035 0.292969 -0.075684
v -0.063477 0.316406 -0.062988
v -0.025757 0.320312 -0.067871
v -0.028076 0.265625 -0.083984
v -0.067383 -0.468750 -0.009399
v 0.192383 0.152344 -0.010620
v 0.243164 0.016846 -0.012878
v 0.244141 0.014343 -0.029419
v -0.067383 -0.174805 -0.048828
v -0.086426 -0.172852 -0.038818
v 0.240234 0.070312 -0.012207
v 0.024048 0.437500 -0.055176
v -0.207031 0.162109 -0.031250
v 0.095703 -0.431641 -0.066895
v 0.096680 -0.451172 -0.069336
v -0.015381 0.271484 0.051270
v -0.035400 -0.206055 0.004150
v -0.024536 -0.181641 -0.011902
v -0.050293 -0.225586 0.021851
v -0.033691 -0.226562 0.001938
v -0.048340 -0.200195 0.024170
v 0.164062 0.225586 -0.052490
v -0.025879 0.486328 0.015198
v -0.026855 0.480469 0.014648
v 0.267578 -0.032715 0.024170
v 0.000362 0.386719 -0.037842
v -0.013245 0.384766 -0.033691
v 0.014221 0.400391 -0.040527
v 0.000763 0.402344 -0.043457
v 0.020630 0.416016 0.042236
v 0.021362 0.414062 0.041748
v 0.022095 0.417969 0.039795
v 0.018066 0.416016 0.042725
v -0.261719 -0.046631 0.013123
v 0.002411 0.382812 0.052246
v -0.017578 0.451172 0.036621
v -0.021484 0.445312 0.034668
v -0.013550 0.453125 0.039795
v -0.016846 0.458984 0.038574
v 0.000038 -0.026245 -0.002991
v 0.045898 0.412109 -0.010986
v 0.046143 0.406250 -0.012390
v 0.044189 0.412109 -0.012512
v 0.041260 0.406250 -0.006348
v 0.075195 -0.460938 -0.013062
v 0.064453 -0.468750 -0.036133
v 0.084961 -0.447266 0.004303
v 0.074707 -0.468750 -0.012756
v -0.139648 0.141602 -0.048828
v -0.141602 0.163086 -0.067871
v -0.225586 0.051758 0.002625
v -0.228516 0.052490 0.010986
v 0.263672 -0.047119 0.023193
v -0.022949 0.384766 -0.024292
v -0.024170 0.367188 -0.025146
v -0.083496 -0.472656 -0.081055
v 0.092285 0.219727 0.000362
v 0.002289 -0.017456 -0.030029
v -0.017578 0.373047 0.029907
v -0.022461 0.382812 0.023926
v -0.080566 -0.492188 0.040771
v 0.208008 0.142578 -0.045166
v 0.195312 0.154297 -0.060059
v 0.087402 0.050293 0.025269
v 0.073730 0.046387 0.049072
v 0.068359 0.074707 0.047607
v 0.082520 0.076660 0.026489
v -0.028442 0.427734 -0.047852
v 0.081055 0.228516 -0.073242
v 0.275391 -0.019531 0.016235
v -0.034668 -0.126953 -0.043945
v -0.064941 -0.151367 -0.049805
v 0.027100 0.392578 0.034424
v -0.243164 0.014099 0.032715
v 0.082031 0.135742 0.014404
v -0.002472 0.396484 0.055176
v 0.049316 0.449219 -0.026123
v 0.050537 0.457031 -0.013428
v 0.047852 0.449219 -0.010742
v 0.044678 0.458984 -0.016602
v -0.049805 0.322266 -0.001221
v 0.120117 -0.458984 0.008850
v 0.141602 -0.472656 0.041748
v -0.028076 0.219727 -0.076660
v -0.005219 0.244141 -0.081543
v 0.020264 0.125977 -0.068848
v -0.043213 0.474609 0.004211
v -0.045410 0.474609 -0.005768
v -0.038574 0.478516 0.004211
v -0.022461 0.470703 -0.042480
v -0.015991 0.453125 -0.058105
v 0.080566 -0.433594 -0.068848
v 0.067383 -0.451172 -0.063965
v 0.081543 -0.449219 -0.074707
v -0.092773 0.229492 0.003036
v -0.217773 0.083496 -0.033691
v 0.271484 -0.038574 -0.007263
v -0.001640 0.371094 0.047363
v -0.001503 0.378906 0.049561
v -0.005096 0.375000 0.047363
v -0.077148 -0.490234 0.016602
v -0.072754 -0.472656 0.006500
v 0.152344 0.119141 -0.061768
v -0.086914 0.180664 -0.006744
v 0.149414 0.120605 -0.048096
v -0.021851 0.447266 0.033936
v -0.010559 0.466797 0.027954
v -0.014404 0.447266 0.041504
v -0.026367 0.431641 0.028687
v -0.094238 -0.373047 -0.062988
v -0.097656 -0.402344 -0.065430
v -0.010620 0.416016 0.043701
v -0.009033 0.416016 0.043213
v -0.005829 0.416016 0.041260
v -0.103516 0.069824 0.050049
v 0.018188 0.490234 0.010742
v 0.024414 -0.100586 0.018188
v -0.267578 -0.029907 0.002014
v -0.269531 -0.030762 -0.001358
v 0.002045 0.388672 0.055176
v 0.003204 0.388672 0.051514
v 0.172852 0.132812 -0.077148
v 0.186523 0.141602 -0.075684
v 0.181641 0.122559 -0.072754
v -0.018555 0.492188 0.015076
v -0.021973 0.490234 0.011353
v -0.054688 0.062256 0.065430
v 0.104980 -0.396484 -0.004913
v -0.224609 0.019165 0.025757
v 0.017456 0.486328 -0.023315
v 0.013977 0.494141 -0.014893
v -0.016235 0.361328 0.009460
v -0.006622 0.359375 0.019531
v -0.265625 -0.029907 -0.004944
v 0.065430 0.072266 0.046143
v -0.031982 0.457031 -0.004456
v -0.015137 0.429688 -0.054932
v -0.167969 0.128906 -0.001251
v 0.020020 0.468750 0.049316
v 0.011475 0.476562 0.045898
v 0.013428 0.462891 0.052734
v 0.031738 0.455078 0.064453
v 0.009888 0.496094 0.004486
v 0.259766 -0.046631 0.012207
v 0.261719 -0.049072 0.007935
v 0.261719 -0.051514 0.009583
v -0.031982 0.349609 -0.042480
v -0.038818 0.339844 -0.047852
v -0.041992 0.349609 -0.025879
v -0.095215 -0.330078 -0.065430
v 0.016968 0.365234 0.020752
v -0.090820 -0.041260 0.031128
v 0.267578 -0.034180 0.024658
v -0.026978 0.382812 -0.013550
v -0.027588 0.398438 -0.018555
v -0.004089 0.081543 -0.060547
v 0.072754 -0.408203 -0.010986
v -0.265625 -0.022095 0.012512
v -0.039062 0.306641 0.027832
v -0.072266 -0.213867 0.026733
v -0.074707 -0.235352 0.023560
v 0.048340 0.343750 -0.016113
v -0.271484 -0.023438 0.013611
v 0.009338 0.427734 -0.059570
v 0.141602 -0.474609 0.060547
v -0.079102 0.208008 -0.062988
v -0.046631 -0.196289 -0.048584
v 0.105469 0.292969 0.007751
v 0.102539 0.269531 0.015320
v 0.091797 0.126953 -0.010315
v -0.106934 -0.447266 -0.004639
v -0.112305 -0.468750 -0.022949
v -0.122559 -0.474609 0.000477
v -0.113281 -0.457031 0.011719
v -0.093262 -0.441406 0.008606
v -0.087402 -0.427734 -0.003265
v -0.099609 -0.431641 -0.009766
v -0.104004 -0.431641 -0.017700
v -0.107422 -0.449219 -0.029907
v 0.024170 0.153320 0.065918
v 0.021484 0.186523 0.067383
v 0.267578 -0.023926 -0.022095
v -0.077148 0.058594 0.047363
v 0.062500 -0.237305 0.010803
v -0.129883 0.222656 -0.075684
v -0.113770 0.205078 -0.075195
v -0.204102 0.119141 -0.053711
v 0.261719 -0.041748 -0.014343
v 0.265625 -0.042725 -0.013672
v -0.005219 0.371094 0.045166
v -0.001953 0.369141 0.046387
v -0.078125 -0.447266 0.006683
v -0.083008 -0.457031 0.023438
v -0.037598 0.414062 0.000408
v 0.227539 0.023071 -0.003967
v -0.071289 0.118652 0.049316
v -0.050537 0.339844 -0.017456
v -0.048828 0.341797 -0.033691
v -0.090332 0.324219 -0.041504
v -0.062988 0.333984 -0.040771
v 0.025024 0.104004 -0.057861
v -0.273438 0.006134 0.010803
v -0.263672 -0.038330 0.027222
v 0.040039 0.351562 -0.041016
v 0.024048 0.414062 0.038818
v 0.023071 0.410156 0.038574
v 0.015015 0.466797 0.028198
v 0.207031 0.136719 -0.059570
v 0.199219 0.119629 -0.068359
v -0.090820 0.072754 -0.010986
v -0.087891 0.072754 0.007050
v -0.097168 0.073730 -0.015320
v -0.112793 0.047607 -0.010986
v -0.111328 -0.486328 -0.031250
v 0.000786 0.215820 0.069824
v 0.263672 -0.015564 -0.023071
v 0.105957 -0.222656 -0.033936
v -0.088379 0.306641 -0.060791
v 0.016235 0.388672 -0.035645
v 0.020630 0.390625 -0.032471
v -0.083008 0.130859 -0.020508
v 0.064453 0.101562 0.048584
v 0.079590 0.104004 0.026611
v 0.083496 0.106445 -0.001030
v -0.035889 0.478516 0.012268
v -0.021362 0.017090 -0.068848
v -0.083008 0.185547 0.016357
v -0.069336 0.187500 0.038574
v -0.044678 0.435547 -0.005768
v -0.261719 -0.016968 0.034424
v -0.263672 -0.018921 0.028442
v 0.099609 -0.443359 0.006592
v 0.008789 0.386719 0.047363
v -0.015625 0.468750 0.034912
v -0.091309 -0.484375 -0.071289
v 0.116211 -0.398438 -0.024414
v 0.011780 0.488281 -0.035889
v -0.027100 0.369141 -0.012085
v 0.233398 0.033447 -0.020142
v -0.015381 0.412109 0.042969
v -0.055176 -0.050293 0.057861
v 0.001892 0.390625 0.059326
v 0.097168 -0.466797 -0.072754
v 0.082031 -0.464844 -0.077637
v -0.065918 0.155273 0.038574
v -0.055176 -0.237305 0.015442
v 0.168945 0.212891 -0.051270
v 0.179688 0.203125 -0.052246
v -0.034668 0.433594 -0.044922
v -0.053467 0.107422 -0.043945
v 0.034424 -0.187500 -0.026001
v 0.036865 0.404297 -0.022949
v 0.020752 0.455078 0.036865
v -0.043457 0.314453 0.013977
v -0.031982 0.320312 0.011902
v 0.020386 -0.100586 -0.005035
v -0.105469 0.314453 -0.041504
v -0.087891 -0.228516 0.010559
v -0.090332 -0.255859 0.004517
v -0.094727 0.031128 -0.008606
v 0.028198 0.414062 0.034180
v 0.017456 0.406250 0.040771
v -0.222656 0.099121 -0.002258
v 0.168945 0.186523 -0.078613
v 0.050049 0.043213 0.060547
v -0.269531 -0.021118 0.028931
v -0.103516 -0.433594 -0.045654
v -0.166016 0.214844 -0.042969
v 0.263672 -0.044434 0.025146
v -0.045166 0.455078 -0.028442
v -0.039062 0.458984 -0.035645
v 0.006317 0.390625 0.049072
v 0.181641 0.188477 -0.054688
v 0.179688 0.182617 -0.032715
v -0.039307 0.417969 0.003113
v 0.275391 -0.024780 0.010742
v 0.094238 -0.427734 -0.005798
v -0.092773 0.030884 0.018799
v -0.133789 0.136719 -0.031006
v 0.017944 0.298828 -0.081055
v 0.231445 0.028076 0.012085
v 0.023071 -0.029663 -0.050049
v -0.096191 -0.453125 0.023804
v 0.167969 0.139648 -0.009827
v -0.016479 0.412109 0.042480
v -0.051514 0.096680 -0.034912
v -0.029053 0.096680 -0.042480
v -0.078613 -0.474609 0.026489
v -0.025146 0.429688 -0.046875
v 0.039307 0.472656 0.004211
v -0.261719 -0.031982 0.030884
v 0.024902 0.394531 -0.029419
v 0.031494 0.402344 -0.029419
v 0.032959 0.402344 -0.017090
v -0.005280 0.380859 0.048828
v -0.005493 0.378906 0.047119
v -0.210938 0.148438 -0.030029
v 0.005066 0.386719 0.050293
v 0.101074 -0.445312 -0.071777
v -0.034912 0.412109 0.003906
v 0.017578 0.429688 -0.055908
v 0.043213 0.330078 0.007263
v 0.034424 0.320312 0.026123
v 0.022217 0.097168 -0.044189
v -0.024048 0.439453 0.032227
v -0.103027 -0.417969 -0.073730
v 0.022095 0.308594 0.040527
v 0.009644 0.289062 0.050293
v 0.191406 0.181641 -0.030518
v 0.017334 0.414062 0.043701
v 0.017700 0.457031 0.051270
v 0.017822 0.414062 0.044434
v 0.005066 0.488281 -0.033691
v 0.079364 -0.326807 -0.068729
v 0.087417 -0.432761 -0.038256
v 0.034302 0.429688 -0.043620
v 0.173005 0.140933 -0.051598
v -0.044305 0.462948 -0.009713
v -0.083483 -0.432377 -0.033306
v -0.038438 0.461819 -0.030918
v 0.013120 0.425877 -0.055423
v 0.011047 0.483724 0.034261
v -0.173737 0.144030 -0.039403
v 0.029344 0.479383 0.008405
v -0.001925 0.460640 -0.057630
v -0.012490 0.413681 0.040395
v 0.046036 0.455642 -0.013763
v 0.073243 0.082507 -0.028306
v -0.040859 0.473484 0.003999
v -0.043792 0.431387 -0.002772
v -0.015035 0.488932 0.019287
vn 0.6282 -0.6983 -0.3433
vn 0.7237 -0.6659 -0.1813
vn 0.6607 -0.7506 0.0135
vn 0.5287 -0.6724 -0.5180
vn 0.6168 -0.6667 -0.4184
vn 0.6090 0.0011 -0.7931
vn 0.0714 -0.0068 -0.9974
vn 0.6422 0.0569 -0.7644
vn 0.6409 0.0228 -0.7673
vn 0.1535 -0.0024 -0.9881
vn 0.9630 -0.0322 -0.2676
vn -0.0134 -0.0191 -0.9997
vn 0.9864 -0.0020 -0.1643
vn -0.6914 -0.1829 0.6989
vn -0.6328 -0.2277 0.7401
vn -0.6293 0.0701 0.7740
vn -0.7460 -0.2639 0.6114
vn -0.6776 -0.2476 0.6925
vn -0.8338 -0.3316 0.4415
vn -0.5308 -0.0763 0.8440
vn -0.9191 0.0478 0.3911
vn -0.9878 0.0315 -0.1526
vn -0.9504 -0.2104 0.2291
vn -0.6606 0.0901 0.7453
vn -0.1309 0.9899 0.0542
vn -0.7415 -0.2142 0.6359
vn -0.1917 0.9803 0.0467
vn 0.6948 0.1161 -0.7098
vn 0.3723 0.1470 -0.9164
vn 0.3616 0.6374 -0.6804
vn 0.9389 0.1948 -0.2839
vn 0.9250 -0.1092 -0.3639
vn 0.7334 0.4368 -0.5209
vn 0.3828 -0.1441 -0.9125
vn 0.7057 -0.2198 -0.6736
vn -0.6133 0.6750 0.4103
vn -0.6054 0.7423 0.2874
vn -0.9272 0.2347 0.2920
vn -0.7407 0.4409 0.5070
vn -0.2959 0.7471 0.5952
vn 0.0769 0.9867 0.1434
vn -0.8735 0.4685 -0.1325
vn -0.6530 0.3169 -0.6879
vn -0.6076 0.4313 -0.6669
vn -0.8090 0.5786 -0.1033
vn -0.6682 0.6736 0.3159
vn -0.8678 0.4486 -0.2135
vn -0.6994 0.5203 0.4901
vn -0.1792 -0.9615 0.2081
vn -0.8614 -0.4429 -0.2488
vn -0.2264 -0.7301 -0.6448
vn 0.8685 -0.0623 0.4918
vn 0.3073 0.1708 0.9361
vn 0.6173 -0.6115 -0.4950
vn -0.3774 0.2012 0.9039
vn 0.9509 -0.2426 0.1920
vn 0.9564 -0.2615 0.1303
vn 0.8797 -0.1466 0.4523
vn 0.8649 -0.2532 0.4333
vn 0.9727 -0.1249 0.1955
vn 0.9618 -0.2139 0.1711
vn 0.8957 -0.0087 0.4446
vn 0.9201 0.3911 -0.0221
vn 0.8518 0.4333 -0.2942
vn 0.9060 0.4200 -0.0532
vn 0.0943 -0.9955 0.0008
vn 0.8858 0.3038 -0.3509
vn 0.8955 0.3995 0.1961
vn 0.9030 0.3366 0.2670
vn 0.1935 -0.9690 0.1538
vn 0.0942 -0.9956 0.0004
vn -0.0445 -0.1526 -0.9873
vn -0.0859 0.0217 -0.9961
vn -0.1499 -0.1823 -0.9717
vn 0.0455 -0.1973 -0.9793
vn 0.0478 0.0912 -0.9947
vn -0.0570 -0.2566 -0.9648
vn -0.0984 -0.2756 -0.9562
vn -0.7266 0.2449 -0.6419
vn -0.7142 0.2396 -0.6576
vn -0.9913 0.1160 -0.0621
vn -0.9921 -0.0238 -0.1234
vn -0.9708 0.0335 -0.2374
vn -0.6666 0.3118 -0.6770
vn -0.1895 0.3088 -0.9321
vn -0.1258 0.4560 -0.8810
vn 0.6581 -0.2358 0.7150
vn 0.7181 -0.1781 0.6728
vn 0.6584 -0.0299 0.7521
vn 0.7296 -0.2592 0.6328
vn 0.6887 -0.2758 0.6706
vn 0.7639 -0.3166 0.5624
vn 0.7116 -0.2058 0.6718
vn 0.6762 -0.3842 0.6286
vn 0.1041 0.3471 -0.9320
vn -0.0755 0.3246 -0.9428
vn -0.2622 0.9650 0.0003
vn 0.4462 0.3003 -0.8430
vn 0.2563 -0.0325 -0.9661
vn -0.2108 0.9761 -0.0524
vn -0.8935 0.0168 0.4488
vn -0.9532 0.2937 -0.0714
vn 0.0234 -0.8892 0.4570
vn -0.9538 0.2941 -0.0612
vn -0.9553 0.1850 0.2308
vn -0.7851 0.2927 0.5458
vn -0.8547 0.0036 0.5191
vn -0.8310 0.3199 0.4551
vn -0.9072 -0.3595 0.2184
vn -0.8384 0.5400 0.0740
vn -0.9156 0.4000 0.0408
vn -0.8279 0.4759 0.2967
vn -0.5702 0.5559 0.6048
vn -0.8865 0.4486 0.1136
vn -0.9272 0.2295 -0.2959
vn -0.8940 0.4439 -0.0599
vn -0.6182 0.5154 0.5935
vn -0.8658 0.3603 -0.3473
vn 0.6145 0.2130 0.7596
vn 0.5400 -0.3156 0.7803
vn -0.2673 -0.5016 0.8228
vn -0.0875 0.2472 0.9650
vn -0.1884 0.0852 0.9784
vn 0.3053 -0.3065 0.9016
vn 0.6628 0.3041 -0.6842
vn 0.1171 0.2202 -0.9684
vn 0.1891 0.3328 -0.9238
vn 0.6773 0.3335 -0.6557
vn 0.9771 0.0272 -0.2112
vn 0.7110 0.1333 -0.6904
vn -0.6459 -0.2466 0.7225
vn -0.8080 -0.2823 0.5171
vn -0.6566 -0.1696 0.7349
vn -0.7200 -0.1986 0.6650
vn -0.7624 -0.2391 0.6014
vn -0.5988 -0.1929 0.7773
vn 0.6186 0.7476 0.2417
vn 0.9261 0.2349 0.2952
vn 0.5494 0.7473 0.3737
vn 0.6118 0.6828 0.3994
vn -0.0311 0.9966 0.0768
vn 0.7998 0.5608 -0.2140
vn 0.8222 0.4976 -0.2765
vn 0.8301 0.5104 0.2246
vn 0.5732 0.3660 -0.7332
vn 0.7252 0.5946 0.3472
vn 0.8305 -0.5490 0.0941
vn 0.6697 0.2144 -0.7110
vn -0.4676 -0.4845 -0.7393
vn -0.2833 -0.5494 -0.7861
vn -0.9769 -0.2053 0.0597
vn 0.4245 -0.4803 -0.7675
vn -0.4963 -0.7333 -0.4648
vn 0.3384 -0.7981 -0.4985
vn -0.9618 -0.2609 -0.0830
vn -0.9769 -0.1426 0.1590
vn 0.0515 -0.1875 -0.9809
vn -0.6205 -0.0525 -0.7824
vn -0.5261 -0.1904 -0.8289
vn 0.3530 -0.8230 0.4451
vn -0.3284 -0.0296 -0.9441
vn -0.9444 -0.0267 0.3276
vn -0.6720 -0.0404 0.7394
vn -0.7348 -0.0764 0.6740
vn -0.9766 0.0055 -0.2150
vn -0.9510 0.0804 0.2987
vn -0.9448 0.0192 0.3271
vn -0.9845 -0.0440 -0.1698
vn 0.0981 0.0799 -0.9920
vn 0.0746 -0.1407 -0.9872
vn -0.0777 -0.1664 -0.9830
vn 0.2181 0.2941 -0.9306
vn 0.2896 0.0329 -0.9566
vn 0.0677 0.3127 -0.9474
vn -0.0717 0.0864 -0.9937
vn -0.8642 -0.3207 0.3878
vn -0.6980 -0.7156 -0.0270
vn -0.7100 -0.5351 -0.4578
vn -0.9626 -0.0555 0.2652
vn 0.3567 0.2162 0.9089
vn -0.2773 0.0548 0.9592
vn -0.7103 -0.5232 0.4709
vn -0.2426 0.8433 -0.4797
vn 0.0205 0.8503 -0.5259
vn -0.3801 0.7541 -0.5356
vn -0.4677 0.8213 -0.3266
vn -0.3033 0.9047 -0.2991
vn 0.1379 0.8697 -0.4739
vn -0.0986 -0.0370 -0.9944
vn -0.1826 -0.0284 -0.9828
vn 0.4807 -0.1392 -0.8658
vn -0.6994 -0.0056 -0.7147
vn -0.7143 0.0411 -0.6986
vn -0.0907 -0.0482 -0.9947
vn 0.5011 -0.1067 -0.8588
vn 0.5333 0.0741 0.8427
vn 0.4662 -0.2924 0.8349
vn 0.2276 0.4442 0.8665
vn 0.3263 -0.0280 0.9448
vn 0.5023 -0.1220 0.8561
vn 0.7355 -0.0377 0.6764
vn 0.2809 0.0586 0.9579
vn 0.6786 0.1278 0.7233
vn -0.9545 0.0696 0.2901
vn -0.5883 -0.6928 0.4172
vn -0.9308 0.1204 0.3450
vn -0.9487 0.1607 0.2724
vn -0.9803 0.0629 -0.1871
vn -0.2280 -0.9717 0.0623
vn -0.6288 -0.6369 0.4461
vn -0.4049 -0.6968 0.5920
vn -0.2173 0.3125 0.9247
vn -0.6600 0.5669 0.4930
vn -0.6399 -0.7274 0.2477
vn -0.4963 -0.8232 0.2759
vn -0.8820 -0.2139 0.4199
vn -0.6221 -0.1369 -0.7708
vn -0.6503 -0.3201 -0.6889
vn -0.8859 -0.3977 0.2387
vn -0.1904 0.0549 0.9802
vn -0.2414 -0.0066 0.9704
vn -0.5215 0.1249 0.8441
vn 0.1506 -0.5692 -0.8083
vn -0.0502 -0.4754 -0.8783
vn -0.0070 -0.4406 -0.8977
vn 0.1875 -0.4563 -0.8699
vn 0.1755 -0.5877 -0.7898
vn 0.8626 -0.3717 0.3432
vn 0.7278 -0.0662 0.6826
vn -0.0271 -0.8319 0.5543
vn -0.0915 -0.9386 0.3328
vn 0.7562 -0.6257 0.1918
vn 0.7458 -0.2510 0.6170
vn 0.6174 -0.0878 -0.7817
vn 0.6117 -0.0390 -0.7901
vn 0.9595 -0.1023 -0.2627
vn -0.0428 0.0244 -0.9988
vn -0.0391 -0.0707 -0.9967
vn 0.9730 -0.1279 -0.1923
vn 0.9316 -0.1331 -0.3383
vn 0.6152 -0.0365 -0.7875
vn 0.4014 0.1698 0.9000
vn 0.7997 0.4132 0.4357
vn 0.4942 0.0571 0.8674
vn 0.2977 0.3540 0.8866
vn 0.7501 0.3889 0.5350
vn -0.0299 0.0376 0.9988
vn 0.0935 -0.2341 0.9677
vn 0.7857 0.1726 -0.5941
vn 0.7920 0.1846 -0.5820
vn 0.4958 0.2023 -0.8445
vn 0.9687 0.1790 -0.1721
vn -0.0244 0.9997 0.0036
vn -0.0451 0.9970 0.0632
vn 0.9811 0.1655 -0.0999
vn -0.3596 0.3570 0.8621
vn -0.1275 0.8742 -0.4685
vn -0.4629 0.6000 -0.6525
vn -0.5964 0.0291 0.8022
vn -0.1373 0.0010 0.9905
vn -0.1725 0.4835 0.8582
vn -0.5818 0.1788 -0.7934
vn -0.5669 0.1147 -0.8158
vn -0.9103 0.0712 -0.4078
vn -0.9145 0.1207 -0.3861
vn -0.3764 0.8145 -0.4414
vn 0.1588 0.2392 -0.9579
vn 0.1125 0.7700 -0.6280
vn 0.7747 -0.0883 0.6262
vn 0.7842 0.0707 0.6165
vn 0.9360 -0.0899 0.3404
vn 0.9342 -0.1381 0.3291
vn 0.7477 -0.1693 0.6421
vn 0.5384 -0.0653 0.8402
vn 0.5999 0.0441 0.7988
vn 0.6571 -0.1138 -0.7452
vn 0.4632 -0.3096 -0.8304
vn -0.0827 -0.2621 -0.9615
vn 0.9785 -0.0490 -0.2002
vn 0.9827 -0.1489 -0.1103
vn 0.6106 0.0712 -0.7887
vn -0.5062 0.0769 0.8590
vn -0.1244 0.7411 0.6598
vn -0.2658 0.2909 0.9191
vn -0.5220 -0.6955 0.4937
vn -0.1889 -0.3157 0.9299
vn -0.4214 0.4980 0.7579
vn -0.7823 -0.4585 0.4216
vn 0.0065 0.9976 0.0696
vn -0.0156 0.9992 0.0355
vn 0.1454 0.9852 -0.0908
vn -0.6917 0.0568 0.7199
vn -0.4045 0.0021 0.9145
vn -0.0242 0.9981 0.0574
vn 0.8227 0.5621 0.0852
vn 0.8144 0.4154 -0.4051
vn 0.5358 0.8061 -0.2510
vn 0.9064 0.3837 -0.1769
vn 0.7134 0.5412 0.4452
vn 0.8428 0.5329 0.0759
vn 0.8361 0.4632 -0.2937
vn -0.8629 -0.1198 0.4909
vn -0.8766 -0.1924 0.4410
vn -0.9813 -0.1279 0.1440
vn -0.5766 -0.1648 0.8002
vn -0.5595 -0.2532 0.7892
vn -0.8152 -0.3511 0.4605
vn -0.9923 -0.0864 0.0890
vn -0.3893 0.3254 -0.8617
vn 0.2590 0.0362 -0.9652
vn -0.1546 0.2445 -0.9572
vn -0.7618 0.4344 -0.4806
vn -0.4958 0.3611 -0.7898
vn -0.5805 0.4180 -0.6988
vn -0.1480 0.2097 -0.9665
vn -0.8748 -0.3082 0.3738
vn -0.3901 -0.8933 0.2233
vn -0.3039 -0.1796 0.9356
vn 0.0198 0.0953 0.9953
vn -0.9532 -0.2982 0.0501
vn -0.7050 -0.1974 -0.6812
vn -0.3398 -0.3116 -0.8874
vn -0.5862 -0.6446 -0.4908
vn 0.7965 0.1180 -0.5930
vn 0.9991 0.0383 -0.0182
vn 0.7840 0.3708 -0.4979
vn 0.4434 -0.0909 -0.8917
vn 0.8550 -0.1122 -0.5063
vn 0.4561 0.2114 -0.8645
vn 0.1545 0.1962 0.9683
vn -0.0098 0.2670 0.9637
vn -0.4427 -0.1969 0.8748
vn -0.4341 -0.2441 0.8672
vn 0.7124 0.4395 0.5471
vn 0.6511 0.4636 0.6009
vn 0.1475 0.1992 0.9688
vn -0.0758 0.4891 -0.8689
vn -0.3900 0.5647 -0.7274
vn -0.0798 0.7542 -0.6517
vn 0.0406 0.4350 -0.8995
vn -0.0246 0.7233 -0.6901
vn 0.3579 0.6315 -0.6879
vn -0.4752 0.4912 -0.7300
vn -0.9776 -0.0272 -0.2086
vn -0.9751 -0.0473 0.2168
vn -0.9328 -0.0371 0.3585
vn -0.9842 0.0685 -0.1630
vn -0.8206 0.0221 -0.5711
vn -0.9734 0.0775 0.2157
vn -0.9453 0.0468 -0.3230
vn -0.7968 0.0962 -0.5965
vn 0.8022 -0.0995 0.5886
vn 0.5558 -0.0306 0.8307
vn 0.3133 -0.6362 0.7050
vn 0.8997 0.0135 0.4363
vn 0.7640 0.1918 0.6161
vn 0.5055 -0.5397 0.6732
vn 0.8794 -0.1344 0.4566
vn -0.0291 0.3053 -0.9518
vn -0.7636 0.0802 -0.6407
vn -0.6291 -0.0381 -0.7764
vn 0.5846 0.2628 -0.7676
vn 0.7715 0.0525 -0.6341
vn 0.1219 0.1097 -0.9865
vn -0.0017 -0.0595 -0.9982
vn -0.7384 0.1278 -0.6622
vn -0.9868 -0.0838 0.1389
vn -0.9921 -0.0041 0.1250
vn -0.9347 -0.0868 0.3447
vn -0.8848 -0.1903 0.4253
vn -0.9942 -0.0109 0.1071
vn -0.9173 -0.2082 0.3395
vn -0.6287 -0.6510 0.4253
vn 0.3876 -0.5216 -0.7601
vn -0.3489 -0.0671 -0.9347
vn -0.2868 -0.2925 -0.9123
vn 0.6560 -0.6803 -0.3267
vn 0.7841 -0.6066 -0.1313
vn 0.4147 -0.1016 -0.9043
vn 0.2733 -0.5853 -0.7634
vn 0.8374 -0.4021 -0.3703
vn 0.0745 -0.3133 0.9467
vn 0.6185 -0.5128 0.5954
vn -0.0135 -0.5511 0.8343
vn -1.0000 0.0000 0.0000
vn -0.8879 0.3640 0.2812
vn -0.7681 0.1542 -0.6215
vn 0.5044 -0.7169 -0.4813
vn 0.7331 -0.6729 0.0984
vn -0.0346 -0.1632 0.9860
vn -0.4169 -0.1131 0.9019
vn -0.5615 0.1658 0.8107
vn -0.6810 -0.1901 0.7072
vn 0.0483 -0.4196 0.9064
vn -0.2709 0.1903 0.9436
vn -0.2091 -0.7771 0.5936
vn 0.1012 -0.7066 0.7003
vn -0.1335 0.1437 0.9806
vn -0.3827 -0.6610 0.6455
vn 0.3565 -0.7880 0.5019
vn 0.7187 0.0195 0.6951
vn -0.0582 -0.9550 0.2907
vn -0.4537 -0.3806 -0.8058
vn -0.6802 -0.5515 -0.4830
vn -0.4513 -0.4049 -0.7952
vn -0.5401 -0.3884 -0.7466
vn -0.0327 -0.0859 -0.9958
vn 0.0082 -0.0675 -0.9977
vn 0.0379 -0.3557 0.9338
vn 0.1046 -0.7739 0.6247
vn 0.1810 -0.8711 0.4565
vn -0.2120 -0.1433 0.9667
vn -0.0321 -0.2937 0.9554
vn 0.0255 -0.1341 0.9906
vn -0.2192 -0.6960 0.6837
vn 0.0628 -0.2928 0.9541
vn 0.2173 -0.1030 0.9707
vn -0.9169 -0.0387 0.3972
vn 0.0250 0.3752 -0.9266
vn -0.9053 -0.1553 0.3953
vn -0.8502 0.0887 0.5189
vn -0.1039 0.9708 -0.2160
vn -0.8370 -0.2060 0.5070
vn -0.9171 0.1791 0.3561
vn -0.9964 0.0544 -0.0652
vn -0.3324 0.2673 0.9045
vn -0.9649 -0.1648 0.2043
vn -0.2031 0.1800 0.9625
vn -0.8335 0.3696 0.4107
vn -0.9500 0.0176 0.3118
vn -0.0030 0.9939 -0.1099
vn -0.0048 0.8956 -0.4448
vn -0.3875 0.8622 -0.3264
vn -0.3576 0.9314 -0.0681
vn 0.3292 0.8878 -0.3217
vn -0.3266 0.9207 0.2139
vn 0.0060 0.9572 0.2894
vn 0.3286 0.9226 0.2019
vn 0.3658 0.9266 -0.0876
vn 0.6306 -0.0368 0.7753
vn -0.2440 -0.1197 0.9624
vn -0.0945 -0.0368 0.9948
vn 0.6828 0.1385 0.7174
vn 0.9478 0.1019 0.3022
vn 0.6250 -0.0833 0.7762
vn 0.9352 -0.0270 0.3531
vn -0.3968 -0.0093 -0.9179
vn -0.2368 0.1953 -0.9517
vn -0.3219 0.2176 -0.9214
vn -0.1755 -0.1604 -0.9713
vn -0.5236 -0.2353 -0.8189
vn -0.1809 0.0779 -0.9804
vn -0.4720 -0.2178 -0.8543
vn 0.9488 0.1067 0.2975
vn 0.9272 0.0852 0.3647
vn 0.5485 -0.7329 0.4025
vn 0.9462 0.2108 0.2453
vn 0.3009 -0.9492 0.0924
vn 0.9772 0.0526 -0.2059
vn 0.1598 0.4451 0.8811
vn 0.7250 -0.1252 0.6773
vn 0.1435 0.2116 0.9668
vn -0.5475 0.4524 0.7039
vn -0.4560 0.3415 0.8219
vn 0.1042 0.5256 0.8444
vn 0.2226 0.3829 0.8966
vn -0.5445 -0.0933 -0.8335
vn -0.5049 -0.0922 -0.8583
vn 0.1345 0.0383 -0.9902
vn -0.5796 0.0628 0.8125
vn -0.7147 -0.0124 0.6993
vn -0.4358 0.0820 0.8963
vn -0.7487 0.1433 0.6473
vn -0.8211 0.1272 0.5564
vn -0.4948 -0.3298 0.8040
vn -0.4149 -0.0463 0.9087
vn -0.3305 0.5274 0.7827
vn -0.9835 0.1675 -0.0676
vn -0.7071 0.2155 -0.6735
vn -0.1297 0.1970 -0.9718
vn 0.0410 0.0720 -0.9966
vn 0.8349 -0.3724 0.4052
vn 0.8075 -0.3374 0.4838
vn 0.7978 -0.3267 0.5067
vn 0.8299 -0.4769 0.2895
vn 0.8664 -0.3499 0.3562
vn 0.7706 -0.5769 0.2708
vn 0.8926 0.4402 0.0979
vn 0.4294 0.6002 0.6749
vn 0.8094 0.4839 0.3327
vn 0.9174 0.3949 -0.0487
vn 0.8537 0.3184 -0.4121
vn 0.8493 0.5165 0.1093
vn 0.5286 0.5348 0.6592
vn 0.8575 0.2484 -0.4506
vn -0.4413 -0.3066 0.8433
vn -0.0535 -0.5413 0.8391
vn -0.4379 -0.4412 0.7833
vn -0.6594 0.0248 0.7514
vn -0.4987 -0.1850 0.8468
vn -0.9918 0.0678 0.1079
vn -0.8003 -0.5717 -0.1806
vn -0.7060 -0.7069 0.0430
vn -0.9825 0.0344 0.1831
vn -0.9942 0.0709 0.0814
vn -0.9875 0.1197 -0.1026
vn -0.8268 -0.5359 0.1710
vn -0.9240 0.0822 -0.3735
vn 0.1990 -0.5887 0.7835
vn 0.4602 -0.5349 -0.7086
vn 0.4980 -0.1392 -0.8559
vn -0.9530 0.1445 0.2662
vn -0.9539 0.1095 0.2794
vn -0.9614 0.1787 0.2093
vn -0.7247 0.6087 0.3229
vn -0.9407 0.1435 0.3074
vn -0.6488 0.5972 0.4715
vn -0.1960 0.8997 -0.3900
vn -0.0826 0.6942 -0.7151
vn -0.8371 0.3551 -0.4161
vn -0.8552 0.5133 0.0712
vn -0.1357 0.9906 -0.0190
vn -0.6490 0.7608 0.0056
vn -0.5725 0.8127 0.1085
vn -0.8956 0.4388 -0.0731
vn -0.8891 0.4156 0.1919
vn -0.2467 0.9381 0.2430
vn -0.7636 0.6236 -0.1676
vn 0.3198 -0.2352 -0.9178
vn 0.0705 -0.3211 -0.9444
vn 0.3249 -0.9044 -0.2766
vn -0.8405 -0.0469 0.5398
vn -0.3608 -0.7389 -0.5690
vn 0.3555 0.1736 0.9184
vn -0.2686 0.0897 0.9591
vn 0.3798 -0.6077 -0.6975
vn 0.8363 -0.5015 -0.2216
vn -0.9697 -0.0647 0.2356
vn -0.9580 0.0752 0.2768
vn -0.9993 -0.0376 -0.0050
vn -0.9568 -0.0784 0.2799
vn -0.9219 -0.0056 0.3873
vn -0.9497 -0.0975 0.2976
vn -0.9703 0.1205 0.2098
vn -0.2031 0.1694 -0.9644
vn -0.5050 0.1116 -0.8559
vn -0.4419 0.0848 -0.8931
vn -0.1884 0.0553 -0.9805
vn -0.0743 -0.1903 -0.9789
vn -0.1862 -0.5106 -0.8394
vn 0.8401 0.3431 0.4201
vn 0.8398 0.5173 0.1646
vn 0.9740 0.1285 0.1867
vn 0.9646 0.1800 -0.1927
vn 0.2338 0.1496 -0.9607
vn -0.5864 -0.5525 0.5924
vn 0.9541 -0.1239 0.2726
vn -0.3936 -0.0032 0.9193
vn 0.7044 0.1569 0.6923
vn 0.9034 -0.3709 -0.2150
vn 0.7691 -0.3680 0.5225
vn 0.5030 -0.2716 -0.8205
vn 0.9020 0.0459 -0.4293
vn 0.9011 0.2072 0.3808
vn 0.7419 0.2177 0.6342
vn 0.9300 0.2226 0.2923
vn 0.9485 0.0675 0.3095
vn 0.9241 0.1362 0.3570
vn 0.2322 0.6816 0.6939
vn 0.1434 0.5070 0.8499
vn 0.0747 0.6936 0.7165
vn -0.1433 0.4132 0.8993
vn -0.1223 0.7964 0.5923
vn 0.0395 0.7346 0.6774
vn 0.0184 0.3420 0.9395
vn 0.3761 0.7594 0.5308
vn 0.3712 0.7445 0.5550
vn 0.3937 0.9076 0.1459
vn 0.4439 0.8839 0.1473
vn 0.4534 0.7296 0.5119
vn 0.4401 0.5463 0.7126
vn 0.4421 0.6456 0.6226
vn 0.4024 -0.7539 0.5193
vn 0.2477 -0.4136 0.8761
vn 0.0836 -0.8287 0.5534
vn 0.4500 -0.7100 0.5418
vn 0.4858 -0.6429 0.5922
vn -0.7564 0.5651 -0.3296
vn -0.7962 0.5777 -0.1796
vn 0.8713 -0.4900 -0.0255
vn -0.9012 0.4041 -0.1567
vn -0.9413 0.0871 0.3263
vn -0.7131 0.0052 0.7011
vn -0.7098 0.0996 0.6973
vn -0.9390 0.2331 -0.2528
vn -0.9919 0.0916 -0.0879
vn -0.8838 0.0878 0.4595
vn 0.0727 -0.2422 0.9675
vn -0.2606 -0.2501 0.9325
vn 0.1163 -0.3974 0.9103
vn 0.0742 -0.3841 0.9203
vn 0.3519 -0.2558 0.9004
vn -0.3309 -0.6726 -0.6619
vn -0.6115 -0.7297 -0.3059
vn -0.6479 -0.7399 -0.1809
vn -0.4102 -0.6600 -0.6294
vn -0.0417 -0.4638 -0.8850
vn 0.3366 -0.3054 -0.8908
vn -0.1796 -0.6121 -0.7701
vn 0.3338 0.8448 -0.4182
vn 0.9143 -0.1957 0.3547
vn 0.9864 -0.1644 -0.0033
vn 0.9932 -0.1145 -0.0187
vn 0.9087 -0.1060 0.4038
vn 0.4875 -0.1517 0.8599
vn 0.5209 -0.2274 0.8227
vn 0.9133 -0.2400 0.3292
vn 0.6543 0.6126 -0.4435
vn 0.8863 0.4619 0.0341
vn 0.7776 0.4515 -0.4376
vn 0.4679 0.7689 -0.4358
vn 0.5391 0.8381 0.0836
vn 0.4417 0.3967 -0.8047
vn 0.3926 0.4228 -0.8168
vn 0.7180 0.6898 0.0933
vn 0.2799 -0.9224 -0.2661
vn -0.1443 -0.9879 -0.0570
vn -0.9264 0.2857 0.2453
vn 0.0085 -0.9802 0.1980
vn 0.1232 -0.9748 0.1859
vn -0.5560 -0.7582 -0.3404
vn -0.7272 0.3764 -0.5741
vn -0.2009 -0.0645 -0.9775
vn 0.3385 -0.4481 -0.8274
vn -0.3009 -0.9507 0.0752
vn -0.6930 -0.6942 0.1947
vn 0.4682 -0.2822 0.8373
vn 0.7199 -0.5615 0.4081
vn 0.4446 -0.0560 0.8940
vn 0.5665 -0.2254 0.7926
vn 0.7273 -0.6260 0.2814
vn -0.0848 0.2092 0.9742
vn -0.0717 0.2493 0.9658
vn 0.5524 0.5338 -0.6402
vn 0.6584 0.5818 -0.4775
vn 0.5713 0.5064 -0.6458
vn 0.3841 0.5195 -0.7633
vn 0.3008 0.7339 -0.6090
vn 0.4843 0.2877 -0.8262
vn 0.4603 0.3105 -0.8317
vn 0.5902 0.6637 -0.4595
vn -0.0621 0.3689 -0.9274
vn -0.4897 0.2166 -0.8446
vn 0.0000 0.1810 -0.9835
vn 0.3168 0.4504 -0.8348
vn -0.0239 0.5494 -0.8352
vn -0.4233 0.4293 -0.7978
vn 0.5346 -0.7656 -0.3578
vn 0.7039 -0.7102 0.0109
vn 0.0594 0.0446 -0.9972
vn 0.7617 -0.1283 -0.6351
vn 0.2765 -0.9589 -0.0638
vn -0.3495 -0.5021 0.7910
vn 0.1125 -0.1573 0.9811
vn -0.2057 -0.3670 0.9072
vn -0.5291 -0.6965 0.4848
vn -0.5583 -0.4159 0.7179
vn -0.7440 -0.4881 0.4563
vn -0.8000 -0.5152 0.3075
vn 0.7776 0.0559 -0.6262
vn 0.3992 -0.1446 -0.9054
vn 0.4816 -0.0402 -0.8755
vn 0.9849 0.1336 -0.1102
vn 0.7312 0.1348 -0.6688
vn 0.7805 0.0689 -0.6213
vn 0.9757 0.1576 -0.1523
vn -0.2615 -0.8375 0.4798
vn -0.6934 -0.5193 0.4995
vn 0.0863 -0.9416 0.3254
vn -0.1534 -0.7000 0.6974
vn -0.4906 -0.5274 0.6936
vn 0.0549 -0.2716 -0.9608
vn 0.8724 -0.4424 -0.2079
vn -0.5258 -0.1674 -0.8340
vn -0.7822 -0.0578 -0.6203
vn 0.1183 -0.3355 -0.9346
vn -0.7142 0.1380 -0.6862
vn 0.4865 -0.6775 0.5517
vn 0.1996 0.2101 0.9571
vn 0.2695 -0.3866 0.8820
vn 0.2294 -0.9175 0.3249
vn 0.1480 -0.7732 0.6167
vn 0.5443 -0.7116 0.4443
vn 0.8838 -0.2559 0.3917
vn 0.9996 0.0056 0.0288
vn 0.8502 0.2822 0.4444
vn 0.8939 0.2590 0.3660
vn 0.9887 -0.0402 -0.1442
vn 0.8910 -0.1565 0.4263
vn 0.9694 0.0692 -0.2356
vn -0.1349 0.3671 0.9203
vn -0.0502 0.4176 0.9072
vn 0.0125 0.4129 0.9107
vn -0.3258 0.4975 0.8040
vn -0.2298 0.4289 0.8736
vn -0.0532 0.9970 -0.0558
vn 0.8847 0.4429 -0.1454
vn 0.8991 0.3409 -0.2747
vn 0.9026 -0.2596 0.3434
vn 0.5329 -0.2662 0.8032
vn 0.5404 -0.2548 0.8019
vn 0.9825 -0.1836 0.0320
vn 0.9773 -0.2046 0.0558
vn 0.8812 -0.1989 0.4288
vn 0.7634 0.4149 -0.4950
vn 0.9267 0.3758 -0.0051
vn 0.4996 0.3428 -0.7955
vn 0.8234 0.4629 -0.3281
vn 0.5012 0.3716 -0.7815
vn 0.1825 0.2900 0.9395
vn -0.2541 0.9214 0.2941
vn 0.1929 0.2867 0.9384
vn 0.3566 0.2913 0.8877
vn -0.1147 0.9144 0.3882
vn 0.3965 -0.1551 0.9048
vn 0.5656 -0.0375 0.8238
vn -0.6862 0.6981 0.2045
vn -0.8814 0.0899 0.4637
vn -0.6167 0.7626 0.1952
vn -0.2757 0.9449 -0.1764
vn -0.7192 0.6806 0.1399
vn 0.9897 -0.1364 -0.0443
vn 0.9936 -0.1113 0.0200
vn 0.9523 -0.0177 0.3046
vn 0.9934 0.0437 -0.1064
vn 0.8868 -0.1567 -0.4347
vn 0.8635 -0.2977 -0.4072
vn 0.2324 -0.3896 -0.8912
vn -0.7923 0.0877 -0.6038
vn 0.2016 -0.2496 -0.9471
vn 0.9656 -0.2585 0.0289
vn 0.8841 -0.4280 0.1874
vn 0.6179 -0.5794 -0.5315
vn -0.6729 -0.2240 -0.7050
vn -0.3117 -0.5273 -0.7904
vn -0.3322 -0.5292 -0.7808
vn -0.2799 -0.5399 -0.7939
vn -0.5317 -0.6826 -0.5013
vn -0.5831 -0.5106 -0.6318
vn -0.5131 -0.4744 -0.7153
vn 0.6910 -0.1619 0.7045
vn 0.7762 -0.6294 0.0374
vn 0.6420 -0.7544 -0.1369
vn 0.5016 0.1921 0.8435
vn 0.5492 0.2241 0.8051
vn 0.2184 0.2745 0.9365
vn 0.4275 0.2601 0.8658
vn 0.2367 0.2233 0.9456
vn 0.7785 0.1122 0.6176
vn -0.5896 -0.0679 -0.8048
vn -0.4375 -0.0270 -0.8988
vn -0.9622 -0.0967 -0.2546
vn -0.9747 -0.0334 -0.2208
vn -0.5989 0.0842 -0.7964
vn -0.0940 -0.0614 -0.9937
vn -0.6944 0.5014 0.5161
vn -0.2533 0.3467 0.9031
vn -0.2275 0.3317 0.9155
vn -0.7449 0.5815 0.3269
vn -0.3038 -0.1327 -0.9434
vn -0.3181 -0.2211 -0.9219
vn -0.9550 -0.1805 -0.2356
vn -0.8217 -0.3931 -0.4127
vn 0.7662 -0.5101 -0.3909
vn 0.8148 -0.0883 -0.5730
vn -0.9904 0.0109 -0.1375
vn 0.5837 -0.0390 0.8110
vn 0.2184 -0.3712 0.9025
vn 0.0951 -0.0948 0.9909
vn 0.9598 0.1370 0.2449
vn 0.8644 -0.3792 0.3302
vn 0.1940 0.4407 0.8764
vn 0.8090 0.3290 0.4871
vn 0.5229 -0.6792 0.5151
vn -0.9341 -0.2406 -0.2639
vn -0.9871 -0.0970 0.1272
vn -0.9721 -0.0561 -0.2277
vn -0.2615 -0.1983 0.9446
vn -0.2327 -0.1916 0.9535
vn 0.8787 0.2145 0.4264
vn 0.6866 0.5451 0.4812
vn 0.8012 0.3743 0.4669
vn 0.1793 0.9722 0.1508
vn 0.8605 0.2132 0.4626
vn 0.8047 0.4890 0.3365
vn 0.1914 0.9671 0.1678
vn 0.8234 0.4349 0.3645
vn -0.1807 0.9834 0.0170
vn -0.4526 0.7641 -0.4597
vn -0.4845 0.6398 -0.5966
vn -0.7431 0.6069 -0.2821
vn -0.6216 0.7781 -0.0904
vn -0.1503 -0.9751 0.1634
vn 0.1714 -0.9606 0.2188
vn -0.2983 -0.8891 0.3472
vn 0.1152 -0.9821 0.1488
vn -0.8965 0.3486 0.2736
vn -0.8930 0.4488 -0.0330
vn -0.0811 -0.9951 0.0561
vn -0.9527 0.1048 -0.2853
vn -0.7244 -0.6893 0.0092
vn -0.9749 0.2070 0.0820
vn -0.7077 -0.0319 -0.7057
vn -0.5848 -0.7225 -0.3686
vn 0.6221 -0.6187 -0.4798
vn 0.1475 -0.4089 0.9006
vn 0.2293 -0.7510 -0.6193
vn 0.6792 -0.0940 -0.7279
vn 0.3471 -0.0590 0.9360
vn -0.8136 0.1281 -0.5671
vn -0.7202 -0.0559 -0.6915
vn -0.9263 -0.1714 -0.3356
vn -0.1669 0.9839 0.0639
vn -0.5362 0.2839 -0.7950
vn 0.8487 0.0514 0.5263
vn 0.8928 0.1661 0.4188
vn 0.8055 0.1887 0.5618
vn 0.9289 -0.0530 0.3666
vn -0.9766 -0.1078 -0.1861
vn -0.9263 -0.1167 0.3582
vn -0.9474 -0.0977 -0.3048
vn -0.9536 -0.0837 0.2891
vn -0.7100 -0.1895 0.6782
vn -0.4696 0.0924 0.8780
vn -0.3950 -0.2089 0.8946
vn -0.5379 -0.5022 0.6771
vn -0.7257 0.0438 0.6866
vn -0.5123 0.2571 0.8194
vn -0.9829 0.0495 -0.1772
vn -0.7063 0.0363 -0.7070
vn 0.6687 -0.2021 0.7156
vn 0.4302 -0.0586 0.9008
vn 0.7681 -0.1828 0.6137
vn 0.6067 -0.2301 0.7609
vn 0.4035 -0.2942 0.8664
vn -0.7590 0.0307 0.6504
vn -0.8333 -0.4950 0.2462
vn -0.9079 -0.3023 -0.2905
vn -0.5025 -0.2325 0.8328
vn -0.0003 0.3123 0.9500
vn -0.1455 0.5369 0.8310
vn -0.8567 0.3946 0.3323
vn -0.2072 0.0530 0.9769
vn -0.3901 0.3162 0.8648
vn -0.5420 -0.0408 0.8394
vn 0.0685 0.1041 0.9922
vn -0.1277 0.2426 0.9617
vn -0.3567 -0.7419 0.5678
vn -0.1243 -0.3261 0.9371
vn -0.3697 -0.7010 0.6098
vn -0.5983 -0.0424 0.8001
vn -0.8564 0.0161 0.5161
vn 0.7595 -0.3125 -0.5706
vn 0.4792 -0.3320 -0.8125
vn 0.6589 -0.2341 -0.7149
vn 0.8854 -0.2746 -0.3750
vn 0.8492 -0.3754 -0.3715
vn 0.6712 -0.4608 -0.5807
vn 0.9145 -0.2176 -0.3410
vn 0.2820 0.2902 0.9145
vn 0.6989 0.3486 0.6245
vn 0.2855 0.4700 0.8352
vn -0.2971 0.3401 0.8922
vn 0.2496 -0.1008 0.9631
vn 0.7580 -0.6413 0.1193
vn 0.4740 -0.6132 0.6319
vn 0.8184 -0.5246 0.2346
vn 0.7341 -0.5591 -0.3854
vn 0.8269 -0.5617 0.0263
vn 0.6643 -0.4808 0.5723
vn 0.7285 -0.5824 -0.3607
vn -0.0236 0.5690 0.8220
vn 0.3983 0.5055 0.7654
vn 0.7979 0.4182 0.4341
vn -0.1461 0.4974 0.8551
vn 0.0385 0.4135 0.9097
vn 0.3517 0.8909 0.2873
vn 0.4478 0.8337 0.3233
vn 0.7228 0.5198 0.4553
vn -0.1515 0.9868 -0.0577
vn 0.0127 0.1696 0.9854
vn 0.6984 -0.3657 0.6153
vn 0.1104 0.0827 0.9904
vn -0.8251 0.3677 0.4289
vn 0.8145 -0.5768 0.0630
vn -0.0546 0.4387 -0.8970
vn -0.1313 0.3587 0.9242
vn -0.4115 0.4245 0.8065
vn 0.1974 0.3571 0.9130
vn 0.1747 0.5840 -0.7928
vn -0.2484 0.4979 -0.8309
vn 0.3532 0.4018 0.8449
vn -0.0936 0.4357 -0.8952
vn 0.0246 0.4745 -0.8799
vn 0.9623 0.0912 0.2562
vn 0.9642 0.0073 -0.2651
vn 0.9529 -0.1278 0.2751
vn 0.8036 0.0081 0.5951
vn 0.9201 -0.0617 0.3867
vn 0.9918 -0.0199 -0.1260
vn 0.2740 0.3878 0.8801
vn 0.2845 0.3740 0.8827
vn 0.5022 0.2829 0.8172
vn 0.1272 0.3427 0.9308
vn 0.0662 0.4078 0.9107
vn 0.3820 0.4898 0.7837
vn 0.4431 0.4058 0.7994
vn 0.2861 -0.9577 0.0304
vn 0.2098 -0.9643 0.1617
vn 0.0217 -0.0072 -0.9997
vn 0.2497 -0.9521 -0.1762
vn -0.7656 -0.1552 0.6244
vn -0.6910 -0.2314 0.6848
vn -0.7159 -0.0742 0.6942
vn -0.5751 -0.3013 0.7606
vn -0.9398 -0.2570 0.2252
vn -0.7923 -0.2381 0.5617
vn -0.7208 -0.1998 0.6637
vn -0.8702 -0.1784 0.4593
vn 0.1031 0.3733 0.9220
vn 0.4409 0.4813 0.7576
vn 0.4966 -0.0092 0.8679
vn 0.0547 0.7831 0.6194
vn 0.0149 -0.0563 0.9983
vn -0.2193 0.6571 0.7212
vn -0.7304 -0.2376 -0.6404
vn -0.7588 -0.3010 -0.5776
vn -0.9193 -0.2718 -0.2846
vn -0.9380 -0.0378 -0.3446
vn -0.7565 0.0826 -0.6487
vn -0.4459 -0.2136 -0.8692
vn -0.4383 -0.3189 -0.8403
vn -0.6987 -0.6779 -0.2286
vn -0.6663 -0.7390 0.0995
vn -0.7626 -0.6457 0.0389
vn -0.8995 -0.3315 -0.2847
vn -0.7393 -0.2873 -0.6090
vn -0.5446 -0.6680 -0.5071
vn -0.6453 -0.6705 -0.3660
vn 0.7120 0.3064 0.6317
vn 0.3459 -0.2625 0.9008
vn 0.8392 0.1381 0.5260
vn 0.5771 0.4045 0.7095
vn 0.4911 0.3673 0.7899
vn 0.8722 -0.0253 0.4885
vn 0.8631 0.3749 0.3385
vn 0.7144 0.5568 0.4238
vn 0.0887 0.1679 -0.9818
vn 0.6939 0.2700 -0.6676
vn -0.0156 0.2087 -0.9779
vn -0.6239 0.0575 -0.7794
vn -0.5956 0.0620 -0.8009
vn -0.2863 0.7798 0.5567
vn -0.4017 0.6834 0.6096
vn -0.4688 0.6941 0.5464
vn -0.3743 0.9032 0.2103
vn -0.3341 0.9027 0.2710
vn -0.2787 0.7922 0.5429
vn -0.3311 0.6129 0.7175
vn 0.7145 -0.2961 0.6339
vn 0.9314 -0.2976 0.2098
vn 0.9123 -0.4045 -0.0632
vn 0.9297 -0.2707 0.2497
vn 0.8656 -0.5007 -0.0081
vn 0.3182 -0.9454 -0.0703
vn 0.1858 -0.9695 -0.1601
vn 0.8742 0.2517 -0.4152
vn -0.2447 0.1173 0.9625
vn 0.0106 -0.0478 0.9988
vn -0.0480 0.0253 0.9985
vn -0.2887 0.0270 0.9570
vn -0.5421 0.0440 0.8392
vn -0.1973 -0.1127 0.9738
vn -0.0017 0.0836 0.9965
vn -0.5034 0.2282 0.8334
vn -0.4859 -0.0206 0.8738
vn -0.1998 0.1260 0.9717
vn -0.7573 0.3596 0.5451
vn 0.5720 -0.0080 0.8202
vn -0.1879 0.0918 0.9779
vn 0.0429 0.1568 -0.9867
vn 0.1197 0.1916 -0.9741
vn 0.5672 0.4766 -0.6717
vn -0.4112 -0.2707 -0.8704
vn 0.5275 0.3795 -0.7600
vn 0.2768 -0.1763 0.9446
vn -0.0198 -0.1772 0.9840
vn 0.2694 -0.9518 -0.1469
vn -0.0539 0.2418 0.9688
vn 0.2748 -0.9562 -0.1005
vn 0.4135 0.7752 -0.4776
vn 0.5799 0.0459 -0.8134
vn -0.9084 -0.2741 0.3156
vn -0.8758 -0.2907 0.3853
vn -0.9897 -0.1429 0.0122
vn -0.9894 0.1274 0.0699
vn -0.9909 -0.0738 0.1127
vn -0.1648 0.0854 0.9826
vn 0.8412 -0.2890 0.4570
vn -0.9879 -0.0384 0.1506
vn 0.7653 -0.4651 -0.4449
vn 0.3543 -0.8458 0.3989
vn 0.3942 -0.7349 0.5519
vn -0.3918 0.6590 -0.6420
vn -0.1649 0.2372 -0.9574
vn 0.6772 -0.1765 0.7143
vn 0.8144 -0.1132 0.5691
vn 0.0379 -0.3241 0.9453
vn 0.9090 0.0371 0.4150
vn 0.9372 -0.1409 0.3191
vn -0.4044 -0.2857 0.8688
vn -0.5656 0.7958 -0.2163
vn -0.5296 0.8471 -0.0438
vn -0.4781 0.7504 0.4565
vn -0.3499 0.7313 -0.5854
vn -0.8827 0.4237 0.2032
vn -0.6930 0.5732 -0.4373
vn -0.7284 0.5064 0.4615
vn -0.3105 0.6636 -0.6806
vn 0.7468 0.0878 -0.6592
vn 0.7667 0.1108 -0.6323
vn 0.9648 0.2067 -0.1627
vn 0.3637 -0.7967 -0.4827
vn 0.1123 0.1060 -0.9880
vn 0.4480 -0.8758 -0.1797
vn -0.0865 0.2828 0.9553
vn -0.3235 0.8950 0.3070
vn -0.6458 0.6991 0.3068
vn 0.5406 0.5605 0.6273
vn -0.4722 -0.0818 0.8777
vn 0.6865 0.1274 -0.7158
vn 0.9742 0.0564 -0.2185
vn 0.9924 0.1064 -0.0612
vn 0.2327 -0.0492 -0.9713
vn -0.4492 0.0893 0.8890
vn -0.4991 -0.1138 0.8590
vn -0.6029 -0.0391 0.7969
vn -0.7322 0.1628 0.6614
vn -0.4680 0.1169 0.8760
vn -0.5510 -0.1149 0.8265
vn 0.8114 0.1913 -0.5524
vn -0.3616 -0.7060 -0.6089
vn -0.2891 -0.3411 -0.8945
vn 0.8566 0.1789 -0.4839
vn 0.7970 0.3011 0.5236
vn 0.8332 0.1366 0.5358
vn 0.5230 -0.8282 0.2014
vn 0.9012 -0.1509 0.4063
vn 0.9176 -0.1243 0.3776
vn 0.5887 -0.5955 0.5466
vn 0.5514 -0.7290 0.4056
vn 0.3366 -0.9222 0.1902
vn 0.6650 -0.7445 0.0580
vn 0.8022 0.2960 -0.5185
vn 0.3417 -0.0259 -0.9394
vn 0.3255 -0.1718 -0.9298
vn 0.8001 0.1419 -0.5829
vn 0.9090 0.4163 0.0209
vn 0.8553 0.5165 0.0407
vn 0.7833 0.3118 -0.5378
vn -0.5874 0.4031 0.7018
vn -0.3423 0.7649 0.5457
vn -0.4420 0.7187 0.5367
vn -0.4393 0.2843 0.8522
vn -0.4149 0.6624 0.6238
vn -0.5893 0.3131 0.7448
vn -0.5872 0.2185 0.7794
vn -0.5524 0.4367 0.7101
vn 0.8969 -0.2783 -0.3436
vn -0.0349 -0.4553 -0.8896
vn 0.9551 -0.2026 -0.2163
vn 0.4619 0.2333 0.8557
vn 0.5467 -0.4524 -0.7046
vn 0.9497 -0.0828 0.3021
vn 0.9848 0.0499 0.1661
vn 0.9944 0.0308 -0.1009
vn 0.9817 -0.0780 0.1739
vn 0.8460 -0.1071 0.5223
vn 0.8918 0.0470 0.4500
vn 0.3120 0.9471 -0.0752
vn 0.9589 -0.1229 -0.2557
vn -0.9577 0.2029 0.2043
vn -0.8837 -0.2138 0.4163
vn -0.7044 0.0742 0.7059
vn -0.9879 -0.0842 -0.1301
vn -0.9529 0.1515 0.2628
vn -0.9643 0.2259 -0.1384
vn -0.6950 0.3121 -0.6477
vn -0.1461 -0.0441 -0.9883
vn -0.8140 0.5585 -0.1596
vn -0.2154 -0.2534 -0.9431
vn 0.7463 0.0674 -0.6621
vn -0.5568 -0.5349 -0.6354
vn 0.6868 -0.0704 -0.7234
vn 0.0237 0.8904 0.4545
vn 0.8973 -0.0080 0.4414
vn 0.8971 -0.1578 0.4127
vn 0.9401 0.0210 0.3402
vn -0.4813 0.8765 0.0063
vn -0.4343 0.8698 -0.2341
vn -0.4670 0.8702 0.1568
vn -0.4684 0.8782 0.0963
vn -0.6455 0.7638 0.0051
vn -0.3586 0.9335 -0.0011
vn -0.8035 0.0591 -0.5924
vn -0.4982 -0.0269 -0.8666
vn -0.3876 -0.1445 -0.9104
vn -0.9848 0.1492 -0.0895
vn -0.7692 0.1217 -0.6273
vn 0.6654 -0.1810 0.7242
vn 0.5614 -0.6192 0.5490
vn 0.1633 -0.9320 0.3236
vn -0.7062 0.6898 0.1595
vn -0.9991 0.0388 -0.0149
vn -0.9088 -0.0360 0.4157
vn -0.6810 0.6072 0.4093
vn -0.5970 0.7566 -0.2666
vn -0.6514 -0.0849 0.7540
vn -0.4461 -0.1312 0.8853
vn -0.3571 0.0673 0.9317
vn -0.4611 0.3255 0.8255
vn -0.7649 0.0781 0.6395
vn -0.7267 -0.1724 0.6650
vn 0.8100 -0.4900 -0.3222
vn 0.6681 -0.6926 -0.2719
vn 0.8565 -0.4127 -0.3099
vn 0.7474 -0.3816 -0.5438
vn 0.9691 -0.1763 -0.1725
vn 0.0899 -0.2094 0.9737
vn 0.3148 -0.6450 0.6964
vn 0.3179 0.0088 0.9481
vn 0.1165 0.1965 0.9736
vn -0.0128 0.0648 0.9978
vn -0.1223 -0.9925 -0.0081
vn -0.2439 -0.9642 -0.1036
vn -0.3548 -0.9327 0.0652
vn 0.3468 -0.9379 -0.0009
vn 0.0000 -1.0000 0.0000
vn -0.0762 -0.8148 0.5747
vn 0.2439 -0.9668 0.0768
vn 0.0839 -0.9964 0.0137
vn 0.1496 -0.9846 -0.0908
vn 0.9036 0.4055 0.1377
vn -0.0940 -0.9939 -0.0579
vn 0.5184 -0.8298 0.2067
vn 0.4696 -0.8769 0.1023
vn 0.4984 -0.8434 -0.2005
vn 0.2914 -0.9104 0.2938
vn 0.2256 -0.9398 0.2566
vn 0.5471 -0.8180 0.1776
vn 0.6204 -0.7246 0.3001
vn 0.4706 -0.7674 0.4354
vn 0.1740 -0.9847 0.0096
vn 0.5443 -0.8106 0.2162
vn 0.4015 -0.8294 0.3885
vn -0.9828 -0.1829 0.0271
vn -0.9266 -0.1601 -0.3403
vn -0.9774 -0.2062 0.0462
vn -0.8851 -0.4654 -0.0040
vn -0.9152 -0.1937 -0.3533
vn -0.8535 -0.2940 0.4302
vn -0.8878 -0.2410 0.3921
vn -0.4971 0.4148 -0.7621
vn -0.3981 0.4457 -0.8018
vn -0.7995 0.4576 -0.3892
vn -0.6812 0.6058 -0.4111
vn -0.3019 -0.5027 -0.8100
vn -0.6083 0.3538 0.7105
vn -0.9581 -0.0871 -0.2727
vn 0.8931 -0.0924 0.4403
vn 0.8964 -0.2094 0.3906
vn 0.7559 0.6411 -0.1325
vn 0.7916 0.4619 -0.4001
vn 0.8447 0.4301 -0.3185
vn -0.3536 -0.2286 -0.9070
vn -0.6424 -0.2242 -0.7329
vn -0.5594 -0.3930 -0.7298
vn -0.2476 -0.3353 -0.9090
vn 0.9652 -0.0042 -0.2615
vn 0.5870 0.0957 -0.8039
vn 0.9055 -0.0997 0.4124
vn 0.9233 -0.1324 0.3605
vn 0.9822 -0.1552 0.1062
vn 0.8960 -0.1209 -0.4273
vn 0.6115 0.0681 -0.7883
vn 0.5183 -0.0767 0.8517
vn 0.6515 0.0806 0.7543
vn 0.4205 -0.2082 0.8831
vn 0.6945 0.2102 0.6881
vn 0.2558 -0.0848 0.9630
vn -0.0038 -0.2504 0.9681
vn -0.4308 -0.3867 -0.8154
vn -0.8779 0.1801 0.4437
vn -0.8865 0.3905 0.2485
vn -0.9791 0.1830 0.0886
vn 0.2134 0.7978 0.5639
vn 0.3406 0.7174 0.6077
vn 0.2038 0.8165 0.5401
vn 0.3021 0.7940 0.5275
vn 0.8558 -0.3435 -0.3868
vn 0.3646 0.1111 0.9245
vn 0.2501 -0.2415 -0.9376
vn -0.8177 -0.4946 -0.2945
vn -0.7891 -0.3936 0.4716
vn 0.8943 -0.2484 -0.3723
vn 0.9812 0.0271 -0.1909
vn -0.5470 -0.5960 0.5879
vn -0.6353 -0.5445 0.5477
vn -0.8614 -0.1417 0.4877
vn -0.2804 -0.7964 0.5359
vn -0.5674 0.0376 0.8226
vn 0.1446 0.9661 0.2138
vn 0.7535 0.2175 0.6204
vn 0.9985 -0.0366 0.0397
vn -0.3972 0.9127 0.0961
vn -0.2221 0.9398 0.2596
vn 0.3090 0.9510 -0.0120
vn 0.7786 0.6263 -0.0400
vn -0.8732 -0.3706 -0.3165
vn 0.3528 0.8003 -0.4848
vn -0.4435 -0.2078 0.8719
vn 0.2988 -0.1352 0.9447
vn 0.3295 -0.0983 0.9390
vn -0.4796 -0.2358 0.8452
vn -0.3085 -0.3166 0.8970
vn -0.8692 0.4764 0.1324
vn -0.9154 0.3913 0.0946
vn -0.8165 0.1793 0.5489
vn -0.7732 0.3375 0.5369
vn -0.6722 0.5308 0.5162
vn -0.6835 0.7240 0.0933
vn -0.4370 0.1222 -0.8911
vn -0.8759 0.3114 -0.3685
vn -0.8537 0.2601 -0.4511
vn -0.0460 0.5752 0.8168
vn 0.0106 0.2747 0.9615
vn -0.0270 0.8449 0.5342
vn -0.3136 0.6254 0.7145
vn 0.2771 0.6172 0.7364
vn -0.2620 0.3121 0.9132
vn 0.9047 -0.0893 0.4166
vn 0.9774 0.0581 0.2032
vn -0.5746 -0.0709 0.8153
vn -0.5256 -0.1715 0.8333
vn -0.7127 0.0005 0.7014
vn 0.9438 -0.1433 0.2978
vn 0.9809 -0.1675 -0.0993
vn 0.9531 -0.0337 0.3006
vn -0.1662 -0.0952 -0.9815
vn -0.5531 -0.2899 -0.7811
vn -0.6322 -0.4267 -0.6468
vn 0.6178 0.2566 -0.7433
vn 0.0526 -0.0275 -0.9982
vn 0.4541 0.4840 -0.7480
vn 0.2572 -0.9649 -0.0534
vn 0.3252 -0.9409 -0.0951
vn 0.6823 -0.3169 0.6588
vn 0.2953 -0.9552 0.0192
vn -0.1379 -0.0692 -0.9880
vn -0.8755 -0.2250 0.4276
vn -0.9588 0.0265 -0.2827
vn -0.7125 -0.1882 -0.6759
vn -0.0909 0.8121 0.5763
vn -0.3209 0.5546 0.7678
vn 0.2975 0.4298 0.8525
vn -0.5892 0.7172 0.3722
vn 0.2751 0.7687 0.5774
vn 0.4848 0.7582 0.4360
vn 0.4406 0.7356 0.5145
vn 0.7296 0.6599 0.1796
vn 0.7407 0.3597 0.5674
vn 0.5265 0.4606 0.7146
vn 0.4348 0.9005 0.0131
vn 0.4641 0.8541 -0.2349
vn 0.8973 -0.2469 0.3659
vn 0.9076 0.3228 0.2683
vn 0.9583 0.0655 0.2781
vn 0.8558 -0.0582 0.5140
vn 0.9840 -0.1725 -0.0454
vn 0.9969 -0.0508 0.0608
vn -0.1080 0.3066 -0.9457
vn -0.0702 0.0648 -0.9954
vn -0.1888 -0.0391 -0.9812
vn 0.2426 0.1865 -0.9520
vn 0.0201 0.3690 -0.9292
vn -0.9812 0.0538 -0.1852
vn -0.7415 0.0874 -0.6652
vn -0.9938 0.0022 -0.1110
vn -0.8487 -0.0036 0.5289
vn -0.9898 0.1080 -0.0934
vn 0.8820 -0.4243 0.2049
vn -0.4622 -0.8720 -0.1612
vn -0.7674 0.0930 -0.6344
vn -0.3901 -0.7760 -0.4956
vn 0.3489 0.0980 0.9320
vn 0.4747 -0.0348 0.8794
vn -0.7071 -0.7069 -0.0160
vn -0.6283 -0.7322 0.2628
vn -0.9591 -0.0321 -0.2812
vn -0.7162 -0.0384 -0.6969
vn -0.4935 -0.8111 -0.3140
vn -0.1930 0.4332 0.8804
vn -0.1527 0.5254 0.8370
vn 0.0218 0.4136 0.9102
vn -0.0190 0.4216 0.9066
vn -0.0476 0.4759 0.8782
vn -0.0030 -0.2668 -0.9637
vn -0.7801 -0.6254 -0.0166
vn 0.0073 -0.2274 -0.9738
vn -0.8822 -0.4440 -0.1566
vn 0.5789 0.0854 -0.8109
vn -0.1531 -0.4683 0.8702
vn -0.3615 -0.8146 -0.4536
vn -0.2472 0.9595 -0.1354
vn -0.2672 0.2292 0.9360
vn -0.3233 0.9463 0.0076
vn -0.1804 0.9808 -0.0737
vn 0.9748 0.2185 -0.0447
vn 0.9942 -0.0887 0.0610
vn 0.9887 0.0716 -0.1315
vn 0.9719 0.0209 0.2346
vn 0.9058 0.4199 0.0566
vn 0.7261 -0.2774 0.6292
vn 0.1520 -0.2161 0.9645
vn 0.4848 -0.0742 -0.8715
vn -0.7182 -0.3121 -0.6220
vn 0.9056 -0.2438 -0.3471
vn 0.7171 -0.3175 0.6205
vn 0.7760 -0.6231 -0.0975
vn 0.7637 -0.4631 -0.4497
vn 0.8511 0.0714 0.5200
vn 0.0044 -0.1494 -0.9888
vn -0.0355 0.0546 -0.9979
vn -0.0039 0.4288 -0.9034
vn -0.5608 0.4114 0.7185
vn -0.6796 0.0442 0.7323
vn -0.8501 0.1078 0.5155
vn -0.4218 0.4971 0.7583
vn -0.3292 0.6992 0.6346
vn 0.7881 -0.6137 -0.0489
vn -0.1850 -0.7538 -0.6306
vn -0.0462 -0.7164 -0.6962
vn 0.0944 -0.5746 -0.8130
vn 0.0969 -0.7489 -0.6555
vn -0.0344 -0.6758 -0.7363
vn -0.1364 -0.7285 -0.6714
vn -0.7296 0.1284 0.6717
vn -0.6873 0.1695 0.7064
vn -0.5708 0.1398 0.8091
vn -0.6686 0.5561 0.4937
vn -0.8942 0.4466 0.0303
vn -0.7985 0.4677 0.3791
vn -0.4575 0.4635 0.7589
vn 0.3132 0.8645 -0.3931
vn 0.6708 0.7131 -0.2038
vn 0.5294 0.8060 -0.2647
vn 0.0192 0.8104 -0.5855
vn 0.0109 0.9682 -0.2501
vn -0.3571 0.7935 -0.4928
vn -0.7972 -0.5676 -0.2055
vn 0.2256 -0.7472 -0.6252
vn -0.8935 -0.4398 -0.0909
vn -0.9311 -0.3647 0.0064
vn -0.9550 -0.2779 0.1036
vn -0.8542 -0.2340 0.4644
vn -0.9830 -0.1667 0.0770
vn 0.7070 -0.0328 -0.7064
vn -0.0143 -0.0772 -0.9969
vn 0.0256 0.2989 -0.9539
vn 0.6957 0.2509 -0.6731
vn 0.4966 0.1727 -0.8506
vn -0.3110 0.2677 -0.9119
vn -0.5206 -0.1098 -0.8467
vn -0.9643 -0.1242 0.2341
vn -0.9492 0.0376 0.3125
vn 0.5219 -0.3070 0.7959
vn 0.3782 -0.4116 0.8292
vn 0.5538 -0.4649 0.6908
vn -0.3546 -0.3514 -0.8664
vn 0.4110 0.0969 -0.9065
vn -0.0879 -0.0415 -0.9953
vn 0.2114 0.8240 0.5258
vn 0.2555 0.9626 0.0903
vn -0.1291 0.9568 0.2606
vn -0.6601 0.0691 0.7480
vn -0.3461 -0.0941 0.9335
vn -0.2643 -0.0117 0.9644
vn -0.3512 -0.0394 0.9355
vn 0.8295 -0.4116 0.3775
vn 0.8153 -0.5516 0.1761
vn 0.6888 -0.3957 0.6074
vn 0.8788 -0.4772 0.0069
vn -0.8776 0.4547 0.1517
vn -0.5359 -0.0364 -0.8435
vn 0.3632 0.3221 -0.8742
vn 0.6464 -0.0478 -0.7615
vn 0.6485 -0.4388 -0.6220
vn 0.3932 0.0033 -0.9194
vn 0.8369 -0.0460 -0.5455
vn 0.3132 -0.0079 -0.9497
vn 0.5841 -0.2311 -0.7781
vn -0.7299 -0.0688 -0.6801
vn 0.3683 -0.3412 -0.8648
vn -0.6563 0.0428 -0.7533
vn -0.9166 0.3373 0.2146
vn -0.7247 0.1421 0.6743
vn 0.2637 -0.2514 -0.9313
vn -0.8300 -0.4664 -0.3058
vn -0.5279 -0.3526 -0.7727
vn -0.1462 -0.3689 -0.9179
vn -0.9583 0.0935 -0.2701
vn -0.9484 0.1046 0.2993
vn 0.0246 0.9962 0.0833
vn -0.0370 0.9992 0.0171
vn -0.7671 0.0910 -0.6351
vn 0.1316 -0.6289 0.7663
vn 0.4788 -0.5598 0.6763
vn 0.5743 -0.5988 0.5582
vn 0.4682 0.0636 -0.8813
vn 0.9664 0.0170 -0.2566
vn 0.9122 0.2489 -0.3255
vn 0.5546 -0.1212 -0.8232
vn 0.8512 0.4910 -0.1857
vn 0.8796 0.4644 -0.1030
vn 0.8931 -0.4497 0.0120
vn 0.7856 -0.6187 0.0056
vn -0.3177 0.0766 0.9451
vn -0.2038 -0.4763 0.8553
vn 0.2383 -0.0496 0.9699
vn -0.1210 0.2745 0.9539
vn -0.2591 -0.5306 0.8071
vn -0.3833 0.3309 0.8623
vn -0.5027 0.0668 0.8619
vn 0.9715 0.2116 -0.1068
vn 0.8968 0.1210 -0.4255
vn 0.6157 0.7719 -0.1584
vn 0.8553 0.5070 0.1072
vn 0.9414 0.2017 -0.2703
vn 0.5736 0.8191 0.0011
vn 0.0050 0.2992 0.9542
vn -0.1077 0.1772 0.9783
vn -0.2301 0.3985 0.8878
vn -0.9805 -0.0927 0.1731
vn -0.9809 0.1425 0.1326
vn -0.9353 0.2330 -0.2664
vn -0.7491 -0.2920 0.5947
vn -0.7087 -0.0173 0.7053
vn 0.2684 0.2370 -0.9337
vn 0.2259 0.1275 -0.9658
vn 0.3051 0.5286 -0.7922
vn -0.0173 0.9995 0.0279
vn -0.2072 -0.0235 0.9780
vn 0.0633 -0.0295 0.9976
vn -0.0299 0.9992 0.0260
vn 0.5251 -0.8469 0.0846
vn 0.8045 -0.4898 0.3361
vn 0.5338 -0.8437 0.0579
vn -0.7062 -0.5766 0.4108
vn -0.7371 -0.6156 0.2787
vn -0.7108 -0.5355 0.4560
vn -0.3208 0.0926 0.9426
vn -0.4599 -0.0339 0.8873
vn -0.2602 -0.1101 0.9593
vn 0.9875 -0.1039 -0.1188
vn 0.9990 0.0445 -0.0046
vn 0.8940 -0.4223 -0.1496
vn 0.8755 -0.4630 0.1382
vn 0.9621 -0.2714 -0.0278
vn 0.9824 0.1323 -0.1320
vn 0.6788 -0.5982 0.4259
vn 0.8690 -0.4918 0.0533
vn 0.2917 -0.5039 0.8130
vn 0.3515 -0.3263 0.8775
vn 0.8129 -0.4890 0.3164
vn 0.2540 0.3556 0.8994
vn -0.4720 0.2722 0.8385
vn 0.6460 0.7445 0.1686
vn 0.5451 0.7130 0.4409
vn 0.8191 0.3888 0.4217
vn 0.9074 0.3660 0.2066
vn 0.7010 0.7073 -0.0910
vn 0.7997 -0.4088 0.4397
vn 0.9465 -0.3127 0.0800
vn 0.2983 -0.1239 0.9464
vn 0.6205 -0.7661 0.1675
vn 0.4209 -0.5839 -0.6942
vn 0.0152 0.1283 0.9916
vn 0.2303 0.0181 0.9730
vn 0.0015 0.5577 -0.8301
vn -0.1460 0.6487 -0.7469
vn 0.0961 0.5909 -0.8010
vn 0.9632 0.0585 -0.2624
vn 0.6951 0.0551 -0.7168
vn 0.9635 0.0374 0.2650
vn 0.8068 0.1937 -0.5581
vn 0.9975 0.0579 -0.0396
vn -0.3495 -0.1794 0.9196
vn -0.5527 -0.4044 0.7287
vn 0.0467 -0.1584 -0.9863
vn -0.0963 -0.3939 -0.9141
vn 0.0003 -0.3290 -0.9443
vn -0.0361 0.0677 -0.9971
vn 0.0862 0.1328 -0.9874
vn -0.8593 -0.3588 0.3645
vn -0.9350 -0.3029 -0.1846
vn -0.7908 -0.3784 0.4811
vn -0.7130 -0.2974 0.6350
vn -0.8916 -0.4518 -0.0305
vn -0.9457 -0.3229 0.0376
vn 0.7848 0.0321 0.6189
vn 0.5237 0.1545 -0.8377
vn -0.1116 0.1204 -0.9864
vn 0.3925 0.1873 -0.9005
vn 0.2923 -0.4481 -0.8448
vn 0.8644 0.0959 -0.4935
vn -0.9245 0.2180 0.3125
vn -0.8977 0.1139 0.4257
vn -0.9997 -0.0237 0.0092
vn -0.6897 0.2903 0.6634
vn -0.9918 0.1265 0.0156
vn -0.9996 -0.0159 -0.0225
vn -0.8936 -0.2184 0.3921
vn 0.6499 -0.1194 0.7506
vn 0.6754 -0.1492 0.7222
vn 0.0399 -0.1598 0.9863
vn -0.0850 -0.0401 0.9956
vn 0.7030 -0.1129 0.7022
vn 0.8251 0.5407 -0.1643
vn 0.9750 -0.0525 -0.2160
vn 0.0166 -0.9935 -0.1130
vn -0.0020 -0.9994 -0.0347
vn 0.9192 0.3932 0.0221
vn 0.8286 0.1656 -0.5348
vn 0.8276 -0.2962 -0.4768
vn -0.4853 0.1697 -0.8577
vn -0.8059 0.0949 -0.5844
vn -0.5440 0.3991 -0.7381
vn -0.4692 -0.7351 0.4894
vn -0.9545 0.2191 0.2024
vn 0.1710 -0.3454 -0.9227
vn -0.0195 -0.2799 -0.9598
vn 0.5307 -0.3593 -0.7676
vn 0.2803 -0.2345 -0.9308
vn 0.4844 -0.3824 -0.7869
vn -0.6697 -0.1448 -0.7284
vn -0.8610 0.3120 0.4016
vn 0.2194 -0.3696 -0.9029
vn 0.9391 -0.3064 -0.1555
vn -0.7176 -0.6809 -0.1461
vn -0.8020 -0.5911 0.0861
vn -0.7873 -0.5476 -0.2834
vn -0.6884 -0.5175 -0.5082
vn -0.7704 -0.6018 -0.2104
vn -0.7612 -0.6103 0.2194
vn 0.6584 -0.6845 -0.3129
vn 0.7088 -0.5608 -0.4279
vn -0.2125 -0.9423 0.2585
vn 0.5684 0.6156 0.5459
vn 0.6795 0.6818 0.2709
vn 0.5970 0.7286 0.3356
vn 0.6065 0.6446 0.4655
vn 0.9602 0.2754 -0.0465
vn -0.9378 -0.3134 0.1494
vn -0.9783 -0.0876 -0.1876
vn -0.9169 -0.1533 0.3684
vn -0.7696 -0.3921 0.5040
vn -0.9380 -0.0555 -0.3421
vn -0.4557 0.4358 0.7762
vn -0.5589 0.2397 0.7939
vn -0.3185 0.5399 0.7791
vn 0.0239 -0.0996 0.9947
vn 0.0952 -0.6172 0.7810
vn 0.4629 -0.1198 0.8783
vn -0.4166 -0.0466 0.9079
vn -0.0635 0.1146 0.9914
vn -0.3466 -0.5734 -0.7423
vn -0.8328 -0.4101 -0.3719
vn -0.8164 -0.4853 -0.3130
vn -0.0552 0.6466 0.7609
vn -0.4684 -0.5430 0.6969
vn -0.4755 -0.7551 0.4513
vn -0.2150 -0.6805 0.7005
vn -0.5680 -0.6165 0.5452
vn 0.3582 0.8890 -0.2853
vn 0.4671 0.8841 0.0092
vn 0.5644 0.7816 0.2656
vn 0.8647 0.3258 0.3823
vn -0.5023 -0.4697 -0.7260
vn -0.5258 -0.2300 0.8189
vn -0.8881 -0.2377 0.3934
vn -0.9768 -0.1772 0.1203
vn 0.9668 0.2275 0.1160
vn 0.9815 0.1912 -0.0078
vn 0.6068 -0.0467 -0.7935
vn 0.1422 -0.3175 -0.9375
vn 0.4316 -0.2663 -0.8619
vn 0.3977 -0.4881 -0.7769
vn -0.0158 0.0141 -0.9998
vn 0.5331 -0.5464 0.6459
vn 0.6837 -0.2478 0.6864
vn 0.9233 -0.2657 0.2772
vn -0.6661 -0.2900 0.6872
vn 0.9428 -0.3203 0.0927
vn -0.1271 0.9915 -0.0268
vn -0.1223 0.9923 0.0204
vn -0.7628 0.2864 0.5797
vn -0.5100 0.2421 0.8254
vn -0.9037 -0.0715 0.4220
vn -0.6423 -0.1606 0.7494
vn -0.7873 0.1741 0.5915
vn -0.9053 0.1251 0.4059
vn 0.1853 -0.0550 -0.9811
vn 0.7830 -0.5600 -0.2708
vn -0.0207 -0.1589 -0.9871
vn -0.6442 0.2051 -0.7369
vn -0.1077 0.7278 0.6773
vn 0.0693 0.4334 0.8985
vn 0.1825 0.5705 0.8008
vn 0.9788 -0.0634 -0.1949
vn -0.6951 -0.6801 0.2329
vn -0.5508 -0.6293 0.5483
vn -0.8493 -0.3695 0.3771
vn -0.7087 -0.6827 0.1782
vn -0.7034 -0.1142 0.7016
vn 0.8940 0.3558 0.2725
vn -0.1211 -0.9739 -0.1919
vn -0.2486 -0.9386 -0.2391
vn 0.7988 0.1950 -0.5691
vn 0.2539 -0.3128 -0.9152
vn 0.8870 0.4616 0.0116
vn 0.3260 -0.1591 0.9319
vn 0.8469 -0.0604 0.5283
vn 0.8883 -0.0142 0.4591
vn -0.8762 -0.1049 0.4703
vn -0.7725 -0.3840 -0.5058
vn 0.1132 -0.3882 -0.9146
vn 0.9320 -0.3623 -0.0054
vn 0.8682 -0.4241 0.2575
vn 0.9427 -0.1224 0.3103
vn 0.9845 -0.1543 0.0839
vn 0.5798 0.3353 0.7426
vn 0.6469 0.2227 0.7293
vn 0.9549 0.2967 -0.0140
vn 0.8485 0.4401 0.2939
vn 0.3066 0.7922 -0.5277
vn 0.3373 0.7366 -0.5862
vn 0.8100 -0.4209 -0.4083
vn -0.1600 -0.0606 -0.9853
vn 0.6283 -0.1771 -0.7576
vn 0.9716 -0.2174 -0.0933
vn 0.6626 -0.7374 -0.1311
vn 0.5389 -0.3219 0.7784
vn 0.4978 -0.3906 0.7743
vn 0.5014 -0.3331 0.7985
vn 0.5636 -0.3978 0.7239
vn -0.8040 -0.0121 -0.5945
vn -0.0801 -0.9968 0.0026
vn -0.4397 -0.8901 0.1198
vn -0.6374 -0.1261 -0.7602
vn -0.0594 0.0193 -0.9980
vn 0.3191 0.9408 0.1144
vn -0.4195 0.4934 0.7620
vn 0.5321 0.7462 0.4000
vn -0.2979 -0.2538 -0.9202
vn -0.9634 -0.1342 0.2321
vn -0.0138 0.1356 0.9907
vn 0.0000 0.7266 -0.6870
vn -0.3193 0.6907 -0.6488
vn -0.1044 0.0982 0.9897
vn 0.1599 0.0428 0.9862
vn -0.1601 -0.3127 -0.9363
vn -0.0290 -0.1603 -0.9866
vn 0.8347 -0.0324 -0.5497
vn 0.3818 0.0585 -0.9224
vn 0.3552 0.0535 -0.9333
vn 0.8315 -0.0972 -0.5470
vn 0.9089 -0.1488 -0.3895
vn 0.6192 -0.2536 0.7432
vn 0.5016 0.0021 0.8651
vn 0.5752 -0.6858 -0.4459
vn 0.3374 -0.7548 -0.5625
vn 0.3103 -0.6302 -0.7117
vn 0.6618 -0.6230 -0.4170
vn -0.5018 0.7153 0.4864
vn -0.4800 0.2974 0.8253
vn -0.3173 0.8525 0.4153
vn -0.4540 0.8895 0.0527
vn -0.7011 0.6333 0.3276
vn -0.8572 0.0920 -0.5068
vn -0.3804 0.0496 -0.9235
vn 0.0554 0.0506 -0.9972
vn 0.8093 0.2571 0.5282
vn 0.5464 0.2759 0.7908
vn 0.8992 -0.2979 -0.3205
vn 0.5647 -0.0091 0.8253
vn 0.9362 -0.3511 -0.0149
vn 0.3763 -0.2936 -0.8787
vn 0.2020 0.1982 0.9591
vn 0.0000 0.3922 0.9199
vn -0.5182 0.0262 0.8549
vn -0.0166 -0.1733 0.9847
vn -0.7345 0.3447 0.5846
vn 0.8023 0.2838 0.5251
vn 0.0814 0.5370 0.8396
vn 0.0397 0.9968 0.0687
vn 0.8119 0.5016 -0.2986
vn 0.9228 0.3353 -0.1899
vn 0.9687 0.0827 -0.2341
vn 0.8258 0.1919 -0.5303
vn 0.0497 -0.1418 0.9887
vn 0.0886 -0.1826 0.9792
vn -0.8115 0.2855 0.5099
vn -0.8954 0.4364 -0.0880
vn -0.6875 -0.7239 0.0582
vn -0.2900 -0.2418 0.9260
vn -0.3010 -0.8336 -0.4631
vn 0.2265 0.6604 -0.7160
vn 0.6437 0.6525 -0.3999
vn 0.2728 0.7444 -0.6095
vn -0.3207 0.3418 0.8834
vn 0.5080 0.2791 0.8149
vn -0.3704 0.2492 0.8948
vn 0.6027 0.3401 0.7219
vn -0.6144 0.7756 0.1448
vn -0.6282 0.7732 -0.0867
vn -0.7109 0.5292 0.4633
vn 0.4328 -0.2368 -0.8698
vn -0.2812 -0.0591 -0.9578
vn 0.2383 -0.4077 -0.8815
vn 0.7466 -0.4807 -0.4599
vn 0.8910 -0.1804 -0.4167
vn 0.9670 -0.0498 0.2497
vn 0.9499 -0.0992 0.2965
vn 0.8203 0.0902 0.5648
vn 0.9312 -0.2173 0.2928
vn 0.9144 0.0511 0.4016
vn -0.9565 0.1248 -0.2635
vn -0.9892 0.0529 -0.1366
vn -0.7939 0.0706 -0.6039
vn -0.6163 0.0554 -0.7856
vn 0.5431 0.3593 0.7589
vn 0.9962 0.0825 0.0269
vn 0.3483 -0.6809 -0.6443
vn 0.6163 -0.7387 -0.2729
vn -0.8225 -0.5685 0.0164
vn -0.9463 -0.2336 0.2236
vn -0.9196 -0.1562 0.3606
vn -0.8510 -0.4838 0.2043
vn -0.6997 0.5618 0.4414
vn -0.2252 0.3715 0.9007
vn 0.2732 0.3570 0.8933
vn -0.7157 0.3398 0.6101
vn -0.8475 -0.5185 0.1136
vn -0.7977 -0.5694 0.1989
vn 0.6432 -0.6929 0.3258
vn 0.1577 -0.9810 0.1132
vn 0.4108 -0.2840 0.8664
vn -0.9467 -0.1350 -0.2926
vn -0.8331 -0.3287 -0.4448
vn -0.8938 -0.4219 -0.1520
vn -0.9791 -0.1930 -0.0643
vn -0.9834 0.0566 -0.1723
vn -0.9937 0.0428 -0.1035
vn -0.9185 -0.2698 -0.2891
vn -0.7636 -0.1654 -0.6242
vn 0.7414 -0.1593 0.6519
vn 0.7249 -0.6108 0.3184
vn 0.5496 -0.7243 0.4164
vn 0.4178 -0.2289 0.8792
vn 0.7037 0.0889 0.7049
vn 0.8908 0.0946 0.4445
vn -0.9705 -0.2409 -0.0085
vn -0.5818 -0.6894 -0.4317
vn -0.9841 0.1171 0.1335
vn -0.7248 0.4195 -0.5465
vn -0.9328 0.2396 -0.2693
vn -0.7141 0.6293 -0.3066
vn -0.5025 0.2778 -0.8187
vn 0.1435 0.6340 0.7599
vn -0.1128 -0.2876 -0.9511
vn 0.0116 0.0141 -0.9998
vn 0.3482 -0.1442 0.9263
vn 0.0942 -0.3557 0.9298
vn 0.2754 -0.6479 -0.7102
vn -0.0433 -0.4363 -0.8987
vn 0.6590 -0.0531 -0.7502
vn 0.5567 -0.7351 -0.3868
vn -0.0637 -0.5304 -0.8453
vn 0.4175 -0.7489 -0.5146
vn 0.3297 0.9065 0.2637
vn 0.2940 0.8901 0.3482
vn 0.3436 0.8635 0.3691
vn -0.1926 0.9084 0.3710
vn 0.2024 0.9533 0.2242
vn 0.4474 -0.1996 0.8718
vn 0.6379 -0.0264 0.7697
vn -0.7726 0.3122 0.5528
vn -0.0890 -0.1168 0.9892
vn 0.9427 -0.3264 -0.0692
vn -0.1818 -0.3910 0.9023
vn -0.7231 -0.6502 0.2331
vn -0.7096 -0.6361 0.3030
vn -0.8108 -0.5115 -0.2846
vn -0.7331 -0.5763 -0.3612
vn -0.2169 -0.1731 0.9607
vn 0.2944 -0.9345 -0.2001
vn -0.4135 -0.7752 0.4776
vn 0.1822 -0.2300 -0.9560
vn 0.6689 -0.3417 -0.6602
vn 0.0450 -0.3264 -0.9442
vn -0.3506 -0.6153 -0.7060
vn 0.7237 0.4905 0.4855
vn 0.3409 -0.8626 0.3737
vn -0.9033 -0.2857 -0.3201
vn -0.7285 0.0663 -0.6819
vn -0.9113 -0.1022 -0.3989
vn 0.9160 -0.0640 -0.3960
vn 0.9950 -0.0330 0.0946
vn 0.9417 -0.3344 0.0366
vn 0.6132 0.1487 -0.7758
vn 0.9015 0.0484 -0.4301
vn 0.5638 0.2274 0.7940
vn -0.8338 -0.4962 0.2422
vn -0.6816 -0.3040 0.6656
vn -0.2233 0.2291 0.9474
vn -0.2443 -0.8684 0.4316
vn -0.1997 -0.9786 -0.0492
vn 0.0222 -0.9859 0.1657
vn 0.4726 -0.2127 0.8553
vn 0.7584 -0.1533 0.6335
vn 0.2023 0.0727 0.9766
vn 0.0845 -0.1900 -0.9781
vn 0.6754 -0.3161 -0.6663
vn -0.9419 0.2072 -0.2643
vn 0.3525 -0.5674 -0.7442
vn -0.9242 0.1810 -0.3364
vn -0.8518 -0.4194 0.3138
vn -0.5823 -0.0329 0.8123
vn -0.5411 -0.7486 0.3830
vn -0.5913 -0.0609 0.8041
vn -0.5878 -0.0604 0.8067
vn -0.9734 0.0508 0.2235
vn -0.6048 -0.0272 0.7959
vn 0.5572 -0.2031 0.8052
vn 0.9055 0.3957 -0.1535
vn 0.9687 0.2459 0.0351
vn -0.7531 -0.1103 0.6486
vn -0.7534 -0.0725 0.6536
vn -0.1909 0.0583 0.9799
vn -0.7110 -0.1002 0.6960
vn -0.9185 -0.0920 0.3845
vn -0.1778 0.1944 -0.9647
vn -0.0458 -0.1062 -0.9933
vn -0.6212 0.4542 -0.6386
vn -0.0615 -0.0714 -0.9955
vn -0.8578 0.3715 -0.3552
vn -0.8989 0.2883 -0.3300
vn -0.6994 0.2220 -0.6794
vn -0.6105 -0.7710 0.1813
vn -0.8571 -0.4207 0.2974
vn -0.6877 -0.7108 0.1481
vn 0.7171 0.3615 0.5959
vn 0.8700 0.4115 0.2716
vn 0.2611 -0.6786 0.6865
vn 0.7400 0.3538 0.5720
vn 0.1709 0.9853 0.0034
vn 0.8461 0.0308 0.5321
vn 0.3612 -0.0891 0.9282
vn 0.8000 0.0071 0.6000
vn 0.9281 0.1356 0.3467
vn 0.6111 0.0090 0.7915
vn 0.3521 -0.0617 0.9339
vn -0.7663 -0.5724 0.2918
vn -0.9947 -0.0468 -0.0919
vn -0.9198 0.0383 -0.3905
vn -0.7720 0.0198 0.6353
vn 0.2593 0.6376 -0.7254
vn 0.3754 0.8419 -0.3877
vn 0.3621 0.8437 -0.3964
vn 0.1702 0.5483 -0.8188
vn 0.3363 0.7233 -0.6031
vn -0.1981 -0.1227 0.9725
vn 0.3867 0.3868 0.8371
vn -0.4363 0.8912 -0.1244
vn -0.4883 0.8587 0.1556
vn 0.0889 0.9837 0.1560
vn -0.3990 0.9140 0.0737
vn -0.4076 -0.0027 -0.9132
vn 0.2370 -0.9703 -0.0482
vn -0.1245 -0.0666 -0.9900
vn 0.1215 -0.9556 -0.2684
vn -0.2319 0.3490 -0.9080
vn 0.5884 -0.3208 0.7422
vn 0.7681 -0.3896 0.5081
vn 0.5574 -0.3067 0.7715
vn -0.9747 -0.1155 -0.1914
vn -0.8814 -0.0855 0.4646
vn -0.2336 -0.0734 0.9696
vn -0.0069 -0.0210 0.9998
vn 0.3572 -0.3176 0.8784
vn -0.1461 -0.0954 0.9847
vn -0.5921 0.1240 0.7963
vn -0.6439 0.2182 0.7333
vn -0.3344 0.3099 0.8900
vn -0.1044 0.7670 0.6331
vn -0.8330 -0.3006 0.4644
vn 0.9704 -0.1929 -0.1452
vn -0.7675 0.2291 0.5987
vn -0.9150 -0.1056 -0.3894
vn -0.8592 -0.5042 0.0868
vn -0.8969 0.1774 0.4052
vn -0.7901 0.3392 0.5106
vn -0.8491 0.2501 0.4654
vn -0.7266 0.3397 0.5972
vn -0.6033 -0.7059 0.3711
vn -0.5568 -0.6915 0.4603
vn -0.4922 -0.4857 -0.7224
vn -0.4369 -0.8844 0.1644
vn 0.2561 -0.1567 0.9539
vn 0.7251 -0.0525 0.6866
vn 0.7310 -0.0081 0.6823
vn -0.4530 0.7121 0.5363
vn -0.4305 -0.0260 0.9022
vn 0.9310 0.2119 0.2972
vn 0.6860 -0.4109 -0.6005
vn 0.8996 -0.2956 -0.3213
vn 0.6228 -0.0732 -0.7790
vn -0.2479 -0.1133 -0.9621
vn -0.0694 -0.4990 -0.8638
vn 0.8502 -0.4844 -0.2062
vn 0.9784 -0.1599 -0.1311
vn 0.9004 -0.2497 -0.3562
vn -0.0645 -0.9979 0.0111
vn 0.0943 -0.9792 -0.1796
vn -0.3492 -0.6044 -0.7161
vn 0.5134 -0.5519 0.6571
vn 0.6068 0.1657 0.7774
vn 0.1557 -0.7832 0.6020
vn 0.3662 0.1599 0.9167
vn -0.0605 0.1934 -0.9793
vn -0.1358 0.1590 -0.9779
vn -0.1830 0.2014 -0.9623
vn -0.0314 0.9838 -0.1765
vn 0.1080 0.1917 -0.9755
vn -0.7261 -0.2980 0.6197
vn -0.8477 -0.0145 0.5303
vn -0.6060 -0.1926 0.7718
vn -0.7234 0.1097 0.6817
vn -0.6661 -0.3302 0.6688
vn -0.9375 -0.1189 -0.3270
vn -0.7972 -0.1195 -0.5918
vn -0.9389 -0.0250 0.3432
vn -0.9706 0.0205 -0.2400
vn 0.8423 0.2832 0.4586
vn 0.3553 0.2043 0.9122
vn 0.3506 0.2795 0.8938
vn 0.9043 0.2009 -0.3767
vn 0.8642 0.2525 -0.4351
vn 0.9005 0.0827 -0.4269
vn -0.2356 -0.0266 0.9715
vn -0.1811 -0.0611 0.9816
vn -0.5075 -0.0535 0.8600
vn 0.7952 -0.3537 0.4926
vn 0.6203 -0.2709 0.7361
vn 0.5300 0.4236 -0.7346
vn -0.4588 -0.1287 -0.8792
vn 0.1023 0.2311 -0.9675
vn -0.3053 0.9394 0.1557
vn -0.9569 0.2905 0.0055
vn -0.8492 -0.5143 0.1196
vn 0.9477 -0.0367 -0.3170
vn 0.4973 -0.3909 -0.7745
vn -0.9043 -0.2985 -0.3052
vn -0.8532 -0.5203 0.0372
vn 0.9700 -0.2371 0.0541
vn 0.9887 0.0925 -0.1181
vn 0.9777 -0.0080 0.2098
vn 0.2923 0.0811 -0.9529
vn 0.2917 0.1522 -0.9443
vn -0.4057 -0.7183 -0.5652
vn -0.1293 0.9824 -0.1351
vn -0.7930 0.6072 -0.0496
vn 0.2365 0.9135 -0.3311
vn -0.2262 0.0070 -0.9741
vn 0.5282 0.6788 0.5101
vn -0.5365 -0.6974 0.4751
vn -0.1633 -0.6752 0.7193
vn 0.6869 0.6394 0.3455
vn 0.6533 0.7130 -0.2546
vn 0.4154 0.6391 0.6473
vn -0.4706 0.0345 -0.8817
vn -0.3603 0.0326 -0.9323
vn -0.9038 -0.0931 -0.4177
vn -0.9440 -0.1012 -0.3140
vn -0.5226 -0.0482 -0.8512
vn -0.4360 0.7381 0.5149
vn -0.4681 0.8737 0.1327
vn 0.9115 -0.3689 -0.1819
vn -0.3466 -0.3952 0.8507
vn -0.6204 -0.7550 0.2123
vn -0.3531 -0.4905 -0.7967
vn 0.8685 0.1653 -0.4673
vn 0.7363 0.2873 0.6127
vn 0.0229 -0.1112 -0.9935
vn -0.2514 -0.0600 0.9660
vn 0.8697 -0.4874 -0.0773
vn 0.9681 -0.1426 0.2060
vn 0.7332 -0.5991 -0.3218
vn 0.6741 -0.6185 -0.4038
vn 0.4277 -0.6683 0.6086
vn 0.0684 -0.9527 0.2963
vn 0.4987 -0.7823 0.3732
vn -0.1089 -0.6819 0.7233
vn 0.6915 -0.6114 -0.3848
vn 0.3758 -0.4594 -0.8048
vn 0.3694 -0.3508 -0.8605
vn 0.8298 -0.3988 -0.3904
vn 0.8851 -0.3808 -0.2677
vn -0.9581 -0.2110 -0.1938
vn 0.3817 -0.7561 -0.5316
vn -0.5034 -0.8193 -0.2747
vn 0.5965 0.7090 -0.3762
vn -0.4725 0.0017 0.8813
vn -0.1415 -0.2396 0.9605
vn -0.5588 -0.1737 0.8109
vn 0.1312 -0.2798 -0.9511
vn -0.3011 -0.4539 -0.8386
vn -0.9477 -0.1701 -0.2701
vn -0.9560 -0.1770 0.2339
vn -0.8611 -0.3592 0.3597
vn -0.8513 0.0851 -0.5178
vn -0.8934 0.2756 -0.3548
vn -0.7172 0.6008 -0.3529
vn -0.8442 0.3949 -0.3624
vn -0.0712 -0.2146 -0.9741
vn -0.0755 -0.2358 -0.9689
vn -0.9062 0.1358 0.4006
vn -0.1006 0.9647 0.2432
vn -0.2167 0.9726 0.0843
vn 0.9675 0.0370 0.2502
vn 0.7641 -0.4221 0.4879
vn 0.9474 -0.1245 0.2947
vn -0.4335 0.3731 0.8203
vn 0.7374 -0.6540 -0.1689
vn 0.5878 -0.6257 -0.5128
vn 0.4155 -0.8457 -0.3348
vn 0.2343 -0.7633 0.6020
vn 0.0927 0.4155 0.9048
vn -0.1994 -0.0842 0.9763
vn -0.7918 -0.1489 0.5923
vn 0.7272 -0.6564 0.2006
vn 0.5520 -0.6559 0.5148
vn 0.9567 -0.1449 0.2523
vn 0.4921 -0.7871 0.3719
vn -0.7638 0.4915 -0.4185
vn -0.1021 -0.8541 0.5099
vn 0.2909 -0.9126 -0.2873
vn 0.3285 0.4388 -0.8364
vn 0.2961 -0.1772 0.9386
vn 0.7210 -0.5212 0.4567
vn 0.5093 -0.6954 0.5069
vn -0.4081 0.3688 0.8351
vn -0.6022 0.4121 0.6837
vn -0.1689 0.1204 0.9782
vn 0.3340 0.8862 0.3211
vn -0.1382 0.9777 0.1580
vn 0.3149 0.8124 0.4908
vn 0.4570 0.8756 0.1562
vn 0.3541 0.9244 -0.1422
vn -0.1570 0.9854 -0.0655
vn 0.9677 -0.0304 0.2504
vn 0.5201 -0.7996 0.3003
vn -0.0379 -0.2075 0.9775
vn -0.5727 -0.2984 0.7635
vn -0.1567 0.1535 0.9756
vn 0.4971 0.2840 0.8199
vn 0.4103 0.7123 0.5694
vn 0.8705 0.2759 -0.4075
vn 0.9392 0.1859 -0.2888
vn 0.9429 0.3266 0.0646
vn -0.1663 -0.8465 0.5058
vn -0.8263 -0.0835 0.5570
vn -0.2363 -0.1316 0.9627
vn 0.4988 0.8568 -0.1309
vn -0.1907 -0.9284 0.3189
vn -0.1246 -0.9899 0.0676
vn -0.2893 -0.6269 0.7234
vn -0.7363 0.2580 0.6256
vn -0.8855 0.3624 0.2908
vn -0.8573 0.5006 0.1201
vn -0.6209 0.5375 0.5706
vn -0.0365 0.9315 0.3619
vn 0.2402 0.8686 0.4335
vn 0.3609 0.9186 0.1610
vn 0.9620 0.2509 -0.1075
vn 0.8468 0.4604 0.2662
vn 0.8983 0.0804 -0.4320
vn 0.7619 -0.0196 0.6474
vn 0.7525 0.1006 0.6509
vn 0.8682 -0.1544 0.4715
vn 0.5270 0.2075 0.8242
vn 0.6197 0.2680 0.7376
vn 0.6715 -0.0642 -0.7383
vn 0.1162 -0.9757 0.1860
vn 0.9076 -0.2196 -0.3578
vn 0.9968 -0.0788 -0.0117
vn -0.8781 0.1161 0.4642
vn -0.6128 0.3060 0.7285
vn -0.9747 0.2185 0.0467
vn -0.9017 0.3617 0.2370
vn -0.9354 0.1231 -0.3314
vn -0.4923 -0.2382 0.8372
vn -0.7388 0.4391 0.5113
vn -0.0076 0.0021 1.0000
vn -0.8026 -0.5952 0.0402
vn -0.3845 -0.4073 0.8284
vn -0.1448 0.0364 0.9888
vn -0.2302 -0.7638 0.6031
vn 0.9689 -0.2086 -0.1333
vn -0.3965 0.7803 -0.4837
vn -0.5112 0.1658 -0.8433
vn -0.4877 0.1685 -0.8566
vn 0.3180 -0.6815 0.6592
vn 0.7469 -0.3056 0.5906
vn -0.0543 -0.9975 -0.0460
vn 0.4193 -0.8881 -0.1882
vn 0.5787 -0.8126 0.0700
vn -0.5979 -0.7179 0.3566
vn -0.4604 -0.6947 0.5527
vn 0.0187 0.1925 0.9811
vn 0.9843 0.0356 -0.1726
vn 0.9881 0.1516 0.0245
vn 0.9298 -0.0055 0.3681
vn 0.6836 0.0285 -0.7293
vn -0.2448 -0.1020 0.9642
vn -0.8689 -0.4923 -0.0519
vn -0.7918 -0.4794 0.3784
vn -0.7368 -0.5686 0.3657
vn -0.7800 -0.5587 -0.2818
vn -0.4590 -0.8551 0.2412
vn 0.1339 -0.9749 -0.1780
vn -0.7536 -0.5172 -0.4058
vn -0.6457 -0.3176 -0.6944
vn -0.8707 0.2194 -0.4402
vn -0.1958 -0.9651 -0.1737
vn -0.0175 -0.3870 0.9219
vn -0.9579 -0.2072 0.1986
vn -0.9357 -0.2277 0.2695
vn -0.9490 -0.2549 0.1855
vn -0.9464 -0.1891 0.2617
vn -0.9576 -0.0166 0.2875
vn 0.3306 -0.8974 -0.2923
vn -0.4210 -0.2006 0.8846
vn 0.3569 -0.9040 -0.2354
vn -0.7798 -0.1158 0.6152
vn 0.4502 -0.1070 -0.8865
vn 0.7307 -0.3136 -0.6064
vn -0.0047 0.1860 -0.9825
vn 0.3594 0.4832 0.7984
vn 0.4715 0.7128 0.5192
vn -0.4852 0.1457 0.8622
vn -0.5891 0.1601 0.7921
vn -0.9000 0.3398 -0.2732
vn -0.8569 0.5012 0.1205
vn -0.8749 0.3428 -0.3421
vn -0.6247 -0.0773 -0.7770
vn -0.8818 0.4555 0.1224
vn -0.7972 -0.1815 0.5758
vn 0.7140 0.6999 0.0175
vn -0.8951 0.1533 -0.4188
vn -0.6439 -0.6849 0.3412
vn -0.6552 -0.5626 0.5043
vn -0.8838 -0.0234 0.4672
vn -0.8711 -0.1968 0.4500
vn 0.7990 -0.0660 0.5977
vn 0.9266 -0.1356 0.3507
vn 0.5908 0.2908 0.7526
vn -0.6672 -0.5868 0.4588
vn -0.9336 -0.3114 0.1773
vn -0.8084 -0.5083 0.2968
vn -0.7680 -0.5297 -0.3600
vn 0.7277 -0.1175 -0.6757
vn 0.9037 0.1324 0.4073
vn 0.9188 0.3718 0.1330
vn -0.3651 -0.9063 -0.2127
vn -0.6224 -0.7501 -0.2238
vn -0.8812 -0.3518 0.3159
vn 0.4379 -0.7151 0.5449
vn 0.0918 0.1005 0.9907
vn 0.0000 0.7809 0.6247
vn -0.5537 0.4675 0.6890
vn 0.1604 0.2413 0.9571
vn 0.3102 0.1171 0.9434
vn 0.5799 -0.6798 0.4490
vn -0.7352 -0.6590 -0.1590
vn -0.3362 -0.5378 0.7732
vn 0.8925 -0.1350 -0.4304
vn 0.9046 -0.1574 -0.3960
vn 0.5509 -0.4689 -0.6903
vn 0.5105 0.0625 -0.8576
vn 0.7104 -0.2019 -0.6742
vn 0.5426 0.2585 0.7993
vn -0.1766 0.3119 0.9335
vn -0.1518 0.4129 0.8980
vn 0.5063 0.8277 0.2421
vn 0.3323 0.8965 -0.2929
vn 0.6669 0.7321 0.1386
vn 0.9255 0.0001 0.3788
vn 0.5106 0.8114 -0.2844
vn 0.6980 0.5787 0.4218
vn 0.4217 0.0649 0.9044
vn 0.1996 -0.0680 0.9775
vn 0.4844 -0.1418 0.8633
vn 0.1319 0.1852 0.9738
vn 0.6897 -0.0685 0.7208
vn -0.0784 -0.6862 -0.7231
vn -0.3784 -0.5007 -0.7785
vn -0.8531 0.0565 0.5187
vn -0.7969 -0.3121 0.5172
vn -0.8245 -0.3425 0.4505
vn -0.9214 -0.0042 0.3885
vn -0.8723 -0.1916 -0.4499
vn -0.9278 -0.1379 -0.3465
vn 0.9257 0.3782 0.0078
vn 0.8809 0.4054 0.2441
vn -0.8091 0.5087 -0.2942
vn -0.8396 -0.4468 -0.3091
vn -0.8855 -0.4530 0.1032
vn 0.2976 0.0306 0.9542
vn 0.9641 0.0678 0.2568
vn -0.6311 0.0855 0.7710
vn -0.4873 -0.1029 0.8672
vn -0.0555 -0.2929 0.9545
vn 0.1046 0.8923 0.4391
vn 0.6137 0.7161 0.3325
vn 0.9490 -0.3084 -0.0650
vn 0.8598 -0.4520 0.2375
vn 0.9352 -0.3531 0.0248
vn 0.9518 -0.2920 0.0941
vn 0.2804 0.0244 -0.9596
vn -0.1543 0.6392 0.7534
vn 0.3952 0.5045 0.7677
vn -0.8983 0.1713 0.4047
vn -0.0652 -0.0623 -0.9959
vn 0.5329 0.1509 -0.8326
vn 0.3882 0.9199 0.0551
vn 0.6362 -0.5621 0.5285
vn 0.9794 -0.2002 0.0248
vn -0.8392 -0.2796 0.4664
vn 0.8030 -0.5950 -0.0337
vn 0.7117 -0.5895 0.3822
vn 0.7122 -0.6478 0.2705
vn 0.7302 -0.6450 0.2254
vn 0.4443 -0.3846 -0.8091
vn 0.3802 -0.3489 -0.8565
vn 0.9429 -0.2146 -0.2547
vn -0.4343 -0.0200 -0.9005
vn -0.0275 0.9996 0.0024
vn -0.4232 -0.7716 -0.4748
vn 0.4913 0.7878 0.3714
vn -0.4574 -0.7303 -0.5073
vn -0.4915 0.1885 -0.8502
vn -0.8699 -0.0970 0.4836
vn -0.3096 -0.6046 0.7339
vn -0.0993 -0.4721 0.8759
vn 0.8524 0.1055 -0.5122
vn 0.0036 -0.0104 0.9999
vn -0.1093 -0.2790 0.9540
vn -0.3364 -0.0425 -0.9408
vn 0.4982 -0.2052 -0.8424
vn 0.1719 0.2168 -0.9610
vn 0.1212 0.2139 -0.9693
vn -0.4920 -0.0030 -0.8706
vn -0.9722 -0.2184 0.0849
vn -0.0165 0.9998 0.0103
vn 0.4946 0.7893 0.3638
vn -0.9497 -0.1560 -0.2716
vn -0.9242 0.0130 -0.3818
vn -0.6785 -0.0141 -0.7345
vn 0.6648 -0.0412 0.7459
vn 0.6175 -0.0376 0.7857
vn 0.3964 0.0305 0.9176
vn -0.5776 -0.4180 0.7012
vn -0.8522 -0.4772 0.2144
vn 0.2586 -0.0367 0.9653
vn 0.2573 -0.0292 0.9659
vn 0.4053 0.0127 0.9141
vn 0.0340 0.9765 0.2127
vn 0.0405 -0.0291 0.9988
vn 0.8212 -0.1834 0.5403
vn 0.9765 0.2054 -0.0644
vn -0.0754 0.3021 -0.9503
vn -0.0712 0.2712 -0.9599
vn -0.0720 0.1035 -0.9920
vn -0.1914 0.2823 -0.9400
vn -0.2259 0.5990 -0.7682
vn -0.1314 0.5071 -0.8518
vn -0.0416 0.0858 -0.9954
vn 0.9171 0.0544 0.3949
vn 0.1476 0.4195 0.8957
vn -0.7421 -0.6052 -0.2881
vn -0.7943 -0.5409 -0.2767
vn -0.1960 0.1916 -0.9617
vn -0.6846 0.1291 -0.7174
vn 0.6151 0.5159 0.5962
vn 0.3871 0.0569 -0.9203
vn -0.7512 0.6554 -0.0788
vn 0.4116 0.7771 -0.4760
vn 0.5883 0.1727 -0.7900
vn 0.2251 0.4411 0.8688
vn 0.8587 -0.1076 0.5010
vn 0.9872 -0.1268 0.0969
vn 0.5175 -0.2192 0.8271
vn 0.8239 -0.3137 0.4721
vn 0.5770 -0.1798 0.7967
vn 0.8460 0.4903 -0.2094
vn -0.6408 0.3443 0.6861
vn -0.5344 0.6854 0.4946
vn 0.6731 -0.0147 0.7394
vn -0.0410 -0.2017 -0.9786
vn -0.4756 -0.0824 -0.8758
vn 0.3592 -0.3488 -0.8656
vn -0.0589 -0.3433 -0.9374
vn 0.3990 0.2718 0.8757
vn 0.6605 -0.0538 0.7489
vn 0.6609 0.3153 0.6811
vn 0.2979 0.2599 0.9185
vn -0.4905 -0.8690 0.0650
vn 0.1720 0.1253 0.9771
vn -0.5391 0.0164 0.8421
vn -0.4420 -0.0545 0.8954
vn -0.5959 -0.2460 0.7645
vn -0.7788 0.0933 0.6203
vn 0.9455 -0.3237 -0.0344
vn 0.9591 0.0281 0.2816
vn 0.9495 -0.1615 0.2689
vn -0.1053 0.5632 -0.8196
vn 0.8659 -0.1878 0.4637
vn -0.8917 0.0310 0.4515
vn -0.9464 0.0617 0.3171
vn -0.7454 0.3685 0.5555
vn -0.9287 0.1176 0.3517
vn 0.7761 -0.4557 -0.4358
vn 0.5264 -0.3356 -0.7812
vn 0.8249 -0.4340 0.3622
vn 0.8527 0.0235 0.5219
vn 0.3802 -0.9045 0.1931
vn -0.8237 -0.0350 -0.5659
vn -0.8461 0.2138 -0.4883
vn 0.0541 -0.9946 -0.0880
vn 0.9832 -0.1514 0.1020
vn 0.0095 -0.9256 -0.3785
vn -0.8680 -0.3298 0.3713
vn -0.9016 -0.2975 0.3141
vn 0.9692 0.1311 0.2087
vn 0.8490 0.5277 -0.0272
vn 0.1366 0.8779 -0.4589
vn 0.9284 0.1663 0.3324
vn 0.6882 0.1241 0.7148
vn 0.7223 0.0973 0.6846
vn 0.9383 0.1294 0.3208
vn -0.8162 -0.5759 -0.0460
vn 0.7779 -0.2514 -0.5758
vn 0.9975 -0.0294 -0.0640
vn 0.4764 -0.0877 -0.8748
vn -0.1153 -0.0247 -0.9930
vn 0.8103 -0.3722 0.4527
vn -0.9247 -0.1205 0.3612
vn 0.9424 0.2241 0.2482
vn -0.8760 0.2728 0.3977
vn -0.0971 -0.5116 -0.8537
vn 0.9845 0.1743 0.0212
vn 0.9482 -0.2500 0.1960
vn 0.0762 0.7630 -0.6419
vn -0.3544 0.7285 0.5862
vn 0.6107 0.7727 0.1728
vn 0.6345 0.7713 0.0491
vn -0.0399 -0.2400 -0.9699
vn -0.0656 -0.1459 -0.9871
vn 0.0912 0.0743 -0.9931
vn -0.9110 0.2679 0.3135
vn -0.0105 0.1640 -0.9864
vn -0.2342 0.9720 -0.0219
vn -0.5128 0.5695 -0.6424
vn -0.3735 0.2843 -0.8830
vn -0.1928 0.7531 -0.6290
vn -0.8367 0.1671 -0.5216
vn -0.1765 0.2471 -0.9528
vn 0.5108 -0.4414 0.7377
vn -0.0323 -0.4885 -0.8719
vn 0.2924 -0.4485 -0.8446
vn -0.3388 -0.4224 0.8407
vn -0.4405 -0.3048 0.8445
vn -0.6016 -0.2103 0.7706
vn 0.9631 0.0620 0.2617
vn 0.9383 0.0953 0.3325
vn -0.7528 -0.4752 -0.4555
vn -0.9980 -0.0346 0.0537
vn -0.8395 -0.5419 0.0413
vn -0.7495 0.3031 0.5886
vn -0.3948 0.7408 0.5435
vn -0.5881 0.3718 0.7182
vn -0.8623 0.0899 0.4983
vn -0.6769 0.0305 -0.7355
vn -0.6396 0.2842 -0.7143
vn 0.0000 0.3511 0.9363
vn 0.3810 0.2170 0.8987
vn 0.6621 0.2700 -0.6991
vn -0.5080 0.6600 0.5534
vn -0.5078 0.5920 -0.6259
vn -0.8946 -0.2487 0.3712
vn -0.1901 -0.0753 0.9789
vn -0.9162 -0.4006 -0.0067
vn 0.3102 -0.8867 0.3428
vn 0.6203 -0.3600 0.6969
vn -0.5184 0.5295 -0.6715
vn 0.1117 0.4967 -0.8607
vn -0.0461 -0.4200 -0.9064
vn -0.3595 0.8390 0.4085
vn -0.3405 0.9169 -0.2084
vn -0.4045 0.1281 0.9055
vn 0.6966 0.0226 0.7171
vn 0.9697 -0.2383 0.0548
vn 0.4962 0.7536 -0.4310
vn 0.4606 0.8083 -0.3669
vn -0.7641 -0.1590 0.6252
vn -0.5225 -0.7324 0.4365
vn -0.1743 -0.2143 -0.9611
vn 0.1664 -0.9839 -0.0660
vn -0.8738 0.4845 -0.0416
vn -0.2807 -0.2658 -0.9223
vn -0.3843 -0.8509 0.3581
vn 0.3035 0.6953 0.6514
vn 0.1092 0.5507 0.8275
vn -0.4257 0.1559 0.8913
vn 0.7952 0.0854 0.6003
vn 0.5610 0.6966 0.4473
vn -0.9837 0.1778 0.0279
vn -0.5786 -0.0849 -0.8112
vn 0.0947 -0.8856 -0.4546
vn 0.6969 0.3973 0.5971
vn -0.3141 0.7103 -0.6300
vn 0.8811 0.4089 0.2376
vn -0.6821 -0.0572 -0.7290
vn 0.6344 -0.7693 0.0758
vn -0.8153 0.0380 0.5778
vn 0.1015 0.0955 0.9902
vn -0.9805 -0.1037 -0.1667
vn -0.9016 -0.2585 -0.3468
vn -0.2742 0.9526 0.1318
vn -0.7658 0.1004 0.6352
vn 0.8219 0.1199 0.5569
vn -0.2839 0.7716 0.5692
vn -0.1863 -0.1867 0.9646
vn -0.3057 -0.2502 0.9187
vn -0.8235 0.5009 0.2663
vn -0.5086 -0.0321 0.8604
vn 0.3904 0.0574 -0.9189
vn 0.5456 0.8325 0.0962
vn -0.6095 -0.3182 -0.7261
vn 0.5262 0.1479 -0.8374
vn 0.4438 0.4307 0.7858
vn 0.4711 0.0807 0.8784
vn 0.9756 -0.1580 -0.1522
vn -0.8698 0.4853 0.0890
vn -0.9526 0.1968 -0.2319
vn -0.8389 0.4366 -0.3251
vn -0.6516 0.7484 0.1233
vn -0.2197 0.7984 0.5606
vn -0.0979 0.9077 0.4081
vn -0.3668 0.9138 0.1745
vn -0.6919 0.7219 0.0084
vn -0.9798 0.1897 -0.0628
vn 0.3352 0.0906 0.9378
vn 0.2635 -0.0390 0.9639
vn -0.9604 -0.2148 -0.1774
vn -0.1004 0.9946 -0.0256
vn -0.5985 -0.4445 0.6665
vn -0.2011 0.2222 -0.9540
vn 0.2884 -0.1719 -0.9420
vn -0.5996 -0.0235 -0.7999
vn -0.6809 -0.7284 -0.0760
vn 0.6865 -0.6296 0.3638
vn -0.6404 -0.2517 0.7257
vn -0.4252 0.0007 0.9051
vn 0.7355 0.3562 0.5764
vn 0.7082 0.5228 0.4745
vn -0.7681 -0.0081 0.6403
vn -0.8071 -0.2687 -0.5258
vn -0.6009 -0.3799 0.7033
vn -0.5701 0.7552 0.3234
vn -0.4812 0.8641 -0.1475
vn -0.3694 0.8567 -0.3602
vn -0.3467 0.8588 -0.3772
vn -0.0223 0.9996 0.0186
vn -0.9448 0.3204 0.0684
vn 0.1632 0.1285 0.9782
vn -0.7219 0.4660 0.5116
vn 0.7371 -0.0134 0.6757
vn 0.6759 -0.2940 0.6759
vn 0.3385 0.8232 0.4557
vn 0.7352 0.3024 -0.6066
vn 0.4712 -0.0514 -0.8805
vn 0.9279 0.1111 -0.3559
vn 0.9903 -0.0884 -0.1071
vn 0.1768 -0.0309 -0.9838
vn -0.3216 -0.0028 -0.9469
vn -0.9067 0.2340 -0.3508
vn -0.0081 -0.0176 0.9998
vn -0.8697 -0.4703 -0.1501
vn 0.9875 -0.1120 -0.1106
vn -0.3484 0.4990 -0.7935
vn 0.4022 -0.5038 -0.7645
vn 0.5892 -0.5844 -0.5580
vn -0.9287 0.0670 -0.3648
vn -0.1895 0.9788 -0.0772
vn -0.1038 0.9903 0.0919
vn -0.0629 0.9921 0.1086
vn -0.6280 0.6845 0.3703
vn -0.0372 -0.1577 -0.9868
vn -0.9129 -0.0428 0.4060
vn -0.7673 -0.0726 0.6372
vn -0.9481 -0.3077 0.0804
vn 0.9265 -0.0484 0.3731
vn 0.7629 -0.2199 -0.6080
vn 0.2356 0.7577 0.6085
vn 0.5897 0.1886 0.7853
vn -0.5945 0.2479 0.7649
vn -0.5063 0.1430 -0.8504
vn 0.9366 0.1239 0.3278
vn -0.1610 0.9687 -0.1887
vn -0.9958 0.0516 0.0753
vn -0.8182 -0.5400 -0.1975
vn -0.3323 -0.3097 0.8909
vn -0.2649 -0.0694 0.9618
vn -0.0367 -0.7057 0.7075
vn 0.5443 0.1054 -0.8322
vn -0.1875 0.0256 -0.9819
vn -0.7274 0.1035 0.6784
vn 0.5529 -0.4612 0.6940
vn 0.8112 0.5626 -0.1596
vn 0.8859 0.4423 -0.1397
vn -0.7716 -0.6209 -0.1384
vn -0.3641 -0.7480 -0.5550
vn -0.9948 -0.0600 -0.0817
vn 0.7651 -0.6299 -0.1339
vn 0.5964 0.5291 0.6037
vn -0.2772 0.7807 0.5601
vn -0.2404 0.7748 0.5847
vn -0.9715 -0.2139 0.1017
vn -0.5179 0.7428 -0.4244
vn -0.8365 -0.1104 0.5368
vn -0.8087 -0.0860 0.5818
vn 0.3304 -0.9427 -0.0456
vn 0.8491 -0.1516 0.5061
vn 0.1870 -0.5661 0.8029
vn -0.6479 0.4638 0.6042
vn 0.6226 0.2581 -0.7388
vn 0.3443 0.0116 0.9388
vn -0.5119 -0.3174 -0.7982
vn -0.6208 0.7629 -0.1809
vn -0.7564 0.6456 0.1052
vn 0.4207 -0.2265 0.8785
vn -0.9583 0.1247 -0.2570
vn -0.6845 0.4637 -0.5625
vn 0.6667 -0.3866 0.6372
vn 0.7774 0.6091 -0.1567
vn 0.7302 0.6259 0.2740
vn -0.8744 -0.4637 -0.1427
vn 0.3140 0.1376 0.9394
vn 0.0686 0.9196 0.3869
vn 0.4636 -0.8728 -0.1525
vn 0.9038 -0.4004 0.1509
vn -0.0669 0.2742 -0.9593
vn -0.5050 0.5404 0.6730
vn -0.4464 -0.1596 -0.8805
vn -0.1487 0.8110 0.5659
vn -0.3144 0.1311 0.9402
vn -0.6757 -0.1645 0.7186
vn -0.4022 -0.6438 -0.6510
vn -0.1687 -0.6683 -0.7246
vn 0.9596 0.1224 0.2532
vn -0.6610 -0.4630 -0.5905
vn 0.0373 -0.9678 0.2491
vn 0.4954 -0.0438 -0.8676
vn 0.7536 -0.6369 -0.1625
vn 0.7361 -0.6362 -0.2312
vn 0.6568 -0.7537 -0.0226
vn -0.5767 -0.6539 0.4897
vn -0.6609 -0.1865 0.7269
vn -0.8673 -0.4614 0.1866
vn 0.5425 0.1267 0.8304
vn 0.7220 -0.0720 -0.6881
vn -0.8596 -0.4402 -0.2595
vn 0.2250 0.0451 -0.9733
vn -0.8845 0.4659 -0.0247
vn -0.8185 0.5483 -0.1716
vn 0.1625 -0.7400 -0.6527
vn -0.5409 -0.3396 0.7694
vn -0.7467 0.0292 -0.6645
vn -0.8415 0.5061 -0.1892
vn -0.8677 0.4063 -0.2864
vn 0.7268 0.5413 0.4227
vn 0.0590 -0.9641 0.2589
vn -0.4514 -0.7693 0.4521
vn 0.2650 -0.6665 0.6968
vn 0.0809 0.9916 -0.1012
vn -0.0577 -0.1486 -0.9872
vn -0.0376 0.9987 -0.0336
vn -0.7003 0.0369 0.7129
vn -0.5559 0.7891 -0.2615
vn 0.9000 -0.4318 -0.0602
vn -0.0220 0.9983 -0.0541
vn 0.7216 -0.5972 0.3503
vn -0.2194 -0.3990 0.8903
vn -0.0426 -0.9205 -0.3885
vn 0.5752 0.7592 -0.3044
vn -0.6402 -0.7273 -0.2473
vn 0.1558 -0.6797 0.7168
vn 0.1450 0.0413 -0.9886
vn -0.9606 -0.2535 -0.1139
vn 0.8508 0.0244 -0.5249
vn 0.8887 -0.2532 -0.3823
vn 0.9084 0.2741 -0.3156
vn 0.6660 -0.6916 -0.2795
vt 0.957980 0.247609
vt 0.966718 0.259236
vt 0.956337 0.260992
vt 0.955739 0.229947
vt 0.967079 0.242047
vt 0.751022 0.694768
vt 0.721716 0.715060
vt 0.718982 0.694768
vt 0.599167 0.726318
vt 0.561902 0.718429
vt 0.585214 0.702151
vt 0.592272 0.503419
vt 0.572645 0.530554
vt 0.559795 0.517562
vt 0.611669 0.705720
vt 0.744618 0.677737
vt 0.607850 0.520915
vt 0.745145 0.712535
vt 0.054750 0.734761
vt 0.061279 0.744691
vt 0.050155 0.757045
vt 0.060913 0.733367
vt 0.030015 0.717837
vt 0.055127 0.710443
vt 0.037693 0.746890
vt 0.052091 0.604744
vt 0.033633 0.606269
vt 0.051470 0.579422
vt 0.083603 0.607411
vt 0.053930 0.607801
vt 0.082379 0.583735
vt 0.042866 0.622945
vt 0.995527 0.503876
vt 0.997733 0.529087
vt 0.994007 0.530197
vt 0.839140 0.051814
vt 0.813301 0.059355
vt 0.804068 0.033988
vt 0.033448 0.013968
vt 0.039693 0.036737
vt 0.020058 0.033091
vt 0.831410 0.030147
vt 0.051246 0.020385
vt 0.903438 0.863531
vt 0.928940 0.894298
vt 0.888590 0.886962
vt 0.004311 0.013987
vt 0.937834 0.873168
vt 0.949622 0.595225
vt 0.945935 0.578738
vt 0.963871 0.570324
vt 0.965630 0.595193
vt 0.344033 0.096730
vt 0.361247 0.098222
vt 0.341556 0.111002
vt 0.925712 0.593319
vt 0.316940 0.113684
vt 0.785161 0.522118
vt 0.783336 0.494723
vt 0.793552 0.500601
vt 0.797125 0.523501
vt 0.786197 0.541424
vt 0.770618 0.517670
vt 0.774061 0.540072
vt 0.599319 0.026597
vt 0.613140 0.027497
vt 0.602297 0.032983
vt 0.590739 0.030844
vt 0.593489 0.023132
vt 0.597011 0.034558
vt 0.607827 0.019626
vt 0.187020 0.949208
vt 0.186770 0.968457
vt 0.177679 0.960247
vt 0.176014 0.950184
vt 0.185825 0.937386
vt 0.199256 0.953782
vt 0.182429 0.939390
vt 0.484877 0.704235
vt 0.469094 0.705854
vt 0.484269 0.702510
vt 0.473632 0.716501
vt 0.469550 0.708861
vt 0.030917 0.131449
vt 0.028803 0.133030
vt 0.013313 0.112784
vt 0.016199 0.111395
vt 0.024918 0.103795
vt 0.038555 0.128721
vt 0.054540 0.144011
vt 0.122640 0.347899
vt 0.138041 0.347586
vt 0.124219 0.361107
vt 0.715204 0.890918
vt 0.708241 0.901112
vt 0.697800 0.892226
vt 0.727493 0.898972
vt 0.704244 0.881895
vt 0.109394 0.360026
vt 0.107879 0.346280
vt 0.516876 0.639568
vt 0.527216 0.637611
vt 0.525600 0.656082
vt 0.516885 0.657340
vt 0.505980 0.657908
vt 0.497942 0.637761
vt 0.502768 0.617923
vt 0.515319 0.617816
vt 0.108458 0.529610
vt 0.109205 0.515354
vt 0.117488 0.529463
vt 0.889423 0.778488
vt 0.882904 0.783100
vt 0.878313 0.775096
vt 0.973096 0.764213
vt 0.962097 0.774470
vt 0.965054 0.754519
vt 0.120394 0.538749
vt 0.111219 0.538728
vt 0.885736 0.761346
vt 0.884494 0.785712
vt 0.157764 0.944693
vt 0.176077 0.944118
vt 0.158980 0.948036
vt 0.139462 0.945782
vt 0.158811 0.928912
vt 0.143217 0.954813
vt 0.077868 0.087352
vt 0.056567 0.068127
vt 0.055346 0.059025
vt 0.097804 0.078426
vt 0.108287 0.083510
vt 0.103007 0.567327
vt 0.084776 0.573184
vt 0.093753 0.550439
vt 0.096316 0.549555
vt 0.112388 0.556656
vt 0.106369 0.570343
vt 0.069262 0.088765
vt 0.930147 0.073024
vt 0.914363 0.092608
vt 0.913372 0.072217
vt 0.930992 0.056670
vt 0.945007 0.068141
vt 0.928841 0.093656
vt 0.917069 0.061967
vt 0.943790 0.088804
vt 0.893779 0.151838
vt 0.886667 0.138296
vt 0.889647 0.137762
vt 0.908775 0.160221
vt 0.888285 0.161074
vt 0.880429 0.145681
vt 0.619712 0.747579
vt 0.599724 0.750929
vt 0.599631 0.733455
vt 0.621964 0.731116
vt 0.639033 0.749632
vt 0.620842 0.764739
vt 0.073433 0.741393
vt 0.073093 0.725437
vt 0.086234 0.746087
vt 0.074349 0.751967
vt 0.097348 0.735217
vt 0.068308 0.750729
vt 0.076222 0.935359
vt 0.059181 0.921749
vt 0.088025 0.921065
vt 0.068359 0.949719
vt 0.092954 0.957708
vt 0.810626 0.714054
vt 0.825543 0.722513
vt 0.811352 0.740414
vt 0.832488 0.693347
vt 0.795662 0.733996
vt 0.796780 0.706415
vt 0.817652 0.682693
vt 0.590044 0.989634
vt 0.579189 0.979866
vt 0.585410 0.973677
vt 0.581859 0.995785
vt 0.259479 0.840593
vt 0.265163 0.835377
vt 0.273405 0.844526
vt 0.566677 0.882227
vt 0.548211 0.885585
vt 0.554404 0.873596
vt 0.562865 0.892279
vt 0.597829 0.983005
vt 0.263386 0.845857
vt 0.098884 0.229505
vt 0.103331 0.241055
vt 0.099579 0.251765
vt 0.106538 0.236270
vt 0.266684 0.131435
vt 0.254851 0.140733
vt 0.247805 0.124727
vt 0.310251 0.182635
vt 0.319174 0.178878
vt 0.326426 0.195963
vt 0.294612 0.166165
vt 0.303702 0.163424
vt 0.316811 0.200870
vt 0.300548 0.184665
vt 0.468144 0.931818
vt 0.478129 0.920595
vt 0.489231 0.935327
vt 0.446440 0.935517
vt 0.456866 0.916657
vt 0.452719 0.945762
vt 0.304088 0.253417
vt 0.307566 0.240436
vt 0.320308 0.256278
vt 0.479115 0.944759
vt 0.113921 0.601307
vt 0.112392 0.579289
vt 0.124136 0.591235
vt 0.132868 0.614933
vt 0.122819 0.623307
vt 0.101630 0.603529
vt 0.102088 0.592509
vt 0.246414 0.079160
vt 0.228600 0.064739
vt 0.256286 0.071727
vt 0.276840 0.094195
vt 0.244542 0.086477
vt 0.228699 0.076537
vt 0.770546 0.410696
vt 0.773659 0.431844
vt 0.755942 0.431896
vt 0.784770 0.389556
vt 0.788022 0.410018
vt 0.768284 0.390925
vt 0.752910 0.409788
vt 0.237815 0.906239
vt 0.255948 0.913591
vt 0.249123 0.916069
vt 0.531668 0.192031
vt 0.526734 0.175782
vt 0.544256 0.178245
vt 0.949876 0.700270
vt 0.956499 0.724545
vt 0.938351 0.714945
vt 0.547726 0.188974
vt 0.229827 0.889377
vt 0.250749 0.902612
vt 0.966700 0.706232
vt 0.061520 0.240422
vt 0.031709 0.249009
vt 0.030997 0.241870
vt 0.221928 0.226721
vt 0.221446 0.228016
vt 0.204882 0.228776
vt 0.078827 0.246252
vt 0.062952 0.255405
vt 0.061045 0.238797
vt 0.204739 0.614065
vt 0.211132 0.599193
vt 0.217938 0.618709
vt 0.208199 0.636150
vt 0.195530 0.627280
vt 0.175234 0.597009
vt 0.216772 0.890766
vt 0.229066 0.888034
vt 0.228619 0.895571
vt 0.216200 0.920740
vt 0.203228 0.916994
vt 0.205899 0.891116
vt 0.211219 0.882646
vt 0.280873 0.934751
vt 0.293772 0.935427
vt 0.286087 0.952369
vt 0.271935 0.946020
vt 0.273683 0.930347
vt 0.212434 0.561910
vt 0.225560 0.573360
vt 0.205086 0.571420
vt 0.186179 0.564833
vt 0.809401 0.600375
vt 0.817675 0.605869
vt 0.807390 0.608643
vt 0.797737 0.597492
vt 0.806660 0.590984
vt 0.270600 0.192244
vt 0.271337 0.209319
vt 0.259553 0.209757
vt 0.277338 0.172119
vt 0.280531 0.189211
vt 0.260142 0.191173
vt 0.259691 0.176720
vt 0.268761 0.175512
vt 0.841497 0.424744
vt 0.848378 0.408064
vt 0.850173 0.420209
vt 0.828786 0.423091
vt 0.841259 0.412942
vt 0.834041 0.437720
vt 0.847767 0.435537
vt 0.455055 0.219108
vt 0.439107 0.221920
vt 0.451716 0.197404
vt 0.445161 0.241630
vt 0.469669 0.196099
vt 0.473300 0.217127
vt 0.459529 0.238236
vt 0.879147 0.966277
vt 0.880470 0.976113
vt 0.872604 0.974898
vt 0.873601 0.962971
vt 0.892194 0.961857
vt 0.887325 0.966598
vt 0.185431 0.768460
vt 0.168601 0.772537
vt 0.165339 0.751939
vt 0.186029 0.749117
vt 0.200667 0.766005
vt 0.186127 0.784830
vt 0.203745 0.780801
vt 0.049325 0.900508
vt 0.049165 0.917378
vt 0.034687 0.901626
vt 0.031637 0.889592
vt 0.052289 0.887675
vt 0.066448 0.899477
vt 0.064673 0.918018
vt 0.965307 0.894200
vt 0.986241 0.885482
vt 0.973640 0.901550
vt 0.894443 0.022934
vt 0.901593 0.029654
vt 0.885239 0.041250
vt 0.160359 0.460234
vt 0.149845 0.456112
vt 0.169366 0.454224
vt 0.873567 0.033251
vt 0.958949 0.905287
vt 0.230600 0.425993
vt 0.237094 0.419609
vt 0.242080 0.420488
vt 0.360933 0.785646
vt 0.358726 0.790389
vt 0.343405 0.784812
vt 0.229430 0.409167
vt 0.235492 0.430443
vt 0.235538 0.433783
vt 0.226406 0.428767
vt 0.932303 0.444174
vt 0.973032 0.409998
vt 0.941690 0.458074
vt 0.926907 0.468305
vt 0.176139 0.158584
vt 0.159457 0.156665
vt 0.168590 0.145732
vt 0.931384 0.572707
vt 0.920307 0.587629
vt 0.877662 0.535908
vt 0.313386 0.001201
vt 0.331942 0.001201
vt 0.313598 0.016868
vt 0.396933 0.578478
vt 0.402857 0.546067
vt 0.416831 0.562071
vt 0.384825 0.557313
vt 0.401347 0.606915
vt 0.384671 0.582022
vt 0.972402 0.176066
vt 0.941253 0.174270
vt 0.953523 0.165939
vt 0.950728 0.181691
vt 0.554555 0.625508
vt 0.581861 0.625387
vt 0.579073 0.642472
vt 0.559748 0.606828
vt 0.525337 0.733408
vt 0.506227 0.751127
vt 0.506459 0.729240
vt 0.526600 0.754793
vt 0.542223 0.736183
vt 0.552640 0.642283
vt 0.687807 0.253339
vt 0.666677 0.250084
vt 0.677957 0.243799
vt 0.400122 0.469504
vt 0.400868 0.483737
vt 0.389179 0.473804
vt 0.695340 0.236342
vt 0.705463 0.248956
vt 0.678466 0.260207
vt 0.396495 0.460550
vt 0.743844 0.844502
vt 0.720827 0.838789
vt 0.727533 0.834475
vt 0.747125 0.831806
vt 0.753518 0.842930
vt 0.920748 0.709727
vt 0.914659 0.699513
vt 0.919545 0.701297
vt 0.936574 0.697576
vt 0.945711 0.703753
vt 0.914447 0.709253
vt 0.960373 0.309278
vt 0.979782 0.302092
vt 0.970696 0.319419
vt 0.936261 0.303157
vt 0.955108 0.295766
vt 0.950199 0.325556
vt 0.344813 0.692842
vt 0.369558 0.677087
vt 0.373137 0.691358
vt 0.349752 0.704244
vt 0.335638 0.683159
vt 0.358138 0.665499
vt 0.578931 0.209798
vt 0.576243 0.247684
vt 0.562801 0.215221
vt 0.594117 0.213837
vt 0.406062 0.834567
vt 0.420827 0.839246
vt 0.397693 0.858496
vt 0.696404 0.028960
vt 0.699226 0.017900
vt 0.707724 0.040101
vt 0.631536 0.918309
vt 0.624097 0.900823
vt 0.630565 0.909074
vt 0.610613 0.904994
vt 0.408468 0.820676
vt 0.685407 0.045696
vt 0.101099 0.631620
vt 0.102930 0.660891
vt 0.089220 0.656097
vt 0.117469 0.641523
vt 0.068622 0.408276
vt 0.062438 0.443349
vt 0.049108 0.408338
vt 0.073426 0.641489
vt 0.086357 0.621330
vt 0.086588 0.409238
vt 0.083273 0.442679
vt 0.502264 0.163804
vt 0.502020 0.145188
vt 0.514492 0.148758
vt 0.273929 0.919795
vt 0.293063 0.895004
vt 0.293971 0.918785
vt 0.266628 0.919403
vt 0.270622 0.904422
vt 0.479570 0.162291
vt 0.510549 0.163932
vt 0.634527 0.213310
vt 0.625322 0.215770
vt 0.623675 0.202120
vt 0.599342 0.425372
vt 0.586543 0.442610
vt 0.575086 0.422168
vt 0.632623 0.198388
vt 0.595016 0.414206
vt 0.644326 0.209407
vt 0.620376 0.415599
vt 0.615361 0.425424
vt 0.945496 0.403761
vt 0.937999 0.413243
vt 0.936438 0.398118
vt 0.944919 0.391458
vt 0.944073 0.416438
vt 0.951298 0.398470
vt 0.948690 0.408618
vt 0.968691 0.053812
vt 0.956024 0.054566
vt 0.968910 0.041236
vt 0.565036 0.813466
vt 0.572937 0.802203
vt 0.579065 0.823308
vt 0.965558 0.063391
vt 0.929685 0.450059
vt 0.918827 0.458988
vt 0.922022 0.449378
vt 0.569405 0.827991
vt 0.557027 0.820821
vt 0.563455 0.796702
vt 0.211592 0.937209
vt 0.211989 0.950778
vt 0.205668 0.943133
vt 0.432541 0.015917
vt 0.431309 0.001829
vt 0.448207 0.024201
vt 0.876997 0.135906
vt 0.868983 0.173025
vt 0.855372 0.189925
vt 0.850828 0.173696
vt 0.238749 0.857798
vt 0.239094 0.842146
vt 0.249143 0.852584
vt 0.882138 0.178699
vt 0.869592 0.182829
vt 0.230231 0.835868
vt 0.063313 0.782050
vt 0.057071 0.775578
vt 0.062599 0.768486
vt 0.870147 0.833609
vt 0.874565 0.823358
vt 0.876867 0.832332
vt 0.066259 0.784323
vt 0.866176 0.827483
vt 0.057210 0.787750
vt 0.556017 0.352220
vt 0.548201 0.370652
vt 0.546429 0.351043
vt 0.571239 0.353665
vt 0.566933 0.373570
vt 0.558327 0.313909
vt 0.834146 0.502547
vt 0.841310 0.488597
vt 0.845992 0.509031
vt 0.824244 0.497130
vt 0.822127 0.511723
vt 0.834364 0.516286
vt 0.691057 0.468676
vt 0.696811 0.456358
vt 0.698496 0.460918
vt 0.171382 0.065134
vt 0.164077 0.090241
vt 0.154743 0.075102
vt 0.183478 0.081180
vt 0.813043 0.394774
vt 0.807801 0.379983
vt 0.819896 0.390104
vt 0.685180 0.462381
vt 0.838383 0.235789
vt 0.823380 0.255416
vt 0.820075 0.235150
vt 0.804036 0.385495
vt 0.840280 0.253888
vt 0.721871 0.165930
vt 0.724630 0.165638
vt 0.723091 0.174187
vt 0.354064 0.970250
vt 0.358450 0.965692
vt 0.360103 0.967922
vt 0.712222 0.183621
vt 0.713105 0.168445
vt 0.355519 0.971236
vt 0.816086 0.828741
vt 0.783825 0.838334
vt 0.781979 0.824008
vt 0.852947 0.705084
vt 0.861674 0.696523
vt 0.884972 0.711410
vt 0.376081 0.331105
vt 0.359952 0.328261
vt 0.381427 0.322771
vt 0.387116 0.331815
vt 0.378477 0.341643
vt 0.807134 0.810325
vt 0.077800 0.037420
vt 0.064549 0.017545
vt 0.077994 0.007777
vt 0.090114 0.026639
vt 0.002203 0.956827
vt 0.022507 0.987623
vt 0.002203 0.987587
vt 0.100139 0.040335
vt 0.088510 0.050561
vt 0.004282 0.935096
vt 0.022489 0.937514
vt 0.022272 0.959293
vt 0.674654 0.177494
vt 0.688059 0.160723
vt 0.683697 0.180550
vt 0.671661 0.198343
vt 0.662321 0.196717
vt 0.678307 0.158224
vt 0.663361 0.176190
vt 0.388625 0.445685
vt 0.385201 0.458429
vt 0.379232 0.453579
vt 0.068327 0.384521
vt 0.081250 0.376726
vt 0.082637 0.386076
vt 0.381479 0.435486
vt 0.663569 0.269954
vt 0.653812 0.268507
vt 0.662707 0.262967
vt 0.396469 0.448330
vt 0.392629 0.429671
vt 0.791002 0.154340
vt 0.785188 0.116765
vt 0.791337 0.114774
vt 0.789623 0.154549
vt 0.805049 0.149720
vt 0.800123 0.169793
vt 0.267664 0.873518
vt 0.275008 0.858432
vt 0.285314 0.867698
vt 0.530543 0.909212
vt 0.534557 0.892127
vt 0.544880 0.896861
vt 0.523039 0.925485
vt 0.511329 0.904866
vt 0.542634 0.912124
vt 0.265152 0.866679
vt 0.726792 0.734653
vt 0.702304 0.738329
vt 0.697942 0.717386
vt 0.883559 0.610277
vt 0.873588 0.585219
vt 0.898078 0.595409
vt 0.879664 0.619829
vt 0.864506 0.610411
vt 0.883894 0.619368
vt 0.247893 0.389882
vt 0.259746 0.407802
vt 0.245138 0.407943
vt 0.236904 0.394864
vt 0.890803 0.620032
vt 0.545538 0.658822
vt 0.550308 0.638445
vt 0.535082 0.620222
vt 0.525536 0.617323
vt 0.940316 0.787598
vt 0.943013 0.761311
vt 0.881252 0.732214
vt 0.864096 0.756687
vt 0.920581 0.551562
vt 0.934655 0.538890
vt 0.940574 0.559045
vt 0.912827 0.538852
vt 0.925536 0.567359
vt 0.903410 0.551588
vt 0.680541 0.304502
vt 0.703213 0.311014
vt 0.689376 0.331654
vt 0.670818 0.326181
vt 0.654527 0.315336
vt 0.557210 0.288046
vt 0.553864 0.274555
vt 0.569233 0.278011
vt 0.665607 0.293567
vt 0.543354 0.285916
vt 0.699556 0.297433
vt 0.740477 0.030249
vt 0.731067 0.009803
vt 0.751028 0.015727
vt 0.874056 0.159903
vt 0.724450 0.030844
vt 0.377553 0.109414
vt 0.365839 0.096646
vt 0.380916 0.100072
vt 0.885215 0.180116
vt 0.124442 0.969977
vt 0.120861 0.958958
vt 0.128493 0.958262
vt 0.143097 0.312317
vt 0.143733 0.291382
vt 0.154285 0.296631
vt 0.095723 0.432746
vt 0.110071 0.431022
vt 0.103964 0.448891
vt 0.125347 0.319686
vt 0.115037 0.309925
vt 0.094997 0.409522
vt 0.106433 0.413154
vt 0.131005 0.300966
vt 0.850178 0.009417
vt 0.864637 0.013941
vt 0.852202 0.015797
vt 0.459764 0.624147
vt 0.453449 0.605261
vt 0.473821 0.610303
vt 0.474619 0.630596
vt 0.443690 0.616909
vt 0.454242 0.637401
vt 0.790605 0.854518
vt 0.806134 0.858419
vt 0.800904 0.878364
vt 0.788331 0.871928
vt 0.881614 0.383395
vt 0.865878 0.365169
vt 0.881262 0.367683
vt 0.118141 0.981525
vt 0.097232 0.988073
vt 0.334979 0.435693
vt 0.307392 0.419243
vt 0.338529 0.406739
vt 0.676137 0.465668
vt 0.688304 0.485183
vt 0.667307 0.484603
vt 0.351843 0.418336
vt 0.658048 0.462676
vt 0.120143 0.962863
vt 0.734979 0.933469
vt 0.726747 0.943040
vt 0.724741 0.926204
vt 0.470216 0.908930
vt 0.744487 0.921980
vt 0.986880 0.138996
vt 0.982337 0.131611
vt 0.993049 0.134703
vt 0.977349 0.142299
vt 0.981057 0.137014
vt 0.992613 0.153961
vt 0.979679 0.146748
vt 0.370918 0.956117
vt 0.379205 0.936128
vt 0.380682 0.965701
vt 0.937849 0.777648
vt 0.941234 0.805539
vt 0.917298 0.810676
vt 0.859056 0.979840
vt 0.848778 0.998836
vt 0.842619 0.987158
vt 0.697369 0.176382
vt 0.707723 0.184482
vt 0.696002 0.192974
vt 0.706761 0.177714
vt 0.362466 0.962512
vt 0.147987 0.363408
vt 0.147960 0.378963
vt 0.140358 0.377550
vt 0.138350 0.362400
vt 0.817414 0.943173
vt 0.816398 0.928639
vt 0.823307 0.941632
vt 0.807969 0.945233
vt 0.823001 0.955739
vt 0.150194 0.551689
vt 0.156108 0.529325
vt 0.158200 0.550646
vt 0.149355 0.571002
vt 0.139530 0.554338
vt 0.553027 0.539183
vt 0.547793 0.715740
vt 0.565531 0.699220
vt 0.629597 0.720902
vt 0.639218 0.730119
vt 0.064768 0.752698
vt 0.083692 0.271692
vt 0.077233 0.279966
vt 0.072534 0.254019
vt 0.038974 0.291196
vt 0.051411 0.305166
vt 0.036080 0.306015
vt 0.630871 0.036043
vt 0.622614 0.047834
vt 0.623168 0.026508
vt 0.054398 0.285394
vt 0.043247 0.268874
vt 0.033289 0.269763
vt 0.362971 0.621343
vt 0.374722 0.626608
vt 0.349722 0.630286
vt 0.374359 0.609251
vt 0.353401 0.608190
vt 0.973977 0.688242
vt 0.965558 0.688536
vt 0.972886 0.684160
vt 0.984887 0.687817
vt 0.978613 0.696334
vt 0.971459 0.698055
vt 0.983239 0.683253
vt 0.009944 0.507886
vt 0.010267 0.501366
vt 0.014822 0.501057
vt 0.358758 0.286389
vt 0.351227 0.294696
vt 0.343138 0.288537
vt 0.350426 0.278165
vt 0.363438 0.281556
vt 0.365880 0.298625
vt 0.371346 0.288625
vt 0.983834 0.979790
vt 0.975459 0.973247
vt 0.991198 0.965560
vt 0.968534 0.993995
vt 0.979746 0.996328
vt 0.315868 0.072224
vt 0.322974 0.072452
vt 0.301778 0.083496
vt 0.058711 0.000007
vt 0.059155 0.023225
vt 0.052471 0.012132
vt 0.049896 0.001972
vt 0.514137 0.388830
vt 0.531550 0.390509
vt 0.527314 0.412052
vt 0.494441 0.392049
vt 0.492337 0.376140
vt 0.510959 0.412549
vt 0.518131 0.375120
vt 0.855908 0.811519
vt 0.850988 0.818570
vt 0.844758 0.803850
vt 0.866672 0.817503
vt 0.866323 0.805054
vt 0.383709 0.739094
vt 0.356321 0.729234
vt 0.382526 0.720293
vt 0.408421 0.728072
vt 0.406861 0.742743
vt 0.384881 0.753673
vt 0.359170 0.741674
vt 0.889908 0.977297
vt 0.711086 0.430670
vt 0.726952 0.429556
vt 0.727273 0.443921
vt 0.709809 0.446241
vt 0.695468 0.432959
vt 0.697887 0.409358
vt 0.713319 0.407342
vt 0.740720 0.131305
vt 0.729670 0.111370
vt 0.746265 0.114240
vt 0.737399 0.145694
vt 0.721148 0.141566
vt 0.413852 0.914453
vt 0.416849 0.901642
vt 0.427090 0.910758
vt 0.426857 0.921138
vt 0.413493 0.925739
vt 0.724703 0.128580
vt 0.445227 0.134038
vt 0.480903 0.103061
vt 0.449268 0.153787
vt 0.014100 0.261567
vt 0.434741 0.132693
vt 0.474881 0.102619
vt 0.032319 0.253558
vt 0.445577 0.581875
vt 0.455355 0.599760
vt 0.452696 0.604318
vt 0.356154 0.897279
vt 0.331278 0.898736
vt 0.346091 0.883428
vt 0.364072 0.871226
vt 0.372614 0.881055
vt 0.374748 0.927698
vt 0.344442 0.907803
vt 0.838475 0.283616
vt 0.861498 0.291173
vt 0.851895 0.303733
vt 0.898448 0.512189
vt 0.920802 0.503098
vt 0.908611 0.518977
vt 0.891017 0.502470
vt 0.918106 0.496300
vt 0.890712 0.522764
vt 0.896508 0.535196
vt 0.642332 0.882419
vt 0.627773 0.853058
vt 0.663414 0.864507
vt 0.639749 0.897330
vt 0.629018 0.884616
vt 0.671912 0.890736
vt 0.661249 0.900695
vt 0.623054 0.870679
vt 0.815614 0.188549
vt 0.793142 0.192104
vt 0.808278 0.183392
vt 0.969516 0.201060
vt 0.965604 0.206372
vt 0.965061 0.192975
vt 0.978207 0.194973
vt 0.972380 0.207676
vt 0.979994 0.200660
vt 0.919358 0.261579
vt 0.923336 0.278345
vt 0.875030 0.284329
vt 0.920198 0.224918
vt 0.936674 0.244021
vt 0.912482 0.254465
vt 0.416480 0.394151
vt 0.417653 0.378083
vt 0.438852 0.393290
vt 0.405814 0.409130
vt 0.401046 0.401634
vt 0.431488 0.411737
vt 0.415131 0.410173
vt 0.855997 0.442192
vt 0.845633 0.451231
vt 0.410179 0.377875
vt 0.413771 0.227848
vt 0.404482 0.203884
vt 0.417485 0.200310
vt 0.649981 0.074860
vt 0.622750 0.067563
vt 0.652315 0.058871
vt 0.424752 0.225419
vt 0.363794 0.040569
vt 0.346583 0.036911
vt 0.350705 0.004862
vt 0.128849 0.008924
vt 0.139684 0.023837
vt 0.103476 0.040121
vt 0.622647 0.093943
vt 0.223121 0.392600
vt 0.223785 0.382684
vt 0.232884 0.387996
vt 0.328632 0.797361
vt 0.340790 0.799722
vt 0.340696 0.802832
vt 0.328228 0.805328
vt 0.318337 0.798313
vt 0.061573 0.317218
vt 0.052140 0.326685
vt 0.059009 0.298509
vt 0.068351 0.317309
vt 0.451854 0.328442
vt 0.456008 0.302763
vt 0.460657 0.320899
vt 0.073933 0.326728
vt 0.443715 0.318877
vt 0.556837 0.148573
vt 0.560214 0.154402
vt 0.539450 0.158812
vt 0.533541 0.142612
vt 0.530078 0.141381
vt 0.558115 0.140746
vt 0.567299 0.150499
vt 0.552818 0.434999
vt 0.523223 0.454640
vt 0.528353 0.436434
vt 0.563178 0.448882
vt 0.539307 0.456983
vt 0.548930 0.421465
vt 0.922334 0.650468
vt 0.903936 0.647784
vt 0.907843 0.639280
vt 0.929887 0.672519
vt 0.915972 0.664268
vt 0.927236 0.634211
vt 0.935560 0.657573
vt 0.929018 0.645456
vt 0.668640 0.529550
vt 0.678577 0.547325
vt 0.649713 0.557831
vt 0.713956 0.384727
vt 0.730074 0.381845
vt 0.727846 0.406466
vt 0.640164 0.539810
vt 0.699574 0.386898
vt 0.655947 0.511736
vt 0.755145 0.094380
vt 0.740980 0.089452
vt 0.422210 0.887201
vt 0.429125 0.900472
vt 0.424518 0.873546
vt 0.433966 0.887774
vt 0.760770 0.075848
vt 0.646157 0.792568
vt 0.646193 0.787403
vt 0.669350 0.794137
vt 0.644461 0.792972
vt 0.643692 0.787783
vt 0.645092 0.812100
vt 0.644558 0.811676
vt 0.106534 0.160149
vt 0.104673 0.161561
vt 0.099354 0.154525
vt 0.106145 0.156537
vt 0.116610 0.167760
vt 0.021889 0.907362
vt 0.019906 0.896673
vt 0.034668 0.916228
vt 0.022853 0.926158
vt 0.728115 0.776282
vt 0.755119 0.789879
vt 0.725705 0.798824
vt 0.664402 0.936873
vt 0.663483 0.924733
vt 0.674151 0.924548
vt 0.708518 0.778820
vt 0.585869 0.883653
vt 0.593738 0.881680
vt 0.589725 0.887602
vt 0.582160 0.890153
vt 0.578598 0.885931
vt 0.580900 0.869389
vt 0.584288 0.866343
vt 0.138258 0.178196
vt 0.123003 0.186003
vt 0.131025 0.175249
vt 0.999116 0.483166
vt 0.994559 0.479775
vt 0.999349 0.476421
vt 0.136150 0.195823
vt 0.144685 0.183990
vt 0.887291 0.303516
vt 0.877443 0.855695
vt 0.856622 0.844394
vt 0.860835 0.833647
vt 0.869379 0.866371
vt 0.364396 0.003845
vt 0.364396 0.038489
vt 0.353208 0.007444
vt 0.434596 0.040191
vt 0.462468 0.031193
vt 0.466647 0.050855
vt 0.463454 0.135541
vt 0.481622 0.134857
vt 0.438620 0.059265
vt 0.422066 0.045570
vt 0.454978 0.163470
vt 0.431002 0.018598
vt 0.618163 0.161599
vt 0.622146 0.181509
vt 0.607997 0.165378
vt 0.602705 0.149396
vt 0.615378 0.146281
vt 0.629472 0.157349
vt 0.794308 0.543611
vt 0.799964 0.561872
vt 0.783293 0.558193
vt 0.804362 0.546357
vt 0.059217 0.865097
vt 0.035587 0.864092
vt 0.056779 0.853060
vt 0.292155 0.451801
vt 0.319033 0.473743
vt 0.312262 0.484935
vt 0.287822 0.461121
vt 0.274860 0.431742
vt 0.032207 0.382581
vt 0.021820 0.386723
vt 0.022369 0.376984
vt 0.042747 0.357273
vt 0.393264 0.796339
vt 0.399776 0.806103
vt 0.387144 0.807363
vt 0.389994 0.786631
vt 0.398107 0.788744
vt 0.386001 0.797567
vt 0.232246 0.464271
vt 0.235620 0.458046
vt 0.248477 0.468394
vt 0.405355 0.798772
vt 0.238552 0.471763
vt 0.621026 0.253725
vt 0.628105 0.260821
vt 0.614691 0.258227
vt 0.929578 0.410480
vt 0.634557 0.250718
vt 0.942116 0.424799
vt 0.657908 0.575876
vt 0.682067 0.387262
vt 0.688533 0.570198
vt 0.726242 0.085698
vt 0.707976 0.119529
vt 0.712667 0.106220
vt 0.678252 0.023982
vt 0.681939 0.023384
vt 0.684996 0.040726
vt 0.631269 0.788708
vt 0.635682 0.787995
vt 0.633577 0.793163
vt 0.681292 0.039862
vt 0.629398 0.792710
vt 0.279213 0.079277
vt 0.449766 0.880838
vt 0.429169 0.871043
vt 0.457461 0.863333
vt 0.294426 0.069876
vt 0.289292 0.089313
vt 0.464659 0.876904
vt 0.322179 0.393001
vt 0.339274 0.341046
vt 0.342951 0.384521
vt 0.317711 0.326177
vt 0.333636 0.404908
vt 0.303209 0.415640
vt 0.292389 0.410039
vt 0.425739 0.704742
vt 0.408287 0.708738
vt 0.418089 0.691578
vt 0.430742 0.717721
vt 0.411952 0.717943
vt 0.204440 0.022877
vt 0.206393 0.013800
vt 0.216622 0.023746
vt 0.195777 0.024947
vt 0.197514 0.007703
vt 0.243577 0.046327
vt 0.231476 0.031219
vt 0.233488 0.030182
vt 0.666742 0.020672
vt 0.676217 0.046057
vt 0.642651 0.056963
vt 0.244650 0.044540
vt 0.258920 0.053323
vt 0.635158 0.031008
vt 0.236151 0.060253
vt 0.833800 0.909017
vt 0.838782 0.891985
vt 0.858832 0.902201
vt 0.819403 0.905618
vt 0.828462 0.921093
vt 0.846020 0.919060
vt 0.611905 0.184423
vt 0.601115 0.184323
vt 0.614749 0.202786
vt 0.603813 0.205086
vt 0.383337 0.536585
vt 0.373759 0.528794
vt 0.383008 0.528271
vt 0.389907 0.537316
vt 0.957918 0.404100
vt 0.954230 0.405661
vt 0.366095 0.536788
vt 0.357919 0.527860
vt 0.374471 0.546653
vt 0.307354 0.203839
vt 0.294618 0.207306
vt 0.314259 0.220154
vt 0.303188 0.224706
vt 0.855995 0.781259
vt 0.839801 0.787239
vt 0.840858 0.769523
vt 0.871570 0.793926
vt 0.855058 0.797192
vt 0.592889 0.267262
vt 0.602844 0.264424
vt 0.606541 0.272628
vt 0.590730 0.247433
vt 0.581464 0.267378
vt 0.585970 0.275582
vt 0.600818 0.277541
vt 0.362296 0.819857
vt 0.346366 0.835360
vt 0.344387 0.824985
vt 0.379690 0.818001
vt 0.373062 0.833717
vt 0.365993 0.813088
vt 0.376504 0.808414
vt 0.356087 0.815069
vt 0.092630 0.683624
vt 0.114672 0.673349
vt 0.227127 0.945152
vt 0.247089 0.959005
vt 0.224274 0.960043
vt 0.060469 0.479241
vt 0.065759 0.467485
vt 0.081105 0.467759
vt 0.224939 0.929317
vt 0.250251 0.930497
vt 0.081190 0.485982
vt 0.058990 0.494484
vt 0.346158 0.131768
vt 0.338097 0.146112
vt 0.343978 0.130646
vt 0.354047 0.115732
vt 0.353092 0.134481
vt 0.771447 0.606807
vt 0.785867 0.593612
vt 0.784116 0.607702
vt 0.768118 0.628961
vt 0.761601 0.618942
vt 0.762817 0.594493
vt 0.780507 0.622494
vt 0.668337 0.016899
vt 0.648295 0.024974
vt 0.656140 0.005917
vt 0.606538 0.855268
vt 0.591170 0.867955
vt 0.592750 0.851107
vt 0.267206 0.682403
vt 0.251332 0.698250
vt 0.246880 0.674672
vt 0.609465 0.841351
vt 0.625604 0.857399
vt 0.618105 0.868244
vt 0.622898 0.847212
vt 0.498790 0.019306
vt 0.503175 0.027472
vt 0.500700 0.029948
vt 0.506896 0.026680
vt 0.851748 0.217997
vt 0.858358 0.211941
vt 0.845466 0.231577
vt 0.837409 0.211352
vt 0.860934 0.229118
vt 0.346762 0.237428
vt 0.352080 0.242423
vt 0.351086 0.252009
vt 0.273834 0.752311
vt 0.273701 0.745466
vt 0.276772 0.745898
vt 0.345257 0.252266
vt 0.263437 0.753138
vt 0.264171 0.746235
vt 0.274690 0.762531
vt 0.335098 0.245464
vt 0.285272 0.759838
vt 0.247319 0.171465
vt 0.255346 0.171128
vt 0.248662 0.177897
vt 0.583925 0.404562
vt 0.574768 0.421248
vt 0.562614 0.388221
vt 0.586997 0.392223
vt 0.610699 0.391904
vt 0.598165 0.406761
vt 0.318949 0.751700
vt 0.333410 0.761451
vt 0.326417 0.773426
vt 0.325013 0.737518
vt 0.342059 0.747590
vt 0.304118 0.748343
vt 0.310970 0.767337
vt 0.176622 0.924199
vt 0.157744 0.926343
vt 0.177409 0.927788
vt 0.281101 0.076168
vt 0.265857 0.073242
vt 0.284116 0.073012
vt 0.345644 0.941168
vt 0.338424 0.928492
vt 0.351518 0.930993
vt 0.370664 0.930579
vt 0.325617 0.949684
vt 0.322586 0.939209
vt 0.364227 0.942499
vt 0.346480 0.963728
vt 0.010854 0.721464
vt 0.015558 0.724837
vt 0.007433 0.726994
vt 0.016784 0.716468
vt 0.005367 0.498169
vt 0.011585 0.492132
vt 0.005828 0.490884
vt 0.583296 0.018635
vt 0.587916 0.031827
vt 0.577957 0.029115
vt 0.002525 0.505600
vt 0.573498 0.983452
vt 0.574836 0.963946
vt 0.951731 0.975040
vt 0.964786 0.954040
vt 0.970553 0.978621
vt 0.966076 0.999396
vt 0.943058 0.992253
vt 0.928986 0.966051
vt 0.946081 0.945873
vt 0.855091 0.963402
vt 0.867112 0.957016
vt 0.866058 0.966483
vt 0.850113 0.968597
vt 0.838499 0.962339
vt 0.843830 0.958423
vt 0.853583 0.956824
vt 0.088797 0.177980
vt 0.104122 0.186426
vt 0.093486 0.200038
vt 0.173246 0.017182
vt 0.162663 0.023132
vt 0.153748 0.014770
vt 0.080400 0.207529
vt 0.064505 0.187790
vt 0.069374 0.164029
vt 0.091019 0.164430
vt 0.100602 0.161010
vt 0.597261 0.769215
vt 0.619703 0.785262
vt 0.597168 0.788648
vt 0.577294 0.774355
vt 0.577487 0.752219
vt 0.230220 0.860474
vt 0.223536 0.871408
vt 0.222078 0.859761
vt 0.334106 0.487976
vt 0.335331 0.471674
vt 0.347622 0.478020
vt 0.348380 0.494567
vt 0.341467 0.511757
vt 0.235890 0.874657
vt 0.228603 0.849560
vt 0.181061 0.969866
vt 0.204824 0.968924
vt 0.182655 0.973328
vt 0.202524 0.977531
vt 0.969927 0.556193
vt 0.953207 0.547452
vt 0.953758 0.534685
vt 0.197333 0.986097
vt 0.467138 0.083938
vt 0.457014 0.068818
vt 0.472017 0.065225
vt 0.420977 0.105747
vt 0.610728 0.949935
vt 0.595567 0.960168
vt 0.595457 0.949935
vt 0.610193 0.935948
vt 0.626806 0.934835
vt 0.610915 0.963439
vt 0.595975 0.936386
vt 0.626675 0.949020
vt 0.631005 0.956035
vt 0.545480 0.383703
vt 0.531143 0.364489
vt 0.548072 0.412827
vt 0.541360 0.410404
vt 0.846438 0.522031
vt 0.857930 0.526755
vt 0.844439 0.539315
vt 0.855418 0.510273
vt 0.834558 0.533342
vt 0.668326 0.817202
vt 0.687491 0.822523
vt 0.686930 0.828498
vt 0.688665 0.793718
vt 0.667553 0.824420
vt 0.996613 0.547572
vt 0.997921 0.561162
vt 0.994031 0.549345
vt 0.995054 0.530733
vt 0.130285 0.073496
vt 0.133119 0.062016
vt 0.140674 0.071867
vt 0.093492 0.067246
vt 0.292855 0.509220
vt 0.279250 0.476081
vt 0.305194 0.498155
vt 0.006752 0.355015
vt 0.021451 0.342706
vt 0.303766 0.511481
vt 0.277020 0.545103
vt 0.012646 0.382926
vt 0.142366 0.089306
vt 0.703964 0.052250
vt 0.690774 0.061781
vt 0.694920 0.052379
vt 0.719427 0.051635
vt 0.683387 0.785265
vt 0.677782 0.763330
vt 0.691038 0.770688
vt 0.659731 0.784963
vt 0.658545 0.763247
vt 0.681057 0.139738
vt 0.668056 0.137957
vt 0.690504 0.142450
vt 0.691618 0.133223
vt 0.047100 0.490667
vt 0.050248 0.497462
vt 0.040303 0.497482
vt 0.985678 0.176501
vt 0.982269 0.173899
vt 0.988611 0.168313
vt 0.035309 0.485120
vt 0.041988 0.482783
vt 0.036365 0.491540
vt 0.977121 0.186057
vt 0.053018 0.480279
vt 0.156065 0.803938
vt 0.158517 0.805796
vt 0.164778 0.818195
vt 0.161442 0.818353
vt 0.136023 0.806242
vt 0.155566 0.789170
vt 0.138636 0.821238
vt 0.100915 0.715834
vt 0.120649 0.707880
vt 0.118757 0.737529
vt 0.392254 0.667787
vt 0.377281 0.654410
vt 0.399391 0.685473
vt 0.109636 0.691482
vt 0.101890 0.743542
vt 0.693555 0.694805
vt 0.718355 0.674898
vt 0.693742 0.672812
vt 0.680931 0.719242
vt 0.674277 0.696115
vt 0.271486 0.420379
vt 0.281315 0.420179
vt 0.276082 0.430035
vt 0.265994 0.433420
vt 0.251862 0.420930
vt 0.275438 0.403955
vt 0.033130 0.573602
vt 0.037995 0.565148
vt 0.042161 0.590877
vt 0.030447 0.591804
vt 0.022595 0.587410
vt 0.025934 0.570600
vt 0.365313 0.588567
vt 0.370590 0.599883
vt 0.361221 0.595633
vt 0.357824 0.587063
vt 0.375157 0.581853
vt 0.374464 0.589824
vt 0.364375 0.583520
vt 0.538492 0.253030
vt 0.529676 0.272235
vt 0.525774 0.252835
vt 0.526952 0.215443
vt 0.543778 0.216516
vt 0.549325 0.251769
vt 0.542123 0.272927
vt 0.348442 0.074365
vt 0.327782 0.071586
vt 0.333835 0.064171
vt 0.346039 0.095703
vt 0.334371 0.085042
vt 0.365670 0.077753
vt 0.357836 0.087919
vt 0.348150 0.063330
vt 0.184095 0.680648
vt 0.185683 0.665381
vt 0.192573 0.680560
vt 0.197113 0.692918
vt 0.596998 0.060640
vt 0.600817 0.051183
vt 0.616789 0.062976
vt 0.179774 0.690693
vt 0.590783 0.049732
vt 0.006974 0.061188
vt 0.023849 0.053044
vt 0.016850 0.065020
vt 0.183632 0.932392
vt 0.587396 0.007136
vt 0.587873 0.014310
vt 0.584108 0.008918
vt 0.580923 0.003210
vt 0.582620 0.000078
vt 0.191108 0.922742
vt 0.587799 0.000843
vt 0.008858 0.055467
vt 0.468013 0.479446
vt 0.466295 0.472282
vt 0.488715 0.471688
vt 0.445844 0.486578
vt 0.473667 0.487328
vt 0.452487 0.493869
vt 0.798215 0.679774
vt 0.792405 0.661401
vt 0.808313 0.662418
vt 0.813063 0.510719
vt 0.808486 0.530529
vt 0.322562 0.885883
vt 0.307825 0.901801
vt 0.784685 0.675772
vt 0.365689 0.045707
vt 0.361788 0.053785
vt 0.363090 0.041548
vt 0.385245 0.063770
vt 0.226803 0.921168
vt 0.225805 0.924327
vt 0.389510 0.049313
vt 0.303531 0.676423
vt 0.424252 0.226955
vt 0.634629 0.812255
vt 0.630649 0.813137
vt 0.613041 0.814523
vt 0.612025 0.790690
vt 0.281765 0.109010
vt 0.271441 0.109381
vt 0.289989 0.119175
vt 0.281282 0.132029
vt 0.295936 0.103002
vt 0.274312 0.124971
vt 0.044546 0.441814
vt 0.055747 0.479437
vt 0.036089 0.477030
vt 0.029571 0.407501
vt 0.056138 0.131034
vt 0.043973 0.128791
vt 0.049840 0.096635
vt 0.799638 0.457709
vt 0.779084 0.457407
vt 0.795314 0.448846
vt 0.255279 0.904455
vt 0.259466 0.906928
vt 0.261076 0.918660
vt 0.519065 0.172800
vt 0.516816 0.164944
vt 0.240114 0.277310
vt 0.225226 0.262312
vt 0.246197 0.258332
vt 0.764245 0.977642
vt 0.745741 0.978508
vt 0.747792 0.955064
vt 0.215602 0.283373
vt 0.950238 0.379379
vt 0.940950 0.364800
vt 0.952237 0.362131
vt 0.961201 0.375627
vt 0.954592 0.385995
vt 0.938110 0.381672
vt 0.563542 0.842761
vt 0.547080 0.858316
vt 0.549285 0.832875
vt 0.572686 0.855038
vt 0.581516 0.840969
vt 0.524787 0.116707
vt 0.516174 0.133275
vt 0.512414 0.125795
vt 0.404015 0.810931
vt 0.406810 0.824760
vt 0.391036 0.816874
vt 0.563294 0.125006
vt 0.504990 0.110499
vt 0.478820 0.796753
vt 0.484716 0.816037
vt 0.468578 0.803427
vt 0.495962 0.804669
vt 0.493381 0.814915
vt 0.471824 0.786272
vt 0.486069 0.793306
vt 0.747688 0.472171
vt 0.755806 0.492841
vt 0.740330 0.474626
vt 0.291305 0.318929
vt 0.580757 0.451312
vt 0.640303 0.478484
vt 0.575876 0.487225
vt 0.738093 0.456611
vt 0.647692 0.458329
vt 0.128043 0.797719
vt 0.103519 0.771275
vt 0.120656 0.760978
vt 0.104788 0.815920
vt 0.098666 0.805599
vt 0.141887 0.762943
vt 0.757564 0.701940
vt 0.775489 0.739726
vt 0.759772 0.749684
vt 0.097022 0.787733
vt 0.786685 0.725033
vt 0.802896 0.679353
vt 0.117723 0.825270
vt 0.138207 0.829849
vt 0.777065 0.357203
vt 0.764784 0.340107
vt 0.782498 0.339505
vt 0.773542 0.363741
vt 0.759354 0.354359
vt 0.795555 0.364339
vt 0.798916 0.344597
vt 0.379121 0.471485
vt 0.372095 0.466986
vt 0.384062 0.484837
vt 0.371341 0.480866
vt 0.610717 0.050387
vt 0.488578 0.996289
vt 0.478553 0.996284
vt 0.482268 0.978294
vt 0.621960 0.044501
vt 0.490733 0.976777
vt 0.173754 0.967157
vt 0.163162 0.957592
vt 0.467730 0.686306
vt 0.443010 0.708337
vt 0.446758 0.690061
vt 0.126783 0.372899
vt 0.134899 0.384451
vt 0.118293 0.384071
vt 0.110106 0.375835
vt 0.267203 0.230721
vt 0.278157 0.228183
vt 0.252204 0.231495
vt 0.249292 0.215862
vt 0.257023 0.240668
vt 0.554091 0.573352
vt 0.529505 0.578633
vt 0.535062 0.562835
vt 0.280949 0.240573
vt 0.533029 0.594108
vt 0.706015 0.072633
vt 0.705747 0.090023
vt 0.687477 0.083788
vt 0.727714 0.061543
vt 0.707904 0.052875
vt 0.693692 0.062378
vt 0.096181 0.760391
vt 0.832804 0.996617
vt 0.820182 0.981114
vt 0.836926 0.971451
vt 0.394715 0.945620
vt 0.022218 0.722835
vt 0.023838 0.726673
vt 0.026945 0.715545
vt 0.026698 0.721596
vt 0.570657 0.021056
vt 0.566500 0.031648
vt 0.899794 0.040964
vt 0.885374 0.051476
vt 0.183183 0.463704
vt 0.212869 0.471312
vt 0.188715 0.473701
vt 0.901757 0.052370
vt 0.182049 0.446082
vt 0.181908 0.472914
vt 0.214887 0.456893
vt 0.370748 0.800348
vt 0.362202 0.796619
vt 0.376021 0.791227
vt 0.357524 0.803804
vt 0.379964 0.803567
vt 0.521309 0.013307
vt 0.511695 0.022592
vt 0.517733 0.010642
vt 0.144234 0.470224
vt 0.125434 0.469749
vt 0.142013 0.459517
vt 0.529479 0.002921
vt 0.535801 0.009497
vt 0.526197 0.019835
vt 0.348912 0.994094
vt 0.293318 0.975215
vt 0.332952 0.979895
vt 0.392717 0.535829
vt 0.430030 0.548773
vt 0.402851 0.532951
vt 0.816296 0.351923
vt 0.842725 0.329234
vt 0.837693 0.357378
vt 0.820628 0.324114
vt 0.813795 0.371848
vt 0.378892 0.494553
vt 0.394502 0.495271
vt 0.392214 0.505068
vt 0.378578 0.505778
vt 0.365897 0.501954
vt 0.366871 0.490258
vt 0.954010 0.065803
vt 0.944554 0.053462
vt 0.953911 0.039100
vt 0.927412 0.460958
vt 0.916626 0.467890
vt 0.100322 0.922918
vt 0.126039 0.910016
vt 0.125334 0.927618
vt 0.740694 0.032609
vt 0.735804 0.062332
vt 0.724860 0.031520
vt 0.757247 0.038116
vt 0.717754 0.012991
vt 0.725317 0.025094
vt 0.710925 0.035021
vt 0.751419 0.018631
vt 0.118759 0.892206
vt 0.581558 0.556471
vt 0.568939 0.554858
vt 0.039063 0.785892
vt 0.039204 0.781004
vt 0.032867 0.771769
vt 0.588362 0.380243
vt 0.610112 0.375095
vt 0.589968 0.368325
vt 0.814369 0.510625
vt 0.806566 0.492966
vt 0.816492 0.488225
vt 0.864034 0.686870
vt 0.851296 0.705159
vt 0.849184 0.675406
vt 0.819536 0.529172
vt 0.862824 0.656886
vt 0.811285 0.524809
vt 0.641297 0.817779
vt 0.635821 0.817519
vt 0.639646 0.812810
vt 0.645040 0.818079
vt 0.727767 0.171615
vt 0.725498 0.182212
vt 0.366620 0.969286
vt 0.734036 0.168248
vt 0.358157 0.976840
vt 0.066435 0.980378
vt 0.050787 0.983897
vt 0.046332 0.966680
vt 0.370543 0.391427
vt 0.365958 0.409894
vt 0.362655 0.383196
vt 0.063564 0.964443
vt 0.077043 0.986342
vt 0.027212 0.739835
vt 0.032610 0.737550
vt 0.021418 0.742897
vt 0.017992 0.736806
vt 0.019142 0.731128
vt 0.034347 0.746035
vt 0.027569 0.750097
vt 0.672248 0.378569
vt 0.677929 0.373501
vt 0.679956 0.382016
vt 0.190884 0.412357
vt 0.192888 0.400572
vt 0.200671 0.404035
vt 0.662813 0.374298
vt 0.200548 0.417994
vt 0.188651 0.422704
vt 0.852524 0.094642
vt 0.873062 0.106688
vt 0.857750 0.116250
vt 0.861710 0.079079
vt 0.829137 0.073119
vt 0.846540 0.069029
vt 0.238717 0.096678
vt 0.251667 0.112358
vt 0.227086 0.105179
vt 0.836110 0.095050
vt 0.806577 0.406272
vt 0.792148 0.431389
vt 0.637027 0.402317
vt 0.641413 0.381091
vt 0.656456 0.409777
vt 0.802067 0.385614
vt 0.632973 0.426793
vt 0.811528 0.430771
vt 0.381899 0.596184
vt 0.192735 0.214331
vt 0.189241 0.234530
vt 0.414646 0.084392
vt 0.207959 0.206169
vt 0.419692 0.067806
vt 0.179081 0.212689
vt 0.227542 0.593900
vt 0.795615 0.579193
vt 0.809194 0.575917
vt 0.167938 0.022481
vt 0.195006 0.037352
vt 0.165861 0.046219
vt 0.862835 0.227926
vt 0.900777 0.213572
vt 0.887036 0.236726
vt 0.877213 0.207521
vt 0.194645 0.003858
vt 0.947089 0.680048
vt 0.964464 0.682447
vt 0.951170 0.689355
vt 0.937761 0.691257
vt 0.588929 0.058805
vt 0.576356 0.041462
vt 0.589927 0.039862
vt 0.613668 0.337837
vt 0.610085 0.328916
vt 0.621692 0.315966
vt 0.965548 0.917469
vt 0.975823 0.912516
vt 0.966842 0.927115
vt 0.633691 0.328814
vt 0.627234 0.348419
vt 0.211619 0.012228
vt 0.223444 0.019620
vt 0.073711 0.355231
vt 0.071028 0.353631
vt 0.082452 0.336038
vt 0.067562 0.376886
vt 0.154602 0.585106
vt 0.156593 0.596932
vt 0.137593 0.589483
vt 0.169770 0.577660
vt 0.158375 0.567645
vt 0.677113 0.749264
vt 0.691273 0.761857
vt 0.400374 0.450430
vt 0.664945 0.259004
vt 0.649235 0.254766
vt 0.648723 0.248734
vt 0.790851 0.783956
vt 0.801516 0.779659
vt 0.792122 0.790826
vt 0.132332 0.028656
vt 0.136920 0.043196
vt 0.098376 0.044025
vt 0.313099 0.519623
vt 0.340008 0.520171
vt 0.188306 0.863795
vt 0.196925 0.890352
vt 0.293700 0.553287
vt 0.140423 0.026337
vt 0.100578 0.877504
vt 0.089581 0.914216
vt 0.071450 0.897125
vt 0.921667 0.915677
vt 0.069275 0.876116
vt 0.097518 0.844469
vt 0.028919 0.496927
vt 0.023816 0.490263
vt 0.029179 0.487313
vt 0.021133 0.499830
vt 0.029622 0.503771
vt 0.179498 0.975990
vt 0.173070 0.970637
vt 0.942213 0.199299
vt 0.958740 0.203272
vt 0.952480 0.209924
vt 0.949092 0.191254
vt 0.825083 0.925574
vt 0.832077 0.923703
vt 0.830960 0.939289
vt 0.936140 0.205061
vt 0.987918 0.822004
vt 0.978751 0.844868
vt 0.972478 0.832556
vt 0.105676 0.543160
vt 0.091911 0.533508
vt 0.118355 0.541183
vt 0.978726 0.806800
vt 0.383625 0.277294
vt 0.405039 0.278769
vt 0.404670 0.303255
vt 0.381162 0.301871
vt 0.263887 0.723173
vt 0.250584 0.717688
vt 0.278150 0.702479
vt 0.255039 0.739704
vt 0.999413 0.922168
vt 0.999413 0.946701
vt 0.991811 0.925511
vt 0.401971 0.042899
vt 0.406677 0.047074
vt 0.403792 0.050646
vt 0.393772 0.033105
vt 0.404926 0.024062
vt 0.392393 0.047942
vt 0.736447 0.199829
vt 0.733175 0.193822
vt 0.738466 0.195868
vt 0.740826 0.214061
vt 0.732924 0.201662
vt 0.730068 0.198863
vt 0.743959 0.207520
vt 0.953891 0.229642
vt 0.950722 0.263352
vt 0.932935 0.206324
vt 0.438996 0.352081
vt 0.458720 0.342584
vt 0.459756 0.355834
vt 0.633280 0.388715
vt 0.631132 0.399031
vt 0.444434 0.361108
vt 0.442180 0.377768
vt 0.417669 0.361877
vt 0.854249 0.429041
vt 0.432959 0.198639
vt 0.432193 0.244992
vt 0.234153 0.003797
vt 0.235818 0.015804
vt 0.223118 0.004819
vt 0.865048 0.974167
vt 0.517453 0.676333
vt 0.541517 0.677827
vt 0.877673 0.796393
vt 0.871079 0.809128
vt 0.881946 0.802351
vt 0.515094 0.273804
vt 0.529959 0.283873
vt 0.518868 0.281808
vt 0.286893 0.265497
vt 0.302654 0.268801
vt 0.282675 0.275690
vt 0.319653 0.070147
vt 0.315644 0.055791
vt 0.303213 0.253580
vt 0.063369 0.664924
vt 0.559002 0.000090
vt 0.566659 0.023658
vt 0.527300 0.014652
vt 0.086121 0.707281
vt 0.058973 0.690745
vt 0.095221 0.717995
vt 0.521471 0.776489
vt 0.527995 0.778360
vt 0.518354 0.783424
vt 0.221727 0.963633
vt 0.214498 0.964265
vt 0.220311 0.958220
vt 0.476530 0.606931
vt 0.434138 0.600734
vt 0.816421 0.870766
vt 0.820854 0.853935
vt 0.678576 0.911273
vt 0.673035 0.902096
vt 0.683294 0.897698
vt 0.668728 0.914255
vt 0.689835 0.902788
vt 0.686945 0.918612
vt 0.065402 0.837348
vt 0.041540 0.834794
vt 0.045549 0.825070
vt 0.052664 0.817467
vt 0.074117 0.827007
vt 0.497889 0.959684
vt 0.485402 0.959156
vt 0.501104 0.928962
vt 0.505418 0.987403
vt 0.508448 0.965823
vt 0.113295 0.176255
vt 0.118581 0.209340
vt 0.106687 0.204776
vt 0.159707 0.380712
vt 0.147715 0.389109
vt 0.151391 0.367662
vt 0.163100 0.358376
vt 0.174487 0.370077
vt 0.166198 0.390609
vt 0.685640 0.040044
vt 0.685640 0.017778
vt 0.695878 0.027066
vt 0.075041 0.611380
vt 0.491718 0.855876
vt 0.473531 0.841711
vt 0.491903 0.829873
vt 0.511004 0.841481
vt 0.509579 0.851781
vt 0.473900 0.857997
vt 0.114574 0.168288
vt 0.642278 0.196704
vt 0.652721 0.194394
vt 0.653922 0.203500
vt 0.640652 0.176971
vt 0.938839 0.679929
vt 0.942320 0.668648
vt 0.213622 0.866474
vt 0.210473 0.874856
vt 0.936473 0.689509
vt 0.033799 0.326776
vt 0.463483 0.304506
vt 0.481984 0.328384
vt 0.972293 0.611529
vt 0.974011 0.611462
vt 0.984885 0.612414
vt 0.975347 0.622775
vt 0.964756 0.603538
vt 0.965650 0.628409
vt 0.963069 0.609049
vt 0.149444 0.308484
vt 0.160496 0.294227
vt 0.164754 0.311126
vt 0.514890 0.077164
vt 0.532178 0.093231
vt 0.503588 0.090168
vt 0.504252 0.059126
vt 0.783171 0.918131
vt 0.790043 0.943364
vt 0.764828 0.932328
vt 0.759423 0.919043
vt 0.895958 0.632550
vt 0.891035 0.644341
vt 0.899034 0.659799
vt 0.631206 0.620454
vt 0.648013 0.614986
vt 0.646315 0.634702
vt 0.499169 0.678212
vt 0.509932 0.693077
vt 0.630556 0.600746
vt 0.493307 0.654803
vt 0.495277 0.697960
vt 0.442444 0.922608
vt 0.442465 0.913903
vt 0.428417 0.930007
vt 0.899669 0.596198
vt 0.922555 0.613435
vt 0.902604 0.620520
vt 0.759795 0.239298
vt 0.761683 0.257217
vt 0.697149 0.259272
vt 0.781686 0.238283
vt 0.046038 0.009896
vt 0.314439 0.085499
vt 0.499015 0.793603
vt 0.898630 0.536830
vt 0.895379 0.541310
vt 0.907359 0.529014
vt 0.504654 0.797291
vt 0.491937 0.785494
vt 0.378934 0.706132
vt 0.348031 0.717754
vt 0.404756 0.698422
vt 0.373834 0.091839
vt 0.379894 0.084162
vt 0.388518 0.097760
vt 0.057544 0.636184
vt 0.143147 0.138743
vt 0.154258 0.117450
vt 0.142471 0.170798
vt 0.090933 0.497981
vt 0.111648 0.501311
vt 0.098948 0.509924
vt 0.066000 0.507212
vt 0.079121 0.512275
vt 0.089462 0.519884
vt 0.105130 0.487752
vt 0.638660 0.010092
vt 0.632128 0.030737
vt 0.753092 0.589110
vt 0.749181 0.574569
vt 0.764134 0.578896
vt 0.604990 0.999383
vt 0.588092 0.993893
vt 0.604450 0.978418
vt 0.621634 0.219325
vt 0.632812 0.226428
vt 0.622489 0.231016
vt 0.470867 0.978765
vt 0.462287 0.995576
vt 0.464431 0.976834
vt 0.469200 0.998959
vt 0.182827 0.697382
vt 0.197274 0.706039
vt 0.184959 0.706014
vt 0.218363 0.038270
vt 0.218227 0.063925
vt 0.205330 0.064151
vt 0.433354 0.955163
vt 0.451592 0.959039
vt 0.430303 0.973958
vt 0.041975 0.940673
vt 0.040953 0.961514
vt 0.194121 0.038925
vt 0.048939 0.153853
vt 0.042961 0.179748
vt 0.020802 0.154432
vt 0.058916 0.798289
vt 0.063683 0.790889
vt 0.085080 0.803989
vt 0.037947 0.802245
vt 0.036619 0.794081
vt 0.059009 0.788878
vt 0.052000 0.809904
vt 0.060104 0.808025
vt 0.957799 0.185686
vt 0.971646 0.180531
vt 0.947372 0.189172
vt 0.180353 0.817924
vt 0.174958 0.801452
vt 0.186588 0.829079
vt 0.195080 0.799010
vt 0.204807 0.813447
vt 0.838128 0.445343
vt 0.831368 0.451383
vt 0.414311 0.179857
vt 0.398970 0.181260
vt 0.414488 0.164412
vt 0.431299 0.164474
vt 0.431103 0.180136
vt 0.778811 0.984075
vt 0.785119 0.995913
vt 0.776229 0.985883
vt 0.779449 0.980229
vt 0.786534 0.982366
vt 0.772577 0.979931
vt 0.785454 0.990281
vt 0.460919 0.998803
vt 0.447703 0.989201
vt 0.460743 0.980030
vt 0.036832 0.595670
vt 0.027813 0.616219
vt 0.035530 0.852378
vt 0.031185 0.861830
vt 0.346539 0.596148
vt 0.160514 0.247342
vt 0.173850 0.238422
vt 0.161842 0.250200
vt 0.151963 0.230305
vt 0.150802 0.256140
vt 0.147711 0.254228
vt 0.465355 0.052718
vt 0.451838 0.060425
vt 0.892857 0.396061
vt 0.905466 0.395604
vt 0.901054 0.408375
vt 0.892697 0.383788
vt 0.835967 0.929791
vt 0.856537 0.938327
vt 0.850536 0.949152
vt 0.656354 0.943793
vt 0.671450 0.946124
vt 0.657504 0.954051
vt 0.868457 0.923010
vt 0.642295 0.946889
vt 0.237995 0.220035
vt 0.243338 0.233975
vt 0.230096 0.223774
vt 0.229195 0.193580
vt 0.236502 0.192984
vt 0.839035 0.732476
vt 0.593257 0.821269
vt 0.614155 0.818715
vt 0.594469 0.824056
vt 0.590218 0.794491
vt 0.099823 0.927937
vt 0.118059 0.945013
vt 0.101346 0.955317
vt 0.100881 0.924857
vt 0.118321 0.929487
vt 0.245263 0.137031
vt 0.240444 0.153885
vt 0.231209 0.134535
vt 0.532213 0.346973
vt 0.530812 0.328120
vt 0.516294 0.357436
vt 0.713255 0.919333
vt 0.721763 0.908489
vt 0.710939 0.936093
vt 0.699579 0.911929
vt 0.700747 0.929074
vt 0.141417 0.606674
vt 0.158500 0.618610
vt 0.150844 0.624907
vt 0.556640 0.971666
vt 0.548972 0.973998
vt 0.546257 0.966538
vt 0.600855 0.901658
vt 0.590478 0.907908
vt 0.556811 0.997413
vt 0.166824 0.200324
vt 0.168278 0.206982
vt 0.156789 0.207981
vt 0.901227 0.012981
vt 0.901227 0.026771
vt 0.892785 0.019732
vt 0.149680 0.201636
vt 0.993903 0.503781
vt 0.993810 0.493207
vt 0.999995 0.497690
vt 0.813963 0.621042
vt 0.804003 0.623394
vt 0.382031 0.858569
vt 0.393087 0.906971
vt 0.404617 0.890263
vt 0.815516 0.642404
vt 0.280493 0.343688
vt 0.245094 0.345447
vt 0.257195 0.328690
vt 0.283534 0.332467
vt 0.948762 0.152349
vt 0.945267 0.161779
vt 0.934635 0.135003
vt 0.142853 0.038782
vt 0.163950 0.044304
vt 0.140642 0.020062
vt 0.262593 0.368000
vt 0.543688 0.762410
vt 0.561096 0.772074
vt 0.540872 0.777746
vt 0.526044 0.773016
vt 0.558505 0.762989
vt 0.358194 0.513262
vt 0.374044 0.517691
vt 0.351251 0.514331
vt 0.503393 0.334563
vt 0.823908 0.792419
vt 0.810965 0.785385
vt 0.833681 0.784865
vt 0.816078 0.802067
vt 0.838487 0.801396
vt 0.511363 0.256189
vt 0.511657 0.287302
vt 0.503248 0.276229
vt 0.239859 0.408853
vt 0.625701 0.965933
vt 0.622546 0.977338
vt 0.609036 0.976206
vt 0.637596 0.966408
vt 0.410628 0.654576
vt 0.420411 0.645075
vt 0.424519 0.653950
vt 0.411913 0.665136
vt 0.389084 0.663270
vt 0.585741 0.606595
vt 0.612106 0.626305
vt 0.608655 0.645297
vt 0.356786 0.063078
vt 0.336491 0.055357
vt 0.345416 0.048647
vt 0.261121 0.966597
vt 0.239684 0.971068
vt 0.260985 0.938155
vt 0.696897 0.872655
vt 0.803513 0.932468
vt 0.282837 0.208970
vt 0.683293 0.064331
vt 0.676147 0.078102
vt 0.672985 0.060176
vt 0.464769 0.390905
vt 0.454326 0.400569
vt 0.456728 0.385703
vt 0.472280 0.394947
vt 0.457356 0.402429
vt 0.122451 0.957505
vt 0.102184 0.958610
vt 0.316781 0.829978
vt 0.331058 0.858838
vt 0.312598 0.802303
vt 0.325177 0.815852
vt 0.308213 0.850713
vt 0.912470 0.864583
vt 0.896352 0.851266
vt 0.922025 0.841629
vt 0.934078 0.858510
vt 0.966163 0.080379
vt 0.973191 0.075937
vt 0.974658 0.092295
vt 0.967013 0.095723
vt 0.957382 0.083329
vt 0.975192 0.631166
vt 0.980699 0.623240
vt 0.985874 0.638449
vt 0.653759 0.174673
vt 0.480802 0.821354
vt 0.490436 0.824306
vt 0.464658 0.830432
vt 0.461324 0.822478
vt 0.458265 0.813745
vt 0.480511 0.835525
vt 0.750553 0.495062
vt 0.630772 0.504852
vt 0.788979 0.097718
vt 0.845136 0.098258
vt 0.762792 0.517588
vt 0.619966 0.524940
vt 0.362667 0.764273
vt 0.389775 0.768539
vt 0.513064 0.221472
vt 0.361513 0.752739
vt 0.382252 0.785264
vt 0.357087 0.775671
vt 0.726817 0.624595
vt 0.750917 0.629107
vt 0.746511 0.653607
vt 0.721772 0.650617
vt 0.699859 0.620198
vt 0.733464 0.604636
vt 0.730019 0.192184
vt 0.739757 0.183583
vt 0.731057 0.181754
vt 0.962678 0.526969
vt 0.944545 0.523755
vt 0.955127 0.511840
vt 0.970987 0.521268
vt 0.974522 0.527778
vt 0.184686 0.986396
vt 0.178968 0.983421
vt 0.336550 0.874004
vt 0.316857 0.868300
vt 0.326030 0.863986
vt 0.658547 0.365049
vt 0.339668 0.868479
vt 0.685563 0.354432
vt 0.694348 0.374005
vt 0.398889 0.879260
vt 0.218585 0.068722
vt 0.597515 0.888443
vt 0.608269 0.886044
vt 0.594283 0.875731
vt 0.137582 0.279792
vt 0.137830 0.288680
vt 0.101456 0.289391
vt 0.101186 0.270784
vt 0.147280 0.269683
vt 0.991362 0.612756
vt 0.996093 0.614392
vt 0.987650 0.607051
vt 0.997694 0.596863
vt 0.286849 0.582451
vt 0.279616 0.582547
vt 0.272154 0.562785
vt 0.300936 0.556801
vt 0.302551 0.587161
vt 0.295075 0.612824
vt 0.884211 0.351959
vt 0.870438 0.345954
vt 0.894440 0.336538
vt 0.887752 0.698405
vt 0.892036 0.712250
vt 0.776357 0.839371
vt 0.774986 0.826310
vt 0.782133 0.005306
vt 0.803431 0.005948
vt 0.781864 0.038067
vt 0.532234 0.910896
vt 0.559315 0.918251
vt 0.557036 0.938030
vt 0.529782 0.934442
vt 0.513683 0.473980
vt 0.505690 0.459536
vt 0.097726 0.373291
vt 0.385091 0.415763
vt 0.081830 0.359648
vt 0.645791 0.703429
vt 0.632489 0.682761
vt 0.650037 0.687082
vt 0.663234 0.712186
vt 0.651446 0.723680
vt 0.630333 0.700533
vt 0.958125 0.740013
vt 0.126338 0.515313
vt 0.114267 0.497851
vt 0.666914 0.901002
vt 0.670361 0.894427
vt 0.678282 0.895126
vt 0.663964 0.910603
vt 0.963259 0.797531
vt 0.963777 0.814876
vt 0.948065 0.808819
vt 0.948642 0.789924
vt 0.957399 0.778822
vt 0.975736 0.791138
vt 0.152468 0.761172
vt 0.153637 0.774843
vt 0.170965 0.787000
vt 0.047458 0.930125
vt 0.215177 0.543936
vt 0.196080 0.540437
vt 0.195809 0.524914
vt 0.216993 0.528021
vt 0.221247 0.462373
vt 0.872848 0.281285
vt 0.854814 0.267396
vt 0.863101 0.238278
vt 0.263605 0.765822
vt 0.263523 0.803806
vt 0.242381 0.798738
vt 0.239165 0.762233
vt 0.537887 0.975875
vt 0.532753 0.983641
vt 0.528405 0.979993
vt 0.223544 0.453021
vt 0.332639 0.596349
vt 0.336728 0.581923
vt 0.342174 0.589326
vt 0.323581 0.586596
vt 0.339082 0.605212
vt 0.314644 0.621825
vt 0.939939 0.480038
vt 0.956768 0.467616
vt 0.973455 0.469085
vt 0.654929 0.847743
vt 0.633819 0.827174
vt 0.663208 0.831908
vt 0.117971 0.465020
vt 0.097355 0.474422
vt 0.094209 0.460085
vt 0.113778 0.477358
vt 0.682847 0.857619
vt 0.564555 0.587761
vt 0.487484 0.740514
vt 0.550977 0.588804
vt 0.412410 0.502840
vt 0.720994 0.250526
vt 0.712752 0.225500
vt 0.788044 0.109246
vt 0.775670 0.100542
vt 0.784811 0.090555
vt 0.200304 0.944671
vt 0.198853 0.937041
vt 0.193445 0.935956
vt 0.335739 0.042021
vt 0.343186 0.045300
vt 0.024646 0.760886
vt 0.031228 0.765861
vt 0.020373 0.770774
vt 0.018275 0.759623
vt 0.020308 0.751499
vt 0.033253 0.754422
vt 0.965391 0.136016
vt 0.570910 0.908904
vt 0.559092 0.914967
vt 0.562178 0.902452
vt 0.954808 0.126425
vt 0.974941 0.114297
vt 0.967761 0.151114
vt 0.957272 0.153571
vt 0.803856 0.980294
vt 0.787305 0.982557
vt 0.789055 0.964870
vt 0.804476 0.963471
vt 0.808454 0.995827
vt 0.721789 0.947709
vt 0.713764 0.967570
vt 0.701018 0.940189
vt 0.758684 0.445891
vt 0.776641 0.445975
vt 0.761367 0.457082
vt 0.743288 0.451918
vt 0.742912 0.444511
vt 0.803263 0.928290
vt 0.784215 0.895770
vt 0.804756 0.907371
vt 0.262639 0.870274
vt 0.254071 0.885687
vt 0.240524 0.870086
vt 0.813020 0.925806
vt 0.784927 0.919849
vt 0.796672 0.940038
vt 0.271860 0.884369
vt 0.205009 0.232373
vt 0.216115 0.245498
vt 0.197117 0.249197
vt 0.189806 0.236436
vt 0.226822 0.685533
vt 0.581383 0.861852
vt 0.242183 0.660973
vt 0.925123 0.440694
vt 0.901109 0.439522
vt 0.904956 0.430131
vt 0.916452 0.430019
vt 0.933293 0.432948
vt 0.206522 0.958506
vt 0.735730 0.224046
vt 0.732629 0.216974
vt 0.751620 0.222047
vt 0.406453 0.801903
vt 0.425857 0.793793
vt 0.424273 0.801330
vt 0.744358 0.227090
vt 0.354230 0.397815
vt 0.358289 0.380368
vt 0.361739 0.364416
vt 0.363929 0.365705
vt 0.352914 0.394369
vt 0.413588 0.427229
vt 0.392460 0.418595
vt 0.851522 0.457270
vt 0.838367 0.467349
vt 0.711701 0.451568
vt 0.712290 0.453815
vt 0.693878 0.448896
vt 0.013262 0.670836
vt 0.001326 0.653011
vt 0.017239 0.645304
vt 0.027799 0.662928
vt 0.040440 0.685838
vt 0.025914 0.699640
vt 0.001370 0.687682
vt 0.153590 0.245968
vt 0.139334 0.241930
vt 0.150012 0.224759
vt 0.000155 0.676265
vt 0.935728 0.512887
vt 0.930968 0.523353
vt 0.001189 0.480936
vt 0.007415 0.481973
vt 0.007685 0.485233
vt 0.003856 0.736046
vt 0.011536 0.733752
vt 0.912057 0.519314
vt 0.010958 0.740057
vt 0.949687 0.490979
vt 0.538134 0.879209
vt 0.538424 0.863061
vt 0.519577 0.871868
vt 0.547037 0.963071
vt 0.528944 0.978397
vt 0.526041 0.960292
vt 0.573800 0.953931
vt 0.572201 0.981721
vt 0.424831 0.979812
vt 0.408132 0.995413
vt 0.404506 0.968524
vt 0.542287 0.173006
vt 0.166976 0.225221
vt 0.176186 0.243006
vt 0.773430 0.580159
vt 0.788802 0.575111
vt 0.837560 0.863723
vt 0.828613 0.869076
vt 0.831460 0.848542
vt 0.848248 0.853979
vt 0.839778 0.888837
vt 0.853311 0.880589
vt 0.269494 0.309857
vt 0.248089 0.309753
vt 0.253051 0.288179
vt 0.275344 0.299540
vt 0.291281 0.311844
vt 0.942057 0.036292
vt 0.940070 0.041100
vt 0.928644 0.034855
vt 0.003571 0.302588
vt 0.011883 0.272474
vt 0.015362 0.304515
vt 0.935179 0.004384
vt 0.001084 0.306616
vt 0.363915 0.557342
vt 0.371813 0.563645
vt 0.359824 0.567840
vt 0.354393 0.558821
vt 0.360077 0.552752
vt 0.379969 0.555829
vt 0.827109 0.480275
vt 0.854519 0.489578
vt 0.059122 0.327342
vt 0.079228 0.333156
vt 0.050723 0.349441
vt 0.046032 0.348866
vt 0.053606 0.328761
vt 0.993827 0.580507
vt 0.998147 0.561898
vt 0.998429 0.582105
vt 0.995122 0.595045
vt 0.285180 0.550395
vt 0.187558 0.893049
vt 0.193314 0.917477
vt 0.397353 0.051952
vt 0.251601 0.980829
vt 0.230803 0.978823
vt 0.276990 0.977115
vt 0.033128 0.424513
vt 0.041602 0.448966
vt 0.027079 0.448379
vt 0.335388 0.145746
vt 0.333548 0.165283
vt 0.348689 0.148993
vt 0.608016 0.281961
vt 0.616786 0.267071
vt 0.624314 0.274226
vt 0.912035 0.928516
vt 0.924487 0.952781
vt 0.899718 0.948269
vt 0.888964 0.926199
vt 0.902267 0.900554
vt 0.510193 0.576652
vt 0.491179 0.565233
vt 0.521791 0.559896
vt 0.514561 0.597194
vt 0.497340 0.582129
vt 0.693647 0.106018
vt 0.093086 0.819701
vt 0.105786 0.831418
vt 0.371693 0.859483
vt 0.840089 0.106410
vt 0.851165 0.127043
vt 0.800060 0.120322
vt 0.195981 0.512946
vt 0.214754 0.517125
vt 0.173956 0.501419
vt 0.197608 0.502507
vt 0.174529 0.521866
vt 0.028192 0.307553
vt 0.026198 0.313153
vt 0.858097 0.053548
vt 0.856748 0.049892
vt 0.860531 0.051500
vt 0.902548 0.030366
vt 0.903125 0.001592
vt 0.917394 0.010167
vt 0.034538 0.282720
vt 0.912427 0.035659
vt 0.351703 0.542643
vt 0.339491 0.543742
vt 0.346973 0.534110
vt 0.032626 0.763631
vt 0.349004 0.550824
vt 0.135824 0.430662
vt 0.143390 0.438949
vt 0.123130 0.442179
vt 0.126091 0.424674
vt 0.141218 0.419705
vt 0.061416 0.041303
vt 0.046793 0.060172
vt 0.590467 0.184952
vt 0.594378 0.205788
vt 0.584535 0.206048
vt 0.582557 0.186320
vt 0.586914 0.165730
vt 0.596959 0.164952
vt 0.771987 0.678044
vt 0.759615 0.673152
vt 0.771038 0.661536
vt 0.767463 0.494206
vt 0.784291 0.659483
vt 0.691468 0.206915
vt 0.696626 0.218451
vt 0.678029 0.216947
vt 0.943207 0.108238
vt 0.423364 0.300485
vt 0.426082 0.323319
vt 0.444521 0.293245
vt 0.957368 0.103061
vt 0.741077 0.002197
vt 0.449574 0.800648
vt 0.434229 0.810235
vt 0.412825 0.815271
vt 0.441126 0.793296
vt 0.357856 0.338813
vt 0.334842 0.322952
vt 0.351299 0.357063
vt 0.045061 0.945442
vt 0.050336 0.945362
vt 0.362320 0.332306
vt 0.133133 0.699372
vt 0.772703 0.847972
vt 0.727080 0.893049
vt 0.723378 0.843657
vt 0.857675 0.391948
vt 0.834807 0.377582
vt 0.864091 0.366011
vt 0.587173 0.059815
vt 0.596960 0.081444
vt 0.570999 0.080403
vt 0.548511 0.076375
vt 0.837377 0.396913
vt 0.771896 0.889641
vt 0.014633 0.633559
vt 0.029015 0.638886
vt 0.997589 0.483312
vt 0.168250 0.218126
vt 0.666707 0.627969
vt 0.651853 0.633814
vt 0.646722 0.602680
vt 0.329787 0.268728
vt 0.341219 0.271944
vt 0.335225 0.282727
vt 0.317369 0.265332
vt 0.332938 0.259163
vt 0.432813 0.944374
vt 0.346080 0.261940
vt 0.415257 0.937214
vt 0.304302 0.860851
vt 0.317149 0.858018
vt 0.315232 0.891938
vt 0.304513 0.875622
vt 0.088404 0.111792
vt 0.079265 0.125381
vt 0.086059 0.102440
vt 0.092605 0.092436
vt 0.085412 0.134200
vt 0.252911 0.066635
vt 0.235147 0.062903
vt 0.268180 0.069739
vt 0.251669 0.069151
vt 0.273641 0.054883
vt 0.514458 0.795812
vt 0.530905 0.795429
vt 0.512854 0.805356
vt 0.461228 0.502584
vt 0.444293 0.510813
vt 0.614955 0.213095
vt 0.479618 0.498222
vt 0.475940 0.516615
vt 0.751071 0.561416
vt 0.766200 0.568627
vt 0.779720 0.063352
vt 0.794255 0.051626
vt 0.796981 0.062021
vt 0.792298 0.074943
vt 0.775736 0.076752
vt 0.767525 0.555671
vt 0.756260 0.548500
vt 0.777624 0.050995
vt 0.971692 0.679918
vt 0.578371 0.036792
vt 0.215661 0.429277
vt 0.206048 0.427764
vt 0.215329 0.424979
vt 0.232189 0.447820
vt 0.188868 0.486495
vt 0.212522 0.480358
vt 0.175589 0.487348
vt 0.325842 0.037254
vt 0.319027 0.038890
vt 0.345260 0.020297
vt 0.212486 0.491458
vt 0.244992 0.445850
vt 0.241988 0.435746
vt 0.264314 0.443747
vt 0.237955 0.440542
vt 0.252086 0.454353
vt 0.231346 0.451093
vt 0.655846 0.981726
vt 0.652461 0.964889
vt 0.667184 0.967483
vt 0.637544 0.977404
vt 0.309314 0.969113
vt 0.311565 0.953262
vt 0.586844 0.585888
vt 0.555971 0.570967
vt 0.567714 0.571524
vt 0.043851 0.501849
vt 0.752790 0.831544
vt 0.749281 0.818801
vt 0.160435 0.966503
vt 0.132890 0.982850
vt 0.140364 0.969046
vt 0.145786 0.958703
vt 0.161581 0.960239
vt 0.964642 0.262479
vt 0.974612 0.268265
vt 0.966392 0.283912
vt 0.953718 0.273432
vt 0.152930 0.981579
vt 0.175825 0.978414
vt 0.490708 0.722298
vt 0.474584 0.782090
vt 0.445604 0.718392
vt 0.446987 0.775810
vt 0.923873 0.953081
vt 0.899529 0.961253
vt 0.920126 0.964300
vt 0.830418 0.953980
vt 0.335965 0.191371
vt 0.312233 0.159796
vt 0.327513 0.173843
vt 0.880373 0.809778
vt 0.886977 0.806787
vt 0.877737 0.816771
vt 0.878035 0.818146
vt 0.192822 0.319420
vt 0.209122 0.320442
vt 0.207997 0.333108
vt 0.191511 0.332686
vt 0.176505 0.318656
vt 0.450162 0.165362
vt 0.467023 0.164442
vt 0.450096 0.180991
vt 0.072409 0.545324
vt 0.075880 0.555622
vt 0.065846 0.561805
vt 0.076130 0.534556
vt 0.081314 0.538098
vt 0.058469 0.559608
vt 0.060263 0.542672
vt 0.065085 0.536580
vt 0.067106 0.285182
vt 0.051588 0.266420
vt 0.064891 0.257716
vt 0.075051 0.297539
vt 0.234538 0.482241
vt 0.250919 0.479626
vt 0.356308 0.650387
vt 0.378760 0.647474
vt 0.226266 0.477069
vt 0.232995 0.494961
vt 0.227238 0.482821
vt 0.488082 0.093532
vt 0.486258 0.095541
vt 0.475004 0.063034
vt 0.488967 0.067605
vt 0.502146 0.110353
vt 0.518209 0.106400
vt 0.929231 0.349365
vt 0.944439 0.349076
vt 0.926235 0.365981
vt 0.247574 0.243656
vt 0.237790 0.237435
vt 0.859469 0.543353
vt 0.414032 0.482448
vt 0.427164 0.463911
vt 0.433007 0.484507
vt 0.416193 0.502197
vt 0.409684 0.461776
vt 0.668685 0.789250
vt 0.316579 0.071195
vt 0.304725 0.070007
vt 0.189073 0.189848
vt 0.192631 0.168780
vt 0.216260 0.179386
vt 0.043682 0.707174
vt 0.129476 0.074744
vt 0.443926 0.435200
vt 0.448753 0.434642
vt 0.447314 0.451990
vt 0.438913 0.446927
vt 0.442428 0.431643
vt 0.448108 0.416423
vt 0.219404 0.399026
vt 0.226079 0.404006
vt 0.187775 0.438739
vt 0.885146 0.080775
vt 0.873574 0.119005
vt 0.885363 0.105636
vt 0.898046 0.123755
vt 0.020672 0.463956
vt 0.000216 0.457726
vt 0.090064 0.324579
vt 0.096304 0.325796
vt 0.103525 0.344748
vt 0.604253 0.014712
vt 0.610084 0.016834
vt 0.603144 0.017385
vt 0.605829 0.003163
vt 0.613450 0.005848
vt 0.092350 0.319214
vt 0.149656 0.123301
vt 0.135209 0.136720
vt 0.141515 0.115311
vt 0.141186 0.096821
vt 0.091356 0.105994
vt 0.100314 0.085449
vt 0.110400 0.108684
vt 0.103380 0.129034
vt 0.089373 0.127577
vt 0.136926 0.145239
vt 0.585205 0.680716
vt 0.567040 0.680272
vt 0.572327 0.663553
vt 0.608078 0.664318
vt 0.610586 0.682442
vt 0.357494 0.500389
vt 0.357582 0.484652
vt 0.470338 0.010631
vt 0.475959 0.015541
vt 0.469669 0.015550
vt 0.463295 0.014426
vt 0.463104 0.003147
vt 0.480819 0.009929
vt 0.814780 0.657122
vt 0.833922 0.664910
vt 0.112615 0.749613
vt 0.289750 0.139268
vt 0.281168 0.150026
vt 0.176170 0.109525
vt 0.141023 0.093728
vt 0.542004 0.788251
vt 0.544538 0.810493
vt 0.222860 0.944317
vt 0.214855 0.951941
vt 0.213382 0.945818
vt 0.221741 0.928868
vt 0.241828 0.981020
vt 0.254300 0.990081
vt 0.242751 0.999362
vt 0.499676 0.443154
vt 0.477751 0.414426
vt 0.516935 0.419710
vt 0.487795 0.446951
vt 0.751931 0.629747
vt 0.768553 0.646942
vt 0.644880 0.219372
vt 0.662683 0.215988
vt 0.647732 0.231446
vt 0.658317 0.205716
vt 0.630038 0.215536
vt 0.209743 0.677883
vt 0.195383 0.723755
vt 0.185226 0.713368
vt 0.201543 0.715921
vt 0.205268 0.666830
vt 0.212101 0.726288
vt 0.004098 0.797642
vt 0.015619 0.806753
vt 0.005453 0.812758
vt 0.043744 0.988497
vt 0.825306 0.010302
vt 0.839716 0.003113
vt 0.433072 0.999406
vt 0.444034 0.989944
vt 0.016882 0.492723
vt 0.011491 0.486454
vt 0.015805 0.485474
vt 0.140657 0.791975
vt 0.136843 0.778619
vt 0.706320 0.753115
vt 0.731714 0.749134
vt 0.711158 0.769412
vt 0.748811 0.338469
vt 0.854362 0.591760
vt 0.860393 0.569424
vt 0.889281 0.579141
vt 0.640212 0.508624
vt 0.646864 0.482069
vt 0.642585 0.508220
vt 0.051088 0.507865
vt 0.031672 0.512608
vt 0.049960 0.500392
vt 0.029656 0.519063
vt 0.052108 0.509814
vt 0.741006 0.905529
vt 0.733670 0.915388
vt 0.167065 0.630791
vt 0.177579 0.627262
vt 0.154575 0.189189
vt 0.994455 0.468305
vt 0.259312 0.051871
vt 0.273637 0.052206
vt 0.085048 0.217836
vt 0.088268 0.238821
vt 0.075660 0.234086
vt 0.523172 0.841767
vt 0.526692 0.823913
vt 0.907395 0.678591
vt 0.161112 0.968694
vt 0.176856 0.982840
vt 0.160780 0.992121
vt 0.499902 0.291862
vt 0.496686 0.304467
vt 0.032176 0.837179
vt 0.006585 0.852332
vt 0.001671 0.830603
vt 0.532481 0.840296
vt 0.469163 0.280282
vt 0.019721 0.811773
vt 0.043760 0.824243
vt 0.562275 0.135247
vt 0.525398 0.137358
vt 0.966812 0.700967
vt 0.630376 0.581692
vt 0.664009 0.600788
vt 0.717695 0.156211
vt 0.402870 0.938202
vt 0.230697 0.510337
vt 0.215521 0.507128
vt 0.240524 0.500231
vt 0.246917 0.509945
vt 0.233206 0.521669
vt 0.223168 0.497224
vt 0.972727 0.041739
vt 0.973989 0.018262
vt 0.989024 0.003176
vt 0.964408 0.027337
vt 0.479437 0.871606
vt 0.472962 0.883129
vt 0.950544 0.030439
vt 0.472439 0.863883
vt 0.231604 0.741403
vt 0.226266 0.747287
vt 0.221746 0.732431
vt 0.239762 0.735573
vt 0.237418 0.746868
vt 0.227176 0.718391
vt 0.239938 0.761183
vt 0.061779 0.123718
vt 0.079440 0.122625
vt 0.068955 0.130994
vt 0.241137 0.022579
vt 0.260670 0.024288
vt 0.245554 0.043112
vt 0.384856 0.004352
vt 0.394750 0.017256
vt 0.383191 0.015869
vt 0.241923 0.275502
vt 0.259632 0.279590
vt 0.248142 0.008795
vt 0.377297 0.007946
vt 0.662252 0.741659
vt 0.679706 0.734092
vt 0.694240 0.748023
vt 0.921069 0.304395
vt 0.822037 0.437710
vt 0.816976 0.451339
vt 0.790094 0.781242
vt 0.786130 0.774425
vt 0.799038 0.757265
vt 0.815899 0.438107
vt 0.812675 0.775924
vt 0.712346 0.359481
vt 0.720541 0.346271
vt 0.732766 0.363205
vt 0.695021 0.350610
vt 0.321352 0.924338
vt 0.031439 0.727863
vt 0.649603 0.340275
vt 0.643594 0.358384
vt 0.666247 0.345958
vt 0.354377 0.800720
vt 0.369124 0.787327
vt 0.224560 0.435658
vt 0.695748 0.599498
vt 0.661323 0.385189
vt 0.679297 0.411081
vt 0.697292 0.629236
vt 0.350145 0.268865
vt 0.380790 0.113950
vt 0.405549 0.119326
vt 0.348222 0.171117
vt 0.364749 0.120974
vt 0.365453 0.100260
vt 0.978760 0.594458
vt 0.968862 0.595721
vt 0.965680 0.570798
vt 0.978779 0.569378
vt 0.929152 0.036780
vt 0.913313 0.038611
vt 0.464048 0.646331
vt 0.453894 0.651779
vt 0.488512 0.649036
vt 0.473608 0.667213
vt 0.908571 0.300188
vt 0.902220 0.316401
vt 0.842297 0.831849
vt 0.839346 0.840901
vt 0.262664 0.162948
vt 0.668313 0.080047
vt 0.650175 0.077524
vt 0.660737 0.059041
vt 0.668229 0.106276
vt 0.656477 0.099832
vt 0.138634 0.929650
vt 0.140099 0.927161
vt 0.707992 0.806186
vt 0.698952 0.779394
vt 0.696074 0.751281
vt 0.889436 0.057760
vt 0.872252 0.064830
vt 0.247003 0.429570
vt 0.116241 0.461864
vt 0.112763 0.335324
vt 0.132981 0.455056
vt 0.097911 0.322428
vt 0.435799 0.531535
vt 0.448603 0.528237
vt 0.615431 0.607397
vt 0.806654 0.087577
vt 0.769287 0.086028
vt 0.013176 0.583640
vt 0.006129 0.578682
vt 0.020822 0.568327
vt 0.010663 0.588244
vt 0.285844 0.852086
vt 0.254638 0.862844
vt 0.264342 0.855155
vt 0.371359 0.033451
vt 0.374639 0.023995
vt 0.383450 0.032672
vt 0.376536 0.046026
vt 0.364619 0.041632
vt 0.198131 0.369409
vt 0.185311 0.358655
vt 0.209438 0.378067
vt 0.191204 0.389228
vt 0.182887 0.380382
vt 0.504644 0.817603
vt 0.531223 0.814570
vt 0.537200 0.828692
vt 0.227337 0.577412
vt 0.271002 0.601916
vt 0.263431 0.617209
vt 0.964110 0.639284
vt 0.991845 0.658397
vt 0.964512 0.677536
vt 0.251372 0.544155
vt 0.232727 0.626955
vt 0.229130 0.539725
vt 0.473319 0.448004
vt 0.885622 0.658670
vt 0.955113 0.347737
vt 0.895551 0.670072
vt 0.509434 0.328247
vt 0.201249 0.759157
vt 0.210119 0.732685
vt 0.217450 0.754865
vt 0.395738 0.856371
vt 0.418364 0.067102
vt 0.181557 0.923460
vt 0.162093 0.918623
vt 0.157093 0.904686
vt 0.655043 0.153274
vt 0.641941 0.136891
vt 0.654748 0.136306
vt 0.666311 0.155319
vt 0.641648 0.154338
vt 0.351598 0.374462
vt 0.819039 0.471214
vt 0.813845 0.462677
vt 0.826062 0.464676
vt 0.810092 0.477567
vt 0.791501 0.370482
vt 0.772326 0.365362
vt 0.755525 0.361845
vt 0.789199 0.372993
vt 0.135235 0.217658
vt 0.870941 0.140446
vt 0.854414 0.148365
vt 0.157495 0.513369
vt 0.157553 0.501076
vt 0.157473 0.524945
vt 0.596397 0.970423
vt 0.713913 0.202469
vt 0.726643 0.202521
vt 0.717116 0.214720
vt 0.716730 0.196561
vt 0.823963 0.600709
vt 0.849639 0.610624
vt 0.815396 0.628395
vt 0.836152 0.574437
vt 0.040451 0.371397
vt 0.044219 0.372200
vt 0.030093 0.391873
vt 0.169810 0.606017
vt 0.166882 0.615745
vt 0.174960 0.591467
vt 0.140637 0.604170
vt 0.100709 0.525851
vt 0.578660 0.165019
vt 0.575290 0.149690
vt 0.585488 0.149809
vt 0.662035 0.239936
vt 0.952962 0.854502
vt 0.962348 0.877645
vt 0.973568 0.861050
vt 0.002729 0.032994
vt 0.001052 0.050369
vt 0.018263 0.508313
vt 0.291071 0.227051
vt 0.554836 0.617947
vt 0.360086 0.305000
vt 0.700021 0.149216
vt 0.703698 0.135444
vt 0.347352 0.302012
vt 0.338221 0.295762
vt 0.966270 0.231446
vt 0.960725 0.223693
vt 0.659836 0.905766
vt 0.396773 0.059224
vt 0.396252 0.065017
vt 0.386515 0.064771
vt 0.969231 0.843260
vt 0.410136 0.054451
vt 0.887833 0.464458
vt 0.863815 0.475760
vt 0.863009 0.459094
vt 0.888628 0.456426
vt 0.890199 0.477170
vt 0.131816 0.161943
vt 0.119042 0.162980
vt 0.120331 0.148922
vt 0.295790 0.290845
vt 0.338462 0.019510
vt 0.312545 0.019510
vt 0.335189 0.001140
vt 0.819900 0.199347
vt 0.341200 0.566877
vt 0.348098 0.573903
vt 0.333685 0.573784
vt 0.337620 0.555280
vt 0.239161 0.177531
vt 0.249312 0.192017
vt 0.558852 0.415125
vt 0.233023 0.177840
vt 0.637546 0.792073
vt 0.037007 0.644062
vt 0.045400 0.659477
vt 0.029429 0.650478
vt 0.043333 0.644016
vt 0.934352 0.688832
vt 0.729008 0.829080
vt 0.724802 0.823759
vt 0.015032 0.745164
vt 0.307095 0.834065
vt 0.276006 0.835068
vt 0.312819 0.020209
vt 0.291757 0.804339
vt 0.305293 0.038214
vt 0.567701 0.338610
vt 0.581713 0.329724
vt 0.586861 0.345367
vt 0.297287 0.031926
vt 0.305157 0.850303
vt 0.683774 0.055622
vt 0.556744 0.170710
vt 0.551369 0.163602
vt 0.841442 0.356721
vt 0.844799 0.336932
vt 0.853832 0.320817
vt 0.881419 0.327422
vt 0.503278 0.812171
vt 0.605367 0.226297
vt 0.493693 0.277654
vt 0.489840 0.286815
vt 0.501016 0.261179
vt 0.476060 0.241531
vt 0.344086 0.812788
vt 0.741300 0.430524
vt 0.739925 0.407355
vt 0.073595 0.444141
vt 0.090750 0.448077
vt 0.084764 0.453313
vt 0.485275 0.614067
vt 0.865212 0.491957
vt 0.845230 0.470641
vt 0.216697 0.688329
vt 0.218902 0.705683
vt 0.230831 0.701114
vt 0.424060 0.579170
vt 0.439323 0.592037
vt 0.424427 0.607131
vt 0.439400 0.571073
vt 0.039246 0.831308
vt 0.476530 0.949067
vt 0.225115 0.812949
vt 0.216152 0.831196
vt 0.212086 0.793543
vt 0.546306 0.073887
vt 0.552693 0.047988
vt 0.564984 0.067592
vt 0.980596 0.355360
vt 0.967010 0.370435
vt 0.969952 0.352739
vt 0.345923 0.772732
vt 0.351662 0.759454
vt 0.982556 0.337495
vt 0.981056 0.369074
vt 0.334429 0.788193
vt 0.397258 0.164941
vt 0.737926 0.357514
vt 0.740337 0.366664
vt 0.865046 0.620216
vt 0.879886 0.620644
vt 0.873233 0.629097
vt 0.857843 0.627527
vt 0.949633 0.845413
vt 0.944717 0.850696
vt 0.945299 0.836865
vt 0.089510 0.296371
vt 0.097872 0.286857
vt 0.033391 0.341414
vt 0.044248 0.337715
vt 0.323592 0.479713
vt 0.083320 0.313096
vt 0.952042 0.672006
vt 0.961970 0.598049
vt 0.215498 0.856153
vt 0.963113 0.676400
vt 0.747476 0.066839
vt 0.649038 0.482029
vt 0.654907 0.461496
vt 0.424022 0.443742
vt 0.429485 0.428488
vt 0.408354 0.442751
vt 0.128355 0.625433
vt 0.176363 0.066842
vt 0.821396 0.884711
vt 0.161090 0.051025
vt 0.194741 0.087177
vt 0.600566 0.137662
vt 0.593023 0.141258
vt 0.557602 0.788156
vt 0.383349 0.517013
vt 0.393467 0.521168
vt 0.393794 0.531894
vt 0.143473 0.053175
vt 0.392412 0.342221
vt 0.395906 0.333224
vt 0.850786 0.057760
vt 0.871578 0.066487
vt 0.334944 0.124429
vt 0.327088 0.136140
vt 0.635151 0.249038
vt 0.624070 0.240794
vt 0.634630 0.238369
vt 0.625363 0.249793
vt 0.949047 0.427979
vt 0.947868 0.418611
vt 0.624996 0.244781
vt 0.156460 0.791240
vt 0.480716 0.911148
vt 0.495769 0.889883
vt 0.484715 0.887173
vt 0.703733 0.334691
vt 0.500462 0.925524
vt 0.721559 0.300807
vt 0.330601 0.547634
vt 0.331454 0.535431
vt 0.126391 0.543797
vt 0.131570 0.540476
vt 0.887666 0.794740
vt 0.516548 0.296197
vt 0.640008 0.281335
vt 0.641265 0.303619
vt 0.625241 0.295448
vt 0.532335 0.298720
vt 0.051691 0.138802
vt 0.052579 0.132584
vt 0.068992 0.135115
vt 0.268788 0.289125
vt 0.121020 0.409696
vt 0.145680 0.409853
vt 0.117302 0.416290
vt 0.118603 0.398343
vt 0.066670 0.518778
vt 0.073461 0.523662
vt 0.213345 0.969687
vt 0.220600 0.964416
vt 0.221348 0.976214
vt 0.455757 0.451775
vt 0.787447 0.643457
vt 0.801206 0.642905
vt 0.246805 0.856439
vt 0.566342 0.990557
vt 0.711029 0.038395
vt 0.723445 0.027977
vt 0.723664 0.055141
vt 0.918030 0.984538
vt 0.910943 0.967210
vt 0.070272 0.920421
vt 0.913957 0.999200
vt 0.135808 0.317703
vt 0.171246 0.346323
vt 0.508649 0.976974
vt 0.521810 0.990938
vt 0.513986 0.995455
vt 0.508671 0.997729
vt 0.579147 0.733937
vt 0.721370 0.191255
vt 0.973727 0.597714
vt 0.979503 0.606421
vt 0.499498 0.111371
vt 0.609130 0.916179
vt 0.626725 0.916545
vt 0.595797 0.916054
vt 0.930935 0.337080
vt 0.230659 0.240024
vt 0.342303 0.206345
vt 0.454486 0.902365
vt 0.456266 0.906266
vt 0.440041 0.907434
vt 0.466794 0.899749
vt 0.443403 0.897693
vt 0.457759 0.894100
vt 0.449859 0.468532
vt 0.441344 0.466213
vt 0.689079 0.789706
vt 0.068966 0.577662
vt 0.055180 0.692785
vt 0.052072 0.678299
vt 0.953844 0.831101
vt 0.175162 0.332508
vt 0.243773 0.325214
vt 0.236509 0.339570
vt 0.229989 0.364511
vt 0.050750 0.156120
vt 0.044649 0.179544
vt 0.560221 0.750680
vt 0.562904 0.734579
vt 0.692012 0.654567
vt 0.683962 0.676983
vt 0.664729 0.650073
vt 0.146420 0.510555
vt 0.141232 0.520223
vt 0.154620 0.502920
vt 0.156090 0.517609
vt 0.136393 0.494984
vt 0.150705 0.521942
vt 0.445064 0.399681
vt 0.441726 0.415666
vt 0.783594 0.256125
vt 0.804326 0.255206
vt 0.784831 0.274929
vt 0.762786 0.274607
vt 0.801389 0.236481
vt 0.228929 0.762868
vt 0.259933 0.050575
vt 0.639740 0.786959
vt 0.639995 0.771748
vt 0.265815 0.775162
vt 0.276277 0.773240
vt 0.279784 0.787697
vt 0.361961 0.425322
vt 0.370485 0.441855
vt 0.357345 0.449006
vt 0.348273 0.429657
vt 0.373399 0.420363
vt 0.367944 0.407908
vt 0.264612 0.763157
vt 0.775832 0.155163
vt 0.169642 0.833621
vt 0.756844 0.144086
vt 0.766774 0.124122
vt 0.781183 0.750193
vt 0.587631 0.310488
vt 0.613891 0.307417
vt 0.996231 0.921985
vt 0.487185 0.617643
vt 0.483051 0.635540
vt 0.632981 0.644320
vt 0.647164 0.648369
vt 0.641622 0.664932
vt 0.564222 0.251227
vt 0.908541 0.176133
vt 0.919782 0.172955
vt 0.112181 0.161311
vt 0.910438 0.068827
vt 0.886485 0.060609
vt 0.907489 0.054872
vt 0.898910 0.073465
vt 0.909283 0.083990
vt 0.935755 0.563866
vt 0.206932 0.660229
vt 0.172105 0.666277
vt 0.194020 0.648852
vt 0.220783 0.642337
vt 0.566154 0.160448
vt 0.185132 0.297853
vt 0.174916 0.279760
vt 0.150057 0.275442
vt 0.948924 0.698526
vt 0.482110 0.550615
vt 0.472009 0.574275
vt 0.504469 0.523736
vt 0.512855 0.543436
vt 0.483370 0.523344
vt 0.616464 0.547522
vt 0.628351 0.525905
vt 0.627836 0.563786
vt 0.103438 0.037612
vt 0.102408 0.020468
vt 0.118036 0.019922
vt 0.434003 0.874745
vt 0.445722 0.886214
vt 0.850675 0.554830
vt 0.098526 0.157229
vt 0.630285 0.032969
vt 0.625399 0.026244
vt 0.632215 0.024852
vt 0.131835 0.756713
vt 0.571576 0.894311
vt 0.926959 0.317640
vt 0.935514 0.335353
vt 0.800058 0.174804
vt 0.784413 0.180769
vt 0.915416 0.307801
vt 0.795259 0.165251
vt 0.965254 0.923831
vt 0.954718 0.935379
vt 0.947271 0.917713
vt 0.953642 0.897686
vt 0.617020 0.065028
vt 0.994189 0.623735
vt 0.995753 0.620021
vt 0.996540 0.635824
vt 0.986843 0.623519
vt 0.437961 0.506863
vt 0.011344 0.863199
vt 0.007381 0.854816
vt 0.028500 0.851239
vt 0.023661 0.560343
vt 0.879624 0.826031
vt 0.487848 0.231764
vt 0.500674 0.226210
vt 0.395329 0.076431
vt 0.406752 0.072080
vt 0.390106 0.083959
vt 0.382622 0.075357
vt 0.727824 0.449428
vt 0.136934 0.956837
vt 0.146058 0.956111
vt 0.136834 0.958818
vt 0.574806 0.000927
vt 0.575491 0.011592
vt 0.567941 0.004996
vt 0.996475 0.443992
vt 0.999300 0.444239
vt 0.995878 0.451541
vt 0.034204 0.218275
vt 0.050356 0.211072
vt 0.059393 0.222690
vt 0.731565 0.973642
vt 0.730965 0.952411
vt 0.725979 0.977668
vt 0.033399 0.223867
vt 0.793616 0.624270
vt 0.779139 0.642469
vt 0.928096 0.512220
vt 0.609161 0.821428
vt 0.598266 0.836317
vt 0.590657 0.826612
vt 0.620578 0.823435
vt 0.574757 0.866804
vt 0.769051 0.187606
vt 0.779947 0.204696
vt 0.798788 0.204263
vt 0.900921 0.244338
vt 0.031634 0.879693
vt 0.025397 0.875950
vt 0.039954 0.877395
vt 0.465756 0.406354
vt 0.034909 0.873246
vt 0.455609 0.418104
vt 0.755364 0.364184
vt 0.755507 0.366215
vt 0.935171 0.862423
vt 0.151330 0.888667
vt 0.628541 0.139990
vt 0.445562 0.822592
vt 0.438443 0.839898
vt 0.426517 0.830379
vt 0.451473 0.837337
vt 0.728121 0.460657
vt 0.739436 0.474853
vt 0.719657 0.481187
vt 0.336301 0.319517
vt 0.322719 0.305659
vt 0.138254 0.677859
vt 0.152825 0.699318
vt 0.803838 0.316683
vt 0.806618 0.295485
vt 0.829846 0.319135
vt 0.784381 0.294590
vt 0.447742 0.260472
vt 0.671857 0.964989
vt 0.681860 0.995775
vt 0.649580 0.991305
vt 0.783287 0.314222
vt 0.780830 0.337385
vt 0.110195 0.243929
vt 0.681639 0.854505
vt 0.685561 0.833728
vt 0.692501 0.841565
vt 0.690285 0.857392
vt 0.539214 0.971768
vt 0.541068 0.999389
vt 0.591221 0.915581
vt 0.594545 0.945221
vt 0.580478 0.921551
vt 0.580317 0.915637
vt 0.206158 0.382058
vt 0.099829 0.015491
vt 0.506517 0.947524
vt 0.752177 0.388931
vt 0.658167 0.668744
vt 0.672012 0.697370
vt 0.916760 0.766521
vt 0.933055 0.735462
vt 0.230721 0.243219
vt 0.218341 0.715109
vt 0.030959 0.927299
vt 0.227877 0.771743
vt 0.315917 0.545487
vt 0.324454 0.569654
vt 0.298090 0.017194
vt 0.297392 0.030202
vt 0.280816 0.023847
vt 0.311766 0.017749
vt 0.036130 0.507943
vt 0.793548 0.883400
vt 0.451490 0.671079
vt 0.484681 0.683161
vt 0.095084 0.358401
vt 0.081798 0.344500
vt 0.093138 0.343919
vt 0.487695 0.599856
vt 0.686653 0.883128
vt 0.691542 0.885643
vt 0.963399 0.198475
vt 0.968157 0.216985
vt 0.113063 0.568369
vt 0.115122 0.578004
vt 0.119592 0.567328
vt 0.979753 0.277354
vt 0.970340 0.492306
vt 0.010274 0.746797
vt 0.014789 0.752192
vt 0.210444 0.113078
vt 0.210186 0.096987
vt 0.204391 0.128750
vt 0.437648 0.846435
vt 0.235890 0.116037
vt 0.067108 0.088003
vt 0.052950 0.066985
vt 0.197962 0.285992
vt 0.206994 0.265839
vt 0.189569 0.271840
vt 0.808245 0.059955
vt 0.955915 0.418492
vt 0.949666 0.422827
vt 0.952190 0.411260
vt 0.785806 0.038405
vt 0.793908 0.038992
vt 0.958679 0.409205
vt 0.898048 0.449082
vt 0.876949 0.442293
vt 0.881240 0.429908
vt 0.454081 0.000580
vt 0.248545 0.807372
vt 0.260817 0.812529
vt 0.838588 0.812311
vt 0.861249 0.825721
vt 0.842369 0.828287
vt 0.777865 0.104052
vt 0.760935 0.520369
vt 0.748203 0.496243
vt 0.767772 0.114668
vt 0.765941 0.104267
vt 0.845320 0.646128
vt 0.860449 0.632016
vt 0.796184 0.482008
vt 0.329946 0.162390
vt 0.878333 0.895277
vt 0.606833 0.263854
vt 0.438681 0.356777
vt 0.413949 0.343533
vt 0.435624 0.337246
vt 0.085094 0.800979
vt 0.711053 0.993570
vt 0.693207 0.962314
vt 0.101745 0.844065
vt 0.138289 0.842129
vt 0.110262 0.867574
vt 0.734914 0.991871
vt 0.695739 0.999362
vt 0.425388 0.981146
vt 0.425388 0.999236
vt 0.411473 0.995416
vt 0.869594 0.843207
vt 0.903444 0.828274
vt 0.290875 0.155586
vt 0.285298 0.169104
vt 0.279737 0.156289
vt 0.474669 0.388932
vt 0.612422 0.285272
vt 0.894314 0.968086
vt 0.898664 0.970317
vt 0.898633 0.981416
vt 0.150291 0.446243
vt 0.163601 0.445076
vt 0.429597 0.626976
vt 0.805301 0.317594
vt 0.489531 0.021900
vt 0.491382 0.027357
vt 0.470750 0.031959
vt 0.490145 0.004923
vt 0.065327 0.255280
vt 0.363451 0.574231
vt 0.383420 0.560358
vt 0.374503 0.573637
vt 0.213098 0.952105
vt 0.213098 0.964777
vt 0.205591 0.962367
vt 0.177407 0.727908
vt 0.174202 0.709272
vt 0.189741 0.721907
vt 0.431552 0.737462
vt 0.418689 0.739616
vt 0.091403 0.145342
vt 0.076199 0.144581
vt 0.097925 0.148511
vt 0.983243 0.778231
vt 0.986591 0.787813
vt 0.973373 0.775679
vt 0.064549 0.375842
vt 0.421199 0.020245
vt 0.421199 0.045320
vt 0.409983 0.031998
vt 0.525438 0.498369
vt 0.506875 0.504327
vt 0.681613 0.199786
vt 0.533340 0.476819
vt 0.544649 0.491650
vt 0.222898 0.670960
vt 0.221013 0.656872
vt 0.442307 0.547860
vt 0.456634 0.542444
vt 0.452765 0.566646
vt 0.458928 0.553017
vt 0.022715 0.482249
vt 0.435344 0.785574
vt 0.412215 0.784667
vt 0.424283 0.759999
vt 0.458745 0.791406
vt 0.458884 0.779875
vt 0.238482 0.319591
vt 0.238300 0.330664
vt 0.223647 0.321064
vt 0.753313 0.460475
vt 0.946288 0.860991
vt 0.889099 0.627778
vt 0.046716 0.264656
vt 0.055600 0.256928
vt 0.162064 0.472833
vt 0.158017 0.483560
vt 0.141974 0.471601
vt 0.223170 0.494087
vt 0.495403 0.113875
vt 0.432402 0.736489
vt 0.861898 0.715617
vt 0.631073 0.817728
vt 0.390318 0.983109
vt 0.413411 0.943307
vt 0.509217 0.974020
vt 0.694321 0.815164
vt 0.708462 0.830591
vt 0.457331 0.437297
vt 0.524429 0.991223
vt 0.509093 0.975220
vt 0.034919 0.467674
vt 0.270401 0.105756
vt 0.265180 0.120705
vt 0.208200 0.585174
vt 0.925339 0.135389
vt 0.923157 0.158095
vt 0.907220 0.133978
vt 0.938002 0.170903
vt 0.926048 0.100214
vt 0.553248 0.675237
vt 0.550481 0.697606
vt 0.583037 0.724298
vt 0.501669 0.041376
vt 0.508954 0.038561
vt 0.499092 0.060198
vt 0.773229 0.006067
vt 0.775382 0.034780
vt 0.767158 0.015938
vt 0.033756 0.808189
vt 0.766091 0.010302
vt 0.761437 0.004287
vt 0.257125 0.746573
vt 0.255511 0.752498
vt 0.213045 0.835005
vt 0.216983 0.843637
vt 0.146144 0.873401
vt 0.248565 0.743470
vt 0.590863 0.351496
vt 0.894048 0.809129
vt 0.289587 0.187614
vt 0.924265 0.528661
vt 0.168318 0.444150
vt 0.177452 0.429139
vt 0.650180 0.453293
vt 0.652408 0.433773
vt 0.675767 0.452999
vt 0.020657 0.065146
vt 0.150197 0.632986
vt 0.147755 0.633189
vt 0.758180 0.196688
vt 0.753415 0.176695
vt 0.288882 0.051045
vt 0.495085 0.483877
vt 0.597421 0.213669
vt 0.886182 0.679971
vt 0.283351 0.469108
vt 0.013477 0.609896
vt 0.230570 0.472862
vt 0.977443 0.707795
vt 0.496241 0.504477
vt 0.619411 0.584515
vt 0.510853 0.713385
vt 0.516077 0.710835
vt 0.534050 0.508075
vt 0.358845 0.272681
vt 0.013860 0.387988
vt 0.006346 0.392796
vt 0.895325 0.102577
vt 0.316476 0.151470
vt 0.637897 0.267944
vt 0.501819 0.598813
vt 0.485240 0.581749
vt 0.688323 0.122706
vt 0.677562 0.101517
vt 0.681057 0.129177
vt 0.019768 0.936082
vt 0.029358 0.936833
vt 0.255020 0.524833
vt 0.656172 0.920735
vt 0.647627 0.914412
vt 0.055869 0.555974
vt 0.037672 0.538096
vt 0.059685 0.528753
vt 0.686051 0.524865
vt 0.661842 0.506948
vt 0.683381 0.506099
vt 0.536671 0.018647
vt 0.554423 0.022104
vt 0.545317 0.037535
vt 0.534885 0.033363
vt 0.527709 0.034152
vt 0.512028 0.024337
vt 0.032936 0.557804
vt 0.702223 0.521209
vt 0.175761 0.539295
vt 0.194896 0.562775
vt 0.158973 0.540208
vt 0.173080 0.562230
vt 0.866461 0.034754
vt 0.863909 0.060361
vt 0.063797 0.400072
vt 0.066738 0.398751
vt 0.083692 0.610315
vt 0.108339 0.581950
vt 0.903966 0.189515
vt 0.887175 0.184440
vt 0.584699 0.138484
vt 0.501740 0.784846
vt 0.508232 0.765483
vt 0.675616 0.206412
vt 0.679277 0.230861
vt 0.663342 0.227144
vt 0.053268 0.886363
vt 0.588475 0.941566
vt 0.823305 0.884028
vt 0.236443 0.312956
vt 0.232193 0.290490
vt 0.029059 0.263512
vt 0.024515 0.276393
vt 0.920375 0.000717
vt 0.830164 0.821084
vt 0.831965 0.809756
vt 0.717598 0.522489
vt 0.716177 0.503847
vt 0.738250 0.512773
vt 0.747713 0.114048
vt 0.565128 0.031791
vt 0.582829 0.052716
vt 0.196081 0.096281
vt 0.709954 0.177267
vt 0.497491 0.820773
vt 0.561353 0.306713
vt 0.517565 0.858723
vt 0.528929 0.833898
vt 0.261105 0.819229
vt 0.642604 0.955788
vt 0.315452 0.919173
vt 0.618444 0.583040
vt 0.615521 0.551122
vt 0.757257 0.611130
vt 0.221763 0.849510
vt 0.222064 0.841468
vt 0.355451 0.469570
vt 0.343877 0.457339
vt 0.230482 0.839518
vt 0.130746 0.969353
vt 0.442929 0.711103
vt 0.534369 0.545520
vt 0.467799 0.181255
vt 0.517043 0.169461
vt 0.420528 0.338176
vt 0.403835 0.324272
vt 0.430594 0.337596
vt 0.170493 0.889782
vt 0.685221 0.860982
vt 0.696278 0.647954
vt 0.200785 0.921262
vt 0.353361 0.260558
vt 0.977035 0.160354
vt 0.278500 0.146807
vt 0.675593 0.050880
vt 0.409106 0.047498
vt 0.418729 0.045276
vt 0.412507 0.056927
vt 0.411818 0.036713
vt 0.316288 0.586254
vt 0.227998 0.621324
vt 0.965891 0.109322
vt 0.671384 0.955863
vt 0.679700 0.983495
vt 0.756790 0.066570
vt 0.681211 0.931975
vt 0.004752 0.194185
vt 0.012177 0.173510
vt 0.035751 0.203400
vt 0.092909 0.760016
vt 0.104213 0.753187
vt 0.159982 0.680023
vt 0.180604 0.682080
vt 0.428814 0.755462
vt 0.404574 0.754618
vt 0.617816 0.030394
vt 0.614052 0.016433
vt 0.617561 0.007167
vt 0.609109 0.018788
vt 0.082679 0.262376
vt 0.112576 0.303676
vt 0.085007 0.312472
vt 0.420011 0.050083
vt 0.418147 0.061377
vt 0.012539 0.559494
vt 0.010021 0.537088
vt 0.030030 0.521918
vt 0.983889 0.379688
vt 0.972107 0.379151
vt 0.958021 0.336605
vt 0.946942 0.338101
vt 0.360617 0.752841
vt 0.902968 0.625898
vt 0.985183 0.899466
vt 0.999750 0.903969
vt 0.992827 0.885769
vt 0.207258 0.000089
vt 0.191094 0.124809
vt 0.209003 0.113888
vt 0.937516 0.613045
vt 0.934334 0.205386
vt 0.928644 0.189144
vt 0.121891 0.579079
vt 0.131170 0.588757
vt 0.639382 0.761237
vt 0.366949 0.460530
vt 0.273017 0.923521
vt 0.265711 0.920158
vt 0.875984 0.959255
vt 0.878513 0.944651
vt 0.863104 0.976658
vt 0.270680 0.158779
vt 0.763749 0.294231
vt 0.762101 0.313324
vt 0.759267 0.334255
vt 0.476900 0.234748
vt 0.955443 0.114578
vt 0.137711 0.551740
vt 0.118617 0.557435
vt 0.126113 0.550378
vt 0.304087 0.113539
vt 0.222656 0.332907
vt 0.220631 0.380861
vt 0.922935 0.396013
vt 0.925000 0.381938
vt 0.483074 0.777285
vt 0.010623 0.483523
vt 0.013957 0.482978
vt 0.042490 0.672356
vt 0.771777 0.813316
vt 0.765385 0.803777
vt 0.793850 0.802408
vt 0.578627 0.020056
vt 0.431853 0.667619
vt 0.439704 0.650229
vt 0.098733 0.382584
vt 0.642055 0.282250
vt 0.133777 0.528877
vt 0.800663 0.469449
vt 0.802397 0.459348
vt 0.069780 0.783205
vt 0.086546 0.774259
vt 0.955266 0.829822
vt 0.151485 0.774620
vt 0.874383 0.156872
vt 0.858797 0.156361
vt 0.872935 0.140725
vt 0.232681 0.533696
vt 0.796576 0.228519
vt 0.783840 0.211189
vt 0.234420 0.802908
vt 0.688628 0.880267
vt 0.490573 0.764384
vt 0.133199 0.097794
vt 0.613540 0.133845
vt 0.808019 0.070720
vt 0.550540 0.467575
vt 0.571133 0.460864
vt 0.562528 0.485085
vt 0.916830 0.630187
vt 0.349130 0.740090
vt 0.984203 0.957209
vt 0.993821 0.463558
vt 0.993821 0.450742
vt 0.998952 0.457681
vt 0.764493 0.210992
vt 0.346514 0.651080
vt 0.120823 0.659375
vt 0.568539 0.296245
vt 0.582117 0.277251
vt 0.596063 0.279432
vt 0.217494 0.006858
vt 0.510944 0.802597
vt 0.840096 0.755702
vt 0.819146 0.772670
vt 0.676619 0.434520
vt 0.566490 0.019616
vt 0.847555 0.451315
vt 0.860950 0.445503
vt 0.784405 0.886709
vt 0.053253 0.842699
vt 0.033439 0.843461
vt 0.352275 0.580736
vt 0.167992 0.263767
vt 0.182828 0.257363
vt 0.906270 0.382202
vt 0.918648 0.408081
vt 0.531766 0.525455
vt 0.839703 0.554330
vt 0.829392 0.551507
vt 0.837082 0.569912
vt 0.114858 0.251636
vt 0.117533 0.266155
vt 0.270641 0.021249
vt 0.292311 0.038817
vt 0.303862 0.944285
vt 0.836813 0.951119
vt 0.555110 0.659904
vt 0.566558 0.651248
vt 0.291593 0.401661
vt 0.289731 0.425717
vt 0.881014 0.564058
vt 0.880894 0.551192
vt 0.386608 0.103680
vt 0.670713 0.464041
vt 0.056807 0.513315
vt 0.051714 0.504505
vt 0.775078 0.075329
vt 0.774507 0.045534
vt 0.212380 0.089454
vt 0.000184 0.116464
vt 0.007329 0.137087
vt 0.298177 0.145647
vt 0.001219 0.525044
vt 0.000718 0.523057
vt 0.749875 0.730005
vt 0.411080 0.338194
vt 0.029659 0.510428
vt 0.025899 0.505642
vt 0.986865 0.707755
vt 0.325804 0.673061
vt 0.736951 0.763289
vt 0.762997 0.771797
vt 0.739353 0.777991
vt 0.760172 0.757074
vt 0.363698 0.475574
vt 0.515434 0.694559
vt 0.538520 0.696835
vt 0.644491 0.059732
vt 0.264154 0.897949
vt 0.849667 0.023337
vt 0.853270 0.032465
vt 0.985155 0.592836
vt 0.324115 0.215027
vt 0.289433 0.053953
vt 0.176341 0.947531
vt 0.012373 0.759681
vt 0.966886 0.213205
vt 0.500468 0.870147
vt 0.497049 0.855659
vt 0.972554 0.726620
vt 0.892864 0.490405
vt 0.862475 0.504972
vt 0.832787 0.302546
vt 0.592647 0.943730
vt 0.592647 0.977798
vt 0.574621 0.955180
vt 0.825311 0.528252
vt 0.806995 0.275050
vt 0.869394 0.682690
vt 0.891793 0.689782
vt 0.894309 0.702633
vt 0.804953 0.449969
vt 0.368403 0.065854
vt 0.199274 0.744239
vt 0.184135 0.728589
vt 0.964585 0.384545
vt 0.175088 0.581761
vt 0.159241 0.563206
vt 0.955192 0.363673
vt 0.478623 0.958156
vt 0.464108 0.975769
vt 0.714329 0.208534
vt 0.711516 0.214500
vt 0.760123 0.521834
vt 0.165644 0.636908
vt 0.173260 0.640988
vt 0.057274 0.213989
vt 0.332187 0.487565
vt 0.028096 0.311469
vt 0.207838 0.492065
vt 0.217440 0.169145
vt 0.216676 0.155088
vt 0.758433 0.034948
vt 0.324555 0.785148
vt 0.048990 0.868020
vt 0.053897 0.876225
vt 0.307363 0.779286
vt 0.101220 0.387364
vt 0.976780 0.553479
vt 0.474325 0.601099
vt 0.484407 0.589123
vt 0.147553 0.527184
vt 0.641958 0.932934
vt 0.228206 0.174136
vt 0.820001 0.545793
vt 0.816865 0.561286
vt 0.849600 0.739925
vt 0.834225 0.759808
vt 0.057110 0.646152
vt 0.060576 0.658684
vt 0.049435 0.645633
vt 0.062313 0.665680
vt 0.472194 0.954376
vt 0.430633 0.951359
vt 0.465186 0.947151
vt 0.924399 0.934542
vt 0.329544 0.053209
vt 0.750976 0.941007
vt 0.733086 0.937921
vt 0.756843 0.653675
vt 0.771268 0.222679
vt 0.762635 0.234336
vt 0.785533 0.218576
vt 0.728651 0.450887
vt 0.450797 0.018931
vt 0.036464 0.256796
vt 0.142427 0.866732
vt 0.039848 0.558263
vt 0.053371 0.576495
vt 0.796802 0.610061
vt 0.287068 0.770738
vt 0.517790 0.887536
vt 0.741963 0.353080
vt 0.688392 0.739531
vt 0.822769 0.568352
vt 0.681341 0.061799
vt 0.677936 0.060220
vt 0.703227 0.502911
vt 0.697971 0.463332
vt 0.438279 0.649888
vt 0.431358 0.659092
vt 0.755521 0.743045
vt 0.660456 0.721136
vt 0.247871 0.749532
vt 0.764659 0.771239
vt 0.772527 0.788737
vt 0.221562 0.007733
vt 0.319941 0.155906
vt 0.688577 0.933780
vt 0.765777 0.167985
vt 0.982191 0.958113
vt 0.960744 0.931940
vt 0.843705 0.947721
vt 0.837276 0.936834
vt 0.595837 0.979053
vt 0.288590 0.773249
vt 0.286662 0.755420
vt 0.301363 0.787243
vt 0.284618 0.783729
vt 0.067585 0.113605
vt 0.057217 0.117020
vt 0.829520 0.172287
vt 0.143372 0.384706
vt 0.169330 0.423239
vt 0.760681 0.540197
vt 0.323819 0.242880
vt 0.821536 0.962392
vt 0.816492 0.944375
vt 0.907409 0.368205
vt 0.730782 0.494490
vt 0.119498 0.230642
vt 0.127483 0.265691
vt 0.803965 0.800109
vt 0.499566 0.286947
vt 0.418869 0.677611
vt 0.261392 0.050547
vt 0.266858 0.033723
vt 0.269842 0.050944
vt 0.915896 0.691872
vt 0.915094 0.683755
vt 0.429947 0.040713
vt 0.422402 0.043762
vt 0.428025 0.029031
vt 0.695886 0.024557
vt 0.686148 0.016386
vt 0.695144 0.003838
vt 0.253736 0.917673
vt 0.240927 0.923959
vt 0.781077 0.034985
vt 0.490774 0.036837
vt 0.063220 0.769035
vt 0.072457 0.763775
vt 0.069682 0.780336
vt 0.832425 0.295970
vt 0.834470 0.275572
vt 0.242908 0.646012
vt 0.179490 0.637642
vt 0.089337 0.222084
vt 0.871494 0.540237
vt 0.241771 0.248131
vt 0.551115 0.530345
vt 0.070222 0.848981
vt 0.152121 0.983144
vt 0.152121 0.995690
vt 0.132340 0.983915
vt 0.383188 0.588144
vt 0.382875 0.574447
vt 0.322104 0.923086
vt 0.299474 0.647942
vt 0.251681 0.658520
vt 0.280354 0.635327
vt 0.313355 0.620363
vt 0.975579 0.241001
vt 0.192632 0.147790
vt 0.398704 0.461720
vt 0.349326 0.535740
vt 0.366911 0.546685
vt 0.170983 0.998265
vt 0.778415 0.998578
vt 0.774834 0.991446
vt 0.606756 0.723477
vt 0.773151 0.999418
vt 0.091910 0.623772
vt 0.096720 0.613301
vt 0.054141 0.841582
vt 0.848071 0.049046
vt 0.343732 0.516366
vt 0.854261 0.020572
vt 0.371461 0.277169
vt 0.382047 0.281498
vt 0.294098 0.739363
vt 0.946992 0.216854
vt 0.411685 0.060126
vt 0.936730 0.284837
vt 0.972781 0.889092
vt 0.960726 0.392157
vt 0.910371 0.409564
vt 0.876948 0.888337
vt 0.869890 0.915022
vt 0.203790 0.104735
vt 0.391560 0.924243
vt 0.379343 0.934969
vt 0.911461 0.190701
vt 0.307880 0.734661
vt 0.310854 0.663536
vt 0.322442 0.730164
vt 0.273648 0.457542
vt 0.310436 0.568613
vt 0.247492 0.460113
vt 0.762273 0.597089
vt 0.739158 0.590104
vt 0.764807 0.097706
vt 0.000688 0.607018
vt 0.919449 0.627502
vt 0.959969 0.132765
vt 0.817183 0.819989
vt 0.525487 0.000124
vt 0.267926 0.980964
vt 0.267926 0.997869
vt 0.245239 0.981796
vt 0.490883 0.771681
vt 0.072931 0.531594
vt 0.300012 0.226234
vt 0.296966 0.237666
vt 0.751960 0.910861
vt 0.379118 0.403754
vt 0.310042 0.229356
vt 0.740580 0.386432
vt 0.985444 0.795165
vt 0.925893 0.471529
vt 0.916386 0.477427
vt 0.822854 0.752056
vt 0.371863 0.990360
vt 0.351111 0.997274
vt 0.334161 0.210998
vt 0.877188 0.724364
vt 0.915169 0.718252
vt 0.900023 0.749261
vt 0.019541 0.224037
vt 0.017231 0.204101
vt 0.434974 0.636440
vt 0.355170 0.861801
vt 0.469227 0.558924
vt 0.477064 0.343689
vt 0.523337 0.152359
vt 0.623785 0.718371
vt 0.611949 0.695243
vt 0.291022 0.980240
vt 0.362635 0.316785
vt 0.125168 0.838926
vt 0.753932 0.787823
vt 0.230540 0.917850
vt 0.042370 0.204123
vt 0.952167 0.563119
vt 0.588405 0.804636
vt 0.089662 0.059844
vt 0.074132 0.058119
vt 0.063550 0.018628
vt 0.895960 0.129847
vt 0.084169 0.761846
vt 0.627387 0.284217
vt 0.842177 0.046959
vt 0.571867 0.145201
vt 0.520961 0.151654
vt 0.244224 0.756979
vt 0.336998 0.444629
vt 0.284195 0.733843
vt 0.417448 0.068662
vt 0.397801 0.938607
vt 0.854290 0.569626
vt 0.239087 0.166986
vt 0.144714 0.535576
vt 0.294806 0.118693
vt 0.336536 0.234260
vt 0.969042 0.336673
vt 0.956253 0.346738
vt 0.314830 0.912715
vt 0.997687 0.678734
vt 0.553931 0.516118
vt 0.995928 0.442374
vt 0.996244 0.433323
vt 0.999942 0.443290
vt 0.401706 0.052953
vt 0.153372 0.641672
vt 0.831437 0.406856
vt 0.100544 0.881919
vt 0.021885 0.097286
vt 0.233771 0.908174
vt 0.367357 0.197540
vt 0.427961 0.125441
vt 0.918442 0.488774
vt 0.902324 0.087790
vt 0.814428 0.165601
vt 0.931864 0.937372
vt 0.401064 0.918883
vt 0.950414 0.113605
vt 0.148161 0.000094
vt 0.289523 0.892099
vt 0.495871 0.976263
vt 0.723082 0.819922
vt 0.093475 0.203405
vt 0.887907 0.126902
vt 0.062119 0.059416
vt 0.109198 0.088451
vt 0.347942 0.217237
vt 0.107851 0.005237
vt 0.993982 0.465938
vt 0.999823 0.458977
vt 0.999647 0.472360
vt 0.509706 0.041528
vt 0.137754 0.480465
vt 0.984244 0.194568
vt 0.411400 0.772403
vt 0.411186 0.786710
vt 0.310496 0.069621
vt 0.105119 0.837253
vt 0.085395 0.816474
vt 0.630657 0.827882
vt 0.083012 0.579991
vt 0.293369 0.976901
vt 0.315821 0.984196
vt 0.297916 0.994705
vt 0.722508 0.224919
vt 0.889892 0.832878
vt 0.999476 0.455337
vt 0.993853 0.429764
vt 0.998947 0.426063
vt 0.999951 0.434546
vt 0.904368 0.968365
vt 0.139383 0.552147
vt 0.905323 0.986811
vt 0.328349 0.628064
vt 0.709054 0.011528
vt 0.630475 0.175095
vt 0.130991 0.079663
vt 0.785820 0.979649
vt 0.775137 0.957912
vt 0.801125 0.961441
vt 0.212166 0.309929
vt 0.750425 0.988352
vt 0.743028 0.979536
vt 0.770653 0.979056
vt 0.062150 0.451167
vt 0.764708 0.991517
vt 0.071488 0.452246
vt 0.166804 0.749035
vt 0.151576 0.759313
vt 0.150353 0.728118
vt 0.083775 0.060251
vt 0.144269 0.087028
vt 0.149054 0.062598
vt 0.155063 0.044102
vt 0.064335 0.062247
vt 0.036870 0.011449
vt 0.159294 0.064593
vt 0.526313 0.058865
vt 0.531818 0.083573
vt 0.523103 0.083414
vt 0.231040 0.763924
vt 0.503387 0.054540
vt 0.958137 0.014081
vt 0.942829 0.003322
vt 0.840000 0.004972
vt 0.909554 0.099979
vt 0.013771 0.404809
vt 0.865532 0.004209
vt 0.003494 0.433792
vt 0.891543 0.009807
vt 0.312086 0.317600
vt 0.292221 0.299190
vt 0.813821 0.830832
vt 0.910631 0.364831
vt 0.291494 0.982428
vt 0.283237 0.994606
vt 0.270199 0.979068
vt 0.270640 0.998217
vt 0.406560 0.626750
vt 0.390019 0.631653
vt 0.632090 0.997867
vt 0.620785 0.990707
vt 0.628367 0.980110
vt 0.612867 0.977869
vt 0.831591 0.060948
vt 0.810780 0.066037
vt 0.411751 0.815890
vt 0.638365 0.978410
vt 0.639069 0.988314
vt 0.881395 0.996326
vt 0.226887 0.041212
vt 0.863907 0.989754
vt 0.279354 0.012981
vt 0.306436 0.002839
vt 0.923175 0.188553
vt 0.118749 0.933223
vt 0.078225 0.097725
vt 0.084404 0.093793
vt 0.084593 0.103389
vt 0.075035 0.109025
vt 0.997502 0.546774
vt 0.999773 0.547722
vt 0.212707 0.975996
vt 0.206670 0.965150
vt 0.211842 0.968950
vt 0.216148 0.965703
vt 0.971665 0.782378
vt 0.433192 0.515471
vt 0.442293 0.522370
vt 0.417625 0.522191
s 1
usemtl Material
f 1/1/1 2/2/2 3/3/3
f 1/1/1 4/4/4 5/5/5
f 1/1/1 5/5/5 2/2/2
f 6/6/6 7/7/7 8/8/8
f 6/9/6 9/10/9 10/11/10
f 6/12/6 11/13/11 9/14/9
f 6/9/6 10/11/10 12/15/12
f 6/6/6 8/8/8 13/16/13
f 6/12/6 13/17/13 11/13/11
f 6/6/6 12/18/12 7/7/7
f 14/19/14 15/20/15 16/21/16
f 14/19/14 17/22/17 15/20/15
f 14/19/14 18/23/18 19/24/19
f 14/19/14 19/24/19 17/22/17
f 14/19/14 20/25/20 18/23/18
f 14/19/14 16/21/16 20/25/20
f 21/26/21 22/27/22 23/28/23
f 21/26/21 24/29/24 25/30/25
f 21/26/21 23/28/23 26/31/26
f 21/26/21 25/30/25 27/32/27
f 21/26/21 26/31/26 24/29/24
f 21/33/21 27/34/27 22/35/22
f 28/36/28 29/37/29 30/38/30
f 28/39/28 31/40/31 32/41/32
f 28/36/28 30/38/30 33/42/33
f 28/39/28 33/43/33 31/40/31
f 28/44/28 34/45/34 29/46/29
f 28/39/28 32/41/32 35/47/35
f 28/44/28 35/48/35 34/45/34
f 36/49/36 37/50/37 38/51/38
f 36/49/36 38/51/38 39/52/39
f 36/53/36 39/54/39 40/55/40
f 36/49/36 41/56/41 37/50/37
f 36/53/36 40/55/40 41/57/41
f 42/58/42 43/59/43 44/60/44
f 42/58/42 45/61/45 46/62/46
f 42/58/42 47/63/47 43/59/43
f 42/58/42 46/62/46 48/64/48
f 42/58/42 44/60/44 45/61/45
f 42/58/42 48/64/48 47/63/47
f 49/65/49 50/66/50 51/67/51
f 49/65/49 52/68/52 53/69/53
f 49/65/49 54/70/54 52/68/52
f 49/65/49 53/69/53 55/71/55
f 49/65/49 55/71/55 50/66/50
f 49/65/49 51/67/51 54/70/54
f 56/72/56 57/73/57 58/74/58
f 56/72/56 58/74/58 59/75/59
f 56/72/56 60/76/60 61/77/61
f 56/72/56 62/78/62 60/76/60
f 56/72/56 59/75/59 62/78/62
f 56/72/56 61/77/61 57/73/57
f 63/79/63 64/80/64 65/81/65
f 63/79/63 66/82/66 67/83/67
f 63/79/63 67/83/67 64/80/64
f 63/84/63 65/85/65 68/86/68
f 63/84/63 69/87/69 70/88/70
f 63/84/63 68/86/68 69/87/69
f 63/84/63 71/89/71 66/90/66
f 63/84/63 70/88/70 71/89/71
f 72/91/72 73/92/73 74/93/74
f 72/94/72 75/95/75 76/96/76
f 72/94/72 77/97/77 75/95/75
f 72/94/72 76/96/76 73/98/73
f 72/91/72 74/93/74 78/99/78
f 72/91/72 78/99/78 77/100/77
f 79/101/79 80/102/80 81/103/81
f 79/101/79 81/103/81 82/104/82
f 79/101/79 82/104/82 83/105/83
f 79/101/79 84/106/84 85/107/85
f 79/101/79 83/105/83 84/106/84
f 79/101/79 85/107/85 86/108/86
f 79/101/79 86/108/86 80/102/80
f 87/109/87 88/110/88 89/111/89
f 87/112/87 90/113/90 91/114/91
f 87/115/87 92/116/92 88/117/88
f 87/109/87 93/118/93 94/119/94
f 87/109/87 89/111/89 93/118/93
f 87/112/87 91/114/91 92/120/92
f 87/112/87 94/121/94 90/113/90
f 95/122/95 96/123/96 97/124/97
f 95/122/95 98/125/98 99/126/99
f 95/122/95 100/127/100 98/125/98
f 95/122/95 99/126/99 96/123/96
f 95/122/95 97/124/97 100/127/100
f 101/128/101 102/129/102 103/130/103
f 101/128/101 104/131/104 105/132/105
f 101/133/101 105/134/105 106/135/106
f 101/133/101 107/136/107 108/137/108
f 101/133/101 108/137/108 109/138/109
f 101/128/101 110/139/110 102/129/102
f 101/133/101 106/135/106 107/136/107
f 111/140/111 112/141/112 113/142/113
f 111/140/111 114/143/114 115/144/115
f 111/140/111 116/145/116 112/141/112
f 111/140/111 113/142/113 117/146/117
f 111/140/111 118/147/118 116/145/116
f 111/140/111 117/146/117 114/143/114
f 111/140/111 115/144/115 118/147/118
f 119/148/119 120/149/120 121/150/121
f 119/148/119 122/151/122 123/152/123
f 119/148/119 124/153/124 120/149/120
f 119/148/119 121/150/121 122/151/122
f 119/148/119 123/152/123 124/153/124
f 125/154/125 126/155/126 127/156/127
f 125/154/125 128/157/128 129/158/129
f 125/154/125 130/159/130 126/155/126
f 125/154/125 129/158/129 130/159/130
f 125/154/125 127/156/127 128/157/128
f 131/160/131 15/20/15 17/22/17
f 131/160/131 17/22/17 132/161/132
f 131/160/131 133/162/133 134/163/134
f 131/160/131 135/164/135 133/162/133
f 131/160/131 132/161/132 135/164/135
f 131/160/131 134/163/134 136/165/136
f 131/160/131 136/165/136 15/20/15
f 137/166/137 138/167/138 139/168/139
f 137/166/137 140/169/140 138/167/138
f 137/166/137 139/168/139 141/170/141
f 137/166/137 141/170/141 140/169/140
f 142/171/142 143/172/143 144/173/144
f 142/171/142 145/174/145 143/172/143
f 142/171/142 144/173/144 146/175/146
f 142/171/142 147/176/147 148/177/148
f 142/171/142 146/175/146 147/176/147
f 142/171/142 148/177/148 145/174/145
f 149/178/149 150/179/150 151/180/151
f 149/178/149 152/181/152 150/179/150
f 149/182/149 153/183/153 154/184/154
f 149/185/149 155/186/155 153/187/153
f 149/185/149 156/188/156 155/186/155
f 149/178/149 151/180/151 156/189/156
f 149/182/149 154/184/154 152/190/152
f 157/191/157 158/192/158 159/193/159
f 157/191/157 160/194/160 158/192/158
f 157/195/157 159/196/159 161/197/161
f 162/198/162 163/199/163 164/200/164
f 162/198/162 165/201/165 166/202/166
f 162/198/162 164/200/164 167/203/167
f 162/198/162 167/203/167 168/204/168
f 162/198/162 168/204/168 165/201/165
f 162/198/162 166/202/166 163/199/163
f 169/205/169 170/206/170 171/207/171
f 169/205/169 172/208/172 173/209/173
f 169/205/169 174/210/174 172/208/172
f 169/205/169 173/209/173 170/206/170
f 169/211/169 175/212/175 174/213/174
f 169/205/169 171/207/171 175/214/175
f 176/215/176 177/216/177 178/217/178
f 176/215/176 179/218/179 180/219/180
f 176/215/176 180/219/180 181/220/181
f 176/215/176 178/217/178 179/218/179
f 176/215/176 182/221/182 177/216/177
f 176/215/176 181/220/181 182/221/182
f 183/222/183 184/223/184 185/224/185
f 183/222/183 186/225/186 187/226/187
f 183/222/183 185/224/185 186/225/186
f 183/222/183 188/227/188 184/223/184
f 183/222/183 187/226/187 188/227/188
f 189/228/189 190/229/190 191/230/191
f 189/228/189 192/231/192 193/232/193
f 189/228/189 194/233/194 192/231/192
f 189/228/189 195/234/195 194/233/194
f 189/228/189 191/230/191 195/234/195
f 189/228/189 193/232/193 190/229/190
f 196/235/196 197/236/197 198/237/198
f 196/238/196 198/239/198 199/240/199
f 196/241/196 200/242/200 201/243/201
f 196/238/196 199/240/199 202/244/202
f 196/235/196 201/245/201 203/246/203
f 196/235/196 203/246/203 197/236/197
f 196/241/196 202/247/202 200/242/200
f 204/248/204 205/249/205 206/250/206
f 204/251/204 207/252/207 208/253/208
f 204/248/204 208/254/208 209/255/209
f 204/248/204 209/255/209 205/249/205
f 204/248/204 206/250/206 207/256/207
f 210/257/210 211/258/211 212/259/212
f 210/257/210 213/260/213 214/261/214
f 210/257/210 212/259/212 213/260/213
f 210/257/210 215/262/215 211/258/211
f 210/257/210 214/261/214 215/262/215
f 216/263/216 217/264/217 218/265/218
f 216/263/216 219/266/219 220/267/220
f 216/263/216 220/267/220 221/268/221
f 216/263/216 222/269/222 217/264/217
f 216/263/216 221/268/221 222/269/222
f 216/263/216 218/265/218 219/266/219
f 223/270/223 224/271/224 225/272/225
f 223/270/223 225/272/225 226/273/226
f 223/270/223 226/273/226 227/274/227
f 228/275/228 229/276/229 230/277/230
f 228/275/228 230/277/230 231/278/231
f 228/279/228 231/280/231 232/281/232
f 228/279/228 232/281/232 233/282/233
f 228/279/228 233/282/233 229/283/229
f 234/284/234 235/285/235 236/286/236
f 234/284/234 237/287/237 238/288/238
f 234/284/234 238/288/238 235/285/235
f 234/284/234 236/286/236 239/289/239
f 234/284/234 240/290/240 241/291/241
f 234/284/234 241/291/241 237/287/237
f 234/284/234 239/289/239 240/290/240
f 242/292/242 243/293/243 244/294/244
f 242/292/242 245/295/245 246/296/246
f 242/292/242 247/297/247 245/295/245
f 242/292/242 244/294/244 248/298/248
f 242/292/242 248/298/248 247/297/247
f 242/292/242 246/296/246 243/293/243
f 249/299/249 250/300/250 251/301/251
f 249/299/249 252/302/252 250/300/250
f 249/299/249 253/303/253 254/304/254
f 249/299/249 254/304/254 255/305/255
f 249/299/249 251/301/251 253/303/253
f 249/299/249 255/305/255 252/302/252
f 256/306/256 257/307/257 258/308/258
f 256/306/256 258/308/258 259/309/259
f 256/306/256 259/309/259 260/310/260
f 256/306/256 261/311/261 257/307/257
f 256/306/256 260/310/260 261/311/261
f 262/312/262 263/313/263 264/314/264
f 262/312/262 265/315/265 266/316/266
f 262/312/262 267/317/267 263/313/263
f 262/312/262 268/318/268 267/317/267
f 262/312/262 266/316/266 268/318/268
f 262/312/262 264/314/264 265/315/265
f 269/319/269 270/320/270 271/321/271
f 269/319/269 272/322/272 273/323/273
f 269/319/269 273/323/273 274/324/274
f 269/319/269 275/325/275 270/320/270
f 269/319/269 274/324/274 275/325/275
f 269/319/269 271/321/271 272/322/272
f 276/326/276 277/327/277 278/328/278
f 276/329/276 279/330/279 280/331/280
f 276/332/276 281/333/281 279/334/279
f 276/329/276 280/331/280 277/335/277
f 276/326/276 278/328/278 281/336/281
f 282/337/282 283/338/283 284/339/284
f 282/340/282 285/341/285 286/342/286
f 282/337/282 286/343/286 283/338/283
f 282/337/282 284/339/284 287/344/287
f 282/337/282 287/344/287 288/345/288
f 282/337/282 288/345/288 285/346/285
f 289/347/289 290/348/290 291/349/291
f 289/347/289 291/349/291 292/350/292
f 289/351/289 292/352/292 293/353/293
f 289/354/289 294/355/294 290/356/290
f 289/357/289 293/358/293 294/359/294
f 295/360/295 296/361/296 297/362/297
f 295/360/295 298/363/298 296/361/296
f 295/360/295 299/364/299 300/365/300
f 295/366/295 301/367/301 298/368/298
f 295/366/295 300/369/300 301/367/301
f 302/370/302 303/371/303 304/372/304
f 302/370/302 305/373/305 303/371/303
f 302/374/302 306/375/306 305/376/305
f 302/374/302 307/377/307 306/375/306
f 302/374/302 308/378/308 307/377/307
f 302/370/302 304/372/304 308/379/308
f 309/380/309 310/381/310 311/382/311
f 309/383/309 312/384/312 313/385/313
f 309/380/309 311/382/311 314/386/314
f 309/380/309 314/386/314 312/387/312
f 309/380/309 315/388/315 310/381/310
f 309/383/309 313/385/313 315/389/315
f 316/390/316 317/391/317 318/392/318
f 316/390/316 318/392/318 319/393/319
f 316/390/316 319/393/319 320/394/320
f 316/395/316 321/396/321 322/397/322
f 316/395/316 323/398/323 317/399/317
f 316/395/316 320/400/320 321/396/321
f 316/395/316 322/397/322 323/398/323
f 324/401/324 325/402/325 326/403/326
f 324/401/324 327/404/327 328/405/328
f 324/401/324 329/406/329 327/404/327
f 324/401/324 328/405/328 325/402/325
f 324/401/324 326/403/326 329/406/329
f 330/407/330 331/408/331 332/409/332
f 330/407/330 332/409/332 333/410/333
f 330/407/330 334/411/334 335/412/335
f 330/413/330 336/414/336 334/415/334
f 330/407/330 335/412/335 331/408/331
f 330/413/330 333/416/333 336/414/336
f 337/417/337 338/418/338 339/419/339
f 337/420/337 340/421/340 341/422/341
f 337/423/337 342/424/342 340/425/340
f 337/423/337 339/426/339 342/424/342
f 337/417/337 343/427/343 338/418/338
f 337/420/337 341/422/341 343/428/343
f 344/429/344 345/430/345 346/431/346
f 344/429/344 347/432/347 345/430/345
f 344/433/344 348/434/348 347/435/347
f 344/429/344 349/436/349 350/437/350
f 344/429/344 346/431/346 349/436/349
f 344/433/344 350/438/350 351/439/351
f 344/433/344 351/439/351 348/434/348
f 352/440/352 353/441/353 354/442/354
f 352/443/352 355/444/355 356/445/356
f 352/443/352 357/446/357 358/447/358
f 352/440/352 356/448/356 353/441/353
f 352/440/352 354/442/354 357/449/357
f 352/443/352 358/447/358 355/444/355
f 359/450/359 360/451/360 361/452/361
f 359/453/359 362/454/362 363/455/363
f 359/450/359 361/452/361 364/456/364
f 359/453/359 363/455/363 365/457/365
f 359/450/359 364/456/364 362/458/362
f 359/453/359 365/457/365 366/459/366
f 359/453/359 366/459/366 360/460/360
f 367/461/367 368/462/368 369/463/369
f 367/461/367 369/463/369 370/464/370
f 367/461/367 371/465/371 368/462/368
f 367/461/367 370/464/370 372/466/372
f 367/461/367 373/467/373 371/465/371
f 367/461/367 372/466/372 373/467/373
f 374/468/374 375/469/375 376/470/376
f 374/471/374 377/472/377 378/473/378
f 374/468/374 379/474/379 375/469/375
f 374/475/374 376/476/376 380/477/380
f 374/471/374 381/478/381 379/479/379
f 374/471/374 378/473/378 381/478/381
f 374/471/374 380/480/380 377/472/377
f 382/481/382 120/482/120 383/483/383
f 382/484/382 384/485/384 121/486/121
f 382/487/382 121/150/121 120/149/120
f 385/488/385 386/489/386 387/490/387
f 385/491/385 388/492/388 389/493/389
f 385/488/385 389/494/389 390/495/390
f 385/491/385 387/496/387 388/492/388
f 385/488/385 390/495/390 386/489/386
f 391/497/391 392/498/392 393/499/393
f 391/500/391 394/501/394 395/502/395
f 391/497/391 393/499/393 396/503/396
f 391/500/391 396/504/396 394/501/394
f 391/497/391 395/505/395 392/498/392
f 397/506/397 398/507/398 399/508/399
f 397/506/397 400/509/400 401/510/401
f 397/506/397 399/508/399 402/511/402
f 397/506/397 402/511/402 400/509/400
f 397/506/397 401/510/401 398/507/398
f 403/512/403 404/513/404 405/514/405
f 403/512/403 406/515/406 404/513/404
f 403/512/403 407/516/407 406/515/406
f 403/512/403 405/514/405 408/517/408
f 403/512/403 408/517/408 407/516/407
f 409/518/409 410/519/410 411/520/411
f 409/521/409 412/522/412 413/523/413
f 409/521/409 414/524/414 412/522/412
f 409/525/409 415/526/415 416/527/416
f 409/518/409 413/528/413 410/519/410
f 409/529/409 417/530/417 414/531/414
f 409/525/409 411/532/411 415/526/415
f 409/529/409 416/533/416 417/530/417
f 418/534/418 419/535/419 420/536/420
f 418/537/418 421/538/421 422/539/422
f 418/534/418 423/540/423 421/541/421
f 418/537/418 422/539/422 419/542/419
f 418/534/418 420/536/420 423/540/423
f 424/543/424 425/544/425 426/545/426
f 424/546/424 427/547/427 425/548/425
f 424/549/424 428/550/428 429/551/429
f 424/549/424 429/551/429 430/552/430
f 424/549/424 430/552/430 427/553/427
f 424/543/424 426/545/426 428/554/428
f 431/555/431 432/556/432 433/557/433
f 431/555/431 433/557/433 434/558/434
f 431/559/431 435/560/435 432/561/432
f 431/555/431 436/562/436 437/563/437
f 431/555/431 434/558/434 436/562/436
f 431/559/431 437/564/437 438/565/438
f 431/559/431 439/566/439 435/560/435
f 431/559/431 438/565/438 439/566/439
f 440/567/440 441/568/441 442/569/442
f 440/567/440 443/570/443 444/571/444
f 440/567/440 445/572/445 441/568/441
f 440/567/440 446/573/446 445/572/445
f 440/567/440 442/569/442 443/570/443
f 440/567/440 444/571/444 446/573/446
f 447/574/447 448/575/448 449/576/449
f 447/577/447 450/578/450 451/579/451
f 447/574/447 449/576/449 452/580/452
f 447/581/447 451/582/451 453/583/453
f 447/574/447 453/584/453 448/575/448
f 447/574/447 452/580/452 450/585/450
f 454/586/454 455/587/455 456/588/456
f 454/586/454 457/589/457 455/587/455
f 454/586/454 456/588/456 458/590/458
f 454/586/454 459/591/459 457/589/457
f 454/586/454 458/590/458 459/591/459
f 460/592/460 461/593/461 462/594/462
f 460/595/460 463/596/463 464/597/464
f 460/595/460 462/598/462 465/599/465
f 460/595/460 464/597/464 466/600/466
f 460/595/460 465/599/465 463/596/463
f 460/592/460 466/601/466 461/593/461
f 7/7/7 467/602/467 468/603/468
f 7/7/7 468/603/468 469/604/469
f 7/7/7 469/604/469 8/8/8
f 7/7/7 12/18/12 467/602/467
f 470/605/470 471/606/471 472/607/472
f 470/605/470 473/608/473 474/609/474
f 470/605/470 474/609/474 471/606/471
f 470/605/470 475/610/475 473/608/473
f 470/611/470 472/612/472 476/613/476
f 470/611/470 476/613/476 477/614/477
f 470/605/470 477/615/477 475/610/475
f 80/102/80 478/616/478 81/103/81
f 80/102/80 479/617/479 478/616/478
f 80/102/80 480/618/480 479/617/479
f 80/102/80 481/619/481 480/618/480
f 80/102/80 86/108/86 481/619/481
f 482/620/482 483/621/483 92/116/92
f 482/622/482 92/120/92 484/623/484
f 482/624/482 485/625/485 486/626/486
f 482/624/482 487/627/487 485/625/485
f 482/624/482 486/626/486 483/628/483
f 482/624/482 484/629/484 487/627/487
f 488/630/488 489/631/489 490/632/490
f 488/630/488 490/632/490 491/633/491
f 488/630/488 491/633/491 492/634/492
f 488/635/488 493/636/493 494/637/494
f 488/630/488 492/634/492 495/638/495
f 488/635/488 495/639/495 493/636/493
f 488/630/488 494/640/494 489/631/489
f 496/641/496 497/642/497 124/643/124
f 496/644/496 124/153/124 123/152/123
f 496/641/496 498/645/498 497/642/497
f 496/646/496 499/647/499 500/648/500
f 496/644/496 123/152/123 499/649/499
f 496/650/496 500/651/500 498/652/498
f 501/653/501 502/654/502 503/655/503
f 501/656/501 504/657/504 505/658/505
f 501/653/501 505/659/505 506/660/506
f 501/656/501 503/661/503 507/662/507
f 501/653/501 506/660/506 508/663/508
f 501/656/501 507/662/507 504/657/504
f 501/653/501 508/663/508 502/654/502
f 509/664/509 510/665/510 511/666/511
f 512/667/512 513/668/513 514/669/514
f 512/667/512 514/669/514 515/670/515
f 512/667/512 516/671/516 513/668/513
f 512/667/512 517/672/517 516/671/516
f 512/667/512 515/670/515 517/672/517
f 518/673/518 519/674/519 520/675/520
f 518/673/518 520/675/520 521/676/521
f 518/677/518 521/678/521 522/679/522
f 523/680/523 524/681/524 141/170/141
f 523/682/523 525/683/525 526/684/526
f 523/685/523 527/686/527 528/687/528
f 523/682/523 526/684/526 524/688/524
f 523/685/523 528/687/528 525/689/525
f 523/680/523 141/170/141 527/690/527
f 170/691/170 529/692/529 530/693/530
f 170/206/170 173/209/173 529/694/529
f 170/691/170 530/693/530 171/695/171
f 531/696/531 532/697/532 533/698/533
f 531/696/531 534/699/534 535/700/535
f 531/696/531 536/701/536 537/702/537
f 531/696/531 535/700/535 532/697/532
f 531/696/531 533/698/533 536/701/536
f 531/696/531 537/702/537 534/699/534
f 538/703/538 539/704/539 540/705/540
f 538/706/538 541/707/541 542/708/542
f 538/709/538 542/710/542 539/711/539
f 538/712/538 543/713/543 541/714/541
f 538/712/538 544/715/544 543/713/543
f 538/703/538 540/705/540 544/716/544
f 545/717/545 546/718/546 547/719/547
f 545/717/545 547/719/547 548/720/548
f 545/721/545 549/722/549 550/723/550
f 545/721/545 548/724/548 549/722/549
f 545/721/545 550/723/550 546/725/546
f 551/726/551 299/727/299 552/728/552
f 551/726/551 552/728/552 553/729/553
f 551/726/551 300/730/300 299/727/299
f 551/726/551 553/729/553 300/730/300
f 9/14/9 11/13/11 554/731/554
f 9/10/9 128/732/128 555/733/555
f 9/734/9 554/735/554 128/157/128
f 9/10/9 555/733/555 10/11/10
f 15/20/15 556/736/556 393/499/393
f 15/20/15 393/499/393 16/21/16
f 15/20/15 136/165/136 556/736/556
f 557/737/557 558/738/558 559/739/559
f 557/740/557 560/741/560 561/742/561
f 557/743/557 561/744/561 558/745/558
f 557/740/557 562/746/562 560/741/560
f 557/740/557 563/747/563 562/746/562
f 557/740/557 559/748/559 563/747/563
f 564/749/564 565/750/565 566/751/566
f 564/749/564 567/752/567 565/750/565
f 564/749/564 568/753/568 567/752/567
f 564/749/564 566/751/566 568/753/568
f 569/754/569 570/755/570 571/756/571
f 569/754/569 572/757/572 573/758/573
f 569/754/569 574/759/574 570/755/570
f 569/754/569 571/756/571 575/760/575
f 569/761/569 575/762/575 572/763/572
f 569/754/569 573/758/573 574/759/574
f 576/764/576 577/765/577 578/766/578
f 576/764/576 579/767/579 580/768/580
f 576/764/576 578/766/578 579/767/579
f 576/764/576 581/769/581 577/765/577
f 576/764/576 582/770/582 581/769/581
f 576/764/576 580/768/580 582/770/582
f 583/771/583 584/772/584 585/773/585
f 583/771/583 586/774/586 584/772/584
f 583/771/583 587/775/587 586/774/586
f 588/776/588 102/777/102 589/778/589
f 588/779/588 590/780/590 591/781/591
f 588/779/588 591/781/591 102/782/102
f 592/783/592 593/784/593 594/785/594
f 592/783/592 595/786/595 596/787/596
f 592/783/592 594/785/594 166/788/166
f 592/783/592 597/789/597 593/784/593
f 592/783/592 596/787/596 597/789/597
f 592/783/592 166/788/166 595/786/595
f 598/790/598 599/791/599 600/792/600
f 598/790/598 601/793/601 599/791/599
f 598/790/598 600/792/600 602/794/602
f 598/790/598 602/794/602 601/793/601
f 603/795/603 604/796/604 605/797/605
f 603/795/603 605/797/605 606/798/606
f 603/795/603 606/798/606 607/799/607
f 603/795/603 608/800/608 609/801/609
f 603/795/603 609/801/609 604/796/604
f 603/795/603 607/799/607 608/800/608
f 257/307/257 261/311/261 610/802/610
f 611/803/611 612/804/612 613/805/613
f 611/803/611 614/806/614 615/807/615
f 611/803/611 616/808/616 617/809/617
f 611/803/611 613/805/613 614/806/614
f 611/803/611 617/809/617 612/804/612
f 611/803/611 615/807/615 616/808/616
f 618/810/618 619/811/619 620/812/620
f 618/810/618 621/813/621 622/814/622
f 618/815/618 620/816/620 623/817/623
f 618/815/618 623/817/623 624/818/624
f 618/815/618 624/818/624 621/819/621
f 618/810/618 622/814/622 625/820/625
f 618/810/618 625/820/625 619/811/619
f 205/821/205 626/822/626 627/823/627
f 205/249/205 628/824/628 206/250/206
f 205/821/205 629/825/629 630/826/630
f 205/249/205 209/255/209 629/827/629
f 205/821/205 630/826/630 626/822/626
f 205/828/205 627/829/627 628/830/628
f 631/831/631 632/832/632 633/833/633
f 631/831/631 633/833/633 634/834/634
f 631/831/631 635/835/635 215/836/215
f 631/831/631 215/836/215 636/837/636
f 631/831/631 636/837/636 632/832/632
f 631/831/631 634/834/634 635/835/635
f 637/838/637 638/839/638 639/840/639
f 637/841/637 640/842/640 641/843/641
f 637/841/637 642/844/642 643/845/643
f 637/841/637 639/846/639 642/844/642
f 637/841/637 643/845/643 640/842/640
f 637/841/637 641/843/641 638/847/638
f 644/848/644 645/849/645 646/850/646
f 644/848/644 647/851/647 648/852/648
f 644/848/644 649/853/649 650/854/650
f 644/848/644 651/855/651 645/849/645
f 644/848/644 646/850/646 649/853/649
f 644/848/644 648/852/648 651/855/651
f 644/848/644 650/854/650 647/851/647
f 652/856/652 653/857/653 654/858/654
f 652/859/652 655/860/655 656/861/656
f 652/859/652 656/861/656 657/862/657
f 652/859/652 654/863/654 655/860/655
f 652/859/652 657/862/657 653/864/653
f 658/865/658 659/866/659 402/867/402
f 658/865/658 660/868/660 661/869/661
f 658/865/658 661/869/661 659/866/659
f 658/865/658 662/870/662 660/868/660
f 658/865/658 402/867/402 662/870/662
f 663/871/663 664/872/664 665/873/665
f 663/871/663 666/874/666 667/875/667
f 663/871/663 668/876/668 669/877/669
f 663/878/663 667/879/667 248/298/248
f 663/871/663 669/877/669 666/874/666
f 663/871/663 665/873/665 668/876/668
f 663/871/663 248/880/248 664/872/664
f 670/881/670 671/882/671 672/883/672
f 670/884/670 673/885/673 674/886/674
f 670/881/670 672/883/672 675/887/675
f 670/888/670 675/889/675 676/890/676
f 670/891/670 674/892/674 671/893/671
f 670/884/670 676/894/676 673/885/673
f 677/895/677 678/896/678 475/897/475
f 677/898/677 286/342/286 679/899/679
f 677/898/677 680/900/680 681/901/681
f 677/898/677 679/899/679 680/900/680
f 677/895/677 475/897/475 286/343/286
f 677/898/677 681/901/681 678/902/678
f 682/903/682 683/904/683 560/741/560
f 682/903/682 684/905/684 685/906/685
f 682/907/682 686/908/686 683/909/683
f 682/903/682 560/741/560 684/905/684
f 682/903/682 685/906/685 687/910/687
f 682/907/682 687/911/687 686/908/686
f 688/912/688 689/913/689 690/914/690
f 688/912/688 691/915/691 692/916/692
f 688/912/688 690/914/690 691/915/691
f 688/912/688 693/917/693 694/918/694
f 688/912/688 692/916/692 693/917/693
f 688/912/688 694/918/694 689/913/689
f 695/919/695 696/920/696 697/921/697
f 695/919/695 698/922/698 699/923/699
f 695/919/695 363/455/363 698/922/698
f 695/919/695 697/921/697 700/924/700
f 695/919/695 699/923/699 696/920/696
f 695/919/695 700/924/700 363/455/363
f 701/925/701 702/926/702 703/927/703
f 701/925/701 704/928/704 705/929/705
f 701/925/701 703/927/703 706/930/706
f 701/925/701 707/931/707 704/928/704
f 701/925/701 706/930/706 708/932/708
f 701/925/701 705/929/705 702/926/702
f 701/925/701 708/932/708 707/931/707
f 709/933/709 710/934/710 711/935/711
f 709/936/709 712/937/712 713/938/713
f 709/933/709 711/935/711 714/939/714
f 709/936/709 713/938/713 617/809/617
f 709/936/709 617/809/617 710/940/710
f 709/933/709 714/939/714 712/941/712
f 715/942/715 620/812/620 716/943/716
f 715/944/715 717/945/717 620/816/620
f 715/944/715 718/946/718 719/947/719
f 715/944/715 719/947/719 717/945/717
f 715/942/715 716/943/716 718/948/718
f 720/949/720 721/950/721 722/951/722
f 720/949/720 723/952/723 724/953/724
f 720/949/720 725/954/725 726/955/726
f 720/949/720 722/951/722 725/954/725
f 720/949/720 726/955/726 723/952/723
f 720/949/720 724/953/724 721/950/721
f 727/956/727 728/957/728 729/958/729
f 727/956/727 730/959/730 731/960/731
f 727/956/727 729/958/729 730/959/730
f 727/956/727 731/960/731 728/957/728
f 732/961/732 733/962/733 271/321/271
f 732/961/732 734/963/734 735/964/735
f 732/965/732 736/966/736 737/967/737
f 732/968/732 735/969/735 736/970/736
f 732/965/732 737/967/737 733/971/733
f 732/961/732 271/321/271 734/963/734
f 738/972/738 739/973/739 740/974/740
f 738/972/738 741/975/741 742/976/742
f 738/972/738 743/977/743 744/978/744
f 738/972/738 740/974/740 741/975/741
f 738/972/738 742/976/742 743/977/743
f 738/972/738 744/978/744 739/973/739
f 745/979/745 746/980/746 747/981/747
f 745/982/745 748/983/748 749/984/749
f 745/979/745 750/985/750 746/980/746
f 745/979/745 749/986/749 750/985/750
f 638/839/638 751/987/751 639/840/639
f 638/988/638 752/989/752 751/990/751
f 638/988/638 753/991/753 752/989/752
f 638/992/638 641/993/641 753/994/753
f 754/995/754 755/996/755 756/997/756
f 754/998/754 757/999/757 356/448/356
f 754/995/754 756/997/756 758/1000/758
f 754/995/754 758/1000/758 757/1001/757
f 754/998/754 356/448/356 759/1002/759
f 754/995/754 759/1003/759 755/996/755
f 760/1004/760 761/1005/761 762/1006/762
f 760/1004/760 763/1007/763 764/1008/764
f 760/1004/760 762/1006/762 763/1007/763
f 760/1004/760 764/1008/764 765/1009/765
f 766/1010/766 767/1011/767 768/1012/768
f 766/1010/766 769/1013/769 767/1011/767
f 766/1010/766 45/61/45 769/1013/769
f 766/1010/766 46/62/46 45/61/45
f 766/1010/766 768/1012/768 46/62/46
f 770/1014/770 771/1015/771 772/1016/772
f 770/1017/770 773/1018/773 774/1019/774
f 770/1017/770 775/1020/775 771/1021/771
f 770/1022/770 772/1023/772 776/1024/776
f 770/1017/770 774/1019/774 775/1020/775
f 770/1022/770 776/1024/776 773/1025/773
f 777/1026/777 778/1027/778 779/1028/779
f 777/1026/777 780/1029/780 781/1030/781
f 777/1026/777 779/1028/779 782/1031/782
f 777/1032/777 782/1033/782 783/1034/783
f 777/1026/777 784/1035/784 778/1027/778
f 777/1032/777 783/1034/783 780/1036/780
f 777/1026/777 781/1030/781 784/1035/784
f 368/1037/368 785/1038/785 786/1039/786
f 368/462/368 786/1040/786 369/463/369
f 368/1037/368 787/1041/787 785/1038/785
f 368/462/368 371/465/371 787/1042/787
f 710/934/710 788/1043/788 711/935/711
f 710/940/710 616/808/616 789/1044/789
f 710/934/710 789/1045/789 788/1043/788
f 710/940/710 617/809/617 616/808/616
f 619/811/619 790/1046/790 716/943/716
f 619/811/619 791/1047/791 792/1048/792
f 619/811/619 625/820/625 791/1047/791
f 619/811/619 716/943/716 620/812/620
f 619/811/619 792/1048/792 790/1046/790
f 793/1049/793 794/1050/794 795/1051/795
f 793/1052/793 796/1053/796 797/1054/797
f 793/1049/793 795/1051/795 798/1055/798
f 793/1052/793 797/1054/797 794/1056/794
f 799/1057/799 186/225/186 185/224/185
f 799/1058/799 185/1059/185 800/1060/800
f 799/1057/799 801/1061/801 802/1062/802
f 799/1057/799 802/1062/802 186/225/186
f 799/1058/799 800/1060/800 801/1063/801
f 803/1064/803 804/1065/804 805/1066/805
f 803/1064/803 806/1067/806 804/1065/804
f 803/1064/803 805/1066/805 807/1068/807
f 803/1064/803 807/1068/807 808/1069/808
f 803/1064/803 808/1069/808 809/1070/809
f 803/1064/803 809/1070/809 806/1067/806
f 810/1071/810 811/1072/811 812/1073/812
f 810/1071/810 813/1074/813 814/1075/814
f 810/1071/810 814/1075/814 811/1072/811
f 815/1076/815 816/1077/816 817/1078/817
f 815/1076/815 818/1079/818 819/1080/819
f 815/1076/815 819/1080/819 816/1077/816
f 820/1081/820 22/1082/22 27/1083/27
f 820/1084/820 821/1085/821 822/1086/822
f 820/1081/820 823/1087/823 824/1088/824
f 820/1084/820 822/1086/822 22/1089/22
f 820/1081/820 824/1088/824 821/1090/821
f 820/1081/820 27/1083/27 823/1087/823
f 825/1091/825 826/1092/826 827/1093/827
f 825/1091/825 828/1094/828 826/1092/826
f 825/1091/825 355/1095/355 828/1094/828
f 825/1091/825 759/1096/759 355/1095/355
f 825/1091/825 827/1093/827 759/1096/759
f 829/1097/829 830/1098/830 762/1006/762
f 829/1097/829 831/1099/831 832/1100/832
f 829/1097/829 761/1005/761 831/1099/831
f 829/1097/829 832/1100/832 830/1098/830
f 829/1097/829 762/1006/762 761/1005/761
f 833/1101/833 834/1102/834 835/1103/835
f 833/1101/833 835/1103/835 836/1104/836
f 833/1105/833 836/1106/836 372/466/372
f 833/1101/833 837/1107/837 838/1108/838
f 833/1101/833 838/1108/838 834/1102/834
f 833/1101/833 372/1109/372 837/1107/837
f 839/1110/839 840/1111/840 168/204/168
f 839/1110/839 478/1112/478 479/1113/479
f 839/1110/839 479/1113/479 840/1111/840
f 839/1110/839 167/203/167 478/1112/478
f 839/1110/839 168/204/168 167/203/167
f 841/1114/841 842/1115/842 843/1116/843
f 841/1114/841 843/1116/843 484/623/484
f 841/1114/841 91/114/91 844/1117/844
f 841/1114/841 844/1117/844 845/1118/845
f 841/1114/841 845/1118/845 842/1115/842
f 841/1114/841 484/623/484 91/114/91
f 846/1119/846 847/1120/847 848/1121/848
f 846/1119/846 849/1122/849 847/1120/847
f 846/1119/846 850/1123/850 849/1122/849
f 846/1119/846 851/1124/851 850/1123/850
f 846/1119/846 852/1125/852 851/1124/851
f 846/1119/846 848/1121/848 852/1125/852
f 853/1126/853 854/1127/854 855/1128/855
f 853/1126/853 856/1129/856 857/1130/857
f 853/1126/853 858/1131/858 859/1132/859
f 853/1126/853 857/1130/857 854/1127/854
f 853/1126/853 855/1128/855 860/1133/860
f 853/1126/853 860/1133/860 858/1131/858
f 853/1126/853 859/1132/859 856/1129/856
f 345/430/345 861/1134/861 346/431/346
f 345/430/345 347/432/347 862/1135/862
f 345/430/345 862/1135/862 861/1134/861
f 863/1136/863 864/1137/864 865/1138/865
f 863/1139/863 865/1140/865 866/1141/866
f 863/1136/863 867/1142/867 868/1143/868
f 863/1139/863 866/1141/866 869/1144/869
f 863/1139/863 869/1144/869 867/1145/867
f 863/1136/863 868/1143/868 864/1137/864
f 870/1146/870 871/1147/871 872/1148/872
f 870/1146/870 873/1149/873 874/1150/874
f 870/1146/870 874/1150/874 871/1147/871
f 870/1146/870 872/1148/872 873/1149/873
f 875/1151/875 876/1152/876 877/1153/877
f 875/1151/875 878/1154/878 879/1155/879
f 875/1151/875 880/1156/880 876/1152/876
f 875/1151/875 877/1153/877 881/1157/881
f 875/1158/875 879/1159/879 880/1160/880
f 875/1151/875 881/1157/881 878/1154/878
f 882/1161/882 883/1162/883 884/1163/884
f 882/1164/882 885/1165/885 883/1166/883
f 882/1161/882 884/1163/884 886/1167/886
f 882/1161/882 113/1168/113 885/1169/885
f 882/1161/882 117/1170/117 113/1168/113
f 882/1161/882 886/1167/886 117/1170/117
f 887/1171/887 888/1172/888 889/1173/889
f 887/1171/887 890/1174/890 888/1172/888
f 891/1175/891 386/489/386 892/1176/892
f 891/1175/891 893/1177/893 894/1178/894
f 891/1175/891 894/1178/894 386/489/386
f 891/1175/891 892/1176/892 895/1179/895
f 891/1175/891 895/1179/895 893/1177/893
f 896/1180/896 897/1181/897 898/1182/898
f 896/1183/896 899/1184/899 897/1185/897
f 896/1180/896 898/1182/898 900/1186/900
f 896/1183/896 901/1187/901 902/1188/902
f 896/1183/896 902/1188/902 899/1184/899
f 896/1183/896 903/1189/903 901/1187/901
f 896/1180/896 900/1186/900 904/1190/904
f 896/1183/896 904/1191/904 903/1189/903
f 905/1192/905 906/1193/906 907/1194/907
f 905/1195/905 907/1196/907 908/1197/908
f 905/1195/905 908/1197/908 909/1198/909
f 905/1195/905 910/1199/910 906/1200/906
f 905/1195/905 909/1198/909 910/1199/910
f 911/1201/911 912/1202/912 913/1203/913
f 911/1201/911 914/1204/914 915/1205/915
f 911/1201/911 916/1206/916 914/1204/914
f 911/1201/911 917/1207/917 916/1206/916
f 911/1201/911 913/1203/913 917/1207/917
f 911/1201/911 915/1205/915 912/1202/912
f 918/1208/918 99/126/99 919/1209/919
f 918/1208/918 920/1210/920 99/126/99
f 918/1211/918 921/1212/921 920/1213/920
f 922/1214/922 923/1215/923 924/1216/924
f 922/1214/922 924/1216/924 925/1217/925
f 922/1214/922 926/1218/926 927/1219/927
f 922/1214/922 925/1217/925 928/1220/928
f 922/1214/922 927/1219/927 923/1215/923
f 922/1214/922 928/1220/928 929/1221/929
f 922/1214/922 929/1221/929 926/1218/926
f 930/1222/930 931/1223/931 932/1224/932
f 930/1222/930 933/1225/933 931/1223/931
f 930/1226/930 934/1227/934 575/762/575
f 930/1226/930 932/1228/932 934/1227/934
f 930/1229/930 935/1230/935 933/1231/933
f 930/1226/930 575/762/575 935/1232/935
f 150/179/150 152/181/152 536/1233/536
f 150/179/150 536/1233/536 533/1234/533
f 150/179/150 533/1234/533 151/180/151
f 936/1235/936 937/1236/937 938/1237/938
f 936/1235/936 938/1237/938 939/1238/939
f 936/1235/936 939/1238/939 940/1239/940
f 936/1235/936 941/1240/941 942/1241/942
f 936/1235/936 940/1239/940 941/1240/941
f 936/1235/936 942/1241/942 937/1236/937
f 943/1242/943 944/1243/944 945/1244/945
f 943/1242/943 946/1245/946 947/1246/947
f 943/1242/943 947/1246/947 948/1247/948
f 943/1242/943 948/1247/948 949/1248/949
f 943/1242/943 949/1248/949 944/1243/944
f 943/1242/943 945/1244/945 946/1245/946
f 950/1249/950 951/1250/951 952/1251/952
f 950/1252/950 953/1253/953 954/1254/954
f 950/1249/950 952/1251/952 955/1255/955
f 950/1249/950 956/1256/956 957/1257/957
f 950/1249/950 957/1257/957 953/1258/953
f 950/1249/950 955/1255/955 956/1256/956
f 950/1249/950 954/1259/954 951/1250/951
f 958/1260/958 126/155/126 130/159/130
f 958/1260/958 959/1261/959 960/1262/960
f 958/1260/958 960/1262/960 961/1263/961
f 958/1260/958 962/1264/962 126/155/126
f 958/1260/958 130/159/130 959/1261/959
f 958/1260/958 961/1263/961 962/1264/962
f 963/1265/963 964/1266/964 965/1267/965
f 963/1268/963 966/1269/966 967/1270/967
f 963/1268/963 968/1271/968 969/1272/969
f 963/1268/963 967/1270/967 968/1271/968
f 963/1265/963 969/1273/969 964/1266/964
f 963/1265/963 965/1267/965 966/1274/966
f 57/73/57 970/1275/970 58/74/58
f 57/73/57 61/77/61 971/1276/971
f 57/73/57 972/1277/972 970/1275/970
f 57/73/57 971/1276/971 973/1278/973
f 57/1279/57 973/1280/973 974/1281/974
f 57/73/57 974/1282/974 972/1277/972
f 975/1283/975 626/822/626 630/826/630
f 975/1283/975 976/1284/976 977/1285/977
f 975/1283/975 209/1286/209 976/1284/976
f 975/1283/975 630/826/630 209/1286/209
f 975/1283/975 977/1285/977 626/822/626
f 978/1287/978 979/1288/979 980/1289/980
f 978/1287/978 981/1290/981 982/1291/982
f 978/1287/978 983/1292/983 979/1288/979
f 978/1287/978 984/1293/984 981/1290/981
f 978/1287/978 985/1294/985 986/1295/986
f 978/1287/978 982/1291/982 985/1294/985
f 978/1287/978 986/1295/986 983/1292/983
f 978/1287/978 980/1289/980 984/1293/984
f 987/1296/987 398/507/398 401/510/401
f 987/1296/987 593/784/593 597/789/597
f 987/1296/987 988/1297/988 398/507/398
f 987/1296/987 989/1298/989 990/1299/990
f 987/1296/987 908/1197/908 989/1298/989
f 987/1296/987 597/789/597 988/1297/988
f 987/1296/987 990/1299/990 593/784/593
f 987/1296/987 401/510/401 908/1197/908
f 991/1300/991 992/1301/992 993/1302/993
f 991/1300/991 405/514/405 994/1303/994
f 991/1300/991 995/1304/995 408/517/408
f 991/1300/991 994/1303/994 992/1301/992
f 991/1300/991 993/1302/993 995/1304/995
f 991/1300/991 408/517/408 405/514/405
f 996/1305/996 997/1306/997 998/1307/998
f 996/1305/996 999/1308/999 997/1306/997
f 996/1305/996 725/954/725 722/951/722
f 996/1305/996 1000/1309/1000 725/954/725
f 996/1305/996 722/951/722 999/1308/999
f 996/1305/996 998/1307/998 1000/1309/1000
f 1001/1310/1001 1002/1311/1002 1003/1312/1003
f 1001/1310/1001 1003/1312/1003 1004/1313/1004
f 1005/1314/1005 1006/1315/1006 1007/1316/1007
f 1005/1314/1005 217/1317/217 1006/1315/1006
f 1005/1318/1005 1008/1319/1008 1009/1320/1009
f 1005/1321/1005 1010/1322/1010 776/1024/776
f 1005/1318/1005 1011/1323/1011 217/1324/217
f 1005/1318/1005 1009/1320/1009 1011/1323/1011
f 1005/1321/1005 776/1024/776 1008/1325/1008
f 1005/1314/1005 1007/1316/1007 1010/1326/1010
f 1012/1327/1012 1013/1328/1013 1014/1329/1014
f 1012/1327/1012 341/422/341 1015/1330/1015
f 1012/1327/1012 1014/1329/1014 341/422/341
f 1016/1331/1016 1017/1332/1017 1018/1333/1018
f 1016/1331/1016 1019/1334/1019 1020/1335/1020
f 1016/1331/1016 1020/1335/1020 1017/1332/1017
f 1016/1336/1016 445/572/445 1019/1337/1019
f 1016/1336/1016 1021/1338/1021 445/572/445
f 1016/1336/1016 1018/1339/1018 1021/1338/1021
f 1022/1340/1022 1023/1341/1023 1024/1342/1024
f 1022/1343/1022 1025/1344/1025 1023/1345/1023
f 1022/1340/1022 1026/1346/1026 1027/1347/1027
f 1022/1340/1022 1028/1348/1028 1026/1346/1026
f 1022/1343/1022 1029/1349/1029 1025/1344/1025
f 1022/1340/1022 1027/1347/1027 1029/1350/1029
f 1022/1340/1022 1024/1342/1024 1028/1348/1028
f 1030/1351/1030 1031/1352/1031 1032/1353/1032
f 1030/1351/1030 1032/1353/1032 459/1354/459
f 1030/1351/1030 1033/1355/1033 1034/1356/1034
f 1030/1351/1030 1035/1357/1035 1033/1355/1033
f 1030/1351/1030 1034/1356/1034 1031/1352/1031
f 1030/1351/1030 459/1354/459 1035/1357/1035
f 1036/1358/1036 1037/1359/1037 1038/1360/1038
f 1036/1361/1036 331/408/331 1039/1362/1039
f 1036/1361/1036 1040/1363/1040 331/408/331
f 1036/1358/1036 1039/1364/1039 1037/1359/1037
f 1036/1358/1036 1038/1360/1038 1040/1365/1040
f 1041/1366/1041 1042/1367/1042 8/8/8
f 1041/1366/1041 1043/1368/1043 1042/1367/1042
f 1041/1366/1041 8/8/8 469/604/469
f 1041/1366/1041 469/604/469 1044/1369/1044
f 1041/1366/1041 1044/1369/1044 674/1370/674
f 1041/1366/1041 674/1370/674 1043/1368/1043
f 1045/1371/1045 1046/1372/1046 1047/1373/1047
f 1045/1371/1045 1048/1374/1048 1049/1375/1049
f 1045/1371/1045 1047/1373/1047 1048/1374/1048
f 1045/1371/1045 1049/1375/1049 472/612/472
f 1045/1371/1045 1050/1376/1050 1046/1372/1046
f 1045/1371/1045 472/612/472 1050/1376/1050
f 1051/1377/1051 1052/1378/1052 1053/1379/1053
f 1051/1377/1051 1054/1380/1054 1055/1381/1055
f 1051/1377/1051 1055/1381/1055 1056/1382/1056
f 1051/1377/1051 1056/1382/1056 1052/1378/1052
f 1051/1377/1051 1053/1379/1053 1054/1380/1054
f 1057/1383/1057 1058/1384/1058 1059/1385/1059
f 1057/1383/1057 1059/1385/1059 1060/1386/1060
f 1057/1383/1057 1061/1387/1061 1062/1388/1062
f 1057/1383/1057 1060/1386/1060 1063/1389/1063
f 1057/1383/1057 1063/1389/1063 1061/1387/1061
f 1057/1383/1057 1062/1388/1062 1058/1384/1058
f 1064/1390/1064 1065/1391/1065 1066/1392/1066
f 1064/1390/1064 1067/1393/1067 1068/1394/1068
f 1064/1390/1064 1069/1395/1069 1070/1396/1070
f 1064/1390/1064 1068/1394/1068 1069/1395/1069
f 1064/1390/1064 1070/1396/1070 1065/1391/1065
f 1064/1390/1064 1066/1392/1066 1067/1393/1067
f 1071/1397/1071 1072/1398/1072 1073/1399/1073
f 1071/1397/1071 1074/1400/1074 1075/1401/1075
f 1071/1397/1071 1076/1402/1076 1077/1403/1077
f 1071/1397/1071 1078/1404/1078 1076/1402/1076
f 1071/1397/1071 1075/1401/1075 1072/1398/1072
f 1071/1397/1071 1077/1403/1077 1074/1400/1074
f 1071/1397/1071 1073/1399/1073 1078/1404/1078
f 1079/1405/1079 1080/1406/1080 1081/1407/1081
f 1079/1405/1079 1081/1407/1081 1082/1408/1082
f 1079/1409/1079 1083/1410/1083 1080/1411/1080
f 1079/1405/1079 1082/1408/1082 1084/1412/1084
f 1079/1409/1079 1084/1413/1084 1083/1410/1083
f 1085/1414/1085 1086/1415/1086 1087/1416/1087
f 1085/1417/1085 60/76/60 62/78/62
f 1085/1418/1085 62/1419/62 1088/1420/1088
f 1085/1418/1085 1088/1420/1088 1089/1421/1089
f 1085/1418/1085 1089/1421/1089 1090/1422/1090
f 1085/1417/1085 1087/1423/1087 60/76/60
f 1085/1418/1085 1090/1422/1090 1091/1424/1091
f 1085/1414/1085 1091/1425/1091 1086/1415/1086
f 1092/1426/1092 1093/1427/1093 1094/1428/1094
f 1092/1426/1092 1095/1429/1095 1093/1427/1093
f 1092/1426/1092 1094/1428/1094 1096/1430/1096
f 1092/1426/1092 1097/1431/1097 1095/1429/1095
f 1092/1426/1092 1096/1430/1096 1097/1431/1097
f 1098/1432/1098 1099/1433/1099 633/1434/633
f 1098/1435/1098 1100/1436/1100 45/61/45
f 1098/1435/1098 45/61/45 44/60/44
f 1098/1437/1098 632/832/632 1100/1438/1100
f 1098/1437/1098 633/833/633 632/832/632
f 1098/1432/1098 44/1439/44 1099/1433/1099
f 1101/1440/1101 1102/1441/1102 1103/1442/1103
f 1101/1440/1101 1104/1443/1104 1102/1441/1102
f 1101/1444/1101 219/266/219 218/265/218
f 1101/1444/1101 1103/1445/1103 219/266/219
f 1101/1440/1101 218/1446/218 1104/1443/1104
f 897/1185/897 899/1184/899 1105/1447/1105
f 897/1181/897 1105/1448/1105 898/1182/898
f 794/1056/794 1106/1449/1106 1107/1450/1107
f 794/1056/794 1107/1450/1107 1108/1451/1108
f 794/1056/794 797/1054/797 1106/1449/1106
f 794/1056/794 1108/1451/1108 795/1452/795
f 1109/1453/1109 1110/1454/1110 186/225/186
f 1109/1453/1109 186/225/186 802/1062/802
f 1109/1453/1109 1111/1455/1111 1112/1456/1112
f 1109/1453/1109 1113/1457/1113 1111/1455/1111
f 1109/1453/1109 1114/1458/1114 1110/1454/1110
f 1109/1453/1109 802/1062/802 1113/1457/1113
f 1109/1453/1109 1112/1456/1112 1114/1458/1114
f 1115/1459/1115 347/435/347 348/434/348
f 1115/1459/1115 1116/1460/1116 1117/1461/1117
f 1115/1459/1115 348/434/348 1116/1460/1116
f 1115/1459/1115 1118/1462/1118 347/435/347
f 1115/1463/1115 1119/1464/1119 1118/1465/1118
f 1115/1466/1115 1117/1467/1117 1119/1468/1119
f 197/236/197 1120/1469/1120 1121/1470/1121
f 197/236/197 1121/1470/1121 1122/1471/1122
f 197/1472/197 690/914/690 198/239/198
f 197/1472/197 1122/1473/1122 690/914/690
f 197/236/197 203/246/203 1120/1469/1120
f 1123/1474/1123 1124/1475/1124 1125/1476/1125
f 1123/1477/1123 1125/1478/1125 1126/1479/1126
f 1123/1474/1123 1127/1480/1127 1124/1475/1124
f 1128/1481/1128 1129/1482/1129 1130/1483/1130
f 1128/1481/1128 1130/1483/1130 1131/1484/1131
f 1128/1481/1128 1131/1484/1131 1132/1485/1132
f 1128/1481/1128 1132/1485/1132 370/464/370
f 1128/1481/1128 370/464/370 1133/1486/1133
f 1128/1481/1128 1133/1486/1133 1129/1482/1129
f 1134/1487/1134 1135/1488/1135 1136/1489/1136
f 1134/1487/1134 1136/1489/1136 381/478/381
f 1134/1487/1134 1137/1490/1137 1135/1488/1135
f 1134/1487/1134 381/478/381 1138/1491/1138
f 1134/1487/1134 1138/1491/1138 1137/1490/1137
f 1139/1492/1139 1140/1493/1140 1141/1494/1141
f 1139/1495/1139 1142/1496/1142 1143/1497/1143
f 1139/1492/1139 778/1498/778 1140/1493/1140
f 1139/1495/1139 1143/1497/1143 778/1027/778
f 1139/1492/1139 1141/1494/1141 1142/1499/1142
f 1144/1500/1144 1145/1501/1145 1146/1502/1146
f 1144/1500/1144 1147/1503/1147 1148/1504/1148
f 1144/1500/1144 1148/1504/1148 1145/1501/1145
f 1144/1500/1144 1149/1505/1149 1150/1506/1150
f 1144/1500/1144 1146/1502/1146 1149/1505/1149
f 1144/1500/1144 1150/1506/1150 1147/1503/1147
f 1151/1507/1151 1152/1508/1152 1153/1509/1153
f 1151/1510/1151 806/1067/806 809/1070/809
f 1151/1511/1151 1154/1512/1154 1152/1513/1152
f 1151/1507/1151 1153/1509/1153 806/1514/806
f 1151/1511/1151 809/1515/809 1154/1512/1154
f 1155/1516/1155 1156/1517/1156 1157/1518/1157
f 1155/1516/1155 1158/1519/1158 1159/1520/1159
f 1155/1516/1155 1157/1518/1157 1160/1521/1160
f 1155/1522/1155 1161/1523/1161 1162/1524/1162
f 1155/1516/1155 1159/1520/1159 1163/1525/1163
f 1155/1522/1155 1164/1526/1164 1161/1523/1161
f 1155/1516/1155 1163/1525/1163 1156/1517/1156
f 1155/1522/1155 1160/1527/1160 147/176/147
f 1155/1522/1155 147/176/147 1164/1526/1164
f 1155/1516/1155 1165/1528/1165 1158/1519/1158
f 1155/1516/1155 1162/1529/1162 1165/1528/1165
f 1166/1530/1166 1167/1531/1167 1168/1532/1168
f 1166/1530/1166 1169/1533/1169 1170/1534/1170
f 1166/1530/1166 1171/1535/1171 1169/1533/1169
f 1166/1530/1166 1172/1536/1172 1171/1535/1171
f 1166/1530/1166 1170/1534/1170 1167/1531/1167
f 1166/1530/1166 1168/1532/1168 1172/1536/1172
f 1173/1537/1173 1174/1538/1174 448/575/448
f 1173/1537/1173 1175/1539/1175 1176/1540/1176
f 1173/1537/1173 1176/1540/1176 1174/1538/1174
f 1173/1537/1173 313/385/313 1175/1539/1175
f 50/66/50 1177/1541/1177 51/67/51
f 50/1542/50 55/1543/55 1178/1544/1178
f 50/66/50 1179/1545/1179 1177/1541/1177
f 50/1542/50 1178/1544/1178 1179/1546/1179
f 58/74/58 970/1275/970 1180/1547/1180
f 58/74/58 1180/1547/1180 1181/1548/1181
f 58/74/58 1181/1548/1181 59/75/59
f 64/80/64 1182/1549/1182 65/81/65
f 64/80/64 67/83/67 1183/1550/1183
f 64/80/64 1183/1550/1183 1184/1551/1184
f 64/80/64 1184/1551/1184 1182/1549/1182
f 1185/1552/1185 1186/1553/1186 1187/1554/1187
f 1185/1552/1185 547/719/547 1186/1553/1186
f 1185/1552/1185 548/720/548 547/719/547
f 1185/1552/1185 74/93/74 548/720/548
f 1185/1552/1185 1188/1555/1188 74/93/74
f 1185/1552/1185 1187/1554/1187 1188/1555/1188
f 1189/1556/1189 235/285/235 1190/1557/1190
f 1189/1556/1189 1191/1558/1191 1192/1559/1192
f 1189/1556/1189 1193/1560/1193 1191/1558/1191
f 1189/1561/1189 1194/1562/1194 1193/1563/1193
f 1189/1556/1189 236/286/236 235/285/235
f 1189/1556/1189 1190/1557/1190 1195/1564/1195
f 1189/1561/1189 1195/1565/1195 1194/1562/1194
f 1189/1556/1189 1192/1559/1192 236/286/236
f 1196/1566/1196 1197/1567/1197 1198/1568/1198
f 1196/1566/1196 790/1046/790 1197/1567/1197
f 1196/1566/1196 1199/1569/1199 790/1046/790
f 1196/1566/1196 1200/1570/1200 1199/1569/1199
f 1196/1566/1196 1201/1571/1201 1200/1570/1200
f 1196/1566/1196 1198/1568/1198 1201/1571/1201
f 1156/1517/1156 1163/1525/1163 1202/1572/1202
f 1156/1517/1156 1202/1572/1202 1157/1518/1157
f 539/711/539 542/710/542 1203/1573/1203
f 539/711/539 1204/1574/1204 1205/1575/1205
f 539/704/539 1205/1576/1205 540/705/540
f 539/711/539 1203/1573/1203 1204/1574/1204
f 1206/1577/1206 1207/1578/1207 931/1223/931
f 1206/1577/1206 931/1223/931 933/1225/933
f 1206/1577/1206 1208/1579/1208 1209/1580/1209
f 1206/1581/1206 933/1231/933 1208/1582/1208
f 1206/1577/1206 1209/1580/1209 1207/1578/1207
f 1210/1583/1210 1211/1584/1211 280/331/280
f 1210/1585/1210 1212/1586/1212 1213/1587/1213
f 1210/1583/1210 1214/1588/1214 1211/1584/1211
f 1210/1585/1210 279/334/279 1215/1589/1215
f 1210/1585/1210 1213/1587/1213 1214/1590/1214
f 1210/1583/1210 280/331/280 279/330/279
f 1210/1585/1210 1215/1589/1215 1216/1591/1216
f 1210/1585/1210 1216/1591/1216 1212/1586/1212
f 1217/1592/1217 1218/1593/1218 1219/1594/1219
f 1217/1592/1217 1220/1595/1220 1218/1593/1218
f 1217/1592/1217 858/1131/858 1220/1595/1220
f 1217/1592/1217 1219/1594/1219 1221/1596/1221
f 1217/1592/1217 1221/1596/1221 859/1132/859
f 1217/1592/1217 859/1132/859 858/1131/858
f 1222/1597/1222 1223/1598/1223 1224/1599/1224
f 1222/1600/1222 1225/1601/1225 1226/1602/1226
f 1222/1597/1222 1227/1603/1227 1225/1604/1225
f 1222/1597/1222 1226/1605/1226 1223/1598/1223
f 1222/1597/1222 1224/1599/1224 1227/1603/1227
f 296/1606/296 1228/1607/1228 1229/1608/1229
f 296/361/296 298/363/298 645/1609/645
f 296/361/296 1230/1610/1230 297/362/297
f 296/361/296 1229/1611/1229 1230/1610/1230
f 1231/1612/1231 1232/1613/1232 1233/1614/1233
f 1231/1612/1231 1171/1535/1171 1172/1536/1172
f 1231/1612/1231 1172/1536/1172 1234/1615/1234
f 1231/1612/1231 1233/1614/1233 1235/1616/1235
f 1231/1612/1231 1235/1616/1235 1171/1535/1171
f 1231/1612/1231 1234/1615/1234 1232/1613/1232
f 1236/1617/1236 1237/1618/1237 1238/1619/1238
f 1236/1617/1236 1239/1620/1239 1240/1621/1240
f 1236/1617/1236 1238/1619/1238 1239/1620/1239
f 1236/1617/1236 1241/1622/1241 1176/1540/1176
f 1236/1617/1236 1175/1539/1175 1237/1618/1237
f 1236/1617/1236 1176/1540/1176 1175/1539/1175
f 1236/1617/1236 1240/1621/1240 1241/1622/1241
f 375/469/375 1242/1623/1242 1243/1624/1243
f 375/469/375 379/474/379 1242/1623/1242
f 375/469/375 1243/1624/1243 1244/1625/1244
f 375/1626/375 1244/1627/1244 376/476/376
f 1245/1628/1245 1246/1629/1246 756/1630/756
f 1245/1631/1245 1247/1632/1247 1248/1633/1248
f 1245/1631/1245 1249/1634/1249 1247/1632/1247
f 1245/1635/1245 1248/1636/1248 1250/1637/1250
f 1245/1631/1245 756/1638/756 1249/1634/1249
f 1245/1628/1245 1250/1639/1250 1246/1629/1246
f 11/13/11 1251/1640/1251 1252/1641/1252
f 11/13/11 1252/1641/1252 554/731/554
f 11/13/11 13/17/13 1251/1640/1251
f 392/498/392 1253/1642/1253 1254/1643/1254
f 392/498/392 1255/1644/1255 16/21/16
f 392/498/392 1254/1643/1254 1255/1644/1255
f 392/498/392 16/21/16 393/499/393
f 392/498/392 395/505/395 1253/1642/1253
f 1256/1645/1256 1257/1646/1257 910/1199/910
f 1256/1645/1256 908/1197/908 401/510/401
f 1256/1645/1256 910/1199/910 909/1198/909
f 1256/1645/1256 1258/1647/1258 1257/1646/1257
f 1256/1645/1256 401/510/401 1258/1647/1258
f 1256/1645/1256 909/1198/909 908/1197/908
f 1259/1648/1259 1260/1649/1260 1261/1650/1261
f 1259/1651/1259 1262/1652/1262 1263/1653/1263
f 1259/1648/1259 406/515/406 407/516/407
f 1259/1648/1259 407/516/407 1264/1654/1264
f 1259/1651/1259 1263/1653/1263 1260/1655/1260
f 1259/1648/1259 1264/1654/1264 1262/1656/1262
f 1259/1648/1259 1261/1650/1261 406/515/406
f 1265/1657/1265 1266/1658/1266 1267/1659/1267
f 1265/1657/1265 1267/1659/1267 1268/1660/1268
f 419/535/419 1269/1661/1269 1270/1662/1270
f 419/542/419 422/539/422 1271/1663/1271
f 419/535/419 1270/1662/1270 420/536/420
f 419/535/419 1272/1664/1272 1269/1661/1269
f 419/542/419 1271/1663/1271 1272/1665/1272
f 1273/1666/1273 1274/1667/1274 1275/1668/1275
f 1273/1669/1273 1276/1670/1276 1274/1671/1274
f 1273/1666/1273 1277/1672/1277 141/170/141
f 1273/1666/1273 1275/1668/1275 1277/1672/1277
f 1273/1666/1273 141/170/141 1276/1673/1276
f 1278/1674/1278 1207/1578/1207 1279/1675/1279
f 1278/1674/1278 1280/1676/1280 1281/1677/1281
f 1278/1674/1278 1282/1678/1282 1207/1578/1207
f 1278/1674/1278 1279/1675/1279 1283/1679/1283
f 1278/1674/1278 1283/1679/1283 1284/1680/1284
f 1278/1674/1278 1281/1677/1281 1282/1678/1282
f 1278/1674/1278 1284/1680/1284 1280/1676/1280
f 1285/1681/1285 1286/1682/1286 1287/1683/1287
f 1285/1684/1285 1287/1685/1287 1288/1686/1288
f 1285/1681/1285 1289/1687/1289 1286/1682/1286
f 1285/1684/1285 1288/1686/1288 1290/1688/1290
f 1285/1684/1285 1290/1688/1290 1289/1689/1289
f 1291/1690/1291 1292/1691/1292 1293/1692/1293
f 1291/1690/1291 1294/1693/1294 1292/1691/1292
f 1291/1690/1291 340/1694/340 1015/1695/1015
f 1291/1696/1291 1293/1697/1293 1295/1698/1295
f 1291/1690/1291 1015/1695/1015 1294/1693/1294
f 1291/1690/1291 1295/1699/1295 340/1694/340
f 1296/1700/1296 1297/1701/1297 193/232/193
f 1296/1702/1296 1298/1703/1298 1299/1704/1299
f 1296/1700/1296 193/232/193 1298/1705/1298
f 1296/1702/1296 1299/1704/1299 1300/1706/1300
f 1296/1700/1296 1300/1707/1300 1297/1701/1297
f 1058/1384/1058 567/752/567 568/753/568
f 1058/1384/1058 568/753/568 1059/1385/1059
f 1058/1384/1058 1062/1388/1062 1301/1708/1301
f 1058/1384/1058 1301/1708/1301 567/752/567
f 1302/1709/1302 208/253/208 1303/1710/1303
f 1302/1711/1302 976/1284/976 209/1286/209
f 1302/1709/1302 209/1712/209 208/253/208
f 1302/1711/1302 1304/1713/1304 976/1284/976
f 1302/1709/1302 1303/1710/1303 1304/1714/1304
f 229/276/229 1305/1715/1305 230/277/230
f 229/283/229 1306/1716/1306 1305/1717/1305
f 229/283/229 233/282/233 1306/1716/1306
f 1307/1718/1307 1308/1719/1308 1309/1720/1309
f 1307/1721/1307 1310/1722/1310 1311/1723/1311
f 1307/1721/1307 1309/1724/1309 1310/1722/1310
f 1307/1718/1307 402/1725/402 1308/1719/1308
f 1307/1721/1307 1311/1723/1311 402/867/402
f 1312/1726/1312 1313/1727/1313 1314/1728/1314
f 1312/1726/1312 1314/1728/1314 1315/1729/1315
f 1312/1730/1312 1316/1731/1316 1313/1732/1313
f 1317/1733/1317 1318/1734/1318 1319/1735/1319
f 1317/1736/1317 281/336/281 278/328/278
f 1317/1736/1317 1320/1737/1320 1318/1738/1318
f 1317/1733/1317 1319/1735/1319 1321/1739/1321
f 1317/1736/1317 278/328/278 1320/1737/1320
f 1317/1733/1317 1321/1739/1321 281/1740/281
f 817/1078/817 816/1077/816 1322/1741/1322
f 817/1078/817 1322/1741/1322 1323/1742/1323
f 1324/1743/1324 1325/1744/1325 1326/1745/1326
f 1324/1743/1324 1327/1746/1327 1325/1744/1325
f 1328/1747/1328 1329/1748/1329 1330/1749/1330
f 1328/1747/1328 1330/1749/1330 553/729/553
f 1328/1747/1328 1331/1750/1331 1329/1748/1329
f 1328/1747/1328 1332/1751/1332 1331/1750/1331
f 1328/1747/1328 553/729/553 1332/1751/1332
f 1017/1332/1017 1333/1752/1333 1334/1753/1334
f 1017/1332/1017 1020/1335/1020 1333/1752/1333
f 1017/1332/1017 1334/1753/1334 1018/1333/1018
f 1335/1754/1335 448/575/448 453/584/453
f 1335/1755/1335 310/381/310 315/388/315
f 1335/1755/1335 453/583/453 1336/1756/1336
f 1335/1755/1335 1336/1756/1336 1337/1757/1337
f 1335/1754/1335 315/389/315 448/575/448
f 1335/1755/1335 1337/1757/1337 310/381/310
f 1338/1758/1338 1339/1759/1339 1340/1760/1340
f 1338/1761/1338 427/1762/427 222/1763/222
f 1338/1764/1338 1011/1323/1011 1339/1765/1339
f 1338/1766/1338 222/269/222 1341/1767/1341
f 1338/1764/1338 1341/1768/1341 1011/1323/1011
f 1338/1761/1338 1340/1769/1340 427/1762/427
f 29/1770/29 1342/1771/1342 1343/1772/1343
f 29/46/29 34/45/34 1342/1773/1342
f 29/1770/29 1344/1774/1344 30/1775/30
f 29/1770/29 1343/1772/1343 1344/1774/1344
f 1345/1776/1345 1346/1777/1346 1347/1778/1347
f 1345/1776/1345 1028/1348/1028 1024/1342/1024
f 1345/1776/1345 1348/1779/1348 1346/1777/1346
f 1345/1776/1345 1024/1342/1024 1349/1780/1349
f 1345/1776/1345 1347/1778/1347 1028/1348/1028
f 1345/1776/1345 1349/1780/1349 1348/1779/1348
f 970/1275/970 972/1277/972 1350/1781/1350
f 970/1275/970 1350/1781/1350 1351/1782/1351
f 970/1275/970 1351/1782/1351 1180/1547/1180
f 1352/1783/1352 1353/1784/1353 1354/1785/1354
f 1352/1783/1352 549/1786/549 1353/1784/1353
f 1352/1787/1352 1355/1788/1355 1356/1789/1356
f 1352/1787/1352 1356/1789/1356 549/722/549
f 1352/1783/1352 1354/1785/1354 1355/1790/1355
f 1357/1791/1357 1358/1792/1358 1359/1793/1359
f 1357/1794/1357 107/136/107 1358/1795/1358
f 1357/1794/1357 1360/1796/1360 108/137/108
f 1357/1794/1357 108/137/108 107/136/107
f 1357/1791/1357 1359/1793/1359 1360/1797/1360
f 112/1798/112 116/1799/116 1361/1800/1361
f 112/1798/112 1361/1800/1361 1362/1801/1362
f 112/1802/112 1363/1803/1363 113/1804/113
f 112/1802/112 1362/1805/1362 1363/1803/1363
f 1364/1806/1364 1365/1807/1365 1366/1808/1366
f 1364/1809/1364 1366/1810/1366 1367/1811/1367
f 1364/1809/1364 1368/1812/1368 1365/1813/1365
f 1364/1809/1364 1367/1811/1367 1369/1814/1369
f 1364/1809/1364 1369/1814/1369 1368/1812/1368
f 1370/1815/1370 1371/1816/1371 1372/1817/1372
f 1370/1815/1370 1373/1818/1373 1374/1819/1374
f 1370/1815/1370 1375/1820/1375 1371/1816/1371
f 1370/1815/1370 1376/1821/1376 1373/1818/1373
f 1370/1815/1370 1374/1819/1374 1375/1820/1375
f 1370/1815/1370 1372/1817/1372 1376/1821/1376
f 1377/1822/1377 1257/1823/1257 661/869/661
f 1377/1822/1377 661/869/661 1378/1824/1378
f 1377/1825/1377 1378/1826/1378 1379/1827/1379
f 1377/1828/1377 910/1199/910 1257/1646/1257
f 1377/1828/1377 1380/1829/1380 910/1199/910
f 1377/1825/1377 1379/1827/1379 1380/1830/1380
f 664/872/664 1200/1831/1200 665/873/665
f 664/872/664 244/1832/244 1200/1831/1200
f 664/1833/664 248/298/248 244/294/244
f 250/300/250 1381/1834/1381 251/301/251
f 250/300/250 252/302/252 676/1835/676
f 250/300/250 675/887/675 1381/1834/1381
f 250/300/250 676/1835/676 675/887/675
f 1382/1836/1382 1383/1837/1383 259/1838/259
f 1382/1839/1382 259/309/259 258/308/258
f 81/103/81 1384/1840/1384 82/104/82
f 81/103/81 478/616/478 1385/1841/1385
f 81/103/81 1385/1841/1385 1384/1840/1384
f 1386/1842/1386 1387/1843/1387 844/1117/844
f 1386/1842/1386 1388/1844/1388 1387/1843/1387
f 1386/1842/1386 90/113/90 94/121/94
f 1386/1842/1386 94/121/94 1388/1844/1388
f 1386/1842/1386 844/1117/844 90/113/90
f 1065/1391/1065 1389/1845/1389 1066/1392/1066
f 1065/1391/1065 1390/1846/1390 1391/1847/1391
f 1065/1391/1065 1070/1396/1070 1390/1846/1390
f 1065/1391/1065 1391/1847/1391 1389/1845/1389
f 1072/1848/1072 1392/1849/1392 1393/1850/1393
f 1072/1398/1072 1393/1851/1393 1394/1852/1394
f 1072/1848/1072 1075/1853/1075 1392/1849/1392
f 1072/1398/1072 1394/1852/1394 1073/1399/1073
f 861/1134/861 1395/1854/1395 346/431/346
f 861/1855/861 862/1856/862 1396/1857/1396
f 861/1134/861 1397/1858/1397 1398/1859/1398
f 861/1134/861 1398/1859/1398 1395/1854/1395
f 861/1134/861 1396/1860/1396 1397/1858/1397
f 1399/1861/1399 1400/1862/1400 1401/1863/1401
f 1399/1864/1399 1402/1865/1402 1400/1866/1400
f 513/668/513 628/830/628 1403/1867/1403
f 513/668/513 1403/1867/1403 514/669/514
f 513/668/513 516/671/516 206/1868/206
f 513/668/513 206/1868/206 628/830/628
f 519/674/519 1404/1869/1404 520/675/520
f 519/674/519 1405/1870/1405 1404/1869/1404
f 1406/1871/1406 1407/1872/1407 1408/1873/1408
f 1406/1871/1406 736/970/736 1409/1874/1409
f 1406/1871/1406 1409/1874/1409 1407/1872/1407
f 1406/1871/1406 1408/1873/1408 1410/1875/1410
f 1406/1871/1406 1410/1875/1410 1411/1876/1411
f 1406/1871/1406 1411/1876/1411 736/970/736
f 1412/1877/1412 1413/1878/1413 1414/1879/1414
f 1412/1877/1412 1414/1879/1414 1415/1880/1415
f 1412/1877/1412 1415/1880/1415 1416/1881/1416
f 1412/1882/1412 1417/1883/1417 1413/1884/1413
f 1412/1882/1412 1418/1885/1418 1417/1883/1417
f 1412/1882/1412 1416/1886/1416 1418/1885/1418
f 746/980/746 225/1887/225 747/981/747
f 746/980/746 1419/1888/1419 1420/1889/1420
f 746/980/746 750/985/750 1419/1888/1419
f 746/980/746 1420/1889/1420 225/1887/225
f 1421/1890/1421 1422/1891/1422 1423/1892/1423
f 1421/1890/1421 1424/1893/1424 1425/1894/1425
f 1421/1890/1421 1425/1894/1425 350/1895/350
f 1421/1896/1421 349/1897/349 1422/1898/1422
f 1421/1890/1421 1423/1892/1423 1424/1893/1424
f 1421/1899/1421 350/437/350 349/436/349
f 951/1900/951 384/1901/384 1426/1902/1426
f 951/1900/951 1427/1903/1427 952/1904/952
f 951/1900/951 1426/1902/1426 1427/1903/1427
f 951/1900/951 1428/1905/1428 384/1901/384
f 951/1250/951 954/1259/954 1428/1906/1428
f 1429/1907/1429 1430/1908/1430 1431/1909/1431
f 1429/1907/1429 362/458/362 364/456/364
f 1429/1907/1429 1432/1910/1432 1430/1908/1430
f 1429/1907/1429 364/456/364 761/1005/761
f 1429/1907/1429 1431/1909/1431 362/458/362
f 964/1911/964 704/928/704 1433/1912/1433
f 964/1266/964 1434/1913/1434 965/1267/965
f 964/1266/964 1433/1914/1433 1434/1913/1434
f 964/1911/964 969/1915/969 704/928/704
f 683/904/683 1435/1916/1435 560/741/560
f 683/909/683 686/908/686 1436/1917/1436
f 683/909/683 1436/1917/1436 1435/1918/1435
f 1437/1919/1437 1438/1920/1438 1439/1921/1439
f 1437/1919/1437 1439/1921/1439 1440/1922/1440
f 1437/1919/1437 1441/1923/1441 1438/1920/1438
f 1437/1919/1437 1440/1922/1440 1442/1924/1442
f 1437/1919/1437 1442/1924/1442 1443/1925/1443
f 1437/1919/1437 1443/1925/1443 1441/1923/1441
f 1444/1926/1444 1445/1927/1445 1446/1928/1446
f 1444/1929/1444 1447/1930/1447 1448/1931/1448
f 1444/1929/1444 1448/1931/1448 1445/1932/1445
f 1444/1933/1444 1446/1934/1446 1449/1935/1449
f 1444/1933/1444 1449/1935/1449 1447/1936/1447
f 702/926/702 1450/1937/1450 703/927/703
f 702/926/702 1451/1938/1451 1450/1937/1450
f 702/926/702 705/929/705 1452/1939/1452
f 702/926/702 1452/1939/1452 1451/1938/1451
f 1453/1940/1453 1454/1941/1454 1455/1942/1455
f 1453/1943/1453 1384/1840/1384 1456/1944/1456
f 1453/1943/1453 83/105/83 1384/1840/1384
f 1453/1940/1453 1457/1945/1457 1454/1941/1454
f 1453/1943/1453 1455/1946/1455 83/105/83
f 1453/1943/1453 1456/1944/1456 1457/1947/1457
f 1458/1948/1458 1459/1949/1459 173/209/173
f 1458/1948/1458 172/208/172 1460/1950/1460
f 1458/1948/1458 1460/1950/1460 624/818/624
f 1458/1948/1458 173/209/173 172/208/172
f 1458/1948/1458 624/818/624 1459/1949/1459
f 1461/1951/1461 1462/1952/1462 1463/1953/1463
f 1461/1951/1461 290/356/290 294/355/294
f 1461/1954/1461 1464/1955/1464 290/1956/290
f 1461/1951/1461 294/355/294 1462/1952/1462
f 1461/1954/1461 1463/1957/1463 1464/1955/1464
f 102/782/102 591/781/591 103/1958/103
f 102/777/102 110/1959/110 589/778/589
f 1465/1960/1465 1147/1503/1147 1150/1506/1150
f 1465/1961/1465 487/627/487 1466/1962/1466
f 1465/1961/1465 1467/1963/1467 487/627/487
f 1465/1960/1465 1466/1964/1466 1147/1503/1147
f 1465/1960/1465 1150/1506/1150 1467/1965/1467
f 1468/1966/1468 605/797/605 1469/1967/1469
f 1468/1966/1468 332/409/332 1470/1968/1470
f 1468/1966/1468 811/1072/811 605/797/605
f 1468/1966/1468 1470/1968/1470 811/1072/811
f 1468/1966/1468 333/410/333 332/409/332
f 1468/1966/1468 1469/1967/1469 333/410/333
f 1471/1969/1471 1472/1970/1472 1473/1971/1473
f 1471/1969/1471 1473/1971/1473 500/648/500
f 1471/1969/1471 1076/1402/1076 1472/1970/1472
f 1471/1969/1471 1077/1403/1077 1076/1402/1076
f 1471/1969/1471 499/647/499 1077/1403/1077
f 1471/1969/1471 500/648/500 499/647/499
f 1395/1854/1395 1422/1972/1422 349/436/349
f 1395/1973/1395 1398/1974/1398 293/353/293
f 1395/1973/1395 292/352/292 1422/1975/1422
f 1395/1854/1395 349/436/349 346/431/346
f 1395/1973/1395 293/353/293 292/352/292
f 1474/1976/1474 1330/1977/1330 1475/1978/1475
f 1474/1976/1474 1476/1979/1476 869/1144/869
f 1474/1976/1474 1477/1980/1477 1476/1979/1476
f 1474/1976/1474 1475/1978/1475 1478/1981/1478
f 1474/1976/1474 869/1144/869 1479/1982/1479
f 1474/1976/1474 1479/1982/1479 1330/1977/1330
f 1474/1976/1474 1478/1981/1478 1477/1980/1477
f 1480/1983/1480 880/1160/880 879/1159/879
f 1480/1983/1480 879/1159/879 1481/1984/1481
f 1480/1985/1480 1482/1986/1482 1483/1987/1483
f 1480/1985/1480 1483/1987/1483 880/1156/880
f 1480/1988/1480 1484/1989/1484 1482/1990/1482
f 1480/1991/1480 1481/1992/1481 1484/1993/1484
f 1485/1994/1485 52/1995/52 1084/1996/1084
f 1485/1994/1485 53/1997/53 52/1995/52
f 1485/1994/1485 55/1543/55 53/1997/53
f 1485/1998/1485 1486/1999/1486 1178/2000/1178
f 1485/1998/1485 1082/1408/1082 1486/1999/1486
f 1485/1994/1485 1178/1544/1178 55/1543/55
f 1485/1998/1485 1084/1412/1084 1082/1408/1082
f 1487/2001/1487 1488/2002/1488 1489/2003/1489
f 1487/2004/1487 1490/2005/1490 1491/2006/1491
f 1487/2007/1487 1491/2008/1491 439/566/439
f 1487/2007/1487 439/566/439 438/565/438
f 1487/2001/1487 1489/2003/1489 1490/2009/1490
f 1487/2010/1487 438/2011/438 1488/2012/1488
f 1492/2013/1492 1413/2014/1413 1493/2015/1493
f 1492/2013/1492 1494/2016/1494 1495/2017/1495
f 1492/2013/1492 1496/2018/1496 1413/2014/1413
f 1492/2013/1492 1497/2019/1497 1494/2016/1494
f 1492/2013/1492 1498/2020/1498 1497/2019/1497
f 1492/2013/1492 1493/2015/1493 1498/2020/1498
f 1492/2013/1492 1495/2017/1495 1496/2018/1496
f 1499/2021/1499 1500/2022/1500 656/861/656
f 1499/2021/1499 656/861/656 1501/2023/1501
f 1502/2024/1502 1031/1352/1031 1503/2025/1503
f 1502/2024/1502 1504/2026/1504 1032/1353/1032
f 1502/2024/1502 1503/2025/1503 1505/2027/1505
f 1502/2024/1502 1032/1353/1032 1031/1352/1031
f 1502/2024/1502 1506/2028/1506 1504/2026/1504
f 1502/2024/1502 1505/2027/1505 1506/2028/1506
f 1507/2029/1507 1508/2030/1508 247/297/247
f 1507/2029/1507 667/879/667 1508/2030/1508
f 1507/2029/1507 247/297/247 248/298/248
f 1507/2029/1507 248/298/248 667/879/667
f 1509/2031/1509 671/882/671 1510/2032/1510
f 1509/2031/1509 1510/2032/1510 1511/2033/1511
f 1509/2031/1509 1512/2034/1512 1513/2035/1513
f 1509/2031/1509 672/883/672 671/882/671
f 1509/2031/1509 1511/2033/1511 1512/2034/1512
f 1509/2031/1509 1513/2035/1513 672/883/672
f 1514/2036/1514 926/2037/926 1515/2038/1515
f 1514/2036/1514 1516/2039/1516 1517/2040/1517
f 1514/2036/1514 1518/2041/1518 1516/2039/1516
f 1514/2036/1514 927/2042/927 926/2037/926
f 1514/2036/1514 1515/2038/1515 1518/2041/1518
f 1514/2043/1514 1517/2044/1517 927/2045/927
f 771/2046/771 775/2047/775 1054/1380/1054
f 771/1015/771 1519/2048/1519 772/1016/772
f 771/2046/771 1054/1380/1054 1053/1379/1053
f 771/1015/771 1053/2049/1053 1519/2048/1519
f 1059/1385/1059 568/753/568 1520/2050/1520
f 1059/1385/1059 1520/2050/1520 1060/1386/1060
f 1521/2051/1521 1522/2052/1522 1523/2053/1523
f 1521/2051/1521 1524/2054/1524 1522/2052/1522
f 1521/2051/1521 1525/2055/1525 977/2056/977
f 1521/2057/1521 976/1284/976 1524/2058/1524
f 1521/2057/1521 977/1285/977 976/1284/976
f 1521/2051/1521 1523/2053/1523 1525/2055/1525
f 1526/2059/1526 1527/2060/1527 1528/2061/1528
f 1526/2059/1526 1529/2062/1529 1527/2060/1527
f 1526/2063/1526 1530/2064/1530 1531/2065/1531
f 1526/2066/1526 1531/2067/1531 1532/2068/1532
f 1526/2063/1526 1528/2069/1528 1530/2064/1530
f 1526/2066/1526 1532/2068/1532 1529/2070/1529
f 1533/2071/1533 1534/2072/1534 1535/2073/1535
f 1533/2071/1533 1535/2073/1535 1536/2074/1536
f 1533/2071/1533 1191/1558/1191 1534/2072/1534
f 1533/2071/1533 1536/2074/1536 1537/2075/1537
f 1533/2071/1533 1192/1559/1192 1191/1558/1191
f 1533/2071/1533 1537/2075/1537 1192/1559/1192
f 143/172/143 145/174/145 1262/1652/1262
f 143/172/143 1262/1652/1262 1538/2076/1538
f 143/172/143 1538/2076/1538 144/173/144
f 1539/2077/1539 1540/2078/1540 1541/2079/1541
f 1539/2077/1539 1542/2080/1542 1108/1451/1108
f 1539/2081/1539 1543/2082/1543 1542/2083/1542
f 1539/2081/1539 1541/2084/1541 1544/2085/1544
f 1539/2077/1539 1108/1451/1108 1540/2078/1540
f 1545/2086/1545 159/196/159 1546/2087/1546
f 1545/2086/1545 1547/2088/1547 161/197/161
f 1545/2086/1545 1546/2087/1546 1547/2088/1547
f 1545/2086/1545 161/197/161 159/196/159
f 1548/2089/1548 1308/2090/1308 402/511/402
f 1548/2089/1548 988/1297/988 1549/2091/1549
f 1548/2089/1548 1549/2091/1549 1308/2090/1308
f 1548/2089/1548 399/508/399 988/1297/988
f 1548/2089/1548 402/511/402 399/508/399
f 1550/2092/1550 1551/2093/1551 530/693/530
f 1550/2092/1550 75/95/75 1551/2093/1551
f 1550/2092/1550 530/693/530 1552/2094/1552
f 1550/2092/1550 1553/2095/1553 75/95/75
f 1550/2092/1550 1554/2096/1554 1553/2095/1553
f 1550/2092/1550 1552/2094/1552 1554/2096/1554
f 1555/2097/1555 739/2098/739 1556/2099/1556
f 1555/2097/1555 179/218/179 178/217/178
f 1555/2097/1555 1556/2099/1556 179/218/179
f 1555/2100/1555 1557/2101/1557 1558/2102/1558
f 1555/2103/1555 740/974/740 739/973/739
f 1555/2103/1555 1558/2104/1558 740/974/740
f 1555/2100/1555 178/2105/178 1557/2101/1557
f 1559/2106/1559 1560/2107/1560 1561/2108/1561
f 1559/2109/1559 1562/2110/1562 1563/2111/1563
f 1559/2106/1559 1561/2108/1561 1562/2112/1562
f 1559/2113/1559 1564/2114/1564 1560/2115/1560
f 1565/2116/1565 1566/2117/1566 232/281/232
f 1565/2118/1565 635/835/635 634/834/634
f 1565/2118/1565 1567/2119/1567 635/835/635
f 1565/2118/1565 232/2120/232 1567/2119/1567
f 1565/2116/1565 634/2121/634 1566/2117/1566
f 1568/2122/1568 1569/2123/1569 1570/2124/1570
f 1568/2122/1568 1570/2124/1570 1571/2125/1571
f 1568/2126/1568 1571/2127/1571 1572/2128/1572
f 1568/2129/1568 953/1253/953 957/2130/957
f 1568/2129/1568 1572/2131/1572 954/1254/954
f 1568/2122/1568 957/2132/957 1569/2123/1569
f 1568/2129/1568 954/1254/954 953/1253/953
f 1573/2133/1573 1574/2134/1574 1575/2135/1575
f 1573/2133/1573 1576/2136/1576 307/377/307
f 1573/2133/1573 307/377/307 308/378/308
f 1573/2133/1573 1575/2135/1575 1576/2136/1576
f 1573/2133/1573 308/378/308 1577/2137/1577
f 1573/2133/1573 1577/2137/1577 1574/2134/1574
f 834/1102/834 1578/2138/1578 1579/2139/1579
f 834/1102/834 1580/2140/1580 1578/2138/1578
f 834/1102/834 838/1108/838 1580/2140/1580
f 834/1102/834 1579/2139/1579 835/1103/835
f 1308/2090/1308 1549/2091/1549 1309/2141/1309
f 1581/2142/1581 1582/2143/1582 1583/2144/1583
f 1581/2142/1581 1584/2145/1584 1582/2143/1582
f 1581/2142/1581 1583/2144/1583 1585/2146/1585
f 1581/2142/1581 1585/2146/1585 1584/2145/1584
f 1389/1845/1389 1586/2147/1586 1066/1392/1066
f 1389/1845/1389 1587/2148/1587 1588/2149/1588
f 1389/1845/1389 1391/1847/1391 1587/2148/1587
f 1389/1845/1389 1588/2149/1588 1586/2147/1586
f 1589/2150/1589 283/338/283 286/343/286
f 1589/2150/1589 286/343/286 477/614/477
f 1589/2150/1589 284/339/284 283/338/283
f 1589/2150/1589 476/613/476 284/339/284
f 1589/2150/1589 477/614/477 476/613/476
f 1590/2151/1590 1591/2152/1591 1592/2153/1592
f 1590/2151/1590 1593/2154/1593 1591/2152/1591
f 1590/2151/1590 983/1292/983 986/1295/986
f 1590/2151/1590 1592/2153/1592 983/1292/983
f 1590/2151/1590 986/1295/986 1593/2154/1593
f 1594/2155/1594 1595/2156/1595 1596/2157/1596
f 1594/2155/1594 1597/2158/1597 1598/2159/1598
f 1594/2155/1594 1596/2157/1596 1597/2158/1597
f 303/371/303 305/373/305 1599/2160/1599
f 303/371/303 1599/2160/1599 1600/2161/1600
f 303/371/303 1600/2161/1600 1601/2162/1601
f 303/371/303 1601/2162/1601 304/372/304
f 448/575/448 1174/1538/1174 449/576/449
f 1102/1441/1102 1104/1443/1104 1602/2163/1602
f 1102/1441/1102 1602/2163/1602 1603/2164/1603
f 1102/1441/1102 1604/2165/1604 1103/1442/1103
f 1102/1441/1102 1603/2164/1603 1604/2165/1604
f 864/1137/864 1605/2166/1605 1606/2167/1606
f 864/1137/864 1606/2167/1606 865/1138/865
f 864/1137/864 1607/2168/1607 226/273/226
f 864/1137/864 226/273/226 1605/2166/1605
f 864/1137/864 868/1143/868 1607/2168/1607
f 73/98/73 76/96/76 549/2169/549
f 73/2170/73 549/722/549 548/724/548
f 73/92/73 548/720/548 74/93/74
f 235/285/235 238/288/238 1608/2171/1608
f 235/285/235 1608/2171/1608 1190/1557/1190
f 1609/2172/1609 1201/1571/1201 1198/1568/1198
f 1609/2172/1609 1610/2173/1610 1611/2174/1611
f 1609/2172/1609 1198/1568/1198 1610/2173/1610
f 1609/2175/1609 1612/2176/1612 1201/2177/1201
f 1609/2175/1609 1611/2178/1611 1613/2179/1613
f 1609/2175/1609 1613/2179/1613 1612/2176/1612
f 1614/2180/1614 98/125/98 100/127/100
f 1614/2180/1614 1542/2083/1542 1543/2082/1543
f 1614/2180/1614 1543/2082/1543 98/125/98
f 1614/2180/1614 1615/2181/1615 1542/2083/1542
f 1616/2182/1616 854/1127/854 1617/2183/1617
f 1616/2182/1616 1618/2184/1618 1619/2185/1619
f 1616/2182/1616 1619/2185/1619 855/1128/855
f 1616/2182/1616 1617/2183/1617 1620/2186/1620
f 1616/2187/1616 1620/2188/1620 1621/2189/1621
f 1616/2182/1616 855/1128/855 854/1127/854
f 1616/2187/1616 1621/2189/1621 1618/2190/1618
f 1622/2191/1622 1136/2192/1136 1623/2193/1623
f 1622/2191/1622 1242/1623/1242 379/474/379
f 1622/2191/1622 379/474/379 1136/2192/1136
f 1622/2191/1622 1623/2193/1623 1624/2194/1624
f 1622/2191/1622 1624/2194/1624 1625/2195/1625
f 1622/2191/1622 1625/2195/1625 1242/1623/1242
f 1626/2196/1626 1627/2197/1627 1628/2198/1628
f 1626/2196/1626 1440/1922/1440 1627/2197/1627
f 1626/2196/1626 1442/1924/1442 1440/1922/1440
f 1430/1908/1430 1629/2199/1629 446/573/446
f 1430/1908/1430 446/573/446 444/571/444
f 1430/1908/1430 1432/1910/1432 1629/2199/1629
f 1430/1908/1430 444/571/444 1431/1909/1431
f 1630/2200/1630 1145/1501/1145 1631/2201/1631
f 1630/2200/1630 135/2202/135 1632/2203/1632
f 1630/2200/1630 1633/2204/1633 1146/1502/1146
f 1630/2200/1630 1632/2203/1632 1633/2204/1633
f 1630/2200/1630 1634/2205/1634 135/2202/135
f 1630/2200/1630 1146/1502/1146 1145/1501/1145
f 1630/2200/1630 1631/2201/1631 1634/2205/1634
f 1152/1508/1152 1635/2206/1635 1153/1509/1153
f 1152/1513/1152 1154/1512/1154 1636/2207/1636
f 1152/2208/1152 1637/2209/1637 456/588/456
f 1152/1508/1152 456/2210/456 1635/2206/1635
f 1152/1513/1152 1636/2207/1636 1637/2211/1637
f 1067/2212/1067 608/800/608 1638/2213/1638
f 1067/1393/1067 1066/1392/1066 1639/2214/1639
f 1067/2212/1067 1639/2215/1639 608/800/608
f 1067/2212/1067 1638/2213/1638 1640/2216/1640
f 1067/2212/1067 1640/2216/1640 1068/2217/1068
f 1232/2218/1232 1641/2219/1641 1642/2220/1642
f 1232/2218/1232 1643/2221/1643 1233/2222/1233
f 1232/2218/1232 1234/2223/1234 1641/2219/1641
f 1232/2218/1232 1642/2220/1642 1643/2221/1643
f 1371/1816/1371 1375/1820/1375 1644/2224/1644
f 1371/1816/1371 1645/2225/1645 1372/1817/1372
f 1371/1816/1371 1644/2224/1644 1646/2226/1646
f 1371/1816/1371 1646/2226/1646 1645/2225/1645
f 1647/2227/1647 1648/2228/1648 1649/2229/1649
f 1647/2227/1647 1649/2229/1649 1650/2230/1650
f 1647/2227/1647 972/2231/972 974/1281/974
f 1647/2232/1647 1350/1781/1350 972/1277/972
f 1647/2232/1647 1650/2233/1650 1350/1781/1350
f 1647/2227/1647 974/1281/974 1648/2228/1648
f 1286/2234/1286 1651/2235/1651 1652/2236/1652
f 1286/1682/1286 1289/1687/1289 1653/2237/1653
f 1286/2234/1286 1652/2236/1652 1287/2238/1287
f 1286/1682/1286 1654/2239/1654 1651/2240/1651
f 1286/1682/1286 1653/2237/1653 1654/2239/1654
f 184/2241/184 339/419/339 185/1059/185
f 184/223/184 188/227/188 1655/2242/1655
f 184/2243/184 1656/2244/1656 339/426/339
f 184/2243/184 1655/2245/1655 1656/2244/1656
f 1657/2246/1657 502/654/502 1658/2247/1658
f 1657/2246/1657 1659/2248/1659 1660/2249/1660
f 1657/2246/1657 1660/2249/1660 1661/2250/1661
f 1657/2246/1657 1661/2250/1661 502/654/502
f 1657/2246/1657 1658/2247/1658 1659/2248/1659
f 1662/2251/1662 1663/2252/1663 1439/1921/1439
f 1662/2251/1662 1439/1921/1439 1664/2253/1664
f 1662/2251/1662 1665/2254/1665 1663/2252/1663
f 1662/2251/1662 1664/2253/1664 1665/2254/1665
f 1666/2255/1666 1667/2256/1667 1668/2257/1668
f 1666/2255/1666 1095/2258/1095 1669/2259/1669
f 1666/2255/1666 1670/2260/1670 1667/2256/1667
f 1666/2255/1666 1669/2259/1669 1670/2260/1670
f 1666/2255/1666 1668/2257/1668 1095/2258/1095
f 1671/2261/1671 1672/2262/1672 1673/2263/1673
f 1671/2261/1671 522/679/522 1672/2262/1672
f 425/548/425 1674/2264/1674 1675/2265/1675
f 425/544/425 1675/2266/1675 1676/2267/1676
f 425/548/425 427/547/427 1674/2264/1674
f 425/544/425 1676/2267/1676 426/545/426
f 432/2268/432 435/2269/435 30/38/30
f 432/2268/432 30/38/30 1677/2270/1677
f 432/2271/432 1677/2272/1677 1678/2273/1678
f 432/2271/432 1678/2273/1678 433/2274/433
f 696/920/696 699/923/699 1679/2275/1679
f 696/920/696 1679/2275/1679 1680/2276/1680
f 696/920/696 1680/2276/1680 697/921/697
f 450/578/450 1681/2277/1681 451/579/451
f 450/585/450 452/580/452 1682/2278/1682
f 450/578/450 1682/2279/1682 1681/2277/1681
f 1683/2280/1683 1684/2281/1684 1685/2282/1685
f 1683/2280/1683 1686/2283/1686 712/2284/712
f 1683/2280/1683 1685/2282/1685 1686/2283/1686
f 1683/2280/1683 1687/2285/1687 1684/2281/1684
f 1683/2280/1683 712/2284/712 1687/2285/1687
f 88/117/88 483/621/483 1688/2286/1688
f 88/117/88 92/116/92 483/621/483
f 88/110/88 1689/2287/1689 89/111/89
f 88/110/88 1688/2288/1688 1689/2287/1689
f 1407/1872/1407 1690/2289/1690 1691/2290/1691
f 1407/1872/1407 1692/2291/1692 1408/1873/1408
f 1407/1872/1407 1409/1874/1409 1693/2292/1693
f 1407/1872/1407 1691/2290/1691 1692/2291/1692
f 1407/1872/1407 1693/2292/1693 1690/2289/1690
f 1694/2293/1694 1695/2294/1695 1078/2295/1078
f 1694/2293/1694 1078/2295/1078 1696/2296/1696
f 1694/2293/1694 1696/2296/1696 1697/2297/1697
f 1694/2293/1694 1360/1797/1360 1695/2294/1695
f 1694/2293/1694 1698/2298/1698 1360/1797/1360
f 263/313/263 1699/2299/1699 264/314/264
f 263/313/263 1700/2300/1700 1699/2299/1699
f 263/313/263 267/317/267 1701/2301/1701
f 263/313/263 1701/2301/1701 1700/2300/1700
f 270/320/270 734/963/734 271/321/271
f 270/320/270 1702/2302/1702 734/963/734
f 270/2303/270 275/2304/275 1703/2305/1703
f 270/2303/270 1703/2305/1703 1702/2306/1702
f 1704/2307/1704 1212/1586/1212 1216/1591/1216
f 1704/2308/1704 1705/2309/1705 1706/2310/1706
f 1704/2311/1704 1706/2312/1706 1707/2313/1707
f 1704/2311/1704 1707/2313/1707 1212/2314/1212
f 1704/2315/1704 1708/2316/1708 1705/2317/1705
f 1704/2307/1704 1216/1591/1216 1708/2318/1708
f 1709/2319/1709 1710/2320/1710 1711/2321/1711
f 1709/2319/1709 1711/2321/1711 1520/2050/1520
f 1709/2319/1709 1712/2322/1712 1710/2320/1710
f 1709/2319/1709 1520/2050/1520 1713/2323/1713
f 1709/2319/1709 1714/2324/1714 1712/2322/1712
f 1709/2319/1709 1713/2323/1713 1714/2324/1714
f 1422/2325/1422 1715/2326/1715 1423/2327/1423
f 1422/2325/1422 292/350/292 1715/2326/1715
f 1716/2328/1716 645/849/645 298/2329/298
f 1716/2328/1716 298/2329/298 1717/2330/1717
f 1716/2331/1716 1718/2332/1718 1719/2333/1719
f 1716/2328/1716 646/850/646 645/849/645
f 1716/2331/1716 1717/2334/1717 1718/2332/1718
f 1716/2328/1716 1719/2335/1719 646/850/646
f 305/373/305 1720/2336/1720 1599/2160/1599
f 305/376/305 306/375/306 1721/2337/1721
f 305/373/305 1721/2338/1721 1720/2336/1720
f 1237/1618/1237 1722/2339/1722 1238/1619/1238
f 1237/2340/1237 312/387/312 1723/2341/1723
f 1237/2342/1237 1723/2343/1723 1722/2344/1722
f 1237/1618/1237 1175/1539/1175 312/384/312
f 1724/2345/1724 1725/2346/1725 219/266/219
f 1724/2345/1724 219/266/219 1103/1445/1103
f 1724/2345/1724 1603/2347/1603 1725/2346/1725
f 1724/2348/1724 1103/1442/1103 1726/2349/1726
f 1724/2348/1724 1726/2349/1726 1603/2164/1603
f 1727/2350/1727 1501/2351/1501 656/2352/656
f 1727/2350/1727 655/2353/655 1728/2354/1728
f 1727/2350/1727 656/2352/656 655/2353/655
f 1727/2350/1727 1728/2354/1728 1284/1680/1284
f 1727/2350/1727 1284/1680/1284 1729/2355/1729
f 1727/2350/1727 1729/2355/1729 1501/2351/1501
f 1730/2356/1730 532/697/532 535/700/535
f 1730/2357/1730 1731/2358/1731 1732/2359/1732
f 1730/2356/1730 1732/2360/1732 151/2361/151
f 1730/2356/1730 534/699/534 1733/2362/1733
f 1730/2356/1730 535/700/535 534/699/534
f 1730/2356/1730 1733/2362/1733 1731/2363/1731
f 1730/2356/1730 151/2361/151 532/697/532
f 1734/2364/1734 436/2365/436 434/2366/434
f 1734/2364/1734 1735/2367/1735 1204/1574/1204
f 1734/2364/1734 434/2366/434 1735/2367/1735
f 1734/2364/1734 1204/1574/1204 1736/2368/1736
f 1734/2369/1734 1736/2370/1736 436/2371/436
f 1737/2372/1737 190/229/190 1738/2373/1738
f 1737/2372/1737 1739/2374/1739 1740/2375/1740
f 1737/2372/1737 1741/2376/1741 191/230/191
f 1737/2372/1737 191/230/191 190/229/190
f 1737/2372/1737 1738/2373/1738 1739/2374/1739
f 1737/2372/1737 1740/2375/1740 1741/2376/1741
f 1742/2377/1742 60/2378/60 1743/2379/1743
f 1742/2380/1742 1744/2381/1744 1745/2382/1745
f 1742/2377/1742 1743/2379/1743 1746/2383/1746
f 1742/2377/1742 61/2384/61 60/2378/60
f 1742/2377/1742 1745/2385/1745 61/2384/61
f 1742/2380/1742 1746/2386/1746 1744/2381/1744
f 1747/2387/1747 207/252/207 1748/2388/1748
f 1747/2387/1747 1749/2389/1749 1750/2390/1750
f 1747/2387/1747 208/253/208 207/252/207
f 1747/2387/1747 1748/2388/1748 1749/2389/1749
f 1747/2387/1747 1303/1710/1303 208/253/208
f 1747/2387/1747 1750/2390/1750 1303/1710/1303
f 883/1166/883 885/1165/885 1751/2391/1751
f 883/1162/883 1752/2392/1752 884/1163/884
f 883/1166/883 1751/2391/1751 1752/2393/1752
f 377/2394/377 1753/2395/1753 1754/2396/1754
f 377/2394/377 1754/2396/1754 641/2397/641
f 377/2394/377 641/2397/641 378/2398/378
f 377/2394/377 380/477/380 1753/2395/1753
f 120/482/120 124/2399/124 383/483/383
f 1373/1818/1373 1755/2400/1755 1756/2401/1756
f 1373/1818/1373 1376/1821/1376 1757/2402/1757
f 1373/2403/1373 1758/2404/1758 1755/2405/1755
f 1373/1818/1373 1757/2402/1757 1758/2406/1758
f 1373/1818/1373 1756/2401/1756 1374/1819/1374
f 1274/1671/1274 1276/1670/1276 1759/2407/1759
f 1274/1671/1274 1760/2408/1760 1761/2409/1761
f 1274/1671/1274 1761/2409/1761 1275/2410/1275
f 1274/1671/1274 1762/2411/1762 1760/2408/1760
f 1274/1671/1274 1759/2407/1759 1762/2411/1762
f 666/874/666 669/877/669 1763/2412/1763
f 666/874/666 1763/2412/1763 1764/2413/1764
f 666/2414/666 1764/2415/1764 667/879/667
f 410/519/410 1765/2416/1765 1766/2417/1766
f 410/519/410 413/528/413 1767/2418/1767
f 410/519/410 1767/2418/1767 1765/2416/1765
f 410/519/410 1766/2417/1766 411/520/411
f 1768/2419/1768 1769/2420/1769 1770/2421/1770
f 1768/2419/1768 1771/2422/1771 1772/2423/1772
f 1768/2419/1768 1773/2424/1773 1774/2425/1774
f 1768/2426/1768 1775/2427/1775 1769/2428/1769
f 1768/2419/1768 1772/2423/1772 1773/2424/1773
f 1768/2419/1768 1770/2421/1770 1771/2422/1771
f 1768/2419/1768 1774/2425/1774 1775/2429/1775
f 1776/2430/1776 1648/2228/1648 1777/2431/1777
f 1776/2432/1776 1778/2433/1778 1779/2434/1779
f 1776/2435/1776 932/1224/932 1780/2436/1780
f 1776/2430/1776 1649/2229/1649 1648/2228/1648
f 1776/2430/1776 1777/2431/1777 1778/2437/1778
f 1776/2432/1776 1779/2434/1779 932/1228/932
f 1776/2435/1776 1780/2436/1780 1781/2438/1781
f 1776/2430/1776 1781/2439/1781 1649/2229/1649
f 1782/2440/1782 1783/2441/1783 153/187/153
f 1782/2440/1782 463/596/463 1784/2442/1784
f 1782/2440/1782 153/187/153 155/186/155
f 1782/2440/1782 155/186/155 463/596/463
f 1782/2440/1782 1784/2442/1784 1783/2441/1783
f 1785/2443/1785 433/2274/433 1678/2273/1678
f 1785/2443/1785 1786/2444/1786 1787/2445/1787
f 1785/2443/1785 1788/2446/1788 940/2447/940
f 1785/2448/1785 940/2449/940 1786/2450/1786
f 1785/2443/1785 1678/2273/1678 1788/2446/1788
f 1785/2443/1785 1787/2445/1787 433/2274/433
f 190/229/190 1297/1701/1297 1738/2373/1738
f 190/229/190 193/232/193 1297/1701/1297
f 198/239/198 1789/2451/1789 199/240/199
f 198/239/198 690/914/690 1789/2451/1789
f 1522/2052/1522 1524/2054/1524 1790/2452/1790
f 1522/2052/1522 1790/2452/1790 1304/1714/1304
f 1522/2052/1522 1304/1714/1304 1303/1710/1303
f 1522/2052/1522 1791/2453/1791 1523/2053/1523
f 1522/2052/1522 1303/1710/1303 1750/2390/1750
f 1522/2052/1522 1750/2390/1750 1791/2453/1791
f 876/1152/876 880/1156/880 1792/2454/1792
f 876/1152/876 1792/2454/1792 1793/2455/1793
f 876/1152/876 1793/2455/1793 1306/1716/1306
f 876/1152/876 1306/1716/1306 233/282/233
f 876/1152/876 233/282/233 877/1153/877
f 1794/2456/1794 1795/2457/1795 1796/2458/1796
f 1794/2456/1794 1796/2458/1796 1797/2459/1797
f 1794/2456/1794 1798/2460/1798 1795/2457/1795
f 1794/2456/1794 1797/2459/1797 1799/2461/1799
f 1794/2456/1794 1799/2461/1799 1798/2460/1798
f 1800/2462/1800 1801/2463/1801 1802/2464/1802
f 1800/2462/1800 1570/2124/1570 1801/2463/1801
f 1800/2462/1800 1571/2125/1571 1570/2124/1570
f 1800/2462/1800 1803/2465/1803 1804/2466/1804
f 1800/2462/1800 1804/2466/1804 1571/2125/1571
f 1800/2462/1800 1802/2464/1802 1803/2465/1803
f 1805/2467/1805 1806/2468/1806 1807/2469/1807
f 1805/2470/1805 1808/2471/1808 1809/2472/1809
f 1805/2467/1805 1807/2469/1807 1808/2473/1808
f 1805/2470/1805 1809/2472/1809 1806/2474/1806
f 1253/2475/1253 1810/2476/1810 1811/2477/1811
f 1253/2475/1253 1812/2478/1812 1254/2479/1254
f 1253/2475/1253 1811/2477/1811 1812/2478/1812
f 1253/2475/1253 395/2480/395 1810/2476/1810
f 398/507/398 988/1297/988 399/508/399
f 404/513/404 406/515/406 1813/2481/1813
f 404/513/404 1814/2482/1814 405/514/405
f 404/513/404 1813/2481/1813 1764/2415/1764
f 404/513/404 1764/2415/1764 1814/2482/1814
f 997/2483/997 999/2484/999 1325/1744/1325
f 997/2483/997 1815/2485/1815 1816/2486/1816
f 997/2483/997 1325/1744/1325 1815/2485/1815
f 997/2483/997 1816/2486/1816 998/2487/998
f 1817/2488/1817 1004/2489/1004 1003/2490/1003
f 1817/2488/1817 1003/2490/1003 1002/2491/1002
f 1104/2492/1104 217/1324/217 1011/1323/1011
f 1104/2492/1104 1011/1323/1011 1341/1768/1341
f 1104/2493/1104 1341/1767/1341 1602/2494/1602
f 1104/1443/1104 218/1446/218 217/2495/217
f 1818/2496/1818 1819/2497/1819 1606/2167/1606
f 1818/2496/1818 1605/2166/1605 1820/2498/1820
f 1818/2496/1818 1606/2167/1606 1605/2166/1605
f 1818/2499/1818 1820/2500/1820 1821/2501/1821
f 871/1147/871 1822/2502/1822 872/1148/872
f 871/1147/871 69/2503/69 1822/2502/1822
f 871/1147/871 874/1150/874 1823/2504/1823
f 871/1147/871 1823/2504/1823 69/2503/69
f 1186/2505/1186 1824/2506/1824 1187/2507/1187
f 1186/2508/1186 547/2509/547 1825/2510/1825
f 1186/2508/1186 1826/2511/1826 1824/2512/1824
f 1186/2508/1186 1825/2510/1825 1826/2511/1826
f 1827/2513/1827 1828/2514/1828 1829/2515/1829
f 1827/2513/1827 1194/1562/1194 1830/2516/1830
f 1827/2513/1827 1829/2515/1829 1194/1562/1194
f 1827/2513/1827 1831/2517/1831 1828/2514/1828
f 1827/2513/1827 1830/2516/1830 1831/2517/1831
f 1197/1567/1197 790/1046/790 792/1048/792
f 1197/1567/1197 1832/2518/1832 1198/1568/1198
f 1197/1567/1197 792/1048/792 1832/2518/1832
f 1158/1519/1158 1833/2519/1833 1159/1520/1159
f 1158/1519/1158 1165/1528/1165 1834/2520/1834
f 1158/1519/1158 1834/2520/1834 1833/2519/1833
f 854/1127/854 857/1130/857 1835/2521/1835
f 854/1127/854 1835/2521/1835 1617/2183/1617
f 1836/2522/1836 1837/2523/1837 1838/2524/1838
f 1836/2522/1836 1637/2209/1637 1837/2523/1837
f 1836/2522/1836 456/588/456 1637/2209/1637
f 1836/2522/1836 1838/2524/1838 456/588/456
f 1839/2525/1839 1840/2526/1840 1703/2305/1703
f 1839/2525/1839 584/2527/584 586/2528/586
f 1839/2525/1839 586/2528/586 1840/2526/1840
f 1839/2525/1839 1841/2529/1841 584/2527/584
f 1839/2525/1839 1703/2305/1703 1841/2529/1841
f 1842/2530/1842 1843/2531/1843 1809/2472/1809
f 1842/2532/1842 1844/2533/1844 1843/2534/1843
f 1842/2535/1842 1845/2536/1845 1846/2537/1846
f 1842/2530/1842 1809/2472/1809 1845/2538/1845
f 1842/2535/1842 1846/2537/1846 1844/2539/1844
f 1255/2540/1255 1847/2541/1847 1848/2542/1848
f 1255/1644/1255 1848/2543/1848 16/21/16
f 1255/2540/1255 1254/2479/1254 1849/2544/1849
f 1255/2540/1255 1849/2544/1849 1847/2541/1847
f 1850/2545/1850 1851/2546/1851 1852/2547/1852
f 1850/2545/1850 1853/2548/1853 1854/2549/1854
f 1850/2545/1850 1852/2547/1852 1853/2548/1853
f 1850/2545/1850 1854/2549/1854 1851/2546/1851
f 1086/1415/1086 1855/2550/1855 1856/2551/1856
f 1086/1415/1086 31/40/31 1855/2550/1855
f 1086/1415/1086 1091/1425/1091 32/41/32
f 1086/1415/1086 32/41/32 31/40/31
f 1086/1415/1086 1856/2551/1856 1087/1416/1087
f 1857/2552/1857 830/1098/830 1858/2553/1858
f 1857/2552/1857 1859/2554/1859 442/2555/442
f 1857/2552/1857 1858/2553/1858 1859/2554/1859
f 1857/2552/1857 1860/2556/1860 1861/2557/1861
f 1857/2552/1857 442/2555/442 1860/2556/1860
f 1857/2552/1857 1861/2557/1861 830/1098/830
f 43/2558/43 1862/2559/1862 1863/2560/1863
f 43/59/43 47/63/47 1864/2561/1864
f 43/2558/43 1865/2562/1865 44/1439/44
f 43/2558/43 1863/2560/1863 1865/2562/1865
f 43/2563/43 1864/2564/1864 1862/2565/1862
f 1866/2566/1866 116/145/116 118/147/118
f 1866/2567/1866 1867/2568/1867 1361/1800/1361
f 1866/2567/1866 1868/2569/1868 687/911/687
f 1866/2567/1866 1361/1800/1361 116/1799/116
f 1866/2566/1866 118/147/118 1868/2570/1868
f 1866/2567/1866 687/911/687 1867/2568/1867
f 497/642/497 383/2571/383 124/643/124
f 1755/2405/1755 1869/2572/1869 1870/2573/1870
f 1755/2405/1755 1870/2573/1870 1756/2574/1756
f 1755/2405/1755 1758/2404/1758 1871/2575/1871
f 1755/2405/1755 1871/2575/1871 1869/2572/1869
f 1872/2576/1872 804/1065/804 1873/2577/1873
f 1872/2576/1872 1761/2409/1761 1874/2578/1874
f 1872/2576/1872 1275/2410/1275 1761/2409/1761
f 1872/2579/1872 1875/2580/1875 1275/1668/1275
f 1872/2576/1872 1873/2577/1873 1875/2581/1875
f 1872/2576/1872 1874/2578/1874 804/1065/804
f 1037/1359/1037 1039/1364/1039 1876/2582/1876
f 1877/2583/1877 1043/2584/1043 673/2585/673
f 1877/2586/1877 1878/2587/1878 1879/2588/1879
f 1877/2589/1877 673/885/673 1880/2590/1880
f 1877/2589/1877 1881/2591/1881 1882/2592/1882
f 1877/2586/1877 1882/2593/1882 1878/2587/1878
f 1877/2589/1877 1880/2590/1880 1881/2591/1881
f 1877/2583/1877 1879/2594/1879 1043/2584/1043
f 1560/2595/1560 1883/2596/1883 1770/2421/1770
f 1560/2115/1560 1564/2114/1564 1883/2597/1883
f 1560/2107/1560 1770/2598/1770 1561/2108/1561
f 1454/1941/1454 1884/2599/1884 1885/2600/1885
f 1454/1941/1454 1886/2601/1886 1884/2599/1884
f 1454/1941/1454 1457/1945/1457 1886/2601/1886
f 1454/1941/1454 1885/2600/1885 1455/1942/1455
f 1887/2602/1887 1888/2603/1888 1889/2604/1889
f 1887/2602/1887 172/2605/172 1890/2606/1890
f 1887/2607/1887 1460/1950/1460 172/208/172
f 1887/2602/1887 1891/2608/1891 1888/2603/1888
f 1887/2602/1887 1890/2606/1890 1891/2608/1891
f 1887/2607/1887 1889/2609/1889 1460/1950/1460
f 1651/2235/1651 1892/2610/1892 181/2611/181
f 1651/2235/1651 1654/2612/1654 1893/2613/1893
f 1651/2235/1651 181/2611/181 1652/2236/1652
f 1651/2235/1651 1893/2613/1893 1892/2610/1892
f 1894/2614/1894 1895/2615/1895 1896/2616/1896
f 1894/2614/1894 1896/2616/1896 890/2617/890
f 1894/2614/1894 1897/2618/1897 1895/2615/1895
f 1898/2619/1898 821/1090/821 824/1088/824
f 1898/2619/1898 1899/2620/1899 821/1090/821
f 1898/2619/1898 1900/2621/1900 1901/2622/1901
f 1898/2619/1898 1901/2622/1901 1899/2620/1899
f 1898/2619/1898 1902/2623/1902 1900/2621/1900
f 1898/2619/1898 824/1088/824 1902/2623/1902
f 1903/2624/1903 1401/1863/1401 1904/2625/1904
f 1903/2624/1903 1904/2625/1904 1905/2626/1905
f 1906/2627/1906 360/2628/360 1097/1431/1097
f 1906/2629/1906 361/452/361 360/451/360
f 1906/2629/1906 831/1099/831 361/452/361
f 1906/2627/1906 1097/1431/1097 1096/1430/1096
f 1906/2627/1906 1096/1430/1096 1907/2630/1907
f 1906/2629/1906 832/1100/832 831/1099/831
f 1906/2627/1906 1907/2630/1907 832/2631/832
f 1908/2632/1908 1909/2633/1909 1482/1986/1482
f 1908/2634/1908 1910/2635/1910 1911/2636/1911
f 1908/2634/1908 1912/2637/1912 1913/2638/1913
f 1908/2632/1908 1914/2639/1914 1909/2633/1909
f 1908/2632/1908 1913/2640/1913 1914/2639/1914
f 1908/2634/1908 1482/2641/1482 1910/2635/1910
f 1908/2634/1908 1911/2636/1911 1912/2637/1912
f 1313/1727/1313 570/755/570 1314/1728/1314
f 1313/1727/1313 935/2642/935 571/756/571
f 1313/1727/1313 571/756/571 570/755/570
f 1313/1732/1313 1915/2643/1915 935/1230/935
f 1313/1732/1313 1316/1731/1316 1915/2643/1915
f 1916/2644/1916 1917/2645/1917 1418/2646/1418
f 1916/2644/1916 1918/2647/1918 1708/2318/1708
f 1916/2644/1916 1708/2318/1708 1917/2645/1917
f 1916/2648/1916 1213/1587/1213 1919/2649/1919
f 1916/2648/1916 1920/2650/1920 1213/1587/1213
f 1916/2651/1916 1418/2652/1418 1920/2653/1920
f 1916/2648/1916 1919/2649/1919 1918/2654/1918
f 1921/2655/1921 1922/2656/1922 1923/2657/1923
f 1921/2655/1921 1219/2658/1219 1922/2656/1922
f 1921/2655/1921 1924/2659/1924 1221/2660/1221
f 1921/2655/1921 1221/2660/1221 1219/2658/1219
f 1921/2655/1921 1923/2657/1923 1924/2659/1924
f 944/2661/944 1925/2662/1925 945/2663/945
f 944/2661/944 1926/2664/1926 1925/2662/1925
f 1927/2665/1927 1228/1607/1228 1928/2666/1928
f 1927/2665/1927 1229/1608/1229 1228/1607/1228
f 1720/2336/1720 1929/2667/1929 1599/2160/1599
f 1720/2336/1720 1930/2668/1930 1931/2669/1931
f 1720/2336/1720 1721/2338/1721 1930/2668/1930
f 1720/2336/1720 1931/2669/1931 1929/2667/1929
f 1023/1341/1023 1932/2670/1932 1024/1342/1024
f 1933/2671/1933 1675/2266/1675 320/394/320
f 1933/2671/1933 319/393/319 1934/2672/1934
f 1933/2671/1933 320/394/320 319/393/319
f 1933/2671/1933 1934/2672/1934 1676/2267/1676
f 1933/2671/1933 1676/2267/1676 1675/2266/1675
f 1935/2673/1935 1936/2674/1936 1937/2675/1937
f 1935/2673/1935 1938/2676/1938 1939/2677/1939
f 1935/2673/1935 1937/2675/1937 1938/2676/1938
f 1935/2678/1935 1940/2679/1940 1941/2680/1941
f 1935/2678/1935 1941/2680/1941 1942/2681/1942
f 1935/2673/1935 1939/2677/1939 1351/1782/1351
f 1935/2673/1935 1942/2682/1942 1936/2674/1936
f 1935/2673/1935 1351/1782/1351 1940/2683/1940
f 66/82/66 71/2684/71 1943/2685/1943
f 66/82/66 1944/2686/1944 67/83/67
f 66/82/66 1943/2685/1943 627/2687/627
f 66/82/66 627/2687/627 1944/2686/1944
f 546/2688/546 947/2689/947 1825/2510/1825
f 546/2688/546 1945/2690/1945 947/2689/947
f 546/725/546 550/723/550 1945/2691/1945
f 546/2688/546 1825/2510/1825 547/2509/547
f 163/199/163 1535/2692/1535 164/200/164
f 163/199/163 594/2693/594 1536/2694/1536
f 163/199/163 1536/2694/1536 1535/2692/1535
f 163/199/163 166/202/166 594/2693/594
f 1946/2695/1946 1387/1843/1387 1388/1844/1388
f 1946/2695/1946 1388/1844/1388 1947/2696/1947
f 1946/2695/1946 1948/2697/1948 1387/1843/1387
f 1946/2695/1946 1949/2698/1949 1948/2697/1948
f 1946/2695/1946 1947/2696/1947 1949/2698/1949
f 1950/2699/1950 1512/2700/1512 1951/2701/1951
f 1950/2699/1950 1952/2702/1952 1953/2703/1953
f 1950/2704/1950 1953/2705/1953 1954/2706/1954
f 1950/2699/1950 1951/2701/1951 1952/2702/1952
f 1950/2704/1950 1513/2035/1513 1512/2034/1512
f 1950/2704/1950 1954/2706/1954 1513/2035/1513
f 1955/2707/1955 1956/2708/1956 1004/2709/1004
f 1955/2707/1955 1957/2710/1957 1958/2711/1958
f 1955/2707/1955 1004/2709/1004 929/2712/929
f 1955/2707/1955 928/2713/928 1959/2714/1959
f 1955/2707/1955 1958/2711/1958 1956/2708/1956
f 1955/2707/1955 929/2712/929 928/2713/928
f 1955/2707/1955 1959/2714/1959 1957/2710/1957
f 1960/2715/1960 684/905/684 562/746/562
f 1960/2715/1960 1961/2716/1961 1962/2717/1962
f 1960/2715/1960 558/738/558 1963/2718/1963
f 1960/2715/1960 1962/2717/1962 558/738/558
f 1960/2715/1960 562/746/562 1961/2716/1961
f 1960/2715/1960 1963/2718/1963 684/905/684
f 1964/2719/1964 780/1036/780 566/2720/566
f 1964/2721/1964 565/750/565 1965/2722/1965
f 1964/2719/1964 694/2723/694 780/1036/780
f 1964/2719/1964 1965/2724/1965 1966/2725/1966
f 1964/2721/1964 566/751/566 565/750/565
f 1964/2719/1964 1966/2725/1966 694/2723/694
f 1967/2726/1967 1968/2727/1968 977/1285/977
f 1967/2726/1967 1525/2728/1525 1969/2729/1969
f 1967/2726/1967 1183/2730/1183 1968/2727/1968
f 1967/2726/1967 1969/2729/1969 1448/1931/1448
f 1967/2726/1967 1448/1931/1448 1184/2731/1184
f 1967/2726/1967 1184/2731/1184 1183/2730/1183
f 1967/2726/1967 977/1285/977 1525/2728/1525
f 1129/1482/1129 1970/2732/1970 1971/2733/1971
f 1129/1482/1129 1972/2734/1972 1970/2732/1970
f 1129/1482/1129 1971/2733/1971 1130/1483/1130
f 1129/1482/1129 1133/1486/1133 1972/2734/1972
f 1534/2072/1534 1191/1558/1191 1973/2735/1973
f 1534/2072/1534 1974/2736/1974 1535/2073/1535
f 1534/2072/1534 1973/2735/1973 1974/2736/1974
f 992/1301/992 1975/2737/1975 993/1302/993
f 992/2738/992 1976/2739/1976 1977/2740/1977
f 992/2738/992 1977/2740/1977 1975/2741/1975
f 992/2738/992 994/2742/994 1976/2739/1976
f 721/950/721 1978/2743/1978 722/951/722
f 104/2744/104 589/778/589 1979/2745/1979
f 104/2746/104 1979/2747/1979 1773/2748/1773
f 104/2749/104 1773/2424/1773 1772/2423/1772
f 104/131/104 1772/2750/1772 105/132/105
f 524/681/524 1276/1673/1276 141/170/141
f 524/688/524 526/684/526 1276/1670/1276
f 1980/2751/1980 1981/2752/1981 1982/2753/1982
f 1980/2751/1980 1982/2753/1982 1983/2754/1983
f 1980/2751/1980 1984/2755/1984 1985/2756/1985
f 1980/2751/1980 1983/2754/1983 1984/2755/1984
f 1980/2751/1980 1985/2756/1985 1981/2752/1981
f 1917/2645/1917 1986/2757/1986 1417/2758/1417
f 1917/2645/1917 1708/2318/1708 1216/1591/1216
f 1917/2645/1917 1289/1689/1289 1290/1688/1290
f 1917/2645/1917 1417/2758/1417 1418/2646/1418
f 1917/2645/1917 1290/1688/1290 1986/2757/1986
f 1917/2645/1917 1987/2759/1987 1289/1689/1289
f 1917/2645/1917 1216/1591/1216 1987/2759/1987
f 1292/1691/1292 1294/1693/1294 1988/2760/1988
f 1292/1691/1292 1821/2761/1821 1293/1692/1293
f 1292/1691/1292 1989/2762/1989 1990/2763/1990
f 1292/1691/1292 1988/2760/1988 1989/2762/1989
f 1292/2764/1292 1990/2765/1990 1821/2501/1821
f 1991/2766/1991 1992/2767/1992 1225/2768/1225
f 1991/2769/1991 1993/2770/1993 1994/2771/1994
f 1991/2769/1991 1225/2772/1225 1227/2773/1227
f 1991/2769/1991 1227/2773/1227 1993/2770/1993
f 1991/2766/1991 1994/2774/1994 1992/2767/1992
f 1995/2775/1995 1996/2776/1996 1997/2777/1997
f 1995/2775/1995 1997/2777/1997 1998/2778/1998
f 1995/2779/1995 1998/2780/1998 1999/2781/1999
f 1995/2779/1995 1804/2782/1804 2000/2783/2000
f 1995/2779/1995 1999/2781/1999 1804/2782/1804
f 1995/2775/1995 2000/2784/2000 1996/2776/1996
f 2001/2785/2001 2002/2786/2002 2003/2787/2003
f 2001/2785/2001 2004/2788/2004 2005/2789/2005
f 2001/2785/2001 10/11/10 555/733/555
f 2001/2785/2001 555/733/555 2002/2786/2002
f 2001/2785/2001 2005/2789/2005 10/11/10
f 2001/2785/2001 2003/2787/2003 2004/2788/2004
f 2006/2790/2006 1578/2138/1578 1580/2140/1580
f 2006/2790/2006 2007/2791/2007 1241/1622/1241
f 2006/2790/2006 1580/2140/1580 968/1271/968
f 2006/2790/2006 968/1271/968 2007/2791/2007
f 2006/2790/2006 1241/1622/1241 1240/1621/1240
f 2006/2790/2006 1240/1621/1240 1578/2138/1578
f 2008/2792/2008 2009/2793/2009 2010/2794/2010
f 2008/2792/2008 2010/2794/2010 2011/2795/2011
f 2008/2792/2008 2012/2796/2012 2013/2797/2013
f 2008/2792/2008 2013/2797/2013 2009/2793/2009
f 2008/2792/2008 2011/2795/2011 2012/2796/2012
f 1387/1843/1387 601/793/601 602/794/602
f 1387/1843/1387 1948/2697/1948 601/793/601
f 1387/1843/1387 602/794/602 844/1117/844
f 1157/2798/1157 2014/2799/2014 148/177/148
f 1157/1518/1157 1202/1572/1202 2014/2800/2014
f 1157/2798/1157 148/177/148 1160/1527/1160
f 1697/2801/1697 1112/1456/1112 1111/1455/1111
f 1697/2801/1697 1895/2802/1895 1112/1456/1112
f 412/522/412 414/524/414 2015/2803/2015
f 412/522/412 1397/2804/1397 413/523/413
f 412/522/412 1398/1974/1398 1397/2804/1397
f 412/522/412 2015/2803/2015 1398/1974/1398
f 2016/2805/2016 2017/2806/2017 1904/2625/1904
f 2016/2807/2016 1400/1866/1400 2018/2808/2018
f 2016/2805/2016 1904/2625/1904 1400/1862/1400
f 2016/2807/2016 2019/2809/2019 1478/2810/1478
f 2016/2807/2016 2018/2808/2018 2019/2809/2019
f 2016/2811/2016 1478/2812/1478 2017/2813/2017
f 2020/2814/2020 2021/2815/2021 2022/2816/2022
f 2020/2814/2020 697/921/697 1680/2276/1680
f 2020/2814/2020 2022/2816/2022 697/921/697
f 2020/2814/2020 2023/2817/2023 2021/2815/2021
f 2020/2814/2020 1680/2276/1680 2023/2817/2023
f 2024/2818/2024 878/1154/878 2025/2819/2025
f 2024/2820/2024 2026/2821/2026 2027/2822/2027
f 2024/2820/2024 2027/2822/2027 1481/1992/1481
f 2024/2818/2024 879/1155/879 878/1154/878
f 2024/2820/2024 2025/2823/2025 2026/2821/2026
f 2024/2820/2024 1481/1992/1481 879/2824/879
f 1080/1411/1080 1177/1541/1177 1179/1545/1179
f 1080/1406/1080 2028/2825/2028 1081/1407/1081
f 1080/1411/1080 1083/1410/1083 1177/1541/1177
f 1080/2826/1080 1179/2827/1179 2029/2828/2029
f 1080/1406/1080 2030/2829/2030 2028/2825/2028
f 1080/2826/1080 2029/2828/2029 2031/2830/2031
f 1080/2831/1080 2031/2832/2031 2030/2833/2030
f 2032/2834/2032 435/560/435 1491/2008/1491
f 2032/2835/2032 1855/2836/1855 33/42/33
f 2032/2835/2032 30/38/30 435/2269/435
f 2032/2835/2032 33/42/33 30/38/30
f 2032/2837/2032 1491/2006/1491 1855/2838/1855
f 2033/2839/2033 572/763/572 934/1227/934
f 2033/2839/2033 1346/1777/1346 1348/1779/1348
f 2033/2839/2033 934/1227/934 2034/2840/2034
f 2033/2839/2033 2034/2840/2034 2035/2841/2035
f 2033/2839/2033 1348/1779/1348 572/763/572
f 2033/2839/2033 2035/2841/2035 1346/1777/1346
f 2036/2842/2036 2037/2843/2037 1034/1356/1034
f 2036/2842/2036 1033/1355/1033 2037/2843/2037
f 2036/2842/2036 1034/1356/1034 1033/1355/1033
f 331/408/331 1040/1363/1040 332/409/332
f 331/408/331 335/412/335 1039/1362/1039
f 1167/2844/1167 467/602/467 2038/2845/2038
f 1167/2844/1167 468/603/468 467/602/467
f 1167/2844/1167 2038/2845/2038 1168/2846/1168
f 1167/1531/1167 1170/1534/1170 468/2847/468
f 471/606/471 2039/2848/2039 2040/2849/2040
f 471/606/471 474/609/474 2039/2848/2039
f 471/606/471 1050/2850/1050 472/607/472
f 471/606/471 2040/2849/2040 1050/2850/1050
f 2041/2851/2041 2042/2852/2042 2043/2853/2043
f 2041/2854/2041 1637/2855/1637 1636/2856/1636
f 2041/2854/2041 2044/2857/2044 1637/2855/1637
f 2041/2851/2041 1636/2207/1636 2042/2852/2042
f 2041/2854/2041 2043/2858/2043 2044/2857/2044
f 1551/2093/1551 75/95/75 77/97/77
f 1551/2093/1551 77/97/77 2045/2859/2045
f 1551/2093/1551 2046/2860/2046 530/693/530
f 1551/2093/1551 2045/2859/2045 2046/2860/2046
f 739/2098/739 2047/2861/2047 1556/2099/1556
f 739/2098/739 744/2862/744 2047/2861/2047
f 1563/2863/1563 1562/2112/1562 749/986/749
f 1563/2864/1563 749/984/749 748/983/748
f 2048/2865/2048 2049/2866/2049 824/1088/824
f 2048/2865/2048 824/1088/824 823/1087/823
f 2050/2867/2050 2051/2868/2051 2052/2869/2052
f 2050/2870/2050 1427/1903/1427 2051/2871/2051
f 2050/2867/2050 2052/2869/2052 955/1255/955
f 2050/2870/2050 952/1904/952 1427/1903/1427
f 2050/2867/2050 955/1255/955 952/1251/952
f 830/1098/830 832/1100/832 1858/2553/1858
f 830/1098/830 1861/2557/1861 762/1006/762
f 704/928/704 707/931/707 1433/1912/1433
f 704/928/704 2053/2872/2053 705/929/705
f 704/2873/704 969/2874/969 2053/2875/2053
f 1135/2876/1135 2054/2877/2054 1436/1917/1436
f 1135/2878/1135 1137/2879/1137 2055/2880/2055
f 1135/1488/1135 1623/2881/1623 1136/1489/1136
f 1135/2876/1135 1436/1917/1436 1623/2882/1623
f 1135/2878/1135 2056/2883/2056 2054/2884/2054
f 1135/2878/1135 2055/2880/2055 2056/2883/2056
f 1140/1493/1140 778/1498/778 784/2885/784
f 1140/1493/1140 353/441/353 1141/1494/1141
f 1140/1493/1140 784/2885/784 2057/2886/2057
f 1140/1493/1140 354/442/354 353/441/353
f 1140/1493/1140 2057/2886/2057 354/442/354
f 570/755/570 574/759/574 2058/2887/2058
f 570/755/570 2058/2887/2058 1314/1728/1314
f 788/1043/788 1886/2601/1886 2059/2888/2059
f 788/1043/788 789/1045/789 2060/2889/2060
f 788/1043/788 2060/2889/2060 1886/2601/1886
f 788/1043/788 2059/2888/2059 711/935/711
f 621/813/621 578/2890/578 622/814/622
f 621/819/621 1460/1950/1460 1889/2609/1889
f 621/819/621 624/818/624 1460/1950/1460
f 621/819/621 1889/2609/1889 578/2891/578
f 2061/2892/2061 1840/2526/1840 2062/2893/2062
f 2061/2892/2061 3/2894/3 2/2895/2
f 2061/2892/2061 2063/2896/2063 1840/2526/1840
f 2061/2892/2061 2/2895/2 2063/2896/2063
f 2061/2892/2061 2062/2893/2062 2064/2897/2064
f 2061/2892/2061 2064/2897/2064 3/2894/3
f 2065/2898/2065 2066/2899/2066 1979/2900/1979
f 2065/2898/2065 2067/2901/2067 2066/2899/2066
f 2065/2902/2065 1979/2903/1979 801/1063/801
f 2065/2902/2065 801/1063/801 800/1060/800
f 2065/2898/2065 2068/2904/2068 2067/2901/2067
f 2065/2902/2065 800/1060/800 2068/2905/2068
f 2069/2906/2069 2070/2907/2070 2071/2908/2071
f 2069/2906/2069 2072/2909/2072 2073/2910/2073
f 2069/2906/2069 2071/2908/2071 2074/2911/2074
f 2069/2906/2069 428/2912/428 2070/2907/2070
f 2069/2906/2069 2073/2910/2073 428/2912/428
f 2069/2906/2069 2074/2911/2074 2072/2909/2072
f 2075/2913/2075 2076/2914/2076 2077/2915/2077
f 2075/2916/2075 2078/2917/2078 2079/2918/2079
f 2075/2919/2075 2079/2920/2079 2080/2921/2080
f 2075/2922/2075 2077/2923/2077 1802/2464/1802
f 2075/2916/2075 1802/2924/1802 2078/2917/2078
f 2075/2919/2075 2080/2921/2080 2076/2925/2076
f 1333/1752/1333 1020/1335/1020 2081/2926/2081
f 1333/1752/1333 1930/2927/1930 1721/2928/1721
f 1333/1752/1333 1721/2928/1721 1334/1753/1334
f 1333/1752/1333 2081/2926/2081 1930/2927/1930
f 1025/1344/1025 1029/1349/1029 1500/2022/1500
f 659/866/659 1257/1823/1257 2082/2929/2082
f 659/866/659 661/869/661 1257/1823/1257
f 659/866/659 2082/2929/2082 402/867/402
f 2083/2930/2083 1508/2030/1508 2084/2931/2084
f 2083/2932/2083 2085/2933/2085 2086/2934/2086
f 2083/2930/2083 245/295/245 247/297/247
f 2083/2930/2083 2084/2931/2084 2085/2935/2085
f 2083/2932/2083 2086/2934/2086 245/2936/245
f 2083/2930/2083 247/297/247 1508/2030/1508
f 671/2937/671 1044/2938/1044 1510/2939/1510
f 671/2937/671 674/2940/674 1044/2938/1044
f 923/1215/923 927/1219/927 1517/2941/1517
f 1207/1578/1207 1282/1678/1282 931/1223/931
f 1207/1578/1207 2087/2942/2087 1279/1675/1279
f 1207/1578/1207 1209/1580/1209 2087/2942/2087
f 2088/2943/2088 2089/2944/2089 281/1740/281
f 2088/2943/2088 491/633/491 2090/2945/2090
f 2088/2943/2088 281/1740/281 1321/1739/1321
f 2088/2943/2088 2090/2945/2090 2089/2944/2089
f 2088/2943/2088 492/634/492 491/633/491
f 2088/2943/2088 1321/1739/1321 492/634/492
f 1218/1593/1218 1220/1595/1220 2091/2946/2091
f 1218/1593/1218 2091/2946/2091 285/341/285
f 1218/1593/1218 285/341/285 288/2947/288
f 1218/2948/1218 288/345/288 1219/2658/1219
f 2092/2949/2092 1884/2599/1884 2060/2889/2060
f 2092/2950/2092 2093/2951/2093 1299/1704/1299
f 2092/2949/2092 1298/2952/1298 1884/2599/1884
f 2092/2950/2092 789/1044/789 2093/2951/2093
f 2092/2950/2092 1299/1704/1299 1298/1703/1298
f 2092/2949/2092 2060/2889/2060 789/1045/789
f 1888/2603/1888 579/767/579 1889/2604/1889
f 1888/2603/1888 2094/2953/2094 579/767/579
f 1888/2603/1888 1891/2608/1891 2094/2953/2094
f 2095/2954/2095 2096/2955/2096 70/2956/70
f 2095/2954/2095 70/2956/70 1823/2504/1823
f 2095/2954/2095 2097/2957/2097 2098/2958/2098
f 2095/2954/2095 1823/2504/1823 2097/2957/2097
f 2095/2959/2095 2098/2960/2098 2099/2961/2099
f 2095/2959/2095 2099/2961/2099 2096/2962/2096
f 114/143/114 1243/1624/1243 115/144/115
f 114/143/114 2100/2963/2100 1243/1624/1243
f 114/143/114 2101/2964/2101 2100/2963/2100
f 114/143/114 117/146/117 2101/2964/2101
f 1648/2228/1648 974/1281/974 1777/2431/1777
f 2102/2965/2102 2103/2966/2103 517/672/517
f 2102/2965/2102 41/2967/41 2104/2968/2104
f 2102/2965/2102 517/672/517 515/670/515
f 2102/2965/2102 2104/2968/2104 2103/2966/2103
f 2102/2965/2102 515/670/515 41/2967/41
f 2105/2969/2105 2106/2970/2106 751/987/751
f 2105/2971/2105 751/990/751 752/989/752
f 2105/2971/2105 752/989/752 2107/2972/2107
f 906/1200/906 910/1199/910 1380/1829/1380
f 906/1193/906 240/290/240 907/1194/907
f 906/1193/906 241/291/241 240/290/240
f 906/1193/906 1380/2973/1380 241/291/241
f 2108/2974/2108 2109/2975/2109 2110/2976/2110
f 2108/2974/2108 1610/2173/1610 2111/2977/2111
f 2108/2974/2108 2110/2976/2110 1611/2174/1611
f 2108/2974/2108 1611/2174/1611 1610/2173/1610
f 2108/2974/2108 2112/2978/2112 2109/2975/2109
f 2108/2974/2108 2111/2977/2111 2112/2978/2112
f 919/1209/919 99/126/99 2113/2979/2113
f 919/1209/919 2113/2979/2113 2114/2980/2114
f 733/962/733 272/322/272 271/321/271
f 733/971/733 2115/2981/2115 2116/2982/2116
f 733/971/733 737/967/737 2115/2981/2115
f 733/971/733 2116/2982/2116 272/2983/272
f 1211/1584/1211 1214/1588/1214 2117/2984/2117
f 1211/1584/1211 1806/2985/1806 280/331/280
f 1211/1584/1211 2117/2984/2117 1806/2985/1806
f 1922/2656/1922 2118/2986/2118 1923/2657/1923
f 1922/2656/1922 1219/2658/1219 288/345/288
f 1922/2656/1922 287/344/287 2118/2986/2118
f 1922/2656/1922 288/345/288 287/344/287
f 2119/2987/2119 505/658/505 1852/2547/1852
f 2119/2988/2119 506/660/506 505/659/505
f 2119/2987/2119 1852/2547/1852 2120/2989/2120
f 2119/2988/2119 1992/2767/1992 2121/2990/2121
f 2119/2988/2119 1225/2768/1225 1992/2767/1992
f 2119/2987/2119 2120/2989/2120 1225/1601/1225
f 2119/2988/2119 2121/2990/2121 506/660/506
f 645/2991/645 651/2992/651 1230/1610/1230
f 1599/2160/1599 1929/2667/1929 2122/2993/2122
f 1599/2160/1599 2122/2993/2122 1600/2161/1600
f 1722/2344/1722 1912/2637/1912 1238/2994/1238
f 1722/2344/1722 1723/2343/1723 2123/2995/2123
f 1722/2344/1722 1913/2638/1913 1912/2637/1912
f 1722/2344/1722 2123/2995/2123 1913/2638/1913
f 2124/2996/2124 2125/2997/2125 2126/2998/2126
f 2124/2996/2124 1055/1381/1055 2127/2999/2127
f 2124/2996/2124 1056/1382/1056 1055/1381/1055
f 2124/2996/2124 2126/2998/2126 1056/1382/1056
f 2124/2996/2124 2127/2999/2127 2125/2997/2125
f 461/593/461 2128/3000/2128 462/594/462
f 461/593/461 1731/3001/1731 2129/3002/2129
f 461/593/461 2129/3002/2129 154/184/154
f 461/593/461 154/184/154 2128/3000/2128
f 461/593/461 466/601/466 1731/3001/1731
f 1110/3003/1110 1114/3004/1114 187/3005/187
f 1110/3003/1110 2130/3006/2130 186/3007/186
f 1110/3003/1110 187/3005/187 2130/3006/2130
f 2131/3008/2131 2132/3009/2132 1952/2702/1952
f 2131/3008/2131 1116/3010/1116 348/3011/348
f 2131/3008/2131 348/3011/348 351/3012/351
f 2131/3008/2131 1952/2702/1952 1951/2701/1951
f 2131/3008/2131 1951/2701/1951 1116/3010/1116
f 2131/3008/2131 351/3012/351 2132/3009/2132
f 2051/2871/2051 1427/1903/1427 2133/3013/2133
f 2051/2871/2051 2133/3013/2133 2134/3014/2134
f 2051/2871/2051 2134/3014/2134 2052/3015/2052
f 2021/3016/2021 1667/2256/1667 2135/3017/2135
f 2021/3016/2021 2135/3017/2135 2136/3018/2136
f 2021/3019/2021 2137/3020/2137 2022/3021/2022
f 2021/3016/2021 2138/3022/2138 1668/2257/1668
f 2021/3016/2021 2136/3018/2136 2137/3023/2137
f 2021/3016/2021 2139/3024/2139 2138/3022/2138
f 2021/2815/2021 2023/2817/2023 2139/3025/2139
f 2021/3016/2021 1668/2257/1668 1667/2256/1667
f 1130/3026/1130 1451/1938/1451 1452/1939/1452
f 1130/1483/1130 1971/2733/1971 1451/3027/1451
f 1130/3026/1130 1452/1939/1452 1131/3028/1131
f 2054/2877/2054 1435/1918/1435 1436/1917/1436
f 2054/2877/2054 1339/3029/1339 1435/1918/1435
f 2054/3030/2054 2056/3031/2056 1339/3032/1339
f 1142/1496/1142 2140/3033/2140 1143/1497/1143
f 1142/1499/1142 1141/1494/1141 757/999/757
f 1142/3034/1142 757/1001/757 758/1000/758
f 1142/3035/1142 758/3036/758 2140/3037/2140
f 2141/3038/2141 959/3039/959 2142/3040/2142
f 2141/3038/2141 2142/3040/2142 2143/3041/2143
f 2141/3038/2141 1629/2199/1629 2144/3042/2144
f 2141/3038/2141 2144/3042/2144 959/3039/959
f 2141/3038/2141 2143/3041/2143 1629/2199/1629
f 1145/1501/1145 1148/1504/1148 1631/2201/1631
f 2145/3043/2145 1760/2408/1760 1762/2411/1762
f 2145/3043/2145 1761/2409/1761 1760/2408/1760
f 2145/3043/2145 805/1066/805 1874/2578/1874
f 2145/3043/2145 1762/2411/1762 805/1066/805
f 2145/3043/2145 1874/2578/1874 1761/2409/1761
f 2146/3044/2146 2147/3045/2147 2148/3046/2148
f 2146/3044/2146 2148/3046/2148 1813/2481/1813
f 2146/3044/2146 1261/1650/1261 2149/3047/2149
f 2146/3044/2146 1813/2481/1813 1261/1650/1261
f 2146/3044/2146 2149/3047/2149 2147/3045/2147
f 1169/1533/1169 1171/1535/1171 2150/3048/2150
f 1169/1533/1169 2151/3049/2151 2152/3050/2152
f 1169/1533/1169 2150/3048/2150 1766/3051/1766
f 1169/1533/1169 1766/3051/1766 2151/3049/2151
f 1169/1533/1169 2152/3050/2152 1170/1534/1170
f 1769/2428/1769 1562/2112/1562 1561/2108/1561
f 1769/2428/1769 1561/2108/1561 1770/2598/1770
f 1769/2428/1769 2153/3052/2153 1562/2112/1562
f 1769/2428/1769 1775/2427/1775 2153/3052/2153
f 1837/2523/1837 1637/2209/1637 2154/3053/2154
f 1837/2523/1837 2154/3053/2154 2155/3054/2155
f 1837/2523/1837 2155/3054/2155 458/590/458
f 1837/2523/1837 458/590/458 1838/2524/1838
f 979/3055/979 584/2527/584 1841/2529/1841
f 979/3055/979 2156/3056/2156 584/2527/584
f 979/3055/979 1841/2529/1841 980/3057/980
f 979/1288/979 983/1292/983 2156/3058/2156
f 2157/3059/2157 2158/3060/2158 2159/3061/2159
f 2157/3059/2157 541/714/541 2160/3062/2160
f 2157/3063/2157 2039/2848/2039 2161/3064/2161
f 2157/3059/2157 2160/3062/2160 2158/3060/2158
f 2157/3063/2157 2161/3064/2161 541/3065/541
f 2157/3063/2157 2159/3066/2159 2039/2848/2039
f 2162/3067/2162 1815/2485/1815 2163/3068/2163
f 2162/3067/2162 1816/2486/1816 1815/2485/1815
f 2162/3067/2162 2163/3068/2163 2164/3069/2164
f 1329/1748/1329 2017/3070/2017 1478/3071/1478
f 1329/1748/1329 2052/3072/2052 2017/3070/2017
f 1329/1748/1329 1475/3073/1475 1330/1749/1330
f 1329/1748/1329 1331/1750/1331 2052/3072/2052
f 1329/3074/1329 1478/1981/1478 1475/1978/1475
f 441/568/441 445/572/445 1021/1338/1021
f 441/3075/441 1021/3076/1021 2165/3077/2165
f 441/3075/441 1860/2556/1860 442/2555/442
f 441/3075/441 2165/3077/2165 1860/2556/1860
f 310/381/310 1337/1757/1337 2166/3078/2166
f 310/381/310 2166/3078/2166 311/382/311
f 1177/1541/1177 54/70/54 51/67/51
f 1177/1541/1177 1083/1410/1083 54/70/54
f 1936/3079/1936 2167/3080/2167 35/48/35
f 1936/3079/1936 1942/3081/1942 2167/3080/2167
f 1936/3082/1936 1091/1425/1091 1937/3083/1937
f 1936/3082/1936 32/41/32 1091/1425/1091
f 1936/3082/1936 35/47/35 32/41/32
f 572/763/572 1348/1779/1348 573/3084/573
f 572/763/572 575/762/575 934/1227/934
f 2168/3085/2168 840/1111/840 479/1113/479
f 2168/3086/2168 479/617/479 480/618/480
f 2168/3086/2168 480/618/480 1195/1565/1195
f 2168/3085/2168 1190/1557/1190 1608/2171/1608
f 2168/3085/2168 1608/2171/1608 840/1111/840
f 2168/3085/2168 1195/1564/1195 1190/1557/1190
f 577/765/577 581/769/581 2169/3087/2169
f 577/3088/577 2170/3089/2170 622/814/622
f 577/765/577 2169/3087/2169 2170/3090/2170
f 577/765/577 622/3091/622 578/766/578
f 1690/3092/1690 4/4/4 1691/3093/1691
f 1690/3092/1690 5/5/5 4/4/4
f 1690/2289/1690 1693/2292/1693 5/3094/5
f 1358/1795/1358 107/136/107 106/135/106
f 1358/3095/1358 2171/3096/2171 2172/3097/2172
f 1358/1792/1358 2172/3098/2172 1359/1793/1359
f 1358/3095/1358 1958/3099/1958 2171/3096/2171
f 1358/1795/1358 106/135/106 1958/2711/1958
f 2173/3100/2173 2174/3101/2174 2175/3102/2175
f 2173/3100/2173 2175/3102/2175 2176/3103/2176
f 2173/3100/2173 2176/3103/2176 1244/1627/1244
f 2173/3100/2173 1244/1627/1244 2177/3104/2177
f 2173/3100/2173 2177/3104/2177 2174/3101/2174
f 1392/3105/1392 1075/3106/1075 2178/3107/2178
f 1392/1849/1392 2179/3108/2179 1393/1850/1393
f 1392/3105/1392 2178/3107/2178 2000/2784/2000
f 1392/3109/1392 2000/3110/2000 2179/3111/2179
f 386/489/386 2180/3112/2180 387/490/387
f 386/489/386 894/1178/894 2180/3112/2180
f 386/489/386 390/495/390 892/1176/892
f 2181/3113/2181 2182/3114/2182 2183/3115/2183
f 2181/3113/2181 1812/2478/1812 2182/3114/2182
f 2181/3113/2181 2184/3116/2184 1849/2544/1849
f 2181/3113/2181 2183/3115/2183 2184/3116/2184
f 2181/3113/2181 1849/2544/1849 1812/2478/1812
f 2185/3117/2185 907/1194/907 2186/3118/2186
f 2185/3119/2185 989/1298/989 908/1197/908
f 2185/3119/2185 908/1197/908 907/1196/907
f 2185/3117/2185 2186/3118/2186 1537/2075/1537
f 2185/3117/2185 1537/2075/1537 989/3120/989
f 145/174/145 1263/1653/1263 1262/1652/1262
f 145/174/145 2014/2799/2014 1263/1653/1263
f 145/174/145 148/177/148 2014/2799/2014
f 1106/1449/1106 1266/1658/1266 1107/1450/1107
f 1106/1449/1106 2187/3121/2187 1267/1659/1267
f 1106/1449/1106 797/1054/797 2187/3121/2187
f 1106/1449/1106 1267/1659/1267 1266/1658/1266
f 2188/3122/2188 2189/3123/2189 2190/3124/2190
f 2188/3122/2188 2191/3125/2191 2189/3123/2189
f 2188/3122/2188 2190/3124/2190 1883/2596/1883
f 317/399/317 323/398/323 2192/3126/2192
f 317/391/317 2193/3127/2193 318/392/318
f 317/391/317 2192/3128/2192 2193/3127/2193
f 1280/1676/1280 2194/3129/2194 1281/1677/1281
f 1280/1676/1280 1728/2354/1728 2194/3129/2194
f 1280/1676/1280 1284/1680/1284 1728/2354/1728
f 177/3130/177 2128/3000/2128 2195/3131/2195
f 177/3132/177 1920/2653/1920 1418/2652/1418
f 177/3130/177 2195/3131/2195 2196/3133/2196
f 177/3132/177 1418/2652/1418 2197/3134/2197
f 177/3135/177 2196/3136/2196 1920/3137/1920
f 177/3132/177 2197/3134/2197 178/3138/178
f 177/3130/177 182/3139/182 2128/3000/2128
f 2198/3140/2198 343/428/343 1014/1329/1014
f 2198/3140/2198 1014/1329/1014 1013/1328/1013
f 502/654/502 1661/2250/1661 503/655/503
f 502/654/502 508/663/508 1658/2247/1658
f 1789/2451/1789 2199/3141/2199 199/240/199
f 1789/2451/1789 690/914/690 2200/3142/2200
f 1789/2451/1789 2200/3142/2200 2199/3141/2199
f 1667/2256/1667 1670/2260/1670 2135/3017/2135
f 1672/2262/1672 2174/3143/2174 2201/3144/2201
f 1672/2262/1672 2201/3144/2201 2202/3145/2202
f 1672/2262/1672 2202/3145/2202 2203/3146/2203
f 1672/2262/1672 522/679/522 521/678/521
f 1672/2262/1672 2203/3146/2203 1673/2263/1673
f 1672/2262/1672 521/678/521 2174/3143/2174
f 1147/1503/1147 2204/3147/2204 1148/1504/1148
f 1147/1503/1147 1466/1964/1466 2204/3147/2204
f 847/1120/847 849/1122/849 1469/3148/1469
f 847/3149/847 1588/2149/1588 848/3150/848
f 847/3149/847 2205/3151/2205 1588/2149/1588
f 847/3149/847 1469/3152/1469 2205/3151/2205
f 1220/1595/1220 858/1131/858 860/1133/860
f 1220/1595/1220 680/900/680 2091/2946/2091
f 1220/1595/1220 860/1133/860 2206/3153/2206
f 1220/1595/1220 2206/3153/2206 680/900/680
f 612/804/612 2207/3154/2207 613/805/613
f 612/804/612 713/938/713 2208/3155/2208
f 612/804/612 617/809/617 713/938/713
f 612/804/612 2208/3155/2208 2207/3154/2207
f 2209/3156/2209 2210/3157/2210 2211/3158/2211
f 2209/3156/2209 2211/3158/2211 866/1141/866
f 514/669/514 1403/1867/1403 38/3159/38
f 514/669/514 38/3159/38 515/670/515
f 2174/3101/2174 2177/3104/2177 2201/3160/2201
f 2174/3101/2174 521/3161/521 2175/3102/2175
f 2212/3162/2212 2213/3163/2213 1082/1408/1082
f 2212/3162/2212 2028/2825/2028 1751/2391/1751
f 2212/3162/2212 1081/1407/1081 2028/2825/2028
f 2212/3162/2212 2214/3164/2214 2213/3163/2213
f 2212/3162/2212 1082/1408/1082 1081/1407/1081
f 2212/3162/2212 1751/2391/1751 2214/3164/2214
f 2215/3165/2215 2078/3166/2078 1801/3167/1801
f 2215/3165/2215 2216/3168/2216 2078/3166/2078
f 2215/3165/2215 297/362/297 2216/3168/2216
f 1413/1878/1413 1496/3169/1496 1414/1879/1414
f 1413/1884/1413 1417/1883/1417 1493/3170/1493
f 899/1184/899 902/1188/902 1105/1447/1105
f 2217/3171/2217 2218/3172/2218 1506/2028/1506
f 2217/3171/2217 1506/2028/1506 2219/3173/2219
f 2217/3174/2217 2220/3175/2220 2218/3176/2218
f 2221/3177/2221 2222/3178/2222 2223/3179/2223
f 2221/3180/2221 912/1202/912 2224/3181/2224
f 2221/3177/2221 2223/3179/2223 2225/3182/2225
f 2221/3177/2221 2224/3183/2224 2222/3178/2222
f 2221/3180/2221 913/1203/913 912/1202/912
f 2221/3180/2221 2225/3184/2225 913/1203/913
f 1510/2032/1510 2226/3185/2226 1511/2033/1511
f 1510/2939/1510 2227/3186/2227 2226/3187/2226
f 1510/2939/1510 1044/2938/1044 2227/3186/2227
f 2228/3188/2228 473/608/473 2229/3189/2229
f 2228/3188/2228 2229/3189/2229 2230/3190/2230
f 2228/3188/2228 474/609/474 473/608/473
f 2228/3188/2228 2231/3191/2231 2161/3064/2161
f 2228/3188/2228 2161/3064/2161 474/609/474
f 2228/3192/2228 2230/3193/2230 2231/3194/2231
f 773/3195/773 558/738/558 561/3196/561
f 773/1025/773 2232/3197/2232 2233/3198/2233
f 773/1018/773 561/3199/561 774/1019/774
f 773/3195/773 2233/3200/2233 1963/2718/1963
f 773/1025/773 776/1024/776 2232/3197/2232
f 773/3195/773 1963/2718/1963 558/738/558
f 778/1027/778 1143/1497/1143 779/1028/779
f 1434/3201/1434 1433/1912/1433 1105/3202/1105
f 1434/1913/1434 2234/3203/2234 965/1267/965
f 1434/3201/1434 1105/3202/1105 2234/3204/2234
f 790/1046/790 1199/1569/1199 2235/3205/2235
f 790/1046/790 2235/3205/2235 716/943/716
f 1840/2526/1840 1702/2306/1702 1703/2305/1703
f 1840/2526/1840 586/2528/586 2062/2893/2062
f 1840/2526/1840 2063/2896/2063 1702/2306/1702
f 525/689/525 528/687/528 2236/3206/2236
f 525/683/525 808/1069/808 526/684/526
f 525/689/525 2236/3206/2236 808/3207/808
f 2237/3208/2237 1763/2412/1763 2238/3209/2238
f 2237/3208/2237 1983/2754/1983 1976/2739/1976
f 2237/3208/2237 1976/2739/1976 994/2742/994
f 2237/3208/2237 994/2742/994 1814/3210/1814
f 2237/3208/2237 1814/3210/1814 1763/2412/1763
f 2237/3208/2237 2238/3209/2238 1983/2754/1983
f 179/218/179 1556/2099/1556 2239/3211/2239
f 179/218/179 2239/3211/2239 180/219/180
f 2158/3060/2158 1375/1820/1375 1374/1819/1374
f 2158/3060/2158 2160/3062/2160 1375/1820/1375
f 2158/3060/2158 1374/1819/1374 1756/2401/1756
f 2158/3060/2158 1756/2401/1756 2159/3061/2159
f 2107/2972/2107 752/989/752 1797/2459/1797
f 2107/2972/2107 1797/2459/1797 1796/2458/1796
f 826/3212/826 1490/2009/1490 1489/2003/1489
f 826/1092/826 828/1094/828 2240/3213/2240
f 826/3212/826 2240/3214/2240 1490/2009/1490
f 826/3212/826 1489/2003/1489 827/3215/827
f 1574/3216/1574 763/1007/763 1575/3217/1575
f 1574/2134/1574 1577/2137/1577 961/1263/961
f 1574/2134/1574 961/1263/961 763/3218/763
f 835/1103/835 2241/3219/2241 2242/3220/2242
f 835/1103/835 2243/3221/2243 836/1104/836
f 835/1103/835 2242/3220/2242 2243/3221/2243
f 835/1103/835 1579/2139/1579 2241/3219/2241
f 1006/1315/1006 217/1317/217 222/1763/222
f 1006/1315/1006 427/1762/427 430/3222/430
f 1006/1315/1006 222/1763/222 427/1762/427
f 1006/3223/1006 430/552/430 1007/3224/1007
f 1294/1693/1294 647/3225/647 650/3226/650
f 1294/1693/1294 1015/1695/1015 647/3225/647
f 1294/1693/1294 650/3226/650 1988/2760/1988
f 2244/3227/2244 2245/3228/2245 41/57/41
f 2244/3227/2244 41/57/41 40/55/40
f 2244/3227/2244 872/1148/872 2245/3228/2245
f 2244/3227/2244 40/55/40 872/1148/872
f 2246/3229/2246 2247/3230/2247 2248/3231/2248
f 2246/3229/2246 787/1041/787 371/3232/371
f 2246/3233/2246 371/465/371 2249/3234/2249
f 2246/3229/2246 2249/3235/2249 2247/3230/2247
f 2246/3229/2246 2248/3231/2248 1337/1757/1337
f 2246/3229/2246 1336/1756/1336 787/1041/787
f 2246/3229/2246 1337/1757/1337 1336/1756/1336
f 1031/1352/1031 1034/1356/1034 2250/3236/2250
f 1031/1352/1031 2250/3236/2250 1503/2025/1503
f 489/3237/489 2251/3238/2251 465/599/465
f 489/3237/489 851/3239/851 2251/3238/2251
f 489/631/489 2252/3240/2252 490/632/490
f 489/3237/489 465/599/465 2252/3241/2252
f 489/631/489 494/640/494 851/3242/851
f 1042/1367/1042 1043/1368/1043 1643/2221/1643
f 1042/1367/1042 13/16/13 8/8/8
f 1042/1367/1042 1643/2221/1643 13/16/13
f 1847/2541/1847 2253/3243/2253 1047/3244/1047
f 1847/2541/1847 1047/3244/1047 1848/2542/1848
f 1847/2541/1847 2184/3116/2184 2253/3243/2253
f 1847/2541/1847 1849/2544/1849 2184/3116/2184
f 82/104/82 1384/1840/1384 83/105/83
f 1388/3245/1388 93/118/93 1947/3246/1947
f 1388/1844/1388 94/121/94 93/3247/93
f 1390/1846/1390 2254/3248/2254 1391/1847/1391
f 1390/3249/1390 2255/3250/2255 2254/3251/2254
f 1390/1846/1390 1070/1396/1070 495/639/495
f 1390/1846/1390 495/639/495 2255/3252/2255
f 1393/3253/1393 2256/3254/2256 1394/3255/1394
f 1393/1850/1393 2179/3108/2179 2256/3256/2256
f 2257/3257/2257 2258/3258/2258 1854/2549/1854
f 2257/3257/2257 1853/2548/1853 2259/3259/2259
f 2257/3257/2257 2260/3260/2260 2258/3258/2258
f 2257/3257/2257 1854/2549/1854 1853/2548/1853
f 2257/3257/2257 2259/3259/2259 507/662/507
f 2257/3257/2257 507/662/507 2260/3260/2260
f 2261/3261/2261 1476/1979/1476 1477/1980/1477
f 2261/3261/2261 1477/1980/1477 2262/3262/2262
f 2261/3263/2261 2263/3264/2263 1476/3265/1476
f 1093/1427/1093 1095/1429/1095 2138/3266/2138
f 1093/1427/1093 2138/3266/2138 2139/3025/2139
f 1093/1427/1093 2139/3025/2139 1094/1428/1094
f 1099/1433/1099 2264/3267/2264 2265/3268/2265
f 1099/1433/1099 2265/3268/2265 633/1434/633
f 1099/1433/1099 1865/2562/1865 2264/3267/2264
f 1099/1433/1099 44/1439/44 1865/2562/1865
f 931/1223/931 1282/1678/1282 1780/2436/1780
f 931/1223/931 1780/2436/1780 932/1224/932
f 152/190/152 2129/3002/2129 2266/3269/2266
f 152/181/152 2266/3270/2266 536/1233/536
f 152/190/152 154/184/154 2129/3002/2129
f 2267/3271/2267 1788/3272/1788 1343/3273/1343
f 2267/3274/2267 1342/3275/1342 941/1240/941
f 2267/3274/2267 941/1240/941 940/1239/940
f 2267/3276/2267 1343/1772/1343 1342/1771/1342
f 2267/3274/2267 940/1239/940 1788/3277/1788
f 1424/1893/1424 290/3278/290 2268/3279/2268
f 1424/1893/1424 2268/3279/2268 1425/1894/1425
f 1424/1893/1424 1423/1892/1423 290/3278/290
f 2269/3280/2269 2270/3281/2270 1998/3282/1998
f 2269/3280/2269 1998/3282/1998 2271/3283/2271
f 126/155/126 2272/3284/2272 127/156/127
f 126/155/126 962/1264/962 2272/3284/2272
f 1375/1820/1375 2160/3062/2160 2273/3285/2273
f 1375/1820/1375 2273/3285/2273 1644/2224/1644
f 1438/1920/1438 1441/1923/1441 2274/3286/2274
f 1438/1920/1438 2275/3287/2275 1439/1921/1439
f 1438/1920/1438 2274/3286/2274 2275/3287/2275
f 1968/2727/1968 626/822/626 977/1285/977
f 1968/2727/1968 2276/3288/2276 626/822/626
f 1968/2727/1968 1183/2730/1183 2276/3288/2276
f 1970/3289/1970 981/1290/981 984/1293/984
f 1970/3289/1970 1972/3290/1972 981/1290/981
f 1970/3289/1970 984/1293/984 2277/3291/2277
f 1970/2732/1970 2277/3292/2277 1971/2733/1971
f 1535/2073/1535 1974/2736/1974 2278/3293/2278
f 1535/2692/1535 2278/3294/2278 164/200/164
f 2279/3295/2279 2280/3296/2280 1459/1949/1459
f 2279/3295/2279 1459/1949/1459 2281/3297/2281
f 2279/3295/2279 1982/3298/1982 2280/3296/2280
f 2279/3295/2279 2282/3299/2282 2283/3300/2283
f 2279/3295/2279 2281/3297/2281 2282/3299/2282
f 2279/3301/2279 2283/3302/2283 1982/2753/1982
f 999/1308/999 1978/2743/1978 1326/3303/1326
f 999/1308/999 722/951/722 1978/2743/1978
f 999/2484/999 1326/1745/1326 1325/1744/1325
f 105/134/105 1956/2708/1956 106/135/106
f 105/134/105 1004/2709/1004 1956/2708/1956
f 105/134/105 2284/3304/2284 1004/2709/1004
f 105/3305/105 1772/2423/1772 2284/3306/2284
f 75/95/75 1553/2095/1553 1410/1875/1410
f 75/95/75 1410/1875/1410 76/96/76
f 532/697/532 151/2361/151 533/698/533
f 541/714/541 543/713/543 2160/3062/2160
f 541/707/541 2231/3194/2231 542/708/542
f 541/707/541 2161/3307/2161 2231/3194/2231
f 2132/3009/2132 2285/3308/2285 1952/2702/1952
f 2132/3009/2132 1425/1894/1425 2268/3279/2268
f 2132/3009/2132 2268/3279/2268 2285/3308/2285
f 2132/3009/2132 351/3012/351 1425/1894/1425
f 1569/2123/1569 2286/3309/2286 1570/2124/1570
f 1569/2123/1569 299/3310/299 2286/3309/2286
f 1569/2123/1569 552/3311/552 299/3310/299
f 1569/3312/1569 957/1257/957 552/3313/552
f 2287/3314/2287 2288/3315/2288 962/1264/962
f 2287/3314/2287 962/1264/962 1577/2137/1577
f 2287/3314/2287 308/378/308 2288/3315/2288
f 2287/3314/2287 1577/2137/1577 308/378/308
f 17/22/17 19/24/19 132/161/132
f 192/3316/192 194/3317/194 2289/3318/2289
f 192/3316/192 1884/2599/1884 1298/2952/1298
f 192/231/192 1298/1705/1298 193/232/193
f 192/3316/192 2289/3318/2289 1884/2599/1884
f 2290/3319/2290 2291/3320/2291 1689/2287/1689
f 2290/3319/2290 565/3321/565 567/3322/567
f 2290/3319/2290 1689/2287/1689 2292/3323/2292
f 2290/3319/2290 567/3322/567 1301/3324/1301
f 2290/3319/2290 2292/3323/2292 565/3321/565
f 2290/3319/2290 1301/3324/1301 2291/3320/2291
f 1715/2326/1715 290/348/290 1423/2327/1423
f 1715/2326/1715 291/349/291 290/348/290
f 1715/2326/1715 292/350/292 291/349/291
f 668/876/668 665/873/665 2293/3325/2293
f 668/876/668 2294/3326/2294 2238/3209/2238
f 668/876/668 2293/3325/2293 2294/3326/2294
f 668/876/668 2238/3209/2238 669/877/669
f 2295/3327/2295 2296/3328/2296 2297/3329/2297
f 2295/3327/2295 2298/3330/2298 1464/1955/1464
f 2295/3327/2295 2299/3331/2299 2296/3328/2296
f 2295/3327/2295 1464/1955/1464 1463/1957/1463
f 2295/3327/2295 1463/1957/1463 2299/3331/2299
f 2295/3327/2295 2297/3329/2297 2298/3330/2298
f 2070/2907/2070 1339/3032/1339 2071/2908/2071
f 2070/2907/2070 428/2912/428 2300/3332/2300
f 2070/2907/2070 2300/3332/2300 1339/3032/1339
f 1365/1813/1365 1368/1812/1368 2079/2920/2079
f 1365/3333/1365 2079/2918/2079 2078/2917/2078
f 1019/1334/1019 2142/3334/2142 2301/3335/2301
f 1019/1337/1019 445/572/445 2143/3041/2143
f 1019/1334/1019 2301/3335/2301 1020/1335/1020
f 1019/1337/1019 2143/3041/2143 2142/3040/2142
f 2302/3336/2302 2303/3337/2303 2304/3338/2304
f 2302/3339/2302 2305/3340/2305 2306/3341/2306
f 2302/3339/2302 2306/3341/2306 2307/3342/2307
f 2302/3339/2302 2308/3343/2308 2305/3340/2305
f 2302/3339/2302 2304/3344/2304 2308/3343/2308
f 2302/3336/2302 2307/3345/2307 2303/3337/2303
f 1504/3346/1504 455/587/455 457/589/457
f 1504/2026/1504 457/3347/457 1032/1353/1032
f 1504/3346/1504 2218/3348/2218 2309/3349/2309
f 1504/2026/1504 1506/2028/1506 2218/3172/2218
f 1504/3346/1504 2309/3349/2309 455/587/455
f 1161/1523/1161 1164/1526/1164 146/175/146
f 1161/1523/1161 146/175/146 2310/3350/2310
f 1161/1523/1161 2310/3350/2310 1162/1524/1162
f 1318/1734/1318 2311/3351/2311 2312/3352/2312
f 1318/1734/1318 1920/3137/1920 2196/3136/2196
f 1318/1738/1318 1320/1737/1320 1920/3353/1920
f 1318/1734/1318 2196/3136/2196 2311/3351/2311
f 1318/1734/1318 2312/3352/2312 1319/1735/1319
f 473/608/473 475/610/475 2229/3189/2229
f 84/106/84 2313/3354/2313 85/107/85
f 84/106/84 83/105/83 1455/1946/1455
f 84/106/84 1455/1946/1455 2314/3355/2314
f 84/3356/84 2314/3357/2314 2313/3358/2313
f 90/113/90 844/1117/844 91/114/91
f 2315/3359/2315 1069/1395/1069 334/415/334
f 2315/3359/2315 850/1123/850 494/637/494
f 2315/3359/2315 334/415/334 336/414/336
f 2315/3359/2315 493/636/493 1069/1395/1069
f 2315/3359/2315 336/414/336 850/1123/850
f 2315/3359/2315 494/637/494 493/636/493
f 1074/3360/1074 122/151/122 2178/3361/2178
f 1074/1400/1074 1077/1403/1077 499/647/499
f 1074/3362/1074 2178/3107/2178 1075/3106/1075
f 1074/3360/1074 499/649/499 123/152/123
f 1074/3360/1074 123/152/123 122/151/122
f 504/657/504 1853/2548/1853 1852/2547/1852
f 504/657/504 1852/2547/1852 505/658/505
f 504/657/504 2259/3259/2259 1853/2548/1853
f 504/657/504 507/662/507 2259/3259/2259
f 1819/3363/1819 649/3364/649 2210/3365/2210
f 1819/2497/1819 865/1138/865 1606/2167/1606
f 1819/3363/1819 2316/3366/2316 649/3364/649
f 1819/3363/1819 511/3367/511 2316/3366/2316
f 37/50/37 41/56/41 515/3368/515
f 37/50/37 515/3368/515 38/51/38
f 1100/1436/1100 769/1013/769 45/61/45
f 1100/3369/1100 632/3370/632 2317/3371/2317
f 1100/3369/1100 2317/3371/2317 769/3372/769
f 684/905/684 560/741/560 562/746/562
f 684/905/684 1963/2718/1963 685/906/685
f 689/913/689 2199/3141/2199 2200/3142/2200
f 689/913/689 694/918/694 1966/3373/1966
f 689/913/689 2200/3142/2200 690/914/690
f 689/913/689 1966/3373/1966 2199/3141/2199
f 1445/1927/1445 2318/3374/2318 1446/1928/1446
f 1445/1927/1445 2319/3375/2319 2318/3374/2318
f 1445/1927/1445 1969/3376/1969 2319/3375/2319
f 1445/1932/1445 1448/1931/1448 1969/2729/1969
f 2320/3377/2320 1314/1728/1314 2058/2887/2058
f 2320/3377/2320 1315/1729/1315 1314/1728/1314
f 2321/3378/2321 1828/2514/1828 2322/3379/2322
f 2321/3378/2321 2323/3380/2323 2324/3381/2324
f 2321/3378/2321 2325/3382/2325 2323/3380/2323
f 2321/3383/2321 2322/3384/2322 714/939/714
f 2321/3378/2321 2324/3381/2324 1828/2514/1828
f 2321/3383/2321 714/939/714 2325/3385/2325
f 1975/3386/1975 718/3387/718 2326/3388/2326
f 1975/3389/1975 1977/3390/1977 719/947/719
f 1975/2737/1975 2326/3391/2326 993/1302/993
f 1975/3389/1975 719/947/719 718/946/718
f 723/952/723 2187/3121/2187 724/953/724
f 723/952/723 726/955/726 2187/3121/2187
f 728/957/728 2327/3392/2327 729/958/729
f 728/3393/728 2328/3394/2328 2327/3395/2327
f 1040/1363/1040 1470/1968/1470 332/409/332
f 1040/1365/1040 1038/1360/1038 812/3396/812
f 1040/1363/1040 812/1073/812 1470/1968/1470
f 741/975/741 740/974/740 1558/2104/1558
f 741/975/741 1558/2104/1558 2329/3397/2329
f 741/975/741 2329/3397/2329 742/976/742
f 2330/3398/2330 327/404/327 654/3399/654
f 2330/3400/2330 654/858/654 2331/3401/2331
f 2330/3398/2330 2332/3402/2332 327/404/327
f 2330/3400/2330 2331/3401/2331 942/3403/942
f 2330/3404/2330 942/3405/942 2333/3406/2333
f 2330/3404/2330 2333/3406/2333 2332/3407/2332
f 22/1089/22 822/1086/822 23/3408/23
f 2334/3409/2334 1439/1921/1439 2335/3410/2335
f 2334/3409/2334 2335/3410/2335 2336/3411/2336
f 2334/3409/2334 2337/3412/2337 1439/1921/1439
f 2334/3409/2334 2336/3411/2336 1628/2198/1628
f 2334/3409/2334 1628/2198/1628 2337/3412/2337
f 360/2628/360 366/3413/366 1097/1431/1097
f 1909/2633/1909 1914/2639/1914 768/1012/768
f 1909/2633/1909 1792/2454/1792 1483/1987/1483
f 1909/2633/1909 1483/1987/1483 1482/1986/1482
f 1909/2633/1909 768/1012/768 1792/2454/1792
f 1052/3414/1052 2338/3415/2338 2125/3416/2125
f 1052/3414/1052 2125/3416/2125 1053/2049/1053
f 1052/1378/1052 1056/1382/1056 2338/3417/2338
f 394/501/394 601/793/601 1948/2697/1948
f 394/501/394 1948/2697/1948 1949/2698/1949
f 394/501/394 2339/3418/2339 395/502/395
f 394/501/394 1949/2698/1949 2339/3418/2339
f 394/501/394 396/504/396 601/793/601
f 1586/2147/1586 604/3419/604 609/3420/609
f 1586/2147/1586 609/3420/609 1639/2214/1639
f 1586/2147/1586 1639/2214/1639 1066/1392/1066
f 1586/2147/1586 1588/2149/1588 2205/3151/2205
f 1586/2147/1586 2205/3151/2205 604/3419/604
f 2340/3421/2340 2171/3096/2171 2341/3422/2341
f 2340/3421/2340 2342/3423/2342 2343/3424/2343
f 2340/3421/2340 2172/3097/2172 2171/3096/2171
f 2340/3421/2340 2343/3424/2343 2172/3097/2172
f 614/806/614 2344/3425/2344 1765/2416/1765
f 614/806/614 1765/2416/1765 1767/2418/1767
f 614/806/614 1767/2418/1767 615/807/615
f 614/806/614 613/805/613 2344/3425/2344
f 2345/3426/2345 2346/3427/2346 2347/3428/2347
f 2345/3429/2345 1089/1421/1089 2348/3430/2348
f 2345/3429/2345 1090/1422/1090 1089/1421/1089
f 2345/3429/2345 2348/3430/2348 2346/3431/2346
f 2345/3432/2345 2347/3433/2347 1090/3434/1090
f 2349/3435/2349 1125/3436/1125 2350/3437/2350
f 2349/3438/2349 2351/3439/2351 1126/1479/1126
f 2349/3438/2349 1126/1479/1126 1125/1478/1125
f 2349/3438/2349 2352/3440/2352 2351/3439/2351
f 2349/3435/2349 2350/3437/2350 2352/3441/2352
f 2264/3267/2264 881/1157/881 2353/3442/2353
f 2264/3267/2264 1865/2562/1865 2354/3443/2354
f 2264/3267/2264 2354/3443/2354 881/1157/881
f 2264/3267/2264 2353/3442/2353 2265/3268/2265
f 640/842/640 2355/3444/2355 641/843/641
f 640/3445/640 2356/3446/2356 2355/3447/2355
f 640/3445/640 643/3448/643 886/1167/886
f 640/3445/640 886/1167/886 2356/3446/2356
f 647/851/647 342/424/342 648/852/648
f 743/977/743 742/976/742 2357/3449/2357
f 743/977/743 2357/3449/2357 744/978/744
f 653/857/653 2358/3450/2358 2331/3401/2331
f 653/857/653 2359/3451/2359 2358/3450/2358
f 653/857/653 2331/3401/2331 654/858/654
f 653/857/653 657/3452/657 2359/3451/2359
f 660/868/660 2360/3453/2360 1311/1723/1311
f 660/868/660 662/870/662 2360/3453/2360
f 660/868/660 1310/1722/1310 1378/1824/1378
f 660/868/660 1378/1824/1378 661/869/661
f 660/868/660 1311/1723/1311 1310/1722/1310
f 2361/3454/2361 272/322/272 2116/3455/2116
f 2361/3454/2361 2110/3456/2110 272/322/272
f 2361/3457/2361 1985/2756/1985 1613/2179/1613
f 2361/3454/2361 1611/3458/1611 2110/3456/2110
f 2361/3457/2361 1613/2179/1613 1611/2178/1611
f 2361/3457/2361 2116/3459/2116 1985/2756/1985
f 2362/3460/2362 2226/3187/2226 2152/3050/2152
f 2362/3460/2362 2151/3049/2151 1740/3461/1740
f 2362/3460/2362 1740/3461/1740 2226/3187/2226
f 2362/3460/2362 2152/3050/2152 2151/3049/2151
f 1618/2184/1618 678/902/678 681/901/681
f 1618/2190/1618 2231/3194/2231 2230/3193/2230
f 1618/2190/1618 1621/2189/1621 2231/3194/2231
f 1618/2190/1618 2230/3193/2230 678/3462/678
f 1618/2184/1618 681/901/681 1619/2185/1619
f 1246/1629/1246 2140/3037/2140 758/3036/758
f 1246/1629/1246 1250/1639/1250 1835/3463/1835
f 1246/1629/1246 758/3036/758 756/1630/756
f 1246/1629/1246 1835/3463/1835 2140/3037/2140
f 959/1261/959 2301/3335/2301 2142/3334/2142
f 959/3039/959 2144/3042/2144 960/3464/960
f 959/1261/959 130/159/130 2301/3335/2301
f 2363/3465/2363 19/3466/19 2364/3467/2364
f 2363/3465/2363 1870/2573/1870 1633/2204/1633
f 2363/3465/2363 1633/2204/1633 1632/2203/1632
f 2363/3465/2363 2364/3467/2364 1870/2573/1870
f 2363/3465/2363 1632/2203/1632 132/3468/132
f 2363/3465/2363 132/3468/132 19/3466/19
f 138/3469/138 2365/3470/2365 139/3471/139
f 138/3469/138 1153/1509/1153 2365/3470/2365
f 138/3472/138 1875/2581/1875 1873/2577/1873
f 138/3472/138 1873/2577/1873 1153/3473/1153
f 138/167/138 140/169/140 1875/2580/1875
f 1876/2582/1876 1039/1364/1039 2366/3474/2366
f 1876/2582/1876 2366/3474/2366 2367/3475/2367
f 2368/3476/2368 2369/3477/2369 1880/3478/1880
f 2368/3476/2368 2370/3479/2370 2369/3477/2369
f 2368/3480/2368 252/302/252 255/305/255
f 2368/3481/2368 1880/3482/1880 676/3483/676
f 2368/3476/2368 2371/3484/2371 2370/3479/2370
f 2368/3476/2368 255/3485/255 2371/3484/2371
f 2368/3480/2368 676/1835/676 252/302/252
f 158/192/158 160/194/160 2372/3486/2372
f 158/192/158 2372/3486/2372 159/193/159
f 593/784/593 990/1299/990 594/785/594
f 2280/3296/2280 529/694/529 173/209/173
f 2280/3487/2280 1982/3488/1982 2373/3489/2373
f 2280/3296/2280 173/209/173 1459/1949/1459
f 2280/3487/2280 2373/3489/2373 529/3490/529
f 2374/3491/2374 1557/2101/1557 1288/3492/1288
f 2374/3491/2374 1558/2102/1558 1557/2101/1557
f 2374/3493/2374 1287/3494/1287 180/3495/180
f 2374/3493/2374 180/3495/180 2239/3496/2239
f 2374/3497/2374 1288/1686/1288 1287/1685/1287
f 2374/3493/2374 2239/3496/2239 1558/2104/1558
f 433/557/433 1735/3498/1735 434/558/434
f 433/2274/433 1787/2445/1787 1735/3499/1735
f 194/233/194 195/234/195 2375/3500/2375
f 194/3317/194 2376/3501/2376 2289/3318/2289
f 194/3317/194 2375/3502/2375 2376/3501/2376
f 483/621/483 486/3503/486 2377/3504/2377
f 483/621/483 2377/3504/2377 1688/2286/1688
f 207/256/207 2352/3441/2352 2350/3437/2350
f 207/252/207 2350/3505/2350 1748/2388/1748
f 207/256/207 206/250/206 2352/3441/2352
f 2213/3163/2213 2378/3506/2378 1486/1999/1486
f 2213/3163/2213 2214/3164/2214 2074/2911/2074
f 2213/3163/2213 1486/1999/1486 1082/1408/1082
f 2213/3163/2213 2074/2911/2074 2378/3506/2378
f 734/963/734 1702/2302/1702 2379/3507/2379
f 734/963/734 2379/3507/2379 735/964/735
f 1212/2314/1212 1707/2313/1707 1919/3508/1919
f 1212/1586/1212 1919/2649/1919 1213/1587/1213
f 2253/3243/2253 1048/3509/1048 1047/3244/1047
f 2253/3243/2253 2184/3116/2184 2380/3510/2380
f 2253/3243/2253 2380/3510/2380 1048/3509/1048
f 1591/2152/1591 1593/2154/1593 1926/2664/1926
f 2381/3511/2381 2382/3512/2382 2383/3513/2383
f 2381/3511/2381 2384/3514/2384 2382/3512/2382
f 1932/2670/1932 2385/3515/2385 1349/1780/1349
f 1932/2670/1932 1349/1780/1349 1024/1342/1024
f 52/68/52 54/70/54 1084/1413/1084
f 60/2378/60 1087/3516/1087 1743/2379/1743
f 1182/1549/1182 2386/3517/2386 2104/2968/2104
f 1182/1549/1182 1184/1551/1184 2386/3517/2386
f 1182/1549/1182 2387/3518/2387 65/81/65
f 1182/1549/1182 2104/2968/2104 2387/3518/2387
f 2388/3519/2388 77/100/77 78/99/78
f 2388/3519/2388 1681/2277/1681 1682/2279/1682
f 2388/3519/2388 2389/3520/2389 2045/3521/2045
f 2388/3519/2388 1682/2279/1682 2389/3520/2389
f 2388/3519/2388 2045/3521/2045 77/100/77
f 2388/3519/2388 78/99/78 1681/2277/1681
f 2313/3354/2313 1684/3522/1684 85/107/85
f 2313/3358/2313 1685/2282/1685 1684/2281/1684
f 2313/3358/2313 2376/3501/2376 1685/2282/1685
f 2313/3358/2313 2314/3357/2314 2376/3501/2376
f 92/120/92 91/114/91 484/623/484
f 1353/3523/1353 2390/3524/2390 1408/1873/1408
f 1353/1784/1353 549/1786/549 2390/3525/2390
f 1353/1784/1353 1692/3526/1692 1354/1785/1354
f 1353/3523/1353 1408/1873/1408 1692/2291/1692
f 2391/3527/2391 2392/3528/2392 109/138/109
f 2391/3527/2391 109/138/109 108/137/108
f 2391/3527/2391 108/137/108 2393/3529/2393
f 2391/3527/2391 2393/3529/2393 2392/3528/2392
f 325/402/325 1941/2680/1941 1650/3530/1650
f 325/3531/325 1649/2229/1649 1781/2439/1781
f 325/3532/325 2194/3129/2194 326/3533/326
f 325/3531/325 1650/2230/1650 1649/2229/1649
f 325/402/325 328/405/328 1941/2680/1941
f 325/3532/325 1781/2438/1781 2194/3129/2194
f 849/1122/849 850/1123/850 336/414/336
f 849/1122/849 336/414/336 333/416/333
f 849/1122/849 333/416/333 1469/3148/1469
f 338/3534/338 340/3535/340 1295/1698/1295
f 338/3534/338 1547/2088/1547 2394/3536/2394
f 338/418/338 2394/3537/2394 185/1059/185
f 338/418/338 185/1059/185 339/419/339
f 338/3534/338 1295/1698/1295 2395/3538/2395
f 338/3534/338 2395/3538/2395 1547/2088/1547
f 347/3539/347 1118/1465/1118 862/3540/862
f 353/441/353 757/999/757 1141/1494/1141
f 353/441/353 356/448/356 757/999/757
f 2396/3541/2396 2397/3542/2397 1127/1480/1127
f 2396/3541/2396 2398/3543/2398 2397/3542/2397
f 2396/3541/2396 2318/3374/2318 2319/3375/2319
f 2396/3541/2396 2319/3375/2319 2398/3543/2398
f 1910/2635/1910 2243/3544/2243 1911/2636/1911
f 1910/3545/1910 2247/3546/2247 2399/3547/2399
f 1910/2635/1910 1482/2641/1482 1484/3548/1484
f 1910/2635/1910 1484/3548/1484 2247/3549/2247
f 1910/3545/1910 2399/3547/2399 2243/3550/2243
f 1753/2395/1753 2400/3551/2400 1798/3552/1798
f 1753/2395/1753 1798/3552/1798 1799/3553/1799
f 1753/2395/1753 380/477/380 2400/3551/2400
f 1753/2395/1753 1799/3553/1799 1754/2396/1754
f 384/485/384 1428/3554/1428 121/486/121
f 388/492/388 387/496/387 2401/3555/2401
f 388/492/388 2401/3555/2401 895/3556/895
f 388/492/388 895/3556/895 389/493/389
f 599/791/599 2402/3557/2402 600/792/600
f 599/791/599 601/793/601 2403/3558/2403
f 599/791/599 2404/3559/2404 2402/3557/2402
f 599/791/599 2403/3558/2403 2404/3559/2404
f 455/587/455 1635/3560/1635 456/588/456
f 455/3561/455 2405/3562/2405 1635/2206/1635
f 455/587/455 2406/3563/2406 2405/3564/2405
f 455/587/455 2309/3349/2309 2406/3563/2406
f 1260/1655/1260 1263/1653/1263 2014/2799/2014
f 1260/1655/1260 2014/2799/2014 1202/3565/1202
f 1260/1655/1260 1202/3565/1202 2407/3566/2407
f 1260/1649/1260 2149/3047/2149 1261/1650/1261
f 1260/1649/1260 2407/3567/2407 2149/3047/2149
f 1171/1535/1171 415/526/415 2150/3048/2150
f 1171/1535/1171 1235/1616/1235 415/526/415
f 1269/1661/1269 1646/2226/1646 1270/1662/1270
f 1269/1661/1269 1272/1664/1272 1646/2226/1646
f 1605/2166/1605 225/272/225 1820/2498/1820
f 1605/2166/1605 226/273/226 225/272/225
f 1822/2502/1822 2245/3228/2245 872/1148/872
f 1822/2502/1822 69/2503/69 68/3568/68
f 1822/2502/1822 68/3568/68 2245/3228/2245
f 1824/2506/1824 785/1038/785 1187/2507/1187
f 1824/2506/1824 786/1039/786 785/1038/785
f 1824/2512/1824 1826/2511/1826 2408/3569/2408
f 1824/2506/1824 2408/3570/2408 786/1039/786
f 1199/3571/1199 1200/1831/1200 244/1832/244
f 1199/3571/1199 243/3572/243 2235/3573/2235
f 1199/3571/1199 244/1832/244 243/3572/243
f 1159/1520/1159 2409/3574/2409 1163/1525/1163
f 1159/1520/1159 1833/2519/1833 2409/3574/2409
f 2410/3575/2410 2411/3576/2411 1736/2370/1736
f 2410/3577/2410 1620/3578/1620 2412/3579/2412
f 2410/3575/2410 1736/2370/1736 1203/3580/1203
f 2410/3575/2410 2412/3581/2412 2411/3576/2411
f 2410/3582/2410 1203/3583/1203 2413/3584/2413
f 2410/3585/2410 2413/3586/2413 1620/2188/1620
f 595/3587/595 165/201/165 2414/3588/2414
f 595/3587/595 2414/3588/2414 2415/3589/2415
f 595/786/595 2415/3590/2415 596/787/596
f 595/3587/595 166/202/166 165/201/165
f 842/1115/842 600/792/600 1585/2146/1585
f 842/1115/842 1583/2144/1583 843/1116/843
f 842/1115/842 1585/2146/1585 1583/2144/1583
f 842/1115/842 845/1118/845 600/792/600
f 2254/3251/2254 2255/3250/2255 1319/1735/1319
f 2254/3248/2254 1587/2148/1587 1391/1847/1391
f 2254/3251/2254 1319/1735/1319 2312/3352/2312
f 2254/3251/2254 2312/3352/2312 1587/3591/1587
f 610/802/610 2416/3592/2416 2417/3593/2417
f 610/802/610 261/311/261 2416/3592/2416
f 610/802/610 2417/3593/2417 2418/3594/2418
f 2419/3595/2419 1851/2546/1851 1223/3596/1223
f 2419/3595/2419 1223/3596/1223 1226/1602/1226
f 2419/3595/2419 2120/2989/2120 1851/2546/1851
f 2419/3595/2419 1226/1602/1226 2120/2989/2120
f 1595/2156/1595 2420/3597/2420 1596/2157/1596
f 1172/1536/1172 2421/3598/2421 1234/1615/1234
f 1172/1536/1172 1168/1532/1168 2421/3598/2421
f 312/387/312 314/386/314 1723/2341/1723
f 312/384/312 1175/1539/1175 313/385/313
f 2422/3599/2422 2009/2793/2009 2013/2797/2013
f 2422/3599/2422 1962/3600/1962 2423/3601/2423
f 2422/3599/2422 2013/2797/2013 559/3602/559
f 2422/3599/2422 2423/3601/2423 2009/2793/2009
f 2422/3603/2422 559/739/559 1962/2717/1962
f 1810/2476/1810 2424/3604/2424 1811/2477/1811
f 1810/2476/1810 2339/3605/2339 2425/3606/2425
f 1810/2476/1810 2425/3606/2425 2424/3604/2424
f 1810/3607/1810 395/3608/395 2339/3609/2339
f 2426/3610/2426 2427/3611/2427 2428/3612/2428
f 2426/3613/2426 2428/3614/2428 813/1074/813
f 2429/3615/2429 1696/3616/1696 1897/2618/1897
f 2429/3615/2429 2430/3617/2430 729/958/729
f 2429/3618/2429 2327/3619/2327 1698/2298/1698
f 2429/3618/2429 1698/2298/1698 1696/3620/1696
f 2429/3615/2429 729/958/729 2327/3392/2327
f 2429/3615/2429 1897/2618/1897 2430/3617/2430
f 1815/2485/1815 1325/1744/1325 2431/3621/2431
f 1815/2485/1815 2431/3621/2431 2163/3068/2163
f 2017/3622/2017 2052/3623/2052 2134/3624/2134
f 2017/2806/2017 2134/3014/2134 1904/2625/1904
f 1859/3625/1859 1858/3626/1858 1679/2275/1679
f 1859/3627/1859 443/570/443 442/569/442
f 1859/3625/1859 2432/3628/2432 443/3629/443
f 1859/3625/1859 1679/2275/1679 2432/3628/2432
f 878/1154/878 881/1157/881 2354/3443/2354
f 878/1154/878 2354/3443/2354 2025/2819/2025
f 2433/3630/2433 2028/2825/2028 2030/2829/2030
f 2433/3630/2433 1752/2393/1752 1751/2391/1751
f 2433/3630/2433 2030/2829/2030 2055/3631/2055
f 2433/3630/2433 1751/2391/1751 2028/2825/2028
f 2433/3630/2433 2055/3631/2055 1752/2393/1752
f 2434/3632/2434 651/2992/651 1655/3633/1655
f 2434/3632/2434 2435/3634/2435 2216/3168/2216
f 2434/3632/2434 188/3635/188 2435/3634/2435
f 2434/3632/2434 2216/3168/2216 1230/1610/1230
f 2434/3632/2434 1230/1610/1230 651/2992/651
f 2434/3632/2434 1655/3633/1655 188/3635/188
f 2436/3636/2436 1346/1777/1346 2035/2841/2035
f 2436/3637/2436 1758/2404/1758 1757/3638/1757
f 2436/3637/2436 1757/3638/1757 1347/3639/1347
f 2436/3637/2436 2437/3640/2437 1871/2575/1871
f 2436/3637/2436 1871/2575/1871 1758/2404/1758
f 2436/3637/2436 2035/3641/2035 2437/3640/2437
f 2436/3636/2436 1347/1778/1347 1346/1777/1346
f 2360/3453/2360 662/870/662 402/867/402
f 2360/3453/2360 402/867/402 1311/1723/1311
f 1508/2030/1508 667/879/667 1764/2415/1764
f 1508/2030/1508 2148/3046/2148 2084/2931/2084
f 1508/2030/1508 1764/2415/1764 2148/3046/2148
f 2226/3642/2226 1739/3643/1739 1511/3644/1511
f 2226/3187/2226 2227/3186/2227 2152/3050/2152
f 2226/3645/2226 1740/2375/1740 1739/2374/1739
f 2229/3646/2229 678/3462/678 2230/3193/2230
f 2229/3189/2229 475/610/475 678/3647/678
f 1961/2716/1961 2438/3648/2438 2423/3649/2423
f 1961/2716/1961 562/746/562 563/747/563
f 1961/2716/1961 2423/3649/2423 1962/2717/1962
f 1961/2716/1961 563/747/563 2438/3648/2438
f 2199/3650/2199 1965/3651/1965 202/3652/202
f 2199/3141/2199 202/244/202 199/240/199
f 2199/3653/2199 1966/2725/1966 1965/2724/1965
f 626/822/626 2276/3288/2276 1944/3654/1944
f 626/3655/626 1944/2686/1944 627/2687/627
f 981/1290/981 1972/3290/1972 982/1291/982
f 1191/1558/1191 1193/1560/1193 1973/2735/1973
f 1262/1652/1262 1264/3656/1264 1538/2076/1538
f 1107/1450/1107 1266/1658/1266 2439/3657/2439
f 1107/1450/1107 2439/3657/2439 1108/1451/1108
f 1786/2450/1786 939/3658/939 540/705/540
f 1786/2450/1786 1205/1576/1205 2440/3659/2440
f 1786/2450/1786 940/2449/940 939/3658/939
f 1786/2444/1786 2440/3660/2440 1787/2445/1787
f 1786/2450/1786 540/705/540 1205/1576/1205
f 1276/1670/1276 526/684/526 1759/2407/1759
f 1981/3661/1981 2115/2981/2115 1552/3662/1552
f 1981/2752/1981 1985/2756/1985 2116/3459/2116
f 1981/3661/1981 1552/3662/1552 1982/3488/1982
f 1981/2752/1981 2116/3459/2116 2115/3663/2115
f 1705/2317/1705 1918/3664/1918 893/3665/893
f 1705/2317/1705 1708/2316/1708 1918/3664/1918
f 1705/2309/1705 893/1177/893 1706/2310/1706
f 1821/2501/1821 1820/2500/1820 2441/3666/2441
f 1821/3667/1821 2441/3668/2441 1293/1697/1293
f 230/277/230 1305/1715/1305 2442/3669/2442
f 230/277/230 2442/3669/2442 215/262/215
f 230/277/230 215/262/215 231/278/231
f 2443/3670/2443 2444/3671/2444 2445/3672/2445
f 2443/3670/2443 1571/2127/1571 1804/3673/1804
f 2443/3670/2443 2445/3672/2445 2446/3674/2446
f 2443/3670/2443 1572/2128/1572 1571/2127/1571
f 2443/3670/2443 1804/3673/1804 2444/3671/2444
f 2443/3670/2443 2446/3674/2446 1572/2128/1572
f 2002/2786/2002 2272/3675/2272 2003/2787/2003
f 2002/2786/2002 555/733/555 127/3676/127
f 2002/3677/2002 127/156/127 2272/3284/2272
f 2241/3219/2241 1239/1620/1239 1238/1619/1238
f 2241/3219/2241 1238/1619/1238 2242/3220/2242
f 2241/3219/2241 1579/2139/1579 1239/1620/1239
f 2072/2909/2072 1363/1803/1363 1362/1805/1362
f 2072/2909/2072 1362/1805/1362 2073/2910/2073
f 2072/2909/2072 2074/2911/2074 1363/1803/1363
f 2447/3678/2447 888/1172/888 1896/3679/1896
f 2447/3678/2447 1896/3679/1896 1802/3680/1802
f 2447/3678/2447 889/1173/889 888/1172/888
f 2448/3681/2448 1414/3682/1414 2449/3683/2449
f 2448/3684/2448 1494/2016/1494 1497/2019/1497
f 2448/3681/2448 2450/3685/2450 1495/3686/1495
f 2448/3684/2448 1415/1880/1415 1414/1879/1414
f 2448/3684/2448 1497/2019/1497 1415/1880/1415
f 2448/3684/2448 1495/2017/1495 1494/2016/1494
f 2448/3681/2448 2449/3683/2449 2450/3685/2450
f 2451/3687/2451 901/1187/901 2452/3688/2452
f 2451/3689/2451 2453/3690/2453 1105/3691/1105
f 2451/3687/2451 902/1188/902 901/1187/901
f 2451/3687/2451 2452/3688/2452 2453/3692/2453
f 2451/3687/2451 1105/1447/1105 902/1188/902
f 1257/1646/1257 1258/1647/1258 2082/3693/2082
f 1200/1831/1200 1201/2177/1201 665/873/665
f 1381/1834/1381 672/883/672 1513/2035/1513
f 1381/1834/1381 1513/2035/1513 1954/2706/1954
f 1381/1834/1381 1954/2706/1954 251/301/251
f 1381/1834/1381 675/887/675 672/883/672
f 542/708/542 2231/3194/2231 1621/2189/1621
f 542/708/542 1621/2189/1621 2413/3586/2413
f 542/708/542 2413/3586/2413 1203/3694/1203
f 840/1111/840 1608/2171/1608 2454/3695/2454
f 840/1111/840 2454/3695/2454 168/204/168
f 485/625/485 487/627/487 2455/3696/2455
f 485/625/485 2455/3696/2455 974/1281/974
f 485/625/485 973/1280/973 486/626/486
f 485/625/485 974/1281/974 973/1280/973
f 2089/3697/2089 279/334/279 281/333/281
f 2089/2944/2089 2090/2945/2090 1653/2237/1653
f 2089/3697/2089 1215/1589/1215 279/334/279
f 2089/3697/2089 1653/3698/1653 1215/1589/1215
f 856/1129/856 2140/3033/2140 857/1130/857
f 856/1129/856 1143/1497/1143 2140/3033/2140
f 856/1129/856 859/1132/859 1143/1497/1143
f 862/3699/862 2456/3700/2456 1396/3701/1396
f 862/3540/862 1118/1465/1118 2456/3702/2456
f 1938/2676/1938 1937/2675/1937 2347/3428/2347
f 1938/2676/1938 2346/3427/2346 1181/1548/1181
f 1938/2676/1938 2347/3428/2347 2346/3427/2346
f 1938/2676/1938 1181/1548/1181 1939/2677/1939
f 2106/2970/2106 1673/2263/1673 2203/3146/2203
f 2106/2970/2106 2203/3146/2203 751/987/751
f 2042/2852/2042 1154/1512/1154 808/3207/808
f 2042/2852/2042 1636/2207/1636 1154/1512/1154
f 2042/2852/2042 808/3207/808 2236/3206/2236
f 2042/2852/2042 2236/3206/2236 2043/2853/2043
f 2390/3524/2390 76/96/76 1408/1873/1408
f 2390/3524/2390 549/2169/549 76/96/76
f 1556/2099/1556 2047/2861/2047 2457/3703/2457
f 1556/2099/1556 2457/3703/2457 2329/3704/2329
f 1556/2099/1556 2329/3704/2329 2239/3211/2239
f 1645/2225/1645 2458/3705/2458 1372/1817/1372
f 1645/2225/1645 1646/2226/1646 1272/1664/1272
f 1645/2225/1645 2459/3706/2459 2458/3705/2458
f 1645/2225/1645 1272/1664/1272 2459/3706/2459
f 2049/2866/2049 1902/2623/1902 824/1088/824
f 2049/2866/2049 2460/3707/2460 1902/2623/1902
f 1427/1903/1427 1426/1902/1426 2133/3013/2133
f 1858/3626/1858 2461/3708/2461 1679/2275/1679
f 1858/2553/1858 832/1100/832 1907/3709/1907
f 1858/3626/1858 1907/2630/1907 2461/3708/2461
f 1131/3028/1131 2053/2872/2053 1132/3710/1132
f 1131/3028/1131 705/929/705 2053/2872/2053
f 1131/3028/1131 1452/1939/1452 705/929/705
f 775/1020/775 1009/1320/1009 2462/3711/2462
f 775/1020/775 774/1019/774 1009/1320/1009
f 775/2047/775 2462/3712/2462 1054/1380/1054
f 780/1036/780 694/2723/694 781/3713/781
f 780/1036/780 783/1034/783 566/2720/566
f 574/759/574 2463/3714/2463 2058/2887/2058
f 574/759/574 573/758/573 2463/3714/2463
f 2464/3715/2464 2323/3380/2323 2325/3382/2325
f 2464/3716/2464 2325/3385/2325 2059/2888/2059
f 2464/3717/2464 1457/1947/1457 1456/1944/1456
f 2464/3717/2464 1456/1944/1456 2465/3718/2465
f 2464/3715/2464 2465/3719/2465 2323/3380/2323
f 2464/3716/2464 2059/2888/2059 1457/1945/1457
f 579/767/579 578/766/578 1889/2604/1889
f 579/767/579 2094/2953/2094 2466/3720/2466
f 579/767/579 2466/3720/2466 580/768/580
f 1008/1325/1008 2467/3721/2467 2462/3722/2462
f 1008/1325/1008 772/1023/772 2467/3721/2467
f 1008/1325/1008 776/1024/776 772/1023/772
f 1008/1319/1008 2462/3711/2462 1009/1320/1009
f 1989/2762/1989 2468/3723/2468 1990/2763/1990
f 1989/2762/1989 1988/2760/1988 2468/3723/2468
f 2245/3228/2245 2469/3724/2469 41/57/41
f 2245/3228/2245 68/3568/68 2469/3724/2469
f 785/1038/785 787/1041/787 2470/3725/2470
f 785/1038/785 2470/3725/2470 1187/2507/1187
f 2471/3726/2471 1684/3522/1684 1687/3727/1687
f 2471/3726/2471 1687/3727/1687 1831/2517/1831
f 2471/3726/2471 85/107/85 1684/3522/1684
f 2471/3726/2471 86/108/86 85/107/85
f 2471/3726/2471 1831/2517/1831 1830/2516/1830
f 2471/3726/2471 1830/2516/1830 86/108/86
f 2472/3728/2472 1832/2518/1832 791/1047/791
f 2472/3728/2472 791/1047/791 2170/3089/2170
f 2472/3728/2472 2473/3729/2473 1832/2518/1832
f 2472/3728/2472 2170/3089/2170 2169/3730/2169
f 2472/3728/2472 2169/3730/2169 2473/3729/2473
f 2474/3731/2474 2379/3507/2379 2063/3732/2063
f 2474/3733/2474 2063/2896/2063 2/2895/2
f 2474/3734/2474 2/3735/2 1693/2292/1693
f 2474/3734/2474 1409/1874/1409 735/969/735
f 2474/3731/2474 735/964/735 2379/3507/2379
f 2474/3734/2474 1693/2292/1693 1409/1874/1409
f 1472/1970/1472 1076/1402/1076 2343/3424/2343
f 1472/1970/1472 2342/3423/2342 1473/1971/1473
f 1472/1970/1472 2343/3424/2343 2342/3423/2342
f 2475/3736/2475 2476/3737/2476 2477/3738/2477
f 2475/3739/2475 2477/3740/2477 2478/3741/2478
f 2475/3742/2475 2479/3743/2479 2480/3744/2480
f 2475/3742/2475 2481/3745/2481 2482/3746/2482
f 2475/3742/2475 2482/3746/2482 2483/3747/2483
f 2475/3742/2475 2480/3744/2480 2481/3745/2481
f 2475/3736/2475 2483/3748/2483 2476/3737/2476
f 2475/3739/2475 2478/3741/2478 2479/3749/2479
f 2484/3750/2484 1841/2529/1841 1703/2305/1703
f 2484/3750/2484 275/2304/275 274/3751/274
f 2484/3750/2484 1703/2305/1703 275/2304/275
f 2484/3750/2484 984/3752/984 1841/2529/1841
f 2484/3750/2484 274/3751/274 2485/3753/2485
f 2484/3750/2484 2485/3753/2485 984/3752/984
f 1843/2534/1843 277/335/277 280/331/280
f 1843/2534/1843 1844/2533/1844 2486/3754/2486
f 1843/2534/1843 280/331/280 1809/3755/1809
f 1843/2534/1843 2486/3754/2486 277/335/277
f 2118/2986/2118 1048/1374/1048 1923/2657/1923
f 2118/2986/2118 284/339/284 1049/1375/1049
f 2118/2986/2118 287/344/287 284/339/284
f 2118/2986/2118 1049/1375/1049 1048/1374/1048
f 24/3756/24 2431/3621/2431 2487/3757/2487
f 24/29/24 2487/3758/2487 25/30/25
f 24/29/24 26/31/26 2163/3759/2163
f 24/3756/24 2163/3068/2163 2431/3621/2431
f 1330/3760/1330 1479/3761/1479 301/367/301
f 1576/3762/1576 1575/3217/1575 2165/3077/2165
f 1576/2136/1576 1021/3763/1021 2488/3764/2488
f 1576/3762/1576 2165/3077/2165 1021/3076/1021
f 1576/2136/1576 2488/3764/2488 307/377/307
f 1862/2565/1862 2026/2821/2026 1863/3765/1863
f 1862/2565/1862 2489/3766/2489 2490/3767/2490
f 1862/2565/1862 2490/3767/2490 2026/2821/2026
f 1862/2565/1862 1864/2564/1864 2489/3766/2489
f 1282/1678/1282 1281/1677/1281 1780/2436/1780
f 2128/3000/2128 1892/2610/1892 462/594/462
f 2128/3000/2128 182/3139/182 1892/2610/1892
f 2128/3000/2128 154/184/154 2195/3131/2195
f 1788/3768/1788 1344/1774/1344 1343/1772/1343
f 1788/2446/1788 1678/2273/1678 1344/3769/1344
f 195/234/195 2207/3154/2207 2208/3155/2208
f 195/234/195 191/230/191 2207/3154/2207
f 195/234/195 2208/3155/2208 2375/3500/2375
f 1832/2518/1832 2473/3729/2473 1198/1568/1198
f 1832/2518/1832 792/1048/792 791/1047/791
f 1524/2058/1524 976/1284/976 1304/1713/1304
f 1524/2054/1524 1304/1714/1304 1790/2452/1790
f 211/258/211 1305/1715/1305 212/259/212
f 211/258/211 2442/3669/2442 1305/1715/1305
f 211/258/211 215/262/215 2442/3669/2442
f 1795/2457/1795 1404/1869/1404 1405/1870/1405
f 1795/2457/1795 2491/3770/2491 1404/1869/1404
f 1795/2457/1795 1405/1870/1405 1796/2458/1796
f 1795/2457/1795 1798/2460/1798 2491/3770/2491
f 1801/2463/1801 1570/2124/1570 2286/3309/2286
f 1801/2463/1801 2286/3309/2286 2420/3771/2420
f 1801/2463/1801 2078/3772/2078 1802/2464/1802
f 2492/3773/2492 1845/2538/1845 2493/3774/2493
f 2492/3775/2492 1808/2473/1808 1846/2537/1846
f 2492/3773/2492 2493/3774/2493 1808/2471/1808
f 2492/3775/2492 1846/2537/1846 1845/2536/1845
f 2402/3557/2402 2494/3776/2494 2495/3777/2495
f 2402/3557/2402 2404/3559/2404 2494/3776/2494
f 2402/3557/2402 2495/3777/2495 1585/2146/1585
f 2402/3557/2402 1585/2146/1585 600/792/600
f 2496/3778/2496 2497/3779/2497 2406/3780/2406
f 2496/3778/2496 2479/3749/2479 2497/3779/2497
f 2496/3781/2496 2406/3563/2406 2309/3349/2309
f 2496/3782/2496 2480/3744/2480 2479/3743/2479
f 2496/3782/2496 2309/3783/2309 2220/3175/2220
f 2496/3782/2496 2220/3175/2220 2480/3744/2480
f 406/515/406 1261/1650/1261 1813/2481/1813
f 414/531/414 2296/3328/2296 2299/3331/2299
f 414/524/414 2299/3784/2299 2015/2803/2015
f 414/531/414 417/530/417 2296/3328/2296
f 421/541/421 423/540/423 2498/3785/2498
f 421/541/421 2498/3785/2498 544/715/544
f 421/538/421 544/716/544 422/539/422
f 1148/1504/1148 1582/3786/1582 1631/2201/1631
f 1148/1504/1148 2204/3147/2204 1582/3786/1582
f 1783/3787/1783 2311/3351/2311 2196/3136/2196
f 1783/2441/1783 2499/3788/2499 2311/3789/2311
f 1783/3790/1783 2195/3131/2195 153/183/153
f 1783/3790/1783 2196/3133/2196 2195/3131/2195
f 1783/2441/1783 1784/2442/1784 2499/3788/2499
f 1925/2662/1925 1593/2154/1593 2500/3791/2500
f 1925/2662/1925 2500/3791/2500 1532/2068/1532
f 1925/2662/1925 1926/2664/1926 1593/2154/1593
f 1925/2662/1925 1532/2068/1532 945/2663/945
f 1228/1607/1228 298/3792/298 1928/2666/1928
f 1641/3793/1641 1929/2667/1929 1251/1640/1251
f 1641/3793/1641 1251/1640/1251 1642/3794/1642
f 1641/2219/1641 1234/2223/1234 2122/3795/2122
f 1641/3793/1641 2122/2993/2122 1929/2667/1929
f 966/1274/966 2501/3796/2501 2502/3797/2502
f 966/1269/966 2503/3798/2503 967/1270/967
f 966/1269/966 2504/3799/2504 2503/3798/2503
f 966/1274/966 2502/3797/2502 2504/3800/2504
f 966/1274/966 965/1267/965 2501/3796/2501
f 54/70/54 1083/1410/1083 1084/1413/1084
f 1937/2675/1937 1091/3801/1091 2347/3428/2347
f 67/83/67 2276/3802/2276 1183/1550/1183
f 67/83/67 1944/2686/1944 2276/3802/2276
f 1193/1563/1193 1194/1562/1194 1829/2515/1829
f 1193/1563/1193 1829/2515/1829 1973/3803/1973
f 93/118/93 89/111/89 1947/3246/1947
f 2505/3804/2505 290/3805/290 253/303/253
f 2505/3804/2505 1953/2705/1953 290/3805/290
f 2505/3804/2505 253/303/253 251/301/251
f 2505/3804/2505 1954/2706/1954 1953/2705/1953
f 2505/3804/2505 251/301/251 1954/2706/1954
f 1867/2568/1867 2232/3806/2232 2506/3807/2506
f 1867/2568/1867 2233/3808/2233 2232/3806/2232
f 1867/2568/1867 2506/3807/2506 1361/1800/1361
f 1867/2568/1867 687/911/687 2233/3808/2233
f 2140/3037/2140 1835/3463/1835 857/3809/857
f 804/1065/804 806/1067/806 1873/2577/1873
f 804/1065/804 1874/2578/1874 805/1066/805
f 1069/1395/1069 1068/1394/1068 334/415/334
f 1069/1395/1069 493/636/493 1070/1396/1070
f 1043/2584/1043 674/3810/674 673/2585/673
f 1043/1368/1043 1879/3811/1879 1643/2221/1643
f 1562/2112/1562 2153/3052/2153 750/985/750
f 1562/2112/1562 750/985/750 749/986/749
f 1725/2346/1725 1603/2347/1603 2507/3812/2507
f 1725/2346/1725 2507/3812/2507 219/266/219
f 2508/3813/2508 898/1182/898 1105/1448/1105
f 2508/3813/2508 2094/2953/2094 1891/2608/1891
f 2508/3813/2508 1891/2608/1891 900/1186/900
f 2508/3813/2508 900/1186/900 898/1182/898
f 2508/3813/2508 2466/3720/2466 2094/2953/2094
f 2508/3813/2508 1105/1448/1105 2466/3720/2466
f 1731/3001/1731 2266/3269/2266 2129/3002/2129
f 1731/2363/1731 1733/2362/1733 2266/3814/2266
f 1731/2358/1731 466/600/466 1732/2359/1732
f 2076/3815/2076 1114/1458/1114 1112/1456/1112
f 2076/3815/2076 1112/1456/1112 1895/2802/1895
f 2076/2914/2076 1895/2615/1895 2077/2915/2077
f 2076/2925/2076 2080/2921/2080 1114/3004/1114
f 821/1085/821 1899/3816/1899 822/1086/822
f 2509/3817/2509 2335/3818/2335 2510/3819/2510
f 2509/3817/2509 2336/3820/2336 2335/3818/2335
f 1095/1429/1095 1097/1431/1097 366/3413/366
f 1095/2258/1095 1668/2257/1668 2138/3022/2138
f 1095/2258/1095 366/3821/366 1669/2259/1669
f 767/3822/767 769/3372/769 213/260/213
f 767/1011/767 1305/1717/1305 1306/1716/1306
f 767/3822/767 213/260/213 212/259/212
f 767/1011/767 1793/2455/1793 768/1012/768
f 767/3822/767 212/259/212 1305/1715/1305
f 767/1011/767 1306/1716/1306 1793/2455/1793
f 1868/2569/1868 686/908/686 687/911/687
f 1868/2570/1868 118/147/118 1625/2195/1625
f 1868/2570/1868 1624/2194/1624 686/3823/686
f 1868/2570/1868 1625/2195/1625 1624/2194/1624
f 1247/3824/1247 2411/3576/2411 1248/3825/1248
f 1247/1632/1247 1249/1634/1249 2511/3826/2511
f 1247/3824/1247 437/3827/437 2411/3576/2411
f 1247/3828/1247 2511/3829/2511 437/3830/437
f 133/162/133 2494/3831/2494 134/163/134
f 133/162/133 135/164/135 1634/3832/1634
f 133/162/133 1634/3832/1634 2494/3831/2494
f 1635/2206/1635 2405/3562/2405 1153/1509/1153
f 2427/3611/2427 2512/3833/2512 2513/3834/2513
f 2427/3835/2427 2513/3836/2513 2428/3614/2428
f 2427/3611/2427 2367/3475/2367 2512/3833/2512
f 1878/2587/1878 1233/1614/1233 1879/2588/1879
f 1878/2587/1878 1235/1616/1235 1233/1614/1233
f 1878/2587/1878 1882/2593/1882 416/527/416
f 1878/2587/1878 416/527/416 1235/1616/1235
f 423/540/423 1270/1662/1270 2273/3285/2273
f 423/540/423 543/713/543 2498/3785/2498
f 423/540/423 2160/3062/2160 543/713/543
f 423/540/423 420/536/420 1270/1662/1270
f 423/540/423 2273/3285/2273 2160/3062/2160
f 318/392/318 2193/3127/2193 319/393/319
f 1940/2683/1940 1350/1781/1350 1650/2233/1650
f 1940/2683/1940 1351/1782/1351 1350/1781/1350
f 1940/2679/1940 1650/3530/1650 1941/2680/1941
f 490/632/490 2090/2945/2090 491/633/491
f 490/632/490 2252/3240/2252 1654/2239/1654
f 490/632/490 1654/2239/1654 2090/2945/2090
f 1659/3837/1659 2514/3838/2514 2515/3839/2515
f 1659/3837/1659 2516/3840/2516 2514/3838/2514
f 1659/2248/1659 2515/3841/2515 1660/2249/1660
f 1659/2248/1659 2517/3842/2517 1994/2774/1994
f 1659/2248/1659 1994/2774/1994 2516/3843/2516
f 1659/2248/1659 1658/2247/1658 2517/3842/2517
f 1663/3844/1663 1665/3845/1665 2510/3819/2510
f 1663/3844/1663 2510/3819/2510 2335/3818/2335
f 1663/2252/1663 2335/3410/2335 1439/1921/1439
f 769/3372/769 2317/3371/2317 213/260/213
f 2476/3737/2476 265/3846/265 264/3847/264
f 2476/3737/2476 2518/3848/2518 2477/3738/2477
f 2476/3737/2476 2483/3748/2483 265/3846/265
f 2476/3737/2476 264/3847/264 2518/3848/2518
f 1450/3849/1450 2519/3850/2519 2224/3183/2224
f 1450/3851/1450 1451/3027/1451 2519/3852/2519
f 1450/3853/1450 2224/3181/2224 915/1205/915
f 1450/1937/1450 915/3854/915 703/927/703
f 2520/3855/2520 1214/3856/1214 1920/3353/1920
f 2520/3855/2520 277/327/277 2486/3857/2486
f 2520/3855/2520 1920/3353/1920 1320/1737/1320
f 2520/3855/2520 1320/1737/1320 278/328/278
f 2520/3855/2520 2486/3857/2486 1214/3856/1214
f 2520/3855/2520 278/328/278 277/327/277
f 816/1077/816 260/3858/260 1322/1741/1322
f 816/1077/816 819/1080/819 260/3858/260
f 1462/3859/1462 2299/3784/2299 1463/3860/1463
f 1462/1952/1462 294/355/294 293/3861/293
f 1462/3859/1462 293/353/293 2015/2803/2015
f 1462/3859/1462 2015/2803/2015 2299/3784/2299
f 2382/3862/2382 2384/3863/2384 300/369/300
f 2382/3864/2382 300/730/300 553/729/553
f 2382/3864/2382 553/729/553 2383/3865/2383
f 1020/1335/1020 2521/3866/2521 129/158/129
f 1020/1335/1020 2301/3335/2301 2521/3866/2521
f 1020/1335/1020 129/158/129 2081/2926/2081
f 449/576/449 2522/3867/2522 2305/3340/2305
f 449/576/449 1174/1538/1174 2522/3867/2522
f 449/576/449 2305/3340/2305 452/580/452
f 1602/2494/1602 220/267/220 2507/3812/2507
f 1602/2494/1602 2507/3812/2507 1603/2347/1603
f 1602/2494/1602 1341/1767/1341 220/267/220
f 2523/3868/2523 1607/2168/1607 2524/3869/2524
f 2523/3868/2523 227/274/227 1607/2168/1607
f 946/3870/946 1531/2065/1531 2525/3871/2525
f 946/3870/946 2525/3871/2525 947/2689/947
f 946/1245/946 945/1244/945 1531/3872/1531
f 237/287/237 2414/3588/2414 238/288/238
f 237/287/237 241/291/241 1379/3873/1379
f 237/287/237 2415/3589/2415 2414/3588/2414
f 237/287/237 1379/3873/1379 2415/3589/2415
f 1208/1582/1208 933/1231/933 1915/2643/1915
f 1208/1582/1208 1915/2643/1915 1316/1731/1316
f 290/3278/290 2285/3308/2285 2268/3279/2268
f 290/1956/290 2298/3330/2298 2526/3874/2526
f 290/3278/290 1953/2703/1953 2285/3308/2285
f 290/1956/290 2527/3875/2527 2528/3876/2528
f 290/3805/290 254/304/254 253/303/253
f 290/1956/290 2526/3874/2526 2527/3875/2527
f 290/1956/290 1464/1955/1464 2298/3330/2298
f 290/3805/290 2528/3877/2528 254/304/254
f 1619/2185/1619 681/901/681 2206/3153/2206
f 1619/2185/1619 2206/3153/2206 855/1128/855
f 219/266/219 2507/3812/2507 220/267/220
f 1732/2359/1732 464/597/464 156/188/156
f 1732/2360/1732 156/3878/156 151/2361/151
f 1732/2359/1732 466/600/466 464/597/464
f 1111/3879/1111 2529/3880/2529 2328/3881/2328
f 1111/1455/1111 1113/1457/1113 2529/3882/2529
f 1116/3010/1116 1951/2701/1951 2530/3883/2530
f 1116/3010/1116 2530/3883/2530 1117/3884/1117
f 1401/1863/1401 1400/1862/1400 1904/2625/1904
f 2397/3542/2397 1124/1475/1124 1127/1480/1127
f 2397/3542/2397 1749/2389/1749 1748/2388/1748
f 2397/3542/2397 2398/3543/2398 1749/2389/1749
f 2397/3542/2397 1748/2388/1748 1124/1475/1124
f 369/463/369 786/1040/786 2531/3885/2531
f 369/463/369 2531/3885/2531 2532/3886/2532
f 369/463/369 1133/1486/1133 370/464/370
f 369/463/369 2532/3886/2532 1133/1486/1133
f 751/987/751 2202/3145/2202 639/840/639
f 751/987/751 2203/3146/2203 2202/3145/2202
f 2444/3671/2444 122/151/122 2445/3672/2445
f 2444/3671/2444 2178/3361/2178 122/151/122
f 2444/3671/2444 1804/3673/1804 2178/3361/2178
f 1149/1505/1149 1778/3887/1778 1150/1506/1150
f 1149/3888/1149 2034/2840/2034 1779/2434/1779
f 1149/3888/1149 2437/3889/2437 2035/2841/2035
f 1149/3888/1149 1779/2434/1779 1778/2433/1778
f 1149/1505/1149 1146/1502/1146 2437/3640/2437
f 1149/3888/1149 2035/2841/2035 2034/2840/2034
f 1771/2422/1771 2189/3123/2189 2533/3890/2533
f 1771/2422/1771 1770/2421/1770 2190/3124/2190
f 1771/2422/1771 2533/3890/2533 1772/2423/1772
f 1771/2422/1771 2190/3124/2190 2189/3123/2189
f 2534/3891/2534 2535/3892/2535 1340/1760/1340
f 2534/3891/2534 2300/3893/2300 426/545/426
f 2534/3891/2534 426/545/426 1676/2267/1676
f 2534/3891/2534 1934/2672/1934 2535/3892/2535
f 2534/3891/2534 1676/2267/1676 1934/2672/1934
f 2534/3891/2534 1340/1760/1340 2300/3893/2300
f 62/1419/62 59/3894/59 1088/1420/1088
f 2386/3517/2386 2103/2966/2103 2104/2968/2104
f 2386/3517/2386 1447/3895/1447 2536/3896/2536
f 2386/3517/2386 2536/3896/2536 2103/2966/2103
f 2386/3517/2386 1184/1551/1184 1447/3895/1447
f 1681/2277/1681 1188/1555/1188 2470/3897/2470
f 1681/3898/1681 2470/3725/2470 451/582/451
f 1681/2277/1681 78/99/78 1188/1555/1188
f 1828/2514/1828 2324/3381/2324 1829/2515/1829
f 1828/2514/1828 1831/2517/1831 2322/3379/2322
f 89/111/89 1689/2287/1689 2537/3899/2537
f 89/111/89 2537/3899/2537 1947/3246/1947
f 2409/3900/2409 1833/3901/1833 2147/3045/2147
f 2409/3900/2409 2147/3045/2147 2149/3047/2149
f 2409/3574/2409 2149/3902/2149 2407/3903/2407
f 2409/3574/2409 2407/3903/2407 1163/1525/1163
f 1695/2294/1695 1360/1797/1360 1359/1793/1359
f 1695/2294/1695 1359/1793/1359 2538/3904/2538
f 1695/2294/1695 2538/3904/2538 1078/2295/1078
f 2539/3905/2539 1699/2299/1699 1700/2300/1700
f 2539/3905/2539 1700/2300/1700 1034/1356/1034
f 2539/3906/2539 2037/3907/2037 2155/3054/2155
f 2539/3906/2539 2154/3053/2154 1699/3908/1699
f 2539/3905/2539 1034/1356/1034 2037/2843/2037
f 2539/3906/2539 2155/3054/2155 2154/3053/2154
f 1702/2306/1702 2063/2896/2063 2379/3909/2379
f 2180/3112/2180 1918/3910/1918 1919/3911/1919
f 2180/3912/2180 1707/2313/1707 2401/3555/2401
f 2180/3112/2180 894/1178/894 1918/3910/1918
f 2180/3912/2180 1919/3508/1919 1707/2313/1707
f 2180/3912/2180 2401/3555/2401 387/496/387
f 1710/2320/1710 2182/3114/2182 1711/2321/1711
f 1710/2320/1710 1712/2322/1712 2183/3115/2183
f 1710/2320/1710 2183/3115/2183 2182/3114/2182
f 649/3364/649 2316/3366/2316 1988/2760/1988
f 649/853/649 646/850/646 2210/3913/2210
f 649/3364/649 1988/2760/1988 650/3226/650
f 306/375/306 307/377/307 2488/3764/2488
f 306/375/306 1334/3914/1334 1721/2337/1721
f 306/375/306 2488/3764/2488 1334/3914/1334
f 76/96/76 1410/1875/1410 1408/1873/1408
f 1918/3910/1918 894/1178/894 893/1177/893
f 2514/3838/2514 2516/3840/2516 1993/2770/1993
f 2514/3838/2514 1993/2770/1993 1227/2773/1227
f 2514/3838/2514 1227/2773/1227 2515/3839/2515
f 2271/3915/2271 1998/2778/1998 1997/2777/1997
f 960/3464/960 765/1009/765 764/1008/764
f 960/3464/960 2144/3042/2144 765/1009/765
f 960/3464/960 764/1008/764 961/3916/961
f 2243/3544/2243 2242/3917/2242 1911/2636/1911
f 2243/3550/2243 2399/3547/2399 836/1106/836
f 1136/1489/1136 379/479/379 381/478/381
f 1627/2197/1627 1439/1921/1439 2337/3412/2337
f 1627/2197/1627 1440/1922/1440 1439/1921/1439
f 1627/2197/1627 2337/3412/2337 1628/2198/1628
f 2540/3918/2540 698/922/698 1431/3919/1431
f 2540/3918/2540 443/3629/443 2432/3628/2432
f 2540/3918/2540 699/923/699 698/922/698
f 2540/3918/2540 2432/3628/2432 699/923/699
f 2540/3918/2540 444/3920/444 443/3629/443
f 2540/3918/2540 1431/3919/1431 444/3920/444
f 703/927/703 914/3921/914 706/930/706
f 703/3922/703 915/1205/915 914/1204/914
f 1884/2599/1884 1886/2601/1886 2060/2889/2060
f 1884/2599/1884 2289/3318/2289 1885/2600/1885
f 1459/1949/1459 623/817/623 2281/3297/2281
f 1459/1949/1459 624/818/624 623/817/623
f 584/772/584 2156/3923/2156 585/773/585
f 589/778/589 1113/1457/1113 802/1062/802
f 589/778/589 801/1061/801 1979/2745/1979
f 589/778/589 802/1062/802 801/1061/801
f 589/778/589 110/1959/110 1113/1457/1113
f 2071/2908/2071 1339/3032/1339 2056/3031/2056
f 2071/2908/2071 2056/3031/2056 2031/2830/2031
f 2071/2908/2071 2031/2830/2031 2074/2911/2074
f 1366/3924/1366 2541/3925/2541 1367/3926/1367
f 1376/1821/1376 2458/3705/2458 2542/3927/2542
f 1376/1821/1376 2542/3927/2542 1757/2402/1757
f 1376/1821/1376 1372/1817/1372 2458/3705/2458
f 1039/1362/1039 335/412/335 1640/3928/1640
f 1039/1364/1039 1640/3929/1640 2366/3474/2366
f 2311/3351/2311 2499/3930/2499 848/3931/848
f 2311/3351/2311 1587/3591/1587 2312/3352/2312
f 2311/3351/2311 2543/3932/2543 1587/3591/1587
f 2311/3351/2311 848/3931/848 2543/3932/2543
f 1322/1741/1322 2544/3933/2544 1323/1742/1323
f 1322/1741/1322 260/3858/260 2544/3933/2544
f 165/201/165 168/204/168 2454/3695/2454
f 165/201/165 2454/3695/2454 2414/3588/2414
f 843/3934/843 2204/3147/2204 1466/1964/1466
f 843/1116/843 1466/3935/1466 484/623/484
f 843/1116/843 1583/2144/1583 2204/3936/2204
f 2255/3250/2255 492/634/492 1321/1739/1321
f 2255/3250/2255 495/638/495 492/634/492
f 2255/3250/2255 1321/1739/1321 1319/1735/1319
f 2411/3576/2411 436/2371/436 1736/2370/1736
f 2411/3576/2411 437/3827/437 436/2371/436
f 2411/3576/2411 2412/3581/2412 1248/3825/1248
f 2545/3937/2545 2093/2951/2093 615/807/615
f 2545/3937/2545 1396/3701/1396 2456/3700/2456
f 2545/3937/2545 2456/3700/2456 1299/1704/1299
f 2545/3937/2545 1767/2418/1767 1396/3701/1396
f 2545/3937/2545 615/807/615 1767/2418/1767
f 2545/3937/2545 1299/1704/1299 2093/2951/2093
f 59/3894/59 2348/3430/2348 1088/1420/1088
f 59/3894/59 1181/3938/1181 2348/3430/2348
f 628/830/628 627/829/627 1403/1867/1403
f 2175/3102/2175 520/3939/520 2491/3940/2491
f 2175/3102/2175 2491/3940/2491 2176/3103/2176
f 2175/3941/2175 521/676/521 520/675/520
f 1519/2048/1519 2467/3942/2467 772/1016/772
f 1519/2048/1519 2125/3416/2125 2127/3943/2127
f 1519/2048/1519 1053/2049/1053 2125/3416/2125
f 1519/2048/1519 2127/3943/2127 2467/3942/2467
f 1711/2321/1711 2182/3114/2182 2546/3944/2546
f 1711/2321/1711 1060/1386/1060 1520/2050/1520
f 1711/2321/1711 2546/3944/2546 1060/1386/1060
f 2547/3945/2547 1525/2055/1525 1523/2053/1523
f 2547/3945/2547 2398/3543/2398 2319/3375/2319
f 2547/3945/2547 2548/3946/2548 2398/3543/2398
f 2547/3945/2547 2319/3375/2319 1969/3376/1969
f 2547/3945/2547 1791/2453/1791 2548/3946/2548
f 2547/3945/2547 1969/3376/1969 1525/2055/1525
f 2547/3945/2547 1523/2053/1523 1791/2453/1791
f 1527/2060/1527 1529/2062/1529 2549/3947/2549
f 1527/2060/1527 2549/3947/2549 2531/3885/2531
f 1527/2060/1527 2531/3885/2531 2408/3948/2408
f 1527/2060/1527 2408/3948/2408 1528/2061/1528
f 2323/3380/2323 2550/3949/2550 2324/3381/2324
f 2323/3380/2323 2465/3719/2465 2550/3949/2550
f 2551/3950/2551 2552/3951/2552 993/1302/993
f 2551/3950/2551 243/3952/243 2552/3951/2552
f 2551/3950/2551 2326/3391/2326 243/3952/243
f 2551/3950/2551 993/1302/993 2326/3391/2326
f 1540/2078/1540 1108/1451/1108 2439/3657/2439
f 159/193/159 2553/3953/2553 1546/3954/1546
f 159/193/159 2372/3486/2372 2553/3953/2553
f 988/1297/988 597/789/597 1549/2091/1549
f 529/692/529 1552/2094/1552 530/693/530
f 529/3490/529 2373/3489/2373 1552/3662/1552
f 1557/3955/1557 178/3138/178 1288/3956/1288
f 747/3957/747 225/272/225 224/271/224
f 947/1246/947 1945/2691/1945 2554/3958/2554
f 947/2689/947 2525/3871/2525 1825/2510/1825
f 947/1246/947 2554/3958/2554 948/1247/948
f 2288/3315/2288 2272/3284/2272 962/1264/962
f 2288/3959/2288 308/379/308 2555/3960/2555
f 2288/3959/2288 2555/3960/2555 2003/2787/2003
f 2288/3959/2288 2003/2787/2003 2272/3675/2272
f 18/3961/18 1046/1372/1046 1050/1376/1050
f 18/3961/18 20/3962/20 1046/1372/1046
f 18/3963/18 1050/2850/1050 2040/2849/2040
f 18/3963/18 2040/2849/2040 19/3964/19
f 1778/3887/1778 1467/1965/1467 1150/1506/1150
f 1778/2437/1778 2455/3696/2455 1467/1963/1467
f 1778/2437/1778 1777/2431/1777 2455/3696/2455
f 604/3419/604 2205/3151/2205 1469/3152/1469
f 604/796/604 1469/1967/1469 605/797/605
f 1473/1971/1473 498/3965/498 500/648/500
f 1397/3966/1397 1396/3701/1396 413/528/413
f 1476/1979/1476 867/1145/867 869/1144/869
f 1476/1979/1476 2263/3967/2263 2556/3968/2556
f 1476/1979/1476 2556/3968/2556 867/1145/867
f 873/1149/873 39/54/39 2098/2958/2098
f 873/1149/873 2097/2957/2097 874/1150/874
f 873/1149/873 872/1148/872 40/55/40
f 873/1149/873 2098/2958/2098 2097/2957/2097
f 873/1149/873 40/55/40 39/54/39
f 880/1156/880 1483/1987/1483 1792/2454/1792
f 1488/2012/1488 438/2011/438 2511/3829/2511
f 1488/3969/1488 2511/3826/2511 2557/3970/2557
f 1488/2002/1488 2557/3971/2557 1489/2003/1489
f 2469/3972/2469 68/86/68 2387/3973/2387
f 2469/3724/2469 2387/3974/2387 41/57/41
f 1500/2022/1500 1029/1349/1029 656/861/656
f 1699/3975/1699 2518/3848/2518 264/3847/264
f 1699/3975/1699 2154/3976/2154 2518/3848/2518
f 796/1053/796 2187/3121/2187 797/1054/797
f 796/1053/796 724/953/724 2187/3121/2187
f 467/602/467 12/18/12 2005/3977/2005
f 467/602/467 2005/3977/2005 2038/2845/2038
f 1239/1620/1239 1579/2139/1579 1240/1621/1240
f 1010/1322/1010 2232/3197/2232 776/1024/776
f 1010/3978/1010 2506/3807/2506 2232/3806/2232
f 1010/3978/1010 1007/3224/1007 2506/3807/2506
f 1143/1497/1143 859/1132/859 779/1028/779
f 362/454/362 698/922/698 363/455/363
f 362/454/362 1431/3919/1431 698/922/698
f 2558/3979/2558 2559/3980/2559 1349/1780/1349
f 2558/3981/2558 2463/3714/2463 573/758/573
f 2558/3979/2558 573/3084/573 2559/3980/2559
f 2558/3979/2558 1349/1780/1349 2385/3515/2385
f 806/1067/806 1153/3473/1153 1873/2577/1873
f 1068/3982/1068 335/412/335 334/411/334
f 1068/3982/1068 1640/3928/1640 335/412/335
f 2560/3983/2560 1600/3984/1600 2421/3985/2421
f 2560/3983/2560 1601/3986/1601 1600/3984/1600
f 2560/3983/2560 2038/2845/2038 1601/3986/1601
f 2560/3983/2560 2421/3985/2421 1168/2846/1168
f 2560/3983/2560 1168/2846/1168 2038/2845/2038
f 2522/3867/2522 2503/3798/2503 2306/3341/2306
f 2522/3867/2522 1174/1538/1174 2561/3987/2561
f 2522/3867/2522 2561/3987/2561 2503/3798/2503
f 2522/3867/2522 2306/3341/2306 2305/3340/2305
f 1384/1840/1384 2562/3988/2562 1456/1944/1456
f 1384/1840/1384 1385/1841/1385 2563/3989/2563
f 1384/1840/1384 2563/3989/2563 2562/3988/2562
f 172/2605/172 174/213/174 1890/2606/1890
f 1892/2610/1892 182/3139/182 181/2611/181
f 1892/2610/1892 1893/2613/1893 462/594/462
f 1368/1812/1368 187/3005/187 2080/2921/2080
f 1368/1812/1368 2080/2921/2080 2079/2920/2079
f 1368/1812/1368 1369/1814/1369 187/3005/187
f 1899/3816/1899 2564/3990/2564 822/1086/822
f 1120/1469/1120 1744/2381/1744 2565/3991/2565
f 1120/1469/1120 2565/3991/2565 1121/1470/1121
f 1120/1469/1120 203/246/203 1744/2381/1744
f 1124/1475/1124 1748/2388/1748 2350/3505/2350
f 1124/1475/1124 2350/3505/2350 1125/1476/1125
f 933/1231/933 935/1230/935 1915/2643/1915
f 1214/1590/1214 1213/1587/1213 1920/2650/1920
f 1214/3992/1214 2486/3754/2486 2117/3993/2117
f 2091/2946/2091 286/342/286 285/341/285
f 2091/2946/2091 680/900/680 679/899/679
f 2091/2946/2091 679/899/679 286/342/286
f 1593/2154/1593 986/1295/986 2500/3791/2500
f 1929/2667/1929 1931/2669/1931 1251/1640/1251
f 2501/3796/2501 2453/3690/2453 2502/3797/2502
f 2501/3796/2501 2234/3203/2234 2453/3690/2453
f 2501/3796/2501 965/1267/965 2234/3203/2234
f 2566/3994/2566 1665/2254/1665 1664/2253/1664
f 2566/3994/2566 2275/3287/2275 2274/3286/2274
f 2566/3994/2566 1664/2253/1664 2275/3287/2275
f 65/85/65 2387/3973/2387 68/86/68
f 478/1112/478 167/203/167 1385/3995/1385
f 96/123/96 99/126/99 920/1210/920
f 96/3996/96 1902/2623/1902 2460/3707/2460
f 96/123/96 2460/3997/2460 97/124/97
f 96/3996/96 920/1213/920 1902/2623/1902
f 1956/2708/1956 1958/2711/1958 106/135/106
f 655/2353/655 329/3998/329 326/3533/326
f 655/860/655 654/863/654 329/3999/329
f 655/2353/655 326/3533/326 1728/2354/1728
f 2499/3788/2499 852/4000/852 848/4001/848
f 2499/3788/2499 1784/2442/1784 852/4000/852
f 1293/1697/1293 2441/3668/2441 161/197/161
f 1293/1697/1293 2395/3538/2395 1295/1698/1295
f 1293/1697/1293 161/197/161 2395/3538/2395
f 2207/3154/2207 1741/2376/1741 613/805/613
f 2207/3154/2207 191/230/191 1741/2376/1741
f 200/242/200 1688/2286/1688 2377/3504/2377
f 200/242/200 2292/4002/2292 1688/2286/1688
f 200/242/200 2377/3504/2377 201/243/201
f 200/242/200 202/247/202 2292/4002/2292
f 642/844/642 2201/3160/2201 2567/4003/2567
f 642/844/642 2202/4004/2202 2201/3160/2201
f 642/4005/642 639/840/639 2202/3145/2202
f 642/844/642 2567/4003/2567 643/845/643
f 752/989/752 753/991/753 1797/2459/1797
f 1706/2310/1706 893/1177/893 895/1179/895
f 1706/2312/1706 2401/3555/2401 1707/2313/1707
f 1706/2312/1706 895/3556/895 2401/3555/2401
f 2182/3114/2182 2424/3604/2424 2546/3944/2546
f 2182/3114/2182 1812/2478/1812 1811/2477/1811
f 2182/3114/2182 1811/2477/1811 2424/3604/2424
f 400/509/400 2082/3693/2082 1258/1647/1258
f 400/509/400 1258/1647/1258 401/510/401
f 400/4006/400 402/4007/402 2082/4008/2082
f 407/516/407 2568/4009/2568 1264/1654/1264
f 407/516/407 408/517/408 2568/4009/2568
f 2296/3328/2296 2569/4010/2569 2297/3329/2297
f 2296/3328/2296 417/530/417 2569/4010/2569
f 422/539/422 544/716/544 1271/1663/1271
f 1674/2264/1674 427/547/427 1340/4011/1340
f 1674/2264/1674 2535/4012/2535 2570/4013/2570
f 1674/2264/1674 2570/4013/2570 1675/2265/1675
f 1674/2264/1674 1340/4011/1340 2535/4012/2535
f 435/560/435 439/566/439 1491/2008/1491
f 2559/3980/2559 1348/1779/1348 1349/1780/1349
f 2559/3980/2559 573/3084/573 1348/1779/1348
f 791/1047/791 625/820/625 2170/3089/2170
f 1833/3901/1833 1834/4014/1834 2147/3045/2147
f 1076/1402/1076 1078/1404/1078 2538/4015/2538
f 1076/1402/1076 2538/4015/2538 2343/3424/2343
f 265/315/265 2571/4016/2571 266/316/266
f 265/315/265 2483/4017/2483 2571/4016/2571
f 2222/3178/2222 2519/3850/2519 2277/4018/2277
f 2222/3178/2222 2224/3183/2224 2519/3850/2519
f 2222/4019/2222 2277/4020/2277 2485/3753/2485
f 2222/3178/2222 2485/4021/2485 2223/3179/2223
f 1851/2546/1851 1854/2549/1854 1223/3596/1223
f 1851/2546/1851 2120/2989/2120 1852/2547/1852
f 1490/2005/1490 2240/4022/2240 1856/4023/1856
f 1490/2005/1490 1856/4023/1856 1491/2006/1491
f 47/4024/47 2572/4025/2572 1864/2564/1864
f 47/63/47 48/64/48 2572/4026/2572
f 1154/1512/1154 809/1515/809 808/3207/808
f 549/722/549 1356/1789/1356 550/723/550
f 2047/2861/2047 2573/4027/2573 2457/3703/2457
f 2047/2861/2047 744/2862/744 2357/4028/2357
f 2047/2861/2047 2357/4028/2357 2573/4027/2573
f 1644/2224/1644 1270/1662/1270 1646/2226/1646
f 1644/2224/1644 2273/3285/2273 1270/1662/1270
f 1900/2621/1900 1902/2623/1902 920/1213/920
f 1900/2621/1900 920/1213/920 921/1212/921
f 1900/2621/1900 921/1212/921 1901/2622/1901
f 2052/2869/2052 1331/4029/1331 955/1255/955
f 361/452/361 831/1099/831 761/1005/761
f 361/452/361 761/1005/761 364/456/364
f 836/1106/836 2399/3547/2399 373/467/373
f 836/1106/836 373/467/373 372/466/372
f 1435/4030/1435 1339/1765/1339 1011/1323/1011
f 1435/4030/1435 1011/1323/1011 1009/1320/1009
f 1435/1916/1435 561/742/561 560/741/560
f 1435/4030/1435 1009/1320/1009 774/1019/774
f 1435/1916/1435 774/4031/774 561/742/561
f 1439/1921/1439 2275/3287/2275 1664/2253/1664
f 934/1227/934 932/1228/932 1779/2434/1779
f 934/1227/934 1779/2434/1779 2034/2840/2034
f 586/2528/586 587/4032/587 2064/2897/2064
f 586/2528/586 2064/2897/2064 2062/2893/2062
f 1979/2747/1979 2574/4033/2574 1773/2748/1773
f 1979/2747/1979 2575/4034/2575 2574/4033/2574
f 885/1165/885 1363/1803/1363 2074/2911/2074
f 885/1165/885 2214/3164/2214 1751/2391/1751
f 885/1165/885 113/1804/113 1363/1803/1363
f 885/1165/885 2074/2911/2074 2214/3164/2214
f 888/1172/888 890/1174/890 1896/3679/1896
f 1414/3682/1414 1496/4035/1496 2449/3683/2449
f 901/1187/901 903/1189/903 2307/3345/2307
f 901/1187/901 2307/3345/2307 2452/3688/2452
f 907/1194/907 240/290/240 239/289/239
f 907/1194/907 239/289/239 2186/3118/2186
f 2109/4036/2109 913/1203/913 2225/3184/2225
f 2109/4037/2109 2225/4038/2225 2110/3456/2110
f 2109/4036/2109 2112/4039/2112 913/1203/913
f 605/797/605 811/1072/811 814/1075/814
f 605/797/605 814/1075/814 606/798/606
f 487/627/487 1467/1963/1467 2455/3696/2455
f 487/627/487 484/629/484 1466/1962/1466
f 503/661/503 2260/3260/2260 507/662/507
f 503/661/503 1661/4040/1661 2260/3260/2260
f 1403/4041/1403 2096/2962/2096 2099/2961/2099
f 1403/1867/1403 1943/4042/1943 2096/4043/2096
f 1403/1867/1403 627/829/627 1943/4042/1943
f 1403/4041/1403 2099/2961/2099 38/51/38
f 520/675/520 1404/1869/1404 2491/3770/2491
f 2291/3320/2291 2576/4044/2576 2537/3899/2537
f 2291/3320/2291 2537/3899/2537 1689/2287/1689
f 2291/3320/2291 1301/3324/1301 2576/4044/2576
f 1529/2070/1529 2500/3791/2500 986/1295/986
f 1529/2070/1529 985/1294/985 2549/4045/2549
f 1529/2070/1529 986/1295/986 985/1294/985
f 1529/2070/1529 1532/2068/1532 2500/3791/2500
f 989/3120/989 1537/2075/1537 990/4046/990
f 2577/4047/2577 2552/3951/2552 2578/4048/2578
f 2577/4047/2577 2568/4009/2568 2552/3951/2552
f 2577/4047/2577 1264/1654/1264 2568/4009/2568
f 2577/4049/2577 2578/4050/2578 1538/2076/1538
f 2577/4049/2577 1538/2076/1538 1264/3656/1264
f 725/954/725 1000/1309/1000 1268/1660/1268
f 725/954/725 1268/1660/1268 726/955/726
f 2189/3123/2189 926/4051/926 929/4052/929
f 2189/3123/2189 2579/4053/2579 926/4051/926
f 2189/3123/2189 1004/4054/1004 2533/3890/2533
f 2189/3123/2189 2191/3125/2191 2579/4053/2579
f 2189/3123/2189 929/4052/929 1004/4054/1004
f 669/877/669 2238/3209/2238 1763/2412/1763
f 1986/4055/1986 1288/4056/1288 2580/4057/2580
f 1986/2757/1986 1290/1688/1290 1288/1686/1288
f 1986/4055/1986 1493/3170/1493 1417/1883/1417
f 1986/4055/1986 2580/4057/2580 1493/3170/1493
f 1342/1773/1342 34/45/34 2333/3406/2333
f 1342/1773/1342 2333/3406/2333 941/4058/941
f 2516/3840/2516 1994/2771/1994 1993/2770/1993
f 1912/2637/1912 2242/3917/2242 1238/2994/1238
f 1912/2637/1912 1911/2636/1911 2242/3917/2242
f 2009/2793/2009 2423/3601/2423 2010/2794/2010
f 2424/3604/2424 1060/1386/1060 2546/3944/2546
f 2424/3604/2424 1063/1389/1063 1060/1386/1060
f 2424/3604/2424 2425/3606/2425 1063/1389/1063
f 606/798/606 2428/3614/2428 607/799/607
f 606/798/606 813/1074/813 2428/3614/2428
f 606/798/606 814/1075/814 813/1074/813
f 1078/1404/1078 1073/1399/1073 1696/4059/1696
f 1398/1974/1398 2015/2803/2015 293/353/293
f 1477/1980/1477 1478/1981/1478 2262/3262/2262
f 2581/4060/2581 2351/3439/2351 2536/4061/2536
f 2581/4060/2581 1447/1936/1447 1449/1935/1449
f 2581/4060/2581 1126/1479/1126 2351/3439/2351
f 2581/4060/2581 2536/4061/2536 1447/1936/1447
f 2026/4062/2026 2025/2819/2025 1863/2560/1863
f 2026/2821/2026 2490/3767/2490 2027/2822/2027
f 1339/1759/1339 2300/3893/2300 1340/1760/1340
f 1026/1346/1026 1028/1348/1028 1347/1778/1347
f 1026/4063/1026 1347/4064/1347 2542/3927/2542
f 1026/4063/1026 2542/3927/2542 1027/4065/1027
f 1700/2300/1700 2250/3236/2250 1034/1356/1034
f 1700/2300/1700 1701/2301/1701 2250/3236/2250
f 2344/3425/2344 2151/4066/2151 1766/2417/1766
f 2344/3425/2344 1766/2417/1766 1765/2416/1765
f 2344/3425/2344 613/805/613 1741/2376/1741
f 2344/3425/2344 1741/2376/1741 1740/2375/1740
f 2344/3425/2344 1740/2375/1740 2151/4066/2151
f 2438/4067/2438 2012/2796/2012 2011/2795/2011
f 2438/4067/2438 2011/2795/2011 2423/3601/2423
f 2438/3648/2438 563/747/563 2012/4068/2012
f 601/793/601 396/504/396 2403/3558/2403
f 1617/4069/1617 1250/1639/1250 2412/3579/2412
f 1617/4069/1617 2412/3579/2412 1620/3578/1620
f 1617/4069/1617 1835/3463/1835 1250/1639/1250
f 23/3408/23 822/1086/822 2564/3990/2564
f 23/28/23 2564/4070/2564 2582/4071/2582
f 23/28/23 2582/4071/2582 26/31/26
f 38/51/38 2099/2961/2099 39/52/39
f 877/1153/877 2583/4072/2583 2353/3442/2353
f 877/1153/877 233/282/233 2583/4072/2583
f 877/1153/877 2353/3442/2353 881/1157/881
f 1855/2550/1855 31/40/31 33/43/33
f 1855/2838/1855 1491/2006/1491 1856/4023/1856
f 389/494/389 892/1176/892 390/495/390
f 389/494/389 895/1179/895 892/1176/892
f 2303/3337/2303 903/1189/903 2584/4073/2584
f 2303/3337/2303 2584/4073/2584 2304/3338/2304
f 2303/3337/2303 2307/3345/2307 903/1189/903
f 457/3347/457 459/1354/459 1032/1353/1032
f 463/596/463 155/186/155 464/597/464
f 463/596/463 2585/4074/2585 1784/2442/1784
f 463/596/463 465/599/465 2585/4074/2585
f 468/2847/468 1170/1534/1170 2586/4075/2586
f 468/603/468 2586/4076/2586 469/604/469
f 2039/2848/2039 474/609/474 2161/3064/2161
f 2039/2848/2039 2159/3066/2159 2040/2849/2040
f 558/738/558 1962/2717/1962 559/739/559
f 565/3321/565 2292/3323/2292 1965/3651/1965
f 786/1040/786 2408/3948/2408 2531/3885/2531
f 2325/3385/2325 711/935/711 2059/2888/2059
f 2325/3385/2325 714/939/714 711/935/711
f 2552/3951/2552 2568/4009/2568 995/1304/995
f 2552/3951/2552 995/1304/995 993/1302/993
f 2552/3951/2552 243/3952/243 246/4077/246
f 2552/3951/2552 246/4077/246 2578/4048/2578
f 795/1051/795 1542/4078/1542 1615/4079/1615
f 795/1051/795 1615/4079/1615 798/1055/798
f 795/1452/795 1108/1451/1108 1542/2080/1542
f 1547/2088/1547 1546/2087/1546 2575/4034/2575
f 1547/2088/1547 2395/3538/2395 161/197/161
f 1547/2088/1547 2575/4034/2575 2394/3536/2394
f 527/686/527 2587/4080/2587 2478/3741/2478
f 527/686/527 139/3471/139 2587/4080/2587
f 527/686/527 141/4081/141 139/3471/139
f 527/686/527 2478/3741/2478 528/687/528
f 1982/3488/1982 1552/3662/1552 2373/3489/2373
f 1982/2753/1982 2283/3302/2283 1983/2754/1983
f 534/699/534 537/702/537 1733/2362/1733
f 2286/4082/2286 299/4083/299 1596/2157/1596
f 2286/4082/2286 1596/2157/1596 2420/3597/2420
f 2004/4084/2004 1601/3986/1601 2038/2845/2038
f 2004/4084/2004 2038/2845/2038 2005/3977/2005
f 2004/2788/2004 304/372/304 1601/2162/1601
f 2004/2788/2004 2003/2787/2003 304/372/304
f 1578/2138/1578 1240/1621/1240 1579/2139/1579
f 1361/1800/1361 2506/3807/2506 1362/1801/1362
f 342/424/342 339/426/339 1656/2244/1656
f 342/424/342 1656/2244/1656 648/852/648
f 1930/2668/1930 1252/1641/1252 1931/2669/1931
f 1930/2927/1930 2081/2926/2081 1252/4085/1252
f 2453/3690/2453 2234/3203/2234 1105/3691/1105
f 2453/3692/2453 2452/3688/2452 2502/4086/2502
f 1503/2025/1503 267/317/267 1505/2027/1505
f 1503/2025/1503 2250/3236/2250 1701/2301/1701
f 1503/2025/1503 1701/2301/1701 267/317/267
f 2085/2933/2085 2588/4087/2588 2310/3350/2310
f 2085/2933/2085 2084/4088/2084 2588/4087/2588
f 2085/2933/2085 2310/3350/2310 2086/2934/2086
f 673/885/673 676/894/676 1880/2590/1880
f 2544/3933/2544 2589/4089/2589 1323/1742/1323
f 2544/3933/2544 260/3858/260 2589/4089/2589
f 594/2693/594 990/4090/990 1536/2694/1536
f 912/1202/912 915/1205/915 2224/3181/2224
f 2093/2951/2093 616/808/616 615/807/615
f 2093/2951/2093 789/1044/789 616/808/616
f 629/825/629 209/1286/209 630/826/630
f 736/970/736 735/969/735 1409/1874/1409
f 736/970/736 1411/1876/1411 737/4091/737
f 937/4092/937 2358/3450/2358 2459/3706/2459
f 937/4092/937 2331/3401/2331 2358/3450/2358
f 937/1236/937 2459/4093/2459 938/1237/938
f 937/1236/937 942/1241/942 2331/4094/2331
f 2590/4095/2590 948/1247/948 2554/3958/2554
f 2590/4095/2590 949/1248/949 948/1247/948
f 2590/4095/2590 1356/1789/1356 2591/4096/2591
f 2590/4095/2590 2554/3958/2554 1356/1789/1356
f 765/1009/765 2144/3042/2144 1432/1910/1432
f 686/908/686 1623/2882/1623 1436/1917/1436
f 686/3823/686 1624/2194/1624 1623/2193/1623
f 707/931/707 708/932/708 1105/3202/1105
f 707/931/707 1105/3202/1105 1433/1912/1433
f 1886/2601/1886 1457/1945/1457 2059/2888/2059
f 2156/3058/2156 983/1292/983 1592/2153/1592
f 2156/3058/2156 1592/2153/1592 585/4097/585
f 1675/2265/1675 2570/4013/2570 320/400/320
f 2103/2966/2103 2536/3896/2536 517/672/517
f 2027/2822/2027 2248/3231/2248 1481/1992/1481
f 2027/2822/2027 2490/3767/2490 2166/3078/2166
f 2027/2822/2027 1337/1757/1337 2248/3231/2248
f 2027/2822/2027 2166/3078/2166 1337/1757/1337
f 1194/1562/1194 1195/1565/1195 1830/2516/1830
f 581/4098/581 582/4099/582 916/1206/916
f 581/4098/581 916/1206/916 917/1207/917
f 581/4098/581 917/1207/917 2112/4039/2112
f 581/4098/581 2112/4039/2112 2111/4100/2111
f 581/4098/581 2111/4100/2111 2169/4101/2169
f 98/125/98 1543/2082/1543 2113/2979/2113
f 98/125/98 2113/2979/2113 99/126/99
f 2529/4102/2529 1113/4103/1113 110/139/110
f 2529/3880/2529 108/137/108 2328/3881/2328
f 2037/3907/2037 1033/4104/1033 2155/3054/2155
f 1812/2478/1812 1849/2544/1849 1254/2479/1254
f 2258/3258/2258 2260/3260/2260 1660/4105/1660
f 2258/3258/2258 1660/4105/1660 1224/4106/1224
f 2258/3258/2258 1223/3596/1223 1854/2549/1854
f 2258/3258/2258 1224/4106/1224 1223/3596/1223
f 1914/2639/1914 1913/2640/1913 2123/4107/2123
f 1914/2639/1914 48/64/48 768/1012/768
f 1914/2639/1914 2123/4107/2123 48/64/48
f 1604/2165/1604 1603/2164/1603 1726/2349/1726
f 1604/2165/1604 1726/2349/1726 1103/1442/1103
f 174/213/174 175/212/175 2584/4108/2584
f 174/213/174 904/1190/904 1890/2606/1890
f 174/213/174 2584/4108/2584 904/1190/904
f 1735/2367/1735 2440/4109/2440 1204/1574/1204
f 1735/2367/1735 1787/4110/1787 2440/4109/2440
f 1739/3643/1739 2530/3883/2530 1511/3644/1511
f 1739/2374/1739 1738/2373/1738 1117/1467/1117
f 1739/3643/1739 1117/3884/1117 2530/3883/2530
f 1744/2381/1744 201/245/201 1745/2382/1745
f 1744/2381/1744 203/246/203 201/245/201
f 1744/2381/1744 1746/2386/1746 2565/3991/2565
f 1972/2734/1972 1133/1486/1133 2532/3886/2532
f 1972/2734/1972 2532/3886/2532 982/4111/982
f 2201/3160/2201 2177/3104/2177 2567/4003/2567
f 1996/2776/1996 2000/2784/2000 2178/3107/2178
f 1869/2572/1869 1633/2204/1633 1870/2573/1870
f 1869/2572/1869 2437/3640/2437 1146/1502/1146
f 1869/2572/1869 1871/2575/1871 2437/3640/2437
f 1869/2572/1869 1146/1502/1146 1633/2204/1633
f 2497/3779/2497 2479/3749/2479 2587/4080/2587
f 2497/3779/2497 2587/4080/2587 139/3471/139
f 2497/3779/2497 139/3471/139 2592/4112/2592
f 2497/3779/2497 2592/4112/2592 2406/3780/2406
f 1763/2412/1763 1814/3210/1814 1764/2413/1764
f 2553/3953/2553 2593/4113/2593 1774/4114/1774
f 2553/3953/2553 1774/4114/1774 1546/3954/1546
f 1549/2091/1549 597/789/597 596/787/596
f 1549/2091/1549 596/787/596 1309/2141/1309
f 1582/2143/1582 1584/2145/1584 1631/4115/1631
f 1582/2143/1582 2204/3936/2204 1583/2144/1583
f 1587/2148/1587 2543/4116/2543 1588/2149/1588
f 1383/1837/1383 1323/1742/1323 2589/4089/2589
f 1383/1837/1383 2589/4089/2589 259/1838/259
f 1325/1744/1325 1327/1746/1327 2431/3621/2431
f 2594/4117/2594 1597/2158/1597 299/4083/299
f 2594/4118/2594 1598/4119/1598 1597/4120/1597
f 2503/3798/2503 2007/2791/2007 967/1270/967
f 2503/3798/2503 2504/3799/2504 2306/3341/2306
f 2503/3798/2503 2561/3987/2561 2007/2791/2007
f 2595/4121/2595 321/396/321 2570/4013/2570
f 2595/4121/2595 2535/4012/2535 1934/4122/1934
f 2595/4121/2595 2570/4013/2570 2535/4012/2535
f 2595/4121/2595 322/397/322 321/396/321
f 2595/4121/2595 1934/4122/1934 2192/3126/2192
f 2595/4121/2595 2192/3126/2192 322/397/322
f 2596/4123/2596 2524/4124/2524 868/4125/868
f 2596/4126/2596 2597/4127/2597 2598/4128/2598
f 2596/4129/2596 868/1143/868 2597/4130/2597
f 238/288/238 2414/3588/2414 2454/3695/2454
f 238/288/238 2454/3695/2454 1608/2171/1608
f 1201/2177/1201 1612/2176/1612 2293/3325/2293
f 1201/2177/1201 2293/3325/2293 665/873/665
f 1620/2188/1620 2413/3586/2413 1621/2189/1621
f 1242/1623/1242 115/144/115 1243/1624/1243
f 1242/1623/1242 1625/2195/1625 115/144/115
f 1249/1634/1249 755/4131/755 2557/3970/2557
f 1249/4132/1249 756/997/756 755/996/755
f 1249/1634/1249 2557/3970/2557 2511/3826/2511
f 2521/3866/2521 2301/3335/2301 130/159/130
f 2521/3866/2521 130/159/130 129/158/129
f 2599/4133/2599 556/736/556 2600/4134/2600
f 2599/4133/2599 393/499/393 556/736/556
f 2599/4133/2599 2600/4134/2600 2403/4135/2403
f 2599/4133/2599 2403/4135/2403 396/503/396
f 2599/4133/2599 396/503/396 393/499/393
f 1881/4136/1881 2369/3477/2369 2569/4010/2569
f 1881/4136/1881 1880/3478/1880 2369/3477/2369
f 1881/4136/1881 2569/4010/2569 1882/4137/1882
f 1883/2596/1883 2190/3124/2190 1770/2421/1770
f 319/393/319 2193/3127/2193 1934/2672/1934
f 1941/2680/1941 328/405/328 1942/2681/1942
f 850/1123/850 851/1124/851 494/637/494
f 1137/4138/1137 1752/2393/1752 2055/3631/2055
f 1137/1490/1137 1138/1491/1138 1752/2392/1752
f 213/260/213 2317/3371/2317 2601/4139/2601
f 213/260/213 2601/4139/2601 214/261/214
f 153/183/153 2195/3131/2195 154/184/154
f 2593/4113/2593 2153/3052/2153 1775/2427/1775
f 2593/4113/2593 1419/1888/1419 2153/3052/2153
f 2593/4113/2593 1775/2427/1775 1774/4114/1774
f 2593/4113/2593 2441/4140/2441 1419/1888/1419
f 1530/2064/1530 1528/2069/1528 2525/3871/2525
f 1530/2064/1530 2525/3871/2525 1531/2065/1531
f 10/11/10 2005/2789/2005 12/15/12
f 19/3964/19 2040/2849/2040 2364/4141/2364
f 2519/3852/2519 1451/3027/1451 1971/2733/1971
f 2519/3852/2519 1971/2733/1971 2277/3292/2277
f 1974/2736/1974 2550/4142/2550 2278/3293/2278
f 1974/4143/1974 1973/3803/1973 2550/3949/2550
f 2282/3299/2282 717/945/717 719/947/719
f 2282/3299/2282 1977/3390/1977 2283/3300/2283
f 2282/3299/2282 2281/3297/2281 717/945/717
f 2282/3299/2282 719/947/719 1977/3390/1977
f 103/1958/103 591/781/591 590/780/590
f 30/1775/30 1344/1774/1344 1677/4144/1677
f 1164/1526/1164 147/176/147 146/175/146
f 1046/4145/1046 20/4146/20 1047/4147/1047
f 1061/1387/1061 2576/4148/2576 1062/1388/1062
f 1061/1387/1061 1063/1389/1063 2425/3606/2425
f 1061/1387/1061 2425/3606/2425 2602/4149/2602
f 1061/1387/1061 2602/4149/2602 2576/4148/2576
f 608/800/608 1639/2215/1639 609/801/609
f 608/800/608 2513/3836/2513 1638/2213/1638
f 608/800/608 607/799/607 2513/3836/2513
f 1696/3616/1696 1394/3255/1394 1897/2618/1897
f 1696/4059/1696 1073/1399/1073 1394/1852/1394
f 1743/2379/1743 828/1094/828 355/1095/355
f 1743/2379/1743 355/1095/355 1746/2383/1746
f 1743/2379/1743 1087/3516/1087 828/1094/828
f 1094/1428/1094 2461/3708/2461 1096/1430/1096
f 1094/1428/1094 2139/3025/2139 2023/2817/2023
f 1094/1428/1094 2023/2817/2023 1680/2276/1680
f 1094/1428/1094 1679/2275/1679 2461/3708/2461
f 1094/1428/1094 1680/2276/1680 1679/2275/1679
f 632/832/632 636/837/636 2601/4150/2601
f 632/3370/632 2601/4139/2601 2317/3371/2317
f 779/1028/779 1221/1596/1221 782/1031/782
f 779/1028/779 859/1132/859 1221/1596/1221
f 363/4151/363 700/4152/700 2603/4153/2603
f 363/4151/363 2603/4153/2603 365/4154/365
f 620/816/620 717/945/717 623/817/623
f 2/2/2 5/5/5 1693/4155/1693
f 2394/3537/2394 800/1060/800 185/1059/185
f 2394/3536/2394 2575/4034/2575 800/4156/800
f 405/4157/405 1814/3210/1814 994/2742/994
f 1558/2104/1558 2239/3496/2239 2329/3397/2329
f 1575/3217/1575 763/1007/763 1861/2557/1861
f 1575/3217/1575 1861/2557/1861 2165/3077/2165
f 2053/4158/2053 837/1107/837 1132/4159/1132
f 2053/2875/2053 969/2874/969 838/4160/838
f 2053/4158/2053 838/1108/838 837/1107/837
f 2543/4116/2543 848/3150/848 1588/2149/1588
f 2416/3592/2416 261/311/261 260/310/260
f 2416/3592/2416 260/310/260 2417/3593/2417
f 2346/3431/2346 2348/3430/2348 1181/3938/1181
f 2378/3506/2378 2029/2828/2029 1486/1999/1486
f 2378/3506/2378 2031/2830/2031 2029/2828/2029
f 2378/3506/2378 2074/2911/2074 2031/2830/2031
f 2078/3166/2078 2216/3168/2216 2435/3634/2435
f 267/317/267 268/318/268 1505/2027/1505
f 272/322/272 2110/3456/2110 273/323/273
f 1512/2700/1512 1511/3644/1511 2530/3883/2530
f 1512/2700/1512 2530/3883/2530 1951/2701/1951
f 926/2037/926 2579/4161/2579 2604/4162/2604
f 926/2037/926 2604/4162/2604 1515/2038/1515
f 2176/3103/2176 2491/3940/2491 1798/3552/1798
f 2176/3103/2176 376/476/376 1244/1627/1244
f 2176/3103/2176 2400/3551/2400 376/476/376
f 2176/3103/2176 1798/3552/1798 2400/3551/2400
f 2256/3256/2256 1802/2464/1802 2077/2923/2077
f 128/157/128 554/735/554 129/158/129
f 128/157/128 127/156/127 555/4163/555
f 556/736/556 136/165/136 2600/4134/2600
f 2568/4009/2568 408/517/408 995/1304/995
f 2579/4161/2579 2191/4164/2191 2604/4162/2604
f 1287/4165/1287 1652/4166/1652 180/219/180
f 1677/4144/1677 1344/1774/1344 1678/4167/1678
f 1297/1701/1297 1119/1468/1119 1738/2373/1738
f 1297/1701/1297 1300/1707/1300 1119/1468/1119
f 1749/2389/1749 2398/3543/2398 2548/3946/2548
f 1749/2389/1749 2548/3946/2548 1750/2390/1750
f 1637/2855/1637 2044/2857/2044 2154/3976/2154
f 1841/2529/1841 984/3752/984 980/3057/980
f 1844/2533/1844 2117/3993/2117 2486/3754/2486
f 1844/2533/1844 1807/4168/1807 2117/3993/2117
f 1844/2539/1844 1846/2537/1846 1807/2469/1807
f 1848/2542/1848 1047/3244/1047 20/4169/20
f 1848/2543/1848 20/25/20 16/21/16
f 451/582/451 2470/3725/2470 1336/1756/1336
f 451/582/451 1336/1756/1336 453/583/453
f 510/665/510 2605/4170/2605 511/666/511
f 69/2503/69 1823/2504/1823 70/2956/70
f 74/93/74 1188/1555/1188 78/99/78
f 480/618/480 481/619/481 1195/1565/1195
f 582/770/582 2606/4171/2606 2607/4172/2607
f 582/4099/582 2607/4173/2607 916/1206/916
f 582/770/582 580/768/580 2606/4171/2606
f 4/4/4 2608/4174/2608 1691/3093/1691
f 2171/3096/2171 1957/4175/1957 2341/3422/2341
f 2171/3096/2171 1958/3099/1958 1957/4175/1957
f 220/267/220 1341/1767/1341 221/268/221
f 327/404/327 2167/4176/2167 328/405/328
f 327/404/327 329/406/329 654/3399/654
f 327/4177/327 2332/3407/2332 2167/3080/2167
f 2187/3121/2187 726/955/726 1267/1659/1267
f 2430/3617/2430 730/959/730 729/958/729
f 828/1094/828 1087/3516/1087 2240/3213/2240
f 837/4178/837 372/466/372 1132/1485/1132
f 1754/2396/1754 753/4179/753 641/2397/641
f 1754/4180/1754 1799/2461/1799 753/991/753
f 755/4181/755 759/1096/759 827/1093/827
f 755/4182/755 827/3215/827 2557/3971/2557
f 2147/3045/2147 2084/2931/2084 2148/3046/2148
f 2147/3045/2147 1834/4014/1834 2084/2931/2084
f 415/526/415 1235/1616/1235 416/527/416
f 415/526/415 411/532/411 2150/3048/2150
f 321/396/321 320/400/320 2570/4013/2570
f 2524/3869/2524 1607/2168/1607 868/1143/868
f 1566/2117/1566 2265/3268/2265 2353/3442/2353
f 1566/2117/1566 2583/4072/2583 232/281/232
f 1566/2117/1566 2353/3442/2353 2583/4072/2583
f 1566/2117/1566 634/2121/634 2265/3268/2265
f 236/286/236 2186/3118/2186 239/289/239
f 236/286/236 1192/1559/1192 2186/3118/2186
f 1610/2173/1610 1198/1568/1198 2473/3729/2473
f 1610/2173/1610 2473/3729/2473 2111/2977/2111
f 1163/1525/1163 2407/3903/2407 1202/1572/1202
f 925/1217/925 2609/4183/2609 1959/4184/1959
f 925/1217/925 1959/4184/1959 928/1220/928
f 1310/1722/1310 1309/1724/1309 2610/4185/2610
f 1310/1722/1310 2610/4185/2610 1378/1824/1378
f 2611/4186/2611 914/1204/914 916/1206/916
f 2611/4186/2611 916/1206/916 2607/4173/2607
f 2611/4186/2611 2607/4173/2607 1105/4187/1105
f 2611/4186/2611 2612/4188/2612 914/1204/914
f 2611/4186/2611 1105/4187/1105 2612/4188/2612
f 1712/4189/1712 1924/2659/1924 1923/2657/1923
f 1712/2322/1712 1923/4190/1923 2380/3510/2380
f 1712/4189/1712 1714/4191/1714 1924/2659/1924
f 1712/2322/1712 2380/3510/2380 2183/3115/2183
f 651/855/651 648/852/648 1655/2245/1655
f 1600/4192/1600 2122/3795/2122 2421/4193/2421
f 1723/2343/1723 2572/4194/2572 2123/2995/2123
f 1723/2341/1723 314/386/314 1864/2564/1864
f 1723/2341/1723 1864/2564/1864 2572/4025/2572
f 2467/4195/2467 2127/2999/2127 2462/3712/2462
f 874/1150/874 2097/2957/2097 1823/2504/1823
f 855/1128/855 2206/3153/2206 860/1133/860
f 914/3921/914 2612/4196/2612 706/930/706
f 298/368/298 301/367/301 1717/4197/1717
f 311/382/311 2489/3766/2489 314/386/314
f 311/382/311 2166/3078/2166 2489/3766/2489
f 2251/3238/2251 851/3239/851 852/4000/852
f 2251/3238/2251 852/4000/852 2585/4074/2585
f 2251/3238/2251 2585/4074/2585 465/599/465
f 1121/1470/1121 357/446/357 1122/1471/1122
f 1121/1470/1121 2565/3991/2565 358/447/358
f 1121/1470/1121 358/447/358 357/446/357
f 2247/3546/2247 2249/3234/2249 2399/3547/2399
f 2247/3230/2247 1484/1993/1484 2248/3231/2248
f 1629/2199/1629 1432/1910/1432 2144/3042/2144
f 1629/2199/1629 2143/3041/2143 446/573/446
f 1584/2145/1584 2495/3777/2495 1634/4198/1634
f 1584/2145/1584 1634/4198/1634 1631/4115/1631
f 1584/2145/1584 1585/2146/1585 2495/3777/2495
f 2365/3470/2365 1153/1509/1153 2405/3562/2405
f 2365/3470/2365 2405/3562/2405 2592/4112/2592
f 2365/3470/2365 2592/4112/2592 139/3471/139
f 811/1072/811 1470/1968/1470 812/1073/812
f 2007/2791/2007 968/1271/968 967/1270/967
f 2007/2791/2007 2561/3987/2561 1241/1622/1241
f 935/2642/935 575/760/575 571/756/571
f 1048/3509/1048 2380/3510/2380 1923/4190/1923
f 2515/4199/2515 1227/1603/1227 1224/1599/1224
f 2515/4200/2515 1224/4201/1224 1660/4202/1660
f 2210/3913/2210 646/850/646 1719/2335/1719
f 2210/3157/2210 1719/2333/1719 2211/3158/2211
f 1334/3914/1334 2488/3764/2488 1018/4203/1018
f 1174/1538/1174 1176/1540/1176 2561/3987/2561
f 2262/3262/2262 1478/1981/1478 2019/4204/2019
f 1496/4035/1496 2450/3685/2450 2449/3683/2449
f 1496/4035/1496 1495/3686/1495 2450/3685/2450
f 2389/4205/2389 175/212/175 171/4206/171
f 2389/4207/2389 2046/2860/2046 2045/2859/2045
f 2389/4208/2389 1682/2278/1682 2308/3343/2308
f 2389/4208/2389 2308/3343/2308 2304/3344/2304
f 2389/4207/2389 171/695/171 2046/2860/2046
f 2389/4205/2389 2304/4209/2304 175/212/175
f 1686/2283/1686 1685/2282/1685 2375/3502/2375
f 1686/4210/1686 2375/3500/2375 2208/3155/2208
f 1686/4210/1686 2208/3155/2208 712/937/712
f 1689/2287/1689 1688/2288/1688 2292/3323/2292
f 1692/3526/1692 1691/3093/1691 1354/1785/1354
f 1360/1797/1360 1698/2298/1698 2328/4211/2328
f 1360/1796/1360 2328/3881/2328 108/137/108
f 1243/4212/1243 2100/4213/2100 1244/1627/1244
f 122/151/122 121/150/121 2445/3672/2445
f 1870/2573/1870 2364/3467/2364 1756/2574/1756
f 144/173/144 1538/2076/1538 2613/4214/2613
f 144/173/144 2086/2934/2086 146/175/146
f 144/173/144 2613/4214/2613 2086/2934/2086
f 2369/3477/2369 2370/3479/2370 2297/3329/2297
f 2369/3477/2369 2297/3329/2297 2569/4010/2569
f 938/4215/938 2459/4216/2459 1272/1665/1272
f 938/4215/938 540/705/540 939/3658/939
f 938/4215/938 1272/1665/1272 1271/1663/1271
f 938/4215/938 1271/1663/1271 540/705/540
f 164/200/164 2278/3294/2278 2563/4217/2563
f 164/200/164 1385/3995/1385 167/203/167
f 164/200/164 2563/4217/2563 1385/3995/1385
f 2266/3814/2266 1733/2362/1733 537/702/537
f 2266/3814/2266 537/702/537 536/701/536
f 61/4218/61 1745/4219/1745 971/4220/971
f 2010/2794/2010 2423/3601/2423 2011/2795/2011
f 600/792/600 845/1118/845 602/794/602
f 2428/3614/2428 2513/3836/2513 607/799/607
f 1204/1574/1204 2440/4109/2440 1205/1575/1205
f 1204/1574/1204 1203/1573/1203 1736/2368/1736
f 1396/3701/1396 1767/2418/1767 413/528/413
f 1088/1420/1088 2348/3430/2348 1089/1421/1089
f 516/4221/516 2351/4222/2351 2352/3441/2352
f 516/671/516 517/672/517 2351/4223/2351
f 516/4221/516 2352/3441/2352 206/250/206
f 2265/4224/2265 634/834/634 633/833/633
f 884/1163/884 1752/2392/1752 1138/1491/1138
f 884/1163/884 2356/3446/2356 886/1167/886
f 884/1163/884 1138/1491/1138 2356/3446/2356
f 2435/3634/2435 188/3635/188 2079/4225/2079
f 1378/1826/1378 2610/4226/2610 1379/1827/1379
f 2114/2980/2114 2113/2979/2113 1544/2085/1544
f 259/1838/259 2589/4089/2589 260/3858/260
f 691/915/691 690/914/690 2614/4227/2614
f 691/915/691 2614/4227/2614 692/916/692
f 697/921/697 2022/2816/2022 700/924/700
f 2322/4228/2322 1687/2285/1687 712/2284/712
f 2322/3384/2322 712/941/712 714/939/714
f 2322/4228/2322 1831/4229/1831 1687/2285/1687
f 805/1066/805 1762/2411/1762 807/1068/807
f 225/272/225 1420/4230/1420 1820/2498/1820
f 506/660/506 2517/3842/2517 508/663/508
f 506/660/506 2121/2990/2121 2517/3842/2517
f 428/550/428 2073/4231/2073 429/551/429
f 428/554/428 426/545/426 2300/3893/2300
f 437/3830/437 2511/3829/2511 438/2011/438
f 445/572/445 446/573/446 2143/3041/2143
f 2588/4232/2588 1165/1528/1165 1162/1529/1162
f 2588/4087/2588 2084/4088/2084 1834/4233/1834
f 2588/4087/2588 1162/1524/1162 2310/3350/2310
f 2588/4232/2588 1834/2520/1834 1165/1528/1165
f 469/604/469 2586/4076/2586 1044/1369/1044
f 1070/1396/1070 493/636/493 495/639/495
f 2260/3260/2260 1661/4040/1661 1660/4105/1660
f 867/1142/867 2597/4130/2597 868/1143/868
f 867/1142/867 2556/4234/2556 2597/4130/2597
f 39/52/39 2099/2961/2099 2098/2960/2098
f 2477/3738/2477 2518/3848/2518 2043/2858/2043
f 2477/3740/2477 528/687/528 2478/3741/2478
f 2477/3740/2477 2236/3206/2236 528/687/528
f 2477/3740/2477 2043/2853/2043 2236/3206/2236
f 530/693/530 2046/2860/2046 171/695/171
f 2285/3308/2285 1953/2703/1953 1952/2702/1952
f 956/1256/956 1331/4029/1331 1332/4235/1332
f 956/1256/956 1332/4235/1332 552/3313/552
f 956/1256/956 552/3313/552 957/1257/957
f 956/1256/956 955/1255/955 1331/4029/1331
f 554/735/554 1252/4085/1252 2081/2926/2081
f 554/735/554 2081/2926/2081 129/158/129
f 1054/1380/1054 2462/3712/2462 1055/1381/1055
f 1277/1672/1277 1275/1668/1275 1875/2580/1875
f 1277/1672/1277 1875/2580/1875 140/169/140
f 1277/1672/1277 140/169/140 141/170/141
f 1984/2755/1984 1983/2754/1983 2238/3209/2238
f 1984/2755/1984 2294/3326/2294 1985/2756/1985
f 1984/2755/1984 2238/3209/2238 2294/3326/2294
f 2338/3417/2338 1056/1382/1056 2126/2998/2126
f 2338/3417/2338 2126/2998/2126 2125/2997/2125
f 175/212/175 2304/4209/2304 2584/4108/2584
f 155/186/155 156/188/156 464/597/464
f 1685/2282/1685 2376/3501/2376 2375/3502/2375
f 971/4236/971 486/626/486 973/1280/973
f 971/4220/971 2377/3504/2377 486/3503/486
f 971/4220/971 1745/4219/1745 2377/3504/2377
f 2355/3447/2355 2356/3446/2356 1138/1491/1138
f 2355/3447/2355 378/473/378 641/4237/641
f 2355/3447/2355 1138/1491/1138 378/473/378
f 2445/4238/2445 2615/4239/2615 2446/4240/2446
f 2445/3672/2445 121/150/121 2615/4241/2615
f 1845/2538/1845 1809/2472/1809 2493/3774/2493
f 2494/3831/2494 2404/4242/2404 134/163/134
f 2494/3776/2494 1634/4198/1634 2495/3777/2495
f 2148/3046/2148 1764/2415/1764 1813/2481/1813
f 2150/3048/2150 411/532/411 1766/3051/1766
f 2153/3052/2153 1419/1888/1419 750/985/750
f 690/914/690 1122/1473/1122 2614/4227/2614
f 1188/4243/1188 1187/2507/1187 2470/3725/2470
f 2473/3729/2473 2169/3730/2169 2111/2977/2111
f 2327/3619/2327 2328/4211/2328 1698/2298/1698
f 1806/4244/1806 2117/3993/2117 1807/4168/1807
f 1806/2985/1806 1809/3755/1809 280/331/280
f 46/62/46 768/1012/768 48/64/48
f 2233/3200/2233 685/906/685 1963/2718/1963
f 2233/3200/2233 687/910/687 685/906/685
f 693/917/693 692/916/692 2057/2886/2057
f 693/917/693 784/2885/784 781/4245/781
f 693/917/693 2057/2886/2057 784/2885/784
f 693/917/693 781/4245/781 694/918/694
f 2404/4242/2404 2600/4134/2600 134/163/134
f 2404/4242/2404 2403/4135/2403 2600/4134/2600
f 456/588/456 1838/2524/1838 458/590/458
f 1160/1527/1160 148/177/148 147/176/147
f 1233/2222/1233 1643/2221/1643 1879/3811/1879
f 2090/2945/2090 1654/2239/1654 1653/2237/1653
f 2614/4227/2614 1122/1473/1122 2616/4246/2616
f 2614/4227/2614 2616/4246/2616 692/916/692
f 1792/2454/1792 768/1012/768 1793/2455/1793
f 1309/2141/1309 596/787/596 2610/4226/2610
f 286/343/286 475/897/475 477/614/477
f 1597/2158/1597 1596/2157/1596 299/4083/299
f 1251/1640/1251 13/17/13 1642/3794/1642
f 1251/1640/1251 1931/2669/1931 1252/1641/1252
f 2504/4247/2504 2502/4086/2502 2452/3688/2452
f 2504/3799/2504 2452/4248/2452 2306/3341/2306
f 2167/4176/2167 1942/2681/1942 328/405/328
f 2167/3080/2167 2332/3407/2332 35/48/35
f 1826/2511/1826 1528/2069/1528 2408/3569/2408
f 1826/2511/1826 1825/2510/1825 2525/3871/2525
f 1826/2511/1826 2525/3871/2525 1528/2069/1528
f 2606/4171/2606 2466/3720/2466 1105/1448/1105
f 2606/4171/2606 580/768/580 2466/3720/2466
f 2606/4249/2606 1105/4187/1105 2607/4173/2607
f 1355/1788/1355 2591/4096/2591 1356/1789/1356
f 1355/1790/1355 1354/1785/1354 2608/4174/2608
f 1957/4175/1957 2609/4250/2609 2341/3422/2341
f 1957/4251/1957 1959/4184/1959 2609/4183/2609
f 2135/3017/2135 1670/2260/1670 2136/3018/2136
f 243/3952/243 2326/3391/2326 2235/4252/2235
f 2370/3479/2370 2298/3330/2298 2297/3329/2297
f 2370/3479/2370 2527/3875/2527 2526/3874/2526
f 2370/3479/2370 2526/3874/2526 2298/3330/2298
f 2370/3479/2370 2371/3484/2371 2527/3875/2527
f 1773/2748/1773 2574/4033/2574 1774/4253/1774
f 2479/3749/2479 2478/3741/2478 2587/4080/2587
f 1983/2754/1983 2283/3302/2283 1976/2739/1976
f 180/219/180 1652/4166/1652 181/220/181
f 543/713/543 544/715/544 2498/3785/2498
f 1945/2691/1945 550/723/550 1356/1789/1356
f 1945/2691/1945 1356/1789/1356 2554/3958/2554
f 1580/2140/1580 969/1272/969 968/1271/968
f 1580/2140/1580 838/1108/838 969/1272/969
f 2012/4068/2012 563/747/563 559/748/559
f 2012/2796/2012 559/3602/559 2013/2797/2013
f 2576/4044/2576 2602/4254/2602 2537/3899/2537
f 2576/4148/2576 1301/1708/1301 1062/1388/1062
f 866/1141/866 1718/2332/1718 869/1144/869
f 866/1141/866 1719/2333/1719 1718/2332/1718
f 866/1141/866 2211/3158/2211 1719/2333/1719
f 41/57/41 2387/3974/2387 2104/4255/2104
f 787/1041/787 1336/1756/1336 2470/3725/2470
f 1486/1999/1486 1179/2827/1179 1178/2000/1178
f 1486/1999/1486 2029/2828/2029 1179/2827/1179
f 903/4256/903 904/1190/904 2584/4108/2584
f 2218/3176/2218 2220/3175/2220 2309/3783/2309
f 2223/3179/2223 273/4257/273 2225/3182/2225
f 2223/3179/2223 274/4258/274 273/4257/273
f 2223/3179/2223 2485/4021/2485 274/4258/274
f 2227/3186/2227 1044/2938/1044 2586/4075/2586
f 2227/3186/2227 2586/4075/2586 2152/3050/2152
f 1691/3093/1691 2608/4174/2608 1354/1785/1354
f 1415/1880/1415 1497/2019/1497 1498/2020/1498
f 1415/1880/1415 1498/2020/1498 1416/1881/1416
f 1425/1894/1425 351/3012/351 350/1895/350
f 355/444/355 759/4259/759 356/445/356
f 355/444/355 358/447/358 1746/2386/1746
f 371/465/371 373/467/373 2249/3234/2249
f 2137/3023/2137 2136/3018/2136 2603/4153/2603
f 2137/3020/2137 700/4260/700 2022/3021/2022
f 2137/3023/2137 2603/4153/2603 700/4152/700
f 706/930/706 2612/4196/2612 1105/3202/1105
f 706/930/706 1105/3202/1105 708/932/708
f 2550/3949/2550 1973/3803/1973 2324/3381/2324
f 2550/3949/2550 2465/3719/2465 2278/4261/2278
f 717/945/717 2281/3297/2281 623/817/623
f 1367/4262/1367 2541/4263/2541 2617/4264/2617
f 1367/1811/1367 2617/4265/2617 1369/1814/1369
f 2573/4027/2573 742/4266/742 2457/3703/2457
f 2573/4027/2573 2357/4028/2357 742/4266/742
f 2458/3705/2458 2358/3450/2358 2359/3451/2359
f 2458/3705/2458 2359/3451/2359 2542/3927/2542
f 2458/3705/2458 2459/3706/2459 2358/3450/2358
f 245/295/245 2578/4267/2578 246/296/246
f 245/2936/245 2086/2934/2086 2613/4214/2613
f 245/2936/245 2613/4214/2613 2578/4050/2578
f 680/900/680 2206/3153/2206 681/901/681
f 1248/4268/1248 2412/3579/2412 1250/1639/1250
f 2456/3702/2456 1118/1465/1118 1300/4269/1300
f 2456/3700/2456 1300/1706/1300 1299/1704/1299
f 1939/2677/1939 1180/1547/1180 1351/1782/1351
f 1939/2677/1939 1181/1548/1181 1180/1547/1180
f 429/551/429 2506/3807/2506 1007/3224/1007
f 429/551/429 2073/4231/2073 1362/1801/1362
f 429/551/429 1007/3224/1007 430/552/430
f 429/551/429 1362/1801/1362 2506/3807/2506
f 2305/3340/2305 2308/3343/2308 452/580/452
f 1506/2028/1506 1505/2027/1505 2219/3173/2219
f 273/323/273 2110/3456/2110 2225/4038/2225
f 1289/1689/1289 1987/2759/1987 1653/3698/1653
f 1924/2659/1924 782/1033/782 1221/2660/1221
f 1924/2659/1924 1714/4191/1714 782/1033/782
f 2597/4130/2597 2556/4234/2556 2598/4270/2598
f 2096/2955/2096 71/4271/71 70/2956/70
f 2096/2955/2096 1943/4272/1943 71/4271/71
f 2100/4213/2100 2101/4273/2101 2567/4003/2567
f 2100/4213/2100 2177/3104/2177 1244/1627/1244
f 2100/4213/2100 2567/4003/2567 2177/3104/2177
f 526/684/526 807/1068/807 1759/2407/1759
f 526/684/526 808/1069/808 807/1068/807
f 1553/2095/1553 1554/2096/1554 1411/1876/1411
f 1553/2095/1553 1411/1876/1411 1410/1875/1410
f 1518/2041/1518 1515/2038/1515 2604/4162/2604
f 135/2202/135 132/3468/132 1632/2203/1632
f 692/916/692 2616/4246/2616 2057/2886/2057
f 2351/4223/2351 517/672/517 2536/3896/2536
f 2025/2819/2025 1865/2562/1865 1863/2560/1863
f 2025/2819/2025 2354/3443/2354 1865/2562/1865
f 2316/3366/2316 2605/4274/2605 1988/2760/1988
f 2316/3366/2316 511/3367/511 2605/4274/2605
f 656/861/656 1029/1349/1029 657/862/657
f 1033/4104/1033 1035/4275/1035 2155/3054/2155
f 2136/3018/2136 1670/2260/1670 2603/4153/2603
f 2549/4045/2549 985/1294/985 982/1291/982
f 2549/3947/2549 982/4111/982 2532/3886/2532
f 2549/3947/2549 2532/3886/2532 2531/3885/2531
f 1973/3803/1973 1829/2515/1829 2324/3381/2324
f 1267/1659/1267 726/955/726 1268/1660/1268
f 2294/3326/2294 1612/2176/1612 1985/2756/1985
f 2294/3326/2294 2293/3325/2293 1612/2176/1612
f 178/3138/178 2197/3134/2197 1288/3956/1288
f 941/1240/941 2333/4276/2333 942/1241/942
f 231/4277/231 1567/2119/1567 232/2120/232
f 231/4277/231 215/836/215 1567/2119/1567
f 1572/2128/1572 2446/3674/2446 1428/4278/1428
f 1572/2131/1572 1428/4279/1428 954/1254/954
f 962/1264/962 961/1263/961 1577/2137/1577
f 284/339/284 476/613/476 1049/1375/1049
f 118/147/118 115/144/115 1625/2195/1625
f 1419/1888/1419 2441/4140/2441 1420/1889/1420
f 1891/2608/1891 1890/2606/1890 900/1186/900
f 462/598/462 2252/3241/2252 465/599/465
f 462/594/462 1893/2613/1893 2252/4280/2252
f 1114/3004/1114 2080/2921/2080 187/3005/187
f 2517/3842/2517 2121/2990/2121 1994/2774/1994
f 2517/3842/2517 1658/2247/1658 508/663/508
f 1096/1430/1096 2461/3708/2461 1907/2630/1907
f 1132/1485/1132 372/466/372 370/464/370
f 222/269/222 221/268/221 1341/1767/1341
f 34/45/34 2332/3407/2332 2333/3406/2333
f 34/45/34 35/48/35 2332/3407/2332
f 2249/3234/2249 373/467/373 2399/3547/2399
f 481/619/481 86/108/86 1830/2516/1830
f 481/619/481 1830/2516/1830 1195/1565/1195
f 2170/3089/2170 625/820/625 622/814/622
f 2172/3097/2172 2343/3424/2343 2538/4015/2538
f 2172/3098/2172 2538/3904/2538 1359/1793/1359
f 2518/3848/2518 2154/3976/2154 2044/2857/2044
f 2518/3848/2518 2044/2857/2044 2043/2858/2043
f 2431/3621/2431 1327/1746/1327 2487/3757/2487
f 2240/4022/2240 1087/4281/1087 1856/4023/1856
f 1021/3763/1021 1018/4203/1018 2488/3764/2488
f 2572/4026/2572 48/64/48 2123/4107/2123
f 2194/3129/2194 1728/2354/1728 326/3533/326
f 2194/3129/2194 1781/2438/1781 1281/1677/1281
f 852/4000/852 1784/2442/1784 2585/4074/2585
f 1118/1465/1118 1119/1464/1119 1300/4269/1300
f 357/449/357 354/442/354 2616/4246/2616
f 357/449/357 2616/4246/2616 1122/1473/1122
f 2548/3946/2548 1791/2453/1791 1750/2390/1750
f 1808/2471/1808 2493/3774/2493 1809/2472/1809
f 1808/2473/1808 1807/2469/1807 1846/2537/1846
f 1976/2739/1976 2283/3302/2283 1977/2740/1977
f 699/923/699 2432/3628/2432 1679/2275/1679
f 712/937/712 2208/3155/2208 713/938/713
f 1762/2411/1762 1759/2407/1759 807/1068/807
f 2115/2981/2115 1554/4282/1554 1552/3662/1552
f 2115/2981/2115 737/967/737 1554/4282/1554
f 1820/4283/1820 1420/1889/1420 2441/4140/2441
f 1992/2767/1992 1994/2774/1994 2121/2990/2121
f 2615/4241/2615 121/150/121 1428/4284/1428
f 2615/4239/2615 1428/4285/1428 2446/4240/2446
f 763/1007/763 762/1006/762 1861/2557/1861
f 763/1007/763 961/3916/961 764/1008/764
f 602/794/602 845/1118/845 844/1117/844
f 1400/1866/1400 1402/1865/1402 2018/2808/2018
f 1757/2402/1757 2542/3927/2542 1347/4064/1347
f 1612/2176/1612 1613/2179/1613 1985/2756/1985
f 2270/4286/2270 1999/2781/1999 1998/2780/1998
f 13/16/13 1643/2221/1643 1642/2220/1642
f 2184/3116/2184 2183/3115/2183 2380/3510/2380
f 568/753/568 1713/2323/1713 1520/2050/1520
f 568/753/568 566/751/566 1713/2323/1713
f 2278/3294/2278 2465/4287/2465 2563/4217/2563
f 718/3387/718 2235/4288/2235 2326/3388/2326
f 718/948/718 716/943/716 2235/3205/2235
f 1546/2087/1546 2574/4033/2574 2575/4034/2575
f 1546/2087/1546 1774/4253/1774 2574/4033/2574
f 452/580/452 2308/3343/2308 1682/2278/1682
f 1035/4275/1035 459/591/459 458/590/458
f 1035/4275/1035 458/590/458 2155/3054/2155
f 2252/4280/2252 1893/2613/1893 1654/2612/1654
f 2455/3696/2455 1777/2431/1777 974/1281/974
f 2598/4289/2598 2556/4290/2556 2263/4291/2263
f 2130/3006/2130 187/3005/187 1369/1814/1369
f 1670/2260/1670 1669/2259/1669 365/4154/365
f 1670/2260/1670 365/4154/365 2603/4153/2603
f 635/835/635 1567/2119/1567 215/836/215
f 1489/2003/1489 2557/3971/2557 827/3215/827
f 2405/3562/2405 2406/3780/2406 2592/4112/2592
f 1055/1381/1055 2462/3712/2462 2127/2999/2127
f 900/1186/900 1890/2606/1890 904/1190/904
f 241/291/241 1380/2973/1380 1379/3873/1379
f 146/175/146 2086/2934/2086 2310/3350/2310
f 2482/3746/2482 2571/4292/2571 2483/3747/2483
f 301/4293/301 1479/1982/1479 1717/2334/1717
f 308/379/308 304/372/304 2555/3960/2555
f 314/386/314 2489/3766/2489 1864/2564/1864
f 2578/4050/2578 2613/4214/2613 1538/2076/1538
f 2562/3988/2562 2563/3989/2563 2465/3718/2465
f 2562/3988/2562 2465/3718/2465 1456/1944/1456
f 1283/1679/1283 1729/2355/1729 1284/1680/1284
f 2077/2915/2077 1895/2615/1895 1394/3255/1394
f 1119/1468/1119 1117/1467/1117 1738/2373/1738
f 2565/3991/2565 1746/2386/1746 358/447/358
f 1718/2332/1718 1717/2334/1717 1479/1982/1479
f 1718/2332/1718 1479/1982/1479 869/1144/869
f 2248/3231/2248 1484/1993/1484 1481/1992/1481
f 1455/1942/1455 1885/2600/1885 2314/3357/2314
f 984/3752/984 2485/3753/2485 2277/4020/2277
f 1860/2556/1860 2165/3077/2165 1861/2557/1861
f 2489/3766/2489 2166/3078/2166 2490/3767/2490
f 2056/2883/2056 2030/2833/2030 2031/2832/2031
f 2056/2883/2056 2055/2880/2055 2030/2833/2030
f 1029/1349/1029 1027/4294/1027 657/862/657
f 376/476/376 2400/3551/2400 380/477/380
f 2600/4134/2600 136/165/136 134/163/134
f 2512/4295/2512 2366/4296/2366 1638/2213/1638
f 2512/4295/2512 1638/2213/1638 2513/3836/2513
f 2512/3833/2512 2367/3475/2367 2366/3474/2366
f 1882/4137/1882 2569/4010/2569 417/530/417
f 1882/4137/1882 417/530/417 416/533/416
f 1281/1677/1281 1781/2438/1781 1780/2436/1780
f 1288/3956/1288 2197/3134/2197 1416/4297/1416
f 1288/4298/1288 1416/1881/1416 2580/4299/2580
f 2376/3501/2376 2314/3357/2314 2289/3318/2289
f 2101/4273/2101 643/845/643 2567/4003/2567
f 2101/4300/2101 117/1170/117 886/1167/886
f 2101/4300/2101 886/1167/886 643/3448/643
f 1447/1930/1447 1184/2731/1184 1448/1931/1448
f 917/1207/917 913/1203/913 2112/4039/2112
f 2610/4226/2610 2415/3590/2415 1379/1827/1379
f 2610/4226/2610 596/787/596 2415/3590/2415
f 1215/1589/1215 1987/2759/1987 1216/1591/1216
f 1215/1589/1215 1653/3698/1653 1987/2759/1987
f 1531/2067/1531 945/2663/945 1532/2068/1532
f 2421/4193/2421 2122/3795/2122 1234/2223/1234
f 2561/3987/2561 1176/1540/1176 1241/1622/1241
f 1904/2625/1904 2134/3014/2134 1905/2626/1905
f 381/478/381 378/473/378 1138/1491/1138
f 2314/3357/2314 1885/2600/1885 2289/3318/2289
f 1895/2615/1895 1897/2618/1897 1394/3255/1394
f 26/31/26 2164/4301/2164 2163/3759/2163
f 26/31/26 2582/4071/2582 2164/4301/2164
f 1554/2096/1554 737/4091/737 1411/1876/1411
f 1418/2652/1418 1416/4297/1416 2197/3134/2197
f 2364/4302/2364 2040/4303/2040 2159/4304/2159
f 2364/4305/2364 2159/3061/2159 1756/2401/1756
f 2292/3323/2292 202/3652/202 1965/3651/1965
f 1536/2074/1536 990/4046/990 1537/2075/1537
f 2284/3306/2284 1772/2423/1772 2533/3890/2533
f 2583/4072/2583 233/282/233 232/281/232
f 2219/3173/2219 1505/2027/1505 268/318/268
f 2527/3875/2527 2371/3484/2371 2528/3876/2528
f 742/4266/742 2329/3704/2329 2457/3703/2457
f 753/991/753 1799/2461/1799 1797/2459/1797
f 254/304/254 2528/3877/2528 255/305/255
f 323/398/323 322/397/322 2192/3126/2192
f 343/428/343 341/422/341 1014/1329/1014
f 201/243/201 2377/3504/2377 1745/4219/1745
f 1049/1375/1049 476/613/476 472/612/472
f 2186/3118/2186 1192/1559/1192 1537/2075/1537
f 2366/4296/2366 1640/2216/1640 1638/2213/1638
f 2339/3418/2339 1949/2698/1949 2602/4306/2602
f 2339/3605/2339 2602/4149/2602 2425/3606/2425
f 1090/3434/1090 2347/3433/2347 1091/4307/1091
f 1027/4308/1027 2359/4309/2359 657/4310/657
f 1027/4065/1027 2542/3927/2542 2359/3451/2359
f 1170/1534/1170 2152/3050/2152 2586/4075/2586
f 2306/3341/2306 2452/4248/2452 2307/3342/2307
f 782/1033/782 1714/4191/1714 783/1034/783
f 1332/1751/1332 553/729/553 552/728/552
f 2133/3013/2133 1905/2626/1905 2134/3014/2134
f 648/852/648 1656/2244/1656 1655/2245/1655
f 260/310/260 819/4311/819 2417/3593/2417
f 1949/4312/1949 1947/3246/1947 2602/4254/2602
f 1225/1601/1225 2120/2989/2120 1226/1602/1226
f 2371/3484/2371 255/3485/255 2528/3876/2528
f 818/4313/818 2418/3594/2418 819/4311/819
f 2602/4254/2602 1947/3246/1947 2537/3899/2537
f 2216/3168/2216 297/362/297 1230/1610/1230
f 2193/3127/2193 2192/3128/2192 1934/2672/1934
f 354/442/354 2057/2886/2057 2616/4246/2616
f 1669/2259/1669 366/3821/366 365/4154/365
f 2417/3593/2417 819/4311/819 2418/3594/2418
f 1607/2168/1607 227/274/227 226/273/226
f 1498/2020/1498 1493/2015/1493 2580/4299/2580
f 1498/2020/1498 2580/4299/2580 1416/1881/1416
f 783/4314/783 1714/2324/1714 1713/2323/1713
f 783/4314/783 1713/2323/1713 566/751/566
f 544/716/544 540/705/540 1271/1663/1271
f 304/372/304 2003/2787/2003 2555/3960/2555
f 215/262/215 214/261/214 2601/4139/2601
f 215/836/215 2601/4150/2601 636/837/636
f 2256/3254/2256 2077/2915/2077 1394/3255/1394
f 1004/4054/1004 2284/3306/2284 2533/3890/2533
f 647/4315/647 341/422/341 340/421/340
f 448/575/448 315/389/315 313/385/313
f 448/575/448 313/385/313 1173/1537/1173
f 761/1005/761 760/1004/760 2618/4316/2618
f 760/1004/760 765/1009/765 2618/4316/2618
f 765/1009/765 1432/1910/1432 2618/4316/2618
f 1432/1910/1432 1429/1907/1429 2618/4316/2618
f 1429/1907/1429 761/1005/761 2618/4316/2618
f 1999/2781/1999 2270/4286/2270 2269/4317/2269
f 2271/3915/2271 1997/2777/1997 1996/2776/1996
f 2271/3915/2271 1996/2776/1996 2178/3107/2178
f 2271/3915/2271 2178/3107/2178 1804/2782/1804
f 2271/3915/2271 1804/2782/1804 1999/2781/1999
f 2271/3915/2271 1999/2781/1999 2269/4317/2269
f 1127/4318/1127 1123/1477/1123 2619/4319/2619
f 1123/1477/1123 1126/1479/1126 2619/4319/2619
f 1126/1479/1126 2581/4060/2581 2619/4319/2619
f 2581/4060/2581 1449/1935/1449 2619/4319/2619
f 1449/1935/1449 1446/1934/1446 2619/4319/2619
f 1446/1934/1446 2318/4320/2318 2619/4319/2619
f 2318/3374/2318 2396/3541/2396 2619/4321/2619
f 2396/3541/2396 1127/1480/1127 2619/4321/2619
f 1819/4322/1819 2210/4323/2210 2209/4324/2209
f 866/1141/866 865/1140/865 1819/4325/1819
f 1819/4322/1819 2209/4324/2209 2620/4326/2620
f 2209/3156/2209 866/1141/866 2620/4327/2620
f 866/1141/866 1819/4325/1819 2620/4327/2620
f 813/4328/813 810/4329/810 2621/4330/2621
f 810/4329/810 812/3396/812 2621/4330/2621
f 812/3396/812 1038/1360/1038 2621/4330/2621
f 1038/1360/1038 1037/1359/1037 2621/4330/2621
f 1037/1359/1037 1876/2582/1876 2621/4330/2621
f 1876/2582/1876 2367/3475/2367 2621/4330/2621
f 2367/3475/2367 2427/3611/2427 2621/4330/2621
f 2427/3611/2427 2426/3610/2426 2621/4330/2621
f 2426/3610/2426 813/4328/813 2621/4330/2621
f 589/4331/589 104/131/104 101/128/101
f 590/4332/590 588/4333/588 589/4334/589
f 589/4331/589 101/128/101 2622/4335/2622
f 101/128/101 103/130/103 2622/4335/2622
f 103/1958/103 590/780/590 2622/4336/2622
f 590/4332/590 589/4334/589 2622/4337/2622
f 2220/3175/2220 2217/3174/2217 2623/4338/2623
f 2217/3174/2217 2219/4339/2219 2623/4338/2623
f 2219/4339/2219 268/4340/268 2623/4338/2623
f 268/318/268 266/316/266 2623/4341/2623
f 266/4342/266 2571/4292/2571 2623/4338/2623
f 2571/4292/2571 2482/3746/2482 2623/4338/2623
f 2482/3746/2482 2481/3745/2481 2623/4338/2623
f 2481/3745/2481 2480/3744/2480 2623/4338/2623
f 2480/3744/2480 2220/3175/2220 2623/4338/2623
f 800/4156/800 2575/4034/2575 1979/2747/1979
f 1979/2900/1979 2066/2899/2066 2624/4343/2624
f 2066/2899/2066 2067/2901/2067 2624/4343/2624
f 2067/2901/2067 2068/2904/2068 2624/4343/2624
f 2068/2904/2068 800/4344/800 2624/4343/2624
f 800/4344/800 1979/2900/1979 2624/4343/2624
f 2468/3723/2468 1988/2760/1988 2605/4274/2605
f 509/664/509 511/666/511 1819/4345/1819
f 2468/3723/2468 2605/4274/2605 510/4346/510
f 1990/2763/1990 2468/3723/2468 510/4346/510
f 1819/4347/1819 1818/2499/1818 1821/2501/1821
f 510/665/510 509/664/509 2625/4348/2625
f 509/664/509 1819/4345/1819 2625/4348/2625
f 1819/4347/1819 1821/2501/1821 2625/4349/2625
f 1821/2501/1821 1990/2765/1990 2625/4349/2625
f 1990/4350/1990 510/665/510 2625/4348/2625
f 1803/2465/1803 1802/2464/1802 2256/3256/2256
f 1804/2466/1804 1803/2465/1803 2256/3256/2256
f 2000/4351/2000 1804/2466/1804 2256/3256/2256
f 2000/4351/2000 2256/3256/2256 2626/4352/2626
f 2256/3256/2256 2179/3108/2179 2626/4352/2626
f 2179/3108/2179 2000/4351/2000 2626/4352/2626
f 519/674/519 518/673/518 2627/4353/2627
f 518/677/518 522/679/522 2627/4354/2627
f 522/679/522 1671/2261/1671 2627/4354/2627
f 1671/2261/1671 1673/2263/1673 2627/4354/2627
f 1673/4355/1673 2106/4356/2106 2627/4357/2627
f 2106/4356/2106 2105/4358/2105 2627/4357/2627
f 2105/2971/2105 2107/2972/2107 2627/4353/2627
f 2107/2972/2107 1796/2458/1796 2627/4353/2627
f 1796/2458/1796 1405/1870/1405 2627/4353/2627
f 1405/1870/1405 519/674/519 2627/4353/2627
f 157/195/157 161/197/161 2441/3668/2441
f 2593/4113/2593 2553/3953/2553 2372/3486/2372
f 2593/4113/2593 2372/3486/2372 160/194/160
f 2593/4113/2593 160/194/160 157/191/157
f 2593/4113/2593 157/191/157 2441/4140/2441
f 295/360/295 297/362/297 2215/3165/2215
f 299/364/299 295/360/295 2215/3165/2215
f 299/364/299 2215/3165/2215 1801/3167/1801
f 2420/3597/2420 1595/2156/1595 1594/2155/1594
f 2420/3597/2420 1594/2155/1594 1598/2159/1598
f 299/364/299 1801/3167/1801 2628/4359/2628
f 1801/3167/1801 2420/3597/2420 2628/4359/2628
f 2420/3597/2420 1598/2159/1598 2628/4359/2628
f 1598/2159/1598 2594/4360/2594 2628/4359/2628
f 2594/4360/2594 299/364/299 2628/4359/2628
f 1013/4361/1013 1012/4362/1012 2629/4363/2629
f 1012/4362/1012 1015/4364/1015 2629/4363/2629
f 1015/1695/1015 340/1694/340 2629/4365/2629
f 340/1694/340 338/4366/338 2629/4365/2629
f 338/418/338 343/427/343 2629/4367/2629
f 343/4368/343 2198/4369/2198 2629/4363/2629
f 2198/4369/2198 1013/4361/1013 2629/4363/2629
f 258/308/258 257/307/257 2630/4370/2630
f 257/307/257 610/802/610 2630/4370/2630
f 610/802/610 2418/3594/2418 2630/4370/2630
f 2418/3594/2418 818/4313/818 2630/4370/2630
f 818/1079/818 815/1076/815 2630/4371/2630
f 815/1076/815 817/1078/817 2630/4371/2630
f 817/1078/817 1323/1742/1323 2630/4371/2630
f 1323/1742/1323 1383/1837/1383 2630/4371/2630
f 1383/4372/1383 1382/1839/1382 2630/4370/2630
f 1382/1839/1382 258/308/258 2630/4370/2630
f 2383/3865/2383 553/729/553 1330/1749/1330
f 301/367/301 300/369/300 2384/3863/2384
f 2381/3511/2381 2383/3513/2383 1330/4373/1330
f 2384/3514/2384 2381/3511/2381 2631/4374/2631
f 2381/3511/2381 1330/4373/1330 2631/4374/2631
f 1330/3760/1330 301/367/301 2631/4375/2631
f 301/367/301 2384/3863/2384 2631/4375/2631
f 1543/2082/1543 1539/2081/1539 2632/4376/2632
f 1539/2081/1539 1544/2085/1544 2632/4376/2632
f 1544/2085/1544 2113/2979/2113 2632/4376/2632
f 2113/2979/2113 1543/2082/1543 2632/4376/2632
f 2529/4102/2529 110/139/110 101/128/101
f 2393/3529/2393 108/137/108 2529/3880/2529
f 2529/4102/2529 101/128/101 2633/4377/2633
f 101/128/101 109/4378/109 2633/4377/2633
f 109/4378/109 2392/4379/2392 2633/4377/2633
f 2392/4379/2392 2393/4380/2393 2633/4377/2633
f 2393/4380/2393 2529/4102/2529 2633/4377/2633
f 1002/1311/1002 1001/1310/1001 2634/4381/2634
f 1001/1310/1001 1004/1313/1004 2634/4381/2634
f 1004/1313/1004 1817/4382/1817 2634/4381/2634
f 1817/4382/1817 1002/1311/1002 2634/4381/2634
f 1698/2298/1698 1694/2293/1694 1697/2297/1697
f 1698/4383/1698 1697/4384/1697 2635/4385/2635
f 1697/4384/1697 1696/4386/1696 2635/4385/2635
f 1696/3620/1696 1698/2298/1698 2635/4387/2635
f 1228/4388/1228 296/4389/296 645/2991/645
f 1228/4388/1228 645/2991/645 1230/1610/1230
f 1229/1608/1229 1927/2665/1927 1928/2666/1928
f 298/4390/298 1228/4388/1228 1230/1610/1230
f 1229/1608/1229 1928/2666/1928 298/3792/298
f 298/4390/298 1230/1610/1230 1229/1611/1229
