# www.meshy.ai
mtllib Meshy_AI_The_Unyielding_Matron_0915201444_texture.mtl
o Meshy_AI_The_Unyielding_Matron_0915201444_texture
v -0.080566 -0.490234 -0.043457
v -0.086914 -0.490234 -0.019531
v -0.086914 -0.478516 -0.019897
v -0.074707 -0.470703 -0.042480
v -0.072754 -0.486328 -0.052490
v -0.072754 -0.496094 -0.050049
v -0.077148 -0.498047 -0.040039
v 0.011658 0.296875 0.031128
v 0.026855 0.306641 0.020752
v 0.010132 0.310547 0.025269
v -0.000114 0.306641 0.026611
v 0.000183 0.292969 0.028198
v 0.015503 0.281250 0.037109
v 0.031494 0.291016 0.031128
v 0.273438 -0.020264 0.029907
v 0.277344 -0.020996 0.028564
v 0.273438 -0.026611 0.031494
v 0.273438 -0.011902 0.028687
v 0.277344 -0.013611 0.026123
v 0.275391 -0.019287 0.035156
v 0.275391 -0.011353 0.033936
v -0.018921 0.402344 0.058594
v -0.022095 0.406250 0.057861
v -0.024536 0.402344 0.055908
v -0.020386 0.396484 0.058594
v -0.018433 0.406250 0.060059
v -0.013184 0.396484 0.061279
v -0.013672 0.402344 0.060303
v -0.074219 0.116211 0.022095
v -0.069824 0.118164 0.001068
v -0.078613 0.095215 0.022827
v -0.071289 0.136719 0.022949
v -0.065918 0.099121 0.043701
v -0.062012 0.128906 0.043213
v 0.039062 0.433594 -0.029541
v 0.035645 0.419922 -0.031494
v 0.032227 0.427734 -0.035400
v 0.043701 0.425781 -0.020996
v 0.047852 0.437500 -0.021606
v 0.042725 0.445312 -0.024048
v 0.038086 0.439453 -0.036865
v 0.056396 -0.384766 0.078613
v 0.102539 -0.382812 0.085449
v 0.085449 -0.312500 0.082031
v 0.099609 -0.384766 0.079590
v 0.027100 -0.386719 0.091309
v 0.055664 -0.384766 0.070801
v 0.053711 -0.310547 0.075684
v 0.027954 -0.384766 0.102539
v 0.081543 -0.386719 0.075195
v -0.064453 0.318359 -0.013855
v -0.053223 0.314453 0.002808
v -0.054932 0.324219 -0.012695
v -0.062500 0.310547 0.002258
v -0.062988 0.318359 -0.029175
v -0.250000 -0.004608 0.074219
v -0.250000 0.002350 0.066895
v -0.250000 -0.006714 0.070312
v -0.250000 0.003998 0.071777
v -0.249023 -0.012512 0.077148
v -0.248047 -0.012085 0.079590
v -0.245117 -0.004211 0.076172
v 0.037598 0.408203 0.019043
v 0.038574 0.414062 0.011902
v 0.042236 0.416016 0.018677
v 0.040771 0.402344 0.025635
v 0.036865 0.402344 0.022949
v 0.113281 -0.496094 0.060059
v 0.112305 -0.500000 0.058838
v 0.113281 -0.500000 0.050293
v 0.114258 -0.494141 0.049805
v 0.109375 -0.490234 0.049072
v 0.107910 -0.492188 0.060791
v 0.112793 -0.498047 0.065430
v -0.000374 0.306641 -0.051758
v -0.020996 0.308594 -0.050537
v -0.000488 0.217773 -0.013794
v 0.022095 0.308594 -0.049561
v -0.000572 0.291016 -0.055664
v -0.022095 0.291016 -0.055420
v -0.076660 -0.206055 -0.029785
v -0.087402 -0.211914 -0.013306
v -0.088379 -0.158203 -0.008789
v -0.053223 -0.208984 -0.034668
v -0.081055 -0.243164 -0.050049
v -0.097656 -0.244141 -0.027466
v -0.069824 -0.159180 -0.030640
v 0.007568 0.380859 0.061523
v 0.007874 0.384766 0.061523
v 0.003876 0.384766 0.063965
v 0.010315 0.378906 0.058105
v 0.011902 0.380859 0.057617
v 0.003387 0.380859 0.063477
v 0.006714 0.378906 0.060791
v 0.048584 0.222656 -0.056152
v 0.056396 0.253906 -0.057861
v 0.064453 0.219727 -0.048340
v 0.029663 0.223633 -0.059326
v 0.027710 0.250000 -0.060791
v 0.029541 0.197266 -0.056396
v 0.056152 0.195312 -0.046875
v -0.045654 0.451172 0.035156
v -0.042480 0.453125 0.048096
v -0.037598 0.464844 0.043457
v -0.048828 0.453125 0.026245
v -0.048584 0.439453 0.031982
v -0.042480 0.445312 0.042969
v -0.046143 0.464844 0.034912
v -0.249023 0.077148 0.024048
v -0.251953 0.072266 0.012207
v -0.257812 0.061768 0.018799
v -0.255859 0.067383 0.031250
v -0.242188 0.076172 0.034668
v -0.225586 0.103516 0.020630
v -0.231445 0.104492 0.007202
v 0.006683 0.455078 0.069336
v -0.000664 0.455078 0.071289
v 0.005920 0.449219 0.066895
v 0.009460 0.449219 0.063965
v 0.011963 0.455078 0.066406
v -0.001045 0.464844 0.070801
v 0.009766 0.466797 0.069336
v 0.104492 -0.097168 -0.039307
v 0.098633 -0.030396 -0.034424
v 0.121582 -0.097168 -0.025635
v 0.105957 -0.166992 -0.040771
v 0.092773 -0.098145 -0.065918
v 0.083008 -0.029907 -0.063965
v 0.126953 -0.166992 -0.029297
v -0.008240 0.384766 0.061523
v -0.011719 0.384766 0.057861
v -0.011475 0.382812 0.058594
v -0.007874 0.380859 0.061523
v -0.004120 0.384766 0.063477
v 0.000061 -0.384766 0.076172
v -0.000984 -0.312500 0.060791
v 0.024658 -0.310547 0.076660
v -0.000984 -0.384766 0.088867
v -0.028564 -0.384766 0.092773
v 0.118164 0.289062 -0.017456
v 0.101562 0.296875 0.002075
v 0.111328 0.285156 0.003769
v 0.130859 0.263672 -0.018921
v 0.100098 0.300781 -0.038086
v 0.106934 0.304688 -0.017212
v 0.112793 0.281250 -0.037842
v 0.248047 0.017822 0.046875
v 0.250000 0.027100 0.031982
v 0.263672 0.014832 0.038818
v 0.261719 0.015747 0.050049
v 0.245117 0.015381 0.053223
v 0.238281 0.027344 0.044434
v 0.239258 0.019653 0.052734
v -0.026123 0.410156 -0.038574
v -0.035889 0.417969 -0.035400
v -0.031494 0.427734 -0.039551
v -0.020996 0.427734 -0.046143
v -0.030273 0.404297 -0.026978
v -0.015991 0.417969 -0.047119
v -0.022339 0.408203 -0.037354
v -0.136719 -0.242188 0.027222
v -0.129883 -0.166992 0.026489
v -0.127930 -0.242188 -0.005676
v -0.143555 -0.312500 0.027832
v -0.109863 -0.310547 0.042725
v -0.131836 -0.310547 -0.004761
v -0.104492 -0.243164 0.043701
v 0.013489 0.357422 -0.078125
v 0.018555 0.347656 -0.067383
v 0.003143 0.345703 -0.073242
v 0.021606 0.375000 -0.075195
v 0.025391 0.361328 -0.070312
v -0.002655 0.357422 -0.081543
v 0.007751 0.373047 -0.081543
v 0.281250 0.004822 0.058105
v 0.275391 0.000408 0.057617
v 0.281250 0.004242 0.055176
v 0.281250 -0.007172 0.062988
v 0.281250 0.012573 0.051025
v 0.281250 0.010315 0.061279
v 0.281250 -0.005219 0.067383
v 0.279297 0.006683 0.062256
v -0.027100 0.476562 -0.009094
v -0.035400 0.470703 0.003250
v -0.025391 0.480469 0.003937
v -0.021973 0.476562 -0.011536
v -0.029297 0.468750 -0.020996
v -0.036865 0.466797 -0.007935
v -0.163086 0.122070 -0.032471
v -0.158203 0.122559 -0.016602
v -0.168945 0.124023 -0.021851
v -0.162109 0.139648 -0.049072
v -0.154297 0.130859 -0.036377
v -0.174805 0.125000 -0.032471
v -0.171875 0.125977 -0.044434
v 0.026001 0.412109 0.053955
v 0.028320 0.414062 0.051514
v 0.027588 0.416016 0.054932
v 0.024292 0.412109 0.055664
v 0.027954 0.410156 0.052246
v 0.025024 0.414062 0.056885
v 0.051025 -0.488281 -0.011536
v 0.050781 -0.498047 -0.032471
v 0.056152 -0.498047 -0.011169
v 0.061523 -0.488281 0.011536
v 0.052246 -0.474609 -0.010742
v 0.047119 -0.486328 -0.032471
v 0.066895 -0.496094 0.009033
v -0.065918 0.241211 0.058594
v -0.073730 0.217773 0.066895
v -0.051514 0.236328 0.071289
v -0.042725 0.250000 0.055420
v -0.056396 0.253906 0.046387
v -0.075684 0.244141 0.040527
v -0.084961 0.221680 0.044434
v -0.283203 -0.014832 0.052490
v -0.277344 -0.026855 0.058594
v -0.283203 -0.026855 0.057129
v -0.285156 -0.025513 0.060791
v -0.285156 -0.012878 0.056641
v -0.283203 -0.012390 0.051758
v -0.277344 -0.013916 0.052246
v -0.285156 -0.011230 0.055908
v 0.007812 0.402344 -0.039062
v 0.008240 0.412109 -0.046387
v 0.016602 0.402344 -0.041260
v 0.008789 0.392578 -0.027710
v 0.000404 0.390625 -0.031128
v 0.001785 0.402344 -0.042725
v 0.094238 -0.500000 0.086914
v 0.092773 -0.498047 0.079590
v 0.096191 -0.498047 0.083984
v 0.095703 -0.498047 0.089355
v 0.093262 -0.496094 0.089844
v 0.091797 -0.498047 0.086914
v -0.025879 0.304688 0.020874
v -0.010681 0.310547 0.023682
v -0.022705 0.320312 0.014648
v -0.031250 0.291016 0.031128
v -0.012329 0.296875 0.030640
v -0.041504 0.302734 0.014893
v -0.033691 -0.310547 -0.089355
v -0.000343 -0.239258 -0.050537
v -0.028809 -0.237305 -0.056641
v -0.054199 -0.237305 -0.061035
v -0.052734 -0.384766 -0.097168
v -0.034180 -0.384766 -0.090332
v -0.066895 -0.310547 -0.074219
v -0.002808 -0.312500 -0.063477
v 0.034424 0.384766 0.026611
v 0.035889 0.392578 0.016846
v 0.036621 0.394531 0.025269
v 0.029175 0.375000 0.029907
v 0.030029 0.376953 0.016357
v 0.033691 0.384766 0.016602
v 0.034912 0.390625 0.036621
v 0.031982 0.384766 0.038086
v 0.138672 0.145508 -0.019287
v 0.133789 0.156250 -0.021606
v 0.142578 0.147461 -0.036377
v 0.154297 0.130859 -0.036133
v 0.151367 0.127930 -0.017700
v 0.144531 0.153320 -0.004211
v -0.021484 0.416016 0.060791
v -0.021240 0.414062 0.060547
v -0.018188 0.416016 0.062988
v -0.023315 0.417969 0.061768
v -0.023804 0.416016 0.059082
v -0.022949 0.412109 0.058838
v -0.019043 0.416016 0.064941
v -0.081055 -0.427734 -0.023560
v -0.072266 -0.386719 -0.042236
v -0.074219 -0.431641 -0.033203
v -0.085938 -0.451172 -0.023926
v -0.080566 -0.425781 -0.010498
v -0.078613 -0.384766 -0.016602
v -0.081543 -0.386719 -0.029785
v 0.007355 0.371094 0.058594
v 0.011047 0.373047 0.052979
v 0.006989 0.375000 0.059082
v 0.003571 0.371094 0.060547
v 0.273438 0.009155 0.020508
v 0.269531 0.001801 0.023438
v 0.265625 0.009399 0.022583
v 0.265625 0.025146 0.017334
v 0.277344 0.011292 0.025269
v 0.275391 0.004425 0.022095
v -0.008911 0.414062 0.057373
v -0.010620 0.416016 0.059814
v -0.011597 0.412109 0.060059
v -0.013367 0.417969 0.056885
v -0.013977 0.417969 0.059326
v -0.008484 0.412109 0.057129
v -0.058350 0.197266 0.078125
v -0.075195 0.200195 0.061768
v -0.069824 0.183594 0.052002
v -0.056152 0.215820 0.080566
v -0.028564 0.215820 0.085938
v -0.051514 0.181641 0.072266
v -0.028076 0.198242 0.085938
v 0.040283 0.480469 0.014526
v 0.041504 0.482422 0.003616
v 0.032715 0.492188 0.004822
v 0.034424 0.490234 0.018188
v 0.041748 0.476562 0.025391
v 0.046875 0.462891 0.019531
v 0.049561 0.468750 0.007629
v 0.032471 -0.169922 0.032959
v 0.016846 -0.171875 0.016479
v 0.039795 -0.208008 0.025269
v 0.058350 -0.166016 0.038330
v -0.035889 0.367188 -0.042969
v -0.029419 0.371094 -0.032227
v -0.032959 0.382812 -0.040527
v -0.036377 0.380859 -0.051270
v -0.030518 0.351562 -0.047607
v -0.027588 0.355469 -0.035645
v -0.036865 0.365234 -0.054688
v -0.283203 -0.025024 0.064453
v -0.283203 -0.027832 0.064941
v -0.277344 -0.024902 0.063965
v -0.285156 -0.027954 0.062256
v -0.283203 -0.011719 0.060547
v 0.008972 0.388672 -0.018188
v 0.018066 0.392578 -0.030396
v 0.020508 0.390625 -0.025146
v 0.000000 0.390625 -0.020020
v 0.018555 0.386719 -0.013367
v 0.187500 0.170898 0.001602
v 0.201172 0.161133 -0.019653
v 0.190430 0.170898 -0.021240
v 0.163086 0.174805 0.003555
v 0.180664 0.155273 0.009338
v 0.196289 0.160156 0.001907
v 0.172852 0.184570 -0.004181
v -0.016846 0.466797 -0.041260
v -0.021606 0.476562 -0.032471
v -0.012573 0.482422 -0.038818
v -0.007935 0.457031 -0.054688
v -0.023438 0.453125 -0.047607
v -0.026489 0.462891 -0.042236
v -0.009399 0.470703 -0.047607
v -0.061035 0.140625 -0.017944
v -0.076172 0.164062 -0.004272
v -0.065918 0.164062 -0.026611
v -0.049561 0.166016 -0.041992
v -0.047852 0.141602 -0.031494
v -0.070312 0.139648 0.002472
v -0.047852 0.120117 -0.028198
v -0.062500 0.119141 -0.018311
v 0.027832 0.417969 0.059082
v 0.025391 0.421875 0.063965
v 0.023315 0.417969 0.062988
v 0.024780 0.416016 0.058594
v 0.030396 0.419922 0.053223
v 0.029053 0.423828 0.058350
v 0.060059 -0.388672 -0.046387
v 0.054199 -0.388672 -0.038818
v 0.039307 -0.335938 -0.052246
v 0.082520 -0.335938 -0.056641
v 0.071777 -0.388672 -0.041992
v 0.062012 -0.431641 -0.037598
v 0.071777 -0.429688 -0.035156
v 0.057129 -0.335938 -0.064453
v -0.011597 0.375000 0.054443
v -0.011841 0.373047 0.053223
v -0.008545 0.371094 0.057861
v -0.006989 0.375000 0.059814
v -0.011292 0.378906 0.053955
v -0.013245 0.380859 0.043701
v -0.013916 0.376953 0.043457
v -0.198242 0.152344 -0.019897
v -0.216797 0.123047 -0.021606
v -0.214844 0.127930 -0.006561
v -0.194336 0.152344 -0.003052
v -0.201172 0.162109 -0.020386
v -0.198242 0.147461 -0.035156
v 0.013489 0.449219 0.062256
v 0.016846 0.447266 0.060303
v 0.016968 0.458984 0.069336
v 0.277344 -0.041016 0.048340
v 0.275391 -0.035156 0.047119
v 0.281250 -0.033936 0.044678
v 0.279297 -0.041016 0.048340
v 0.275391 -0.041260 0.050537
v -0.002411 0.390625 0.073730
v -0.001534 0.390625 0.068848
v -0.000298 0.388672 0.068848
v -0.000435 0.388672 0.074707
v -0.002136 0.392578 0.077148
v -0.003082 0.392578 0.073730
v -0.002136 0.392578 0.069824
v -0.092285 -0.500000 0.054443
v -0.098633 -0.500000 0.024780
v -0.074707 -0.500000 0.053223
v -0.097168 -0.498047 0.055908
v -0.108398 -0.500000 0.047607
v -0.091309 -0.500000 0.066895
v -0.084473 -0.500000 0.068359
v 0.073242 0.251953 -0.051514
v 0.039795 0.275391 -0.058594
v 0.055420 0.285156 -0.055420
v 0.030396 0.038086 0.069336
v -0.000031 0.065430 0.071777
v -0.000092 0.036865 0.072754
v 0.035400 0.007080 0.071777
v 0.026611 0.067383 0.067871
v 0.064941 0.008545 0.062988
v 0.054199 0.039062 0.058594
v 0.051025 0.069336 0.054932
v -0.046143 0.416016 0.007996
v -0.044434 0.416016 0.009155
v -0.046631 0.417969 0.004028
v -0.048340 0.416016 0.002319
v -0.046387 0.410156 0.003281
v -0.044434 0.412109 0.011230
v -0.043945 0.412109 0.012695
v -0.279297 0.005798 0.057861
v -0.279297 -0.007721 0.062988
v -0.279297 -0.005249 0.067383
v -0.279297 0.004608 0.055420
v -0.273438 0.000462 0.057861
v -0.277344 0.007782 0.062256
v -0.277344 0.013428 0.057373
v -0.000435 0.490234 0.007111
v -0.000404 0.482422 -0.011780
v -0.014221 0.486328 0.006470
v -0.013733 0.486328 0.023804
v -0.000038 0.488281 0.024536
v 0.013306 0.484375 0.024170
v 0.013550 0.486328 0.006195
v 0.135742 -0.242188 0.027344
v 0.127930 -0.242188 -0.005341
v 0.129883 -0.166992 0.026855
v 0.104980 -0.241211 0.043701
v 0.109863 -0.310547 0.043701
v 0.143555 -0.312500 0.028076
v 0.130859 -0.310547 -0.004486
v -0.025635 0.343750 -0.056152
v -0.021484 0.347656 -0.070312
v -0.015015 0.339844 -0.064453
v -0.031006 0.355469 -0.062256
v -0.020264 0.341797 -0.043457
v -0.015381 0.337891 -0.050293
v -0.052979 -0.476562 -0.010620
v -0.050049 -0.458984 -0.018311
v -0.062500 -0.458984 0.004089
v -0.061523 -0.476562 0.015747
v -0.062500 -0.488281 0.011047
v -0.051758 -0.468750 -0.031982
v -0.047363 -0.486328 -0.032959
v -0.051758 -0.488281 -0.011353
v 0.050049 0.236328 0.071289
v 0.055420 0.215820 0.080078
v 0.071777 0.219727 0.066895
v 0.064941 0.240234 0.059570
v 0.041260 0.250000 0.056885
v 0.027222 0.214844 0.085938
v 0.020508 0.245117 0.064941
v 0.025391 0.231445 0.078125
v 0.073730 0.070801 -0.040527
v 0.083984 0.068848 -0.018066
v 0.089844 0.038818 -0.023071
v 0.070312 0.094727 -0.025757
v 0.060303 0.044434 -0.062988
v 0.056396 0.069824 -0.052979
v 0.075684 0.043457 -0.052002
v -0.028198 0.410156 0.053223
v -0.024414 0.408203 0.056152
v -0.025269 0.412109 0.054932
v -0.031250 0.410156 0.050049
v -0.029053 0.400391 0.053711
v -0.028076 0.414062 0.052734
v -0.096191 -0.098633 -0.064941
v -0.104980 -0.097656 -0.038818
v -0.103516 -0.030273 -0.027588
v -0.086426 -0.030029 -0.056152
v -0.062500 -0.099121 -0.072266
v -0.066406 -0.167969 -0.078125
v -0.099609 -0.167969 -0.070801
v -0.106445 -0.168945 -0.042236
v 0.010437 0.382812 0.056152
v 0.006012 0.386719 0.058838
v 0.012451 0.386719 0.048584
v 0.013062 0.380859 0.053467
v 0.011658 0.380859 0.056885
v 0.008484 0.380859 0.060303
v 0.259766 0.062256 0.018066
v 0.249023 0.077148 0.023804
v 0.255859 0.067383 0.030640
v 0.253906 0.054932 0.011230
v 0.246094 0.063965 0.004700
v 0.251953 0.072754 0.011719
v 0.263672 0.048584 0.021851
v -0.007996 0.457031 0.068848
v -0.001045 0.449219 0.068359
v -0.007355 0.449219 0.066406
v -0.163086 0.132812 0.000782
v -0.167969 0.125000 -0.010254
v -0.151367 0.128906 -0.017822
v -0.146484 0.153320 -0.003906
v -0.172852 0.142578 0.008240
v -0.173828 0.128906 -0.000053
v 0.024658 0.427734 -0.044189
v 0.030273 0.437500 -0.041016
v 0.018188 0.414062 -0.045654
v 0.016602 0.427734 -0.048828
v 0.025879 0.414062 -0.035400
v 0.077637 -0.486328 0.073730
v 0.084961 -0.490234 0.071777
v 0.073242 -0.482422 0.061523
v 0.072266 -0.488281 0.073730
v 0.074707 -0.492188 0.085938
v 0.080078 -0.490234 0.084473
v -0.078125 0.318359 -0.016357
v -0.062500 0.322266 -0.028809
v -0.074219 0.318359 -0.030762
v -0.093750 0.312500 -0.017578
v -0.089355 0.306641 -0.000471
v -0.075195 0.312500 -0.000755
v -0.063965 0.322266 -0.015564
v -0.115723 -0.382812 0.043701
v -0.102051 -0.312500 0.071777
v -0.144531 -0.384766 0.024170
v -0.109863 -0.384766 0.038818
v -0.101562 -0.386719 0.079102
v -0.104004 -0.384766 0.085449
v -0.153320 -0.384766 0.026733
v 0.012451 0.349609 -0.029785
v -0.000023 0.347656 -0.029053
v 0.007599 0.339844 -0.038574
v 0.026733 0.357422 -0.034912
v 0.019531 0.367188 -0.026489
v 0.005157 0.363281 -0.023071
v 0.020508 0.343750 -0.040771
v 0.271484 0.003204 0.062988
v 0.277344 -0.010742 0.063965
v 0.267578 0.008179 0.061523
v 0.267578 0.005280 0.059082
v 0.277344 -0.005188 0.070312
v 0.275391 0.007294 0.065430
v 0.273438 -0.008362 0.068848
v -0.041016 0.419922 0.023438
v -0.039795 0.429688 0.031738
v -0.042725 0.431641 0.020386
v -0.042725 0.416016 0.010742
v -0.041016 0.412109 0.015869
v -0.039551 0.414062 0.030151
v -0.029785 0.222656 -0.059082
v -0.000412 0.222656 -0.055908
v -0.000122 0.198242 -0.052490
v -0.052002 0.223633 -0.054443
v -0.052490 0.253906 -0.057129
v -0.026001 0.250000 -0.060303
v -0.056885 0.197266 -0.046875
v -0.029419 0.198242 -0.056152
v 0.046143 0.458984 0.028198
v 0.039551 0.468750 0.035645
v 0.044189 0.449219 0.042480
v 0.047363 0.447266 0.033203
v 0.041748 0.458984 0.036133
v 0.048096 0.449219 0.020874
v 0.092285 0.009888 -0.030029
v 0.114258 -0.027832 -0.011230
v 0.074707 0.012512 -0.062500
v -0.013733 0.384766 0.053711
v -0.013184 0.386719 0.052979
v -0.273438 -0.010803 0.034180
v -0.271484 -0.019165 0.030396
v -0.271484 -0.011108 0.029907
v -0.273438 -0.005035 0.033691
v -0.277344 -0.009277 0.033203
v -0.273438 -0.019287 0.035645
v -0.277344 -0.012146 0.032959
v 0.015381 0.410156 0.061035
v 0.018677 0.410156 0.060791
v 0.017090 0.414062 0.056152
v 0.011475 0.410156 0.060547
v 0.013000 0.408203 0.061035
v 0.016479 0.408203 0.061035
v 0.118652 -0.384766 -0.051270
v 0.136719 -0.310547 -0.034912
v 0.149414 -0.382812 -0.033447
v 0.113281 -0.384766 -0.048340
v 0.104980 -0.384766 -0.081543
v 0.111816 -0.382812 -0.088867
v 0.107910 -0.310547 -0.085449
v 0.114258 -0.310547 -0.048340
v 0.139648 -0.384766 -0.030640
v -0.000412 0.355469 0.049561
v -0.006989 0.357422 0.048828
v -0.000534 0.357422 0.036377
v 0.006500 0.357422 0.048828
v 0.006104 0.357422 0.058838
v -0.006683 0.357422 0.058350
v -0.000748 0.357422 0.059082
v -0.094727 -0.242188 0.077148
v -0.097656 -0.310547 0.081055
v -0.089355 -0.168945 0.073730
v -0.099609 -0.167969 0.042725
v -0.054932 -0.312500 0.076660
v -0.049805 -0.243164 0.073242
v 0.037354 0.392578 0.013428
v 0.036865 0.398438 0.015320
v 0.034668 0.392578 0.013123
v 0.063477 0.175781 0.042236
v 0.068359 0.183594 0.052734
v 0.044678 0.172852 0.056885
v 0.063965 0.159180 0.041260
v 0.073730 0.161133 0.018799
v 0.079102 0.182617 0.017334
v 0.081055 0.188477 0.032715
v -0.051758 0.443359 -0.013245
v -0.051270 0.455078 -0.003311
v -0.048340 0.457031 -0.013428
v -0.051514 0.433594 -0.009155
v -0.054199 0.443359 0.001770
v -0.044189 0.447266 -0.022095
v -0.048584 0.435547 -0.024170
v -0.277344 -0.032715 0.044922
v -0.275391 -0.029053 0.045410
v -0.273438 -0.035400 0.048096
v -0.275391 -0.040527 0.048828
v -0.279297 -0.041016 0.049072
v -0.281250 -0.031494 0.047607
v -0.279297 -0.030029 0.043945
v -0.000458 0.386719 0.067871
v -0.000343 0.380859 0.069336
v 0.002045 0.380859 0.069336
v -0.001488 0.386719 0.067871
v 0.001740 0.386719 0.067871
v -0.002228 0.380859 0.068848
v 0.156250 0.163086 -0.052246
v 0.148438 0.176758 -0.054932
v 0.165039 0.178711 -0.052490
v 0.182617 0.158203 -0.050781
v 0.141602 0.166992 -0.052490
v 0.149414 0.155273 -0.048340
v 0.171875 0.146484 -0.053955
v -0.017822 0.417969 0.059082
v -0.015625 0.416016 0.061523
v -0.020874 0.416016 0.058594
v -0.017334 0.416016 0.061279
v -0.018311 0.419922 0.056885
v -0.064941 0.008545 0.062988
v -0.055176 0.039551 0.057861
v -0.083984 0.009644 0.042969
v -0.030151 0.038330 0.069336
v -0.072754 -0.031738 0.067871
v -0.035400 0.006744 0.070801
v -0.087402 -0.030640 0.040771
v 0.045410 0.400391 0.001938
v 0.044189 0.400391 -0.000242
v 0.046143 0.404297 -0.000530
v 0.043701 0.400391 0.004028
v 0.042480 0.392578 0.005768
v 0.070312 -0.498047 0.025513
v 0.073242 -0.500000 0.053955
v 0.062256 -0.488281 0.034180
v 0.078125 -0.498047 0.006409
v 0.098145 -0.500000 0.024780
v -0.071289 0.253906 -0.053467
v -0.070312 0.230469 -0.048828
v -0.083008 0.241211 -0.043457
v -0.081543 0.277344 -0.055664
v -0.062012 0.287109 -0.054199
v -0.081055 0.259766 -0.053467
v -0.215820 0.095215 0.023071
v -0.196289 0.118652 0.012207
v -0.210938 0.085449 0.016357
v -0.189453 0.107910 0.005798
v -0.234375 0.070801 0.036377
v 0.021362 0.453125 -0.047119
v 0.007416 0.458984 -0.054199
v 0.017212 0.466797 -0.041260
v 0.029053 0.449219 -0.039795
v 0.027344 0.443359 -0.045166
v 0.032227 0.462891 -0.037354
v 0.019165 0.441406 -0.049805
v 0.008118 0.443359 -0.055664
v 0.283203 -0.026978 0.065918
v 0.285156 -0.024048 0.063965
v 0.279297 -0.024780 0.063965
v 0.279297 -0.038818 0.069824
v 0.283203 -0.039307 0.070312
v 0.277344 -0.031982 0.065918
v 0.287109 -0.028687 0.062988
v -0.009277 0.388672 -0.019165
v -0.022461 0.388672 -0.025391
v -0.014038 0.390625 -0.027832
v -0.007935 0.390625 -0.029053
v -0.019897 0.384766 -0.013733
v -0.062500 -0.431641 -0.037842
v -0.056885 -0.453125 -0.030273
v -0.060547 -0.453125 -0.037598
v -0.060059 -0.388672 -0.046875
v -0.053711 -0.388672 -0.039307
v -0.064941 -0.455078 -0.040283
v -0.068848 -0.433594 -0.037598
v -0.057617 -0.431641 -0.030640
v 0.013611 0.367188 0.053467
v 0.009033 0.371094 0.057861
v 0.009827 0.365234 0.057129
v 0.014343 0.373047 0.055176
v 0.012085 0.363281 0.053223
v 0.018921 0.367188 0.043457
v 0.018188 0.371094 0.049805
v 0.069824 0.117188 0.000774
v 0.062988 0.119141 -0.017944
v 0.061279 0.139648 -0.017944
v 0.081055 0.092773 0.015076
v 0.079102 0.093750 -0.004120
v 0.070312 0.138672 0.002151
v 0.071289 0.136719 0.022827
v 0.075195 0.110840 0.022827
v -0.017212 0.414062 0.055176
v -0.018066 0.414062 0.061523
v -0.249023 0.063477 0.006165
v -0.228516 0.087402 -0.012939
v -0.251953 0.055420 0.012634
v -0.220703 0.079590 -0.007599
v -0.242188 0.057129 0.010254
v 0.010071 0.412109 0.060059
v 0.010254 0.414062 0.059570
v 0.008118 0.410156 0.060791
v 0.079590 -0.425781 -0.010254
v 0.070801 -0.425781 -0.003693
v 0.072266 -0.441406 0.001160
v 0.085449 -0.449219 -0.023804
v 0.080566 -0.427734 -0.023315
v 0.069336 -0.384766 -0.008789
v 0.078125 -0.384766 -0.015991
v 0.081543 -0.445312 -0.005371
v -0.005280 0.376953 0.064453
v -0.007660 0.378906 0.062988
v -0.005066 0.375000 0.064941
v -0.002655 0.376953 0.065430
v -0.002350 0.378906 0.063965
v -0.004486 0.378906 0.063477
v -0.006744 0.378906 0.061768
v -0.002686 0.375000 0.065918
v -0.030518 -0.101562 0.080078
v -0.028198 -0.168945 0.085938
v 0.000229 -0.100586 0.078613
v -0.044189 -0.102051 0.071289
v -0.048340 -0.168945 0.071777
v 0.000374 -0.033447 0.073730
v -0.038818 -0.032959 0.072754
v 0.035400 0.402344 0.005554
v 0.038086 0.410156 0.002808
v 0.045410 0.406250 -0.002060
v 0.041748 0.394531 0.003647
v 0.058594 0.197266 0.077148
v -0.039307 0.478516 0.023682
v -0.030762 0.486328 0.036865
v -0.032227 0.488281 0.025879
v -0.035645 0.488281 0.014038
v -0.041992 0.478516 0.011841
v -0.037842 0.476562 0.039307
v -0.046875 0.466797 0.024048
v -0.097656 -0.500000 0.083496
v -0.095703 -0.500000 0.085938
v -0.096680 -0.496094 0.088379
v -0.096680 -0.494141 0.079102
v -0.097656 -0.498047 0.077637
v -0.093262 -0.498047 0.080078
v 0.022095 0.316406 0.016235
v 0.043213 0.302734 0.016479
v 0.041260 0.320312 0.002609
v 0.033447 0.324219 0.007202
v 0.279297 -0.013977 0.052002
v 0.285156 -0.015442 0.052246
v 0.279297 -0.026855 0.058594
v 0.279297 -0.011902 0.058350
v 0.285156 -0.012329 0.051758
v 0.275391 -0.003098 0.047607
v -0.019897 0.394531 -0.035645
v -0.017944 0.400391 -0.042969
v -0.028076 0.392578 -0.048584
v -0.023560 0.384766 -0.030762
v -0.011780 0.390625 -0.028320
v -0.006805 0.400391 -0.035400
v -0.188477 0.099609 -0.009460
v 0.018555 0.416016 0.061279
v 0.019165 0.414062 0.060791
v 0.020996 0.416016 0.058838
v 0.016602 0.414062 0.061523
v 0.016846 0.412109 0.061523
v 0.018433 0.419922 0.059326
v 0.026123 -0.310547 -0.092773
v 0.025269 -0.384766 -0.093262
v -0.002625 -0.308594 -0.073242
v 0.045166 -0.242188 -0.101074
v 0.033936 -0.310547 -0.096191
v 0.029053 -0.244141 -0.092773
v -0.102051 0.296875 0.001617
v -0.118164 0.287109 -0.018188
v -0.110840 0.283203 0.003860
v -0.080078 0.292969 0.010559
v -0.106934 0.304688 -0.017456
v -0.098145 0.281250 0.008484
v -0.090332 0.273438 0.013123
v -0.277344 -0.000452 0.031494
v -0.279297 -0.000885 0.034424
v -0.279297 -0.009888 0.028931
v -0.277344 0.006561 0.029419
v -0.277344 0.000671 0.026245
v 0.004150 0.412109 0.066406
v 0.003754 0.416016 0.070312
v 0.002167 0.414062 0.069336
v 0.008301 0.417969 0.070312
v 0.009277 0.416016 0.064941
v 0.002441 0.408203 0.069336
v 0.003693 0.408203 0.065918
v 0.004974 0.410156 0.062988
v 0.073730 -0.384766 -0.079590
v 0.046875 -0.384766 -0.098633
v 0.076172 -0.384766 -0.086914
v 0.040771 -0.310547 -0.088867
v 0.088867 -0.310547 -0.067383
v -0.015259 0.361328 0.041748
v -0.013000 0.361328 0.051514
v -0.019653 0.367188 0.043457
v -0.015991 0.363281 0.033936
v -0.007935 0.359375 0.034424
v -0.023071 0.367188 0.034180
v -0.029419 -0.244141 0.091309
v -0.000206 -0.243164 0.084473
v 0.000175 -0.168945 0.080078
v -0.016235 -0.243164 0.089844
v 0.039795 0.390625 0.008545
v 0.040039 0.394531 0.010864
v 0.035400 0.390625 0.010681
v 0.084961 0.205078 0.023438
v 0.086914 0.212891 0.004272
v 0.085938 0.226562 0.024780
v 0.083008 0.202148 0.044678
v -0.036133 0.478516 -0.017822
v -0.041016 0.466797 -0.025146
v -0.047119 0.468750 -0.012207
v -0.037598 0.482422 -0.008423
v -0.024292 0.488281 -0.009094
v -0.031738 0.474609 -0.032227
v -0.025513 0.488281 -0.020996
v -0.103516 -0.500000 0.070312
v -0.107422 -0.500000 0.071777
v -0.107910 -0.500000 0.067871
v -0.107422 -0.500000 0.059082
v -0.097168 -0.498047 0.071777
v -0.098633 -0.500000 0.076172
v -0.103516 -0.498047 0.079590
v -0.105469 -0.500000 0.076660
v -0.104492 -0.500000 0.079590
v 0.043213 0.314453 -0.044678
v 0.065918 0.310547 -0.044678
v 0.022949 0.292969 -0.055176
v 0.059326 0.320312 -0.033203
v 0.277344 -0.019287 0.075684
v 0.277344 -0.031128 0.079590
v 0.283203 -0.022095 0.074219
v 0.279297 -0.007782 0.071777
v 0.275391 -0.019775 0.073242
v 0.283203 -0.019775 0.073730
v 0.275391 -0.025391 0.075195
v -0.014404 0.408203 0.057129
v -0.010986 0.408203 0.057129
v -0.013123 0.410156 0.059570
v -0.015503 0.406250 0.058594
v -0.019165 0.406250 0.056641
v -0.136719 0.157227 -0.039307
v -0.131836 0.166016 -0.037598
v -0.129883 0.163086 -0.021973
v -0.142578 0.167969 -0.052246
v -0.134766 0.156250 -0.021729
v -0.142578 0.147461 -0.036621
v -0.151367 0.155273 -0.048340
v 0.029663 0.427734 0.050049
v 0.037842 0.421875 0.044678
v 0.037354 0.429688 0.051270
v 0.037598 0.435547 0.054199
v 0.031982 0.419922 0.044434
v 0.027222 0.435547 0.052246
v 0.033203 -0.291016 -0.015747
v 0.049316 -0.291016 0.000591
v 0.035889 -0.249023 -0.005310
v 0.033203 -0.249023 -0.034668
v 0.030029 -0.291016 -0.046875
v 0.037598 -0.335938 -0.028931
v 0.051758 -0.337891 -0.006531
v -0.011658 0.378906 0.059326
v -0.009827 0.378906 0.059570
v -0.012695 0.380859 0.060303
v -0.009888 0.376953 0.060059
v -0.013184 0.376953 0.057617
v -0.014221 0.376953 0.058350
v -0.128906 -0.166992 -0.027588
v -0.110840 -0.243164 -0.044922
v -0.135742 -0.243164 -0.029785
v -0.121582 -0.097656 -0.025879
v -0.126953 -0.167969 -0.005341
v 0.004028 0.382812 0.062256
v 0.005951 0.378906 0.062256
v 0.004059 0.378906 0.064453
v -0.000153 0.388672 0.059326
v 0.001694 0.384766 0.063477
v 0.224609 0.103027 0.020630
v 0.241211 0.076172 0.033936
v 0.231445 0.103516 0.007111
v -0.008118 0.433594 0.069824
v -0.016113 0.423828 0.070312
v -0.010315 0.421875 0.071777
v -0.000191 0.433594 0.069824
v -0.000191 0.451172 0.067871
v -0.005615 0.423828 0.072266
v -0.009277 0.451172 0.066895
v -0.015503 0.435547 0.066895
v -0.073730 0.070312 0.042236
v -0.051270 0.068848 0.055176
v -0.088867 0.068848 0.027100
v -0.078125 0.042480 0.042969
v 0.044678 0.416016 -0.018677
v 0.048096 0.421875 -0.012939
v 0.039062 0.414062 -0.023438
v 0.041748 0.404297 -0.009644
v 0.044922 0.410156 -0.008728
v 0.097168 -0.498047 0.071289
v 0.096680 -0.498047 0.078125
v 0.085938 -0.498047 0.075684
v 0.090820 -0.498047 0.066895
v 0.087402 -0.498047 0.083008
v -0.041504 0.330078 -0.010315
v -0.030151 0.333984 0.004364
v -0.034180 0.339844 -0.007263
v -0.041016 0.333984 -0.021606
v -0.039307 0.322266 0.002853
v -0.052734 0.324219 -0.025757
v -0.243164 0.051758 0.047119
v -0.242188 0.043213 0.055176
v -0.235352 0.040283 0.048584
v -0.239258 0.057617 0.042969
v -0.249023 0.063477 0.041992
v -0.259766 0.044434 0.049561
v -0.250000 0.044189 0.053711
v -0.238281 0.048340 0.043945
v 0.019409 0.494141 -0.004089
v 0.029053 0.488281 -0.007935
v 0.009827 0.500000 0.007568
v 0.020386 0.496094 0.008362
v 0.024414 0.488281 -0.019287
v 0.009033 0.500000 -0.008118
v 0.285156 -0.028564 0.047607
v 0.283203 -0.017822 0.040039
v 0.285156 -0.016235 0.042236
v 0.283203 -0.032227 0.047607
v 0.281250 -0.030396 0.043945
v 0.283203 -0.027344 0.050293
v 0.283203 -0.015320 0.046875
v -0.017700 0.390625 -0.074219
v -0.007660 0.376953 -0.082520
v -0.023315 0.375000 -0.076660
v -0.023071 0.396484 -0.062500
v -0.011353 0.400391 -0.066895
v -0.004272 0.390625 -0.077148
v -0.031494 0.384766 -0.064453
v -0.070312 -0.386719 -0.009338
v -0.058594 -0.386719 -0.012207
v -0.052490 -0.335938 -0.006256
v -0.071289 -0.333984 -0.005951
v -0.071777 -0.425781 -0.004486
v 0.006378 0.378906 0.062256
v 0.007690 0.376953 0.062256
v 0.009155 0.378906 0.060303
v 0.003906 0.380859 0.062256
v 0.004700 0.376953 0.064453
v 0.007324 0.376953 0.057861
v 0.025513 0.144531 -0.039307
v 0.003479 0.167969 -0.047607
v 0.028198 0.167969 -0.048340
v 0.048096 0.142578 -0.030762
v 0.047363 0.119629 -0.028931
v 0.024536 0.121582 -0.036377
v 0.000549 0.144531 -0.040527
v -0.039062 0.419922 0.042725
v -0.039062 0.427734 0.048096
v -0.042969 0.427734 0.035889
v -0.034912 0.412109 0.038330
v -0.032959 0.419922 0.043213
v -0.031982 0.427734 0.047607
v -0.040527 0.416016 0.037354
v -0.103516 -0.498047 0.081055
v -0.105469 -0.498047 0.080566
v -0.099121 -0.492188 0.075195
v -0.104492 -0.496094 0.071289
v -0.000679 0.343750 0.031982
v -0.000786 0.333984 0.029907
v 0.007812 0.337891 0.028320
v -0.009277 0.335938 0.026733
v 0.007782 0.355469 0.031494
v -0.000710 0.353516 0.034424
v -0.009155 0.345703 0.028687
v 0.269531 0.003571 0.052979
v 0.275391 -0.001633 0.054443
v -0.037354 0.406250 -0.003937
v -0.029663 0.390625 -0.003082
v -0.035400 0.394531 0.008179
v -0.036377 0.400391 0.005249
v -0.039795 0.410156 0.001984
v -0.041260 0.416016 -0.009338
v -0.031494 0.404297 -0.016113
v -0.088379 0.210938 -0.016846
v -0.087891 0.212891 0.004425
v -0.086914 0.223633 -0.019165
v -0.076172 0.190430 -0.033203
v -0.083008 0.188477 -0.012207
v -0.081543 0.212891 -0.034912
v 0.034912 0.447266 0.061768
v 0.023926 0.439453 0.053955
v 0.041992 0.449219 0.049805
v 0.035889 0.462891 0.061035
v 0.028687 0.457031 0.067871
v 0.052246 -0.237305 -0.061523
v 0.027100 -0.237305 -0.055420
v 0.077637 -0.237305 -0.047363
v 0.001083 -0.174805 0.012634
v -0.015747 0.380859 0.049316
v -0.014160 0.376953 0.045410
v -0.015503 0.380859 0.044922
v -0.014465 0.380859 0.052734
v -0.013489 0.378906 0.052490
v -0.013550 0.386719 0.041748
v -0.012634 0.384766 0.051270
v -0.085449 0.012451 -0.049805
v -0.097168 0.011536 -0.022217
v -0.082520 0.048340 -0.039062
v -0.069336 0.012817 -0.067871
v -0.061035 0.044678 -0.063965
v 0.034424 0.400391 0.035889
v 0.039795 0.400391 0.034424
v 0.040527 0.406250 0.035645
v 0.038818 0.394531 0.033447
v 0.034180 0.394531 0.033936
v 0.034912 0.408203 0.036133
v 0.109375 -0.496094 0.022827
v 0.095703 -0.484375 0.006042
v 0.110352 -0.488281 0.030396
v 0.095215 -0.492188 0.003830
v 0.111816 -0.498047 0.028564
v -0.000877 0.253906 0.057373
v -0.017090 0.267578 0.049316
v -0.020630 0.253906 0.056396
v -0.000542 0.261719 0.051514
v 0.016602 0.257812 0.053955
v -0.026611 0.232422 0.077148
v -0.001198 0.238281 0.070801
v -0.056885 -0.384766 0.070801
v -0.081543 -0.386719 0.074707
v -0.047363 -0.310547 0.061768
v -0.058105 -0.384766 0.079102
v 0.063965 0.324219 -0.026367
v 0.076172 0.318359 -0.024414
v 0.073242 0.316406 -0.033691
v 0.064941 0.324219 -0.015137
v 0.051025 0.181641 0.072266
v 0.026855 0.198242 0.085938
v 0.025635 0.182617 0.081055
v -0.047363 0.431641 0.023315
v -0.047852 0.419922 0.018921
v -0.046387 0.421875 0.029297
v -0.049805 0.441406 0.023438
v -0.049805 0.433594 0.012207
v -0.283203 0.010254 0.040283
v -0.277344 0.024170 0.046143
v -0.279297 0.021240 0.036865
v -0.279297 0.000439 0.043457
v -0.281250 0.002014 0.045654
v -0.281250 0.000376 0.037109
v -0.281250 0.012817 0.048584
v 0.000271 0.443359 -0.057861
v -0.009399 0.443359 -0.054688
v 0.000301 0.455078 -0.053711
v 0.001022 0.433594 -0.056885
v 0.279297 -0.039795 0.067871
v 0.277344 -0.035156 0.062988
v 0.281250 -0.041260 0.064941
v 0.281250 -0.041504 0.068359
v -0.020630 0.375000 -0.015320
v -0.028076 0.367188 -0.006653
v -0.027222 0.378906 -0.002884
v -0.023071 0.361328 -0.019043
v -0.021362 0.386719 -0.014893
v -0.011475 0.376953 -0.022827
v -0.011353 0.365234 -0.025269
v -0.050781 -0.488281 -0.048340
v -0.062988 -0.496094 -0.049805
v -0.062988 -0.486328 -0.053223
v -0.056885 -0.468750 -0.044189
v -0.051758 -0.496094 -0.046143
v -0.062988 -0.470703 -0.048340
v 0.085938 0.249023 0.014526
v 0.080566 0.250000 0.020630
v 0.085938 0.230469 0.001770
v 0.099121 0.265625 0.012146
v 0.090332 0.275391 0.013306
v 0.070801 0.275391 0.022339
v 0.088867 0.246094 0.010437
v 0.263672 0.011597 0.029663
v 0.269531 -0.000154 0.030884
v 0.255859 0.023804 0.018188
v -0.017334 0.410156 0.061035
v -0.018555 0.410156 0.060303
v -0.019165 0.408203 0.058838
v -0.016357 0.412109 0.060791
v -0.015137 0.410156 0.061035
v -0.281250 -0.017700 0.039307
v -0.275391 -0.015625 0.041504
v -0.273438 -0.019531 0.046631
v -0.275391 -0.026733 0.049805
v 0.002899 0.396484 0.073730
v 0.003052 0.402344 0.069824
v 0.001923 0.402344 0.073730
v 0.002960 0.392578 0.075195
v 0.004700 0.394531 0.070801
v 0.005035 0.396484 0.069824
v 0.001572 0.396484 0.077148
v 0.198242 0.146484 -0.034424
v 0.201172 0.156250 -0.041992
v 0.198242 0.152344 -0.019043
v 0.194336 0.151367 -0.002991
v -0.012695 0.470703 0.055176
v -0.008972 0.468750 0.057129
v -0.000122 0.482422 0.041504
v -0.013794 0.480469 0.041016
v -0.019531 0.451172 0.061523
v -0.021973 0.464844 0.053711
v -0.246094 0.001030 0.065430
v -0.250000 0.003632 0.065918
v 0.040771 0.414062 0.010925
v 0.040283 0.412109 0.016479
v 0.044434 0.414062 0.010620
v 0.044678 0.417969 0.007019
v 0.041260 0.417969 0.005920
v 0.040039 0.419922 0.023193
v 0.042725 0.429688 0.009705
v 0.041748 0.429688 0.020386
v 0.065430 -0.468750 0.023193
v 0.061768 -0.457031 0.004089
v 0.059814 -0.476562 0.015564
v 0.078125 -0.464844 0.024292
v 0.074707 -0.451172 0.010254
v 0.062012 -0.482422 0.039795
v 0.081543 -0.476562 0.040283
v 0.069336 -0.478516 0.042236
v -0.107422 0.263672 -0.052490
v -0.128906 0.255859 -0.039307
v -0.112793 0.283203 -0.038574
v -0.093262 0.277344 -0.053711
v -0.090332 0.255859 -0.053955
v -0.124023 0.241211 -0.051758
v -0.103027 0.247070 -0.055176
v -0.281250 -0.029907 0.052002
v -0.281250 -0.026855 0.050049
v -0.279297 -0.041992 0.052246
v -0.275391 -0.034912 0.052979
v -0.279297 -0.039795 0.053955
v 0.008118 0.398438 -0.036133
v 0.018066 0.402344 -0.044922
v 0.009033 0.406250 -0.050537
v -0.003418 0.404297 -0.044189
v 0.011230 0.390625 -0.029541
v 0.020874 0.392578 -0.035645
v 0.000172 0.390625 -0.026733
v 0.243164 0.042969 0.055908
v 0.250000 0.043701 0.054199
v 0.242188 0.051758 0.047119
v 0.234375 0.037354 0.052002
v 0.243164 0.032227 0.063477
v 0.237305 0.046143 0.045410
v -0.042969 0.457031 0.004333
v -0.042236 0.457031 0.017456
v -0.034912 0.470703 0.019531
v -0.053223 0.095215 -0.036377
v -0.076660 0.071777 -0.034424
v -0.070801 0.095215 -0.024048
v -0.025513 0.095703 -0.043701
v -0.027344 0.071777 -0.057129
v -0.056885 0.069824 -0.052979
v 0.032227 0.412109 0.047363
v 0.031982 0.416016 0.046875
v 0.059814 -0.445312 -0.003662
v 0.050537 -0.449219 -0.018921
v 0.050049 -0.460938 -0.018066
v 0.059082 -0.427734 -0.009949
v -0.007660 0.373047 0.061768
v -0.009033 0.376953 0.060059
v -0.234375 0.058838 0.020142
v -0.240234 0.049805 0.024536
v -0.247070 0.048340 0.014893
v -0.230469 0.063965 0.030273
v -0.212891 0.079102 0.003998
v 0.009949 0.423828 0.072266
v 0.005005 0.423828 0.072266
v 0.014832 0.419922 0.070312
v 0.014832 0.427734 0.069824
v 0.007812 0.435547 0.070312
v 0.142578 -0.310547 -0.033203
v 0.133789 -0.242188 -0.030762
v -0.000061 0.375000 0.062256
v 0.003021 0.375000 0.061279
v 0.003632 0.378906 0.062256
v -0.003448 0.378906 0.062256
v -0.003326 0.373047 0.061768
v 0.000240 0.376953 0.062988
v -0.003754 0.373047 0.061035
v -0.000160 0.371094 0.061279
v -0.085938 -0.496094 0.076172
v -0.088379 -0.494141 0.083008
v -0.087891 -0.500000 0.082031
v -0.085449 -0.488281 0.072754
v -0.088867 -0.500000 0.083984
v -0.086426 -0.492188 0.084473
v -0.080566 -0.500000 0.073730
v 0.084961 0.230469 -0.036621
v 0.094727 0.228516 -0.049561
v 0.090332 0.220703 -0.038574
v 0.084961 0.239258 -0.044922
v 0.082031 0.235352 -0.042969
v 0.085938 0.226562 -0.019775
v 0.085449 0.223633 -0.019043
v 0.098633 0.043457 0.026001
v 0.077148 0.041748 0.042480
v 0.083984 0.010071 0.043213
v 0.107910 0.012146 0.024048
v 0.106934 0.013000 -0.003403
v 0.089355 0.068359 0.028442
v 0.097656 0.044189 -0.005493
v 0.090820 0.068848 -0.001862
v -0.037842 0.416016 -0.028320
v -0.043457 0.416016 -0.024170
v -0.037842 0.429688 -0.033203
v -0.273438 -0.019775 0.072266
v -0.277344 -0.020508 0.067383
v -0.273438 -0.010864 0.064453
v -0.273438 -0.025879 0.074707
v -0.275391 -0.026733 0.070312
v -0.271484 -0.008789 0.069336
v -0.277344 -0.019287 0.076172
v 0.034424 0.394531 0.008057
v 0.035645 0.404297 -0.003281
v 0.106445 -0.500000 0.058838
v 0.111328 -0.500000 0.064453
v 0.097168 -0.498047 0.055176
v 0.107422 -0.500000 0.047607
v 0.107422 -0.500000 0.068359
v 0.102051 -0.500000 0.070801
v -0.043213 0.314453 -0.045166
v -0.048584 0.298828 -0.051025
v 0.007446 -0.312500 -0.069824
v 0.023193 0.386719 0.053467
v 0.030151 0.390625 0.047119
v 0.020630 0.392578 0.058838
v 0.017700 0.380859 0.056396
v 0.022095 0.376953 0.050049
v 0.015259 0.386719 0.060059
v 0.027344 0.378906 0.043457
v 0.137695 0.174805 -0.047119
v 0.145508 0.182617 -0.050537
v -0.038818 0.441406 0.040039
v -0.035645 0.427734 0.040527
v -0.034424 0.437500 0.049316
v -0.035156 0.453125 0.046143
v -0.040039 0.455078 0.032471
v -0.042480 0.443359 0.026367
v -0.077148 -0.384766 -0.078125
v -0.078125 -0.382812 -0.085449
v -0.108887 -0.384766 -0.080566
v -0.093750 -0.308594 -0.063965
v 0.012756 0.376953 0.045410
v 0.010986 0.375000 0.036865
v 0.005676 0.371094 0.040039
v 0.005249 0.373047 0.049805
v 0.009277 0.375000 0.051758
v 0.014832 0.380859 0.046143
v 0.013000 0.380859 0.038330
v 0.012756 0.378906 0.052002
v 0.279297 -0.001129 0.030396
v 0.279297 0.000471 0.025757
v 0.281250 0.006317 0.029053
v 0.275391 -0.004883 0.032959
v 0.279297 -0.009949 0.032471
v 0.281250 -0.010742 0.027710
v 0.279297 -0.001724 0.033691
v -0.005188 0.412109 0.066406
v -0.010071 0.417969 0.065430
v -0.010620 0.414062 0.062256
v -0.010010 0.417969 0.069824
v -0.005249 0.410156 0.063477
v -0.004578 0.410156 0.066406
v -0.003174 0.412109 0.068848
v -0.004944 0.417969 0.070312
v -0.146484 0.212891 0.000202
v -0.136719 0.234375 -0.001205
v -0.158203 0.213867 -0.019287
v -0.155273 0.184570 0.003647
v -0.132812 0.207031 0.006958
v -0.166992 0.195312 -0.005432
v -0.122070 0.229492 0.007690
v 0.034912 0.480469 -0.016968
v 0.038574 0.470703 -0.024048
v 0.031738 0.472656 -0.031494
v 0.045654 0.466797 -0.013062
v 0.037109 0.478516 -0.009949
v 0.031982 -0.101074 0.080566
v 0.028442 -0.167969 0.085449
v 0.040283 -0.100586 0.076660
v 0.039062 -0.032471 0.072754
v -0.041016 0.394531 0.009766
v -0.040283 0.390625 0.008545
v -0.038086 0.392578 0.013367
v -0.039551 0.400391 0.009155
v -0.043213 0.394531 0.005890
v -0.037842 0.398438 0.015320
v -0.208008 0.109375 -0.028809
v -0.235352 0.097656 -0.007416
v -0.191406 0.138672 -0.041504
v -0.000565 0.488281 0.050537
v 0.007355 0.478516 0.060547
v 0.008179 0.490234 0.050293
v -0.008423 0.488281 0.050049
v -0.008118 0.476562 0.061768
v -0.000946 0.496094 0.032959
v -0.000610 0.478516 0.063477
v 0.122070 -0.097168 -0.008911
v 0.114258 -0.028442 0.024170
v 0.125000 -0.098145 0.025635
v 0.126953 -0.166992 -0.005585
v -0.005096 0.390625 0.069336
v -0.006226 0.392578 0.071777
v -0.007111 0.392578 0.066406
v -0.004425 0.390625 0.065918
v -0.066406 -0.468750 0.023560
v -0.063477 -0.484375 0.040283
v -0.070312 -0.476562 0.042480
v -0.076172 -0.453125 0.010193
v -0.079102 -0.462891 0.024780
v -0.083008 -0.476562 0.040283
v 0.077637 0.273438 -0.054199
v 0.091797 0.279297 -0.053223
v 0.081543 0.259766 -0.052734
v 0.083008 0.298828 -0.049561
v 0.241211 0.004608 0.064453
v 0.245117 0.003433 0.062988
v 0.241211 0.002396 0.066895
v 0.241211 0.006744 0.069336
v 0.241211 0.016113 0.059570
v 0.245117 0.012268 0.057373
v -0.044434 0.416016 0.005005
v -0.037109 0.408203 0.004822
v -0.045654 0.417969 0.010559
v -0.041748 0.404297 -0.000717
v -0.050293 0.423828 0.008423
v -0.051270 0.421875 -0.000557
v -0.045898 0.414062 -0.003036
v 0.027588 0.375000 0.007263
v 0.029419 0.386719 0.006256
v 0.029907 0.384766 0.012817
v 0.028931 0.363281 0.001526
v 0.026978 0.367188 -0.007599
v 0.026367 0.378906 -0.003479
v 0.024780 0.371094 0.019287
v 0.024902 0.361328 0.012817
v 0.283203 0.011047 0.044189
v 0.285156 0.003967 0.049072
v 0.283203 0.000870 0.043213
v 0.285156 0.008606 0.038574
v 0.277344 0.023071 0.047363
v 0.281250 0.019409 0.034668
v 0.283203 0.000931 0.045410
v -0.005402 0.427734 -0.049805
v 0.001350 0.421875 -0.054199
v -0.006805 0.416016 -0.047852
v -0.011536 0.427734 -0.052979
v 0.000862 0.414062 -0.051514
v -0.108398 0.011597 0.023804
v -0.098145 0.043945 0.026245
v -0.106934 0.012939 -0.002655
v -0.114746 -0.028931 0.023926
v 0.022217 0.410156 0.059082
v 0.019775 0.406250 0.059570
v 0.050781 -0.494141 -0.046143
v 0.064941 -0.500000 -0.033691
v -0.074707 0.259766 0.024902
v -0.087402 0.247070 0.013855
v -0.081055 0.247070 0.021240
v -0.065918 0.257812 0.035889
v -0.068848 0.275391 0.022583
v -0.096191 -0.482422 0.007050
v -0.095703 -0.492188 0.004089
v -0.108887 -0.488281 0.027466
v -0.092285 -0.470703 0.018555
v -0.087891 -0.466797 -0.002747
v -0.110352 -0.494141 0.025513
v 0.207031 0.108398 -0.029907
v 0.216797 0.122070 -0.021973
v 0.234375 0.097656 -0.007477
v 0.186523 0.133789 -0.041992
v 0.180664 0.127930 -0.038330
v 0.197266 0.100098 -0.022461
v 0.227539 0.087402 -0.014160
v -0.023438 0.410156 0.055664
v -0.026978 0.182617 0.081055
v -0.000381 0.181641 0.081543
v -0.000526 0.198242 0.084961
v -0.024658 0.169922 0.070312
v -0.045654 0.172852 0.056152
v 0.050781 0.443359 0.014954
v 0.050537 0.431641 0.011475
v 0.053467 0.435547 0.003555
v 0.048828 0.435547 0.027466
v 0.050293 0.449219 0.003098
v 0.051025 0.457031 0.012329
v 0.065430 -0.226562 0.027832
v 0.044189 -0.229492 0.019897
v 0.047852 -0.250000 0.008789
v 0.066406 -0.251953 0.013428
v 0.083984 -0.221680 0.011780
v 0.062256 -0.205078 0.031982
v -0.015503 0.375000 -0.024170
v -0.020386 0.361328 -0.027832
v -0.269531 0.004242 0.048828
v -0.273438 -0.003250 0.047607
v -0.269531 0.001030 0.040771
v -0.257812 0.015991 0.058105
v -0.267578 0.004272 0.055908
v -0.251953 0.016479 0.057861
v -0.273438 -0.000368 0.055176
v -0.261719 0.015320 0.039062
v -0.248047 0.017456 0.046387
v 0.015991 0.439453 -0.041992
v 0.028931 0.451172 -0.030640
v 0.027344 0.433594 -0.034912
v 0.016968 0.455078 -0.037842
v -0.000725 0.439453 -0.046143
v 0.015442 0.425781 -0.041748
v 0.114746 -0.382812 0.044922
v 0.100098 -0.310547 0.080078
v -0.018677 0.365234 0.025757
v -0.025391 0.371094 0.022583
v -0.025513 0.371094 0.019531
v -0.026245 0.361328 0.012512
v -0.019653 0.353516 0.022339
v -0.008606 0.355469 0.032227
v -0.071289 -0.030518 -0.068848
v -0.035889 -0.100098 -0.090820
v -0.052490 0.012756 -0.075195
v -0.036865 -0.031128 -0.084961
v 0.012939 0.386719 0.046143
v 0.013062 0.384766 0.052734
v 0.013367 0.384766 0.045654
v -0.000572 0.246094 -0.057373
v -0.032471 0.460938 0.057617
v -0.038330 0.447266 0.058838
v -0.032227 0.453125 0.062256
v -0.269531 0.037842 0.039307
v -0.269531 0.027100 0.057129
v -0.000389 0.480469 -0.037109
v -0.012390 0.490234 -0.022339
v -0.001671 0.492188 -0.019531
v 0.010132 0.488281 -0.022095
v 0.011414 0.480469 -0.037354
v 0.008850 0.470703 -0.047607
v -0.000313 0.468750 -0.044434
v 0.072266 -0.031738 0.067871
v 0.044434 -0.101074 0.070801
v 0.083984 -0.100586 0.071777
v 0.086914 -0.030273 0.041748
v -0.033936 0.388672 0.011169
v -0.030518 0.386719 0.006714
v -0.036377 0.390625 0.010498
v -0.031494 0.384766 0.013000
v -0.035400 0.390625 0.013184
v -0.040527 -0.310547 -0.101562
v -0.003723 -0.243164 -0.073730
v -0.046387 -0.310547 -0.104492
v -0.040039 -0.242188 -0.101074
v -0.036621 -0.384766 -0.098633
v 0.024902 0.371094 0.022095
v 0.023193 0.373047 0.041016
v 0.021973 0.367188 0.034180
v 0.128906 0.162109 -0.022095
v 0.136719 0.157227 -0.039062
v 0.134766 0.163086 -0.005127
v -0.022339 0.414062 0.058838
v -0.018799 0.414062 0.061035
v -0.024170 0.414062 0.055664
v -0.019165 0.412109 0.061035
v -0.021851 0.410156 0.059082
v -0.088379 -0.236328 -0.027222
v -0.083496 -0.236328 -0.001602
v -0.105469 -0.310547 -0.035156
v 0.004211 0.386719 0.066406
v 0.000725 0.388672 0.068848
v 0.004486 0.380859 0.068359
v 0.007538 0.386719 0.064453
v 0.006531 0.390625 0.063477
v 0.003784 0.388672 0.065430
v 0.193359 0.141602 -0.040039
v -0.014221 0.414062 0.061279
v -0.244141 -0.012573 0.078125
v -0.247070 -0.015015 0.076660
v -0.244141 -0.013367 0.075195
v -0.241211 -0.005463 0.073730
v 0.038086 0.414062 0.030151
v 0.038086 0.429688 0.032227
v 0.035889 0.416016 0.040283
v 0.039062 0.408203 0.015564
v 0.035889 0.412109 0.039307
v 0.036865 0.402344 0.036865
v 0.037842 0.404297 0.024902
v 0.071777 -0.498047 0.067383
v 0.064941 -0.496094 0.055420
v 0.064453 -0.488281 0.057861
v 0.083984 -0.500000 0.067871
v 0.079590 -0.500000 0.074219
v 0.074219 -0.498047 0.083984
v -0.148438 0.227539 -0.039795
v -0.145508 0.237305 -0.021240
v -0.130859 0.263672 -0.019043
v -0.107910 -0.498047 0.069824
v -0.106934 -0.496094 0.077637
v 0.019409 0.330078 0.017822
v 0.008728 0.324219 0.026123
v 0.277344 -0.016602 0.041260
v 0.283203 -0.015198 0.038818
v 0.277344 -0.028687 0.045654
v 0.275391 -0.015259 0.046631
v 0.275391 -0.004700 0.035889
v 0.275391 -0.004639 0.044678
v -0.016235 0.402344 -0.056885
v -0.079590 0.182617 0.017456
v -0.073730 0.162109 0.019409
v 0.027588 0.427734 0.058350
v 0.020386 0.427734 0.065918
v 0.020386 0.421875 0.067871
v 0.054443 -0.245117 -0.054443
v 0.052979 -0.209961 -0.034668
v 0.080566 -0.242188 -0.050049
v 0.080566 -0.289062 -0.064941
v 0.045410 -0.291016 -0.062988
v -0.010925 0.380859 0.057373
v -0.012268 0.380859 0.056152
v -0.007721 0.376953 0.058105
v -0.010071 0.373047 0.051514
v -0.198242 0.100586 -0.021973
v -0.181641 0.130859 -0.040283
v 0.013977 0.414062 0.061279
v 0.010620 0.412109 0.059814
v 0.014404 0.412109 0.061279
v 0.014832 0.416016 0.061035
v 0.011414 0.414062 0.059814
v 0.129883 -0.384766 -0.000168
v 0.142578 -0.384766 0.023804
v 0.120605 -0.310547 0.007935
v 0.121582 -0.310547 -0.025513
v 0.135742 -0.384766 -0.001129
v -0.000443 0.376953 0.065918
v -0.000084 0.378906 0.064453
v -0.000381 0.375000 0.065918
v -0.082031 -0.200195 0.014587
v -0.084961 -0.222656 0.011292
v -0.083984 -0.161133 0.019897
v -0.063477 -0.205078 0.032227
v -0.058594 -0.166016 0.038574
v 0.031128 0.375000 -0.064453
v 0.035156 0.373047 -0.050537
v 0.031128 0.357422 -0.059326
v 0.021484 0.388672 -0.069336
v 0.032227 0.386719 -0.056885
v 0.023682 0.170898 0.070312
v -0.000389 0.169922 0.072266
v 0.024048 0.154297 0.070312
v 0.045410 0.156250 0.056641
v -0.051514 0.458984 0.009888
v -0.050049 0.470703 -0.002518
v -0.052490 0.449219 0.007507
v -0.271484 -0.026001 0.031494
v -0.275391 -0.020386 0.028564
v -0.273438 -0.025146 0.036865
v -0.271484 -0.031982 0.034668
v -0.273438 -0.031738 0.032227
v -0.275391 -0.025879 0.028442
v -0.000221 0.390625 0.041016
v 0.007538 0.388672 0.040283
v 0.166016 0.194336 -0.004852
v 0.154297 0.182617 0.003830
v 0.151367 0.211914 -0.001999
v 0.136719 0.205078 0.007080
v 0.177734 0.190430 -0.021973
v -0.014771 0.457031 0.065918
v -0.016479 0.447266 0.061523
v -0.012268 0.451172 0.062988
v -0.020020 0.458984 0.067383
v -0.016113 0.464844 0.069336
v -0.008850 0.462891 0.068359
v -0.046143 0.126953 0.055908
v -0.024658 0.155273 0.070312
v -0.045654 0.156250 0.056885
v -0.024292 0.126953 0.069824
v -0.024780 0.098633 0.068359
v -0.047852 0.098633 0.055664
v 0.050293 0.419922 -0.003555
v 0.042236 0.416016 0.004242
v 0.051270 0.425781 -0.001633
v 0.049316 0.421875 0.009277
v 0.084473 -0.494141 0.094727
v 0.081543 -0.496094 0.092285
v 0.085449 -0.498047 0.092773
v 0.085449 -0.492188 0.084473
v 0.081055 -0.492188 0.095703
v -0.030762 0.376953 0.016724
v -0.029541 0.375000 0.029419
v -0.239258 0.021851 0.063965
v -0.241211 0.016724 0.059570
v -0.240234 0.020630 0.052979
v -0.243164 0.033447 0.063477
v -0.246094 0.021973 0.068359
v -0.236328 0.034180 0.056885
v -0.236328 0.029053 0.053467
v -0.241211 0.007080 0.069824
v 0.034424 0.470703 0.019775
v 0.039307 0.457031 0.032471
v 0.041504 0.458984 0.017090
v 0.034668 0.470703 0.003433
v 0.025024 0.478516 0.004181
v 0.024170 0.480469 0.020996
v 0.031982 0.468750 0.035400
v 0.285156 -0.029785 0.058838
v 0.285156 -0.026367 0.057617
v -0.000465 0.378906 -0.024902
v -0.011658 0.388672 -0.023560
v -0.000572 0.390625 -0.026855
v -0.000488 0.363281 -0.027344
v 0.010742 0.388672 -0.023071
v 0.010437 0.378906 -0.022217
v -0.050537 -0.449219 -0.019287
v 0.035156 0.263672 0.047852
v 0.015503 0.267578 0.049072
v 0.056152 0.253906 0.046387
v 0.030029 0.277344 0.041992
v 0.049316 0.273438 0.037598
v 0.060791 0.012634 -0.071289
v 0.036621 -0.031128 -0.085449
v 0.034180 0.012146 -0.079102
v -0.041016 0.408203 0.035645
v -0.035645 0.400391 0.035400
v -0.035400 0.408203 0.035400
v -0.041016 0.398438 0.034180
v -0.042969 0.408203 0.028320
v -0.277344 -0.019775 0.035156
v -0.277344 -0.029297 0.036621
v -0.277344 -0.026367 0.032227
v -0.279297 -0.020508 0.031128
v 0.001114 0.408203 0.071289
v 0.005127 0.402344 0.065430
v 0.076172 -0.496094 -0.039307
v 0.069824 -0.498047 -0.015564
v 0.080078 -0.488281 -0.042969
v 0.085938 -0.490234 -0.019653
v 0.080566 -0.498047 -0.018188
v 0.070801 -0.496094 -0.049316
v -0.029785 0.277344 0.042236
v -0.025513 -0.308594 0.078125
v -0.002411 -0.240234 0.044922
v 0.093750 0.312500 -0.016846
v 0.078613 0.318359 -0.011597
v 0.090332 0.310547 -0.036133
v 0.176758 0.134766 0.004303
v 0.196289 0.117676 0.012268
v 0.185547 0.143555 0.003830
v 0.172852 0.142578 0.008179
v 0.163086 0.132812 0.000919
v 0.173828 0.126953 -0.001923
v -0.027954 0.437500 -0.044922
v -0.019165 0.441406 -0.049316
v -0.031494 0.445312 -0.040771
v -0.039551 0.437500 -0.038818
v -0.109375 -0.490234 0.048828
v -0.099121 -0.482422 0.033936
v -0.112305 -0.490234 0.039062
v -0.113770 -0.496094 0.057861
v -0.108398 -0.494141 0.060303
v -0.113770 -0.494141 0.048340
v -0.099121 -0.490234 0.051025
v 0.015625 0.337891 -0.051514
v 0.026123 0.347656 -0.054199
v 0.007812 0.337891 -0.061768
v 0.000465 0.335938 -0.048584
v 0.283203 -0.008240 0.068359
v 0.281250 -0.010803 0.063965
v -0.035889 0.396484 -0.003662
v -0.033936 0.394531 0.002869
v -0.040039 0.416016 0.011230
v -0.138672 0.174805 -0.047363
v -0.118652 0.182617 -0.040283
v -0.113770 0.179688 -0.022461
v 0.020630 0.443359 0.057617
v 0.032959 -0.215820 0.006775
v 0.033203 -0.213867 -0.021851
v 0.020874 -0.168945 -0.015625
v -0.015747 0.386719 0.060059
v -0.010925 0.388672 0.062256
v -0.012573 0.392578 0.061768
v -0.021606 0.390625 0.057129
v -0.022095 0.384766 0.054443
v -0.016846 0.382812 0.058105
v -0.011719 0.382812 0.062256
v -0.131836 -0.384766 -0.000160
v -0.121582 -0.310547 0.005707
v -0.137695 -0.382812 -0.001617
v -0.000305 0.378906 0.068359
v 0.001732 0.378906 0.068359
v -0.002350 0.378906 0.068359
v 0.189453 0.098633 -0.009827
v 0.212891 0.078125 0.004669
v 0.210938 0.083496 0.016113
v 0.167969 0.122559 -0.021606
v 0.189453 0.106934 0.005554
v 0.220703 0.078125 -0.007935
v 0.166992 0.124512 -0.010376
v -0.084473 0.203125 0.043457
v 0.046143 0.468750 -0.003006
v 0.083008 -0.161133 0.020386
v 0.081055 -0.200195 0.014587
v 0.087891 -0.159180 -0.008240
v -0.273438 -0.004211 0.045654
v -0.281250 -0.012329 0.046387
v -0.275391 -0.014587 0.047363
v -0.273438 -0.005005 0.037354
v 0.027222 0.392578 -0.049316
v 0.021851 0.398438 -0.058105
v 0.106445 -0.500000 0.071777
v 0.105469 -0.500000 0.076172
v 0.107422 -0.498047 0.071289
v -0.000557 0.333984 -0.038330
v 0.011658 0.349609 -0.029907
v 0.014709 0.337891 -0.037354
v -0.015747 0.335938 -0.037354
v -0.012695 0.349609 -0.029419
v -0.000359 0.312500 -0.047363
v -0.000412 0.349609 -0.031738
v -0.046387 -0.291016 -0.063477
v -0.081543 -0.289062 -0.065430
v -0.054932 -0.245117 -0.054688
v -0.033936 -0.249023 -0.034912
v -0.039551 -0.335938 -0.050293
v -0.056152 -0.333984 -0.063477
v -0.030518 -0.291016 -0.046631
v 0.014404 0.382812 0.048828
v 0.082520 0.188477 -0.012146
v 0.067383 0.163086 -0.025757
v 0.076660 0.191406 -0.032959
v 0.087402 0.209961 -0.016602
v 0.076172 0.163086 -0.004272
v -0.025757 0.425781 0.062256
v -0.028564 0.417969 0.059082
v -0.025146 0.419922 0.064453
v -0.021240 0.425781 0.066406
v -0.029541 0.425781 0.058105
v -0.023071 0.435547 0.062256
v -0.029297 0.435547 0.055908
v -0.195312 0.146484 -0.051270
v -0.182617 0.133789 -0.051270
v -0.202148 0.157227 -0.042236
v -0.183594 0.158203 -0.051514
v -0.172852 0.147461 -0.053711
v 0.013123 0.417969 0.057129
v 0.018188 0.419922 0.056641
v 0.014099 0.417969 0.059326
v 0.009155 0.414062 0.057129
v 0.102539 -0.310547 -0.035645
v 0.084473 -0.234375 -0.018188
v -0.004242 0.373047 0.059082
v -0.066406 -0.498047 0.054932
v -0.072754 -0.498047 0.067871
v -0.063477 -0.492188 0.033691
v -0.065918 -0.486328 0.057617
v 0.147461 0.228516 -0.039062
v 0.146484 0.212891 -0.049072
v 0.123535 0.240234 -0.051514
v 0.163086 0.200195 -0.036621
v 0.128906 0.255859 -0.038574
v 0.146484 0.237305 -0.021118
v 0.162109 0.211914 -0.020874
v 0.246094 -0.015076 0.076660
v 0.247070 -0.012634 0.079102
v 0.243164 -0.012390 0.077637
v 0.243164 -0.013550 0.074219
v 0.249023 -0.013611 0.073730
v 0.249023 -0.012329 0.077637
v 0.246094 -0.014160 0.073730
v -0.038086 0.402344 0.022705
v -0.042480 0.402344 0.025024
v -0.038818 0.408203 0.018799
v -0.040283 0.392578 0.028564
v -0.035889 0.392578 0.025757
v -0.275391 -0.030884 0.080566
v -0.281250 -0.022095 0.074219
v -0.277344 -0.032715 0.079590
v -0.273438 -0.032959 0.078125
v 0.012756 0.384766 0.041748
v 0.277344 0.015259 0.061279
v 0.269531 0.026367 0.057373
v -0.018921 0.470703 -0.026001
v -0.000511 0.474609 -0.030151
v -0.000435 0.457031 -0.041992
v -0.018677 0.455078 -0.038086
v 0.018311 0.412109 0.060791
v 0.021606 0.410156 0.058838
v 0.022095 0.414062 0.058838
v 0.027344 -0.384766 -0.088867
v -0.001656 -0.386719 -0.072266
v -0.002563 -0.384766 -0.076172
v -0.099609 0.263672 0.011780
v -0.110352 0.250000 0.009460
v -0.091309 0.245117 0.009277
v -0.124023 0.259766 0.000858
v -0.283203 -0.009521 0.059326
v -0.283203 0.004150 0.051025
v -0.277344 -0.011658 0.058838
v 0.020996 0.478516 -0.011841
v 0.017944 0.470703 -0.026245
v 0.108887 -0.384766 0.038818
v 0.083008 -0.310547 0.066895
v 0.094238 -0.310547 0.032227
v -0.017578 0.359375 -0.078125
v -0.010193 0.349609 -0.075684
v -0.028320 0.363281 -0.071289
v -0.020996 -0.167969 -0.014954
v -0.033691 -0.215820 0.006927
v -0.034180 -0.213867 -0.021851
v -0.017456 -0.171875 0.016235
v -0.046875 -0.162109 -0.032715
v 0.010803 0.396484 0.061768
v 0.015869 0.402344 0.059814
v 0.012573 0.402344 0.060791
v 0.010925 0.388672 0.061523
v 0.013672 0.394531 0.061035
v 0.007111 0.402344 0.062256
v 0.005280 0.396484 0.063965
v 0.100098 0.247070 -0.054688
v 0.107910 0.209961 -0.050781
v 0.116211 0.226562 -0.055176
v -0.030518 0.478516 0.049316
v -0.022583 0.490234 0.041016
v -0.023193 0.482422 0.054932
v -0.032471 0.468750 0.059082
v -0.073730 -0.453125 -0.034424
v -0.088379 -0.468750 -0.023804
v 0.012085 0.375000 0.057373
v 0.009644 0.375000 0.059082
v 0.007172 0.373047 0.061035
v 0.006134 0.369141 0.060059
v 0.285156 -0.013611 0.041992
v -0.000366 0.402344 0.075195
v -0.002716 0.394531 0.077148
v -0.000443 0.394531 0.078613
v -0.000771 0.408203 0.071777
v -0.003052 0.402344 0.074219
v -0.127930 0.192383 0.006866
v -0.104492 0.202148 -0.003799
v -0.109375 0.216797 0.006317
v -0.144531 0.172852 0.003021
v -0.117676 0.183594 -0.003372
v 0.036865 0.449219 -0.033691
v 0.045410 0.457031 -0.025024
v 0.051514 -0.243164 0.072754
v 0.094238 -0.242188 0.077148
v 0.048828 -0.168945 0.071777
v 0.028564 -0.244141 0.091309
v 0.089355 -0.167969 0.073242
v -0.039307 0.392578 0.006714
v -0.042969 0.396484 0.003372
v -0.275391 -0.040283 0.054199
v -0.275391 -0.041504 0.051270
v 0.010315 0.363281 -0.025513
v 0.019775 0.375000 -0.015503
v 0.021973 0.361328 -0.019287
v 0.251953 0.007629 0.069824
v 0.253906 0.020508 0.063477
v 0.244141 0.008362 0.072266
v 0.245117 0.004822 0.073730
v 0.251953 0.003860 0.071289
v 0.250000 0.003632 0.064941
v 0.253906 0.013916 0.060547
v -0.032227 0.012207 -0.079102
v -0.030029 0.045898 -0.069336
v 0.000935 0.011719 -0.074219
v 0.001884 -0.032227 -0.074219
v 0.039307 0.394531 0.028442
v -0.038818 0.269531 0.044434
v -0.049072 0.273438 0.037354
v -0.208984 0.128906 0.008728
v -0.185547 0.143555 0.003998
v -0.196289 0.161133 0.001907
v 0.098145 -0.167969 -0.071777
v 0.086426 -0.242188 -0.076660
v 0.062256 -0.167969 -0.078125
v 0.060791 -0.098145 -0.073242
v 0.103516 -0.242188 -0.078613
v 0.109863 -0.242188 -0.044678
v -0.014038 0.380859 0.045898
v -0.013977 0.382812 0.046143
v -0.012756 0.380859 0.053955
v -0.090332 -0.488281 0.069336
v -0.091797 -0.496094 0.089844
v -0.092773 -0.492188 0.081543
v 0.027222 0.347656 0.008728
v 0.029663 0.351562 -0.003036
v 0.028442 0.333984 0.005157
v 0.032959 0.339844 -0.006531
v 0.018433 0.353516 0.022949
v 0.020386 0.341797 0.019043
v 0.065918 0.100586 0.043457
v 0.062012 0.128906 0.043213
v 0.047607 0.099609 0.055420
v 0.073730 0.073242 0.042236
v -0.051025 0.423828 -0.006989
v -0.046387 0.414062 -0.014465
v -0.049072 0.423828 -0.020874
v -0.052734 0.431641 0.001389
v -0.279297 -0.033447 0.077637
v -0.281250 -0.023804 0.070801
v -0.277344 -0.033447 0.074219
v -0.000175 0.376953 0.031738
v -0.006744 0.371094 0.039795
v 0.000111 0.371094 0.040771
v -0.012085 0.376953 0.036377
v -0.008789 0.388672 0.040283
v -0.014343 0.380859 0.037842
v 0.238281 0.058105 0.042480
v 0.230469 0.063477 0.030640
v 0.235352 0.052246 0.037109
v 0.248047 0.062988 0.041504
v 0.233398 0.069824 0.036621
v -0.030273 0.451172 -0.030884
v -0.028564 0.433594 -0.034912
v -0.039307 0.445312 -0.020874
v -0.017578 0.437500 -0.042236
v -0.038330 0.458984 -0.014587
v -0.089355 0.069824 -0.005249
v -0.096680 0.046387 -0.006561
v 0.023560 0.408203 0.057129
v 0.023315 0.412109 0.057129
v 0.051758 -0.384766 -0.109863
v 0.061523 -0.384766 -0.101074
v -0.086914 0.230469 0.001862
v -0.146484 0.210938 -0.049561
v -0.163086 0.199219 -0.037354
v -0.119629 0.224609 -0.054688
v -0.136719 0.202148 -0.053467
v -0.155273 0.190430 -0.047852
v 0.016357 0.488281 0.044434
v 0.018188 0.480469 0.058838
v 0.024170 0.480469 0.053955
v 0.021729 0.490234 0.039307
v 0.010071 0.498047 0.033691
v 0.275391 -0.031982 0.036377
v 0.273438 -0.032471 0.033936
v 0.277344 -0.032959 0.033447
v 0.273438 -0.025391 0.036377
v 0.275391 -0.031128 0.037598
v -0.004456 0.386719 0.066895
v -0.080078 -0.488281 0.083984
v -0.078125 -0.486328 0.073730
v -0.086914 -0.482422 0.059082
v -0.074219 -0.480469 0.060791
v 0.050781 0.324219 -0.025513
v 0.059082 0.316406 -0.034424
v 0.044434 0.308594 -0.043945
v 0.040283 0.333984 -0.021484
v 0.040039 0.332031 -0.009888
v 0.040527 0.320312 -0.038574
v 0.054688 0.322266 -0.012390
v 0.023193 0.126953 0.069824
v -0.003571 0.131836 0.075195
v 0.003448 0.127930 0.074219
v 0.045898 0.126953 0.055420
v -0.000137 0.098145 0.071289
v -0.000282 0.153320 0.072266
v 0.024658 0.098633 0.068359
v -0.043701 0.414062 0.019043
v 0.007477 0.425781 -0.047363
v 0.007996 0.435547 -0.048584
v 0.098633 -0.494141 0.075684
v 0.097656 -0.498047 0.076660
v 0.094727 -0.488281 0.068848
v 0.103027 -0.494141 0.072754
v 0.100586 -0.492188 0.067871
v 0.103027 -0.496094 0.080566
v -0.021240 0.337891 0.017700
v -0.028320 0.345703 0.007751
v 0.033691 0.400391 0.047363
v 0.027710 0.400391 0.054932
v 0.143555 0.172852 0.002274
v 0.127930 0.190430 0.006500
v -0.020874 0.419922 0.067383
v -0.015625 0.419922 0.070312
v -0.071777 -0.496094 0.025879
v -0.113281 -0.498047 0.036377
v -0.088867 -0.496094 0.006531
v -0.078613 -0.498047 0.006104
v -0.000679 0.228516 0.077148
v -0.000557 0.214844 0.084473
v 0.281250 -0.013489 0.028687
v 0.279297 -0.021240 0.031494
v 0.277344 -0.026001 0.028687
v -0.008362 0.400391 0.062988
v -0.009583 0.406250 0.061279
v -0.006927 0.396484 0.064453
v -0.006470 0.400391 0.065430
v -0.242188 0.005524 0.065918
v -0.246094 0.012817 0.057129
v -0.246094 0.015991 0.053711
v 0.043701 0.441406 0.004272
v 0.043457 0.441406 0.013794
v 0.041748 0.453125 -0.006256
v 0.042236 0.457031 0.004089
v 0.042480 0.431641 -0.009277
v 0.070801 -0.291016 0.003189
v 0.070801 -0.335938 -0.005676
v -0.100098 0.300781 -0.038330
v 0.071289 -0.310547 -0.084961
v 0.065430 -0.243164 -0.084473
v -0.006165 0.371094 0.050293
v -0.078613 -0.492188 0.094727
v -0.081543 -0.494141 0.095215
v -0.078125 -0.498047 0.091797
v -0.075195 -0.492188 0.084961
v 0.096191 0.242188 0.009949
v 0.123047 0.230469 0.008057
v 0.110352 0.251953 0.009521
v 0.087402 0.232422 -0.002136
v 0.105469 0.222656 0.007507
v 0.245117 0.001289 0.063965
v -0.041016 0.404297 -0.009888
v -0.125000 -0.098145 0.025757
v -0.094727 -0.100098 0.042725
v -0.121582 -0.097168 -0.007568
v 0.021851 0.402344 -0.033936
v 0.271484 0.013977 0.063477
v -0.013489 0.500000 0.019043
v -0.025757 0.496094 0.005646
v -0.024780 0.494141 0.015564
v -0.001274 0.498047 0.019409
v -0.013672 0.500000 0.003677
v -0.020508 0.494141 0.025879
v -0.010498 0.500000 0.029663
v -0.158203 0.163086 -0.052734
v -0.148438 0.175781 -0.055176
v 0.038086 0.441406 0.040039
v 0.034912 0.429688 0.041260
v 0.041992 0.443359 0.026245
v 0.056641 -0.429688 -0.030518
v 0.052002 -0.388672 -0.027588
v -0.015991 0.373047 0.054932
v -0.018555 0.376953 0.054688
v -0.019653 0.373047 0.049072
v -0.013733 0.371094 0.055420
v -0.015625 0.367188 0.052002
v -0.115723 -0.384766 -0.048584
v -0.122070 -0.310547 -0.024170
v -0.121094 -0.382812 -0.051025
v -0.142578 -0.382812 -0.030273
v 0.271484 -0.002548 0.026489
v 0.271484 0.000839 0.041992
v -0.015259 0.417969 0.065918
v -0.014893 0.416016 0.063477
v -0.086426 0.226562 0.024536
v -0.082031 0.188477 0.032471
v 0.047363 0.455078 -0.013306
v 0.100098 -0.167969 0.043457
v 0.094727 -0.100098 0.042969
v -0.281250 -0.010376 0.064453
v -0.281250 -0.019531 0.072754
v 0.038574 0.400391 0.009705
v 0.039551 0.406250 0.009399
v 0.041748 0.396484 0.007874
v -0.021973 0.271484 -0.059082
v -0.000725 0.269531 -0.057373
v -0.043701 0.277344 -0.057129
v -0.086426 -0.251953 0.001266
v -0.091797 -0.289062 -0.010315
v -0.071289 -0.291016 0.003616
v -0.067871 -0.251953 0.013977
v 0.001465 0.390625 0.073730
v 0.002731 0.390625 0.072266
v 0.001572 0.392578 0.077637
v -0.007294 0.166992 -0.050537
v -0.030273 0.433594 0.049805
v -0.039307 0.437500 0.053467
v -0.042725 0.435547 0.040771
v -0.279297 -0.012756 0.029175
v -0.275391 -0.012878 0.026611
v 0.004639 0.406250 0.062988
v 0.009033 0.408203 0.060547
v 0.006378 0.410156 0.061523
v 0.091309 -0.472656 0.017700
v 0.087402 -0.466797 -0.002914
v 0.099121 -0.482422 0.034180
v 0.084473 -0.457031 0.003647
v -0.004639 0.369141 0.061768
v -0.045166 -0.229492 0.019653
v -0.040527 -0.208008 0.024902
v -0.066406 -0.226562 0.027588
v -0.049072 -0.250000 0.008728
v -0.036377 -0.249023 -0.005066
v 0.031982 0.382812 -0.042236
v 0.031738 0.355469 -0.048828
v 0.030518 0.369141 -0.035400
v -0.043213 0.449219 -0.005066
v -0.043945 0.441406 0.011536
v -0.095703 -0.490234 0.068848
v -0.101074 -0.492188 0.067871
v 0.033936 0.345703 -0.016968
v 0.029785 0.357422 -0.012451
v 0.025635 0.349609 -0.024902
v 0.031982 0.335938 -0.030396
v 0.283203 -0.012634 0.045898
v 0.283203 -0.000839 0.037109
v -0.003967 0.406250 -0.058594
v 0.009399 0.404297 -0.063965
v -0.099609 0.198242 -0.023071
v -0.091797 0.215820 -0.021606
v -0.093750 0.220703 -0.004822
v 0.026245 0.472656 0.060547
v 0.019043 0.472656 0.067871
v 0.023926 0.460938 0.069336
v 0.029663 0.480469 0.047119
v 0.033447 0.472656 0.049805
v 0.033691 -0.099609 -0.090332
v -0.035645 0.394531 0.033447
v -0.040283 0.394531 0.033203
v -0.035156 0.392578 0.030884
v -0.273438 -0.031494 0.037354
v -0.275391 -0.032715 0.035400
v 0.001183 0.390625 0.068848
v 0.174805 0.184570 -0.041260
v 0.156250 0.189453 -0.047607
v -0.011475 0.490234 0.042725
v -0.026978 0.067383 0.067871
v 0.046631 0.417969 0.018921
v 0.047607 0.427734 0.022095
v 0.045166 0.419922 0.029907
v 0.042236 0.410156 0.028076
v 0.044922 0.416016 0.010864
v 0.089844 -0.486328 0.069336
v 0.088379 -0.492188 0.083008
v 0.095703 -0.492188 0.078613
v 0.085449 -0.482422 0.059570
v 0.093262 -0.490234 0.082031
v -0.056152 0.316406 -0.039307
v -0.066406 0.312500 -0.041016
v -0.253906 0.020508 0.063965
v -0.269531 0.010254 0.063965
v -0.265625 0.006561 0.060059
v -0.259766 0.023193 0.060547
v 0.028320 0.466797 -0.020874
v 0.037109 0.460938 -0.014709
v 0.026001 0.474609 -0.009827
v 0.035400 0.466797 -0.008179
v 0.279297 -0.033203 0.079102
v 0.281250 -0.033691 0.077637
v 0.277344 -0.033203 0.077148
v -0.065430 -0.500000 -0.034912
v 0.043213 0.281250 0.033691
v 0.050537 0.294922 0.019287
v 0.033936 0.273438 0.041992
v -0.020142 0.410156 0.059814
v -0.022461 0.410156 0.057861
v -0.113770 -0.500000 0.047119
v -0.113770 -0.500000 0.057373
v 0.017700 0.271484 -0.059082
v 0.250000 -0.006683 0.070801
v 0.250000 0.001808 0.066895
v 0.245117 -0.007599 0.067871
v 0.250000 -0.004730 0.073730
v -0.035645 0.392578 -0.013062
v -0.030518 0.388672 -0.008240
v -0.028076 0.167969 -0.048340
v 0.034912 0.453125 0.047119
v 0.031738 0.439453 0.052734
v 0.085449 -0.333984 -0.016357
v 0.085449 -0.251953 0.000774
v 0.091309 -0.291016 -0.011047
v -0.007172 0.378906 0.063477
v -0.010254 0.380859 0.061768
v -0.010071 0.380859 0.058105
v -0.008362 0.378906 0.060547
v -0.250000 0.028076 0.032471
v -0.261719 0.012268 0.030884
v -0.253906 0.023926 0.018555
v -0.249023 0.038818 0.015320
v -0.244141 0.041504 0.028076
v -0.239258 0.031494 0.041992
v -0.241211 0.042725 0.035645
v 0.014160 0.416016 0.065430
v 0.014221 0.416016 0.062988
v 0.017822 0.416016 0.062988
v 0.018311 0.417969 0.064453
v -0.000374 0.373047 0.059570
v -0.000412 0.369141 0.051025
v 0.002197 0.378906 0.064453
v 0.003326 0.373047 0.059082
v -0.083496 -0.100586 0.071777
v 0.032471 0.394531 0.002274
v 0.026611 0.382812 -0.001953
v 0.029175 0.388672 -0.008789
v 0.034180 0.396484 -0.002914
v 0.036621 0.408203 0.004272
v 0.092285 0.220703 -0.004028
v 0.089355 0.216797 -0.021362
v 0.102539 0.201172 -0.004211
v 0.112793 0.207031 0.006378
v -0.037598 0.455078 -0.037109
v -0.045654 0.455078 -0.027344
v -0.273438 0.007141 0.065918
v -0.275391 0.013977 0.061768
v -0.275391 -0.005005 0.070801
v -0.269531 0.003250 0.063477
v 0.013855 0.500000 0.022949
v 0.025024 0.496094 0.024536
v -0.007599 0.361328 -0.023438
v -0.004852 0.376953 -0.022217
v -0.060303 -0.445312 -0.004608
v -0.054443 -0.429688 -0.022583
v -0.059814 -0.427734 -0.010925
v 0.017212 0.376953 0.054443
v 0.013855 0.376953 0.057617
v 0.158203 0.121582 -0.016968
v 0.162109 0.121094 -0.032227
v 0.161133 0.138672 -0.048828
v -0.033691 0.417969 0.045654
v -0.036865 0.416016 0.038086
v -0.030151 0.414062 0.050537
v -0.031738 0.419922 0.052490
v -0.034180 0.412109 0.045898
v -0.032959 0.427734 0.050537
v -0.072754 -0.310547 -0.084961
v -0.113770 -0.382812 -0.088867
v -0.103516 -0.242188 -0.077148
v -0.069824 -0.242188 -0.082520
v -0.053711 -0.384766 -0.107422
v -0.109375 -0.310547 -0.084473
v 0.012512 0.373047 0.043457
v 0.013062 0.378906 0.042969
v 0.257812 0.046631 0.014282
v 0.247070 0.047119 0.014832
v 0.241211 0.055664 0.010193
v -0.014893 0.414062 0.062988
v -0.011719 0.414062 0.061035
v -0.241211 0.002045 0.067871
v -0.240234 -0.006989 0.070801
v -0.246094 0.003967 0.063477
v -0.245117 -0.007599 0.067871
v 0.034424 0.402344 -0.018066
v 0.028198 0.390625 -0.019653
v 0.029297 0.400391 -0.029175
v 0.034668 0.394531 -0.011780
v 0.077148 -0.496094 0.091309
v 0.077148 -0.494141 0.094238
v 0.080078 -0.500000 0.083496
v 0.010559 0.406250 0.057373
v 0.014282 0.406250 0.059326
v 0.012695 0.410156 0.060059
v 0.008240 0.412109 0.057373
v 0.014465 0.404297 0.057861
v -0.084961 0.230469 -0.036865
v -0.052002 -0.388672 -0.026489
v -0.038574 -0.337891 -0.026367
v 0.011780 0.376953 0.059570
v 0.014160 0.378906 0.058594
v 0.011658 0.378906 0.060303
v 0.010071 0.378906 0.059814
v 0.130859 0.166016 -0.037354
v 0.015015 0.363281 0.033691
v 0.007507 0.359375 0.034668
v 0.018433 0.365234 0.025635
v 0.014526 0.361328 0.042236
v 0.273438 -0.000854 0.022705
v 0.275391 -0.010986 0.025391
v -0.007111 0.412109 0.061523
v -0.005951 0.406250 0.062988
v -0.009277 0.412109 0.060303
v -0.010498 0.410156 0.060547
v -0.152344 0.164062 0.004303
v -0.163086 0.175781 0.002640
v -0.181641 0.155273 0.009705
v -0.135742 0.163086 -0.004944
v 0.038330 0.445312 -0.021118
v -0.281250 -0.014893 0.047119
v -0.283203 -0.028564 0.046387
v 0.009277 0.386719 -0.079102
v 0.005280 0.398438 -0.071777
v 0.253906 0.030762 0.060303
v 0.257812 0.045166 0.050293
v -0.039795 0.486328 0.000378
v -0.024292 0.121094 -0.035889
v -0.025146 0.143555 -0.039307
v -0.000168 0.096191 -0.044189
v -0.000069 0.121582 -0.037598
v 0.033447 0.414062 0.039062
v 0.039551 0.416016 0.038330
v 0.042969 0.427734 0.038086
v -0.006073 0.378906 0.062256
v -0.003845 0.376953 0.063965
v -0.008545 0.378906 0.064941
v -0.004730 0.378906 0.065918
v -0.236328 0.052490 0.036133
v -0.000610 0.423828 0.071777
v -0.007660 0.378906 0.059326
v -0.092285 -0.500000 0.086426
v 0.063477 0.310547 0.003189
v 0.054443 0.314453 0.002441
v 0.066406 0.040527 0.051758
v -0.039551 0.402344 -0.020508
v -0.081543 -0.498047 -0.018066
v 0.171875 0.125000 -0.044189
v 0.173828 0.124023 -0.032471
v 0.182617 0.133789 -0.051514
v 0.082031 -0.240234 0.019897
v 0.045166 -0.238281 0.048584
v 0.079590 -0.235352 0.003098
v -0.251953 0.014282 0.060791
v 0.027710 0.414062 -0.028198
v 0.012878 0.414062 -0.037354
v 0.030029 0.402344 -0.015564
v 0.021240 0.402344 -0.022705
v 0.039795 0.417969 -0.009705
v 0.035400 0.429688 -0.025757
v 0.104492 -0.496094 0.080566
v 0.105957 -0.498047 0.077148
v 0.104004 -0.500000 0.079590
v 0.102539 -0.500000 0.079590
v -0.009766 0.322266 0.024902
v -0.000366 0.322266 0.026978
v -0.037842 -0.168945 -0.096191
v -0.025513 -0.166992 -0.085938
v 0.034180 0.390625 0.031128
v 0.034912 0.392578 0.025879
v 0.101074 0.201172 -0.039551
v 0.098145 0.197266 -0.022583
v -0.026855 0.457031 0.067383
v -0.190430 0.171875 -0.021729
v -0.187500 0.171875 0.000301
v -0.172852 0.184570 -0.004913
v -0.175781 0.184570 -0.042236
v -0.191406 0.168945 -0.043701
v -0.179688 0.190430 -0.022217
v 0.277344 -0.027100 0.049316
v -0.003845 0.392578 0.075195
v -0.004242 0.396484 0.073730
v 0.105957 0.263672 -0.051758
v 0.246094 0.021484 0.067871
v 0.240234 0.003647 0.070312
v 0.239258 0.020508 0.063477
v -0.042725 0.416016 0.006531
v -0.279297 -0.039307 0.069824
v -0.281250 -0.040283 0.070312
v -0.281250 -0.042236 0.068359
v -0.277344 -0.040283 0.068359
v -0.277344 -0.032471 0.066895
v 0.020264 0.388672 -0.014648
v 0.271484 0.037109 0.038574
v 0.271484 0.031250 0.023926
v 0.263672 0.050293 0.037842
v -0.267578 0.002106 0.024414
v -0.263672 0.009949 0.022705
v -0.267578 0.000458 0.031494
v 0.017334 0.410156 0.061035
v 0.051025 -0.466797 -0.031738
v 0.056152 -0.451172 -0.029541
v 0.059326 -0.453125 -0.036377
v 0.055420 -0.468750 -0.044189
v -0.098145 0.236328 0.007874
v -0.115234 -0.310547 -0.047852
v -0.142578 -0.310547 -0.032715
v -0.151367 -0.384766 -0.033447
v 0.007935 0.378906 0.059326
v 0.208008 0.126953 0.008972
v 0.214844 0.094238 0.023315
v 0.086914 -0.498047 0.083984
v -0.088379 0.225586 -0.019653
v -0.087402 0.230469 -0.036377
v 0.283203 -0.030762 0.051270
v 0.277344 -0.034668 0.052490
v 0.279297 -0.040283 0.054199
v 0.281250 -0.042236 0.051758
v -0.073242 -0.441406 0.000835
v -0.082031 -0.445312 -0.005219
v 0.009583 0.376953 0.060059
v 0.052246 0.094727 -0.037598
v 0.025635 0.095703 -0.044189
v 0.027954 0.071777 -0.057373
v -0.029053 0.416016 0.054443
v -0.275391 0.016846 0.026001
v -0.273438 0.007874 0.021484
v -0.275391 0.007507 0.024414
v -0.269531 0.032959 0.025513
v -0.265625 0.023926 0.018433
v -0.000496 0.417969 0.070312
v 0.093262 -0.332031 -0.038086
v 0.081055 -0.386719 -0.029297
v -0.013672 0.373047 0.043457
v 0.137695 0.234375 -0.001434
v -0.109863 -0.498047 0.067383
v -0.111328 -0.500000 0.065918
v -0.112305 -0.500000 0.063477
v 0.281250 -0.021240 0.068848
v 0.277344 -0.020264 0.068359
v 0.281250 -0.024780 0.070801
v 0.277344 -0.026611 0.070801
v -0.125977 0.191406 -0.050781
v -0.146484 0.182617 -0.050781
v -0.024658 0.380859 0.048828
v -0.283203 -0.012817 0.042236
v -0.030762 0.357422 -0.012085
v -0.030273 0.363281 0.002457
v -0.029053 0.375000 0.007996
v -0.051758 -0.498047 -0.032471
v -0.056885 -0.498047 -0.010803
v 0.065430 0.259766 0.034668
v 0.075195 0.243164 0.041016
v 0.240234 0.041992 0.035645
v 0.244141 0.040283 0.027466
v 0.251953 0.037598 0.015076
v -0.017578 0.410156 0.060791
v -0.013733 0.406250 0.061279
v -0.014343 0.410156 0.061279
v 0.003998 0.390625 0.067871
v 0.006042 0.392578 0.065918
v 0.215820 0.126953 -0.006378
v 0.000122 0.468750 0.058838
v 0.045898 0.416016 -0.000395
v 0.047119 0.416016 0.002625
v 0.047119 0.410156 -0.001259
v 0.046387 0.412109 -0.002533
v 0.046387 0.416016 0.003464
v 0.040527 0.416016 0.003082
v -0.082520 0.300781 -0.049072
v 0.261719 0.015503 0.058105
v 0.253906 0.015869 0.057617
v -0.028564 0.416016 -0.028198
v -0.015015 0.417969 -0.039307
v -0.022583 0.402344 -0.022949
v -0.037109 0.429688 -0.025635
v -0.089355 0.231445 -0.002213
v -0.092285 0.220703 -0.038574
v 0.043213 0.439453 0.046631
v 0.037842 0.458984 0.044922
v 0.039062 -0.168945 -0.095215
v -0.013794 0.386719 0.045898
v -0.271484 0.000343 0.023438
v -0.269531 -0.002014 0.026489
v 0.015442 0.410156 0.061279
v 0.018433 0.406250 0.059082
v 0.085449 -0.478516 -0.020142
v -0.005615 0.363281 0.061768
v -0.006866 0.359375 0.061035
v -0.000626 0.359375 0.062256
v -0.011414 0.365234 0.056396
v -0.000443 0.365234 0.062988
v -0.008667 0.369141 0.058594
v -0.083496 -0.310547 0.065918
v -0.096191 -0.310547 0.031738
v -0.054932 -0.238281 0.046143
v -0.048584 0.453125 0.018188
v -0.053223 0.441406 0.010559
v -0.006866 0.339844 -0.039062
v -0.014404 0.347656 -0.031494
v 0.244141 -0.004211 0.075684
v 0.029053 0.451172 0.055664
v 0.028564 0.464844 0.048584
v 0.068848 -0.159180 -0.030029
v 0.045898 -0.163086 -0.033203
v 0.075195 -0.207031 -0.029663
v -0.007050 0.390625 0.063965
v -0.007477 0.384766 0.064941
v -0.273438 -0.012268 0.027466
v 0.020996 0.400391 0.058594
v 0.071289 -0.488281 -0.051758
v 0.073730 -0.472656 -0.041748
v -0.000076 0.273438 0.039795
v -0.000458 0.255859 0.054199
v 0.017944 0.263672 0.050049
v -0.015747 0.281250 0.037109
v -0.018066 0.261719 0.050293
v 0.083984 0.221680 0.044922
v 0.011780 0.384766 0.057617
v 0.048584 -0.310547 0.059814
v 0.073242 -0.453125 -0.034180
v 0.087891 -0.466797 -0.023926
v -0.007233 0.373047 0.059326
v -0.032471 -0.169922 0.032715
v -0.093750 -0.496094 0.089844
v 0.041260 0.289062 0.031494
v 0.050537 0.300781 0.020020
v 0.058594 0.287109 0.023071
v 0.289062 -0.012756 0.056641
v 0.287109 -0.025391 0.060791
v -0.000465 0.406250 -0.034668
v -0.012573 0.402344 -0.029541
v 0.011536 0.402344 -0.028198
v -0.000511 0.421875 -0.044678
v 0.021851 0.414062 0.060791
v 0.022705 0.414062 0.058594
v 0.020264 0.414062 0.060791
v -0.024658 0.373047 0.040527
v -0.030273 0.380859 0.039551
v -0.000038 0.006439 0.074219
v 0.045898 0.416016 0.007629
v 0.043945 0.410156 0.003036
v 0.092285 -0.500000 0.053711
v 0.285156 -0.011719 0.060791
v -0.082031 -0.333984 -0.057129
v 0.011108 0.376953 0.053955
v -0.026001 0.417969 0.058838
v -0.263672 0.047852 0.022949
v -0.257812 0.045654 0.015320
v -0.261719 0.051025 0.037598
v -0.259766 0.035889 0.015747
v 0.100586 -0.291016 -0.036865
v 0.097168 -0.244141 -0.027466
v -0.084961 -0.492188 0.093750
v 0.062256 0.314453 0.000599
v 0.077637 0.310547 0.000896
v 0.235352 0.028809 0.059326
v -0.025146 0.478516 0.020874
v -0.114258 -0.027954 -0.009705
v 0.011963 0.359375 0.051025
v -0.064453 0.158203 0.041992
v 0.051758 0.441406 -0.010620
v 0.050293 0.458984 -0.001923
v 0.048584 0.431641 -0.010803
v -0.034424 0.382812 0.026733
v -0.034424 0.384766 0.016724
v -0.244141 0.004822 0.074219
v -0.250000 0.007751 0.070312
v 0.043457 0.412109 0.012024
v 0.151367 -0.384766 0.027222
v 0.011292 0.382812 0.061523
v 0.151367 0.163086 0.004181
v -0.080078 0.094238 -0.002655
v 0.063965 -0.453125 -0.039307
v -0.010742 0.375000 0.058838
v -0.166016 0.179688 -0.052490
v 0.002319 0.376953 0.065430
v -0.067871 -0.494141 0.009155
v -0.046631 0.400391 0.001709
v -0.044922 0.402344 0.004608
v -0.048096 0.404297 -0.001038
v -0.045654 0.400391 0.000469
v -0.283203 -0.016357 0.042725
v 0.096680 -0.496094 0.084961
v -0.002594 -0.167969 -0.072266
v 0.113281 0.178711 -0.022217
v -0.025879 0.441406 0.053711
v -0.027710 0.439453 0.052002
v -0.020630 0.445312 0.058350
v -0.085938 -0.333984 -0.016479
v -0.101074 -0.289062 -0.037598
v -0.093262 -0.333984 -0.038330
v 0.196289 0.146484 -0.050781
v -0.010559 0.412109 0.059570
v -0.011475 0.410156 0.060059
v -0.251953 0.031250 0.060547
v 0.032715 0.488281 0.033203
v -0.028809 0.390625 -0.021606
v 0.135742 0.202148 -0.053467
v 0.277344 -0.033447 0.074219
v 0.063965 0.298828 0.015076
v -0.026001 0.414062 0.056396
v -0.023560 0.412109 0.056885
v -0.275391 -0.010315 0.025757
v 0.088867 -0.496094 0.006195
v -0.049805 -0.291016 0.000927
v -0.033447 -0.292969 -0.015869
v -0.043457 0.431641 -0.009583
v -0.043701 0.429688 0.009521
v -0.005890 0.402344 -0.042236
v -0.015747 0.402344 -0.041992
v 0.011841 -0.167969 -0.080566
v 0.004669 -0.099609 -0.074707
v -0.035156 0.390625 0.036133
v -0.036133 0.388672 0.024292
v -0.033936 0.400391 0.046387
v -0.037598 0.402344 0.036865
v -0.030273 0.390625 0.047607
v -0.037842 0.394531 0.026489
v -0.001076 0.498047 0.006439
v -0.024170 0.394531 -0.031738
v 0.012695 0.380859 0.052979
v 0.013062 0.382812 0.045166
v 0.012756 0.382812 0.052490
v 0.261719 0.038086 0.014771
v -0.241211 0.003113 0.070312
v -0.113281 -0.498047 0.063965
v -0.039795 0.406250 0.015198
v -0.040771 0.406250 0.009338
v -0.005981 0.380859 0.067383
v -0.004364 0.382812 0.068359
v -0.042969 0.447266 -0.035645
v -0.041992 0.439453 -0.027710
v -0.281250 -0.015137 0.038818
v -0.030762 0.349609 -0.003464
v -0.034424 0.347656 -0.016968
v -0.030151 -0.099609 -0.085938
v 0.116211 0.182617 -0.003845
v -0.022705 0.468750 0.060791
v 0.002274 0.375000 0.065430
v 0.003754 0.371094 0.061768
v 0.281250 -0.012634 0.033447
v -0.090820 0.310547 -0.036865
v -0.000114 0.071289 -0.056885
v 0.061523 -0.484375 -0.053223
v 0.061768 -0.496094 -0.049561
v 0.050049 -0.484375 -0.047852
v 0.062256 -0.470703 -0.047607
v -0.040527 0.289062 0.031250
v -0.050049 0.300781 0.019165
v -0.055664 0.285156 0.026001
v 0.023438 0.476562 0.037354
v 0.012451 0.482422 0.041260
v 0.021484 0.466797 0.054443
v 0.275391 -0.032227 0.031738
v -0.003693 0.380859 0.063965
v 0.000053 0.384766 0.064453
v -0.007538 0.376953 0.061035
v -0.003967 0.378906 0.062988
v -0.000168 0.380859 0.064453
v 0.064941 0.320312 -0.013184
v 0.240234 0.048340 0.024902
v -0.249023 -0.013306 0.074707
v 0.040771 0.406250 -0.000946
v 0.113770 -0.498047 0.040283
v 0.007568 0.380859 0.065430
v 0.004517 0.378906 0.066895
v 0.006744 0.378906 0.064453
v 0.009949 0.378906 0.061523
v 0.080566 0.211914 -0.034668
v -0.028809 0.449219 0.054688
v 0.010132 0.416016 0.061768
v 0.049805 -0.310547 -0.104980
v -0.081543 -0.500000 0.083496
v -0.075195 -0.498047 0.084473
v -0.082031 -0.498047 0.091797
v 0.124023 0.261719 0.001053
v 0.242188 -0.006683 0.070312
v -0.283203 -0.029663 0.058350
v -0.277344 -0.035889 0.063477
v 0.259766 0.023438 0.060059
v 0.054443 -0.427734 -0.021606
v 0.057129 -0.386719 -0.013123
v 0.010010 0.468750 0.057861
v -0.006348 0.386719 0.058838
v -0.001656 0.384766 0.063477
v -0.073242 -0.490234 0.073242
v 0.241211 -0.005615 0.073242
v -0.046143 0.417969 0.029297
v 0.028809 0.392578 -0.003693
v 0.032715 0.390625 0.011169
v -0.012268 0.496094 -0.009460
v -0.138672 0.146484 -0.019775
v -0.062988 0.296875 0.014954
v 0.086914 -0.210938 -0.012939
v -0.034424 0.373047 -0.063965
v -0.281250 -0.041748 0.064941
v 0.009766 0.378906 -0.023560
v 0.023193 0.380859 -0.029419
v -0.032959 0.466797 0.034668
v 0.000252 0.045654 -0.066895
v -0.166992 0.202148 -0.022949
v 0.279297 -0.026611 0.031738
v -0.029419 -0.384766 0.103027
v -0.281250 -0.008423 0.068848
v 0.098145 -0.488281 0.051025
v 0.113770 -0.492188 0.041504
v -0.020020 0.314453 -0.047607
v -0.032959 0.335938 -0.031128
v -0.043945 0.306641 -0.045410
v -0.043213 0.318359 -0.038818
v -0.022827 0.296875 -0.051270
v 0.124023 0.190430 -0.051025
v 0.117188 0.182617 -0.040283
v 0.027222 -0.238281 0.046631
v 0.023315 0.439453 0.060791
v 0.032227 0.427734 0.051270
v -0.000328 0.378906 0.065430
v 0.001595 0.378906 0.064941
v -0.002045 0.376953 0.064941
v -0.047607 0.464844 0.011475
v 0.022095 0.474609 -0.030762
v 0.234375 0.057617 0.019775
v 0.008423 0.378906 0.061523
v -0.247070 -0.013733 0.073730
v -0.000458 0.414062 0.069824
v -0.025757 -0.239258 0.047119
v 0.039062 0.392578 0.007751
v -0.042725 0.429688 -0.025635
v -0.084961 -0.457031 0.003372
v 0.285156 -0.009766 0.059082
v -0.096680 0.227539 -0.050049
v -0.087402 0.241211 -0.046631
v -0.110352 0.210938 -0.050781
v -0.277344 -0.007324 0.071777
v 0.032959 0.419922 0.047119
v -0.026367 0.349609 -0.024902
v -0.071289 -0.500000 -0.016479
v 0.031006 0.045410 -0.069336
v -0.085938 -0.498047 0.092773
v -0.014221 0.412109 0.061035
v -0.063965 0.175781 0.041992
v 0.109863 -0.498047 0.066895
v 0.049316 0.166992 -0.041748
v -0.043213 0.281250 0.032715
v -0.051270 0.294922 0.017822
v -0.033691 0.271484 0.042480
v -0.000824 0.394531 0.079102
v -0.042236 0.416016 0.002441
v -0.047363 0.416016 -0.000221
v 0.004639 0.363281 0.061279
v 0.005707 0.359375 0.061035
v -0.244141 0.008667 0.072754
v -0.039062 0.404297 0.022827
v -0.023193 0.416016 0.055908
v -0.022095 0.417969 0.056152
v 0.010681 0.378906 0.053223
v -0.103027 0.201172 -0.039551
v 0.018188 0.453125 0.062256
v -0.036865 0.392578 0.017090
v -0.015015 0.476562 0.057373
v -0.002289 -0.312500 0.087402
v 0.080566 0.294922 0.010864
v 0.019287 0.406250 0.056641
v 0.022827 0.408203 0.055908
v 0.279297 -0.020508 0.034668
v -0.003845 0.402344 0.069824
v -0.002930 0.408203 0.070801
v -0.005859 0.396484 0.069824
v 0.028198 -0.312500 0.097168
v -0.060059 0.314453 0.002029
v -0.010986 0.378906 0.058350
v -0.027222 0.384766 -0.001556
v 0.008789 0.449219 0.067383
v -0.048828 0.410156 -0.001526
v -0.000450 0.369141 0.062988
v 0.191406 0.168945 -0.043457
v 0.012756 0.380859 0.043701
v 0.092285 -0.496094 0.089844
v 0.275391 -0.040283 0.053223
v -0.001198 0.496094 -0.007172
v 0.023560 0.414062 0.055664
v -0.047607 0.410156 -0.002945
v -0.046875 0.404297 -0.002686
v 0.010193 0.380859 0.057129
v -0.006714 0.335938 -0.060547
v 0.014771 0.437500 0.066895
v -0.029297 -0.312500 0.098145
v -0.024536 0.474609 0.037109
v -0.000069 0.378906 0.063965
v 0.003723 0.378906 0.062988
v -0.029297 0.460938 0.047607
v 0.016968 0.414062 0.062256
v 0.013794 0.414062 0.062256
v 0.019409 0.314453 -0.047119
v -0.058594 0.312500 -0.040283
v 0.279297 -0.028320 0.035645
v -0.000404 0.287109 -0.052734
v 0.022217 0.417969 0.056396
v 0.022095 0.296875 -0.050293
v -0.052305 -0.164442 0.002549
v 0.051734 -0.164678 0.002649
v 0.016178 0.412113 0.056978
vn -0.9109 0.0224 -0.4119
vn -0.9252 -0.2421 -0.2921
vn -0.9451 0.0835 -0.3158
vn -0.7272 0.2686 -0.6317
vn -0.4415 0.1659 -0.8818
vn -0.3147 -0.7605 -0.5679
vn -0.4941 -0.8530 -0.1681
vn 0.0429 0.4012 0.9150
vn 0.3328 0.5291 0.7806
vn 0.2910 0.2438 0.9252
vn -0.0506 0.1762 0.9830
vn -0.0086 0.3676 0.9299
vn -0.0572 0.5012 0.8635
vn 0.2139 0.5469 0.8094
vn -0.9672 -0.0731 -0.2434
vn 0.1528 -0.2769 -0.9487
vn -0.9075 -0.0319 -0.4188
vn -0.9930 -0.1179 0.0067
vn -0.0816 -0.2731 -0.9585
vn -0.5713 0.1816 0.8004
vn -0.6262 0.1439 0.7663
vn -0.3820 -0.0193 0.9239
vn -0.5349 -0.1353 0.8340
vn -0.4914 0.0295 0.8704
vn -0.4377 -0.0057 0.8991
vn -0.3537 -0.2103 0.9114
vn -0.3818 0.1005 0.9187
vn -0.3129 -0.0106 0.9497
vn -0.9562 0.1595 0.2453
vn -0.9595 0.1956 -0.2028
vn -0.9113 0.3105 0.2703
vn -0.9829 -0.0019 0.1841
vn -0.7171 0.1273 0.6852
vn -0.7504 0.0361 0.6601
vn 0.7930 -0.1574 -0.5885
vn 0.6969 -0.2187 -0.6830
vn 0.6666 -0.2812 -0.6903
vn 0.8347 -0.1727 -0.5229
vn 0.8618 -0.0220 -0.5068
vn 0.8699 0.0092 -0.4932
vn 0.7686 -0.0408 -0.6385
vn 0.1074 -0.1160 0.9874
vn 0.4449 -0.0255 0.8952
vn -0.1106 0.0449 0.9928
vn -0.6927 -0.5111 -0.5088
vn -0.2497 -0.3725 -0.8938
vn -0.0959 -0.2110 -0.9728
vn 0.4004 0.0533 0.9148
vn 0.1929 -0.0215 0.9810
vn 0.1913 -0.2196 -0.9566
vn -0.4791 0.8163 0.3226
vn -0.3775 0.6724 0.6367
vn -0.4696 0.8372 0.2803
vn -0.2910 0.6494 0.7026
vn -0.4399 0.8698 -0.2233
vn -0.8858 0.1519 0.4386
vn -0.9367 -0.1369 -0.3222
vn -0.8005 -0.2883 -0.5254
vn -0.7271 0.1946 0.6584
vn -0.9699 -0.1719 0.1725
vn -0.2790 0.1717 0.9448
vn 0.1529 0.3024 0.9408
vn 0.6891 -0.4743 -0.5479
vn 0.5645 -0.8167 0.1198
vn 0.7343 -0.6135 -0.2905
vn 0.9253 -0.2848 -0.2504
vn 0.5400 -0.4002 -0.7404
vn 0.8711 0.4518 0.1927
vn 0.3590 -0.9329 0.0303
vn 0.7400 -0.6725 -0.0136
vn 0.9524 0.2907 0.0918
vn 0.4021 0.8912 0.2097
vn 0.3885 0.8803 0.2723
vn 0.8217 0.3520 0.4482
vn -0.0225 0.5663 0.8239
vn 0.2329 0.6244 0.7456
vn -0.0036 0.9409 0.3388
vn -0.2428 0.5849 0.7739
vn -0.0093 0.1883 -0.9821
vn -0.0270 0.2127 -0.9768
vn -0.6341 0.2414 -0.7346
vn -0.9955 0.0942 0.0086
vn -0.8883 0.4244 -0.1754
vn 0.1990 0.2506 -0.9474
vn -0.5259 0.3551 -0.7729
vn -0.9799 0.1924 -0.0535
vn -0.2937 0.5380 -0.7901
vn 0.5483 -0.2085 0.8098
vn 0.6421 -0.0234 0.7663
vn 0.3744 -0.1147 0.9202
vn 0.6843 -0.4988 0.5318
vn 0.8434 -0.1221 0.5232
vn 0.3283 -0.1711 0.9289
vn 0.4946 -0.3847 0.7794
vn 0.2538 -0.1367 -0.9576
vn 0.2343 -0.0408 -0.9713
vn 0.4472 -0.2133 -0.8686
vn -0.0466 -0.0902 -0.9948
vn 0.0216 -0.0144 -0.9997
vn 0.1231 -0.2124 -0.9694
vn 0.4529 -0.2537 -0.8547
vn -0.9116 0.1088 0.3963
vn -0.8805 0.2849 0.3788
vn -0.8561 0.2709 0.4402
vn -0.9834 0.0916 0.1564
vn -0.9384 -0.1009 0.3305
vn -0.9395 -0.0651 0.3364
vn -0.8866 0.2837 0.3653
vn -0.7569 0.6135 0.2252
vn -0.8808 0.3379 -0.3318
vn -0.9024 0.2978 -0.3114
vn -0.8111 0.5249 0.2582
vn -0.2454 0.5751 0.7804
vn -0.3390 0.5810 0.7399
vn -0.7867 0.6016 0.1382
vn 0.3122 -0.1603 0.9364
vn -0.0582 -0.2155 0.9748
vn 0.3041 -0.4193 0.8554
vn 0.4508 -0.4596 0.7652
vn 0.1572 -0.3744 0.9138
vn -0.0753 0.2420 0.9674
vn 0.0602 0.2848 0.9567
vn 0.7861 0.0884 -0.6117
vn 0.8221 0.1628 -0.5456
vn 0.8972 0.1247 -0.4237
vn 0.8462 0.0628 -0.5291
vn 0.7166 0.0955 -0.6909
vn 0.6206 0.0837 -0.7797
vn 0.7597 0.0781 -0.6456
vn -0.5863 -0.0030 0.8101
vn -0.8285 0.2082 0.5199
vn -0.8279 -0.0892 0.5537
vn -0.5709 -0.0793 0.8171
vn -0.3952 0.0359 0.9179
vn 0.1691 -0.2984 -0.9393
vn -0.1577 -0.1991 -0.9672
vn 0.0974 -0.2586 -0.9611
vn 0.1208 -0.1720 0.9777
vn 0.0400 -0.3412 -0.9391
vn 0.8472 0.5306 -0.0282
vn 0.4758 0.6025 0.6408
vn 0.6585 0.3755 0.6522
vn 0.8749 0.4842 0.0098
vn 0.6313 0.5449 -0.5518
vn 0.6924 0.7201 0.0448
vn 0.6955 0.4411 -0.5672
vn -0.3929 -0.8165 -0.4231
vn -0.7300 -0.5767 -0.3666
vn -0.6959 -0.7154 -0.0630
vn -0.5405 -0.8387 -0.0660
vn -0.1783 -0.9299 -0.3219
vn -0.8264 -0.3450 -0.4450
vn -0.7975 -0.5463 -0.2562
vn -0.5038 -0.3743 -0.7785
vn -0.7139 -0.3321 -0.6165
vn -0.5411 -0.2381 -0.8066
vn -0.5237 -0.1901 -0.8304
vn -0.6380 -0.4199 -0.6455
vn -0.4194 -0.3209 -0.8492
vn -0.6266 -0.3352 -0.7036
vn -0.9026 0.0754 0.4239
vn -0.8786 0.0622 0.4735
vn -0.9985 0.0524 -0.0176
vn -0.9011 0.0925 0.4236
vn -0.6695 0.0574 0.7405
vn -0.9953 0.0819 0.0525
vn -0.7605 0.0597 0.6465
vn 0.3944 -0.3125 -0.8642
vn 0.5479 -0.6358 -0.5437
vn 0.1165 -0.6915 -0.7129
vn 0.5799 0.0863 -0.8101
vn 0.7116 -0.2470 -0.6578
vn -0.0014 -0.2657 -0.9641
vn 0.2333 0.0030 -0.9724
vn 0.9832 -0.1240 -0.1338
vn -0.2873 -0.8383 -0.4634
vn 0.6101 0.1491 0.7782
vn 0.6567 -0.2551 -0.7097
vn 0.8723 0.4242 0.2432
vn 0.8775 0.2556 0.4057
vn 0.8816 0.3032 0.3617
vn 0.7361 0.2692 0.6211
vn -0.6008 0.7603 -0.2469
vn -0.8037 0.5944 -0.0288
vn -0.5630 0.8248 -0.0524
vn -0.2757 0.8822 -0.3818
vn -0.6091 0.5612 -0.5604
vn -0.8422 0.4946 -0.2146
vn 0.2798 -0.8922 -0.3545
vn 0.3977 -0.9034 0.1606
vn 0.4864 -0.8356 -0.2553
vn 0.4338 -0.4338 -0.7897
vn 0.6945 -0.6199 -0.3652
vn 0.2284 -0.8553 -0.4652
vn 0.0508 -0.8133 -0.5796
vn 0.7541 -0.2922 0.5882
vn 0.8037 -0.2002 0.5603
vn 0.7613 -0.5174 0.3908
vn 0.7648 -0.0291 0.6436
vn 0.7371 0.1260 0.6640
vn 0.6564 -0.4665 0.5929
vn -0.9168 -0.2501 0.3114
vn -0.6819 -0.7307 0.0317
vn -0.3555 -0.9149 0.1910
vn -0.9144 -0.3405 0.2189
vn -0.9544 0.0833 0.2865
vn -0.9981 0.0605 -0.0139
vn -0.4499 -0.8735 0.1857
vn -0.5657 0.5941 0.5719
vn -0.7419 0.2207 0.6331
vn -0.2470 0.6002 0.7607
vn -0.2140 0.6826 0.6987
vn -0.4171 0.6232 0.6616
vn -0.7730 0.5083 0.3797
vn -0.8938 0.2675 0.3598
vn -0.4243 -0.3430 -0.8381
vn 0.7982 -0.2537 -0.5464
vn -0.3743 -0.3467 -0.8601
vn -0.9903 -0.0499 -0.1294
vn -0.9890 0.0417 0.1421
vn -0.3094 -0.3334 -0.8906
vn 0.7134 -0.3791 -0.5894
vn -0.9875 0.0550 -0.1475
vn 0.1669 -0.6907 -0.7036
vn 0.1836 -0.3366 -0.9236
vn 0.1653 -0.6210 -0.7662
vn 0.0116 -0.8640 -0.5034
vn 0.1384 -0.8403 -0.5242
vn 0.2078 -0.6358 -0.7434
vn -0.0794 -0.9887 0.1271
vn -0.0181 -0.9995 -0.0271
vn 0.5881 -0.8069 -0.0547
vn 0.8067 0.2643 0.5285
vn 0.2175 0.2538 0.9425
vn -0.3396 -0.9193 0.1991
vn -0.3079 0.5229 0.7949
vn -0.3317 0.2492 0.9099
vn -0.5571 0.2239 0.7997
vn -0.2295 0.5679 0.7904
vn -0.0531 0.4341 0.8993
vn -0.3434 0.5547 0.7578
vn -0.1913 -0.2111 0.9586
vn -0.1359 -0.4455 0.8849
vn -0.1779 -0.5616 0.8081
vn 0.3414 -0.5629 0.7527
vn 0.3200 -0.2639 0.9099
vn -0.5263 -0.1140 0.8426
vn 0.4245 -0.1791 0.8875
vn -0.2729 -0.1003 0.9568
vn 0.9324 -0.3589 0.0430
vn 0.9665 -0.2531 -0.0436
vn 0.9852 -0.1680 0.0335
vn 0.8213 -0.5554 0.1300
vn 0.8059 -0.5514 -0.2157
vn 0.8905 -0.3494 -0.2916
vn 0.9412 -0.2513 0.2258
vn 0.8774 -0.3940 0.2738
vn -0.8469 -0.5293 0.0515
vn -0.8312 -0.5468 0.1009
vn -0.7363 -0.5047 -0.4507
vn -0.7168 -0.5993 -0.3565
vn -0.7534 -0.5789 0.3120
vn -0.6297 -0.4112 0.6591
vn -0.5345 -0.5900 0.6051
vn 0.0284 -0.8748 0.4836
vn -0.0951 -0.7926 0.6023
vn -0.5036 -0.7351 0.4538
vn -0.6030 -0.4420 0.6641
vn -0.0703 -0.8396 0.5387
vn -0.2752 -0.8178 0.5054
vn -0.9624 0.0172 -0.2711
vn -0.6549 -0.1967 -0.7297
vn -0.7391 -0.0115 -0.6735
vn -0.9561 0.1649 -0.2420
vn -0.8695 0.1594 0.4674
vn -0.8525 -0.0303 0.5219
vn -0.9660 -0.1957 -0.1687
vn 0.7139 -0.0206 0.7000
vn 0.9486 -0.0729 0.3079
vn 0.6780 -0.1456 0.7205
vn 0.3892 -0.1053 0.9151
vn 0.1752 -0.1230 -0.9768
vn -0.7147 -0.4543 -0.5317
vn -0.4801 -0.4595 -0.7472
vn 0.3482 -0.0687 -0.9349
vn 0.7574 0.1779 -0.6282
vn 0.4493 -0.0867 -0.8892
vn 0.7995 0.4832 0.3567
vn 0.5656 0.3245 0.7582
vn 0.5617 -0.2471 0.7895
vn 0.5197 0.8444 0.1299
vn 0.3357 0.8633 0.3768
vn 0.6612 -0.2634 0.7025
vn -0.4579 -0.2812 0.8433
vn -0.7585 -0.2663 0.5948
vn -0.6539 -0.6306 0.4181
vn -0.4394 0.1602 0.8839
vn -0.0929 0.2549 0.9625
vn -0.3739 -0.6467 0.6648
vn -0.1160 -0.1703 0.9785
vn 0.8559 0.4949 0.1500
vn 0.7895 0.5784 -0.2053
vn 0.5652 0.8155 -0.1243
vn 0.6789 0.7319 0.0575
vn 0.8920 0.3909 0.2272
vn 0.9264 0.2836 0.2476
vn 0.9223 0.3782 0.0796
vn -0.4564 0.5073 0.7309
vn -0.9327 0.2304 0.2773
vn -0.5063 -0.2879 0.8129
vn 0.1809 0.3120 0.9327
vn -0.9338 -0.1369 0.3306
vn -0.6926 -0.0059 0.7213
vn -0.8202 0.3732 0.4335
vn -0.9598 0.2802 -0.0193
vn -0.8553 -0.4959 0.1502
vn -0.6967 -0.4351 0.5704
vn -0.9742 -0.2049 -0.0946
vn -0.5784 0.2284 0.7831
vn -0.2240 0.3244 0.9190
vn 0.5641 0.2638 0.7824
vn -0.9840 -0.1682 0.0595
vn -0.1896 0.3278 0.9255
vn -0.0736 -0.9343 -0.3487
vn 0.1780 -0.8122 -0.5556
vn 0.2579 -0.8236 -0.5051
vn 0.0761 -0.9879 -0.1348
vn 0.1931 -0.9229 -0.3331
vn 0.5163 0.6530 0.5542
vn 0.9464 0.3089 0.0948
vn 0.7438 0.6683 0.0107
vn 0.0530 0.2884 0.9560
vn 0.0959 0.1241 0.9876
vn 0.7726 0.0959 0.6276
vn 0.5946 0.5908 0.5454
vn -0.5053 0.4365 -0.7444
vn -0.3579 0.6277 -0.6913
vn -0.3516 0.6862 -0.6368
vn -0.2445 0.3639 -0.8988
vn -0.4899 0.1883 -0.8512
vn -0.4549 0.4490 -0.7690
vn -0.1157 0.5046 -0.8556
vn -0.8012 -0.1974 -0.5649
vn -0.9391 -0.2990 -0.1694
vn -0.7279 -0.3637 -0.5813
vn -0.4439 -0.3040 -0.8429
vn -0.4233 -0.2924 -0.8575
vn -0.9741 -0.1445 -0.1742
vn -0.4092 0.1240 -0.9040
vn -0.7595 0.3103 -0.5717
vn 0.7805 -0.4157 0.4670
vn 0.7205 0.0578 0.6910
vn 0.4473 -0.5914 0.6710
vn 0.5811 -0.6619 0.4734
vn 0.8947 -0.2497 0.3704
vn 0.8858 0.0131 0.4638
vn -0.0915 -0.3105 -0.9462
vn -0.9211 -0.2502 -0.2981
vn -0.8214 -0.2344 -0.5200
vn 0.5983 -0.2447 -0.7630
vn 0.6644 -0.2150 -0.7158
vn -0.3997 -0.0986 -0.9113
vn 0.5639 -0.0671 -0.8231
vn -0.0842 -0.1798 -0.9801
vn -0.9213 0.0640 0.3836
vn -0.9654 -0.0713 0.2508
vn -0.7831 -0.0870 0.6158
vn -0.6916 -0.0157 0.7221
vn -0.8929 0.0676 0.4451
vn -0.9675 0.1278 0.2181
vn -0.9771 0.0397 0.2089
vn -0.8945 0.4469 0.0133
vn -0.8085 0.3113 -0.4994
vn -0.8001 0.5947 0.0787
vn -0.8086 0.4056 0.4262
vn -0.9255 0.3701 0.0810
vn -0.9457 0.0856 -0.3137
vn 0.1176 -0.5749 0.8097
vn 0.0119 -0.5724 0.8199
vn 0.0171 -0.2672 0.9635
vn -0.3421 -0.4047 -0.8480
vn -0.8947 -0.0314 -0.4456
vn 0.1842 -0.3842 -0.9047
vn 0.5766 -0.6025 -0.5519
vn -0.9035 -0.4278 -0.0252
vn -0.8631 -0.5048 0.0113
vn -0.7865 -0.2614 0.5595
vn -0.2670 -0.9122 0.3108
vn -0.0313 -0.8733 0.4862
vn -0.6581 -0.5085 0.5553
vn -0.2677 -0.9417 0.2038
vn -0.2576 -0.9534 0.1574
vn -0.0265 -0.9994 0.0235
vn -0.0476 -0.9916 -0.1206
vn 0.1560 -0.9862 -0.0554
vn 0.0119 -0.9990 0.0424
vn -0.0340 -0.9994 0.0000
vn -0.0908 -0.9895 0.1125
vn 0.0199 -0.9966 0.0795
vn 0.2526 -0.1390 -0.9575
vn 0.0623 0.1158 -0.9913
vn 0.1047 0.2194 -0.9700
vn 0.2678 0.1199 0.9560
vn 0.0235 0.0325 0.9992
vn -0.0218 0.0558 0.9982
vn 0.1316 0.0639 0.9892
vn 0.3091 0.0395 0.9502
vn 0.5582 0.1781 0.8104
vn 0.4170 0.2126 0.8837
vn 0.4666 0.1039 0.8784
vn -0.9203 0.0047 0.3912
vn -0.1777 0.8740 0.4523
vn 0.0000 1.0000 0.0000
vn -0.9682 0.0098 0.2499
vn -0.8667 -0.2185 0.4484
vn -0.8499 -0.4560 0.2641
vn -0.7625 0.1188 0.6360
vn -0.9831 -0.0482 -0.1766
vn -0.5896 -0.2721 -0.7605
vn -0.8416 0.3262 0.4306
vn -0.6466 0.1817 0.7409
vn 0.2450 -0.7029 -0.6677
vn -0.8102 0.3051 0.5005
vn -0.8768 0.3574 0.3217
vn 0.0238 0.9956 -0.0903
vn -0.0255 0.9165 -0.3993
vn -0.3548 0.9147 -0.1934
vn -0.3833 0.9096 0.1604
vn 0.0200 0.9747 0.2226
vn 0.3443 0.9299 0.1294
vn 0.3377 0.9287 -0.1533
vn 0.9064 0.0746 0.4157
vn 0.9982 0.0383 -0.0464
vn 0.8869 0.0571 0.4584
vn 0.7612 0.0574 0.6459
vn 0.7655 0.0665 0.6400
vn 0.9133 0.0862 0.3981
vn 0.9971 0.0729 -0.0213
vn -0.6903 -0.7112 -0.1329
vn -0.5790 -0.5317 -0.6180
vn -0.2816 -0.8256 -0.4889
vn -0.8604 -0.3884 -0.3301
vn -0.5422 -0.7432 0.3921
vn -0.3029 -0.9490 0.0881
vn 0.9568 0.0690 0.2825
vn 0.9709 0.0825 0.2248
vn 0.7996 0.3252 0.5049
vn 0.9699 0.1029 0.2205
vn 0.9016 -0.3784 0.2094
vn 0.9649 0.2001 -0.1703
vn 0.9975 0.0636 -0.0294
vn 0.9068 -0.2738 0.3207
vn 0.2409 0.5770 0.7804
vn 0.3637 0.2155 0.9062
vn 0.7414 0.1434 0.6556
vn 0.5607 0.5956 0.5752
vn 0.1816 0.7032 0.6874
vn 0.1289 0.2059 0.9700
vn 0.0415 0.6915 0.7212
vn 0.0027 0.5528 0.8333
vn 0.7584 0.3414 -0.5553
vn 0.8726 0.3066 -0.3803
vn 0.8770 0.2141 -0.4302
vn 0.7105 0.4330 -0.5547
vn 0.3788 0.3094 -0.8722
vn 0.3154 0.4668 -0.8262
vn 0.8187 0.2137 -0.5330
vn -0.6056 0.0808 0.7916
vn -0.6198 0.0175 0.7845
vn -0.6719 -0.0904 0.7351
vn -0.7913 0.0538 0.6090
vn -0.7020 -0.1145 0.7029
vn -0.7202 -0.2078 0.6620
vn -0.6742 0.1179 -0.7291
vn -0.8352 0.0752 -0.5448
vn -0.8480 0.1545 -0.5070
vn -0.6604 0.1163 -0.7419
vn -0.4463 0.0694 -0.8922
vn -0.3784 0.0847 -0.9217
vn -0.5571 0.0919 -0.8253
vn -0.8641 0.0659 -0.4989
vn -0.7317 -0.4921 -0.4717
vn -0.3756 -0.8783 -0.2960
vn -0.6033 -0.7754 -0.1864
vn -0.8727 -0.2887 -0.3936
vn -0.8298 -0.0523 -0.5556
vn -0.5814 -0.4456 -0.6807
vn 0.8849 0.3347 -0.3238
vn 0.7260 0.6378 0.2571
vn 0.7748 0.5463 0.3182
vn 0.4573 -0.1976 -0.8671
vn 0.4240 -0.3149 -0.8492
vn 0.8629 0.3323 -0.3809
vn 0.9105 0.3208 -0.2610
vn -0.3963 -0.1726 0.9018
vn -0.0329 -0.4453 0.8948
vn -0.4306 -0.3315 0.8394
vn 0.5180 -0.5081 0.6881
vn 0.6327 -0.6886 0.3542
vn 0.7628 -0.5631 0.3179
vn 0.6360 -0.4012 0.6592
vn 0.2291 -0.2668 0.9361
vn 0.4203 -0.2835 0.8620
vn 0.6758 -0.2301 -0.7002
vn 0.6033 -0.1273 -0.7873
vn 0.5556 -0.2958 -0.7770
vn 0.2296 -0.1268 -0.9650
vn 0.6378 -0.2939 -0.7119
vn 0.1069 0.9527 0.2844
vn 0.1525 0.9149 0.3738
vn -0.1875 0.9272 0.3243
vn -0.8789 0.3175 0.3559
vn -0.6998 0.6063 0.3776
vn 0.1564 0.9600 0.2324
vn -0.3249 0.9262 0.1913
vn 0.7339 0.6750 0.0758
vn -0.2694 0.8799 -0.3914
vn -0.4849 0.8716 0.0720
vn -0.3464 0.7241 0.5964
vn -0.2682 0.7167 0.6437
vn 0.7526 0.6487 0.1129
vn -0.7518 -0.0286 0.6588
vn -0.9541 0.0785 0.2890
vn 0.7232 -0.5574 -0.4077
vn 0.7753 -0.3142 -0.5479
vn 0.6707 -0.5113 -0.5374
vn -0.5761 0.0051 0.8174
vn -0.8998 -0.0099 0.4363
vn 0.3383 -0.4862 0.8057
vn -0.0026 -0.5723 0.8200
vn 0.1622 -0.8525 0.4969
vn 0.6825 -0.3961 0.6143
vn 0.4426 -0.1447 0.8850
vn 0.1356 -0.1966 0.9711
vn 0.6080 -0.6870 0.3980
vn -0.9303 -0.2656 0.2530
vn -0.6647 -0.3984 -0.6320
vn -0.5639 -0.1202 0.8171
vn -0.7364 -0.6664 0.1169
vn 0.0061 0.4179 0.9085
vn -0.0186 0.2343 0.9720
vn -0.9664 -0.0723 0.2465
vn -0.9793 -0.0946 0.1791
vn -0.9535 -0.0937 0.2865
vn -0.9855 -0.0690 0.1547
vn -0.9864 -0.0450 0.1584
vn -0.9743 -0.1263 0.1865
vn -0.9723 -0.0631 0.2250
vn -0.0675 -0.1098 -0.9917
vn 0.0192 -0.0931 -0.9955
vn -0.0046 -0.1567 -0.9876
vn -0.2569 -0.1587 -0.9533
vn -0.1595 -0.0159 -0.9871
vn 0.0043 -0.0061 -1.0000
vn -0.4249 -0.2384 -0.8733
vn -0.1245 -0.1977 -0.9723
vn 0.9280 0.2438 0.2818
vn 0.8707 0.3085 0.3831
vn 0.8991 0.2884 0.3292
vn 0.9722 0.0077 0.2341
vn 0.8405 0.3456 0.4172
vn 0.9708 0.1152 0.2105
vn 0.8572 0.1868 -0.4799
vn 0.9488 0.1745 -0.2634
vn 0.7907 0.1832 -0.5841
vn -0.9798 -0.0285 0.1979
vn -0.9779 0.1794 0.1077
vn 0.6002 0.0824 0.7956
vn 0.9868 -0.0428 -0.1562
vn 0.9855 -0.0686 0.1555
vn 0.5838 -0.5475 0.5995
vn -0.6421 0.0864 0.7617
vn 0.5781 0.1662 0.7989
vn -0.6431 0.1437 0.7522
vn -0.0233 0.6026 0.7977
vn 0.2680 0.4470 0.8534
vn 0.1620 -0.1820 0.9699
vn 0.0731 0.4572 0.8864
vn -0.0723 0.0113 0.9973
vn 0.1818 -0.1448 0.9726
vn 0.8464 -0.0306 -0.5317
vn 0.4803 0.0670 -0.8746
vn 0.9140 -0.0299 -0.4046
vn -0.7800 -0.2659 0.5665
vn -0.5396 -0.4906 0.6842
vn 0.4059 -0.0313 -0.9134
vn 0.7082 0.0998 -0.6989
vn 0.8587 0.0792 -0.5063
vn -0.8460 -0.4463 0.2917
vn 0.0000 -1.0000 0.0000
vn -0.3534 -0.9341 -0.0517
vn 0.0081 -0.9878 0.1555
vn 0.2954 -0.9516 -0.0844
vn 0.3826 -0.8889 0.2519
vn -0.4816 -0.8436 0.2373
vn -0.0092 -0.9328 0.3604
vn -0.5033 0.0752 0.8608
vn -0.0236 0.0526 0.9983
vn -0.3381 0.0586 0.9393
vn -0.7946 0.0650 0.6037
vn -0.2517 0.0553 0.9662
vn -0.2301 0.0491 0.9719
vn 0.6514 -0.5090 0.5626
vn 0.9822 -0.1338 0.1322
vn 0.7456 -0.5672 -0.3499
vn 0.7813 -0.4061 0.4740
vn 0.6683 -0.6033 0.4353
vn 0.5143 -0.5317 0.6729
vn 0.8026 -0.0110 0.5964
vn 0.9603 -0.1351 0.2440
vn 0.9491 -0.2837 0.1367
vn 0.8416 -0.5040 0.1942
vn -0.9401 0.1355 -0.3128
vn -0.9777 0.1470 -0.1499
vn -0.9497 0.0931 -0.2990
vn -0.9833 -0.0791 -0.1637
vn -0.9970 0.0346 -0.0689
vn -0.9202 0.0436 -0.3891
vn -0.8507 0.0578 -0.5225
vn -0.0258 -0.3555 -0.9343
vn 0.7263 -0.1810 -0.6631
vn 0.9874 -0.0451 -0.1516
vn 0.3447 -0.4981 -0.7957
vn -0.5040 -0.5062 -0.6998
vn -0.9252 -0.2907 -0.2441
vn -0.1915 -0.4128 -0.8905
vn -0.0563 0.1431 0.9881
vn -0.0918 -0.0235 0.9955
vn 0.1839 0.0269 0.9826
vn -0.2642 -0.0122 0.9644
vn 0.3059 0.1471 0.9406
vn -0.1998 0.1633 0.9661
vn -0.0036 -0.0761 -0.9971
vn -0.1296 0.1003 -0.9865
vn 0.2553 0.2837 -0.9243
vn 0.2760 0.2577 -0.9260
vn -0.5180 -0.2951 -0.8028
vn -0.4411 -0.3803 -0.8129
vn -0.0610 -0.0590 -0.9964
vn -0.2476 0.7011 0.6686
vn 0.0888 0.4048 0.9101
vn -0.5640 0.4990 0.6580
vn -0.3363 0.3144 0.8877
vn -0.1626 0.8003 0.5771
vn -0.5608 0.1863 0.8067
vn -0.5124 0.1843 0.8387
vn -0.6386 0.1081 0.7619
vn -0.2839 0.1194 0.9514
vn -0.3733 0.1041 0.9218
vn -0.1542 0.0805 0.9848
vn -0.7551 0.1071 0.6468
vn 0.9640 -0.2420 0.1102
vn -0.3902 -0.2665 -0.8813
vn 0.9497 -0.0768 0.3036
vn 0.8109 0.0424 0.5836
vn 0.9154 -0.3816 0.1278
vn -0.3553 -0.9345 -0.0195
vn -0.2198 -0.9752 -0.0247
vn -0.8861 -0.4633 0.0101
vn -0.0199 -0.9990 -0.0406
vn 0.0475 -0.9937 -0.1020
vn -0.2024 -0.1150 -0.9725
vn -0.4883 -0.2309 -0.8416
vn -0.2273 -0.3911 -0.8918
vn -0.1493 0.1528 -0.9769
vn -0.0558 0.1991 -0.9784
vn -0.0495 -0.2426 -0.9689
vn 0.4050 0.1153 0.9070
vn 0.2893 0.1720 0.9417
vn 0.7553 -0.4880 0.4374
vn 0.6936 -0.3736 0.6159
vn 0.5154 0.1041 0.8506
vn 0.5261 0.2478 -0.8135
vn 0.2717 0.3598 -0.8926
vn 0.5224 0.4830 -0.7027
vn 0.6572 0.1248 -0.7433
vn 0.6703 0.0947 -0.7360
vn 0.5651 0.3341 -0.7543
vn 0.4015 -0.1519 -0.9032
vn 0.4005 -0.0600 -0.9144
vn 0.0927 0.3636 0.9269
vn 0.5365 0.2228 0.8140
vn -0.6287 0.3147 0.7112
vn -0.3764 0.2087 0.9026
vn 0.6220 0.0477 0.7816
vn -0.8670 0.2271 0.4436
vn 0.9691 -0.2243 0.1031
vn 0.1328 -0.9540 -0.2687
vn -0.0832 -0.9097 -0.4069
vn -0.0315 -0.8408 -0.5404
vn -0.0406 -0.8745 -0.4834
vn -0.2592 -0.9283 -0.2667
vn 0.6446 -0.1067 -0.7570
vn 0.8746 0.1247 -0.4685
vn 0.7884 0.2562 -0.5593
vn 0.1236 -0.2895 -0.9492
vn 0.9281 -0.2429 -0.2822
vn -0.1748 0.2785 -0.9444
vn -0.3959 -0.0891 -0.9140
vn 0.9223 -0.0721 -0.3798
vn 0.7391 -0.3212 0.5921
vn 0.6190 -0.2013 0.7591
vn 0.6941 -0.0615 0.7173
vn 0.6184 -0.3296 0.7134
vn 0.8113 -0.3048 0.4989
vn 0.8106 -0.4921 0.3174
vn 0.7519 -0.4521 0.4798
vn 0.9559 0.2034 -0.2119
vn 0.7567 0.3160 -0.5723
vn 0.7895 -0.2025 -0.5794
vn 0.9175 0.3710 0.1436
vn 0.8883 0.3853 -0.2500
vn 0.9747 -0.1438 -0.1710
vn 0.9822 0.0202 0.1866
vn 0.9424 0.1892 0.2760
vn -0.1581 -0.3359 0.9286
vn -0.1002 -0.9387 0.3299
vn -0.4322 -0.3459 -0.8328
vn -0.4004 -0.3189 -0.8591
vn -0.5131 -0.1623 -0.8428
vn 0.2697 -0.7438 -0.6116
vn 0.3609 -0.7540 -0.5488
vn 0.3200 0.3227 0.8908
vn 0.2556 -0.7857 0.5633
vn 0.6938 -0.3845 0.6090
vn 0.8584 0.1568 0.4885
vn -0.0018 0.1729 0.9849
vn -0.0563 0.4305 0.9008
vn 0.9520 0.1707 -0.2540
vn 0.9608 0.0142 -0.2767
vn 0.0629 -0.0009 0.9980
vn 0.8495 -0.0316 0.5266
vn 0.8879 0.3242 0.3264
vn -0.2677 0.4923 0.8282
vn -0.7233 0.1335 0.6775
vn -0.5543 -0.2750 0.7856
vn -0.2112 0.4250 0.8802
vn 0.0797 0.8103 -0.5806
vn 0.4681 0.7112 -0.5244
vn -0.1473 0.9841 -0.0990
vn -0.2279 -0.3596 0.9049
vn -0.1973 0.0748 0.9775
vn -0.0524 0.0672 0.9964
vn 0.0313 0.0554 0.9980
vn -0.1510 0.0219 0.9883
vn -0.2549 0.0318 0.9665
vn 0.0040 0.0629 0.9980
vn -0.1322 0.0410 0.9904
vn 0.0055 -0.3604 -0.9328
vn 0.4047 -0.3424 -0.8479
vn -0.3770 -0.1046 -0.9203
vn -0.4641 -0.3879 -0.7963
vn 0.5729 -0.2559 0.7786
vn -0.8194 0.5453 0.1765
vn -0.6501 0.7135 0.2612
vn -0.6139 0.7633 0.2011
vn -0.6922 0.7022 0.1667
vn -0.8669 0.4649 0.1797
vn -0.8041 0.4668 0.3682
vn -0.9407 0.3300 0.0785
vn -0.8956 -0.4448 -0.0119
vn -0.1607 -0.9377 0.3081
vn -0.7955 0.4908 0.3554
vn -0.7973 0.5909 0.1229
vn -0.4853 -0.8743 -0.0077
vn 0.0934 -0.9915 -0.0901
vn 0.5182 0.2120 0.8286
vn 0.3063 0.5994 0.7396
vn 0.4394 0.6238 0.6464
vn 0.6051 0.4025 0.6869
vn -0.6953 -0.3684 -0.6172
vn 0.3810 -0.3920 -0.8374
vn -0.7647 -0.2338 -0.6005
vn -0.9146 0.0273 0.4034
vn 0.2672 -0.3443 -0.9000
vn -0.6159 -0.7057 -0.3502
vn -0.5546 0.6415 0.5300
vn -0.4425 0.8644 0.2386
vn -0.7424 0.6658 0.0746
vn -0.5542 0.3367 0.7613
vn -0.2522 0.4562 0.8534
vn -0.1045 0.7847 0.6110
vn 0.6846 -0.7274 -0.0464
vn 0.3946 0.2368 0.8878
vn 0.5250 -0.0328 0.8505
vn 0.7169 0.4204 0.5561
vn -0.1236 0.3763 0.9182
vn 0.1086 -0.0502 0.9928
vn 0.0526 0.7665 0.6401
vn -0.5192 0.0164 -0.8545
vn -0.5223 -0.0252 -0.8524
vn 0.0233 0.0151 -0.9996
vn 0.1886 0.0770 -0.9790
vn -0.4581 0.0152 -0.8888
vn -0.4993 0.0197 -0.8662
vn -0.5221 0.5442 0.6566
vn -0.8497 0.5270 0.0166
vn -0.6879 0.3768 0.6203
vn -0.3135 0.4144 0.8544
vn -0.7208 0.6923 0.0325
vn -0.2918 0.2603 0.9204
vn -0.3417 0.1698 0.9244
vn -0.9851 0.0028 0.1720
vn -0.5818 -0.3239 -0.7461
vn -0.9699 0.0345 -0.2408
vn -0.9063 0.0499 -0.4196
vn -0.7953 0.0167 -0.6060
vn 0.6830 -0.5072 0.5256
vn 0.0449 -0.3626 0.9309
vn 0.3906 -0.1812 0.9025
vn 0.2204 -0.6183 0.7544
vn 0.4706 -0.7863 0.4003
vn 0.8118 0.0885 0.5772
vn 0.9394 0.0625 0.3370
vn 0.7072 -0.4446 0.5498
vn -0.3359 -0.1782 0.9249
vn -0.1809 -0.3865 0.9044
vn 0.2289 -0.2007 -0.9525
vn -0.0303 -0.2096 0.9773
vn -0.6108 -0.2293 0.7579
vn -0.5451 -0.8383 0.0125
vn -0.7177 -0.6403 0.2737
vn -0.7934 -0.5142 0.3258
vn -0.4952 -0.8598 -0.1243
vn -0.4410 -0.8941 0.0781
vn -0.7075 -0.7040 0.0608
vn -0.3114 0.0651 0.9480
vn -0.0171 0.0632 0.9979
vn -0.0063 0.0483 0.9988
vn 0.2259 0.0507 0.9728
vn 0.5934 -0.7710 0.2310
vn 0.8518 0.0106 0.5238
vn -0.1376 -0.9490 -0.2835
vn 0.9872 -0.1543 0.0410
vn 0.9938 -0.1063 0.0320
vn 0.9842 0.1280 0.1220
vn 0.8972 -0.2199 0.3830
vn -0.6783 0.6600 -0.3229
vn -0.7221 0.4379 -0.5355
vn -0.8541 0.3846 -0.3501
vn -0.6091 0.6829 -0.4032
vn -0.4699 0.8295 -0.3018
vn -0.5516 0.5632 -0.6152
vn -0.4367 0.8023 -0.4069
vn 0.1739 -0.9847 -0.0140
vn -0.6670 -0.7261 0.1668
vn -0.1452 -0.9841 0.1025
vn 0.1011 -0.9946 -0.0217
vn -0.0651 -0.9935 0.0936
vn 0.6238 -0.6430 0.4443
vn 0.0850 -0.9703 0.2266
vn -0.5248 -0.8282 0.1968
vn 0.0287 -0.9483 0.3161
vn -0.4963 0.8111 0.3096
vn 0.1133 0.5539 -0.8248
vn 0.0446 0.2860 -0.9572
vn -0.6440 0.6621 0.3833
vn -0.0769 0.3140 0.9463
vn -0.0964 0.2133 0.9722
vn 0.7998 0.1048 0.5911
vn 0.0056 0.3584 0.9335
vn -0.9905 -0.0127 0.1371
vn 0.9280 0.0990 0.3591
vn -0.9969 -0.0774 0.0103
vn 0.4887 -0.8717 -0.0356
vn 0.4190 -0.5614 0.7136
vn 0.4810 -0.6327 0.6069
vn 0.1961 -0.8108 0.5515
vn -0.3704 -0.8809 0.2947
vn 0.7303 -0.5151 -0.4487
vn 0.7263 -0.5293 -0.4385
vn 0.7686 -0.6397 0.0068
vn 0.5105 -0.3131 -0.8009
vn 0.8372 -0.5312 0.1302
vn 0.7272 -0.4899 -0.4808
vn 0.4209 -0.3697 -0.8284
vn -0.0157 -0.4937 0.8695
vn 0.5146 -0.5193 0.6823
vn 0.6875 -0.4178 0.5939
vn 0.4851 -0.3427 0.8045
vn 0.1637 -0.5900 0.7906
vn -0.1741 -0.4905 0.8539
vn -0.9305 -0.0915 0.3547
vn -0.4125 -0.1850 0.8920
vn -0.9354 -0.1151 0.3342
vn -0.9071 0.1853 -0.3779
vn -0.9761 -0.0291 -0.2155
vn -0.9565 -0.2162 0.1956
vn -0.5673 -0.1708 0.8056
vn -0.1723 -0.3792 0.9091
vn -0.1986 -0.7984 0.5685
vn -0.4329 -0.4151 0.8002
vn -0.6604 -0.0802 0.7466
vn -0.4105 -0.3610 0.8374
vn -0.4737 -0.3551 0.8059
vn -0.8859 0.0810 -0.4567
vn -0.8369 0.0814 -0.5413
vn -0.9185 0.0955 -0.3836
vn -0.8683 0.1201 -0.4812
vn -0.9979 0.0556 -0.0329
vn -0.5438 -0.4977 -0.6757
vn -0.4808 -0.5150 -0.7096
vn -0.4206 -0.6493 -0.6337
vn -0.0366 -0.9551 -0.2940
vn -0.3206 -0.5104 -0.7980
vn 0.3310 0.5882 0.7379
vn 0.2333 0.5659 0.7908
vn 0.7718 0.6144 0.1636
vn -0.1543 0.1773 0.9720
vn -0.3673 0.1954 0.9093
vn -0.1450 -0.0290 0.9890
vn -0.0394 0.1584 0.9866
vn -0.0088 0.2683 0.9633
vn -0.0040 0.0856 0.9963
vn -0.2746 0.3338 0.9018
vn -0.4379 0.2000 0.8765
vn -0.6301 0.1714 0.7574
vn -0.4738 0.0934 0.8757
vn -0.8802 0.3254 0.3455
vn -0.6000 0.1266 0.7899
vn 0.8227 -0.3278 -0.4645
vn 0.9343 -0.1320 -0.3312
vn 0.7673 -0.3900 -0.5090
vn 0.7993 -0.5507 -0.2406
vn 0.8942 -0.4443 0.0555
vn 0.0374 -0.9937 0.1053
vn 0.9206 -0.3900 0.0194
vn 0.2463 -0.9552 0.1642
vn 0.1439 -0.9863 0.0811
vn -0.7132 -0.6100 0.3453
vn -0.6513 0.6897 0.3166
vn -0.7891 0.2196 0.5736
vn -0.8978 0.3134 0.3094
vn -0.7344 0.6396 -0.2274
vn -0.4779 0.5672 0.6707
vn -0.4229 0.8468 -0.3225
vn 0.1795 0.5541 0.8128
vn 0.4125 0.6231 0.6646
vn 0.9658 0.2437 0.0881
vn 0.6348 0.1739 0.7528
vn -0.3120 0.5328 0.7866
vn -0.5259 0.5743 0.6274
vn -0.2432 0.6032 0.7596
vn 0.9996 0.0204 -0.0199
vn 0.4226 0.8893 -0.1747
vn 0.5931 0.7454 -0.3042
vn 0.1177 0.9924 -0.0363
vn 0.3533 0.9310 -0.0919
vn 0.3614 0.7712 -0.5241
vn 0.1027 0.9401 -0.3250
vn 0.9853 -0.1316 -0.1087
vn 0.1876 -0.3452 -0.9196
vn 1.0000 -0.0035 0.0009
vn 0.9231 -0.3040 -0.2354
vn 0.1647 -0.2839 -0.9446
vn 0.3434 0.2019 0.9172
vn 0.3691 0.2540 0.8940
vn -0.4338 0.4766 -0.7646
vn -0.1583 0.1282 -0.9790
vn -0.5697 0.1232 -0.8126
vn -0.6356 0.6964 -0.3333
vn -0.2199 0.7828 -0.5821
vn -0.1008 0.5293 -0.8424
vn -0.7867 0.4364 -0.4367
vn -0.1991 -0.0052 0.9800
vn 0.6968 -0.1063 0.7093
vn 0.5169 -0.1676 0.8395
vn -0.3224 -0.1479 0.9350
vn 0.0979 0.1347 0.9860
vn 0.4516 0.8443 0.2885
vn 0.6685 -0.0874 0.7385
vn -0.1825 0.9234 0.3377
vn -0.4882 0.7269 -0.4830
vn 0.5264 -0.0677 0.8475
vn -0.5726 0.7157 -0.3998
vn 0.1672 -0.2379 -0.9568
vn 0.0613 -0.2526 -0.9656
vn 0.0875 -0.3005 -0.9498
vn 0.4279 -0.2770 -0.8603
vn 0.4164 0.1366 -0.8989
vn 0.1293 0.0916 -0.9874
vn 0.0213 -0.2213 -0.9750
vn -0.5649 -0.4513 0.6908
vn -0.6600 -0.3748 0.6511
vn -0.9152 -0.1670 0.3668
vn -0.3348 -0.5613 0.7569
vn -0.0691 -0.4997 0.8634
vn 0.0173 -0.4879 0.8728
vn -0.7803 -0.2499 0.5733
vn -0.1117 0.7537 0.6476
vn 0.1869 0.8802 0.4362
vn 0.1674 0.7821 0.6003
vn -0.5057 0.8313 0.2307
vn -0.0091 -0.2075 0.9782
vn -0.0578 -0.1912 0.9799
vn 0.5045 -0.1393 0.8521
vn -0.5399 -0.1179 0.8334
vn 0.5310 -0.2178 0.8189
vn -0.0895 -0.3085 0.9470
vn -0.5335 -0.2018 0.8214
vn -0.7871 -0.6164 0.0230
vn -0.5981 -0.2315 0.7673
vn -0.8658 -0.4286 -0.2582
vn -0.8522 -0.3905 -0.3482
vn -0.7863 -0.4801 -0.3889
vn -0.0326 -0.3971 -0.9172
vn -0.2811 -0.3861 -0.8786
vn -0.8751 -0.3184 -0.3645
vn -0.7555 -0.4418 -0.4838
vn -0.9649 -0.1680 -0.2018
vn -0.9917 -0.1242 0.0340
vn -0.9914 -0.0801 -0.1032
vn -0.7443 -0.3275 -0.5820
vn -0.9443 -0.3014 -0.1322
vn -0.7318 -0.2154 -0.6466
vn 0.4689 -0.3424 0.8142
vn -0.0949 -0.5933 0.7993
vn 0.9220 0.1025 0.3735
vn 0.8284 0.3224 0.4581
vn 0.1570 -0.4248 0.8915
vn -0.2114 -0.5274 0.8229
vn 0.2713 -0.4689 0.8405
vn -0.6607 -0.5894 0.4648
vn -0.0007 -0.9999 -0.0130
vn 0.9740 -0.1592 -0.1611
vn 0.7514 0.6588 0.0369
vn 0.9925 -0.0165 0.1214
vn 0.8696 -0.2190 -0.4426
vn 0.7735 0.5219 -0.3596
vn 0.7783 -0.6231 0.0768
vn 0.6087 -0.7367 -0.2946
vn -0.8260 0.1804 -0.5340
vn -0.8859 0.1976 -0.4197
vn -0.8150 0.2622 -0.5167
vn -0.6118 0.1325 -0.7798
vn -0.4632 0.3169 -0.8277
vn 0.1678 -0.1802 0.9692
vn 0.8902 -0.2037 0.4075
vn 0.7935 -0.1596 0.5873
vn 0.4740 -0.5138 0.7151
vn 0.3444 -0.6592 0.6685
vn 0.0914 -0.2343 0.9678
vn 0.7744 -0.2794 -0.5677
vn 0.8893 0.3086 -0.3375
vn 0.7857 0.5884 -0.1910
vn 0.6857 -0.6028 -0.4078
vn 0.7281 -0.6365 -0.2545
vn 0.0030 0.6363 0.7714
vn 0.5060 0.8369 -0.2088
vn -0.0964 0.6289 0.7715
vn 0.0021 0.9232 -0.3843
vn 0.0681 0.5898 0.8047
vn -0.0156 0.6127 0.7901
vn 0.0034 0.6299 0.7766
vn 0.3203 -0.2592 -0.9112
vn -0.1447 -0.1750 -0.9739
vn 0.2146 -0.2013 -0.9557
vn -0.1022 -0.0962 0.9901
vn -0.7534 0.6508 0.0937
vn 0.3769 0.9140 -0.1504
vn 0.2556 0.7902 -0.5569
vn -0.7475 0.6434 0.1648
vn 0.3746 -0.6328 0.6777
vn 0.1253 -0.1686 0.9777
vn 0.1566 -0.5421 0.8256
vn -0.9700 -0.1357 0.2019
vn -0.9664 -0.2272 0.1199
vn -0.9641 0.0294 0.2639
vn -0.9848 -0.0607 0.1626
vn -0.9582 -0.1665 0.2329
vn -0.9868 0.0982 -0.1288
vn -0.8224 0.5007 0.2702
vn -0.9027 0.3519 -0.2476
vn -0.8755 -0.0265 0.4824
vn -0.8412 -0.2236 -0.4923
vn -0.9865 -0.0258 -0.1616
vn -0.9048 0.2952 0.3069
vn -0.0551 0.1441 -0.9880
vn -0.3082 -0.0476 -0.9501
vn -0.0335 0.3277 -0.9442
vn 0.0419 -0.3057 -0.9512
vn -0.9074 -0.4184 0.0396
vn -0.6085 -0.3901 -0.6910
vn 0.3709 -0.6786 -0.6340
vn 0.7532 -0.6571 -0.0291
vn -0.7480 0.1666 -0.6425
vn -0.9036 0.2664 -0.3356
vn -0.9318 -0.0323 -0.3614
vn -0.5988 0.3828 -0.7035
vn -0.7349 -0.2742 -0.6202
vn -0.4290 0.0664 -0.9009
vn -0.3755 0.2611 -0.8893
vn 0.7074 0.1380 -0.6933
vn 0.1210 -0.6787 -0.7244
vn 0.1902 0.0565 -0.9801
vn 0.7807 0.3605 -0.5105
vn 0.5737 -0.7593 -0.3071
vn 0.0131 0.3949 -0.9186
vn 0.4867 -0.0846 0.8694
vn 0.8742 0.2732 0.4015
vn 0.9929 0.0017 0.1189
vn 0.3278 0.0535 0.9432
vn 0.3401 0.1862 0.9218
vn 0.5029 0.2884 0.8148
vn 0.2254 -0.3090 0.9240
vn -0.8130 -0.5821 -0.0081
vn -0.8461 -0.5226 0.1052
vn -0.6095 -0.4967 -0.6179
vn -0.2074 -0.4241 0.8815
vn -0.2751 -0.3646 0.8896
vn -0.4553 -0.6512 0.6071
vn -0.0603 -0.0838 0.9947
vn 0.2625 -0.3715 0.8906
vn -0.1130 -0.3117 -0.9434
vn 0.8399 -0.2169 -0.4974
vn 1.0000 0.0000 0.0000
vn 0.4855 0.2464 0.8388
vn 0.9038 0.1846 0.3861
vn 0.8976 0.2132 0.3858
vn 0.7843 0.3088 0.5380
vn 0.9061 -0.1561 0.3932
vn 0.9192 -0.1998 0.3394
vn 0.9498 0.1703 0.2624
vn 0.7179 0.2497 0.6499
vn 0.9529 0.1388 -0.2697
vn 0.8816 0.3188 -0.3481
vn 0.8891 0.4577 -0.0027
vn 0.7832 0.4090 0.4683
vn -0.2854 0.6618 0.6932
vn -0.2149 0.5833 0.7833
vn -0.0472 0.8449 0.5329
vn -0.3399 0.8402 0.4225
vn -0.4817 0.3013 0.8229
vn -0.5843 0.5349 0.6103
vn 0.0494 -0.3353 -0.9408
vn -0.8903 -0.3017 -0.3412
vn 0.9865 0.0029 0.1639
vn 0.9661 -0.0849 0.2439
vn 0.3414 0.6942 0.6337
vn 0.1833 0.8884 0.4210
vn 0.9293 0.3556 -0.0996
vn 0.9770 -0.0864 0.1951
vn 0.9938 -0.1107 0.0115
vn 0.9794 -0.1091 0.1701
vn -0.5320 0.6760 0.5099
vn -0.7932 0.3768 0.4784
vn -0.9676 0.1133 0.2258
vn 0.3518 0.7845 0.5107
vn 0.0294 0.7386 0.6735
vn -0.8767 0.4070 0.2563
vn 0.1968 0.8907 0.4097
vn -0.2729 0.8946 0.3539
vn -0.3987 0.2870 -0.8710
vn -0.7368 0.4745 -0.4816
vn -0.7005 0.4619 -0.5440
vn -0.2943 0.2700 -0.9168
vn 0.1214 -0.1289 -0.9842
vn -0.4313 0.2811 -0.8573
vn 0.0896 -0.0390 -0.9952
vn -0.5533 0.1851 0.8122
vn -0.5180 0.2040 0.8307
vn -0.8941 -0.4279 0.1321
vn 0.5439 0.1998 0.8150
vn -0.2714 0.0503 0.9612
vn 0.1700 0.7871 0.5929
vn 0.5140 0.8022 0.3038
vn 0.1961 0.9724 0.1261
vn -0.1055 0.9574 0.2690
vn 0.2898 0.5236 0.8012
vn 0.5750 0.5924 0.5643
vn 0.0536 0.5145 0.8558
vn -0.4074 0.5956 0.6923
vn 0.2317 0.5878 0.7752
vn -0.2419 0.5383 0.8073
vn -0.9226 0.2833 0.2616
vn -0.1928 0.4614 0.8660
vn -0.9870 0.1552 0.0420
vn -0.9582 0.2834 -0.0382
vn -0.9503 0.2963 0.0951
vn -0.7841 0.6054 0.1369
vn -0.3772 0.4621 -0.8026
vn -0.7624 0.3773 -0.5258
vn -0.7639 0.3979 -0.5081
vn -0.1385 0.4040 -0.9042
vn -0.0741 0.4647 -0.8824
vn -0.3913 0.4559 -0.7994
vn 0.8791 0.0797 0.4699
vn 0.8614 -0.1505 0.4852
vn -0.7879 0.1884 0.5863
vn -0.9883 0.1156 0.0999
vn -0.9847 0.0850 0.1520
vn -0.6690 0.1190 0.7337
vn -0.6789 -0.2760 0.6804
vn 0.2080 0.9781 0.0078
vn 0.7161 -0.6936 -0.0778
vn 0.8019 -0.5492 -0.2351
vn 0.5579 -0.4711 -0.6832
vn 0.8533 -0.4311 0.2933
vn 0.6231 -0.7731 -0.1190
vn 0.1828 0.0191 0.9830
vn -0.0465 0.0291 0.9985
vn 0.3758 -0.4062 0.8329
vn 0.4242 0.1984 0.8836
vn 0.1224 0.1841 0.9753
vn 0.9593 0.0954 0.2658
vn 0.9383 0.0839 -0.3355
vn 0.0585 -0.2620 0.9633
vn 0.3610 -0.2083 0.9090
vn 0.4522 -0.2599 0.8532
vn -0.4022 -0.0854 0.9115
vn -0.3435 -0.1751 0.9227
vn 0.0000 -0.3511 0.9363
vn -0.0928 -0.4857 0.8692
vn 0.0909 -0.2125 0.9729
vn -0.3357 -0.9392 0.0719
vn 0.5993 0.6377 0.4840
vn 0.7040 -0.6941 0.1503
vn -0.3087 0.8855 0.3471
vn -0.7899 -0.6101 -0.0621
vn -0.8779 0.4707 0.0878
vn 0.0025 -0.9989 -0.0467
vn -0.7272 -0.5482 -0.4132
vn -0.4962 -0.2556 -0.8297
vn -0.8207 -0.4184 -0.3891
vn -0.3243 -0.3563 -0.8763
vn 0.6298 -0.2993 -0.7167
vn -0.8805 -0.4691 0.0690
vn 0.9884 -0.0545 -0.1415
vn 0.8963 0.2558 0.3623
vn 0.6254 0.1232 0.7705
vn 0.6519 0.1024 0.7514
vn 0.8153 0.1398 0.5619
vn 0.9535 0.2256 -0.2000
vn 0.8397 0.3135 0.4435
vn 0.9360 0.2713 -0.2241
vn 0.9359 0.3425 -0.0829
vn -0.7774 -0.2761 -0.5652
vn -0.6806 -0.3059 -0.6657
vn -0.8565 -0.2008 -0.4755
vn 0.9829 -0.1603 -0.0909
vn -0.0396 -0.4058 -0.9131
vn 0.6167 -0.3992 -0.6785
vn 0.9948 0.0102 0.1018
vn 0.4369 -0.4047 -0.8033
vn 0.8661 0.0481 0.4976
vn 0.0824 0.3246 0.9423
vn 0.6925 -0.5286 -0.4910
vn 0.8871 -0.3987 -0.2326
vn -0.1052 -0.9942 -0.0244
vn 0.2244 -0.9613 0.1596
vn -0.0782 -0.9952 0.0586
vn 0.0417 -0.9991 -0.0020
vn 0.1799 -0.9772 0.1124
vn -0.2040 -0.9788 -0.0165
vn 0.3665 0.6129 0.7000
vn -0.1094 0.3331 -0.9365
vn 0.4371 -0.1896 0.8792
vn 0.7058 -0.3085 0.6377
vn 0.7869 -0.3220 0.5264
vn 0.5849 -0.2151 0.7820
vn 0.6277 -0.2838 0.7249
vn 0.7284 -0.4319 0.5319
vn 0.4881 -0.1986 0.8499
vn 0.7969 -0.4429 0.4109
vn -0.4830 -0.3134 -0.8176
vn -0.0080 0.0371 -0.9993
vn -0.9411 -0.0333 0.3365
vn -0.9336 -0.0924 0.3462
vn -0.8702 -0.0161 0.4924
vn -0.8423 0.2602 0.4721
vn -0.9198 0.2939 0.2599
vn -0.9837 0.0130 0.1795
vn 0.2957 -0.2152 0.9307
vn -0.2880 -0.1766 -0.9412
vn 0.5254 -0.5020 0.6870
vn 0.6602 -0.2689 0.7013
vn -0.7201 0.6921 -0.0500
vn -0.6049 0.5538 0.5722
vn -0.3132 0.9325 0.1801
vn -0.4826 0.8682 -0.1158
vn -0.5954 0.7456 -0.2992
vn -0.9894 0.1307 0.0633
vn -0.6438 -0.2039 0.7375
vn -0.7878 0.5370 -0.3017
vn 0.9631 -0.0395 0.2662
vn 0.7242 -0.0477 -0.6879
vn 0.8942 -0.0085 -0.4475
vn -0.5717 -0.4044 0.7139
vn 0.6955 0.2438 0.6759
vn 0.9087 0.0281 -0.4165
vn 0.6169 -0.3635 -0.6980
vn -0.6154 -0.5646 0.5500
vn -0.4385 -0.7746 0.4557
vn -0.4403 -0.6743 0.5929
vn -0.2820 -0.7693 0.5733
vn -0.8233 -0.4312 0.3690
vn -0.9246 0.0962 0.3686
vn -0.5218 -0.1146 0.8453
vn -0.0822 -0.3717 0.9247
vn -0.5479 0.3430 0.7630
vn -0.6764 0.3303 0.6583
vn -0.8084 0.5221 0.2718
vn -0.2751 0.1065 0.9555
vn -0.1634 0.0611 0.9847
vn -0.6523 0.5093 0.5613
vn -0.2086 0.0629 0.9760
vn 0.7020 0.6377 -0.3172
vn 0.7547 0.4629 -0.4649
vn 0.4500 0.6108 -0.6515
vn 0.8780 0.4172 -0.2347
vn 0.7670 0.5860 -0.2614
vn -0.0043 0.0719 0.9974
vn 0.0980 0.0633 0.9932
vn 0.5916 0.0353 0.8055
vn 0.1478 0.0468 0.9879
vn -0.8788 0.0040 0.4772
vn -0.5686 -0.8225 0.0147
vn -0.7759 -0.4361 0.4560
vn -0.8777 -0.0417 0.4773
vn -0.8550 -0.1579 0.4941
vn -0.9838 -0.1363 0.1165
vn -0.3666 -0.2474 -0.8969
vn -0.8406 0.3137 -0.4415
vn -0.6488 -0.2728 -0.7104
vn -0.0877 0.8143 0.5738
vn 0.0086 0.6807 0.7325
vn 0.0684 0.8405 0.5375
vn -0.2589 0.8061 0.5321
vn -0.2247 0.6346 0.7395
vn -0.0572 0.9293 0.3648
vn -0.0753 0.6116 0.7875
vn 0.9934 0.1048 -0.0473
vn 0.8970 0.1352 0.4208
vn 0.8778 0.0944 0.4697
vn 0.9984 0.0544 -0.0158
vn -0.1314 -0.9727 0.1912
vn -0.9038 -0.1950 0.3811
vn -0.9649 -0.2088 0.1591
vn -0.5743 -0.4993 0.6487
vn 0.5815 0.6664 0.4667
vn 0.9314 0.3038 0.2003
vn 0.2871 0.9043 0.3158
vn -0.1062 0.7911 0.6024
vn -0.2480 0.8041 0.5403
vn -0.2570 0.8679 0.4251
vn 0.0511 0.0314 -0.9982
vn 0.3429 0.2405 -0.9081
vn -0.0352 -0.1219 -0.9919
vn 0.2003 0.4187 -0.8858
vn -0.8320 -0.2761 -0.4812
vn -0.0819 -0.5383 -0.8388
vn -0.8304 -0.2628 -0.4913
vn -0.9240 0.1219 0.3624
vn -0.8931 -0.3595 -0.2705
vn -0.0043 -0.6009 -0.7993
vn -0.7618 -0.5664 0.3145
vn -0.6495 -0.5421 0.5333
vn -0.6773 -0.7334 0.0574
vn -0.7892 -0.5174 0.3308
vn -0.9336 -0.3150 0.1711
vn -0.8932 -0.4389 0.0977
vn -0.8844 -0.4628 0.0597
vn 0.9964 -0.0741 0.0399
vn 0.9398 -0.2790 -0.1971
vn 0.8838 -0.3653 -0.2922
vn 0.9905 0.0704 0.1179
vn 0.9083 0.2576 -0.3295
vn 0.9291 -0.0312 -0.3684
vn 0.9272 -0.3442 0.1479
vn 0.9235 -0.0711 0.3768
vn 0.9469 0.2950 0.1282
vn 0.9365 0.2799 0.2113
vn 0.8803 -0.0452 0.4722
vn 0.9897 0.0648 -0.1276
vn 0.7991 0.5101 0.3184
vn 0.9066 0.3788 -0.1860
vn 0.6619 -0.2749 -0.6974
vn -0.2852 -0.2485 -0.9257
vn 0.3439 -0.2348 -0.9092
vn -0.1647 -0.3268 -0.9306
vn -0.2567 -0.1963 -0.9463
vn 0.0187 -0.3641 -0.9312
vn -0.8087 0.1413 0.5710
vn -0.9012 0.2678 0.3408
vn -0.9626 0.2299 -0.1434
vn -0.8941 0.1340 0.4273
vn 0.4900 0.3510 0.7979
vn 0.3912 -0.1533 0.9074
vn -0.6239 -0.6935 -0.3602
vn 0.0088 -0.9973 -0.0733
vn -0.7520 0.2962 0.5888
vn -0.5413 -0.0435 0.8397
vn -0.8961 0.2713 0.3513
vn -0.6155 0.4873 0.6194
vn -0.4977 0.3199 0.8062
vn -0.9019 0.2834 -0.3260
vn -0.7422 -0.5368 -0.4012
vn -0.7591 0.6366 -0.1360
vn -0.7611 0.6424 0.0898
vn -0.9660 0.2530 -0.0531
vn -0.8274 -0.2760 -0.4891
vn 0.3506 -0.2466 -0.9035
vn 0.7851 0.2734 -0.5558
vn 0.8375 0.3071 -0.4520
vn 0.5340 -0.3590 -0.7655
vn -0.0899 -0.6234 -0.7767
vn -0.3213 -0.6881 -0.6506
vn 0.4104 -0.3132 -0.8564
vn -0.7395 -0.5200 0.4275
vn -0.1668 -0.5370 0.8269
vn 0.0036 -0.4986 0.8668
vn 0.0000 -0.1565 0.9877
vn -0.3288 -0.3501 0.8771
vn -0.5226 -0.5223 0.6738
vn 0.9862 0.0478 0.1583
vn 0.9700 -0.1645 0.1787
vn 0.9997 -0.0172 -0.0170
vn 0.9707 -0.0746 0.2284
vn 0.9949 0.1009 0.0077
vn 0.9869 0.0786 0.1408
vn 0.1643 -0.3730 0.9132
vn -0.5743 -0.3450 0.7424
vn -0.4653 -0.3396 0.8174
vn 0.2169 -0.2993 0.9292
vn 0.8201 -0.1085 0.5618
vn 0.2593 -0.1422 0.9553
vn -0.3630 0.0854 0.9279
vn -0.4464 -0.2458 0.8604
vn 0.6461 -0.7628 -0.0252
vn 0.7024 -0.6174 -0.3542
vn 0.8517 -0.4917 0.1813
vn 0.4923 -0.6057 0.6251
vn 0.7040 -0.7062 -0.0745
vn 0.2234 -0.9598 0.1698
vn 0.7037 -0.2892 0.6490
vn 0.7105 -0.6579 -0.2499
vn 0.5091 -0.7638 -0.3968
vn 0.4246 0.1133 -0.8983
vn 0.6571 0.2650 -0.7056
vn 0.6580 -0.0435 -0.7517
vn 0.3908 0.3731 -0.8415
vn 0.0202 0.1118 -0.9935
vn 0.3959 -0.1997 -0.8963
vn 0.7684 -0.0454 0.6384
vn 0.8839 0.0781 0.4611
vn -0.7732 -0.3680 0.5164
vn -0.6645 -0.7445 -0.0643
vn -0.9099 -0.3529 0.2181
vn -0.9104 -0.0880 0.4042
vn -0.7525 -0.1239 0.6468
vn -0.5599 -0.2558 0.7881
vn -0.5102 0.0221 -0.8598
vn -0.2864 0.0500 -0.9568
vn -0.3344 0.1247 -0.9341
vn -0.0454 0.0770 -0.9960
vn 0.9782 0.2034 0.0422
vn 0.9946 -0.0311 0.0988
vn 0.9984 -0.0362 0.0423
vn -0.0268 -0.0229 -0.9994
vn -0.8488 0.2389 0.4716
vn -0.5965 -0.2820 0.7514
vn -0.5154 -0.1962 0.8342
vn -0.8379 0.5410 0.0731
vn -0.5650 0.4986 0.6574
vn 0.0787 0.7786 -0.6225
vn -0.1551 0.8483 -0.5064
vn 0.0091 0.8715 -0.4903
vn 0.1998 0.7874 -0.5832
vn 0.4066 0.7194 -0.5632
vn 0.1518 0.5700 -0.8075
vn -0.0056 0.5333 -0.8459
vn 0.3681 0.0999 0.9244
vn 0.1201 0.0231 0.9925
vn 0.5496 0.0851 0.8311
vn 0.7548 0.1084 0.6470
vn -0.7412 -0.5565 -0.3755
vn -0.9304 -0.2800 -0.2364
vn -0.0372 -0.9308 -0.3636
vn -0.8896 -0.3918 -0.2346
vn -0.8161 -0.5465 -0.1878
vn 0.5869 0.0012 -0.8097
vn 0.3109 0.0164 -0.9503
vn -0.3526 0.0642 -0.9336
vn 0.0095 0.0601 -0.9981
vn 0.5493 -0.0529 -0.8340
vn 0.6678 -0.7427 -0.0499
vn 0.7691 -0.5541 0.3186
vn 0.7027 -0.7078 0.0721
vn -0.7576 -0.6528 -0.0033
vn -0.7254 -0.5426 -0.4236
vn -0.6247 -0.5722 0.5313
vn -0.6900 0.1678 0.7040
vn -0.3604 0.1866 0.9139
vn -0.8632 0.0823 0.4980
vn -0.3580 -0.1204 0.9259
vn -0.7038 -0.3218 0.6334
vn 0.7052 -0.6230 0.3385
vn 0.7763 -0.5634 -0.2826
vn 0.8638 -0.2829 0.4168
vn 0.4957 0.3108 0.8110
vn 0.7724 -0.1881 0.6066
vn 0.5441 0.1213 0.8302
vn 0.6018 0.1896 0.7758
vn 0.5359 0.0880 0.8397
vn 0.6945 -0.2395 0.6785
vn 0.7553 -0.2606 -0.6014
vn 0.2423 -0.0443 0.9692
vn 0.6560 -0.0768 0.7509
vn -0.0521 -0.9626 0.2660
vn 0.7041 -0.6630 -0.2544
vn 0.8228 0.0704 0.5640
vn 0.9815 -0.0670 0.1793
vn 0.9566 -0.0923 0.2764
vn 0.9480 -0.0174 0.3178
vn 0.9571 -0.2431 0.1579
vn 0.9399 0.0010 0.3415
vn 0.9784 -0.0593 0.1980
vn 0.9918 -0.1167 0.0514
vn -0.6871 -0.6890 0.2307
vn -0.7914 -0.6094 0.0477
vn -0.8990 0.2986 0.3203
vn 0.0250 -0.9975 0.0663
vn -0.0397 -0.9992 0.0070
vn -0.8269 -0.5292 0.1901
vn -0.7746 0.4688 -0.4245
vn -0.8657 0.4864 0.1187
vn -0.8760 0.4804 0.0427
vn -0.7326 0.6393 0.2337
vn -0.9096 0.3373 0.2426
vn 0.6731 0.0261 0.7391
vn 0.4604 -0.0615 0.8856
vn -0.7805 -0.2735 -0.5621
vn 0.1276 -0.3457 -0.9296
vn -0.7497 -0.1768 -0.6377
vn -0.7516 0.1002 0.6520
vn -0.7305 -0.5859 -0.3508
vn -0.7304 -0.1884 0.6566
vn -0.4363 0.8991 -0.0348
vn -0.9406 -0.3114 0.1352
vn -0.9625 -0.1392 0.2328
vn 0.7452 0.1401 0.6519
vn 0.6203 0.2264 0.7510
vn 0.5213 -0.1746 0.8354
vn -0.2605 0.3307 -0.9071
vn -0.1930 0.2505 -0.9487
vn 0.5343 0.3506 -0.7691
vn 0.4263 0.0690 -0.9019
vn -0.4388 0.1083 -0.8920
vn 0.7142 0.5609 -0.4187
vn 0.7355 -0.3113 -0.6018
vn 0.6020 0.6591 -0.4508
vn 0.6551 0.6618 -0.3644
vn 0.3057 -0.6797 -0.6668
vn -0.0618 -0.6346 -0.7703
vn -0.2925 0.1039 0.9506
vn -0.5755 -0.1081 0.8106
vn -0.2891 -0.1393 0.9471
vn -0.2526 0.3632 0.8968
vn -0.5986 0.4060 0.6905
vn -0.9759 -0.2169 0.0217
vn -0.7442 -0.5476 -0.3824
vn -0.8673 -0.3223 -0.3795
vn -0.9043 -0.3281 0.2732
vn 0.9998 -0.0052 -0.0204
vn 0.0000 0.3511 0.9363
vn 0.0530 0.9733 -0.2235
vn 0.0756 -0.2669 0.9608
vn -0.8801 -0.0486 0.4723
vn -0.8265 -0.1003 0.5540
vn -0.5895 0.6511 0.4781
vn -0.2570 -0.1477 0.9551
vn -0.1760 0.3185 0.9315
vn 0.8607 0.0695 -0.5043
vn 0.9996 -0.0266 0.0026
vn 0.8799 -0.3147 -0.3559
vn 0.6040 0.4741 -0.6406
vn 0.8792 0.4042 -0.2524
vn 0.3240 -0.3403 0.8827
vn 0.0059 -0.2057 0.9786
vn 0.3486 -0.0154 0.9371
vn 0.5855 -0.0032 0.8107
vn -0.9684 0.1870 0.1653
vn -0.9139 0.4045 -0.0340
vn -0.9794 0.1444 0.1412
vn 0.9622 -0.0473 -0.2683
vn 0.0070 -0.1722 -0.9850
vn 0.4922 0.1560 0.8564
vn 0.9487 -0.2589 0.1813
vn -0.0545 -0.6415 -0.7652
vn -0.2222 -0.3272 -0.9185
vn 0.0000 -0.9734 0.2290
vn -0.3070 -0.8428 0.4421
vn 0.5609 0.3637 0.7437
vn 0.2237 0.0662 0.9724
vn 0.6370 0.3910 0.6644
vn 0.2104 0.0684 0.9752
vn 0.8076 0.5837 0.0844
vn -0.0708 -0.3798 0.9224
vn -0.1042 -0.4681 0.8775
vn -0.3434 -0.4304 0.8348
vn -0.1794 -0.1928 0.9647
vn -0.2747 0.4284 0.8609
vn -0.1868 0.2831 0.9407
vn -0.5534 -0.0074 0.8329
vn -0.3458 -0.0133 0.9382
vn -0.5861 -0.0023 0.8102
vn -0.3078 -0.0276 0.9511
vn -0.3576 -0.0088 0.9338
vn -0.5187 0.0399 0.8541
vn 0.8531 -0.5152 0.0827
vn 0.7591 -0.6084 0.2315
vn 0.9889 -0.1304 -0.0718
vn 0.9150 -0.3867 0.1153
vn 0.6347 0.6672 0.3900
vn -0.2180 -0.7871 0.5771
vn 0.6763 -0.6341 0.3749
vn 0.8563 0.5090 0.0874
vn -0.0403 0.7957 0.6043
vn -0.7955 -0.5734 -0.1958
vn -0.8135 -0.5713 0.1089
vn 0.8959 -0.0151 0.4440
vn 0.8605 -0.3871 -0.3311
vn 0.7873 -0.5357 -0.3051
vn 0.1394 0.4825 0.8647
vn 0.0021 0.3450 0.9386
vn 0.8148 0.2782 0.5087
vn 0.9573 -0.2661 -0.1130
vn 0.9305 0.0726 0.3591
vn 0.7764 0.6235 0.0918
vn 0.9257 0.2828 0.2514
vn 0.9495 0.3030 0.0814
vn 0.7728 0.6306 -0.0721
vn 0.6099 0.7876 -0.0881
vn 0.5775 0.8106 0.0970
vn 0.7762 0.5672 0.2753
vn 0.2098 -0.4830 -0.8501
vn 0.4006 -0.3903 -0.8290
vn 0.0164 -0.0105 -0.9998
vn -0.4230 -0.2776 -0.8626
vn 0.0345 -0.3567 -0.9336
vn 0.0199 0.2196 -0.9754
vn 0.4348 -0.2768 -0.8569
vn 0.4321 0.0835 -0.8980
vn 0.9879 0.1347 0.0769
vn 0.2192 0.5131 0.8299
vn -0.4910 0.8381 -0.2377
vn 0.4095 0.6229 0.6666
vn -0.6481 0.7607 -0.0372
vn 0.4062 0.4736 0.7815
vn 0.3901 0.1381 -0.9104
vn 0.2116 0.0614 -0.9754
vn -0.0104 0.1702 -0.9854
vn -0.6064 -0.0917 0.7898
vn -0.0772 -0.1561 0.9847
vn -0.0994 -0.2237 0.9696
vn -0.9007 -0.1658 0.4015
vn -0.9694 -0.1741 0.1731
vn -0.6820 0.1084 0.7232
vn -0.7446 -0.0726 0.6635
vn -0.9182 -0.3357 -0.2102
vn -0.9843 -0.0987 -0.1464
vn 0.7237 0.2992 0.6219
vn 0.9295 0.1555 0.3344
vn 0.4996 -0.8497 -0.1687
vn 0.0320 -0.9990 0.0324
vn 0.9018 0.0247 -0.4315
vn 0.9164 -0.2479 -0.3143
vn 0.3737 -0.9189 -0.1263
vn 0.3810 -0.7907 -0.4792
vn 0.6561 0.7539 0.0346
vn -0.0460 -0.2825 -0.9582
vn -0.0119 -0.3557 -0.9345
vn 0.4940 0.8674 0.0605
vn 0.3648 0.8496 0.3809
vn 0.3930 0.8058 -0.4431
vn -0.2528 -0.2155 0.9432
vn -0.3031 0.1409 0.9425
vn 0.2002 0.1388 0.9699
vn -0.2506 -0.2316 0.9400
vn -0.4898 -0.5138 0.7044
vn -0.5524 -0.3683 0.7478
vn -0.4980 -0.0844 -0.8630
vn -0.4784 -0.0727 -0.8751
vn -0.5220 0.0879 -0.8484
vn -0.7153 -0.1818 -0.6747
vn -0.3277 0.8993 0.2898
vn -0.4820 0.8089 0.3366
vn -0.8047 0.5933 -0.0210
vn -0.8321 0.5253 0.1778
vn -0.3558 0.8952 0.2684
vn -0.9141 0.4019 0.0540
vn -0.4165 0.8788 0.2331
vn 0.4359 -0.8988 -0.0477
vn 0.7259 -0.6700 -0.1555
vn 0.2396 -0.8927 -0.3816
vn 0.0233 -0.9911 0.1309
vn 0.9520 0.2350 0.1959
vn 0.6728 -0.2957 -0.6781
vn -0.8167 -0.5288 0.2309
vn -0.8728 -0.4742 0.1157
vn -0.5384 -0.8393 -0.0757
vn 0.4847 -0.3020 -0.8209
vn 0.6511 -0.5650 -0.5069
vn 0.7555 -0.6549 0.0176
vn 0.0330 -0.6121 0.7901
vn -0.9538 -0.2765 0.1177
vn -0.8804 -0.0565 -0.4708
vn -0.9131 0.2722 -0.3035
vn -0.5231 -0.1267 0.8428
vn -0.4565 0.0490 0.8884
vn -0.4160 -0.0404 0.9085
vn -0.6098 -0.2101 0.7642
vn -0.6905 -0.2905 0.6624
vn -0.6031 -0.2462 0.7587
vn -0.5856 -0.1004 0.8043
vn 0.9751 -0.2202 0.0271
vn 0.8571 -0.3209 -0.4029
vn -0.9889 -0.0131 -0.1479
vn 0.1816 -0.9077 0.3783
vn 0.1017 -0.8597 0.5006
vn -0.4043 -0.5800 0.7072
vn -0.6832 -0.7293 -0.0350
vn -0.6320 -0.7650 -0.1235
vn -0.7626 -0.5012 0.4089
vn -0.4909 -0.8416 -0.2253
vn -0.7073 -0.3801 0.5961
vn -0.2914 -0.7481 -0.5962
vn -0.6242 -0.6874 0.3713
vn -0.9570 -0.1695 0.2356
vn 0.8497 0.4558 -0.2649
vn 0.5949 0.6500 0.4728
vn 0.8727 -0.0545 0.4853
vn 0.8856 0.4261 -0.1851
vn 0.7325 -0.1818 0.6560
vn -0.4461 0.2328 0.8642
vn 0.4918 0.1720 0.8535
vn 0.7215 -0.5688 -0.3948
vn 0.7697 0.6101 0.1879
vn 0.6231 0.7352 -0.2668
vn 0.3338 -0.9389 0.0835
vn 0.4597 -0.8783 0.1313
vn 0.8147 0.4539 0.3608
vn -0.0256 0.4248 -0.9049
vn 0.2090 0.4460 -0.8703
vn 0.1494 0.4505 -0.8802
vn -0.1275 0.4647 -0.8762
vn -0.2336 0.4172 -0.8783
vn 0.0080 0.2938 -0.9558
vn -0.0124 0.3333 -0.9427
vn 0.4541 0.0977 -0.8856
vn -0.4244 0.0611 -0.9034
vn 0.2553 0.3337 -0.9074
vn 0.9100 0.1842 -0.3715
vn 0.8353 -0.2275 -0.5005
vn 0.1198 -0.1850 -0.9754
vn 0.9749 -0.0335 -0.2203
vn -0.9621 -0.2477 -0.1141
vn 0.9547 -0.2745 -0.1148
vn 0.7271 -0.3577 -0.5860
vn 0.7576 -0.3052 -0.5770
vn 0.9724 -0.1348 -0.1904
vn 0.9473 -0.2835 -0.1490
vn -0.7239 0.1499 0.6734
vn -0.8160 -0.2210 0.5342
vn -0.6770 -0.2248 0.7008
vn -0.5718 0.2076 0.7937
vn -0.8581 0.0431 0.5117
vn -0.6148 0.1699 0.7701
vn -0.7696 0.0989 0.6308
vn -0.4921 -0.1366 -0.8597
vn -0.1959 -0.5451 -0.8152
vn -0.9006 0.1396 -0.4116
vn -0.2827 0.2474 -0.9267
vn 0.0731 -0.0863 -0.9936
vn -0.2905 0.4230 -0.8583
vn 0.0704 0.4230 -0.9034
vn -0.4370 0.6160 0.6555
vn -0.6481 0.4470 -0.6166
vn -0.8099 -0.2569 0.5274
vn -0.7580 -0.6236 0.1911
vn 0.4227 0.7621 -0.4904
vn 0.8159 -0.5646 0.1247
vn 0.6811 -0.6930 0.2364
vn 0.8718 -0.4896 -0.0133
vn 0.9251 0.2330 0.2999
vn 0.7508 0.4651 -0.4690
vn 0.4791 0.2385 -0.8447
vn 0.4195 0.2960 -0.8581
vn 0.7335 0.4688 -0.4921
vn 0.7130 0.4783 -0.5127
vn 0.8578 0.5050 0.0959
vn 0.8433 0.5278 0.1014
vn 0.0172 -0.9569 0.2899
vn 0.1484 0.2357 0.9604
vn -0.7266 -0.0742 0.6831
vn -0.7669 -0.5408 -0.3456
vn 0.6627 -0.5662 -0.4902
vn 0.9365 -0.2009 0.2875
vn -0.0615 -0.7636 -0.6428
vn -0.4502 -0.4179 -0.7891
vn -0.8943 -0.3091 -0.3236
vn -0.5811 -0.5090 -0.6350
vn -0.7411 -0.6002 -0.3008
vn -0.4067 -0.6552 -0.6366
vn 0.1260 0.2869 0.9496
vn -0.7762 0.1175 0.6194
vn -0.5537 -0.1010 0.8266
vn 0.7931 -0.6086 -0.0259
vn -0.8041 -0.5345 0.2603
vn 0.6229 0.5805 0.5244
vn 0.5320 0.5360 0.6556
vn -0.3008 0.7314 -0.6120
vn -0.0043 0.7655 -0.6434
vn 0.0014 0.4793 -0.8776
vn -0.3732 0.3732 -0.8494
vn 0.4383 -0.1501 0.8862
vn 0.6753 -0.2858 0.6799
vn 0.7569 0.0788 0.6488
vn 0.4888 -0.1386 0.8613
vn -0.0234 -0.1731 0.9846
vn 0.0846 -0.0909 -0.9923
vn -0.3274 0.0615 0.9429
vn -0.2707 0.0497 0.9614
vn -0.1515 -0.3314 0.9313
vn -0.6963 0.3133 0.6457
vn -0.3083 0.3252 0.8940
vn -0.9572 0.2276 0.1790
vn 0.9063 0.0033 0.4226
vn 0.3524 0.8618 -0.3650
vn 0.3161 0.7052 -0.6347
vn -0.7782 -0.3110 -0.5457
vn -0.5130 -0.2898 -0.8080
vn -0.8222 -0.2214 -0.5243
vn -0.3836 -0.2098 -0.8994
vn -0.1717 -0.5975 -0.7833
vn -0.7220 -0.2028 -0.6615
vn 0.9136 0.2649 -0.3084
vn 0.9532 -0.2783 0.1182
vn 0.8817 -0.0528 -0.4688
vn 0.9308 0.2246 0.2883
vn 0.4175 0.4473 -0.7909
vn 0.3237 0.0482 0.9449
vn 0.2622 -0.0372 0.9643
vn 0.1733 0.0304 0.9844
vn 0.4024 0.0280 0.9150
vn 0.2821 0.0022 0.9594
vn 0.4589 0.1368 0.8779
vn 0.8208 0.0811 0.5654
vn -0.1139 -0.0359 -0.9928
vn -0.3921 -0.2706 -0.8793
vn 0.0123 -0.0118 -0.9999
vn -0.7492 0.5269 0.4012
vn -0.4036 0.8322 0.3803
vn -0.2089 0.6882 0.6948
vn -0.7125 0.3732 0.5942
vn -0.6478 0.1549 -0.7459
vn -0.9075 0.0673 -0.4147
vn 0.5010 -0.4216 0.7558
vn 0.6203 -0.3681 0.6926
vn 0.5809 -0.3493 0.7352
vn 0.6054 -0.0863 0.7912
vn 0.9731 0.0268 -0.2289
vn -0.0266 0.4341 0.9005
vn -0.6585 0.2030 0.7247
vn -0.0976 0.3434 0.9341
vn -0.0335 0.4421 0.8964
vn -0.7599 0.2925 0.5805
vn 0.2260 -0.2458 0.9426
vn 0.7117 -0.4319 0.5540
vn 0.3162 -0.2179 0.9233
vn 0.2065 -0.2647 0.9420
vn 0.6308 -0.5366 0.5605
vn 0.7330 0.0574 -0.6778
vn 0.8592 0.1438 -0.4910
vn 0.0988 0.0469 0.9940
vn 0.5818 0.0909 0.8083
vn 0.2517 0.0262 0.9675
vn 0.2609 0.0670 0.9630
vn 0.4780 0.0594 0.8764
vn 0.3973 -0.4514 -0.7990
vn 0.1785 -0.5034 -0.8454
vn 0.4343 -0.3265 0.8395
vn 0.8366 -0.5376 0.1051
vn 0.3630 0.2712 -0.8915
vn 0.7205 0.1694 -0.6724
vn 0.5812 0.3922 -0.7130
vn 0.8201 0.1166 0.5603
vn 0.5596 0.1059 0.8220
vn 0.1188 0.3543 0.9276
vn -0.0148 0.2796 0.9600
vn 0.7483 0.0651 0.6601
vn 0.6436 -0.4726 -0.6020
vn 0.8405 -0.4146 -0.3490
vn 0.0546 0.1646 -0.9848
vn -0.0261 0.3336 -0.9424
vn 0.0009 0.1466 -0.9892
vn -0.0230 0.0454 -0.9987
vn 0.8313 -0.5080 -0.2256
vn -0.2518 0.5050 0.8256
vn -0.4321 0.4927 0.7553
vn -0.4438 0.5952 0.6699
vn -0.1077 0.0739 0.9914
vn -0.7896 0.1249 0.6007
vn 0.6248 0.0911 -0.7754
vn 0.1182 0.0785 -0.9899
vn 0.4069 0.0787 -0.9101
vn 0.3847 0.0563 -0.9213
vn 0.8783 0.1014 -0.4673
vn 0.8361 0.0797 -0.5428
vn -0.9815 -0.1534 0.1150
vn -0.9937 0.1056 0.0367
vn -0.9472 -0.2007 0.2501
vn -0.2613 0.9002 0.3484
vn 0.6855 0.2700 0.6761
vn -0.1400 0.9397 0.3119
vn 0.9088 0.0225 0.4165
vn 0.9692 0.1239 0.2130
vn 0.8251 0.1997 0.5286
vn 0.9052 0.2939 0.3071
vn 0.7732 -0.0969 0.6266
vn 0.7283 -0.1133 0.6759
vn 0.6777 0.1187 0.7257
vn 0.7481 0.0480 0.6619
vn 0.5168 0.0408 0.8552
vn 0.6909 0.1920 0.6969
vn -0.9583 -0.2671 -0.1015
vn -0.8961 -0.4259 -0.1252
vn -0.9040 -0.1943 -0.3807
vn -0.9872 -0.1458 0.0639
vn -0.8700 -0.4811 0.1078
vn -0.7419 -0.3220 -0.5881
vn 0.1165 -0.6671 -0.7358
vn -0.0108 -0.0685 0.9976
vn 0.3572 0.8804 0.3120
vn -0.0602 0.9718 0.2281
vn 0.5762 0.5662 0.5894
vn 0.3048 -0.8580 0.4134
vn 0.5969 -0.2629 0.7580
vn -0.6037 0.1696 0.7790
vn -0.8532 -0.4525 0.2594
vn -0.9578 -0.2660 0.1087
vn 0.2968 0.5566 0.7760
vn -0.5151 0.0940 0.8520
vn -0.6822 0.2472 -0.6881
vn -0.6464 -0.0863 -0.7581
vn -0.8781 0.1161 -0.4643
vn -0.3955 0.0029 -0.9185
vn -0.8496 0.3260 -0.4145
vn -0.9244 0.3443 -0.1641
vn -0.9272 0.2632 -0.2665
vn 0.6272 0.0493 0.7773
vn 0.1813 -0.0235 0.9831
vn -0.2101 -0.0751 -0.9748
vn 0.6833 -0.0177 -0.7299
vn -0.9856 -0.0317 0.1662
vn -0.4794 0.2244 -0.8485
vn -0.7003 0.4842 -0.5245
vn -0.0184 -0.0222 -0.9996
vn -0.0613 -0.0480 -0.9970
vn -0.3886 0.3258 -0.8619
vn 0.3688 0.8109 0.4543
vn 0.2802 0.7636 0.5817
vn 0.4310 0.7583 0.4890
vn 0.3570 0.8226 0.4426
vn 0.0930 0.9375 0.3354
vn -0.6431 -0.5415 0.5415
vn -0.9124 -0.4063 0.0490
vn 0.6966 -0.7169 -0.0290
vn -0.4993 0.1547 0.8525
vn 0.3421 -0.1804 0.9222
vn -0.4998 0.1682 0.8496
vn -0.0784 0.9621 0.2613
vn 0.2267 0.9166 0.3293
vn -0.3468 0.9085 0.2330
vn 0.1863 0.9112 0.3674
vn 0.5052 0.7793 -0.3706
vn 0.2522 0.8904 -0.3790
vn 0.2366 0.4652 -0.8530
vn 0.7175 0.6533 -0.2417
vn 0.6652 0.6597 0.3497
vn 0.3854 0.5718 -0.7242
vn 0.4466 0.8691 0.2125
vn 0.2981 -0.0203 0.9543
vn -0.0630 0.0134 0.9979
vn 0.1791 -0.0953 0.9792
vn 0.5481 -0.0063 0.8364
vn -0.0026 -0.0400 0.9992
vn -0.0007 0.0355 0.9994
vn 0.3607 -0.0039 0.9327
vn -0.8299 -0.5007 -0.2461
vn 0.3811 -0.1197 -0.9167
vn 0.4389 -0.2926 -0.8496
vn -0.3161 0.7742 0.5484
vn -0.7446 -0.5316 0.4037
vn 0.5174 0.8342 0.1909
vn 0.4722 0.8400 0.2672
vn 0.3683 0.9063 0.2071
vn -0.3127 0.6314 0.7096
vn -0.7314 -0.0883 0.6762
vn -0.9011 0.0131 0.4334
vn 0.8833 -0.0815 0.4618
vn 0.6979 -0.0976 0.7095
vn -0.2295 -0.2752 0.9336
vn -0.2176 -0.2809 0.9348
vn -0.5557 -0.3047 0.7735
vn -0.2432 -0.5612 0.7912
vn 0.2943 -0.9542 -0.0529
vn -0.6021 -0.7640 -0.2319
vn -0.3027 -0.9390 -0.1635
vn 0.0584 -0.9982 0.0132
vn 0.0121 0.4925 0.8702
vn -0.0097 0.2039 0.9789
vn 0.9032 -0.1776 -0.3907
vn 0.9536 -0.1932 -0.2310
vn 0.2277 -0.2417 -0.9433
vn -0.5195 0.1148 0.8467
vn -0.3702 0.1355 0.9190
vn -0.7299 0.0521 0.6816
vn -0.8625 0.1736 0.4754
vn 0.7740 -0.3347 -0.5376
vn 0.1494 -0.6223 -0.7684
vn 0.2927 -0.8696 -0.3976
vn 0.9986 0.0165 -0.0499
vn 0.9972 0.0255 0.0709
vn 0.9661 0.1673 -0.1965
vn 0.9572 0.2846 -0.0527
vn 0.9785 -0.0671 -0.1949
vn 0.3620 -0.1944 0.9117
vn 0.2523 -0.1305 0.9588
vn -0.5981 0.5341 -0.5975
vn 0.2990 0.0661 -0.9520
vn 0.5490 0.0769 -0.8323
vn 0.4164 0.9051 -0.0861
vn 0.6632 0.5439 0.5141
vn -0.1011 0.4246 0.8997
vn 0.6642 -0.5947 0.4531
vn 0.8523 0.4414 0.2804
vn -0.1559 -0.2115 0.9649
vn 0.2538 0.0894 0.9631
vn 0.3031 0.0797 0.9496
vn -0.4477 -0.5446 0.7092
vn -0.2552 -0.2007 0.9458
vn 0.0220 -0.4363 -0.8995
vn -0.8851 -0.4655 -0.0007
vn -0.8748 0.0913 0.4758
vn -0.6972 0.0807 0.7123
vn -0.9934 0.1024 -0.0516
vn 0.6408 -0.4092 -0.6496
vn -0.1280 0.2179 0.9675
vn -0.2361 0.9686 0.0778
vn -0.4459 0.8836 -0.1431
vn -0.4823 0.8551 0.1903
vn 0.0088 0.9988 0.0489
vn -0.1358 0.9722 -0.1906
vn -0.4926 0.8528 0.1732
vn -0.1155 0.9425 0.3136
vn 0.0195 -0.0907 -0.9957
vn 0.1296 0.0984 -0.9867
vn 0.9400 -0.0610 0.3358
vn 0.9394 -0.0708 0.3354
vn 0.9796 -0.0057 0.2007
vn -0.9273 -0.0628 -0.3690
vn -0.9839 -0.1612 0.0773
vn -0.6516 -0.3989 0.6452
vn -0.7057 -0.3591 0.6108
vn -0.7820 -0.4277 0.4534
vn -0.5934 -0.2222 0.7736
vn -0.7933 -0.3539 0.4954
vn 0.7942 -0.2731 0.5429
vn 0.7965 -0.3727 0.4760
vn -0.8322 -0.0812 -0.5484
vn 0.9175 -0.3541 0.1811
vn -0.8999 -0.4222 -0.1091
vn -0.8356 -0.5472 0.0473
vn 0.0285 -0.9305 0.3652
vn -0.0541 -0.6170 0.7851
vn -0.9808 0.1549 0.1185
vn -0.8854 -0.4442 0.1372
vn 0.9308 0.1451 -0.3354
vn 0.7480 0.0616 0.6608
vn 0.7030 0.0842 0.7061
vn -0.6555 -0.2924 -0.6963
vn -0.9998 -0.0197 0.0049
vn 0.9011 0.0121 0.4333
vn 0.8657 -0.2880 0.4093
vn 0.8299 0.0486 0.5558
vn 0.0403 0.0880 -0.9953
vn -0.0022 0.0664 -0.9978
vn -0.0816 0.1351 -0.9875
vn -0.8242 -0.0572 0.5634
vn -0.8189 -0.1101 0.5633
vn -0.3197 -0.2109 0.9238
vn -0.2051 -0.2907 0.9346
vn 0.6607 -0.7287 0.1801
vn 0.6882 -0.6951 0.2079
vn 0.5992 -0.4235 0.6795
vn 0.0076 -0.2548 -0.9670
vn 0.1417 -0.4330 0.8902
vn -0.6254 -0.3332 0.7056
vn -0.9203 -0.1426 0.3643
vn -0.9082 -0.1124 -0.4033
vn -0.3272 -0.2274 -0.9172
vn 0.7395 0.1593 0.6540
vn 0.2175 0.0856 0.9723
vn 0.4399 -0.0053 0.8981
vn 0.7593 0.6490 0.0474
vn 0.9717 0.2324 -0.0415
vn 0.4570 0.8409 0.2899
vn 0.7880 0.5387 0.2980
vn -0.4287 -0.2381 0.8715
vn 0.5631 -0.3481 0.7495
vn 0.5070 -0.2921 0.8109
vn -0.1563 -0.3689 0.9162
vn 0.4634 -0.3267 0.8237
vn 0.9342 -0.1078 0.3400
vn 0.8651 0.3455 0.3637
vn 0.9101 -0.3708 0.1850
vn 0.8625 -0.0630 0.5022
vn -0.9837 0.1168 -0.1370
vn -0.9988 0.0296 0.0402
vn -0.4918 0.8483 0.1963
vn -0.4152 0.9004 0.1298
vn 0.8813 0.4415 -0.1684
vn 0.8938 0.3631 -0.2631
vn 0.4950 0.5167 -0.6985
vn 0.4387 0.5229 -0.7308
vn 0.3244 0.1937 0.9259
vn 0.9272 -0.1509 -0.3428
vn -0.1352 0.9817 -0.1341
vn 0.2709 0.8400 -0.4701
vn 0.8333 -0.5522 0.0261
vn 0.9035 -0.4266 0.0418
vn 0.7546 -0.4140 0.5091
vn 0.5944 0.5555 0.5815
vn 0.1732 0.4947 0.8516
vn 0.3466 0.0831 0.9343
vn 0.7109 0.5601 0.4253
vn 0.8605 0.4151 0.2953
vn -0.1299 0.0491 -0.9903
vn -0.0994 -0.6927 0.7143
vn -0.2789 -0.5332 0.7987
vn -0.1122 -0.9623 0.2479
vn 0.2076 -0.2373 0.9490
vn -0.6074 -0.7771 -0.1648
vn 0.5092 -0.8041 0.3069
vn 0.6207 0.5943 -0.5114
vn 0.4027 0.2995 -0.8649
vn -0.0602 0.8195 0.5698
vn -0.2758 0.0374 0.9605
vn 0.9052 -0.4166 0.0838
vn 0.9587 -0.1831 0.2178
vn 0.9301 -0.2077 0.3029
vn 0.9502 -0.2877 0.1198
vn 0.6237 -0.7815 0.0186
vn -0.0247 0.9429 0.3321
vn -0.7161 0.5599 0.4168
vn 0.8618 0.4975 0.0987
vn 0.1988 0.9438 0.2639
vn 0.2977 0.8682 0.3969
vn 0.6479 0.5895 0.4824
vn -0.1243 0.5721 -0.8107
vn -0.6252 0.0570 0.7784
vn 0.3286 0.0461 0.9433
vn 0.7285 -0.4536 0.5134
vn -0.1227 0.2067 0.9707
vn 0.6114 0.5557 -0.5633
vn 0.8113 0.3657 -0.4560
vn 0.6390 0.7294 -0.2441
vn 0.7946 0.5640 -0.2246
vn 0.4472 0.0000 0.8944
vn 0.8400 -0.4870 -0.2392
vn -0.8348 -0.5253 0.1651
vn 0.0526 -0.9949 -0.0862
vn 0.3072 0.5689 0.7629
vn 0.3228 0.5782 0.7493
vn 0.0785 0.5587 0.8256
vn -0.4718 0.3990 0.7863
vn -0.4947 0.3507 0.7951
vn -0.9240 -0.3741 -0.0789
vn -0.4127 -0.9105 0.0256
vn -0.0536 0.0885 -0.9946
vn 0.7982 -0.2865 -0.5298
vn 0.8304 -0.3153 -0.4594
vn 0.0183 -0.5157 -0.8566
vn 0.8187 0.1419 0.5564
vn -0.7939 -0.6017 -0.0872
vn -0.6126 -0.7868 -0.0748
vn -0.1275 -0.2728 -0.9536
vn 0.8762 0.2255 0.4260
vn 0.8465 -0.0241 0.5318
vn 0.8302 -0.1595 0.5342
vn 0.8164 -0.0609 0.5743
vn 0.8368 -0.0936 0.5395
vn -0.3957 -0.9111 0.1150
vn -0.5927 -0.7402 0.3175
vn 0.6796 -0.4349 -0.5907
vn 0.5634 -0.4526 -0.6912
vn 0.8184 -0.5246 -0.2347
vn 0.8365 -0.5475 0.0235
vn 0.6441 -0.5024 -0.5768
vn 0.7026 -0.3273 -0.6318
vn 0.8600 -0.4280 -0.2780
vn 0.7451 -0.4162 -0.5212
vn 0.8702 -0.3099 -0.3831
vn 0.2163 -0.8654 0.4520
vn -0.0504 -0.8923 0.4487
vn 0.1944 -0.6890 0.6982
vn 0.3487 -0.6780 0.6471
vn 0.0179 0.7766 -0.6297
vn -0.1289 0.9857 -0.1081
vn -0.3367 0.7958 -0.5033
vn -0.5601 0.7129 -0.4221
vn -0.5596 0.0837 0.8245
vn 0.8991 -0.4340 0.0564
vn 0.6986 -0.6513 -0.2963
vn 0.6500 -0.7432 -0.1582
vn 0.7948 -0.5507 0.2551
vn 0.7269 -0.5692 0.3842
vn -0.7598 -0.3901 0.5202
vn -0.9053 -0.4224 0.0445
vn -0.7185 -0.4465 0.5333
vn -0.3586 -0.2506 0.8992
vn -0.6227 0.2834 -0.7294
vn -0.9103 0.1719 -0.3767
vn -0.1729 0.3609 0.9164
vn -0.3569 0.4230 0.8329
vn 0.2233 0.3574 0.9069
vn 0.9294 -0.2239 0.2935
vn 0.1748 0.9774 0.1188
vn 0.4175 0.8965 0.1486
vn -0.1566 -0.2574 0.9535
vn -0.0566 0.1378 0.9888
vn 0.7287 0.2341 0.6436
vn 0.9940 0.0364 0.1036
vn 0.7759 0.0899 0.6244
vn 0.6319 -0.4036 0.6617
vn 0.5832 -0.4255 0.6920
vn -0.4410 -0.8802 0.1753
vn -0.3235 -0.8731 -0.3647
vn -0.4497 -0.4535 -0.7694
vn -0.9327 -0.0423 0.3582
vn -0.9405 0.0304 0.3384
vn -0.8317 -0.1540 0.5334
vn -0.9143 -0.1717 0.3670
vn -0.9038 0.0331 0.4267
vn -0.9281 -0.0386 0.3704
vn -0.2807 0.0617 -0.9578
vn -0.6417 0.0085 -0.7669
vn -0.6450 0.0996 -0.7576
vn -0.3682 0.0723 -0.9269
vn -0.4334 -0.0185 -0.9010
vn -0.7487 0.1055 -0.6545
vn 0.9852 -0.0797 0.1516
vn 0.9841 0.0029 0.1776
vn 0.3903 -0.0124 -0.9206
vn -0.4904 -0.4884 -0.7218
vn -0.3756 -0.7511 -0.5429
vn -0.0230 -0.9719 0.2341
vn -0.2514 -0.9341 0.2534
vn 0.7600 -0.1743 -0.6261
vn 0.8096 -0.2906 -0.5100
vn -0.1003 -0.5386 -0.8366
vn 0.0367 -0.5325 -0.8456
vn 0.7938 -0.4419 -0.4179
vn 0.5898 -0.7115 -0.3820
vn 0.6528 -0.4319 -0.6224
vn 0.7987 -0.5654 -0.2061
vn -0.5495 -0.7114 0.4383
vn -0.6143 0.5687 0.5471
vn -0.0637 -0.9807 0.1847
vn -0.6035 -0.5169 -0.6071
vn -0.2241 -0.4549 0.8619
vn -0.4070 -0.3109 0.8589
vn -0.4518 -0.1089 -0.8854
vn -0.0728 -0.4921 -0.8675
vn -0.7481 -0.3205 -0.5810
vn 0.9759 -0.1397 0.1675
vn 0.9520 -0.2137 0.2190
vn 0.4139 -0.4366 0.7988
vn 0.6019 -0.2960 0.7417
vn 0.4656 -0.3261 0.8228
vn -0.7233 -0.5495 0.4182
vn -0.7152 -0.5371 -0.4473
vn 0.5145 -0.8522 -0.0949
vn 0.4383 -0.8950 0.0827
vn 0.7719 -0.3809 0.5090
vn 0.5402 -0.8406 -0.0398
vn 0.0053 -0.2929 -0.9561
vn -0.0168 -0.2386 -0.9710
vn -0.5938 -0.1699 0.7865
vn -0.6923 0.2034 0.6923
vn -0.4929 -0.3700 0.7875
vn -0.2054 0.1809 0.9618
vn 0.2862 -0.0768 0.9551
vn -0.0908 0.3129 0.9454
vn -0.1048 0.1627 0.9811
vn 0.6292 -0.5785 0.5191
vn 0.8707 0.1054 -0.4804
vn -0.4950 0.2029 0.8449
vn -0.9844 -0.1454 -0.0991
vn 0.2742 0.3623 -0.8908
vn 0.1658 0.6641 -0.7290
vn 0.3236 0.4131 0.8512
vn 0.5145 0.5706 0.6401
vn -0.6697 0.7252 -0.1601
vn -0.1393 0.0858 -0.9865
vn -0.1771 -0.2738 -0.9453
vn -0.0099 0.3376 -0.9412
vn -0.0107 0.0757 -0.9971
vn 0.2416 -0.5820 0.7765
vn 0.7557 -0.3029 0.5806
vn 0.9137 -0.2051 0.3507
vn 0.5248 -0.3591 -0.7717
vn 0.2776 -0.6012 -0.7494
vn -0.6752 -0.3316 0.6589
vn -0.3693 -0.7146 0.5941
vn 0.9257 -0.3778 0.0174
vn -0.0167 -0.0518 0.9985
vn -0.7263 -0.0391 0.6863
vn 0.0822 -0.9656 0.2465
vn 0.2792 0.6631 0.6945
vn 0.2855 0.7496 0.5971
vn 0.5723 0.1753 0.8011
vn -0.7570 -0.4534 -0.4705
vn -0.4477 -0.8891 -0.0953
vn -0.0021 -0.8158 -0.5784
vn -0.2366 -0.8594 -0.4533
vn 0.1398 -0.4948 -0.8577
vn -0.6948 -0.5023 -0.5147
vn -0.2767 -0.4693 -0.8386
vn -0.7965 -0.5939 -0.1138
vn -0.8477 -0.3986 -0.3500
vn 0.6632 -0.3783 -0.6458
vn 0.3235 -0.5213 -0.7897
vn 0.7539 -0.4613 -0.4678
vn 0.4971 -0.5017 -0.7079
vn 0.8895 -0.3072 -0.3384
vn 0.8425 -0.1656 -0.5125
vn 0.7398 0.4862 0.4650
vn 0.9064 0.3602 0.2208
vn 0.3894 -0.8607 0.3279
vn -0.4060 -0.8057 0.4314
vn -0.4643 -0.1022 0.8797
vn -0.0565 -0.1004 0.9933
vn -0.0308 0.0799 -0.9963
vn 0.5008 0.0062 -0.8655
vn 0.6636 -0.7110 0.2327
vn 0.5896 -0.5487 -0.5927
vn -0.7449 -0.4800 -0.4635
vn -0.8255 -0.5643 0.0115
vn -0.3698 -0.0210 0.9289
vn -0.7451 0.6663 0.0289
vn -0.5007 0.6720 0.5457
vn -0.6100 0.5515 0.5690
vn -0.6152 0.5954 -0.5167
vn -0.6593 0.6510 -0.3763
vn -0.7873 0.6163 0.0179
vn -0.4739 0.2481 0.8449
vn -0.8156 -0.2421 0.5256
vn -0.9025 0.1962 0.3835
vn 0.3593 0.2675 -0.8941
vn -0.0237 0.3272 0.9447
vn -0.8970 0.1031 0.4298
vn -0.8492 -0.0381 0.5267
vn -0.9517 0.3060 -0.0226
vn 0.1837 0.2405 0.9531
vn -0.7472 0.0558 0.6622
vn -0.8979 -0.4388 -0.0341
vn 0.9067 -0.4193 0.0453
vn 0.7640 0.2277 0.6037
vn 0.7261 -0.2652 -0.6343
vn 0.8354 0.5275 0.1546
vn 0.8499 0.3437 -0.3994
vn 0.8242 0.5123 0.2411
vn 0.7481 -0.4595 -0.4787
vn 0.4600 -0.4621 -0.7582
vn 0.8512 -0.5142 0.1053
vn 0.3608 -0.2665 0.8938
vn -0.9660 0.2066 -0.1557
vn -0.8877 0.1171 -0.4454
vn -0.7851 0.2754 -0.5548
vn -0.7808 0.3706 -0.5031
vn 0.2575 -0.2514 0.9330
vn -0.8016 0.0838 -0.5919
vn -0.9273 0.1116 -0.3573
vn -0.9402 0.0468 -0.3375
vn 0.7664 -0.0884 0.6362
vn 0.4394 0.5882 0.6789
vn -0.4212 0.1045 0.9009
vn 0.7098 -0.7042 0.0134
vn 0.8501 -0.5260 0.0241
vn 0.7635 -0.4931 -0.4171
vn 0.5038 0.1630 0.8483
vn -0.5787 0.3090 0.7547
vn 0.2203 0.0193 0.9752
vn 0.7908 -0.5983 0.1294
vn 0.0963 0.4244 0.9003
vn -0.8955 0.3109 0.3183
vn 0.5360 -0.1438 0.8319
vn 0.3377 0.4594 -0.8215
vn 0.1274 0.4021 -0.9067
vn 0.0731 0.4535 -0.8883
vn -0.6941 -0.5620 0.4499
vn -0.8204 0.1984 -0.5363
vn -0.2532 -0.1112 -0.9610
vn -0.8211 -0.0131 -0.5706
vn -0.8557 0.3622 -0.3695
vn -0.3645 -0.0262 -0.9308
vn -0.0509 -0.2317 0.9714
vn 0.9607 -0.1710 -0.2187
vn 0.9702 -0.1940 -0.1450
vn -0.9810 -0.0613 0.1839
vn 0.6785 0.3508 0.6454
vn -0.5647 0.6018 0.5647
vn -0.6247 -0.4685 0.6247
vn -0.1764 -0.9830 0.0504
vn 0.6021 -0.3303 -0.7269
vn -0.5616 -0.3300 -0.7588
vn 0.6612 -0.4092 -0.6288
vn -0.4778 -0.3676 -0.7979
vn 0.3417 -0.3359 -0.8777
vn 0.0314 0.0532 -0.9981
vn -0.7609 -0.4193 0.4953
vn -0.9931 0.1098 -0.0407
vn -0.8987 0.3570 -0.2547
vn -0.9923 0.0509 0.1130
vn -0.9968 -0.0709 0.0363
vn 0.6759 -0.7340 0.0657
vn 0.3886 -0.8964 0.2134
vn 0.6247 0.4550 0.6346
vn 0.7683 0.4905 0.4113
vn -0.8671 -0.3279 -0.3751
vn -0.7974 -0.4730 -0.3747
vn -0.6880 -0.3823 -0.6169
vn -0.2253 0.4080 0.8847
vn -0.0880 -0.0813 0.9928
vn -0.0461 0.5967 0.8011
vn 0.6897 -0.6355 0.3471
vn 0.9564 -0.1356 0.2588
vn 0.7985 0.5915 0.1118
vn -0.0104 0.5868 0.8097
vn 0.2474 0.7904 -0.5604
vn 0.9620 -0.1402 0.2342
vn 0.9787 -0.1169 0.1688
vn -0.4398 0.1976 -0.8761
vn 0.0207 0.9461 -0.3233
vn 0.9722 -0.0821 -0.2195
vn -0.1974 0.4832 -0.8530
vn -0.5783 -0.6084 0.5436
vn 0.1728 -0.9848 -0.0192
vn -0.6618 -0.3809 -0.6457
vn -0.3989 -0.3920 -0.8290
vn -0.5403 -0.4556 -0.7075
vn -0.8368 -0.1652 -0.5220
vn 0.3897 -0.6740 0.6275
vn 0.8190 -0.4212 -0.3896
vn 0.9227 -0.1516 0.3544
vn 0.9237 0.3237 0.2049
vn 0.0844 0.0750 -0.9936
vn -0.9950 0.0520 0.0858
vn -0.1293 -0.2439 -0.9611
vn 0.8662 -0.4307 -0.2533
vn -0.1014 -0.3498 0.9313
vn 0.3485 -0.5799 0.7364
vn 0.9449 0.0768 -0.3183
vn -0.4657 0.0120 0.8848
vn -0.5068 -0.4484 0.7363
vn 0.0200 -0.3549 0.9347
vn -0.7479 -0.2043 0.6316
vn 0.0508 -0.0462 0.9976
vn -0.6337 -0.1245 0.7635
vn 0.5740 -0.3014 -0.7613
vn 0.7997 -0.3274 -0.5034
vn 0.5176 -0.5054 -0.6904
vn -0.9709 0.1566 0.1811
vn -0.9728 -0.0339 0.2292
vn -0.1364 -0.8633 0.4860
vn -0.3285 -0.5770 0.7478
vn -0.1123 0.2764 0.9544
vn 0.6617 0.2046 0.7213
vn 0.7169 0.5044 0.4812
vn 0.3105 0.5375 -0.7840
vn -0.4124 0.4431 -0.7960
vn 0.6325 0.2502 -0.7331
vn -0.5648 0.0108 0.8251
vn -0.5970 0.1500 0.7881
vn 0.6160 -0.2389 -0.7506
vn 0.3887 0.0035 0.9213
vn 0.4492 0.1698 -0.8772
vn 0.6994 0.2571 -0.6669
vn -0.0120 0.5735 0.8191
vn -0.0291 0.6339 0.7728
vn -0.0676 0.6038 0.7942
vn 0.0452 0.4924 0.8692
vn 0.0357 0.5829 0.8118
vn 0.8924 0.2523 0.3742
vn 0.9028 -0.0141 0.4298
vn -0.2243 -0.1916 -0.9555
vn 0.5745 0.1368 -0.8070
vn 0.9007 0.0320 -0.4333
vn -0.5440 -0.2781 0.7917
vn 0.4671 0.5003 0.7290
vn -0.2424 0.2597 0.9348
vn -0.7012 0.7083 0.0811
vn -0.7571 0.6523 0.0360
vn 0.4323 0.4453 0.7841
vn 0.9983 0.0439 -0.0374
vn 0.9619 -0.1801 -0.2058
vn 0.0077 -0.5267 -0.8500
vn -0.3147 -0.4689 -0.8253
vn 0.3247 -0.4722 -0.8195
vn -0.0380 -0.2966 -0.9542
vn 0.3827 -0.6500 0.6566
vn 0.1301 -0.8807 0.4554
vn 0.0574 -0.9799 0.1912
vn -0.7871 -0.5019 0.3586
vn -0.8419 -0.4238 0.3340
vn -0.0163 0.0227 0.9996
vn 0.9385 -0.2554 0.2323
vn 0.8734 -0.2644 0.4091
vn 0.0437 -0.9982 0.0407
vn 0.1060 0.3491 0.9311
vn -0.5607 -0.2481 -0.7900
vn 0.9282 -0.0158 0.3717
vn -0.3744 -0.7562 0.5366
vn -0.9067 0.2961 -0.3003
vn -0.3555 0.0168 -0.9345
vn -0.8505 0.4751 0.2257
vn -0.4294 0.0093 -0.9031
vn 0.9792 -0.0026 -0.2028
vn 0.9799 0.1937 -0.0469
vn -0.5785 0.6344 0.5128
vn -0.7199 0.6744 0.1639
vn 0.2882 0.6735 0.6807
vn -0.9700 -0.0986 0.2223
vn -0.5996 0.7868 0.1462
vn -0.9637 0.1646 -0.2103
vn 0.6845 -0.7022 0.1956
vn -0.8041 -0.0137 0.5943
vn 0.9807 0.0551 -0.1876
vn 0.9752 0.1672 -0.1449
vn 0.9422 -0.1718 -0.2875
vn -0.9086 -0.4072 0.0928
vn -0.9087 -0.3637 -0.2050
vn 0.0805 0.2629 0.9615
vn -0.8679 0.0435 0.4949
vn 0.8289 -0.4962 0.2584
vn 0.9087 -0.0369 0.4159
vn 0.5963 -0.1023 0.7962
vn -0.2937 -0.0857 0.9520
vn -0.9141 0.3830 -0.1331
vn 0.1869 0.3131 -0.9311
vn -0.6429 -0.2375 0.7282
vn -0.2346 0.2890 -0.9281
vn 0.2110 0.2689 0.9398
vn 0.4517 -0.8582 0.2440
vn -0.9191 -0.3575 0.1659
vn -0.7679 -0.0630 0.6375
vn -0.9505 -0.1604 0.2661
vn 0.4223 -0.3008 -0.8551
vn -1.0000 0.0031 0.0000
vn 0.9305 0.3219 0.1745
vn -0.0849 -0.0012 -0.9964
vn -0.7452 -0.6668 0.0050
vn -0.0376 -0.6132 0.7890
vn 0.1531 -0.5025 0.8509
vn -0.1308 -0.6118 0.7801
vn -0.8705 -0.1580 0.4661
vn -0.9817 -0.0053 -0.1903
vn -0.9566 -0.1783 -0.2307
vn 0.5360 -0.1448 -0.8317
vn -0.3677 0.2572 0.8937
vn 0.0000 0.4472 0.8944
vn -0.3391 0.4368 0.8332
vn 0.7208 0.5892 0.3650
vn -0.5975 -0.6631 -0.4509
vn 0.0744 -0.0428 -0.9963
vn -0.2401 -0.6372 -0.7323
vn 0.3156 0.5175 0.7954
vn -0.6182 -0.5109 0.5973
vn -0.4125 -0.4345 0.8007
vn -0.1542 -0.2003 -0.9675
vn 0.2976 -0.9404 -0.1645
vn 0.4131 -0.1869 0.8913
vn 0.9299 -0.0870 0.3573
vn -0.9828 -0.0423 -0.1797
vn -0.9994 -0.0359 0.0000
vn -0.1275 -0.6110 -0.7813
vn -0.2580 -0.5370 -0.8032
vn -0.4799 0.0275 -0.8769
vn -0.0217 -0.0001 -0.9998
vn -0.9226 -0.2797 0.2656
vn -0.9587 -0.2832 0.0273
vn -0.8898 -0.1372 0.4352
vn -0.9682 -0.0882 0.2340
vn -0.8011 -0.3096 0.5123
vn -0.9805 -0.1868 0.0608
vn -0.0476 0.9947 -0.0916
vn -0.5497 -0.4849 -0.6802
vn 0.9758 -0.1995 0.0896
vn 0.9877 -0.1561 0.0073
vn 0.9885 -0.0522 0.1417
vn 0.3739 0.0223 -0.9272
vn 0.8576 0.1436 0.4939
vn -0.7753 0.5058 0.3782
vn -0.9408 -0.2937 0.1693
vn -0.8316 -0.3286 0.4477
vn -0.5562 -0.1238 0.8218
vn -0.5066 0.0058 0.8622
vn -0.8427 -0.0161 -0.5382
vn -0.8977 -0.1423 -0.4169
vn -0.1097 -0.2998 -0.9477
vn -0.9700 0.0992 0.2220
vn -0.8729 0.4552 -0.1757
vn 0.3374 0.0314 -0.9408
vn -0.6142 -0.5549 0.5611
vn -0.2470 0.4874 0.8375
vn 0.4082 -0.4125 0.8144
vn 0.4376 -0.2334 0.8683
vn 0.6963 0.0865 0.7125
vn -0.4114 0.7965 -0.4431
vn -0.0054 0.4344 -0.9007
vn -0.1663 0.0788 -0.9829
vn -0.2021 -0.6577 -0.7256
vn -0.7191 0.1456 -0.6795
vn 0.1068 0.4068 -0.9073
vn 0.7240 0.6877 0.0545
vn 0.7578 0.6494 0.0640
vn -0.4453 0.4630 0.7664
vn 0.5641 0.7651 0.3104
vn 0.2863 0.8616 0.4192
vn 0.4887 0.5720 0.6588
vn -0.0319 -0.5066 -0.8616
vn -0.3407 -0.0787 0.9369
vn 0.0000 -0.0101 0.9999
vn -0.5306 -0.1947 0.8250
vn -0.2073 -0.3590 0.9100
vn 0.0500 -0.1499 0.9874
vn 0.2354 0.9461 0.2224
vn -0.8200 -0.5167 -0.2460
vn -0.6600 -0.5424 -0.5197
vn 0.7778 -0.4760 0.4104
vn 0.6600 -0.7392 -0.1342
vn 0.7071 -0.1274 0.6956
vn 0.3338 -0.8282 0.4502
vn 0.2921 -0.9096 0.2954
vn 0.6108 -0.5285 0.5896
vn 0.7512 -0.1975 -0.6299
vn -0.6919 0.2128 0.6899
vn 0.4471 -0.7414 0.5005
vn 0.2221 0.0672 -0.9727
vn 0.1140 -0.9866 0.1170
vn 0.7856 -0.5995 0.1532
vn -0.0413 -0.8091 0.5862
vn 0.6992 0.3163 0.6412
vn -0.8155 -0.2977 -0.4964
vn -0.3811 -0.5018 -0.7765
vn 0.6787 -0.3744 -0.6318
vn 0.1190 0.1524 0.9811
vn -0.9817 0.0207 0.1893
vn -0.7938 -0.1202 0.5962
vn 0.1822 0.6204 0.7628
vn 0.4421 -0.8370 -0.3225
vn 0.3541 -0.4186 -0.8363
vn 0.8814 0.3005 0.3645
vn -0.9572 -0.0345 0.2873
vn -0.9184 -0.2780 0.2814
vn 0.8443 -0.3935 -0.3637
vn 0.7745 -0.5818 -0.2484
vn -0.1686 0.9489 -0.2668
vn 0.8505 -0.5179 0.0920
vn -0.3542 0.5042 0.7876
vn 0.9954 0.0956 0.0042
vn -0.8881 0.0132 -0.4595
vn 0.1118 -0.6482 -0.7532
vn 0.2185 0.1809 0.9589
vn 0.5738 0.2734 0.7720
vn -0.7525 0.5764 0.3185
vn 0.0004 0.3212 -0.9470
vn -0.8008 0.5967 -0.0514
vn 0.9149 -0.2203 -0.3382
vn -0.3531 -0.0286 0.9351
vn -0.8506 0.2913 0.4377
vn 0.3867 0.8972 0.2134
vn 0.6999 0.7125 0.0501
vn -0.1459 0.3973 -0.9060
vn -0.4226 0.5282 -0.7365
vn -0.1775 0.3781 -0.9086
vn -0.3178 0.6034 -0.7314
vn -0.0300 0.2115 -0.9769
vn -0.3294 -0.3508 -0.8766
vn -0.6448 -0.5908 -0.4850
vn -0.0670 -0.3699 -0.9267
vn 0.6206 0.1067 0.7768
vn 0.9283 -0.0197 0.3713
vn 0.3045 -0.5674 -0.7651
vn -0.0928 -0.6718 -0.7349
vn 0.3631 -0.8429 -0.3972
vn -0.9207 0.3328 0.2038
vn 0.3447 0.6485 -0.6787
vn -0.7203 -0.6913 -0.0567
vn -0.2354 -0.8870 -0.3972
vn 0.0541 -0.7691 -0.6369
vn 0.0356 0.1944 0.9803
vn 0.0976 -0.3838 -0.9183
vn -0.3846 -0.6149 -0.6885
vn -0.6507 -0.1272 -0.7486
vn -0.8293 0.5219 0.1997
vn 0.3061 0.3906 0.8681
vn 0.4808 -0.2683 -0.8348
vn 0.5389 -0.3148 -0.7813
vn 0.3935 -0.2847 -0.8741
vn -0.0974 0.3952 0.9134
vn 0.9324 -0.0688 0.3547
vn -0.4466 0.5273 -0.7229
vn 0.0055 -0.9971 0.0759
vn 0.0387 0.3263 -0.9445
vn -0.7387 -0.4873 0.4656
vn 0.1513 -0.0970 0.9837
vn -0.7833 -0.4057 0.4709
vn 0.6833 0.3615 0.6344
vn 0.4332 -0.3202 -0.8425
vn -0.3441 0.5457 0.7640
vn -0.3145 0.6078 0.7291
vn -0.1066 0.5315 0.8403
vn -0.1089 -0.5515 0.8270
vn -0.9750 -0.0320 -0.2199
vn -0.1007 0.6540 -0.7498
vn 0.4336 -0.0090 0.9011
vn 0.5505 -0.3531 0.7565
vn -0.1300 0.3056 0.9433
vn -0.9882 -0.1390 0.0645
vn -0.7207 0.3051 0.6225
vn -0.5391 0.5054 0.6738
vn 0.9390 0.2191 0.2649
vn 0.7335 -0.4658 -0.4949
vn 0.4437 0.2738 0.8533
vn -0.9624 -0.2700 -0.0305
vn -0.2320 0.6659 0.7091
vn -0.0593 0.0516 0.9969
vn 0.3359 0.4048 0.8505
vn 0.1528 -0.5452 -0.8243
vn 0.2339 -0.2455 -0.9408
vn 0.6458 0.0511 0.7618
vn -0.9205 0.1798 0.3468
vn -0.8038 0.2332 0.5473
vn -0.9330 0.2169 0.2872
vn 0.2016 0.0771 0.9764
vn 0.7565 0.6433 0.1179
vn -0.7814 -0.1424 0.6076
vn -0.6546 -0.7473 -0.1140
vn 0.2314 0.3374 0.9125
vn -0.9991 -0.0396 0.0147
vn 0.0667 -0.3771 0.9238
vn 0.6522 0.6185 -0.4383
vn 0.9719 0.0673 0.2256
vn -0.5858 0.3857 0.7128
vn -0.5840 -0.3713 0.7219
vn -0.1632 0.9632 -0.2136
vn 0.5635 0.0889 -0.8213
vn 0.3760 0.2175 -0.9007
vn 0.3728 -0.2179 -0.9020
vn -0.6619 0.6768 -0.3223
vn -0.0552 -0.9491 -0.3101
vn 0.4767 0.1881 0.8587
vn -0.1572 0.0760 0.9846
vn -0.6206 0.7045 0.3442
vn 0.0000 -0.2425 0.9701
vn 0.3668 -0.1758 0.9136
vn -0.7014 0.4927 0.5150
vn 0.0551 -0.9237 0.3790
vn -0.1145 -0.9416 0.3167
vn 0.1575 0.3741 -0.9139
vn -0.2177 0.7190 -0.6601
vn 0.7035 -0.0489 0.7091
vn 0.0213 0.2069 -0.9781
vn 0.1368 0.2836 -0.9491
vn 0.0595 0.1975 -0.9785
vn 0.1554 0.9846 0.0796
vn -0.1592 0.9849 0.0687
vn -0.1001 -0.0243 -0.9947
vt 0.302794 0.504174
vt 0.308328 0.478550
vt 0.321853 0.488643
vt 0.316485 0.522602
vt 0.300319 0.519254
vt 0.294161 0.511115
vt 0.294598 0.499780
vt 0.344755 0.087879
vt 0.358318 0.082212
vt 0.353502 0.093779
vt 0.347527 0.098786
vt 0.338856 0.094408
vt 0.335484 0.080084
vt 0.347752 0.073596
vt 0.519702 0.111868
vt 0.522683 0.102376
vt 0.532435 0.116214
vt 0.499756 0.109840
vt 0.504399 0.099069
vt 0.520438 0.125245
vt 0.501102 0.121514
vt 0.046724 0.214038
vt 0.072459 0.223887
vt 0.048612 0.229377
vt 0.737381 0.766599
vt 0.747095 0.778595
vt 0.728085 0.778344
vt 0.073917 0.539996
vt 0.078106 0.523504
vt 0.093550 0.530794
vt 0.047565 0.549460
vt 0.053970 0.527461
vt 0.072629 0.563563
vt 0.660030 0.402974
vt 0.658881 0.392039
vt 0.670952 0.403625
vt 0.917188 0.846447
vt 0.919173 0.854407
vt 0.909094 0.849153
vt 0.925230 0.838389
vt 0.927449 0.850068
vt 0.915443 0.838135
vt 0.218623 0.199675
vt 0.205111 0.197593
vt 0.211988 0.191767
vt 0.212008 0.209669
vt 0.223946 0.210409
vt 0.229812 0.206144
vt 0.224608 0.192871
vt 0.063650 0.313082
vt 0.080285 0.286762
vt 0.125770 0.322010
vt 0.075421 0.283516
vt 0.058074 0.329485
vt 0.054610 0.308668
vt 0.553230 0.745586
vt 0.529604 0.765832
vt 0.529909 0.750560
vt 0.305240 0.256687
vt 0.300975 0.281255
vt 0.294144 0.271421
vt 0.067581 0.294885
vt 0.351411 0.260169
vt 0.687186 0.007924
vt 0.677141 0.002873
vt 0.687186 0.001750
vt 0.677304 0.008407
vt 0.695637 0.008110
vt 0.023905 0.892320
vt 0.005193 0.882445
vt 0.026760 0.883206
vt 0.080088 0.435068
vt 0.080245 0.418831
vt 0.085443 0.417949
vt 0.043668 0.212849
vt 0.039249 0.229930
vt 0.022786 0.222056
vt 0.023085 0.216297
vt 0.039035 0.199130
vt 0.063476 0.212527
vt 0.879342 0.290661
vt 0.885509 0.275240
vt 0.894891 0.285907
vt 0.877556 0.307324
vt 0.871969 0.300951
vt 0.294364 0.614682
vt 0.305544 0.613491
vt 0.306976 0.629406
vt 0.403987 0.697753
vt 0.390559 0.704885
vt 0.388890 0.696432
vt 0.279558 0.629536
vt 0.278115 0.606251
vt 0.297355 0.600242
vt 0.388249 0.687354
vt 0.490709 0.912748
vt 0.504899 0.906132
vt 0.517349 0.980622
vt 0.028168 0.618983
vt 0.014585 0.613217
vt 0.033389 0.609886
vt 0.122555 0.070851
vt 0.112529 0.066892
vt 0.117691 0.053445
vt 0.128842 0.058470
vt 0.258294 0.118705
vt 0.194221 0.095384
vt 0.264394 0.103925
vt 0.194385 0.977719
vt 0.183676 0.978414
vt 0.183384 0.948967
vt 0.207642 0.978184
vt 0.196885 0.999324
vt 0.181864 0.997096
vt 0.198221 0.954028
vt 0.265845 0.006654
vt 0.266608 0.018106
vt 0.252886 0.018106
vt 0.927052 0.302206
vt 0.941338 0.295653
vt 0.946153 0.302529
vt 0.927577 0.315025
vt 0.252328 0.006499
vt 0.264559 0.000177
vt 0.744843 0.001085
vt 0.744843 0.008056
vt 0.731034 0.006533
vt 0.890342 0.374686
vt 0.895053 0.357106
vt 0.900194 0.376981
vt 0.879537 0.373831
vt 0.878733 0.358912
vt 0.879528 0.388961
vt 0.895413 0.390748
vt 0.410563 0.123909
vt 0.425341 0.112843
vt 0.434606 0.128891
vt 0.723794 0.389754
vt 0.734596 0.393056
vt 0.721257 0.404137
vt 0.395040 0.116682
vt 0.412845 0.110017
vt 0.719409 0.369275
vt 0.731870 0.375941
vt 0.325651 0.112469
vt 0.332717 0.122021
vt 0.327673 0.132304
vt 0.318347 0.126954
vt 0.313436 0.113549
vt 0.320939 0.089517
vt 0.048399 0.774450
vt 0.039389 0.771588
vt 0.042140 0.765581
vt 0.350200 0.105568
vt 0.901212 0.571219
vt 0.892858 0.566778
vt 0.904826 0.564131
vt 0.910256 0.565926
vt 0.908132 0.574148
vt 0.886875 0.577385
vt 0.897732 0.585893
vt 0.106756 0.961537
vt 0.136811 0.980608
vt 0.103090 0.969208
vt 0.082909 0.965444
vt 0.110355 0.948761
vt 0.142112 0.965137
vt 0.475161 0.559946
vt 0.504281 0.575190
vt 0.501222 0.591837
vt 0.482314 0.547585
vt 0.924526 0.024155
vt 0.935834 0.028390
vt 0.932609 0.032237
vt 0.920576 0.032662
vt 0.914288 0.020414
vt 0.192294 0.647471
vt 0.182009 0.621762
vt 0.194327 0.608796
vt 0.826573 0.952332
vt 0.806744 0.949020
vt 0.824438 0.944365
vt 0.807581 0.999261
vt 0.630177 0.910801
vt 0.625130 0.905155
vt 0.633839 0.890526
vt 0.366714 0.001726
vt 0.373630 0.016558
vt 0.332312 0.014050
vt 0.182501 0.724706
vt 0.182526 0.709716
vt 0.189764 0.714333
vt 0.195255 0.734200
vt 0.166121 0.727860
vt 0.173962 0.718152
vt 0.177757 0.736352
vt 0.048397 0.720317
vt 0.041619 0.695022
vt 0.069255 0.704050
vt 0.224097 0.735097
vt 0.216342 0.709312
vt 0.238533 0.730489
vt 0.231356 0.758986
vt 0.206241 0.764769
vt 0.208658 0.716945
vt 0.242992 0.743024
vt 0.865717 0.853626
vt 0.846233 0.859622
vt 0.837131 0.849085
vt 0.833925 0.699457
vt 0.853200 0.703764
vt 0.845332 0.719150
vt 0.859761 0.874849
vt 0.883049 0.839642
vt 0.871263 0.858287
vt 0.874338 0.830274
vt 0.573345 0.257862
vt 0.576870 0.298156
vt 0.555236 0.260046
vt 0.318349 0.736878
vt 0.270045 0.739213
vt 0.276721 0.718187
vt 0.324888 0.755134
vt 0.277912 0.757555
vt 0.592727 0.257127
vt 0.316479 0.715943
vt 0.142291 0.087900
vt 0.152262 0.089357
vt 0.146329 0.098398
vt 0.140540 0.073699
vt 0.148122 0.079788
vt 0.135719 0.096587
vt 0.133900 0.081511
vt 0.115423 0.612532
vt 0.126071 0.614883
vt 0.115270 0.616960
vt 0.876860 0.828903
vt 0.857724 0.813574
vt 0.880405 0.820000
vt 0.101834 0.620138
vt 0.110364 0.607107
vt 0.852005 0.820502
vt 0.115239 0.603140
vt 0.134692 0.606218
vt 0.750239 0.233326
vt 0.745037 0.248113
vt 0.737254 0.236805
vt 0.750455 0.227763
vt 0.764352 0.232777
vt 0.756428 0.245423
vt 0.025563 0.811375
vt 0.030925 0.813156
vt 0.026594 0.815599
vt 0.303975 0.853640
vt 0.292950 0.838298
vt 0.305391 0.843567
vt 0.021875 0.814489
vt 0.020199 0.810284
vt 0.028030 0.807505
vt 0.020346 0.803963
vt 0.191655 0.141307
vt 0.188655 0.148488
vt 0.182734 0.141483
vt 0.190690 0.137457
vt 0.197205 0.145329
vt 0.186451 0.136278
vt 0.590150 0.346779
vt 0.593163 0.356655
vt 0.587642 0.353284
vt 0.442126 0.366926
vt 0.467785 0.375908
vt 0.444838 0.385158
vt 0.414979 0.379047
vt 0.442501 0.341144
vt 0.467927 0.357123
vt 0.421165 0.397718
vt 0.588385 0.178981
vt 0.592629 0.194822
vt 0.577277 0.184639
vt 0.575127 0.170509
vt 0.585067 0.166828
vt 0.599657 0.172400
vt 0.606236 0.186421
vt 0.988404 0.107098
vt 0.955622 0.125387
vt 0.955624 0.109966
vt 0.954487 0.098887
vt 0.988140 0.094372
vt 0.994883 0.106476
vt 0.992242 0.121759
vt 0.993520 0.094473
vt 0.900277 0.222565
vt 0.895657 0.243778
vt 0.888288 0.224545
vt 0.895927 0.200541
vt 0.910238 0.201016
vt 0.909432 0.225520
vt 0.032570 0.575955
vt 0.024642 0.580415
vt 0.031872 0.570131
vt 0.035892 0.574437
vt 0.036879 0.578623
vt 0.032743 0.579947
vt 0.361408 0.988216
vt 0.369425 0.997770
vt 0.356077 0.999979
vt 0.366461 0.975680
vt 0.375313 0.987727
vt 0.350742 0.981306
vt 0.890557 0.945733
vt 0.907501 0.991643
vt 0.891371 0.990315
vt 0.877401 0.987745
vt 0.274570 0.885024
vt 0.232437 0.871381
vt 0.243642 0.868358
vt 0.870866 0.946763
vt 0.873758 0.918286
vt 0.915686 0.925512
vt 0.910167 0.949446
vt 0.767961 0.404135
vt 0.762717 0.421679
vt 0.757957 0.411710
vt 0.782159 0.394134
vt 0.783638 0.413078
vt 0.773064 0.417745
vt 0.547112 0.587884
vt 0.565820 0.583697
vt 0.550836 0.600983
vt 0.763103 0.391165
vt 0.767509 0.388479
vt 0.443936 0.866151
vt 0.449670 0.859554
vt 0.455072 0.872505
vt 0.448083 0.885518
vt 0.433636 0.878137
vt 0.434933 0.856695
vt 0.134058 0.214891
vt 0.125804 0.211943
vt 0.142681 0.201271
vt 0.140657 0.221721
vt 0.123897 0.229808
vt 0.113816 0.221861
vt 0.153377 0.201691
vt 0.097344 0.439455
vt 0.088357 0.451469
vt 0.090441 0.442608
vt 0.942865 0.104660
vt 0.944044 0.152121
vt 0.928815 0.107945
vt 0.931731 0.081882
vt 0.993175 0.480174
vt 0.992590 0.486684
vt 0.972138 0.484895
vt 0.972755 0.478174
vt 0.866350 0.032223
vt 0.873307 0.057498
vt 0.852059 0.038551
vt 0.972633 0.470496
vt 0.010764 0.278708
vt 0.012650 0.257147
vt 0.022980 0.278209
vt 0.905780 0.323560
vt 0.922037 0.324982
vt 0.906696 0.341113
vt 0.080018 0.668319
vt 0.087827 0.678831
vt 0.075928 0.679231
vt 0.058442 0.661898
vt 0.083665 0.659365
vt 0.087927 0.669102
vt 0.881128 0.176095
vt 0.872250 0.185925
vt 0.865677 0.172447
vt 0.884139 0.197991
vt 0.875050 0.200205
vt 0.881097 0.168607
vt 0.583551 0.209999
vt 0.597656 0.205230
vt 0.606148 0.214514
vt 0.579190 0.198973
vt 0.561506 0.199175
vt 0.587254 0.220725
vt 0.562158 0.210220
vt 0.592542 0.662809
vt 0.605172 0.662837
vt 0.604651 0.677772
vt 0.589332 0.675974
vt 0.579906 0.659052
vt 0.583976 0.642536
vt 0.599050 0.645335
vt 0.237018 0.067548
vt 0.239611 0.076389
vt 0.217639 0.075422
vt 0.234664 0.057060
vt 0.979428 0.164051
vt 0.985428 0.157628
vt 0.989921 0.166446
vt 0.985626 0.172784
vt 0.968753 0.159817
vt 0.975246 0.154107
vt 0.975111 0.170758
vt 0.852656 0.296454
vt 0.847999 0.299072
vt 0.846720 0.288343
vt 0.856283 0.302439
vt 0.852024 0.303845
vt 0.869059 0.280294
vt 0.873965 0.287799
vt 0.160221 0.188493
vt 0.175281 0.187371
vt 0.172636 0.192612
vt 0.892475 0.186593
vt 0.904798 0.185995
vt 0.162605 0.199329
vt 0.881251 0.204666
vt 0.706255 0.990794
vt 0.702818 0.980980
vt 0.708762 0.981543
vt 0.401575 0.840191
vt 0.419602 0.840024
vt 0.405896 0.852696
vt 0.700689 0.988885
vt 0.391741 0.826970
vt 0.411550 0.831805
vt 0.700029 0.995591
vt 0.678162 0.530852
vt 0.665044 0.534805
vt 0.664403 0.522567
vt 0.897804 0.747963
vt 0.873909 0.758696
vt 0.877880 0.734733
vt 0.895306 0.735352
vt 0.894870 0.764090
vt 0.681174 0.540645
vt 0.678959 0.520553
vt 0.806759 0.090738
vt 0.789377 0.088095
vt 0.799339 0.078387
vt 0.614473 0.126396
vt 0.595353 0.114869
vt 0.611501 0.115304
vt 0.027168 0.013202
vt 0.039563 0.001019
vt 0.039871 0.013202
vt 0.599113 0.128013
vt 0.765228 0.000267
vt 0.758932 0.008933
vt 0.750262 0.000209
vt 0.027827 0.001032
vt 0.704954 0.167903
vt 0.706278 0.181454
vt 0.690568 0.180080
vt 0.646781 0.384759
vt 0.653818 0.373259
vt 0.657292 0.381586
vt 0.709605 0.810274
vt 0.703014 0.803982
vt 0.708899 0.802198
vt 0.615943 0.357767
vt 0.617962 0.375430
vt 0.602479 0.361236
vt 0.175081 0.136755
vt 0.175093 0.148719
vt 0.179346 0.133670
vt 0.702044 0.813411
vt 0.708757 0.819313
vt 0.029224 0.139685
vt 0.024089 0.138071
vt 0.038554 0.109601
vt 0.927099 0.286770
vt 0.922683 0.254971
vt 0.933973 0.284407
vt 0.030942 0.156209
vt 0.925186 0.303082
vt 0.909634 0.259705
vt 0.497200 0.010557
vt 0.460647 0.010557
vt 0.461807 0.002140
vt 0.048137 0.113391
vt 0.136764 0.990943
vt 0.136663 0.985008
vt 0.151847 0.987685
vt 0.152737 0.999534
vt 0.131587 0.999637
vt 0.105190 0.993016
vt 0.006290 0.656509
vt 0.034340 0.651205
vt 0.032384 0.660176
vt 0.007644 0.661690
vt 0.022714 0.749815
vt 0.035387 0.752174
vt 0.032387 0.757887
vt 0.020348 0.756315
vt 0.019370 0.747944
vt 0.025365 0.744122
vt 0.915155 0.568304
vt 0.920692 0.567339
vt 0.910571 0.582723
vt 0.931805 0.165469
vt 0.940346 0.176655
vt 0.927952 0.183502
vt 0.926821 0.165792
vt 0.937545 0.160703
vt 0.125794 0.557371
vt 0.137499 0.548397
vt 0.143134 0.553037
vt 0.128491 0.564498
vt 0.115037 0.563123
vt 0.120716 0.553678
vt 0.131036 0.547457
vt 0.476790 0.727426
vt 0.435395 0.742493
vt 0.471517 0.702387
vt 0.560084 0.912583
vt 0.565985 0.899410
vt 0.602722 0.897033
vt 0.535785 0.887616
vt 0.400661 0.255843
vt 0.390850 0.224987
vt 0.422408 0.236157
vt 0.523324 0.898772
vt 0.470183 0.751970
vt 0.905143 0.358707
vt 0.149006 0.762884
vt 0.136725 0.753939
vt 0.143715 0.746160
vt 0.134135 0.769502
vt 0.158938 0.760902
vt 0.090043 0.865541
vt 0.102587 0.872528
vt 0.091664 0.878056
vt 0.079204 0.875049
vt 0.102054 0.861119
vt 0.075253 0.866424
vt 0.085753 0.855494
vt 0.098979 0.849460
vt 0.010981 0.908948
vt 0.010246 0.906067
vt 0.014661 0.906952
vt 0.016406 0.910215
vt 0.824971 0.523323
vt 0.826291 0.514887
vt 0.832943 0.524417
vt 0.833974 0.525726
vt 0.827014 0.525250
vt 0.017550 0.916743
vt 0.943997 0.943500
vt 0.927965 0.922572
vt 0.937206 0.924199
vt 0.505348 0.514797
vt 0.501737 0.514020
vt 0.504405 0.504060
vt 0.399133 0.499790
vt 0.388592 0.516468
vt 0.392803 0.497707
vt 0.398186 0.489101
vt 0.402927 0.501504
vt 0.519483 0.501128
vt 0.722255 0.214932
vt 0.741049 0.207970
vt 0.728988 0.227279
vt 0.222685 0.230123
vt 0.241188 0.226208
vt 0.247680 0.246301
vt 0.687565 0.666127
vt 0.709348 0.666796
vt 0.710114 0.682347
vt 0.688515 0.682944
vt 0.666362 0.665012
vt 0.231112 0.250463
vt 0.588190 0.437453
vt 0.584189 0.420125
vt 0.626850 0.427530
vt 0.467702 0.802185
vt 0.471333 0.783216
vt 0.510666 0.793824
vt 0.505233 0.814019
vt 0.495866 0.830171
vt 0.594425 0.454811
vt 0.456279 0.817921
vt 0.960345 0.159727
vt 0.954806 0.168309
vt 0.951096 0.158099
vt 0.965202 0.169326
vt 0.964005 0.151159
vt 0.957806 0.151278
vt 0.033832 0.710306
vt 0.015382 0.724107
vt 0.010440 0.697148
vt 0.242672 0.514855
vt 0.232118 0.476871
vt 0.244735 0.472242
vt 0.030313 0.035622
vt 0.018712 0.055444
vt 0.011220 0.040162
vt 0.264423 0.526848
vt 0.263158 0.544413
vt 0.028306 0.682760
vt 0.253192 0.500539
vt 0.799022 0.786596
vt 0.810813 0.794933
vt 0.800820 0.803930
vt 0.789875 0.794631
vt 0.787987 0.778535
vt 0.819415 0.778970
vt 0.798846 0.766796
vt 0.809096 0.773666
vt 0.093244 0.800208
vt 0.093833 0.810352
vt 0.082843 0.805437
vt 0.102450 0.805165
vt 0.086199 0.785157
vt 0.094392 0.791432
vt 0.083367 0.792993
vt 0.091217 0.256290
vt 0.081459 0.233129
vt 0.100792 0.242149
vt 0.769204 0.774936
vt 0.757912 0.768869
vt 0.776352 0.783191
vt 0.751198 0.791314
vt 0.777005 0.769059
vt 0.108019 0.262958
vt 0.813334 0.890730
vt 0.818667 0.879202
vt 0.852234 0.881555
vt 0.848121 0.897655
vt 0.811891 0.908163
vt 0.413663 0.511771
vt 0.436802 0.524535
vt 0.415764 0.537590
vt 0.800064 0.862153
vt 0.794611 0.897394
vt 0.396976 0.527269
vt 0.345927 0.927406
vt 0.352135 0.907100
vt 0.370424 0.942277
vt 0.345390 0.941255
vt 0.339014 0.931259
vt 0.333257 0.917112
vt 0.791161 0.323704
vt 0.800166 0.305236
vt 0.803792 0.321501
vt 0.860332 0.066910
vt 0.861335 0.077446
vt 0.847571 0.078367
vt 0.785040 0.308153
vt 0.794546 0.341770
vt 0.774842 0.311870
vt 0.874114 0.066501
vt 0.883163 0.564677
vt 0.897099 0.559798
vt 0.890999 0.554288
vt 0.797651 0.584099
vt 0.805987 0.592334
vt 0.795864 0.598908
vt 0.036221 0.815516
vt 0.030819 0.817246
vt 0.033443 0.810782
vt 0.335729 0.853983
vt 0.336996 0.833099
vt 0.347965 0.854633
vt 0.319700 0.847125
vt 0.034821 0.818931
vt 0.011762 0.769110
vt 0.013855 0.763882
vt 0.015811 0.767862
vt 0.827582 0.434683
vt 0.821432 0.452294
vt 0.812243 0.438324
vt 0.831327 0.421604
vt 0.842099 0.433719
vt 0.809221 0.423108
vt 0.866543 0.254160
vt 0.866013 0.235166
vt 0.883828 0.243014
vt 0.739973 0.528799
vt 0.727272 0.531463
vt 0.746185 0.506541
vt 0.747481 0.526720
vt 0.753442 0.549034
vt 0.744696 0.548003
vt 0.293324 0.368288
vt 0.285579 0.376978
vt 0.284068 0.368990
vt 0.295736 0.359231
vt 0.305718 0.359963
vt 0.303043 0.368890
vt 0.292440 0.376606
vt 0.245830 0.726766
vt 0.270398 0.700663
vt 0.061888 0.565542
vt 0.047280 0.577439
vt 0.058673 0.562146
vt 0.369125 0.349786
vt 0.365139 0.341805
vt 0.393409 0.354256
vt 0.391893 0.359979
vt 0.358184 0.399408
vt 0.097303 0.593093
vt 0.052892 0.581901
vt 0.179368 0.085653
vt 0.183846 0.093247
vt 0.173858 0.093946
vt 0.171503 0.076205
vt 0.178695 0.071304
vt 0.186770 0.078301
vt 0.170314 0.086815
vt 0.806777 0.092367
vt 0.809946 0.107278
vt 0.788941 0.109591
vt 0.215646 0.664736
vt 0.216238 0.676440
vt 0.212419 0.673972
vt 0.212812 0.642620
vt 0.220409 0.664313
vt 0.786231 0.098293
vt 0.210221 0.662040
vt 0.785866 0.088763
vt 0.416614 0.243710
vt 0.427101 0.257909
vt 0.410879 0.259466
vt 0.838221 0.543464
vt 0.820369 0.548550
vt 0.829249 0.527838
vt 0.839282 0.529745
vt 0.849901 0.549243
vt 0.832946 0.555793
vt 0.560053 0.101297
vt 0.561529 0.082841
vt 0.576478 0.083250
vt 0.559270 0.115055
vt 0.540834 0.114754
vt 0.543713 0.097186
vt 0.576303 0.119861
vt 0.574969 0.101096
vt 0.573470 0.640031
vt 0.566192 0.653454
vt 0.750938 0.159139
vt 0.770455 0.161747
vt 0.758704 0.170017
vt 0.563578 0.642807
vt 0.564550 0.629071
vt 0.578661 0.627846
vt 0.555424 0.632073
vt 0.399872 0.292424
vt 0.404346 0.309880
vt 0.381217 0.294027
vt 0.412078 0.265748
vt 0.426474 0.305713
vt 0.161177 0.975256
vt 0.946287 0.031908
vt 0.948850 0.027433
vt 0.362048 0.877037
vt 0.383956 0.870856
vt 0.367382 0.882831
vt 0.347555 0.888115
vt 0.355353 0.876483
vt 0.377820 0.864372
vt 0.359896 0.868826
vt 0.545964 0.383363
vt 0.554670 0.371133
vt 0.574676 0.387957
vt 0.433077 0.897644
vt 0.427888 0.916656
vt 0.422026 0.904660
vt 0.466935 0.907268
vt 0.541801 0.372710
vt 0.427749 0.887789
vt 0.815774 0.233004
vt 0.786285 0.267196
vt 0.799592 0.230139
vt 0.817546 0.229115
vt 0.835275 0.235959
vt 0.834019 0.241148
vt 0.822353 0.278192
vt 0.800489 0.271762
vt 0.801412 0.225617
vt 0.695338 0.544835
vt 0.702080 0.541400
vt 0.703916 0.556672
vt 0.689591 0.550283
vt 0.175585 0.398681
vt 0.166080 0.379593
vt 0.191555 0.370998
vt 0.203246 0.405673
vt 0.179361 0.413058
vt 0.198704 0.388353
vt 0.315972 0.695234
vt 0.269018 0.694743
vt 0.611391 0.256581
vt 0.612703 0.295941
vt 0.595264 0.297415
vt 0.271034 0.669760
vt 0.320681 0.669777
vt 0.635545 0.257111
vt 0.761470 0.426727
vt 0.755466 0.423760
vt 0.570136 0.570565
vt 0.581200 0.569039
vt 0.765434 0.426544
vt 0.820512 0.830662
vt 0.816677 0.822754
vt 0.833004 0.819927
vt 0.827821 0.838156
vt 0.819787 0.849197
vt 0.806874 0.843880
vt 0.805883 0.833497
vt 0.679324 0.584383
vt 0.664260 0.584810
vt 0.668853 0.575366
vt 0.684545 0.593357
vt 0.670217 0.596194
vt 0.682192 0.573780
vt 0.811561 0.657343
vt 0.822016 0.667439
vt 0.805785 0.666882
vt 0.824119 0.654246
vt 0.929985 0.751512
vt 0.935648 0.741683
vt 0.942453 0.757936
vt 0.939843 0.770310
vt 0.931893 0.774296
vt 0.917104 0.754669
vt 0.924158 0.745281
vt 0.100156 0.028473
vt 0.105473 0.046422
vt 0.098522 0.047234
vt 0.097558 0.023586
vt 0.102790 0.026820
vt 0.093665 0.030414
vt 0.110674 0.044224
vt 0.473312 0.879596
vt 0.481480 0.871344
vt 0.485948 0.882782
vt 0.480084 0.896710
vt 0.473079 0.868577
vt 0.465884 0.876460
vt 0.468605 0.894046
vt 0.871915 0.214181
vt 0.862887 0.203213
vt 0.864848 0.225791
vt 0.861852 0.209547
vt 0.764004 0.005418
vt 0.766320 0.000670
vt 0.767218 0.007941
vt 0.760476 0.008979
vt 0.037154 0.250042
vt 0.039266 0.238063
vt 0.047108 0.252359
vt 0.029657 0.234685
vt 0.654756 0.176551
vt 0.651537 0.158294
vt 0.668446 0.175462
vt 0.710636 0.970087
vt 0.691293 0.969642
vt 0.690304 0.941329
vt 0.026543 0.246115
vt 0.711873 0.941198
vt 0.597777 0.542514
vt 0.599720 0.537999
vt 0.606697 0.541509
vt 0.742016 0.440374
vt 0.742429 0.435837
vt 0.753218 0.435535
vt 0.595875 0.547580
vt 0.744503 0.443292
vt 0.022585 0.351315
vt 0.012760 0.334093
vt 0.022891 0.333805
vt 0.353716 0.766566
vt 0.394971 0.762764
vt 0.365757 0.785192
vt 0.326262 0.754885
vt 0.353266 0.726223
vt 0.034980 0.333952
vt 0.333007 0.785008
vt 0.540427 0.125983
vt 0.554919 0.126598
vt 0.548487 0.135025
vt 0.254392 0.337447
vt 0.266996 0.344121
vt 0.261705 0.356247
vt 0.261333 0.336124
vt 0.245366 0.343994
vt 0.255140 0.327462
vt 0.037229 0.776195
vt 0.026639 0.769259
vt 0.035527 0.842394
vt 0.030613 0.842053
vt 0.032851 0.829461
vt 0.295547 0.094615
vt 0.297019 0.113194
vt 0.043878 0.781483
vt 0.024512 0.774079
vt 0.038440 0.850942
vt 0.839485 0.475309
vt 0.864095 0.483473
vt 0.842958 0.495863
vt 0.822362 0.471814
vt 0.829225 0.461268
vt 0.499948 0.274674
vt 0.509474 0.285997
vt 0.494895 0.290734
vt 0.842775 0.456266
vt 0.861863 0.459082
vt 0.818445 0.487298
vt 0.035591 0.302441
vt 0.040120 0.308590
vt 0.029343 0.309038
vt 0.026548 0.283044
vt 0.031421 0.283027
vt 0.024253 0.295947
vt 0.047242 0.297861
vt 0.824108 0.740394
vt 0.825648 0.725118
vt 0.831370 0.732653
vt 0.901012 0.902734
vt 0.891959 0.890901
vt 0.901060 0.888536
vt 0.814166 0.731682
vt 0.909055 0.903947
vt 0.139063 0.419047
vt 0.112544 0.400134
vt 0.117236 0.394507
vt 0.201007 0.411752
vt 0.194704 0.421441
vt 0.914846 0.113751
vt 0.905118 0.092345
vt 0.920819 0.110271
vt 0.925530 0.158342
vt 0.133594 0.428221
vt 0.118829 0.389592
vt 0.147008 0.110299
vt 0.146331 0.135304
vt 0.130098 0.123051
vt 0.163807 0.123885
vt 0.133536 0.104766
vt 0.548099 0.491781
vt 0.551123 0.517408
vt 0.539076 0.506313
vt 0.170139 0.102394
vt 0.557415 0.488411
vt 0.002999 0.460344
vt 0.007581 0.450645
vt 0.015374 0.449171
vt 0.114443 0.816845
vt 0.103386 0.824941
vt 0.103560 0.816297
vt 0.013153 0.463563
vt 0.002693 0.470814
vt 0.112302 0.827147
vt 0.123520 0.826329
vt 0.111206 0.806327
vt 0.104988 0.459433
vt 0.094851 0.484414
vt 0.089746 0.460449
vt 0.105991 0.203946
vt 0.124370 0.165695
vt 0.134576 0.163804
vt 0.149284 0.203056
vt 0.132529 0.151439
vt 0.141920 0.148899
vt 0.082306 0.155034
vt 0.121937 0.157097
vt 0.010552 0.849888
vt 0.013364 0.839510
vt 0.018072 0.840952
vt 0.434275 0.927979
vt 0.442672 0.933604
vt 0.419577 0.933188
vt 0.886746 0.058007
vt 0.894621 0.053468
vt 0.902622 0.064480
vt 0.348834 0.401250
vt 0.319589 0.409565
vt 0.329539 0.394760
vt 0.876178 0.024582
vt 0.867994 0.029238
vt 0.877626 0.064109
vt 0.340417 0.419257
vt 0.355601 0.417073
vt 0.176597 0.490782
vt 0.182917 0.503572
vt 0.168161 0.491450
vt 0.175716 0.478199
vt 0.186443 0.477276
vt 0.186516 0.487748
vt 0.188226 0.499393
vt 0.166912 0.479590
vt 0.644472 0.333006
vt 0.647862 0.297253
vt 0.660893 0.334587
vt 0.635771 0.332591
vt 0.634679 0.296873
vt 0.671490 0.126788
vt 0.685103 0.127153
vt 0.684502 0.157348
vt 0.666914 0.157627
vt 0.664196 0.126648
vt 0.602331 0.517855
vt 0.610984 0.521730
vt 0.608061 0.536899
vt 0.754080 0.437693
vt 0.757636 0.446425
vt 0.818431 0.804188
vt 0.751214 0.365088
vt 0.733600 0.344855
vt 0.750853 0.350755
vt 0.766623 0.358883
vt 0.763405 0.372365
vt 0.729254 0.358574
vt 0.744209 0.379827
vt 0.189145 0.240831
vt 0.197698 0.242058
vt 0.193113 0.250498
vt 0.176129 0.247454
vt 0.512172 0.159667
vt 0.513503 0.147274
vt 0.523029 0.152706
vt 0.177473 0.239330
vt 0.511990 0.165754
vt 0.363612 0.088607
vt 0.363134 0.070956
vt 0.376971 0.078706
vt 0.374492 0.084508
vt 0.951762 0.633181
vt 0.946486 0.646045
vt 0.918871 0.628112
vt 0.951697 0.617819
vt 0.953662 0.647064
vt 0.784737 0.032716
vt 0.788771 0.015789
vt 0.813586 0.041270
vt 0.782719 0.047658
vt 0.374736 0.246038
vt 0.361794 0.242209
vt 0.370730 0.224670
vt 0.389836 0.225290
vt 0.390892 0.244553
vt 0.379722 0.261616
vt 0.361346 0.261175
vt 0.025585 0.828541
vt 0.963400 0.771029
vt 0.969798 0.765201
vt 0.976190 0.778325
vt 0.955753 0.764299
vt 0.961086 0.756445
vt 0.959286 0.785929
vt 0.550510 0.428801
vt 0.551195 0.390887
vt 0.567573 0.420837
vt 0.563398 0.468573
vt 0.546547 0.430390
vt 0.573657 0.463892
vt 0.309538 0.350514
vt 0.299201 0.337887
vt 0.312714 0.340763
vt 0.316431 0.361583
vt 0.297448 0.350199
vt 0.318170 0.346238
vt 0.324334 0.347156
vt 0.338690 0.875512
vt 0.332985 0.876104
vt 0.398072 0.912119
vt 0.390854 0.892175
vt 0.401604 0.893833
vt 0.443567 0.496684
vt 0.442007 0.486861
vt 0.449352 0.492232
vt 0.439372 0.499067
vt 0.385009 0.911818
vt 0.322407 0.167873
vt 0.340649 0.174737
vt 0.331479 0.180189
vt 0.352937 0.161774
vt 0.996422 0.819820
vt 0.978298 0.847587
vt 0.956346 0.828505
vt 0.308555 0.183460
vt 0.305932 0.169605
vt 0.405177 0.967371
vt 0.403809 0.945495
vt 0.437171 0.964833
vt 0.313331 0.157421
vt 0.896643 0.421537
vt 0.909090 0.435677
vt 0.894383 0.426131
vt 0.926145 0.392688
vt 0.852722 0.235173
vt 0.845154 0.198170
vt 0.851482 0.238569
vt 0.729723 0.229727
vt 0.717600 0.259783
vt 0.687926 0.254493
vt 0.372298 0.161573
vt 0.353520 0.140818
vt 0.369880 0.137169
vt 0.389458 0.157350
vt 0.373373 0.180536
vt 0.353980 0.177054
vt 0.393674 0.180993
vt 0.650144 0.256930
vt 0.666196 0.258914
vt 0.663243 0.298037
vt 0.657185 0.258022
vt 0.758626 0.432265
vt 0.755374 0.428813
vt 0.765300 0.430460
vt 0.793711 0.834547
vt 0.777804 0.837636
vt 0.778292 0.822122
vt 0.800965 0.823105
vt 0.080142 0.737239
vt 0.093216 0.741806
vt 0.073501 0.744423
vt 0.655102 0.554240
vt 0.667801 0.558518
vt 0.659039 0.569157
vt 0.643908 0.557130
vt 0.638353 0.543986
vt 0.665788 0.544897
vt 0.649648 0.540823
vt 0.554541 0.862887
vt 0.564320 0.852909
vt 0.569027 0.859888
vt 0.579876 0.878590
vt 0.534169 0.868352
vt 0.529800 0.860125
vt 0.543226 0.844572
vt 0.553392 0.848818
vt 0.548675 0.843458
vt 0.272005 0.090031
vt 0.133250 0.724990
vt 0.146070 0.723680
vt 0.000218 0.610502
vt 0.019397 0.603519
vt 0.143475 0.714854
vt 0.114920 0.642604
vt 0.123048 0.739248
vt 0.764398 0.101949
vt 0.748554 0.109204
vt 0.755324 0.093462
vt 0.779783 0.089064
vt 0.767063 0.106993
vt 0.758763 0.091876
vt 0.759166 0.111727
vt 0.858257 0.152238
vt 0.870691 0.154854
vt 0.860527 0.164593
vt 0.850311 0.150522
vt 0.850190 0.134798
vt 0.309395 0.819012
vt 0.311900 0.811454
vt 0.323978 0.815588
vt 0.297637 0.811592
vt 0.322590 0.822001
vt 0.309108 0.828142
vt 0.296827 0.824000
vt 0.800276 0.193063
vt 0.786384 0.200981
vt 0.790934 0.187270
vt 0.793179 0.178190
vt 0.793684 0.205512
vt 0.807466 0.183232
vt 0.897204 0.639197
vt 0.886629 0.645551
vt 0.881187 0.622266
vt 0.757087 0.147762
vt 0.743251 0.168181
vt 0.740585 0.144852
vt 0.754616 0.122701
vt 0.768844 0.122962
vt 0.901288 0.666445
vt 0.895021 0.614533
vt 0.097925 0.901592
vt 0.093878 0.899857
vt 0.105033 0.900319
vt 0.307109 0.002616
vt 0.310325 0.007532
vt 0.304816 0.004412
vt 0.263724 0.405524
vt 0.259284 0.411536
vt 0.258238 0.401095
vt 0.261813 0.413923
vt 0.102961 0.907544
vt 0.382440 0.529443
vt 0.389663 0.575833
vt 0.373837 0.577508
vt 0.363307 0.504753
vt 0.361035 0.574045
vt 0.372713 0.528052
vt 0.049249 0.953568
vt 0.063402 0.945240
vt 0.049872 0.967559
vt 0.042019 0.963834
vt 0.049680 0.930104
vt 0.042810 0.945777
vt 0.830314 0.281986
vt 0.812487 0.306956
vt 0.793181 0.284171
vt 0.659547 0.984752
vt 0.670807 0.981683
vt 0.669704 0.989539
vt 0.498435 0.271337
vt 0.491416 0.255506
vt 0.500017 0.254848
vt 0.741411 0.829123
vt 0.747813 0.828395
vt 0.746178 0.853815
vt 0.505618 0.259063
vt 0.508863 0.274400
vt 0.718230 0.955552
vt 0.742770 0.946527
vt 0.730605 0.963114
vt 0.729725 0.938915
vt 0.487225 0.271731
vt 0.921645 0.827120
vt 0.931486 0.825796
vt 0.680989 0.416450
vt 0.685273 0.406386
vt 0.694937 0.419903
vt 0.691419 0.433480
vt 0.676952 0.429054
vt 0.202959 0.213138
vt 0.208321 0.218516
vt 0.200114 0.206395
vt 0.189792 0.219195
vt 0.195788 0.221607
vt 0.006759 0.569572
vt 0.017261 0.571119
vt 0.018255 0.591246
vt 0.002047 0.583165
vt 0.029619 0.586758
vt 0.679125 0.529410
vt 0.686616 0.528873
vt 0.683516 0.533272
vt 0.550817 0.922487
vt 0.569089 0.930665
vt 0.555360 0.934968
vt 0.539178 0.927372
vt 0.565481 0.915304
vt 0.532477 0.912088
vt 0.543016 0.908899
vt 0.288735 0.138280
vt 0.282930 0.151175
vt 0.276556 0.146383
vt 0.289640 0.129943
vt 0.302030 0.129649
vt 0.297945 0.156477
vt 0.287332 0.153026
vt 0.280985 0.137187
vt 0.519169 0.331002
vt 0.505987 0.340042
vt 0.507531 0.326877
vt 0.615668 0.692352
vt 0.602695 0.705312
vt 0.601351 0.692598
vt 0.512358 0.316164
vt 0.530635 0.327288
vt 0.620480 0.705763
vt 0.915350 0.195550
vt 0.931899 0.221603
vt 0.924671 0.225787
vt 0.919552 0.186476
vt 0.929180 0.191844
vt 0.084722 0.098139
vt 0.085694 0.089529
vt 0.094149 0.099874
vt 0.054064 0.097356
vt 0.058277 0.084567
vt 0.985655 0.194422
vt 0.974935 0.201114
vt 0.975393 0.189861
vt 0.339962 0.198806
vt 0.351398 0.215151
vt 0.333599 0.220085
vt 0.320628 0.199840
vt 0.365138 0.199915
vt 0.984719 0.203571
vt 0.984621 0.182496
vt 0.861790 0.145778
vt 0.855841 0.144181
vt 0.860406 0.118289
vt 0.869898 0.120039
vt 0.867438 0.146681
vt 0.972953 0.490374
vt 0.992369 0.491945
vt 0.972083 0.496277
vt 0.157969 0.165573
vt 0.157561 0.159170
vt 0.164964 0.157289
vt 0.975791 0.936202
vt 0.974348 0.927087
vt 0.985532 0.934345
vt 0.978426 0.942572
vt 0.167697 0.168390
vt 0.963681 0.943913
vt 0.879099 0.420368
vt 0.865000 0.405823
vt 0.879559 0.406122
vt 0.892644 0.422198
vt 0.891924 0.435175
vt 0.121146 0.787500
vt 0.113175 0.796450
vt 0.114745 0.787796
vt 0.120036 0.779683
vt 0.125188 0.777024
vt 0.389482 0.083820
vt 0.402066 0.087074
vt 0.389184 0.099024
vt 0.953680 0.094139
vt 0.960866 0.085651
vt 0.962051 0.096980
vt 0.404133 0.077565
vt 0.380248 0.085113
vt 0.950490 0.085430
vt 0.391900 0.075781
vt 0.543574 0.836008
vt 0.548390 0.838673
vt 0.562345 0.818985
vt 0.568745 0.833705
vt 0.950803 0.204279
vt 0.963875 0.204279
vt 0.960607 0.218271
vt 0.717633 0.564577
vt 0.727327 0.569672
vt 0.719317 0.576466
vt 0.611187 0.945554
vt 0.601133 0.938810
vt 0.610888 0.938000
vt 0.702005 0.567294
vt 0.707998 0.559186
vt 0.721506 0.555139
vt 0.601509 0.947218
vt 0.859975 0.805219
vt 0.138069 0.615855
vt 0.127143 0.620377
vt 0.136756 0.606105
vt 0.709143 0.240719
vt 0.686523 0.240669
vt 0.689958 0.223054
vt 0.698689 0.226382
vt 0.713390 0.232266
vt 0.495021 0.192985
vt 0.487014 0.193168
vt 0.491421 0.180741
vt 0.508613 0.186833
vt 0.509447 0.206179
vt 0.660308 0.177626
vt 0.661475 0.190534
vt 0.652429 0.177659
vt 0.772237 0.065532
vt 0.788605 0.065937
vt 0.780794 0.075753
vt 0.779080 0.056937
vt 0.768152 0.059422
vt 0.674592 0.177971
vt 0.801888 0.160433
vt 0.814183 0.179426
vt 0.781654 0.161100
vt 0.794831 0.141365
vt 0.940722 0.587408
vt 0.928900 0.602923
vt 0.924334 0.588629
vt 0.817201 0.154056
vt 0.694890 0.305379
vt 0.679845 0.307017
vt 0.628355 0.058949
vt 0.618179 0.047648
vt 0.673847 0.024016
vt 0.713971 0.309465
vt 0.641449 0.062379
vt 0.667287 0.064720
vt 0.682403 0.076871
vt 0.671718 0.075428
vt 0.030797 0.189653
vt 0.022122 0.186151
vt 0.023955 0.180827
vt 0.660701 0.083852
vt 0.654299 0.069498
vt 0.676303 0.063220
vt 0.019539 0.197538
vt 0.087220 0.255328
vt 0.076146 0.255795
vt 0.083825 0.241860
vt 0.869276 0.897041
vt 0.867751 0.908882
vt 0.615197 0.977064
vt 0.629707 0.944129
vt 0.635844 0.973320
vt 0.712502 0.363507
vt 0.694909 0.371084
vt 0.692671 0.354363
vt 0.709341 0.351577
vt 0.881915 0.333101
vt 0.880485 0.323250
vt 0.891034 0.321022
vt 0.870210 0.326036
vt 0.863351 0.330780
vt 0.896531 0.330162
vt 0.349878 0.709137
vt 0.322465 0.667557
vt 0.359314 0.691206
vt 0.320714 0.727966
vt 0.358887 0.706300
vt 0.745468 0.483902
vt 0.733154 0.472012
vt 0.744687 0.469000
vt 0.738113 0.484405
vt 0.764749 0.553081
vt 0.752609 0.540946
vt 0.764749 0.540216
vt 0.549492 0.163731
vt 0.561719 0.166045
vt 0.561211 0.187295
vt 0.796425 0.751681
vt 0.808721 0.755791
vt 0.771289 0.550898
vt 0.545583 0.180890
vt 0.014371 0.432190
vt 0.002033 0.433270
vt 0.019367 0.395252
vt 0.657849 0.883271
vt 0.652649 0.878197
vt 0.673721 0.882365
vt 0.031994 0.434103
vt 0.152575 0.701564
vt 0.158300 0.706642
vt 0.151154 0.717400
vt 0.157693 0.697881
vt 0.829569 0.806363
vt 0.828445 0.786036
vt 0.837319 0.791324
vt 0.379031 0.115119
vt 0.363769 0.107249
vt 0.376229 0.099613
vt 0.657783 0.620494
vt 0.651950 0.612532
vt 0.665042 0.612099
vt 0.387392 0.126101
vt 0.369270 0.127571
vt 0.426362 0.492355
vt 0.410527 0.474039
vt 0.423876 0.476018
vt 0.430058 0.506893
vt 0.418974 0.504467
vt 0.434543 0.499216
vt 0.412824 0.490542
vt 0.852018 0.761542
vt 0.857080 0.748216
vt 0.866230 0.767981
vt 0.839578 0.758771
vt 0.874310 0.459268
vt 0.874989 0.476915
vt 0.873734 0.444447
vt 0.415539 0.973130
vt 0.430043 0.973142
vt 0.421693 0.979524
vt 0.024161 0.279916
vt 0.431132 0.966172
vt 0.031393 0.277456
vt 0.415018 0.977953
vt 0.546038 0.975943
vt 0.552827 0.964509
vt 0.561308 0.973803
vt 0.541133 0.961579
vt 0.963050 0.925262
vt 0.971236 0.904132
vt 0.973020 0.926499
vt 0.961398 0.944547
vt 0.975952 0.734023
vt 0.964987 0.731712
vt 0.971734 0.725375
vt 0.969272 0.738480
vt 0.281881 0.526940
vt 0.286408 0.516100
vt 0.292575 0.522834
vt 0.289781 0.541863
vt 0.277135 0.518992
vt 0.299471 0.534927
vt 0.046316 0.734556
vt 0.044845 0.731399
vt 0.058889 0.740130
vt 0.209454 0.697936
vt 0.200598 0.705933
vt 0.194867 0.701288
vt 0.194801 0.689251
vt 0.208947 0.693384
vt 0.211642 0.700348
vt 0.048267 0.736644
vt 0.072048 0.689920
vt 0.091607 0.689607
vt 0.049863 0.673806
vt 0.842947 0.169890
vt 0.837692 0.169261
vt 0.836373 0.157202
vt 0.845838 0.183401
vt 0.850882 0.167952
vt 0.912783 0.714624
vt 0.931624 0.706543
vt 0.945077 0.718794
vt 0.948049 0.738768
vt 0.269764 0.201888
vt 0.285254 0.184741
vt 0.285147 0.201353
vt 0.118479 0.589166
vt 0.124591 0.579526
vt 0.135968 0.583189
vt 0.133738 0.588954
vt 0.122263 0.603316
vt 0.092476 0.579267
vt 0.110390 0.579107
vt 0.700321 0.973642
vt 0.705187 0.972022
vt 0.698917 0.980499
vt 0.696584 0.987483
vt 0.779386 0.926000
vt 0.771143 0.922525
vt 0.784714 0.894933
vt 0.246886 0.288312
vt 0.238024 0.269784
vt 0.256376 0.270540
vt 0.759014 0.954532
vt 0.795809 0.919111
vt 0.783079 0.944580
vt 0.007144 0.871006
vt 0.085664 0.415117
vt 0.088364 0.423042
vt 0.618159 0.578037
vt 0.608182 0.582447
vt 0.616414 0.571558
vt 0.954795 0.525260
vt 0.954205 0.528231
vt 0.950708 0.528840
vt 0.616237 0.599943
vt 0.944659 0.520788
vt 0.625283 0.566839
vt 0.632167 0.605408
vt 0.782501 0.678681
vt 0.771811 0.689393
vt 0.765206 0.681520
vt 0.363106 0.462214
vt 0.369798 0.436084
vt 0.376702 0.462610
vt 0.349865 0.460547
vt 0.353276 0.434626
vt 0.357339 0.611386
vt 0.354038 0.593350
vt 0.384196 0.613332
vt 0.375011 0.642500
vt 0.351299 0.629952
vt 0.379935 0.625091
vt 0.275503 0.327582
vt 0.289054 0.318262
vt 0.286857 0.336513
vt 0.272496 0.339397
vt 0.264668 0.330134
vt 0.281803 0.312279
vt 0.043200 0.854995
vt 0.049440 0.847392
vt 0.059005 0.855418
vt 0.267931 0.322563
vt 0.038279 0.396658
vt 0.037887 0.406604
vt 0.025053 0.401039
vt 0.026321 0.367988
vt 0.050857 0.370146
vt 0.052706 0.401742
vt 0.034974 0.375790
vt 0.188519 0.306846
vt 0.204163 0.295367
vt 0.211376 0.309524
vt 0.199374 0.325256
vt 0.185291 0.327727
vt 0.175653 0.299168
vt 0.186665 0.287237
vt 0.169317 0.313859
vt 0.951029 0.515633
vt 0.947196 0.516070
vt 0.951589 0.501972
vt 0.049108 0.159245
vt 0.033626 0.153962
vt 0.051735 0.138691
vt 0.059691 0.160921
vt 0.958638 0.505186
vt 0.958777 0.516339
vt 0.752612 0.261473
vt 0.741681 0.268296
vt 0.288207 0.219177
vt 0.302499 0.232845
vt 0.285277 0.236095
vt 0.731277 0.256218
vt 0.666637 0.368602
vt 0.682699 0.373941
vt 0.670259 0.378931
vt 0.659881 0.355645
vt 0.670594 0.348279
vt 0.679864 0.360375
vt 0.193894 0.160183
vt 0.185484 0.161742
vt 0.373014 0.420575
vt 0.393297 0.410851
vt 0.397347 0.421520
vt 0.375561 0.403782
vt 0.396181 0.437984
vt 0.162937 0.510261
vt 0.316917 0.014008
vt 0.321772 0.000675
vt 0.314647 0.017101
vt 0.309426 0.009005
vt 0.890342 0.678410
vt 0.901059 0.675689
vt 0.905042 0.686561
vt 0.271044 0.115509
vt 0.271755 0.092583
vt 0.285098 0.115440
vt 0.893837 0.689570
vt 0.857938 0.681447
vt 0.268721 0.123836
vt 0.028203 0.850308
vt 0.024232 0.841866
vt 0.699004 0.780429
vt 0.702471 0.773577
vt 0.710013 0.779360
vt 0.704909 0.787079
vt 0.693656 0.788340
vt 0.682665 0.779175
vt 0.782359 0.266698
vt 0.489024 0.847398
vt 0.450123 0.830166
vt 0.491552 0.845206
vt 0.228360 0.004166
vt 0.228360 0.018180
vt 0.191650 0.004372
vt 0.923557 0.357010
vt 0.923058 0.343673
vt 0.939827 0.342507
vt 0.937146 0.373465
vt 0.917403 0.371599
vt 0.932250 0.356673
vt 0.913953 0.372191
vt 0.906934 0.356805
vt 0.540801 0.151120
vt 0.537249 0.165102
vt 0.528507 0.160730
vt 0.556940 0.160690
vt 0.525203 0.123653
vt 0.535800 0.125739
vt 0.560059 0.140706
vt 0.570199 0.146696
vt 0.542988 0.134901
vt 0.602237 0.024216
vt 0.608496 0.027313
vt 0.601115 0.029885
vt 0.975607 0.601701
vt 0.978587 0.596695
vt 0.984861 0.603540
vt 0.976342 0.595707
vt 0.592666 0.024722
vt 0.971184 0.615930
vt 0.056501 0.769870
vt 0.060476 0.757932
vt 0.062284 0.757123
vt 0.953775 0.916242
vt 0.955791 0.927378
vt 0.942322 0.928556
vt 0.940133 0.915928
vt 0.940169 0.904465
vt 0.964855 0.917314
vt 0.954227 0.903103
vt 0.964895 0.904657
vt 0.828174 0.690659
vt 0.835831 0.688333
vt 0.830068 0.705295
vt 0.821064 0.688781
vt 0.850311 0.679767
vt 0.859329 0.692885
vt 0.849336 0.690014
vt 0.915244 0.892743
vt 0.925214 0.896916
vt 0.915730 0.915115
vt 0.917226 0.880369
vt 0.924368 0.883614
vt 0.074474 0.118675
vt 0.055377 0.118387
vt 0.076032 0.108924
vt 0.084320 0.118577
vt 0.906634 0.912288
vt 0.765884 0.436894
vt 0.761530 0.454969
vt 0.608631 0.502834
vt 0.317734 0.600888
vt 0.302596 0.598322
vt 0.343692 0.593760
vt 0.332410 0.621584
vt 0.301886 0.583719
vt 0.310338 0.571167
vt 0.520464 0.897489
vt 0.129457 0.038893
vt 0.138691 0.046128
vt 0.664195 0.310752
vt 0.667637 0.256807
vt 0.655182 0.067384
vt 0.915469 0.951263
vt 0.418477 0.029526
vt 0.422509 0.075615
vt 0.403527 0.029122
vt 0.685292 0.682250
vt 0.687065 0.710933
vt 0.664327 0.667425
vt 0.682061 0.896059
vt 0.709752 0.900165
vt 0.698229 0.926048
vt 0.684088 0.868786
vt 0.709364 0.876172
vt 0.672961 0.938844
vt 0.649814 0.904712
vt 0.474070 0.861190
vt 0.483720 0.866066
vt 0.437321 0.274790
vt 0.440529 0.255805
vt 0.451628 0.270091
vt 0.445661 0.291637
vt 0.425612 0.292810
vt 0.417779 0.276136
vt 0.214996 0.864605
vt 0.216034 0.859658
vt 0.205931 0.905015
vt 0.197857 0.857212
vt 0.186125 0.898973
vt 0.029483 0.521035
vt 0.031596 0.501355
vt 0.047237 0.505547
vt 0.049579 0.527485
vt 0.349785 0.969762
vt 0.318531 0.971519
vt 0.327855 0.958524
vt 0.020185 0.524503
vt 0.018603 0.506813
vt 0.342092 0.948606
vt 0.363346 0.961382
vt 0.103696 0.662795
vt 0.097468 0.666562
vt 0.093718 0.656897
vt 0.485579 0.070397
vt 0.498337 0.062747
vt 0.507179 0.075535
vt 0.502921 0.087195
vt 0.476744 0.080418
vt 0.107522 0.659627
vt 0.486022 0.062160
vt 0.036200 0.454062
vt 0.057222 0.448305
vt 0.057388 0.469450
vt 0.042550 0.438469
vt 0.904039 0.506022
vt 0.895623 0.495598
vt 0.908115 0.497875
vt 0.915913 0.508043
vt 0.913981 0.531201
vt 0.904273 0.536618
vt 0.884674 0.506515
vt 0.074213 0.781988
vt 0.060880 0.780886
vt 0.076841 0.769378
vt 0.378049 0.806280
vt 0.362159 0.823330
vt 0.367581 0.798993
vt 0.376263 0.825642
vt 0.392380 0.814957
vt 0.073530 0.791208
vt 0.059439 0.790867
vt 0.499643 0.316864
vt 0.490970 0.306231
vt 0.499189 0.300777
vt 0.479952 0.313263
vt 0.495847 0.323089
vt 0.680774 0.479270
vt 0.648163 0.493405
vt 0.679444 0.474594
vt 0.687014 0.494908
vt 0.653199 0.507783
vt 0.710190 0.072398
vt 0.739645 0.056816
vt 0.721632 0.080712
vt 0.726228 0.046039
vt 0.707175 0.069643
vt 0.692996 0.208800
vt 0.690815 0.214400
vt 0.685852 0.210082
vt 0.699452 0.201474
vt 0.698512 0.212353
vt 0.690052 0.200677
vt 0.040896 0.747502
vt 0.045621 0.759439
vt 0.028061 0.740454
vt 0.550677 0.717145
vt 0.529850 0.689836
vt 0.552061 0.707089
vt 0.710493 0.311357
vt 0.713795 0.319683
vt 0.695460 0.325927
vt 0.732531 0.306823
vt 0.872062 0.613966
vt 0.870665 0.589804
vt 0.879051 0.595040
vt 0.574208 0.719021
vt 0.887550 0.601310
vt 0.346125 0.263651
vt 0.361046 0.307413
vt 0.658435 0.400271
vt 0.662179 0.418239
vt 0.622867 0.410759
vt 0.327393 0.275117
vt 0.656354 0.391665
vt 0.572101 0.007528
vt 0.572101 0.000090
vt 0.603115 0.006396
vt 0.125901 0.540261
vt 0.116989 0.543575
vt 0.123298 0.529384
vt 0.133524 0.534373
vt 0.418323 0.656993
vt 0.446654 0.674885
vt 0.409263 0.672014
vt 0.448511 0.659560
vt 0.016711 0.675080
vt 0.394718 0.633838
vt 0.420404 0.636702
vt 0.450652 0.640973
vt 0.000683 0.685021
vt 0.157564 0.748621
vt 0.164190 0.743155
vt 0.162865 0.755426
vt 0.156277 0.733931
vt 0.966169 0.335027
vt 0.970424 0.330019
vt 0.969832 0.337695
vt 0.964043 0.342860
vt 0.949048 0.328573
vt 0.955093 0.322215
vt 0.787936 0.686378
vt 0.784888 0.697237
vt 0.782333 0.681974
vt 0.793005 0.698684
vt 0.785791 0.674556
vt 0.794985 0.677746
vt 0.796634 0.687837
vt 0.366013 0.408592
vt 0.793933 0.427164
vt 0.778488 0.433319
vt 0.777835 0.423867
vt 0.673692 0.597237
vt 0.684945 0.606200
vt 0.678273 0.615065
vt 0.809301 0.445272
vt 0.793416 0.443020
vt 0.793929 0.408704
vt 0.806851 0.411059
vt 0.689777 0.593785
vt 0.101356 0.630913
vt 0.114023 0.627644
vt 0.114577 0.640878
vt 0.101068 0.643093
vt 0.084360 0.619645
vt 0.084693 0.640080
vt 0.116205 0.638053
vt 0.833671 0.743918
vt 0.884024 0.431625
vt 0.871132 0.427117
vt 0.823790 0.742302
vt 0.838961 0.735830
vt 0.872902 0.415853
vt 0.908474 0.826493
vt 0.910309 0.838619
vt 0.898688 0.840030
vt 0.058252 0.255176
vt 0.058561 0.242605
vt 0.068054 0.255484
vt 0.669532 0.969591
vt 0.667803 0.940939
vt 0.651103 0.971847
vt 0.568917 0.360445
vt 0.549479 0.353979
vt 0.482641 0.373368
vt 0.473170 0.395254
vt 0.727477 0.423407
vt 0.730674 0.407826
vt 0.732097 0.414680
vt 0.733168 0.432489
vt 0.717081 0.430030
vt 0.337143 0.465435
vt 0.329054 0.462263
vt 0.399812 0.760332
vt 0.437764 0.770634
vt 0.400251 0.784842
vt 0.357283 0.464483
vt 0.344309 0.483467
vt 0.437629 0.761417
vt 0.403175 0.745883
vt 0.054605 0.053715
vt 0.062454 0.055509
vt 0.057051 0.069772
vt 0.059152 0.038834
vt 0.055264 0.038854
vt 0.048115 0.053249
vt 0.050513 0.067773
vt 0.994840 0.628267
vt 0.994608 0.640649
vt 0.971248 0.635683
vt 0.950934 0.869140
vt 0.959702 0.863303
vt 0.963187 0.869033
vt 0.948148 0.863108
vt 0.953750 0.874989
vt 0.941334 0.872926
vt 0.938446 0.865871
vt 0.445820 0.323928
vt 0.437727 0.315409
vt 0.445108 0.310412
vt 0.433216 0.330611
vt 0.456649 0.317330
vt 0.583799 0.619367
vt 0.567620 0.614640
vt 0.458227 0.328831
vt 0.590995 0.633401
vt 0.204484 0.061376
vt 0.206538 0.077942
vt 0.195228 0.077450
vt 0.191659 0.063401
vt 0.201910 0.047530
vt 0.215293 0.058878
vt 0.993197 0.149737
vt 0.995329 0.159048
vt 0.981611 0.149064
vt 0.494579 0.493340
vt 0.489596 0.503826
vt 0.482790 0.493717
vt 0.129654 0.370076
vt 0.099991 0.376592
vt 0.125976 0.365708
vt 0.094620 0.386109
vt 0.504531 0.494191
vt 0.500608 0.503621
vt 0.487132 0.471874
vt 0.505158 0.460541
vt 0.101721 0.394894
vt 0.936270 0.973813
vt 0.919653 0.948773
vt 0.945178 0.954709
vt 0.913450 0.968757
vt 0.933852 0.998550
vt 0.955996 0.974769
vt 0.092221 0.262138
vt 0.554448 0.793360
vt 0.543771 0.813072
vt 0.522919 0.774252
vt 0.633495 0.215781
vt 0.645891 0.214842
vt 0.648729 0.217381
vt 0.371220 0.201223
vt 0.390395 0.208068
vt 0.589994 0.966906
vt 0.574632 0.960557
vt 0.587859 0.954247
vt 0.636739 0.226189
vt 0.603175 0.958072
vt 0.605148 0.962333
vt 0.847031 0.907481
vt 0.811981 0.924665
vt 0.867722 0.918566
vt 0.846779 0.925472
vt 0.988133 0.309205
vt 0.965624 0.309738
vt 0.987665 0.302482
vt 0.862452 0.374154
vt 0.862639 0.388563
vt 0.547315 0.081898
vt 0.862632 0.360904
vt 0.835665 0.648929
vt 0.837836 0.625697
vt 0.856446 0.638996
vt 0.823744 0.639186
vt 0.824474 0.625790
vt 0.430568 0.095917
vt 0.397074 0.439812
vt 0.415046 0.451135
vt 0.392628 0.468417
vt 0.659957 0.511191
vt 0.647351 0.527952
vt 0.640771 0.519097
vt 0.531878 0.291647
vt 0.523669 0.311300
vt 0.521085 0.295033
vt 0.519162 0.281380
vt 0.535644 0.313427
vt 0.527458 0.276797
vt 0.677440 0.511045
vt 0.714598 0.036688
vt 0.704623 0.067713
vt 0.691013 0.056952
vt 0.706063 0.026449
vt 0.738178 0.033033
vt 0.338390 0.341104
vt 0.347293 0.324055
vt 0.350586 0.356885
vt 0.343191 0.375760
vt 0.680548 0.218611
vt 0.678416 0.226149
vt 0.684966 0.217163
vt 0.672852 0.219103
vt 0.681980 0.214007
vt 0.536977 0.247144
vt 0.564719 0.217150
vt 0.560538 0.249620
vt 0.533735 0.246666
vt 0.542290 0.213359
vt 0.533993 0.284234
vt 0.793411 0.403355
vt 0.533877 0.554317
vt 0.537567 0.528756
vt 0.556434 0.540378
vt 0.794663 0.387634
vt 0.506670 0.549954
vt 0.518668 0.531326
vt 0.452516 0.854783
vt 0.460734 0.866159
vt 0.441729 0.849277
vt 0.969030 0.657314
vt 0.977651 0.672602
vt 0.963321 0.665930
vt 0.958265 0.646253
vt 0.986391 0.662855
vt 0.982195 0.647179
vt 0.677648 0.711201
vt 0.670375 0.724958
vt 0.634860 0.695928
vt 0.851657 0.997916
vt 0.841551 0.956942
vt 0.856683 0.952727
vt 0.371855 0.044813
vt 0.390333 0.028499
vt 0.371295 0.058169
vt 0.085466 0.031562
vt 0.094475 0.024328
vt 0.090830 0.048630
vt 0.075201 0.034797
vt 0.070758 0.024765
vt 0.082240 0.025567
vt 0.066748 0.040704
vt 0.063653 0.039315
vt 0.685578 0.972906
vt 0.071613 0.038125
vt 0.856625 0.181751
vt 0.017587 0.209452
vt 0.016046 0.218561
vt 0.009149 0.207451
vt 0.032684 0.189977
vt 0.599386 0.605483
vt 0.620698 0.623116
vt 0.595387 0.624642
vt 0.600400 0.577019
vt 0.590172 0.622063
vt 0.574226 0.610864
vt 0.584951 0.589881
vt 0.457100 0.137366
vt 0.439622 0.147372
vt 0.437364 0.134324
vt 0.470365 0.149739
vt 0.445973 0.157166
vt 0.456154 0.118949
vt 0.465774 0.124673
vt 0.480075 0.131984
vt 0.054036 0.865482
vt 0.073491 0.864730
vt 0.068265 0.875511
vt 0.302280 0.323011
vt 0.302842 0.305950
vt 0.571243 0.847741
vt 0.555739 0.840478
vt 0.369456 0.096591
vt 0.359955 0.101042
vt 0.081291 0.211032
vt 0.093696 0.200603
vt 0.096051 0.206459
vt 0.948855 0.220799
vt 0.941073 0.192794
vt 0.958698 0.218074
vt 0.069171 0.181067
vt 0.071718 0.221823
vt 0.055051 0.198503
vt 0.347375 0.257834
vt 0.346589 0.229305
vt 0.681592 0.195050
vt 0.694542 0.194014
vt 0.696383 0.813272
vt 0.694361 0.797531
vt 0.702465 0.795380
vt 0.831599 0.356124
vt 0.847200 0.356764
vt 0.833943 0.377848
vt 0.727657 0.169843
vt 0.714038 0.174114
vt 0.710138 0.148064
vt 0.728664 0.144396
vt 0.817626 0.361457
vt 0.296165 0.004957
vt 0.281580 0.000976
vt 0.292694 0.002639
vt 0.952957 0.221001
vt 0.963666 0.228517
vt 0.953088 0.246123
vt 0.942714 0.231950
vt 0.306047 0.013214
vt 0.019117 0.827752
vt 0.013149 0.826367
vt 0.017340 0.813020
vt 0.740461 0.624071
vt 0.756222 0.616894
vt 0.744326 0.634479
vt 0.733935 0.643013
vt 0.733401 0.617565
vt 0.748244 0.609592
vt 0.238341 0.510105
vt 0.245877 0.524125
vt 0.203890 0.535723
vt 0.786397 0.217547
vt 0.810349 0.186638
vt 0.530686 0.854581
vt 0.528853 0.852239
vt 0.538521 0.842122
vt 0.786377 0.220674
vt 0.197413 0.518131
vt 0.175023 0.468740
vt 0.185510 0.466292
vt 0.166812 0.468854
vt 0.169962 0.969061
vt 0.169623 0.980578
vt 0.257003 0.051574
vt 0.273102 0.075132
vt 0.265237 0.086102
vt 0.279780 0.049289
vt 0.284639 0.067766
vt 0.257621 0.036021
vt 0.149368 0.069244
vt 0.158777 0.067069
vt 0.156150 0.078740
vt 0.140830 0.062758
vt 0.152210 0.059571
vt 0.145093 0.855997
vt 0.152773 0.863615
vt 0.147077 0.863806
vt 0.141980 0.847521
vt 0.152439 0.856629
vt 0.137629 0.855703
vt 0.134251 0.846431
vt 0.650712 0.590767
vt 0.649267 0.574036
vt 0.658686 0.596637
vt 0.397304 0.861492
vt 0.392925 0.873039
vt 0.972863 0.976154
vt 0.959599 0.973537
vt 0.969901 0.958213
vt 0.389468 0.856634
vt 0.976933 0.961578
vt 0.404057 0.865153
vt 0.986554 0.976436
vt 0.057637 0.964957
vt 0.097507 0.903162
vt 0.113248 0.922561
vt 0.402647 0.941824
vt 0.416558 0.824718
vt 0.426072 0.834435
vt 0.422996 0.812605
vt 0.435655 0.817227
vt 0.401455 0.822003
vt 0.811803 0.601496
vt 0.802245 0.614256
vt 0.802320 0.605541
vt 0.819718 0.604623
vt 0.823011 0.595541
vt 0.814031 0.588931
vt 0.935383 0.848550
vt 0.947207 0.857353
vt 0.937544 0.859357
vt 0.945593 0.847646
vt 0.944132 0.836519
vt 0.933753 0.837442
vt 0.206566 0.227802
vt 0.196257 0.235517
vt 0.212243 0.229744
vt 0.208036 0.240223
vt 0.748145 0.566623
vt 0.749047 0.577896
vt 0.744789 0.567799
vt 0.739318 0.551944
vt 0.752145 0.565615
vt 0.660410 0.215367
vt 0.647922 0.202983
vt 0.632491 0.202994
vt 0.808489 0.134012
vt 0.808085 0.123815
vt 0.819238 0.123701
vt 0.815009 0.151946
vt 0.800101 0.141708
vt 0.825797 0.144726
vt 0.825827 0.135914
vt 0.788413 0.123930
vt 0.707509 0.713398
vt 0.725700 0.726971
vt 0.706033 0.730130
vt 0.688220 0.716290
vt 0.687788 0.700506
vt 0.706819 0.696400
vt 0.726719 0.709761
vt 0.437324 0.989449
vt 0.444983 0.979698
vt 0.910532 0.640676
vt 0.918802 0.641822
vt 0.907182 0.649963
vt 0.427551 0.999801
vt 0.499996 0.059470
vt 0.517128 0.047307
vt 0.516163 0.063802
vt 0.963391 0.743309
vt 0.957913 0.734254
vt 0.776916 0.076713
vt 0.763050 0.085948
vt 0.756975 0.070122
vt 0.439416 0.045884
vt 0.446700 0.045247
vt 0.439920 0.056170
vt 0.768853 0.063190
vt 0.501033 0.043483
vt 0.001660 0.051981
vt 0.000971 0.038114
vt 0.000159 0.060912
vt 0.106787 0.407745
vt 0.766794 0.525973
vt 0.772356 0.538770
vt 0.754496 0.524977
vt 0.757848 0.512263
vt 0.777781 0.526602
vt 0.773653 0.513620
vt 0.165523 0.968328
vt 0.155844 0.944776
vt 0.174131 0.956454
vt 0.076832 0.776631
vt 0.078455 0.768445
vt 0.076065 0.782122
vt 0.955876 0.074539
vt 0.970134 0.068485
vt 0.963114 0.078337
vt 0.963976 0.062580
vt 0.947073 0.067401
vt 0.021971 0.328052
vt 0.012408 0.306967
vt 0.027925 0.310612
vt 0.374606 0.858770
vt 0.005087 0.318618
vt 0.413044 0.875767
vt 0.400045 0.888777
vt 0.402913 0.875293
vt 0.413263 0.865418
vt 0.308563 0.193267
vt 0.267618 0.177162
vt 0.277053 0.163619
vt 0.485229 0.406394
vt 0.452142 0.406571
vt 0.499569 0.409218
vt 0.470176 0.426104
vt 0.460126 0.417907
vt 0.493167 0.395066
vt 0.986585 0.093864
vt 0.975832 0.090983
vt 0.984662 0.042245
vt 0.723856 0.462624
vt 0.697407 0.522595
vt 0.647198 0.811114
vt 0.639363 0.798653
vt 0.686589 0.786251
vt 0.145651 0.602192
vt 0.626327 0.824641
vt 0.168265 0.711744
vt 0.164589 0.702939
vt 0.161007 0.720025
vt 0.693964 0.997781
vt 0.682259 0.995190
vt 0.694464 0.992899
vt 0.031590 0.035487
vt 0.029292 0.032132
vt 0.035066 0.032856
vt 0.035551 0.038071
vt 0.028007 0.047395
vt 0.697383 0.998235
vt 0.862305 0.717732
vt 0.860675 0.732608
vt 0.876089 0.716699
vt 0.870982 0.702179
vt 0.472308 0.776948
vt 0.438940 0.789619
vt 0.457977 0.773226
vt 0.626498 0.856382
vt 0.601422 0.865135
vt 0.596246 0.849453
vt 0.624776 0.872409
vt 0.465752 0.794693
vt 0.471935 0.768389
vt 0.624111 0.828336
vt 0.164147 0.092644
vt 0.160846 0.084486
vt 0.156851 0.097268
vt 0.167189 0.101069
vt 0.847781 0.812335
vt 0.854555 0.806957
vt 0.757960 0.068034
vt 0.751684 0.059215
vt 0.760503 0.049070
vt 0.768996 0.052969
vt 0.910290 0.044853
vt 0.922665 0.052612
vt 0.918232 0.058664
vt 0.301860 0.805719
vt 0.316137 0.795318
vt 0.328672 0.798142
vt 0.822098 0.176924
vt 0.219313 0.091259
vt 0.861447 0.372921
vt 0.847501 0.375292
vt 0.861677 0.356561
vt 0.861733 0.401026
vt 0.251696 0.087349
vt 0.201548 0.093729
vt 0.140256 0.497620
vt 0.135994 0.509824
vt 0.124296 0.507585
vt 0.137005 0.480230
vt 0.150403 0.474922
vt 0.122580 0.902101
vt 0.129256 0.914899
vt 0.116380 0.906502
vt 0.107314 0.895945
vt 0.148784 0.505258
vt 0.322607 0.016105
vt 0.322607 0.001162
vt 0.363528 0.001412
vt 0.045745 0.596280
vt 0.043791 0.594584
vt 0.023582 0.529786
vt 0.904557 0.818094
vt 0.909232 0.810387
vt 0.915664 0.814763
vt 0.100296 0.053254
vt 0.899975 0.809524
vt 0.896369 0.817489
vt 0.041283 0.051872
vt 0.036770 0.066419
vt 0.030893 0.064190
vt 0.045400 0.037723
vt 0.033579 0.049920
vt 0.043708 0.067566
vt 0.040193 0.037109
vt 0.844679 0.195001
vt 0.838530 0.190908
vt 0.611157 0.197030
vt 0.493671 0.337086
vt 0.473466 0.332633
vt 0.477821 0.322855
vt 0.238091 0.045694
vt 0.216455 0.037682
vt 0.244148 0.035904
vt 0.385060 0.209896
vt 0.292192 0.855763
vt 0.293275 0.853313
vt 0.311510 0.862343
vt 0.291155 0.872588
vt 0.275412 0.866489
vt 0.331702 0.907475
vt 0.310232 0.910013
vt 0.312351 0.896317
vt 0.340886 0.910447
vt 0.329850 0.912558
vt 0.338029 0.890173
vt 0.204318 0.275612
vt 0.223155 0.289105
vt 0.299066 0.575684
vt 0.296893 0.565363
vt 0.293623 0.578766
vt 0.440209 0.076562
vt 0.448116 0.064971
vt 0.450166 0.073998
vt 0.945833 0.717537
vt 0.954124 0.713008
vt 0.959544 0.722319
vt 0.440296 0.091739
vt 0.952453 0.726755
vt 0.440186 0.065518
vt 0.935661 0.705524
vt 0.614237 0.079649
vt 0.596662 0.081186
vt 0.606948 0.057027
vt 0.621280 0.054455
vt 0.623116 0.101590
vt 0.612465 0.101622
vt 0.625216 0.075975
vt 0.359235 0.951219
vt 0.085421 0.753658
vt 0.945640 0.616540
vt 0.930604 0.602869
vt 0.948027 0.604837
vt 0.071321 0.757170
vt 0.959140 0.613577
vt 0.103871 0.752352
vt 0.044539 0.472241
vt 0.028834 0.465903
vt 0.034700 0.454634
vt 0.473844 0.255031
vt 0.468403 0.243822
vt 0.477146 0.247068
vt 0.482302 0.256988
vt 0.466164 0.254466
vt 0.475190 0.269924
vt 0.463174 0.267864
vt 0.009808 0.808077
vt 0.015066 0.808972
vt 0.012773 0.812047
vt 0.025490 0.736443
vt 0.022257 0.740251
vt 0.021483 0.731975
vt 0.011867 0.803680
vt 0.265965 0.841783
vt 0.271575 0.830122
vt 0.282385 0.835294
vt 0.937203 0.795610
vt 0.961765 0.795705
vt 0.939296 0.784199
vt 0.741193 0.580278
vt 0.759646 0.596098
vt 0.730930 0.593554
vt 0.823667 0.189822
vt 0.189087 0.507430
vt 0.151858 0.529183
vt 0.142884 0.514028
vt 0.733351 0.267016
vt 0.207195 0.507067
vt 0.219213 0.486987
vt 0.390242 0.212598
vt 0.417219 0.213086
vt 0.472195 0.689776
vt 0.439958 0.688132
vt 0.396479 0.190238
vt 0.472231 0.672303
vt 0.843239 0.340467
vt 0.833467 0.349323
vt 0.831634 0.324273
vt 0.519889 0.854838
vt 0.502928 0.871215
vt 0.505005 0.860895
vt 0.842200 0.321572
vt 0.858124 0.335494
vt 0.852251 0.349644
vt 0.516228 0.866000
vt 0.284888 0.943864
vt 0.302117 0.938825
vt 0.276365 0.965794
vt 0.266333 0.953322
vt 0.276290 0.931234
vt 0.289573 0.925509
vt 0.272267 0.941364
vt 0.948526 0.050151
vt 0.950461 0.057266
vt 0.938065 0.051106
vt 0.965085 0.051509
vt 0.964356 0.044209
vt 0.095021 0.111411
vt 0.079812 0.100512
vt 0.097496 0.107670
vt 0.102038 0.115651
vt 0.387756 0.957851
vt 0.010349 0.514822
vt 0.012389 0.483897
vt 0.101792 0.603381
vt 0.080736 0.600527
vt 0.765269 0.221358
vt 0.761448 0.202854
vt 0.784527 0.201785
vt 0.784601 0.220175
vt 0.318536 0.854377
vt 0.968512 0.757959
vt 0.989350 0.763705
vt 0.983014 0.775626
vt 0.919890 0.441287
vt 0.651159 0.227593
vt 0.917736 0.444296
vt 0.939858 0.454093
vt 0.938255 0.454991
vt 0.660580 0.257458
vt 0.632824 0.227891
vt 0.325986 0.338156
vt 0.337598 0.338280
vt 0.326870 0.327721
vt 0.336686 0.333790
vt 0.315528 0.325058
vt 0.400348 0.521975
vt 0.410823 0.502911
vt 0.871986 0.277251
vt 0.862836 0.270349
vt 0.875943 0.255014
vt 0.035925 0.978478
vt 0.004952 0.978478
vt 0.035319 0.970190
vt 0.994174 0.083535
vt 0.987787 0.082905
vt 0.046580 0.098304
vt 0.019443 0.098304
vt 0.021196 0.083514
vt 0.734211 0.759776
vt 0.744567 0.741687
vt 0.757624 0.750883
vt 0.724864 0.737018
vt 0.751362 0.768247
vt 0.243392 0.545856
vt 0.247162 0.561691
vt 0.212754 0.578423
vt 0.502487 0.001635
vt 0.533051 0.001253
vt 0.504948 0.008397
vt 0.091855 0.257998
vt 0.205912 0.556352
vt 0.960221 0.184546
vt 0.945427 0.166900
vt 0.965684 0.177503
vt 0.226453 0.949108
vt 0.233514 0.975358
vt 0.220213 0.977480
vt 0.315369 0.074843
vt 0.306616 0.069209
vt 0.314880 0.043936
vt 0.210103 0.953610
vt 0.640169 0.638385
vt 0.624667 0.660419
vt 0.620788 0.650106
vt 0.662496 0.629047
vt 0.648877 0.646265
vt 0.652245 0.615629
vt 0.617908 0.632352
vt 0.636179 0.619325
vt 0.990168 0.599929
vt 0.607304 0.040184
vt 0.617908 0.023049
vt 0.616976 0.036374
vt 0.717239 0.350134
vt 0.728313 0.334466
vt 0.710625 0.340460
vt 0.863862 0.600784
vt 0.847934 0.613699
vt 0.854299 0.589836
vt 0.329394 0.533186
vt 0.329171 0.499095
vt 0.341195 0.512628
vt 0.312757 0.538869
vt 0.914875 0.090018
vt 0.161765 0.137083
vt 0.155859 0.145165
vt 0.146529 0.149976
vt 0.134928 0.142013
vt 0.077223 0.171026
vt 0.103349 0.201919
vt 0.102883 0.196255
vt 0.093238 0.571257
vt 0.109994 0.561713
vt 0.110415 0.571441
vt 0.287530 0.211652
vt 0.310618 0.201060
vt 0.294396 0.220522
vt 0.092051 0.557790
vt 0.079770 0.797324
vt 0.069134 0.808715
vt 0.062320 0.800797
vt 0.356465 0.803891
vt 0.349743 0.822978
vt 0.081856 0.806685
vt 0.343788 0.801246
vt 0.481789 0.285085
vt 0.478471 0.298539
vt 0.471243 0.289521
vt 0.234181 0.195534
vt 0.235842 0.186153
vt 0.248108 0.192233
vt 0.485833 0.741879
vt 0.480604 0.765014
vt 0.606891 0.494158
vt 0.643511 0.481266
vt 0.611884 0.508964
vt 0.599004 0.472836
vt 0.636583 0.460948
vt 0.487596 0.726246
vt 0.692416 0.217504
vt 0.701678 0.215258
vt 0.038479 0.369003
vt 0.041012 0.363359
vt 0.447036 0.055641
vt 0.454504 0.046536
vt 0.455734 0.055803
vt 0.961288 0.362209
vt 0.939079 0.361399
vt 0.962215 0.349459
vt 0.966691 0.352540
vt 0.967878 0.363277
vt 0.963999 0.371627
vt 0.945952 0.369864
vt 0.426191 0.236393
vt 0.698698 0.331717
vt 0.682994 0.340478
vt 0.686858 0.317155
vt 0.704114 0.340740
vt 0.868069 0.929292
vt 0.870492 0.944639
vt 0.848646 0.943303
vt 0.866685 0.317765
vt 0.426497 0.417667
vt 0.729628 0.455508
vt 0.740127 0.441127
vt 0.746459 0.452148
vt 0.724136 0.447328
vt 0.029559 0.763620
vt 0.019161 0.761780
vt 0.016680 0.755327
vt 0.496161 0.606422
vt 0.545519 0.614329
vt 0.500357 0.628361
vt 0.094467 0.941574
vt 0.120235 0.935071
vt 0.547830 0.604845
vt 0.545878 0.586133
vt 0.472842 0.621072
vt 0.480875 0.581655
vt 0.663735 0.010527
vt 0.643528 0.010527
vt 0.661207 0.006740
vt 0.661127 0.003667
vt 0.641243 0.010127
vt 0.639025 0.000030
vt 0.181784 0.266659
vt 0.158636 0.273639
vt 0.154121 0.260934
vt 0.519777 0.180055
vt 0.178880 0.257414
vt 0.199053 0.259946
vt 0.703182 0.601610
vt 0.696509 0.613761
vt 0.717089 0.608580
vt 0.708115 0.620814
vt 0.700577 0.582355
vt 0.712216 0.589614
vt 0.109714 0.837855
vt 0.122209 0.836731
vt 0.111984 0.847336
vt 0.096888 0.838392
vt 0.801994 0.676724
vt 0.808636 0.688869
vt 0.816575 0.679058
vt 0.794423 0.667162
vt 0.936856 0.866597
vt 0.939115 0.889499
vt 0.933483 0.888376
vt 0.929669 0.870428
vt 0.923643 0.862492
vt 0.099110 0.102729
vt 0.691320 0.126216
vt 0.700350 0.094173
vt 0.712314 0.102593
vt 0.683313 0.096049
vt 0.048495 0.479625
vt 0.648272 0.091993
vt 0.674109 0.091223
vt 0.649169 0.124506
vt 0.718411 0.114286
vt 0.016931 0.079791
vt 0.056202 0.079791
vt 0.051734 0.098472
vt 0.952066 0.490692
vt 0.958431 0.476233
vt 0.958943 0.493114
vt 0.943343 0.493331
vt 0.947879 0.473217
vt 0.979013 0.406934
vt 0.954316 0.406934
vt 0.975458 0.387208
vt 0.783492 0.237832
vt 0.955851 0.425644
vt 0.780429 0.251916
vt 0.766451 0.247101
vt 0.980514 0.426234
vt 0.685571 0.389889
vt 0.698091 0.389267
vt 0.568052 0.347420
vt 0.585630 0.335769
vt 0.582565 0.360349
vt 0.902863 0.440500
vt 0.898474 0.437428
vt 0.614925 0.161328
vt 0.618678 0.160000
vt 0.626169 0.167633
vt 0.609927 0.164874
vt 0.329776 0.358057
vt 0.080359 0.856195
vt 0.283941 0.780282
vt 0.270002 0.792457
vt 0.275107 0.768019
vt 0.065243 0.847784
vt 0.081214 0.848486
vt 0.293415 0.784884
vt 0.281211 0.797538
vt 0.557709 0.696946
vt 0.537589 0.679869
vt 0.545129 0.675437
vt 0.564486 0.691496
vt 0.572943 0.706383
vt 0.731036 0.985447
vt 0.732965 0.990683
vt 0.725276 0.987769
vt 0.742146 0.979465
vt 0.731137 0.983174
vt 0.145336 0.538026
vt 0.146719 0.547941
vt 0.579354 0.154260
vt 0.572721 0.164596
vt 0.130378 0.260284
vt 0.129262 0.289547
vt 0.152188 0.286578
vt 0.557463 0.007618
vt 0.561513 0.000611
vt 0.571215 0.005135
vt 0.720900 0.651591
vt 0.709250 0.640141
vt 0.716571 0.629519
vt 0.476277 0.078208
vt 0.469681 0.094000
vt 0.467426 0.084921
vt 0.469962 0.070628
vt 0.549839 0.006303
vt 0.732083 0.641342
vt 0.127411 0.857211
vt 0.133204 0.866650
vt 0.130052 0.864428
vt 0.123022 0.846005
vt 0.117716 0.868237
vt 0.141024 0.864589
vt 0.115110 0.858319
vt 0.923753 0.069672
vt 0.931839 0.061845
vt 0.909159 0.064330
vt 0.774072 0.677453
vt 0.782895 0.663901
vt 0.424408 0.516369
vt 0.008020 0.949309
vt 0.033085 0.936387
vt 0.031774 0.949816
vt 0.032209 0.961571
vt 0.002166 0.966996
vt 0.009043 0.933660
vt 0.908548 0.259408
vt 0.911729 0.244790
vt 0.856243 0.428528
vt 0.856892 0.443424
vt 0.853424 0.415075
vt 0.583589 0.975654
vt 0.594303 0.988931
vt 0.579975 0.984702
vt 0.604941 0.964014
vt 0.269692 0.561885
vt 0.278315 0.572776
vt 0.267116 0.582113
vt 0.565459 0.977520
vt 0.249173 0.573530
vt 0.283434 0.551266
vt 0.585261 0.937156
vt 0.586292 0.921075
vt 0.571332 0.943492
vt 0.242083 0.155312
vt 0.242142 0.181864
vt 0.219710 0.160037
vt 0.646155 0.698639
vt 0.219353 0.139340
vt 0.494313 0.530530
vt 0.488753 0.549634
vt 0.433800 0.841709
vt 0.443196 0.827101
vt 0.484700 0.249188
vt 0.492763 0.250280
vt 0.431190 0.703276
vt 0.454926 0.761538
vt 0.406442 0.732627
vt 0.404252 0.717615
vt 0.544733 0.188177
vt 0.543978 0.201316
vt 0.816429 0.758864
vt 0.825468 0.762547
vt 0.509261 0.089384
vt 0.527716 0.094351
vt 0.533240 0.105759
vt 0.015408 0.792384
vt 0.035333 0.782223
vt 0.035333 0.802845
vt 0.100179 0.517222
vt 0.113951 0.503710
vt 0.111803 0.522714
vt 0.007328 0.784775
vt 0.095953 0.500710
vt 0.097178 0.525597
vt 0.791041 0.118512
vt 0.807487 0.114505
vt 0.814306 0.114271
vt 0.766609 0.700661
vt 0.760705 0.693702
vt 0.764463 0.715719
vt 0.755232 0.710495
vt 0.782204 0.704437
vt 0.877319 0.652529
vt 0.865270 0.634743
vt 0.892536 0.671878
vt 0.872875 0.627744
vt 0.284907 0.349503
vt 0.054769 0.764936
vt 0.050406 0.755876
vt 0.540803 0.484866
vt 0.524233 0.445106
vt 0.551393 0.476134
vt 0.535127 0.492812
vt 0.511878 0.459259
vt 0.547132 0.627364
vt 0.695887 0.065654
vt 0.706586 0.070976
vt 0.463116 0.207319
vt 0.453945 0.187402
vt 0.469818 0.209988
vt 0.459132 0.215010
vt 0.446866 0.202464
vt 0.045129 0.738028
vt 0.032179 0.741289
vt 0.036921 0.733635
vt 0.056878 0.744741
vt 0.043838 0.746052
vt 0.972561 0.331003
vt 0.965164 0.378957
vt 0.948641 0.383724
vt 0.967868 0.378393
vt 0.802599 0.700029
vt 0.795147 0.709210
vt 0.579429 0.335042
vt 0.617347 0.131926
vt 0.632784 0.129718
vt 0.623626 0.162693
vt 0.561597 0.337121
vt 0.559767 0.299112
vt 0.598004 0.333762
vt 0.602860 0.135953
vt 0.875779 0.220185
vt 0.185898 0.187722
vt 0.111675 0.128895
vt 0.103725 0.124004
vt 0.114672 0.119850
vt 0.093382 0.138039
vt 0.113192 0.595903
vt 0.753865 0.318628
vt 0.781152 0.348765
vt 0.768184 0.344423
vt 0.752445 0.304226
vt 0.784479 0.334108
vt 0.746061 0.329459
vt 0.741226 0.316037
vt 0.289024 0.819929
vt 0.290530 0.808008
vt 0.702006 0.851852
vt 0.683998 0.845426
vt 0.699377 0.839111
vt 0.717915 0.837022
vt 0.717687 0.861194
vt 0.705628 0.868283
vt 0.685702 0.864994
vt 0.465392 0.001730
vt 0.501597 0.001730
vt 0.499373 0.008935
vt 0.026259 0.107707
vt 0.014594 0.151434
vt 0.016942 0.135899
vt 0.399789 0.126615
vt 0.410176 0.127884
vt 0.401883 0.142207
vt 0.250220 0.421916
vt 0.243993 0.416921
vt 0.385497 0.135085
vt 0.394033 0.124912
vt 0.260770 0.428263
vt 0.178364 0.861777
vt 0.168445 0.904558
vt 0.160810 0.909538
vt 0.177217 0.854576
vt 0.165971 0.864742
vt 0.466617 0.114040
vt 0.463398 0.104286
vt 0.476390 0.108497
vt 0.053521 0.168755
vt 0.047881 0.184785
vt 0.067988 0.169868
vt 0.054448 0.162128
vt 0.093383 0.706308
vt 0.500388 0.243012
vt 0.491857 0.243729
vt 0.493724 0.239319
vt 0.501256 0.248975
vt 0.070833 0.453441
vt 0.630297 0.180319
vt 0.615336 0.177243
vt 0.631746 0.201657
vt 0.621510 0.202315
vt 0.650692 0.190958
vt 0.470542 0.306918
vt 0.631968 0.444841
vt 0.671042 0.451321
vt 0.666913 0.436068
vt 0.988359 0.908745
vt 0.992171 0.895890
vt 0.525334 0.201681
vt 0.929827 0.916538
vt 0.937553 0.894948
vt 0.589483 0.560520
vt 0.580609 0.559702
vt 0.600724 0.564497
vt 0.589300 0.551189
vt 0.747252 0.430423
vt 0.750590 0.432751
vt 0.402866 0.706651
vt 0.386436 0.713240
vt 0.236344 0.356033
vt 0.226723 0.357955
vt 0.219029 0.350067
vt 0.232063 0.347788
vt 0.249371 0.356173
vt 0.105264 0.048712
vt 0.099097 0.061640
vt 0.246499 0.366057
vt 0.166443 0.995595
vt 0.276478 0.994071
vt 0.275820 0.972713
vt 0.289155 0.975064
vt 0.156047 0.993894
vt 0.288336 0.997133
vt 0.259174 0.993173
vt 0.133222 0.569348
vt 0.136582 0.571608
vt 0.120034 0.574478
vt 0.595017 0.081859
vt 0.595045 0.088657
vt 0.619647 0.358172
vt 0.631826 0.355065
vt 0.621724 0.363494
vt 0.413498 0.077580
vt 0.415794 0.091792
vt 0.401311 0.102572
vt 0.391201 0.886824
vt 0.380468 0.885196
vt 0.389756 0.931568
vt 0.409978 0.918821
vt 0.409518 0.937124
vt 0.298299 0.157688
vt 0.280185 0.153082
vt 0.605854 0.624761
vt 0.601914 0.639246
vt 0.312220 0.150525
vt 0.331959 0.461640
vt 0.316011 0.459726
vt 0.324610 0.438657
vt 0.341765 0.652103
vt 0.366231 0.669300
vt 0.338458 0.435871
vt 0.249798 0.388438
vt 0.245077 0.394562
vt 0.236330 0.389504
vt 0.152238 0.505574
vt 0.295012 0.036615
vt 0.299157 0.047572
vt 0.278558 0.039333
vt 0.736670 0.001107
vt 0.726777 0.008035
vt 0.719907 0.001298
vt 0.290329 0.026462
vt 0.307775 0.027087
vt 0.162954 0.059565
vt 0.163146 0.077961
vt 0.169416 0.068085
vt 0.764583 0.262071
vt 0.756172 0.277989
vt 0.580763 0.812742
vt 0.567135 0.804885
vt 0.610980 0.788788
vt 0.582231 0.826894
vt 0.155103 0.248753
vt 0.166790 0.236839
vt 0.699520 0.630722
vt 0.688099 0.622548
vt 0.689463 0.639245
vt 0.465404 0.062678
vt 0.462327 0.073121
vt 0.457747 0.064125
vt 0.104819 0.163293
vt 0.114193 0.194803
vt 0.127817 0.173086
vt 0.820000 0.063947
vt 0.816492 0.061968
vt 0.109804 0.654629
vt 0.089432 0.166211
vt 0.819892 0.042957
vt 0.219339 0.329437
vt 0.230396 0.308788
vt 0.232493 0.341151
vt 0.332367 0.240817
vt 0.070938 0.820038
vt 0.060021 0.820115
vt 0.057133 0.810590
vt 0.912429 0.607487
vt 0.903374 0.598462
vt 0.916503 0.589485
vt 0.897878 0.610561
vt 0.909297 0.627531
vt 0.903921 0.618032
vt 0.922043 0.620396
vt 0.129791 0.921440
vt 0.167885 0.932009
vt 0.974538 0.060121
vt 0.967311 0.058648
vt 0.972611 0.053144
vt 0.017568 0.297590
vt 0.011822 0.295915
vt 0.020162 0.287997
vt 0.147025 0.555746
vt 0.144678 0.564220
vt 0.152884 0.569882
vt 0.497552 0.884780
vt 0.491794 0.873826
vt 0.722935 0.322473
vt 0.952889 0.822617
vt 0.942245 0.824314
vt 0.952359 0.811649
vt 0.953903 0.835523
vt 0.903440 0.284892
vt 0.921418 0.289007
vt 0.910774 0.304009
vt 0.892316 0.305543
vt 0.896852 0.271267
vt 0.909426 0.266635
vt 0.719605 0.524570
vt 0.708224 0.540004
vt 0.697719 0.529198
vt 0.712278 0.521320
vt 0.729041 0.507806
vt 0.700637 0.534991
vt 0.276355 0.382812
vt 0.280263 0.379243
vt 0.289464 0.440621
vt 0.144021 0.031231
vt 0.144682 0.038633
vt 0.081945 0.381434
vt 0.114757 0.356985
vt 0.118984 0.363702
vt 0.087430 0.370121
vt 0.761732 0.739142
vt 0.763655 0.727582
vt 0.781207 0.736176
vt 0.747280 0.735911
vt 0.781389 0.750201
vt 0.755118 0.726885
vt 0.743273 0.109941
vt 0.738556 0.109496
vt 0.747155 0.114889
vt 0.282593 0.499630
vt 0.345507 0.062916
vt 0.360364 0.063652
vt 0.335476 0.065544
vt 0.085177 0.813085
vt 0.092090 0.818424
vt 0.091334 0.511774
vt 0.091151 0.224098
vt 0.083470 0.212646
vt 0.616935 0.888276
vt 0.596492 0.873221
vt 0.470700 0.759785
vt 0.115768 0.763278
vt 0.125444 0.759445
vt 0.119371 0.775883
vt 0.040412 0.597735
vt 0.029345 0.592800
vt 0.261368 0.905080
vt 0.211124 0.901574
vt 0.233998 0.879305
vt 0.243795 0.924705
vt 0.288670 0.888421
vt 0.754996 0.036834
vt 0.765583 0.036158
vt 0.805164 0.713773
vt 0.593951 0.101300
vt 0.665025 0.859508
vt 0.666371 0.838122
vt 0.682934 0.826004
vt 0.884881 0.678002
vt 0.856948 0.643789
vt 0.867747 0.661936
vt 0.097686 0.887323
vt 0.101834 0.895166
vt 0.084678 0.907013
vt 0.087140 0.900440
vt 0.093668 0.894372
vt 0.484498 0.446807
vt 0.475261 0.472016
vt 0.464182 0.449155
vt 0.924687 0.666122
vt 0.914887 0.684764
vt 0.910383 0.672495
vt 0.502055 0.437088
vt 0.929559 0.682029
vt 0.058284 0.646308
vt 0.033641 0.646308
vt 0.044024 0.630990
vt 0.914201 0.664918
vt 0.963594 0.867331
vt 0.463528 0.968483
vt 0.463416 0.956390
vt 0.713065 0.789604
vt 0.481245 0.961147
vt 0.710052 0.795213
vt 0.617051 0.411226
vt 0.605268 0.397491
vt 0.615152 0.398384
vt 0.985416 0.237426
vt 0.976335 0.259726
vt 0.975783 0.234775
vt 0.218062 0.466331
vt 0.187186 0.455656
vt 0.222945 0.449675
vt 0.993802 0.242028
vt 0.646563 0.127380
vt 0.614700 0.332653
vt 0.389403 0.001553
vt 0.407041 0.002822
vt 0.401161 0.013310
vt 0.387787 0.008827
vt 0.370911 0.002757
vt 0.581316 0.025717
vt 0.590819 0.029077
vt 0.579387 0.037722
vt 0.571226 0.035530
vt 0.051611 0.752453
vt 0.056161 0.763357
vt 0.572125 0.025436
vt 0.684088 0.554576
vt 0.678215 0.565510
vt 0.124812 0.352172
vt 0.112987 0.347581
vt 0.124331 0.344348
vt 0.030009 0.105781
vt 0.049790 0.099609
vt 0.050039 0.110497
vt 0.128545 0.357761
vt 0.142985 0.338987
vt 0.145224 0.345144
vt 0.585302 0.702074
vt 0.590508 0.719032
vt 0.582671 0.688809
vt 0.403089 0.261148
vt 0.983816 0.140289
vt 0.395594 0.278594
vt 0.996356 0.143086
vt 0.090512 0.417755
vt 0.096448 0.399550
vt 0.123763 0.434283
vt 0.111185 0.440175
vt 0.730544 0.919111
vt 0.715573 0.913325
vt 0.727680 0.904256
vt 0.718036 0.937881
vt 0.169840 0.137896
vt 0.430135 0.883969
vt 0.442108 0.892935
vt 0.459344 0.889427
vt 0.448933 0.242951
vt 0.437887 0.239521
vt 0.864518 0.569927
vt 0.875834 0.572310
vt 0.869823 0.578737
vt 0.857535 0.559590
vt 0.870984 0.564062
vt 0.458474 0.246289
vt 0.454703 0.256800
vt 0.226520 0.817016
vt 0.199144 0.851732
vt 0.517664 0.243322
vt 0.508295 0.206800
vt 0.525082 0.209883
vt 0.247654 0.816835
vt 0.232517 0.863133
vt 0.499608 0.240208
vt 0.202962 0.810561
vt 0.117882 0.013987
vt 0.110385 0.003280
vt 0.136441 0.003488
vt 0.871807 0.075521
vt 0.867329 0.085754
vt 0.854206 0.088366
vt 0.073916 0.460715
vt 0.063989 0.472457
vt 0.005499 0.857610
vt 0.027595 0.857923
vt 0.089859 0.416120
vt 0.027084 0.870938
vt 0.786779 0.111472
vt 0.791534 0.112288
vt 0.784812 0.117667
vt 0.186472 0.208244
vt 0.174422 0.203804
vt 0.185287 0.196398
vt 0.178793 0.214071
vt 0.491272 0.130326
vt 0.493976 0.124712
vt 0.496102 0.131744
vt 0.479748 0.123341
vt 0.485938 0.138707
vt 0.046064 0.791736
vt 0.044775 0.781133
vt 0.061747 0.768425
vt 0.075457 0.099540
vt 0.782017 0.629566
vt 0.778434 0.646945
vt 0.757404 0.633317
vt 0.767243 0.602342
vt 0.796616 0.647932
vt 0.321633 0.563632
vt 0.618391 0.988127
vt 0.608858 0.997823
vt 0.342174 0.561397
vt 0.585054 0.997895
vt 0.555607 0.138050
vt 0.566267 0.136727
vt 0.780639 0.042833
vt 0.772200 0.049415
vt 0.889352 0.179270
vt 0.887514 0.171388
vt 0.913722 0.165687
vt 0.915617 0.178070
vt 0.992237 0.498732
vt 0.971781 0.504110
vt 0.735154 0.898668
vt 0.724620 0.897717
vt 0.732750 0.892029
vt 0.165625 0.146981
vt 0.169639 0.152625
vt 0.165571 0.155283
vt 0.463321 0.858823
vt 0.852265 0.569418
vt 0.573985 0.535504
vt 0.587419 0.523176
vt 0.589967 0.544728
vt 0.573519 0.561659
vt 0.807131 0.388800
vt 0.802536 0.398120
vt 0.566986 0.514135
vt 0.093837 0.675070
vt 0.496666 0.101009
vt 0.471712 0.097359
vt 0.885084 0.490711
vt 0.899087 0.478757
vt 0.050027 0.479119
vt 0.043162 0.474045
vt 0.056869 0.480720
vt 0.054928 0.491786
vt 0.876231 0.477690
vt 0.348458 0.832123
vt 0.360933 0.832462
vt 0.359908 0.852633
vt 0.337809 0.821765
vt 0.779561 0.722168
vt 0.618798 0.523012
vt 0.047706 0.434833
vt 0.025596 0.410316
vt 0.131543 0.070570
vt 0.125446 0.085844
vt 0.123522 0.072452
vt 0.129093 0.061366
vt 0.069295 0.139703
vt 0.072023 0.168043
vt 0.942183 0.516892
vt 0.622224 0.547060
vt 0.620803 0.534540
vt 0.779601 0.369632
vt 0.635343 0.561646
vt 0.647941 0.362065
vt 0.637424 0.366934
vt 0.653104 0.344640
vt 0.641588 0.351438
vt 0.167920 0.028136
vt 0.178721 0.020514
vt 0.189833 0.033756
vt 0.179549 0.042951
vt 0.153481 0.044494
vt 0.771653 0.194296
vt 0.903091 0.046253
vt 0.885600 0.782783
vt 0.891254 0.777437
vt 0.898718 0.790422
vt 0.102089 0.885962
vt 0.890770 0.797985
vt 0.093923 0.886051
vt 0.878531 0.787036
vt 0.279369 0.128554
vt 0.264325 0.134102
vt 0.713535 0.773639
vt 0.756589 0.818400
vt 0.748504 0.817570
vt 0.760548 0.833984
vt 0.703843 0.766049
vt 0.550947 0.571821
vt 0.505877 0.560659
vt 0.554583 0.559687
vt 0.267209 0.001201
vt 0.304654 0.013368
vt 0.267874 0.016066
vt 0.923416 0.389552
vt 0.939638 0.392478
vt 0.517392 0.168428
vt 0.378533 0.061703
vt 0.378089 0.068587
vt 0.956667 0.933255
vt 0.083148 0.843834
vt 0.084791 0.849612
vt 0.091081 0.831127
vt 0.814429 0.703397
vt 0.990984 0.569435
vt 0.988871 0.579888
vt 0.965071 0.569900
vt 0.296460 0.474600
vt 0.071191 0.943058
vt 0.081678 0.940248
vt 0.080554 0.991697
vt 0.054688 0.034739
vt 0.050990 0.038179
vt 0.048351 0.033973
vt 0.059698 0.035019
vt 0.451411 0.899828
vt 0.058288 0.029125
vt 0.956598 0.854896
vt 0.957656 0.861554
vt 0.772424 0.000521
vt 0.781484 0.007104
vt 0.768033 0.009128
vt 0.736562 0.204635
vt 0.752404 0.189390
vt 0.750361 0.201991
vt 0.438758 0.301673
vt 0.217444 0.242542
vt 0.163590 0.550410
vt 0.506315 0.031740
vt 0.494179 0.053299
vt 0.451531 0.038614
vt 0.157612 0.541175
vt 0.159204 0.578641
vt 0.502007 0.023444
vt 0.275839 0.370078
vt 0.087614 0.395023
vt 0.092434 0.398378
vt 0.095954 0.396433
vt 0.087875 0.017075
vt 0.107648 0.002710
vt 0.118321 0.017097
vt 0.932937 0.565685
vt 0.951286 0.562253
vt 0.951844 0.575878
vt 0.931853 0.579528
vt 0.942386 0.543967
vt 0.912448 0.559004
vt 0.922454 0.550681
vt 0.974530 0.949504
vt 0.286268 0.554923
vt 0.291598 0.563457
vt 0.295431 0.556442
vt 0.296272 0.552466
vt 0.601837 0.924257
vt 0.611982 0.924837
vt 0.732330 0.584362
vt 0.738758 0.576385
vt 0.456384 0.524627
vt 0.473518 0.582012
vt 0.449381 0.577839
vt 0.481521 0.514423
vt 0.463361 0.528832
vt 0.453467 0.503819
vt 0.792685 0.928262
vt 0.855333 0.322963
vt 0.858056 0.313237
vt 0.598713 0.040981
vt 0.589170 0.040600
vt 0.825266 0.613481
vt 0.390375 0.840795
vt 0.373583 0.845162
vt 0.372592 0.834471
vt 0.246523 0.814827
vt 0.267419 0.807848
vt 0.261224 0.823989
vt 0.014565 0.745652
vt 0.011869 0.753263
vt 0.016856 0.738578
vt 0.253139 0.799447
vt 0.387308 0.838390
vt 0.089049 0.066415
vt 0.104078 0.065908
vt 0.085691 0.074984
vt 0.059959 0.065185
vt 0.116186 0.555487
vt 0.105693 0.550613
vt 0.176884 0.749434
vt 0.940490 0.347025
vt 0.969066 0.342933
vt 0.940961 0.335042
vt 0.823815 0.525495
vt 0.013097 0.901615
vt 0.827205 0.304499
vt 0.827535 0.307713
vt 0.823533 0.312787
vt 0.824181 0.302832
vt 0.832444 0.294567
vt 0.665508 0.621997
vt 0.678816 0.630411
vt 0.807475 0.459007
vt 0.812072 0.476256
vt 0.793446 0.463940
vt 0.058680 0.624077
vt 0.061892 0.646367
vt 0.036131 0.621008
vt 0.046370 0.597531
vt 0.462010 0.484519
vt 0.463407 0.472459
vt 0.470631 0.489357
vt 0.966379 0.749768
vt 0.413689 0.418105
vt 0.406597 0.406085
vt 0.414502 0.402187
vt 0.485189 0.338487
vt 0.498459 0.352579
vt 0.511573 0.342382
vt 0.057722 0.002251
vt 0.060888 0.013386
vt 0.053853 0.014001
vt 0.072607 0.003002
vt 0.177143 0.810219
vt 0.162738 0.804443
vt 0.158528 0.771480
vt 0.482147 0.233933
vt 0.492541 0.201757
vt 0.164171 0.843398
vt 0.478528 0.197736
vt 0.938193 0.321082
vt 0.683129 0.988286
vt 0.668654 0.995397
vt 0.025184 0.061818
vt 0.075480 0.443230
vt 0.485864 0.242493
vt 0.070648 0.233041
vt 0.070732 0.242751
vt 0.058688 0.232778
vt 0.049206 0.240211
vt 0.197858 0.188579
vt 0.723675 0.544831
vt 0.735572 0.558106
vt 0.465724 0.114988
vt 0.455835 0.110472
vt 0.478335 0.113848
vt 0.040410 0.592019
vt 0.049934 0.829189
vt 0.053071 0.820015
vt 0.051195 0.829819
vt 0.648604 0.166739
vt 0.650923 0.177542
vt 0.045498 0.834379
vt 0.832620 0.158821
vt 0.032023 0.353706
vt 0.040900 0.349646
vt 0.051935 0.369090
vt 0.840809 0.145301
vt 0.094052 0.090149
vt 0.103688 0.077284
vt 0.115520 0.084710
vt 0.123183 0.093462
vt 0.955925 0.193938
vt 0.838778 0.055970
vt 0.850856 0.060910
vt 0.836487 0.072905
vt 0.820447 0.069685
vt 0.822519 0.053845
vt 0.824920 0.033383
vt 0.840320 0.036929
vt 0.163176 0.434134
vt 0.172298 0.448412
vt 0.145996 0.431292
vt 0.160529 0.151369
vt 0.103851 0.796236
vt 0.107058 0.785902
vt 0.098928 0.780918
vt 0.781917 0.774720
vt 0.110660 0.279029
vt 0.119799 0.264691
vt 0.878855 0.567931
vt 0.126890 0.290857
vt 0.440330 0.473939
vt 0.451449 0.479100
vt 0.447900 0.482354
vt 0.434890 0.452621
vt 0.450627 0.457539
vt 0.346588 0.187638
vt 0.711914 0.767500
vt 0.933510 0.248291
vt 0.942578 0.279159
vt 0.710230 0.119436
vt 0.686717 0.132766
vt 0.724450 0.119881
vt 0.029503 0.668754
vt 0.877454 0.346656
vt 0.869138 0.341317
vt 0.891105 0.341055
vt 0.986128 0.704711
vt 0.995184 0.689101
vt 0.995319 0.704579
vt 0.975127 0.705383
vt 0.984432 0.689476
vt 0.577175 0.853805
vt 0.578542 0.860627
vt 0.583615 0.864965
vt 0.847970 0.786341
vt 0.854078 0.786087
vt 0.839079 0.784537
vt 0.845017 0.778932
vt 0.849646 0.774207
vt 0.840169 0.788995
vt 0.305457 0.789582
vt 0.289390 0.801582
vt 0.721836 0.744426
vt 0.734920 0.726548
vt 0.430016 0.129045
vt 0.423529 0.144376
vt 0.275991 0.422058
vt 0.280339 0.439285
vt 0.301986 0.878925
vt 0.326343 0.870729
vt 0.027744 0.257648
vt 0.550130 0.954103
vt 0.563033 0.961239
vt 0.567423 0.974262
vt 0.957066 0.887907
vt 0.976842 0.888995
vt 0.270191 0.507556
vt 0.265295 0.485769
vt 0.759990 0.486752
vt 0.776103 0.495137
vt 0.763540 0.502469
vt 0.766440 0.808748
vt 0.763042 0.825828
vt 0.749768 0.498585
vt 0.778804 0.802297
vt 0.215849 0.787547
vt 0.894718 0.094179
vt 0.879350 0.094773
vt 0.879324 0.082131
vt 0.882146 0.102439
vt 0.893488 0.078828
vt 0.080374 0.506510
vt 0.060343 0.512964
vt 0.068444 0.500421
vt 0.146991 0.572646
vt 0.148473 0.580474
vt 0.684325 0.980588
vt 0.671329 0.973761
vt 0.739106 0.889816
vt 0.753007 0.883605
vt 0.741332 0.906009
vt 0.762187 0.914688
vt 0.956743 0.530618
vt 0.956523 0.527980
vt 0.960780 0.529838
vt 0.959160 0.531373
vt 0.954313 0.530263
vt 0.951134 0.534923
vt 0.275238 0.356091
vt 0.697834 0.563665
vt 0.688305 0.577531
vt 0.578885 0.489237
vt 0.206572 0.683988
vt 0.219553 0.695738
vt 0.234104 0.708893
vt 0.068361 0.720989
vt 0.090160 0.723040
vt 0.930689 0.396939
vt 0.929112 0.420923
vt 0.512478 0.169200
vt 0.520558 0.184185
vt 0.561353 0.035225
vt 0.562630 0.060028
vt 0.539082 0.036055
vt 0.497642 0.158134
vt 0.951538 0.389147
vt 0.643336 0.184081
vt 0.645818 0.173704
vt 0.649000 0.188552
vt 0.058364 0.829972
vt 0.779184 0.174506
vt 0.773541 0.147619
vt 0.488537 0.645384
vt 0.116935 0.908574
vt 0.963315 0.039625
vt 0.693493 0.001018
vt 0.711789 0.001018
vt 0.697506 0.009140
vt 0.457610 0.488565
vt 0.462822 0.491283
vt 0.748426 0.646590
vt 0.775241 0.664291
vt 0.617858 0.000253
vt 0.614304 0.007873
vt 0.588846 0.001782
vt 0.136243 0.052712
vt 0.170348 0.044238
vt 0.171628 0.058860
vt 0.303252 0.431253
vt 0.220374 0.393767
vt 0.210569 0.399458
vt 0.207504 0.383658
vt 0.227225 0.414365
vt 0.223151 0.378814
vt 0.236456 0.403527
vt 0.443746 0.326807
vt 0.406717 0.358929
vt 0.619123 0.765103
vt 0.590709 0.735729
vt 0.625061 0.744677
vt 0.627978 0.790153
vt 0.598091 0.786226
vt 0.039497 0.567706
vt 0.007735 0.544629
vt 0.022216 0.530313
vt 0.669231 0.760238
vt 0.462902 0.055619
vt 0.159384 0.866317
vt 0.731259 0.406795
vt 0.743000 0.397325
vt 0.647602 0.600657
vt 0.662425 0.603995
vt 0.176069 0.101861
vt 0.974541 0.134164
vt 0.972797 0.143768
vt 0.964550 0.140542
vt 0.192310 0.085478
vt 0.211154 0.346182
vt 0.158260 0.348958
vt 0.203221 0.329502
vt 0.166849 0.376213
vt 0.665720 0.820463
vt 0.077350 0.002650
vt 0.101929 0.002650
vt 0.088978 0.014618
vt 0.648261 0.831974
vt 0.832783 0.405419
vt 0.844507 0.401689
vt 0.821537 0.382890
vt 0.819656 0.415413
vt 0.132231 0.524235
vt 0.148716 0.527167
vt 0.119056 0.896730
vt 0.114854 0.887222
vt 0.374809 0.884178
vt 0.608556 0.660427
vt 0.528813 0.357125
vt 0.636566 0.676050
vt 0.620414 0.674058
vt 0.502757 0.390257
vt 0.521937 0.386758
vt 0.200476 0.045572
vt 0.529145 0.411255
vt 0.324983 0.086758
vt 0.310886 0.080264
vt 0.322460 0.071685
vt 0.394167 0.977357
vt 0.381000 0.976017
vt 0.390545 0.960915
vt 0.384605 0.991581
vt 0.404124 0.963394
vt 0.417429 0.372969
vt 0.133865 0.834326
vt 0.839802 0.828678
vt 0.834426 0.854718
vt 0.795785 0.654794
vt 0.735364 0.728628
vt 0.122390 0.072552
vt 0.000195 0.709724
vt 0.779456 0.786578
vt 0.788296 0.813667
vt 0.818892 0.869166
vt 0.945664 0.315317
vt 0.659445 0.996902
vt 0.810044 0.577231
vt 0.877748 0.572268
vt 0.270918 0.137178
vt 0.811527 0.457152
vt 0.220710 0.185087
vt 0.207602 0.633157
vt 0.204913 0.594334
vt 0.280138 0.278645
vt 0.023544 0.352814
vt 0.303918 0.401464
vt 0.309054 0.385516
vt 0.306362 0.420640
vt 0.677462 0.000729
vt 0.671326 0.008042
vt 0.657733 0.000592
vt 0.153932 0.994476
vt 0.164490 0.999756
vt 0.296602 0.068295
vt 0.301219 0.245994
vt 0.318511 0.219144
vt 0.316833 0.240338
vt 0.200960 0.249596
vt 0.196091 0.255934
vt 0.786278 0.515934
vt 0.793079 0.503648
vt 0.820064 0.571232
vt 0.784175 0.502429
vt 0.948987 0.660702
vt 0.916286 0.650320
vt 0.539336 0.072091
vt 0.537446 0.052860
vt 0.743605 0.100846
vt 0.722830 0.093587
vt 0.739802 0.081326
vt 0.563489 0.082094
vt 0.723707 0.117613
vt 0.598838 0.376622
vt 0.591900 0.368541
vt 0.596670 0.383281
vt 0.407027 0.164045
vt 0.430635 0.165871
vt 0.417204 0.187886
vt 0.944366 0.775866
vt 0.940438 0.812878
vt 0.937761 0.800481
vt 0.081837 0.886723
vt 0.085735 0.014571
vt 0.062056 0.014571
vt 0.075730 0.002696
vt 0.955078 0.524997
vt 0.961243 0.524049
vt 0.357459 0.592240
vt 0.397926 0.727915
vt 0.394974 0.735234
vt 0.880607 0.498587
vt 0.514218 0.269404
vt 0.036525 0.332070
vt 0.913525 0.659003
vt 0.939581 0.672371
vt 0.048750 0.306591
vt 0.537194 0.194116
vt 0.541730 0.205877
vt 0.883794 0.160398
vt 0.879815 0.154955
vt 0.898760 0.133771
vt 0.911916 0.153553
vt 0.885879 0.164991
vt 0.909243 0.142444
vt 0.058780 0.804287
vt 0.041753 0.838870
vt 0.045794 0.801997
vt 0.025103 0.257097
vt 0.118413 0.804161
vt 0.462302 0.240528
vt 0.139751 0.252976
vt 0.133621 0.241004
vt 0.471132 0.241443
vt 0.916062 0.704972
vt 0.901849 0.694653
vt 0.912738 0.694932
vt 0.326613 0.149898
vt 0.310786 0.147570
vt 0.922449 0.693007
vt 0.904588 0.705321
vt 0.327297 0.164927
vt 0.930787 0.705250
vt 0.745038 0.815677
vt 0.692713 0.154268
vt 0.831571 0.663339
vt 0.843059 0.653531
vt 0.858426 0.673366
vt 0.802962 0.368141
vt 0.941887 0.040489
vt 0.477711 0.207715
vt 0.437457 0.183974
vt 0.589983 0.143521
vt 0.167532 0.690589
vt 0.172889 0.697668
vt 0.255993 0.772925
vt 0.255549 0.783577
vt 0.262190 0.755246
vt 0.971946 0.516740
vt 0.967617 0.502239
vt 0.619925 0.722866
vt 0.843756 0.821931
vt 0.835711 0.842992
vt 0.256332 0.219052
vt 0.264124 0.238833
vt 0.644361 0.943143
vt 0.203206 0.134703
vt 0.532570 0.333982
vt 0.546485 0.320469
vt 0.388506 0.470342
vt 0.385068 0.486500
vt 0.566794 0.491162
vt 0.576996 0.469321
vt 0.125786 0.093672
vt 0.101759 0.104844
vt 0.485584 0.122336
vt 0.886415 0.469521
vt 0.048609 0.505735
vt 0.911862 0.459827
vt 0.928310 0.861678
vt 0.457378 0.302157
vt 0.467126 0.318283
vt 0.449622 0.296101
vt 0.462212 0.287503
vt 0.227533 0.221668
vt 0.217736 0.220479
vt 0.662924 0.202191
vt 0.672129 0.212526
vt 0.073927 0.436178
vt 0.073238 0.420403
vt 0.079607 0.411036
vt 0.612239 0.573366
vt 0.537954 0.836733
vt 0.538650 0.006704
vt 0.956393 0.138314
vt 0.718451 0.862656
vt 0.734264 0.860224
vt 0.727941 0.879374
vt 0.727639 0.848357
vt 0.673725 0.641012
vt 0.915986 0.190843
vt 0.411681 0.861714
vt 0.427904 0.848765
vt 0.419415 0.870008
vt 0.718975 0.178377
vt 0.710151 0.193404
vt 0.672214 0.390666
vt 0.411448 0.387771
vt 0.400816 0.391634
vt 0.294833 0.385680
vt 0.292194 0.401941
vt 0.420351 0.398985
vt 0.236726 0.426075
vt 0.253209 0.404916
vt 0.278960 0.809733
vt 0.175048 0.457350
vt 0.406238 0.700550
vt 0.406624 0.690214
vt 0.984978 0.593541
vt 0.911036 0.368750
vt 0.745683 0.007215
vt 0.745796 0.000747
vt 0.756095 0.007887
vt 0.944159 0.939877
vt 0.957752 0.939022
vt 0.709519 0.213058
vt 0.709567 0.206310
vt 0.716383 0.211336
vt 0.709829 0.215827
vt 0.297532 0.881696
vt 0.286611 0.874732
vt 0.887671 0.257643
vt 0.686707 0.534249
vt 0.037889 0.568976
vt 0.583432 0.220258
vt 0.474446 0.532672
vt 0.551097 0.670831
vt 0.501256 0.665867
vt 0.546796 0.652298
vt 0.462701 0.841711
vt 0.426994 0.076103
vt 0.422758 0.077113
vt 0.802751 0.634147
vt 0.803406 0.622373
vt 0.878623 0.122991
vt 0.886665 0.101076
vt 0.899989 0.107319
vt 0.889474 0.127542
vt 0.873361 0.150351
vt 0.190950 0.442563
vt 0.222625 0.429728
vt 0.067357 0.035474
vt 0.060841 0.483074
vt 0.059064 0.491685
vt 0.065666 0.365472
vt 0.070413 0.384987
vt 0.572076 0.676311
vt 0.750559 0.042838
vt 0.684384 0.175245
vt 0.820271 0.719127
vt 0.802464 0.721808
vt 0.989986 0.951954
vt 0.993169 0.965035
vt 0.978436 0.952216
vt 0.824430 0.353471
vt 0.820639 0.333091
vt 0.494834 0.854535
vt 0.954197 0.848854
vt 0.926790 0.316967
vt 0.899143 0.545395
vt 0.911535 0.537565
vt 0.834679 0.762336
vt 0.845034 0.760868
vt 0.749075 0.121302
vt 0.241422 0.866192
vt 0.806300 0.490442
vt 0.793147 0.496592
vt 0.112518 0.243160
vt 0.102736 0.228479
vt 0.378488 0.890064
vt 0.368216 0.909056
vt 0.361704 0.900514
vt 0.439912 0.441604
vt 0.431247 0.433195
vt 0.325216 0.738335
vt 0.300883 0.976270
vt 0.292249 0.951295
vt 0.302539 0.951511
vt 0.313644 0.975154
vt 0.309107 0.998934
vt 0.298887 0.998790
vt 0.038274 0.135499
vt 0.778483 0.273183
vt 0.764668 0.285976
vt 0.469320 0.153698
vt 0.483508 0.148201
vt 0.480155 0.168276
vt 0.557584 0.805533
vt 0.133430 0.199562
vt 0.115669 0.201653
vt 0.900573 0.861488
vt 0.886198 0.863151
vt 0.890572 0.825358
vt 0.496874 0.658927
vt 0.131519 0.890901
vt 0.139341 0.911322
vt 0.480403 0.672156
vt 0.486119 0.690099
vt 0.884414 0.531654
vt 0.875916 0.515576
vt 0.885440 0.513023
vt 0.883693 0.552543
vt 0.870470 0.543637
vt 0.900809 0.526318
vt 0.898736 0.544189
vt 0.870108 0.523972
vt 0.085443 0.353473
vt 0.391606 0.488929
vt 0.604279 0.717823
vt 0.782410 0.318997
vt 0.445116 0.970029
vt 0.469187 0.969716
vt 0.832706 0.719103
vt 0.880553 0.894899
vt 0.876768 0.882332
vt 0.106242 0.486995
vt 0.618897 0.000229
vt 0.639372 0.006882
vt 0.617611 0.006493
vt 0.593639 0.057157
vt 0.579800 0.078948
vt 0.914630 0.116560
vt 0.960807 0.297763
vt 0.987133 0.295835
vt 0.964316 0.303348
vt 0.040412 0.652341
vt 0.891501 0.061060
vt 0.881879 0.073322
vt 0.796568 0.363520
vt 0.809299 0.344772
vt 0.783653 0.121441
vt 0.772736 0.115491
vt 0.962992 0.532015
vt 0.964762 0.529821
vt 0.956886 0.539891
vt 0.736247 0.569449
vt 0.758661 0.566509
vt 0.642645 0.197405
vt 0.640683 0.190886
vt 0.586386 0.861404
vt 0.771488 0.114844
vt 0.761764 0.120593
vt 0.846417 0.509883
vt 0.845326 0.522812
vt 0.839428 0.516241
vt 0.854934 0.514693
vt 0.707252 0.198082
vt 0.609833 0.100786
vt 0.643601 0.377548
vt 0.955940 0.250443
vt 0.957304 0.277746
vt 0.951422 0.277714
vt 0.945606 0.249370
vt 0.003145 0.099759
vt 0.012152 0.103175
vt 0.000111 0.128936
vt 0.882506 0.803771
vt 0.864958 0.807093
vt 0.883654 0.815132
vt 0.351317 0.906102
vt 0.615442 0.973756
vt 0.612866 0.959177
vt 0.350472 0.123572
vt 0.414767 0.019778
vt 0.062931 0.731775
vt 0.838422 0.655077
vt 0.829718 0.663002
vt 0.887720 0.702403
vt 0.893232 0.715494
vt 0.878664 0.689547
vt 0.829969 0.646097
vt 0.902467 0.701062
vt 0.308078 0.886038
vt 0.558798 0.946084
vt 0.545005 0.943080
vt 0.812548 0.928268
vt 0.785679 0.943768
vt 0.215692 0.184258
vt 0.577053 0.051032
vt 0.567974 0.048427
vt 0.837465 0.603813
vt 0.457390 0.615292
vt 0.470306 0.615330
vt 0.425012 0.613128
vt 0.165437 0.457318
vt 0.140561 0.441845
vt 0.514346 0.080161
vt 0.707445 0.750622
vt 0.720184 0.761167
vt 0.745715 0.702214
vt 0.724718 0.007454
vt 0.707481 0.007454
vt 0.714397 0.000672
vt 0.284765 0.357334
vt 0.102424 0.713744
vt 0.833838 0.019925
vt 0.819580 0.023223
vt 0.496926 0.144252
vt 0.662107 0.337292
vt 0.109908 0.777836
vt 0.115322 0.779736
vt 0.103595 0.770297
vt 0.498223 0.377691
vt 0.489592 0.385583
vt 0.489928 0.364823
vt 0.508310 0.367284
vt 0.712286 0.453751
vt 0.700197 0.445578
vt 0.712127 0.441664
vt 0.725715 0.695297
vt 0.732219 0.680923
vt 0.746941 0.694638
vt 0.740134 0.704231
vt 0.748080 0.994261
vt 0.727709 0.995272
vt 0.231129 0.005470
vt 0.241618 0.017444
vt 0.229075 0.016886
vt 0.064737 0.975753
vt 0.040130 0.983005
vt 0.056004 0.973249
vt 0.241540 0.005983
vt 0.071321 0.962624
vt 0.053530 0.992299
vt 0.076681 0.986910
vt 0.476680 0.638551
vt 0.476198 0.657362
vt 0.548997 0.000508
vt 0.151108 0.792673
vt 0.870395 0.097741
vt 0.508537 0.251061
vt 0.678028 0.471059
vt 0.045148 0.879866
vt 0.015583 0.227970
vt 0.188857 0.227762
vt 0.187105 0.234204
vt 0.893020 0.259078
vt 0.875881 0.260565
vt 0.198894 0.241857
vt 0.375853 0.703634
vt 0.995326 0.506519
vt 0.994910 0.563059
vt 0.969500 0.521430
vt 0.625043 0.706104
vt 0.079191 0.053533
vt 0.090462 0.055237
vt 0.024701 0.385158
vt 0.016649 0.387856
vt 0.013726 0.373991
vt 0.025156 0.367350
vt 0.746326 0.875484
vt 0.081434 0.059705
vt 0.960808 0.599016
vt 0.911545 0.382705
vt 0.943942 0.592186
vt 0.967937 0.590672
vt 0.460650 0.287517
vt 0.445619 0.948574
vt 0.846595 0.286191
vt 0.860607 0.243470
vt 0.503686 0.422993
vt 0.537316 0.434638
vt 0.448995 0.224188
vt 0.444479 0.214419
vt 0.465308 0.219189
vt 0.433131 0.796395
vt 0.407822 0.808252
vt 0.879907 0.335880
vt 0.234448 0.941319
vt 0.198063 0.921175
vt 0.967943 0.370823
vt 0.947844 0.110721
vt 0.040249 0.683497
vt 0.038271 0.708427
vt 0.031867 0.687059
vt 0.025416 0.673918
vt 0.033023 0.667636
vt 0.991757 0.139543
vt 0.048225 0.674315
vt 0.223415 0.677514
vt 0.229455 0.690887
vt 0.081187 0.129515
vt 0.279472 0.848225
vt 0.389532 0.396215
vt 0.911162 0.039699
vt 0.884022 0.017949
vt 0.894917 0.011192
vt 0.918192 0.036375
vt 0.743696 0.424608
vt 0.762535 0.883506
vt 0.732122 0.667126
vt 0.750093 0.663922
vt 0.618425 0.031900
vt 0.621835 0.020985
vt 0.907358 0.747168
vt 0.923955 0.772648
vt 0.074129 0.888321
vt 0.431333 0.229050
vt 0.427139 0.196186
vt 0.989693 0.593170
vt 0.153774 0.330930
vt 0.232187 0.962510
vt 0.936273 0.078926
vt 0.777909 0.449745
vt 0.769460 0.429228
vt 0.633753 0.530696
vt 0.322448 0.830351
vt 0.573694 0.388689
vt 0.875785 0.475773
vt 0.701064 0.421458
vt 0.700566 0.434903
vt 0.316186 0.370135
vt 0.804529 0.400366
vt 0.809780 0.385359
vt 0.200616 0.034763
vt 0.977482 0.178691
vt 0.064782 0.430567
vt 0.067380 0.417085
vt 0.302240 0.910922
vt 0.601326 0.911792
vt 0.613129 0.908376
vt 0.378013 0.999609
vt 0.106923 0.735101
vt 0.120397 0.750384
vt 0.122722 0.733696
vt 0.476561 0.241902
vt 0.034612 0.655690
vt 0.036210 0.650131
vt 0.946712 0.098800
vt 0.852486 0.311594
vt 0.157413 0.295718
vt 0.147936 0.314195
vt 0.183679 0.064528
vt 0.173926 0.061014
vt 0.192374 0.070173
vt 0.170051 0.278249
vt 0.071495 0.123757
vt 0.236865 0.700877
vt 0.057009 0.121859
vt 0.940315 0.372213
vt 0.079724 0.119412
vt 0.280073 0.253407
vt 0.673234 0.328454
vt 0.909134 0.319185
vt 0.216769 0.423984
vt 0.374770 0.126589
vt 0.390941 0.825387
vt 0.042030 0.009937
vt 0.056369 0.001634
vt 0.052140 0.014651
vt 0.040634 0.001601
vt 0.538221 0.098823
vt 0.037007 0.918048
vt 0.024121 0.893325
vt 0.064818 0.874741
vt 0.068773 0.910611
vt 0.029972 0.921108
vt 0.035173 0.937901
vt 0.248470 0.667885
vt 0.626005 0.884540
vt 0.645096 0.826525
vt 0.938365 0.917327
vt 0.920273 0.932996
vt 0.391992 0.671060
vt 0.376624 0.695017
vt 0.405543 0.686772
vt 0.946135 0.698932
vt 0.964641 0.706731
vt 0.956174 0.685328
vt 0.961651 0.692483
vt 0.940293 0.688266
vt 0.238062 0.990681
vt 0.605385 0.054326
vt 0.597030 0.054560
vt 0.767828 0.967967
vt 0.741634 0.973459
vt 0.154469 0.588220
vt 0.084786 0.820742
vt 0.679459 0.807293
vt 0.698980 0.824799
vt 0.545452 0.641999
vt 0.012880 0.181351
vt 0.077747 0.913039
vt 0.729539 0.630709
vt 0.915620 0.797904
vt 0.923225 0.801362
vt 0.905293 0.796373
vt 0.189742 0.264740
vt 0.218969 0.267492
vt 0.640319 0.586209
vt 0.756244 0.388646
vt 0.631348 0.574824
vt 0.412804 0.430285
vt 0.047294 0.338327
vt 0.508534 0.299347
vt 0.482590 0.948462
vt 0.501715 0.947836
vt 0.484149 0.950721
vt 0.482107 0.910648
vt 0.207733 0.715679
vt 0.201245 0.723965
vt 0.028126 0.073664
vt 0.841502 0.123298
vt 0.858395 0.100356
vt 0.038255 0.077499
vt 0.824850 0.171671
vt 0.050383 0.974441
vt 0.043504 0.969738
vt 0.003793 0.382049
vt 0.005670 0.374176
vt 0.011412 0.379729
vt 0.064651 0.027995
vt 0.072415 0.031357
vt 0.477543 0.909550
vt 0.769742 0.001105
vt 0.011149 0.219925
vt 0.397387 0.775975
vt 0.400059 0.787523
vt 0.259071 0.787818
vt 0.256916 0.777893
vt 0.067294 0.757806
vt 0.303247 0.888463
vt 0.911149 0.747608
vt 0.900633 0.716738
vt 0.332217 0.190721
vt 0.527513 0.357879
vt 0.544391 0.392013
vt 0.517938 0.350938
vt 0.677430 0.775453
vt 0.759801 0.434310
vt 0.453913 0.833920
vt 0.826232 0.675233
vt 0.835699 0.675821
vt 0.368695 0.478990
vt 0.356656 0.483272
vt 0.945220 0.674332
vt 0.938107 0.686904
vt 0.449889 0.033729
vt 0.441894 0.000072
vt 0.459258 0.007059
vt 0.464148 0.033628
vt 0.426640 0.004661
vt 0.439596 0.042976
vt 0.056485 0.837704
vt 0.046958 0.837077
vt 0.068615 0.838787
vt 0.554287 0.671589
vt 0.550368 0.662072
vt 0.121449 0.485016
vt 0.408049 0.574959
vt 0.428724 0.575323
vt 0.929615 0.814203
vt 0.335742 0.985116
vt 0.331498 0.978804
vt 0.341203 0.995848
vt 0.324672 0.993497
vt 0.148543 0.003695
vt 0.179542 0.003695
vt 0.153512 0.015604
vt 0.054873 0.107309
vt 0.889929 0.924834
vt 0.159585 0.182714
vt 0.177205 0.163791
vt 0.185097 0.178949
vt 0.710565 0.828116
vt 0.534431 0.948990
vt 0.967745 0.717261
vt 0.282882 0.473764
vt 0.255860 0.465248
vt 0.992163 0.590545
vt 0.967544 0.589862
vt 0.261388 0.459142
vt 0.090632 0.774757
vt 0.084325 0.756751
vt 0.185755 0.944739
vt 0.928250 0.530859
vt 0.925855 0.515743
vt 0.514464 0.252499
vt 0.512359 0.260509
vt 0.936935 0.226628
vt 0.455623 0.233800
vt 0.470156 0.223553
vt 0.373893 0.329143
vt 0.388149 0.318480
vt 0.361347 0.344494
vt 0.355422 0.523134
vt 0.972915 0.293474
vt 0.963062 0.282991
vt 0.988277 0.273063
vt 0.855476 0.174524
vt 0.613227 0.219740
vt 0.630935 0.219391
vt 0.612354 0.232863
vt 0.595162 0.229914
vt 0.682148 0.046546
vt 0.199490 0.044379
vt 0.295723 0.591505
vt 0.260827 0.968084
vt 0.009533 0.371875
vt 0.892016 0.407089
vt 0.813748 0.308149
vt 0.823206 0.295444
vt 0.970828 0.476922
vt 0.971260 0.490320
vt 0.975030 0.452128
vt 0.363103 0.964458
vt 0.348475 0.971918
vt 0.375445 0.961078
vt 0.927952 0.565395
vt 0.917680 0.161345
vt 0.112583 0.570497
vt 0.018429 0.901985
vt 0.018315 0.908406
vt 0.733714 0.066923
vt 0.974092 0.979594
vt 0.959294 0.999424
vt 0.046201 0.577649
vt 0.812897 0.943504
vt 0.361087 0.502223
vt 0.211424 0.367441
vt 0.209372 0.349948
vt 0.223434 0.356951
vt 0.200441 0.368830
vt 0.230426 0.363054
vt 0.072361 0.412425
vt 0.784742 0.129370
vt 0.779852 0.126947
vt 0.744158 0.720592
vt 0.486546 0.059042
vt 0.474779 0.069497
vt 0.854649 0.529779
vt 0.798175 0.055820
vt 0.736000 0.120548
vt 0.961291 0.746100
vt 0.712419 0.551070
vt 0.374130 0.277654
vt 0.635102 0.102478
vt 0.639510 0.070005
vt 0.647349 0.101665
vt 0.042630 0.033840
vt 0.953834 0.654379
vt 0.949524 0.662840
vt 0.948786 0.681027
vt 0.034945 0.274757
vt 0.036395 0.782765
vt 0.039283 0.804490
vt 0.839643 0.127789
vt 0.266642 0.148064
vt 0.824059 0.108809
vt 0.840031 0.092068
vt 0.243138 0.283067
vt 0.460935 0.167547
vt 0.402260 0.887829
vt 0.817281 0.483110
vt 0.754989 0.290912
vt 0.331403 0.233747
vt 0.771760 0.297453
vt 0.388429 0.082729
vt 0.728597 0.612759
vt 0.724789 0.592788
vt 0.425082 0.045129
vt 0.413454 0.011031
vt 0.084734 0.831329
vt 0.070987 0.829705
vt 0.791551 0.862460
vt 0.773474 0.861383
vt 0.783919 0.844383
vt 0.792566 0.883794
vt 0.780128 0.882860
vt 0.672881 0.200697
vt 0.682286 0.206925
vt 0.863889 0.510976
vt 0.512357 0.884934
vt 0.701407 0.332610
vt 0.840348 0.577988
vt 0.622079 0.565519
vt 0.261113 0.365777
vt 0.654484 0.226744
vt 0.314941 0.541986
vt 0.103412 0.115255
vt 0.829497 0.572810
vt 0.937113 0.156658
vt 0.765660 0.807667
vt 0.738251 0.816950
vt 0.331620 0.640851
vt 0.327938 0.649059
vt 0.281940 0.636051
vt 0.484961 0.711189
vt 0.516849 0.711599
vt 0.183361 0.696965
vt 0.020018 0.069545
vt 0.918317 0.455634
vt 0.938275 0.475629
vt 0.777015 0.080323
vt 0.719587 0.791043
vt 0.710798 0.804450
vt 0.888727 0.777826
vt 0.017422 0.069000
vt 0.789303 0.484808
vt 0.046610 0.863901
vt 0.045657 0.873824
vt 0.033041 0.852221
vt 0.613633 0.554368
vt 0.436859 0.108245
vt 0.041166 0.844499
vt 0.023875 0.333006
vt 0.339791 0.039483
vt 0.344025 0.061291
vt 0.330774 0.043509
vt 0.350923 0.049885
vt 0.326764 0.023115
vt 0.163222 0.997991
vt 0.637909 0.160643
vt 0.170296 0.213621
vt 0.835445 0.770280
vt 0.157797 0.858088
vt 0.966478 0.874728
vt 0.056363 0.098695
vt 0.243307 0.613242
vt 0.214554 0.578829
vt 0.974664 0.713928
vt 0.972463 0.703538
vt 0.210983 0.999923
vt 0.224985 0.994942
vt 0.614731 0.054656
vt 0.303029 0.257884
vt 0.513431 0.066826
vt 0.533569 0.074863
vt 0.531381 0.086555
vt 0.932671 0.472393
vt 0.928846 0.495047
vt 0.090032 0.542276
vt 0.106700 0.536722
vt 0.303028 0.230948
vt 0.311956 0.209097
vt 0.930878 0.534426
vt 0.548757 0.716708
vt 0.521968 0.729591
vt 0.266162 0.320763
vt 0.684104 0.437114
vt 0.303233 0.376375
vt 0.669488 0.434663
vt 0.929550 0.781522
vt 0.955131 0.760575
vt 0.095406 0.763841
vt 0.193404 0.179593
vt 0.013809 0.760742
vt 0.765716 0.969549
vt 0.917369 0.041546
vt 0.928794 0.040860
vt 0.148266 0.871573
vt 0.143409 0.911100
vt 0.034399 0.612089
vt 0.776503 0.038083
vt 0.770527 0.020335
vt 0.137034 0.358814
vt 0.966271 0.560705
vt 0.961306 0.575439
vt 0.958369 0.549217
vt 0.357037 0.104371
vt 0.523655 0.512870
vt 0.037797 0.441153
vt 0.905188 0.411174
vt 0.759367 0.852678
vt 0.737652 0.857724
vt 0.788365 0.369408
vt 0.795713 0.384062
vt 0.778185 0.374040
vt 0.111268 0.023752
vt 0.122234 0.025175
vt 0.115645 0.038071
vt 0.816360 0.313365
vt 0.816777 0.319284
vt 0.174659 0.759925
vt 0.191829 0.745576
vt 0.191260 0.757300
vt 0.191026 0.933044
vt 0.831962 0.509411
vt 0.720480 0.201812
vt 0.022735 0.912654
vt 0.028176 0.917145
vt 0.817187 0.325823
vt 0.007854 0.131400
vt 0.631457 0.184160
vt 0.940722 0.891456
vt 0.956018 0.881757
vt 0.952685 0.894916
vt 0.943532 0.876273
vt 0.017574 0.851475
vt 0.319696 0.062928
vt 0.325738 0.062802
vt 0.140892 0.461829
vt 0.275491 0.027725
vt 0.908152 0.994183
vt 0.778477 0.767452
vt 0.504722 0.951349
vt 0.482073 0.989302
vt 0.353630 0.507607
vt 0.642770 0.894444
vt 0.821193 0.861862
vt 0.855967 0.872135
vt 0.506826 0.903581
vt 0.490983 0.900077
vt 0.847833 0.556759
vt 0.770161 0.122174
vt 0.038074 0.172813
vt 0.379030 0.805330
vt 0.373210 0.794259
vt 0.438862 0.183274
vt 0.937380 0.497221
vt 0.226279 0.018751
vt 0.189668 0.018751
vt 0.193834 0.007150
vt 0.953392 0.294918
vt 0.961819 0.253793
vt 0.973701 0.694701
vt 0.082808 0.839902
vt 0.035176 0.836774
vt 0.822905 0.071834
vt 0.036729 0.580281
vt 0.118124 0.078058
vt 0.372840 0.095453
vt 0.939754 0.095806
vt 0.256250 0.835417
vt 0.146913 0.297028
vt 0.117476 0.306076
vt 0.977629 0.351572
vt 0.110837 0.306434
vt 0.154641 0.316627
vt 0.628340 0.521777
vt 0.615607 0.526208
vt 0.619851 0.718198
vt 0.540374 0.323280
vt 0.370502 0.061773
vt 0.995250 0.791178
vt 0.956767 0.846946
vt 0.221721 0.234991
vt 0.245228 0.309735
vt 0.579670 0.055847
vt 0.859036 0.309701
vt 0.044045 0.121274
vt 0.527883 0.509736
vt 0.501471 0.476014
vt 0.582459 0.132504
vt 0.538485 0.002480
vt 0.540552 0.007600
vt 0.023994 0.910735
vt 0.026920 0.901545
vt 0.029025 0.913927
vt 0.949132 0.583179
vt 0.956338 0.587178
vt 0.325387 0.998011
vt 0.474041 0.847247
vt 0.483772 0.849288
vt 0.035698 0.440094
vt 0.919665 0.223445
vt 0.328594 0.924092
vt 0.334554 0.933196
vt 0.035909 0.968027
vt 0.994829 0.176083
vt 0.822445 0.350000
vt 0.604139 0.348666
vt 0.511083 0.132831
vt 0.023571 0.629178
vt 0.033875 0.615438
vt 0.157619 0.104986
vt 0.948745 0.151855
vt 0.149425 0.591243
vt 0.142177 0.606845
vt 0.770161 0.838751
vt 0.581230 0.912429
vt 0.264283 0.612574
vt 0.276294 0.650520
vt 0.940385 0.386267
vt 0.247126 0.729069
vt 0.254824 0.736585
vt 0.256849 0.775949
vt 0.270491 0.262081
vt 0.063982 0.958704
vt 0.253700 0.000680
vt 0.070010 0.943709
vt 0.284116 0.266909
vt 0.805444 0.976068
vt 0.783488 0.974950
vt 0.789878 0.960353
vt 0.357818 0.552957
vt 0.021247 0.440014
vt 0.016154 0.434819
vt 0.241690 0.372740
vt 0.232380 0.376039
vt 0.264556 0.743736
vt 0.389469 0.071816
vt 0.253283 0.333367
vt 0.724945 0.845387
vt 0.710718 0.822565
vt 0.898690 0.507601
vt 0.660773 0.971801
vt 0.057501 0.080181
vt 0.744089 0.298364
vt 0.976506 0.371440
vt 0.481526 0.188958
vt 0.033431 0.914450
vt 0.765722 0.147605
vt 0.466396 0.184594
vt 0.477350 0.191524
vt 0.771246 0.827021
vt 0.680203 0.791599
vt 0.709145 0.978743
vt 0.596490 0.400213
vt 0.464367 0.942592
vt 0.590809 0.412898
vt 0.805894 0.959295
vt 0.392163 0.019653
vt 0.463322 0.905062
vt 0.314511 0.291385
vt 0.267174 0.150464
vt 0.253984 0.637194
vt 0.324351 0.655395
vt 0.453176 0.090541
vt 0.553124 0.645873
vt 0.629814 0.239188
vt 0.847202 0.076970
vt 0.134121 0.429657
vt 0.178241 0.223396
vt 0.327472 0.768679
vt 0.372679 0.011505
vt 0.384945 0.601619
vt 0.485813 0.910563
vt 0.403616 0.650420
vt 0.966982 0.682796
vt 0.974655 0.684909
vt 0.973026 0.692974
vt 0.963330 0.535807
vt 0.958966 0.547598
vt 0.929085 0.442672
vt 0.494517 0.514582
vt 0.151416 0.833167
vt 0.260496 0.429302
vt 0.169418 0.158330
vt 0.325237 0.924614
vt 0.208593 0.745040
vt 0.955253 0.449373
vt 0.979761 0.451796
vt 0.586819 0.054361
vt 0.963653 0.579317
vt 0.230122 0.609155
vt 0.720781 0.974482
vt 0.544728 0.075263
vt 0.716744 0.956988
vt 0.675134 0.607347
vt 0.911981 0.885563
vt 0.146009 0.413728
vt 0.473070 0.194098
vt 0.940914 0.619875
vt 0.188728 0.019224
vt 0.155102 0.019224
vt 0.181058 0.004138
vt 0.566328 0.990842
vt 0.924505 0.692687
vt 0.180704 0.687505
vt 0.225756 0.656987
vt 0.265039 0.282147
vt 0.155778 0.576306
vt 0.779046 0.903875
vt 0.448591 0.439171
vt 0.049500 0.800842
vt 0.476870 0.951370
vt 0.996210 0.887348
vt 0.027710 0.182404
vt 0.754898 0.472891
vt 0.048474 0.200976
vt 0.977139 0.684663
vt 0.977134 0.792224
vt 0.965445 0.590436
vt 0.832936 0.723755
vt 0.454851 0.102184
vt 0.153689 0.019174
vt 0.126656 0.010391
vt 0.146839 0.005711
vt 0.440155 0.108638
vt 0.738383 0.888084
vt 0.611831 0.956029
vt 0.319340 0.938308
vt 0.171985 0.167446
vt 0.034130 0.959881
vt 0.931893 0.806950
vt 0.928446 0.814409
vt 0.046530 0.076818
vt 0.524223 0.901152
vt 0.932684 0.081344
vt 0.293734 0.089333
vt 0.204302 0.936593
vt 0.257300 0.058240
vt 0.845167 0.420920
vt 0.794197 0.572377
vt 0.968918 0.824748
vt 0.364412 0.022902
s 1
usemtl Material
f 1/1/1 2/2/2 3/3/3
f 1/1/1 4/4/4 5/5/5
f 1/1/1 6/6/6 7/7/7
f 1/1/1 5/5/5 6/6/6
f 1/1/1 3/3/3 4/4/4
f 1/1/1 7/7/7 2/2/2
f 8/8/8 9/9/9 10/10/10
f 8/8/8 11/11/11 12/12/12
f 8/8/8 13/13/13 14/14/14
f 8/8/8 10/10/10 11/11/11
f 8/8/8 12/12/12 13/13/13
f 8/8/8 14/14/14 9/9/9
f 15/15/15 16/16/16 17/17/17
f 15/15/15 18/18/18 19/19/19
f 15/15/15 17/17/17 20/20/20
f 15/15/15 20/20/20 21/21/21
f 15/15/15 19/19/19 16/16/16
f 15/15/15 21/21/21 18/18/18
f 22/22/22 23/23/23 24/24/24
f 22/25/22 24/26/24 25/27/25
f 22/28/22 26/29/26 23/30/23
f 22/28/22 27/31/27 28/32/28
f 22/28/22 25/33/25 27/31/27
f 22/28/22 28/32/28 26/29/26
f 29/34/29 30/35/30 31/36/31
f 29/37/29 32/38/32 30/39/30
f 29/37/29 33/40/33 34/41/34
f 29/37/29 34/41/34 32/38/32
f 29/37/29 31/42/31 33/40/33
f 35/43/35 36/44/36 37/45/37
f 35/43/35 38/46/38 36/44/36
f 35/43/35 39/47/39 38/46/38
f 35/43/35 40/48/40 39/47/39
f 35/43/35 41/49/41 40/48/40
f 35/43/35 37/45/37 41/49/41
f 42/50/42 43/51/43 44/52/44
f 42/50/42 45/53/45 43/51/43
f 42/50/42 46/54/46 47/55/47
f 42/56/42 44/57/44 48/58/48
f 42/59/42 49/60/49 46/61/46
f 42/50/42 47/55/47 50/62/50
f 42/50/42 50/62/50 45/53/45
f 42/59/42 48/63/48 49/60/49
f 51/64/51 52/65/52 53/66/53
f 51/64/51 54/67/54 52/65/52
f 51/64/51 53/66/53 55/68/55
f 56/69/56 57/70/57 58/71/58
f 56/72/56 59/73/59 57/74/57
f 56/75/56 58/76/58 60/77/60
f 56/75/56 60/77/60 61/78/61
f 56/75/56 62/79/62 59/80/59
f 56/75/56 61/78/61 62/79/62
f 63/81/63 64/82/64 65/83/65
f 63/81/63 66/84/66 67/85/67
f 63/81/63 65/83/65 66/84/66
f 68/86/68 69/87/69 70/88/70
f 68/89/68 70/90/70 71/91/71
f 68/86/68 72/92/72 73/93/73
f 68/86/68 74/94/74 69/87/69
f 68/86/68 73/93/73 74/94/74
f 68/89/68 71/91/71 72/95/72
f 75/96/75 76/97/76 77/98/77
f 75/99/75 78/100/78 79/101/79
f 75/102/75 79/103/79 80/104/80
f 75/102/75 80/104/80 76/105/76
f 75/106/75 77/107/77 78/108/78
f 81/109/81 82/110/82 83/111/83
f 81/109/81 84/112/84 85/113/85
f 81/109/81 85/113/85 86/114/86
f 81/109/81 87/115/87 84/112/84
f 81/109/81 83/111/83 87/115/87
f 81/109/81 86/114/86 82/110/82
f 88/116/88 89/117/89 90/118/90
f 88/119/88 91/120/91 92/121/92
f 88/119/88 92/121/92 89/122/89
f 88/116/88 90/118/90 93/123/93
f 88/116/88 93/123/93 94/124/94
f 88/125/88 94/126/94 91/127/91
f 95/128/95 96/129/96 97/130/97
f 95/128/95 98/131/98 99/132/99
f 95/128/95 100/133/100 98/131/98
f 95/128/95 99/132/99 96/129/96
f 95/128/95 101/134/101 100/133/100
f 95/128/95 97/130/97 101/134/101
f 102/135/102 103/136/103 104/137/104
f 102/138/102 105/139/105 106/140/106
f 102/135/102 106/141/106 107/142/107
f 102/138/102 104/143/104 108/144/108
f 102/138/102 108/144/108 105/139/105
f 102/135/102 107/142/107 103/136/103
f 109/145/109 110/146/110 111/147/111
f 109/145/109 112/148/112 113/149/113
f 109/145/109 111/147/111 112/148/112
f 109/145/109 113/149/113 114/150/114
f 109/151/109 114/152/114 115/153/115
f 109/145/109 115/154/115 110/146/110
f 116/155/116 117/156/117 118/157/118
f 116/155/116 119/158/119 120/159/120
f 116/155/116 118/157/118 119/158/119
f 116/155/116 121/160/121 117/156/117
f 116/155/116 120/159/120 122/161/122
f 116/155/116 122/161/122 121/160/121
f 123/162/123 124/163/124 125/164/125
f 123/162/123 126/165/126 127/166/127
f 123/162/123 128/167/128 124/163/124
f 123/168/123 129/169/129 126/170/126
f 123/162/123 127/166/127 128/167/128
f 123/168/123 125/171/125 129/169/129
f 130/172/130 131/173/131 132/174/132
f 130/172/130 132/174/132 133/175/133
f 130/172/130 133/175/133 134/176/134
f 135/177/135 136/178/136 137/179/137
f 135/180/135 46/181/46 138/182/138
f 135/180/135 137/183/137 46/181/46
f 135/184/135 138/185/138 139/186/139
f 135/187/135 139/188/139 136/189/136
f 140/190/140 141/191/141 142/192/142
f 140/190/140 142/192/142 143/193/143
f 140/190/140 144/194/144 145/195/145
f 140/190/140 143/193/143 146/196/146
f 140/190/140 145/195/145 141/191/141
f 140/190/140 146/196/146 144/194/144
f 147/197/147 148/198/148 149/199/149
f 147/200/147 150/201/150 151/202/151
f 147/200/147 152/203/152 148/204/148
f 147/200/147 149/205/149 150/201/150
f 147/200/147 153/206/153 152/203/152
f 147/200/147 151/202/151 153/206/153
f 154/207/154 155/208/155 156/209/156
f 154/210/154 156/211/156 157/212/157
f 154/207/154 158/213/158 155/208/155
f 154/207/154 159/214/159 160/215/160
f 154/207/154 160/215/160 158/213/158
f 154/207/154 157/216/157 159/214/159
f 161/217/161 162/218/162 163/219/163
f 161/220/161 164/221/164 165/222/165
f 161/220/161 163/223/163 166/224/166
f 161/217/161 167/225/167 162/218/162
f 161/220/161 166/224/166 164/221/164
f 161/220/161 165/222/165 167/226/167
f 168/227/168 169/228/169 170/229/170
f 168/227/168 171/230/171 172/231/172
f 168/227/168 173/232/173 174/233/174
f 168/227/168 170/229/170 173/232/173
f 168/227/168 172/231/172 169/228/169
f 168/227/168 174/233/174 171/230/171
f 175/234/175 176/235/176 177/236/177
f 175/237/175 178/238/178 176/239/176
f 175/234/175 179/240/179 180/241/180
f 175/237/175 181/242/181 178/238/178
f 175/234/175 180/241/180 182/243/182
f 175/234/175 177/236/177 179/240/179
f 175/234/175 182/243/182 181/244/181
f 183/245/183 184/246/184 185/247/185
f 183/245/183 186/248/186 187/249/187
f 183/245/183 185/247/185 186/248/186
f 183/245/183 187/249/187 188/250/188
f 183/245/183 188/250/188 184/246/184
f 189/251/189 190/252/190 191/253/191
f 189/254/189 192/255/192 193/256/193
f 189/251/189 194/257/194 195/258/195
f 189/251/189 193/259/193 190/252/190
f 189/251/189 195/258/195 192/260/192
f 189/251/189 191/253/191 194/257/194
f 196/261/196 197/262/197 198/263/198
f 196/261/196 199/264/199 200/265/200
f 196/261/196 198/263/198 201/266/201
f 196/267/196 201/268/201 199/269/199
f 196/261/196 200/265/200 197/262/197
f 202/270/202 203/271/203 204/272/204
f 202/270/202 205/273/205 206/274/206
f 202/270/202 207/275/207 203/271/203
f 202/270/202 204/272/204 208/276/208
f 202/270/202 206/274/206 207/275/207
f 202/270/202 208/276/208 205/273/205
f 209/277/209 210/278/210 211/279/211
f 209/277/209 211/279/211 212/280/212
f 209/277/209 213/281/213 214/282/214
f 209/277/209 215/283/215 210/278/210
f 209/277/209 214/282/214 215/283/215
f 209/277/209 212/280/212 213/281/213
f 216/284/216 217/285/217 218/286/218
f 216/284/216 219/287/219 220/288/220
f 216/284/216 221/289/221 222/290/222
f 216/284/216 218/286/218 219/287/219
f 216/284/216 223/291/223 221/289/221
f 216/284/216 222/290/222 217/285/217
f 216/284/216 220/288/220 223/291/223
f 224/292/224 225/293/225 226/294/226
f 224/292/224 226/294/226 227/295/227
f 224/292/224 227/295/227 228/296/228
f 224/292/224 228/296/228 229/297/229
f 224/292/224 229/297/229 225/293/225
f 230/298/230 231/299/231 232/300/232
f 230/298/230 232/300/232 233/301/233
f 230/298/230 233/301/233 234/302/234
f 230/298/230 235/303/235 231/299/231
f 230/298/230 234/302/234 235/303/235
f 236/304/236 237/305/237 238/306/238
f 236/304/236 239/307/239 240/308/240
f 236/304/236 241/309/241 239/307/239
f 236/304/236 238/306/238 241/309/241
f 236/304/236 240/308/240 237/305/237
f 242/310/242 243/311/243 244/312/244
f 242/310/242 244/312/244 245/313/245
f 242/314/242 246/315/246 247/316/247
f 242/310/242 248/317/248 246/318/246
f 242/310/242 247/319/247 249/320/249
f 242/310/242 245/313/245 248/317/248
f 242/310/242 249/320/249 243/311/243
f 250/321/250 251/322/251 252/323/252
f 250/321/250 253/324/253 254/325/254
f 250/321/250 254/325/254 255/326/255
f 250/327/250 252/328/252 256/329/256
f 250/321/250 256/330/256 257/331/257
f 250/321/250 255/326/255 251/322/251
f 250/321/250 257/331/257 253/324/253
f 258/332/258 259/333/259 260/334/260
f 258/332/258 261/335/261 262/336/262
f 258/332/258 262/336/262 263/337/263
f 258/332/258 263/337/263 259/333/259
f 258/332/258 260/334/260 261/335/261
f 264/338/264 265/339/265 266/340/266
f 264/338/264 267/341/267 268/342/268
f 264/338/264 268/342/268 269/343/269
f 264/338/264 270/344/270 267/341/267
f 264/345/264 266/346/266 270/347/270
f 264/338/264 269/343/269 265/339/265
f 271/348/271 272/349/272 273/350/273
f 271/348/271 273/350/273 274/351/274
f 271/352/271 275/353/275 276/354/276
f 271/352/271 276/354/276 277/355/277
f 271/356/271 274/357/274 275/358/275
f 271/352/271 277/355/277 272/359/272
f 278/360/278 279/361/279 280/362/280
f 278/363/278 280/364/280 281/365/281
f 282/366/282 283/367/283 284/368/284
f 282/366/282 284/368/284 285/369/285
f 282/366/282 286/370/286 287/371/287
f 282/366/282 285/369/285 286/370/286
f 282/366/282 287/371/287 283/367/283
f 288/372/288 289/373/289 290/374/290
f 288/372/288 291/375/291 292/376/292
f 288/372/288 292/376/292 289/373/289
f 288/372/288 290/374/290 293/377/293
f 294/378/294 295/379/295 296/380/296
f 294/378/294 297/381/297 295/379/295
f 294/378/294 298/382/298 297/381/297
f 294/378/294 296/380/296 299/383/299
f 294/378/294 300/384/300 298/382/298
f 294/378/294 299/383/299 300/384/300
f 301/385/301 302/386/302 303/387/303
f 301/385/301 303/387/303 304/388/304
f 301/385/301 304/388/304 305/389/305
f 301/385/301 305/389/305 306/390/306
f 301/385/301 307/391/307 302/386/302
f 301/385/301 306/390/306 307/391/307
f 308/392/308 309/393/309 310/394/310
f 308/392/308 310/394/310 311/395/311
f 312/396/312 313/397/313 314/398/314
f 312/396/312 314/398/314 315/399/315
f 312/396/312 316/400/316 317/401/317
f 312/396/312 315/399/315 318/402/318
f 312/396/312 317/401/317 313/397/313
f 312/396/312 318/402/318 316/400/316
f 319/403/319 320/404/320 321/405/321
f 319/403/319 219/406/219 322/407/322
f 319/403/319 323/408/323 220/409/220
f 319/403/319 322/407/322 320/404/320
f 319/403/319 220/409/220 219/406/219
f 319/403/319 321/405/321 323/408/323
f 324/410/324 325/411/325 326/412/326
f 324/413/324 327/414/327 227/295/227
f 324/410/324 326/412/326 328/415/328
f 324/413/324 227/295/227 325/416/325
f 329/417/329 330/418/330 331/419/331
f 329/420/329 332/421/332 333/422/333
f 329/417/329 334/423/334 330/418/330
f 329/420/329 331/424/331 335/425/335
f 329/420/329 335/425/335 332/421/332
f 329/417/329 333/426/333 334/423/334
f 336/427/336 337/428/337 338/429/338
f 336/430/336 339/431/339 340/432/340
f 336/430/336 340/432/340 341/433/341
f 336/430/336 342/434/342 339/431/339
f 336/427/336 341/435/341 337/428/337
f 336/427/336 338/429/338 342/436/342
f 343/437/343 344/438/344 345/439/345
f 343/440/343 346/441/346 347/442/347
f 343/443/343 30/444/30 348/445/348
f 343/440/343 345/446/345 346/441/346
f 343/447/343 347/448/347 349/449/349
f 343/443/343 350/450/350 30/444/30
f 343/451/343 348/452/348 344/453/344
f 343/454/343 349/455/349 350/456/350
f 351/457/351 352/458/352 353/459/353
f 351/460/351 353/461/353 354/462/354
f 351/463/351 198/263/198 355/464/355
f 351/463/351 354/465/354 198/263/198
f 351/457/351 356/466/356 352/458/352
f 351/457/351 355/467/355 356/466/356
f 357/468/357 358/469/358 359/470/359
f 357/471/357 360/472/360 361/473/361
f 357/468/357 362/474/362 358/469/358
f 357/471/357 361/473/361 363/475/363
f 357/471/357 364/476/364 360/472/360
f 357/477/357 363/478/363 362/479/362
f 357/468/357 359/470/359 364/480/364
f 365/481/365 366/482/366 367/483/367
f 365/481/365 368/484/368 369/485/369
f 365/481/365 367/483/367 368/484/368
f 365/481/365 369/485/369 370/486/370
f 365/487/365 370/488/370 371/489/371
f 365/487/365 371/489/371 366/490/366
f 372/491/372 373/492/373 374/493/374
f 372/491/372 375/494/375 376/495/376
f 372/491/372 377/496/377 373/492/373
f 372/491/372 374/493/374 375/494/375
f 372/491/372 376/495/376 377/496/377
f 378/497/378 120/159/120 119/158/119
f 378/497/378 379/498/379 380/499/380
f 378/497/378 380/499/380 120/159/120
f 381/500/381 382/501/382 383/502/383
f 381/500/381 383/502/383 384/503/384
f 381/500/381 384/503/384 385/504/385
f 381/500/381 385/504/385 382/501/382
f 386/505/386 387/506/387 388/507/388
f 386/505/386 388/507/388 389/508/389
f 386/505/386 390/509/390 391/510/391
f 386/505/386 392/511/392 387/506/387
f 386/505/386 391/510/391 392/511/392
f 386/505/386 389/508/389 390/509/390
f 393/512/393 394/513/394 395/514/395
f 393/515/393 396/516/396 397/517/397
f 393/515/393 398/518/398 396/516/396
f 393/519/393 395/520/395 399/521/399
f 393/515/393 399/522/399 398/518/398
f 393/512/393 397/523/397 394/513/394
f 96/129/96 400/524/400 97/130/97
f 96/525/96 401/526/401 402/527/402
f 96/525/96 99/528/99 401/526/401
f 96/525/96 402/527/402 400/529/400
f 403/530/403 404/531/404 405/532/405
f 403/530/403 405/532/405 406/533/406
f 403/530/403 407/534/407 404/531/404
f 403/530/403 406/533/406 408/535/408
f 403/530/403 408/535/408 409/536/409
f 403/530/403 409/536/409 410/537/410
f 403/530/403 410/537/410 407/534/407
f 411/538/411 412/539/412 413/540/413
f 411/538/411 413/540/413 414/541/414
f 411/542/411 415/543/415 416/544/416
f 411/542/411 417/545/417 412/546/412
f 411/542/411 416/544/416 417/545/417
f 411/538/411 414/541/414 415/547/415
f 418/548/418 419/549/419 420/550/420
f 418/551/418 421/552/421 422/553/422
f 418/554/418 420/555/420 423/556/423
f 418/554/418 424/557/424 421/558/421
f 418/551/418 422/553/422 419/559/419
f 418/554/418 423/556/423 424/557/424
f 425/560/425 426/561/426 427/562/427
f 425/563/425 427/564/427 428/565/428
f 425/566/425 429/567/429 430/568/430
f 425/566/425 431/569/431 426/570/426
f 425/566/425 430/568/430 431/569/431
f 425/563/425 428/565/428 429/571/429
f 432/572/432 433/573/433 434/574/434
f 432/575/432 435/576/435 436/577/436
f 432/575/432 437/578/437 438/579/438
f 432/572/432 434/574/434 435/580/435
f 432/575/432 436/577/436 437/578/437
f 432/575/432 438/579/438 433/581/433
f 439/582/439 440/583/440 441/584/441
f 439/582/439 316/400/316 442/585/442
f 439/582/439 443/586/443 316/400/316
f 439/582/439 441/584/441 444/587/444
f 439/582/439 442/585/442 440/583/440
f 439/582/439 444/587/444 443/586/443
f 445/588/445 446/589/446 447/590/447
f 445/591/445 448/592/448 449/593/449
f 445/594/445 450/595/450 446/596/446
f 445/591/445 451/597/451 450/598/450
f 445/588/445 447/590/447 448/599/448
f 445/591/445 449/593/449 452/600/452
f 445/591/445 452/600/452 451/597/451
f 453/601/453 454/602/454 455/603/455
f 453/601/453 456/604/456 457/605/457
f 453/601/453 458/606/458 454/602/454
f 453/601/453 459/607/459 460/608/460
f 453/601/453 457/605/457 459/607/459
f 453/601/453 455/603/455 456/604/456
f 453/601/453 460/608/460 458/606/458
f 461/609/461 462/610/462 463/611/463
f 461/609/461 464/612/464 462/610/462
f 461/609/461 465/613/465 466/614/466
f 461/609/461 467/615/467 465/613/465
f 461/609/461 466/614/466 464/612/464
f 461/609/461 463/611/463 467/615/467
f 468/616/468 469/617/469 470/618/470
f 468/619/468 24/26/24 469/620/469
f 468/619/468 471/621/471 472/622/472
f 468/619/468 473/623/473 471/621/471
f 468/616/468 470/618/470 473/624/473
f 468/619/468 472/622/472 24/26/24
f 474/625/474 475/626/475 476/627/476
f 474/625/474 477/628/477 478/629/478
f 474/630/474 479/631/479 480/632/480
f 474/625/474 481/633/481 475/626/475
f 474/625/474 478/629/478 479/634/479
f 474/625/474 476/627/476 477/628/477
f 474/630/474 480/632/480 481/635/481
f 482/636/482 483/637/483 484/638/484
f 482/636/482 485/639/485 486/640/486
f 482/636/482 486/640/486 487/641/487
f 482/636/482 487/641/487 483/637/483
f 482/636/482 484/638/484 485/639/485
f 488/642/488 489/643/489 490/644/490
f 488/645/488 491/646/491 492/647/492
f 488/642/488 493/648/493 489/643/489
f 488/642/488 490/644/490 494/649/494
f 488/642/488 492/650/492 493/648/493
f 488/645/488 494/651/494 491/646/491
f 117/156/117 121/160/121 495/652/495
f 117/156/117 496/653/496 118/157/118
f 117/156/117 497/654/497 496/653/496
f 117/655/117 495/656/495 497/657/497
f 498/658/498 499/659/499 190/252/190
f 498/658/498 190/252/190 500/660/500
f 498/661/498 501/662/501 502/663/502
f 498/661/498 500/664/500 501/662/501
f 498/658/498 503/665/503 499/659/499
f 498/666/498 502/667/502 503/668/503
f 504/669/504 505/670/505 37/671/37
f 504/669/504 506/672/506 507/673/507
f 504/669/504 507/673/507 505/670/505
f 504/669/504 37/671/37 508/674/508
f 504/675/504 508/676/508 506/677/506
f 509/678/509 510/679/510 511/680/511
f 509/678/509 512/681/512 513/682/513
f 509/678/509 514/683/514 510/679/510
f 509/678/509 511/680/511 512/681/512
f 509/678/509 513/682/513 514/683/514
f 515/684/515 516/685/516 517/686/517
f 515/684/515 517/686/517 518/687/518
f 515/684/515 518/687/518 519/688/519
f 515/684/515 520/689/520 521/690/521
f 515/684/515 519/688/519 520/689/520
f 515/684/515 521/690/521 516/685/516
f 522/691/522 523/692/523 165/222/165
f 522/693/522 524/694/524 525/695/525
f 522/696/522 525/697/525 526/698/526
f 522/696/522 527/699/527 523/700/523
f 522/693/522 164/701/164 528/702/528
f 522/693/522 528/702/528 524/694/524
f 522/696/522 526/698/526 527/699/527
f 522/691/522 165/222/165 164/221/164
f 529/703/529 530/704/530 531/705/531
f 529/703/529 532/706/532 533/707/533
f 529/703/529 533/707/533 534/708/534
f 529/703/529 531/705/531 535/709/535
f 529/703/529 535/709/535 532/706/532
f 529/703/529 534/708/534 530/704/530
f 536/710/536 176/711/176 537/712/537
f 536/713/536 538/714/538 539/715/539
f 536/713/536 540/716/540 541/717/541
f 536/710/536 537/712/537 542/718/542
f 536/713/536 541/717/541 538/714/538
f 536/713/536 539/715/539 176/719/176
f 536/710/536 542/718/542 540/720/540
f 543/721/543 544/722/544 545/723/545
f 543/724/543 545/725/545 546/726/546
f 543/724/543 546/726/546 547/727/547
f 543/724/543 548/728/548 544/729/544
f 543/724/543 547/727/547 548/728/548
f 549/730/549 550/731/550 551/732/551
f 549/730/549 552/733/552 553/734/553
f 549/730/549 553/734/553 554/735/554
f 549/730/549 555/736/555 552/733/552
f 549/730/549 554/735/554 550/731/550
f 549/730/549 551/732/551 556/737/556
f 549/730/549 556/737/556 555/736/555
f 557/738/557 305/389/305 558/739/558
f 557/740/557 559/741/559 560/742/560
f 557/738/557 558/739/558 561/743/561
f 557/738/557 560/744/560 562/745/562
f 557/738/557 562/745/562 306/390/306
f 557/738/557 561/743/561 559/746/559
f 557/738/557 306/390/306 305/389/305
f 124/747/124 563/748/563 564/749/564
f 124/747/124 564/749/564 125/750/125
f 124/747/124 565/751/565 563/748/563
f 124/163/124 128/167/128 565/752/565
f 131/173/131 566/753/566 132/174/132
f 131/173/131 567/754/567 566/753/566
f 568/755/568 569/756/569 570/757/570
f 568/755/568 571/758/571 572/759/572
f 568/755/568 573/760/573 569/756/569
f 568/755/568 574/761/574 573/760/573
f 568/755/568 570/757/570 571/758/571
f 568/755/568 572/759/572 574/761/574
f 575/762/575 576/763/576 577/764/577
f 575/765/575 578/766/578 579/767/579
f 575/765/575 577/768/577 578/766/578
f 575/762/575 580/769/580 576/763/576
f 575/765/575 579/767/579 580/770/580
f 581/771/581 582/772/582 583/773/583
f 581/771/581 584/774/584 585/775/585
f 581/771/581 585/775/585 586/776/586
f 581/771/581 587/777/587 588/778/588
f 581/771/581 583/773/583 589/779/589
f 581/771/581 589/779/589 584/774/584
f 581/771/581 588/778/588 582/772/582
f 581/771/581 586/776/586 587/777/587
f 590/780/590 591/781/591 592/782/592
f 590/780/590 592/782/592 593/783/593
f 590/784/590 593/785/593 594/786/594
f 590/784/590 595/787/595 591/788/591
f 590/784/590 596/789/596 595/787/595
f 590/784/590 594/786/594 596/789/596
f 597/790/597 523/692/523 598/791/598
f 597/792/597 599/793/599 600/794/600
f 597/790/597 598/791/598 601/795/601
f 597/792/597 600/794/600 167/225/167
f 597/790/597 601/795/601 602/796/602
f 597/790/597 167/226/167 523/692/523
f 597/792/597 602/797/602 599/793/599
f 251/322/251 603/798/603 604/799/604
f 251/800/251 604/801/604 252/328/252
f 251/322/251 605/802/605 603/798/603
f 251/322/251 255/326/255 605/802/605
f 606/803/606 607/804/607 608/805/608
f 606/803/606 609/806/609 610/807/610
f 606/803/606 610/807/610 611/808/611
f 606/803/606 608/805/608 609/806/609
f 606/803/606 612/809/612 607/804/607
f 606/803/606 611/808/611 612/809/612
f 613/810/613 614/811/614 615/812/615
f 613/810/613 616/813/616 617/814/617
f 613/810/613 615/812/615 618/815/618
f 613/816/613 619/817/619 616/818/616
f 613/810/613 617/814/617 614/811/614
f 613/816/613 618/819/618 619/817/619
f 620/820/620 621/821/621 622/822/622
f 620/820/620 623/823/623 624/824/624
f 620/820/620 624/824/624 625/825/625
f 620/820/620 625/825/625 626/826/626
f 620/820/620 622/822/622 623/823/623
f 620/820/620 626/826/626 621/821/621
f 627/827/627 628/828/628 629/829/629
f 627/827/627 388/830/388 630/831/630
f 627/827/627 631/832/631 388/830/388
f 627/827/627 629/829/629 631/832/631
f 627/827/627 632/833/632 628/828/628
f 627/827/627 630/831/630 632/833/632
f 633/834/633 634/835/634 635/836/635
f 633/834/633 635/836/635 636/837/636
f 633/834/633 637/838/637 634/835/634
f 633/834/633 638/839/638 637/838/637
f 633/834/633 636/837/636 639/840/639
f 633/834/633 639/840/639 638/839/638
f 640/841/640 641/842/641 292/376/292
f 640/841/640 642/843/642 643/844/643
f 640/845/640 292/846/292 644/847/644
f 640/845/640 644/847/644 642/848/642
f 640/841/640 643/844/643 641/842/641
f 645/849/645 646/850/646 647/851/647
f 645/849/645 648/852/648 646/850/646
f 645/853/645 649/854/649 650/855/650
f 645/856/645 647/857/647 651/858/651
f 645/849/645 650/859/650 648/852/648
f 645/856/645 651/858/651 649/860/649
f 652/861/652 653/862/653 654/863/654
f 652/864/652 655/865/655 656/866/656
f 652/861/652 654/863/654 655/867/655
f 652/864/652 656/866/656 653/868/653
f 657/869/657 205/870/205 208/871/208
f 657/872/657 658/873/658 659/874/659
f 657/872/657 660/875/660 661/876/661
f 657/869/657 208/871/208 660/877/660
f 657/872/657 661/876/661 658/873/658
f 657/872/657 659/874/659 205/878/205
f 662/879/662 663/880/663 664/881/664
f 662/882/662 665/883/665 666/884/666
f 662/879/662 552/733/552 663/880/663
f 662/879/662 553/734/553 552/733/552
f 662/882/662 667/885/667 665/883/665
f 662/882/662 666/884/666 553/886/553
f 662/882/662 664/887/664 667/885/667
f 668/888/668 669/889/669 114/152/114
f 668/890/668 670/891/670 671/892/671
f 668/893/668 113/149/113 672/894/672
f 668/888/668 114/152/114 113/895/113
f 668/888/668 671/896/671 669/889/669
f 668/890/668 672/897/672 670/891/670
f 673/898/673 674/899/674 675/900/675
f 673/898/673 676/901/676 677/902/677
f 673/903/673 675/904/675 678/905/678
f 673/898/673 677/902/677 679/906/679
f 673/898/673 679/906/679 680/907/680
f 673/898/673 678/908/678 676/901/676
f 673/898/673 680/907/680 674/899/674
f 681/909/681 682/910/682 683/911/683
f 681/909/681 684/912/684 685/913/685
f 681/909/681 686/914/686 684/912/684
f 681/909/681 685/913/685 687/915/687
f 681/909/681 683/911/683 686/914/686
f 681/909/681 687/915/687 682/910/682
f 688/916/688 689/917/689 690/918/690
f 688/919/688 690/920/690 691/921/691
f 688/916/688 692/922/692 689/917/689
f 688/919/688 691/921/691 327/923/327
f 693/924/693 694/925/694 695/926/695
f 693/924/693 696/927/696 697/928/697
f 693/929/693 698/930/698 699/931/699
f 693/929/693 699/931/699 696/932/696
f 693/924/693 697/928/697 700/933/700
f 693/924/693 700/933/700 694/925/694
f 693/924/693 695/926/695 698/934/698
f 701/935/701 702/936/702 703/937/703
f 701/935/701 704/938/704 702/936/702
f 701/935/701 703/937/703 705/939/705
f 701/940/701 706/941/706 707/942/707
f 701/935/701 707/943/707 704/938/704
f 701/940/701 705/944/705 706/941/706
f 708/945/708 709/946/709 710/947/710
f 708/948/708 711/949/711 712/950/712
f 708/945/708 713/951/713 714/952/714
f 708/945/708 710/947/710 713/951/713
f 708/948/708 715/953/715 711/949/711
f 708/948/708 714/954/714 715/953/715
f 708/948/708 712/950/712 709/955/709
f 265/956/265 716/957/716 717/958/717
f 265/956/265 717/958/717 266/346/266
f 265/339/265 269/343/269 716/959/716
f 718/960/718 110/961/110 719/962/719
f 718/960/718 720/963/720 111/964/111
f 718/960/718 721/965/721 722/966/722
f 718/960/718 722/966/722 720/963/720
f 718/960/718 111/964/111 110/961/110
f 718/967/718 719/968/719 721/969/721
f 723/970/723 578/766/578 577/768/577
f 723/970/723 577/768/577 724/971/724
f 723/970/723 725/972/725 578/766/578
f 723/970/723 724/971/724 725/972/725
f 726/973/726 727/974/727 728/975/728
f 726/976/726 729/977/729 730/978/730
f 726/973/726 731/979/731 727/974/727
f 726/973/726 732/980/732 731/979/731
f 726/973/726 730/981/730 732/980/732
f 726/976/726 733/982/733 729/977/729
f 726/976/726 728/983/728 733/982/733
f 734/984/734 735/985/735 736/986/736
f 734/984/734 737/987/737 738/988/738
f 734/984/734 739/989/739 740/990/740
f 734/984/734 736/986/736 741/991/741
f 734/984/734 741/991/741 737/987/737
f 734/984/734 740/990/740 735/985/735
f 734/984/734 738/988/738 739/989/739
f 742/992/742 743/993/743 744/994/744
f 742/992/742 745/995/745 746/996/746
f 742/997/742 744/998/744 747/999/747
f 742/997/742 747/999/747 748/1000/748
f 742/992/742 746/996/746 743/993/743
f 742/997/742 748/1000/748 745/1001/745
f 653/862/653 749/1002/749 750/1003/750
f 653/862/653 751/1004/751 654/863/654
f 653/868/653 752/1005/752 749/1006/749
f 653/862/653 750/1003/750 751/1004/751
f 653/868/653 656/866/656 752/1005/752
f 454/602/454 753/1007/753 455/603/455
f 454/602/454 458/606/458 753/1007/753
f 754/1008/754 755/1009/755 756/1010/756
f 754/1008/754 756/1010/756 757/1011/757
f 754/1008/754 757/1011/757 758/1012/758
f 754/1008/754 108/144/108 759/1013/759
f 754/1008/754 759/1013/759 755/1009/755
f 754/1008/754 758/1012/758 760/1014/760
f 754/1008/754 760/1014/760 108/144/108
f 761/1015/761 762/1016/762 763/1017/763
f 761/1015/761 763/1017/763 764/1018/764
f 761/1019/761 765/1020/765 766/1021/766
f 761/1015/761 764/1018/764 765/1022/765
f 761/1019/761 766/1021/766 762/1023/762
f 9/9/9 767/1024/767 10/10/10
f 9/9/9 768/1025/768 769/1026/769
f 9/9/9 770/1027/770 767/1024/767
f 9/9/9 769/1026/769 770/1027/770
f 9/9/9 14/14/14 768/1025/768
f 771/1028/771 772/1029/772 773/1030/773
f 771/1028/771 773/1030/773 774/1031/774
f 771/1028/771 775/1032/775 772/1029/772
f 771/1033/771 774/1034/774 776/1035/776
f 771/1033/771 776/1035/776 775/1036/775
f 777/1037/777 778/1038/778 779/1039/779
f 777/1037/777 314/1040/314 780/1041/780
f 777/1037/777 781/1042/781 782/1043/782
f 777/1037/777 779/1039/779 314/1040/314
f 777/1037/777 780/1041/780 781/1042/781
f 777/1037/777 782/1043/782 778/1038/778
f 499/659/499 191/253/191 190/252/190
f 499/659/499 503/665/503 671/892/671
f 499/659/499 671/892/671 783/1044/783
f 499/659/499 783/1044/783 191/253/191
f 784/1045/784 785/1046/785 786/1047/786
f 784/1045/784 787/1048/787 788/1049/788
f 784/1045/784 788/1049/788 785/1046/785
f 784/1045/784 789/1050/789 787/1048/787
f 784/1045/784 786/1047/786 789/1050/789
f 790/1051/790 791/1052/791 792/1053/792
f 790/1051/790 793/1054/793 794/1055/794
f 790/1051/790 795/1056/795 793/1054/793
f 790/1051/790 792/1053/792 795/1056/795
f 790/1051/790 794/1055/794 791/1052/791
f 796/1057/796 797/1058/797 798/1059/798
f 796/1057/796 799/1060/799 519/688/519
f 796/1057/796 800/1061/800 797/1058/797
f 796/1057/796 801/1062/801 802/1063/802
f 796/1057/796 518/687/518 800/1061/800
f 796/1057/796 519/688/519 518/687/518
f 796/1057/796 798/1059/798 801/1062/801
f 796/1057/796 802/1063/802 799/1060/799
f 803/1064/803 571/758/571 804/1065/804
f 803/1066/803 805/1067/805 572/1068/572
f 803/1069/803 806/1070/806 807/1071/807
f 803/1069/803 804/1072/804 806/1070/806
f 803/1066/803 807/1073/807 805/1067/805
f 803/1064/803 572/759/572 571/758/571
f 808/1074/808 809/1075/809 810/1076/810
f 808/1074/808 811/1077/811 809/1075/809
f 808/1078/808 812/1079/812 811/1080/811
f 808/1074/808 810/1076/810 813/1081/813
f 808/1074/808 813/1081/813 814/1082/814
f 808/1083/808 815/1084/815 812/1085/812
f 808/1074/808 814/1082/814 815/1086/815
f 816/1087/816 817/1088/817 818/1089/818
f 816/1087/816 819/1090/819 817/1088/817
f 816/1091/816 585/775/585 820/1092/820
f 816/1091/816 818/1093/818 585/775/585
f 816/1094/816 820/1095/820 819/1096/819
f 821/1097/821 591/1098/591 822/1099/822
f 821/1097/821 822/1099/822 823/1100/823
f 821/1097/821 824/1101/824 825/1102/825
f 821/1097/821 825/1102/825 591/1098/591
f 821/1097/821 823/1100/823 826/1103/826
f 821/1097/821 826/1103/826 824/1101/824
f 743/993/743 746/996/746 827/1104/827
f 743/993/743 828/1105/828 829/1106/829
f 743/993/743 829/1106/829 744/994/744
f 743/993/743 830/1107/830 828/1105/828
f 743/993/743 827/1104/827 830/1107/830
f 603/798/603 831/1108/831 832/1109/832
f 603/798/603 605/802/605 833/1110/833
f 603/798/603 832/1109/832 604/799/604
f 603/798/603 833/1110/833 831/1108/831
f 834/1111/834 835/1112/835 836/1113/836
f 834/1111/834 837/1114/837 612/809/612
f 834/1111/834 612/809/612 611/808/611
f 834/1111/834 836/1113/836 837/1114/837
f 834/1115/834 611/1116/611 835/1117/835
f 838/1118/838 839/1119/839 840/1120/840
f 838/1118/838 841/1121/841 842/1122/842
f 838/1118/838 843/1123/843 839/1119/839
f 838/1118/838 840/1120/840 841/1121/841
f 838/1118/838 842/1122/842 844/1124/844
f 838/1118/838 844/1124/844 843/1123/843
f 845/1125/845 846/1126/846 847/1127/847
f 845/1125/845 847/1127/847 848/1128/848
f 845/1125/845 396/516/396 849/1129/849
f 845/1125/845 850/1130/850 851/1131/851
f 845/1125/845 852/1132/852 846/1126/846
f 845/1125/845 853/1133/853 852/1132/852
f 845/1125/845 849/1129/849 850/1130/850
f 845/1125/845 848/1128/848 396/516/396
f 845/1125/845 851/1131/851 853/1133/853
f 854/1134/854 78/108/78 77/107/77
f 854/1135/854 855/1136/855 402/527/402
f 854/1137/854 856/1138/856 78/100/78
f 854/1135/854 857/1139/857 855/1136/855
f 854/1135/854 77/1140/77 857/1139/857
f 854/1135/854 402/527/402 856/1141/856
f 858/1142/858 859/1143/859 860/1144/860
f 858/1142/858 861/1145/861 862/1146/862
f 858/1142/858 860/1144/860 863/1147/863
f 858/1142/858 862/1146/862 864/1148/864
f 858/1142/858 863/1147/863 861/1145/861
f 858/1142/858 864/1148/864 859/1143/859
f 865/1149/865 866/1150/866 867/1151/867
f 865/1149/865 867/1151/867 868/1152/868
f 865/1149/865 868/1152/868 869/1153/869
f 870/1154/870 871/1155/871 872/1156/872
f 870/1154/870 873/1157/873 871/1155/871
f 870/1154/870 872/1156/872 874/1158/874
f 870/1154/870 875/1159/875 876/1160/876
f 870/1154/870 876/1160/876 873/1157/873
f 870/1154/870 874/1158/874 875/1159/875
f 877/1161/877 878/1162/878 879/1163/879
f 877/1161/877 879/1163/879 880/1164/880
f 877/1161/877 881/1165/881 878/1162/878
f 877/1161/877 880/1164/880 882/1166/882
f 883/1167/883 884/1168/884 885/1169/885
f 883/1170/883 886/1171/886 887/1172/887
f 883/1170/883 887/1172/887 888/1173/888
f 883/1170/883 888/1173/888 889/1174/889
f 883/1167/883 889/1175/889 884/1168/884
f 883/1167/883 885/1169/885 886/1176/886
f 890/1177/890 891/1178/891 892/1179/892
f 890/1180/890 893/1181/893 891/1182/891
f 890/1183/890 894/1184/894 893/1185/893
f 890/1183/890 895/1186/895 894/1184/894
f 890/1177/890 892/1179/892 895/1187/895
f 896/1188/896 897/1189/897 898/1190/898
f 896/1188/896 899/1191/899 481/635/481
f 896/1188/896 163/1192/163 900/1193/900
f 896/1188/896 898/1190/898 163/1192/163
f 896/1188/896 481/635/481 897/1189/897
f 896/1188/896 900/1193/900 899/1191/899
f 901/1194/901 483/1195/483 902/1196/902
f 901/1194/901 902/1196/902 903/1197/903
f 901/1194/901 904/1198/904 483/1195/483
f 901/1194/901 903/1197/903 905/1199/905
f 901/1194/901 905/1199/905 904/1198/904
f 489/643/489 906/1200/906 907/1201/907
f 489/643/489 907/1201/907 490/644/490
f 489/643/489 493/648/493 908/1202/908
f 489/1203/489 908/1204/908 906/1205/906
f 909/1206/909 910/1207/910 911/1208/911
f 909/1209/909 912/1210/912 913/1211/913
f 909/1206/909 914/1212/914 912/1213/912
f 909/1214/909 915/1215/915 916/1216/916
f 909/1214/909 913/1217/913 915/1215/915
f 909/1206/909 916/1218/916 910/1207/910
f 909/1206/909 911/1208/911 914/1212/914
f 917/1219/917 918/1220/918 33/40/33
f 917/1221/917 919/1222/919 920/1223/920
f 917/1221/917 646/1224/646 918/1225/918
f 917/1219/917 33/40/33 31/42/31
f 917/1221/917 920/1223/920 646/1224/646
f 917/1221/917 31/36/31 919/1222/919
f 921/1226/921 38/46/38 922/1227/922
f 921/1226/921 923/1228/923 38/46/38
f 921/1226/921 924/1229/924 923/1228/923
f 921/1226/921 925/1230/925 924/1229/924
f 921/1226/921 922/1227/922 925/1230/925
f 231/299/231 926/1231/926 927/1232/927
f 231/299/231 928/1233/928 929/1234/929
f 231/299/231 235/303/235 930/1235/930
f 231/1236/231 927/1237/927 232/1238/232
f 231/299/231 929/1234/929 926/1231/926
f 231/299/231 930/1235/930 928/1233/928
f 931/1239/931 932/1240/932 933/1241/933
f 931/1239/931 933/1241/933 934/1242/934
f 931/1239/931 935/1243/935 932/1240/932
f 931/1239/931 936/1244/936 53/1245/53
f 931/1239/931 934/1242/934 936/1244/936
f 931/1239/931 53/1245/53 935/1243/935
f 937/1246/937 938/1247/938 939/1248/939
f 937/1246/937 940/1249/940 941/1250/941
f 937/1246/937 942/1251/942 943/1252/943
f 937/1246/937 943/1252/943 938/1247/938
f 937/1246/937 944/1253/944 940/1249/940
f 937/1246/937 939/1248/939 944/1253/944
f 937/1246/937 941/1250/941 942/1251/942
f 945/1254/945 303/1255/303 946/1256/946
f 945/1257/945 947/1258/947 948/1259/948
f 945/1254/945 949/1260/949 950/1261/950
f 945/1257/945 948/1259/948 303/387/303
f 945/1254/945 946/1256/946 949/1260/949
f 945/1257/945 950/1262/950 947/1258/947
f 951/1263/951 952/1264/952 953/1265/953
f 951/1263/951 954/1266/954 955/1267/955
f 951/1268/951 956/1269/956 954/1270/954
f 951/1268/951 953/1271/953 957/1272/957
f 951/1268/951 957/1272/957 956/1269/956
f 951/1263/951 955/1267/955 952/1264/952
f 958/1273/958 959/1274/959 960/1275/960
f 958/1276/958 961/1277/961 962/1278/962
f 958/1276/958 962/1278/962 963/1279/963
f 958/1276/958 964/1280/964 961/1277/961
f 958/1273/958 963/1281/963 959/1274/959
f 958/1273/958 960/1275/960 964/1282/964
f 965/1283/965 966/1284/966 967/1285/967
f 965/1283/965 968/1286/968 276/1287/276
f 965/1288/965 275/353/275 969/1289/969
f 965/1288/965 276/354/276 275/353/275
f 965/1288/965 969/1289/969 966/1290/966
f 965/1283/965 967/1285/967 968/1286/968
f 970/1291/970 971/1292/971 972/1293/972
f 970/1294/970 973/1295/973 974/1296/974
f 970/1294/970 974/1296/974 971/1297/971
f 970/1291/970 972/1293/972 975/1298/975
f 970/1294/970 975/1299/975 973/1295/973
f 976/1300/976 977/1301/977 978/1302/978
f 976/1300/976 979/1303/979 980/1304/980
f 976/1305/976 980/1306/980 981/1307/981
f 976/1300/976 978/1302/978 979/1303/979
f 976/1305/976 981/1307/981 982/1308/982
f 976/1305/976 982/1308/982 977/1309/977
f 983/1310/983 984/1311/984 985/1312/985
f 983/1313/983 986/1314/986 987/1315/987
f 983/1310/983 988/1316/988 984/1311/984
f 983/1310/983 985/1312/985 989/1317/989
f 983/1313/983 989/1318/989 986/1314/986
f 983/1310/983 987/1319/987 988/1316/988
f 990/1320/990 991/1321/991 851/1131/851
f 990/1320/990 992/1322/992 993/1323/993
f 990/1324/990 850/1325/850 992/1326/992
f 990/1320/990 993/1323/993 991/1321/991
f 990/1320/990 851/1131/851 850/1130/850
f 994/1327/994 995/1328/995 996/1329/996
f 994/1330/994 997/1331/997 995/1332/995
f 994/1327/994 996/1329/996 998/1333/998
f 994/1327/994 998/1333/998 999/1334/999
f 994/1327/994 999/1334/999 1000/1335/1000
f 994/1330/994 1000/1336/1000 997/1331/997
f 176/239/176 178/238/178 537/1337/537
f 176/235/176 1001/1338/1001 1002/1339/1002
f 176/235/176 1002/1339/1002 177/236/177
f 176/235/176 539/1340/539 1001/1338/1001
f 1003/1341/1003 1004/1342/1004 1005/1343/1005
f 1003/1341/1003 1005/1343/1005 1006/1344/1006
f 1003/1341/1003 1006/1344/1006 1007/1345/1007
f 1003/1346/1003 1007/1347/1007 1008/1348/1008
f 1003/1346/1003 1008/1348/1008 1009/1349/1009
f 1003/1346/1003 1009/1349/1009 1004/1350/1004
f 1010/1351/1010 1011/1352/1011 1012/1353/1012
f 1010/1354/1010 1013/1355/1013 1014/1356/1014
f 1010/1354/1010 1015/1357/1015 1013/1355/1013
f 1010/1354/1010 1012/1358/1012 1015/1357/1015
f 1010/1351/1010 1014/1359/1014 1011/1352/1011
f 1016/1360/1016 1017/1361/1017 882/1166/882
f 1016/1360/1016 1018/1362/1018 1019/1363/1019
f 1016/1360/1016 882/1166/882 880/1164/880
f 1016/1360/1016 880/1164/880 1018/1362/1018
f 1016/1364/1016 1019/1365/1019 1020/1366/1020
f 1016/1360/1016 1020/1367/1020 1017/1361/1017
f 1021/1368/1021 819/1096/819 820/1095/820
f 1021/1368/1021 1022/1369/1022 819/1096/819
f 1021/1370/1021 1023/1371/1023 1024/1372/1024
f 1021/1368/1021 820/1095/820 1023/1373/1023
f 1021/1370/1021 1024/1372/1024 1022/1374/1022
f 1025/1375/1025 1026/1376/1026 1027/1377/1027
f 1025/1378/1025 1028/1379/1028 1029/1380/1029
f 1025/1375/1025 1030/1381/1030 1031/1382/1031
f 1025/1375/1025 1029/1383/1029 1026/1376/1026
f 1025/1375/1025 1027/1377/1027 1030/1381/1030
f 1025/1378/1025 1031/1384/1031 1028/1379/1028
f 1032/1385/1032 1033/1386/1033 1034/1387/1034
f 1032/1388/1032 477/628/477 476/627/476
f 1032/1388/1032 1035/1389/1035 477/628/477
f 1032/1390/1032 476/1391/476 1033/1392/1033
f 1032/1393/1032 1034/1394/1034 1036/1395/1036
f 1032/1393/1032 1036/1395/1036 1035/1396/1035
f 1037/1397/1037 1038/1398/1038 1039/1399/1039
f 1037/1397/1037 1040/1400/1040 1038/1398/1038
f 1037/1397/1037 1041/1401/1041 1040/1400/1040
f 1037/1397/1037 1039/1399/1039 1042/1402/1042
f 1043/1403/1043 1044/1404/1044 1045/1405/1045
f 1043/1403/1043 1046/1406/1046 1044/1404/1044
f 1043/1403/1043 1045/1405/1045 1047/1407/1047
f 1043/1403/1043 1047/1407/1047 661/876/661
f 1043/1403/1043 661/876/661 1046/1406/1046
f 1048/1408/1048 1049/1409/1049 1050/1410/1050
f 1048/1408/1048 1051/1411/1051 1049/1409/1049
f 1048/1412/1048 459/1413/459 1052/1414/1052
f 1048/1415/1048 1050/1416/1050 1053/1417/1053
f 1048/1418/1048 1054/1419/1054 459/607/459
f 1048/1412/1048 1052/1414/1052 1051/1420/1051
f 1048/1415/1048 1053/1417/1053 1054/1421/1054
f 1055/1422/1055 1056/1423/1056 1057/1424/1057
f 1055/1425/1055 1058/1426/1058 1056/1427/1056
f 1055/1422/1055 1057/1424/1057 139/1428/139
f 1055/1425/1055 139/186/139 1058/1426/1058
f 1059/1429/1059 1060/1430/1060 1061/1431/1061
f 1059/1429/1059 1062/1432/1062 1060/1430/1060
f 1059/1429/1059 1061/1431/1061 857/1139/857
f 1059/1429/1059 857/1139/857 77/1140/77
f 1059/1429/1059 77/1140/77 1062/1432/1062
f 1063/1433/1063 607/804/607 753/1007/753
f 1063/1433/1063 753/1007/753 1064/1434/1064
f 1063/1433/1063 608/805/608 607/804/607
f 1063/1433/1063 1064/1434/1064 1065/1435/1065
f 1063/1433/1063 1065/1435/1065 608/805/608
f 1066/1436/1066 1067/1437/1067 1068/1438/1068
f 1066/1439/1066 1069/1440/1069 1070/1441/1070
f 1066/1436/1066 106/141/106 1069/1442/1069
f 1066/1436/1066 985/1312/985 106/141/106
f 1066/1436/1066 1068/1438/1068 985/1312/985
f 1066/1436/1066 1070/1443/1070 1067/1437/1067
f 1071/1444/1071 1072/1445/1072 1073/1446/1073
f 1071/1444/1071 1074/1447/1074 1075/1448/1075
f 1071/1444/1071 1076/1449/1076 1074/1447/1074
f 1071/1444/1071 1073/1446/1073 806/1070/806
f 1071/1444/1071 1075/1448/1075 1077/1450/1077
f 1071/1444/1071 806/1070/806 1076/1449/1076
f 1071/1444/1071 1077/1450/1077 1072/1445/1072
f 1078/1451/1078 1079/1452/1079 1080/1453/1080
f 1078/1451/1078 1081/1454/1081 1079/1452/1079
f 1078/1455/1078 1080/1456/1080 680/907/680
f 1078/1455/1078 680/907/680 1081/1457/1081
f 1082/1458/1082 1083/1459/1083 1084/1460/1084
f 1082/1461/1082 684/912/684 686/914/686
f 1082/1458/1082 686/1462/686 1083/1459/1083
f 1082/1461/1082 1085/1463/1085 684/912/684
f 1082/1458/1082 1084/1460/1084 1085/1464/1085
f 1086/1465/1086 1087/1466/1087 1088/1467/1088
f 1086/1465/1086 1089/1468/1089 1087/1466/1087
f 1086/1469/1086 1088/1470/1088 1090/1471/1090
f 1086/1469/1086 1090/1471/1090 1091/1472/1091
f 1086/1473/1086 1092/1474/1092 1089/1475/1089
f 1086/1473/1086 1091/1476/1091 1092/1474/1092
f 1093/1477/1093 1094/1478/1094 1095/1479/1095
f 1093/1477/1093 1096/1480/1096 451/597/451
f 1093/1477/1093 1097/1481/1097 1094/1478/1094
f 1093/1477/1093 451/597/451 1097/1481/1097
f 1093/1477/1093 1098/1482/1098 1096/1480/1096
f 1093/1477/1093 1095/1479/1095 1098/1482/1098
f 1099/1483/1099 1100/1484/1100 1101/1485/1101
f 1099/1486/1099 1102/1487/1102 1103/1488/1103
f 1099/1486/1099 1104/1489/1104 1100/1490/1100
f 1099/1486/1099 1103/1488/1103 1104/1489/1104
f 1099/1486/1099 1105/1491/1105 1102/1487/1102
f 1099/1483/1099 1101/1485/1101 1105/1492/1105
f 1106/1493/1106 1107/1494/1107 149/199/149
f 1106/1493/1106 148/198/148 1108/1495/1108
f 1106/1493/1106 283/367/283 1107/1494/1107
f 1106/1493/1106 284/368/284 283/367/283
f 1106/1493/1106 1108/1495/1108 284/368/284
f 1106/1493/1106 149/199/149 148/198/148
f 1109/1496/1109 1110/1497/1110 1111/1498/1111
f 1109/1496/1109 1112/1499/1112 1110/1497/1110
f 1109/1496/1109 1111/1498/1111 868/1152/868
f 1109/1496/1109 1113/1500/1113 1112/1499/1112
f 1109/1496/1109 868/1152/868 1113/1500/1113
f 621/821/621 1114/1501/1114 1115/1502/1115
f 621/821/621 1115/1502/1115 1116/1503/1116
f 621/821/621 1117/1504/1117 622/822/622
f 621/821/621 1116/1503/1116 1117/1504/1117
f 621/821/621 626/826/626 1114/1501/1114
f 1118/1505/1118 1119/1506/1119 1120/1507/1120
f 1118/1508/1118 1121/1509/1121 1122/1510/1122
f 1118/1508/1118 1122/1510/1122 1123/1511/1123
f 1118/1508/1118 1123/1511/1123 1119/1512/1119
f 1118/1508/1118 1120/1513/1120 1124/1514/1124
f 1118/1508/1118 1124/1514/1124 1121/1509/1121
f 330/418/330 1125/1515/1125 1126/1516/1126
f 330/418/330 1127/1517/1127 1125/1515/1125
f 330/418/330 1128/1518/1128 1127/1517/1127
f 330/418/330 334/423/334 1128/1518/1128
f 330/418/330 1126/1516/1126 331/419/331
f 1129/1519/1129 1130/1520/1130 1131/1521/1131
f 1129/1522/1129 1131/1523/1131 1132/1524/1132
f 1129/1519/1129 1133/1525/1133 1130/1520/1130
f 1129/1519/1129 1132/1526/1132 1134/1527/1134
f 1129/1519/1129 1134/1527/1134 1133/1525/1133
f 57/70/57 1135/1528/1135 58/71/58
f 57/74/57 59/73/59 1136/1529/1136
f 57/74/57 1136/1529/1136 1135/1530/1135
f 1137/1531/1137 1138/1532/1138 1139/1533/1139
f 1137/1534/1137 1140/1535/1140 1141/1536/1141
f 1137/1531/1137 1142/1537/1142 1138/1532/1138
f 1137/1534/1137 1141/1536/1141 1143/1538/1143
f 1137/1531/1137 1139/1533/1139 1140/1539/1140
f 1137/1531/1137 1144/1540/1144 1142/1537/1142
f 1137/1541/1137 1143/1542/1143 1144/1543/1144
f 1145/1544/1145 1146/1545/1146 1147/1546/1147
f 1145/1544/1145 1148/1547/1148 1149/1548/1149
f 1145/1549/1145 1147/1550/1147 1150/1551/1150
f 1145/1549/1145 1151/1552/1151 1148/1553/1148
f 1145/1549/1145 1152/1554/1152 1151/1552/1151
f 1145/1544/1145 1149/1548/1149 1146/1545/1146
f 1145/1549/1145 1150/1551/1150 1152/1554/1152
f 1153/1555/1153 1154/1556/1154 1155/1557/1155
f 1153/1555/1153 1156/1558/1156 1157/1559/1157
f 1153/1555/1153 1155/1557/1155 1156/1558/1156
f 1153/1555/1153 1158/1560/1158 1154/1556/1154
f 1153/1561/1153 1159/1562/1159 1158/1563/1158
f 1153/1555/1153 1157/1559/1157 1159/1564/1159
f 1160/1565/1160 1161/1566/1161 625/1567/625
f 1160/1565/1160 625/1567/625 1162/1568/1162
f 1160/1565/1160 1163/1569/1163 1117/1570/1117
f 1160/1565/1160 1117/1570/1117 1161/1566/1161
f 1160/1565/1160 1164/1571/1164 1163/1569/1163
f 1160/1565/1160 1162/1568/1162 1164/1571/1164
f 1165/1572/1165 1166/1573/1166 1167/1574/1167
f 1165/1572/1165 1168/1575/1168 782/1576/782
f 1165/1572/1165 1169/1577/1169 1170/1578/1170
f 1165/1572/1165 1171/1579/1171 1169/1577/1169
f 1165/1572/1165 1170/1578/1170 1166/1573/1166
f 1165/1572/1165 1167/1574/1167 1168/1575/1168
f 1165/1572/1165 782/1576/782 1171/1579/1171
f 1172/1580/1172 1173/1581/1173 1174/1582/1174
f 1172/1583/1172 1175/1584/1175 1176/1585/1176
f 1172/1583/1172 1176/1585/1176 1173/1586/1173
f 1172/1580/1172 1174/1582/1174 1177/1587/1177
f 1172/1580/1172 1177/1587/1177 1175/1588/1175
f 184/246/184 1178/1589/1178 1179/1590/1179
f 184/1591/184 1179/1592/1179 1180/1593/1180
f 184/246/184 1180/1594/1180 185/247/185
f 184/246/184 188/250/188 1178/1589/1178
f 1181/1595/1181 1182/1596/1182 1183/1597/1183
f 1181/1595/1181 1184/1598/1184 1185/1599/1185
f 1181/1595/1181 350/456/350 349/455/349
f 1181/1595/1181 1186/1600/1186 1182/1596/1182
f 1181/1595/1181 1185/1599/1185 1186/1600/1186
f 1181/1595/1181 1183/1597/1183 350/456/350
f 1181/1595/1181 349/455/349 1184/1598/1184
f 197/262/197 1187/1601/1187 1188/1602/1188
f 197/262/197 1188/1602/1188 355/464/355
f 197/262/197 200/265/200 1187/1601/1187
f 197/262/197 355/464/355 198/263/198
f 1189/1603/1189 1146/1545/1146 728/983/728
f 1189/1603/1189 1190/1604/1190 1191/1605/1191
f 1189/1603/1189 1192/1606/1192 1190/1604/1190
f 1189/1603/1189 206/1607/206 1146/1545/1146
f 1189/1603/1189 1191/1605/1191 206/1607/206
f 1189/1603/1189 728/983/728 1192/1606/1192
f 735/985/735 1193/1608/1193 736/986/736
f 735/1609/735 893/1181/893 1193/1610/1193
f 735/1609/735 740/1611/740 1194/1612/1194
f 735/1609/735 1194/1612/1194 893/1181/893
f 1195/1613/1195 1196/1614/1196 1197/1615/1197
f 1195/1616/1195 670/1617/670 1198/1618/1198
f 1195/1613/1195 722/1619/722 1199/1620/1199
f 1195/1616/1195 1198/1618/1198 1196/1621/1196
f 1195/1613/1195 1197/1615/1197 722/1619/722
f 1195/1622/1195 1199/1623/1199 670/891/670
f 1200/1624/1200 1201/1625/1201 811/1626/811
f 1200/1624/1200 811/1626/811 1202/1627/1202
f 1200/1624/1200 1202/1627/1202 1203/1628/1203
f 1200/1624/1200 1204/1629/1204 1201/1625/1201
f 1200/1624/1200 1203/1628/1203 1204/1629/1204
f 582/772/582 1205/1630/1205 583/773/583
f 582/1631/582 1206/1632/1206 1205/1633/1205
f 582/1634/582 588/1635/588 1206/1636/1206
f 1207/1637/1207 1208/1638/1208 1209/1639/1209
f 1207/1637/1207 1210/1640/1210 1211/1641/1211
f 1207/1637/1207 1209/1639/1209 1212/1642/1212
f 1207/1637/1207 1212/1642/1212 1210/1640/1210
f 1207/1637/1207 1211/1641/1211 1213/1643/1213
f 1207/1637/1207 1213/1643/1213 1214/1644/1214
f 1207/1637/1207 1214/1644/1214 1208/1638/1208
f 1215/1645/1215 1216/1646/1216 1217/1647/1217
f 1215/1645/1215 1218/1648/1218 1216/1646/1216
f 1215/1645/1215 1217/1647/1217 766/1021/766
f 1215/1645/1215 398/1649/398 399/1650/399
f 1215/1645/1215 1219/1651/1219 1220/1652/1220
f 1215/1645/1215 399/1650/399 1221/1653/1221
f 1215/1645/1215 1221/1653/1221 1219/1651/1219
f 1215/1645/1215 766/1021/766 398/1649/398
f 1215/1645/1215 1220/1652/1220 1218/1648/1218
f 1222/1654/1222 1223/1655/1223 1224/1656/1224
f 1222/1657/1222 1225/1658/1225 1223/1659/1223
f 1222/1657/1222 1226/1660/1226 1225/1658/1225
f 1222/1654/1222 1224/1656/1224 1227/1661/1227
f 1222/1657/1222 1228/1662/1228 1226/1660/1226
f 1222/1663/1222 1227/1664/1227 1228/1665/1228
f 1229/1666/1229 1230/1667/1230 1231/1668/1231
f 1229/1666/1229 1232/1669/1232 1233/1670/1233
f 1229/1666/1229 1234/1671/1234 1230/1667/1230
f 1229/1666/1229 1233/1670/1233 1235/1672/1235
f 1229/1666/1229 1235/1672/1235 1236/1673/1236
f 1229/1666/1229 1236/1673/1236 1234/1671/1234
f 1229/1666/1229 1231/1668/1231 1232/1669/1232
f 1237/1674/1237 155/1675/155 158/1676/158
f 1237/1674/1237 158/1676/158 1238/1677/1238
f 1237/1678/1237 1239/1679/1239 155/1680/155
f 1240/1681/1240 1241/1682/1241 1242/1683/1242
f 1240/1681/1240 1243/1684/1243 1244/1685/1244
f 1240/1686/1240 1245/1687/1245 1246/1688/1246
f 1240/1681/1240 1244/1685/1244 1241/1682/1241
f 1240/1686/1240 1246/1688/1246 1243/1689/1243
f 1240/1681/1240 1242/1683/1242 1245/1690/1245
f 749/1006/749 752/1005/752 1247/1691/1247
f 749/1006/749 1247/1691/1247 1248/1692/1248
f 749/1002/749 1248/1693/1248 750/1003/750
f 1249/1694/1249 69/87/69 1250/1695/1250
f 1249/1694/1249 1251/1696/1251 1252/1697/1252
f 1249/1694/1249 1253/1698/1253 1254/1699/1254
f 1249/1694/1249 1252/1697/1252 69/87/69
f 1249/1694/1249 1250/1695/1250 1253/1698/1253
f 1249/1694/1249 1254/1699/1254 1251/1696/1251
f 76/97/76 1255/1700/1255 77/98/77
f 76/105/76 1256/1701/1256 1255/1702/1255
f 76/105/76 80/104/80 1256/1701/1256
f 243/1703/243 1257/1704/1257 1022/1369/1022
f 243/1705/243 1022/1374/1022 1024/1372/1024
f 243/311/243 249/320/249 1257/1706/1257
f 243/1707/243 1024/1708/1024 244/1709/244
f 1258/1710/1258 1259/1711/1259 1260/1712/1260
f 1258/1713/1258 1261/1714/1261 1262/1715/1262
f 1258/1713/1258 1260/1716/1260 1263/1717/1263
f 1258/1713/1258 1262/1715/1262 1264/1718/1264
f 1258/1713/1258 1264/1718/1264 1259/1719/1259
f 1258/1713/1258 1263/1717/1263 1261/1714/1261
f 634/835/634 637/838/637 1265/1720/1265
f 634/835/634 1265/1720/1265 1266/1721/1266
f 634/835/634 1266/1721/1266 635/836/635
f 1267/1722/1267 544/722/544 1268/1723/1268
f 1267/1722/1267 1268/1723/1268 1269/1724/1269
f 1267/1722/1267 1269/1724/1269 1270/1725/1270
f 1267/1722/1267 1271/1726/1271 1272/1727/1272
f 1267/1722/1267 1272/1727/1272 544/722/544
f 1267/1722/1267 1270/1725/1270 1271/1726/1271
f 1273/1728/1273 1274/1729/1274 246/315/246
f 1273/1728/1273 246/315/246 248/1730/248
f 1273/1728/1273 1275/1731/1275 1274/1729/1274
f 1273/1728/1273 1276/1732/1276 1275/1731/1275
f 1273/1728/1273 248/1730/248 1276/1732/1276
f 1277/1733/1277 1278/1734/1278 1279/1735/1279
f 1277/1733/1277 1279/1735/1279 1280/1736/1280
f 1277/1737/1277 1280/1738/1280 1281/1739/1281
f 1277/1733/1277 1282/1740/1282 1283/1741/1283
f 1277/1737/1277 1281/1739/1281 1284/1742/1284
f 1277/1733/1277 1283/1741/1283 1278/1734/1278
f 1277/1737/1277 1284/1742/1284 1282/1743/1282
f 1285/1744/1285 1286/1745/1286 1287/1746/1287
f 1285/1747/1285 1288/1748/1288 1289/1749/1289
f 1285/1747/1285 1289/1749/1289 1290/1750/1290
f 1285/1747/1285 1290/1750/1290 1286/1751/1286
f 1285/1744/1285 1287/1746/1287 1291/1752/1291
f 1285/1747/1285 1291/1753/1291 1288/1748/1288
f 1292/1754/1292 1293/1755/1293 1294/1756/1294
f 1292/1754/1292 1295/1757/1295 1293/1755/1293
f 1292/1758/1292 1296/1759/1296 1297/1760/1297
f 1292/1758/1292 1298/1761/1298 1299/1762/1299
f 1292/1758/1292 1299/1762/1299 1295/1763/1295
f 1292/1758/1292 1297/1760/1297 1298/1761/1298
f 1292/1758/1292 1294/1764/1294 1296/1759/1296
f 1300/1765/1300 1301/1766/1301 1302/1767/1302
f 1300/1768/1300 1303/1769/1303 1304/1770/1304
f 1300/1768/1300 1305/1771/1305 1303/1769/1303
f 1300/1768/1300 1302/1772/1302 1305/1771/1305
f 1300/1765/1300 1304/1773/1304 1306/1774/1306
f 1300/1765/1300 1306/1774/1306 1301/1766/1301
f 1307/1775/1307 1308/1776/1308 1309/1777/1309
f 1307/1775/1307 1310/1778/1310 1308/1776/1308
f 1307/1775/1307 1311/1779/1311 1310/1778/1310
f 1307/1775/1307 949/1260/949 946/1256/946
f 1307/1775/1307 1309/1777/1309 949/1260/949
f 1307/1775/1307 946/1256/946 1311/1779/1311
f 1312/1780/1312 1313/1781/1313 1314/1782/1314
f 1312/1780/1312 744/1783/744 829/1784/829
f 1312/1785/1312 747/1786/747 744/1787/744
f 1312/1780/1312 829/1784/829 1313/1781/1313
f 1312/1785/1312 1315/1788/1315 747/1786/747
f 1312/1785/1312 1314/1789/1314 1315/1788/1315
f 1316/1790/1316 1317/1791/1317 1318/1792/1318
f 1316/1790/1316 1319/1793/1319 1320/1794/1320
f 1316/1790/1316 1318/1792/1318 1321/1795/1321
f 1316/1790/1316 1321/1795/1321 1319/1793/1319
f 1316/1790/1316 1320/1794/1320 1317/1791/1317
f 373/492/373 1322/1796/1322 1323/1797/1323
f 373/492/373 377/496/377 1324/1798/1324
f 373/492/373 1324/1798/1324 1322/1796/1322
f 373/492/373 1323/1797/1323 374/493/374
f 1325/1799/1325 1326/1800/1326 1327/1801/1327
f 1325/1802/1325 1328/1803/1328 1329/1804/1329
f 1325/1802/1325 1330/1805/1330 1328/1803/1328
f 1325/1806/1325 1329/1807/1329 1331/1808/1331
f 1325/1799/1325 1327/1801/1327 1330/1809/1330
f 1325/1806/1325 1331/1808/1331 1326/1810/1326
f 1332/1811/1332 564/749/564 1333/1812/1333
f 1332/1813/1332 1334/1814/1334 1335/1815/1335
f 1332/1811/1332 1333/1812/1333 1334/1816/1334
f 1332/1813/1332 1335/1815/1335 125/1817/125
f 1332/1818/1332 125/1819/125 564/1820/564
f 1336/1821/1336 392/511/392 391/510/391
f 1336/1821/1336 1337/1822/1337 1338/1823/1338
f 1336/1821/1336 1339/1824/1339 392/511/392
f 1336/1821/1336 391/510/391 1337/1822/1337
f 1336/1821/1336 1338/1823/1338 1339/1824/1339
f 1340/1825/1340 1341/1826/1341 448/1827/448
f 1340/1825/1340 1342/1828/1342 1341/1826/1341
f 1340/1829/1340 448/599/448 447/590/447
f 1340/1825/1340 1343/1830/1343 1344/1831/1344
f 1340/1825/1340 1345/1832/1345 1342/1828/1342
f 1340/1829/1340 447/590/447 1343/1833/1343
f 1340/1825/1340 1344/1831/1344 1345/1832/1345
f 1346/1834/1346 1347/1835/1347 1348/1836/1348
f 1346/1834/1346 400/529/400 402/527/402
f 1346/1834/1346 1349/1837/1349 1347/1835/1347
f 1346/1834/1346 1348/1836/1348 400/529/400
f 1346/1834/1346 402/527/402 1349/1837/1349
f 1350/1838/1350 1351/1839/1351 1352/1840/1352
f 1350/1838/1350 1353/1841/1353 1354/1842/1354
f 1350/1838/1350 1352/1840/1352 1353/1841/1353
f 1350/1838/1350 1355/1843/1355 1351/1839/1351
f 1350/1838/1350 1354/1842/1354 1355/1843/1355
f 1356/1844/1356 1357/1845/1357 1358/1846/1358
f 1356/1844/1356 1359/1847/1359 1357/1845/1357
f 1356/1844/1356 1358/1846/1358 1360/1848/1360
f 1356/1844/1356 1361/1849/1361 1362/1850/1362
f 1356/1844/1356 1362/1850/1362 1359/1847/1359
f 1356/1844/1356 1360/1848/1360 1361/1849/1361
f 523/700/523 527/699/527 598/1851/598
f 523/692/523 167/226/167 165/222/165
f 1363/1852/1363 1364/1853/1364 1365/1854/1365
f 1363/1855/1363 1366/1856/1366 1367/1857/1367
f 1363/1852/1363 1367/1858/1367 1368/1859/1368
f 1363/1852/1363 1369/1860/1369 1370/1861/1370
f 1363/1855/1363 1370/1862/1370 1366/1856/1366
f 1363/1852/1363 1368/1859/1368 1364/1853/1364
f 1363/1852/1363 1365/1854/1365 1369/1860/1369
f 1371/1863/1371 179/240/179 1372/1864/1372
f 1371/1863/1371 1373/1865/1373 1374/1866/1374
f 1371/1863/1371 1375/1867/1375 179/240/179
f 1371/1863/1371 1376/1868/1376 1375/1867/1375
f 1371/1863/1371 1374/1866/1374 1376/1868/1376
f 1371/1863/1371 1372/1864/1372 1377/1869/1377
f 1371/1863/1371 1377/1869/1377 1373/1865/1373
f 1378/1870/1378 1079/1452/1079 1081/1454/1081
f 1378/1871/1378 1081/1457/1081 1379/1872/1379
f 1378/1870/1378 1380/1873/1380 1381/1874/1381
f 1378/1871/1378 1379/1872/1379 1382/1875/1382
f 1378/1876/1378 1382/1877/1382 1380/1878/1380
f 1378/1870/1378 1381/1874/1381 1079/1452/1079
f 1383/1879/1383 1384/1880/1384 1385/1881/1385
f 1383/1882/1383 1386/1883/1386 651/858/651
f 1383/1879/1383 647/851/647 1384/1880/1384
f 1383/1882/1383 651/858/651 647/857/647
f 1383/1882/1383 1385/1884/1385 1386/1883/1386
f 576/763/576 1387/1885/1387 577/764/577
f 576/763/576 580/769/580 1388/1886/1388
f 576/763/576 1388/1886/1388 1387/1885/1387
f 203/271/203 207/275/207 1389/1887/1389
f 203/271/203 1389/1887/1389 1390/1888/1390
f 203/271/203 1390/1888/1390 204/272/204
f 1391/1889/1391 1392/1890/1392 1393/1891/1393
f 1391/1889/1391 1394/1892/1394 1395/1893/1395
f 1391/1889/1391 1393/1891/1393 1394/1892/1394
f 1391/1889/1391 1395/1893/1395 1392/1890/1392
f 1396/1894/1396 2/2/2 1397/1895/1397
f 1396/1896/1396 1398/1897/1398 1399/1898/1399
f 1396/1894/1396 1399/1899/1399 1400/1900/1400
f 1396/1894/1396 1400/1900/1400 3/3/3
f 1396/1894/1396 3/3/3 2/2/2
f 1396/1896/1396 1401/1901/1401 1398/1897/1398
f 1396/1896/1396 1397/1902/1397 1401/1901/1401
f 1208/1638/1208 281/365/281 280/364/280
f 1208/1638/1208 280/364/280 1209/1639/1209
f 1208/1638/1208 1214/1644/1214 281/365/281
f 1402/1903/1402 1403/1904/1403 1404/1905/1404
f 1402/1903/1402 1405/1906/1405 1403/1904/1403
f 1402/1903/1402 1406/1907/1406 1405/1906/1405
f 1402/1903/1402 1407/1908/1407 1406/1907/1406
f 1402/1903/1402 1404/1905/1404 1408/1909/1408
f 1402/1903/1402 1408/1909/1408 1407/1908/1407
f 869/1910/869 1111/1911/1111 1409/1912/1409
f 869/1153/869 868/1152/868 1111/1498/1111
f 1410/1913/1410 1411/1914/1411 1412/1915/1412
f 1410/1913/1410 1413/1916/1413 1411/1914/1411
f 1410/1913/1410 1412/1915/1412 300/1917/300
f 1410/1913/1410 300/1917/300 299/1918/299
f 1410/1913/1410 1414/1919/1414 1413/1916/1413
f 1410/1913/1410 299/1918/299 1414/1919/1414
f 1415/1920/1415 1416/1921/1416 1417/1922/1417
f 1415/1920/1415 1418/1923/1418 1416/1921/1416
f 1415/1920/1415 1417/1922/1417 1419/1924/1419
f 1415/1925/1415 562/745/562 1418/1926/1418
f 1415/1920/1415 1419/1924/1419 1420/1927/1420
f 1415/1925/1415 1420/1928/1420 562/745/562
f 1421/1929/1421 1422/1930/1422 1423/1931/1423
f 1421/1929/1421 1423/1931/1423 1424/1932/1424
f 1421/1929/1421 1424/1932/1424 1425/1933/1425
f 1421/1929/1421 1425/1933/1425 1426/1934/1426
f 1421/1929/1421 1426/1934/1426 1422/1930/1422
f 313/397/313 1427/1935/1427 780/1936/780
f 313/397/313 1428/1937/1428 1427/1935/1427
f 313/397/313 780/1936/780 314/398/314
f 313/397/313 317/401/317 1428/1937/1428
f 1429/1938/1429 1430/1939/1430 1431/1940/1431
f 1429/1941/1429 1432/1942/1432 1433/1943/1433
f 1429/1941/1429 1434/1944/1434 1432/1942/1432
f 1429/1938/1429 1433/1945/1433 1435/1946/1435
f 1429/1938/1429 1431/1940/1431 1436/1947/1436
f 1429/1938/1429 1436/1947/1436 1437/1948/1437
f 1429/1941/1429 1437/1949/1437 1434/1944/1434
f 1429/1938/1429 1435/1946/1435 1430/1939/1430
f 1438/1950/1438 1439/1951/1439 1440/1952/1440
f 1438/1950/1438 1441/1953/1441 1439/1951/1439
f 1438/1950/1438 1442/1954/1442 1441/1953/1441
f 1438/1950/1438 1440/1952/1440 1443/1955/1443
f 1438/1950/1438 1443/1955/1443 1442/1954/1442
f 43/51/43 45/53/45 1444/1956/1444
f 43/1957/43 1444/1958/1444 1445/1959/1445
f 43/1957/43 1445/1959/1445 44/57/44
f 1446/1960/1446 1447/1961/1447 1448/1962/1448
f 1446/1963/1446 824/1101/824 1447/1964/1447
f 1446/1965/1446 1449/1966/1449 1450/1967/1450
f 1446/1960/1446 1448/1962/1448 1449/1968/1449
f 1446/1963/1446 825/1102/825 824/1101/824
f 1446/1965/1446 1450/1967/1450 1451/1969/1451
f 1446/1965/1446 1451/1969/1451 825/1970/825
f 1452/1971/1452 477/628/477 1035/1389/1035
f 1452/1971/1452 1453/1972/1453 478/629/478
f 1452/1971/1452 1035/1389/1035 1454/1973/1454
f 1452/1971/1452 1454/1973/1454 1455/1974/1455
f 1452/1971/1452 478/629/478 477/628/477
f 1452/1971/1452 1455/1974/1455 1453/1972/1453
f 1456/1975/1456 1457/1976/1457 1458/1977/1458
f 550/1978/550 98/131/98 551/1979/551
f 550/731/550 554/735/554 1459/1980/1459
f 550/1978/550 1459/1981/1459 98/131/98
f 103/1982/103 1460/1983/1460 104/1984/104
f 103/1982/103 1461/1985/1461 1462/1986/1462
f 103/1982/103 1462/1986/1462 1460/1983/1460
f 103/136/103 107/142/107 1461/1987/1461
f 1072/1445/1072 942/1988/942 1463/1989/1463
f 1072/1445/1072 1077/1450/1077 1464/1990/1464
f 1072/1445/1072 1463/1989/1463 1073/1446/1073
f 1072/1445/1072 1464/1990/1464 942/1988/942
f 1465/1991/1465 1466/1992/1466 1467/1993/1467
f 1465/1994/1465 1468/1995/1468 1469/1996/1469
f 1465/1994/1465 1469/1996/1469 1470/1997/1470
f 1465/1994/1465 1467/1998/1467 1468/1995/1468
f 1465/1994/1465 1470/1997/1470 1471/1999/1471
f 1465/1991/1465 342/436/342 338/429/338
f 1465/1991/1465 338/429/338 1466/1992/1466
f 1465/1991/1465 1471/2000/1471 342/436/342
f 1472/2001/1472 1473/2002/1473 1474/2003/1474
f 1472/2001/1472 1474/2003/1474 1475/2004/1475
f 1472/2001/1472 406/2005/406 1315/1788/1315
f 1472/2006/1472 1475/2007/1475 408/2008/408
f 1472/2006/1472 408/2008/408 406/2009/406
f 1472/2001/1472 1315/1788/1315 1473/2002/1473
f 1476/2010/1476 1005/1343/1005 1477/2011/1477
f 1476/2010/1476 1478/2012/1478 1005/1343/1005
f 1476/2010/1476 1479/2013/1479 1480/2014/1480
f 1476/2010/1476 1480/2014/1480 1478/2012/1478
f 1476/2010/1476 1477/2011/1477 1479/2013/1479
f 1481/2015/1481 1482/2016/1482 792/2017/792
f 1481/2015/1481 1483/2018/1483 1484/2019/1484
f 1481/2015/1481 792/2017/792 1485/2020/1485
f 1481/2015/1481 1484/2019/1484 1482/2016/1482
f 1481/2015/1481 1485/2020/1485 1483/2018/1483
f 253/324/253 1486/2021/1486 254/325/254
f 253/2022/253 1487/2023/1487 1488/2024/1488
f 253/324/253 1488/2025/1488 1486/2021/1486
f 253/2022/253 257/2026/257 1264/2027/1264
f 253/2022/253 1264/2027/1264 1487/2023/1487
f 259/333/259 1489/2028/1489 1490/2029/1490
f 259/333/259 1491/2030/1491 1489/2028/1489
f 259/333/259 1490/2029/1490 260/334/260
f 259/333/259 263/337/263 1491/2030/1491
f 1492/2031/1492 1493/2032/1493 642/2033/642
f 1492/2031/1492 642/2033/642 1494/2034/1494
f 1492/2031/1492 1495/2035/1495 1493/2032/1493
f 1492/2031/1492 1496/2036/1496 1495/2035/1495
f 1492/2031/1492 1494/2034/1494 1496/2036/1496
f 1497/2037/1497 1498/2038/1498 1499/2039/1499
f 1497/2040/1497 1499/2041/1499 1276/2042/1276
f 1497/2040/1497 1276/2042/1276 245/313/245
f 1497/2043/1497 245/2044/245 1024/1708/1024
f 1497/2043/1497 1024/1708/1024 1498/2045/1498
f 1500/2046/1500 1501/2047/1501 631/832/631
f 1500/2046/1500 1502/2048/1502 1503/2049/1503
f 1500/2046/1500 631/832/631 1502/2048/1502
f 1500/2046/1500 1503/2049/1503 1504/2050/1504
f 1500/2046/1500 1504/2050/1504 1505/2051/1505
f 1500/2046/1500 1505/2051/1505 1501/2047/1501
f 1125/2052/1125 1403/1904/1403 1506/2053/1506
f 1125/1515/1125 1127/1517/1127 1403/2054/1403
f 1125/2052/1125 1506/2053/1506 1126/2055/1126
f 289/373/289 641/842/641 1507/2056/1507
f 289/373/289 292/376/292 641/842/641
f 289/373/289 1507/2056/1507 290/374/290
f 1508/2057/1508 1509/2058/1509 1510/2059/1510
f 1508/2057/1508 1510/2059/1510 1511/2060/1511
f 1508/2057/1508 62/79/62 61/78/61
f 1508/2057/1508 61/78/61 1509/2058/1509
f 1508/2057/1508 1511/2060/1511 62/79/62
f 1512/2061/1512 1513/2062/1513 1514/2063/1514
f 1512/2061/1512 1138/1532/1138 1142/1537/1142
f 1512/2061/1512 1515/2064/1515 1138/1532/1138
f 1512/2061/1512 1142/1537/1142 1513/2062/1513
f 1512/2061/1512 1514/2063/1514 1516/2065/1516
f 1512/2061/1512 1517/2066/1517 1518/2067/1518
f 1512/2061/1512 1518/2067/1518 1515/2064/1515
f 1512/2061/1512 1516/2065/1516 1517/2066/1517
f 1519/2068/1519 1520/2069/1520 658/2070/658
f 1519/2068/1519 512/2071/512 1521/2072/1521
f 1519/2068/1519 658/2070/658 1522/2073/1522
f 1519/2068/1519 1521/2072/1521 1520/2069/1520
f 1519/2068/1519 1522/2073/1522 1523/2074/1523
f 1519/2068/1519 1523/2074/1523 1524/2075/1524
f 1519/2068/1519 1524/2075/1524 512/2071/512
f 1154/2076/1154 1525/2077/1525 1526/2078/1526
f 1154/1556/1154 1527/2079/1527 1155/1557/1155
f 1154/2076/1154 1158/1563/1158 1525/2077/1525
f 1154/1556/1154 1526/2080/1526 1527/2079/1527
f 846/1126/846 1528/2081/1528 847/1127/847
f 846/1126/846 852/1132/852 1529/2082/1529
f 846/1126/846 1529/2082/1529 1528/2081/1528
f 767/1024/767 770/1027/770 1530/2083/1530
f 767/1024/767 1531/2084/1531 10/10/10
f 767/1024/767 1530/2083/1530 1531/2084/1531
f 1532/2085/1532 1533/2086/1533 952/2087/952
f 1532/2088/1532 1534/2089/1534 1535/2090/1535
f 1532/2088/1532 952/1264/952 1534/2089/1534
f 1532/2085/1532 1536/2091/1536 1533/2086/1533
f 1532/2085/1532 1535/2092/1535 1537/2093/1537
f 1532/2085/1532 1537/2093/1537 1536/2091/1536
f 778/1038/778 1168/2094/1168 1538/2095/1538
f 778/1038/778 1538/2095/1538 779/1039/779
f 778/1038/778 782/1043/782 1168/2094/1168
f 344/453/344 1539/2096/1539 1014/1359/1014
f 344/453/344 1540/2097/1540 1539/2096/1539
f 344/438/344 1014/1356/1014 345/439/345
f 344/453/344 348/452/348 1540/2097/1540
f 352/458/352 1541/2098/1541 1542/2099/1542
f 352/458/352 1543/2100/1543 353/459/353
f 352/458/352 356/466/356 1541/2098/1541
f 352/458/352 1542/2099/1542 1543/2100/1543
f 1544/2101/1544 886/2102/886 1545/2103/1545
f 1544/2104/1544 1546/2105/1546 1547/2106/1547
f 1544/2104/1544 1547/2106/1547 1548/2107/1548
f 1544/2101/1544 1545/2103/1545 1546/2108/1546
f 1544/2104/1544 1548/2107/1548 886/1171/886
f 1549/2109/1549 891/1182/891 1194/1612/1194
f 1549/2109/1549 1029/2110/1029 1550/2111/1550
f 1549/2109/1549 1550/2111/1550 891/1182/891
f 1549/2112/1549 1551/2113/1551 1552/2114/1552
f 1549/2112/1549 1552/2114/1552 1029/2115/1029
f 1549/2109/1549 1194/1612/1194 1551/2116/1551
f 1553/2117/1553 1322/2118/1322 1554/2119/1554
f 1553/2117/1553 194/257/194 191/253/191
f 1553/2117/1553 721/969/721 719/968/719
f 1553/2117/1553 191/253/191 783/1044/783
f 1553/2117/1553 719/968/719 1322/2118/1322
f 1553/2117/1553 1554/2119/1554 194/257/194
f 1553/2117/1553 783/1044/783 721/969/721
f 1555/2120/1555 1556/2121/1556 1557/2122/1557
f 1555/2120/1555 788/2123/788 1558/2124/1558
f 1555/2120/1555 1557/2122/1557 788/2123/788
f 1555/2120/1555 1558/2124/1558 1559/2125/1559
f 1555/2120/1555 1559/2125/1559 1556/2121/1556
f 1560/2126/1560 1561/2127/1561 1562/2128/1562
f 1560/2129/1560 1563/2130/1563 589/779/589
f 1560/2131/1560 1564/2132/1564 1561/2133/1561
f 1560/2129/1560 589/779/589 1564/2134/1564
f 1560/2126/1560 1562/2128/1562 1563/2135/1563
f 737/987/737 1565/2136/1565 1566/2137/1566
f 737/987/737 1567/2138/1567 1565/2136/1565
f 737/987/737 741/991/741 1567/2138/1567
f 737/987/737 1566/2137/1566 738/988/738
f 1568/2139/1568 82/110/82 1569/2140/1569
f 1568/2141/1568 1570/2142/1570 83/2143/83
f 1568/2141/1568 1571/2144/1571 1572/2145/1572
f 1568/2139/1568 83/111/83 82/110/82
f 1568/2141/1568 1569/2146/1569 1571/2144/1571
f 1568/2141/1568 1572/2145/1572 1570/2142/1570
f 1573/2147/1573 1574/2148/1574 1575/2149/1575
f 1573/2147/1573 171/230/171 1576/2150/1576
f 1573/2147/1573 1575/2149/1575 172/231/172
f 1573/2147/1573 172/231/172 171/230/171
f 1573/2147/1573 1577/2151/1577 1574/2148/1574
f 1573/2147/1573 1576/2150/1576 1577/2151/1577
f 1578/2152/1578 1411/2153/1411 1579/2154/1579
f 1578/2152/1578 608/2155/608 1065/2156/1065
f 1578/2152/1578 1580/2157/1580 1581/2158/1581
f 1578/2152/1578 1579/2154/1579 1580/2157/1580
f 1578/2152/1578 1065/2156/1065 1411/2153/1411
f 1578/2152/1578 1581/2158/1581 608/2155/608
f 614/811/614 1582/2159/1582 1583/2160/1583
f 614/811/614 1584/2161/1584 1582/2159/1582
f 614/811/614 840/1120/840 615/812/615
f 614/811/614 1583/2160/1583 840/1120/840
f 614/811/614 617/814/617 1584/2161/1584
f 1585/2162/1585 569/756/569 573/760/573
f 1585/2162/1585 1586/2163/1586 569/756/569
f 1585/2164/1585 1587/2165/1587 1588/2166/1588
f 1585/2162/1585 573/760/573 1587/2167/1587
f 1585/2164/1585 1588/2166/1588 1589/2168/1589
f 1585/2162/1585 1590/2169/1590 1586/2163/1586
f 1585/2164/1585 1589/2168/1589 1590/2170/1590
f 483/1195/483 487/2171/487 902/1196/902
f 483/1195/483 1591/2172/1591 1592/2173/1592
f 483/1195/483 904/1198/904 1591/2172/1591
f 483/637/483 1592/2174/1592 484/638/484
f 1593/2175/1593 1594/2176/1594 335/425/335
f 1593/2175/1593 1595/2177/1595 1596/2178/1596
f 1593/2175/1593 335/425/335 1597/2179/1597
f 1593/2175/1593 1596/2178/1596 1594/2176/1594
f 1593/2175/1593 1597/2179/1597 1595/2177/1595
f 1598/2180/1598 1599/2181/1599 1600/2182/1600
f 1598/2180/1598 1601/2183/1601 1599/2181/1599
f 1598/2180/1598 1602/2184/1602 1601/2183/1601
f 1598/2180/1598 1603/2185/1603 1602/2184/1602
f 1598/2180/1598 495/656/495 1603/2185/1603
f 1598/2180/1598 1600/2182/1600 495/656/495
f 1604/2186/1604 1605/2187/1605 1606/2188/1606
f 1604/2186/1604 1606/2188/1606 34/41/34
f 1604/2186/1604 1607/2189/1607 1605/2187/1605
f 1604/2186/1604 1608/2190/1608 1607/2189/1607
f 1604/2186/1604 1609/2191/1609 1608/2190/1608
f 1604/2186/1604 34/41/34 1609/2191/1609
f 1610/2192/1610 1611/2193/1611 925/1230/925
f 1610/2192/1610 1612/2194/1612 1613/2195/1613
f 1610/2192/1610 925/1230/925 922/1227/922
f 1610/2192/1610 922/1227/922 1612/2194/1612
f 1610/2192/1610 1613/2195/1613 1611/2193/1611
f 1614/2196/1614 1615/2197/1615 1616/2198/1616
f 1614/2196/1614 1616/2198/1616 1617/2199/1617
f 1614/2196/1614 1617/2199/1617 514/683/514
f 1614/2196/1614 514/683/514 1618/2200/1618
f 1614/2196/1614 1618/2200/1618 1615/2197/1615
f 1447/1961/1447 1619/2201/1619 1448/1962/1448
f 1447/1964/1447 824/1101/824 826/1103/826
f 1447/1961/1447 1620/2202/1620 1619/2201/1619
f 1447/1961/1447 826/2203/826 1620/2202/1620
f 1621/2204/1621 1622/2205/1622 1623/2206/1623
f 1621/2204/1621 1624/2207/1624 1625/2208/1625
f 1621/2204/1621 1626/2209/1626 1624/2207/1624
f 1621/2204/1621 1627/2210/1627 1626/2209/1626
f 1621/2204/1621 1625/2208/1625 1628/2211/1628
f 1621/2204/1621 1628/2211/1628 1622/2205/1622
f 1621/2204/1621 1623/2206/1623 1627/2210/1627
f 1629/2212/1629 1630/2213/1630 1631/2214/1631
f 1629/2212/1629 1631/2214/1631 1632/2215/1632
f 1629/2212/1629 1633/2216/1633 1634/2217/1634
f 1629/2212/1629 1632/2215/1632 1633/2216/1633
f 1629/2212/1629 1635/2218/1635 1630/2213/1630
f 1629/2212/1629 1634/2217/1634 1635/2218/1635
f 1636/2219/1636 1083/1459/1083 773/2220/773
f 1636/2221/1636 773/1030/773 1637/2222/1637
f 1636/2221/1636 1637/2222/1637 687/2223/687
f 1636/2219/1636 1084/1460/1084 1083/1459/1083
f 1636/2219/1636 687/2224/687 1084/1460/1084
f 1638/2225/1638 1639/2226/1639 1640/2227/1640
f 1638/2228/1638 1641/2229/1641 1091/1476/1091
f 1638/2230/1638 1640/2231/1640 1642/2232/1642
f 1638/2233/1638 1643/2234/1643 1641/2235/1641
f 1638/2230/1638 1642/2232/1642 1643/2236/1643
f 1638/2225/1638 1091/2237/1091 1639/2226/1639
f 694/2238/694 1644/2239/1644 446/596/446
f 694/2238/694 446/596/446 450/595/450
f 694/2238/694 450/595/450 695/2240/695
f 694/925/694 700/933/700 1644/2241/1644
f 1645/2242/1645 1646/2243/1646 1052/1414/1052
f 1645/2242/1645 457/2244/457 1647/2245/1647
f 1645/2242/1645 1648/2246/1648 1646/2243/1646
f 1645/2242/1645 1647/2245/1647 1649/2247/1649
f 1645/2242/1645 1649/2247/1649 1648/2246/1648
f 1645/2242/1645 1052/1414/1052 457/2244/457
f 1650/2248/1650 1651/2249/1651 1652/2250/1652
f 1650/2251/1650 1652/2252/1652 465/613/465
f 1650/2251/1650 465/613/465 565/2253/565
f 1650/2248/1650 565/752/565 128/167/128
f 1650/2248/1650 128/167/128 1651/2249/1651
f 1653/2254/1653 1654/2255/1654 1655/2256/1655
f 1653/2254/1653 1656/2257/1656 1654/2255/1654
f 1653/2254/1653 1655/2256/1655 989/1318/989
f 1653/2254/1653 989/1318/989 1657/2258/1657
f 1653/2254/1653 1657/2258/1657 1656/2257/1656
f 1658/2259/1658 1659/2260/1659 1587/2261/1587
f 1658/2262/1658 1587/2167/1587 573/760/573
f 1658/2259/1658 1660/2263/1660 1659/2260/1659
f 1658/2262/1658 573/760/573 574/761/574
f 1658/2264/1658 574/2265/574 1661/2266/1661
f 1658/2264/1658 1661/2266/1661 1660/2267/1660
f 1119/1506/1119 1662/2268/1662 1120/1507/1120
f 1119/1506/1119 1123/2269/1123 1663/2270/1663
f 1119/1506/1119 1663/2270/1663 814/1082/814
f 1119/1506/1119 813/1081/813 1662/2268/1662
f 1119/1506/1119 814/1082/814 813/1081/813
f 1664/2271/1664 1665/2272/1665 1390/1888/1390
f 1664/2271/1664 1666/2273/1666 1667/2274/1667
f 1664/2271/1664 1667/2274/1667 1668/2275/1668
f 1664/2271/1664 1669/2276/1669 1666/2273/1666
f 1664/2271/1664 1668/2275/1668 1665/2272/1665
f 1664/2271/1664 1390/1888/1390 1669/2276/1669
f 1049/2277/1049 1051/2278/1051 77/2279/77
f 1049/1409/1049 1670/2280/1670 1050/1410/1050
f 1049/1409/1049 77/2281/77 1670/2280/1670
f 136/2282/136 1671/2283/1671 1672/2284/1672
f 136/178/136 1672/2285/1672 137/179/137
f 136/2282/136 139/2286/139 1671/2283/1671
f 1673/2287/1673 1060/1430/1060 1674/2288/1674
f 1673/2287/1673 1674/2288/1674 141/191/141
f 1673/2287/1673 141/191/141 145/195/145
f 1673/2287/1673 1675/2289/1675 1060/1430/1060
f 1673/2287/1673 144/194/144 1675/2289/1675
f 1673/2287/1673 145/195/145 144/194/144
f 1676/2290/1676 1677/2291/1677 1678/2292/1678
f 1676/2293/1676 1679/2294/1679 1680/2295/1680
f 1676/2293/1676 1681/2296/1681 1677/2297/1677
f 1676/2293/1676 1680/2295/1680 1681/2296/1681
f 1676/2290/1676 1678/2292/1678 1679/2298/1679
f 1682/2299/1682 1683/2300/1683 157/212/157
f 1682/2299/1682 1684/2301/1684 340/432/340
f 1682/2299/1682 156/211/156 1685/2302/1685
f 1682/2299/1682 340/432/340 1683/2300/1683
f 1682/2299/1682 1685/2302/1685 1684/2301/1684
f 1682/2299/1682 157/212/157 156/211/156
f 1686/2303/1686 1687/2304/1687 1688/2305/1688
f 1686/2306/1686 1689/2307/1689 1690/2308/1690
f 1686/2306/1686 1691/2309/1691 1689/2307/1689
f 1686/2303/1686 1692/2310/1692 1687/2304/1687
f 1686/2303/1686 1688/2305/1688 1691/2311/1691
f 1686/2306/1686 1690/2308/1690 1692/2312/1692
f 1693/2313/1693 169/228/169 1694/2314/1694
f 1693/2313/1693 1695/2315/1695 169/228/169
f 1693/2313/1693 531/705/531 1696/2316/1696
f 1693/2313/1693 1694/2314/1694 535/709/535
f 1693/2313/1693 1696/2316/1696 1695/2315/1695
f 1693/2313/1693 535/709/535 531/705/531
f 178/238/178 181/242/181 1697/2317/1697
f 178/238/178 1697/2317/1697 1698/2318/1698
f 178/238/178 1698/2318/1698 537/1337/537
f 1357/2319/1357 1359/2320/1359 1699/2321/1699
f 1357/2319/1357 1699/2321/1699 1700/2322/1700
f 1357/2323/1357 1701/2324/1701 1358/2325/1358
f 871/1155/871 873/1157/873 1702/2326/1702
f 871/1155/871 1702/2326/1702 1703/2327/1703
f 871/1155/871 1703/2327/1703 1704/2328/1704
f 871/1155/871 1704/2328/1704 872/1156/872
f 1017/1361/1017 1020/1367/1020 1705/2329/1705
f 1706/2330/1706 1422/1930/1422 310/394/310
f 1706/2331/1706 1707/2332/1707 885/2333/885
f 1706/2331/1706 1708/2334/1708 1707/2332/1707
f 1706/2330/1706 309/393/309 1708/2335/1708
f 1706/2330/1706 310/394/310 309/393/309
f 1706/2330/1706 885/2336/885 1422/1930/1422
f 1709/2337/1709 1710/2338/1710 1711/2339/1711
f 1709/2337/1709 1711/2339/1711 1712/2340/1712
f 1709/2337/1709 1712/2340/1712 1713/2341/1713
f 1709/2342/1709 1713/2343/1713 1714/2344/1714
f 1709/2342/1709 1714/2344/1714 1715/2345/1715
f 1709/2337/1709 1715/2346/1715 1710/2338/1710
f 524/2347/524 1716/2348/1716 1717/2349/1717
f 524/694/524 528/702/528 1718/2350/1718
f 524/694/524 1718/2350/1718 1716/2351/1716
f 524/694/524 1717/2352/1717 525/695/525
f 628/2353/628 1719/2354/1719 1720/2355/1720
f 628/828/628 1720/2356/1720 629/829/629
f 628/2353/628 1721/2357/1721 1719/2354/1719
f 628/2353/628 632/2358/632 1721/2357/1721
f 1722/2359/1722 1723/2360/1723 1724/2361/1724
f 1722/2359/1722 1725/2362/1725 1407/1908/1407
f 1722/2359/1722 1724/2361/1724 1726/2363/1726
f 1722/2359/1722 1407/1908/1407 1727/2364/1727
f 1722/2359/1722 1728/2365/1728 1725/2362/1725
f 1722/2359/1722 1726/2363/1726 1728/2365/1728
f 1722/2359/1722 1727/2364/1727 1723/2360/1723
f 1493/2366/1493 1495/2367/1495 1112/1499/1112
f 1493/2366/1493 1112/1499/1112 643/844/643
f 1493/2366/1493 643/844/643 642/843/642
f 210/278/210 295/379/295 297/381/297
f 210/278/210 297/381/297 211/279/211
f 210/278/210 215/283/215 1729/2368/1729
f 210/278/210 1729/2368/1729 295/379/295
f 302/2369/302 1311/1779/1311 946/1256/946
f 302/2369/302 307/2370/307 1730/2371/1730
f 302/2369/302 1730/2371/1730 1311/1779/1311
f 302/2369/302 946/1256/946 303/1255/303
f 1731/2372/1731 1732/2373/1732 1733/2374/1733
f 1731/2372/1731 311/395/311 1732/2373/1732
f 314/1040/314 779/1039/779 315/2375/315
f 1734/2376/1734 1430/2377/1430 1074/2378/1074
f 1734/2376/1734 1074/2378/1074 1735/2379/1735
f 1734/2376/1734 1735/2379/1735 1736/2380/1736
f 1734/2381/1734 1736/2382/1736 1115/2383/1115
f 1734/2381/1734 1431/2384/1431 1430/2385/1430
f 1734/2381/1734 1115/2383/1115 1737/2386/1737
f 1734/2381/1734 1737/2386/1737 1431/2384/1431
f 1166/1573/1166 1738/2387/1738 1739/2388/1739
f 1166/1573/1166 1739/2388/1739 1167/1574/1167
f 1166/1573/1166 1170/1578/1170 1738/2387/1738
f 1740/2389/1740 1741/2390/1741 1254/1699/1254
f 1740/2389/1740 1253/1698/1253 1742/2391/1742
f 1740/2389/1740 1254/1699/1254 1253/1698/1253
f 1740/2389/1740 1742/2391/1742 1741/2390/1741
f 1743/2392/1743 1744/2393/1744 1745/2394/1745
f 1743/2395/1743 1746/2396/1746 1747/2397/1747
f 1743/2392/1743 1745/2394/1745 1748/2398/1748
f 1743/2395/1743 1747/2397/1747 1749/2399/1749
f 1743/2392/1743 1749/2400/1749 1744/2393/1744
f 1743/2395/1743 1748/2401/1748 1746/2396/1746
f 1750/2402/1750 1751/2403/1751 1752/2404/1752
f 1750/2402/1750 1752/2404/1752 1753/2405/1753
f 1750/2402/1750 1754/2406/1754 1755/2407/1755
f 1750/2402/1750 1756/2408/1756 1754/2406/1754
f 1750/2402/1750 1755/2407/1755 1751/2403/1751
f 1750/2402/1750 1753/2405/1753 1756/2408/1756
f 485/639/485 1757/2409/1757 1284/1742/1284
f 485/639/485 484/638/484 1757/2409/1757
f 485/639/485 1284/1742/1284 486/640/486
f 1758/2410/1758 835/1117/835 611/1116/611
f 1758/2411/1758 1759/2412/1759 1760/2413/1760
f 1758/2410/1758 1761/2414/1761 835/1117/835
f 1758/2411/1758 1760/2413/1760 1761/2415/1761
f 1758/2410/1758 611/1116/611 1762/2416/1762
f 1758/2417/1758 1762/2418/1762 1759/2419/1759
f 1763/2420/1763 1764/2421/1764 1765/2422/1765
f 1763/2420/1763 1765/2422/1765 1766/2423/1766
f 1763/2420/1763 1767/2424/1767 1764/2421/1764
f 1763/2420/1763 1766/2423/1766 1768/2425/1768
f 1763/2420/1763 1769/2426/1769 1767/2424/1767
f 1763/2420/1763 1768/2425/1768 1769/2426/1769
f 1770/2427/1770 1771/2428/1771 1324/2429/1324
f 1770/2430/1770 1772/2431/1772 1773/2432/1773
f 1770/2430/1770 1324/1798/1324 1772/2431/1772
f 1770/2427/1770 1774/2433/1774 1771/2428/1771
f 1770/2434/1770 1773/2435/1773 1774/2436/1774
f 1775/2437/1775 789/1050/789 1776/2438/1776
f 1775/2437/1775 1777/2439/1777 789/1050/789
f 1775/2440/1775 1778/2441/1778 1777/2442/1777
f 1779/2443/1779 584/774/584 1563/2130/1563
f 1779/2444/1779 1780/2445/1780 1023/2446/1023
f 1779/2444/1779 1563/2135/1563 1780/2445/1780
f 1779/2447/1779 1023/1373/1023 820/1095/820
f 1779/2443/1779 820/1092/820 584/774/584
f 739/989/739 1551/2448/1551 740/990/740
f 739/989/739 1781/2449/1781 1551/2448/1551
f 739/989/739 738/988/738 1781/2449/1781
f 1782/2450/1782 1783/2451/1783 395/520/395
f 1782/2452/1782 395/514/395 1784/2453/1784
f 1782/2450/1782 1785/2454/1785 1783/2451/1783
f 1782/2452/1782 1784/2453/1784 1785/2455/1785
f 1786/2456/1786 1787/2457/1787 1788/2458/1788
f 1786/2459/1786 1789/2460/1789 1787/2461/1787
f 1786/2456/1786 1788/2458/1788 1790/2462/1790
f 1786/2456/1786 1791/2463/1791 1792/2464/1792
f 1786/2456/1786 1790/2462/1790 1791/2463/1791
f 1786/2459/1786 1792/2465/1792 1789/2460/1789
f 1793/2466/1793 1794/2467/1794 1795/2468/1795
f 1793/2466/1793 1795/2468/1795 1796/2469/1796
f 1793/2466/1793 1797/2470/1797 1798/2471/1798
f 1793/2466/1793 1796/2469/1796 1799/2472/1799
f 1793/2466/1793 1799/2472/1799 1797/2470/1797
f 1793/2466/1793 1798/2471/1798 1794/2467/1794
f 1800/2473/1800 1801/2474/1801 1802/2475/1802
f 1800/2473/1800 1803/2476/1803 1801/2474/1801
f 1800/2473/1800 1804/2477/1804 1803/2476/1803
f 1805/2478/1805 1806/2479/1806 1807/2480/1807
f 1805/2478/1805 1243/1689/1243 1246/1688/1246
f 1805/2478/1805 1246/1688/1246 1806/2479/1806
f 1805/2478/1805 1807/2480/1807 1808/2481/1808
f 1805/2478/1805 1808/2481/1808 1243/1689/1243
f 1809/2482/1809 1757/2409/1757 484/638/484
f 1809/2482/1809 1282/1743/1282 1757/2409/1757
f 1809/2483/1809 1283/1741/1283 1282/1740/1282
f 1809/2483/1809 1592/2484/1592 1283/1741/1283
f 1809/2482/1809 484/638/484 1592/2174/1592
f 179/240/179 1810/2485/1810 180/241/180
f 179/240/179 1375/1867/1375 1811/2486/1811
f 179/240/179 177/236/177 1372/1864/1372
f 179/240/179 1811/2486/1811 1810/2485/1810
f 1812/2487/1812 426/561/426 1813/2488/1813
f 1812/2487/1812 186/248/186 426/561/426
f 1812/2487/1812 187/249/187 186/248/186
f 1812/2487/1812 1813/2488/1813 1814/2489/1814
f 1812/2487/1812 1814/2489/1814 1815/2490/1815
f 1812/2487/1812 1815/2490/1815 187/249/187
f 190/2491/190 193/256/193 500/664/500
f 785/1046/785 1816/2492/1816 1817/2493/1817
f 785/1046/785 788/1049/788 1816/2492/1816
f 785/1046/785 1817/2493/1817 1818/2494/1818
f 785/1046/785 1818/2494/1818 786/1047/786
f 1819/2495/1819 817/1088/817 819/1090/819
f 1819/2496/1819 819/1096/819 1257/1704/1257
f 1819/2495/1819 791/2497/791 817/1088/817
f 1819/2495/1819 1820/2498/1820 1821/2499/1821
f 1819/2495/1819 1821/2499/1821 791/2497/791
f 1819/2496/1819 1257/1704/1257 249/2500/249
f 1819/2496/1819 249/2500/249 1820/2501/1820
f 1822/2502/1822 1392/2503/1392 802/1063/802
f 1822/2502/1822 1823/2504/1823 1824/2505/1824
f 1822/2502/1822 1824/2505/1824 1392/2503/1392
f 1822/2502/1822 801/1062/801 798/1059/798
f 1822/2502/1822 1825/2506/1825 1823/2504/1823
f 1822/2502/1822 798/1059/798 1825/2506/1825
f 1822/2502/1822 802/1063/802 801/1062/801
f 1826/2507/1826 421/558/421 1827/2508/1827
f 1826/2509/1826 323/408/323 1828/2510/1828
f 1826/2509/1826 1828/2510/1828 1435/2511/1435
f 1826/2512/1826 1827/2513/1827 223/2514/223
f 1826/2515/1826 223/291/223 323/2516/323
f 1826/2517/1826 1435/2518/1435 421/2519/421
f 426/2520/426 1829/2521/1829 1830/2522/1830
f 426/561/426 186/248/186 427/562/427
f 426/2520/426 431/2523/431 1829/2521/1829
f 426/2520/426 1830/2522/1830 1813/2524/1813
f 1831/2525/1831 45/2526/45 1832/2527/1832
f 1831/2528/1831 1561/2529/1561 1444/2530/1444
f 1831/2531/1831 1444/1956/1444 45/53/45
f 1831/2525/1831 1833/2532/1833 1562/2128/1562
f 1831/2525/1831 1832/2527/1832 1833/2532/1833
f 1831/2525/1831 1562/2128/1562 1561/2127/1561
f 440/583/440 1834/2533/1834 1835/2534/1835
f 440/583/440 1836/2535/1836 1834/2533/1834
f 440/583/440 442/585/442 1836/2535/1836
f 440/583/440 1835/2534/1835 441/584/441
f 1837/2536/1837 1838/2537/1838 1839/2538/1839
f 1837/2539/1837 1840/2540/1840 1838/2541/1838
f 1837/2536/1837 1839/2538/1839 1841/2542/1841
f 1842/2543/1842 1843/2544/1843 1844/2545/1844
f 1842/2543/1842 1845/2546/1845 1846/2547/1846
f 1842/2543/1842 1504/2548/1504 1845/2546/1845
f 1842/2543/1842 1847/2549/1847 1848/2550/1848
f 1842/2543/1842 1846/2547/1846 1843/2544/1843
f 1842/2543/1842 1848/2550/1848 1504/2548/1504
f 1842/2543/1842 1844/2545/1844 1847/2549/1847
f 1223/1659/1223 1225/1658/1225 1849/2551/1849
f 1223/1655/1223 1850/2552/1850 1224/1656/1224
f 1223/1655/1223 1849/2553/1849 1851/2554/1851
f 1223/1655/1223 1851/2554/1851 1850/2552/1850
f 1852/2555/1852 1853/2556/1853 755/1009/755
f 1852/2555/1852 755/1009/755 759/1013/759
f 1852/2555/1852 1854/2557/1854 1853/2556/1853
f 1852/2558/1852 104/1984/104 1855/2559/1855
f 1852/2555/1852 759/1013/759 104/143/104
f 1852/2558/1852 1855/2559/1855 1854/2560/1854
f 1856/2561/1856 4/4/4 1857/2562/1857
f 1856/2561/1856 1857/2562/1857 274/2563/274
f 1856/2561/1856 698/2564/698 4/4/4
f 1856/2565/1856 699/931/699 698/930/698
f 1856/2565/1856 273/350/273 699/931/699
f 1856/2565/1856 274/351/274 273/350/273
f 702/936/702 704/938/704 1858/2566/1858
f 702/936/702 1859/2567/1859 1860/2568/1860
f 702/936/702 1860/2568/1860 1861/2569/1861
f 702/936/702 1858/2566/1858 1859/2567/1859
f 702/936/702 1861/2569/1861 703/937/703
f 1533/2086/1533 1536/2091/1536 1291/2570/1291
f 1533/2086/1533 953/2571/953 952/2087/952
f 1533/2086/1533 1291/2570/1291 1862/2572/1862
f 1533/2086/1533 1862/2572/1862 953/2571/953
f 1863/2573/1863 1864/2574/1864 1865/2575/1865
f 1863/2573/1863 1865/2575/1865 1124/1514/1124
f 1863/2576/1863 1120/1507/1120 1866/2577/1866
f 1863/2576/1863 1866/2577/1866 1867/2578/1867
f 1863/2573/1863 1867/2579/1867 1864/2574/1864
f 1863/2573/1863 1124/1514/1124 1120/1513/1120
f 1868/2580/1868 1869/2581/1869 1870/2582/1870
f 1868/2583/1868 1303/1769/1303 1871/2584/1871
f 1868/2580/1868 1872/2585/1872 1869/2581/1869
f 1868/2583/1868 1871/2584/1871 1872/2586/1872
f 1868/2580/1868 1870/2582/1870 1304/1773/1304
f 1868/2583/1868 1304/1770/1304 1303/1769/1303
f 1873/2587/1873 1874/2588/1874 40/2589/40
f 1873/2590/1873 676/2591/676 678/2592/678
f 1873/2590/1873 40/48/40 41/49/41
f 1873/2587/1873 678/905/678 1874/2588/1874
f 1873/2590/1873 41/49/41 676/2591/676
f 1875/2593/1875 44/57/44 1876/2594/1876
f 1875/2595/1875 1877/2596/1877 1878/2597/1878
f 1875/2595/1875 1876/2598/1876 1879/2599/1879
f 1875/2595/1875 1879/2599/1879 1877/2596/1877
f 1875/2593/1875 1878/2600/1878 48/58/48
f 1875/2593/1875 48/58/48 44/57/44
f 1880/2601/1880 1317/1791/1317 1881/2602/1881
f 1880/2601/1880 1005/1343/1005 1478/2012/1478
f 1880/2601/1880 1478/2012/1478 1317/1791/1317
f 1880/2601/1880 1006/1344/1006 1005/1343/1005
f 1880/2601/1880 1881/2602/1881 1006/1344/1006
f 1882/2603/1882 1883/2604/1883 1163/1569/1163
f 1882/2603/1882 1163/1569/1163 1164/1571/1164
f 1882/2603/1882 1164/1571/1164 1162/1568/1162
f 1882/2603/1882 1162/1568/1162 1883/2604/1883
f 1884/2605/1884 1885/2606/1885 1886/2607/1886
f 1884/2605/1884 1744/2393/1744 1749/2400/1749
f 1884/2605/1884 1641/2235/1641 1643/2234/1643
f 1884/2605/1884 1886/2607/1886 1744/2393/1744
f 1884/2605/1884 1643/2234/1643 1885/2606/1885
f 1884/2605/1884 1749/2400/1749 1641/2235/1641
f 1887/2608/1887 1888/2609/1888 1889/2610/1889
f 1887/2608/1887 1889/2610/1889 1890/2611/1890
f 1887/2608/1887 1891/2612/1891 1892/2613/1892
f 1887/2608/1887 1893/2614/1893 1888/2609/1888
f 1887/2608/1887 1890/2611/1890 1891/2612/1891
f 1887/2608/1887 1892/2613/1892 1893/2614/1893
f 544/722/544 548/2615/548 1268/1723/1268
f 544/722/544 1272/1727/1272 545/723/545
f 1894/2616/1894 1895/2617/1895 1896/2618/1896
f 1894/2616/1894 1454/2619/1454 1036/1395/1036
f 1894/2620/1894 1455/1974/1455 1454/1973/1454
f 1894/2616/1894 1036/1395/1036 1895/2617/1895
f 1894/2620/1894 1896/2621/1896 1897/2622/1897
f 1894/2620/1894 1897/2622/1897 1455/1974/1455
f 1038/1398/1038 1040/1400/1040 1898/2623/1898
f 1038/1398/1038 66/84/66 1039/1399/1039
f 1038/1398/1038 1898/2623/1898 66/84/66
f 1665/2272/1665 660/2624/660 208/276/208
f 1665/2272/1665 204/272/204 1390/1888/1390
f 1665/2272/1665 208/276/208 204/272/204
f 1665/2272/1665 1668/2275/1668 660/2624/660
f 1899/2625/1899 213/2626/213 212/2627/212
f 1899/2625/1899 1050/1410/1050 1670/2280/1670
f 1899/2625/1899 212/2627/212 1050/1410/1050
f 1899/2625/1899 1670/2280/1670 1900/2628/1900
f 1899/2625/1899 1900/2628/1900 213/2626/213
f 375/494/375 1901/2629/1901 1902/2630/1902
f 375/494/375 374/493/374 1901/2629/1901
f 375/494/375 1902/2630/1902 1903/2631/1903
f 375/494/375 1903/2631/1903 376/495/376
f 1904/2632/1904 1905/2633/1905 1906/2634/1906
f 1904/2635/1904 1907/2636/1907 127/166/127
f 1904/2632/1904 1908/2637/1908 1905/2633/1905
f 1904/2632/1904 126/170/126 1909/2638/1909
f 1904/2632/1904 1909/2638/1909 1908/2637/1908
f 1904/2632/1904 1906/2634/1906 1907/2639/1907
f 1904/2632/1904 127/2640/127 126/170/126
f 1910/2641/1910 566/2642/566 1911/2643/1911
f 1910/2644/1910 1912/2645/1912 566/2646/566
f 1216/2647/1216 1218/2648/1218 1913/2649/1913
f 1216/1646/1216 1914/2650/1914 1217/1647/1217
f 1216/2647/1216 1913/2649/1913 1915/2651/1915
f 1216/2647/1216 1915/2651/1915 1914/2652/1914
f 1916/2653/1916 1917/2654/1917 1370/1862/1370
f 1916/2653/1916 1918/2655/1918 1919/2656/1919
f 1916/2653/1916 1370/1862/1370 1920/2657/1920
f 1916/2653/1916 1921/2658/1921 1918/2655/1918
f 1916/2653/1916 1919/2656/1919 1917/2654/1917
f 1916/2653/1916 1920/2657/1920 1921/2658/1921
f 1922/2659/1922 1923/2660/1923 1924/2661/1924
f 1922/2659/1922 1924/2661/1924 410/537/410
f 1922/2659/1922 1925/2662/1925 715/953/715
f 1922/2659/1922 715/953/715 1923/2660/1923
f 1922/2659/1922 410/537/410 1925/2662/1925
f 1926/2663/1926 1927/2664/1927 1362/1850/1362
f 1926/2663/1926 616/818/616 1928/2665/1928
f 1926/2663/1926 1361/1849/1361 1929/2666/1929
f 1926/2663/1926 1362/1850/1362 1361/1849/1361
f 1926/2663/1926 1929/2666/1929 616/818/616
f 1926/2663/1926 1928/2665/1928 1927/2664/1927
f 1930/2667/1930 1806/2668/1806 1931/2669/1931
f 1930/2667/1930 1932/2670/1932 1808/2671/1808
f 1930/2672/1930 1807/2480/1807 1806/2479/1806
f 1930/2672/1930 1808/2481/1808 1807/2480/1807
f 1930/2667/1930 1931/2669/1931 1932/2670/1932
f 1933/2673/1933 1934/2674/1934 1935/2675/1935
f 1933/2673/1933 1936/2676/1936 1934/2674/1934
f 1933/2677/1933 1278/1734/1278 1283/1741/1283
f 1933/2677/1933 1279/1735/1279 1278/1734/1278
f 1933/2673/1933 1937/2678/1937 1938/2679/1938
f 1933/2673/1933 1938/2679/1938 1936/2676/1936
f 1933/2673/1933 1591/2680/1591 1937/2678/1937
f 1933/2673/1933 1935/2675/1935 1279/2681/1279
f 1933/2677/1933 1283/1741/1283 1592/2484/1592
f 1933/2682/1933 1592/2683/1592 1591/2684/1591
f 1939/2685/1939 1940/2686/1940 1941/2687/1941
f 1939/2685/1939 1942/2688/1942 1943/2689/1943
f 1939/2685/1939 1943/2689/1943 1940/2686/1940
f 1939/2685/1939 1174/1582/1174 1942/2688/1942
f 1939/2685/1939 1941/2687/1941 1174/1582/1174
f 1944/2690/1944 1945/2691/1945 1946/2692/1946
f 1944/2693/1944 187/249/187 1815/2490/1815
f 1944/2690/1944 1947/2694/1947 1945/2691/1945
f 1944/2693/1944 1946/2695/1946 1948/2696/1948
f 1944/2690/1944 1815/2697/1815 1947/2694/1947
f 1944/2693/1944 1948/2696/1948 187/249/187
f 1182/1596/1182 1949/2698/1949 1183/1597/1183
f 1182/1596/1182 1950/2699/1950 1949/2698/1949
f 1182/1596/1182 1186/1600/1186 1034/1394/1034
f 1182/1596/1182 1034/1394/1034 1950/2699/1950
f 199/269/199 1951/2700/1951 200/2701/200
f 199/269/199 1387/1885/1387 1951/2700/1951
f 199/269/199 1952/2702/1952 1387/1885/1387
f 199/269/199 201/268/201 1952/2702/1952
f 817/1088/817 791/2497/791 1953/2703/1953
f 817/1088/817 1954/2704/1954 818/1089/818
f 817/1088/817 1953/2703/1953 1954/2704/1954
f 1392/2705/1392 1824/2706/1824 1955/2707/1955
f 1392/2705/1392 1955/2707/1955 1393/2708/1393
f 1392/2503/1392 1395/2709/1395 802/1063/802
f 1956/2710/1956 1525/2077/1525 1158/1563/1158
f 1956/2711/1956 1957/2712/1957 1525/2713/1525
f 1956/2710/1956 1958/2714/1958 1959/2715/1959
f 1956/2710/1956 1158/1563/1158 1958/2714/1958
f 1956/2711/1956 1959/2716/1959 1960/2717/1960
f 1956/2711/1956 1960/2717/1960 1957/2712/1957
f 1961/2718/1961 1962/2719/1962 1963/2720/1963
f 1961/2718/1961 1964/2721/1964 1965/2722/1965
f 1961/2718/1961 1327/1801/1327 1962/2719/1962
f 1961/2718/1961 1963/2720/1963 1964/2721/1964
f 1961/2718/1961 1965/2722/1965 1327/1801/1327
f 1966/2723/1966 1967/2724/1967 1968/2725/1968
f 1966/2723/1966 1969/2726/1969 1967/2724/1967
f 1966/2723/1966 1968/2725/1968 1970/2727/1970
f 1966/2723/1966 1970/2727/1970 1969/2726/1969
f 387/506/387 1971/2728/1971 630/2729/630
f 387/506/387 392/511/392 1339/1824/1339
f 387/506/387 1339/1824/1339 1971/2728/1971
f 387/506/387 630/2729/630 388/507/388
f 1218/1648/1218 1972/2730/1972 1973/2731/1973
f 1218/2648/1218 1974/2732/1974 1913/2649/1913
f 1218/2648/1218 1975/2733/1975 1974/2732/1974
f 1218/2648/1218 1973/2734/1973 1975/2733/1975
f 1218/1648/1218 1220/1652/1220 1972/2730/1972
f 1976/2735/1976 1977/2736/1977 1978/2737/1978
f 1976/2738/1976 1979/2739/1979 1980/2740/1980
f 1976/2741/1976 1978/2742/1978 1981/2743/1981
f 1976/2741/1976 1981/2743/1981 1979/2744/1979
f 1976/2735/1976 1982/2745/1982 1977/2736/1977
f 1976/2738/1976 1980/2740/1980 1982/2746/1982
f 1983/2747/1983 1984/2748/1984 1985/2749/1985
f 1983/2747/1983 1986/2750/1986 1580/2157/1580
f 1983/2747/1983 1985/2749/1985 1987/2751/1987
f 1983/2747/1983 1580/2157/1580 1988/2752/1988
f 1983/2747/1983 1989/2753/1989 1986/2750/1986
f 1983/2747/1983 1988/2752/1988 1984/2748/1984
f 1983/2747/1983 1987/2751/1987 1989/2753/1989
f 1067/2754/1067 1358/2325/1358 1990/2755/1990
f 1067/2754/1067 1360/2756/1360 1358/2325/1358
f 1067/2757/1067 1070/2758/1070 1360/1848/1360
f 1430/2759/1430 1075/1448/1075 1074/1447/1074
f 1430/2760/1430 1828/2761/1828 222/2762/222
f 1430/2760/1430 221/2763/221 1075/2764/1075
f 1430/2760/1430 222/2762/222 221/2763/221
f 1430/2760/1430 1435/2765/1435 1828/2761/1828
f 1991/2766/1991 225/293/225 1382/2767/1382
f 1991/2768/1991 1379/1872/1379 1992/2769/1992
f 1991/2768/1991 1992/2769/1992 507/673/507
f 1991/2768/1991 1382/1875/1382 1379/1872/1379
f 1991/2768/1991 507/673/507 225/2770/225
f 1993/2771/1993 926/2772/926 1994/2773/1994
f 1993/2771/1993 1995/2774/1995 926/2772/926
f 1993/2775/1993 1996/2776/1996 1997/2777/1997
f 1993/2771/1993 1994/2773/1994 1998/2778/1998
f 1993/2775/1993 1997/2777/1997 1995/2779/1995
f 1993/2775/1993 1998/2780/1998 1996/2776/1996
f 1999/2781/1999 932/1240/932 238/2782/238
f 1999/2781/1999 997/1331/997 1000/1336/1000
f 1999/2781/1999 1450/1967/1450 2000/2783/2000
f 1999/2781/1999 2000/2783/2000 932/1240/932
f 1999/2781/1999 238/2782/238 997/1331/997
f 1999/2781/1999 1000/1336/1000 1450/1967/1450
f 244/1709/244 1024/1708/1024 245/2044/245
f 1259/2784/1259 256/2785/256 2001/2786/2001
f 1259/1711/1259 2002/2787/2002 1260/1712/1260
f 1259/2784/1259 2001/2786/2001 2002/2788/2002
f 1259/2789/1259 257/2026/257 256/2790/256
f 1259/2789/1259 1264/2027/1264 257/2026/257
f 1594/2176/1594 2003/2791/2003 332/421/332
f 1594/2176/1594 332/421/332 335/425/335
f 1594/2176/1594 2004/2792/2004 2003/2791/2003
f 1594/2176/1594 1596/2178/1596 2004/2792/2004
f 910/1207/910 1766/2423/1766 2005/2793/2005
f 910/1207/910 2006/2794/2006 911/1208/911
f 910/1207/910 2005/2793/2005 2006/2794/2006
f 910/1207/910 916/1218/916 1766/2423/1766
f 394/513/394 2007/2795/2007 395/514/395
f 394/513/394 2008/2796/2008 1401/1901/1401
f 394/513/394 2009/2797/2009 2010/2798/2010
f 394/513/394 1401/1901/1401 1397/1902/1397
f 394/513/394 397/523/397 2008/2796/2008
f 394/513/394 2010/2798/2010 2007/2795/2007
f 394/513/394 1397/1902/1397 2009/2797/2009
f 2011/2799/2011 1054/1421/1054 1053/1417/1053
f 2011/2799/2011 298/382/298 2012/2800/2012
f 2011/2799/2011 1053/1417/1053 298/382/298
f 2011/2801/2011 2012/2802/2012 460/608/460
f 2011/2801/2011 460/608/460 1054/1419/1054
f 16/16/16 2013/2803/2013 2014/2804/2014
f 16/16/16 2015/2805/2015 17/17/17
f 16/16/16 19/19/19 2013/2803/2013
f 16/16/16 2014/2804/2014 2015/2805/2015
f 2016/2806/2016 2017/2807/2017 28/2808/28
f 2016/2809/2016 27/2810/27 2018/2811/2018
f 2016/2806/2016 2019/2812/2019 2017/2807/2017
f 2016/2809/2016 28/2813/28 27/2810/27
f 2016/2809/2016 2018/2811/2018 2019/2814/2019
f 1622/2205/1622 2020/2815/2020 2021/2816/2021
f 1622/2205/1622 2021/2816/2021 2022/2817/2022
f 1622/2205/1622 1628/2211/1628 2020/2815/2020
f 1622/2205/1622 2022/2817/2022 1623/2206/1623
f 2023/2818/2023 2024/2819/2024 1143/1542/1143
f 2023/2818/2023 2025/2820/2025 2026/2821/2026
f 2023/2818/2023 2027/2822/2027 2025/2820/2025
f 2023/2818/2023 2026/2821/2026 2024/2819/2024
f 2023/2818/2023 1143/1542/1143 2027/2822/2027
f 884/1168/884 2028/2823/2028 1424/2824/1424
f 884/1168/884 2029/2825/2029 2028/2823/2028
f 884/1168/884 1423/2826/1423 885/1169/885
f 884/1168/884 1424/2824/1424 1423/2826/1423
f 884/1168/884 889/1175/889 2029/2825/2029
f 1156/1558/1156 665/883/665 667/885/667
f 1156/1558/1156 1155/1557/1155 2030/2827/2030
f 1156/1558/1156 667/885/667 1157/1559/1157
f 1156/1558/1156 2030/2827/2030 665/883/665
f 110/2828/110 115/153/115 1323/1797/1323
f 110/2828/110 1323/1797/1323 719/2829/719
f 1905/2830/1905 2031/2831/2031 2032/2832/2032
f 1905/2830/1905 1908/2833/1908 587/2834/587
f 1905/2830/1905 587/2834/587 2031/2831/2031
f 1905/2633/1905 2032/2835/2032 1906/2634/1906
f 1026/1376/1026 1934/2674/1934 1936/2676/1936
f 1026/1376/1026 1936/2676/1936 1938/2679/1938
f 1026/1376/1026 1029/1383/1029 1552/2836/1552
f 1026/1376/1026 1938/2679/1938 1027/1377/1027
f 1026/1376/1026 1552/2836/1552 2033/2837/2033
f 1026/1376/1026 2033/2837/2033 1934/2674/1934
f 2034/2838/2034 1972/2839/1972 2035/2840/2035
f 2034/2838/2034 2036/2841/2036 2037/2842/2037
f 2034/2838/2034 2037/2842/2037 1972/2839/1972
f 2034/2838/2034 2035/2840/2035 2036/2841/2036
f 2038/2843/2038 2039/2844/2039 2040/2845/2040
f 2038/2843/2038 2041/2846/2041 2042/2847/2042
f 2038/2843/2038 2040/2845/2040 1105/1492/1105
f 2038/2843/2038 2042/2847/2042 2039/2844/2039
f 2038/2843/2038 1105/1492/1105 2041/2846/2041
f 1351/1839/1351 2043/2848/2043 1352/1840/1352
f 1351/2849/1351 1355/2850/1355 1892/2613/1892
f 1351/2849/1351 1892/2613/1892 2043/2851/2043
f 1359/1847/1359 2044/2852/2044 1699/2853/1699
f 1359/1847/1359 1362/1850/1362 2044/2852/2044
f 2045/2854/2045 162/218/162 600/794/600
f 2045/2855/2045 2046/2856/2046 1386/2857/1386
f 2045/2854/2045 2047/2858/2047 900/2859/900
f 2045/2854/2045 600/794/600 2046/2860/2046
f 2045/2855/2045 1386/2857/1386 2047/2861/2047
f 2045/2854/2045 900/2859/900 162/218/162
f 325/416/325 226/294/226 2048/2862/2048
f 325/416/325 227/295/227 226/294/226
f 325/411/325 2048/2863/2048 326/412/326
f 1810/2864/1810 2049/2865/2049 541/2866/541
f 1810/2864/1810 1811/2867/1811 2049/2865/2049
f 1810/2485/1810 541/2868/541 180/241/180
f 2050/2869/2050 2051/2870/2051 2052/2871/2052
f 2050/2869/2050 2053/2872/2053 2054/2873/2054
f 2050/2869/2050 2055/2874/2055 2056/2875/2056
f 2050/2869/2050 2054/2873/2054 2051/2870/2051
f 2050/2869/2050 2052/2871/2052 2055/2874/2055
f 2050/2869/2050 2056/2875/2056 2053/2872/2053
f 873/1157/873 2057/2876/2057 2058/2877/2058
f 873/1157/873 2058/2877/2058 1702/2326/1702
f 873/1157/873 876/1160/876 2057/2876/2057
f 1513/2878/1513 2059/2879/2059 2060/2880/2060
f 1513/2878/1513 2060/2880/2060 1514/2881/1514
f 1513/2878/1513 1142/2882/1142 1144/2883/1144
f 1513/2878/1513 2061/2884/2061 2059/2879/2059
f 1513/2878/1513 1144/2883/1144 2061/2884/2061
f 358/2885/358 362/2886/362 2062/2887/2062
f 358/469/358 888/2888/888 359/470/359
f 358/469/358 2062/2889/2062 2063/2890/2063
f 358/469/358 2063/2890/2063 888/2888/888
f 2064/2891/2064 2065/2892/2065 2066/2893/2066
f 2064/2894/2064 2067/2895/2067 894/1184/894
f 2064/2891/2064 2068/2896/2068 2067/2897/2067
f 2064/2894/2064 894/1184/894 895/1186/895
f 2064/2894/2064 895/1186/895 2065/2898/2065
f 2064/2891/2064 2066/2893/2066 2068/2896/2068
f 2069/2899/2069 1499/2900/1499 2070/2901/2070
f 2069/2899/2069 1275/1731/1275 1276/1732/1276
f 2069/2899/2069 1276/1732/1276 1499/2900/1499
f 2069/2899/2069 2071/2902/2071 1275/1731/1275
f 2069/2899/2069 2072/2903/2072 2071/2902/2071
f 2069/2899/2069 2070/2901/2070 2072/2903/2072
f 1107/2904/1107 283/2905/283 2073/2906/2073
f 1107/2907/1107 1536/2091/1536 2074/2908/2074
f 1107/2907/1107 1288/2909/1288 1536/2091/1536
f 1107/2907/1107 2073/2910/2073 1288/2909/1288
f 1107/1494/1107 2074/2911/2074 149/199/149
f 1293/2912/1293 2075/2913/2075 2076/2914/2076
f 1293/2912/1293 1295/2915/1295 2075/2913/2075
f 1293/1755/1293 2076/2916/2076 1294/1756/1294
f 1011/2917/1011 2077/2918/2077 1955/2707/1955
f 1011/2917/1011 1539/2919/1539 2078/2920/2078
f 1011/2917/1011 1729/2368/1729 2077/2918/2077
f 1011/1352/1011 1955/2921/1955 1012/1353/1012
f 1011/2917/1011 2078/2920/2078 1729/2368/1729
f 1011/1352/1011 1014/1359/1014 1539/2096/1539
f 1874/2588/1874 1308/1776/1308 1310/1778/1310
f 1874/2588/1874 1310/1778/1310 2079/2922/2079
f 1874/2588/1874 678/905/678 1308/1776/1308
f 1874/2588/1874 2079/2922/2079 40/2589/40
f 2080/2923/2080 1474/2924/1474 1879/2599/1879
f 2080/2923/2080 435/580/435 434/574/434
f 2080/2923/2080 1334/1814/1334 2081/2925/2081
f 2080/2923/2080 1879/2599/1879 435/580/435
f 2080/2923/2080 434/574/434 1334/1814/1334
f 2080/2923/2080 2081/2925/2081 1474/2924/1474
f 1004/2926/1004 1088/1470/1088 1477/2927/1477
f 1004/1350/1004 1009/1349/1009 1090/2928/1090
f 1004/2926/1004 1090/1471/1090 1088/1470/1088
f 1004/1342/1004 1477/2011/1477 1005/1343/1005
f 1241/1682/1241 1244/1685/1244 1931/2669/1931
f 1241/1682/1241 2082/2929/2082 1242/1683/1242
f 1241/1682/1241 1931/2669/1931 2083/2930/2083
f 1241/1682/1241 2083/2930/2083 2082/2929/2082
f 2084/2931/2084 604/801/604 832/2932/832
f 2084/2931/2084 1515/2064/1515 604/801/604
f 2084/2931/2084 655/867/655 2085/2933/2085
f 2084/2931/2084 2086/2934/2086 655/867/655
f 2084/2931/2084 2085/2933/2085 1515/2064/1515
f 2084/2935/2084 832/1109/832 2086/2936/2086
f 69/2937/69 1252/2938/1252 70/90/70
f 69/87/69 74/94/74 1250/1695/1250
f 2087/2939/2087 2088/2940/2088 1459/2941/1459
f 2087/2939/2087 554/2942/554 2089/2943/2089
f 2087/2939/2087 1459/2941/1459 554/2942/554
f 2087/2944/2087 80/104/80 2088/2945/2088
f 2087/2939/2087 2089/2943/2089 80/2946/80
f 2090/2947/2090 82/110/82 86/114/86
f 2090/2948/2090 2091/2949/2091 2092/2950/2092
f 2090/2947/2090 2093/2951/2093 1569/2140/1569
f 2090/2948/2090 2092/2950/2092 2093/2952/2093
f 2090/2947/2090 1569/2140/1569 82/110/82
f 2090/2948/2090 86/2953/86 2091/2949/2091
f 1121/1509/1121 2094/2954/2094 2095/2955/2095
f 1121/1509/1121 2096/2956/2096 2094/2954/2094
f 1121/1509/1121 2095/2955/2095 1122/1510/1122
f 1121/1509/1121 1124/1514/1124 2096/2956/2096
f 977/2957/977 2097/2958/2097 551/732/551
f 977/1301/977 551/1979/551 978/1302/978
f 977/2959/977 982/2960/982 2097/2961/2097
f 984/1311/984 988/1316/988 2098/2962/2098
f 984/1311/984 2099/2963/2099 2100/2964/2100
f 984/1311/984 2100/2964/2100 985/1312/985
f 984/1311/984 2098/2962/2098 2099/2963/2099
f 2101/2965/2101 1586/2163/1586 1661/2266/1661
f 2101/2965/2101 805/1067/805 2102/2966/2102
f 2101/2965/2101 574/2265/574 572/1068/572
f 2101/2965/2101 1661/2266/1661 574/2265/574
f 2101/2965/2101 572/1068/572 805/1067/805
f 2101/2965/2101 2102/2966/2102 1586/2163/1586
f 2103/2967/2103 2104/2968/2104 2105/2969/2105
f 2103/2970/2103 1663/2270/1663 1847/2971/1847
f 2103/2972/2103 1847/2549/1847 2104/2973/2104
f 2103/2970/2103 815/1086/815 814/1082/814
f 2103/2970/2103 814/1082/814 1663/2270/1663
f 2103/2970/2103 2105/2974/2105 815/1086/815
f 2106/2975/2106 1044/2976/1044 2107/2977/2107
f 2106/2978/2106 1148/1553/1148 2108/2979/2108
f 2106/2978/2106 1045/1405/1045 1044/1404/1044
f 2106/2978/2106 2108/2979/2108 1045/1405/1045
f 2106/2975/2106 2107/2977/2107 2109/2980/2109
f 2106/2975/2106 2109/2980/2109 1148/1547/1148
f 736/2981/736 1193/2982/1193 2110/2983/2110
f 736/986/736 2110/2984/2110 741/991/741
f 2111/2985/2111 2112/2986/2112 1571/2144/1571
f 2111/2985/2111 1838/2541/1838 2112/2986/2112
f 2111/2985/2111 1571/2144/1571 2113/2987/2113
f 2111/2988/2111 2114/2989/2114 2115/2990/2115
f 2111/2985/2111 2113/2987/2113 2114/2991/2114
f 2111/2985/2111 2115/2992/2115 1838/2541/1838
f 1574/2148/1574 1577/2151/1577 2116/2993/2116
f 1574/2148/1574 2117/2994/2117 1575/2149/1575
f 1574/2148/1574 2118/2995/2118 2117/2994/2117
f 1574/2148/1574 2116/2993/2116 2118/2995/2118
f 607/804/607 837/1114/837 753/1007/753
f 607/804/607 612/809/612 837/1114/837
f 1178/1589/1178 2119/2996/2119 2120/2997/2120
f 1178/1589/1178 2120/2997/2120 1179/1590/1179
f 1178/1589/1178 188/250/188 2119/2996/2119
f 2121/2998/2121 992/1322/992 849/2999/849
f 2121/2998/2121 1974/3000/1974 1692/2312/1692
f 2121/2998/2121 2122/3001/2122 992/1322/992
f 2121/3002/2121 1913/2649/1913 1974/2732/1974
f 2121/2998/2121 1692/2312/1692 2122/3001/2122
f 2121/3002/2121 764/1018/764 1913/2649/1913
f 2121/3002/2121 849/3003/849 764/1018/764
f 2123/3004/2123 2124/3005/2124 1917/2654/1917
f 2123/3004/2123 1917/2654/1917 1919/2656/1919
f 2123/3004/2123 2125/3006/2125 2124/3005/2124
f 2123/3007/2123 1979/2744/1979 2126/3008/2126
f 2123/3007/2123 2126/3008/2126 2125/3009/2125
f 2123/3004/2123 1919/2656/1919 1979/2739/1979
f 1373/3010/1373 2127/3011/2127 1862/2572/1862
f 1373/3010/1373 1537/3012/1537 2127/3011/2127
f 1373/3013/1373 1377/3014/1377 776/1035/776
f 1373/1865/1373 2128/3015/2128 1374/1866/1374
f 1373/3010/1373 1862/2572/1862 2128/3016/2128
f 1373/3013/1373 776/1035/776 1537/3017/1537
f 2129/3018/2129 1168/1575/1168 1167/1574/1167
f 2129/3018/2129 2130/3019/2130 962/3020/962
f 2129/3021/2129 962/1278/962 1538/2095/1538
f 2129/3021/2129 1538/2095/1538 1168/2094/1168
f 2129/3018/2129 1167/1574/1167 2130/3019/2130
f 1869/2581/1869 1872/2585/1872 2131/3022/2131
f 1869/2581/1869 2131/3022/2131 2132/3023/2132
f 1869/2581/1869 2133/3024/2133 1870/2582/1870
f 1869/2581/1869 2132/3023/2132 2133/3024/2133
f 2134/3025/2134 2135/3026/2135 2136/3027/2136
f 2134/3025/2134 1962/3028/1962 2135/3026/2135
f 2134/3025/2134 2137/3029/2137 1963/3030/1963
f 2134/3025/2134 2136/3027/2136 1019/1365/1019
f 2134/3025/2134 1019/1365/1019 2138/3031/2138
f 2134/3025/2134 1963/3030/1963 1962/3028/1962
f 2134/3025/2134 2138/3031/2138 2137/3029/2137
f 1651/2249/1651 1907/2636/1907 2139/3032/2139
f 1651/2249/1651 128/167/128 1907/2636/1907
f 1651/2249/1651 2139/3032/2139 1897/3033/1897
f 1651/2249/1651 1897/3033/1897 1652/2250/1652
f 2140/3034/2140 1654/2255/1654 2141/3035/2141
f 2140/3034/2140 1803/2476/1803 2142/3036/2142
f 2140/3034/2140 2141/3035/2141 1803/2476/1803
f 2143/3037/2143 1659/2260/1659 2144/3038/2144
f 2143/3037/2143 1587/2261/1587 1659/2260/1659
f 2143/3037/2143 2144/3038/2144 1588/3039/1588
f 2143/3037/2143 1588/3039/1588 1587/2261/1587
f 1501/3040/1501 2094/2954/2094 388/507/388
f 1501/2047/1501 388/830/388 631/832/631
f 1501/3040/1501 2145/3041/2145 2094/2954/2094
f 1501/3040/1501 1505/3042/1505 2145/3041/2145
f 635/836/635 2146/3043/2146 636/837/636
f 635/836/635 1266/1721/1266 2147/3044/2147
f 635/836/635 2147/3044/2147 2146/3043/2146
f 1853/2556/1853 2055/2874/2055 755/1009/755
f 1853/2556/1853 1854/2557/1854 2148/3045/2148
f 1853/2556/1853 2056/2875/2056 2055/2874/2055
f 1853/2556/1853 2148/3045/2148 2056/2875/2056
f 404/531/404 407/534/407 1987/2751/1987
f 404/3046/404 2149/3047/2149 405/3048/405
f 404/3046/404 1987/3049/1987 2149/3047/2149
f 2150/3050/2150 2151/3051/2151 2152/3052/2152
f 2150/3050/2150 2153/3053/2153 65/83/65
f 2150/3050/2150 2152/3052/2152 2153/3053/2153
f 2150/3050/2150 2154/3054/2154 1613/3055/1613
f 2150/3050/2150 65/83/65 2154/3054/2154
f 2150/3050/2150 1613/3055/1613 2151/3051/2151
f 2155/3056/2155 510/679/510 2156/3057/2156
f 2155/3056/2155 2157/3058/2157 1995/3059/1995
f 2155/3056/2155 1995/3059/1995 2158/3060/2158
f 2155/3056/2155 2159/3061/2159 2157/3058/2157
f 2155/3056/2155 2156/3057/2156 2159/3061/2159
f 2155/3056/2155 2158/3060/2158 510/679/510
f 1255/3062/1255 2160/3063/2160 77/3064/77
f 1255/1702/1255 1256/1701/1256 2161/3065/2161
f 1255/1702/1255 2161/3065/2161 2160/3066/2160
f 1432/1942/1432 1434/1944/1434 2162/3067/2162
f 1432/1942/1432 2163/3068/2163 2164/3069/2164
f 1432/1942/1432 2165/3070/2165 2163/3068/2163
f 1432/1942/1432 2162/3067/2162 2165/3070/2165
f 1432/1942/1432 2164/3069/2164 1433/1943/1433
f 2166/3071/2166 2167/3072/2167 1439/3073/1439
f 2166/3071/2166 1829/2521/1829 2168/3074/2168
f 2166/3071/2166 1439/3073/1439 1441/3075/1441
f 2166/3071/2166 1441/3075/1441 1830/2522/1830
f 2166/3071/2166 2168/3074/2168 2169/3076/2169
f 2166/3071/2166 2169/3076/2169 2167/3072/2167
f 2166/3071/2166 1830/2522/1830 1829/2521/1829
f 2170/3077/2170 2171/3078/2171 860/1144/860
f 2170/3077/2170 859/1143/859 2172/3079/2172
f 2170/3077/2170 860/1144/860 859/1143/859
f 2170/3077/2170 2172/3079/2172 2171/3078/2171
f 1934/2674/1934 2033/2837/2033 1935/2675/1935
f 1094/1478/1094 6/6/6 5/5/5
f 1094/1478/1094 5/5/5 1095/1479/1095
f 1094/1478/1094 1097/1481/1097 2173/3080/2173
f 1094/1478/1094 2173/3080/2173 6/6/6
f 2174/3081/2174 2175/3082/2175 14/14/14
f 2174/3081/2174 14/14/14 2176/3083/2176
f 462/610/462 464/612/464 712/950/712
f 462/610/462 1235/3084/1235 463/611/463
f 462/610/462 1236/3085/1236 1235/3084/1235
f 462/610/462 712/950/712 1236/3085/1236
f 23/23/23 469/617/469 24/24/24
f 23/30/23 26/29/26 2177/3086/2177
f 23/23/23 2178/3087/2178 469/617/469
f 23/23/23 2177/3088/2177 2178/3087/2178
f 2179/3089/2179 2180/3090/2180 1689/2307/1689
f 2179/3089/2179 1689/2307/1689 1691/2309/1691
f 2179/3091/2179 2008/2796/2008 397/523/397
f 2179/3091/2179 1691/2311/1691 1688/2305/1688
f 2179/3089/2179 397/517/397 2180/3090/2180
f 2179/3091/2179 1688/2305/1688 2008/2796/2008
f 2088/3092/2088 2181/3093/2181 1459/3094/1459
f 2088/3095/2088 79/101/79 2181/3096/2181
f 2088/2945/2088 80/104/80 79/103/79
f 2182/3097/2182 2043/3098/2043 2183/3099/2183
f 2182/3097/2182 1797/2470/1797 2184/3100/2184
f 2182/3097/2182 2183/3099/2183 2185/3101/2185
f 2182/3097/2182 2185/3101/2185 1798/2471/1798
f 2182/3097/2182 2184/3100/2184 2043/3098/2043
f 2182/3097/2182 1798/2471/1798 1797/2470/1797
f 1699/2321/1699 2186/3102/2186 2187/3103/2187
f 1699/2853/1699 2044/2852/2044 2186/3104/2186
f 1699/2321/1699 2187/3103/2187 1700/2322/1700
f 346/441/346 555/736/555 556/737/556
f 346/441/346 345/446/345 555/736/555
f 346/441/346 556/737/556 2188/3105/2188
f 346/441/346 2188/3105/2188 347/442/347
f 2059/2879/2059 1630/3106/1630 2189/3107/2189
f 2059/2879/2059 2189/3107/2189 2190/3108/2190
f 2059/2879/2059 2190/3108/2190 2060/2880/2060
f 2059/2879/2059 2061/2884/2061 1630/3106/1630
f 2028/2823/2028 2029/2825/2029 2191/3109/2191
f 2028/2823/2028 2192/3110/2192 1424/2824/1424
f 2028/2823/2028 2193/3111/2193 2192/3110/2192
f 2028/2823/2028 2191/3109/2191 2193/3111/2193
f 891/1178/891 2194/3112/2194 2195/3113/2195
f 891/1178/891 1550/3114/1550 2196/3115/2196
f 891/1182/891 893/1181/893 1194/1612/1194
f 891/1178/891 2197/3116/2197 2194/3112/2194
f 891/1178/891 2195/3113/2195 892/1179/892
f 891/1178/891 2196/3115/2196 2197/3116/2197
f 2198/3117/2198 2199/3118/2199 2200/3119/2200
f 2198/3120/2198 2201/3121/2201 2202/3122/2202
f 2198/3117/2198 2203/3123/2203 1436/1947/1436
f 2198/3117/2198 1436/1947/1436 2199/3118/2199
f 2198/3120/2198 2200/3124/2200 2201/3121/2201
f 2198/3125/2198 2204/3126/2204 2203/3127/2203
f 2198/3120/2198 2202/3122/2202 2204/3128/2204
f 2205/3129/2205 811/1080/811 812/1079/812
f 2205/3130/2205 812/1085/812 2206/3131/2206
f 2205/3132/2205 1202/1627/1202 811/1626/811
f 2205/3130/2205 2206/3131/2206 2207/3133/2207
f 2205/3132/2205 2208/3134/2208 1202/1627/1202
f 2205/3135/2205 2207/3136/2207 2208/3137/2208
f 1205/1633/1205 1206/1632/1206 438/579/438
f 1205/1630/1205 1564/2134/1564 583/773/583
f 1205/1633/1205 438/579/438 1564/2132/1564
f 2209/3138/2209 2210/3139/2210 1781/3140/1781
f 2209/3141/2209 2211/3142/2211 2212/3143/2212
f 2209/3138/2209 2212/3144/2212 2210/3139/2210
f 2209/3141/2209 1566/2137/1566 2211/3142/2211
f 2209/3141/2209 1781/2449/1781 738/988/738
f 2209/3141/2209 738/988/738 1566/2137/1566
f 745/1001/745 748/1000/748 649/854/649
f 745/1001/745 649/854/649 2213/3145/2213
f 745/995/745 2213/3146/2213 746/996/746
f 2214/3147/2214 2215/3148/2215 2216/3149/2216
f 2214/3147/2214 2216/3149/2216 2217/3150/2217
f 2214/3147/2214 2217/3150/2217 2218/3151/2218
f 2219/3152/2219 2220/3153/2220 2221/3154/2221
f 2219/3152/2219 2221/3154/2221 2222/3155/2222
f 2219/3156/2219 2041/2846/2041 1227/1664/1227
f 2219/3156/2219 2042/2847/2042 2041/2846/2041
f 2219/3156/2219 1227/1664/1227 2220/3157/2220
f 2219/3152/2219 2222/3155/2222 2042/3158/2042
f 839/1119/839 843/1123/843 341/435/341
f 839/1119/839 2223/3159/2223 2224/3160/2224
f 839/1119/839 341/435/341 2223/3159/2223
f 839/1119/839 2224/3160/2224 840/1120/840
f 2225/3161/2225 2163/3068/2163 2226/3162/2226
f 2225/3161/2225 2226/3162/2226 423/3163/423
f 2225/3164/2225 420/3165/420 2227/3166/2227
f 2225/3161/2225 2228/3167/2228 2163/3068/2163
f 2225/3161/2225 423/3163/423 420/3168/420
f 2225/3161/2225 2227/3169/2227 2228/3167/2228
f 2229/3170/2229 2053/3171/2053 1965/2722/1965
f 2229/3170/2229 947/1258/947 2053/3171/2053
f 2229/3170/2229 1964/2721/1964 2230/3172/2230
f 2229/3170/2229 2230/3172/2230 948/1259/948
f 2229/3170/2229 948/1259/948 947/1258/947
f 2229/3170/2229 1965/2722/1965 1964/2721/1964
f 1083/1459/1083 686/1462/686 773/2220/773
f 1427/3173/1427 781/1042/781 780/1041/780
f 1427/1935/1427 1428/1937/1428 2231/3174/2231
f 1427/3173/1427 2232/3175/2232 781/1042/781
f 1427/1935/1427 2231/3174/2231 2232/3176/2232
f 1644/2241/1644 2233/3177/2233 446/3178/446
f 1644/2241/1644 2234/3179/2234 2235/3180/2235
f 1644/2241/1644 700/933/700 2234/3179/2234
f 1644/2241/1644 2235/3180/2235 2233/3177/2233
f 704/3181/704 2236/3182/2236 2237/3183/2237
f 704/3181/704 707/3184/707 2236/3182/2236
f 704/938/704 2237/3185/2237 1858/2566/1858
f 261/335/261 2238/3186/2238 262/336/262
f 261/335/261 2239/3187/2239 2238/3186/2238
f 261/335/261 2240/3188/2240 2239/3187/2239
f 261/335/261 260/334/260 2240/3188/2240
f 2241/3189/2241 1268/1723/1268 2242/3190/2242
f 2241/3191/2241 2243/3192/2243 2244/3193/2244
f 2241/3191/2241 2242/3194/2242 2245/3195/2245
f 2241/3189/2241 2244/3196/2244 2246/3197/2246
f 2241/3191/2241 2245/3195/2245 2243/3192/2243
f 2241/3189/2241 2246/3197/2246 1268/1723/1268
f 2247/3198/2247 1274/1729/1274 2248/3199/2248
f 2247/3200/2247 2249/3201/2249 2250/3202/2250
f 2247/3198/2247 1483/3203/1483 2251/3204/2251
f 2247/3200/2247 2250/3202/2250 1483/2018/1483
f 2247/3198/2247 2251/3204/2251 1274/1729/1274
f 2247/3200/2247 2252/3205/2252 2249/3201/2249
f 2247/3198/2247 2248/3199/2248 2252/3206/2252
f 2253/3207/2253 2254/3208/2254 279/3209/279
f 491/646/491 2255/3210/2255 2256/3211/2256
f 491/646/491 2257/3212/2257 492/647/492
f 491/646/491 2256/3211/2256 2257/3212/2257
f 491/646/491 494/651/494 2255/3210/2255
f 2258/3213/2258 716/957/716 2259/3214/2259
f 2258/3213/2258 2076/2916/2076 717/958/717
f 2258/3213/2258 717/958/717 716/957/716
f 2258/3213/2258 2259/3214/2259 1294/1756/1294
f 2258/3213/2258 1294/1756/1294 2076/2916/2076
f 1135/1528/1135 2260/3215/2260 2261/3216/2261
f 1135/1530/1135 1136/1529/1136 2262/3217/2262
f 1135/1528/1135 2263/3218/2263 58/71/58
f 1135/3219/1135 2262/3220/2262 2260/3221/2260
f 1135/1528/1135 2261/3216/2261 2263/3218/2263
f 2264/3222/2264 2265/3223/2265 2266/3224/2266
f 2264/3222/2264 923/1228/923 924/1229/924
f 2264/3222/2264 2267/3225/2267 2265/3223/2265
f 2264/3222/2264 924/1229/924 2267/3225/2267
f 2264/3222/2264 2266/3224/2266 923/1228/923
f 2268/3226/2268 1615/3227/1615 2269/3228/2269
f 2268/3226/2268 2270/3229/2270 1615/3227/1615
f 2268/3226/2268 2269/3228/2269 513/3230/513
f 2268/3226/2268 513/3230/513 1524/2075/1524
f 2268/3226/2268 1524/2075/1524 2270/3229/2270
f 1301/1766/1301 1823/3231/1823 1825/3232/1825
f 1301/1766/1301 1825/3232/1825 1526/3233/1526
f 1301/1766/1301 1306/1774/1306 1823/3231/1823
f 1301/1766/1301 1526/3233/1526 1302/1767/1302
f 1806/2479/1806 1246/1688/1246 2083/3234/2083
f 1806/2668/1806 2083/2930/2083 1931/2669/1931
f 2271/3235/2271 2272/3236/2272 2273/3237/2273
f 2271/3235/2271 1556/2121/1556 2274/3238/2274
f 2271/3235/2271 2273/3237/2273 1556/2121/1556
f 2271/3235/2271 2275/3239/2275 2272/3236/2272
f 926/3240/926 1251/1696/1251 1254/1699/1254
f 926/2772/926 2157/3241/2157 927/3242/927
f 926/2772/926 1995/2774/1995 2157/3241/2157
f 926/3240/926 929/3243/929 1251/1696/1251
f 926/2772/926 1254/3244/1254 1994/2773/1994
f 663/880/663 2276/3245/2276 664/881/664
f 663/880/663 552/733/552 555/736/555
f 663/880/663 555/736/555 1015/3246/1015
f 663/3247/663 1015/1357/1015 2276/3248/2276
f 966/3249/966 2277/3250/2277 2278/3251/2278
f 966/3249/966 2278/3251/2278 967/3252/967
f 966/1290/966 969/1289/969 2235/3253/2235
f 966/1290/966 2235/3253/2235 2277/3254/2277
f 2279/3255/2279 2280/3256/2280 2281/3257/2281
f 2279/3258/2279 1859/2567/1859 1858/2566/1858
f 2279/3258/2279 1858/2566/1858 2237/3185/2237
f 2279/3258/2279 2281/3259/2281 2282/3260/2282
f 2279/3255/2279 2237/3183/2237 2280/3256/2280
f 637/838/637 638/839/638 1490/2029/1490
f 637/838/637 1490/2029/1490 2283/3261/2283
f 637/838/637 2283/3261/2283 1265/1720/1265
f 1268/3262/1268 548/728/548 2242/3194/2242
f 1268/1723/1268 2246/3197/2246 1269/1724/1269
f 1274/1729/1274 1275/1731/1275 2248/3199/2248
f 1274/1729/1274 2251/3204/2251 246/315/246
f 2284/3263/2284 2285/3264/2285 2286/3265/2286
f 2284/3263/2284 1486/3266/1486 1488/2024/1488
f 2284/3267/2284 2286/3268/2286 1486/2021/1486
f 2284/3263/2284 1488/2024/1488 2287/3269/2287
f 2284/3263/2284 2287/3269/2287 2285/3264/2285
f 1286/1745/1286 2288/3270/2288 287/371/287
f 1286/1745/1286 286/370/286 1287/1746/1287
f 1286/1751/1286 2289/3271/2289 2288/3272/2288
f 1286/1751/1286 1290/1750/1290 2289/3271/2289
f 1286/1745/1286 287/371/287 286/370/286
f 2290/3273/2290 2291/3274/2291 1296/1759/1296
f 2290/3275/2290 1296/3276/1296 1294/1756/1294
f 2290/3275/2290 2292/3277/2292 2293/3278/2293
f 2290/3273/2290 2293/3279/2293 2291/3274/2291
f 2290/3275/2290 1294/1756/1294 2292/3277/2292
f 2294/3280/2294 2295/3281/2295 2296/3282/2296
f 2294/3280/2294 2296/3282/2296 502/663/502
f 2294/3280/2294 501/662/501 2297/3283/2297
f 2294/3280/2294 1871/2584/1871 2295/3281/2295
f 2294/3280/2294 502/663/502 501/662/501
f 2294/3280/2294 2297/3283/2297 1871/2584/1871
f 2167/3072/2167 2025/2820/2025 2298/3284/2298
f 2167/3072/2167 2298/3284/2298 1439/3073/1439
f 2167/3072/2167 2169/3076/2169 2025/2820/2025
f 1313/1781/1313 828/3285/828 1878/2597/1878
f 1313/1781/1313 829/1784/829 828/3285/828
f 1313/1781/1313 1877/2596/1877 1314/1782/1314
f 1313/1781/1313 1878/2597/1878 1877/2596/1877
f 1317/1791/1317 1478/2012/1478 1318/1792/1318
f 1317/1791/1317 1320/1794/1320 1881/2602/1881
f 1161/1566/1161 1117/1570/1117 2299/3286/2299
f 1161/1566/1161 2300/3287/2300 625/1567/625
f 1161/1566/1161 2299/3286/2299 2300/3287/2300
f 2301/3288/2301 959/3289/959 963/3290/963
f 2301/3288/2301 171/230/171 174/233/174
f 2301/3288/2301 2302/3291/2302 1576/2150/1576
f 2301/3288/2301 1576/2150/1576 171/230/171
f 2301/3288/2301 963/3290/963 2302/3291/2302
f 2301/3288/2301 174/233/174 959/3289/959
f 1173/1586/1173 1176/1585/1176 2303/3292/2303
f 1173/1586/1173 2303/3292/2303 2304/3293/2304
f 1173/1581/1173 2304/3294/2304 1174/1582/1174
f 2051/2870/2051 757/1011/757 2052/2871/2052
f 2051/3295/2051 2054/3296/2054 842/1122/842
f 2051/2870/2051 2305/3297/2305 757/1011/757
f 2051/3295/2051 842/1122/842 2305/3298/2305
f 2306/3299/2306 2307/3300/2307 982/2960/982
f 2306/3299/2306 2308/3301/2308 1184/1598/1184
f 2306/3299/2306 1184/1598/1184 349/455/349
f 2306/3299/2306 2309/3302/2309 2308/3301/2308
f 2306/3299/2306 349/455/349 2307/3300/2307
f 2306/3299/2306 982/2960/982 2309/3302/2309
f 878/3303/878 881/3304/881 2310/3305/2310
f 878/3303/878 2310/3305/2310 2311/3306/2311
f 878/3303/878 2311/3306/2311 2312/3307/2312
f 878/1162/878 2312/3308/2312 879/1163/879
f 727/974/727 731/979/731 1192/3309/1192
f 727/974/727 1192/3309/1192 728/975/728
f 2194/3310/2194 2313/3311/2313 2314/3312/2314
f 2194/3112/2194 2315/3313/2315 2195/3113/2195
f 2194/3310/2194 2314/3312/2314 2316/3314/2316
f 2194/3112/2194 2197/3116/2197 2313/3315/2313
f 2194/3310/2194 2316/3314/2316 2315/3316/2315
f 1196/1621/1196 2317/3317/2317 2202/3318/2202
f 1196/1621/1196 1198/1618/1198 2317/3317/2317
f 1196/1614/1196 2202/3122/2202 1197/1615/1197
f 1201/1625/1201 809/3319/809 811/1626/811
f 1201/3320/1201 912/1210/912 2318/3321/2318
f 1201/3320/1201 1204/3322/1204 912/1210/912
f 1201/1625/1201 2318/3323/2318 809/3319/809
f 1206/1632/1206 433/581/433 438/579/438
f 1206/3324/1206 1909/2638/1909 129/169/129
f 1206/3324/1206 1335/3325/1335 433/3326/433
f 1206/3327/1206 588/3328/588 1909/3329/1909
f 1206/3324/1206 129/169/129 1335/3325/1335
f 1210/1640/1210 368/3330/368 1211/1641/1211
f 1210/1640/1210 2319/3331/2319 368/3330/368
f 1217/1647/1217 2320/3332/2320 766/1021/766
f 1217/1647/1217 1914/2650/1914 2320/3332/2320
f 768/1025/768 2321/3333/2321 2322/3334/2322
f 768/1025/768 2322/3334/2322 769/1026/769
f 768/1025/768 2175/3082/2175 2321/3333/2321
f 768/1025/768 14/14/14 2175/3082/2175
f 1230/1667/1230 2323/3335/2323 1231/1668/1231
f 1230/3336/1230 1925/2662/1925 2323/3337/2323
f 1230/3336/1230 1234/3338/1234 1925/2662/1925
f 1927/2664/1927 2044/2852/2044 1362/1850/1362
f 1927/2664/1927 2324/3339/2324 2044/2852/2044
f 1927/2664/1927 1238/1677/1238 2324/3339/2324
f 1927/2664/1927 1928/2665/1928 1238/1677/1238
f 2/3340/2 2325/3341/2325 1397/3342/1397
f 2/2/2 7/7/7 2325/3343/2325
f 1051/3344/1051 1646/3345/1646 77/3346/77
f 1051/1420/1051 1052/1414/1052 1646/2243/1646
f 2326/3347/2326 2327/3348/2327 2239/3349/2239
f 2326/3347/2326 1405/1906/1405 1406/1907/1406
f 2326/3347/2326 1406/1907/1406 2327/3348/2327
f 2326/3347/2326 2328/3350/2328 1405/1906/1405
f 2326/3351/2326 2239/3187/2239 2240/3188/2240
f 2326/3347/2326 2240/3352/2240 2328/3350/2328
f 1654/2255/1654 1656/2257/1656 2141/3035/2141
f 1605/2187/1605 1607/2189/1607 1988/3353/1988
f 1605/2187/1605 1413/1916/1413 1606/2188/1606
f 1605/2187/1605 1579/3354/1579 1413/1916/1413
f 1605/2187/1605 1988/3353/1988 1579/3354/1579
f 1416/3355/1416 2151/3356/2151 1613/3357/1613
f 1416/3358/1416 1418/3359/1418 2151/3360/2151
f 1416/1921/1416 1612/3361/1612 1417/1922/1417
f 1416/3362/1416 1613/2195/1613 1612/2194/1612
f 2329/3363/2329 1833/2532/1833 1832/2527/1832
f 2329/3364/2329 2330/3365/2330 1024/3366/1024
f 2329/3363/2329 2331/3367/2331 1562/2128/1562
f 2329/3363/2329 1832/2527/1832 2330/3368/2330
f 2329/3364/2329 1024/3366/1024 2331/3369/2331
f 2329/3363/2329 1562/2128/1562 1833/2532/1833
f 2160/3063/2160 516/685/516 77/3064/77
f 2160/3063/2160 2161/3370/2161 516/685/516
f 1434/1944/1434 2332/3371/2332 2162/3067/2162
f 1434/1944/1434 2021/3372/2021 2332/3371/2332
f 1434/1944/1434 2022/3373/2022 2021/3372/2021
f 1434/1944/1434 1437/1949/1437 2022/3373/2022
f 2333/3374/2333 2334/3375/2334 1443/3376/1443
f 2333/3377/2333 2335/3378/2335 2336/3379/2336
f 2333/3377/2333 2336/3379/2336 2334/3380/2334
f 2333/3377/2333 2337/3381/2337 2335/3378/2335
f 2333/3377/2333 1440/3382/1440 2338/3383/2338
f 2333/3377/2333 2338/3383/2338 2337/3381/2337
f 2333/3384/2333 1443/1955/1443 1440/1952/1440
f 2339/3385/2339 2340/3386/2340 1996/2776/1996
f 2339/3385/2339 1996/2776/1996 1998/2780/1998
f 2339/3385/2339 2341/3387/2341 2340/3386/2340
f 2339/3385/2339 2342/3388/2342 2341/3387/2341
f 2339/3385/2339 1998/2780/1998 2342/3388/2342
f 995/1332/995 997/1331/997 2343/3389/2343
f 995/1332/995 2343/3389/2343 2344/3390/2344
f 995/1328/995 1531/3391/1531 996/1329/996
f 995/1328/995 2344/3392/2344 1531/3391/1531
f 2345/3393/2345 1482/3394/1482 1484/3395/1484
f 2345/3393/2345 1453/3396/1453 2346/3397/2346
f 2345/3393/2345 479/631/479 478/3398/478
f 2345/3393/2345 2346/3397/2346 1482/3394/1482
f 2345/3399/2345 478/629/478 1453/1972/1453
f 2345/3393/2345 1484/3395/1484 479/631/479
f 2347/3400/2347 2348/3401/2348 1898/2623/1898
f 2347/3400/2347 1898/2623/1898 1041/1401/1041
f 2220/3153/2220 2349/3402/2349 2350/3403/2350
f 2220/3153/2220 1224/1656/1224 2349/3402/2349
f 2220/3153/2220 2350/3403/2350 2221/3154/2221
f 2220/3153/2220 1227/1661/1227 1224/1656/1224
f 1460/1983/1460 2351/3404/2351 1855/2559/1855
f 1460/1983/1460 1462/1986/1462 2351/3404/2351
f 1460/1983/1460 1855/2559/1855 104/1984/104
f 2352/3405/2352 2353/3406/2353 2354/3407/2354
f 2352/3408/2352 2355/3409/2355 2356/3410/2356
f 2352/3411/2352 376/495/376 2353/3412/2353
f 2352/3411/2352 2356/3413/2356 376/495/376
f 2352/3408/2352 2357/3414/2357 2355/3409/2355
f 2352/3405/2352 2354/3407/2354 2357/3415/2357
f 1326/1810/1326 2135/3026/2135 1962/3028/1962
f 1326/1800/1326 1962/2719/1962 1327/1801/1327
f 1326/1810/1326 1331/1808/1331 122/161/122
f 1326/1810/1326 122/161/122 2135/3026/2135
f 1534/3416/1534 382/3417/382 2358/3418/2358
f 1534/2089/1534 952/1264/952 955/1267/955
f 1534/3416/1534 2358/3418/2358 1535/3419/1535
f 1534/2089/1534 955/1267/955 382/501/382
f 2359/3420/2359 1864/2574/1864 2360/3421/2360
f 2359/3420/2359 390/509/390 1864/2574/1864
f 2359/3420/2359 1337/1822/1337 391/510/391
f 2359/3420/2359 2360/3421/2360 1337/1822/1337
f 2359/3420/2359 391/510/391 390/509/390
f 1341/1826/1341 1342/1828/1342 1785/2455/1785
f 1341/1826/1341 1785/2455/1785 1784/2453/1784
f 1341/1826/1341 1784/2453/1784 448/1827/448
f 1347/1835/1347 1349/1837/1349 144/194/144
f 1347/1835/1347 2361/3422/2361 1348/1836/1348
f 1347/1835/1347 144/194/144 146/196/146
f 1347/1835/1347 146/196/146 2361/3422/2361
f 1353/1841/1353 1889/2610/1889 2362/3423/2362
f 1353/1841/1353 1352/1840/1352 2363/3424/2363
f 1353/1841/1353 2363/3424/2363 1889/2610/1889
f 1353/1841/1353 2364/3425/2364 1354/1842/1354
f 1353/1841/1353 2362/3423/2362 2364/3425/2364
f 412/546/412 417/545/417 546/726/546
f 412/546/412 546/726/546 2365/3426/2365
f 412/539/412 2365/3427/2365 413/540/413
f 2366/3428/2366 320/404/320 2367/3429/2367
f 2366/3428/2366 2367/3429/2367 2368/3430/2368
f 2366/3428/2366 2369/3431/2369 2370/3432/2370
f 2366/3428/2366 2370/3432/2370 320/404/320
f 2366/3428/2366 2368/3430/2368 2369/3431/2369
f 1885/3433/1885 1367/1857/1367 1886/3434/1886
f 1885/3435/1885 1643/3436/1643 2371/3437/2371
f 1885/3435/1885 1368/1859/1368 1367/1858/1367
f 1885/3435/1885 2371/3437/2371 1368/1859/1368
f 2372/3438/2372 2373/3439/2373 2374/3440/2374
f 2372/3438/2372 1375/1867/1375 1376/1868/1376
f 2372/3438/2372 1376/1868/1376 2373/3439/2373
f 2372/3438/2372 2304/3441/2304 1375/1867/1375
f 2372/3438/2372 2374/3440/2374 2304/3441/2304
f 1079/1452/1079 1683/2300/1683 340/432/340
f 1079/1452/1079 339/431/339 1080/1453/1080
f 1079/1452/1079 340/432/340 339/431/339
f 1079/1452/1079 1381/1874/1381 1683/2300/1683
f 2199/3118/2199 2375/3442/2375 2376/3443/2376
f 2199/3118/2199 2376/3443/2376 2200/3119/2200
f 2199/3118/2199 2377/3444/2377 2375/3442/2375
f 2199/3118/2199 1436/1947/1436 2377/3444/2377
f 1816/2492/1816 788/1049/788 2378/3445/2378
f 1816/2492/1816 2378/3445/2378 1817/2493/1817
f 2379/3446/2379 2380/3447/2380 2381/3448/2381
f 2379/3449/2379 2382/3450/2382 207/275/207
f 2379/3449/2379 207/275/207 206/274/206
f 2379/3449/2379 2381/3451/2381 2382/3450/2382
f 2379/3446/2379 206/1607/206 1191/1605/1191
f 2379/3446/2379 1191/1605/1191 2380/3447/2380
f 1823/3452/1823 2383/3453/2383 1824/3454/1824
f 1823/3452/1823 1306/3455/1306 2383/3453/2383
f 2384/3456/2384 2385/3457/2385 898/3458/898
f 2384/3459/2384 897/3460/897 2252/3205/2252
f 2384/3456/2384 2071/2902/2071 2386/3461/2386
f 2384/3456/2384 2386/3461/2386 2385/3457/2385
f 2384/3459/2384 898/3462/898 897/3460/897
f 2384/3456/2384 2252/3206/2252 2248/3199/2248
f 2384/3456/2384 2248/3199/2248 2071/2902/2071
f 1209/1639/1209 280/364/280 2387/3463/2387
f 1677/2291/1677 906/1205/906 2388/3464/2388
f 1677/2291/1677 2389/3465/2389 906/1205/906
f 1677/2297/1677 1681/2296/1681 1726/2363/1726
f 1677/2297/1677 1726/2363/1726 2389/3466/2389
f 1677/2291/1677 2388/3464/2388 1678/2292/1678
f 2075/2913/2075 1295/2915/1295 2006/2794/2006
f 2075/3467/2075 270/347/270 266/346/266
f 2075/3467/2075 266/346/266 2076/2916/2076
f 2075/2913/2075 2006/2794/2006 270/3468/270
f 1384/1880/1384 1949/3469/1949 1950/3470/1950
f 1384/1880/1384 919/3471/919 1949/3469/1949
f 1384/1880/1384 1950/3470/1950 1385/1881/1385
f 1384/1880/1384 647/851/647 920/3472/920
f 1384/1880/1384 920/3472/920 919/3471/919
f 36/44/36 38/46/38 923/1228/923
f 36/44/36 923/1228/923 2266/3224/2266
f 36/44/36 2266/3224/2266 508/3473/508
f 36/44/36 508/3473/508 37/45/37
f 928/3474/928 510/679/510 1617/2199/1617
f 928/3474/928 1617/2199/1617 2390/3475/2390
f 928/3476/928 1522/2073/1522 929/3477/929
f 928/3476/928 2390/3478/2390 1523/2074/1523
f 928/3476/928 1523/2074/1523 1522/2073/1522
f 928/3474/928 2156/3057/2156 510/679/510
f 928/1233/928 930/1235/930 2156/3479/2156
f 2276/3480/2276 2391/3481/2391 2392/3482/2392
f 2276/3248/2276 1015/1357/1015 1012/1358/1012
f 2276/3483/2276 1012/1353/1012 2391/3484/2391
f 2276/3480/2276 2392/3482/2392 664/3485/664
f 938/3486/938 1624/2207/1624 1626/2209/1626
f 938/3487/938 943/3488/943 1624/3489/1624
f 938/3486/938 1626/2209/1626 939/3490/939
f 303/387/303 948/1259/948 304/388/304
f 2393/3491/2393 954/1270/954 956/1269/956
f 2393/3491/2393 956/1269/956 2358/3418/2358
f 2393/3491/2393 2394/3492/2394 2395/3493/2395
f 2393/3491/2393 2396/3494/2396 954/1270/954
f 2393/3491/2393 2395/3493/2395 2396/3494/2396
f 2393/3491/2393 2358/3418/2358 2394/3492/2394
f 959/1274/959 1834/2533/1834 960/1275/960
f 959/1274/959 173/3495/173 1834/2533/1834
f 959/3289/959 174/233/174 173/232/173
f 2397/3496/2397 275/358/275 2398/3497/2398
f 2397/3496/2397 1343/3498/1343 447/3499/447
f 2397/3496/2397 2233/3500/2233 2235/3501/2235
f 2397/3496/2397 969/3502/969 275/358/275
f 2397/3496/2397 447/3499/447 2233/3500/2233
f 2397/3496/2397 2398/3497/2398 1343/3498/1343
f 2397/3496/2397 2235/3501/2235 969/3502/969
f 971/3503/971 974/3504/974 1860/3505/1860
f 971/1292/971 1859/2567/1859 2399/3506/2399
f 971/1292/971 1860/2568/1860 1859/2567/1859
f 971/1292/971 2399/3506/2399 972/1293/972
f 2400/3507/2400 709/955/709 464/612/464
f 2400/3507/2400 464/612/464 466/614/466
f 2400/3507/2400 2401/3508/2401 980/1306/980
f 2400/3507/2400 980/1306/980 709/955/709
f 2400/3507/2400 466/614/466 2402/3509/2402
f 2400/3507/2400 2402/3509/2402 2401/3508/2401
f 2243/3510/2243 471/621/471 473/623/473
f 2243/3511/2243 473/624/473 2403/3512/2403
f 2243/3192/2243 2245/3195/2245 471/3513/471
f 2243/3511/2243 2403/3512/2403 2244/3514/2244
f 2404/3515/2404 2405/3516/2405 2406/3517/2406
f 2404/3515/2404 1073/1446/1073 2407/3518/2407
f 2404/3515/2404 806/1070/806 1073/1446/1073
f 2404/3515/2404 2406/3517/2406 806/1070/806
f 2404/3515/2404 2407/3518/2407 2408/3519/2408
f 2404/3515/2404 2408/3519/2408 2405/3516/2405
f 809/1075/809 2409/3520/2409 810/1076/810
f 809/3319/809 2318/3323/2318 2409/3521/2409
f 360/472/360 2410/3522/2410 2411/3523/2411
f 360/3524/360 1547/2106/1547 2410/3525/2410
f 360/3524/360 364/3526/364 1547/2106/1547
f 360/472/360 2411/3523/2411 361/473/361
f 366/490/366 371/489/371 2412/3527/2412
f 604/801/604 1515/2064/1515 1518/2067/1518
f 604/801/604 1518/2067/1518 252/328/252
f 2039/3528/2039 2413/3529/2413 2040/3530/2040
f 2039/3531/2039 1595/3532/1595 2413/3533/2413
f 2039/3531/2039 2042/3534/2042 1596/3535/1596
f 2039/3531/2039 1596/3535/1596 1595/3532/1595
f 841/1121/841 840/1120/840 1583/2160/1583
f 841/1121/841 2305/3298/2305 842/1122/842
f 841/1121/841 1583/2160/1583 2305/3298/2305
f 847/1127/847 1528/2081/1528 2414/3536/2414
f 847/1127/847 2414/3536/2414 2415/3537/2415
f 847/1127/847 2415/3537/2415 2416/3538/2416
f 847/1127/847 2416/3538/2416 848/1128/848
f 78/100/78 856/1138/856 79/101/79
f 2417/3539/2417 2418/3540/2418 1698/2318/1698
f 2417/3539/2417 860/3541/860 2419/3542/2419
f 2417/3539/2417 2420/3543/2420 2418/3540/2418
f 2417/3539/2417 2419/3542/2419 2420/3543/2420
f 2417/3539/2417 863/3544/863 860/3541/860
f 2417/3539/2417 1698/2318/1698 863/3544/863
f 866/1150/866 293/377/293 290/374/290
f 866/1150/866 290/374/290 867/1151/867
f 1702/2326/1702 2421/3545/2421 1703/2327/1703
f 1702/2326/1702 2058/2877/2058 2422/3546/2422
f 1702/2326/1702 2422/3546/2422 2421/3545/2421
f 1630/2213/1630 2061/3547/2061 1631/2214/1631
f 1630/2213/1630 1635/2218/1635 2189/3548/2189
f 886/2102/886 1707/2332/1707 1545/2103/1545
f 886/2102/886 885/2333/885 1707/2332/1707
f 886/1171/886 1548/2107/1548 887/1172/887
f 2065/2892/2065 1713/3549/1713 2423/3550/2423
f 2065/2892/2065 2423/3550/2423 2066/2893/2066
f 2065/2898/2065 1714/3551/1714 1713/3552/1713
f 2065/2898/2065 895/1186/895 1714/3551/1714
f 1074/2378/1074 2424/3553/2424 1735/2379/1735
f 1074/2378/1074 1076/3554/1076 2424/3553/2424
f 1081/1457/1081 1992/2769/1992 1379/1872/1379
f 1081/1457/1081 680/907/680 1992/2769/1992
f 45/53/45 50/62/50 1832/3555/1832
f 1087/1466/1087 1089/1468/1089 2425/3556/2425
f 1087/1466/1087 2425/3556/2425 2426/3557/2426
f 1087/1466/1087 2426/3557/2426 2427/3558/2427
f 1087/3559/1087 2427/3560/2427 1088/1470/1088
f 2428/3561/2428 2429/3562/2429 2173/3080/2173
f 2428/3561/2428 1097/1481/1097 451/597/451
f 2428/3561/2428 451/597/451 452/600/452
f 2428/3561/2428 2173/3080/2173 1097/1481/1097
f 2428/3561/2428 452/600/452 2429/3562/2429
f 1100/3563/1100 1104/3564/1104 2430/3565/2430
f 1100/3566/1100 836/1113/836 1101/3567/1101
f 1100/3563/1100 2430/3565/2430 2431/3568/2431
f 1100/3566/1100 2431/3569/2431 836/1113/836
f 148/204/148 152/203/152 2432/3570/2432
f 148/3571/148 2433/3572/2433 2434/3573/2434
f 148/3571/148 2432/3574/2432 2433/3572/2433
f 148/3571/148 2434/3573/2434 1108/3575/1108
f 2435/3576/2435 2436/3577/2436 2437/3578/2437
f 2435/3576/2435 716/957/716 2177/3086/2177
f 2435/3576/2435 26/29/26 2436/3577/2436
f 2435/3576/2435 2437/3578/2437 716/957/716
f 2435/3576/2435 2177/3086/2177 26/29/26
f 2438/3579/2438 1122/1510/1122 2095/2955/2095
f 2438/3579/2438 2145/3041/2145 1505/3042/1505
f 2438/3579/2438 2439/3580/2439 1122/1510/1122
f 2438/3579/2438 1505/3042/1505 2439/3580/2439
f 2438/3579/2438 2095/2955/2095 2145/3041/2145
f 1403/2054/1403 1127/1517/1127 2440/3581/2440
f 1403/1904/1403 1405/1906/1405 1506/2053/1506
f 1403/2054/1403 2440/3581/2440 1404/3582/1404
f 1130/1520/1130 1133/1525/1133 915/1215/915
f 1130/3583/1130 2441/3584/2441 1131/3585/1131
f 1130/1520/1130 915/1215/915 2441/3586/2441
f 2020/2815/2020 2260/3221/2260 2262/3220/2262
f 2020/2815/2020 2262/3220/2262 2021/2816/2021
f 2020/2815/2020 1628/2211/1628 2260/3221/2260
f 2442/3587/2442 2443/3588/2443 2444/3589/2444
f 2442/3587/2442 2444/3589/2444 2445/3590/2445
f 2442/3587/2442 2446/3591/2446 2443/3588/2443
f 2442/3587/2442 2445/3590/2445 2447/3592/2447
f 2442/3587/2442 2447/3592/2447 2446/3591/2446
f 1146/1545/1146 206/1607/206 1147/1546/1147
f 1146/1545/1146 1149/1548/1149 728/983/728
f 665/883/665 2448/3593/2448 666/884/666
f 665/883/665 2030/2827/2030 2448/3593/2448
f 991/1321/991 993/1323/993 1529/2082/1529
f 991/1321/991 853/1133/853 851/1131/851
f 991/1321/991 1529/2082/1529 853/1133/853
f 2285/3594/2285 592/782/592 998/1333/998
f 2285/3594/2285 998/1333/998 2286/3595/2286
f 2285/3594/2285 593/783/593 592/782/592
f 2285/3264/2285 2287/3269/2287 593/3596/593
f 150/201/150 1001/3597/1001 2449/3598/2449
f 150/201/150 2450/3599/2450 151/202/151
f 150/3600/150 149/199/149 2074/2911/2074
f 150/3600/150 2074/2911/2074 1001/3601/1001
f 150/201/150 2449/3598/2449 2450/3599/2450
f 2451/3602/2451 1945/2691/1945 2452/3603/2452
f 2451/3604/2451 2453/3605/2453 1009/1349/1009
f 2451/3606/2451 2452/3607/2452 2453/3608/2453
f 2451/3604/2451 1008/1348/1008 2454/3609/2454
f 2451/3604/2451 1009/1349/1009 1008/1348/1008
f 2451/3602/2451 2454/3610/2454 1945/2691/1945
f 2391/3484/2391 2133/3611/2133 2132/3612/2132
f 2391/3484/2391 2455/3613/2455 2133/3611/2133
f 2391/3484/2391 1012/1353/1012 2455/3613/2455
f 2391/3481/2391 2456/3614/2456 2392/3482/2392
f 2391/3481/2391 2132/3023/2132 2456/3614/2456
f 1018/1362/1018 880/1164/880 2457/3615/2457
f 1018/1362/1018 559/741/559 2458/3616/2458
f 1018/1362/1018 2458/3616/2458 1019/1363/1019
f 1018/1362/1018 2457/3615/2457 559/741/559
f 1907/2636/1907 128/167/128 127/166/127
f 1907/2639/1907 1906/2634/1906 2459/3617/2459
f 1907/2636/1907 2459/3618/2459 2139/3032/2139
f 1911/3619/1911 566/753/566 567/754/567
f 1911/3620/1911 567/3621/567 2460/3622/2460
f 2375/3442/2375 2405/3516/2405 2376/3443/2376
f 2375/3442/2375 2461/3623/2461 2405/3516/2405
f 2375/3442/2375 2377/3444/2377 2462/3624/2462
f 2375/3442/2375 2462/3624/2462 2461/3623/2461
f 2272/3236/2272 2463/3625/2463 2273/3237/2273
f 2272/3236/2272 2275/3239/2275 2464/3626/2464
f 2272/3236/2272 2464/3626/2464 2463/3625/2463
f 1044/3627/1044 1046/3628/1046 1667/3629/1667
f 1044/3630/1044 1667/3631/1667 2465/3632/2465
f 1044/2976/1044 2465/3633/2465 2107/2977/2107
f 2466/3634/2466 2467/3635/2467 2468/3636/2468
f 2466/3634/2466 2469/3637/2469 2467/3635/2467
f 2466/3634/2466 2470/3638/2470 2110/2983/2110
f 2466/3634/2466 2110/2983/2110 2471/3639/2471
f 2466/3634/2466 2468/3636/2468 2470/3638/2470
f 2466/3634/2466 2471/3639/2471 2469/3637/2469
f 2472/3640/2472 1056/3641/1056 526/698/526
f 2472/3642/2472 525/3643/525 2473/3644/2473
f 2472/3642/2472 1057/3645/1057 1056/3646/1056
f 2472/3647/2472 526/3648/526 525/3649/525
f 2472/3642/2472 2473/3644/2473 2474/3650/2474
f 2472/3642/2472 2474/3650/2474 1057/3645/1057
f 2124/3651/2124 2125/3009/2125 1886/2607/1886
f 2124/3005/2124 1366/1856/1366 1917/2654/1917
f 2124/3005/2124 1367/1857/1367 1366/1856/1366
f 2124/3005/2124 1886/3434/1886 1367/1857/1367
f 1411/1914/1411 1413/1916/1413 1579/3354/1579
f 1411/2153/1411 1065/2156/1065 1412/3652/1412
f 1069/3653/1069 105/139/105 2475/3654/2475
f 1069/3653/1069 106/140/106 105/139/105
f 1069/1440/1069 2475/3655/2475 2476/3656/2476
f 1069/1440/1069 2476/3656/2476 1070/1441/1070
f 1528/2081/1528 993/1323/993 1690/2308/1690
f 1528/2081/1528 1529/2082/1529 993/1323/993
f 1528/2081/1528 1690/2308/1690 2414/3536/2414
f 530/704/530 2477/3657/2477 531/705/531
f 530/3658/530 2478/3659/2478 2477/3660/2477
f 530/3658/530 2231/3174/2231 2478/3659/2478
f 530/704/530 534/708/534 2231/3661/2231
f 1794/3662/1794 2479/3663/2479 1795/3664/1795
f 1794/3662/1794 2185/3665/2185 2479/3663/2479
f 1794/2467/1794 1798/2471/1798 2185/3101/2185
f 986/1314/986 989/1318/989 1655/2256/1655
f 2189/3107/2189 2480/3666/2480 2190/3108/2190
f 2189/3667/2189 1635/3668/1635 2481/3669/2481
f 2189/3107/2189 2481/3670/2481 2480/3666/2480
f 2482/3671/2482 1545/2103/1545 2483/3672/2483
f 2482/3671/2482 2484/3673/2484 1545/2103/1545
f 2482/3671/2482 1733/3674/1733 2484/3673/2484
f 1710/2338/1710 2485/3675/2485 1711/2339/1711
f 1710/2338/1710 2486/3676/2486 2485/3675/2485
f 1710/3677/1710 1715/2345/1715 2486/3678/2486
f 569/756/569 1586/2163/1586 2487/3679/2487
f 569/756/569 2487/3679/2487 570/757/570
f 1843/2544/1843 580/3680/580 1844/2545/1844
f 1843/3681/1843 1388/1886/1388 580/769/580
f 1843/2544/1843 1846/2547/1846 2488/3682/2488
f 1843/2544/1843 2488/3682/2488 1388/3683/1388
f 1666/2273/1666 2489/3684/2489 2490/3685/2490
f 1666/3686/1666 2465/3632/2465 1667/3631/1667
f 1666/2273/1666 1669/2276/1669 2489/3684/2489
f 1666/2273/1666 2490/3685/2490 2465/3687/2465
f 2491/3688/2491 2492/3689/2492 2493/3690/2493
f 2491/3688/2491 13/13/13 12/12/12
f 2491/3691/2491 2494/3692/2494 2495/3693/2495
f 2491/3688/2491 2493/3690/2493 13/13/13
f 2491/3691/2491 12/3694/12 2494/3692/2494
f 2491/3691/2491 2495/3693/2495 2492/3695/2492
f 1056/3641/1056 1058/3696/1058 526/698/526
f 254/325/254 1486/2021/1486 1369/1860/1369
f 254/325/254 1369/1860/1369 1365/1854/1365
f 254/325/254 1365/1854/1365 255/326/255
f 609/3697/609 1923/2660/1923 714/954/714
f 609/806/609 608/805/608 1581/3698/1581
f 609/806/609 714/3699/714 610/807/610
f 609/3697/609 1581/2158/1581 1923/2660/1923
f 616/818/616 619/817/619 1928/2665/1928
f 616/818/616 1929/2666/1929 617/3700/617
f 2163/3068/2163 2165/3070/2165 2226/3162/2226
f 2163/3068/2163 2228/3167/2228 2164/3069/2164
f 1829/2521/1829 1633/3701/1633 2168/3074/2168
f 1829/2521/1829 431/2523/431 1633/3701/1633
f 382/3417/382 2394/3492/2394 2358/3418/2358
f 382/3417/382 385/3702/385 2394/3492/2394
f 382/501/382 955/1267/955 383/502/383
f 1834/2533/1834 1836/2535/1836 960/1275/960
f 1834/2533/1834 173/3495/173 1835/2534/1835
f 446/589/446 2233/3703/2233 447/590/447
f 456/604/456 1647/3704/1647 457/605/457
f 456/604/456 2496/3705/2496 2431/3569/2431
f 456/604/456 2431/3569/2431 1647/3704/1647
f 456/604/456 455/603/455 2496/3705/2496
f 2327/3348/2327 1725/2362/1725 2239/3349/2239
f 2327/3348/2327 1406/1907/1406 1407/1908/1407
f 2327/3348/2327 1407/1908/1407 1725/2362/1725
f 469/617/469 2178/3087/2178 470/618/470
f 475/626/475 899/3706/899 476/627/476
f 475/626/475 481/633/481 899/3706/899
f 89/122/89 92/121/92 2497/3707/2497
f 906/1205/906 2389/3465/2389 907/3708/907
f 906/1205/906 908/1204/908 2388/3464/2388
f 121/3709/121 1603/2185/1603 495/656/495
f 121/160/121 1331/1808/1331 1603/3710/1603
f 121/160/121 122/161/122 1331/1808/1331
f 2317/3317/2317 940/1249/940 944/1253/944
f 2317/3317/2317 944/1253/944 2204/3711/2204
f 2317/3317/2317 1198/1618/1198 940/1249/940
f 2317/3317/2317 2204/3711/2204 2202/3318/2202
f 505/670/505 676/901/676 41/3712/41
f 505/670/505 677/902/677 676/901/676
f 505/670/505 679/906/679 677/902/677
f 505/670/505 507/673/507 679/906/679
f 505/3713/505 41/49/41 37/45/37
f 46/3714/46 137/179/137 2498/3715/2498
f 46/61/46 49/60/49 138/3716/138
f 46/54/46 2498/3717/2498 47/55/47
f 797/1058/797 800/1061/800 2030/2827/2030
f 797/1058/797 1527/2079/1527 798/1059/798
f 797/1058/797 1155/1557/1155 1527/2079/1527
f 797/1058/797 2030/2827/2030 1155/1557/1155
f 2405/3516/2405 2461/3623/2461 2406/3517/2406
f 2405/3516/2405 2408/3519/2408 2376/3443/2376
f 1556/2121/1556 2273/3237/2273 1557/2122/1557
f 1556/2121/1556 1559/2125/1559 1778/2441/1778
f 1556/2121/1556 1778/2441/1778 2274/3238/2274
f 729/977/729 2499/3718/2499 363/3719/363
f 729/977/729 363/3719/363 730/978/730
f 729/977/729 2107/2977/2107 2500/3720/2500
f 729/977/729 733/982/733 2107/2977/2107
f 729/977/729 2500/3720/2500 2499/3718/2499
f 368/3721/368 2319/3722/2319 369/3723/369
f 368/484/368 367/483/367 2501/3724/2501
f 368/484/368 2501/3724/2501 1211/3725/1211
f 2112/2986/2112 1838/2541/1838 1840/2540/1840
f 2112/2986/2112 1840/2540/1840 2502/3726/2502
f 2112/2986/2112 2502/3726/2502 1572/2145/1572
f 2112/2986/2112 1572/2145/1572 1571/2144/1571
f 1060/1430/1060 1062/1432/1062 1674/2288/1674
f 1060/1430/1060 1675/2289/1675 1061/1431/1061
f 753/1007/753 458/606/458 1064/1434/1064
f 753/1007/753 837/1114/837 455/603/455
f 1179/1592/1179 1271/3727/1271 1180/1593/1180
f 1179/1592/1179 2120/3728/2120 1272/3729/1272
f 1179/1592/1179 1272/3729/1272 1271/3727/1271
f 2320/3730/2320 1914/2652/1914 2503/3731/2503
f 2320/3332/2320 762/1023/762 766/1021/766
f 2320/3730/2320 2503/3731/2503 762/1016/762
f 2504/3732/2504 2505/3733/2505 77/3734/77
f 2504/3732/2504 1648/2246/1648 1649/2247/1649
f 2504/3732/2504 1649/2247/1649 2506/3735/2506
f 2504/3732/2504 2506/3735/2506 2505/3733/2505
f 2504/3732/2504 77/3734/77 1648/2246/1648
f 772/1029/772 775/1032/775 2507/3736/2507
f 772/1029/772 2508/3737/2508 1637/2222/1637
f 772/1029/772 1637/2222/1637 773/1030/773
f 772/1029/772 2507/3736/2507 2508/3737/2508
f 2509/3738/2509 2510/3739/2510 2452/3607/2452
f 2509/3740/2509 2334/3741/2334 2511/3742/2511
f 2509/3740/2509 2511/3742/2511 1640/2231/1640
f 2509/3738/2509 2452/3607/2452 2512/3743/2512
f 2509/3738/2509 1640/2227/1640 2510/3739/2510
f 2509/3740/2509 2512/3744/2512 2334/3741/2334
f 872/1156/872 1704/2328/1704 2297/3283/2297
f 872/1156/872 2297/3283/2297 874/1158/874
f 2513/3745/2513 353/461/353 2208/3137/2208
f 2513/3745/2513 2514/3746/2514 354/462/354
f 2513/3745/2513 2515/3747/2515 2514/3746/2514
f 2513/3745/2513 354/462/354 353/461/353
f 2513/3745/2513 2208/3137/2208 2207/3136/2207
f 2513/3745/2513 2207/3136/2207 2515/3747/2515
f 819/1096/819 1022/1369/1022 1257/1704/1257
f 2516/3748/2516 2517/3749/2517 1620/3750/1620
f 2516/3748/2516 1620/3750/1620 826/1103/826
f 2516/3748/2516 2423/3550/2423 2517/3749/2517
f 2516/3748/2516 823/1100/823 2066/2893/2066
f 2516/3748/2516 826/1103/826 823/1100/823
f 2516/3748/2516 2066/2893/2066 2423/3550/2423
f 623/823/623 1883/3751/1883 624/824/624
f 623/823/623 622/822/622 1883/3751/1883
f 2094/2954/2094 2145/3041/2145 2095/2955/2095
f 2094/2954/2094 389/508/389 388/507/388
f 2094/2954/2094 2096/2956/2096 389/508/389
f 1127/1517/1127 1128/1518/1128 2440/3581/2440
f 641/842/641 1112/1499/1112 1507/2056/1507
f 641/842/641 643/844/643 1112/1499/1112
f 405/3048/405 648/3752/648 650/3753/650
f 405/3048/405 2149/3047/2149 648/3752/648
f 405/532/405 2518/3754/2518 406/533/406
f 405/3755/405 650/3756/650 2518/3757/2518
f 2443/3588/2443 1140/1535/1140 2519/3758/2519
f 2443/3588/2443 2519/3758/2519 2520/3759/2520
f 2443/3588/2443 2446/3591/2446 1140/1535/1140
f 2443/3588/2443 2520/3759/2520 2444/3589/2444
f 1251/1696/1251 929/3243/929 2521/3760/2521
f 1251/3761/1251 2521/3762/2521 1252/2938/1252
f 553/886/553 666/884/666 2089/2943/2089
f 553/886/553 2089/2943/2089 554/2942/554
f 1901/2629/1901 669/889/669 1902/2630/1902
f 1901/2629/1901 374/493/374 115/153/115
f 1901/2629/1901 114/152/114 669/889/669
f 1901/2629/1901 115/153/115 114/152/114
f 674/899/674 1080/1456/1080 1471/3763/1471
f 674/3764/674 1470/1997/1470 675/904/675
f 674/3764/674 1471/1999/1471 1470/1997/1470
f 674/899/674 680/907/680 1080/1456/1080
f 682/910/682 2522/3765/2522 683/911/683
f 682/3766/682 2508/3737/2508 2507/3736/2507
f 682/3766/682 2507/3736/2507 2522/3767/2522
f 682/910/682 687/915/687 2508/3768/2508
f 1639/2226/1639 2510/3739/2510 1640/2227/1640
f 1639/2226/1639 2453/3608/2453 2510/3739/2510
f 1639/3769/1639 1090/2928/1090 2453/3605/2453
f 1639/3769/1639 1091/3770/1091 1090/2928/1090
f 696/3771/696 272/3772/272 2523/3773/2523
f 696/932/696 699/931/699 272/349/272
f 696/3771/696 1754/3774/1754 697/3775/697
f 696/3771/696 2523/3773/2523 1755/3776/1755
f 696/3771/696 1755/3776/1755 1754/3774/1754
f 279/3777/279 2254/3778/2254 2524/3779/2524
f 279/361/279 2524/3780/2524 280/362/280
f 709/955/709 980/1306/980 710/3781/710
f 709/955/709 712/950/712 464/612/464
f 1764/2421/1764 1767/2424/1767 2244/3196/2244
f 1764/2421/1764 2244/3196/2244 2403/3782/2403
f 1764/3783/1764 2403/3512/2403 2525/3784/2525
f 1764/2421/1764 2525/3785/2525 1765/2422/1765
f 2526/3786/2526 720/3787/720 2527/3788/2527
f 2526/3789/2526 2528/3790/2528 112/148/112
f 2526/3786/2526 2527/3788/2527 2529/3791/2529
f 2526/3789/2526 112/148/112 111/147/111
f 2526/3786/2526 111/3792/111 720/3787/720
f 2526/3789/2526 2407/3793/2407 2528/3790/2528
f 2526/3786/2526 2529/3791/2529 2407/3794/2407
f 912/1210/912 914/3795/914 2318/3321/2318
f 912/1210/912 1204/3322/1204 913/1211/913
f 1546/2105/1546 2530/3796/2530 1547/2106/1547
f 1546/3797/1546 2531/3798/2531 2530/3799/2530
f 1546/2108/1546 1545/2103/1545 2484/3673/2484
f 1546/2108/1546 2484/3673/2484 2531/3800/2531
f 566/753/566 1912/3801/1912 132/174/132
f 1972/2839/1972 2532/3802/2532 2035/2840/2035
f 1972/2839/1972 2037/2842/2037 1973/3803/1973
f 1972/2730/1972 1220/1652/1220 2532/3804/2532
f 1674/2288/1674 1062/1432/1062 2533/3805/2533
f 1674/2288/1674 2533/3805/2533 2534/3806/2534
f 1674/2288/1674 2534/3806/2534 141/191/141
f 152/203/152 1175/3807/1175 1177/3808/1177
f 152/203/152 2535/3809/2535 1175/3807/1175
f 152/203/152 153/206/153 2535/3809/2535
f 152/3810/152 1177/1587/1177 2432/3811/2432
f 155/1680/155 1239/1679/1239 156/211/156
f 525/3643/525 1717/3812/1717 2473/3644/2473
f 532/706/532 2117/2994/2117 2118/2995/2118
f 532/706/532 2118/2995/2118 533/707/533
f 532/706/532 535/709/535 2117/2994/2117
f 181/242/181 540/3813/540 1697/2317/1697
f 181/242/181 182/3814/182 540/3813/540
f 427/562/427 186/248/186 185/247/185
f 427/564/427 185/3815/185 2536/3816/2536
f 427/564/427 2536/3816/2536 428/565/428
f 1033/1386/1033 1950/3470/1950 1034/1387/1034
f 1033/1392/1033 476/1391/476 2537/3817/2537
f 1033/1392/1033 2537/3817/2537 1385/1884/1385
f 1033/1386/1033 1385/1881/1385 1950/3470/1950
f 1951/3818/1951 2002/2788/2002 200/265/200
f 1951/2700/1951 1387/1885/1387 1388/1886/1388
f 1951/2700/1951 1388/1886/1388 2488/3819/2488
f 1951/2700/1951 2488/3819/2488 2002/3820/2002
f 205/3821/205 1147/1546/1147 206/1607/206
f 205/3821/205 659/3822/659 1147/1546/1147
f 211/279/211 1050/1416/1050 212/280/212
f 211/279/211 297/381/297 298/382/298
f 211/279/211 298/382/298 1053/1417/1053
f 211/279/211 1053/1417/1053 1050/1416/1050
f 4/4/4 698/2564/698 1098/1482/1098
f 4/4/4 3/3/3 1857/2562/1857
f 4/4/4 1098/1482/1098 5/5/5
f 2538/3823/2538 593/3596/593 2287/3269/2287
f 2538/3823/2538 706/941/706 705/944/705
f 2538/3823/2538 594/3824/594 593/3596/593
f 2538/3823/2538 2287/3269/2287 706/941/706
f 2538/3825/2538 705/939/705 594/3826/594
f 18/18/18 2289/3271/2289 19/19/19
f 18/18/18 1288/3827/1288 2073/2906/2073
f 18/18/18 2073/2906/2073 2289/3271/2289
f 18/18/18 21/21/21 1288/3827/1288
f 2017/3828/2017 2291/3274/2291 2293/3279/2293
f 2017/3829/2017 2436/3577/2436 28/32/28
f 2017/3828/2017 2019/3830/2019 2291/3274/2291
f 2017/3829/2017 2293/3278/2293 2436/3577/2436
f 1606/2188/1606 1413/1916/1413 1414/1919/1414
f 1606/2188/1606 2539/3831/2539 34/41/34
f 1606/2188/1606 1414/1919/1414 2539/3831/2539
f 2540/3832/2540 2541/3833/2541 1419/1924/1419
f 2540/3832/2540 1417/1922/1417 2542/3834/2542
f 2540/3832/2540 39/3835/39 2079/2922/2079
f 2540/3832/2540 2079/2922/2079 2541/3833/2541
f 2540/3832/2540 1419/1924/1419 1417/1922/1417
f 2540/3836/2540 2542/3837/2542 39/47/39
f 44/57/44 1445/1959/1445 1876/2594/1876
f 1619/2201/1619 1620/2202/1620 2543/3838/2543
f 1619/2201/1619 1479/2013/1479 1448/1962/1448
f 1619/2201/1619 2543/3838/2543 2544/3839/2544
f 1619/2201/1619 2544/3839/2544 1479/2013/1479
f 59/73/59 62/3840/62 2545/3841/2545
f 59/73/59 2545/3841/2545 2546/3842/2546
f 59/73/59 2546/3842/2546 1136/1529/1136
f 1138/1532/1138 1515/2064/1515 2547/3843/2547
f 1138/1532/1138 2547/3843/2547 1139/1533/1139
f 2548/3844/2548 1561/2133/1561 1564/2132/1564
f 2548/3845/2548 1444/2530/1444 1561/2529/1561
f 2548/3844/2548 1564/2132/1564 437/578/437
f 2548/3844/2548 437/578/437 1444/1958/1444
f 2477/3660/2477 2478/3659/2478 443/586/443
f 2477/3660/2477 443/586/443 444/587/444
f 2477/3657/2477 1696/2316/1696 531/705/531
f 2477/3660/2477 444/587/444 1696/3846/1696
f 1845/3847/1845 1503/3848/1503 2549/3849/2549
f 1845/3847/1845 1504/3850/1504 1503/3848/1503
f 1845/3847/1845 2549/3849/2549 1263/1717/1263
f 1845/2546/1845 1263/3851/1263 1846/2547/1846
f 98/131/98 100/133/100 551/1979/551
f 98/131/98 1459/1981/1459 99/132/99
f 105/139/105 108/144/108 760/1014/760
f 105/139/105 760/1014/760 2475/3654/2475
f 320/404/320 322/407/322 2367/3429/2367
f 320/404/320 2370/3432/2370 321/405/321
f 327/414/327 228/296/228 227/295/227
f 327/414/327 691/3852/691 228/296/228
f 1679/3853/1679 333/422/333 2550/3854/2550
f 1679/3853/1679 263/337/263 1680/3855/1680
f 1679/2298/1679 1678/2292/1678 333/426/333
f 1679/3853/1679 2550/3854/2550 263/337/263
f 843/1123/843 337/428/337 341/435/341
f 843/1123/843 844/1124/844 337/428/337
f 30/3856/30 32/3857/32 348/452/348
f 30/35/30 2551/3858/2551 31/36/31
f 30/35/30 350/456/350 2551/3858/2551
f 353/459/353 1543/2100/1543 2208/3134/2208
f 362/3859/362 2380/3447/2380 2062/3860/2062
f 362/3861/362 2499/3718/2499 2552/3862/2552
f 362/3859/362 2381/3448/2381 2380/3447/2380
f 362/3859/362 2552/3863/2552 2381/3448/2381
f 362/3861/362 363/3719/363 2499/3718/2499
f 2067/2895/2067 2469/3637/2469 2471/3639/2471
f 2067/2895/2067 2068/3864/2068 2469/3637/2469
f 2067/2895/2067 2553/3865/2553 894/1184/894
f 2067/2895/2067 2471/3639/2471 2553/3865/2553
f 2057/2876/2057 2554/3866/2554 2058/2877/2058
f 2057/2876/2057 876/1160/876 1774/2436/1774
f 2057/2876/2057 1774/2436/1774 1773/2435/1773
f 2057/2876/2057 1773/2435/1773 2554/3866/2554
f 383/502/383 954/1266/954 384/503/384
f 383/502/383 955/1267/955 954/1266/954
f 1565/2136/1565 2555/3867/2555 1566/2137/1566
f 1565/2136/1565 1567/2138/1567 2555/3867/2555
f 2007/2795/2007 2010/2798/2010 2556/3868/2556
f 2007/2795/2007 449/3869/449 1784/2453/1784
f 2007/2795/2007 1784/2453/1784 395/514/395
f 2007/2795/2007 2556/3868/2556 449/3869/449
f 400/3870/400 1225/1658/1225 1226/1660/1226
f 400/524/400 1226/3871/1226 97/130/97
f 400/3872/400 1348/3873/1348 1225/3874/1225
f 2323/3337/2323 1925/2662/1925 410/537/410
f 2323/3335/2323 408/3875/408 1231/1668/1231
f 2323/3335/2323 409/3876/409 408/3875/408
f 2323/3337/2323 410/537/410 409/536/409
f 2557/3877/2557 2558/3878/2558 2559/3879/2559
f 2557/3877/2557 1881/2602/1881 1320/1794/1320
f 2557/3877/2557 2559/3879/2559 2560/3880/2560
f 2557/3877/2557 2560/3880/2560 1881/2602/1881
f 2557/3877/2557 1320/1794/1320 2558/3878/2558
f 1735/2379/1735 2424/3553/2424 2561/3881/2561
f 1735/2379/1735 2561/3881/2561 2299/3882/2299
f 1735/2379/1735 2299/3882/2299 1736/2380/1736
f 225/293/225 506/677/506 226/294/226
f 225/293/225 229/297/229 1382/2767/1382
f 225/293/225 507/3883/507 506/677/506
f 232/1238/232 927/1237/927 2562/3884/2562
f 232/300/232 2562/3885/2562 233/301/233
f 932/1240/932 935/1243/935 238/2782/238
f 932/1240/932 2000/2783/2000 933/1241/933
f 1482/2016/1482 795/3886/795 792/2017/792
f 1482/3394/1482 2346/3397/2346 2563/3887/2563
f 1482/3888/1482 2563/3889/2563 795/3890/795
f 252/328/252 1517/2066/1517 256/329/256
f 252/328/252 1518/2067/1518 1517/2066/1517
f 1489/2028/1489 1491/2030/1491 2564/3891/2564
f 1489/2028/1489 2564/3891/2564 2283/3261/2283
f 1489/2028/1489 2283/3261/2283 1490/2029/1490
f 2565/3892/2565 1461/1987/1461 2566/3893/2566
f 2565/3894/2565 2567/3895/2567 1462/1986/1462
f 2565/3894/2565 1462/1986/1462 1461/1985/1461
f 2568/3896/2568 2091/3897/2091 2569/3898/2569
f 2568/3896/2568 968/1286/968 2091/3897/2091
f 2568/3896/2568 2569/3898/2569 2570/3899/2570
f 2568/3896/2568 276/1287/276 968/1286/968
f 2568/3896/2568 2570/3899/2570 277/3900/277
f 2568/3896/2568 277/3900/277 276/1287/276
f 973/3901/973 2211/3142/2211 974/3504/974
f 973/3901/973 2212/3143/2212 2211/3142/2211
f 973/3901/973 975/3902/975 2212/3143/2212
f 1405/1906/1405 2571/3903/2571 1506/2053/1506
f 1405/1906/1405 2328/3350/2328 2571/3903/2571
f 2572/3904/2572 716/957/716 2437/3578/2437
f 2572/3904/2572 2292/3277/2292 2259/3214/2259
f 2572/3904/2572 2437/3578/2437 2573/3905/2573
f 2572/3904/2572 2573/3905/2573 2292/3277/2292
f 2572/3904/2572 2259/3214/2259 716/957/716
f 1624/3489/1624 943/3488/943 2574/3906/2574
f 1624/3489/1624 2574/3906/2574 1625/3907/1625
f 304/388/304 2230/3172/2230 2575/3908/2575
f 304/388/304 948/1259/948 2230/3172/2230
f 304/388/304 2575/3908/2575 305/389/305
f 747/1786/747 406/2005/406 2518/3909/2518
f 747/999/747 2518/3910/2518 748/1000/748
f 747/1786/747 1315/1788/1315 406/2005/406
f 2186/3104/2186 2044/2852/2044 2324/3339/2324
f 2186/3104/2186 2324/3339/2324 2576/3911/2576
f 2186/3104/2186 2576/3911/2576 2187/3912/2187
f 1659/3913/1659 1660/3914/1660 2144/3915/2144
f 1787/2461/1787 1789/2460/1789 2147/3044/2147
f 1787/2457/1787 2577/3916/2577 1851/3917/1851
f 1787/2461/1787 2147/3044/2147 2577/3918/2577
f 1787/2457/1787 1851/3917/1851 1788/2458/1788
f 755/1009/755 2055/2874/2055 756/1010/756
f 1607/2189/1607 1608/2190/1608 1987/3049/1987
f 1607/2189/1607 1984/3919/1984 1988/3353/1988
f 1607/2189/1607 1987/3049/1987 1984/3919/1984
f 2151/3360/2151 1418/3359/1418 2312/3308/2312
f 2151/3051/2151 2312/3920/2312 2152/3052/2152
f 510/679/510 514/683/514 1617/2199/1617
f 510/679/510 2158/3060/2158 511/680/511
f 516/685/516 521/690/521 77/3064/77
f 516/685/516 2161/3370/2161 517/686/517
f 940/1249/940 1198/1618/1198 672/894/672
f 940/1249/940 672/894/672 941/1250/941
f 1439/3921/1439 2298/3922/2298 1440/3382/1440
f 2171/3923/2171 2578/3924/2578 2419/3542/2419
f 2171/3923/2171 2419/3542/2419 860/3541/860
f 2171/3078/2171 2172/3079/2172 2578/3925/2578
f 246/315/246 2251/3204/2251 1485/3926/1485
f 246/315/246 1485/3926/1485 247/316/247
f 2505/3733/2505 2533/3927/2533 77/3734/77
f 2505/3733/2505 2506/3735/2506 2579/3928/2579
f 2505/3733/2505 2579/3928/2579 2533/3927/2533
f 2580/3929/2580 268/342/268 2525/3784/2525
f 2580/3929/2580 473/624/473 470/618/470
f 2580/3929/2580 2581/3930/2581 268/342/268
f 2580/3929/2580 2403/3512/2403 473/624/473
f 2580/3929/2580 470/618/470 2581/3930/2581
f 2580/3929/2580 2525/3784/2525 2403/3512/2403
f 2582/3931/2582 805/1067/805 807/1073/807
f 2582/3931/2582 2461/3932/2461 2462/3933/2462
f 2582/3931/2582 2487/3679/2487 2102/2966/2102
f 2582/3931/2582 2462/3933/2462 2487/3679/2487
f 2582/3931/2582 807/1073/807 2461/3932/2461
f 2582/3931/2582 2102/2966/2102 805/1067/805
f 2273/3237/2273 2463/3625/2463 1557/2122/1557
f 1046/3934/1046 2583/3935/2583 1668/2275/1668
f 1046/1406/1046 661/876/661 2583/3936/2583
f 1046/3934/1046 1668/2275/1668 1667/2274/1667
f 2467/3635/2467 2469/3637/2469 595/787/595
f 2467/3635/2467 595/787/595 596/789/596
f 2467/3635/2467 596/789/596 2468/3636/2468
f 2584/3937/2584 968/3938/968 967/3939/967
f 2584/3937/2584 2093/2952/2093 2092/2950/2092
f 2584/3937/2584 2585/3940/2585 2115/3941/2115
f 2584/3937/2584 2114/3942/2114 2093/2952/2093
f 2584/3937/2584 967/3939/967 2585/3940/2585
f 2584/3937/2584 2092/2950/2092 968/3938/968
f 2584/3937/2584 2115/3941/2115 2114/3942/2114
f 1349/1837/1349 855/1136/855 1061/1431/1061
f 1349/1837/1349 1061/1431/1061 1675/2289/1675
f 1349/1837/1349 1675/2289/1675 144/194/144
f 1349/1837/1349 402/527/402 855/1136/855
f 1175/1584/1175 2535/3943/2535 1176/1585/1176
f 2119/2996/2119 2586/3944/2586 2587/3945/2587
f 2119/3946/2119 1946/3947/1946 2586/3948/2586
f 2119/2996/2119 2587/3945/2587 2120/2997/2120
f 2119/2996/2119 188/250/188 1948/2696/1948
f 2119/2996/2119 1948/2696/1948 1946/2695/1946
f 992/1322/992 2122/3001/2122 993/1323/993
f 992/1322/992 850/3949/850 849/2999/849
f 1917/2654/1917 1366/1856/1366 1370/1862/1370
f 2127/3011/2127 953/2571/953 1862/2572/1862
f 2127/3011/2127 1535/3950/1535 957/3951/957
f 2127/3011/2127 957/3951/957 953/2571/953
f 2127/3011/2127 1537/3012/1537 1535/3950/1535
f 1380/1878/1380 1382/1877/1382 2588/3952/2588
f 1380/1878/1380 2588/3952/2588 2589/3953/2589
f 1380/1878/1380 159/214/159 1381/3954/1381
f 1380/1878/1380 2589/3953/2589 159/214/159
f 1303/1769/1303 1305/1771/1305 2354/3407/2354
f 1303/1769/1303 2295/3281/2295 1871/2584/1871
f 1303/1769/1303 2354/3407/2354 2295/3281/2295
f 2135/3026/2135 380/499/380 2136/3027/2136
f 2135/3026/2135 122/161/122 380/499/380
f 2590/3955/2590 795/3890/795 2563/3889/2563
f 2590/3956/2590 2591/3957/2591 2139/3032/2139
f 2590/3955/2590 2139/3958/2139 2459/3617/2459
f 2590/3955/2590 2459/3617/2459 795/3890/795
f 2590/3955/2590 2563/3889/2563 2591/3959/2591
f 2592/3960/2592 2593/3961/2593 2543/3962/2543
f 2592/3960/2592 2594/3963/2594 2595/3964/2595
f 2592/3960/2592 2517/3965/2517 2596/3966/2596
f 2592/3960/2592 2595/3964/2595 2597/3967/2597
f 2592/3960/2592 2543/3962/2543 2517/3965/2517
f 2592/3960/2592 2596/3966/2596 2594/3963/2594
f 2592/3960/2592 2597/3967/2597 2593/3961/2593
f 2226/3162/2226 2165/3070/2165 1464/3968/1464
f 2226/3969/2226 424/557/424 423/556/423
f 2226/3969/2226 1464/1990/1464 424/557/424
f 2053/3171/2053 947/1258/947 2598/3970/2598
f 2053/3171/2053 1330/1809/1330 1965/2722/1965
f 2053/2872/2053 2056/2875/2056 1330/1805/1330
f 2053/2872/2053 2598/3971/2598 2054/2873/2054
f 773/2220/773 686/1462/686 683/3972/683
f 773/2220/773 683/3972/683 774/3973/774
f 689/917/689 2576/3911/2576 2599/3974/2599
f 689/3975/689 2599/3976/2599 690/920/690
f 689/917/689 692/922/692 2576/3911/2576
f 2277/3977/2277 2234/3179/2234 700/933/700
f 2277/3250/2277 697/3775/697 2278/3251/2278
f 2277/3978/2277 700/3979/700 697/3980/697
f 2277/3977/2277 2235/3180/2235 2234/3179/2234
f 2236/3182/2236 2280/3256/2280 2237/3183/2237
f 2236/3182/2236 1261/1714/1261 2280/3256/2280
f 2236/3182/2236 1262/1715/1262 1261/1714/1261
f 2236/3182/2236 707/3184/707 1262/1715/1262
f 638/839/638 639/840/639 2240/3188/2240
f 638/839/638 2240/3188/2240 260/334/260
f 638/839/638 260/334/260 1490/2029/1490
f 2242/3194/2242 2595/3964/2595 2245/3195/2245
f 2242/3194/2242 548/728/548 2595/3964/2595
f 1751/2403/1751 85/3981/85 1752/2404/1752
f 1751/2403/1751 2569/3982/2569 85/3981/85
f 1751/3983/1751 2523/3773/2523 2570/3899/2570
f 1751/3983/1751 2570/3899/2570 2569/3898/2569
f 1751/3983/1751 1755/3776/1755 2523/3773/2523
f 2600/3984/2600 2601/3985/2601 1458/1977/1458
f 2600/3984/2600 92/121/92 91/120/91
f 2600/3984/2600 1458/1977/1458 2602/3986/2602
f 2600/3984/2600 2602/3986/2602 92/121/92
f 2373/3439/2373 286/370/286 285/369/285
f 2373/3439/2373 285/369/285 2603/3987/2603
f 2373/3439/2373 1376/1868/1376 286/370/286
f 2373/3988/2373 2603/3989/2603 494/651/494
f 2373/3990/2373 494/649/494 2374/3991/2374
f 2260/3221/2260 2604/3992/2604 2261/3993/2261
f 2260/3221/2260 1628/2211/1628 2604/3992/2604
f 751/3994/751 2444/3589/2444 654/3995/654
f 751/3994/751 750/3996/750 2445/3590/2445
f 751/3994/751 2445/3590/2445 2444/3589/2444
f 1615/2197/1615 2270/3997/2270 1616/2198/1616
f 1615/2197/1615 1618/2200/1618 2269/3998/2269
f 1824/3999/1824 2455/3613/2455 1955/2921/1955
f 1824/3999/1824 2383/4000/2383 2455/3613/2455
f 2180/3090/2180 397/517/397 848/1128/848
f 2180/3090/2180 2605/4001/2605 1689/2307/1689
f 2180/3090/2180 848/1128/848 2416/3538/2416
f 2180/3090/2180 2416/3538/2416 2605/4001/2605
f 2181/3096/2181 79/101/79 856/1138/856
f 2181/3093/2181 856/1141/856 401/526/401
f 2181/3093/2181 401/526/401 99/528/99
f 2181/3093/2181 99/528/99 1459/3094/1459
f 2418/4002/2418 2420/4003/2420 864/1148/864
f 2418/4002/2418 862/1146/862 537/712/537
f 2418/3540/2418 537/1337/537 1698/2318/1698
f 2418/4002/2418 864/1148/864 862/1146/862
f 1319/4004/1319 2606/4005/2606 2607/4006/2607
f 1319/1793/1319 2558/3878/2558 1320/1794/1320
f 1319/4004/1319 1321/4007/1321 2606/4005/2606
f 1319/1793/1319 2607/4008/2607 2558/3878/2558
f 2307/4009/2307 347/442/347 2188/3105/2188
f 2307/3300/2307 2097/2961/2097 982/2960/982
f 2307/3300/2307 349/455/349 347/4010/347
f 2307/4009/2307 2188/3105/2188 2097/2958/2097
f 879/1163/879 2457/3615/2457 880/1164/880
f 879/1163/879 2312/3308/2312 2457/3615/2457
f 2029/4011/2029 731/4012/731 732/4013/732
f 2029/4011/2029 732/4013/732 2191/4014/2191
f 2029/4015/2029 889/4016/889 731/4017/731
f 2608/4018/2608 2315/3316/2315 2316/3314/2316
f 2608/4018/2608 2486/4019/2486 2315/3316/2315
f 2608/4018/2608 2609/4020/2609 2486/4019/2486
f 2608/4018/2608 2316/3314/2316 2609/4020/2609
f 571/758/571 2377/4021/2377 1737/2386/1737
f 571/758/571 570/757/570 2462/3933/2462
f 571/758/571 2462/3933/2462 2377/4021/2377
f 571/758/571 1737/2386/1737 804/1065/804
f 584/774/584 820/1092/820 585/775/585
f 584/774/584 589/779/589 1563/2130/1563
f 591/4022/591 825/1970/825 592/4023/592
f 591/1098/591 595/4024/595 822/1099/822
f 599/793/599 746/996/746 2213/3146/2213
f 599/793/599 2213/3146/2213 600/794/600
f 599/793/599 602/797/602 746/996/746
f 2215/3148/2215 328/4025/328 2216/3149/2216
f 835/1117/835 1761/2414/1761 1228/1665/1228
f 835/1117/835 1228/1665/1228 1101/1485/1101
f 835/1117/835 1101/1485/1101 836/4026/836
f 2610/4027/2610 2611/4028/2611 618/819/618
f 2610/4029/2610 1684/2301/1684 1685/2302/1685
f 2610/4029/2610 2223/4030/2223 1684/2301/1684
f 2610/4029/2610 1685/2302/1685 2611/4031/2611
f 2610/4027/2610 618/819/618 2224/4032/2224
f 2610/4029/2610 2224/4033/2224 2223/4030/2223
f 2424/3553/2424 1076/3554/1076 804/1065/804
f 2424/3553/2424 2612/4034/2612 2561/3881/2561
f 2424/3553/2424 804/1065/804 2612/4034/2612
f 2157/3058/2157 2562/3884/2562 927/1237/927
f 2157/3058/2157 2159/3061/2159 2562/3884/2562
f 933/1241/933 2613/4035/2613 2614/4036/2614
f 933/1241/933 2000/2783/2000 2613/4035/2613
f 933/1241/933 2614/4036/2614 934/1242/934
f 1453/1972/1453 2615/4037/2615 2346/4038/2346
f 1453/1972/1453 1455/1974/1455 2615/4037/2615
f 256/2785/256 1517/4039/1517 2001/2786/2001
f 2221/3154/2221 2616/4040/2616 2004/4041/2004
f 2221/3154/2221 2004/4041/2004 2222/3155/2222
f 2221/3154/2221 2350/3403/2350 2616/4040/2616
f 2351/3404/2351 1601/2183/1601 2617/4042/2617
f 2351/3404/2351 2567/3895/2567 1601/2183/1601
f 2351/3404/2351 1462/1986/1462 2567/3895/2567
f 2351/3404/2351 2617/4042/2617 1855/2559/1855
f 1687/2304/1687 1398/1897/1398 1688/2305/1688
f 1687/2304/1687 1399/1898/1399 1398/1897/1398
f 1687/4043/1687 1692/4044/1692 1345/1832/1345
f 1687/4043/1687 1345/1832/1345 1344/1831/1344
f 1687/4043/1687 1344/1831/1344 1399/4045/1399
f 974/3504/974 2555/3867/2555 2618/4046/2618
f 974/3504/974 2211/3142/2211 2555/3867/2555
f 974/3504/974 2618/4046/2618 2619/4047/2619
f 974/3504/974 2619/4047/2619 1860/3505/1860
f 2013/2803/2013 2620/4048/2620 2014/2804/2014
f 2013/2803/2013 1289/1749/1289 2620/4048/2620
f 2013/2803/2013 1290/1750/1290 1289/1749/1289
f 2013/2803/2013 19/19/19 1290/1750/1290
f 2291/3274/2291 2019/3830/2019 1297/1760/1297
f 2291/3274/2291 1297/1760/1297 1296/1759/1296
f 295/379/295 1729/2368/1729 296/380/296
f 2024/4049/2024 1631/2214/1631 2061/3547/2061
f 2024/4049/2024 2061/3547/2061 1144/4050/1144
f 2024/2819/2024 2026/2821/2026 1631/4051/1631
f 2024/2819/2024 1144/1543/1144 1143/1542/1143
f 1422/4052/1422 885/4053/885 1423/4054/1423
f 1422/1930/1422 1426/1934/1426 310/394/310
f 517/686/517 2621/4055/2621 518/687/518
f 517/686/517 2161/3370/2161 2448/3593/2448
f 517/686/517 2448/3593/2448 2621/4055/2621
f 527/699/527 1058/3696/1058 598/1851/598
f 527/699/527 526/698/526 1058/3696/1058
f 1001/3601/1001 2074/2911/2074 776/4056/776
f 1001/3597/1001 539/715/539 2449/3598/2449
f 1001/4057/1001 776/1035/776 1002/4058/1002
f 1945/2691/1945 1947/2694/1947 2452/3603/2452
f 1945/4059/1945 2454/3609/2454 1946/3947/1946
f 2308/3301/2308 2622/4060/2622 1184/1598/1184
f 2308/4061/2308 2309/4062/2309 981/1307/981
f 2308/4061/2308 2401/3508/2401 2622/4063/2622
f 2308/4061/2308 981/1307/981 2401/3508/2401
f 2002/2788/2002 2001/2786/2001 200/265/200
f 2002/2787/2002 2488/3682/2488 1260/1712/1260
f 2623/4064/2623 2624/4065/2624 2625/4066/2625
f 2623/4064/2623 2489/3684/2489 2624/4065/2624
f 2623/4064/2623 2625/4066/2625 2626/4067/2626
f 2623/4064/2623 2626/4067/2626 2489/3684/2489
f 2627/4068/2627 2628/4069/2628 2629/4070/2629
f 2627/4068/2627 2629/4070/2629 1900/2628/1900
f 2627/4068/2627 1670/2280/1670 77/2281/77
f 2627/4068/2627 1900/2628/1900 1670/2280/1670
f 2627/4068/2627 77/2281/77 2628/4069/2628
f 2554/3866/2554 2355/3409/2355 1960/2717/1960
f 2554/3866/2554 1773/2435/1773 2355/3409/2355
f 2554/3866/2554 2422/3546/2422 2058/2877/2058
f 2554/3866/2554 1960/2717/1960 2422/3546/2422
f 2630/4071/2630 1635/2218/1635 1634/2217/1634
f 2630/4071/2630 2631/4072/2631 2632/4073/2632
f 2630/4071/2630 430/568/430 2631/4072/2631
f 2630/4071/2630 2481/4074/2481 1635/2218/1635
f 2630/4071/2630 1634/2217/1634 430/568/430
f 2630/4071/2630 2632/4073/2632 2481/4074/2481
f 1967/2724/1967 17/4075/17 2633/4076/2633
f 1967/2724/1967 2633/4076/2633 1968/2725/1968
f 1967/2724/1967 1969/2726/1969 17/4075/17
f 2634/4077/2634 2635/4078/2635 134/4079/134
f 2634/4080/2634 2636/4081/2636 2637/4082/2637
f 2634/4077/2634 2638/4083/2638 2635/4078/2635
f 2634/4080/2634 2637/4082/2637 2638/4084/2638
f 2634/4080/2634 133/4085/133 2636/4081/2636
f 2634/4080/2634 134/4086/134 133/4085/133
f 1974/4087/1974 1342/1828/1342 1345/1832/1345
f 1974/4087/1974 1975/4088/1975 1342/1828/1342
f 1974/4087/1974 1345/1832/1345 1692/4044/1692
f 1977/2736/1977 1982/2745/1982 2639/4089/2639
f 407/534/407 1924/2661/1924 1989/2753/1989
f 407/534/407 1989/2753/1989 1987/2751/1987
f 407/534/407 410/537/410 1924/2661/1924
f 1358/2325/1358 1701/2324/1701 1990/2755/1990
f 2385/3457/2385 2386/3461/2386 166/4090/166
f 2385/3457/2385 166/4090/166 898/3458/898
f 2433/3572/2433 2432/3574/2432 2640/4091/2640
f 2433/3572/2433 2640/4091/2640 2256/3211/2256
f 2433/3572/2433 2256/3211/2256 2434/3573/2434
f 1295/2915/1295 1299/4092/1299 911/1208/911
f 1295/2915/1295 911/1208/911 2006/2794/2006
f 2077/2918/2077 1393/2708/1393 1955/2707/1955
f 2077/2918/2077 215/283/215 214/282/214
f 2077/2918/2077 214/282/214 1393/2708/1393
f 2077/2918/2077 1729/2368/1729 215/283/215
f 1308/1776/1308 678/905/678 1309/1777/1309
f 1473/4093/1473 1877/2596/1877 1474/2924/1474
f 1473/2002/1473 1315/1788/1315 1314/1789/1314
f 1473/4093/1473 1314/1782/1314 1877/2596/1877
f 58/71/58 2263/3218/2263 2641/4094/2641
f 58/76/58 2641/4095/2641 60/77/60
f 1611/2193/1611 2642/4096/2642 925/1230/925
f 1611/2193/1611 2218/4097/2218 2642/4096/2642
f 1611/4098/1611 2154/3054/2154 2218/4099/2218
f 1611/2193/1611 1613/2195/1613 2154/4100/2154
f 70/90/70 1252/2938/1252 2643/4101/2643
f 70/90/70 2643/4101/2643 71/91/71
f 1498/2038/1498 2473/3644/2473 1717/3812/1717
f 1498/4102/1498 1024/4103/1024 2474/4104/2474
f 1498/2038/1498 2070/4105/2070 1499/2039/1499
f 1498/2038/1498 1717/3812/1717 2070/4105/2070
f 1498/2038/1498 2474/3650/2474 2473/3644/2473
f 2644/4106/2644 1502/2048/1502 2645/4107/2645
f 2644/4108/2644 2646/4109/2646 2647/4110/2647
f 2644/4106/2644 1503/2049/1503 1502/2048/1502
f 2644/4108/2644 2647/4110/2647 2549/4111/2549
f 2644/4112/2644 2549/3849/2549 1503/3848/1503
f 2644/4106/2644 2645/4107/2645 2646/4113/2646
f 2648/4114/2648 1761/2415/1761 1760/2413/1760
f 2648/4114/2648 1226/1660/1226 1228/1662/1228
f 2648/4114/2648 1228/1662/1228 1761/2415/1761
f 2648/4115/2648 101/134/101 97/130/97
f 2648/4114/2648 1760/2413/1760 101/4116/101
f 2648/4114/2648 97/4117/97 1226/1660/1226
f 1269/1724/1269 2649/4118/2649 1270/1725/1270
f 1269/1724/1269 1769/2426/1769 2649/4118/2649
f 1269/1724/1269 2246/3197/2246 1769/2426/1769
f 720/3787/720 722/1619/722 1197/1615/1197
f 720/3787/720 1197/1615/1197 2527/3788/2527
f 812/1085/812 2650/4119/2650 2206/3131/2206
f 812/1085/812 725/972/725 2650/4119/2650
f 812/1085/812 815/1084/815 725/972/725
f 2031/4120/2031 818/1093/818 1954/4121/1954
f 2031/2831/2031 1954/4122/1954 2651/4123/2651
f 2031/2831/2031 2651/4123/2651 2032/2832/2032
f 2031/4120/2031 587/777/587 586/776/586
f 2031/4120/2031 586/776/586 818/1093/818
f 2036/2841/2036 2652/4124/2652 2653/4125/2653
f 2036/2841/2036 2653/4125/2653 2037/2842/2037
f 2036/2841/2036 2654/4126/2654 2652/4124/2652
f 2036/2841/2036 2035/2840/2035 2654/4126/2654
f 2413/4127/2413 1595/2177/1595 1792/4128/1792
f 2413/3529/2413 1791/2463/1791 2655/4129/2655
f 2413/3529/2413 2655/4129/2655 2040/3530/2040
f 2413/3529/2413 1792/2464/1792 1791/2463/1791
f 2043/3098/2043 2184/3100/2184 2656/4130/2656
f 2043/3098/2043 2656/4130/2656 1352/4131/1352
f 2043/2851/2043 1892/2613/1892 2183/4132/2183
f 217/285/217 2657/4133/2657 218/286/218
f 217/4134/217 1828/4135/1828 321/4136/321
f 217/4134/217 2370/4137/2370 2658/4138/2658
f 217/285/217 222/290/222 1828/4139/1828
f 217/4134/217 2658/4138/2658 2657/4140/2657
f 217/4134/217 321/4136/321 2370/4137/2370
f 326/412/326 2265/3223/2265 328/415/328
f 326/412/326 2266/3224/2266 2265/3223/2265
f 326/412/326 2048/2863/2048 2266/3224/2266
f 2049/4141/2049 2659/4142/2659 2449/3598/2449
f 2049/4141/2049 538/714/538 541/717/541
f 2049/2865/2049 1811/2867/1811 2659/4143/2659
f 2049/4141/2049 2449/3598/2449 538/714/538
f 2055/2874/2055 2052/2871/2052 756/1010/756
f 192/255/192 1771/4144/1771 1774/2436/1774
f 192/260/192 195/258/195 1771/2428/1771
f 192/255/192 875/1159/875 193/256/193
f 192/255/192 876/1160/876 875/1159/875
f 192/255/192 1774/2436/1774 876/1160/876
f 2660/4145/2660 1190/1604/1190 1192/1606/1192
f 2660/4146/2660 1192/3309/1192 2661/4147/2661
f 2660/4146/2660 2661/4147/2661 2063/4148/2063
f 2660/4145/2660 2062/3860/2062 1190/1604/1190
f 2660/4146/2660 2063/4148/2063 2062/4149/2062
f 1394/1892/1394 213/2626/213 1900/2628/1900
f 1394/1892/1394 1393/1891/1393 214/4150/214
f 1394/1892/1394 214/4150/214 213/2626/213
f 1394/1892/1394 1900/2628/1900 1395/1893/1395
f 1322/2118/1322 1324/2429/1324 1554/2119/1554
f 1322/1796/1322 719/2829/719 1323/1797/1323
f 1131/3585/1131 2441/3584/2441 2662/4151/2662
f 1131/1523/1131 429/571/429 1132/1524/1132
f 1131/4152/1131 2631/4072/2631 429/567/429
f 1131/4152/1131 2662/4153/2662 2631/4072/2631
f 1780/2445/1780 1563/2135/1563 2331/3367/2331
f 1780/4154/1780 2331/4155/2331 1024/1372/1024
f 1780/4154/1780 1024/1372/1024 1023/1371/1023
f 2313/3311/2313 2663/4156/2663 2664/4157/2664
f 2313/3315/2313 2197/3116/2197 2663/4158/2663
f 2313/3311/2313 2664/4157/2664 2314/3312/2314
f 1783/2451/1783 2653/4125/2653 1221/4159/1221
f 1783/2451/1783 399/521/399 395/520/395
f 1783/2451/1783 2665/4160/2665 2653/4125/2653
f 1783/2451/1783 1785/2454/1785 2665/4160/2665
f 1783/2451/1783 1221/4159/1221 399/521/399
f 1225/1658/1225 1348/4161/1348 1849/2551/1849
f 1795/3664/1795 2479/3663/2479 2666/4162/2666
f 1795/2468/1795 2666/4163/2666 1796/2469/1796
f 1990/2755/1990 1801/2474/1801 1657/2258/1657
f 1990/2755/1990 1802/2475/1802 1801/2474/1801
f 1990/2755/1990 1657/2258/1657 2667/4164/2667
f 1990/2755/1990 1701/2324/1701 1802/2475/1802
f 1243/1684/1243 1932/2670/1932 1244/1685/1244
f 1243/1684/1243 1808/2671/1808 1932/2670/1932
f 1364/1853/1364 2668/4165/2668 1247/1691/1247
f 1364/1853/1364 1247/1691/1247 2669/4166/2669
f 1364/1853/1364 2669/4166/2669 1365/1854/1365
f 1364/1853/1364 1368/1859/1368 2668/4165/2668
f 1375/1867/1375 2304/3441/2304 1811/2486/1811
f 1466/1992/1466 337/428/337 844/1124/844
f 1466/1992/1466 2670/4167/2670 1467/1993/1467
f 1466/1992/1466 844/1124/844 2670/4167/2670
f 1466/1992/1466 338/429/338 337/428/337
f 2671/4168/2671 193/256/193 875/1159/875
f 2671/4168/2671 501/662/501 500/664/500
f 2671/4168/2671 500/664/500 193/256/193
f 2671/4168/2671 875/1159/875 874/1158/874
f 2671/4168/2671 874/1158/874 501/662/501
f 2514/3746/2514 577/764/577 1952/2702/1952
f 2514/3746/2514 2515/3747/2515 577/764/577
f 2514/3746/2514 1952/2702/1952 201/268/201
f 2514/3746/2514 201/268/201 354/462/354
f 791/1052/791 1821/4169/1821 792/1053/792
f 791/2497/791 2651/4170/2651 1953/2703/1953
f 791/1052/791 794/1055/794 2651/4123/2651
f 799/1060/799 520/689/520 519/688/519
f 799/4171/799 1395/1893/1395 2672/4172/2672
f 799/1060/799 2672/4173/2672 520/689/520
f 799/1060/799 802/1063/802 1395/2709/1395
f 1398/1897/1398 1401/1901/1401 1688/2305/1688
f 2555/3867/2555 1567/2138/1567 2618/4046/2618
f 2555/3867/2555 2211/3142/2211 1566/2137/1566
f 283/2905/283 2288/3272/2288 2073/2906/2073
f 283/367/283 287/371/287 2288/3270/2288
f 2436/3577/2436 26/29/26 28/32/28
f 2436/3577/2436 2293/3278/2293 2437/3578/2437
f 2541/3833/2541 1310/1778/1310 1730/2371/1730
f 2541/3833/2541 307/2370/307 1420/1927/1420
f 2541/3833/2541 1730/2371/1730 307/2370/307
f 2541/3833/2541 2079/2922/2079 1310/1778/1310
f 2541/3833/2541 1420/1927/1420 1419/1924/1419
f 1732/2373/1732 311/395/311 1426/1934/1426
f 1732/4174/1732 2673/4175/2673 1733/3674/1733
f 1732/2373/1732 1425/1933/1425 2673/4176/2673
f 1732/2373/1732 1426/1934/1426 1425/1933/1425
f 1836/2535/1836 442/585/442 2674/4177/2674
f 1836/2535/1836 2674/4177/2674 960/1275/960
f 1736/4178/1736 1117/1570/1117 1116/4179/1116
f 1736/4178/1736 2299/3286/2299 1117/1570/1117
f 1736/2382/1736 1116/4180/1116 1115/2383/1115
f 226/294/226 506/677/506 2048/2862/2048
f 1741/2390/1741 2340/3386/2340 2341/3387/2341
f 1741/2390/1741 1742/2391/1742 2340/3386/2340
f 1741/2390/1741 2341/3387/2341 1254/1699/1254
f 237/4181/237 11/4182/11 2344/3390/2344
f 237/4181/237 2343/3389/2343 238/2782/238
f 237/4181/237 2344/3390/2344 2343/3389/2343
f 237/305/237 240/308/240 11/4183/11
f 272/349/272 699/931/699 273/350/273
f 272/3772/272 277/3900/277 2523/3773/2523
f 610/4184/610 713/4185/713 1762/2416/1762
f 610/4184/610 1762/2416/1762 611/1116/611
f 610/4184/610 714/4186/714 713/4185/713
f 1765/2422/1765 267/4187/267 2005/2793/2005
f 1765/2422/1765 2525/3785/2525 267/4187/267
f 1765/2422/1765 2005/2793/2005 1766/2423/1766
f 2657/4140/2657 2675/4188/2675 2368/4189/2368
f 2657/4133/2657 322/4190/322 218/286/218
f 2657/4140/2657 2658/4138/2658 2675/4188/2675
f 2657/4191/2657 2368/3430/2368 322/407/322
f 2676/4192/2676 1169/1577/1169 1171/1579/1171
f 2676/4192/2676 1171/1579/1171 2232/4193/2232
f 2676/4194/2676 533/707/533 2677/4195/2677
f 2676/4194/2676 2232/4196/2232 534/708/534
f 2676/4192/2676 2677/4197/2677 1169/1577/1169
f 2676/4194/2676 534/708/534 533/707/533
f 1888/4198/1888 2659/4143/2659 2303/3292/2303
f 1888/4199/1888 2450/3599/2450 2449/3598/2449
f 1888/4198/1888 2303/3292/2303 2362/4200/2362
f 1888/2609/1888 2362/3423/2362 1889/2610/1889
f 1888/2609/1888 1893/2614/1893 2450/4201/2450
f 1888/4198/1888 2449/4202/2449 2659/4143/2659
f 1180/1593/1180 1271/3727/1271 2678/4203/2678
f 1180/1593/1180 2536/3816/2536 185/3815/185
f 1180/1593/1180 2678/4203/2678 2536/3816/2536
f 1895/2617/1895 1186/1600/1186 1185/1599/1185
f 1895/2617/1895 1185/1599/1185 2679/4204/2679
f 1895/2617/1895 2679/4204/2679 1896/2618/1896
f 1895/2617/1895 1036/1395/1036 1186/1600/1186
f 2153/3053/2153 66/84/66 65/83/65
f 2153/3053/2153 2152/3052/2152 2311/4205/2311
f 2153/3053/2153 2311/4205/2311 1039/1399/1039
f 2153/3053/2153 1039/1399/1039 66/84/66
f 2380/3447/2380 1190/1604/1190 2062/3860/2062
f 2380/3447/2380 1191/1605/1191 1190/1604/1190
f 2469/3637/2469 822/4206/822 595/787/595
f 2469/4207/2469 2068/2896/2068 822/1099/822
f 1305/1771/1305 2680/4208/2680 2357/3415/2357
f 1305/1771/1305 1302/1772/1302 2680/4208/2680
f 1305/1771/1305 2357/3415/2357 2354/3407/2354
f 2015/4209/2015 2633/4210/2633 17/4211/17
f 2015/4209/2015 2681/4212/2681 2633/4210/2633
f 2015/2805/2015 2014/2804/2014 2681/4213/2681
f 2663/4158/2663 1937/4214/1937 1591/4215/1591
f 2663/4158/2663 2197/3116/2197 2196/3115/2196
f 2663/4158/2663 1591/4215/1591 904/4216/904
f 2663/4158/2663 2196/3115/2196 1031/4217/1031
f 2663/4218/2663 904/1198/904 2664/4219/2664
f 2663/4158/2663 1031/4217/1031 1937/4214/1937
f 1058/4220/1058 601/795/601 598/791/598
f 1058/1426/1058 2682/4221/2682 601/4222/601
f 1058/1426/1058 139/186/139 2682/4221/2682
f 1486/2021/1486 2286/3268/2286 1369/1860/1369
f 1923/2660/1923 1986/2750/1986 1924/2661/1924
f 1923/2660/1923 715/953/715 714/954/714
f 1923/2660/1923 1581/2158/1581 1986/2750/1986
f 1361/1849/1361 1360/1848/1360 1929/2666/1929
f 419/549/419 2683/4223/2683 420/550/420
f 419/549/419 422/4224/422 1242/1683/1242
f 419/549/419 2082/2929/2082 2683/4223/2683
f 419/549/419 1242/1683/1242 2082/2929/2082
f 64/82/64 2218/4099/2218 2154/3054/2154
f 64/82/64 2154/3054/2154 65/83/65
f 72/95/72 2108/2979/2108 2684/4225/2684
f 72/95/72 2685/4226/2685 2108/2979/2108
f 72/95/72 2684/4225/2684 73/4227/73
f 72/95/72 71/91/71 2685/4226/2685
f 2686/4228/2686 1746/2396/1746 1748/2401/1748
f 2686/4228/2686 2687/4229/2687 1746/2396/1746
f 2686/4228/2686 2688/4230/2688 2689/4231/2689
f 2686/4228/2686 2690/4232/2690 2688/4230/2688
f 2686/4228/2686 1748/2401/1748 2690/4232/2690
f 2686/4228/2686 2689/4231/2689 2687/4229/2687
f 1838/2537/1838 2115/4233/2115 1839/2538/1839
f 1122/1510/1122 2439/3580/2439 1123/1511/1123
f 2349/3402/2349 1850/2552/1850 2691/4234/2691
f 2349/3402/2349 1224/1656/1224 1850/2552/1850
f 2349/3402/2349 2692/4235/2692 2350/3403/2350
f 2349/3402/2349 2691/4234/2691 2692/4235/2692
f 1133/1525/1133 2649/4236/2649 1768/4237/1768
f 1133/1525/1133 1134/1527/1134 2649/4236/2649
f 1133/1525/1133 1768/4237/1768 916/1216/916
f 1133/1525/1133 916/1216/916 915/1215/915
f 1857/2562/1857 1400/1900/1400 274/2563/274
f 1857/2562/1857 3/3/3 1400/1900/1400
f 1646/2243/1646 1648/2246/1648 77/3734/77
f 1864/2574/1864 390/509/390 1865/2575/1865
f 1864/2574/1864 1867/2579/1867 2360/3421/2360
f 669/889/669 503/668/503 1902/2630/1902
f 669/889/669 671/896/671 503/668/503
f 137/179/137 2693/4238/2693 2498/3715/2498
f 137/179/137 1672/2285/1672 2693/4238/2693
f 800/1061/800 518/687/518 2030/2827/2030
f 2414/3536/2414 2605/4001/2605 2415/3537/2415
f 2414/3536/2414 1690/2308/1690 2605/4001/2605
f 1744/2393/1744 2125/3009/2125 1745/2394/1745
f 1744/2393/1744 1886/2607/1886 2125/3009/2125
f 1536/2091/1536 1288/2909/1288 1291/2570/1291
f 1536/2091/1536 1537/2093/1537 2074/2908/2074
f 961/1277/961 964/1280/964 779/1039/779
f 961/1277/961 779/1039/779 1538/2095/1538
f 961/1277/961 1538/2095/1538 962/1278/962
f 1872/2586/1872 1871/2584/1871 2297/3283/2297
f 1872/2585/1872 1704/4239/1704 2131/3022/2131
f 1872/2586/1872 2297/3283/2297 1704/2328/1704
f 1541/2098/1541 2190/3108/2190 2694/4240/2694
f 1541/2098/1541 2695/4241/2695 2190/3108/2190
f 1541/2098/1541 356/466/356 2695/4241/2695
f 1541/2098/1541 2694/4240/2694 1542/2099/1542
f 793/4242/793 795/3890/795 2459/3617/2459
f 793/1054/793 2651/4123/2651 794/1055/794
f 793/4242/793 1906/2634/1906 2032/2835/2032
f 793/1054/793 2032/2832/2032 2651/4123/2651
f 793/4242/793 2459/3617/2459 1906/2634/1906
f 1028/1379/1028 1550/4243/1550 1029/1380/1029
f 1028/4244/1028 1031/4217/1031 1550/3114/1550
f 194/257/194 1554/2119/1554 195/258/195
f 787/1048/787 789/1050/789 1777/2439/1777
f 787/4245/787 1558/2124/1558 788/2123/788
f 787/4245/787 1777/2442/1777 1558/2124/1558
f 1719/2354/1719 2696/4246/2696 2697/4247/2697
f 1719/2354/1719 2697/4247/2697 1720/2355/1720
f 1719/2354/1719 2698/4248/2698 2696/4246/2696
f 1719/2354/1719 1721/2357/1721 2698/4248/2698
f 1738/2387/1738 1170/1578/1170 2116/4249/2116
f 1738/2387/1738 1577/4250/1577 1739/2388/1739
f 1738/2387/1738 2116/4249/2116 1577/4250/1577
f 458/606/458 2012/2802/2012 1064/1434/1064
f 458/606/458 460/608/460 2012/2802/2012
f 2699/4251/2699 1582/2159/1582 2475/3655/2475
f 2699/4252/2699 2475/3654/2475 760/1014/760
f 2699/4251/2699 1583/2160/1583 1582/2159/1582
f 2699/4251/2699 758/4253/758 1583/2160/1583
f 2699/4252/2699 760/1014/760 758/1012/758
f 942/1988/942 2528/4254/2528 1463/1989/1463
f 942/4255/942 2574/3906/2574 943/3488/943
f 942/1251/942 941/1250/941 2528/3790/2528
f 942/4255/942 1464/3968/1464 2574/3906/2574
f 1468/1995/1468 949/1260/949 2700/4256/2700
f 1468/1995/1468 1467/1998/1467 950/1261/950
f 1468/1995/1468 2700/4256/2700 1469/1996/1469
f 1468/1995/1468 950/1261/950 949/1260/949
f 859/1143/859 864/1148/864 2172/3079/2172
f 1030/1381/1030 1027/1377/1027 1938/2679/1938
f 1030/1381/1030 1937/2678/1937 1031/1382/1031
f 1030/1381/1030 1938/2679/1938 1937/2678/1937
f 1820/4257/1820 247/4258/247 1821/4259/1821
f 1820/4257/1820 249/4260/249 247/4258/247
f 1102/1487/1102 2040/4261/2040 2655/4262/2655
f 1102/1487/1102 142/192/142 1103/1488/1103
f 1102/1487/1102 2655/4262/2655 142/192/142
f 1102/1487/1102 1105/1491/1105 2040/4261/2040
f 1723/2360/1723 2701/4263/2701 1724/2361/1724
f 1723/4264/1723 2257/3212/2257 2701/4265/2701
f 1723/2360/1723 1727/2364/1727 2257/4266/2257
f 1110/1497/1110 1495/2367/1495 1496/4267/1496
f 1110/1497/1110 1112/1499/1112 1495/2367/1495
f 1110/1497/1110 1496/4267/1496 1111/1498/1111
f 902/1196/902 2702/4268/2702 2646/4269/2646
f 902/1196/902 2646/4269/2646 903/1197/903
f 902/4270/902 487/4271/487 2702/4272/2702
f 2571/3903/2571 2328/3350/2328 639/4273/639
f 2571/3903/2571 636/4274/636 1126/2055/1126
f 2571/3903/2571 1126/2055/1126 1506/2053/1506
f 2571/4275/2571 639/840/639 636/837/636
f 291/4276/291 644/847/644 292/846/292
f 1509/2058/1509 60/77/60 2641/4095/2641
f 1509/2058/1509 2641/4095/2641 2703/4277/2703
f 1509/2058/1509 61/78/61 60/77/60
f 1509/2058/1509 2703/4277/2703 1510/2059/1510
f 1515/2064/1515 2085/2933/2085 2547/3843/2547
f 1520/4278/1520 1521/4279/1521 659/874/659
f 1520/4278/1520 659/874/659 658/873/658
f 1525/2713/1525 1957/2712/1957 2680/4280/2680
f 1525/2713/1525 2680/4280/2680 1302/4281/1302
f 1525/4282/1525 1302/1767/1302 1526/3233/1526
f 1114/4283/1114 2561/3881/2561 2612/4034/2612
f 1114/4283/1114 2612/4034/2612 1115/2383/1115
f 1114/1501/1114 2300/4284/2300 2561/4285/2561
f 1114/1501/1114 626/826/626 2300/4284/2300
f 1662/2268/1662 2704/4286/2704 1866/2577/1866
f 1662/2268/1662 1866/2577/1866 1120/1507/1120
f 1662/2268/1662 813/1081/813 2704/4286/2704
f 2499/4287/2499 2500/4288/2500 2490/3685/2490
f 2499/4287/2499 2490/3685/2490 2552/4289/2552
f 822/1099/822 2068/2896/2068 823/1100/823
f 1671/2283/1671 1057/3645/1057 2705/4290/2705
f 1671/2283/1671 2705/4290/2705 1672/2284/1672
f 1671/2283/1671 139/2286/139 1057/3645/1057
f 831/1108/831 752/1005/752 656/866/656
f 831/1108/831 2706/4291/2706 752/1005/752
f 831/1108/831 2086/2936/2086 832/1109/832
f 831/1108/831 656/866/656 2086/2936/2086
f 831/1108/831 833/1110/833 2706/4291/2706
f 2003/2791/2003 1491/2030/1491 2550/3854/2550
f 2003/2791/2003 2616/4292/2616 1491/2030/1491
f 2003/2791/2003 2004/2792/2004 2616/4292/2616
f 2003/2791/2003 2550/3854/2550 332/421/332
f 2611/4028/2611 2707/4293/2707 619/817/619
f 2611/4028/2611 619/817/619 618/819/618
f 2611/4031/2611 1685/2302/1685 1239/1679/1239
f 2611/4028/2611 1239/4294/1239 2707/4293/2707
f 1399/1899/1399 1343/4295/1343 2708/4296/2708
f 1399/1899/1399 2708/4296/2708 1400/1900/1400
f 1399/4045/1399 1344/1831/1344 1343/1830/1343
f 169/228/169 1575/2149/1575 1694/2314/1694
f 169/228/169 1695/2315/1695 170/229/170
f 169/228/169 172/231/172 1575/2149/1575
f 2709/4297/2709 774/4298/774 2522/3767/2522
f 2709/4297/2709 2522/3767/2522 2507/3736/2507
f 2709/4299/2709 177/4300/177 1002/4301/1002
f 2709/4299/2709 1002/4301/1002 774/4302/774
f 2709/4299/2709 1372/4303/1372 177/4300/177
f 2709/4299/2709 2507/4304/2507 1372/4303/1372
f 2510/3739/2510 2453/3608/2453 2452/3607/2452
f 2710/4305/2710 1958/2714/1958 1159/1562/1159
f 2710/4305/2710 2711/4306/2711 2392/3482/2392
f 2710/4305/2710 2392/3482/2392 2456/3614/2456
f 2710/4305/2710 1159/1562/1159 2711/4306/2711
f 2710/4305/2710 2712/4307/2712 1958/2714/1958
f 2710/4305/2710 2456/3614/2456 2712/4307/2712
f 2137/4308/2137 1964/2721/1964 1963/2720/1963
f 2137/4308/2137 558/739/558 2575/3908/2575
f 2137/4308/2137 2138/4309/2138 558/739/558
f 2137/4308/2137 2575/3908/2575 1964/2721/1964
f 1707/2332/1707 1708/2334/1708 2483/3672/2483
f 1707/2332/1707 2483/3672/2483 1545/2103/1545
f 1711/2339/1711 2485/3675/2485 2018/2811/2018
f 1711/2339/1711 27/2810/27 25/4310/25
f 1711/2339/1711 25/4310/25 1712/2340/1712
f 1711/2339/1711 2018/2811/2018 27/2810/27
f 2249/4311/2249 897/1189/897 481/635/481
f 2249/4311/2249 481/635/481 480/632/480
f 2249/3201/2249 2252/3205/2252 897/3460/897
f 2249/4311/2249 480/632/480 2250/4312/2250
f 1128/1518/1128 334/423/334 1678/2292/1678
f 1128/1518/1128 2388/3464/2388 2440/3581/2440
f 1128/1518/1128 1678/2292/1678 2388/3464/2388
f 1599/2181/1599 1601/2183/1601 2567/3895/2567
f 918/1220/918 646/4313/646 648/3752/648
f 918/1220/918 648/3752/648 2149/3047/2149
f 918/1220/918 2149/3047/2149 1609/2191/1609
f 918/1220/918 1609/2191/1609 33/40/33
f 2444/3589/2444 2520/3759/2520 654/3995/654
f 1616/2198/1616 2270/3997/2270 2390/3475/2390
f 1616/2198/1616 2390/3475/2390 1617/2199/1617
f 52/4314/52 54/4315/54 241/309/241
f 52/4314/52 935/4316/935 53/4317/53
f 52/4314/52 241/309/241 935/4316/935
f 1245/4318/1245 2228/4319/2228 2227/4320/2227
f 1245/1687/1245 2713/4321/2713 1246/1688/1246
f 1245/1690/1245 1242/1683/1242 2228/4322/2228
f 1245/1687/1245 2227/3166/2227 2713/4321/2713
f 2060/4323/2060 2714/4324/2714 1514/4325/1514
f 2060/2880/2060 2190/3108/2190 2695/4241/2695
f 2060/2880/2060 2695/4241/2695 2714/4326/2714
f 1444/1958/1444 437/578/437 436/577/436
f 1444/1958/1444 436/577/436 1445/1959/1445
f 1089/1468/1089 2715/4327/2715 2425/3556/2425
f 1089/1475/1089 1747/2397/1747 2715/4328/2715
f 1089/1475/1089 1092/1474/1092 1747/2397/1747
f 2716/4329/2716 2429/3562/2429 2556/4330/2556
f 2716/4329/2716 2325/3343/2325 7/7/7
f 2716/4329/2716 2173/3080/2173 2429/3562/2429
f 2716/4331/2716 2010/4332/2010 2325/3341/2325
f 2716/4329/2716 7/7/7 2173/3080/2173
f 2716/4329/2716 2556/4330/2556 2010/4333/2010
f 459/1413/459 457/2244/457 1052/1414/1052
f 459/607/459 1054/1419/1054 460/608/460
f 1652/2252/1652 2717/4334/2717 465/613/465
f 1652/2252/1652 1896/4335/1896 2717/4334/2717
f 1652/2250/1652 1897/3033/1897 1896/4336/1896
f 1656/2257/1656 1801/2474/1801 1803/2476/1803
f 1656/2257/1656 1803/2476/1803 2141/3035/2141
f 1656/2257/1656 1657/2258/1657 1801/2474/1801
f 1076/1449/1076 806/1070/806 804/1072/804
f 2409/3520/2409 2704/4286/2704 810/1076/810
f 2409/4337/2409 1298/1761/1298 2704/4338/2704
f 2409/4339/2409 2318/4340/2318 1299/4092/1299
f 2409/4337/2409 1299/1762/1299 1298/1761/1298
f 2410/3525/2410 1547/2106/1547 2530/3796/2530
f 2410/3522/2410 2530/4341/2530 2191/4014/2191
f 2410/3522/2410 2191/4014/2191 2411/3523/2411
f 2652/4124/2652 1219/4342/1219 1221/4159/1221
f 2652/4124/2652 2718/4343/2718 1219/4342/1219
f 2652/4124/2652 2654/4126/2654 2718/4343/2718
f 2652/4124/2652 1221/4159/1221 2653/4125/2653
f 2041/2846/2041 1228/1665/1228 1227/1664/1227
f 2041/2846/2041 1105/1492/1105 1101/1485/1101
f 2041/2846/2041 1101/1485/1101 1228/1665/1228
f 1232/4344/1232 1475/2007/1475 1333/1812/1333
f 1232/4344/1232 1333/1812/1333 1233/4345/1233
f 1232/4344/1232 1231/4346/1231 1475/2007/1475
f 2324/3339/2324 1238/1677/1238 158/1676/158
f 2324/3339/2324 158/1676/158 2576/3911/2576
f 162/218/162 167/225/167 600/794/600
f 162/4347/162 900/1193/900 163/1192/163
f 180/241/180 541/2868/541 182/243/182
f 2714/4326/2714 2695/4241/2695 355/467/355
f 2714/4324/2714 1188/1602/1188 1514/4325/1514
f 2714/4324/2714 355/464/355 1188/1602/1188
f 1275/1731/1275 2071/2902/2071 2248/3199/2248
f 1279/4348/1279 1935/4349/1935 1280/4350/1280
f 284/368/284 1108/1495/1108 285/369/285
f 2719/4351/2719 1112/1499/1112 1113/1500/1113
f 2719/4351/2719 1113/1500/1113 290/374/290
f 2719/4351/2719 1507/2056/1507 1112/1499/1112
f 2719/4351/2719 290/374/290 1507/2056/1507
f 2720/4352/2720 1539/2919/1539 1540/4353/1540
f 2720/4352/2720 296/380/296 2078/2920/2078
f 2720/4352/2720 1540/4353/1540 2539/4354/2539
f 2720/4352/2720 2539/4354/2539 1414/4355/1414
f 2720/4352/2720 2078/2920/2078 1539/2919/1539
f 2720/4352/2720 1414/4355/1414 296/380/296
f 1310/1778/1310 1311/1779/1311 1730/2371/1730
f 1474/2924/1474 1877/2596/1877 1879/2599/1879
f 1474/2003/1474 2081/4356/2081 1475/2004/1475
f 1478/2012/1478 1480/2014/1480 1318/1792/1318
f 1042/4357/1042 2311/3306/2311 2310/3305/2310
f 1042/1402/1042 1039/1399/1039 2311/4205/2311
f 1253/1698/1253 2721/4358/2721 1742/2391/1742
f 1253/1698/1253 1250/1695/1250 2721/4358/2721
f 1746/2396/1746 2687/4229/2687 2715/4328/2715
f 1746/2396/1746 2715/4328/2715 1747/2397/1747
f 2091/2949/2091 968/3938/968 2092/2950/2092
f 2091/2949/2091 86/2953/86 2569/4359/2569
f 2702/4272/2702 487/4271/487 2282/4360/2282
f 2702/4272/2702 2282/4360/2282 2647/4110/2647
f 2702/4272/2702 2647/4110/2647 2646/4109/2646
f 100/133/100 2722/4361/2722 978/1302/978
f 100/133/100 101/134/101 2722/4361/2722
f 100/133/100 978/1302/978 551/1979/551
f 106/141/106 985/1312/985 2100/2964/2100
f 106/141/106 2100/2964/2100 107/142/107
f 2675/4362/2675 2369/3431/2369 2368/3430/2368
f 2675/4362/2675 2658/4363/2658 2369/3431/2369
f 1641/2229/1641 1749/2399/1749 1092/1474/1092
f 1641/2229/1641 1092/1474/1092 1091/1476/1091
f 1940/2686/1940 2701/4364/2701 2640/4365/2640
f 1940/2686/1940 1724/4366/1724 2701/4364/2701
f 1940/2686/1940 1943/2689/1943 1724/4366/1724
f 1940/2686/1940 2640/4365/2640 1941/2687/1941
f 1683/2300/1683 1381/1874/1381 157/212/157
f 1949/2698/1949 919/1222/919 2551/3858/2551
f 1949/2698/1949 2551/3858/2551 1183/1597/1183
f 1387/1885/1387 1952/2702/1952 577/764/577
f 2624/4065/2624 2489/3684/2489 1669/2276/1669
f 2624/4065/2624 1669/2276/1669 1390/1888/1390
f 2624/4065/2624 1389/1887/1389 2625/4066/2625
f 2624/4065/2624 1390/1888/1390 1389/1887/1389
f 2723/4367/2723 239/307/239 2724/4368/2724
f 2723/4367/2723 2725/4369/2725 239/307/239
f 1957/2712/1957 2355/3409/2355 2357/3414/2357
f 1957/2712/1957 2357/3414/2357 2680/4280/2680
f 1957/2712/1957 1960/2717/1960 2355/3409/2355
f 1705/4370/1705 1020/1366/1020 379/498/379
f 954/1266/954 2396/4371/2396 384/503/384
f 390/509/390 2726/4372/2726 1865/2575/1865
f 390/509/390 389/508/389 2726/4372/2726
f 1342/1828/1342 1975/4088/1975 1785/2455/1785
f 855/1136/855 857/1139/857 1061/1431/1061
f 1924/2661/1924 1986/2750/1986 1989/2753/1989
f 413/540/413 2727/4373/2727 2728/4374/2728
f 413/540/413 2728/4374/2728 414/541/414
f 413/540/413 2365/3427/2365 2727/4373/2727
f 421/558/421 424/557/424 1077/1450/1077
f 421/558/421 1077/1450/1077 1827/2508/1827
f 421/552/421 1435/1946/1435 422/553/422
f 2334/3741/2334 2336/4375/2336 2511/3742/2511
f 2334/4376/2334 2512/4377/2512 1443/1955/1443
f 233/301/233 2562/3885/2562 2159/4378/2159
f 233/301/233 2159/4378/2159 234/302/234
f 2615/4037/2615 2591/4379/2591 2346/4038/2346
f 2615/4037/2615 1455/1974/1455 1897/2622/1897
f 2615/4037/2615 1897/2622/1897 2591/4379/2591
f 1040/1400/1040 1041/1401/1041 1898/2623/1898
f 1595/2177/1595 1597/2179/1597 1792/4128/1792
f 1601/2183/1601 1602/2184/1602 2617/4042/2617
f 1400/1900/1400 2708/4296/2708 2398/4380/2398
f 1400/1900/1400 2398/4380/2398 274/2563/274
f 2729/4381/2729 703/4382/703 1861/4383/1861
f 2729/4381/2729 2730/4384/2730 703/4382/703
f 2729/4381/2729 2470/3638/2470 2468/3636/2468
f 2729/4381/2729 1861/4383/1861 2619/4385/2619
f 2729/4381/2729 2468/3636/2468 2730/4384/2730
f 2729/4381/2729 2619/4385/2619 2470/3638/2470
f 2288/3272/2288 2289/3271/2289 2073/2906/2073
f 867/1151/867 1113/1500/1113 868/1152/868
f 867/1151/867 290/374/290 1113/1500/1113
f 2731/4386/2731 2162/3067/2162 2546/3842/2546
f 2731/4387/2731 2545/4388/2545 2604/3992/2604
f 2731/4387/2731 2604/3992/2604 1628/2211/1628
f 2731/4386/2731 1625/3907/1625 2162/3067/2162
f 2731/4387/2731 1628/2211/1628 1625/2208/1625
f 2731/4386/2731 2546/3842/2546 2545/3841/2545
f 1631/4051/1631 2026/2821/2026 1632/4389/1632
f 2693/4238/2693 2330/3368/2330 2498/3715/2498
f 2693/4390/2693 1672/4391/1672 1024/3366/1024
f 2693/4390/2693 1024/3366/1024 2330/3365/2330
f 2621/4055/2621 2448/3593/2448 2030/2827/2030
f 2621/4055/2621 2030/2827/2030 518/687/518
f 1689/2307/1689 2605/4001/2605 1690/2308/1690
f 856/1141/856 402/527/402 401/526/401
f 1797/2470/1797 1799/2472/1799 2184/3100/2184
f 2606/4005/2606 417/545/417 416/544/416
f 2606/4005/2606 416/544/416 2607/4006/2607
f 2606/4005/2606 2732/4392/2732 547/727/547
f 2606/4005/2606 1321/4007/1321 2732/4392/2732
f 2606/4005/2606 547/727/547 417/545/417
f 555/4393/555 345/439/345 1013/1355/1013
f 555/4393/555 1013/1355/1013 1015/1357/1015
f 1418/3359/1418 560/742/560 2312/3308/2312
f 1418/1926/1418 562/745/562 560/744/560
f 887/1172/887 1548/2107/1548 359/4394/359
f 887/1172/887 359/4394/359 888/1173/888
f 1550/3114/1550 1031/4217/1031 2196/3115/2196
f 2201/3121/2201 2527/3788/2527 1197/1615/1197
f 2201/3121/2201 2200/3124/2200 2529/3791/2529
f 2201/3121/2201 1197/1615/1197 2202/3122/2202
f 2201/3121/2201 2529/3791/2529 2527/3788/2527
f 788/1049/788 2463/4395/2463 2378/3445/2378
f 788/2123/788 1557/2122/1557 2463/3625/2463
f 585/775/585 818/1093/818 586/776/586
f 592/4023/592 825/1970/825 1451/1969/1451
f 592/782/592 1451/4396/1451 999/1334/999
f 592/782/592 999/1334/999 998/1333/998
f 746/996/746 602/797/602 827/1104/827
f 605/802/605 255/326/255 1365/1854/1365
f 605/802/605 2669/4166/2669 833/1110/833
f 605/802/605 1365/1854/1365 2669/4166/2669
f 837/1114/837 836/1113/836 2496/3705/2496
f 837/1114/837 2496/3705/2496 455/603/455
f 615/812/615 840/1120/840 2224/3160/2224
f 615/812/615 2224/3160/2224 618/815/618
f 947/1258/947 950/1262/950 2598/3970/2598
f 956/1269/956 957/1272/957 2358/3418/2358
f 781/1042/781 1171/4397/1171 782/1043/782
f 781/1042/781 2232/3175/2232 1171/4397/1171
f 2278/4398/2278 2585/4399/2585 967/4400/967
f 2278/4398/2278 1754/2406/1754 1756/2408/1756
f 2278/3251/2278 697/3775/697 1754/3774/1754
f 2278/4398/2278 1756/2408/1756 2585/4399/2585
f 2280/3256/2280 1261/1714/1261 2549/3849/2549
f 2280/3256/2280 2549/3849/2549 2281/3257/2281
f 1725/2362/1725 1728/2365/1728 2238/4401/2238
f 1725/2362/1725 2238/4401/2238 2239/3349/2239
f 642/2033/642 2733/4402/2733 1494/2034/1494
f 642/2033/642 2734/4403/2734 2733/4402/2733
f 642/2033/642 644/4404/644 2734/4403/2734
f 2387/4405/2387 280/362/280 2524/3780/2524
f 2387/4406/2387 2524/3779/2524 2735/4407/2735
f 2255/3210/2255 2603/3989/2603 2256/3211/2256
f 2255/3210/2255 494/651/494 2603/3989/2603
f 497/657/497 495/656/495 1600/2182/1600
f 2203/4408/2203 1627/2210/1627 1623/2206/1623
f 2203/4409/2203 944/1253/944 939/1248/939
f 2203/4409/2203 2204/3711/2204 944/1253/944
f 2203/4408/2203 1623/2206/1623 1437/4410/1437
f 2203/4408/2203 939/3490/939 1627/2210/1627
f 2203/4408/2203 1437/4410/1437 1436/4411/1436
f 1739/2388/1739 2130/3019/2130 1167/1574/1167
f 1739/2388/1739 1577/4250/1577 1576/4412/1576
f 1739/2388/1739 1576/4412/1576 2130/3019/2130
f 512/2071/512 511/4413/511 1521/2072/1521
f 512/2071/512 1524/2075/1524 513/3230/513
f 1527/2079/1527 1825/2506/1825 798/1059/798
f 1527/2079/1527 1526/2080/1526 1825/2506/1825
f 1586/2163/1586 1590/2169/1590 1661/2266/1661
f 1586/2163/1586 2102/2966/2102 2487/3679/2487
f 2104/2968/2104 578/766/578 2105/2969/2105
f 2104/2968/2104 579/767/579 578/766/578
f 2104/2973/2104 1847/2549/1847 1844/2545/1844
f 2104/2968/2104 1844/4414/1844 579/767/579
f 2583/3935/2583 660/2624/660 1668/2275/1668
f 2583/3936/2583 661/876/661 660/875/660
f 1057/3645/1057 2474/3650/2474 2705/4290/2705
f 1062/4415/1062 77/3734/77 2533/3927/2533
f 1889/2610/1889 2363/3424/2363 1890/2611/1890
f 545/4416/545 2120/2997/2120 2587/3945/2587
f 545/4417/545 1272/3729/1272 2120/3728/2120
f 545/4416/545 2587/3945/2587 546/4418/546
f 1914/2652/1914 1915/2651/1915 2503/3731/2503
f 770/1027/770 769/1026/769 1980/4419/1980
f 770/4420/770 1918/2655/1918 1530/4421/1530
f 770/4420/770 1980/2740/1980 1918/2655/1918
f 775/4422/775 1377/4423/1377 2507/4304/2507
f 775/1036/775 776/1035/776 1377/3014/1377
f 2131/3022/2131 1703/4424/1703 2736/4425/2736
f 2131/3022/2131 2736/4425/2736 2132/3023/2132
f 2131/3022/2131 1704/4239/1704 1703/4424/1703
f 2480/4426/2480 2737/4427/2737 2694/4428/2694
f 2480/4426/2480 2481/4429/2481 2632/4430/2632
f 2480/3666/2480 2694/4240/2694 2190/3108/2190
f 2480/4426/2480 2632/4430/2632 2737/4427/2737
f 2593/4431/2593 2738/4432/2738 2544/3839/2544
f 2593/4431/2593 2544/3839/2544 2543/3838/2543
f 2593/3961/2593 2597/3967/2597 2738/4433/2738
f 1865/2575/1865 2726/4372/2726 2096/2956/2096
f 1865/2575/1865 2096/2956/2096 1124/1514/1124
f 1789/2460/1789 2146/3043/2146 2147/3044/2147
f 1789/2460/1789 1597/4434/1597 2146/3043/2146
f 1789/2460/1789 1792/2465/1792 1597/4434/1597
f 1854/2560/1854 1855/2559/1855 2617/4042/2617
f 1854/2557/1854 2739/4435/2739 2148/3045/2148
f 1854/2560/1854 2617/4042/2617 2739/4436/2739
f 1608/2190/1608 2149/3047/2149 1987/3049/1987
f 1608/2190/1608 1609/2191/1609 2149/3047/2149
f 1140/1539/1140 1139/1533/1139 2519/4437/2519
f 1140/1535/1140 2446/3591/2446 1141/1536/1141
f 1148/1553/1148 1151/1552/1151 2108/2979/2108
f 1148/1547/1148 2109/2980/2109 1149/1548/1149
f 1256/4438/1256 80/2946/80 2089/2943/2089
f 1256/4438/1256 666/884/666 2161/3370/2161
f 1256/4438/1256 2089/2943/2089 666/884/666
f 2528/4254/2528 2407/3518/2407 1463/1989/1463
f 2528/3790/2528 941/1250/941 112/148/112
f 1992/2769/1992 679/906/679 507/673/507
f 1992/2769/1992 680/907/680 679/906/679
f 684/912/684 1085/1463/1085 685/913/685
f 1449/1968/1449 1448/1962/1448 2427/4439/2427
f 1449/1966/1449 2613/4035/2613 2000/2783/2000
f 1449/1966/1449 2426/3557/2426 2613/4035/2613
f 1449/1966/1449 2000/2783/2000 1450/1967/1450
f 1449/1966/1449 2427/3558/2427 2426/3557/2426
f 698/2564/698 1096/1480/1096 1098/1482/1098
f 698/2564/698 695/4440/695 1096/1480/1096
f 703/937/703 2730/4441/2730 705/939/705
f 711/949/711 1925/2662/1925 1234/3338/1234
f 711/949/711 1234/3338/1234 1236/3085/1236
f 711/949/711 1236/3085/1236 712/950/712
f 711/949/711 715/953/715 1925/2662/1925
f 267/4187/267 270/3468/270 2005/2793/2005
f 267/341/267 2525/3784/2525 268/342/268
f 1660/2267/1660 1661/2266/1661 1590/2169/1590
f 1660/3914/1660 1590/2170/1590 1589/2168/1589
f 1660/3914/1660 1589/2168/1589 2144/3915/2144
f 2635/4078/2635 2638/4083/2638 93/123/93
f 2635/4078/2635 93/123/93 90/118/90
f 332/421/332 2550/3854/2550 333/422/333
f 1602/2184/1602 1329/4442/1329 2739/4436/2739
f 1602/2184/1602 1603/2185/1603 1329/4442/1329
f 1602/2184/1602 2739/4436/2739 2617/4042/2617
f 919/1222/919 31/36/31 2551/3858/2551
f 38/46/38 39/47/39 2542/3837/2542
f 38/46/38 2542/3837/2542 922/1227/922
f 54/4315/54 2724/4368/2724 241/309/241
f 2332/3371/2332 1136/1529/1136 2546/3842/2546
f 2332/3371/2332 2021/3372/2021 2262/3217/2262
f 2332/3371/2332 2262/3217/2262 1136/1529/1136
f 2332/3371/2332 2546/3842/2546 2162/3067/2162
f 2025/2820/2025 2027/2822/2027 2298/3284/2298
f 2025/2820/2025 2169/3076/2169 2026/2821/2026
f 384/503/384 2396/4371/2396 385/504/385
f 173/3495/173 170/4443/170 1835/2534/1835
f 2429/3562/2429 452/600/452 2556/4330/2556
f 465/613/465 2717/4334/2717 466/614/466
f 465/613/465 467/615/467 565/2253/565
f 2594/3963/2594 471/3513/471 2245/3195/2245
f 2594/3963/2594 2245/3195/2245 2595/3964/2595
f 2594/4444/2594 472/622/472 471/621/471
f 2594/4444/2594 2596/4445/2596 472/622/472
f 578/766/578 725/972/725 2105/2969/2105
f 997/1331/997 238/2782/238 2343/3389/2343
f 828/4446/828 830/4447/830 2740/4448/2740
f 828/4449/828 2740/4450/2740 1878/2600/1878
f 141/191/141 2741/4451/2741 1103/1488/1103
f 141/191/141 1103/1488/1103 142/192/142
f 141/191/141 2534/3806/2534 2741/4451/2741
f 2389/3466/2389 1724/2361/1724 1943/4452/1943
f 2389/4453/2389 1943/2689/1943 907/4454/907
f 2389/3466/2389 1726/2363/1726 1724/2361/1724
f 1684/2301/1684 2223/4030/2223 340/432/340
f 2122/3001/2122 1692/2312/1692 1690/2308/1690
f 2122/3001/2122 1690/2308/1690 993/1323/993
f 2125/3009/2125 2126/3008/2126 1745/2394/1745
f 861/1145/861 1697/4455/1697 540/720/540
f 861/1145/861 540/720/540 542/718/542
f 861/1145/861 863/1147/863 1697/4455/1697
f 861/1145/861 542/718/542 862/1146/862
f 716/959/716 2178/3087/2178 2177/3088/2177
f 716/959/716 2581/3930/2581 2178/3087/2178
f 716/959/716 269/343/269 2581/3930/2581
f 1958/2714/1958 1158/1563/1158 1159/1562/1159
f 1958/2714/1958 2712/4307/2712 1959/2715/1959
f 1964/2721/1964 2575/3908/2575 2230/3172/2230
f 1712/4456/1712 25/27/25 472/622/472
f 1712/4456/1712 472/622/472 2596/4445/2596
f 1712/4456/1712 2596/4445/2596 1713/4457/1713
f 1073/1446/1073 1463/1989/1463 2407/3518/2407
f 1080/1453/1080 339/431/339 1471/4458/1471
f 1088/1470/1088 2427/3560/2427 1477/2927/1477
f 1096/1480/1096 450/598/450 451/597/451
f 1096/4459/1096 695/2240/695 450/595/450
f 1104/3564/1104 1649/2247/1649 2430/3565/2430
f 1104/3564/1104 2741/4460/2741 2579/3928/2579
f 1104/3564/1104 2506/3735/2506 1649/2247/1649
f 1104/1489/1104 1103/1488/1103 2741/4451/2741
f 1104/3564/1104 2579/3928/2579 2506/3735/2506
f 2701/4265/2701 2257/3212/2257 2256/3211/2256
f 2701/4265/2701 2256/3211/2256 2640/4091/2640
f 1502/2048/1502 631/832/631 629/829/629
f 1502/2048/1502 629/829/629 2645/4107/2645
f 286/370/286 1376/1868/1376 1287/1746/1287
f 1510/4461/1510 2263/3218/2263 2261/3216/2261
f 1510/4461/1510 2703/4462/2703 2263/3218/2263
f 1510/4461/1510 2261/3216/2261 1511/4463/1511
f 655/867/655 654/863/654 2520/4464/2520
f 655/865/655 2086/2936/2086 656/866/656
f 655/867/655 2520/4464/2520 2085/2933/2085
f 658/873/658 661/876/661 2521/3762/2521
f 658/2070/658 2521/4465/2521 1522/2073/1522
f 2711/4306/2711 1159/1562/1159 1157/4466/1157
f 2711/4306/2711 664/3485/664 2392/3482/2392
f 2711/4306/2711 1157/4466/1157 664/3485/664
f 762/1016/762 2503/3731/2503 763/1017/763
f 996/1329/996 1531/3391/1531 1530/4421/1530
f 996/1329/996 1921/2658/1921 998/1333/998
f 996/1329/996 1530/4421/1530 1921/2658/1921
f 774/1034/774 1002/4058/1002 776/1035/776
f 774/4467/774 683/911/683 2522/3765/2522
f 2453/3605/2453 1090/2928/1090 1009/1349/1009
f 345/439/345 1014/1356/1014 1013/1355/1013
f 1547/2106/1547 364/3526/364 1548/2107/1548
f 1771/2428/1771 195/258/195 1554/2119/1554
f 1771/2428/1771 1554/2119/1554 1324/2429/1324
f 2742/4468/2742 1817/4469/1817 2464/4470/2464
f 2742/4468/2742 2743/4471/2743 1817/4469/1817
f 2742/4468/2742 2464/4470/2464 2275/4472/2275
f 1563/2135/1563 1562/2128/1562 2331/3367/2331
f 1211/3725/1211 2501/3724/2501 1213/4473/1213
f 2046/2860/2046 600/794/600 2213/3146/2213
f 2046/2856/2046 2213/3145/2213 651/4474/651
f 2046/2856/2046 651/4474/651 1386/2857/1386
f 2265/3223/2265 2216/4475/2216 328/415/328
f 2265/3223/2265 2267/3225/2267 2216/4475/2216
f 1412/4476/1412 1064/1434/1064 2012/2802/2012
f 1412/3652/1412 1065/2156/1065 1064/4477/1064
f 1412/1915/1412 2012/4478/2012 300/1917/300
f 1582/2159/1582 1584/2161/1584 2475/3655/2475
f 2683/4479/2683 1246/1688/1246 2713/4321/2713
f 2683/4223/2683 2082/2929/2082 2083/2930/2083
f 2683/4479/2683 2713/4321/2713 420/3165/420
f 2683/4479/2683 2083/3234/2083 1246/1688/1246
f 1995/2779/1995 2684/4480/2684 2158/4481/2158
f 1995/2779/1995 1997/2777/1997 2684/4480/2684
f 2687/4229/2687 2614/4482/2614 2715/4328/2715
f 2687/4229/2687 934/4483/934 2614/4482/2614
f 2687/4229/2687 2689/4231/2689 934/4483/934
f 84/112/84 1752/4484/1752 85/113/85
f 84/112/84 87/115/87 1841/2542/1841
f 84/112/84 1839/2538/1839 1753/4485/1753
f 84/112/84 1841/2542/1841 1839/2538/1839
f 84/112/84 1753/4485/1753 1752/4484/1752
f 92/121/92 2602/3986/2602 2497/3707/2497
f 1850/2552/1850 2577/4486/2577 2691/4234/2691
f 1850/2552/1850 1851/2554/1851 2577/4486/2577
f 1271/3727/1271 1270/4487/1270 2678/4203/2678
f 6/6/6 2173/3080/2173 7/7/7
f 2620/4048/2620 1289/1749/1289 21/4488/21
f 2620/4048/2620 20/4489/20 2744/4490/2744
f 2620/4048/2620 21/4488/21 20/4489/20
f 2620/4048/2620 2744/4490/2744 2014/2804/2014
f 2745/4491/2745 2746/4492/2746 1297/1760/1297
f 2745/4493/2745 2019/2814/2019 2747/4494/2747
f 2745/4493/2745 2360/3421/2360 1867/2579/1867
f 2745/4491/2745 1297/1760/1297 2019/3830/2019
f 2745/4495/2745 1867/2578/1867 2746/4496/2746
f 2745/4493/2745 2747/4494/2747 2360/3421/2360
f 1626/2209/1626 1627/2210/1627 939/3490/939
f 2027/4497/2027 2337/3381/2337 2338/3383/2338
f 2027/4497/2027 2447/3592/2447 2337/3381/2337
f 2027/4497/2027 2338/3383/2338 2298/3922/2298
f 2027/4497/2027 1143/1538/1143 2447/3592/2447
f 49/4498/49 2748/4499/2748 2740/4450/2740
f 49/4498/49 48/58/48 2748/4499/2748
f 49/60/49 2740/4500/2740 138/3716/138
f 2749/4501/2749 2628/4069/2628 77/2281/77
f 2749/4502/2749 520/689/520 2672/4173/2672
f 2749/4502/2749 521/690/521 520/689/520
f 2749/4501/2749 2672/4172/2672 2628/4069/2628
f 2749/4501/2749 77/2281/77 521/4503/521
f 1883/3751/1883 1162/4504/1162 624/824/624
f 1883/3751/1883 622/822/622 1163/4505/1163
f 1169/1577/1169 2677/4197/2677 1170/1578/1170
f 2659/4143/2659 1811/2867/1811 2303/3292/2303
f 2622/4063/2622 2401/3508/2401 2402/3509/2402
f 2622/4060/2622 1185/1599/1185 1184/1598/1184
f 2622/4063/2622 2402/3509/2402 2679/4506/2679
f 2622/4060/2622 2679/4204/2679 1185/1599/1185
f 1187/1601/1187 1517/4039/1517 1516/4507/1516
f 1187/1601/1187 2001/2786/2001 1517/4039/1517
f 1187/1601/1187 200/265/200 2001/2786/2001
f 1187/1601/1187 1516/4507/1516 1188/1602/1188
f 1193/2982/1193 893/1185/893 2553/3865/2553
f 1193/2982/1193 2553/3865/2553 2471/3639/2471
f 1193/2982/1193 2471/3639/2471 2110/2983/2110
f 2353/3406/2353 2295/3281/2295 2354/3407/2354
f 2353/3406/2353 2296/3282/2296 2295/3281/2295
f 2353/3412/2353 376/495/376 1903/2631/1903
f 2353/3412/2353 1903/2631/1903 2296/4508/2296
f 120/159/120 380/499/380 122/161/122
f 17/4075/17 1969/2726/1969 20/4509/20
f 2636/4510/2636 133/175/133 2750/4511/2750
f 1913/2649/1913 764/1018/764 1915/2651/1915
f 1979/2744/1979 1981/2743/1981 2126/3008/2126
f 1979/2739/1979 1919/2656/1919 1980/2740/1980
f 713/951/713 710/947/710 1762/2418/1762
f 2707/4293/2707 1238/1677/1238 1928/2665/1928
f 2707/4293/2707 1928/2665/1928 619/817/619
f 1716/4512/1716 2072/2903/2072 1717/4513/1717
f 1716/2351/1716 1718/2350/1718 2072/4514/2072
f 2696/4246/2696 2664/4157/2664 2697/4247/2697
f 2696/4246/2696 2698/4248/2698 2664/4157/2664
f 305/389/305 2575/3908/2575 558/739/558
f 311/395/311 310/394/310 1426/1934/1426
f 2187/3912/2187 2576/3911/2576 692/922/692
f 2187/3103/2187 2751/4515/2751 1700/2322/1700
f 2187/3103/2187 692/4516/692 2751/4515/2751
f 1433/1943/1433 2228/3167/2228 422/4517/422
f 1433/1945/1433 422/553/422 1435/1946/1435
f 1433/1943/1433 2164/3069/2164 2228/3167/2228
f 2335/3378/2335 2668/4518/2668 2371/4519/2371
f 2335/3378/2335 2337/3381/2337 1248/4520/1248
f 2335/3378/2335 1248/4520/1248 2668/4518/2668
f 2335/3378/2335 2371/4519/2371 2336/3379/2336
f 2340/3386/2340 1742/2391/1742 1996/2776/1996
f 11/11/11 10/10/10 2344/4521/2344
f 11/4183/11 240/308/240 12/3694/12
f 1483/2018/1483 2250/3202/2250 1484/2019/1484
f 1483/3203/1483 1485/3926/1485 2251/3204/2251
f 1487/2023/1487 706/941/706 1488/2024/1488
f 1487/2023/1487 1262/4522/1262 707/942/707
f 1487/2023/1487 1264/2027/1264 1262/4522/1262
f 1487/2023/1487 707/942/707 706/941/706
f 1759/2419/1759 710/947/710 2722/4523/2722
f 1759/4524/1759 2722/4361/2722 101/134/101
f 1759/2412/1759 101/4116/101 1760/2413/1760
f 1759/2419/1759 1762/2418/1762 710/947/710
f 1767/2424/1767 1769/2426/1769 2246/3197/2246
f 1767/2424/1767 2246/3197/2246 2244/3196/2244
f 377/496/377 1772/2431/1772 1324/1798/1324
f 377/496/377 376/495/376 1772/2431/1772
f 2441/3584/2441 2752/4525/2752 2662/4151/2662
f 2441/3584/2441 915/4526/915 913/1211/913
f 2441/3584/2441 913/1211/913 2752/4525/2752
f 2192/3110/2192 2193/3111/2193 2531/3798/2531
f 2192/4527/2192 2673/4175/2673 1425/4528/1425
f 2192/4527/2192 2531/3800/2531 2673/4175/2673
f 2192/4527/2192 1425/4528/1425 1424/4529/1424
f 1971/2728/1971 2485/3675/2485 2486/3676/2486
f 1971/4530/1971 2486/4531/2486 2609/4532/2609
f 1971/4530/1971 2609/4532/2609 632/833/632
f 1971/2728/1971 1339/1824/1339 2485/3675/2485
f 1971/4530/1971 632/833/632 630/831/630
f 448/1827/448 1784/2453/1784 449/3869/449
f 2361/4533/2361 1788/2458/1788 1849/4534/1849
f 2361/3422/2361 1849/4535/1849 1348/1836/1348
f 2361/3422/2361 146/196/146 1790/4536/1790
f 2361/3422/2361 1790/4536/1790 1788/4537/1788
f 1352/4131/1352 2656/4130/2656 2363/4538/2363
f 415/543/415 2558/4539/2558 2607/4006/2607
f 415/4540/415 2559/3879/2559 2558/3878/2558
f 415/547/415 414/541/414 2753/4541/2753
f 415/543/415 2607/4006/2607 416/544/416
f 415/547/415 2753/4541/2753 2559/4542/2559
f 1244/1685/1244 1932/2670/1932 1931/2669/1931
f 2668/4165/2668 1368/1859/1368 2371/3437/2371
f 2668/4165/2668 1248/1692/1248 1247/1691/1247
f 907/1201/907 1942/4543/1942 490/644/490
f 907/4454/907 1943/2689/1943 1942/2688/1942
f 670/891/670 1199/1623/1199 783/1044/783
f 670/1617/670 672/894/672 1198/1618/1198
f 670/891/670 783/1044/783 671/892/671
f 1202/1627/1202 1543/2100/1543 1203/1628/1203
f 1202/1627/1202 2208/3134/2208 1543/2100/1543
f 888/2888/888 2661/4544/2661 889/4016/889
f 888/2888/888 2063/2890/2063 2661/4544/2661
f 2367/3429/2367 322/407/322 2368/3430/2368
f 998/1333/998 1921/2658/1921 1920/2657/1920
f 998/1333/998 1920/2657/1920 2286/3595/2286
f 2432/3811/2432 1177/1587/1177 1941/2687/1941
f 2432/3811/2432 1941/2687/1941 2640/4365/2640
f 156/211/156 1239/1679/1239 1685/2302/1685
f 2133/3611/2133 2455/3613/2455 2383/4000/2383
f 2133/3611/2133 2383/4000/2383 1870/4545/1870
f 2136/3027/2136 379/498/379 1020/1366/1020
f 2136/3027/2136 380/499/380 379/498/379
f 2136/3027/2136 1020/1366/1020 1019/1365/1019
f 563/4546/563 467/4547/467 463/4548/463
f 563/748/563 1233/4345/1233 564/749/564
f 563/4546/563 565/4549/565 467/4547/467
f 563/4546/563 463/4548/463 1233/1670/1233
f 24/26/24 472/622/472 25/27/25
f 721/969/721 1199/1623/1199 722/4550/722
f 721/969/721 783/1044/783 1199/1623/1199
f 2463/4551/2463 2464/4470/2464 2378/4552/2378
f 1045/1405/1045 2108/2979/2108 2685/4226/2685
f 1045/1405/1045 2685/4226/2685 2643/4101/2643
f 1045/1405/1045 2643/4101/2643 1047/1407/1047
f 1567/2138/1567 741/991/741 2754/4553/2754
f 1567/2138/1567 2754/4553/2754 2618/4046/2618
f 2093/4554/2093 2114/2991/2114 2113/2987/2113
f 2093/4554/2093 2113/2987/2113 1569/2146/1569
f 1575/2149/1575 2117/2994/2117 1694/2314/1694
f 1584/2161/1584 2476/3656/2476 2475/3655/2475
f 1584/2161/1584 617/814/617 2476/3656/2476
f 1075/2764/1075 221/2763/221 223/2514/223
f 1075/1448/1075 1827/2508/1827 1077/1450/1077
f 1075/2764/1075 223/2514/223 1827/2513/1827
f 1441/1953/1441 1442/1954/1442 1814/4555/1814
f 1441/3075/1441 1814/4556/1814 1830/2522/1830
f 2578/3924/2578 2420/3543/2420 2419/3542/2419
f 2578/3925/2578 2172/3079/2172 864/1148/864
f 2578/3925/2578 864/1148/864 2420/4003/2420
f 1448/1962/1448 1479/2013/1479 2427/4439/2427
f 1821/4259/1821 247/4258/247 1485/4557/1485
f 1821/4259/1821 1485/4557/1485 792/4558/792
f 1108/3575/1108 2434/3573/2434 2603/3989/2603
f 1108/1495/1108 2603/3987/2603 285/369/285
f 2047/4559/2047 899/1191/899 900/1193/900
f 2047/4560/2047 1386/1883/1386 2537/3817/2537
f 2047/4561/2047 2537/4562/2537 899/3706/899
f 2146/3043/2146 331/4563/331 2755/4564/2755
f 2146/3043/2146 2755/4564/2755 636/837/636
f 2146/3043/2146 1597/4434/1597 331/4563/331
f 1328/1803/1328 1330/1805/1330 2148/3045/2148
f 1328/1803/1328 2148/3045/2148 2739/4435/2739
f 1328/4565/1328 2739/4436/2739 1329/4442/1329
f 62/4566/62 2604/3992/2604 2545/4388/2545
f 62/79/62 1511/2060/1511 2604/4567/2604
f 1521/4279/1521 1152/4568/1152 1150/4569/1150
f 1521/4279/1521 1150/4569/1150 659/874/659
f 1521/2072/1521 511/4413/511 1152/4570/1152
f 806/1070/806 2406/3517/2406 807/1071/807
f 2704/4338/2704 2746/4492/2746 1866/4571/1866
f 2704/4338/2704 1298/1761/1298 2746/4492/2746
f 2704/4286/2704 813/1081/813 810/1076/810
f 361/4572/361 730/4573/730 363/4574/363
f 361/473/361 2411/3523/2411 730/4575/730
f 1551/2113/1551 1781/3140/1781 2033/4576/2033
f 1551/2113/1551 2033/4576/2033 1552/2114/1552
f 1551/2116/1551 1194/1612/1194 740/1611/740
f 748/1000/748 2518/3910/2518 650/855/650
f 748/1000/748 650/855/650 649/854/649
f 752/1005/752 2706/4291/2706 1247/1691/1247
f 2042/3534/2042 2222/4577/2222 1596/3535/1596
f 2223/4030/2223 341/433/341 340/432/340
f 396/516/396 398/518/398 849/1129/849
f 396/516/396 848/1128/848 397/517/397
f 1006/1344/1006 1881/2602/1881 2560/3880/2560
f 1006/1344/1006 2560/3880/2560 1007/1345/1007
f 1703/4424/1703 2421/4578/2421 2736/4425/2736
f 2315/3313/2315 2486/3678/2486 1715/2345/1715
f 2315/3313/2315 1715/2345/1715 2195/3113/2195
f 1276/2042/1276 248/317/248 245/313/245
f 2735/4407/2735 2254/3778/2254 2756/4579/2756
f 2735/4407/2735 2524/3779/2524 2254/3778/2254
f 2257/3212/2257 1727/4580/1727 492/647/492
f 2076/2916/2076 266/346/266 717/958/717
f 646/850/646 920/3472/920 647/851/647
f 235/303/235 234/302/234 2757/4581/2757
f 235/303/235 2757/4581/2757 930/1235/930
f 2724/4368/2724 239/307/239 241/309/241
f 2165/3070/2165 2162/3067/2162 2574/3906/2574
f 2165/3070/2165 2574/3906/2574 1464/3968/1464
f 1633/3701/1633 1632/4389/1632 2168/3074/2168
f 1633/2216/1633 431/569/431 1634/2217/1634
f 2394/3492/2394 2758/4582/2758 2395/3493/2395
f 2394/3492/2394 385/3702/385 2758/4582/2758
f 690/920/690 2599/3976/2599 2589/3953/2589
f 690/920/690 2589/3953/2589 691/921/691
f 2717/4334/2717 2402/3509/2402 466/614/466
f 2717/4334/2717 2679/4506/2679 2402/3509/2402
f 2717/4334/2717 1896/4335/1896 2679/4506/2679
f 2667/4583/2667 985/1312/985 1068/1438/1068
f 2667/4164/2667 989/1318/989 985/4584/985
f 2667/4164/2667 1657/2258/1657 989/1318/989
f 1772/2431/1772 376/495/376 2356/3413/2356
f 1772/4585/1772 2356/3410/2356 1773/2435/1773
f 1330/1809/1330 1327/1801/1327 1965/2722/1965
f 1330/1805/1330 2056/2875/2056 2148/3045/2148
f 564/749/564 1233/4345/1233 1333/1812/1333
f 2485/3675/2485 1339/1824/1339 1338/1823/1338
f 2485/3675/2485 1338/1823/1338 2018/2811/2018
f 1975/2733/1975 2665/4586/2665 1785/4587/1785
f 1975/2733/1975 1973/2734/1973 2665/4586/2665
f 2363/3424/2363 2479/4588/2479 1890/2611/1890
f 2363/4589/2363 2656/4590/2656 2666/4162/2666
f 2363/4589/2363 2666/4162/2666 2479/3663/2479
f 417/545/417 547/727/547 546/726/546
f 2759/4591/2759 1467/1993/1467 2670/4167/2670
f 2759/4591/2759 2670/4167/2670 2598/4592/2598
f 2759/4593/2759 2598/3970/2598 950/1262/950
f 2759/4594/2759 950/1261/950 1467/1998/1467
f 1817/4469/1817 2743/4471/2743 2760/4595/2760
f 1817/2493/1817 2760/4596/2760 1818/2494/1818
f 1817/4469/1817 2378/4552/2378 2464/4470/2464
f 2382/3450/2382 2381/3451/2381 2552/4289/2552
f 2382/3450/2382 2552/4289/2552 2626/4067/2626
f 2382/3450/2382 2625/4066/2625 207/275/207
f 2382/3450/2382 2626/4067/2626 2625/4066/2625
f 2008/2796/2008 1688/2305/1688 1401/1901/1401
f 2289/3271/2289 1290/1750/1290 19/19/19
f 1984/3919/1984 1987/3049/1987 1985/4597/1985
f 1417/4598/1417 1612/2194/1612 2542/3837/2542
f 316/400/316 443/586/443 317/401/317
f 316/400/316 318/402/318 442/585/442
f 1431/1940/1431 2377/3444/2377 1436/1947/1436
f 1431/2384/1431 1737/2386/1737 2377/4021/2377
f 2130/3019/2130 2302/4599/2302 962/3020/962
f 2130/3019/2130 1576/4412/1576 2302/4599/2302
f 2721/4358/2721 1250/1695/1250 74/94/74
f 2721/4358/2721 74/94/74 73/93/73
f 2721/4358/2721 73/93/73 1742/2391/1742
f 2478/3659/2478 1428/1937/1428 317/401/317
f 2478/3659/2478 2231/3174/2231 1428/1937/1428
f 2478/3659/2478 317/401/317 443/586/443
f 85/3981/85 2569/3982/2569 86/4600/86
f 1457/1976/1457 2602/3986/2602 1458/1977/1458
f 1457/1976/1457 2497/3707/2497 2602/3986/2602
f 1461/1987/1461 2099/2963/2099 2566/3893/2566
f 1461/1987/1461 107/142/107 2099/2963/2099
f 219/406/219 218/4601/218 322/407/322
f 1176/1585/1176 2535/3943/2535 2364/4602/2364
f 1176/1585/1176 2364/4602/2364 2362/4200/2362
f 1176/1585/1176 2362/4200/2362 2303/3292/2303
f 756/1010/756 2052/2871/2052 757/1011/757
f 1514/4325/1514 1188/1602/1188 1516/4507/1516
f 731/4017/731 889/4016/889 2661/4544/2661
f 731/979/731 2661/4147/2661 1192/3309/1192
f 893/1185/893 894/1184/894 2553/3865/2553
f 1908/2833/1908 1909/4603/1909 588/4604/588
f 1908/2833/1908 588/4604/588 587/2834/587
f 2210/3139/2210 2212/3144/2212 1280/4350/1280
f 2210/3139/2210 1935/4349/1935 2033/4576/2033
f 2210/3139/2210 1280/4350/1280 1935/4349/1935
f 2210/3139/2210 2033/4576/2033 1781/3140/1781
f 2532/3802/2532 2718/4343/2718 2654/4126/2654
f 2532/3802/2532 2654/4126/2654 2035/2840/2035
f 2532/3804/2532 1220/1652/1220 2718/4605/2718
f 2321/4606/2321 2639/4089/2639 2322/4607/2322
f 2761/4608/2761 1007/4609/1007 2762/4610/2762
f 2761/4608/2761 2727/4373/2727 1007/4609/1007
f 2761/4608/2761 2762/4610/2762 2753/4541/2753
f 2761/4608/2761 2728/4374/2728 2727/4373/2727
f 2761/4608/2761 2753/4541/2753 2728/4374/2728
f 323/2516/323 223/291/223 220/288/220
f 323/408/323 321/405/321 1828/2510/1828
f 2511/4611/2511 2336/3379/2336 1642/4612/1642
f 2511/3742/2511 1642/2232/1642 1640/2231/1640
f 1252/2938/1252 661/876/661 2643/4101/2643
f 1252/2938/1252 2521/3762/2521 661/876/661
f 2585/4399/2585 1756/2408/1756 1753/2405/1753
f 2585/3940/2585 1753/4613/1753 2115/3941/2115
f 1261/1714/1261 1263/1717/1263 2549/3849/2549
f 1265/1720/1265 2283/3261/2283 2692/4614/2692
f 1265/1720/1265 2692/4614/2692 2691/4615/2691
f 1265/1720/1265 2691/4615/2691 1266/1721/1266
f 1288/1748/1288 21/4488/21 1289/1749/1289
f 2746/4492/2746 1298/1761/1298 1297/1760/1297
f 2746/4496/2746 1867/2578/1867 1866/2577/1866
f 675/904/675 1469/1996/1469 2700/4256/2700
f 675/904/675 2700/4256/2700 678/905/678
f 675/904/675 1470/1997/1470 1469/1996/1469
f 2561/4616/2561 2300/3287/2300 2299/3286/2299
f 1382/2767/1382 229/297/229 2588/4617/2588
f 935/4316/935 241/309/241 238/306/238
f 486/640/486 2282/4618/2282 487/641/487
f 486/640/486 2763/4619/2763 2282/4618/2282
f 486/640/486 1284/1742/1284 2763/4619/2763
f 1491/2030/1491 2616/4292/2616 2564/3891/2564
f 1491/2030/1491 263/337/263 2550/3854/2550
f 1766/2423/1766 916/1218/916 1768/2425/1768
f 275/358/275 274/357/274 2398/3497/2398
f 2646/4269/2646 2645/4620/2645 903/1197/903
f 2292/3277/2292 2573/3905/2573 2293/3278/2293
f 2292/3277/2292 1294/1756/1294 2259/3214/2259
f 315/399/315 964/1282/964 2674/4177/2674
f 315/399/315 779/4621/779 964/1282/964
f 315/399/315 2674/4177/2674 318/402/318
f 1942/2688/1942 1174/1582/1174 2304/3294/2304
f 1942/4543/1942 2304/4622/2304 2374/3991/2374
f 1942/4543/1942 2374/3991/2374 490/644/490
f 187/249/187 1948/2696/1948 188/250/188
f 2309/4062/2309 982/1308/982 981/1307/981
f 198/4623/198 354/462/354 201/268/201
f 1954/2704/1954 1953/2703/1953 2651/4170/2651
f 2628/4069/2628 2672/4172/2672 2629/4070/2629
f 789/1050/789 786/1047/786 1776/2438/1776
f 433/573/433 1335/1815/1335 434/574/434
f 2314/3312/2314 2664/4157/2664 2698/4248/2698
f 2314/3312/2314 2698/4248/2698 2316/3314/2316
f 398/1649/398 765/1020/765 849/4624/849
f 398/1649/398 766/1021/766 765/1020/765
f 2071/4625/2071 2072/4514/2072 2386/4626/2386
f 2437/3578/2437 2293/3278/2293 2573/3905/2573
f 2330/3368/2330 1832/2527/1832 2498/3715/2498
f 2425/3556/2425 2715/4327/2715 2614/4036/2614
f 2425/3556/2425 2613/4035/2613 2426/3557/2426
f 2425/3556/2425 2614/4036/2614 2613/4035/2613
f 1141/1536/1141 2446/3591/2446 2447/3592/2447
f 1141/1536/1141 2447/3592/2447 1143/1538/1143
f 2396/3494/2396 2758/4582/2758 385/3702/385
f 2396/3494/2396 2395/3493/2395 2758/4582/2758
f 2764/4627/2764 1695/2315/1695 1696/2316/1696
f 2764/4627/2764 170/229/170 1695/2315/1695
f 2764/4628/2764 441/584/441 170/4443/170
f 2764/4628/2764 1696/3846/1696 444/587/444
f 2764/4628/2764 444/587/444 441/584/441
f 1123/1511/1123 2439/3580/2439 1848/4629/1848
f 1123/1511/1123 1848/4629/1848 1663/4630/1663
f 104/143/104 759/1013/759 108/144/108
f 374/493/374 1323/1797/1323 115/153/115
f 2752/4525/2752 2765/4631/2765 2737/4427/2737
f 2752/4525/2752 2737/4427/2737 2662/4151/2662
f 2752/4525/2752 1204/3322/1204 2765/4631/2765
f 2752/4525/2752 913/1211/913 1204/3322/1204
f 126/170/126 129/169/129 1909/2638/1909
f 1912/3801/1912 2750/4511/2750 132/174/132
f 138/185/138 2766/4632/2766 2682/4221/2682
f 138/185/138 2682/4221/2682 139/186/139
f 138/4633/138 2740/4448/2740 2766/4634/2766
f 142/192/142 2655/4262/2655 143/193/143
f 1355/2850/1355 2450/4201/2450 1893/2614/1893
f 1355/2850/1355 151/4635/151 2450/4201/2450
f 1355/2850/1355 1893/2614/1893 1892/2613/1892
f 1355/4636/1355 1354/4637/1354 151/202/151
f 164/221/164 166/224/166 1718/4638/1718
f 164/701/164 1718/2350/1718 528/702/528
f 533/707/533 2118/2995/2118 2677/4195/2677
f 538/714/538 2449/3598/2449 539/715/539
f 2536/3816/2536 2678/4203/2678 2767/4639/2767
f 2536/3816/2536 2767/4639/2767 428/565/428
f 1035/1396/1035 1036/1395/1036 1454/2619/1454
f 207/275/207 2625/4066/2625 1389/1887/1389
f 2144/3915/2144 1589/2168/1589 1588/2166/1588
f 2638/4084/2638 2637/4082/2637 2768/4640/2768
f 2638/4083/2638 2769/4641/2769 93/123/93
f 2638/4084/2638 2768/4640/2768 2769/4642/2769
f 1266/1721/1266 2577/3918/2577 2147/3044/2147
f 1266/1721/1266 2691/4615/2691 2577/3918/2577
f 2678/4203/2678 2770/4643/2770 2767/4639/2767
f 2678/4644/2678 1270/4645/1270 2770/4646/2770
f 1139/1533/1139 2547/3843/2547 2519/4437/2519
f 1522/4647/1522 2521/3760/2521 929/3243/929
f 667/885/667 664/887/664 1157/1559/1157
f 2296/4508/2296 1902/2630/1902 502/667/502
f 2296/4508/2296 1903/2631/1903 1902/2630/1902
f 949/1260/949 1309/1777/1309 2700/4256/2700
f 706/941/706 2287/3269/2287 1488/2024/1488
f 710/947/710 979/4648/979 2722/4523/2722
f 710/947/710 980/4649/980 979/4648/979
f 268/342/268 2581/3930/2581 269/343/269
f 2376/3443/2376 2408/3519/2408 2200/3119/2200
f 2108/2979/2108 1151/1552/1151 2684/4225/2684
f 741/4650/741 2110/2983/2110 2754/4651/2754
f 2535/3809/2535 153/206/153 2364/4652/2364
f 757/1011/757 2305/3297/2305 758/1012/758
f 769/1026/769 2322/3334/2322 1982/4653/1982
f 769/1026/769 1982/4653/1982 1980/4419/1980
f 962/3020/962 2302/4599/2302 963/4654/963
f 501/662/501 874/1158/874 2297/3283/2297
f 1543/2100/1543 1542/2099/1542 1203/1628/1203
f 2517/4655/2517 2423/4656/2423 2596/4445/2596
f 2517/3965/2517 2543/3962/2543 1620/4657/1620
f 420/3165/420 2713/4321/2713 2227/3166/2227
f 429/567/429 2631/4072/2631 430/568/430
f 429/571/429 428/565/428 1132/1524/1132
f 435/576/435 1876/2594/1876 436/577/436
f 435/580/435 1879/2599/1879 1876/2598/1876
f 1647/2245/1647 2430/3565/2430 1649/2247/1649
f 1647/2245/1647 2431/3568/2431 2430/3565/2430
f 2595/3964/2595 548/728/548 2732/4392/2732
f 2595/3964/2595 2732/4392/2732 2597/3967/2597
f 479/631/479 2250/4312/2250 480/632/480
f 479/631/479 1484/3395/1484 2250/4312/2250
f 493/4658/493 1404/3582/1404 908/1204/908
f 493/4659/493 1408/1909/1408 1404/1905/1404
f 493/648/493 492/650/492 1408/4660/1408
f 1329/1807/1329 1603/3710/1603 1331/1808/1331
f 514/683/514 2269/3998/2269 1618/2200/1618
f 514/683/514 513/682/513 2269/3998/2269
f 2183/4132/2183 1891/2612/1891 2185/4661/2185
f 2183/4132/2183 1892/2613/1892 1891/2612/1891
f 1007/1347/1007 2727/4662/2727 1008/1348/1008
f 1007/4609/1007 2560/4663/2560 2762/4610/2762
f 559/741/559 561/4664/561 2458/3616/2458
f 559/741/559 2457/3615/2457 560/742/560
f 1915/2651/1915 763/1017/763 2503/3731/2503
f 1915/2651/1915 764/1018/764 763/1017/763
f 1986/2750/1986 1581/2158/1581 1580/2157/1580
f 624/824/624 1162/4504/1162 625/825/625
f 170/4443/170 441/584/441 1835/2534/1835
f 2727/4662/2727 2586/3948/2586 1008/1348/1008
f 2727/4662/2727 2587/4665/2587 2586/3948/2586
f 2727/4662/2727 2365/4666/2365 2587/4665/2587
f 1902/2630/1902 503/668/503 502/667/502
f 2765/4631/2765 1204/3322/1204 1203/4667/1203
f 2765/4668/2765 1203/1628/1203 1542/2099/1542
f 2765/4668/2765 1542/2099/1542 2694/4240/2694
f 2765/4631/2765 2694/4428/2694 2737/4427/2737
f 2633/4076/2633 2681/4669/2681 1968/2725/1968
f 1219/1651/1219 2718/4605/2718 1220/1652/1220
f 2322/4607/2322 2639/4089/2639 1982/2745/1982
f 577/764/577 2515/3747/2515 2771/4670/2771
f 577/768/577 2772/4671/2772 724/971/724
f 577/764/577 2771/4670/2771 2772/4672/2772
f 1996/2776/1996 1742/2391/1742 73/93/73
f 1996/2776/1996 73/93/73 1997/2777/1997
f 1839/2538/1839 2115/4233/2115 1753/4485/1753
f 1260/1712/1260 1846/2547/1846 1263/3851/1263
f 1260/1712/1260 2488/3682/2488 1846/2547/1846
f 2770/4646/2770 2649/4236/2649 1134/1527/1134
f 2770/4646/2770 1134/1527/1134 2767/4673/2767
f 2770/4646/2770 1270/4645/1270 2649/4236/2649
f 5/5/5 1098/1482/1098 1095/1479/1095
f 13/13/13 2176/3083/2176 14/14/14
f 13/13/13 2493/3690/2493 2176/3083/2176
f 2019/2814/2019 2018/2811/2018 2747/4494/2747
f 2298/3922/2298 2338/3383/2338 1440/3382/1440
f 2748/4499/2748 1878/2600/1878 2740/4450/2740
f 2748/4499/2748 48/58/48 1878/2600/1878
f 2650/4119/2650 725/972/725 724/971/724
f 2650/4119/2650 724/971/724 2772/4671/2772
f 2650/4119/2650 2772/4671/2772 2206/3131/2206
f 2193/3111/2193 2530/3799/2530 2531/3798/2531
f 2193/3111/2193 2191/3109/2191 2530/3799/2530
f 2609/4020/2609 2316/3314/2316 1721/2357/1721
f 2609/4020/2609 1721/2357/1721 632/2358/632
f 1788/2458/1788 1851/3917/1851 1849/4534/1849
f 1796/2469/1796 2184/3100/2184 1799/2472/1799
f 1796/2469/1796 2656/4130/2656 2184/3100/2184
f 1796/2469/1796 2666/4163/2666 2656/4130/2656
f 2216/3149/2216 2267/4674/2267 2217/3150/2217
f 1376/1868/1376 1374/1866/1374 1287/1746/1287
f 339/431/339 342/434/342 1471/4458/1471
f 2515/3747/2515 2207/3136/2207 2771/4670/2771
f 2629/4070/2629 1395/1893/1395 1900/2628/1900
f 2629/4070/2629 2672/4172/2672 1395/1893/1395
f 2072/2903/2072 2070/2901/2070 1717/4513/1717
f 2072/4514/2072 1718/2350/1718 2386/4626/2386
f 2328/4675/2328 2240/3188/2240 639/840/639
f 298/382/298 300/384/300 2012/2800/2012
f 307/391/307 306/390/306 1420/1928/1420
f 1475/2007/1475 2081/4676/2081 1333/1812/1333
f 1475/2007/1475 1231/4346/1231 408/2008/408
f 2576/3911/2576 158/1676/158 2599/3974/2599
f 2336/3379/2336 2371/4519/2371 1642/4612/1642
f 1757/2409/1757 1282/1743/1282 1284/1742/1284
f 979/1303/979 978/1302/978 2722/4361/2722
f 2099/2963/2099 2098/2962/2098 2566/3893/2566
f 2099/2963/2099 107/142/107 2100/2964/2100
f 1663/2270/1663 1848/4677/1848 1847/2971/1847
f 2489/3684/2489 2626/4067/2626 2490/3685/2490
f 239/307/239 2494/3692/2494 240/308/240
f 239/307/239 2725/4369/2725 2494/3692/2494
f 2766/4634/2766 601/795/601 2682/4678/2682
f 2766/4634/2766 602/796/602 601/795/601
f 2766/4634/2766 2740/4448/2740 827/4679/827
f 2766/4634/2766 827/4679/827 602/796/602
f 2586/3948/2586 1946/3947/1946 2454/3609/2454
f 2586/3948/2586 2454/3609/2454 1008/1348/1008
f 2126/3008/2126 2773/4680/2773 1745/2394/1745
f 2126/3008/2126 1981/2743/1981 2773/4680/2773
f 1697/2317/1697 863/3544/863 1698/2318/1698
f 2421/4578/2421 2712/4307/2712 2736/4425/2736
f 2421/3545/2421 2422/3546/2422 1959/2716/1959
f 2421/4578/2421 1959/2715/1959 2712/4307/2712
f 558/739/558 2458/4681/2458 561/743/561
f 558/739/558 2138/4309/2138 2458/4681/2458
f 1713/4457/1713 2596/4445/2596 2423/4656/2423
f 899/3706/899 2537/4562/2537 476/627/476
f 334/423/334 333/426/333 1678/2292/1678
f 32/3857/32 1540/2097/1540 348/452/348
f 32/4682/32 2539/4354/2539 1540/4353/1540
f 32/38/32 34/41/34 2539/3831/2539
f 39/3835/39 40/2589/40 2079/2922/2079
f 2159/4378/2159 2757/4581/2757 234/302/234
f 2159/4378/2159 2156/3479/2156 2757/4581/2757
f 2162/3067/2162 1625/3907/1625 2574/3906/2574
f 1632/4389/1632 2026/2821/2026 2169/3076/2169
f 1632/4389/1632 2169/3076/2169 2168/3074/2168
f 2232/4196/2232 2231/3661/2231 534/708/534
f 1343/3498/1343 2398/3497/2398 2708/4683/2708
f 1860/3505/1860 2619/4047/2619 1861/4684/1861
f 2401/3508/2401 981/1307/981 980/1306/980
f 852/1132/852 853/1133/853 1529/2082/1529
f 10/10/10 1531/2084/1531 2344/4521/2344
f 1535/3419/1535 2358/3418/2358 957/1272/957
f 2599/3976/2599 158/213/158 160/215/160
f 2599/3976/2599 160/215/160 2589/3953/2589
f 2695/4241/2695 356/466/356 355/467/355
f 1564/2134/1564 589/779/589 583/773/583
f 1564/2132/1564 438/579/438 437/578/437
f 2754/4651/2754 2470/3638/2470 2619/4385/2619
f 2754/4651/2754 2110/2983/2110 2470/3638/2470
f 2754/4553/2754 2619/4047/2619 2618/4046/2618
f 1571/2144/1571 1569/2146/1569 2113/2987/2113
f 2267/3225/2267 924/1229/924 2217/4685/2217
f 112/148/112 941/1250/941 113/149/113
f 270/3468/270 2006/2794/2006 2005/2793/2005
f 163/223/163 898/4686/898 166/224/166
f 2263/3218/2263 2703/4462/2703 2641/4094/2641
f 2642/4096/2642 924/1229/924 925/1230/925
f 2642/4687/2642 2218/3151/2218 2217/3150/2217
f 2642/4096/2642 2217/4685/2217 924/1229/924
f 1147/1550/1147 659/4688/659 1150/1551/1150
f 424/557/424 1464/1990/1464 1077/1450/1077
f 1334/1816/1334 1333/1812/1333 2081/4676/2081
f 1334/1814/1334 434/574/434 1335/1815/1335
f 964/1282/964 960/1275/960 2674/4177/2674
f 2399/3506/2399 2282/3260/2282 972/1293/972
f 1374/1866/1374 2128/3015/2128 1287/1746/1287
f 914/1212/914 1299/4092/1299 2318/4340/2318
f 914/1212/914 911/1208/911 1299/4092/1299
f 2270/3229/2270 1523/2074/1523 2390/3478/2390
f 2270/3229/2270 1524/2075/1524 1523/2074/1523
f 2455/3613/2455 1012/1353/1012 1955/2921/1955
f 2415/3537/2415 2605/4001/2605 2416/3538/2416
f 1745/2394/1745 2773/4680/2773 1748/2398/1748
f 862/1146/862 542/718/542 537/712/537
f 2097/2958/2097 2188/3105/2188 551/732/551
f 560/742/560 2457/3615/2457 2312/3308/2312
f 2673/4175/2673 2531/3800/2531 2484/3673/2484
f 2673/4175/2673 2484/3673/2484 1733/3674/1733
f 1558/2124/1558 1777/2442/1777 1559/2125/1559
f 649/854/649 651/4474/651 2213/3145/2213
f 1247/1691/1247 2706/4291/2706 833/1110/833
f 1247/1691/1247 833/1110/833 2669/4166/2669
f 836/1113/836 2431/3569/2431 2496/3705/2496
f 625/825/625 2300/4284/2300 626/826/626
f 2726/4372/2726 389/508/389 2096/2956/2096
f 331/4563/331 1126/4689/1126 2755/4564/2755
f 331/424/331 1597/2179/1597 335/425/335
f 2519/4437/2519 2547/3843/2547 2520/4464/2520
f 1151/1552/1151 1152/1554/1152 2158/4690/2158
f 1151/1552/1151 2158/4690/2158 2684/4225/2684
f 2774/4691/2774 55/4692/55 936/4693/936
f 2774/4691/2774 936/4693/936 2689/4231/2689
f 2774/4691/2774 2689/4231/2689 2688/4230/2688
f 1085/1464/1085 1084/1460/1084 687/2224/687
f 1085/1463/1085 687/915/687 685/913/685
f 1233/1670/1233 463/4548/463 1235/1672/1235
f 2461/3623/2461 807/1071/807 2406/3517/2406
f 2465/3633/2465 2500/3720/2500 2107/2977/2107
f 2465/3687/2465 2490/3685/2490 2500/4288/2500
f 2705/4694/2705 1024/4103/1024 1672/4695/1672
f 2705/4694/2705 2474/4104/2474 1024/4103/1024
f 2364/4652/2364 153/206/153 1354/4637/1354
f 2286/3268/2286 1370/1861/1370 1369/1860/1369
f 2286/3595/2286 1920/2657/1920 1370/1862/1370
f 2452/3603/2452 1947/2694/1947 2512/4696/2512
f 2737/4427/2737 2632/4430/2632 2662/4151/2662
f 2591/3957/2591 1897/3033/1897 2139/3032/2139
f 2591/4697/2591 2563/3887/2563 2346/3397/2346
f 1803/2476/1803 1804/2477/1804 2142/3036/2142
f 2386/3461/2386 1718/4698/1718 166/4090/166
f 2212/3143/2212 975/3902/975 1280/4699/1280
f 2434/3573/2434 2256/3211/2256 2603/3989/2603
f 296/380/296 1729/2368/1729 2078/2920/2078
f 296/380/296 1414/4355/1414 299/383/299
f 67/85/67 66/84/66 1898/2623/1898
f 67/85/67 1898/2623/1898 2348/3401/2348
f 2282/3260/2282 2281/3259/2281 2647/4700/2647
f 2282/4618/2282 2763/4619/2763 972/4701/972
f 2653/4125/2653 2665/4160/2665 2037/2842/2037
f 1791/4702/1791 143/193/143 2655/4262/2655
f 1791/4702/1791 1790/4536/1790 143/193/143
f 1163/4505/1163 622/822/622 1117/1504/1117
f 1170/1578/1170 2677/4197/2677 2116/4249/2116
f 1811/2867/1811 2304/3293/2304 2303/3292/2303
f 2054/3296/2054 2670/4167/2670 842/1122/842
f 2054/3296/2054 2598/4592/2598 2670/4167/2670
f 2195/3113/2195 1715/2345/1715 892/1179/892
f 1442/4703/1442 1947/2694/1947 1815/2697/1815
f 1442/4703/1442 2512/4696/2512 1947/2694/1947
f 1442/4703/1442 1815/2697/1815 1814/4704/1814
f 1442/1954/1442 1443/1955/1443 2512/4377/2512
f 1450/1967/1450 1000/1336/1000 1451/1969/1451
f 2564/4705/2564 2616/4040/2616 2350/3403/2350
f 2564/4705/2564 2350/3403/2350 2692/4235/2692
f 2564/3891/2564 2692/4614/2692 2283/3261/2283
f 2649/4118/2649 1769/2426/1769 1768/2425/1768
f 2009/4706/2009 2325/3341/2325 2010/4332/2010
f 2009/4706/2009 1397/3342/1397 2325/3341/2325
f 2730/4384/2730 596/789/596 594/786/594
f 2730/4441/2730 594/3826/594 705/939/705
f 2730/4384/2730 2468/3636/2468 596/789/596
f 2498/3715/2498 1832/2527/1832 47/4707/47
f 2551/3858/2551 350/456/350 1183/1597/1183
f 2552/4289/2552 2490/3685/2490 2626/4067/2626
f 2068/2896/2068 2066/2893/2066 823/1100/823
f 2355/3409/2355 1773/2435/1773 2356/3410/2356
f 1969/2726/1969 1970/2727/1970 2775/4708/2775
f 1969/4709/1969 2744/4490/2744 20/4489/20
f 1969/2726/1969 2775/4708/2775 2744/4710/2744
f 1929/2666/1929 1360/1848/1360 1070/2758/1070
f 1929/4711/1929 2476/3656/2476 617/814/617
f 1929/4711/1929 1070/1441/1070 2476/3656/2476
f 725/972/725 815/1084/815 2105/2969/2105
f 732/4013/732 730/4575/730 2411/3523/2411
f 732/4013/732 2411/3523/2411 2191/4014/2191
f 2316/3314/2316 2698/4248/2698 1721/2357/1721
f 1386/1883/1386 1385/1884/1385 2537/3817/2537
f 2305/3298/2305 1583/2160/1583 758/4253/758
f 765/1022/765 764/1018/764 849/3003/849
f 1918/2655/1918 1921/2658/1921 1530/4421/1530
f 1918/2655/1918 1980/2740/1980 1919/2656/1919
f 2588/3952/2588 228/4712/228 691/921/691
f 2588/3952/2588 691/921/691 2589/3953/2589
f 2588/4617/2588 229/297/229 228/296/228
f 93/123/93 2769/4641/2769 94/124/94
f 636/837/636 2755/4564/2755 1126/4689/1126
f 113/149/113 941/1250/941 672/894/672
f 2700/4256/2700 1309/1777/1309 678/905/678
f 1891/4713/1891 2479/3663/2479 2185/3665/2185
f 1891/2612/1891 1890/2611/1890 2479/4588/2479
f 546/4714/546 2587/4665/2587 2365/4666/2365
f 2458/4715/2458 2138/3031/2138 1019/1365/1019
f 1337/1822/1337 2360/3421/2360 2747/4494/2747
f 1337/1822/1337 2747/4494/2747 1338/1823/1338
f 580/770/580 579/767/579 1844/4414/1844
f 2228/4716/2228 1242/4717/1242 422/4718/422
f 431/569/431 430/568/430 1634/2217/1634
f 908/1204/908 1404/3582/1404 2440/3581/2440
f 908/1204/908 2440/3581/2440 2388/3464/2388
f 2337/3381/2337 750/3996/750 1248/4520/1248
f 2337/3381/2337 2447/3592/2447 750/3996/750
f 1174/1582/1174 1941/2687/1941 1177/1587/1177
f 842/1122/842 2670/4167/2670 844/1124/844
f 1818/2494/1818 2760/4596/2760 786/1047/786
f 364/3526/364 359/4394/359 1548/2107/1548
f 1968/2725/1968 2681/4669/2681 2775/4708/2775
f 1968/2725/1968 2775/4708/2775 1970/2727/1970
f 1115/2383/1115 2612/4034/2612 1737/2386/1737
f 1254/1699/1254 2341/3387/2341 2342/3388/2342
f 1254/3244/1254 2342/4719/2342 1994/2773/1994
f 2690/4232/2690 1748/2401/1748 2776/4720/2776
f 2741/4451/2741 2534/3806/2534 2579/4721/2579
f 1681/2296/1681 1728/2365/1728 1726/2363/1726
f 1681/2296/1681 1680/2295/1680 1728/2365/1728
f 629/829/629 1720/2356/1720 2645/4107/2645
f 2161/3370/2161 666/884/666 2448/3593/2448
f 2533/3805/2533 2579/4721/2579 2534/3806/2534
f 153/206/153 151/202/151 1354/4637/1354
f 540/716/540 182/4722/182 541/717/541
f 1132/1524/1132 2767/4639/2767 1134/4723/1134
f 1132/1524/1132 428/565/428 2767/4639/2767
f 1186/1600/1186 1036/1395/1036 1034/1394/1034
f 1832/3555/1832 50/62/50 47/55/47
f 750/3996/750 2447/3592/2447 2445/3590/2445
f 2685/4226/2685 71/91/71 2643/4101/2643
f 2439/3580/2439 1504/4724/1504 1848/4629/1848
f 2439/3580/2439 1505/3042/1505 1504/4724/1504
f 551/732/551 2188/3105/2188 556/737/556
f 1407/1908/1407 1408/1909/1408 1727/2364/1727
f 1111/1911/1111 1496/2036/1496 1409/1912/1409
f 1612/2194/1612 922/1227/922 2542/3837/2542
f 442/585/442 318/402/318 2674/4177/2674
f 506/677/506 508/676/508 2048/2862/2048
f 1747/2397/1747 1092/1474/1092 1749/2399/1749
f 2631/4725/2631 2662/4151/2662 2632/4430/2632
f 1335/3325/1335 129/169/129 125/171/125
f 2665/4160/2665 1973/3803/1973 2037/2842/2037
f 143/193/143 1790/4536/1790 146/196/146
f 548/728/548 547/727/547 2732/4392/2732
f 1372/4303/1372 2507/4304/2507 1377/4423/1377
f 2200/3119/2200 2408/3519/2408 2529/4726/2529
f 2383/4727/2383 1306/1774/1306 1870/2582/1870
f 2684/4480/2684 1997/2777/1997 73/93/73
f 2523/3773/2523 277/3900/277 2570/3899/2570
f 1287/1746/1287 2128/3015/2128 1291/1752/1291
f 1870/2582/1870 1306/1774/1306 1304/1773/1304
f 2152/3052/2152 2312/3920/2312 2311/4205/2311
f 2206/3131/2206 2772/4671/2772 2771/4728/2771
f 2206/3131/2206 2771/4728/2771 2207/3133/2207
f 2559/4542/2559 2762/4610/2762 2560/4663/2560
f 2559/4542/2559 2753/4541/2753 2762/4610/2762
f 1813/2524/1813 1830/2522/1830 1814/4556/1814
f 1876/2594/1876 1445/1959/1445 436/577/436
f 1479/2013/1479 2544/3839/2544 1480/2014/1480
f 1479/4729/1479 1477/2927/1477 2427/3560/2427
f 2178/3087/2178 2581/3930/2581 470/618/470
f 2604/4567/2604 1511/2060/1511 2261/4730/2261
f 1152/4731/1152 511/680/511 2158/3060/2158
f 1537/2093/1537 776/4732/776 2074/2908/2074
f 570/757/570 2487/3679/2487 2462/3933/2462
f 2643/4101/2643 661/876/661 1047/1407/1047
f 2117/2994/2117 535/709/535 1694/2314/1694
f 1580/2157/1580 1579/2154/1579 1988/2752/1988
f 1728/2365/1728 1680/2295/1680 2238/4401/2238
f 2508/3737/2508 687/2223/687 1637/2222/1637
f 2612/4034/2612 804/1065/804 1737/2386/1737
f 830/4447/830 827/4679/827 2740/4448/2740
f 2004/4733/2004 1596/3535/1596 2222/4577/2222
f 2777/4734/2777 786/1047/786 2760/4596/2760
f 2777/4734/2777 1776/2438/1776 786/1047/786
f 1714/2344/1714 895/1187/895 892/1179/892
f 1714/2344/1714 892/1179/892 1715/2345/1715
f 2757/4581/2757 2156/3479/2156 930/1235/930
f 2369/3431/2369 2658/4363/2658 2370/3432/2370
f 1643/4735/1643 1642/4612/1642 2371/4519/2371
f 1381/1874/1381 159/4736/159 157/212/157
f 1978/2742/1978 2773/4680/2773 1981/2743/1981
f 1978/2742/1978 2778/4737/2778 2773/4680/2773
f 414/541/414 2728/4374/2728 2753/4541/2753
f 1280/4738/1280 975/4739/975 1281/4740/1281
f 1480/2014/1480 2738/4432/2738 1318/1792/1318
f 1480/2014/1480 2544/3839/2544 2738/4432/2738
f 2776/4741/2776 1748/2398/1748 2778/4737/2778
f 2281/3257/2281 2549/3849/2549 2647/4742/2647
f 2407/3518/2407 2529/4726/2529 2408/3519/2408
f 2750/4511/2750 133/175/133 132/174/132
f 1609/2191/1609 34/41/34 33/40/33
f 1149/1548/1149 733/982/733 728/983/728
f 1149/1548/1149 2109/2980/2109 733/982/733
f 1451/1969/1451 1000/1336/1000 999/4743/999
f 2107/2977/2107 733/982/733 2109/2980/2109
f 159/214/159 2589/3953/2589 160/215/160
f 2736/4425/2736 2712/4307/2712 2456/3614/2456
f 2736/4425/2736 2456/3614/2456 2132/3023/2132
f 2738/4432/2738 1321/1795/1321 1318/1792/1318
f 2738/4433/2738 2597/3967/2597 1321/4007/1321
f 262/336/262 2238/3186/2238 1680/3855/1680
f 262/336/262 1680/3855/1680 263/337/263
f 2763/4619/2763 1281/1739/1281 975/4744/975
f 2763/4745/2763 975/1298/975 972/1293/972
f 2763/4619/2763 1284/1742/1284 1281/1739/1281
f 2128/3016/2128 1862/2572/1862 1291/2570/1291
f 1623/2206/1623 2022/2817/2022 1437/4410/1437
f 2266/3224/2266 2048/2863/2048 508/3473/508
f 2773/4680/2773 2778/4737/2778 1748/2398/1748
f 2732/4392/2732 1321/4007/1321 2597/3967/2597
f 562/745/562 1420/1928/1420 306/390/306
f 2118/2995/2118 2116/2993/2116 2677/4195/2677
f 2085/2933/2085 2520/4464/2520 2547/3843/2547
f 2494/3692/2494 12/3694/12 240/308/240
f 2494/3692/2494 2725/4369/2725 2495/3693/2495
f 1559/2125/1559 1777/2442/1777 1778/2441/1778
f 449/593/449 2556/4330/2556 452/600/452
f 2374/3991/2374 494/649/494 490/644/490
f 2697/4746/2697 2664/4219/2664 905/1199/905
f 2697/4247/2697 903/4747/903 2645/4748/2645
f 2697/4247/2697 2645/4748/2645 1720/2355/1720
f 2697/4746/2697 905/1199/905 903/1197/903
f 1408/1909/1408 492/4749/492 1727/2364/1727
f 2681/4669/2681 2744/4710/2744 2775/4708/2775
f 2681/4213/2681 2014/2804/2014 2744/4490/2744
f 2664/4219/2664 904/1198/904 905/1199/905
f 1496/2036/1496 1494/2034/1494 1409/1912/1409
f 55/4750/55 53/1245/53 936/1244/936
f 2747/4494/2747 2018/2811/2018 1338/1823/1338
f 2422/3546/2422 1960/2717/1960 1959/2716/1959
f 1994/2773/1994 2342/4719/2342 1998/2778/1998
f 936/4693/936 934/4483/934 2689/4231/2689
f 2279/3258/2279 2282/3260/2282 2399/3506/2399
f 2279/3258/2279 2399/3506/2399 1859/2567/1859
f 1067/2754/1067 1990/2755/1990 2667/4164/2667
f 1067/2754/1067 2667/4164/2667 1068/4751/1068
f 1237/1674/1237 1238/1677/1238 2707/4293/2707
f 1237/1674/1237 2707/4293/2707 1239/4294/1239
f 1840/2540/1840 1837/2539/1837 2779/4752/2779
f 1837/2536/1837 1841/2542/1841 2779/4753/2779
f 1841/2542/1841 87/115/87 2779/4753/2779
f 87/115/87 83/111/83 2779/4753/2779
f 83/2143/83 1570/2142/1570 2779/4752/2779
f 1570/2142/1570 1572/2145/1572 2779/4752/2779
f 1572/2145/1572 2502/3726/2502 2779/4752/2779
f 2502/3726/2502 1840/2540/1840 2779/4752/2779
f 309/393/309 308/392/308 2780/4754/2780
f 308/392/308 311/395/311 2780/4754/2780
f 311/395/311 1731/2372/1731 2780/4754/2780
f 1731/2372/1731 1733/2374/1733 2780/4754/2780
f 1733/3674/1733 2482/3671/2482 2780/4755/2780
f 2482/3671/2482 2483/3672/2483 2780/4755/2780
f 2483/3672/2483 1708/2334/1708 2780/4755/2780
f 1708/2335/1708 309/393/309 2780/4754/2780
f 1778/2441/1778 1775/2440/1775 2781/4756/2781
f 1775/2437/1775 1776/2438/1776 2781/4757/2781
f 1776/2438/1776 2777/4734/2777 2781/4757/2781
f 2777/4734/2777 2760/4596/2760 2781/4757/2781
f 2760/4595/2760 2743/4471/2743 2781/4758/2781
f 2743/4471/2743 2742/4468/2742 2781/4758/2781
f 2742/4468/2742 2275/4472/2275 2781/4758/2781
f 2275/3239/2275 2271/3235/2271 2781/4756/2781
f 2271/3235/2271 2274/3238/2274 2781/4756/2781
f 2274/3238/2274 1778/2441/1778 2781/4756/2781
