# www.meshy.ai
mtllib Meshy_AI_The_Weathered_Matriar_0914005151_texture.mtl
o Meshy_AI_The_Weathered_Matriar_0914005151_texture
v -0.089355 -0.500000 -0.053223
v -0.051270 -0.500000 -0.029053
v -0.099121 -0.500000 -0.038818
v -0.073730 -0.500000 -0.057373
v -0.056885 -0.500000 -0.048340
v -0.088867 -0.486328 -0.051758
v -0.074219 -0.486328 -0.056641
v 0.003387 0.132812 0.087891
v 0.007812 0.130859 0.096191
v 0.008240 0.130859 0.088379
v -0.014099 0.132812 0.094727
v 0.003754 0.131836 0.097168
v -0.019409 0.132812 0.086914
v 0.240234 0.028442 0.042969
v 0.235352 0.030640 0.057373
v 0.233398 0.043457 0.037598
v 0.255859 0.014038 0.051025
v 0.248047 0.032471 0.039551
v -0.011963 0.361328 0.065430
v -0.010498 0.367188 0.065918
v -0.015625 0.365234 0.063477
v -0.008301 0.357422 0.067383
v -0.008301 0.365234 0.066406
v -0.010498 0.355469 0.064941
v -0.013550 0.361328 0.063477
v -0.053955 0.073730 0.069824
v -0.078125 0.076172 0.055908
v -0.063965 0.038086 0.072754
v -0.034912 0.036133 0.083008
v -0.029785 0.072754 0.077148
v 0.032715 0.449219 -0.071289
v 0.034424 0.468750 -0.062988
v 0.022583 0.458984 -0.057617
v 0.022461 0.425781 -0.081055
v 0.028564 0.429688 -0.089355
v 0.036377 0.457031 -0.082031
v 0.015076 0.445312 -0.066895
v 0.068848 -0.237305 0.095215
v 0.071777 -0.296875 0.100586
v 0.085938 -0.238281 0.073242
v 0.059326 -0.237305 0.095703
v 0.086914 -0.183594 0.071777
v 0.060791 -0.182617 0.086914
v -0.151367 0.209961 0.002151
v 0.003448 0.245117 -0.005951
v -0.140625 0.207031 0.025146
v -0.147461 0.209961 -0.020752
v -0.162109 0.202148 -0.024170
v -0.164062 0.203125 0.001541
v -0.157227 0.198242 0.021973
v -0.248047 0.006622 0.104492
v -0.247070 0.014526 0.101074
v -0.248047 0.006439 0.100098
v -0.246094 0.003784 0.101074
v -0.243164 0.013977 0.102539
v -0.246094 0.005798 0.104980
v 0.033447 0.376953 0.035400
v 0.034668 0.375000 0.026001
v 0.036133 0.378906 0.027466
v 0.032471 0.367188 0.031128
v 0.034424 0.386719 0.038330
v 0.031250 0.378906 0.049072
v 0.029785 0.369141 0.043945
v 0.144531 -0.298828 0.033447
v 0.156250 -0.294922 0.037354
v 0.132812 -0.236328 0.031982
v 0.116699 -0.300781 0.038086
v -0.001381 0.201172 -0.058350
v -0.000809 0.169922 -0.051514
v -0.033936 0.169922 -0.057373
v 0.029419 0.201172 -0.062500
v 0.031250 0.169922 -0.057617
v -0.031982 0.202148 -0.062500
v -0.063965 -0.181641 -0.042969
v -0.035889 -0.204102 -0.031982
v -0.065430 -0.199219 -0.045410
v -0.091309 -0.149414 -0.028198
v -0.062500 -0.149414 -0.043701
v -0.094238 -0.199219 -0.032715
v -0.092285 -0.180664 -0.029541
v -0.033691 -0.183594 -0.029053
v 0.039795 0.281250 0.070312
v 0.048096 0.281250 0.066895
v 0.055420 0.302734 0.042969
v 0.040527 0.306641 0.048340
v 0.033936 0.279297 0.074707
v 0.022705 0.246094 0.095703
v 0.034180 0.118164 -0.037598
v -0.000443 0.095703 -0.045166
v -0.000748 0.116211 -0.044189
v 0.036377 0.095703 -0.035400
v 0.060059 0.118652 -0.021851
v 0.031982 0.117188 -0.030640
v -0.037109 0.410156 0.048828
v -0.044678 0.396484 0.038330
v -0.035645 0.396484 0.044922
v -0.047852 0.412109 0.038574
v -0.039795 0.423828 0.054199
v -0.245117 0.072754 0.052734
v -0.237305 0.064453 0.066406
v -0.230469 0.075195 0.065918
v -0.228516 0.092285 0.058350
v -0.249023 0.062256 0.054443
v -0.244141 0.090820 0.039307
v -0.247070 0.063965 0.035889
v 0.007080 0.441406 0.075684
v 0.021118 0.443359 0.078125
v 0.013916 0.451172 0.074219
v 0.002075 0.445312 0.069336
v 0.013794 0.435547 0.080566
v 0.102539 -0.080078 -0.026245
v 0.090332 -0.131836 -0.050537
v 0.086426 -0.080078 -0.045410
v 0.100098 -0.032227 -0.030640
v 0.103027 -0.131836 -0.024780
v 0.116699 -0.081543 -0.000679
v -0.006134 0.355469 0.065430
v -0.005005 0.355469 0.068359
v -0.004883 0.355469 0.066406
v -0.004028 0.357422 0.065430
v -0.006866 0.357422 0.062988
v -0.007782 0.357422 0.064453
v -0.006714 0.355469 0.066406
v -0.008850 -0.239258 0.105469
v -0.032227 -0.300781 0.117676
v -0.009827 -0.302734 0.109375
v 0.019165 -0.183594 0.105469
v -0.008484 -0.184570 0.099609
v 0.014465 -0.300781 0.122559
v 0.018311 -0.238281 0.113770
v -0.032471 -0.238281 0.109863
v 0.188477 0.164062 -0.007141
v 0.176758 0.170898 -0.009338
v 0.178711 0.166016 0.011963
v 0.190430 0.151367 -0.002045
v 0.185547 0.152344 -0.025146
v 0.226562 0.032715 0.071777
v 0.251953 0.018433 0.062256
v 0.222656 0.044922 0.059570
v 0.245117 0.024292 0.079590
v 0.229492 0.029419 0.083984
v 0.225586 0.040283 0.082520
v 0.222656 0.048096 0.069824
v -0.022339 0.410156 -0.087891
v -0.018799 0.396484 -0.094238
v -0.016724 0.394531 -0.090332
v -0.033936 0.435547 -0.082031
v -0.026123 0.414062 -0.090820
v -0.116211 -0.185547 0.021484
v -0.125000 -0.240234 0.018555
v -0.113281 -0.239258 0.025146
v -0.140625 -0.183594 0.020996
v -0.115723 -0.132812 0.023315
v -0.132812 -0.132812 0.020996
v -0.125000 -0.238281 0.057373
v -0.120117 -0.183594 0.054443
v 0.066895 0.225586 -0.068359
v 0.075195 0.196289 -0.074707
v 0.035156 0.208008 -0.079590
v 0.062500 0.257812 -0.062988
v 0.090820 0.234375 -0.056152
v 0.032715 0.248047 -0.073242
v 0.096191 0.208008 -0.058594
v 0.271484 0.007874 0.086914
v 0.267578 0.010376 0.083496
v 0.269531 -0.000778 0.087402
v 0.273438 -0.000641 0.089844
v 0.281250 -0.001503 0.085938
v 0.271484 0.016479 0.083984
v 0.277344 0.006866 0.082031
v -0.014404 0.451172 -0.024414
v -0.010925 0.457031 -0.016479
v -0.020630 0.472656 -0.038574
v -0.014221 0.460938 -0.042969
v -0.009827 0.443359 -0.033447
v -0.101074 0.008240 -0.003189
v -0.088379 0.010681 -0.033936
v -0.104980 -0.033691 -0.007477
v -0.123047 -0.033203 0.015076
v -0.115723 0.008911 0.020020
v -0.083008 0.043457 -0.028564
v -0.094238 0.043701 0.001724
v -0.103516 0.045166 0.025146
v 0.019653 0.384766 0.061523
v 0.021606 0.378906 0.061035
v 0.023193 0.386719 0.059814
v 0.019531 0.388672 0.064453
v 0.013550 0.384766 0.062988
v 0.016235 0.388672 0.065430
v 0.045166 -0.433594 -0.014465
v 0.055664 -0.441406 -0.028564
v 0.053955 -0.443359 -0.010010
v 0.054199 -0.427734 -0.039062
v 0.055420 -0.429688 0.009827
v 0.056396 -0.421875 0.006531
v 0.044434 -0.421875 -0.015869
v -0.190430 0.130859 0.041016
v -0.175781 0.122559 0.045166
v -0.165039 0.130859 0.039551
v -0.181641 0.142578 0.036377
v -0.202148 0.133789 0.028687
v -0.175781 0.122070 0.011719
v -0.275391 -0.008301 0.082031
v -0.275391 -0.017212 0.085449
v -0.277344 -0.015259 0.089844
v -0.277344 -0.004974 0.086914
v -0.275391 -0.004211 0.080566
v -0.269531 -0.004700 0.080078
v -0.269531 -0.009094 0.081543
v -0.269531 -0.017212 0.085449
v -0.001122 0.386719 -0.038086
v -0.015747 0.382812 -0.029053
v -0.017700 0.396484 -0.041992
v -0.001335 0.396484 -0.045898
v 0.015869 0.398438 -0.042236
v 0.014404 0.382812 -0.029663
v -0.000793 0.371094 -0.020386
v 0.111816 -0.480469 0.102051
v 0.095703 -0.482422 0.098633
v 0.125977 -0.482422 0.096680
v 0.122559 -0.472656 0.091309
v 0.111816 -0.472656 0.096191
v 0.097656 -0.472656 0.094727
v -0.095703 0.168945 0.010925
v -0.107422 0.173828 0.027222
v -0.103027 0.156250 0.010803
v -0.099609 0.162109 -0.007812
v -0.091797 0.176758 -0.005157
v -0.092773 0.180664 0.016235
v -0.047119 -0.240234 -0.072266
v -0.072754 -0.239258 -0.079102
v -0.047119 -0.185547 -0.069336
v -0.039062 -0.239258 -0.101074
v -0.050537 -0.306641 -0.077148
v -0.076172 -0.304688 -0.082520
v 0.158203 0.198242 0.023193
v 0.163086 0.202148 0.004486
v 0.157227 0.202148 0.025269
v 0.143555 0.187500 0.038574
v 0.137695 0.205078 0.021484
v 0.088379 0.092773 0.010437
v 0.080566 0.118652 0.003189
v 0.087402 0.097168 0.028809
v 0.075684 0.102539 -0.017212
v 0.099121 0.078613 0.035645
v 0.096191 0.078613 0.006439
v 0.086426 0.082520 -0.018066
v -0.018433 0.394531 0.064941
v -0.022461 0.392578 0.061279
v -0.018677 0.394531 0.064941
v -0.021362 0.396484 0.061279
v -0.015991 0.392578 0.064941
v -0.017334 0.396484 0.064941
v -0.094727 -0.410156 -0.046387
v -0.097656 -0.421875 -0.047363
v -0.100586 -0.410156 -0.025146
v -0.094238 -0.408203 -0.046631
v -0.073730 -0.416016 -0.056152
v 0.031982 0.164062 0.088379
v -0.001854 0.159180 0.098145
v -0.002716 0.149414 0.097656
v -0.003876 0.166992 0.101562
v 0.019043 0.181641 0.089355
v 0.035400 0.150391 0.091309
v 0.063477 0.158203 0.085449
v 0.066895 0.173828 0.079590
v 0.049072 0.188477 0.081055
v 0.245117 0.061279 0.027222
v 0.244141 0.086914 0.022949
v 0.248047 0.087402 0.031494
v 0.234375 0.075684 0.011536
v 0.249023 0.066895 0.036621
v 0.236328 0.052490 0.028198
v 0.251953 0.055420 0.041016
v 0.243164 0.048340 0.035156
v -0.007111 0.388672 0.063965
v -0.008911 0.392578 0.064453
v -0.008789 0.390625 0.062988
v -0.005219 0.388672 0.065430
v -0.009155 0.388672 0.063965
v -0.008484 0.386719 0.063965
v -0.033203 0.109375 0.086914
v -0.000885 0.109863 0.089844
v -0.032471 0.109375 0.080078
v 0.000889 0.082031 0.089355
v -0.057617 0.110352 0.075684
v -0.057861 0.089844 0.076172
v -0.035156 0.079590 0.084961
v 0.049316 0.416016 0.015076
v 0.047119 0.414062 0.026123
v 0.041504 0.404297 0.018311
v 0.052002 0.429688 0.017822
v 0.041748 0.402344 0.013672
v 0.050293 0.412109 0.001984
v 0.052246 0.431641 -0.003510
v 0.024780 -0.101074 0.051514
v 0.010803 -0.106445 0.012573
v 0.032959 -0.151367 0.044434
v 0.063477 -0.093750 0.064941
v 0.004913 -0.066406 0.016724
v 0.017700 -0.057129 0.052246
v -0.138672 0.213867 -0.032471
v -0.130859 0.201172 -0.045654
v -0.158203 0.189453 -0.035156
v -0.162109 0.202148 -0.018677
v -0.139648 0.222656 -0.019531
v -0.275391 -0.020142 0.086426
v 0.026245 0.351562 0.014465
v 0.027344 0.341797 0.008423
v 0.023926 0.355469 0.000309
v 0.022095 0.349609 0.027100
v 0.023193 0.339844 0.021973
v 0.030273 0.365234 0.020508
v 0.222656 0.090332 0.057617
v 0.226562 0.068359 0.040039
v 0.209961 0.080566 0.057617
v 0.228516 0.091797 0.060059
v 0.237305 0.095703 0.051025
v 0.210938 0.080566 0.063477
v -0.019653 0.490234 -0.078125
v 0.002899 0.478516 -0.092285
v -0.014771 0.464844 -0.094727
v -0.020020 0.496094 -0.056641
v 0.002594 0.498047 -0.070312
v -0.027710 0.468750 -0.083984
v -0.030151 0.478516 -0.062012
v -0.090332 0.042725 0.056396
v -0.087891 0.080566 0.032715
v -0.096191 0.045898 0.040527
v 0.036621 0.398438 0.069824
v 0.038086 0.414062 0.071289
v 0.035889 0.408203 0.072754
v 0.033691 0.398438 0.070312
v 0.030884 0.388672 0.069824
v 0.071777 -0.343750 -0.056641
v 0.041992 -0.304688 -0.050781
v 0.070801 -0.279297 -0.070312
v 0.047363 -0.345703 -0.044922
v 0.102051 -0.304688 -0.052734
v 0.096191 -0.343750 -0.047607
v -0.101074 0.190430 0.050293
v -0.044922 0.173828 0.069336
v -0.117188 0.166992 0.057129
v -0.138672 0.182617 0.042480
v -0.090820 0.155273 0.069824
v -0.217773 0.071289 0.020752
v -0.226562 0.055908 0.030151
v -0.236328 0.058838 0.030884
v -0.191406 0.083984 0.023438
v -0.205078 0.070312 0.035400
v -0.228516 0.079102 0.022339
v -0.213867 0.097168 0.009766
v -0.203125 0.085938 0.009155
v 0.012146 0.394531 0.065430
v 0.008667 0.394531 0.062988
v 0.011841 0.392578 0.064941
v 0.015198 0.392578 0.065430
v 0.011414 0.398438 0.063477
v 0.013367 0.394531 0.064941
v 0.207031 -0.139648 0.027954
v 0.211914 -0.137695 0.027466
v 0.211914 -0.139648 0.027222
v 0.208008 -0.137695 0.027832
v -0.003418 0.353516 0.068848
v -0.006073 0.353516 0.067383
v -0.000015 0.353516 0.069336
v -0.003479 0.355469 0.069336
v -0.003876 0.349609 0.065918
v -0.000389 0.351562 0.066895
v -0.083008 -0.435547 0.017700
v -0.059814 -0.439453 0.008301
v -0.055176 -0.431641 0.010559
v -0.082520 -0.427734 0.018188
v -0.104004 -0.441406 0.002579
v -0.106445 -0.453125 0.013489
v -0.084961 -0.447266 0.023560
v -0.067383 -0.451172 0.021606
v 0.093750 0.149414 -0.062500
v 0.095215 0.187500 -0.061523
v 0.114746 0.160156 -0.054443
v 0.099609 0.113770 -0.055420
v 0.074707 0.111816 -0.063965
v 0.071289 0.148438 -0.067383
v 0.023560 0.065918 0.090332
v 0.034424 0.077148 0.100098
v 0.012390 0.081543 0.088867
v 0.038818 0.050537 0.092773
v -0.040283 0.376953 0.023315
v -0.039551 0.384766 0.022339
v -0.041260 0.378906 0.019287
v -0.040283 0.375000 0.022705
v -0.038574 0.384766 0.026245
v -0.037842 0.378906 0.027710
v -0.036621 0.375000 0.025757
v -0.271484 0.008484 0.089844
v -0.273438 0.002594 0.092285
v -0.269531 0.012024 0.095215
v -0.269531 0.017700 0.086914
v -0.267578 0.005341 0.089355
v -0.000847 0.460938 -0.021973
v -0.016602 0.470703 -0.019287
v -0.010986 0.476562 -0.010864
v 0.011414 0.457031 -0.037598
v -0.002014 0.451172 -0.041992
v 0.015747 0.470703 -0.018555
v 0.016846 0.464844 -0.027100
v 0.010376 0.476562 -0.010498
v -0.012146 0.455078 -0.037598
v -0.000748 0.478516 -0.008118
v -0.017090 0.464844 -0.027466
v 0.097656 -0.206055 0.034424
v 0.109863 -0.182617 0.002304
v 0.098145 -0.187500 0.040527
v 0.097656 -0.227539 0.026367
v 0.109375 -0.202148 -0.003036
v 0.068848 -0.206055 0.048340
v 0.069824 -0.223633 0.042969
v -0.067383 0.217773 -0.066406
v -0.069824 0.195312 -0.070801
v -0.109375 0.207031 -0.058105
v -0.035645 0.206055 -0.076172
v -0.062500 0.245117 -0.064453
v -0.033691 0.238281 -0.073242
v -0.103516 0.229492 -0.055908
v -0.055664 -0.462891 -0.007996
v -0.057129 -0.486328 -0.010071
v -0.051270 -0.460938 -0.029541
v -0.053711 -0.445312 -0.009644
v -0.060303 -0.458984 0.006165
v -0.061035 -0.486328 0.010986
v 0.054932 0.146484 0.095703
v 0.046631 0.160156 0.098633
v 0.053467 0.143555 0.102051
v 0.059814 0.125977 0.096680
v 0.064453 0.129883 0.091309
v 0.084473 0.027832 -0.017212
v 0.096191 0.043701 0.023071
v 0.100586 0.021118 0.024048
v 0.079590 0.061279 -0.011353
v 0.062988 0.006409 -0.049072
v 0.061523 0.032959 -0.046387
v 0.088379 0.005859 -0.018066
v -0.022705 0.378906 0.060791
v -0.020142 0.369141 0.060791
v -0.016724 0.376953 0.064453
v -0.029175 0.384766 0.055908
v -0.026611 0.373047 0.056152
v -0.016357 0.384766 0.062256
v -0.021362 0.384766 0.060303
v -0.083008 -0.130859 -0.061279
v -0.093750 -0.079102 -0.041992
v -0.066895 -0.079102 -0.062500
v -0.085449 -0.183594 -0.061279
v -0.104004 -0.182617 -0.051758
v -0.058594 -0.131836 -0.070801
v -0.072754 -0.183594 -0.080566
v -0.086426 -0.182617 -0.072754
v -0.101562 -0.130859 -0.044922
v 0.013428 0.349609 0.058350
v 0.008118 0.349609 0.062988
v 0.009277 0.345703 0.062256
v 0.015747 0.355469 0.058838
v 0.011292 0.351562 0.061768
v 0.014954 0.347656 0.052490
v 0.019287 0.355469 0.053223
v 0.250000 0.063477 0.052490
v 0.245117 0.076660 0.050537
v 0.232422 0.076172 0.064453
v 0.237305 0.063477 0.066406
v 0.245117 0.052002 0.074219
v 0.259766 0.048584 0.059570
v -0.000687 0.400391 0.071777
v 0.002899 0.394531 0.068848
v 0.005585 0.400391 0.072266
v -0.000511 0.396484 0.069824
v -0.006378 0.400391 0.071289
v -0.003326 0.394531 0.068848
v -0.001091 0.408203 0.072754
v -0.098633 0.011047 0.057129
v -0.104492 0.008545 0.034180
v 0.024170 0.408203 -0.093750
v 0.034912 0.419922 -0.089355
v 0.027222 0.402344 -0.091797
v 0.029907 0.429688 -0.091309
v 0.018311 0.388672 -0.093750
v 0.034424 -0.308594 0.081055
v 0.058838 -0.298828 0.099609
v 0.033203 -0.240234 0.079102
v 0.021973 -0.302734 0.113770
v -0.176758 0.171875 -0.010132
v -0.175781 0.158203 -0.027222
v -0.186523 0.152344 -0.025024
v -0.177734 0.166016 0.011658
v -0.171875 0.175781 0.009399
v -0.168945 0.189453 -0.013550
v -0.167969 0.168945 -0.033691
v -0.188477 0.164062 -0.007935
v -0.149414 -0.238281 0.019287
v -0.136719 -0.304688 0.017212
v -0.117188 -0.306641 0.027710
v 0.062988 0.199219 -0.058105
v 0.084473 0.202148 -0.044434
v 0.069336 0.177734 -0.044189
v 0.265625 0.006134 0.095703
v 0.269531 -0.001923 0.092285
v 0.267578 0.000134 0.097656
v 0.267578 0.012085 0.097656
v 0.263672 0.012390 0.093262
v 0.269531 0.005157 0.101074
v 0.267578 0.004791 0.088867
v -0.015381 0.390625 0.057617
v -0.016968 0.390625 0.063477
v -0.013550 0.388672 0.063477
v -0.022339 0.390625 0.060059
v -0.020386 0.390625 0.061768
v -0.013855 0.392578 0.064941
v -0.017578 0.394531 0.065430
v -0.010010 0.392578 0.063477
v -0.011475 0.394531 0.064453
v -0.009460 0.388672 0.062256
v -0.023071 0.392578 0.059814
v -0.020142 0.392578 0.062988
v -0.022339 0.394531 0.061279
v -0.004761 0.100586 -0.074219
v 0.013184 0.140625 -0.065430
v 0.018188 0.106445 -0.063477
v -0.015991 0.139648 -0.068359
v -0.017212 0.099121 -0.072754
v 0.046143 0.441406 0.042969
v 0.035156 0.464844 0.031494
v 0.032227 0.458984 0.050781
v 0.029175 0.433594 0.051270
v 0.048340 0.445312 0.024292
v 0.048584 0.427734 0.034912
v 0.087891 -0.013977 -0.019897
v 0.060791 -0.005676 -0.047363
v 0.055908 -0.023682 -0.039795
v 0.091797 -0.058594 -0.022095
v 0.104980 -0.007782 0.021606
v 0.111328 -0.055420 0.016724
v -0.010376 0.355469 0.064941
v -0.013245 0.355469 0.062256
v -0.010315 0.353516 0.062988
v -0.008362 0.353516 0.065918
v -0.009338 0.355469 0.065918
v -0.009033 0.355469 0.065430
v -0.265625 -0.001907 0.063965
v -0.265625 0.003998 0.063477
v -0.271484 -0.000095 0.064453
v -0.267578 -0.002975 0.057617
v -0.267578 -0.007385 0.059326
v -0.271484 -0.004089 0.065430
v -0.265625 -0.007385 0.064941
v 0.004578 0.369141 0.070801
v 0.006165 0.371094 0.069824
v 0.004974 0.371094 0.072266
v 0.005890 0.369141 0.067871
v 0.003754 0.367188 0.070312
v 0.003387 0.369141 0.072754
v 0.002579 0.369141 0.071289
v 0.098633 -0.384766 -0.050781
v 0.108398 -0.363281 -0.024536
v 0.106934 -0.384766 -0.024780
v 0.099609 -0.361328 -0.053467
v 0.073242 -0.408203 -0.053223
v 0.072754 -0.384766 -0.056885
v 0.094238 -0.408203 -0.046143
v -0.016113 0.230469 0.075195
v -0.024902 0.267578 0.078125
v -0.005280 0.238281 0.094727
v -0.028442 0.255859 0.066895
v -0.003082 0.216797 0.083008
v -0.057129 -0.113770 0.114258
v -0.049072 -0.065430 0.104492
v -0.054443 -0.063965 0.111328
v -0.051514 -0.182617 0.106934
v -0.050537 -0.114746 0.105957
v -0.076172 -0.113281 0.096680
v -0.082031 -0.180664 0.097168
v -0.060059 -0.181641 0.115723
v 0.047852 0.318359 0.033447
v 0.050049 0.324219 0.003128
v 0.040771 0.332031 0.011597
v 0.041504 0.322266 0.032227
v 0.058105 0.316406 0.015991
v 0.008484 0.100586 0.087891
v 0.008911 0.125000 0.087891
v 0.007935 0.100586 0.095703
v 0.003418 0.095215 0.088379
v -0.052979 0.427734 -0.008301
v -0.053711 0.433594 -0.001251
v -0.045166 0.451172 -0.010559
v -0.048828 0.425781 -0.019531
v -0.052246 0.412109 0.000935
v -0.152344 -0.237305 0.005890
v -0.162109 -0.298828 0.006653
v -0.134766 -0.302734 -0.007355
v -0.128906 -0.238281 -0.009338
v -0.144531 -0.182617 0.007446
v 0.001541 0.212891 0.108887
v -0.003510 0.208008 0.100586
v 0.005127 0.194336 0.109375
v 0.010681 0.223633 0.102539
v 0.005676 0.230469 0.104492
v 0.000984 0.226562 0.097168
v 0.177734 0.092773 0.010315
v 0.203125 0.086426 0.007996
v 0.190430 0.083496 0.024536
v 0.163086 0.104492 0.005219
v 0.188477 0.098145 -0.003342
v 0.170898 0.100586 0.024414
v -0.013123 0.388672 0.064941
v -0.017212 0.388672 0.064453
v -0.039795 0.007507 0.079102
v -0.069336 0.008118 0.068359
v -0.052246 -0.034424 0.075195
v -0.028076 0.008118 0.088867
v -0.032715 -0.033203 0.088379
v 0.042236 0.378906 0.016602
v 0.042480 0.384766 0.015442
v 0.039795 0.380859 0.019531
v 0.043945 0.382812 0.008911
v 0.045654 0.382812 0.011414
v 0.040039 0.376953 0.017700
v 0.061523 -0.500000 0.012268
v 0.062012 -0.484375 0.031494
v 0.061523 -0.484375 0.011780
v 0.106445 -0.500000 -0.010193
v 0.116211 -0.500000 0.008728
v 0.057617 -0.500000 -0.009033
v 0.124023 -0.500000 0.020508
v 0.061279 -0.500000 0.033203
v -0.117676 0.157227 -0.058594
v -0.090332 0.184570 -0.063477
v -0.086914 0.147461 -0.068848
v -0.114258 0.192383 -0.055664
v -0.156250 0.145508 -0.043701
v -0.138672 0.173828 -0.046631
v -0.128906 0.122559 -0.052246
v -0.216797 0.064941 0.060059
v -0.213867 0.059082 0.052979
v -0.208984 0.080566 0.052734
v -0.225586 0.072754 0.063477
v 0.028076 0.480469 -0.068359
v 0.041748 0.464844 -0.074219
v 0.032471 0.468750 -0.077148
v 0.037354 0.476562 -0.065430
v 0.032227 0.482422 -0.052734
v 0.024170 0.486328 -0.050049
v 0.279297 -0.017944 0.090820
v 0.273438 -0.025635 0.096191
v 0.275391 -0.025635 0.092285
v 0.275391 -0.022583 0.085938
v 0.277344 -0.017456 0.084961
v 0.279297 -0.015076 0.090820
v 0.275391 -0.015259 0.095215
v -0.000343 0.328125 0.032471
v 0.007812 0.314453 0.031250
v 0.008118 0.330078 0.030518
v -0.000122 0.312500 0.030273
v -0.008850 0.314453 0.030640
v -0.009277 0.330078 0.030518
v -0.000214 0.337891 0.037109
v -0.049072 -0.384766 -0.045654
v -0.041992 -0.386719 -0.018188
v -0.052002 -0.408203 -0.041992
v -0.072754 -0.406250 -0.052734
v -0.072266 -0.382812 -0.056396
v -0.040527 -0.365234 -0.017700
v -0.047119 -0.361328 -0.048096
v 0.115234 0.180664 0.049561
v 0.128906 0.169922 0.045898
v 0.126953 0.185547 0.040283
v 0.095215 0.196289 0.056152
v 0.105957 0.166016 0.056641
v 0.114258 0.206055 0.042480
v 0.084473 0.037598 0.057861
v 0.077637 0.060791 0.059082
v 0.051025 0.033447 0.074219
v 0.086426 0.015076 0.058594
v 0.035889 0.054932 0.071777
v -0.038086 0.396484 0.069336
v -0.037354 0.406250 0.071289
v -0.040039 0.398438 0.069336
v -0.036133 0.386719 0.068848
v -0.241211 0.047119 0.036621
v -0.249023 0.054688 0.041260
v -0.241211 0.055664 0.029297
v -0.247070 0.032471 0.040283
v -0.253906 0.040283 0.044434
v -0.233398 0.042480 0.039307
v -0.234375 0.050293 0.029541
v 0.007935 0.390625 0.064453
v 0.009155 0.390625 0.062988
v 0.007477 0.390625 0.063477
v 0.008057 0.386719 0.063477
v 0.012451 0.388672 0.065918
v 0.005920 0.390625 0.063965
v 0.112305 -0.306641 -0.023682
v 0.114746 -0.267578 -0.022217
v 0.100586 -0.273438 0.011963
v 0.100098 -0.310547 0.005402
v 0.107910 -0.343750 -0.024780
v -0.016235 0.220703 0.099121
v -0.008301 0.202148 0.105469
v -0.000648 0.220703 0.104004
v -0.017944 0.236328 0.097168
v -0.026245 0.227539 0.093262
v -0.017090 0.206055 0.097168
v -0.055664 -0.030273 0.070801
v -0.096680 -0.059570 0.053223
v -0.062988 -0.093750 0.064941
v -0.010315 -0.021729 0.049561
v -0.029175 -0.009521 0.068359
v -0.051025 0.006775 0.072754
v -0.090332 -0.012024 0.057129
v -0.017456 -0.057129 0.051758
v 0.139648 0.229492 -0.016357
v 0.130859 0.224609 -0.036865
v 0.120605 0.250000 -0.037842
v 0.150391 0.216797 -0.015564
v 0.130859 0.255859 -0.016602
v 0.138672 0.230469 0.006195
v 0.150391 0.217773 0.004944
v 0.067383 0.118652 0.091797
v 0.070801 0.107422 0.087402
v 0.072754 0.109863 0.088867
v 0.069336 0.121582 0.088379
v 0.064453 0.115234 0.089844
v -0.034668 0.458984 0.046631
v -0.044922 0.441406 0.040283
v -0.026611 0.447266 0.054932
v -0.011597 0.458984 0.059814
v -0.016724 0.468750 0.051270
v -0.019287 0.476562 0.032227
v -0.036865 0.464844 0.029419
v -0.111816 -0.472656 0.097168
v -0.123047 -0.472656 0.091797
v -0.112305 -0.482422 0.102539
v -0.110352 -0.464844 0.087402
v -0.098145 -0.472656 0.095703
v 0.078125 0.165039 0.037842
v 0.062988 0.171875 0.058838
v 0.058105 0.136719 0.065918
v 0.073242 0.132812 0.047852
v 0.072266 0.197266 0.044434
v 0.079102 0.156250 0.022827
v 0.080566 0.177734 0.020386
v 0.271484 -0.009766 0.081543
v 0.271484 -0.017456 0.084961
v 0.271484 -0.013977 0.091797
v 0.271484 -0.006683 0.088867
v 0.271484 -0.005219 0.079590
v 0.277344 -0.008179 0.082031
v -0.029785 0.382812 -0.013977
v -0.033936 0.396484 -0.029663
v -0.014038 0.373047 -0.016724
v -0.170898 0.105469 0.027466
v -0.177734 0.093262 0.011353
v -0.164062 0.104980 0.004730
v -0.184570 0.123047 0.037598
v -0.189453 0.105957 0.040283
v -0.170898 0.125000 0.030640
v -0.164062 0.114258 0.023804
v -0.176758 0.099121 0.027832
v 0.016968 0.398438 0.065430
v 0.012512 0.398438 0.069336
v 0.012390 0.396484 0.066406
v 0.019775 0.394531 0.064941
v 0.020386 0.396484 0.063477
v 0.016357 0.394531 0.065430
v 0.018555 0.400391 0.067383
v 0.017090 -0.181641 -0.095703
v 0.036865 -0.131836 -0.069824
v 0.038330 -0.183594 -0.070801
v -0.006439 -0.239258 -0.086426
v -0.007233 -0.182617 -0.080566
v 0.027588 -0.239258 -0.103516
v 0.009521 -0.239258 -0.104980
v 0.015259 -0.131836 -0.087402
v -0.177734 0.184570 0.015869
v -0.157227 0.203125 0.014954
v -0.161133 0.205078 -0.003830
v -0.169922 0.180664 0.029053
v -0.180664 0.184570 -0.001587
v -0.273438 -0.001205 0.059814
v -0.271484 -0.004822 0.057861
v -0.273438 -0.004791 0.060547
v -0.269531 0.008728 0.061768
v -0.273438 0.005371 0.057861
v -0.271484 -0.001984 0.056396
v 0.001373 0.367188 0.072266
v 0.001785 0.369141 0.073242
v 0.000793 0.369141 0.074219
v -0.000710 0.367188 0.072266
v -0.000557 0.365234 0.071777
v 0.001221 0.363281 0.071777
v 0.072266 -0.335938 -0.071289
v 0.072266 -0.361328 -0.063477
v 0.047363 -0.363281 -0.048584
v 0.039307 -0.335938 -0.053223
v 0.072266 -0.332031 -0.069824
v 0.104492 -0.332031 -0.054932
v 0.105469 -0.333984 -0.058105
v -0.087891 0.194336 0.024902
v -0.075195 0.197266 0.042480
v -0.097656 0.212891 0.028931
v -0.097168 0.195312 0.025757
v -0.087402 0.184570 0.013062
v -0.082520 0.180664 0.018921
v -0.045410 -0.018555 0.099609
v 0.120605 0.277344 0.009827
v 0.104980 0.300781 -0.015503
v 0.104980 0.296875 0.014709
v 0.099609 0.287109 0.033447
v 0.110352 0.271484 0.030273
v 0.132812 0.253906 0.007996
v 0.118164 0.279297 -0.016846
v 0.060059 0.113770 0.072754
v 0.054199 0.112305 0.066406
v 0.032227 0.111328 0.086426
v 0.035156 0.092285 0.081055
v 0.062500 0.088379 0.070801
v 0.077637 0.116211 0.055664
v 0.068848 0.114746 0.051025
v -0.026978 0.476562 -0.048340
v -0.025635 0.484375 -0.055420
v -0.032471 0.478516 -0.056641
v -0.031494 0.470703 -0.054688
v -0.019531 0.480469 -0.045166
v -0.025024 0.468750 -0.048828
v -0.019165 0.472656 -0.041992
v -0.095215 -0.458984 0.052002
v -0.111816 -0.460938 0.041016
v -0.118652 -0.466797 0.058838
v -0.085938 -0.464844 0.073730
v -0.078125 -0.462891 0.058838
v -0.087891 -0.453125 0.036621
v -0.103516 -0.460938 0.070801
v 0.106445 0.151367 -0.027466
v 0.118164 0.137695 -0.028564
v 0.105957 0.146484 -0.007202
v 0.096680 0.163086 -0.006561
v 0.120605 0.155273 -0.043457
v 0.096680 0.169922 -0.023315
v 0.105957 0.167969 -0.041260
v 0.275391 -0.010254 0.103027
v 0.275391 -0.017700 0.105469
v 0.275391 -0.018799 0.100098
v 0.277344 -0.011780 0.097168
v 0.271484 -0.016235 0.105957
v 0.275391 -0.007172 0.101562
v 0.271484 -0.007538 0.105469
v -0.003387 0.361328 0.063477
v 0.000031 0.363281 0.054688
v -0.000511 0.361328 0.063965
v -0.007233 0.357422 0.055420
v -0.002289 0.357422 0.068359
v -0.004883 0.357422 0.066406
v -0.006989 0.357422 0.062256
v -0.078613 0.079102 -0.023804
v -0.044434 0.046387 -0.070312
v -0.090332 0.047119 -0.033203
v -0.042480 0.080078 -0.050781
v -0.096680 0.078125 0.008240
v -0.081543 0.097656 0.008789
v -0.065918 0.095215 -0.019287
v 0.026123 0.394531 0.056885
v 0.023438 0.392578 0.060059
v 0.023315 0.390625 0.059814
v 0.030151 0.394531 0.051514
v 0.030396 0.400391 0.054443
v 0.026611 0.398438 0.058594
v 0.026245 0.388672 0.056885
v 0.022705 0.394531 0.060547
v 0.030640 -0.273438 -0.017700
v 0.034180 -0.308594 -0.020752
v 0.038330 -0.269531 -0.053467
v 0.038330 -0.246094 -0.049072
v 0.046143 -0.277344 0.013611
v 0.031738 -0.249023 -0.011292
v -0.106445 0.210938 0.065918
v -0.097656 0.234375 0.063965
v -0.122559 0.216797 0.049805
v -0.107422 0.191406 0.060547
v -0.084961 0.204102 0.076660
v -0.117188 -0.239258 -0.027344
v -0.107910 -0.239258 -0.055420
v -0.121582 -0.302734 -0.054932
v -0.133789 -0.239258 -0.018066
v -0.111328 -0.183594 -0.022705
v -0.122559 -0.304688 -0.026489
v -0.141602 -0.302734 -0.025635
v 0.003662 0.347656 0.065918
v 0.004639 0.341797 0.066406
v 0.007263 0.349609 0.064941
v 0.236328 0.078613 0.051514
v 0.217773 0.107422 0.026733
v 0.211914 0.104980 0.044434
v 0.219727 0.087402 0.052979
v 0.243164 0.070312 0.038574
v 0.225586 0.072754 0.062988
v -0.007996 0.408203 0.072754
v -0.000969 0.421875 0.069824
v -0.007996 0.421875 0.068359
v -0.015381 0.410156 0.070312
v -0.013367 0.402344 0.071289
v -0.000183 0.029297 0.081055
v -0.000130 0.009705 0.076660
v 0.025879 0.028442 0.074219
v -0.000298 0.053467 0.077148
v -0.026978 0.027954 0.073730
v 0.027832 0.414062 -0.086426
v 0.042969 0.443359 -0.083984
v 0.038818 0.431641 -0.083984
v 0.085938 -0.464844 0.071777
v 0.096191 -0.462891 0.086426
v 0.103516 -0.462891 0.069336
v 0.095215 -0.457031 0.051758
v 0.083984 -0.470703 0.083008
v 0.078125 -0.462891 0.057129
v 0.075684 -0.470703 0.069336
v -0.098145 0.170898 -0.023438
v -0.100098 0.185547 -0.039307
v -0.094238 0.179688 -0.025513
v -0.108887 0.151367 -0.028320
v -0.108887 0.167969 -0.041748
v -0.244141 0.040771 0.085938
v -0.245117 0.032959 0.089844
v -0.238281 0.035645 0.093262
v -0.234375 0.041748 0.089355
v -0.245117 0.052246 0.075195
v -0.250000 0.033691 0.087891
v -0.232422 0.048828 0.081543
v 0.018555 0.488281 -0.038574
v 0.027100 0.490234 -0.053955
v 0.000237 0.500000 -0.045654
v -0.000870 0.482422 -0.023926
v 0.023560 0.474609 -0.043701
v 0.013916 0.476562 -0.026123
v 0.019775 0.468750 -0.036865
v 0.269531 -0.016968 0.066895
v 0.271484 -0.011292 0.067383
v 0.269531 -0.013855 0.065918
v 0.273438 -0.018677 0.065430
v 0.275391 -0.013306 0.063477
v 0.269531 -0.017822 0.066406
v 0.000610 0.316406 -0.045410
v 0.024780 0.332031 -0.029297
v 0.029663 0.316406 -0.041992
v -0.022583 0.332031 -0.029785
v 0.001266 0.333984 -0.035156
v -0.001747 0.294922 -0.059326
v -0.028687 0.318359 -0.041260
v -0.072266 -0.349609 -0.022217
v -0.077148 -0.337891 0.021484
v -0.047607 -0.337891 0.009888
v -0.103516 -0.330078 -0.054443
v -0.115723 -0.332031 -0.022949
v -0.072266 -0.332031 -0.068848
v -0.104004 -0.335938 0.006683
v -0.031006 -0.335938 -0.019775
v -0.039062 -0.333984 -0.051758
v 0.031250 0.187500 0.099609
v 0.037354 0.173828 0.109863
v 0.038086 0.173828 0.099609
v 0.030396 0.189453 0.109863
v 0.022339 0.202148 0.098145
v 0.024902 0.061523 -0.046631
v 0.000469 0.061768 -0.047607
v -0.000092 0.084473 -0.028442
v 0.028809 0.085449 -0.024780
v 0.056641 0.061279 -0.035400
v 0.024902 0.034668 -0.057861
v -0.000084 0.034424 -0.056396
v -0.046143 0.396484 0.056396
v -0.045410 0.410156 0.061035
v -0.045166 0.400391 0.051025
v -0.044922 0.388672 0.051025
v -0.045410 0.384766 0.056396
v -0.043457 0.396484 0.061035
v -0.125977 -0.480469 0.096191
v -0.096191 -0.480469 0.099609
v -0.130859 -0.476562 0.083496
v -0.134766 -0.484375 0.086426
v 0.016357 0.224609 0.067383
v 0.033691 0.238281 0.070312
v 0.011353 0.247070 0.073730
v -0.001030 0.227539 0.077637
v 0.257812 0.015625 0.088379
v 0.257812 0.021484 0.091309
v 0.246094 0.026245 0.086426
v 0.263672 0.008911 0.076172
v 0.265625 0.011841 0.085449
v -0.039062 0.386719 0.010925
v -0.038330 0.386719 0.004333
v -0.034424 0.375000 0.012634
v -0.035889 0.376953 0.018188
v -0.040283 0.390625 0.007507
v -0.042480 0.376953 0.014893
v -0.046143 0.382812 0.008667
v -0.084961 0.114746 0.012329
v -0.060303 0.115234 -0.012756
v -0.065430 0.115723 -0.017578
v -0.087891 0.087891 0.034180
v -0.087891 0.113770 0.036621
v -0.079102 0.113281 0.034912
v -0.077148 0.114746 0.014709
v 0.037842 0.423828 0.071289
v 0.033203 0.417969 0.077148
v 0.067871 -0.132812 -0.073242
v 0.070312 -0.182617 -0.082031
v 0.083984 -0.132812 -0.048096
v 0.067871 -0.079590 -0.060059
v -0.052979 0.298828 0.042725
v -0.054688 0.310547 0.025635
v -0.077148 0.298828 0.030029
v -0.077637 0.287109 0.043701
v -0.060547 0.273438 0.063965
v -0.036133 0.294922 0.062256
v -0.039795 0.318359 0.037598
v -0.049316 0.283203 0.062256
v -0.056396 0.010986 -0.057129
v -0.062012 -0.030396 -0.059570
v -0.091797 -0.029785 -0.037354
v 0.018555 0.361328 0.057373
v 0.015442 0.361328 0.062988
v 0.013855 0.357422 0.062988
v 0.022095 0.359375 0.051270
v 0.019897 0.365234 0.058350
v 0.107422 -0.486328 -0.007996
v 0.103027 -0.488281 -0.026733
v 0.104004 -0.460938 -0.026978
v 0.110840 -0.462891 -0.002701
v 0.119141 -0.484375 0.012390
v -0.001472 0.132812 0.091797
v -0.012878 0.150391 0.091309
v -0.018677 0.129883 0.090332
v -0.069336 -0.227539 0.041504
v -0.038086 -0.208008 0.036621
v -0.068359 -0.207031 0.047852
v -0.096680 -0.207031 0.033936
v -0.097168 -0.226562 0.026245
v -0.070801 -0.251953 0.031494
v -0.041260 -0.229492 0.028809
v 0.139648 0.195312 -0.038330
v 0.113770 0.196289 -0.044922
v 0.115723 0.220703 -0.039062
v 0.123047 0.180664 -0.046875
v 0.154297 0.183594 -0.037354
v 0.152344 0.204102 -0.015991
v 0.041016 0.092285 0.093262
v 0.052490 0.082031 0.091309
v 0.031494 0.103027 0.093262
v 0.017578 0.095215 0.098145
v -0.040527 0.394531 0.029175
v -0.040283 0.388672 0.021729
v -0.040283 0.404297 0.032959
v -0.043701 0.402344 0.022461
v -0.043701 0.394531 0.020752
v -0.035889 0.394531 0.041016
v -0.044922 0.400391 0.022949
v -0.035645 0.384766 0.038330
v -0.269531 0.010925 0.073730
v -0.271484 -0.001801 0.078125
v -0.265625 0.005127 0.076660
v -0.275391 -0.002686 0.073730
v -0.273438 0.011169 0.068848
v -0.271484 0.013000 0.075195
v -0.273438 0.019409 0.072754
v 0.004517 0.439453 -0.104004
v -0.001839 0.423828 -0.107910
v -0.002380 0.441406 -0.103516
v 0.006653 0.457031 -0.100586
v 0.011108 0.441406 -0.102051
v 0.005798 0.423828 -0.107910
v 0.002136 0.423828 -0.109375
v 0.269531 -0.024780 0.087891
v 0.271484 -0.027588 0.091309
v 0.269531 -0.024414 0.094727
v 0.269531 -0.018311 0.092773
v 0.271484 -0.020874 0.085938
v 0.275391 -0.027832 0.090332
v -0.030273 0.335938 -0.005920
v -0.033203 0.328125 0.004486
v -0.027344 0.341797 0.009827
v -0.040039 0.324219 -0.013428
v -0.025879 0.347656 -0.001541
v -0.018188 0.335938 -0.016235
v -0.023926 0.322266 -0.024536
v -0.050293 -0.419922 -0.042480
v -0.053711 -0.427734 -0.039307
v -0.073730 -0.427734 -0.055420
v -0.043701 -0.421875 -0.015869
v -0.044434 -0.410156 -0.016113
v 0.199219 0.129883 0.025269
v 0.206055 0.125000 0.010071
v 0.185547 0.123047 0.036865
v 0.198242 0.119141 0.037842
v 0.189453 0.137695 0.018433
v 0.178711 0.131836 0.026489
v 0.226562 0.043213 0.044189
v -0.006989 0.371094 0.070312
v -0.006866 0.371094 0.067383
v -0.006104 0.369141 0.067871
v -0.006134 0.371094 0.073242
v -0.006042 0.375000 0.072266
v -0.008301 0.373047 0.068359
v -0.005981 0.369141 0.070312
v -0.128906 -0.080566 0.012512
v -0.115723 -0.080566 0.023315
v -0.110352 -0.033447 0.026489
v 0.004486 0.355469 0.068848
v 0.006439 0.357422 0.066895
v 0.005066 0.357422 0.067383
v 0.003265 0.355469 0.067871
v 0.006226 0.353516 0.067383
v 0.003021 0.355469 0.069336
v 0.003754 0.353516 0.068848
v 0.229492 0.079102 0.020996
v 0.214844 0.097168 0.010132
v -0.008606 0.439453 0.063965
v -0.001228 0.437500 0.067383
v -0.001213 0.445312 0.067871
v -0.017944 0.421875 0.064941
v -0.021118 0.439453 0.057129
v -0.237305 0.011719 0.101562
v -0.242188 0.004822 0.104004
v -0.241211 0.004486 0.101562
v -0.237305 0.009827 0.096680
v -0.236328 0.016724 0.099609
v 0.037109 0.388672 0.017700
v 0.042236 0.386719 0.013245
v 0.039307 0.396484 0.016846
v 0.037842 0.386719 0.025513
v 0.038818 0.382812 0.023071
v 0.041748 0.394531 0.020996
v 0.048096 -0.337891 0.009460
v 0.078125 -0.343750 0.022339
v 0.077148 -0.337891 0.021362
v 0.073242 -0.349609 -0.022949
v 0.031982 -0.333984 -0.019531
v 0.047363 -0.341797 0.012146
v -0.177734 0.168945 -0.033936
v -0.180664 0.180664 -0.014709
v -0.273438 -0.017944 0.073730
v -0.267578 -0.020386 0.074219
v -0.273438 -0.019653 0.074219
v -0.275391 -0.010132 0.075684
v -0.273438 -0.011292 0.070801
v -0.275391 -0.016602 0.078125
v -0.267578 -0.016357 0.073242
v 0.000870 0.347656 -0.028809
v -0.021118 0.347656 -0.024658
v -0.018677 0.345703 -0.020020
v 0.001457 0.343750 -0.023560
v 0.022095 0.347656 -0.024048
v 0.019287 0.343750 -0.019531
v 0.244141 0.031250 0.089844
v 0.240234 0.028076 0.097168
v 0.244141 0.026245 0.095215
v 0.245117 0.025391 0.087891
v 0.244141 0.036377 0.086914
v 0.237305 0.034912 0.092773
v -0.042480 0.449219 0.027588
v -0.049316 0.429688 0.024170
v -0.047852 0.427734 0.040771
v -0.043457 0.443359 0.043457
v -0.033203 0.462891 0.035156
v -0.056885 0.060791 -0.036621
v -0.062500 0.033691 -0.047119
v -0.080078 0.060791 -0.010742
v -0.024658 0.062012 -0.046875
v -0.024414 0.034668 -0.058594
v -0.059814 0.084961 -0.012817
v -0.030273 0.084961 -0.025269
v 0.022339 0.394531 0.062256
v 0.021973 0.390625 0.061035
v 0.057373 -0.412109 0.003220
v 0.056152 -0.388672 0.003433
v 0.045410 -0.412109 -0.016846
v 0.079102 -0.410156 0.010742
v -0.061523 0.171875 0.082031
v -0.059570 0.194336 0.087402
v -0.084473 0.181641 0.072266
v -0.090332 0.158203 0.076660
v -0.063965 0.151367 0.086426
v -0.035645 0.160156 0.090820
v -0.033447 0.180664 0.096191
v -0.216797 0.054932 0.040527
v 0.012512 0.402344 0.071289
v 0.008362 0.398438 0.069336
v 0.118164 -0.237305 -0.041504
v 0.119141 -0.300781 -0.038818
v 0.125977 -0.298828 -0.053223
v 0.118652 -0.237305 -0.019409
v 0.120117 -0.300781 -0.020508
v 0.105469 -0.236328 -0.065430
v 0.111816 -0.182617 -0.025269
v 0.097168 -0.182617 -0.057373
v -0.000160 0.337891 0.064941
v 0.005127 0.337891 0.063965
v -0.000465 0.341797 0.067871
v -0.005066 0.341797 0.066406
v -0.000465 0.337891 0.060059
v -0.006012 0.339844 0.063965
v -0.062500 -0.500000 0.049805
v -0.072266 -0.482422 0.072266
v -0.069336 -0.496094 0.072266
v -0.131836 -0.498047 0.042969
v -0.061035 -0.500000 0.033691
v -0.062988 -0.484375 0.048584
v 0.127930 0.127930 -0.026367
v 0.123535 0.126953 -0.003494
v 0.150391 0.128906 -0.035645
v 0.135742 0.120117 -0.022095
v 0.137695 0.142578 -0.040771
v 0.051270 0.005127 0.073242
v 0.055664 -0.030640 0.070801
v 0.089844 -0.012146 0.058350
v 0.025635 0.005096 0.070312
v 0.027100 -0.009521 0.067871
v -0.020630 0.412109 -0.093750
v -0.015747 0.398438 -0.096191
v -0.015015 0.386719 -0.094727
v -0.273438 -0.011780 0.097656
v -0.273438 -0.018921 0.100098
v -0.273438 -0.010315 0.103027
v -0.269531 -0.009827 0.096191
v -0.269531 -0.015747 0.097168
v -0.273438 -0.007263 0.102051
v -0.273438 -0.009277 0.095703
v -0.269531 -0.018311 0.099121
v 0.031982 0.365234 0.026978
v 0.034180 0.375000 0.021362
v 0.037842 0.373047 0.023438
v 0.108887 -0.457031 0.024536
v 0.111816 -0.462891 0.041016
v 0.121094 -0.470703 0.031494
v 0.117676 -0.468750 0.015991
v 0.107422 -0.451172 0.012817
v 0.088379 -0.453125 0.036865
v 0.086426 -0.447266 0.024414
v -0.050537 0.138672 -0.072266
v -0.091309 0.104980 -0.069336
v -0.051025 0.178711 -0.065430
v -0.052246 0.096191 -0.075684
v -0.027344 -0.206055 0.002747
v -0.030273 -0.227539 -0.004700
v -0.036621 -0.223633 -0.039795
v 0.142578 0.192383 0.044678
v 0.122559 0.177734 0.050049
v 0.122559 0.181641 0.058105
v 0.141602 0.210938 0.024780
v 0.130859 0.203125 0.044189
v 0.112793 0.188477 0.058594
v 0.134766 0.124512 -0.045410
v 0.156250 0.155273 -0.044678
v -0.023193 0.396484 0.057861
v -0.024292 0.392578 0.056152
v -0.018799 0.398438 0.061768
v -0.019775 0.402344 0.058105
v -0.096680 -0.304688 -0.066895
v -0.091797 -0.240234 -0.061279
v -0.095215 -0.238281 -0.083008
v -0.101074 -0.298828 -0.092773
v -0.113770 -0.302734 -0.063477
v 0.025635 0.259766 0.066895
v 0.024902 0.271484 0.074219
v 0.032959 0.289062 0.041748
v 0.014343 0.243164 0.085938
v 0.273438 0.005280 0.057373
v 0.271484 0.003632 0.054932
v 0.273438 0.008850 0.055908
v 0.273438 0.008667 0.060791
v 0.275391 -0.000572 0.059570
v 0.273438 -0.001312 0.056152
v -0.003052 0.378906 0.072266
v -0.005829 0.382812 0.066895
v -0.005890 0.376953 0.069336
v -0.004242 0.373047 0.075684
v -0.002319 0.380859 0.074219
v -0.003632 0.388672 0.067871
v -0.163086 0.106934 0.034424
v 0.030884 0.474609 -0.056152
v 0.030518 0.484375 -0.070801
v 0.002838 -0.034424 0.093262
v 0.024658 -0.080566 0.093750
v 0.033936 -0.033691 0.085449
v 0.005005 -0.081055 0.094238
v -0.036865 -0.081055 0.086914
v 0.031738 0.006897 0.086914
v -0.136719 0.253906 0.005280
v -0.144531 0.235352 0.002884
v -0.128906 0.248047 0.029053
v -0.133789 0.250000 -0.020142
v -0.117188 0.275391 -0.017822
v -0.112305 0.265625 0.029419
v -0.118164 0.275391 0.007935
v -0.243164 0.081543 0.023560
v -0.232422 0.070801 0.012878
v -0.242188 0.091309 0.038330
v -0.225586 0.068359 0.038818
v -0.001686 0.449219 0.065430
v -0.003235 0.443359 0.066895
v 0.000839 0.453125 0.066895
v 0.000031 0.453125 0.060791
v 0.110352 -0.103027 0.013123
v 0.109375 -0.148438 0.008484
v 0.092285 -0.104004 -0.024536
v 0.098145 -0.150391 0.045410
v 0.098633 -0.104004 0.050293
v -0.053955 -0.367188 0.003525
v -0.034668 -0.351562 -0.018066
v -0.046631 -0.341797 0.012024
v -0.077148 -0.388672 0.010620
v -0.055420 -0.388672 0.003113
v -0.076172 -0.367188 0.012634
v -0.077148 -0.341797 0.022705
v 0.141602 0.182617 -0.046631
v 0.112793 0.165039 -0.060547
v 0.141602 0.188477 -0.051270
v 0.156250 0.200195 -0.037354
v 0.142578 0.205078 -0.030151
v 0.112793 0.193359 -0.046631
v 0.158203 0.195312 -0.034424
v 0.085938 0.050293 0.084473
v 0.097168 0.036377 0.068848
v 0.095215 0.053223 0.069336
v 0.062012 0.061768 0.096191
v 0.068848 0.037109 0.088379
v 0.076172 0.064453 0.082031
v -0.044678 0.388672 0.011902
v -0.046875 0.382812 0.010437
v -0.045166 0.384766 0.013123
v -0.046875 0.394531 0.010681
v -0.048828 0.392578 0.007874
v -0.039062 0.388672 0.016724
v -0.041504 0.396484 0.016235
v -0.123047 -0.155273 0.071777
v -0.066406 -0.163086 0.108887
v -0.058350 -0.100098 0.104492
v -0.133789 -0.226562 0.075684
v -0.116211 -0.090332 0.068359
v 0.051270 0.312500 0.011536
v 0.048584 0.320312 0.001465
v 0.034180 0.316406 0.014160
v 0.038818 0.304688 0.020752
v 0.050537 0.298828 0.023804
v 0.275391 0.015503 0.079590
v 0.273438 0.012390 0.074707
v 0.275391 0.019165 0.073242
v 0.275391 0.020996 0.078613
v -0.002472 0.457031 -0.054443
v 0.017822 0.458984 -0.051025
v 0.008728 0.457031 -0.049805
v -0.024292 0.468750 -0.053223
v -0.013428 0.458984 -0.058350
v 0.001999 0.455078 -0.058594
v -0.020020 0.466797 -0.047119
v -0.000336 0.453125 -0.051270
v -0.008972 0.458984 -0.049316
v -0.108887 -0.034668 0.051270
v 0.005219 0.375000 0.071777
v 0.006470 0.373047 0.069336
v 0.006653 0.371094 0.067383
v 0.059326 -0.441406 -0.045654
v 0.050781 -0.460938 -0.028687
v -0.154297 0.148438 0.029785
v -0.168945 0.161133 0.024414
v -0.173828 0.151367 0.027710
v -0.136719 0.139648 0.025513
v -0.146484 0.157227 0.030029
v -0.141602 0.132812 0.025269
v -0.159180 0.140625 0.031494
v -0.105469 -0.384766 -0.024780
v -0.097656 -0.365234 0.000751
v -0.107910 -0.361328 -0.024658
v -0.098145 -0.382812 -0.050781
v -0.095215 -0.386719 -0.001190
v 0.008911 0.175781 0.102539
v 0.023926 0.162109 0.109375
v 0.011963 0.179688 0.110352
v 0.001045 0.187500 0.100586
v 0.019287 0.159180 0.100098
v 0.215820 0.062256 0.015442
v 0.208008 0.060547 0.026367
v 0.225586 0.068848 0.009460
v 0.208984 0.056396 0.025146
v -0.012939 0.386719 0.063477
v -0.010742 0.380859 0.064453
v -0.020752 0.095703 0.094727
v 0.003723 0.095215 0.095703
v -0.001595 0.101562 0.096191
v -0.018677 0.102539 0.094727
v -0.025635 0.101562 0.095215
v -0.020630 0.096191 0.086914
v 0.042725 0.412109 0.030640
v 0.065430 -0.150391 0.058594
v 0.067383 -0.187500 0.053711
v -0.113281 0.217773 -0.041260
v -0.114746 0.197266 -0.045166
v -0.139648 0.197266 -0.039062
v -0.126953 0.224609 -0.029053
v -0.097656 0.206055 -0.044678
v -0.265625 0.010803 0.083496
v -0.269531 0.016724 0.085449
v -0.271484 0.008057 0.087891
v -0.267578 -0.000519 0.087402
v -0.263672 0.010864 0.085449
v -0.261719 0.009399 0.077637
v 0.014343 0.421875 -0.077148
v 0.000027 0.445312 -0.065430
v -0.000389 0.417969 -0.072754
v 0.015259 0.396484 -0.084473
v 0.273438 -0.028687 0.093262
v -0.024536 0.308594 0.026978
v -0.021362 0.320312 0.022949
v -0.034424 0.318359 0.014282
v -0.039551 0.304688 0.020142
v -0.031738 0.294922 0.035400
v -0.010254 0.300781 0.035645
v -0.057617 -0.040527 -0.083984
v -0.110840 -0.090820 -0.054688
v -0.104980 -0.040039 -0.048096
v -0.004669 0.001495 -0.088867
v -0.003448 -0.041992 -0.096191
v -0.050049 0.004211 -0.079590
v -0.061279 -0.088379 -0.090332
v 0.023926 0.355469 0.044189
v 0.020142 0.347656 0.041260
v 0.026978 0.355469 0.031982
v 0.028198 0.361328 0.038818
v 0.025757 0.365234 0.050781
v 0.031128 0.123047 -0.029297
v -0.000511 0.144531 -0.041016
v 0.034424 0.145508 -0.041748
v 0.061523 0.146484 -0.031982
v 0.059814 0.122559 -0.012085
v 0.037842 0.107910 -0.024048
v 0.000603 0.122070 -0.036133
v -0.044189 0.423828 0.064453
v -0.041260 0.414062 0.064941
v -0.039307 0.423828 0.067383
v -0.037354 0.439453 0.066895
v -0.041260 0.425781 0.055176
v -0.269531 0.023682 0.084961
v -0.261719 0.034912 0.085449
v -0.269531 0.030640 0.073730
v -0.273438 0.020874 0.079590
v -0.267578 0.025879 0.090820
v -0.017090 0.492188 -0.040039
v 0.063965 -0.018311 0.096191
v 0.063477 0.013367 0.090820
v 0.042236 0.029663 0.097168
v 0.047363 -0.016968 0.107910
v 0.068848 -0.064941 0.098145
v -0.027344 0.353516 0.028320
v -0.034180 0.365234 0.026733
v -0.032471 0.365234 0.022461
v -0.023438 0.349609 0.034424
v -0.028198 0.355469 0.031250
v -0.026733 0.355469 0.017334
v -0.022217 0.347656 0.026489
v -0.026733 -0.237305 -0.107910
v -0.029175 -0.180664 -0.093750
v -0.022583 -0.300781 -0.112305
v -0.030762 -0.298828 -0.120117
v -0.040283 -0.298828 -0.114746
v 0.145508 0.194336 0.027832
v 0.156250 0.202148 0.014404
v 0.127930 0.214844 0.027100
v 0.147461 0.174805 0.034668
v 0.167969 0.181641 0.030029
v 0.107422 0.045410 0.023315
v 0.089355 0.046875 -0.033447
v 0.074219 0.079102 -0.025879
v 0.082031 0.094727 -0.003571
v -0.020874 0.396484 0.063965
v -0.021484 0.396484 0.063477
v -0.022339 0.394531 0.062256
v -0.017456 0.396484 0.065918
v -0.107910 -0.201172 -0.003906
v -0.107910 -0.181641 0.001541
v -0.109375 -0.221680 -0.010620
v 0.008118 0.357422 0.065918
v 0.006500 0.355469 0.065430
v 0.216797 0.070801 0.019165
v 0.236328 0.059814 0.028931
v -0.007477 0.394531 0.064941
v -0.005310 0.392578 0.066895
v -0.010742 0.394531 0.064941
v -0.010010 0.396484 0.065918
v 0.034424 0.369141 0.045410
v 0.034912 0.363281 0.045410
v 0.038574 0.373047 0.042480
v 0.035400 0.382812 0.044434
v 0.032471 0.361328 0.048340
v 0.064453 -0.464844 0.027710
v 0.068359 -0.468750 0.048828
v 0.069336 -0.455078 0.030518
v 0.066406 -0.447266 0.018433
v 0.060303 -0.460938 0.006104
v -0.151367 0.159180 -0.041504
v -0.164062 0.142578 -0.036621
v -0.133789 -0.480469 0.070801
v -0.131836 -0.484375 0.045166
v -0.136719 -0.490234 0.072266
v -0.127930 -0.470703 0.068848
v -0.125977 -0.472656 0.049561
v -0.122559 -0.466797 0.079590
v 0.082031 0.166016 0.000683
v 0.085938 0.176758 -0.003815
v 0.075195 0.144531 -0.017944
v 0.081543 0.169922 -0.019165
v 0.077148 0.145508 0.004028
v 0.271484 -0.011597 0.071289
v 0.275391 -0.007599 0.070801
v 0.277344 -0.010681 0.071289
v 0.271484 -0.017456 0.072754
v 0.269531 -0.010193 0.078613
v 0.275391 -0.017700 0.073242
v 0.269531 -0.005035 0.077148
v 0.269531 -0.006622 0.070312
v -0.013062 0.378906 -0.091797
v -0.013611 0.367188 -0.086914
v -0.013123 0.375000 -0.088867
v -0.013733 0.382812 -0.090820
v -0.010559 0.378906 -0.093262
v -0.011963 0.373047 -0.090820
v -0.035889 0.081055 0.065918
v -0.078125 0.060547 0.058594
v -0.034912 0.054932 0.072266
v -0.068848 0.084473 0.053467
v -0.000221 0.079102 0.071289
v 0.032471 0.408203 0.074707
v 0.067383 -0.217773 -0.052490
v 0.068359 -0.240234 -0.063477
v 0.066406 -0.199219 -0.044922
v 0.098633 -0.218750 -0.039795
v 0.038086 -0.223633 -0.039062
v 0.101074 -0.241211 -0.049561
v -0.045898 0.273438 0.059082
v -0.050049 0.259766 0.063477
v -0.035156 0.269531 0.064453
v -0.046143 0.287109 0.039307
v -0.058350 0.277344 0.051025
v -0.063477 0.267578 0.056396
v -0.010376 0.271484 0.060303
v -0.026978 0.283203 0.050537
v 0.013245 0.390625 0.064941
v 0.011658 0.386719 0.060303
v 0.014587 0.388672 0.064453
v 0.012268 0.390625 0.064941
v 0.009338 0.388672 0.061523
v 0.116699 -0.333984 -0.023438
v 0.104980 -0.335938 0.006561
v 0.105957 -0.339844 0.008606
v 0.117676 -0.335938 -0.023926
v -0.109863 -0.054199 0.017090
v -0.104492 -0.006805 0.021606
v -0.086914 -0.013672 -0.020752
v -0.097656 -0.103027 0.050293
v -0.091309 -0.057617 -0.022217
v -0.108887 -0.102051 0.013977
v 0.086914 0.261719 -0.054443
v 0.083984 0.285156 -0.048096
v 0.108887 0.271484 -0.039551
v 0.106445 0.243164 -0.049316
v 0.008301 0.123535 0.095703
v -0.048340 0.453125 0.006104
v -0.052246 0.431641 0.017578
v -0.050049 0.416016 0.016479
v -0.064941 -0.131836 -0.096680
v -0.123047 -0.164062 -0.061035
v 0.006287 0.355469 0.062256
v 0.007751 0.357422 0.064453
v 0.007050 0.359375 0.063477
v 0.006927 0.357422 0.054932
v -0.000252 0.353516 0.055908
v 0.000099 0.353516 0.061035
v 0.004364 0.357422 0.066406
v 0.197266 0.097656 0.043701
v 0.172852 0.111816 0.032959
v -0.015259 0.455078 0.065918
v -0.021362 0.457031 0.056885
v -0.029297 0.449219 0.064453
v -0.010986 0.460938 0.058105
v -0.023071 0.449219 0.068359
v -0.007874 0.453125 0.067871
v -0.036865 0.063965 0.084473
v -0.002533 0.035645 0.100098
v -0.002075 0.073242 0.091309
v -0.035645 0.080566 0.083008
v -0.063965 0.076660 0.076172
v -0.032227 0.036621 0.095703
v -0.051514 0.036377 0.087402
v 0.044922 0.402344 -0.000334
v 0.040039 0.398438 0.009644
v 0.049561 0.423828 -0.014343
v 0.043701 0.416016 -0.023438
v 0.039551 0.392578 0.000927
v 0.040527 0.394531 -0.012390
v 0.059570 -0.181641 0.116699
v 0.053223 -0.114258 0.113770
v 0.050293 -0.182617 0.115723
v 0.074707 -0.113770 0.097656
v 0.084961 -0.181641 0.097168
v -0.139648 0.198242 0.023438
v -0.116211 0.224609 0.021118
v -0.127930 0.233398 0.001907
v -0.122559 0.187500 0.030640
v -0.109863 0.203125 0.029419
v -0.152344 0.207031 0.006470
v -0.151367 0.186523 0.025391
v -0.133789 0.170898 0.030518
v -0.242188 0.019287 0.102051
v -0.239258 0.023071 0.101562
v -0.246094 0.020386 0.099121
v -0.235352 0.020142 0.098633
v 0.041016 0.402344 0.022949
v 0.038574 0.404297 0.033691
v 0.038330 0.396484 0.029419
v 0.043457 0.398438 0.023560
v 0.043457 0.402344 0.021973
v 0.275391 -0.019653 0.078125
v 0.275391 -0.016602 0.078613
v 0.273438 -0.017944 0.082520
v 0.275391 -0.019409 0.074219
v 0.273438 -0.027100 0.077148
v 0.271484 -0.025391 0.083008
v 0.273438 -0.027466 0.080078
v 0.000088 0.318359 -0.029907
v -0.000214 0.335938 -0.019287
v 0.024170 0.322266 -0.023926
v -0.044434 -0.431641 -0.015015
v -0.059082 -0.441406 -0.046387
v -0.055420 -0.441406 -0.028442
v 0.086426 0.162109 0.066895
v 0.098633 0.192383 0.046631
v 0.104492 0.168945 0.058838
v 0.095703 0.169922 0.072754
v 0.061035 0.153320 0.077637
v 0.041504 0.173828 0.067871
v 0.032227 0.009766 -0.063477
v 0.032959 -0.033203 -0.063965
v 0.004608 -0.033447 -0.071777
v 0.002060 0.009399 -0.065918
v 0.002548 0.043213 -0.060303
v 0.030029 0.043457 -0.057861
v 0.063477 0.010010 -0.052002
v 0.058105 0.044434 -0.046143
v -0.035889 0.367188 0.046143
v -0.041992 0.380859 0.039307
v -0.038818 0.367188 0.043945
v -0.033936 0.361328 0.050781
v -0.036133 0.380859 0.043945
v -0.273438 -0.012756 0.062988
v -0.269531 -0.018188 0.061035
v -0.269531 -0.019165 0.064941
v -0.271484 -0.010681 0.067383
v -0.273438 -0.009338 0.062988
v -0.271484 -0.012573 0.059326
v -0.269531 -0.016846 0.067871
v 0.002075 0.361328 0.072266
v 0.004303 0.363281 0.069824
v -0.000816 0.361328 0.072266
v -0.000313 0.359375 0.072266
v 0.002380 0.359375 0.070801
v 0.004913 0.361328 0.070801
v 0.089355 -0.486328 -0.051270
v 0.073730 -0.486328 -0.055664
v 0.074219 -0.460938 -0.055908
v 0.100098 -0.500000 -0.039307
v 0.090820 -0.500000 -0.052246
v 0.091797 -0.460938 -0.049072
v 0.098633 -0.486328 -0.039062
v -0.039551 0.140625 0.078613
v -0.068848 0.137695 0.057129
v -0.069336 0.115234 0.058105
v -0.037354 0.117676 0.081055
v -0.002808 0.125000 0.086914
v -0.039795 0.170898 0.074707
v -0.043945 -0.185547 0.073730
v -0.037842 -0.131836 0.087891
v -0.050781 -0.132812 0.083008
v -0.031982 -0.183594 0.100586
v -0.063477 -0.185547 0.081055
v -0.063477 -0.239258 0.086914
v -0.042236 -0.239258 0.071289
v 0.181641 0.183594 -0.005707
v 0.159180 0.201172 -0.003525
v 0.177734 0.184570 0.015869
v 0.153320 0.195312 -0.032715
v 0.176758 0.175781 -0.032227
v 0.203125 0.072266 0.053711
v 0.202148 0.059570 0.040771
v 0.202148 0.068359 0.056641
v 0.201172 0.062988 0.040283
v -0.024780 0.431641 -0.091797
v -0.012268 0.406250 -0.099121
v -0.018311 0.402344 -0.096191
v -0.019897 0.435547 -0.095215
v -0.027466 0.453125 -0.073730
v -0.031738 0.458984 -0.080078
v -0.018555 0.425781 -0.081543
v -0.104980 -0.339844 0.009033
v -0.117188 -0.335938 -0.023193
v 0.071777 0.170898 -0.075684
v 0.104492 0.182617 -0.063477
v 0.036621 0.166016 -0.082520
v 0.076172 0.153320 -0.076660
v 0.275391 0.002426 0.091797
v 0.275391 -0.000694 0.093262
v 0.269531 -0.009888 0.094727
v 0.267578 -0.010254 0.101074
v -0.036133 0.375000 0.021362
v -0.040527 0.375000 0.020264
v -0.149414 0.111816 0.012268
v -0.148438 0.123535 0.030151
v -0.153320 0.112793 0.032471
v -0.162109 0.097168 0.001694
v -0.156250 0.104980 -0.004333
v -0.136719 0.120605 0.006409
v -0.162109 0.096680 0.017944
v 0.018311 0.398438 0.062256
v 0.022461 0.396484 0.057861
v 0.019165 0.402344 0.058350
v 0.016602 0.394531 0.065430
v 0.020508 0.394531 0.062256
v 0.014893 0.396484 0.064941
v 0.015015 0.398438 0.062988
v 0.025513 -0.105469 -0.026367
v 0.019409 -0.153320 0.010193
v 0.019897 -0.065918 -0.023438
v -0.104980 0.251953 0.047852
v -0.116699 0.238281 0.049072
v -0.077148 0.227539 0.074219
v -0.067871 0.251953 0.064453
v -0.158203 -0.300781 0.018555
v 0.011658 0.204102 0.111328
v -0.018188 0.125977 0.094727
v -0.025513 0.126953 0.095215
v -0.001984 0.125000 0.096191
v -0.018188 0.124512 0.087891
v 0.047607 0.451172 0.002060
v 0.009460 -0.021851 0.049316
v 0.096680 -0.060059 0.054443
v -0.091309 0.287109 -0.038818
v -0.083008 0.267578 -0.054199
v -0.109863 0.265625 -0.040283
v -0.058350 0.269531 -0.061035
v -0.102539 0.298828 -0.014893
v -0.069824 0.300781 -0.041504
v -0.267578 -0.004761 0.078125
v -0.273438 -0.005402 0.079590
v -0.267578 -0.009583 0.079102
v -0.267578 -0.011169 0.071777
v -0.267578 -0.006073 0.069824
v 0.013794 0.376953 -0.095215
v 0.020630 0.386719 -0.091797
v 0.016479 0.380859 -0.093262
v 0.011597 0.367188 -0.098145
v 0.134766 -0.478516 0.070801
v 0.123047 -0.466797 0.079102
v 0.130859 -0.476562 0.083008
v 0.137695 -0.492188 0.071777
v 0.131836 -0.484375 0.044922
v 0.125977 -0.470703 0.049072
v 0.128906 -0.468750 0.068359
v 0.134766 -0.484375 0.086914
v -0.032227 0.124023 -0.030396
v -0.035645 0.145508 -0.041748
v -0.066406 -0.216797 -0.052490
v -0.067871 -0.240234 -0.062988
v -0.100098 -0.241211 -0.049561
v -0.097656 -0.217773 -0.040039
v -0.038086 -0.244141 -0.048828
v 0.057129 0.277344 0.052002
v 0.045654 0.273438 0.060547
v 0.062988 0.267578 0.056885
v 0.044922 0.289062 0.040039
v 0.085938 0.094727 0.027344
v 0.079102 0.097168 0.057129
v 0.082031 0.109863 0.028931
v -0.040039 0.408203 0.070801
v -0.033936 0.417969 0.073730
v -0.196289 0.106934 -0.008545
v -0.200195 0.128906 -0.012756
v -0.193359 0.117188 -0.019531
v -0.207031 0.119629 -0.002792
v -0.176758 0.104492 -0.012573
v -0.181641 0.096680 -0.004059
v 0.012695 0.388672 0.064453
v 0.015442 0.392578 0.057617
v 0.102539 -0.265625 -0.054443
v 0.112305 -0.242188 -0.017578
v -0.038086 0.289062 0.037598
v -0.028320 0.271484 0.081543
v -0.009827 0.241211 0.099609
v -0.033447 0.294922 0.057617
v -0.061523 -0.484375 0.030518
v -0.063477 -0.466797 0.027588
v -0.067383 -0.468750 0.048340
v -0.061523 -0.500000 0.012268
v 0.186523 0.125000 -0.024780
v 0.171875 0.112793 -0.021606
v 0.176758 0.134766 -0.035645
v 0.201172 0.128906 -0.012634
v 0.193359 0.117676 -0.019287
v 0.192383 0.139648 -0.016602
v 0.177734 0.104492 -0.013306
v 0.243164 0.004425 0.104004
v 0.246094 0.005310 0.105469
v 0.243164 0.014099 0.102051
v 0.246094 0.003647 0.099609
v 0.237305 0.011536 0.100586
v 0.241211 0.004395 0.101074
v -0.033936 0.359375 0.046631
v -0.037598 0.367188 0.039795
v -0.032959 0.355469 0.052002
v -0.267578 -0.016235 0.103516
v -0.269531 -0.007263 0.105469
v -0.269531 -0.016235 0.107422
v -0.265625 -0.011108 0.102539
v -0.269531 -0.019531 0.104004
v 0.021362 0.349609 0.035400
v 0.014587 0.343750 0.032471
v 0.026489 0.353516 0.029053
v 0.015381 0.345703 0.044189
v 0.271484 0.023560 0.083984
v 0.271484 0.030151 0.073730
v 0.263672 0.034912 0.085938
v 0.271484 0.017822 0.085938
v 0.269531 0.025635 0.090332
v -0.011902 0.472656 -0.040283
v -0.013489 0.462891 -0.038086
v -0.107422 0.044434 0.021484
v -0.115723 0.009338 0.008911
v -0.105469 0.007294 0.059326
v -0.100098 0.040283 0.059326
v -0.094238 0.078125 0.039062
v 0.017456 0.390625 0.064453
v 0.020386 0.390625 0.060547
v 0.021973 0.390625 0.061768
v 0.017944 0.390625 0.064941
v 0.016113 0.388672 0.063965
v 0.006805 -0.302734 -0.113281
v -0.005829 -0.304688 -0.093262
v 0.027832 -0.300781 -0.114258
v -0.185547 0.155273 0.013916
v -0.162109 0.170898 0.024414
v -0.273438 -0.001122 0.092773
v -0.273438 0.004639 0.097656
v -0.267578 -0.001999 0.092285
v 0.000233 0.439453 -0.035889
v 0.009766 0.441406 -0.033691
v 0.099609 -0.247070 0.018188
v 0.072266 -0.275391 0.023560
v -0.037109 0.166992 -0.082031
v -0.075684 0.172852 -0.078125
v -0.007172 -0.029785 -0.003128
v -0.009460 -0.015564 -0.041260
v 0.002945 -0.019165 -0.026978
v -0.004639 -0.065430 0.016724
v -0.019775 -0.065430 -0.024048
v -0.019165 -0.028442 -0.027710
v -0.004639 -0.027588 0.018433
v 0.000191 -0.022217 0.019653
v 0.047119 0.257812 0.076660
v 0.066895 0.279297 0.057617
v 0.072754 0.117676 0.007446
v 0.076172 0.116699 0.029663
v 0.087402 0.117676 0.030273
v -0.024780 0.457031 0.059814
v -0.010681 0.458984 0.062256
v -0.019043 0.466797 0.045898
v -0.035156 0.443359 0.056885
v -0.091797 -0.441406 -0.042969
v -0.104004 -0.462891 -0.027588
v -0.105469 -0.441406 -0.026001
v -0.090820 -0.460938 -0.049805
v -0.073730 -0.439453 -0.054443
v -0.107422 -0.435547 -0.025757
v -0.098633 -0.425781 -0.048096
v 0.028198 0.159180 0.090332
v 0.021851 0.190430 0.090820
v 0.005035 0.160156 0.094238
v 0.279297 -0.002899 0.073242
v 0.277344 -0.006165 0.074707
v 0.277344 -0.004700 0.069336
v -0.000389 0.369141 0.079590
v -0.002533 0.373047 0.079590
v -0.002991 0.371094 0.078613
v -0.000839 0.371094 0.077148
v 0.000137 0.369141 0.077148
v 0.001755 0.371094 0.079102
v 0.002045 0.373047 0.079102
v -0.000305 0.373047 0.080566
v -0.080078 0.092285 0.055908
v -0.082031 0.091797 0.062256
v -0.074219 0.062012 0.074219
v -0.087402 0.092285 0.030273
v -0.082031 0.118164 0.034180
v -0.062012 0.101074 0.071289
v 0.046143 -0.089844 0.106934
v 0.049561 -0.065430 0.112793
v 0.043945 -0.018921 0.100586
v 0.048340 -0.182617 0.107422
v -0.149414 0.220703 0.003143
v -0.134766 0.223633 0.027588
v -0.146484 0.224609 -0.021362
v -0.269531 -0.028076 0.080078
v -0.271484 -0.027466 0.080566
v -0.271484 -0.027100 0.076660
v -0.271484 -0.025391 0.083008
v -0.267578 -0.025513 0.076172
v -0.267578 -0.025269 0.082031
v 0.022583 0.322266 -0.015991
v 0.029907 0.337891 -0.007935
v 0.035889 0.328125 0.010498
v 0.000114 0.333984 -0.023682
v 0.033447 0.312500 0.009155
v 0.241211 0.018799 0.102051
v 0.235352 0.020142 0.097168
v 0.236328 0.016846 0.099121
v 0.246094 0.020386 0.099121
v 0.239258 0.022461 0.101074
v -0.022705 0.388672 0.055664
v -0.021362 0.390625 0.060791
v -0.025635 0.010071 -0.066895
v -0.029175 -0.031738 -0.066895
v -0.053467 0.043945 -0.051025
v -0.024536 0.042969 -0.060059
v 0.030640 0.357422 0.049561
v 0.034668 0.365234 0.043213
v 0.052002 -0.500000 -0.028198
v 0.057617 -0.484375 -0.009094
v 0.057129 -0.500000 -0.048584
v 0.057617 -0.488281 -0.048828
v 0.051758 -0.486328 -0.028442
v -0.050049 0.131836 0.083008
v -0.029785 0.162109 0.088867
v -0.048584 0.152344 0.082520
v -0.076660 0.142578 0.070801
v -0.197266 0.118652 0.037354
v -0.216797 0.107910 0.027100
v -0.209961 0.104980 0.044434
v -0.198242 0.128906 0.026001
v 0.007111 0.439453 0.065430
v 0.005066 0.455078 0.063965
v 0.007019 0.419922 0.069824
v 0.019043 0.439453 0.058838
v 0.016113 0.453125 0.061768
v 0.015991 0.423828 0.066406
v 0.117188 -0.136719 -0.061035
v 0.060547 -0.098633 -0.088379
v 0.108887 -0.087891 -0.056396
v 0.066895 -0.176758 -0.101074
v 0.128906 -0.188477 -0.064453
v -0.016968 0.345703 0.042725
v -0.007172 0.341797 0.044922
v -0.018188 0.347656 0.045654
v -0.023926 0.351562 0.037842
v -0.008179 0.341797 0.035400
v -0.015747 0.343750 0.033203
v -0.072266 -0.302734 0.086426
v -0.071289 -0.240234 0.084473
v -0.078613 -0.300781 0.086426
v -0.057129 -0.306641 0.073242
v 0.092773 0.180664 0.016968
v 0.086914 0.183594 0.012756
v 0.089844 0.175781 -0.004822
v 0.094727 0.167969 0.011475
v 0.106934 0.173828 0.027832
v 0.096191 0.194336 0.025391
v -0.000320 0.070312 0.082031
v -0.000946 0.034180 0.087891
v 0.031494 0.035156 0.082520
v 0.026733 0.072266 0.077637
v -0.048340 0.402344 -0.004028
v -0.043213 0.394531 -0.013245
v -0.041748 0.392578 0.000332
v -0.042480 0.400391 0.008545
v -0.044922 0.414062 -0.023071
v -0.273438 -0.017700 0.104980
v 0.006927 0.339844 0.035645
v 0.006256 0.339844 0.043945
v 0.016968 0.333984 0.027344
v 0.225586 0.057373 0.067383
v 0.223633 0.068848 0.066406
v 0.217773 0.057129 0.065430
v 0.233398 0.049805 0.078613
v -0.018433 0.460938 -0.043213
v -0.015869 0.457031 -0.039551
v -0.084473 0.027954 -0.017944
v -0.062012 0.001373 -0.049072
v -0.099609 0.021362 0.023071
v -0.095215 0.043457 0.022461
v -0.087891 0.006805 -0.018799
v 0.019653 0.371094 0.061523
v 0.025757 0.373047 0.056396
v 0.015137 0.375000 0.064453
v 0.027710 0.382812 0.055908
v 0.074707 -0.427734 -0.055176
v 0.099609 -0.427734 -0.048584
v 0.092285 -0.439453 -0.042969
v 0.050781 -0.419922 -0.043213
v 0.073730 -0.439453 -0.054199
v 0.073730 -0.416016 -0.056641
v 0.098633 -0.419922 -0.047852
v -0.119629 0.155273 0.028442
v -0.113281 0.142578 0.010193
v -0.127930 0.125977 0.004364
v -0.177734 0.110840 -0.013611
v -0.188477 0.098145 -0.002914
v -0.202148 0.113281 -0.004211
v -0.193359 0.127930 -0.010864
v 0.016602 0.468750 0.053223
v 0.000038 0.478516 0.036865
v -0.000465 0.470703 0.053711
v 0.017578 0.476562 0.033447
v 0.269531 -0.015320 0.060303
v 0.267578 -0.010986 0.059814
v 0.273438 -0.013062 0.058838
v 0.271484 -0.018555 0.061279
v 0.269531 -0.017578 0.062988
v 0.267578 -0.010498 0.065430
v -0.000450 0.357422 0.069336
v 0.002304 0.357422 0.068359
v 0.002167 0.357422 0.070312
v -0.000107 0.357422 0.070801
v -0.002533 0.357422 0.069824
v 0.095703 0.203125 -0.043457
v 0.098145 0.186523 -0.038818
v -0.046143 0.412109 0.026245
v -0.041016 0.394531 0.028442
v -0.040039 0.378906 0.033203
v -0.275391 -0.006500 0.074707
v 0.000916 0.394531 -0.079102
v 0.001984 0.375000 -0.086426
v -0.013367 0.396484 -0.084961
v 0.110840 -0.462891 0.086914
v 0.119629 -0.466797 0.058350
v -0.087891 0.178711 -0.003754
v -0.083496 0.166016 0.001617
v -0.088867 0.180664 -0.025757
v -0.083496 0.169922 -0.020142
v -0.030518 -0.151367 -0.027832
v -0.023315 -0.187500 0.006714
v -0.059814 -0.104492 -0.040527
v -0.018677 -0.151367 0.010254
v -0.024658 -0.106445 -0.026611
v 0.121094 0.221680 0.046631
v 0.103516 0.212891 0.060303
v 0.105957 0.241211 0.047119
v 0.132812 0.225586 0.028198
v 0.163086 0.106934 0.034180
v 0.165039 0.130859 0.039551
v 0.153320 0.113281 0.032715
v 0.163086 0.096680 0.017700
v 0.176758 0.122559 0.011536
v 0.175781 0.122559 0.044678
v -0.028931 0.425781 0.075195
v -0.032715 0.431641 0.074219
v -0.037842 0.419922 0.073730
v -0.019043 0.439453 0.074219
v -0.105957 -0.500000 -0.009949
v -0.102539 -0.486328 -0.026245
v -0.116211 -0.500000 0.009277
v -0.106934 -0.486328 -0.006714
v -0.056641 -0.500000 -0.008423
v 0.010071 0.153320 0.098633
v 0.003845 0.159180 0.105469
v -0.000481 0.142578 0.102539
v 0.014404 0.169922 0.100586
v 0.004730 0.132812 0.095215
v 0.273438 -0.010132 0.058838
v 0.275391 -0.004700 0.061035
v 0.275391 -0.009827 0.063477
v 0.269531 -0.007416 0.058350
v 0.273438 -0.004852 0.057861
v -0.002594 0.359375 0.071289
v -0.005096 0.357422 0.069336
v -0.005707 0.359375 0.070312
v -0.002838 0.361328 0.071777
v -0.235352 0.020020 0.092285
v -0.240234 0.018555 0.091309
v -0.240234 0.023682 0.086426
v -0.234375 0.024292 0.096680
v -0.235352 0.016602 0.094727
v -0.233398 0.025391 0.088867
v 0.044434 0.404297 0.018555
v 0.045654 0.404297 0.013733
v 0.047119 0.400391 0.008606
v 0.044922 -0.251953 0.019043
v 0.032959 -0.234375 -0.005768
v 0.044922 -0.241211 0.022583
v 0.071777 -0.250000 0.030640
v -0.149414 0.193359 -0.044922
v -0.124023 0.179688 -0.056885
v -0.129883 0.202148 -0.042725
v -0.149414 0.198242 -0.047363
v -0.119141 0.185547 -0.059570
v -0.255859 0.049805 0.060547
v 0.002213 0.390625 0.068848
v 0.004730 0.394531 0.066895
v 0.086914 -0.183594 -0.052979
v 0.085938 -0.238281 -0.086914
v 0.067383 -0.237305 -0.094727
v -0.016113 0.347656 0.053223
v -0.010742 0.341797 0.055420
v -0.010559 0.341797 0.060303
v -0.014282 0.349609 0.057617
v -0.019043 0.355469 0.055176
v -0.021729 0.355469 0.049072
v -0.040283 -0.300781 0.110840
v 0.185547 0.157227 0.014526
v 0.197266 0.147461 0.022705
v 0.203125 0.140625 0.006592
v 0.173828 0.151367 0.027832
v 0.168945 0.160156 0.023804
v 0.109375 0.038086 0.044922
v 0.106445 0.051514 0.050537
v -0.026245 0.375000 -0.006287
v -0.025391 0.367188 0.001099
v -0.113770 -0.082520 0.051514
v -0.075195 -0.035400 0.065430
v 0.035156 0.341797 -0.008911
v 0.038818 0.332031 -0.015991
v 0.271484 0.020142 0.092773
v 0.265625 0.017944 0.096191
v 0.273438 0.012756 0.095215
v 0.273438 0.010437 0.088379
v -0.000793 0.482422 0.010254
v -0.017090 0.480469 0.006470
v 0.016113 0.480469 0.007568
v -0.004211 0.045166 -0.078125
v 0.030273 0.388672 0.051025
v 0.034424 0.396484 0.041260
v 0.033691 0.402344 0.047119
v -0.113770 0.208984 0.042236
v -0.120605 0.209961 0.031494
v -0.122559 0.186523 0.044922
v -0.095703 0.201172 0.056396
v -0.071777 -0.333984 -0.070312
v -0.105469 -0.333984 -0.057617
v 0.012207 0.185547 0.093262
v 0.267578 0.003799 0.062988
v 0.267578 0.003937 0.065430
v 0.263672 0.007233 0.062988
v 0.269531 -0.001678 0.062988
v 0.273438 -0.000017 0.063965
v 0.273438 0.009399 0.062256
v 0.267578 0.005219 0.055664
v 0.269531 -0.002975 0.056885
v -0.003967 0.371094 0.076172
v -0.002716 0.375000 0.078125
v -0.003754 0.371094 0.075195
v -0.002411 0.371094 0.076660
v -0.053223 0.109863 0.069336
v -0.068359 0.111328 0.058838
v 0.041748 0.464844 -0.069824
v 0.033936 0.451172 -0.086426
v 0.043701 0.445312 -0.079102
v 0.087891 -0.082031 0.068359
v 0.101074 -0.082520 0.069336
v 0.092773 -0.032227 0.066895
v 0.061279 -0.082520 0.079590
v 0.061279 -0.131836 0.083984
v 0.084473 -0.132812 0.070312
v -0.046143 0.328125 -0.000050
v -0.035156 0.341797 -0.010498
v -0.037598 0.332031 -0.019897
v -0.055420 0.318359 0.011780
v -0.039307 0.332031 0.012451
v -0.059570 0.322266 -0.012390
v -0.267578 -0.007172 0.100586
v 0.125977 -0.486328 0.025146
v 0.132812 -0.498047 0.043457
v -0.000648 0.134766 -0.083984
v 0.038330 0.144531 -0.084473
v 0.039307 0.139648 -0.079590
v -0.000519 0.138672 -0.090332
v -0.038086 0.144531 -0.084961
v 0.002197 0.171875 -0.063477
v -0.037842 0.141602 -0.080078
v -0.097656 -0.248047 0.018799
v -0.111816 -0.242188 -0.017578
v -0.099609 -0.273438 0.012756
v -0.072266 -0.275391 0.023682
v 0.018921 0.207031 0.108887
v 0.008606 0.221680 0.103516
v 0.021240 0.184570 0.111328
v 0.001442 0.078613 -0.037842
v 0.034180 0.078613 -0.032959
v -0.031250 0.078125 -0.035400
v -0.271484 -0.010010 0.059082
v 0.003082 0.361328 0.063965
v 0.004791 0.359375 0.066406
v 0.003754 0.357422 0.068848
v 0.104004 -0.439453 0.002197
v 0.105469 -0.443359 -0.025879
v 0.108398 -0.437500 -0.026367
v 0.105469 -0.443359 0.002563
v 0.105469 -0.431641 0.001831
v 0.083496 -0.433594 0.017334
v -0.034424 0.146484 0.093262
v -0.034424 0.141602 0.086426
v -0.001503 0.140625 0.091309
v -0.035889 -0.187500 0.041748
v 0.127930 0.199219 -0.051514
v 0.115723 0.217773 -0.051270
v 0.143555 0.210938 -0.036133
v 0.077148 0.098145 0.085938
v -0.046143 0.404297 0.017456
v -0.043945 0.402344 0.013184
v -0.047119 0.404297 0.013245
v -0.046875 0.402344 0.019653
v -0.045654 0.404297 0.021118
v -0.043945 0.404297 0.017944
v -0.048340 0.404297 0.014771
v -0.089355 -0.239258 0.056396
v -0.084961 -0.185547 0.055908
v -0.110840 -0.237305 0.066406
v -0.113770 -0.300781 0.067871
v -0.091797 -0.304688 0.057129
v 0.092285 0.179688 -0.026367
v 0.091797 0.187500 -0.038086
v 0.085449 0.180664 -0.025146
v 0.273438 0.011414 0.072754
v 0.273438 -0.002167 0.077637
v 0.275391 0.010559 0.068359
v -0.001595 0.408203 -0.119629
v 0.026123 0.449219 0.067383
v 0.033936 0.439453 0.070312
v 0.015991 0.455078 0.063965
v 0.064941 -0.032471 -0.054199
v 0.012451 -0.081543 -0.078125
v 0.034668 -0.081055 -0.069336
v -0.102051 0.285156 0.030884
v -0.085938 0.269531 0.046387
v -0.075684 0.308594 0.018799
v -0.104980 0.294922 0.012817
v -0.113770 -0.132812 -0.010620
v -0.108887 -0.080566 -0.013000
v -0.125977 -0.181641 -0.006714
v -0.137695 -0.131836 0.010071
v 0.144531 0.111816 -0.015625
v 0.162109 0.120117 -0.033691
v 0.157227 0.104492 -0.004608
v -0.012329 0.398438 0.062256
v -0.010559 0.400391 0.058838
v -0.015747 0.400391 0.058594
v -0.013977 0.394531 0.064941
v -0.012756 0.394531 0.064941
v -0.009216 0.396484 0.062256
v -0.015015 0.398438 0.062988
v -0.001747 -0.004059 0.104980
v 0.028076 0.036133 0.093750
v 0.026123 0.074219 0.088379
v 0.041260 0.386719 0.034424
v 0.043213 0.402344 0.033447
v 0.043945 0.400391 0.041748
v 0.041992 0.384766 0.041016
v 0.038574 0.375000 0.036865
v 0.098633 -0.365234 0.000782
v 0.077148 -0.367188 0.012756
v 0.054932 -0.369141 0.003342
v -0.125977 0.181641 -0.047363
v -0.094238 0.189453 -0.039795
v -0.245117 0.028809 0.087891
v -0.247070 0.024414 0.084961
v -0.242188 0.025146 0.083984
v -0.255859 0.021973 0.091797
v -0.244141 0.027100 0.088867
v 0.014954 0.460938 -0.044922
v 0.014465 0.451172 -0.025024
v 0.271484 -0.019653 0.103516
v -0.000633 0.339844 0.046631
v -0.006714 0.337891 0.058350
v -0.074219 -0.460938 -0.056641
v -0.056396 -0.462891 -0.047852
v -0.056641 -0.486328 -0.049072
v 0.119629 0.155273 0.028198
v 0.114258 0.142578 0.012939
v 0.136719 0.139648 0.025146
v 0.133789 0.170898 0.030640
v 0.101562 0.156250 0.011963
v 0.146484 0.156250 0.029785
v 0.090820 0.062012 0.022949
v -0.045166 0.363281 0.063965
v -0.043701 0.357422 0.067383
v -0.043701 0.357422 0.070801
v -0.043701 0.367188 0.063477
v -0.046143 0.373047 0.059326
v -0.044922 0.365234 0.060547
v -0.117188 -0.468750 0.016235
v -0.119141 -0.484375 0.013794
v -0.125000 -0.486328 0.026001
v -0.121582 -0.470703 0.031494
v -0.110840 -0.462891 -0.002090
v -0.107910 -0.457031 0.024536
v -0.000282 0.163086 -0.086426
v 0.244141 0.010254 0.093750
v 0.248047 0.012878 0.095703
v 0.248047 0.006165 0.099121
v 0.238281 0.010010 0.096191
v 0.241211 0.016357 0.090332
v -0.030151 0.365234 0.013611
v -0.035645 0.094727 -0.038330
v -0.033447 0.116699 -0.038574
v -0.001457 0.079102 -0.059570
v 0.028564 0.408203 0.062256
v 0.026367 0.404297 0.062988
v 0.032715 0.414062 0.053467
v 0.031128 -0.223633 -0.001465
v -0.048828 0.251953 0.076172
v -0.038086 0.259766 0.083496
v -0.029907 0.241211 0.087402
v -0.041260 0.224609 0.081543
v -0.055176 0.217773 0.085938
v -0.250000 0.018311 0.063477
v -0.230469 0.033691 0.058838
v -0.225586 0.033203 0.072754
v -0.261719 0.006317 0.063477
v -0.261719 0.006500 0.054199
v -0.244141 0.024048 0.077637
v -0.253906 0.014771 0.051514
v -0.238281 0.029419 0.045898
v 0.006348 0.375000 0.067383
v 0.002457 0.380859 0.072266
v 0.003326 0.375000 0.075195
v 0.004761 0.378906 0.069824
v -0.001030 0.245117 0.070801
v -0.000618 0.257812 0.064941
v -0.013123 0.247070 0.073242
v -0.073730 -0.051270 0.089844
v -0.111816 -0.044678 0.064453
v -0.048340 -0.049561 0.102051
v -0.078613 -0.010864 0.087402
v 0.076172 0.302734 -0.036621
v 0.083984 0.312500 -0.012512
v 0.028320 0.110352 0.078125
v -0.034912 0.472656 -0.066406
v -0.036621 0.458984 -0.075195
v -0.035156 0.462891 -0.067871
v -0.028442 0.478516 -0.067383
v -0.029175 0.466797 -0.075684
v -0.034180 0.470703 -0.061523
v -0.265625 0.012878 0.098145
v -0.263672 0.018677 0.096680
v -0.269531 0.019409 0.092773
v -0.263672 0.006470 0.096191
v -0.259766 0.012573 0.093262
v -0.267578 0.005066 0.101074
v 0.002106 0.462891 0.052734
v 0.018555 0.458984 0.062988
v 0.019897 0.464844 0.048096
v 0.004059 0.455078 0.062988
v 0.104004 -0.132812 0.072266
v 0.104980 -0.182617 0.075684
v 0.104492 -0.183594 0.058105
v 0.109863 -0.132812 0.034912
v 0.110352 -0.081543 0.035400
v -0.031738 0.339844 -0.009827
v -0.024292 0.322266 -0.015747
v -0.035889 0.330078 0.012695
v 0.084473 0.045410 -0.022461
v 0.074219 0.075684 -0.015747
v 0.094238 0.045166 0.004700
v 0.102051 0.007477 0.002441
v 0.092773 0.010010 -0.027710
v -0.024658 0.392578 0.058105
v -0.024658 0.388672 0.059082
v -0.020996 0.388672 0.063477
v -0.089844 -0.298828 -0.100098
v -0.081543 -0.238281 -0.090820
v -0.080566 -0.300781 -0.093262
v 0.027344 0.283203 0.050781
v 0.030273 0.296875 0.035400
v 0.010742 0.291016 0.042969
v 0.008789 0.271484 0.060059
v 0.033936 0.271484 0.064453
v 0.263672 0.006775 0.052979
v 0.263672 0.018433 0.047607
v -0.007355 0.376953 0.066895
v -0.267578 -0.014587 0.079590
v -0.265625 -0.019775 0.081055
v -0.271484 -0.015564 0.082031
v 0.012634 0.371094 -0.094238
v 0.013977 0.378906 -0.091309
v 0.070312 -0.494141 0.071777
v 0.081055 -0.488281 0.088379
v 0.072266 -0.482422 0.071777
v 0.062988 -0.498047 0.049561
v -0.208984 0.130859 0.014038
v -0.203125 0.141602 0.006561
v -0.000099 0.359375 0.047852
v -0.123047 0.136719 -0.028442
v -0.122559 0.155273 -0.043457
v -0.111328 0.140625 -0.007812
v -0.033691 -0.308594 -0.020874
v -0.044678 -0.277344 0.013794
v -0.049072 -0.312500 0.006226
v -0.040771 -0.345703 -0.021606
v -0.047607 -0.345703 -0.044189
v -0.029785 -0.273438 -0.017944
v -0.041748 -0.304688 -0.050537
v 0.075195 0.184570 0.068359
v 0.051270 0.071289 -0.048828
v 0.030396 0.097168 -0.038330
v 0.081543 0.060547 -0.029663
v 0.011169 0.083008 -0.050537
v -0.027222 0.392578 0.056885
v -0.024658 0.392578 0.059326
v -0.024536 0.394531 0.060547
v -0.031982 0.402344 0.053711
v -0.031250 0.394531 0.050293
v -0.026855 0.390625 0.056396
v -0.028076 0.398438 0.058105
v -0.031006 0.388672 0.050781
v 0.057373 0.195312 0.063477
v 0.035400 0.176758 0.074219
v 0.273438 -0.003860 0.064453
v 0.273438 -0.008606 0.066406
v -0.002319 0.367188 0.072266
v -0.003754 0.369141 0.071777
v -0.005005 0.369141 0.069336
v -0.002136 0.369141 0.073730
v -0.002258 0.363281 0.071289
v -0.003326 0.371094 0.073242
v -0.059326 0.072266 0.079102
v -0.075195 0.111816 0.062256
v -0.086426 0.073730 0.061768
v 0.019287 -0.130859 0.099609
v 0.035400 -0.082031 0.080078
v -0.141602 0.211914 0.025024
v -0.164062 0.208984 0.001709
v 0.253906 0.035400 0.086914
v 0.263672 0.024170 0.092773
v -0.031982 0.457031 -0.025757
v -0.030273 0.470703 -0.007568
v 0.075195 -0.347656 0.009338
v 0.049561 -0.312500 0.006256
v 0.052490 -0.349609 0.001648
v 0.098633 -0.347656 -0.000824
v 0.074707 -0.312500 0.015198
v -0.227539 0.059326 0.068848
v -0.232422 0.066406 0.067383
v 0.019653 0.402344 0.069336
v 0.013977 0.410156 0.071289
v 0.006134 0.408203 0.072754
v 0.140625 -0.235352 -0.004181
v 0.152344 -0.296875 -0.009399
v 0.141602 -0.296875 -0.019653
v -0.004181 0.347656 0.065430
v -0.007599 0.351562 0.064453
v -0.008484 0.347656 0.063477
v -0.000198 0.347656 0.066406
v -0.079590 -0.470703 0.076172
v -0.070801 -0.468750 0.060059
v -0.083984 -0.472656 0.083984
v 0.137695 0.120605 0.003616
v -0.000252 -0.001877 0.071777
v -0.097656 -0.488281 -0.038818
v -0.001472 0.130859 0.096680
v 0.097168 0.007874 -0.040771
v 0.102051 -0.040771 -0.049316
v 0.054199 0.004822 -0.078125
v 0.115723 0.009277 0.009460
v -0.021240 0.361328 0.055664
v -0.026367 0.365234 0.051758
v -0.024658 0.359375 0.048340
v -0.017700 0.359375 0.060059
v -0.002075 0.087891 0.086914
v -0.039307 0.105957 0.085938
v 0.045410 0.400391 0.020508
v 0.047363 0.404297 0.015320
v 0.070801 -0.238281 0.035889
v 0.041504 -0.224609 0.031250
v -0.255859 0.014893 0.088867
v 0.016357 0.416016 -0.047607
v -0.001060 0.416016 -0.050781
v -0.001427 0.433594 -0.048828
v 0.034180 0.416016 -0.037109
v 0.014282 0.435547 -0.046143
v 0.032715 0.435547 -0.035400
v -0.000046 0.289062 0.041748
v -0.011597 0.291016 0.042236
v -0.000450 0.273438 0.051270
v -0.000572 0.298828 0.033936
v -0.033936 -0.131836 -0.077637
v -0.033203 -0.080566 -0.071289
v -0.014404 -0.082031 -0.074219
v -0.011230 -0.130859 -0.078125
v 0.090332 0.265625 0.045898
v 0.078125 0.310547 0.015442
v 0.071289 0.296875 0.043213
v 0.056396 0.117676 -0.014709
v -0.036133 0.441406 0.061279
v -0.030029 0.449219 0.056152
v -0.230469 0.090332 0.037598
v -0.207031 0.125000 0.012329
v -0.002167 0.458984 0.061768
v 0.125977 -0.033691 0.017944
v 0.102539 0.009277 0.041504
v 0.106934 -0.033447 0.036377
v 0.131836 -0.081543 0.019897
v 0.106934 -0.034424 0.000153
v 0.116699 0.009583 0.020508
v -0.008057 0.357422 0.066895
v -0.006683 0.357422 0.067383
v -0.004272 0.357422 0.068359
v -0.043701 -0.251953 0.019897
v -0.030518 -0.249023 -0.012695
v -0.074219 -0.312500 0.015869
v 0.167969 0.169922 -0.032959
v 0.175781 0.158203 -0.027466
v 0.150391 0.163086 -0.041260
v 0.167969 0.189453 -0.012939
v 0.236328 0.018677 0.092285
v 0.239258 0.019287 0.088867
v 0.236328 0.015381 0.093750
v 0.232422 0.025269 0.086914
v 0.233398 0.026245 0.094727
v -0.269531 -0.020630 0.085938
v -0.269531 -0.023926 0.087402
v -0.269531 -0.017944 0.093750
v -0.269531 -0.013428 0.092285
v 0.025513 0.326172 0.019165
v 0.033691 0.328125 0.004303
v 0.029541 0.335938 -0.005951
v 0.267578 0.003860 0.074707
v -0.003357 0.458984 -0.097656
v -0.222656 0.046631 0.069824
v -0.227539 0.042725 0.044922
v -0.221680 0.046143 0.058350
v 0.049805 -0.384766 -0.045898
v 0.042480 -0.388672 -0.017944
v 0.039551 -0.365234 -0.018433
v 0.052490 -0.408203 -0.042480
v -0.196289 0.147461 0.022339
v 0.005493 0.337891 0.057861
v 0.009399 0.341797 0.059570
v 0.203125 0.074707 0.045654
v 0.205078 0.070312 0.032227
v 0.217773 0.053955 0.040527
v 0.212891 0.059082 0.052734
v 0.208008 0.080566 0.051514
v 0.192383 0.089355 0.039062
v -0.013184 0.400391 0.069336
v -0.013611 0.396484 0.066406
v -0.008545 0.398438 0.068848
v -0.019165 0.400391 0.067383
v 0.015625 0.380859 -0.096191
v 0.008606 0.365234 -0.095703
v 0.012878 0.384766 -0.099121
v 0.021362 0.402344 -0.092773
v 0.072754 -0.458984 0.042480
v -0.133789 0.122559 -0.022095
v -0.150391 0.129883 -0.035889
v -0.139648 0.141602 -0.040527
v -0.244141 0.026978 0.095215
v 0.027588 0.470703 -0.011169
v 0.033936 0.470703 0.005463
v 0.027466 0.457031 -0.029419
v 0.043457 0.451172 -0.014832
v 0.273438 -0.015747 0.082031
v 0.277344 -0.009705 0.075684
v 0.273438 -0.009521 0.080078
v -0.052490 -0.349609 0.001389
v -0.075195 -0.349609 0.009399
v 0.035400 0.149414 0.104980
v 0.046387 0.159180 0.106445
v 0.081543 0.080566 0.007568
v -0.024292 0.392578 0.060547
v -0.271484 0.009827 0.064453
v -0.271484 0.015869 0.060547
v -0.269531 0.013245 0.055420
v -0.271484 0.009033 0.056396
v 0.001404 0.380859 0.074219
v 0.004181 0.386719 0.066406
v -0.002197 -0.048828 0.109375
v 0.031494 -0.003036 0.097656
v -0.040039 -0.004730 0.099609
v -0.002747 -0.095215 0.114258
v 0.047852 -0.046143 0.100098
v 0.125977 0.250000 0.029907
v -0.026611 0.480469 -0.049316
v -0.014038 0.478516 -0.027832
v 0.277344 -0.008728 0.095703
v 0.277344 0.001892 0.099121
v -0.012146 0.384766 0.060303
v -0.010498 0.384766 0.056885
v -0.010071 0.386719 0.061768
v -0.015381 0.384766 0.060059
v -0.015137 0.384766 0.056152
v -0.013611 0.390625 0.063965
v -0.013916 0.388672 0.063965
v 0.023682 0.392578 0.056396
v 0.034180 -0.183594 -0.028687
v 0.027832 -0.205078 0.003464
v 0.024414 -0.186523 0.007263
v 0.036865 -0.203125 -0.031494
v 0.064941 -0.181641 -0.042480
v 0.031250 -0.151367 -0.027832
v 0.062988 -0.150391 -0.043213
v -0.128906 0.203125 0.043701
v -0.273438 0.000278 0.078613
v -0.277344 -0.000954 0.085938
v -0.275391 0.006592 0.082520
v 0.003906 0.439453 -0.101074
v 0.004425 0.410156 -0.104980
v -0.010193 0.435547 -0.101562
v 0.020630 0.466797 -0.094238
v 0.021240 0.435547 -0.099609
v 0.105957 -0.237305 0.083496
v 0.106934 -0.237305 0.054932
v -0.051758 0.310547 0.009155
v -0.048096 0.320312 0.000370
v -0.052246 0.298828 0.022217
v -0.050781 -0.488281 -0.028564
v 0.181641 0.142578 0.036133
v 0.159180 0.140625 0.031494
v 0.149414 0.123047 0.029907
v 0.190430 0.130859 0.041992
v 0.087402 0.041016 0.061035
v 0.081543 0.008484 0.071777
v 0.102051 0.046387 0.025757
v -0.090820 -0.103027 -0.024658
v -0.107910 -0.148438 0.009216
v 0.003510 0.349609 0.066406
v 0.009399 0.353516 0.064941
v 0.243164 0.094727 0.039795
v -0.062988 0.045410 0.083496
v -0.063965 0.020386 0.089844
v -0.051025 0.046631 0.091797
v -0.052734 0.054932 0.084961
v -0.053711 0.074707 0.072754
v -0.065430 0.062012 0.074707
v 0.044922 0.390625 0.011414
v 0.078125 -0.388672 0.010437
v -0.100098 0.166016 -0.069336
v -0.085449 0.184570 -0.055420
v -0.269531 -0.027710 0.095215
v -0.269531 -0.023315 0.095703
v -0.271484 -0.025635 0.096191
v -0.273438 -0.026978 0.094727
v -0.271484 -0.028564 0.092285
v -0.269531 -0.026855 0.091797
v 0.009216 0.298828 0.036133
v 0.022461 0.308594 0.028687
v 0.267578 0.004578 0.076660
v 0.277344 0.000319 0.078125
v -0.018433 0.416016 -0.047607
v -0.016113 0.435547 -0.045898
v -0.035156 0.433594 -0.035645
v -0.036621 0.414062 -0.036133
v -0.031982 0.116211 -0.031738
v 0.034912 0.423828 0.060059
v 0.036377 0.410156 0.053467
v 0.045654 0.414062 0.044922
v 0.044922 0.427734 0.049316
v 0.029663 0.435547 0.063965
v -0.002319 -0.130859 -0.109863
v -0.001503 -0.087402 -0.103516
v 0.057861 -0.039795 -0.081543
v -0.028931 0.361328 0.040039
v -0.259766 0.018799 0.047363
v 0.010742 0.359375 0.065430
v 0.010925 0.355469 0.064453
v 0.013123 0.361328 0.063965
v 0.008606 0.359375 0.066406
v 0.009521 0.357422 0.065430
v -0.022949 0.168945 0.095215
v -0.082031 -0.135742 0.056396
v -0.116211 -0.134766 0.052734
v 0.061279 0.320312 -0.012268
v 0.054932 0.310547 -0.041260
v -0.273438 -0.019409 0.078613
v 0.147461 0.209961 -0.007874
v 0.000134 0.171875 0.071777
v -0.040039 0.176758 -0.063477
v 0.083984 0.179688 -0.055908
v 0.051270 0.175781 -0.061523
v 0.248047 0.006256 0.104004
v -0.019043 0.386719 0.060303
v -0.019287 0.384766 0.056396
v -0.034180 0.109375 -0.032715
v -0.059326 0.123047 -0.015625
v -0.063477 0.146484 -0.032959
v -0.006653 0.110840 -0.034424
v 0.027100 0.421875 0.060059
v 0.021851 0.410156 0.067871
v 0.057129 -0.061035 -0.037598
v 0.060059 -0.104492 -0.040039
v -0.012329 0.351562 0.060547
v -0.016235 0.355469 0.059326
v -0.267578 -0.010681 0.059570
v -0.265625 -0.015198 0.061035
v -0.265625 -0.010254 0.065918
v 0.010620 0.365234 0.065430
v 0.104492 -0.423828 -0.025024
v -0.001839 0.168945 0.080566
v 0.030029 0.141602 0.080078
v -0.037842 0.194336 0.072754
v -0.000732 0.192383 0.079102
v -0.001930 -0.136719 0.118164
v -0.071777 -0.232422 0.116699
v -0.002502 -0.182617 0.123047
v 0.114258 0.224609 0.021973
v 0.139648 0.197266 0.023804
v 0.127930 0.234375 0.003967
v 0.108887 0.203125 0.030151
v 0.095703 0.211914 0.029419
v 0.055664 0.076172 0.081543
v 0.032227 0.107422 0.084473
v 0.059326 0.118652 0.068848
v -0.261719 0.024292 0.093262
v 0.011658 0.449219 -0.042480
v 0.137695 -0.130859 0.026245
v 0.142578 -0.180664 0.029663
v 0.129883 -0.131836 0.007996
v 0.138672 -0.181641 0.011169
v -0.032471 0.267578 -0.066895
v -0.038330 0.296875 -0.053955
v -0.002258 0.267578 -0.070312
v -0.055664 -0.421875 0.006317
v -0.057129 -0.412109 0.003525
v 0.202148 0.133789 0.029175
v 0.106445 0.047119 0.002274
v 0.108887 0.059814 0.011169
v -0.018799 0.390625 0.064453
v -0.017334 0.390625 0.064453
v -0.223633 0.040527 0.080566
v -0.216797 0.055176 0.063965
v 0.031738 -0.185547 0.077637
v 0.034912 -0.132812 0.078125
v -0.267578 0.021240 0.052002
v -0.267578 0.010498 0.052002
v 0.007721 0.382812 0.065430
v -0.044678 0.173828 0.083008
v -0.024170 -0.101562 0.051514
v -0.032471 -0.150391 0.044922
v -0.010071 -0.107422 0.012390
v 0.134766 0.217773 -0.032715
v 0.137695 0.226562 -0.003571
v 0.121094 0.202148 -0.049805
v 0.075684 0.109375 0.085938
v -0.034912 0.402344 0.047363
v -0.039551 0.419922 0.041748
v -0.047607 0.414062 0.027100
v -0.081543 -0.490234 0.088867
v -0.083984 -0.476562 0.087402
v 0.141602 0.128906 0.022217
v 0.279297 -0.005249 0.086914
v 0.273438 -0.004303 0.091309
v 0.277344 -0.005035 0.080078
v 0.275391 -0.013306 0.093750
v -0.000877 0.363281 -0.016846
v -0.016602 0.349609 -0.012451
v -0.013672 0.361328 -0.012939
v 0.015503 0.357422 -0.010681
v 0.015503 0.347656 -0.012695
v 0.012451 0.365234 -0.013062
v 0.012878 0.371094 -0.016235
v 0.000561 0.347656 -0.015991
v -0.007111 0.347656 -0.015015
v 0.018921 0.394531 0.063965
v 0.042236 -0.240234 -0.077637
v 0.044434 -0.304688 -0.088379
v -0.133789 0.187500 0.037842
v -0.128906 0.215820 0.025635
v 0.007477 0.212891 0.090332
v 0.226562 0.055420 0.028809
v -0.013855 0.394531 0.065430
v 0.084961 -0.441406 0.019531
v -0.075195 0.153320 -0.073730
v -0.075684 0.157227 -0.078613
v -0.220703 0.088379 0.053467
v -0.200195 0.096680 0.046387
v -0.237305 0.076172 0.051758
v 0.015076 0.484375 -0.090820
v 0.005310 0.480469 -0.093750
v 0.013245 0.492188 -0.083496
v 0.016113 0.462891 -0.098145
v -0.024414 0.355469 0.001175
v -0.039062 -0.335938 -0.053223
v 0.082031 0.084961 0.025757
v 0.076172 0.085449 0.007385
v 0.068848 0.084473 0.054443
v -0.041260 0.396484 0.067383
v -0.041748 0.408203 0.067383
v -0.037354 0.386719 0.067383
v -0.267578 0.025757 0.060547
v -0.273438 0.017090 0.066895
v -0.044678 -0.308594 0.070312
v 0.172852 0.174805 0.010132
v 0.056152 0.035156 0.075195
v 0.076660 0.075684 0.058350
v -0.025879 0.427734 -0.089355
v -0.097168 -0.186523 0.039307
v 0.275391 0.004822 0.097656
v -0.006104 0.392578 0.058350
v -0.008728 0.392578 0.062256
v -0.007477 0.388672 0.057617
v -0.007355 0.398438 0.059082
v -0.098633 0.008667 -0.040039
v 0.014709 0.367188 0.064453
v 0.055664 -0.460938 -0.007568
v -0.116699 0.169922 0.062256
v -0.061279 0.147461 0.079102
v -0.103516 -0.421875 -0.025024
v 0.031128 0.119629 0.081543
v 0.269531 -0.007080 0.064941
v -0.004883 0.369141 0.072266
v -0.003174 0.118652 0.090332
v 0.064453 -0.162109 0.109863
v 0.071777 -0.231445 0.117188
v 0.132812 -0.225586 0.076660
v 0.121094 -0.154297 0.073730
v 0.055664 -0.098633 0.105469
v -0.247070 0.012817 0.096191
v 0.038818 0.376953 0.023193
v 0.269531 -0.028198 0.079590
v 0.267578 -0.025269 0.080566
v 0.269531 -0.025269 0.075684
v -0.002411 0.234375 -0.076660
v -0.001366 0.201172 -0.080566
v -0.055420 -0.021606 -0.040283
v -0.057373 -0.060303 -0.038086
v -0.022461 0.005524 -0.060059
v 0.011536 0.355469 0.062988
v 0.040771 0.145508 -0.063477
v 0.051270 0.112305 -0.062988
v -0.047119 0.449219 0.024048
v -0.048828 0.429688 0.034424
v -0.032227 0.433594 0.048584
v -0.275391 -0.017944 0.091309
v -0.273438 -0.015625 0.094727
v -0.273438 -0.013123 0.093750
v 0.216797 0.064941 0.061279
v -0.089355 0.062256 0.022217
v -0.052002 0.033447 0.073242
v -0.083984 0.038086 0.055908
v 0.032715 0.396484 0.071777
v 0.040771 -0.347656 -0.021118
v -0.136719 0.169922 0.041992
v -0.097168 0.177734 0.059082
v -0.123535 0.164062 0.048584
v 0.017578 0.392578 0.064941
v 0.078125 0.150391 -0.070312
v 0.113281 0.167969 -0.065918
v 0.061768 0.031738 0.089355
v 0.059814 0.043457 0.085938
v 0.045410 0.042725 0.094727
v -0.043213 0.378906 0.016479
v -0.273438 -0.009583 0.080566
v -0.005371 0.365234 -0.093750
v 0.002258 0.361328 -0.093262
v -0.008972 0.378906 -0.095703
v -0.078613 0.144531 0.003616
v -0.076660 0.144531 -0.018799
v -0.001625 -0.177734 -0.118652
v 0.072266 -0.230469 -0.113281
v -0.001091 -0.229492 -0.129883
v -0.067871 -0.229492 -0.114746
v -0.065918 -0.176758 -0.104492
v 0.135742 0.222656 0.013367
v 0.150391 0.109863 0.011963
v 0.163086 0.097656 0.001038
v -0.024414 0.400391 0.062988
v -0.112793 -0.267578 -0.022217
v -0.101562 -0.265625 -0.054443
v -0.101074 -0.302734 -0.052490
v -0.110840 -0.306641 -0.023682
v 0.015564 0.190430 0.099121
v 0.000431 0.187500 0.107910
v 0.016235 0.212891 0.094727
v 0.008484 0.202148 0.102051
v 0.023560 0.194336 0.097168
v 0.200195 0.112305 -0.004852
v -0.239258 0.028076 0.098145
v -0.231445 0.030762 0.092285
v -0.000351 -0.018311 0.048828
v 0.004425 -0.027588 0.018188
v -0.124023 0.241211 -0.042480
v -0.265625 -0.017578 0.062256
v -0.267578 -0.019043 0.063965
v -0.000092 0.355469 0.067383
v -0.000351 0.355469 0.069336
v 0.036621 -0.187500 0.041504
v -0.221680 0.066895 0.067383
v 0.271484 -0.018799 0.098633
v -0.022827 0.335938 0.022095
v -0.071777 -0.361328 -0.062500
v -0.098633 -0.361328 -0.053467
v 0.122070 0.187500 0.030884
v -0.043457 0.378906 0.059082
v -0.269531 0.003311 0.055176
v -0.265625 0.004730 0.055176
v -0.269531 0.007477 0.053955
v -0.024414 0.127930 0.086914
v -0.024902 0.100586 0.086426
v 0.228516 0.033691 0.088867
v 0.236328 0.040771 0.088867
v -0.049072 0.402344 0.008118
v -0.122559 -0.296875 0.070801
v 0.273438 -0.005188 0.080078
v 0.002563 0.380859 -0.100586
v -0.181641 0.134766 0.030273
v 0.027588 0.433594 0.079590
v 0.108887 -0.043701 0.066406
v 0.066895 0.000238 0.087891
v 0.104980 0.007233 0.059570
v 0.112305 -0.088867 0.073242
v -0.029541 -0.337891 -0.018188
v 0.032471 0.300781 0.047119
v 0.035156 0.312500 0.033203
v 0.035889 0.302734 0.026001
v 0.269531 0.021240 0.051270
v 0.271484 0.025513 0.059814
v 0.271484 0.015625 0.059814
v 0.273438 0.013123 0.054443
v 0.269531 0.010864 0.051025
v 0.257812 0.040771 0.043945
v -0.002625 0.390625 0.069336
v -0.000275 0.390625 0.070312
v -0.071289 0.013062 0.082031
v 0.046387 0.392578 0.006256
v 0.047363 0.390625 0.008179
v 0.036377 0.384766 0.011169
v 0.038574 0.392578 0.007874
v 0.084473 -0.476562 0.086914
v -0.123535 -0.500000 0.020630
v 0.002441 0.176758 -0.063477
v 0.051025 0.179688 -0.066406
v 0.269531 -0.015625 0.096680
v -0.034180 0.367188 0.030640
v -0.074707 0.072266 -0.021484
v 0.045654 0.398438 0.065918
v 0.041016 0.408203 0.069336
v 0.041992 0.402344 0.069336
v 0.047607 0.392578 0.064941
v 0.048096 0.386719 0.063477
v 0.045166 0.396484 0.067383
v 0.110352 -0.220703 -0.010193
v -0.263672 0.003998 0.066895
v 0.001831 0.371094 0.076660
v 0.002899 0.371094 0.074707
v -0.011047 0.261719 0.067871
v -0.036133 0.250000 0.074219
v -0.079590 -0.083496 0.061523
v -0.062500 -0.134766 0.075195
v -0.055664 -0.083984 0.072754
v -0.001686 0.109375 0.084473
v -0.029419 0.447266 -0.084473
v -0.034424 0.439453 -0.083984
v -0.036133 0.451172 -0.075195
v -0.275391 -0.004028 0.069336
v -0.273438 -0.007416 0.070801
v 0.018433 0.408203 -0.101562
v 0.085938 -0.298828 0.078125
v 0.106445 -0.296875 0.089355
v 0.116211 -0.294922 0.083008
v -0.072266 0.178711 -0.043701
v 0.090820 0.234375 0.062988
v 0.066895 0.253906 0.061279
v -0.023438 0.443359 0.072266
v -0.030762 0.437500 0.067383
v -0.038086 0.425781 0.068848
v -0.099121 -0.423828 0.000500
v -0.078613 -0.410156 0.010742
v -0.095215 -0.410156 -0.001648
v -0.104980 -0.431641 0.002136
v -0.081055 -0.421875 0.013855
v -0.000511 0.369141 0.074707
v 0.038818 -0.208008 0.036377
v -0.000244 0.008362 -0.055176
v 0.047363 0.382812 0.062256
v 0.046875 0.388672 0.064453
v 0.074219 -0.500000 -0.057373
v -0.075195 0.167969 0.042969
v -0.081055 0.142578 0.031982
v -0.161133 0.120117 -0.033447
v -0.144531 0.112793 -0.016235
v -0.175781 0.133789 -0.035889
v -0.170898 0.111816 -0.021606
v 0.014648 0.400391 0.058838
v 0.009888 0.400391 0.059082
v -0.003082 0.355469 0.067871
v -0.143555 -0.300781 -0.018555
v 0.217773 0.049805 0.053467
v -0.000282 0.376953 0.079102
v 0.036865 0.476562 -0.061035
v -0.081543 0.312500 -0.011658
v -0.243164 0.010437 0.094727
v 0.034668 0.378906 0.018799
v 0.032227 0.376953 0.012268
v 0.038574 0.375000 0.020996
v 0.159180 -0.294922 0.018311
v 0.140625 -0.300781 0.010376
v 0.147461 -0.235352 0.017578
v 0.162109 -0.296875 0.028442
v 0.028076 0.235352 0.090332
v 0.030518 0.222656 0.086426
v 0.047852 0.236328 0.074219
v 0.061523 0.092773 -0.023071
v 0.042236 0.078125 -0.052002
v -0.027710 0.402344 0.062256
v -0.021118 0.402344 0.068359
v -0.024292 0.410156 0.066895
v -0.030518 0.408203 0.061523
v 0.006653 0.394531 0.065430
v 0.008789 0.396484 0.065918
v 0.004120 0.390625 0.064941
v 0.091309 -0.300781 -0.095215
v 0.087402 -0.238281 -0.059570
v 0.085449 -0.304688 -0.070312
v -0.035889 0.312500 0.035645
v -0.039062 0.308594 0.012817
v 0.196289 0.135742 0.001144
v 0.192383 0.127930 -0.011047
v 0.241211 0.023315 0.084961
v 0.245117 0.021606 0.090820
v -0.271484 -0.017944 0.082520
v -0.002075 0.458984 0.060791
v 0.018066 0.386719 0.060059
v 0.022461 0.386719 0.056152
v 0.030518 -0.337891 -0.018311
v 0.039307 -0.332031 -0.052002
v -0.219727 0.062500 0.013916
v 0.006592 0.396484 0.058838
v 0.008667 0.392578 0.062256
v 0.095703 -0.199219 -0.032227
v 0.093750 -0.180664 -0.029175
v -0.009705 0.345703 0.062988
v 0.164062 0.143555 -0.036133
v -0.004547 0.498047 -0.067871
v 0.005249 0.490234 -0.087891
v -0.009888 0.490234 -0.083008
v 0.009216 0.498047 -0.066406
v -0.081055 0.079102 0.003998
v 0.019409 0.390625 0.062256
v 0.015991 0.390625 0.063477
v 0.021606 0.392578 0.061279
v 0.021240 0.390625 0.062256
v -0.190430 0.151367 -0.001907
v 0.225586 0.046387 0.035156
v -0.013306 0.371094 0.064941
v -0.089844 0.255859 -0.055176
v 0.002411 0.363281 -0.097168
v -0.079590 0.122070 0.005890
v -0.068359 -0.267578 -0.067871
v 0.044922 0.255859 0.069336
v 0.048096 0.261719 0.065430
v 0.034180 0.249023 0.075684
v 0.035645 0.080566 0.066406
v -0.040771 0.417969 0.068359
v 0.017944 0.335938 -0.016235
v 0.245117 0.023193 0.098145
v 0.246094 0.018799 0.093262
v -0.074707 0.165039 0.071289
v -0.073730 0.192383 0.067383
v -0.099121 0.153320 0.058594
v -0.058838 0.178711 0.075684
v 0.004608 0.457031 0.061279
v 0.005798 0.453125 0.069824
v 0.151367 0.186523 0.025513
v 0.153320 0.207031 0.006775
v 0.089355 0.076660 0.060059
v 0.061768 0.036865 0.085449
v -0.048584 0.392578 0.005859
v -0.050049 0.400391 0.009949
v -0.273438 0.001205 0.098633
v 0.009888 0.384766 0.056396
v 0.006622 0.388672 0.057129
v 0.014587 0.384766 0.056152
v -0.029541 0.419922 0.058838
v 0.015320 0.133789 0.091309
v 0.047363 0.145508 0.083496
v 0.019043 0.162109 0.090332
v 0.000809 0.135742 0.094727
v -0.202148 0.068848 0.057373
v -0.217773 0.050049 0.053955
v -0.203125 0.059814 0.041504
v -0.207031 0.079590 0.057617
v -0.210938 0.083496 0.062988
v -0.201172 0.072266 0.054443
v -0.011658 -0.132812 0.094727
v -0.012634 0.388672 -0.096680
v 0.034180 0.412109 0.073730
v 0.028198 0.417969 0.078125
v -0.193359 0.089844 0.040039
v 0.153320 -0.298828 -0.001343
v -0.024658 0.194336 0.089844
v 0.055176 0.287109 -0.055908
v 0.006622 0.123535 0.090332
v 0.006897 0.107910 0.093750
v 0.021729 0.114746 0.090820
v -0.037109 0.466797 0.011719
v 0.014526 0.464844 -0.036621
v 0.019409 0.458984 -0.038086
v 0.019043 0.462891 -0.040039
v 0.020264 0.470703 -0.039551
v 0.018677 0.474609 -0.040039
v 0.269531 -0.015747 0.104004
v 0.063477 -0.482422 0.048340
v -0.185547 0.125977 -0.025513
v -0.190430 0.139648 -0.016357
v -0.271484 -0.008606 0.066406
v -0.061523 0.193359 0.060791
v 0.164062 0.202148 -0.014832
v 0.077148 0.116211 0.050537
v 0.018188 -0.029297 -0.026978
v 0.007690 -0.031128 -0.004181
v -0.132812 -0.226562 -0.068848
v 0.010742 0.339844 0.054443
v -0.013611 0.394531 0.065430
v -0.269531 0.002335 0.101562
v -0.269531 -0.006287 0.104492
v -0.265625 0.000343 0.098145
v 0.014832 0.384766 0.060303
v 0.267578 -0.019531 0.080566
v 0.035889 0.141602 0.095703
v 0.052246 0.125977 0.091797
v 0.045898 0.136719 0.100586
v -0.044922 0.375000 0.053955
v 0.002029 0.375000 0.078125
v -0.000076 0.382812 0.075195
v 0.176758 0.110352 -0.013794
v 0.054443 0.006805 0.075684
v 0.057617 -0.033936 0.075684
v -0.139648 0.188477 0.046143
v 0.008789 0.261719 0.068359
v 0.032715 0.476562 -0.052979
v 0.018921 0.384766 0.055908
v 0.050049 0.204102 0.087402
v -0.018188 0.094238 -0.046387
v -0.273438 -0.026855 0.089844
v -0.086914 0.014954 0.057129
v 0.269531 -0.018921 0.064941
v 0.135742 0.179688 -0.047852
v -0.273438 -0.000139 0.089355
v -0.273438 -0.003677 0.091309
v -0.001244 -0.234375 0.130859
v 0.154297 0.147461 0.030151
v -0.008789 0.445312 0.071289
v 0.013916 0.146484 0.093750
v 0.014221 0.163086 0.093262
v -0.007416 0.162109 0.093750
v 0.025513 0.136719 0.091797
v -0.245117 0.023804 0.098633
v 0.038086 0.419922 0.042480
v -0.163086 0.206055 -0.024536
v -0.031250 0.369141 0.043213
v -0.034424 0.375000 0.035400
v 0.046143 0.423828 0.034180
v -0.224609 0.046631 0.036133
v 0.113281 -0.298828 -0.072754
v -0.050781 -0.015991 0.107422
v -0.072266 -0.064453 0.096191
v -0.022461 0.455078 -0.036133
v 0.269531 -0.020874 0.073730
v 0.269531 -0.015991 0.080078
v 0.170898 0.093262 0.004730
v 0.275391 0.017212 0.066406
v -0.067383 -0.186523 0.053467
v -0.065918 -0.150391 0.058350
v -0.096680 -0.149414 0.044189
v 0.165039 0.208008 0.004791
v 0.163086 0.206055 -0.016357
v -0.095703 -0.464844 0.086914
v 0.085938 0.194336 0.025146
v -0.064453 0.105957 -0.013428
v -0.137695 0.222656 0.010803
v -0.147461 0.194336 0.028687
v -0.138672 0.226562 -0.005798
v -0.267578 -0.014404 0.065918
v -0.265625 -0.018066 0.066406
v 0.182617 0.096191 -0.003830
v 0.209961 0.130859 0.013367
v 0.197266 0.106934 -0.008301
v 0.207031 0.120117 -0.002914
v 0.000408 0.449219 0.066895
v -0.044189 0.044922 0.088379
v -0.042480 0.019287 0.094238
v 0.048340 0.400391 0.009949
v -0.134766 0.217773 -0.044189
v -0.273438 0.015747 0.080078
v 0.047119 0.171875 0.082520
v 0.075684 0.158203 0.071289
v -0.067871 0.082031 0.064453
v 0.021240 0.400391 -0.087891
v 0.016968 0.388672 -0.089355
v -0.166992 0.190430 0.008423
v -0.154297 0.184570 -0.038818
v -0.152344 0.204102 -0.017334
v -0.244141 0.022217 0.091797
v 0.010010 -0.015076 -0.043457
v 0.022095 0.005646 -0.059570
v -0.028076 0.466797 -0.061035
v -0.128906 -0.300781 0.054688
v 0.271484 0.001968 0.101074
v 0.271484 -0.005859 0.103516
v -0.099121 -0.308594 0.005096
v 0.273438 0.007416 0.053711
v -0.067383 -0.016846 0.094727
v -0.048340 0.021851 0.100098
v 0.033691 0.145508 0.084961
v -0.080566 0.085449 0.023071
v 0.071289 -0.300781 -0.106934
v -0.018066 0.225586 0.067383
v -0.036621 0.239258 0.068359
v -0.001472 0.124512 0.088867
v 0.005371 0.392578 0.058350
v 0.083008 -0.423828 0.018799
v 0.099609 -0.421875 0.000416
v -0.034180 0.414062 0.052979
v 0.031982 0.394531 -0.030029
v 0.028076 0.291016 -0.059326
v -0.000427 0.460938 -0.013428
v 0.095703 -0.410156 -0.001282
v 0.048096 0.072754 0.071289
v 0.043945 0.035645 0.079590
v -0.001060 0.167969 0.100098
v 0.006165 0.175781 0.105957
v -0.015869 0.388672 0.063965
v -0.002655 0.103516 0.088379
v -0.016968 0.104492 0.086914
v 0.042236 0.447266 0.037598
v 0.032227 0.458984 0.043213
v 0.040771 0.443359 0.054443
v -0.050293 0.316406 -0.031250
v 0.028076 0.382812 -0.012451
v 0.036377 0.384766 0.004333
v 0.025024 0.375000 -0.005585
v 0.069336 0.086426 -0.002090
v 0.053955 0.085938 -0.013672
v -0.243164 0.069336 0.038574
v 0.009583 0.394531 0.065430
v 0.008484 0.392578 0.063965
v 0.012756 0.394531 0.065918
v 0.010254 0.394531 0.064941
v 0.012756 0.396484 0.064941
v 0.092285 -0.149414 -0.027832
v -0.151367 0.172852 0.032959
v -0.010803 0.445312 -0.067383
v 0.020386 0.427734 0.081543
v -0.208984 0.056885 0.026245
v -0.201172 0.062500 0.041260
v -0.208008 0.060303 0.027466
v 0.006470 0.357422 0.067383
v 0.007507 0.357422 0.067383
v 0.023560 0.398438 0.063477
v -0.024902 -0.001083 0.068848
v -0.246094 0.019043 0.093262
v 0.011475 0.371094 0.065918
v 0.057129 -0.460938 -0.047607
v -0.004486 0.153320 0.098633
v 0.044922 0.396484 0.012329
v 0.151367 -0.234375 0.031128
v 0.022705 0.367188 -0.000576
v 0.035156 0.396484 0.047363
v 0.134766 -0.228516 -0.067871
v 0.162109 0.170898 0.024292
v -0.269531 -0.006653 0.088867
v 0.083496 0.202148 0.068359
v -0.095703 -0.343750 -0.046631
v -0.071289 -0.343750 -0.055664
v -0.106934 -0.343750 -0.024902
v -0.218750 0.089355 0.058594
v 0.100098 0.041504 0.060303
v 0.082520 0.093750 0.056152
v -0.097656 -0.347656 -0.000546
v -0.001305 0.183594 0.094238
v -0.129883 0.232422 -0.017090
v 0.066895 0.110352 0.001541
v 0.075684 0.123535 0.008179
v 0.040283 0.324219 -0.013184
v -0.190430 0.138672 0.018066
v -0.015625 0.396484 0.064941
v 0.060547 -0.439453 0.008789
v 0.025391 0.474609 -0.043457
v 0.097168 -0.386719 -0.000820
v -0.157227 0.203125 0.024780
v -0.032959 0.378906 0.048584
v 0.249023 0.014465 0.101074
v 0.002686 0.371094 0.075684
v 0.006042 0.390625 0.064453
v 0.111816 -0.300781 0.055908
v -0.065918 0.200195 -0.056885
v 0.074707 0.218750 0.075684
v -0.228516 0.036377 0.087891
v -0.230469 0.029907 0.084473
v -0.008972 0.482422 -0.089355
v 0.008850 0.192383 0.101562
v 0.015869 0.190430 0.100586
v 0.005951 0.214844 0.096191
v -0.001686 0.212891 0.098145
v -0.001534 0.443359 0.066895
v 0.079590 0.125977 0.027588
v -0.015869 0.237305 0.091797
v 0.010864 0.458984 -0.016602
v -0.198242 0.135742 -0.000099
v 0.017212 0.248047 0.095215
v 0.166992 0.121094 0.028687
v -0.131836 -0.298828 0.063965
v 0.019043 0.449219 0.064453
v 0.032715 0.455078 0.058594
v 0.025513 0.472656 -0.045410
v 0.048828 0.046387 -0.068848
v -0.072266 -0.458984 0.041748
v 0.021240 0.392578 0.061523
v -0.046387 0.398438 0.014343
v -0.012512 0.392578 0.063965
v -0.001106 0.116211 -0.036377
v -0.229492 0.093750 0.054688
v 0.166016 0.190430 0.009216
v 0.004456 0.357422 0.069336
v -0.070312 -0.302734 -0.066406
v -0.037354 -0.269531 -0.052490
v 0.100586 -0.302734 -0.069336
v -0.006348 0.133789 0.092285
v 0.005493 0.099609 0.089844
v 0.101562 -0.410156 -0.025269
v -0.169922 0.093262 0.005035
v 0.034180 0.202148 0.072754
v 0.128906 0.232422 -0.016113
v -0.091309 0.205078 -0.045654
v 0.004700 0.451172 0.061279
v 0.087891 0.081543 0.030640
v -0.073474 -0.346756 -0.022895
v 0.078776 0.089355 -0.010234
v 0.009015 0.158381 0.094175
v 0.073790 -0.346161 -0.023111
v -0.006322 0.115777 0.087460
v 0.180983 0.123706 0.008095
v -0.227306 0.063597 0.046284
v 0.016841 0.173829 0.092265
v -0.000037 0.450727 -0.025141
v -0.002096 0.454249 0.062330
v 0.209724 -0.138675 0.027671
v 0.225484 0.066309 0.044490
v -0.006877 0.457031 0.063639
v -0.179869 0.124210 0.010280
vn -0.1924 -0.9246 -0.3287
vn 0.3812 -0.9245 0.0009
vn -0.2654 -0.9572 -0.1154
vn 0.1375 -0.3808 -0.9144
vn 0.4465 -0.7433 -0.4982
vn -0.5831 0.0419 -0.8113
vn 0.1003 0.0206 -0.9947
vn 0.0922 0.6571 -0.7481
vn 0.7179 0.6299 0.2965
vn 0.5421 0.2224 -0.8103
vn -0.1143 0.7751 0.6214
vn 0.0241 0.5851 0.8106
vn -0.1127 0.5108 -0.8523
vn -0.5780 -0.6602 -0.4796
vn -0.6732 -0.7150 -0.1889
vn -0.3673 -0.6479 -0.6673
vn -0.5137 -0.7782 -0.3612
vn 0.1306 -0.3168 -0.9395
vn -0.5095 -0.0672 0.8578
vn -0.3786 -0.0253 0.9252
vn -0.5381 -0.1239 0.8337
vn -0.5907 -0.0740 0.8035
vn -0.5615 0.0942 0.8221
vn -0.6682 -0.2328 0.7066
vn -0.6317 -0.2406 0.7370
vn -0.3589 0.1864 0.9146
vn -0.6691 0.2547 0.6982
vn -0.4107 0.0800 0.9083
vn -0.2686 0.1250 0.9551
vn -0.1786 0.1746 0.9683
vn 0.7030 -0.4528 0.5485
vn 0.9396 -0.0633 0.3363
vn 0.4188 -0.5916 0.6890
vn 0.6504 -0.3807 0.6573
vn 0.9551 -0.2419 -0.1710
vn 0.9033 0.0995 -0.4173
vn 0.2386 -0.5116 0.8254
vn 0.6035 0.1122 0.7894
vn 0.6310 0.0785 0.7718
vn 0.4658 0.0632 0.8826
vn -0.3562 0.0829 0.9307
vn 0.2194 0.0858 0.9718
vn 0.1121 0.1026 0.9884
vn 0.2614 -0.9599 -0.1011
vn -0.0095 -0.9999 0.0079
vn 0.1696 -0.8309 -0.5299
vn 0.2146 -0.9397 0.2663
vn 0.2060 -0.9366 0.2834
vn -0.2834 -0.9584 -0.0334
vn 0.1285 -0.9066 -0.4020
vn -0.7558 0.1085 0.6458
vn -0.8871 0.2731 0.3721
vn -0.8939 -0.2243 -0.3881
vn -0.1891 -0.9114 -0.3655
vn 0.0469 0.2437 0.9687
vn 0.0356 -0.1522 0.9877
vn 0.9575 -0.2031 0.2047
vn 0.9214 -0.3578 0.1514
vn 0.9112 -0.1974 0.3617
vn 0.9392 -0.2927 0.1793
vn 0.9561 -0.1083 0.2723
vn 0.9358 -0.1519 0.3182
vn 0.9156 -0.2875 0.2811
vn 0.0146 0.0262 0.9996
vn 0.1492 0.0748 0.9860
vn 0.4091 -0.0192 0.9123
vn 0.6132 -0.0053 0.7899
vn -0.0021 -0.1893 -0.9819
vn -0.0023 -0.3823 -0.9240
vn -0.1248 -0.3433 -0.9309
vn -0.0009 -0.1544 -0.9880
vn 0.1184 -0.3559 -0.9270
vn -0.0201 -0.1559 -0.9876
vn -0.0801 0.0651 -0.9947
vn 0.8040 0.0705 -0.5904
vn 0.0399 0.3088 -0.9503
vn -0.7017 0.0624 -0.7097
vn 0.0849 0.0245 -0.9961
vn -0.7015 0.2545 -0.6656
vn -0.7463 0.1079 -0.6568
vn 0.7473 -0.0492 -0.6626
vn 0.3774 0.5433 0.7499
vn 0.4182 0.4573 0.7848
vn 0.4034 0.6614 0.6323
vn 0.0180 0.7032 0.7107
vn -0.2608 0.6552 0.7090
vn 0.4619 0.2332 0.8557
vn 0.3013 0.1923 -0.9339
vn 0.0515 0.3447 -0.9373
vn -0.0017 0.6181 -0.7861
vn 0.3724 0.3142 -0.8733
vn 0.4503 0.5057 -0.7359
vn -0.0675 0.9947 0.0780
vn -0.6595 -0.2716 0.7010
vn -0.9274 -0.2062 0.3122
vn -0.5826 -0.1525 0.7983
vn -0.9112 -0.1723 0.3742
vn -0.8204 -0.0796 0.5662
vn -0.8257 0.3542 0.4391
vn -0.4152 0.5952 0.6881
vn -0.3245 0.3698 0.8706
vn -0.4960 0.4886 0.7178
vn -0.8434 0.4898 0.2210
vn -0.9256 0.3241 0.1954
vn -0.9818 0.0802 -0.1719
vn -0.3111 0.4081 0.8583
vn 0.2568 0.5075 0.8225
vn -0.0128 0.6742 0.7384
vn -0.5161 0.2960 0.8038
vn -0.0058 0.3010 0.9536
vn 0.8442 0.0174 -0.5358
vn 0.7554 0.1251 -0.6432
vn 0.7000 0.0695 -0.7108
vn 0.7808 0.1168 -0.6138
vn 0.8346 0.0824 -0.5447
vn 0.8384 0.0906 -0.5375
vn -0.0901 0.8523 0.5152
vn -0.5361 0.3909 0.7482
vn -0.2999 0.8772 0.3749
vn 0.2521 0.9676 -0.0155
vn 0.4254 0.9037 -0.0487
vn 0.5103 -0.6923 0.5103
vn -0.3085 0.6105 0.7294
vn -0.1040 0.1116 0.9883
vn 0.1132 0.0948 0.9890
vn -0.1038 0.0627 0.9926
vn 0.4156 0.0866 0.9054
vn -0.0639 0.1108 0.9918
vn -0.2109 0.1075 0.9716
vn 0.6484 0.1007 0.7546
vn -0.6025 0.1409 0.7856
vn 0.8273 0.5591 -0.0536
vn 0.7868 0.5764 -0.2206
vn 0.7169 0.5830 0.3822
vn 0.8650 0.4836 -0.1334
vn 0.7165 0.3272 -0.6161
vn -0.6980 -0.7128 -0.0690
vn -0.5904 -0.8069 0.0192
vn -0.8002 -0.5863 -0.1262
vn -0.5193 -0.8544 0.0176
vn -0.6890 -0.7163 -0.1102
vn -0.8620 0.2198 0.4567
vn -0.9134 -0.0061 0.4071
vn -0.8166 -0.4211 0.3947
vn -0.8959 -0.2958 -0.3315
vn -0.9162 -0.3309 0.2262
vn -0.9337 -0.3371 0.1206
vn -0.8560 -0.2049 -0.4746
vn -0.8834 -0.0053 0.4686
vn -0.2008 0.0027 0.9796
vn -0.9927 0.0272 -0.1178
vn -0.3139 0.0231 0.9492
vn -0.9543 0.0207 0.2981
vn -0.5083 0.0731 0.8581
vn -0.9978 0.0631 -0.0217
vn -0.8130 0.1228 0.5692
vn 0.3108 0.2155 -0.9257
vn 0.3071 0.1777 -0.9350
vn 0.1123 0.1233 -0.9860
vn 0.2876 0.2280 -0.9302
vn 0.3451 0.1549 -0.9257
vn 0.1451 0.2329 -0.9616
vn 0.3715 0.2410 -0.8966
vn 0.1825 0.3938 0.9009
vn -0.7829 -0.2217 0.5813
vn -0.9358 -0.1433 0.3222
vn 0.2168 0.2907 0.9319
vn 0.8957 0.2664 0.3561
vn 0.6440 0.1210 0.7554
vn 0.9270 0.3390 0.1605
vn -0.8374 -0.4999 0.2208
vn -0.6145 0.0373 0.7881
vn -0.9383 -0.0604 0.3404
vn -0.8651 -0.4538 -0.2136
vn -0.6501 -0.7542 -0.0925
vn -0.8704 0.2050 -0.4476
vn -0.7660 0.1538 -0.6242
vn -0.8551 0.1274 -0.5025
vn -0.9841 0.1433 -0.1045
vn -0.9749 0.2099 0.0746
vn -0.7609 0.2622 -0.5936
vn -0.8917 0.2944 -0.3438
vn -0.9396 0.3261 -0.1036
vn 0.3339 -0.2982 0.8942
vn 0.5316 -0.0051 0.8470
vn 0.6489 -0.0490 0.7593
vn 0.5302 -0.0191 0.8476
vn 0.2626 -0.0282 0.9645
vn 0.1662 -0.2926 0.9417
vn -0.9552 -0.2919 0.0494
vn -0.9666 -0.1336 -0.2185
vn -0.9545 -0.1935 0.2269
vn -0.8302 -0.2679 -0.4889
vn -0.6413 -0.1644 0.7494
vn -0.6412 0.2965 0.7078
vn -0.9944 -0.0257 0.1026
vn -0.5126 -0.5517 0.6579
vn -0.5314 -0.7271 0.4347
vn 0.3375 0.2003 0.9198
vn -0.1409 0.5992 0.7881
vn -0.7797 -0.3114 0.5433
vn -0.5622 -0.7088 0.4260
vn -0.5666 -0.2970 -0.7686
vn -0.5235 -0.2965 -0.7988
vn -0.9933 -0.0593 0.0994
vn -0.9532 0.0896 0.2887
vn -0.7153 -0.1429 -0.6840
vn 0.6824 -0.4196 -0.5986
vn 0.8875 -0.1818 -0.4235
vn 0.5089 -0.3029 -0.8057
vn 0.0074 -0.6942 -0.7198
vn -0.3828 -0.7133 -0.5871
vn -0.3687 -0.4337 -0.8222
vn 0.0165 -0.3976 -0.9174
vn 0.3514 -0.4158 -0.8388
vn 0.3678 -0.7007 -0.6113
vn -0.0172 -0.7145 -0.6994
vn 0.0922 0.3076 0.9470
vn -0.1789 -0.6916 0.6997
vn 0.5244 -0.3548 0.7740
vn 0.4958 0.6496 0.5763
vn 0.1031 0.6523 0.7509
vn -0.2667 0.5575 0.7861
vn 0.8519 -0.4447 0.2768
vn 0.4447 -0.2276 0.8663
vn 0.7613 -0.5018 0.4107
vn 0.8716 -0.4871 -0.0553
vn 0.8125 -0.5821 -0.0311
vn 0.7609 -0.3973 0.5130
vn -0.3702 0.0655 -0.9266
vn 0.5190 0.0146 -0.8546
vn -0.3647 0.0690 -0.9286
vn -0.8914 0.1153 -0.4384
vn -0.8049 0.0889 -0.5868
vn 0.3834 0.0374 -0.9228
vn -0.0544 -0.9057 -0.4204
vn -0.0906 -0.9841 -0.1528
vn 0.6451 0.5302 0.5501
vn -0.0431 -0.7805 -0.6236
vn -0.1857 -0.8700 -0.4568
vn 0.9509 0.2737 -0.1446
vn 0.8034 0.5315 -0.2686
vn 0.9592 0.2694 0.0862
vn 0.7350 0.3278 -0.5936
vn 0.9083 0.3899 0.1517
vn 0.8852 0.3320 -0.3259
vn 0.7246 0.2208 -0.6529
vn -0.5850 0.2438 0.7735
vn -0.8341 -0.0305 0.5508
vn -0.5679 -0.1877 0.8014
vn -0.7765 0.3347 0.5339
vn 0.0681 -0.1405 0.9877
vn -0.3626 0.4276 0.8280
vn -0.7178 0.2149 -0.6623
vn -0.7076 0.1834 -0.6824
vn -0.9989 -0.0051 0.0475
vn -0.7731 -0.1362 -0.6195
vn 0.0877 0.1210 -0.9888
vn 0.2286 0.1485 0.9621
vn -0.0044 -0.1875 0.9822
vn 0.0374 -0.1200 0.9921
vn 0.2736 -0.2139 0.9378
vn 0.4112 -0.1895 0.8916
vn 0.2080 -0.2551 0.9443
vn 0.3180 -0.1497 0.9362
vn 0.2684 0.2428 0.9322
vn 0.3013 -0.0220 0.9533
vn 0.7801 -0.2138 -0.5881
vn -0.2509 0.7457 -0.6172
vn 0.9870 0.1457 -0.0674
vn 0.0164 0.4058 -0.9138
vn 0.9877 0.1407 -0.0687
vn 0.1917 -0.6849 -0.7030
vn 0.8992 0.1693 -0.4034
vn 0.4254 -0.3139 -0.8488
vn -0.5151 -0.0822 0.8532
vn -0.4492 -0.3022 0.8408
vn -0.6359 -0.2540 0.7288
vn -0.6632 0.0187 0.7482
vn -0.0936 0.1586 0.9829
vn -0.3588 0.1994 0.9118
vn -0.2195 0.0929 0.9712
vn 0.0863 0.1490 0.9851
vn 0.0187 0.9994 -0.0306
vn 0.0097 -0.0288 0.9995
vn -0.4305 0.4466 0.7844
vn -0.4151 0.0620 0.9077
vn -0.2373 -0.0043 0.9714
vn 0.9518 -0.2878 0.1060
vn 0.9008 -0.3704 0.2268
vn 0.8794 -0.4356 0.1922
vn 0.9956 0.0418 0.0838
vn 0.9096 -0.3966 0.1241
vn 0.9535 -0.3014 -0.0062
vn 0.9913 0.0787 -0.1055
vn -0.7249 -0.1717 0.6671
vn -0.9862 -0.1652 0.0100
vn -0.6531 -0.1692 0.7381
vn -0.0561 -0.1082 0.9925
vn -0.9918 -0.1150 0.0553
vn -0.6550 -0.1102 0.7475
vn -0.5682 0.5509 -0.6113
vn -0.4504 0.2548 -0.8557
vn -0.5372 0.4203 -0.7313
vn -0.6825 0.6188 -0.3890
vn -0.6651 0.7042 -0.2486
vn -0.6250 -0.4288 -0.6523
vn 0.9888 -0.1258 0.0804
vn 0.9601 0.2126 0.1816
vn 0.9163 0.1545 -0.3695
vn 0.8777 -0.4198 0.2313
vn 0.8732 -0.0659 0.4828
vn 0.9346 -0.2772 -0.2229
vn -0.5039 0.6419 -0.5780
vn -0.5618 0.7368 -0.3761
vn -0.5080 0.6390 -0.5776
vn 0.3038 0.4070 0.8614
vn -0.2463 0.9247 -0.2904
vn -0.3743 0.2460 0.8941
vn -0.4630 0.6720 -0.5780
vn 0.0881 0.5442 -0.8343
vn -0.3119 0.2824 -0.9072
vn -0.5257 0.8504 -0.0208
vn 0.1498 0.9163 -0.3715
vn -0.8206 0.2340 -0.5214
vn -0.9614 0.2716 -0.0446
vn -0.7479 0.2178 0.6271
vn -0.9152 0.3773 0.1416
vn -0.8837 0.2416 0.4009
vn 0.4363 -0.1744 0.8827
vn 0.7600 -0.0570 0.6474
vn 0.5946 -0.1992 0.7789
vn 0.5157 -0.2376 0.8232
vn 0.5132 -0.1894 0.8371
vn -0.0277 -0.4313 -0.9018
vn -0.7373 -0.1614 -0.6560
vn -0.0560 -0.0492 -0.9972
vn -0.6729 -0.5783 -0.4613
vn 0.6903 -0.1257 -0.7126
vn 0.6492 -0.5642 -0.5102
vn 0.0931 -0.6844 -0.7231
vn 0.0524 -0.6405 -0.7662
vn 0.1341 -0.5735 -0.8081
vn 0.1347 -0.6502 -0.7478
vn 0.1085 -0.5605 -0.8210
vn 0.0871 -0.6214 -0.7787
vn 0.2079 -0.8831 -0.4207
vn -0.6256 -0.5628 -0.5403
vn 0.5770 -0.8097 -0.1076
vn 0.7683 -0.6382 -0.0494
vn -0.7490 0.1864 -0.6358
vn -0.7119 -0.0316 -0.7015
vn 0.0750 -0.7340 -0.6750
vn -0.3359 0.1841 0.9237
vn -0.7195 0.2782 0.6363
vn -0.4628 -0.1651 0.8710
vn 0.0159 -0.1189 0.9928
vn -0.2518 0.6935 0.6751
vn 0.0000 0.4215 0.9068
vn -0.1220 0.0655 -0.9904
vn -0.1254 0.0587 -0.9904
vn -0.1507 0.1318 -0.9798
vn 0.1507 -0.1318 0.9798
vn -0.1945 -0.5289 0.8261
vn -0.4865 -0.4666 0.7387
vn -0.0446 -0.4729 0.8800
vn -0.1584 0.4652 0.8709
vn -0.2872 -0.4169 0.8623
vn -0.0736 -0.4828 0.8727
vn -0.1053 0.3729 0.9219
vn 0.7582 0.0000 0.6520
vn 0.6466 -0.0742 0.7592
vn -0.2788 0.2127 0.9365
vn -0.9110 0.2202 0.3485
vn -0.7174 0.6144 0.3284
vn -0.1171 0.8276 0.5489
vn 0.6777 0.5066 0.5330
vn 0.3062 -0.0602 -0.9501
vn 0.2430 0.0524 -0.9686
vn 0.2959 -0.0515 -0.9538
vn 0.3347 -0.1016 -0.9368
vn 0.1757 -0.1023 -0.9791
vn 0.0361 -0.0150 -0.9992
vn -0.4599 -0.2861 0.8406
vn -0.0757 -0.0680 0.9948
vn -0.5139 -0.3061 0.8014
vn -0.1050 -0.2941 0.9500
vn -0.9091 -0.0380 0.4148
vn -0.9867 0.0857 0.1381
vn -0.8705 0.1962 0.4513
vn -0.5862 -0.7741 0.2391
vn -0.9580 -0.1463 0.2465
vn -0.9269 -0.1948 0.3208
vn -0.9206 -0.3403 0.1917
vn -0.9092 0.0906 -0.4064
vn -0.8043 0.0464 -0.5924
vn -0.8707 0.3475 0.3480
vn -0.9583 -0.0179 -0.2851
vn 0.2620 -0.5141 -0.8167
vn -0.0054 0.7890 -0.6144
vn -0.1637 0.8084 -0.5654
vn -0.1040 0.8594 -0.5006
vn -0.0229 0.7808 -0.6244
vn -0.0584 0.5775 -0.8143
vn 0.0821 0.8022 -0.5913
vn -0.0391 0.8159 -0.5769
vn 0.1801 0.8820 -0.4355
vn 0.0314 0.6726 -0.7393
vn 0.0094 0.9066 -0.4218
vn -0.0178 0.7920 -0.6103
vn 0.7874 -0.2030 0.5820
vn 0.9952 0.0065 -0.0975
vn 0.7987 -0.1217 0.5893
vn 0.7647 -0.2131 0.6081
vn 0.9996 0.0161 -0.0230
vn 0.0247 -0.2889 0.9570
vn 0.0737 -0.3531 0.9327
vn -0.2432 0.1481 -0.9586
vn -0.1809 0.2454 -0.9524
vn -0.2907 0.2305 -0.9286
vn -0.1613 0.1360 -0.9775
vn -0.2553 0.1513 -0.9549
vn -0.1767 0.1560 -0.9718
vn -0.3219 0.1815 -0.9292
vn 0.9713 -0.0583 0.2305
vn 0.9707 -0.0173 0.2395
vn 0.9986 0.0527 0.0003
vn 0.9564 -0.2129 0.2001
vn 0.9566 0.0225 0.2906
vn 0.9867 0.0061 0.1627
vn 0.8178 0.2773 0.5043
vn 0.8755 0.4495 0.1774
vn 0.6369 0.0720 0.7676
vn 0.3025 -0.2561 0.9181
vn 0.6814 0.2018 0.7036
vn 0.8646 0.1755 -0.4708
vn 0.9727 0.2300 -0.0308
vn 0.9868 0.1617 -0.0043
vn 0.7941 0.3468 -0.4992
vn 0.5935 0.0443 -0.8036
vn 0.5396 0.2146 -0.8141
vn 0.8724 0.0904 -0.4804
vn -0.5647 -0.0084 0.8253
vn -0.6432 -0.2261 0.7316
vn -0.3820 0.0591 0.9223
vn -0.7493 -0.0048 0.6622
vn -0.7830 -0.2558 0.5669
vn -0.3212 0.0633 0.9449
vn -0.4691 -0.1385 0.8722
vn -0.5655 0.1490 -0.8112
vn -0.7421 0.1320 -0.6572
vn -0.4517 0.1129 -0.8850
vn -0.6772 0.0687 -0.7325
vn -0.8342 0.0965 -0.5430
vn -0.1830 0.0996 -0.9781
vn 0.0951 0.1323 -0.9866
vn -0.8724 0.2007 -0.4457
vn -0.8816 0.1006 -0.4612
vn 0.7693 -0.3763 0.5163
vn 0.6322 -0.1051 0.7677
vn 0.7911 -0.2392 0.5630
vn 0.7620 -0.3295 0.5575
vn 0.6830 -0.3715 0.6288
vn 0.8115 -0.4833 0.3285
vn 0.7974 -0.4297 0.4237
vn 0.7838 0.5099 0.3544
vn 0.8461 0.2900 0.4472
vn 0.5349 0.3380 0.7744
vn 0.2886 0.5393 0.7911
vn 0.4229 0.7165 0.5548
vn 0.7969 0.6014 0.0581
vn -0.0676 -0.3024 0.9508
vn 0.2251 -0.4852 0.8449
vn 0.0813 -0.2794 0.9567
vn 0.0238 -0.1203 0.9924
vn -0.1027 -0.3070 0.9462
vn -0.2864 -0.3749 0.8817
vn -0.0192 0.0394 0.9990
vn -0.6626 0.0894 0.7436
vn -0.9284 0.1485 0.3405
vn 0.3933 -0.0464 -0.9182
vn 0.7736 -0.2033 -0.6002
vn 0.9149 -0.4019 -0.0392
vn 0.3980 0.0726 -0.9145
vn 0.4615 -0.1454 -0.8752
vn 0.3553 0.0330 0.9342
vn -0.5046 0.0393 0.8625
vn 0.3942 0.0517 0.9175
vn 0.9111 0.0403 0.4103
vn -0.7963 0.5654 -0.2150
vn -0.5807 0.2664 -0.7693
vn -0.7299 0.2962 -0.6161
vn -0.7266 0.5734 0.3786
vn -0.8643 0.4195 0.2775
vn -0.8075 0.5471 -0.2204
vn -0.7296 0.2678 -0.6292
vn -0.8332 0.5529 -0.0064
vn -0.4865 0.0557 0.8719
vn -0.1290 0.0065 0.9916
vn -0.9183 0.0707 0.3895
vn 0.3219 -0.3044 -0.8965
vn 0.4488 -0.4682 -0.7612
vn 0.5492 -0.4263 -0.7188
vn -0.9581 -0.2205 0.1830
vn -0.6723 -0.3504 -0.6521
vn -0.9339 -0.0336 0.3558
vn -0.3526 0.2378 0.9051
vn -0.8421 -0.4161 0.3432
vn -0.1230 0.2602 0.9577
vn -0.4380 -0.4870 -0.7557
vn -0.1512 -0.3635 0.9192
vn 0.1697 0.9428 0.2868
vn 0.2737 0.9470 0.1681
vn -0.3138 0.6298 0.7106
vn -0.1478 0.9399 0.3078
vn 0.0675 -0.9040 0.4222
vn -0.2100 -0.6988 0.6838
vn -0.4978 -0.5839 0.6413
vn 0.1487 -0.9086 0.3904
vn -0.2468 0.8515 0.4627
vn 0.1092 -0.4140 0.9037
vn -0.3440 -0.8357 0.4281
vn -0.2552 -0.9118 0.3217
vn 0.1674 0.1070 -0.9801
vn 0.1426 0.0650 -0.9876
vn 0.1591 -0.0155 -0.9871
vn 0.0701 0.1262 -0.9895
vn 0.0595 0.0935 -0.9938
vn 0.8238 0.2107 0.5263
vn 0.7044 0.6854 0.1848
vn 0.6359 0.4308 0.6403
vn 0.6322 -0.0143 0.7746
vn 0.9068 0.4027 0.1250
vn 0.8606 -0.1617 0.4830
vn 0.8080 0.0506 -0.5871
vn 0.3621 -0.3804 -0.8510
vn 0.2054 -0.2227 -0.9530
vn 0.7280 0.0464 -0.6840
vn 0.9922 0.1248 0.0003
vn 0.9976 0.0690 0.0022
vn -0.5951 -0.5334 0.6011
vn -0.6119 -0.3283 0.7196
vn -0.6288 -0.3486 0.6951
vn -0.6321 -0.2927 0.7174
vn 0.5595 -0.6623 0.4983
vn -0.2880 0.2397 0.9271
vn 0.8821 0.0639 0.4668
vn 0.6706 -0.5835 0.4581
vn -0.4857 0.2546 0.8362
vn 0.7883 -0.2737 -0.5511
vn 0.7438 -0.1548 -0.6502
vn -0.2667 0.2006 0.9427
vn 0.8350 0.1307 0.5345
vn 0.7014 -0.5467 0.4573
vn 0.9037 -0.2141 0.3709
vn 0.8440 -0.1803 0.5052
vn 0.6677 -0.0234 0.7440
vn 0.6505 -0.1087 0.7516
vn 0.4849 -0.7289 0.4834
vn 0.5347 -0.5639 0.6294
vn 0.6986 -0.1635 -0.6965
vn 0.9736 -0.2273 0.0189
vn 0.9880 -0.1527 0.0240
vn 0.7141 -0.2366 -0.6588
vn -0.0925 -0.1085 -0.9898
vn -0.0870 -0.1948 -0.9770
vn 0.7743 -0.0582 -0.6301
vn 0.7971 0.2722 -0.5390
vn 0.9255 0.2427 -0.2909
vn 0.8006 0.4228 -0.4245
vn 0.9168 0.0949 -0.3880
vn 0.6873 0.4007 -0.6058
vn -0.2521 0.0508 0.9664
vn 0.7849 -0.0029 0.6196
vn -0.3463 0.0773 0.9349
vn 0.7480 -0.0096 0.6636
vn 0.7829 -0.0034 0.6221
vn -0.6680 0.0676 0.7411
vn -0.6590 0.0537 0.7502
vn -0.3027 0.0336 0.9525
vn 0.5857 0.7109 0.3892
vn 0.6322 0.7686 0.0982
vn 0.3336 0.8749 0.3512
vn -0.4237 0.7483 0.5104
vn 0.4093 0.8493 0.3335
vn 0.4225 -0.0927 -0.9016
vn 0.7013 0.0104 -0.7128
vn 0.8300 -0.1402 0.5398
vn 0.1186 -0.5678 -0.8146
vn -0.9526 0.0869 -0.2916
vn -0.9939 0.1090 -0.0190
vn -0.8256 0.4251 -0.3712
vn -0.8580 0.1429 -0.4934
vn -0.9646 -0.2589 -0.0501
vn -0.7099 0.0917 -0.6984
vn -0.8795 0.1268 -0.4587
vn -0.6930 0.0653 -0.7180
vn -0.8559 0.0958 -0.5082
vn -0.8943 0.1358 -0.4264
vn -0.4510 0.1817 0.8738
vn -0.8622 -0.0217 0.5061
vn -0.5269 -0.0482 0.8486
vn 0.5402 0.0454 0.8403
vn -0.4723 0.5534 0.6861
vn -0.8459 0.4492 0.2874
vn -0.4509 -0.8469 -0.2818
vn -0.0462 -0.7051 -0.7076
vn -0.5705 -0.8204 -0.0386
vn -0.9314 -0.0994 -0.3502
vn -0.0724 -0.6881 -0.7220
vn -0.7508 -0.5559 0.3568
vn 0.1120 0.4304 0.8957
vn -0.2241 -0.2822 0.9328
vn -0.4488 0.0024 0.8936
vn -0.3658 -0.0277 0.9303
vn -0.4720 0.0149 0.8815
vn -0.1173 0.0732 0.9904
vn -0.3502 0.0220 0.9364
vn 0.8580 -0.3655 0.3610
vn 0.7252 0.3124 0.6136
vn 0.8803 0.1339 0.4551
vn -0.0609 -0.5276 -0.8473
vn 0.9078 -0.1092 0.4048
vn -0.1550 -0.8189 -0.5526
vn -0.2309 -0.9729 0.0155
vn -0.9907 0.1180 0.0679
vn -0.9869 0.0046 0.1611
vn 0.2324 -0.9699 -0.0726
vn 0.3840 -0.8966 -0.2205
vn -0.2668 -0.9620 0.0584
vn 0.1930 -0.9794 -0.0590
vn -0.2003 -0.9769 0.0743
vn -0.3417 0.0498 -0.9385
vn -0.1775 0.1234 -0.9764
vn -0.1995 0.0727 -0.9772
vn -0.3739 0.1235 -0.9192
vn -0.3525 0.0540 -0.9342
vn -0.3821 0.1517 -0.9116
vn -0.3623 -0.0148 -0.9320
vn 0.1695 -0.5047 0.8465
vn 0.6686 -0.6171 0.4149
vn 0.6930 -0.0745 0.7171
vn -0.2547 -0.0145 0.9669
vn 0.4456 0.7865 -0.4276
vn 0.6462 0.4608 -0.6083
vn 0.4504 0.5322 -0.7169
vn 0.6564 0.6958 -0.2915
vn 0.6504 0.7332 0.1987
vn 0.4828 0.7628 0.4301
vn 0.9324 -0.2840 0.2234
vn 0.4795 -0.1946 0.8557
vn 0.9203 -0.3762 0.1075
vn 0.5298 -0.4868 -0.6945
vn 0.6490 -0.2528 -0.7176
vn 0.9965 0.0392 0.0734
vn 0.0911 0.2020 0.9751
vn -0.0151 -0.1573 0.9874
vn 0.1254 0.1302 0.9835
vn 0.4161 -0.0130 0.9092
vn -0.0243 0.1469 0.9889
vn -0.2747 0.1780 0.9449
vn -0.4653 -0.1357 0.8747
vn -0.0942 -0.7408 0.6650
vn 0.7812 -0.1447 -0.6072
vn 0.9887 -0.0978 0.1136
vn 0.8251 -0.0599 -0.5618
vn 0.0972 -0.0998 -0.9903
vn 0.1031 -0.1886 -0.9766
vn 0.9836 -0.1803 0.0111
vn 0.7273 -0.2837 -0.6250
vn 0.4627 0.2318 0.8557
vn 0.4268 0.2946 0.8550
vn 0.4779 0.3297 0.8142
vn 0.4460 0.1942 0.8737
vn 0.4193 0.1498 0.8954
vn 0.5441 0.2711 0.7940
vn 0.6842 0.1798 0.7067
vn 0.6223 0.2578 0.7391
vn 0.2294 0.0635 0.9712
vn 0.7086 0.0684 0.7023
vn 0.2016 0.1684 0.9649
vn -0.1310 -0.1310 0.9827
vn -0.2476 -0.1427 0.9583
vn -0.5061 -0.1907 0.8411
vn -0.5114 -0.2052 0.8344
vn -0.4305 -0.3123 -0.8468
vn -0.9027 0.1075 -0.4166
vn -0.7287 -0.3062 -0.6126
vn -0.0330 -0.3627 -0.9313
vn -0.7681 0.2367 -0.5950
vn 0.2455 -0.6304 -0.7365
vn -0.1970 -0.6941 -0.6924
vn -0.2305 0.1863 0.9551
vn 0.2474 0.8642 0.4380
vn 0.6093 -0.1095 0.7854
vn 0.1554 -0.0067 0.9878
vn -0.0685 -0.2035 0.9767
vn 0.4016 0.1493 0.9036
vn 0.9941 -0.1056 0.0260
vn 0.9961 0.0093 -0.0875
vn 0.8196 -0.0938 0.5652
vn 0.7109 -0.1456 0.6880
vn 0.8365 -0.5449 0.0568
vn -0.4407 0.0626 0.8955
vn -0.3205 0.0142 0.9471
vn -0.1891 0.1112 0.9756
vn -0.3676 0.1822 0.9120
vn -0.5721 0.0047 0.8202
vn -0.6160 -0.0879 0.7828
vn 0.0113 -0.0965 0.9953
vn -0.6307 -0.0082 0.7760
vn 0.0017 -0.1075 0.9942
vn 0.5448 -0.3972 0.7386
vn 0.3212 -0.2779 0.9053
vn -0.1949 -0.0349 0.9802
vn -0.7179 0.0503 0.6943
vn 0.6537 -0.1012 0.7499
vn 0.8590 0.4415 -0.2590
vn 0.6772 0.3899 -0.6240
vn 0.7447 0.2935 -0.5994
vn 0.6670 0.7009 -0.2526
vn 0.8932 0.3665 -0.2604
vn 0.9099 0.3670 0.1932
vn 0.6303 0.7399 0.2350
vn 0.4436 -0.0739 0.8932
vn -0.1892 -0.3784 0.9061
vn 0.4879 0.0142 0.8728
vn 0.7328 0.2332 0.6392
vn -0.2591 -0.5593 0.7875
vn -0.6381 0.5158 0.5717
vn -0.8179 0.1906 0.5429
vn -0.5435 0.0550 0.8376
vn -0.3902 0.3097 0.8671
vn -0.3298 0.7765 0.5368
vn -0.3902 0.8942 0.2196
vn -0.7550 0.6160 0.2248
vn -0.1170 0.6555 0.7461
vn -0.4593 0.6830 0.5679
vn -0.1262 0.3102 0.9422
vn -0.1381 0.8999 0.4136
vn 0.2385 0.6131 0.7532
vn 0.8961 0.0234 0.4432
vn 0.6818 0.0353 0.7307
vn 0.6030 0.0883 0.7929
vn 0.8920 0.1010 0.4406
vn 0.8451 -0.0958 0.5260
vn 0.9939 -0.0542 0.0956
vn 0.9508 -0.1566 0.2673
vn -0.8886 -0.1843 -0.4199
vn -0.4867 -0.2717 -0.8303
vn -0.9677 0.1717 0.1848
vn -0.9582 -0.0380 0.2837
vn -0.6556 -0.4317 -0.6195
vn 0.6144 -0.3000 -0.7298
vn -0.6185 -0.6953 -0.3660
vn -0.6386 -0.5224 -0.5650
vn -0.4566 -0.5812 -0.6735
vn 0.6819 -0.3886 0.6196
vn 0.5190 -0.8341 -0.1866
vn 0.9071 -0.2077 -0.3660
vn 0.2032 0.2551 0.9453
vn 0.4178 0.0307 0.9080
vn 0.7901 0.4718 0.3913
vn 0.9199 0.3880 -0.0571
vn 0.6787 -0.5727 0.4597
vn 0.3499 -0.4465 0.8235
vn 0.2873 -0.6508 0.7028
vn 0.1501 -0.6057 0.7814
vn 0.4642 -0.0980 0.8803
vn 0.4618 -0.3656 0.8081
vn -0.1034 -0.7972 0.5948
vn 0.2854 -0.6571 0.6977
vn 0.1239 0.1780 -0.9762
vn 0.3601 0.0892 -0.9287
vn 0.1892 0.1539 -0.9698
vn 0.1043 0.1374 -0.9850
vn 0.0777 0.1215 -0.9895
vn 0.7134 0.1534 -0.6838
vn -0.4809 0.1486 -0.8641
vn 0.0698 0.1255 -0.9896
vn -0.6557 0.7029 0.2757
vn -0.5583 0.6842 0.4692
vn -0.7005 0.7122 0.0462
vn -0.3690 0.5301 0.7634
vn -0.7250 0.6885 -0.0185
vn -0.9813 0.1084 0.1589
vn -0.3259 -0.3000 -0.8966
vn -0.9985 0.0118 0.0537
vn -0.9245 0.1311 0.3578
vn -0.9657 0.1578 -0.2063
vn -0.4886 -0.2103 -0.8468
vn 0.4261 -0.2732 0.8624
vn 0.5462 -0.6942 0.4687
vn 0.4081 -0.7897 0.4580
vn -0.0377 -0.6040 0.7961
vn -0.0817 -0.0724 0.9940
vn 0.3708 0.0524 0.9272
vn -0.1787 -0.1926 -0.9649
vn 0.0444 -0.2747 -0.9605
vn -0.7321 -0.2746 -0.6234
vn -0.7447 -0.2259 -0.6280
vn -0.0093 0.9726 0.2322
vn -0.1662 0.9683 0.1865
vn 0.6181 -0.1925 -0.7622
vn -0.5509 -0.5164 0.6556
vn -0.8418 -0.1821 0.5082
vn -0.3198 -0.1783 0.9306
vn 0.3057 -0.2060 0.9296
vn -0.0044 -0.8320 0.5548
vn -0.9680 -0.1262 0.2171
vn 0.7949 0.0177 0.6064
vn 0.8360 0.5039 0.2171
vn 0.6651 0.6807 -0.3071
vn 0.5937 0.7638 0.2534
vn 0.5518 0.5309 0.6432
vn 0.6557 0.3952 0.6433
vn 0.8982 0.4058 0.1688
vn 0.7898 0.5217 -0.3224
vn 0.4444 0.2813 0.8505
vn -0.1426 0.9871 -0.0722
vn 0.1971 0.5277 0.8262
vn 0.2801 0.0239 0.9597
vn 0.5081 0.1661 0.8451
vn 0.7849 0.3064 0.5386
vn -0.1497 0.9887 0.0020
vn -0.6885 0.2325 0.6869
vn -0.6398 0.7126 0.2878
vn -0.8483 0.5002 0.1736
vn -0.8271 -0.0688 0.5579
vn -0.4623 0.4573 0.7598
vn -0.7002 -0.1734 0.6925
vn -0.5600 0.0565 0.8265
vn -0.0920 0.9770 0.1925
vn -0.4487 0.8870 0.1093
vn -0.3909 0.9204 0.0022
vn 0.2940 0.9206 0.2570
vn 0.3401 0.8818 0.3266
vn -0.0935 0.9488 0.3016
vn -0.1052 0.9910 0.0825
vn -0.7827 -0.5004 -0.3701
vn -0.6220 -0.6477 -0.4401
vn -0.7876 -0.6161 -0.0102
vn -0.8791 -0.4716 -0.0694
vn -0.2052 -0.3131 -0.9273
vn -0.8607 -0.4014 -0.3132
vn -0.6024 -0.2764 -0.7488
vn 0.8347 0.0797 0.5449
vn 0.7398 -0.2756 0.6138
vn 0.8715 -0.4841 -0.0788
vn 0.7260 -0.3336 -0.6014
vn 0.0324 -0.0190 0.9993
vn 0.8301 0.1109 0.5465
vn -0.1993 0.2462 0.9485
vn 0.5626 -0.8101 -0.1649
vn -0.0033 -0.9828 0.1846
vn 0.0225 -0.8982 -0.4390
vn 0.9177 -0.1330 0.3744
vn 0.2483 -0.8101 -0.5310
vn 0.4394 -0.8321 -0.3383
vn 0.6976 -0.7008 -0.1492
vn -0.6306 0.4880 -0.6035
vn -0.4475 0.3683 -0.8149
vn -0.7789 0.3043 -0.5484
vn -0.3160 0.5454 -0.7764
vn -0.8934 0.3873 -0.2278
vn -0.8609 0.3789 -0.3396
vn -0.5677 0.5067 -0.6488
vn 0.7673 -0.1696 0.6184
vn 0.7884 -0.0484 0.6132
vn 0.7348 -0.0119 0.6782
vn 0.8831 -0.1380 0.4484
vn 0.8765 -0.2173 0.4295
vn 0.7597 -0.3788 0.5286
vn 0.7757 0.0281 0.6305
vn 0.7219 -0.3419 0.6016
vn -0.9984 -0.0564 0.0005
vn -0.9817 -0.1531 0.1133
vn -0.7962 -0.0321 -0.6042
vn -0.7441 0.1858 -0.6417
vn -0.7171 -0.1801 0.6733
vn -0.9925 0.0000 0.1222
vn -0.5659 0.0632 0.8221
vn -0.4324 0.3589 0.8272
vn -0.7156 0.1282 0.6867
vn -0.5094 0.0682 0.8578
vn -0.4228 0.0233 0.9059
vn -0.8508 0.1270 -0.5099
vn -0.7379 0.1351 -0.6613
vn -0.9545 0.1470 -0.2597
vn -0.7906 0.1727 -0.5875
vn -0.8692 0.1162 -0.4805
vn -0.8241 0.0603 -0.5632
vn -0.5950 0.1248 -0.7940
vn 0.3412 0.0470 0.9388
vn 0.4829 -0.1578 0.8613
vn 0.5423 -0.4635 0.7008
vn 0.7776 0.4206 0.4674
vn 0.8167 0.5771 -0.0004
vn 0.3728 0.6380 0.6737
vn -0.0245 0.4614 0.8869
vn 0.9798 0.1879 -0.0690
vn 0.3019 -0.0104 0.9533
vn -0.1410 0.1424 0.9797
vn -0.0512 0.2083 0.9767
vn -0.2797 0.2509 0.9267
vn -0.3132 0.2233 0.9231
vn -0.2563 -0.2458 0.9348
vn -0.0091 -0.0112 0.9999
vn -0.0125 -0.2355 0.9718
vn 0.1462 -0.0295 0.9888
vn 0.0016 0.1335 0.9911
vn -0.1159 -0.0486 0.9921
vn 0.6126 -0.4037 0.6795
vn 0.6386 0.1307 -0.7584
vn 0.8582 -0.4247 0.2883
vn -0.2895 0.9234 0.2522
vn -0.2855 0.8843 0.3694
vn 0.1206 0.9905 0.0657
vn 0.1199 0.9721 0.2018
vn -0.6830 0.5582 0.4711
vn -0.3896 0.8572 0.3367
vn -0.7817 0.5009 0.3716
vn 0.8581 -0.4070 -0.3130
vn 0.4482 -0.2539 -0.8571
vn 0.6022 -0.6970 -0.3893
vn 0.7679 -0.5161 -0.3794
vn 0.5892 -0.2815 -0.7574
vn -0.3232 0.6278 0.7081
vn -0.6301 0.3033 0.7148
vn -0.1848 0.5352 0.8242
vn 0.1446 0.6084 0.7804
vn -0.4525 0.6897 0.5653
vn -0.1023 0.4844 0.8689
vn 0.2466 0.6635 0.7063
vn 0.5670 0.5852 0.5797
vn 0.6268 0.7686 0.1279
vn 0.0984 0.9530 0.2866
vn 0.0019 0.6122 0.7907
vn 0.8689 -0.1573 0.4692
vn 0.6505 0.3390 0.6797
vn 0.9499 -0.0837 0.3011
vn 0.3631 -0.0740 0.9288
vn 0.3206 -0.0702 0.9446
vn -0.9419 -0.1584 0.2962
vn 0.6903 -0.5998 0.4046
vn 0.9194 -0.2573 0.2975
vn -0.8768 -0.3401 0.3401
vn 0.0109 0.5690 -0.8223
vn 0.3758 0.5370 -0.7553
vn 0.1647 0.6308 -0.7583
vn -0.3199 0.5423 -0.7770
vn 0.0104 0.4309 -0.9023
vn -0.0309 0.4704 -0.8819
vn -0.2006 0.6152 -0.7624
vn 0.0443 0.9963 0.0734
vn 0.0436 0.9851 -0.1666
vn -0.1285 0.9892 -0.0707
vn 0.1711 0.9696 0.1750
vn 0.2448 0.9633 0.1103
vn 0.0553 0.9563 0.2870
vn 0.2056 0.9782 -0.0277
vn -0.2237 0.9734 0.0489
vn -0.1583 0.9622 0.2216
vn 0.8886 0.4586 0.0096
vn 0.4459 0.0812 0.8914
vn 0.8668 0.4936 0.0706
vn 0.7331 0.4347 0.5230
vn 0.8005 0.5788 -0.1555
vn 0.1324 0.5203 -0.8436
vn 0.0091 0.4876 -0.8730
vn 0.0057 0.6605 -0.7508
vn 0.2128 0.6499 -0.7296
vn 0.4160 0.5030 -0.7576
vn 0.1526 0.2239 -0.9626
vn 0.0125 0.2303 -0.9730
vn -0.9937 -0.0274 0.1088
vn -0.9922 0.0730 0.1009
vn -0.9760 0.1253 -0.1783
vn -0.9887 -0.0351 -0.1455
vn -0.9786 -0.0143 0.2051
vn -0.8063 -0.0839 0.5855
vn -0.5386 -0.5002 0.6780
vn 0.1325 -0.6683 0.7320
vn -0.7721 0.5941 0.2255
vn -0.2998 -0.8015 0.5174
vn 0.2630 -0.2077 0.9422
vn 0.0141 -0.3311 0.9435
vn -0.0007 0.0064 1.0000
vn -0.0049 0.0508 0.9987
vn -0.5940 -0.7413 0.3123
vn -0.3785 0.0000 0.9256
vn -0.3479 -0.5371 0.7684
vn -0.6341 -0.7652 0.1114
vn -0.2548 -0.9374 -0.2375
vn -0.3161 -0.6572 -0.6843
vn -0.8158 -0.5150 -0.2631
vn -0.8717 -0.4200 -0.2524
vn -0.2883 -0.7234 -0.6274
vn -0.3899 -0.3602 -0.8475
vn 0.1822 -0.6949 -0.6957
vn 0.1122 -0.4805 -0.8698
vn -0.5707 0.8205 -0.0336
vn 0.0171 0.9983 0.0549
vn -0.5062 0.3689 -0.7796
vn -0.9710 0.1690 0.1693
vn -0.9277 0.3153 0.2000
vn 0.0539 0.9973 0.0494
vn -0.0111 0.9993 0.0366
vn 0.7314 0.1583 0.6633
vn 0.5573 0.0026 0.8303
vn 0.3081 0.1404 -0.9410
vn 0.4500 0.2262 -0.8639
vn 0.7673 0.0804 -0.6363
vn 0.3635 0.1375 -0.9214
vn -0.4425 0.6583 0.6089
vn -0.4763 0.7314 0.4880
vn -0.3279 0.7370 0.5911
vn -0.4033 0.5790 0.7086
vn -0.4864 0.4135 0.7697
vn -0.2558 0.6558 0.7103
vn -0.3957 0.7270 0.5611
vn -0.4416 0.5465 0.7115
vn -0.4410 0.1419 -0.8862
vn -0.4202 0.1066 -0.9011
vn -0.7658 0.1085 -0.6339
vn 0.8008 -0.3173 0.5080
vn 0.7311 -0.2275 0.6432
vn 0.7097 -0.3247 0.6253
vn 0.7691 -0.3924 0.5046
vn 0.7417 -0.3116 0.5939
vn 0.9319 -0.0377 -0.3608
vn 0.9661 -0.0165 -0.2578
vn 0.9223 -0.0073 -0.3864
vn 0.9641 0.1191 -0.2372
vn 0.8864 0.0382 -0.4613
vn -0.0806 -0.0246 0.9964
vn -0.1173 -0.0141 0.9930
vn -0.1818 -0.0260 0.9830
vn -0.0505 -0.3494 0.9356
vn 0.7103 -0.2924 0.6403
vn -0.0464 -0.2751 0.9603
vn -0.7937 -0.1809 0.5808
vn -0.7847 -0.1910 0.5897
vn -0.0463 -0.3516 0.9350
vn 0.7199 -0.3251 0.6133
vn 0.4347 0.4239 -0.7946
vn 0.0497 0.1160 -0.9920
vn 0.4703 0.4410 -0.7644
vn 0.0411 0.0377 -0.9984
vn 0.5019 0.4017 -0.7660
vn 0.6816 0.6221 -0.3853
vn 0.2713 0.2647 0.9254
vn 0.4449 0.3721 0.8146
vn 0.1852 0.2620 0.9471
vn -0.1398 0.0587 0.9884
vn -0.9274 -0.1824 0.3266
vn -0.9289 -0.3544 0.1074
vn -0.8980 -0.2052 0.3892
vn -0.9167 -0.2166 0.3359
vn -0.9332 -0.3577 -0.0346
vn -0.9168 -0.1326 0.3767
vn -0.9458 -0.2157 0.2427
vn -0.9497 -0.1209 0.2888
vn -0.7405 0.1526 0.6545
vn -0.4332 0.3313 0.8382
vn 0.9041 -0.4238 0.0545
vn -0.8921 0.2057 0.4023
vn -0.9883 0.0820 0.1283
vn -0.7463 -0.1905 -0.6377
vn -0.9813 0.1674 -0.0948
vn 0.0809 0.2367 -0.9682
vn -0.1705 0.3767 -0.9105
vn -0.0963 0.2534 -0.9626
vn -0.0212 0.2375 -0.9712
vn 0.1975 0.1759 -0.9644
vn 0.2828 0.3152 -0.9059
vn 0.0000 0.4472 -0.8944
vn -0.7542 -0.3875 -0.5301
vn -0.5826 -0.7976 -0.1564
vn -0.7668 -0.1137 0.6318
vn -0.9383 0.2862 0.1940
vn -0.8517 0.0850 -0.5172
vn 0.3117 -0.7601 -0.5701
vn -0.7178 0.5927 -0.3653
vn -0.7800 0.5637 0.2717
vn -0.9712 0.1402 0.1925
vn -0.5634 0.7938 -0.2290
vn -0.8771 0.3047 -0.3714
vn -0.4086 0.4469 -0.7958
vn -0.2576 0.5934 -0.7626
vn 0.8051 -0.0938 -0.5856
vn 0.8343 -0.2622 -0.4849
vn 0.1136 -0.1504 -0.9821
vn 0.9935 -0.0298 0.1102
vn 0.9855 -0.0197 0.1686
vn 0.5083 0.7424 0.4364
vn 0.8462 0.4677 -0.2554
vn -0.1837 0.4339 0.8820
vn 0.3363 0.5833 0.7393
vn -0.0172 0.9998 -0.0119
vn -0.4435 0.8077 0.3884
vn -0.6215 -0.7506 -0.2242
vn -0.9393 -0.2389 0.2461
vn -0.5822 -0.0687 0.8102
vn -0.6748 -0.1871 0.7139
vn -0.8543 -0.2148 0.4733
vn -0.8284 0.3275 0.4544
vn -0.9745 0.1187 0.1902
vn -0.6173 -0.7671 0.1749
vn -0.9196 0.1423 -0.3662
vn -0.8956 0.0620 0.4405
vn -0.9385 0.0794 0.3359
vn 0.4195 0.2294 0.8783
vn 0.5583 0.4720 0.6823
vn -0.1680 0.9632 0.2100
vn -0.3463 0.9379 0.0225
vn 0.5290 -0.2309 0.8166
vn 0.1079 0.2900 0.9509
vn 0.2735 -0.4109 0.8697
vn 0.7256 0.1538 -0.6707
vn 0.7254 0.0539 -0.6862
vn -0.4403 0.1739 0.8808
vn -0.0784 0.1452 0.9863
vn -0.1518 0.1952 0.9689
vn -0.4144 0.3021 0.8585
vn -0.5115 0.1860 0.8389
vn 0.7112 -0.0925 0.6969
vn 0.3503 -0.1838 0.9184
vn 0.5055 -0.7956 -0.3338
vn 0.6728 -0.5373 -0.5087
vn 0.7482 -0.0127 0.6633
vn 0.9758 -0.0064 0.2184
vn 0.6633 0.0734 0.7447
vn 0.8324 -0.4212 0.3602
vn 0.9557 -0.1711 0.2396
vn 0.9723 0.1992 0.1224
vn 0.9225 -0.3860 0.0064
vn 0.1480 0.9886 -0.0273
vn 0.0643 -0.2698 0.9608
vn -0.0404 0.9915 -0.1239
vn -0.0044 0.9975 0.0708
vn 0.2269 0.9709 0.0767
vn -0.7040 -0.2471 0.6659
vn -0.4283 0.2893 -0.8561
vn -0.7133 0.6011 -0.3604
vn -0.5705 -0.2824 -0.7712
vn 0.7504 -0.1026 -0.6529
vn -0.5418 -0.4190 -0.7286
vn -0.9993 -0.0240 -0.0303
vn -0.4315 -0.2422 -0.8690
vn -0.9499 -0.1170 0.2899
vn 0.5753 -0.2622 -0.7747
vn 0.0081 0.9094 -0.4159
vn -0.3722 0.5418 -0.7536
vn 0.3256 0.3117 0.8927
vn -0.1200 0.2483 0.9612
vn 0.3872 0.6024 -0.6980
vn -0.3952 0.3960 0.8289
vn 0.7542 0.4115 0.5117
vn 0.1338 0.5914 0.7952
vn 0.8250 0.4017 0.3975
vn 0.9403 -0.3030 -0.1552
vn 0.1905 0.4384 0.8784
vn 0.0055 0.5224 0.8527
vn -0.9263 0.3630 0.1011
vn -0.9907 0.0942 0.0985
vn -0.9605 0.1052 0.2576
vn -0.8400 0.4360 0.3228
vn -0.7173 0.6186 0.3206
vn -0.4169 0.5009 -0.7585
vn -0.5484 0.1900 -0.8143
vn -0.8141 0.3624 -0.4538
vn -0.1165 0.5244 -0.8435
vn -0.1346 0.2270 -0.9645
vn -0.5748 0.5852 -0.5720
vn -0.2109 0.6547 -0.7258
vn 0.6804 -0.2049 0.7036
vn 0.4535 -0.5759 0.6802
vn -0.6762 0.0778 0.7326
vn -0.6298 -0.0408 0.7756
vn -0.9851 -0.0240 0.1706
vn 0.0319 0.2209 0.9748
vn -0.3485 0.0236 0.9370
vn -0.3835 -0.0096 0.9235
vn -0.4110 0.0468 0.9104
vn -0.4063 -0.0400 0.9129
vn -0.3107 -0.1530 0.9381
vn -0.2413 0.0093 0.9704
vn -0.1862 0.0205 0.9823
vn 0.2793 -0.9600 -0.0219
vn 0.2284 -0.2454 0.9421
vn 0.2529 -0.7028 0.6649
vn 0.9694 0.1375 -0.2033
vn 0.9838 0.0226 0.1776
vn 0.9420 0.1600 -0.2949
vn 0.7307 0.1032 -0.6748
vn 0.8725 0.0244 -0.4880
vn 0.4915 0.1858 -0.8508
vn 0.8394 0.1474 -0.5232
vn 0.6542 0.2137 -0.7255
vn -0.0945 -0.8282 0.5523
vn 0.5211 -0.7637 0.3810
vn 0.0242 -0.1004 0.9946
vn -0.4245 -0.1056 0.8992
vn -0.0480 -0.9981 -0.0383
vn -0.4794 -0.7551 0.4473
vn 0.2955 -0.9383 0.1795
vn 0.8828 0.2076 0.4213
vn 0.0408 -0.9607 0.2747
vn -0.1953 -0.9761 0.0955
vn 0.2020 -0.9786 0.0392
vn 0.9644 0.1439 0.2220
vn -0.4716 -0.6751 -0.5674
vn -0.6606 -0.7497 0.0398
vn -0.1548 -0.5080 -0.8473
vn -0.4921 -0.8252 -0.2772
vn -0.0648 -0.3444 -0.9366
vn 0.1906 -0.0356 0.9810
vn -0.0277 -0.1026 0.9943
vn 0.7172 0.0520 0.6950
vn 0.0376 -0.1593 0.9865
vn -0.2114 -0.3921 0.8953
vn -0.4770 0.0168 -0.8788
vn -0.5168 -0.0932 -0.8510
vn -0.8279 -0.3179 -0.4622
vn -0.7967 -0.2264 -0.5604
vn -0.8569 -0.4450 -0.2603
vn -0.8956 0.1085 0.4314
vn 0.4775 -0.3115 -0.8215
vn 0.6493 -0.3190 -0.6904
vn -0.9315 0.1436 0.3342
vn -0.9452 -0.1360 -0.2969
vn 0.2490 -0.6815 -0.6881
vn 0.9230 -0.3739 -0.0907
vn 0.8363 -0.4505 -0.3124
vn 0.4592 -0.7890 0.4081
vn 0.5499 0.8050 0.2228
vn 0.4526 0.8885 0.0760
vn 0.8124 0.5637 -0.1494
vn 0.9010 0.3945 -0.1806
vn 0.7228 0.6465 0.2443
vn 0.1184 0.9465 0.3000
vn 0.1529 0.8649 0.4781
vn -0.0043 0.1024 -0.9947
vn -0.2169 0.0535 -0.9747
vn 0.0179 0.1438 -0.9895
vn -0.0395 0.0817 -0.9959
vn 0.9851 -0.1713 0.0160
vn 0.9929 -0.0984 0.0666
vn 0.8121 0.1919 -0.5511
vn 0.5760 0.2775 0.7689
vn 0.0977 -0.8058 -0.5840
vn 0.5825 -0.2804 0.7629
vn 0.6183 0.5902 0.5190
vn 0.6070 0.3649 0.7059
vn 0.3923 0.2403 0.8879
vn 0.2557 -0.1001 -0.9616
vn 0.2683 0.0238 -0.9630
vn -0.7597 0.3718 0.5335
vn -0.9139 -0.1325 0.3837
vn -0.4877 0.6046 0.6297
vn -0.3174 0.6866 0.6541
vn -0.9801 0.0931 -0.1754
vn -0.8468 0.1271 -0.5165
vn -0.9771 0.1397 -0.1608
vn -0.8917 0.1590 -0.4238
vn -0.3863 0.1350 -0.9124
vn -0.9527 0.1160 -0.2809
vn -0.9456 0.3251 0.0148
vn -0.9786 0.0557 -0.1980
vn -0.9031 0.4213 -0.0826
vn 0.9152 0.0859 -0.3937
vn 0.2306 -0.2247 -0.9468
vn 0.9932 -0.1008 -0.0588
vn 0.8985 0.2037 0.3888
vn 0.9937 0.0880 -0.0697
vn 0.5634 -0.1351 -0.8151
vn -0.8433 0.2778 0.4602
vn -0.6879 0.2226 0.6908
vn -0.8110 0.3593 0.4617
vn -0.8607 0.2750 0.4284
vn -0.8085 0.3035 0.5042
vn -0.8667 0.1131 0.4858
vn -0.4728 -0.6801 0.5602
vn 0.8993 -0.0970 0.4264
vn 0.6360 0.6269 -0.4499
vn 0.0009 0.0442 0.9990
vn 0.3682 0.0568 0.9280
vn 0.3904 0.0043 0.9206
vn -0.1215 0.0518 0.9912
vn -0.3186 0.0218 0.9477
vn 0.1755 0.0623 0.9825
vn -0.8188 0.5586 0.1324
vn -0.9260 0.3405 0.1629
vn -0.7643 0.3960 0.5091
vn -0.8113 0.4781 -0.3364
vn -0.7647 0.5708 -0.2991
vn -0.6535 0.5077 0.5614
vn -0.8148 0.5514 0.1790
vn -0.3359 0.5817 -0.7408
vn -0.0275 0.3285 -0.9441
vn 0.6590 0.5554 -0.5072
vn 0.5197 0.7241 -0.4534
vn -0.6990 0.3399 0.6292
vn -0.4920 0.3313 0.8051
vn -0.6237 0.5662 0.5389
vn -0.7485 0.6557 0.0992
vn 0.9958 -0.0095 -0.0915
vn 0.9955 0.0033 -0.0944
vn 0.7200 0.0493 -0.6922
vn 0.7645 -0.0801 0.6396
vn 0.7252 -0.0627 0.6857
vn 0.6076 -0.2527 0.7529
vn 0.9000 -0.3791 0.2151
vn 0.6790 -0.2598 0.6867
vn -0.1090 -0.0365 0.9934
vn 0.6325 -0.0402 0.7735
vn -0.1621 -0.2334 0.9588
vn -0.0631 -0.2811 0.9576
vn 0.0021 -0.6792 0.7339
vn 0.1559 -0.7574 0.6341
vn 0.4624 0.0931 -0.8818
vn 0.5938 0.4105 -0.6920
vn -0.1814 -0.8249 0.5354
vn -0.0679 -0.6069 0.7919
vn 0.1116 -0.8570 0.5031
vn 0.6112 0.0210 0.7912
vn 0.7852 -0.1116 0.6091
vn 0.8140 0.2368 0.5304
vn 0.2818 0.0181 0.9593
vn 0.2724 -0.3144 0.9094
vn 0.6052 0.4907 0.6269
vn -0.6991 -0.0141 0.7149
vn -0.9121 -0.1652 0.3751
vn -0.7227 0.2358 0.6497
vn -0.6968 -0.2846 0.6584
vn -0.9453 -0.1345 0.2972
vn -0.9355 0.0001 0.3534
vn -0.8418 -0.4108 0.3502
vn -0.5261 0.1173 0.8423
vn -0.3832 0.1222 0.9155
vn -0.3835 0.1025 0.9178
vn -0.5346 0.1308 0.8349
vn -0.5199 0.1023 0.8481
vn 0.2197 0.6749 0.7044
vn 0.4208 0.8099 0.4086
vn 0.4953 0.5467 0.6751
vn 0.3218 0.6535 0.6851
vn 0.2167 0.7581 0.6151
vn 0.9892 0.0769 0.1246
vn 0.8067 -0.1812 -0.5626
vn 0.9845 0.1688 -0.0472
vn 0.9161 0.2773 0.2896
vn -0.2942 -0.9535 0.0657
vn 0.5402 -0.7434 0.3944
vn 0.4394 -0.6976 -0.5659
vn -0.6962 -0.5934 0.4040
vn -0.3902 -0.6507 0.6514
vn -0.0021 -0.7142 0.7000
vn -0.7509 -0.6510 0.1114
vn -0.0992 -0.7296 -0.6767
vn -0.5670 -0.6263 -0.5351
vn -0.7234 0.0655 0.6874
vn 0.8857 0.2123 0.4128
vn 0.9685 0.0978 0.2291
vn 0.5272 -0.0587 0.8477
vn -0.8230 0.0970 -0.5597
vn -0.9991 0.0407 -0.0102
vn 0.0449 0.0799 0.9958
vn -0.3876 0.3684 0.8450
vn -0.1767 0.6367 0.7506
vn 0.3839 -0.4958 0.7790
vn -0.0586 -0.0188 0.9981
vn 0.6085 -0.3261 0.7234
vn 0.3086 0.3476 0.8854
vn -0.9867 -0.1564 0.0439
vn -0.7253 -0.2768 0.6303
vn -0.9702 -0.2406 0.0299
vn -0.6976 -0.1563 -0.6992
vn -0.7929 -0.0978 0.6014
vn -0.7089 -0.4847 0.5123
vn -0.2644 -0.3446 0.9007
vn -0.4302 -0.2409 0.8700
vn -0.7692 -0.2090 0.6038
vn -0.6039 -0.6130 0.5095
vn -0.5912 0.1344 -0.7953
vn -0.3874 0.8861 -0.2546
vn -0.4310 0.3541 -0.8300
vn -0.3525 -0.8128 -0.4638
vn -0.1344 -0.1806 0.9743
vn -0.3028 0.2201 0.9273
vn -0.1333 -0.8045 0.5788
vn 0.1030 -0.7386 0.6662
vn -0.3588 0.1351 0.9236
vn 0.4622 0.3380 0.8198
vn -0.8057 -0.2093 0.5542
vn -0.0722 -0.3927 -0.9168
vn 0.8034 -0.4013 0.4399
vn 0.0701 -0.1169 0.9907
vn 0.0059 -0.1586 0.9873
vn -0.2862 0.3202 -0.9031
vn -0.0363 0.0873 -0.9955
vn -0.4458 0.4328 -0.7836
vn -0.6002 0.5131 -0.6136
vn 0.0259 -0.1035 -0.9943
vn 0.7419 -0.2086 0.6372
vn -0.6869 0.1211 0.7166
vn -0.1462 0.3128 0.9385
vn 0.8849 -0.0951 0.4561
vn 0.1988 -0.9665 -0.1624
vn 0.6543 -0.7437 0.1373
vn 0.3400 -0.2981 0.8919
vn 0.0887 -0.3690 0.9252
vn -0.1230 -0.2770 0.9530
vn 0.5616 -0.3014 0.7705
vn 0.0102 -0.8775 0.4795
vn -0.3797 0.4964 0.7806
vn -0.5162 0.1393 0.8450
vn -0.5809 0.4674 0.6664
vn -0.3750 0.6261 0.6837
vn -0.2214 0.7010 0.6779
vn -0.0850 0.4742 0.8763
vn -0.4257 0.1594 -0.8907
vn -0.5842 0.1635 -0.7950
vn -0.5982 0.1852 -0.7797
vn 0.0154 0.1711 -0.9851
vn 0.0317 0.1529 -0.9877
vn -0.4649 0.2188 -0.8579
vn -0.3719 0.1562 -0.9151
vn 0.8374 -0.4483 0.3128
vn 0.7576 -0.6049 0.2452
vn 0.8636 -0.4771 0.1628
vn 0.8884 -0.3844 0.2508
vn 0.8160 -0.3724 0.4421
vn 0.2751 -0.4036 -0.8726
vn 0.0040 -0.3678 -0.9299
vn 0.0756 -0.4894 -0.8688
vn 0.4805 -0.4709 -0.7399
vn 0.6509 -0.4329 -0.6236
vn 0.4489 0.3213 -0.8338
vn 0.0602 -0.2056 -0.9768
vn -0.9466 0.2009 0.2520
vn -0.5932 -0.1130 0.7971
vn -0.3313 0.0248 0.9432
vn -0.7392 0.3817 0.5549
vn -0.9439 0.2662 -0.1954
vn -0.8468 0.4383 0.3012
vn -0.5417 0.6969 0.4700
vn -0.8497 0.5269 0.0184
vn -0.9252 0.2789 0.2574
vn -0.6686 0.5242 0.5275
vn -0.5568 0.6296 0.5418
vn 0.5289 0.1684 0.8318
vn 0.3816 0.1415 0.9134
vn 0.3062 0.1774 0.9353
vn 0.3577 0.1490 0.9219
vn 0.5959 0.0804 0.7990
vn -0.8308 -0.5477 -0.0987
vn -0.9115 -0.4042 -0.0763
vn -0.8813 -0.4190 -0.2186
vn -0.6846 -0.7182 0.1249
vn -0.8554 -0.4765 0.2030
vn -0.9774 -0.2064 -0.0459
vn -0.8987 -0.3246 0.2951
vn 0.3933 0.1745 -0.9027
vn -0.2659 0.2331 -0.9354
vn 0.7346 0.0870 -0.6729
vn 0.1541 0.1826 -0.9710
vn -0.8432 0.1358 -0.5202
vn 0.3665 0.4494 0.8147
vn 0.5723 0.6818 0.4557
vn 0.5190 0.4290 0.7393
vn 0.3045 0.3463 0.8873
vn 0.3343 0.6001 0.7267
vn 0.9770 0.2095 -0.0390
vn 0.7903 0.3066 -0.5305
vn 0.6205 0.4772 -0.6222
vn 0.6576 0.5828 -0.4774
vn -0.5265 -0.2532 0.8116
vn -0.5501 -0.3619 0.7526
vn -0.5458 -0.3831 0.7452
vn -0.3146 -0.3748 0.8721
vn -0.9987 0.0394 -0.0325
vn -0.9953 0.0077 -0.0963
vn -0.9959 0.0859 0.0271
vn 0.4167 0.2670 0.8690
vn -0.1743 0.9371 -0.3023
vn 0.0150 -0.5200 -0.8540
vn 0.6483 -0.5935 -0.4770
vn -0.4797 -0.3737 0.7938
vn -0.6520 -0.3871 0.6520
vn 0.0000 -0.4878 0.8729
vn -0.2731 -0.6827 0.6777
vn 0.5984 0.0344 0.8005
vn 0.8841 -0.2585 0.3893
vn 0.8428 -0.1962 0.5011
vn 0.5307 -0.0900 0.8428
vn 0.7771 -0.0283 0.6287
vn -0.9671 0.1657 0.1929
vn -0.8819 0.3886 0.2668
vn -0.5425 0.6828 0.4893
vn -0.6927 0.4068 0.5955
vn -0.9537 0.0232 0.2998
vn -0.2667 -0.0432 -0.9628
vn -0.2464 0.0154 -0.9690
vn -0.8896 0.4539 -0.0513
vn -0.9383 0.2694 -0.2166
vn -0.2861 -0.9221 0.2604
vn -0.6950 0.7164 -0.0607
vn -0.7601 0.6408 -0.1083
vn -0.4885 0.8671 0.0975
vn 0.9756 -0.2194 0.0126
vn 0.7608 -0.6476 0.0423
vn 0.8552 -0.4053 -0.3230
vn 0.8421 -0.3556 -0.4055
vn 0.9553 -0.2336 -0.1813
vn -0.6455 -0.2481 -0.7223
vn 0.4492 -0.3252 -0.8321
vn 0.6864 -0.1732 -0.7063
vn -0.8097 -0.0703 -0.5826
vn -0.9758 0.0640 0.2089
vn 0.7564 -0.3437 -0.5565
vn -0.9042 -0.0286 0.4261
vn -0.7755 -0.3899 -0.4966
vn -0.8440 -0.2394 -0.4800
vn -0.9037 -0.1279 -0.4087
vn -0.9987 -0.0195 -0.0468
vn -0.9760 -0.2153 0.0340
vn -0.4359 -0.3554 -0.8269
vn -0.6230 -0.2409 -0.7442
vn -0.2383 0.2503 0.9384
vn -0.6016 0.2695 0.7520
vn -0.1736 0.1766 0.9689
vn -0.7415 0.3759 0.5558
vn 0.0005 0.2208 0.9753
vn -0.0547 -0.6069 0.7929
vn -0.0421 0.4133 -0.9096
vn 0.0420 0.2668 -0.9628
vn -0.0369 0.3030 -0.9523
vn 0.6884 0.3375 -0.6421
vn -0.8306 0.1866 -0.5246
vn 0.7044 0.2802 -0.6522
vn -0.1355 0.6852 0.7156
vn -0.3054 0.3985 0.8649
vn -0.0850 0.5357 0.8401
vn -0.1872 0.7834 0.5927
vn -0.1893 0.7364 0.6496
vn -0.2825 0.4621 0.8407
vn 0.1790 0.6947 0.6966
vn -0.0012 0.7317 0.6816
vn -0.2769 -0.6079 0.7442
vn -0.3355 -0.7869 0.5180
vn -0.2284 -0.5946 0.7709
vn -0.5063 -0.2686 0.8195
vn -0.5862 -0.5566 0.5887
vn -0.2485 0.9654 0.0796
vn -0.1730 0.9844 -0.0327
vn 0.8084 -0.2776 0.5191
vn 0.9643 -0.2381 -0.1155
vn -0.9981 0.0612 -0.0089
vn -0.9927 0.1195 -0.0178
vn -0.8130 0.0308 -0.5815
vn -0.7946 -0.0624 0.6039
vn -0.7408 0.0402 -0.6705
vn -0.9956 -0.0161 -0.0918
vn 0.3738 0.2108 -0.9032
vn 0.4477 0.4749 -0.7577
vn 0.6178 0.4052 -0.6739
vn 0.4762 0.2141 -0.8529
vn 0.4709 -0.0130 0.8821
vn -0.8861 0.4623 -0.0335
vn -0.9875 0.0691 0.1415
vn -0.9620 -0.2265 0.1523
vn -0.4255 0.1638 -0.8900
vn -0.5751 0.1708 -0.8001
vn -0.5261 0.8504 -0.0028
vn -0.9304 -0.3624 -0.0540
vn -0.8342 -0.5506 0.0309
vn -0.8957 -0.1306 0.4250
vn 0.0522 0.9504 0.3066
vn 0.0814 0.9751 -0.2061
vn -0.2824 0.9339 -0.2193
vn -0.3108 0.1477 0.9389
vn -0.5295 -0.0287 0.8478
vn -0.2661 0.7796 0.5669
vn -0.4694 0.8170 0.3351
vn -0.5795 0.7392 0.3433
vn -0.1264 0.8167 0.5631
vn -0.2419 0.4578 0.8555
vn 0.1115 0.5385 0.8352
vn -0.2292 0.2281 0.9463
vn -0.0040 0.1954 0.9807
vn -0.1048 0.2239 0.9690
vn -0.1805 0.0113 0.9835
vn -0.4062 0.1471 0.9018
vn -0.2114 0.1892 0.9589
vn -0.3614 0.1713 0.9166
vn 0.9130 -0.3907 -0.1172
vn 0.8742 -0.1828 -0.4498
vn 0.9011 -0.0149 -0.4333
vn 0.8783 -0.1854 -0.4407
vn 0.8377 -0.5444 -0.0446
vn 0.8403 -0.4790 -0.2540
vn 0.5222 0.0834 0.8487
vn 0.3426 0.0687 0.9370
vn -0.6769 0.0202 0.7358
vn 0.6013 0.0822 0.7948
vn 0.6074 0.0861 0.7897
vn -0.3838 0.4285 0.8180
vn -0.3917 0.4270 0.8150
vn -0.6841 0.6460 0.3387
vn -0.0025 0.0541 0.9985
vn -0.1186 0.1817 0.9762
vn -0.6668 0.6806 0.3036
vn -0.4142 0.3910 0.8219
vn -0.0679 0.0669 0.9954
vn 0.0996 0.1028 0.9897
vn 0.0317 0.4270 0.9037
vn -0.8275 0.2819 0.4857
vn 0.7475 -0.0571 0.6618
vn 0.9397 -0.1103 0.3238
vn 0.9176 -0.2122 0.3360
vn 0.9270 -0.1511 0.3433
vn 0.9035 -0.2235 0.3656
vn 0.4476 0.6318 0.6329
vn 0.9429 -0.1646 0.2896
vn 0.9348 -0.0261 0.3542
vn 0.1069 0.0645 0.9922
vn 0.5739 -0.3802 -0.7253
vn 0.6181 -0.5909 -0.5184
vn 0.3719 -0.2447 0.8955
vn 0.7866 -0.4709 0.3995
vn 0.0109 0.5172 -0.8558
vn -0.0003 0.4659 -0.8848
vn 0.2627 0.5885 -0.7646
vn 0.9556 -0.2906 0.0497
vn 0.8270 0.0834 -0.5560
vn 0.9646 -0.1537 -0.2144
vn -0.0834 -0.6378 -0.7656
vn -0.0964 -0.7121 -0.6955
vn 0.1390 -0.8511 -0.5063
vn 0.4694 -0.1856 0.8633
vn 0.0912 -0.8383 -0.5376
vn -0.0520 -0.6677 -0.7426
vn 0.2313 0.1212 -0.9653
vn 0.3010 0.0834 -0.9500
vn 0.0057 0.1120 -0.9937
vn 0.0076 0.1285 -0.9917
vn 0.0429 0.3353 -0.9411
vn 0.1968 0.4268 -0.8827
vn 0.4931 0.1343 -0.8595
vn 0.4484 0.3676 -0.8147
vn -0.6046 0.1573 0.7808
vn -0.9293 -0.1225 0.3485
vn -0.9477 -0.2450 0.2047
vn -0.7452 0.1397 0.6520
vn -0.6070 -0.0015 0.7947
vn -0.9362 -0.3430 0.0766
vn -0.3754 -0.6270 -0.6825
vn -0.6450 -0.7381 0.1979
vn -0.3680 0.0224 0.9296
vn -0.9998 0.0174 -0.0116
vn -0.3588 -0.2602 -0.8964
vn -0.4643 -0.2801 0.8402
vn 0.3455 0.0291 0.9380
vn 0.6032 0.1166 0.7890
vn -0.1146 0.1281 0.9851
vn 0.0302 -0.3895 0.9205
vn 0.3520 -0.4209 0.8360
vn 0.6160 -0.0671 0.7849
vn 0.5423 0.0415 -0.8392
vn -0.0783 0.0420 -0.9960
vn -0.0593 0.0367 -0.9976
vn 0.2655 -0.9566 -0.1198
vn 0.1833 -0.9229 -0.3386
vn 0.6820 0.0880 -0.7260
vn 0.8753 0.0259 -0.4829
vn -0.4323 0.0831 0.8979
vn -0.7413 0.1000 0.6636
vn -0.6966 0.1740 0.6960
vn -0.4263 0.2405 0.8720
vn -0.0441 0.1518 0.9874
vn -0.4181 0.0966 0.9032
vn -0.2744 -0.0511 0.9602
vn -0.5103 0.0471 0.8587
vn -0.2522 -0.0048 0.9677
vn -0.6738 0.0852 0.7340
vn -0.4668 0.0795 0.8808
vn 0.4283 -0.0256 0.9033
vn -0.8248 0.0429 0.5638
vn 0.6086 0.7671 -0.2028
vn 0.6986 0.7084 -0.1005
vn 0.6083 0.7676 0.2022
vn 0.5850 0.5731 -0.5739
vn 0.4718 0.4566 -0.7543
vn -0.4500 0.7111 -0.5402
vn -0.6639 -0.7450 0.0653
vn -0.7804 -0.3499 0.5182
vn -0.3834 0.8129 -0.4383
vn -0.9623 -0.2259 -0.1516
vn -0.3945 -0.0806 -0.9154
vn -0.9651 -0.2567 -0.0527
vn -0.6136 0.0673 -0.7867
vn -0.6867 -0.4554 0.5667
vn -0.9732 -0.0128 -0.2296
vn -0.6981 -0.3069 0.6468
vn -0.8031 -0.2764 0.5279
vn -0.9690 -0.2210 -0.1107
vn 0.2173 0.0584 -0.9744
vn 0.3060 0.2183 -0.9267
vn 0.1135 0.0992 -0.9886
vn 0.2859 -0.1112 -0.9518
vn 0.7790 -0.1189 -0.6157
vn 0.5997 -0.1214 -0.7910
vn -0.2193 -0.2993 -0.9286
vn -0.9951 -0.0208 0.0969
vn -0.8404 -0.4918 -0.2277
vn -0.3740 -0.9146 -0.1538
vn 0.7702 -0.6086 0.1909
vn 0.7279 -0.0920 0.6795
vn 0.6959 -0.4435 0.5648
vn 0.5134 -0.7897 -0.3359
vn 0.4536 -0.8542 -0.2543
vn 0.6300 -0.7390 0.2387
vn -0.0812 -0.8964 0.4358
vn 0.5651 0.4843 0.6679
vn 0.7980 0.3169 0.5126
vn 0.3263 0.6944 0.6413
vn 0.4458 0.2810 0.8499
vn 0.7658 0.2565 0.5897
vn 0.0000 0.4715 0.8819
vn -0.0469 0.7604 0.6477
vn -0.7306 -0.0666 -0.6795
vn -0.9883 -0.1520 -0.0119
vn -0.7890 -0.0921 -0.6075
vn -0.4547 0.5312 0.7149
vn -0.6873 0.3086 0.6575
vn -0.3295 0.2968 0.8963
vn -0.4029 0.3973 0.8246
vn -0.3754 0.0419 0.9259
vn 0.0772 0.0160 0.9969
vn 0.3786 -0.2676 0.8860
vn -0.7802 0.2092 0.5895
vn -0.2953 -0.3730 0.8796
vn 0.5221 -0.4446 0.7279
vn 0.8920 0.4453 -0.0778
vn -0.5688 -0.4129 0.7113
vn 0.6250 -0.0072 0.7806
vn -0.4940 0.5245 -0.6934
vn -0.3380 0.3538 -0.8721
vn -0.6027 0.4689 -0.6457
vn -0.2654 0.3372 -0.9033
vn -0.6687 0.6849 -0.2895
vn -0.3643 0.6309 -0.6850
vn 0.8851 0.0047 0.4653
vn -0.3924 0.3115 0.8655
vn 0.6979 0.1612 0.6978
vn 0.8840 -0.1097 -0.4545
vn 0.8374 -0.3537 -0.4168
vn 0.5900 -0.0908 -0.8023
vn 0.8231 -0.4085 0.3944
vn 0.8149 -0.4018 0.4178
vn 0.9308 -0.2314 -0.2829
vn 0.9125 0.4070 -0.0400
vn 0.4450 0.8895 0.1039
vn 0.7344 0.5970 0.3228
vn 0.2783 -0.9218 0.2699
vn 0.9337 0.2775 -0.2264
vn 0.7392 0.6508 -0.1733
vn 0.6316 0.7743 -0.0391
vn 0.2943 -0.8286 0.4762
vn -0.2315 -0.3068 -0.9232
vn -0.0641 -0.4824 -0.8736
vn 0.0271 0.3926 -0.9193
vn -0.0571 0.2744 -0.9599
vn -0.7053 0.2626 -0.6585
vn -0.6904 0.3406 -0.6382
vn 0.7514 0.1731 -0.6367
vn 0.2428 0.7167 0.6537
vn 0.1897 0.6894 0.6991
vn 0.3364 0.4943 0.8015
vn 0.1670 0.7763 0.6078
vn 0.8986 0.4330 0.0716
vn 0.8093 0.4254 0.4051
vn 0.9601 0.2573 -0.1095
vn -0.6605 -0.0729 0.7473
vn -0.1447 -0.1674 0.9752
vn -0.6755 -0.7245 0.1375
vn -0.7898 0.2309 -0.5683
vn -0.4507 -0.4385 -0.7775
vn -0.7697 -0.5692 0.2891
vn -0.0299 -0.7056 -0.7079
vn -0.5284 -0.7713 0.3549
vn -0.0129 0.8876 0.4605
vn 0.0990 -0.2698 0.9578
vn 0.6562 0.0817 -0.7501
vn 0.9955 0.0843 0.0440
vn 0.9731 -0.0117 -0.2301
vn -0.1224 0.5252 0.8421
vn 0.2265 0.5222 0.8222
vn 0.9810 0.1820 -0.0665
vn 0.9931 0.0978 0.0651
vn 0.9744 0.1565 0.1612
vn 0.8942 0.3782 0.2395
vn 0.2120 -0.9771 0.0160
vn 0.5560 -0.2220 -0.8010
vn 0.1008 -0.7551 -0.6478
vn 0.4171 -0.1814 -0.8906
vn 0.8099 0.2193 -0.5441
vn 0.4676 -0.4276 -0.7736
vn 0.8257 0.2932 -0.4819
vn 0.0359 -0.6960 -0.7172
vn -0.4527 -0.2260 0.8626
vn 0.0773 -0.2062 0.9755
vn -0.0880 0.2319 0.9688
vn 0.1702 -0.9180 -0.3583
vn -0.7352 -0.1026 0.6701
vn -0.5536 -0.7617 -0.3368
vn -0.7780 -0.5740 -0.2554
vn -0.9022 -0.3646 -0.2305
vn -0.9228 -0.3486 0.1641
vn 0.9415 -0.2356 0.2408
vn 0.3091 0.2791 0.9091
vn -0.0384 -0.0095 0.9992
vn 0.9959 -0.0148 -0.0895
vn 0.2674 -0.9348 0.2337
vn 0.6349 -0.7715 0.0414
vn 0.6814 -0.5587 0.4728
vn 0.8130 -0.5636 -0.1462
vn 0.5926 -0.8051 0.0237
vn 0.8593 0.4152 0.2986
vn 0.8539 0.5154 0.0723
vn 0.5544 0.7075 0.4383
vn 0.9707 0.0304 -0.2385
vn 0.6699 0.5204 0.5296
vn -0.2186 0.2990 0.9289
vn -0.5475 0.0746 0.8335
vn -0.9711 0.2384 -0.0106
vn -0.9566 0.2519 -0.1468
vn -0.8052 0.1799 0.5651
vn -0.8003 0.1885 0.5692
vn -0.9135 0.3526 0.2031
vn 0.2664 -0.8366 0.4787
vn 0.6617 -0.5566 0.5024
vn 0.7996 -0.2516 0.5452
vn 0.4052 -0.2455 0.8806
vn 0.4943 -0.5576 0.6669
vn -0.5356 0.1320 -0.8341
vn -0.3833 0.1196 -0.9158
vn 0.4250 0.1436 -0.8937
vn -0.5991 0.7482 0.2851
vn -0.4641 0.2786 0.8409
vn -0.6990 -0.2411 -0.6733
vn -0.8383 0.3849 0.3862
vn 0.6441 -0.3933 -0.6561
vn -0.1034 -0.9173 -0.3846
vn 0.6436 -0.7629 -0.0612
vn 0.7604 -0.1446 0.6331
vn 0.1011 -0.2230 0.9696
vn -0.1157 0.1594 -0.9804
vn -0.2239 0.2144 -0.9507
vn 0.8851 -0.3481 -0.3089
vn 0.3032 -0.7331 -0.6088
vn -0.1749 -0.8987 -0.4023
vn 0.9931 -0.1036 0.0544
vn 0.7911 -0.0800 -0.6065
vn 0.3932 -0.3702 -0.8417
vn 0.9593 -0.2060 0.1934
vn -0.0581 -0.9982 -0.0167
vn 0.5772 0.1101 0.8092
vn 0.4802 0.3496 0.8045
vn -0.0945 0.9931 0.0697
vn -0.0904 0.9942 0.0589
vn 0.7715 0.6322 0.0712
vn -0.6091 0.6679 0.4276
vn -0.0549 0.8300 0.5550
vn -0.3701 0.8253 0.4265
vn -0.8224 0.2375 0.5169
vn -0.6884 -0.0991 -0.7186
vn -0.9181 -0.0227 -0.3958
vn -0.9652 0.0392 -0.2587
vn -0.6966 0.0864 -0.7122
vn -0.0307 0.1101 -0.9934
vn -0.9880 0.0273 -0.1522
vn -0.7211 -0.1953 -0.6647
vn 0.1013 0.0559 0.9933
vn 0.1712 -0.0056 0.9852
vn 0.2365 0.0002 0.9716
vn 0.9282 0.1601 0.3360
vn 0.9415 0.0915 0.3243
vn 0.4845 -0.2927 -0.8244
vn -0.1233 -0.6471 0.7524
vn -0.6700 0.0905 0.7368
vn -0.6072 -0.7702 0.1953
vn -0.5500 -0.8311 0.0822
vn 0.2501 -0.9610 0.1179
vn 0.7773 -0.5533 0.2996
vn 0.7784 0.0284 0.6271
vn 0.1059 0.0606 0.9925
vn -0.7613 0.3290 0.5587
vn -0.7133 0.2758 0.6443
vn -0.4850 0.1665 0.8585
vn -0.9183 0.3907 0.0641
vn -0.9703 0.1406 0.1968
vn -0.6153 0.2833 0.7357
vn -0.8489 0.0030 0.5286
vn 0.0678 0.0727 0.9950
vn -0.8981 0.0059 0.4398
vn -0.9732 -0.0218 0.2290
vn -0.7946 0.5326 0.2914
vn -0.8288 0.2302 0.5100
vn -0.7885 0.5408 -0.2928
vn 0.3966 -0.9065 0.1450
vn -0.9131 -0.3936 0.1060
vn -0.6982 -0.5526 -0.4551
vn -0.5617 -0.2079 0.8008
vn 0.6609 -0.4706 -0.5847
vn 0.6436 -0.2601 0.7198
vn -0.6961 0.1138 0.7089
vn -0.7531 0.3383 0.5642
vn -0.8882 0.3002 0.3479
vn 0.0989 0.0634 0.9931
vn -0.9715 0.0700 0.2265
vn -0.1840 0.1178 0.9758
vn -0.9051 -0.0950 0.4145
vn -0.8259 -0.0940 0.5559
vn 0.7556 0.4171 0.5050
vn -0.1374 0.4321 0.8913
vn -0.7865 -0.4950 0.3693
vn -0.7372 -0.4475 0.5063
vn -0.1720 0.1180 -0.9780
vn -0.1671 0.0784 -0.9828
vn -0.3916 0.3704 -0.8423
vn -0.1032 0.4008 -0.9103
vn 0.7196 -0.6654 -0.1985
vn 0.7882 -0.5147 -0.3374
vn -0.4143 -0.9101 0.0109
vn -0.9696 -0.0474 0.2401
vn -0.4041 -0.8000 -0.4436
vn -0.7517 0.0073 -0.6595
vn -0.9964 -0.0240 -0.0812
vn -0.3039 0.0069 0.9527
vn -0.2536 -0.0017 0.9673
vn -0.3740 0.0387 0.9266
vn -0.4185 0.0283 0.9078
vn -0.3584 0.5834 0.7289
vn -0.8232 0.5673 0.0217
vn -0.3528 0.6456 0.6773
vn -0.5590 0.6676 0.4918
vn 0.3338 0.1469 0.9311
vn 0.1612 0.4106 0.8975
vn 0.1623 0.2233 0.9611
vn 0.5535 0.1920 0.8105
vn 0.4590 0.1369 0.8779
vn 0.4125 0.2835 0.8657
vn 0.5220 0.1741 -0.8350
vn 0.3688 0.1566 -0.9162
vn 0.5408 0.1606 -0.8257
vn 0.4091 0.1939 -0.8917
vn 0.5243 0.1626 -0.8358
vn -0.4943 -0.8565 0.1485
vn -0.4152 -0.9086 -0.0449
vn -0.6919 -0.7072 0.1455
vn -0.7970 -0.5333 0.2835
vn -0.4907 -0.6525 0.5775
vn -0.5907 -0.6920 0.4151
vn 0.3415 -0.0465 0.9387
vn -0.7259 0.1072 0.6794
vn -0.8355 0.0773 0.5439
vn 0.4791 -0.1310 0.8679
vn -0.7610 -0.3720 0.5315
vn 0.1898 -0.7988 0.5709
vn -0.8383 -0.5450 0.0122
vn -0.8490 -0.4089 0.3345
vn -0.4244 -0.2169 0.8791
vn -0.3019 -0.2255 0.9263
vn 0.0545 0.1564 0.9862
vn -0.0096 0.1288 0.9916
vn 0.1681 0.1526 0.9739
vn 0.2090 0.1611 0.9646
vn -0.9282 -0.3644 -0.0751
vn -0.7977 -0.5121 -0.3185
vn -0.8088 -0.5879 0.0154
vn -0.9129 -0.3915 -0.1152
vn -0.8690 -0.1895 -0.4572
vn -0.7995 -0.2827 0.5300
vn 0.4954 -0.6817 0.5385
vn 0.3050 -0.9503 -0.0619
vn 0.5734 -0.2471 0.7811
vn -0.2974 0.3789 0.8764
vn -0.0417 0.1675 0.9850
vn -0.5814 -0.2301 0.7804
vn -0.1150 0.6677 0.7355
vn -0.7162 -0.0759 0.6938
vn -0.7384 0.1348 0.6607
vn -0.8696 0.1589 -0.4674
vn -0.5721 -0.1004 -0.8141
vn -0.9846 0.1749 -0.0057
vn -0.9733 0.2279 -0.0262
vn -0.8823 0.1099 -0.4577
vn 0.6490 -0.2385 0.7224
vn 0.7989 -0.2528 0.5458
vn 0.3844 0.1007 0.9177
vn 0.7816 -0.0402 0.6225
vn -0.1241 -0.1876 -0.9744
vn 0.7107 -0.2138 -0.6702
vn 0.6693 -0.1418 -0.7293
vn -0.7997 -0.1303 -0.5860
vn 0.0399 0.0983 -0.9944
vn -0.0926 0.1298 -0.9872
vn 0.7123 0.1956 -0.6741
vn 0.3695 -0.3495 0.8610
vn 0.6752 -0.6226 0.3954
vn 0.6123 -0.7465 0.2605
vn 0.4339 0.1037 -0.8950
vn -0.0268 -0.6535 -0.7564
vn -0.6646 -0.0795 -0.7429
vn 0.2121 0.5952 -0.7750
vn 0.2860 0.7454 0.6022
vn -0.0120 0.9546 0.2977
vn -0.0337 0.7503 0.6603
vn 0.3655 0.9029 0.2263
vn -0.8071 -0.4156 -0.4194
vn -0.8017 0.0146 -0.5975
vn 0.4673 -0.2685 -0.8424
vn 0.4271 -0.6965 -0.5765
vn -0.9688 -0.1957 -0.1519
vn -0.8779 -0.0053 0.4788
vn 0.0000 -0.9107 -0.4130
vn -0.0301 -0.8244 -0.5653
vn 0.1545 -0.8630 0.4811
vn 0.0000 -0.7040 0.7102
vn -0.1309 -0.8855 0.4458
vn -0.0472 -0.0729 -0.9962
vn -0.4587 -0.2458 -0.8539
vn -0.9810 -0.1652 -0.1017
vn -0.9261 -0.2325 -0.2971
vn -0.9422 -0.1995 -0.2692
vn -0.9899 0.1343 0.0448
vn -0.0162 -0.3040 0.9525
vn 0.0397 -0.4316 0.9012
vn -0.6543 -0.3102 0.6897
vn 0.1689 0.9087 0.3817
vn 0.3284 0.9444 0.0185
vn -0.8420 -0.5288 0.1067
vn -0.9676 -0.2493 0.0407
vn -0.4807 -0.8071 -0.3427
vn -0.8485 -0.3723 -0.3761
vn 0.7494 -0.0534 -0.6600
vn 0.9891 -0.1468 -0.0134
vn -0.0182 0.0502 -0.9986
vn 0.9887 -0.1499 -0.0028
vn 0.7245 -0.0660 -0.6861
vn 0.6024 0.3005 0.7395
vn 0.4715 0.1840 0.8624
vn 0.5707 0.3380 0.7484
vn 0.7795 0.3178 0.5399
vn 0.4776 -0.6703 0.5680
vn -0.3461 0.2030 0.9160
vn -0.7242 -0.5199 0.4531
vn 0.3640 -0.8043 0.4697
vn 0.5630 -0.7035 0.4337
vn 0.5193 -0.7355 0.4351
vn -0.1097 0.0477 0.9928
vn -0.5135 0.3783 0.7702
vn -0.5918 0.0886 0.8012
vn -0.0835 0.2662 0.9603
vn -0.2514 -0.9646 -0.0799
vn -0.9639 -0.0361 -0.2639
vn -0.3908 -0.8917 -0.2285
vn -0.9302 -0.0478 -0.3640
vn 0.2383 -0.9697 0.0541
vn 0.5810 -0.2701 0.7677
vn 0.0046 -0.1092 0.9940
vn -0.1029 -0.2730 0.9565
vn 0.5431 -0.1203 0.8310
vn 0.5051 -0.3290 0.7979
vn 0.5066 -0.1744 -0.8444
vn 0.9984 0.0232 0.0524
vn 0.9950 -0.0400 0.0912
vn -0.8407 -0.0312 -0.5406
vn 0.4894 -0.2624 -0.8317
vn -0.2832 -0.4774 0.8318
vn -0.2333 -0.7603 0.6062
vn -0.6262 0.0029 0.7797
vn -0.4893 0.1780 0.8537
vn 0.6835 -0.5257 -0.5064
vn -0.1030 -0.4614 -0.8812
vn -0.0897 -0.7449 -0.6612
vn 0.9049 0.0088 0.4255
vn 0.8932 -0.3272 -0.3085
vn 0.7347 -0.6042 -0.3087
vn 0.1825 0.9602 0.2115
vn -0.1024 0.9007 -0.4222
vn 0.0247 0.5371 -0.8431
vn -0.6816 -0.1943 0.7055
vn -0.9868 -0.0721 0.1449
vn -0.7036 -0.3633 0.6107
vn 0.0770 -0.3189 0.9446
vn -0.0901 -0.9196 0.3823
vn -0.0304 -0.6492 0.7600
vn 0.0831 -0.7294 0.6790
vn -0.5229 0.2944 -0.7999
vn -0.3534 0.1700 -0.9199
vn -0.8322 0.5542 -0.0151
vn 0.7524 0.1245 0.6469
vn 0.6307 -0.5448 0.5527
vn 0.7657 0.1637 -0.6220
vn 0.9258 0.1259 -0.3564
vn -0.2210 0.1668 -0.9609
vn -0.8217 -0.4829 0.3027
vn -0.6176 -0.7836 -0.0664
vn -0.7897 -0.4855 0.3750
vn -0.7875 -0.2947 0.5413
vn -0.8065 -0.3860 0.4478
vn -0.8145 -0.4693 0.3411
vn -0.9678 0.0801 0.2388
vn 0.6000 0.7509 0.2759
vn 0.5553 0.7081 0.4362
vn 0.8137 0.5634 -0.1431
vn 0.1529 0.6346 0.7576
vn 0.3440 0.3715 0.8624
vn 0.9940 0.0163 0.1085
vn 0.9425 0.1037 0.3177
vn -0.7269 -0.5118 -0.4579
vn -0.8328 -0.3510 -0.4280
vn -0.6358 0.0244 0.7715
vn -0.3735 -0.0121 0.9276
vn 0.6174 0.7770 -0.1226
vn 0.4682 0.7856 -0.4045
vn 0.8678 0.3770 0.3238
vn -0.0849 0.2833 0.9553
vn 0.7821 0.3746 0.4979
vn 0.7810 -0.0531 -0.6223
vn -0.0018 0.9985 0.0556
vn -0.3562 0.9325 -0.0600
vn 0.3598 0.9329 -0.0164
vn -0.0082 0.3347 -0.9423
vn 0.9196 -0.0119 0.3926
vn 0.9356 -0.1369 0.3254
vn 0.9248 -0.1598 0.3452
vn -0.6090 0.3248 0.7236
vn -0.5181 0.4344 0.7368
vn -0.4926 0.2474 0.8343
vn -0.4544 0.1825 0.8719
vn 0.1552 -0.1921 -0.9690
vn -0.6125 -0.1727 -0.7714
vn -0.1013 -0.0559 -0.9933
vn -0.7112 -0.4805 0.5132
vn -0.5570 -0.6431 -0.5255
vn -0.6706 -0.7401 0.0512
vn -0.8706 -0.0333 0.4908
vn 0.4638 0.2006 0.8629
vn 0.7505 -0.2307 -0.6192
vn -0.5174 -0.6763 -0.5243
vn -0.7970 -0.3167 -0.5144
vn -0.8780 -0.1951 0.4370
vn -0.7779 0.3481 0.5232
vn 0.0000 -0.9450 0.3271
vn -0.3489 -0.9104 0.2222
vn 0.0707 0.9971 -0.0278
vn 0.0893 0.9959 0.0173
vn 0.9723 0.2320 0.0295
vn 0.4514 0.3172 -0.8340
vn 0.9967 0.0062 -0.0810
vn 0.3152 0.0282 0.9486
vn 0.6976 0.1163 0.7070
vn 0.6679 0.0762 0.7403
vn 0.1545 0.0526 0.9866
vn 0.2090 0.0577 0.9762
vn 0.2898 0.0362 0.9564
vn -0.6321 0.7728 0.0565
vn -0.6508 0.7257 -0.2230
vn -0.4823 0.7540 -0.4459
vn -0.4472 0.8545 0.2642
vn -0.3975 0.8341 0.3825
vn -0.4586 0.8822 -0.1065
vn 0.9916 -0.0182 0.1279
vn 0.9244 0.1864 -0.3327
vn 0.1700 -0.9801 0.1030
vn -0.0168 -0.7330 0.6800
vn 0.1686 -0.0941 -0.9812
vn 0.0036 -0.5868 0.8097
vn 0.0064 -0.0860 -0.9963
vn -0.1606 -0.0759 -0.9841
vn -0.0222 -0.5496 0.8352
vn -0.0550 -0.5682 0.8210
vn -0.7672 -0.1375 0.6265
vn -0.9960 0.0772 0.0443
vn -0.8299 -0.0989 0.5491
vn -0.1010 -0.2360 0.9665
vn 0.4937 0.4684 0.7328
vn 0.7527 0.6523 0.0892
vn 0.0534 0.0013 0.9986
vn 0.0276 0.5530 -0.8327
vn 0.2730 0.5490 -0.7900
vn -0.2187 0.5546 -0.8028
vn -0.4697 -0.1839 -0.8634
vn -0.4056 -0.9066 -0.1160
vn -0.3517 -0.7670 -0.5368
vn -0.0951 -0.9091 -0.4055
vn 0.9158 -0.0874 0.3921
vn 0.9683 0.0103 -0.2496
vn 0.9893 -0.0179 -0.1451
vn 0.8688 0.4161 0.2686
vn 0.8378 0.1934 0.5106
vn 0.1126 0.1038 0.9882
vn -0.1739 -0.3253 0.9295
vn 0.0508 -0.7239 -0.6880
vn 0.0377 -0.7508 -0.6595
vn 0.7376 -0.1807 0.6506
vn 0.3416 0.3365 -0.8776
vn 0.4178 0.2584 -0.8710
vn 0.5534 0.5615 -0.6152
vn 0.3264 -0.1122 0.9385
vn -0.0657 0.9976 -0.0195
vn -0.9242 -0.3595 0.1284
vn -0.0258 0.9636 -0.2661
vn -0.8414 -0.4405 0.3129
vn -0.3793 0.7577 0.5310
vn -0.9399 -0.3291 0.0915
vn -0.9504 0.0227 0.3101
vn -0.4243 0.0540 0.9039
vn -0.3725 0.0858 0.9241
vn -0.0213 0.1035 0.9944
vn 0.4130 -0.0010 0.9107
vn -0.4666 0.0273 0.8841
vn -0.5292 -0.7616 -0.3740
vn -0.2686 -0.5742 -0.7734
vn 0.5098 -0.6631 -0.5481
vn 0.6447 0.2104 0.7349
vn 0.2517 0.3184 0.9139
vn 0.9903 0.0836 -0.1109
vn 0.0000 0.5487 -0.8360
vn 0.4558 0.7145 0.5308
vn 0.6308 0.4294 0.6463
vn 0.1695 0.9034 0.3938
vn 0.4455 0.1149 -0.8879
vn 0.0513 0.1398 -0.9888
vn 0.3579 0.0991 -0.9285
vn -0.5805 0.5387 0.6106
vn -0.5028 0.3789 0.7769
vn -0.3942 0.8413 0.3700
vn -0.6178 0.7539 0.2236
vn -0.8147 0.0859 -0.5735
vn -0.8735 0.1019 -0.4761
vn -0.7187 0.1274 -0.6835
vn -0.8015 0.1415 -0.5810
vn -0.3487 -0.8548 -0.3844
vn 0.0015 -0.5618 -0.8273
vn -0.4412 -0.8537 -0.2766
vn 0.1947 0.7275 0.6579
vn 0.2351 0.7776 0.5831
vn 0.1611 0.8980 0.4094
vn 0.2056 0.3851 0.8997
vn 0.3802 0.1509 0.9125
vn 0.5350 0.3562 0.7661
vn 0.1107 0.7698 0.6286
vn 0.0256 0.1120 0.9934
vn 0.2161 0.1296 0.9677
vn 0.1591 0.2143 0.9637
vn 0.9774 -0.1564 -0.1422
vn 0.9878 -0.1234 -0.0951
vn 0.8495 -0.2128 0.4828
vn 0.9126 -0.1775 0.3684
vn 0.9361 -0.3190 -0.1481
vn 0.7325 -0.2589 0.6296
vn 0.1646 -0.2296 0.9593
vn -0.5736 -0.2402 0.7831
vn -0.0397 0.0246 -0.9989
vn -0.3155 -0.5248 -0.7906
vn 0.1319 -0.3837 0.9140
vn 0.6496 -0.6948 0.3088
vn 0.2745 -0.9560 -0.1037
vn 0.5120 -0.0733 0.8559
vn -0.9043 -0.3238 -0.2782
vn 0.8721 -0.4774 -0.1080
vn 0.8225 -0.4847 0.2977
vn -0.2827 -0.9182 0.2775
vn -0.0892 -0.9930 -0.0768
vn -0.3092 -0.9470 -0.0874
vn 0.0620 0.0471 -0.9970
vn 0.7904 0.0649 -0.6092
vn 0.7319 -0.0044 -0.6814
vn -0.3321 -0.3428 0.8788
vn -0.5965 -0.6560 0.4624
vn -0.2745 -0.3880 0.8798
vn 0.0751 0.0514 0.9959
vn -0.7505 -0.5160 0.4128
vn 0.0604 -0.0221 0.9979
vn 0.9373 0.3431 0.0613
vn -0.9695 0.0274 0.2436
vn -0.9440 -0.3068 -0.1214
vn -0.9435 0.1231 0.3077
vn -0.6557 0.3246 0.6817
vn -0.9623 0.0815 0.2593
vn -0.9420 -0.2239 -0.2500
vn -0.8909 0.4140 -0.1869
vn -0.8895 0.0404 -0.4552
vn -0.9235 0.1628 -0.3473
vn -0.8201 0.5476 -0.1661
vn -0.9713 0.1216 -0.2044
vn -0.5280 0.8383 0.1360
vn -0.0016 0.1446 -0.9895
vn 0.0635 -0.5853 -0.8083
vn 0.8514 -0.0246 -0.5239
vn 0.8872 -0.3013 -0.3495
vn -0.6558 -0.5703 -0.4946
vn 0.1405 -0.4246 -0.8944
vn -0.9057 -0.3237 -0.2736
vn -0.3472 0.3884 -0.8536
vn -0.3033 0.3367 -0.8914
vn 0.0212 0.5465 -0.8372
vn 0.8207 0.0122 0.5712
vn 0.7308 -0.2497 0.6352
vn 0.8892 0.0586 0.4538
vn -0.9855 -0.1678 0.0245
vn -0.4529 0.1769 0.8739
vn -0.4664 0.2742 0.8410
vn -0.4770 0.0543 0.8772
vn -0.3286 0.0784 0.9412
vn -0.1794 0.2909 0.9398
vn 0.6278 -0.7783 -0.0119
vn 0.7271 -0.6626 -0.1797
vn 0.6895 -0.7208 -0.0708
vn 0.6903 -0.7211 0.0598
vn 0.5391 -0.7400 -0.4021
vn 0.5235 -0.8468 0.0946
vn 0.5088 -0.7167 -0.4770
vn 0.5987 -0.7128 -0.3653
vn 0.5600 0.1288 0.8184
vn 0.8425 0.2631 0.4701
vn 0.8818 0.1724 0.4390
vn 0.7958 0.2414 0.5553
vn -0.0184 0.3869 0.9219
vn -0.0133 0.5049 0.8631
vn -0.0422 0.0134 0.9990
vn -0.5080 0.0736 0.8582
vn -0.5889 0.0915 0.8030
vn -0.2518 0.0897 0.9636
vn -0.5019 0.1308 0.8550
vn 0.3875 0.6762 -0.6266
vn 0.4117 0.9020 -0.1303
vn -0.0780 0.9937 -0.0802
vn -0.8285 0.4362 -0.3510
vn -0.7550 0.2970 -0.5846
vn -0.9808 -0.0216 0.1940
vn -0.6268 0.6685 -0.4002
vn -0.5144 0.4485 -0.7309
vn -0.9703 0.0221 0.2410
vn 0.1150 0.2117 0.9706
vn 0.1266 0.2694 0.9547
vn -0.8083 0.2882 0.5134
vn 0.9530 -0.2756 0.1256
vn 0.7962 -0.4722 0.3783
vn 0.0653 0.3148 0.9469
vn -0.0900 0.8741 0.4774
vn 0.0957 0.7400 0.6657
vn 0.2647 0.9077 0.3255
vn -0.1442 0.5350 0.8325
vn 0.8370 0.0264 0.5465
vn 0.8403 0.0825 0.5358
vn 0.8127 0.0525 0.5804
vn 0.7254 0.1054 0.6802
vn 0.8977 0.0554 0.4371
vn 0.7630 0.3443 0.5471
vn 0.7616 0.0606 0.6452
vn 0.9588 0.0807 0.2723
vn 0.7844 0.2858 -0.5504
vn 0.6594 0.4482 -0.6036
vn 0.8702 0.3068 -0.3855
vn 0.8601 0.1871 -0.4746
vn 0.7981 0.1761 -0.5763
vn -0.6110 -0.0982 0.7855
vn -0.6473 0.0107 0.7622
vn -0.5904 -0.0612 0.8048
vn -0.0090 0.1527 -0.9882
vn 0.0104 0.1722 -0.9850
vn 0.7968 0.0172 -0.6039
vn 0.0291 0.7387 0.6734
vn 0.1854 0.7161 0.6729
vn -0.1192 0.6612 0.7407
vn -0.2349 0.6602 0.7134
vn 0.0173 0.5767 0.8168
vn -0.3358 -0.7225 -0.6044
vn 0.2633 -0.2288 -0.9372
vn -0.4523 0.1282 0.8826
vn 0.9727 0.1395 0.1853
vn 0.9282 0.0814 0.3630
vn 0.0112 0.2082 0.9780
vn 0.8628 -0.3738 0.3403
vn 0.7297 -0.3440 0.5909
vn -0.0727 -0.9630 0.2593
vn -0.1288 -0.8428 0.5226
vn -0.8845 0.2143 0.4143
vn -0.2948 -0.9285 0.2259
vn -0.5805 -0.7051 0.4072
vn -0.8138 0.5638 -0.1406
vn 0.0342 0.1230 0.9918
vn 0.5253 -0.6317 -0.5701
vn 0.2146 -0.3321 -0.9185
vn 0.7622 -0.6428 -0.0765
vn 0.9797 -0.1703 0.1057
vn 0.7200 -0.1871 0.6683
vn 0.6681 -0.1933 0.7185
vn 0.8005 -0.5747 0.1699
vn 0.6759 -0.5795 -0.4554
vn 0.9981 -0.0604 -0.0129
vn 0.7670 -0.1730 -0.6178
vn 0.4191 0.1285 0.8988
vn 0.3975 0.6017 -0.6928
vn 0.3077 0.5811 -0.7534
vn 0.5768 0.4232 -0.6987
vn 0.1444 0.5263 -0.8380
vn -0.8097 -0.2236 0.5426
vn -0.5288 -0.7359 0.4230
vn -0.6757 -0.2601 0.6897
vn -0.8840 -0.2371 0.4028
vn -0.8768 -0.1716 0.4492
vn -0.7526 0.1353 0.6444
vn -0.7551 -0.3288 0.5671
vn -0.9109 0.0260 0.4117
vn 0.5542 0.0222 0.8321
vn 0.3245 0.0760 0.9428
vn 0.2491 0.2843 0.9258
vn 0.3823 0.2942 0.8760
vn -0.5912 -0.3231 0.7390
vn -0.4437 -0.7556 0.4818
vn -0.7074 -0.1716 0.6857
vn -0.4976 -0.6663 0.5554
vn -0.5842 0.0220 0.8113
vn -0.4433 -0.7315 0.5181
vn -0.3896 0.1829 0.9026
vn -0.7790 0.4566 0.4297
vn -0.7899 0.2451 0.5621
vn 0.2619 0.0673 0.9627
vn 0.4685 -0.0238 0.8832
vn -0.6026 0.6139 0.5099
vn -0.7117 0.6820 0.1682
vn 0.0628 0.5416 0.8383
vn -0.0269 0.4435 0.8958
vn -0.6802 0.4986 -0.5373
vn -0.5979 0.7513 -0.2796
vn -0.0553 -0.6089 0.7913
vn -0.6644 -0.1759 0.7264
vn -0.4391 -0.7490 0.4962
vn 0.5178 -0.6077 0.6021
vn 0.0236 -0.1982 0.9799
vn 0.4151 0.3480 0.8406
vn -0.0872 0.1653 0.9824
vn 0.4991 -0.1794 0.8478
vn 0.2701 0.1730 0.9472
vn 0.0813 0.1239 0.9890
vn 0.8740 0.1255 -0.4694
vn 0.6895 0.2128 -0.6923
vn 0.3100 0.1233 -0.9427
vn -0.3519 0.0599 0.9341
vn -0.5152 -0.3332 0.7897
vn -0.5188 0.0198 0.8547
vn -0.1208 0.0866 0.9889
vn 0.6817 0.5686 0.4604
vn 0.8370 0.4085 0.3641
vn 0.6607 0.5615 0.4982
vn -0.5965 -0.7638 0.2466
vn -0.0398 -0.6329 0.7732
vn -0.8731 0.0065 -0.4876
vn -0.2667 -0.4129 0.8709
vn 0.7302 0.2377 -0.6406
vn 0.6029 0.1713 -0.7792
vn 0.4367 0.2005 -0.8770
vn 0.9559 0.2475 -0.1583
vn -0.7759 -0.3628 0.5161
vn -0.8070 -0.3678 0.4620
vn -0.7959 -0.4837 0.3643
vn -0.7017 -0.2757 0.6569
vn 0.0190 0.0049 0.9998
vn -0.2511 0.0283 0.9675
vn 0.8718 -0.4879 0.0442
vn 0.8539 -0.3796 0.3560
vn -0.0554 -0.4457 0.8935
vn -0.7196 -0.3682 0.5887
vn 0.6847 -0.6853 0.2482
vn 0.3642 -0.0177 -0.9312
vn -0.0007 -0.1504 -0.9886
vn -0.0048 0.1888 -0.9820
vn 0.6381 -0.1384 -0.7574
vn 0.2961 0.2227 -0.9288
vn 0.6647 0.2103 -0.7169
vn -0.0271 0.5635 0.8256
vn 0.0602 0.6128 0.7880
vn 0.0093 0.6444 0.7646
vn 0.0076 0.4904 0.8715
vn -0.3105 0.1120 -0.9440
vn -0.2062 0.1062 -0.9727
vn -0.1213 0.0953 -0.9880
vn -0.0683 0.1206 -0.9903
vn 0.4934 0.3143 0.8110
vn 0.3749 0.8658 0.3316
vn 0.3560 0.7282 0.5856
vn -0.0937 0.9917 0.0876
vn -0.8501 0.5266 0.0019
vn -0.7163 0.6949 0.0632
vn -0.7804 0.6211 0.0726
vn -0.8697 0.4738 -0.1380
vn -0.1020 0.4868 0.8675
vn 0.9810 0.1497 -0.1236
vn 0.8353 0.1125 0.5381
vn 0.7881 0.0476 0.6137
vn 0.9092 0.1065 0.4026
vn 0.8914 0.1653 -0.4219
vn 0.9569 0.2746 -0.0946
vn 0.2854 -0.9265 0.2453
vn 0.0000 -1.0000 0.0000
vn 0.7193 -0.2502 0.6481
vn 0.9942 -0.0322 0.1026
vn -0.0362 -0.1942 0.9803
vn 0.7270 0.3152 -0.6099
vn 0.5899 0.2644 -0.7630
vn 0.2626 -0.0207 -0.9647
vn 0.8082 0.5466 -0.2192
vn -0.8731 -0.4556 -0.1735
vn -0.0561 -0.6456 -0.7616
vn -0.8148 -0.4136 -0.4063
vn -0.6805 -0.6772 -0.2800
vn -0.7866 0.0495 0.6155
vn 0.9099 -0.1159 -0.3982
vn 0.7926 -0.3495 -0.4996
vn 0.9554 0.0964 0.2790
vn 0.9650 0.1025 0.2414
vn 0.7355 0.2074 0.6450
vn 0.7395 0.5916 0.3213
vn 0.7295 0.5397 -0.4202
vn -0.8119 -0.2400 0.5321
vn -0.2329 0.2738 -0.9332
vn 0.9603 -0.0565 0.2733
vn 0.6946 -0.6726 -0.2553
vn 0.8014 -0.5979 -0.0127
vn -0.7833 -0.1628 -0.6000
vn -0.9861 -0.1180 0.1170
vn -0.9577 -0.2540 0.1354
vn -0.8331 -0.0525 -0.5506
vn -0.5344 0.7354 0.4167
vn 0.1553 -0.9861 -0.0590
vn 0.8009 -0.4676 0.3740
vn -0.8417 -0.4799 0.2475
vn -0.6464 -0.7181 -0.2578
vn -0.4299 -0.9021 0.0365
vn -0.4638 -0.6977 0.5460
vn -0.5672 0.1007 0.8174
vn -0.6971 -0.4480 0.5597
vn -0.2179 -0.6194 0.7542
vn -0.1184 -0.5485 0.8277
vn -0.2902 -0.6111 0.7364
vn -0.3644 -0.5536 0.7488
vn 0.8324 -0.3814 0.4021
vn 0.8123 -0.5131 -0.2774
vn 0.4077 -0.1900 -0.8931
vn 0.9612 -0.2707 0.0531
vn -0.3730 0.8383 0.3976
vn 0.5804 -0.7609 -0.2902
vn 0.2215 -0.5308 -0.8181
vn 0.0603 -0.3525 -0.9339
vn -0.7668 0.4063 0.4969
vn 0.5964 0.7255 -0.3435
vn 0.6814 0.7314 -0.0275
vn 0.5484 0.5309 -0.6461
vn 0.8092 0.3823 -0.4461
vn 0.0581 0.2675 0.9618
vn 0.9293 -0.0723 0.3621
vn 0.3258 0.1585 0.9321
vn 0.4946 -0.7399 0.4559
vn 0.0689 -0.6083 0.7907
vn -0.1898 -0.4457 0.8748
vn 0.5252 0.0649 0.8485
vn 0.8781 0.3589 -0.3164
vn -0.2324 -0.6535 0.7203
vn -0.6613 -0.3323 -0.6725
vn -0.9482 0.1068 -0.2992
vn -0.9385 0.0482 -0.3420
vn -0.9201 0.3027 -0.2487
vn 0.7608 0.3433 0.5507
vn 0.7386 0.2697 0.6178
vn 0.0181 0.1025 0.9946
vn 0.2192 0.1172 0.9686
vn -0.2485 0.1321 0.9596
vn 0.0001 0.1015 0.9948
vn 0.3359 0.1229 0.9339
vn 0.7725 0.3099 0.5543
vn -0.9239 0.1449 0.3542
vn -0.6622 0.3335 0.6710
vn 0.8592 -0.1517 -0.4886
vn 0.8686 0.2053 0.4510
vn 0.1574 -0.8582 0.4885
vn 0.5040 -0.8498 0.1544
vn 0.6143 -0.4697 0.6341
vn -0.1663 -0.8700 0.4642
vn 0.3320 -0.2616 0.9063
vn 0.1798 -0.5152 0.8380
vn 0.8969 -0.0901 0.4330
vn -0.7484 -0.0541 -0.6610
vn -0.9844 -0.1760 0.0028
vn -0.9888 -0.1485 -0.0133
vn -0.7948 0.0477 -0.6050
vn 0.0827 0.0647 -0.9945
vn -0.7455 -0.0550 -0.6643
vn -0.0786 0.0235 -0.9966
vn -0.5923 0.3561 0.7227
vn -0.5428 -0.1427 -0.8276
vn -0.9675 0.2264 0.1122
vn -0.9766 0.2147 0.0121
vn 0.0340 0.1882 -0.9815
vn -0.0092 -0.0174 -0.9998
vn -0.2766 0.0769 -0.9579
vn 0.4083 0.3449 -0.8452
vn 0.4690 0.0853 -0.8790
vn 0.2714 0.1420 0.9519
vn 0.9513 0.0347 0.3063
vn -0.3935 0.6363 0.6635
vn -0.4996 0.7795 0.3779
vn -0.2426 0.7482 0.6175
vn 0.9987 0.0010 -0.0515
vn 0.1288 0.6049 0.7858
vn -0.2777 0.3866 0.8795
vn -0.7137 -0.0810 0.6958
vn 0.5037 -0.5469 0.6688
vn 0.7224 0.2030 0.6610
vn 0.4839 0.0722 0.8721
vn 0.9302 0.3184 0.1825
vn -0.7372 0.0455 -0.6741
vn -0.9954 0.0050 -0.0959
vn 0.1639 -0.4387 0.8836
vn 0.6361 -0.2401 0.7333
vn -0.3205 0.9170 -0.2375
vn -0.4897 0.3628 0.7928
vn -0.5563 0.1901 0.8089
vn -0.2464 0.3042 0.9202
vn -0.5181 0.4456 0.7301
vn -0.3715 0.4198 0.8281
vn -0.2989 0.4086 0.8624
vn 0.6744 -0.0460 0.7369
vn 0.1090 -0.0418 0.9932
vn -0.5398 -0.8418 0.0050
vn 0.0065 -0.6046 0.7965
vn 0.5603 -0.6461 0.5182
vn 0.8829 0.0901 0.4609
vn -0.5306 -0.0193 0.8474
vn -0.8608 -0.3557 0.3640
vn -0.0565 -0.9916 -0.1167
vn 0.8480 -0.4404 -0.2948
vn 0.0348 0.4689 0.8826
vn 0.4234 0.4001 0.8128
vn -0.7158 -0.5020 -0.4854
vn 0.5193 -0.1167 -0.8466
vn -0.3746 -0.0293 -0.9267
vn -0.3169 0.2658 -0.9104
vn -0.6594 0.1925 -0.7267
vn -0.6495 -0.1645 -0.7423
vn 0.0125 0.9990 0.0440
vn 0.7329 -0.1104 0.6713
vn 0.6826 -0.2808 0.6747
vn 0.9229 -0.1565 0.3518
vn 0.8739 0.0253 0.4855
vn 0.5758 0.0889 0.8127
vn 0.0492 0.1707 -0.9841
vn -0.0194 0.1543 -0.9878
vn 0.3864 0.1373 -0.9120
vn -0.8572 -0.4342 0.2770
vn -0.2714 -0.2224 -0.9364
vn 0.4993 -0.1291 0.8568
vn 0.5583 -0.3058 0.7713
vn 0.4243 -0.0971 0.9003
vn 0.6144 0.0124 0.7889
vn 0.4372 -0.2575 0.8617
vn -0.3109 -0.0597 0.9486
vn -0.4395 0.0038 0.8982
vn -0.6782 0.0411 0.7338
vn 0.3942 0.9155 -0.0810
vn 0.3002 0.7231 -0.6221
vn -0.9540 -0.2375 0.1829
vn -0.2523 -0.9674 -0.0236
vn -0.0186 -0.6672 -0.7447
vn -0.0095 -0.5733 0.8193
vn -0.0319 -0.5788 0.8149
vn -0.0281 -0.5628 0.8261
vn 0.7353 0.0136 0.6776
vn -0.5916 -0.6047 0.5333
vn -0.4580 -0.8393 0.2931
vn -0.3206 0.2816 -0.9044
vn -0.6542 -0.2747 -0.7047
vn -0.4708 -0.4608 -0.7524
vn 0.0673 0.3940 -0.9166
vn 0.6760 0.2713 0.6851
vn 0.5417 0.1732 0.8226
vn -0.0182 -0.0021 -0.9998
vn 0.0163 0.0502 -0.9986
vn -0.6667 -0.2380 0.7063
vn -0.6966 -0.4002 0.5955
vn 0.7414 0.0000 -0.6710
vn 0.8024 -0.1535 -0.5768
vn 0.8604 0.0719 0.5045
vn 0.4478 -0.0380 0.8934
vn 0.9679 0.2511 -0.0021
vn -0.0021 0.1174 0.9931
vn 0.2550 0.1114 0.9605
vn -0.2345 0.0904 0.9679
vn 0.0523 0.0635 0.9966
vn -0.0084 0.0968 0.9953
vn -0.3249 0.1356 0.9360
vn -0.0064 0.1273 0.9918
vn 0.3632 0.4123 0.8355
vn 0.3730 0.4108 0.8319
vn 0.6775 0.6411 0.3606
vn 0.1070 0.1637 0.9807
vn 0.3044 -0.2120 0.9287
vn 0.3604 0.2222 0.9059
vn 0.2640 -0.0219 0.9643
vn 0.5728 0.1455 0.8067
vn 0.0106 0.4922 0.8704
vn 0.3676 0.3706 -0.8529
vn 0.8834 0.1565 0.4418
vn 0.7187 0.1232 0.6843
vn 0.8133 0.1088 -0.5715
vn 0.8817 0.1381 -0.4511
vn -0.1385 0.3166 -0.9384
vn -0.1995 0.4944 -0.8460
vn -0.0104 0.2742 -0.9616
vn 0.6254 0.2448 0.7409
vn 0.6686 0.0709 0.7402
vn 0.7761 -0.3310 0.5367
vn 0.8939 0.0798 -0.4410
vn 0.9783 0.0840 -0.1894
vn -0.5212 -0.2799 0.8062
vn -0.4438 -0.5373 0.7172
vn 0.9244 0.0652 0.3758
vn 0.6831 -0.3069 0.6627
vn 0.4043 0.0486 0.9133
vn 0.3220 0.0139 0.9466
vn -0.7821 0.2352 -0.5771
vn -0.3874 -0.2445 -0.8889
vn 0.4492 0.2277 0.8639
vn -0.3714 0.0747 0.9255
vn 0.7273 -0.1627 0.6668
vn 0.6419 -0.1714 0.7474
vn 0.9870 -0.1605 0.0086
vn 0.6937 0.5786 -0.4289
vn 0.7607 0.6436 -0.0843
vn 0.4440 0.2655 -0.8558
vn 0.7110 0.1658 0.6834
vn -0.9174 -0.1581 0.3653
vn -0.8369 -0.1183 0.5344
vn -0.9026 -0.2818 0.3256
vn 0.1146 -0.8261 0.5518
vn 0.6777 0.3600 0.6412
vn -0.6004 -0.5091 0.6167
vn 0.8907 0.0824 0.4471
vn 0.0347 0.2713 0.9619
vn 0.6746 -0.3734 -0.6368
vn 0.2170 0.3571 0.9085
vn 0.0296 -0.1366 -0.9902
vn -0.5691 0.1878 -0.8006
vn -0.6629 -0.1642 -0.7305
vn 0.6395 0.0708 -0.7655
vn 0.4999 0.2460 -0.8304
vn 0.6079 -0.3046 -0.7333
vn 0.4725 -0.6206 -0.6258
vn 0.1171 0.1517 -0.9815
vn -0.1820 0.1530 -0.9713
vn -0.0231 -0.9282 0.3713
vn 0.2061 0.1507 -0.9668
vn 0.1745 0.1622 -0.9712
vn -0.4126 0.3632 0.8353
vn -0.4310 0.4883 0.7588
vn 0.7076 0.4988 -0.5005
vn -0.1253 -0.9217 -0.3672
vn 0.0690 -0.2501 0.9658
vn 0.2286 0.6572 0.7182
vn -0.0323 -0.5631 0.8258
vn -0.2402 -0.1527 -0.9586
vn -0.2423 0.5908 0.7696
vn 0.3515 0.2010 0.9143
vn -0.8014 0.2161 0.5577
vn 0.0854 0.4523 -0.8878
vn -0.0870 0.3881 -0.9175
vn 0.0513 0.7885 -0.6129
vn 0.1257 0.2594 -0.9576
vn -0.9009 0.0172 -0.4336
vn 0.7304 -0.2613 -0.6310
vn 0.9291 0.3373 0.1516
vn 0.8619 0.3864 -0.3284
vn 0.7257 0.3488 0.5930
vn -0.8195 -0.1206 0.5602
vn -0.8944 0.0000 0.4472
vn -0.7034 -0.2707 0.6572
vn -0.8625 0.4157 -0.2886
vn -0.9514 0.1896 -0.2427
vn -0.5135 -0.0384 0.8573
vn 0.8481 0.4591 0.2644
vn 0.3388 0.1535 0.9282
vn 0.6701 0.2560 0.6967
vn -0.3995 0.1282 -0.9077
vn -0.8017 -0.1154 0.5864
vn 0.8440 0.3628 0.3951
vn 0.8264 -0.0936 0.5552
vn 0.7107 -0.1126 0.6945
vn 0.8283 -0.4067 0.3853
vn 0.7446 0.2749 0.6083
vn -0.7051 0.2449 -0.6654
vn 0.5373 -0.1347 0.8325
vn -0.9679 -0.0616 0.2435
vn -0.5055 0.0120 0.8628
vn 0.0311 -0.7089 -0.7046
vn -0.9625 0.2711 0.0146
vn 0.3245 0.1739 0.9298
vn -0.7952 0.3808 0.4719
vn -0.1483 -0.8474 0.5098
vn 0.0090 0.0827 0.9965
vn 0.3660 0.1223 0.9225
vn 0.3086 0.1404 0.9408
vn 0.5301 0.1329 0.8374
vn 0.5096 0.1081 0.8536
vn 0.3495 0.1126 0.9301
vn -0.8282 -0.1167 -0.5482
vn 0.9135 -0.0841 0.3980
vn -0.3544 -0.9344 0.0362
vn -0.8057 -0.0974 0.5842
vn -0.5209 -0.4082 -0.7496
vn -0.0327 0.1445 -0.9890
vn -0.0315 0.1257 -0.9916
vn -0.2058 -0.2665 -0.9416
vn 0.0146 -0.0024 -0.9999
vn -0.0711 -0.3286 -0.9418
vn 0.6859 -0.4144 0.5981
vn -0.0274 -0.0288 -0.9992
vn -0.0478 -0.0490 -0.9977
vn -0.9051 0.3799 0.1912
vn -0.8858 -0.0399 0.4624
vn -0.7020 0.0397 0.7111
vn -0.9226 -0.1777 0.3424
vn -0.3154 0.1388 0.9388
vn -0.3248 0.2898 0.9003
vn -0.1002 -0.5358 0.8384
vn -0.9325 0.3481 0.0962
vn -0.3043 0.0735 0.9497
vn -0.7852 0.1378 0.6037
vn 0.9091 -0.1690 0.3807
vn -0.7987 -0.5767 0.1716
vn -0.4432 0.2357 0.8649
vn -0.4246 0.0996 0.8999
vn -0.4022 0.1028 0.9098
vn 0.5476 0.0925 0.8316
vn -0.0414 -0.5286 0.8478
vn 0.3560 0.0124 -0.9344
vn 0.3924 0.1524 0.9071
vn 0.4819 0.3184 0.8163
vn 0.4188 0.1894 0.8881
vn -0.8856 -0.1727 0.4311
vn -0.5091 0.1748 0.8427
vn -0.7811 -0.4371 0.4458
vn 0.1027 -0.6701 0.7351
vn -0.8325 -0.3897 -0.3938
vn -0.9695 -0.1830 -0.1631
vn -0.8552 -0.4181 -0.3064
vn 0.0211 0.2075 -0.9780
vn 0.3525 0.2315 -0.9067
vn 0.0117 0.2121 -0.9772
vn -0.3488 0.1948 -0.9167
vn -0.4167 0.1817 -0.8907
vn 0.6859 0.6554 0.3161
vn -0.7342 -0.6489 0.1995
vn -0.5666 -0.7961 -0.2124
vn -0.5846 -0.4694 0.6618
vn -0.9964 -0.0011 -0.0849
vn -0.6149 0.0537 -0.7868
vn -0.7235 -0.1270 -0.6786
vn -0.9951 -0.0975 0.0173
vn 0.5303 -0.2133 0.8205
vn -0.2125 -0.0618 0.9752
vn 0.6355 0.0103 0.7720
vn 0.2813 -0.0682 0.9572
vn 0.3483 0.0142 0.9373
vn 0.5860 -0.1323 -0.7994
vn 0.1462 0.5066 0.8497
vn 0.7316 0.1132 0.6723
vn -0.0001 -0.9329 0.3601
vn -0.9622 -0.2067 0.1773
vn -0.6088 0.3602 -0.7068
vn 0.9368 -0.2729 -0.2189
vn 0.2667 -0.9482 -0.1724
vn 0.2596 0.9588 -0.1151
vn 0.0000 0.8653 0.5012
vn -0.7425 -0.1880 0.6430
vn 0.3030 0.0302 0.9525
vn -0.2211 -0.7219 -0.6557
vn -0.7621 0.0043 0.6475
vn -0.0238 -0.2654 -0.9639
vn -0.7112 -0.2453 -0.6588
vn -0.0004 0.0482 0.9988
vn -0.7181 0.1170 0.6860
vn -0.2521 -0.1926 -0.9483
vn 0.5494 -0.6707 -0.4983
vn -0.5187 -0.1503 -0.8417
vn -0.3375 0.0717 -0.9386
vn -0.5493 -0.0341 -0.8350
vn -0.7594 0.1217 0.6392
vn -0.1001 0.6651 0.7400
vn -0.1940 0.5896 -0.7841
vn -0.1986 0.1109 0.9738
vn 0.4377 0.2749 0.8561
vn -0.1385 -0.1639 -0.9767
vn 0.3301 0.8947 0.3009
vn 0.4845 0.2130 0.8485
vn 0.5046 0.1146 0.8557
vn 0.4697 0.1003 0.8771
vn 0.8016 0.1351 0.5824
vn 0.4756 0.1268 0.8705
vn 0.9610 -0.2648 -0.0796
vn -0.9041 0.3887 0.1774
vn -0.9363 0.2906 0.1974
vn -0.9964 -0.0178 -0.0826
vn 0.8041 0.1861 -0.5647
vn 0.8939 0.3658 -0.2590
vn 0.9611 0.1482 -0.2331
vn 0.9387 0.2312 -0.2559
vn 0.3519 -0.2663 -0.8974
vn 0.7410 0.1971 -0.6419
vn -0.6132 0.1569 0.7742
vn 0.0670 0.3867 0.9198
vn -0.4841 0.1724 0.8578
vn -0.0239 0.0521 -0.9984
vn 0.9812 -0.1651 0.1001
vn 0.3201 -0.7224 -0.6129
vn 0.4730 -0.3163 -0.8223
vn -0.6567 0.3658 0.6595
vn -0.1915 -0.9801 -0.0528
vn 0.0269 0.0478 -0.9985
vn -0.0171 -0.0047 -0.9998
vn -0.5903 -0.4620 -0.6619
vn -0.9213 -0.3158 0.2270
vn -0.6462 0.4486 -0.6174
vn -0.4024 0.1558 -0.9021
vn 0.1624 0.5888 -0.7918
vn 0.5791 0.0546 0.8134
vn 0.7403 -0.0506 0.6704
vn 0.2803 0.2480 -0.9273
vn 0.3736 -0.2053 0.9046
vn 0.9966 0.0812 0.0155
vn 0.5542 -0.6475 -0.5231
vn 0.6425 -0.7352 0.2161
vn 0.5400 -0.6581 0.5248
vn 0.1249 0.4481 0.8852
vn -0.0581 0.2645 0.9626
vn -0.4135 -0.0271 0.9101
vn -0.6003 0.0674 0.7969
vn -0.4847 0.0389 0.8738
vn -0.0350 0.9954 -0.0897
vn -0.4494 0.2889 -0.8453
vn -0.7005 0.0875 -0.7083
vn -0.9961 -0.0843 0.0259
vn -0.4658 -0.2358 -0.8529
vn -0.4554 -0.3095 -0.8348
vn 0.6138 -0.1066 -0.7822
vn 0.0192 0.0852 0.9962
vn -0.1705 0.0951 0.9808
vn 0.9880 0.1271 0.0876
vn -0.4946 -0.4586 -0.7383
vn 0.4505 0.3082 0.8379
vn 0.4101 0.2853 0.8663
vn -0.3453 0.5192 0.7818
vn -0.5381 0.3623 0.7610
vn -0.8421 0.4152 0.3443
vn -0.8184 0.3937 0.4187
vn -0.0448 0.1363 0.9897
vn -0.8246 0.1191 0.5530
vn -0.8158 0.3394 0.4683
vn -0.1188 0.4500 0.8851
vn -0.3564 -0.8048 0.4747
vn -0.7179 -0.2759 0.6391
vn 0.0021 -0.2756 -0.9613
vn -0.7638 -0.2448 -0.5972
vn 0.4595 -0.2462 0.8534
vn -0.1009 -0.3582 -0.9282
vn -0.8134 0.0343 0.5807
vn -0.9875 0.0215 0.1559
vn 0.0341 -0.5657 -0.8239
vn 0.3987 -0.8345 -0.3802
vn -0.4099 -0.2024 -0.8894
vn -0.0926 -0.7687 -0.6328
vn -0.0933 0.9020 0.4216
vn -0.5111 0.6817 0.5235
vn -0.0731 0.9306 0.3586
vn -0.9237 0.1656 0.3454
vn -0.6839 -0.7122 0.1582
vn 0.0151 0.4877 0.8729
vn 0.9303 0.2722 0.2459
vn -0.4498 0.8867 -0.1068
vn -0.0834 -0.5503 -0.8308
vn 0.3605 -0.7268 -0.5846
vn 0.8476 -0.4597 -0.2652
vn 0.4889 -0.7172 -0.4966
vn 0.6272 0.1139 -0.7705
vn 0.9562 0.0597 -0.2865
vn 0.9067 0.0945 -0.4111
vn 0.9843 0.1737 -0.0301
vn 0.6255 -0.1060 0.7730
vn 0.3778 0.2154 0.9005
vn 0.3950 0.2327 0.8887
vn 0.4324 0.4439 -0.7849
vn 0.3191 0.5899 -0.7417
vn -0.7158 -0.3232 0.6190
vn -0.4809 -0.1874 0.8565
vn -0.5233 0.1879 0.8312
vn -0.8368 -0.0185 0.5472
vn 0.3149 -0.4247 0.8488
vn 0.1620 -0.6673 0.7269
vn 0.7425 -0.1452 0.6539
vn 0.8007 0.1617 -0.5768
vn 0.5174 0.0886 -0.8511
vn 0.9777 0.0590 -0.2017
vn 0.9965 0.0833 0.0081
vn 0.9872 -0.1308 0.0914
vn -0.0240 0.9483 -0.3165
vn 0.1043 0.5734 -0.8126
vn 0.1008 -0.9007 -0.4226
vn 0.8903 -0.1033 -0.4436
vn -0.2597 0.0332 0.9651
vn 0.2063 0.7711 0.6024
vn 0.5436 -0.6204 0.5653
vn 0.6666 -0.4470 0.5966
vn -0.9692 -0.2458 -0.0164
vn 0.1614 0.9682 0.1911
vn 0.4342 -0.0780 -0.8975
vn -0.7663 0.2736 0.5813
vn -0.7577 -0.1915 0.6239
vn 0.6958 0.2481 -0.6741
vn 0.7437 0.1079 -0.6598
vn -0.7285 -0.1673 0.6643
vn 0.2410 0.0128 -0.9704
vn -0.0452 0.9229 -0.3823
vn -0.0517 0.8538 -0.5180
vn -0.1854 0.7400 -0.6465
vn 0.0081 0.9393 -0.3430
vn -0.8753 0.3803 -0.2987
vn -0.0409 0.8283 0.5588
vn -0.0676 0.8721 0.4847
vn 0.1164 0.9626 0.2445
vn 0.6710 0.1641 0.7231
vn -0.8717 0.4734 -0.1262
vn -0.3970 -0.8753 -0.2760
vn -0.3920 -0.0629 0.9178
vn -0.3678 0.2514 -0.8953
vn -0.2146 -0.3012 -0.9291
vn -0.9266 0.0351 -0.3744
vn 0.1058 0.0694 -0.9920
vn 0.2385 0.4385 0.8665
vn 0.2721 0.4246 0.8635
vn -0.0039 0.2768 0.9609
vn 0.2277 0.2290 0.9464
vn -0.8917 0.1212 0.4361
vn 0.3368 0.4432 -0.8308
vn 0.8233 0.4782 0.3059
vn 0.9021 0.0690 -0.4261
vn -0.4158 0.0712 0.9067
vn -0.3982 0.1388 0.9067
vn -0.4368 0.0175 0.8994
vn -0.3876 0.1579 0.9082
vn -0.1658 0.9147 0.3686
vn -0.1851 0.7526 0.6319
vn 0.4119 0.3776 0.8293
vn 0.6793 0.6613 0.3182
vn 0.6265 0.2647 0.7331
vn 0.4044 0.1385 0.9040
vn -0.0092 0.0091 -0.9999
vn -0.9377 -0.1057 0.3311
vn -0.9211 0.1309 0.3667
vn -0.3761 -0.7948 0.4763
vn -0.7366 -0.4484 0.5064
vn -0.1481 -0.9710 0.1875
vn -0.6600 0.2922 0.6921
vn 0.2420 -0.0036 0.9703
vn 0.2905 0.0252 0.9565
vn 0.2498 0.0149 0.9682
vn 0.2267 -0.0198 0.9738
vn 0.7086 -0.3316 0.6228
vn 0.6657 -0.7367 0.1189
vn 0.6506 -0.7548 0.0834
vn 0.5119 0.6281 -0.5861
vn 0.2759 0.3024 0.9124
vn 0.5064 0.6594 -0.5557
vn -0.1625 0.0869 0.9829
vn -0.4807 -0.2536 -0.8394
vn 0.5322 -0.0064 0.8466
vn -0.6843 -0.0466 -0.7277
vn 0.7162 -0.4365 0.5445
vn 0.8279 0.1892 0.5280
vn -0.2807 0.1384 0.9498
vn 0.2334 0.3987 -0.8869
vn 0.0933 0.2143 0.9723
vn -0.0920 0.1830 0.9788
vn 0.0877 0.2973 0.9507
vn -0.6712 0.7400 0.0433
vn 0.5093 0.1102 0.8535
vn 0.6570 0.3855 0.6479
vn 0.6924 -0.0465 0.7200
vn 0.6032 -0.0521 0.7959
vn 0.3795 0.3954 0.8364
vn -0.9131 -0.2567 0.3169
vn -0.9547 0.1861 0.2322
vn -0.5701 -0.2387 -0.7861
vn -0.8521 0.2590 -0.4548
vn -0.4123 0.2883 0.8642
vn -0.6540 -0.0503 0.7548
vn -0.1523 -0.9635 0.2204
vn 0.9225 0.2184 0.3182
vn -0.4646 -0.3368 -0.8190
vn -0.9276 -0.2372 -0.2887
vn -0.5652 0.1836 -0.8043
vn 0.6596 -0.7512 0.0253
vn 0.0826 -0.4621 0.8830
vn 0.2094 0.2151 0.9539
vn -0.1534 0.3715 0.9157
vn 0.9302 -0.2074 0.3027
vn 0.0283 -0.9011 0.4326
vn -0.9688 0.1416 0.2035
vn -0.5584 -0.6646 0.4965
vn -0.4696 -0.6820 0.5607
vn -0.1962 -0.4874 0.8509
vn -0.9794 -0.0562 -0.1941
vn 0.7700 0.3706 0.5193
vn 0.0000 0.5630 0.8265
vn -0.4514 0.0938 -0.8874
vn 0.3133 0.0138 0.9495
vn 0.2342 0.0165 0.9721
vn -0.5687 0.2009 0.7976
vn -0.1515 0.4589 0.8755
vn 0.8347 -0.0488 0.5486
vn 0.3138 -0.8936 0.3208
vn 0.3639 0.0153 0.9313
vn 0.0584 0.5678 -0.8211
vn -0.7303 -0.5690 -0.3780
vn -0.7173 0.0900 0.6910
vn -0.2866 -0.9577 0.0276
vn 0.3513 0.1673 -0.9212
vn -0.2675 0.2848 0.9205
vn -0.0379 0.2722 0.9615
vn -0.0044 0.1491 0.9888
vn -0.1666 0.0815 0.9826
vn 0.0812 0.4452 0.8917
vn 0.1118 0.0687 0.9914
vn 0.0023 -0.0153 0.9999
vn 0.1353 0.0425 0.9899
vn -0.1496 -0.0263 -0.9884
vn -0.8405 0.4722 0.2656
vn 0.8320 -0.1271 0.5400
vn -0.7512 0.5382 -0.3820
vn -0.8999 -0.3097 0.3069
vn -0.9519 -0.2152 0.2183
vn 0.9952 0.0863 0.0455
vn 0.3800 -0.8726 -0.3069
vn 0.5107 0.1628 -0.8442
vn -0.3754 0.1261 0.9182
vn -0.6348 0.0855 0.7679
vn -0.4382 0.4416 -0.7829
vn -0.7320 0.0276 -0.6808
vn -0.9468 0.2866 0.1461
vn 0.6034 -0.5675 0.5603
vn 0.9488 0.0915 -0.3024
vn -0.0304 -0.1572 0.9871
vn -0.0132 -0.1221 0.9924
vn -0.7071 -0.0882 0.7016
vn 0.7571 0.6446 0.1060
vn 0.7045 0.6362 -0.3146
vn 0.2838 0.8565 0.4312
vn 0.5807 -0.4877 0.6518
vn -0.7219 0.1086 -0.6834
vn -0.6026 0.6665 0.4389
vn -0.3986 0.4760 0.7839
vn -0.6885 0.7239 0.0443
vn 0.7213 0.0778 0.6883
vn 0.7195 -0.3527 0.5983
vn 0.5169 -0.7777 0.3578
vn 0.5686 -0.7220 0.3941
vn 0.6985 -0.7028 0.1345
vn 0.7665 -0.5596 0.3153
vn 0.3001 0.4633 0.8338
vn 0.4802 0.2258 0.8476
vn 0.6697 0.1670 0.7236
vn 0.9629 -0.0522 0.2647
vn -0.5024 0.3800 -0.7767
vn -0.9917 0.0601 0.1137
vn 0.3513 0.0622 0.9342
vn 0.4005 0.0856 0.9123
vn -0.2964 0.4065 0.8642
vn 0.5545 -0.2948 0.7782
vn 0.4864 -0.3402 0.8048
vn -0.7543 0.5022 0.4229
vn -0.5156 0.3730 -0.7714
vn -0.7078 0.6356 -0.3083
vn -0.8994 -0.0084 -0.4371
vn -0.1553 -0.6302 -0.7608
vn 0.1138 -0.1983 -0.9735
vn -0.8922 -0.3031 0.3348
vn -0.9289 0.0582 -0.3657
vn -0.0747 0.2726 0.9592
vn -0.2302 0.3183 0.9196
vn -0.7234 -0.1438 0.6753
vn 0.4261 -0.3540 -0.8325
vn -0.5914 0.1398 0.7942
vn -0.1882 0.2057 0.9603
vn -0.0049 -0.6866 -0.7270
vn -0.8705 0.4614 -0.1710
vn -0.1565 0.1772 -0.9717
vn -0.3044 -0.1848 0.9344
vn -0.0866 -0.3275 0.9409
vn -0.4999 -0.1802 0.8471
vn -0.7565 -0.1426 0.6383
vn 0.1562 0.3386 0.9279
vn 0.8154 0.4297 0.3879
vn -0.8934 0.0542 0.4459
vn 0.6515 -0.5078 -0.5636
vn 0.1185 0.4218 -0.8989
vn 0.0090 -0.0381 0.9992
vn 0.8234 0.0924 0.5599
vn 0.3438 0.1771 0.9222
vn 0.3175 0.1204 0.9406
vn -0.6675 0.0679 0.7415
vn 0.0254 0.0336 0.9991
vn -0.2330 -0.5793 0.7811
vn -0.3750 0.5015 0.7797
vn 0.1563 0.1384 0.9780
vn 0.9314 0.3283 0.1571
vn 0.7276 0.6629 0.1764
vn 0.8969 0.2723 0.3485
vn -0.3549 0.7345 -0.5784
vn 0.6473 -0.6749 -0.3542
vn 0.8221 -0.5263 -0.2172
vn 0.7380 -0.5540 -0.3853
vn 0.6088 0.4807 -0.6311
vn 0.4762 0.5835 -0.6578
vn -0.9958 0.0250 -0.0881
vn 0.0974 -0.6891 0.7181
vn 0.4696 -0.5670 0.6768
vn -0.0681 -0.8620 0.5023
vn 0.4963 -0.6783 0.5418
vn -0.0173 -0.9762 0.2161
vn 0.6875 0.0622 -0.7235
vn -0.3274 0.2478 0.9118
vn -0.3947 -0.4209 0.8167
vn 0.2157 0.0129 0.9764
vn 0.4923 -0.7929 -0.3592
vn 0.4190 0.7807 -0.4636
vn 0.3997 0.8756 -0.2713
vn -0.4371 -0.8067 -0.3977
vn 0.5661 -0.5061 0.6507
vn 0.6221 -0.4655 0.6295
vn -0.0106 -0.3479 0.9375
vn -0.8502 0.0269 -0.5258
vn 0.3181 -0.0324 0.9475
vn -0.7855 0.0476 -0.6170
vn -0.7278 -0.0039 0.6858
vn 0.6849 -0.2892 0.6687
vn 0.7277 0.1661 0.6655
vn 0.8733 -0.2021 -0.4434
vn 0.6007 -0.2700 0.7525
vn 0.5499 0.2010 -0.8107
vn 0.4526 0.2590 0.8533
vn 0.9166 0.0298 0.3986
vn 0.4056 0.0241 0.9137
vn -0.6559 -0.5415 -0.5259
vn 0.0171 -0.4988 -0.8665
vn -0.8501 -0.5224 0.0658
vn 0.4713 0.6403 -0.6065
vn 0.7629 0.1568 0.6272
vn 0.7765 0.3522 0.5225
vn -0.5662 -0.5723 0.5932
vn -0.0143 -0.1753 -0.9844
vn -0.7672 0.6102 -0.1974
vn 0.7427 0.2492 -0.6215
vn 0.8862 -0.1509 -0.4380
vn 0.5431 0.8053 -0.2377
vn -0.0357 0.9994 0.0000
vn 0.0427 0.5008 0.8645
vn -0.7734 -0.0201 0.6336
vn 0.5904 0.2704 0.7604
vn 0.7878 -0.1064 0.6066
vn -0.6276 0.5118 0.5867
vn -0.9289 -0.1506 0.3382
vn 0.8617 0.2425 0.4458
vn 0.9002 -0.2120 0.3805
vn 0.3496 -0.3831 0.8550
vn 0.9971 0.0767 0.0008
vn -0.3121 -0.2973 -0.9023
vn 0.3407 0.2686 0.9010
vn 0.7584 0.2185 0.6141
vn 0.6683 -0.7434 0.0262
vn -0.2255 0.3745 -0.8994
vn 0.1910 0.2434 0.9509
vn 0.3450 0.1255 0.9302
vn 0.1754 0.2835 0.9428
vn -0.0199 0.2153 0.9764
vn 0.3733 0.1508 0.9154
vn 0.9966 0.0705 0.0420
vn -0.0918 0.2003 0.9754
vn 0.5805 0.0177 0.8141
vn -0.2991 0.8473 -0.4389
vn -0.6379 0.6060 0.4753
vn -0.9109 0.4102 0.0453
vn -0.7816 0.1621 0.6024
vn 0.2277 0.1803 0.9569
vn 0.5649 0.5367 0.6267
vn 0.7633 -0.2930 0.5757
vn 0.3854 0.3913 -0.8357
vn 0.3810 0.8369 0.3929
vn -0.2522 -0.6989 0.6692
vn -0.7253 -0.4854 0.4882
vn 0.4312 -0.1660 0.8869
vn -0.0153 0.9999 -0.0007
vn 0.5431 0.6039 -0.5834
vn 0.7612 0.4946 0.4195
vn 0.3872 -0.4705 0.7929
vn 0.0231 -0.1343 -0.9907
vn 0.7289 -0.0385 -0.6836
vn -0.1925 0.1055 -0.9756
vn -0.7928 -0.1576 0.5887
vn -0.6096 -0.2653 0.7470
vn 0.9989 -0.0148 0.0434
vn -0.6191 -0.5611 0.5495
vn 0.2559 0.0679 0.9643
vn 0.7108 0.5866 -0.3880
vn -0.3880 -0.2589 -0.8845
vn 0.7402 -0.2108 -0.6384
vn 0.9263 0.3560 0.1233
vn -0.0314 -0.9956 -0.0884
vn -0.4155 -0.8465 0.3330
vn -0.0550 -0.0019 -0.9985
vn 0.0454 -0.9962 -0.0743
vn 0.0393 -0.0045 -0.9992
vn -0.6715 0.6696 -0.3174
vn -0.4844 -0.7499 0.4506
vn -0.1893 -0.0057 -0.9819
vn 0.0106 -0.7305 0.6828
vn -0.2991 -0.4763 -0.8268
vn 0.1238 -0.0619 0.9904
vn 0.5388 -0.7138 0.4474
vn -0.1172 -0.7158 -0.6884
vn 0.6692 0.6732 -0.3146
vt 0.214120 0.155916
vt 0.242252 0.189341
vt 0.201449 0.175864
vt 0.230432 0.151868
vt 0.239976 0.168752
vt 0.689535 0.184179
vt 0.701039 0.169801
vt 0.700960 0.190889
vt 0.690052 0.202457
vt 0.678991 0.196257
vt 0.660086 0.025947
vt 0.660739 0.019223
vt 0.663285 0.024100
vt 0.013184 0.533906
vt 0.008371 0.547304
vt 0.006699 0.533903
vt 0.014342 0.550702
vt 0.657780 0.019801
vt 0.683664 0.473509
vt 0.678280 0.458463
vt 0.700728 0.470376
vt 0.665422 0.481862
vt 0.683536 0.483618
vt 0.471878 0.154011
vt 0.466182 0.176292
vt 0.452560 0.158532
vt 0.491972 0.150847
vt 0.477025 0.174597
vt 0.485604 0.137032
vt 0.464515 0.148595
vt 0.374096 0.511657
vt 0.383240 0.494774
vt 0.399919 0.517037
vt 0.993065 0.521297
vt 0.972596 0.508442
vt 0.993065 0.507462
vt 0.390991 0.534349
vt 0.192973 0.342950
vt 0.167070 0.348155
vt 0.168532 0.333303
vt 0.224820 0.348157
vt 0.223615 0.359152
vt 0.191454 0.354583
vt 0.198374 0.328124
vt 0.196642 0.587973
vt 0.207175 0.600200
vt 0.189450 0.597134
vt 0.200540 0.586111
vt 0.174631 0.578175
vt 0.184060 0.569994
vt 0.046272 0.621124
vt 0.109014 0.645461
vt 0.044892 0.632508
vt 0.052259 0.612776
vt 0.047300 0.607103
vt 0.041139 0.617133
vt 0.038365 0.626764
vt 0.010309 0.162518
vt 0.016545 0.151945
vt 0.018160 0.166415
vt 0.012679 0.171306
vt 0.000918 0.151114
vt 0.007399 0.166668
vt 0.863186 0.175035
vt 0.849669 0.173653
vt 0.854241 0.166401
vt 0.856230 0.187296
vt 0.875962 0.921195
vt 0.861715 0.920324
vt 0.868372 0.905573
vt 0.874401 0.191833
vt 0.882366 0.907243
vt 0.872415 0.161912
vt 0.671787 0.494870
vt 0.673554 0.500420
vt 0.645807 0.506826
vt 0.665235 0.483970
vt 0.478047 0.906236
vt 0.495374 0.906798
vt 0.493786 0.924957
vt 0.455071 0.053698
vt 0.448621 0.064173
vt 0.438273 0.057476
vt 0.445374 0.046340
vt 0.476195 0.922875
vt 0.664932 0.126707
vt 0.672316 0.110391
vt 0.674130 0.126525
vt 0.650113 0.143246
vt 0.648710 0.127441
vt 0.674491 0.142139
vt 0.665193 0.142417
vt 0.661514 0.110448
vt 0.796131 0.738914
vt 0.799082 0.733559
vt 0.819415 0.737896
vt 0.815025 0.747736
vt 0.792498 0.742208
vt 0.767802 0.738737
vt 0.869740 0.595979
vt 0.863939 0.611333
vt 0.852953 0.606469
vt 0.882839 0.594845
vt 0.882689 0.583231
vt 0.867410 0.594486
vt 0.000203 0.075605
vt 0.023731 0.058510
vt 0.022284 0.075725
vt 0.005386 0.117921
vt 0.000223 0.102030
vt 0.017987 0.101122
vt 0.938151 0.969116
vt 0.946620 0.960939
vt 0.946372 0.977593
vt 0.849802 0.846061
vt 0.839417 0.829339
vt 0.854259 0.826066
vt 0.874366 0.832097
vt 0.837008 0.848184
vt 0.872852 0.857068
vt 0.847723 0.865857
vt 0.998227 0.229698
vt 0.990122 0.237751
vt 0.988722 0.228866
vt 0.997972 0.222570
vt 0.998848 0.237747
vt 0.200817 0.735015
vt 0.224411 0.744498
vt 0.201766 0.745864
vt 0.180266 0.738967
vt 0.223146 0.732073
vt 0.200161 0.722304
vt 0.927982 0.305237
vt 0.937463 0.316519
vt 0.928759 0.312419
vt 0.917216 0.312414
vt 0.918637 0.295767
vt 0.502714 0.132825
vt 0.505322 0.139212
vt 0.499612 0.141481
vt 0.933582 0.305317
vt 0.500333 0.133244
vt 0.010104 0.799534
vt 0.000062 0.770304
vt 0.011129 0.770184
vt 0.223563 0.555755
vt 0.199992 0.552025
vt 0.204958 0.541329
vt 0.242329 0.561116
vt 0.221360 0.566372
vt 0.480666 0.501961
vt 0.473530 0.506039
vt 0.478783 0.484941
vt 0.490968 0.522827
vt 0.023871 0.771328
vt 0.191359 0.694866
vt 0.196316 0.685137
vt 0.208208 0.697883
vt 0.510734 0.315003
vt 0.511345 0.342165
vt 0.502724 0.317038
vt 0.238347 0.423550
vt 0.247066 0.436476
vt 0.230039 0.428904
vt 0.497059 0.290264
vt 0.674686 0.439507
vt 0.663075 0.462191
vt 0.690382 0.444768
vt 0.650171 0.517857
vt 0.619891 0.526692
vt 0.634041 0.505417
vt 0.637221 0.544337
vt 0.661634 0.431706
vt 0.672193 0.427129
vt 0.689043 0.431832
vt 0.898098 0.136115
vt 0.903890 0.149826
vt 0.899865 0.152151
vt 0.894493 0.108934
vt 0.901659 0.131362
vt 0.442110 0.569741
vt 0.420088 0.560127
vt 0.423259 0.556220
vt 0.437420 0.577426
vt 0.458689 0.580476
vt 0.456814 0.588535
vt 0.432190 0.546742
vt 0.450492 0.559747
vt 0.665038 0.357110
vt 0.671311 0.347450
vt 0.678477 0.361255
vt 0.098641 0.587981
vt 0.104964 0.602182
vt 0.088308 0.596397
vt 0.273113 0.047990
vt 0.293061 0.058883
vt 0.276272 0.065904
vt 0.660981 0.344592
vt 0.668024 0.372067
vt 0.082105 0.585267
vt 0.353706 0.663007
vt 0.364915 0.660802
vt 0.354247 0.680944
vt 0.344830 0.679708
vt 0.327228 0.675000
vt 0.361253 0.644850
vt 0.340092 0.656218
vt 0.379511 0.887678
vt 0.382077 0.878101
vt 0.403550 0.894882
vt 0.392667 0.902578
vt 0.369535 0.894569
vt 0.611796 0.679625
vt 0.629893 0.682168
vt 0.608241 0.702545
vt 0.592697 0.699523
vt 0.597112 0.676362
vt 0.638941 0.908826
vt 0.645261 0.882124
vt 0.655627 0.898800
vt 0.628319 0.890397
vt 0.884643 0.974187
vt 0.904634 0.992476
vt 0.890126 0.994653
vt 0.900167 0.970488
vt 0.857953 0.885678
vt 0.865101 0.887112
vt 0.856360 0.890620
vt 0.852679 0.884894
vt 0.858528 0.878126
vt 0.149870 0.567292
vt 0.143402 0.537651
vt 0.167512 0.543881
vt 0.134145 0.550768
vt 0.404653 0.164111
vt 0.421158 0.172915
vt 0.401630 0.175812
vt 0.257631 0.429085
vt 0.266319 0.451098
vt 0.254617 0.445716
vt 0.253558 0.406820
vt 0.262417 0.406232
vt 0.268742 0.427909
vt 0.242047 0.424835
vt 0.652792 0.178858
vt 0.627559 0.177559
vt 0.617246 0.165798
vt 0.549595 0.314390
vt 0.562596 0.318701
vt 0.546960 0.331468
vt 0.653597 0.196588
vt 0.620480 0.205430
vt 0.641703 0.165413
vt 0.829470 0.694374
vt 0.829923 0.668992
vt 0.843848 0.671702
vt 0.848119 0.699464
vt 0.002937 0.244071
vt 0.002290 0.231139
vt 0.019878 0.231139
vt 0.020603 0.244928
vt 0.829820 0.706084
vt 0.453205 0.897550
vt 0.481590 0.888240
vt 0.479873 0.904818
vt 0.458274 0.880562
vt 0.292424 0.638606
vt 0.276710 0.642565
vt 0.280029 0.625488
vt 0.295365 0.627491
vt 0.310816 0.632584
vt 0.303680 0.650846
vt 0.286026 0.659348
vt 0.234856 0.796189
vt 0.240325 0.786359
vt 0.236045 0.807984
vt 0.230518 0.813737
vt 0.230732 0.797144
vt 0.230534 0.776933
vt 0.101489 0.260589
vt 0.102484 0.277611
vt 0.090125 0.263606
vt 0.090422 0.248350
vt 0.104237 0.245157
vt 0.111250 0.263318
vt 0.048974 0.167975
vt 0.061388 0.166265
vt 0.056615 0.195629
vt 0.199840 0.303940
vt 0.184107 0.303940
vt 0.198992 0.268903
vt 0.035744 0.172637
vt 0.212796 0.268694
vt 0.213774 0.303167
vt 0.751986 0.262267
vt 0.766712 0.256907
vt 0.752081 0.265864
vt 0.733117 0.263513
vt 0.744552 0.246725
vt 0.894050 0.560004
vt 0.883799 0.568136
vt 0.888723 0.550608
vt 0.891722 0.577709
vt 0.944321 0.709722
vt 0.949121 0.723102
vt 0.935012 0.715780
vt 0.901270 0.572564
vt 0.955326 0.710886
vt 0.881020 0.718552
vt 0.881448 0.737756
vt 0.880236 0.718949
vt 0.892673 0.733344
vt 0.878559 0.706718
vt 0.889086 0.715890
vt 0.045535 0.318417
vt 0.054083 0.315401
vt 0.047184 0.336980
vt 0.041655 0.491119
vt 0.040304 0.489698
vt 0.049324 0.471738
vt 0.055077 0.495790
vt 0.044453 0.318043
vt 0.028239 0.756732
vt 0.029760 0.781068
vt 0.022005 0.784017
vt 0.037421 0.780638
vt 0.046461 0.759208
vt 0.781082 0.334137
vt 0.777285 0.323914
vt 0.802174 0.319131
vt 0.024418 0.722747
vt 0.041033 0.731346
vt 0.747437 0.336006
vt 0.812289 0.333248
vt 0.815955 0.174096
vt 0.817829 0.150144
vt 0.826361 0.151802
vt 0.801952 0.157082
vt 0.583109 0.915122
vt 0.565386 0.932606
vt 0.572465 0.912492
vt 0.594441 0.911685
vt 0.598459 0.928595
vt 0.577417 0.898719
vt 0.589668 0.901742
vt 0.259317 0.867401
vt 0.275011 0.863051
vt 0.269600 0.870755
vt 0.256040 0.858766
vt 0.260290 0.875557
vt 0.251836 0.872934
vt 0.757824 0.932505
vt 0.742440 0.923623
vt 0.759653 0.929216
vt 0.734196 0.936474
vt 0.772298 0.935185
vt 0.769863 0.946147
vt 0.750893 0.947339
vt 0.580523 0.307726
vt 0.571498 0.307685
vt 0.574527 0.297297
vt 0.580501 0.320428
vt 0.578046 0.294878
vt 0.590285 0.303251
vt 0.597850 0.320788
vt 0.745791 0.873189
vt 0.744318 0.895047
vt 0.724099 0.879366
vt 0.737279 0.852206
vt 0.765648 0.890140
vt 0.767476 0.868523
vt 0.997875 0.278910
vt 0.989746 0.276392
vt 0.995900 0.265961
vt 0.859529 0.038700
vt 0.860112 0.025446
vt 0.868067 0.029544
vt 0.865223 0.042089
vt 0.487919 0.905618
vt 0.831835 0.661432
vt 0.111230 0.437804
vt 0.125315 0.441578
vt 0.111282 0.456596
vt 0.108715 0.421002
vt 0.122458 0.423724
vt 0.091974 0.434331
vt 0.830028 0.117223
vt 0.798707 0.129140
vt 0.820109 0.106242
vt 0.835574 0.119558
vt 0.835853 0.131745
vt 0.825531 0.102811
vt 0.163224 0.418280
vt 0.180159 0.395205
vt 0.193003 0.413760
vt 0.141493 0.421555
vt 0.151727 0.394992
vt 0.184402 0.430163
vt 0.162065 0.439309
vt 0.404748 0.498504
vt 0.382962 0.478591
vt 0.403413 0.487724
vt 0.930161 0.237786
vt 0.944138 0.231343
vt 0.939991 0.236053
vt 0.930998 0.240563
vt 0.922582 0.245841
vt 0.605573 0.641532
vt 0.624481 0.625457
vt 0.637939 0.644001
vt 0.604413 0.628748
vt 0.620196 0.660597
vt 0.600675 0.651520
vt 0.507309 0.741990
vt 0.548611 0.684227
vt 0.542806 0.744860
vt 0.506359 0.759713
vt 0.494101 0.758221
vt 0.030644 0.652959
vt 0.032248 0.639362
vt 0.485046 0.729990
vt 0.521118 0.762618
vt 0.092807 0.115606
vt 0.088178 0.097769
vt 0.098557 0.094212
vt 0.074032 0.139678
vt 0.071294 0.116290
vt 0.107341 0.107176
vt 0.109570 0.138747
vt 0.093618 0.140566
vt 0.936193 0.376643
vt 0.947800 0.384500
vt 0.934007 0.382993
vt 0.071880 0.044039
vt 0.080808 0.043862
vt 0.079419 0.059161
vt 0.948436 0.368684
vt 0.933867 0.372984
vt 0.069315 0.049639
vt 0.177146 0.787945
vt 0.215177 0.862004
vt 0.177567 0.868143
vt 0.216715 0.795844
vt 0.944408 0.326722
vt 0.947773 0.314713
vt 0.938014 0.342897
vt 0.935399 0.324791
vt 0.513908 0.660832
vt 0.518818 0.665707
vt 0.511910 0.668510
vt 0.506353 0.660909
vt 0.949358 0.340232
vt 0.084168 0.375350
vt 0.086619 0.399577
vt 0.077293 0.399906
vt 0.076301 0.375286
vt 0.084932 0.350177
vt 0.099901 0.351907
vt 0.097082 0.372659
vt 0.100701 0.388448
vt 0.946637 0.300215
vt 0.953241 0.312694
vt 0.941476 0.307867
vt 0.937301 0.290283
vt 0.945629 0.284632
vt 0.953800 0.295602
vt 0.288576 0.046909
vt 0.275669 0.045779
vt 0.288235 0.033368
vt 0.025011 0.785130
vt 0.031620 0.795308
vt 0.016652 0.791073
vt 0.900473 0.653220
vt 0.906708 0.660723
vt 0.898537 0.658373
vt 0.898147 0.652351
vt 0.909903 0.656913
vt 0.905843 0.650111
vt 0.900559 0.647192
vt 0.240908 0.011623
vt 0.229369 0.012203
vt 0.242798 0.000120
vt 0.257360 0.006893
vt 0.239591 0.020778
vt 0.509718 0.194087
vt 0.521394 0.203125
vt 0.515467 0.210189
vt 0.015165 0.923173
vt 0.026920 0.938970
vt 0.013223 0.944784
vt 0.032994 0.916539
vt 0.033145 0.926673
vt 0.450767 0.062881
vt 0.467903 0.067684
vt 0.461560 0.074056
vt 0.978873 0.406705
vt 0.979431 0.427842
vt 0.969320 0.423250
vt 0.468005 0.058515
vt 0.962701 0.410756
vt 0.961982 0.401234
vt 0.507076 0.211533
vt 0.926407 0.756136
vt 0.931291 0.741324
vt 0.934336 0.756627
vt 0.917185 0.755348
vt 0.922524 0.741140
vt 0.927630 0.768403
vt 0.920277 0.767539
vt 0.350029 0.547185
vt 0.339281 0.557379
vt 0.336862 0.538234
vt 0.352096 0.572493
vt 0.366400 0.555173
vt 0.368468 0.567845
vt 0.447672 0.491221
vt 0.438768 0.507721
vt 0.435879 0.496331
vt 0.366424 0.541136
vt 0.278698 0.210119
vt 0.254393 0.209096
vt 0.280413 0.188456
vt 0.296902 0.206609
vt 0.283166 0.224404
vt 0.253894 0.229975
vt 0.929204 0.067279
vt 0.918842 0.072111
vt 0.927453 0.062572
vt 0.939968 0.057064
vt 0.942100 0.062346
vt 0.810507 0.296947
vt 0.838894 0.296072
vt 0.835553 0.310264
vt 0.530113 0.859393
vt 0.539398 0.841254
vt 0.556756 0.859228
vt 0.504083 0.861713
vt 0.511264 0.847555
vt 0.525613 0.871873
vt 0.806157 0.310403
vt 0.757736 0.620848
vt 0.781185 0.619424
vt 0.768077 0.635692
vt 0.739274 0.607075
vt 0.767522 0.603029
vt 0.749763 0.638346
vt 0.744087 0.627020
vt 0.530066 0.128621
vt 0.547475 0.128982
vt 0.540254 0.148463
vt 0.081325 0.218068
vt 0.083526 0.192887
vt 0.093795 0.194287
vt 0.067370 0.219710
vt 0.070030 0.192889
vt 0.077829 0.192665
vt 0.094244 0.219686
vt 0.073459 0.233925
vt 0.091580 0.232453
vt 0.470292 0.661422
vt 0.484472 0.660533
vt 0.480135 0.668072
vt 0.467817 0.650058
vt 0.477786 0.656834
vt 0.458403 0.670287
vt 0.453831 0.653797
vt 0.561949 0.899930
vt 0.555601 0.914177
vt 0.538871 0.907532
vt 0.543644 0.894705
vt 0.546112 0.878705
vt 0.567183 0.880988
vt 0.506587 0.197050
vt 0.497307 0.222340
vt 0.484476 0.201465
vt 0.592255 0.397850
vt 0.591740 0.388468
vt 0.597725 0.386095
vt 0.583538 0.399541
vt 0.587073 0.388822
vt 0.988351 0.536492
vt 0.988351 0.557775
vt 0.961701 0.535385
vt 0.586069 0.412050
vt 0.924410 0.992348
vt 0.924349 0.973307
vt 0.942621 0.993354
vt 0.914483 0.993598
vt 0.910638 0.971380
vt 0.854488 0.763438
vt 0.847788 0.777808
vt 0.849334 0.759279
vt 0.855817 0.784903
vt 0.852943 0.743896
vt 0.001741 0.264680
vt 0.003357 0.250301
vt 0.032078 0.259633
vt 0.006614 0.279876
vt 0.961339 0.801710
vt 0.957169 0.809980
vt 0.952230 0.808182
vt 0.960856 0.792175
vt 0.962598 0.793132
vt 0.969590 0.802086
vt 0.962973 0.812287
vt 0.955551 0.800034
vt 0.415129 0.567727
vt 0.262971 0.242996
vt 0.273995 0.245541
vt 0.259123 0.273005
vt 0.249066 0.270883
vt 0.257161 0.240765
vt 0.438732 0.074269
vt 0.434760 0.080448
vt 0.429142 0.070753
vt 0.600023 0.572180
vt 0.588652 0.577253
vt 0.591485 0.571871
vt 0.605441 0.564843
vt 0.608122 0.571892
vt 0.594942 0.564287
vt 0.597723 0.579944
vt 0.357059 0.002625
vt 0.354415 0.014443
vt 0.342451 0.008129
vt 0.289155 0.895951
vt 0.268227 0.908757
vt 0.266744 0.893291
vt 0.719692 0.641069
vt 0.726834 0.627626
vt 0.728866 0.633235
vt 0.949682 0.316561
vt 0.975424 0.319627
vt 0.974993 0.333935
vt 0.980285 0.298280
vt 0.979264 0.309557
vt 0.266967 0.878177
vt 0.722525 0.626616
vt 0.960987 0.341081
vt 0.990102 0.616432
vt 0.970348 0.627919
vt 0.968848 0.614573
vt 0.716443 0.629355
vt 0.277558 0.867437
vt 0.950508 0.346076
vt 0.969936 0.265870
vt 0.971178 0.282394
vt 0.962797 0.272308
vt 0.031305 0.903117
vt 0.048081 0.888499
vt 0.055545 0.902536
vt 0.027789 0.897250
vt 0.513202 0.109678
vt 0.504210 0.086347
vt 0.520360 0.085317
vt 0.529414 0.108734
vt 0.498004 0.108304
vt 0.507081 0.121864
vt 0.896785 0.103378
vt 0.902421 0.088359
vt 0.904312 0.106625
vt 0.893509 0.085433
vt 0.875704 0.100843
vt 0.351145 0.899411
vt 0.326665 0.909926
vt 0.320276 0.882250
vt 0.353174 0.910951
vt 0.876608 0.120472
vt 0.584939 0.425131
vt 0.592840 0.420164
vt 0.590622 0.428412
vt 0.527664 0.670637
vt 0.525884 0.674777
vt 0.522414 0.670259
vt 0.486000 0.136757
vt 0.490794 0.139099
vt 0.495031 0.131345
vt 0.493559 0.137195
vt 0.585013 0.424851
vt 0.461778 0.742682
vt 0.468530 0.749327
vt 0.459419 0.749863
vt 0.435243 0.769324
vt 0.444391 0.765645
vt 0.440343 0.775969
vt 0.552552 0.018892
vt 0.541728 0.038792
vt 0.532680 0.028539
vt 0.456819 0.744634
vt 0.559685 0.034082
vt 0.571669 0.017310
vt 0.376130 0.645657
vt 0.367949 0.647156
vt 0.371580 0.640434
vt 0.370624 0.652814
vt 0.381842 0.648678
vt 0.379188 0.640222
vt 0.382151 0.643085
vt 0.360803 0.067598
vt 0.344717 0.087072
vt 0.342577 0.074847
vt 0.356887 0.082282
vt 0.310830 0.318482
vt 0.292984 0.305157
vt 0.312971 0.297152
vt 0.289214 0.322966
vt 0.306174 0.341824
vt 0.377457 0.063360
vt 0.022298 0.084631
vt 0.038289 0.098050
vt 0.017078 0.096444
vt 0.712902 0.575766
vt 0.726480 0.557718
vt 0.738682 0.556214
vt 0.011144 0.084418
vt 0.987323 0.165493
vt 0.962793 0.169872
vt 0.962408 0.165493
vt 0.009412 0.215286
vt 0.014988 0.190935
vt 0.013241 0.215286
vt 0.987077 0.152570
vt 0.000223 0.190541
vt 0.010566 0.190876
vt 0.987389 0.170801
vt 0.000100 0.214866
vt 0.269885 0.139649
vt 0.276544 0.123918
vt 0.280514 0.131050
vt 0.826410 0.748808
vt 0.826369 0.753684
vt 0.273949 0.140570
vt 0.268333 0.128534
vt 0.835551 0.745816
vt 0.680108 0.037003
vt 0.667131 0.022512
vt 0.679758 0.009631
vt 0.680930 0.042140
vt 0.591776 0.849646
vt 0.593964 0.855922
vt 0.578783 0.863019
vt 0.585199 0.844052
vt 0.603867 0.842072
vt 0.280284 0.246406
vt 0.274984 0.274678
vt 0.289087 0.277041
vt 0.293157 0.247422
vt 0.412673 0.571935
vt 0.435368 0.582229
vt 0.134630 0.165813
vt 0.128136 0.194794
vt 0.123142 0.167501
vt 0.099198 0.764769
vt 0.106958 0.766546
vt 0.109109 0.770931
vt 0.087248 0.762375
vt 0.094918 0.756191
vt 0.100363 0.757730
vt 0.986278 0.628363
vt 0.973659 0.628363
vt 0.984982 0.620857
vt 0.299595 0.511985
vt 0.315903 0.490843
vt 0.319382 0.511992
vt 0.452203 0.749289
vt 0.437872 0.739138
vt 0.461303 0.727343
vt 0.295207 0.495396
vt 0.299843 0.529634
vt 0.429146 0.758024
vt 0.261608 0.891548
vt 0.260554 0.908240
vt 0.961127 0.614668
vt 0.544657 0.653118
vt 0.560209 0.660526
vt 0.540762 0.676862
vt 0.406616 0.539646
vt 0.401705 0.548062
vt 0.852248 0.290880
vt 0.854277 0.269076
vt 0.864957 0.274014
vt 0.412064 0.528362
vt 0.859218 0.293940
vt 0.839680 0.156674
vt 0.842788 0.148984
vt 0.846220 0.155057
vt 0.830141 0.149596
vt 0.834548 0.148312
vt 0.840163 0.161050
vt 0.314747 0.790586
vt 0.298821 0.774796
vt 0.314424 0.779058
vt 0.314153 0.833928
vt 0.298320 0.832409
vt 0.378101 0.235851
vt 0.379576 0.219711
vt 0.399892 0.235259
vt 0.401136 0.280413
vt 0.288227 0.832587
vt 0.298082 0.785235
vt 0.033372 0.833616
vt 0.052952 0.841534
vt 0.035355 0.851858
vt 0.972170 0.265154
vt 0.980529 0.277230
vt 0.972004 0.281443
vt 0.984343 0.251668
vt 0.984841 0.265261
vt 0.968798 0.250295
vt 0.959978 0.262642
vt 0.448593 0.980758
vt 0.453305 0.989264
vt 0.431049 0.986141
vt 0.445800 0.968772
vt 0.849702 0.383642
vt 0.861259 0.402339
vt 0.851060 0.399165
vt 0.859901 0.386815
vt 0.861220 0.371699
vt 0.855104 0.364397
vt 0.065715 0.821265
vt 0.083491 0.840789
vt 0.072434 0.841515
vt 0.054404 0.840083
vt 0.051241 0.823939
vt 0.065271 0.813391
vt 0.081879 0.812359
vt 0.831424 0.988567
vt 0.823425 0.983308
vt 0.832805 0.983413
vt 0.821978 0.988025
vt 0.822940 0.993305
vt 0.911964 0.953622
vt 0.910701 0.959406
vt 0.901805 0.955068
vt 0.130135 0.387746
vt 0.128357 0.398854
vt 0.116482 0.387158
vt 0.129607 0.375938
vt 0.020985 0.449839
vt 0.027173 0.423480
vt 0.043394 0.447982
vt 0.038504 0.469506
vt 0.017364 0.472722
vt 0.179031 0.737794
vt 0.187696 0.713616
vt 0.191036 0.726524
vt 0.176871 0.722656
vt 0.158138 0.738356
vt 0.148242 0.137021
vt 0.139451 0.125975
vt 0.152719 0.125358
vt 0.014792 0.344896
vt 0.001496 0.337220
vt 0.020203 0.335366
vt 0.136473 0.146125
vt 0.001129 0.352075
vt 0.169135 0.135395
vt 0.656824 0.664543
vt 0.660421 0.644145
vt 0.670141 0.666603
vt 0.656655 0.685394
vt 0.644245 0.665037
vt 0.860845 0.304638
vt 0.857977 0.318669
vt 0.670189 0.691108
vt 0.813572 0.341949
vt 0.828945 0.343231
vt 0.816019 0.345444
vt 0.799212 0.336377
vt 0.828898 0.585206
vt 0.823697 0.595563
vt 0.815965 0.587036
vt 0.845676 0.591941
vt 0.839358 0.601034
vt 0.833857 0.576080
vt 0.819391 0.579342
vt 0.490658 0.258665
vt 0.487462 0.260913
vt 0.487720 0.255381
vt 0.498857 0.266036
vt 0.491627 0.273984
vt 0.491692 0.252343
vt 0.846310 0.077619
vt 0.836814 0.096878
vt 0.823736 0.083158
vt 0.833200 0.067018
vt 0.607414 0.673604
vt 0.628803 0.680902
vt 0.582171 0.668308
vt 0.588811 0.654896
vt 0.372157 0.718127
vt 0.363571 0.706050
vt 0.377528 0.708026
vt 0.582197 0.450616
vt 0.591224 0.451166
vt 0.589879 0.456326
vt 0.576616 0.453185
vt 0.362316 0.714860
vt 0.580891 0.442822
vt 0.684819 0.832914
vt 0.656215 0.830989
vt 0.658933 0.801439
vt 0.707089 0.821738
vt 0.701875 0.836469
vt 0.281894 0.955261
vt 0.266433 0.968701
vt 0.262333 0.943673
vt 0.281915 0.926012
vt 0.693044 0.808442
vt 0.698767 0.846431
vt 0.059172 0.607581
vt 0.066900 0.600078
vt 0.075693 0.609546
vt 0.053817 0.604901
vt 0.221805 0.062407
vt 0.240948 0.065953
vt 0.229256 0.076190
vt 0.789461 0.285372
vt 0.773645 0.288412
vt 0.771135 0.274880
vt 0.008374 0.575083
vt 0.016079 0.585687
vt 0.000050 0.581735
vt 0.787247 0.272331
vt 0.948127 0.056833
vt 0.955905 0.052686
vt 0.955298 0.054534
vt 0.948847 0.060207
vt 0.948690 0.053227
vt 0.540263 0.256779
vt 0.558101 0.251385
vt 0.546446 0.268193
vt 0.519505 0.272252
vt 0.518615 0.261288
vt 0.522136 0.244971
vt 0.538743 0.242421
vt 0.407190 0.770274
vt 0.400832 0.784762
vt 0.402393 0.769271
vt 0.015242 0.708853
vt 0.023287 0.705968
vt 0.022807 0.718086
vt 0.012073 0.697402
vt 0.407835 0.753796
vt 0.308869 0.961311
vt 0.302568 0.944141
vt 0.314627 0.936779
vt 0.550101 0.066184
vt 0.579787 0.070608
vt 0.562316 0.076751
vt 0.287562 0.957969
vt 0.330019 0.971825
vt 0.311978 0.971658
vt 0.298293 0.973330
vt 0.892227 0.923507
vt 0.902492 0.902984
vt 0.920857 0.915647
vt 0.911073 0.934914
vt 0.886611 0.934672
vt 0.995238 0.702223
vt 0.980825 0.702223
vt 0.991552 0.684874
vt 0.878430 0.919252
vt 0.258420 0.647470
vt 0.261488 0.628208
vt 0.273533 0.656757
vt 0.809834 0.463995
vt 0.813623 0.504518
vt 0.800102 0.497184
vt 0.784269 0.446131
vt 0.800164 0.447032
vt 0.790925 0.465332
vt 0.798413 0.474356
vt 0.816324 0.473097
vt 0.055891 0.164893
vt 0.043484 0.147999
vt 0.060086 0.157930
vt 0.054616 0.513866
vt 0.039898 0.498188
vt 0.056346 0.498657
vt 0.072384 0.526721
vt 0.068073 0.537655
vt 0.072958 0.511746
vt 0.040675 0.519060
vt 0.382615 0.439324
vt 0.358523 0.419312
vt 0.385611 0.422330
vt 0.407248 0.461460
vt 0.378278 0.453774
vt 0.413551 0.442482
vt 0.411016 0.451679
vt 0.356594 0.433844
vt 0.883837 0.021421
vt 0.882191 0.033002
vt 0.874187 0.031454
vt 0.890194 0.023491
vt 0.876559 0.019680
vt 0.926803 0.140975
vt 0.918259 0.132943
vt 0.929968 0.131528
vt 0.454109 0.755495
vt 0.470517 0.759278
vt 0.460811 0.762848
vt 0.451032 0.751200
vt 0.449126 0.760962
vt 0.447313 0.757152
vt 0.389651 0.643003
vt 0.384307 0.637961
vt 0.386980 0.635182
vt 0.395417 0.640051
vt 0.396418 0.645130
vt 0.319602 0.215410
vt 0.331241 0.223225
vt 0.322747 0.232994
vt 0.303982 0.217938
vt 0.381044 0.080818
vt 0.376237 0.073228
vt 0.399355 0.071017
vt 0.396369 0.082843
vt 0.381802 0.082994
vt 0.366032 0.094918
vt 0.365203 0.092706
vt 0.767567 0.018914
vt 0.756345 0.014830
vt 0.771524 0.007954
vt 0.122893 0.268411
vt 0.119161 0.275097
vt 0.115733 0.259107
vt 0.122151 0.257682
vt 0.989553 0.763821
vt 0.993570 0.771904
vt 0.984669 0.764987
vt 0.766485 0.027503
vt 0.939250 0.171052
vt 0.226608 0.095847
vt 0.248524 0.099865
vt 0.239897 0.114292
vt 0.224877 0.114017
vt 0.216195 0.103665
vt 0.217893 0.083767
vt 0.238781 0.087397
vt 0.921629 0.509642
vt 0.915698 0.507977
vt 0.921110 0.487777
vt 0.935013 0.489900
vt 0.939612 0.510100
vt 0.916808 0.526282
vt 0.911003 0.522258
vt 0.009370 0.880208
vt 0.000661 0.875142
vt 0.008031 0.870686
vt 0.015320 0.873138
vt 0.003771 0.886631
vt 0.016913 0.881466
vt 0.010864 0.890334
vt 0.046991 0.688446
vt 0.058516 0.698543
vt 0.046260 0.707980
vt 0.028973 0.685227
vt 0.039060 0.676790
vt 0.057975 0.679671
vt 0.034044 0.697850
vt 0.228832 0.496335
vt 0.240069 0.489849
vt 0.237626 0.508479
vt 0.225400 0.514626
vt 0.225962 0.480985
vt 0.216337 0.505287
vt 0.160509 0.987484
vt 0.168361 0.980545
vt 0.170908 0.989871
vt 0.160540 0.975222
vt 0.864923 0.304932
vt 0.881290 0.314670
vt 0.882983 0.329688
vt 0.318758 0.070764
vt 0.314417 0.044845
vt 0.332293 0.060044
vt 0.883879 0.306416
vt 0.326652 0.076023
vt 0.313223 0.083712
vt 0.878445 0.284075
vt 0.358518 0.298951
vt 0.348671 0.341822
vt 0.342628 0.298564
vt 0.374976 0.339701
vt 0.348948 0.269988
vt 0.362891 0.274781
vt 0.373524 0.287891
vt 0.997734 0.526977
vt 0.978940 0.529954
vt 0.969487 0.508027
vt 0.592812 0.739629
vt 0.626508 0.758703
vt 0.592093 0.760239
vt 0.619024 0.737212
vt 0.571404 0.737919
vt 0.576846 0.724560
vt 0.596311 0.727880
vt 0.847875 0.897641
vt 0.849623 0.892579
vt 0.851950 0.891838
vt 0.849161 0.905673
vt 0.841715 0.904328
vt 0.842584 0.897269
vt 0.854534 0.896373
vt 0.846661 0.891846
vt 0.634566 0.604115
vt 0.612990 0.606894
vt 0.642229 0.624127
vt 0.654697 0.622405
vt 0.788176 0.061873
vt 0.797377 0.070498
vt 0.779080 0.067331
vt 0.647102 0.601295
vt 0.615858 0.583926
vt 0.577165 0.507658
vt 0.590325 0.502139
vt 0.582620 0.519660
vt 0.566038 0.511227
vt 0.571789 0.494963
vt 0.265110 0.310956
vt 0.250099 0.306922
vt 0.261348 0.274696
vt 0.108975 0.167675
vt 0.118396 0.166778
vt 0.108245 0.196293
vt 0.275931 0.278184
vt 0.306434 0.247548
vt 0.299126 0.278098
vt 0.297694 0.248396
vt 0.094818 0.165242
vt 0.285432 0.281530
vt 0.495880 0.663737
vt 0.492415 0.673916
vt 0.488663 0.659224
vt 0.359089 0.439202
vt 0.322164 0.454179
vt 0.331012 0.432962
vt 0.350702 0.429967
vt 0.364131 0.458277
vt 0.421011 0.940844
vt 0.438418 0.940853
vt 0.428047 0.954652
vt 0.125980 0.053962
vt 0.116640 0.040249
vt 0.123570 0.045449
vt 0.577741 0.412689
vt 0.565116 0.417679
vt 0.573161 0.405226
vt 0.582280 0.038422
vt 0.592153 0.017250
vt 0.635202 0.036868
vt 0.927276 0.020150
vt 0.975855 0.019273
vt 0.936556 0.045647
vt 0.659799 0.714380
vt 0.650124 0.716230
vt 0.656882 0.699663
vt 0.245763 0.615582
vt 0.244037 0.629641
vt 0.229796 0.613603
vt 0.246007 0.603968
vt 0.672695 0.711330
vt 0.842934 0.769907
vt 0.846762 0.802165
vt 0.843336 0.789968
vt 0.250732 0.724002
vt 0.253148 0.710839
vt 0.263868 0.719794
vt 0.264302 0.735452
vt 0.244757 0.716265
vt 0.250371 0.736952
vt 0.243136 0.728187
vt 0.957924 0.663673
vt 0.966445 0.665833
vt 0.960038 0.667056
vt 0.956626 0.654515
vt 0.964533 0.658036
vt 0.090911 0.234998
vt 0.073128 0.235701
vt 0.951942 0.669275
vt 0.310169 0.131046
vt 0.324743 0.130761
vt 0.323313 0.144720
vt 0.310302 0.148300
vt 0.811867 0.815326
vt 0.819143 0.830928
vt 0.805321 0.813364
vt 0.824211 0.813272
vt 0.814480 0.806310
vt 0.840075 0.007402
vt 0.840621 0.020140
vt 0.833153 0.015875
vt 0.134330 0.971842
vt 0.143482 0.958538
vt 0.151302 0.985990
vt 0.123135 0.994202
vt 0.124591 0.959846
vt 0.118840 0.978663
vt 0.116181 0.964251
vt 0.499054 0.040735
vt 0.485461 0.050254
vt 0.489664 0.040435
vt 0.933932 0.971105
vt 0.925067 0.962721
vt 0.933054 0.949150
vt 0.946900 0.957433
vt 0.930827 0.972381
vt 0.499481 0.037066
vt 0.310396 0.100054
vt 0.296835 0.111841
vt 0.294268 0.100702
vt 0.580936 0.564064
vt 0.566490 0.553128
vt 0.580965 0.553280
vt 0.312291 0.085739
vt 0.310231 0.111131
vt 0.563981 0.563358
vt 0.580118 0.579698
vt 0.150047 0.685080
vt 0.167161 0.668672
vt 0.176811 0.682572
vt 0.137791 0.710647
vt 0.123239 0.703448
vt 0.153978 0.716015
vt 0.547629 0.960484
vt 0.551778 0.980264
vt 0.537575 0.978289
vt 0.177563 0.697177
vt 0.170310 0.707467
vt 0.125458 0.683481
vt 0.208041 0.891089
vt 0.198439 0.882113
vt 0.206212 0.879611
vt 0.201221 0.894691
vt 0.210877 0.904540
vt 0.505686 0.820533
vt 0.495199 0.810482
vt 0.512470 0.797222
vt 0.524263 0.809898
vt 0.521680 0.832538
vt 0.493697 0.832992
vt 0.483124 0.822538
vt 0.868201 0.766579
vt 0.865292 0.744438
vt 0.877599 0.762197
vt 0.874342 0.780009
vt 0.864445 0.784325
vt 0.860050 0.765119
vt 0.397586 0.780354
vt 0.401374 0.757907
vt 0.394679 0.795843
vt 0.391516 0.787009
vt 0.011458 0.504414
vt 0.021865 0.512256
vt 0.008962 0.518157
vt 0.000002 0.507762
vt 0.599171 0.542043
vt 0.594382 0.536023
vt 0.610325 0.522289
vt 0.600050 0.554477
vt 0.591718 0.553292
vt 0.586561 0.546974
vt 0.619608 0.824799
vt 0.616428 0.822954
vt 0.623600 0.820016
vt 0.881591 0.660844
vt 0.879079 0.646800
vt 0.888600 0.650951
vt 0.616838 0.827056
vt 0.892372 0.660258
vt 0.627397 0.823774
vt 0.625227 0.827237
vt 0.010151 0.389817
vt 0.016422 0.407818
vt 0.012787 0.409000
vt 0.015053 0.140762
vt 0.000036 0.127399
vt 0.015053 0.126595
vt 0.996804 0.070105
vt 0.978742 0.070557
vt 0.980596 0.064206
vt 0.995611 0.064199
vt 0.014530 0.390460
vt 0.952830 0.227414
vt 0.950764 0.236454
vt 0.361341 0.403130
vt 0.387947 0.404636
vt 0.360337 0.387443
vt 0.224671 0.760463
vt 0.222469 0.773841
vt 0.202404 0.756128
vt 0.224701 0.747473
vt 0.730363 0.338527
vt 0.736991 0.327110
vt 0.747708 0.338678
vt 0.743658 0.349547
vt 0.727543 0.359571
vt 0.714643 0.342733
vt 0.724926 0.324321
vt 0.721684 0.351853
vt 0.674667 0.885796
vt 0.587881 0.169345
vt 0.560763 0.168079
vt 0.572212 0.151897
vt 0.626186 0.704188
vt 0.576355 0.185990
vt 0.888085 0.883556
vt 0.886249 0.876266
vt 0.890757 0.873700
vt 0.894332 0.878438
vt 0.896288 0.886696
vt 0.891726 0.890984
vt 0.883002 0.884908
vt 0.741160 0.779115
vt 0.741726 0.764796
vt 0.760158 0.775861
vt 0.761059 0.803713
vt 0.736278 0.804901
vt 0.308366 0.844365
vt 0.317227 0.763665
vt 0.299556 0.764796
vt 0.307500 0.749592
vt 0.289835 0.844309
vt 0.980736 0.824233
vt 0.968285 0.832013
vt 0.970645 0.817257
vt 0.857152 0.467432
vt 0.855964 0.480755
vt 0.849766 0.470944
vt 0.847720 0.458891
vt 0.854997 0.455595
vt 0.866657 0.463411
vt 0.864210 0.476746
vt 0.189816 0.978048
vt 0.179225 0.971067
vt 0.187668 0.961854
vt 0.178377 0.979914
vt 0.193002 0.986413
vt 0.203174 0.977603
vt 0.264589 0.039854
vt 0.261892 0.050423
vt 0.265457 0.029798
vt 0.277111 0.028416
vt 0.921028 0.664480
vt 0.909887 0.664825
vt 0.632609 0.847978
vt 0.629702 0.851332
vt 0.623896 0.845918
vt 0.630113 0.842938
vt 0.634538 0.840990
vt 0.931435 0.653762
vt 0.932153 0.670789
vt 0.625587 0.845015
vt 0.920500 0.646917
vt 0.720569 0.902745
vt 0.732677 0.923014
vt 0.718738 0.915980
vt 0.741522 0.918577
vt 0.729849 0.898145
vt 0.716395 0.898192
vt 0.721229 0.885939
vt 0.020613 0.912725
vt 0.037248 0.913306
vt 0.021006 0.919620
vt 0.826122 0.914066
vt 0.823618 0.920945
vt 0.808058 0.910700
vt 0.016130 0.907518
vt 0.034594 0.905959
vt 0.036301 0.909345
vt 0.824268 0.907023
vt 0.914181 0.884438
vt 0.924779 0.877398
vt 0.936346 0.890510
vt 0.925155 0.903104
vt 0.907983 0.895488
vt 0.058898 0.857296
vt 0.069549 0.848998
vt 0.076366 0.858441
vt 0.902956 0.886562
vt 0.966358 0.474966
vt 0.958744 0.474824
vt 0.961830 0.466346
vt 0.964381 0.484468
vt 0.969018 0.467878
vt 0.974964 0.477830
vt 0.975595 0.485049
vt 0.055452 0.447987
vt 0.064527 0.447821
vt 0.061337 0.472009
vt 0.061965 0.424073
vt 0.049826 0.423396
vt 0.391767 0.711951
vt 0.381665 0.690474
vt 0.403877 0.694907
vt 0.388588 0.727849
vt 0.380528 0.718364
vt 0.306776 0.433324
vt 0.315452 0.427774
vt 0.402773 0.717585
vt 0.401198 0.731799
vt 0.893484 0.253485
vt 0.928253 0.251276
vt 0.923167 0.267827
vt 0.699242 0.460633
vt 0.418831 0.625400
vt 0.427980 0.630196
vt 0.422111 0.634916
vt 0.410400 0.621716
vt 0.417454 0.610704
vt 0.427031 0.621219
vt 0.415279 0.631498
vt 0.587237 0.725134
vt 0.578430 0.722027
vt 0.584005 0.696063
vt 0.046589 0.030310
vt 0.028710 0.028419
vt 0.035245 0.023206
vt 0.048733 0.021725
vt 0.039257 0.045526
vt 0.920962 0.356998
vt 0.916900 0.350382
vt 0.924321 0.351413
vt 0.932213 0.358811
vt 0.053997 0.039685
vt 0.346892 0.475798
vt 0.316543 0.474992
vt 0.306585 0.457741
vt 0.528088 0.285656
vt 0.511651 0.289628
vt 0.508262 0.284470
vt 0.542721 0.291374
vt 0.536692 0.297068
vt 0.535918 0.277592
vt 0.367473 0.151683
vt 0.381217 0.146117
vt 0.381298 0.152177
vt 0.368686 0.159718
vt 0.365444 0.141376
vt 0.357562 0.153923
vt 0.560904 0.283370
vt 0.566993 0.279483
vt 0.564299 0.288872
vt 0.565749 0.277497
vt 0.851139 0.145797
vt 0.863079 0.154074
vt 0.854294 0.155245
vt 0.561303 0.292865
vt 0.555937 0.286694
vt 0.074682 0.967878
vt 0.063803 0.978097
vt 0.062843 0.975566
vt 0.412309 0.115559
vt 0.394029 0.132455
vt 0.384610 0.111471
vt 0.407937 0.097314
vt 0.418005 0.110195
vt 0.427352 0.122405
vt 0.862413 0.013686
vt 0.871082 0.017807
vt 0.998398 0.253421
vt 0.127583 0.856768
vt 0.126378 0.876254
vt 0.122965 0.858841
vt 0.140422 0.837858
vt 0.150190 0.851612
vt 0.118731 0.844304
vt 0.138031 0.872573
vt 0.581434 0.544589
vt 0.568845 0.544572
vt 0.569108 0.541663
vt 0.580894 0.541061
vt 0.312338 0.118242
vt 0.300511 0.120291
vt 0.300024 0.123899
vt 0.310033 0.122653
vt 0.000733 0.760337
vt 0.003980 0.750074
vt 0.008224 0.754588
vt 0.651474 0.020769
vt 0.656925 0.023849
vt 0.655985 0.025786
vt 0.007544 0.763894
vt 0.642958 0.024867
vt 0.648476 0.011712
vt 0.655549 0.006788
vt 0.975987 0.966435
vt 0.965245 0.979004
vt 0.955921 0.969620
vt 0.964393 0.959800
vt 0.980683 0.950862
vt 0.560498 0.802523
vt 0.569395 0.787715
vt 0.576281 0.815260
vt 0.542583 0.794211
vt 0.548377 0.777843
vt 0.559253 0.822356
vt 0.542179 0.814707
vt 0.086423 0.550864
vt 0.077733 0.545905
vt 0.079512 0.537938
vt 0.097294 0.545152
vt 0.849549 0.890522
vt 0.273301 0.405987
vt 0.292688 0.406494
vt 0.278000 0.426845
vt 0.274396 0.384112
vt 0.552839 0.481931
vt 0.566362 0.478904
vt 0.559319 0.496092
vt 0.545824 0.497952
vt 0.541116 0.483713
vt 0.319884 0.729343
vt 0.326461 0.709579
vt 0.339282 0.717228
vt 0.308310 0.720135
vt 0.557568 0.464351
vt 0.059840 0.094906
vt 0.073548 0.097126
vt 0.050626 0.106075
vt 0.461590 0.216293
vt 0.462550 0.201027
vt 0.476001 0.216754
vt 0.019793 0.501619
vt 0.463019 0.229392
vt 0.439605 0.482613
vt 0.407406 0.473116
vt 0.411022 0.465439
vt 0.653965 0.551950
vt 0.654876 0.542055
vt 0.683261 0.545148
vt 0.446093 0.469848
vt 0.682501 0.553357
vt 0.414286 0.364275
vt 0.384112 0.362817
vt 0.411568 0.352965
vt 0.413175 0.373960
vt 0.387158 0.381138
vt 0.497611 0.684863
vt 0.488654 0.682053
vt 0.501102 0.677185
vt 0.508543 0.683151
vt 0.492760 0.694137
vt 0.506942 0.691036
vt 0.361745 0.735818
vt 0.386946 0.733153
vt 0.380052 0.740173
vt 0.357926 0.785263
vt 0.348274 0.733579
vt 0.366385 0.725831
vt 0.249888 0.485269
vt 0.257047 0.500403
vt 0.252108 0.467920
vt 0.257937 0.482476
vt 0.239132 0.472944
vt 0.285587 0.934897
vt 0.280020 0.914403
vt 0.303961 0.916012
vt 0.640936 0.686695
vt 0.644024 0.702537
vt 0.635449 0.701737
vt 0.794609 0.841318
vt 0.792265 0.853935
vt 0.776176 0.844721
vt 0.880627 0.329153
vt 0.852986 0.335562
vt 0.906786 0.134975
vt 0.907797 0.149195
vt 0.903966 0.159905
vt 0.966799 0.380193
vt 0.966209 0.358885
vt 0.981716 0.377590
vt 0.582520 0.974788
vt 0.578337 0.961096
vt 0.595648 0.970824
vt 0.982194 0.386183
vt 0.574207 0.971141
vt 0.602284 0.975010
vt 0.605051 0.986749
vt 0.964653 0.388815
vt 0.850125 0.189254
vt 0.841625 0.174053
vt 0.846302 0.168575
vt 0.283107 0.750168
vt 0.280157 0.736728
vt 0.291830 0.738465
vt 0.295925 0.750146
vt 0.285578 0.759880
vt 0.264673 0.748770
vt 0.266708 0.758626
vt 0.039431 0.871757
vt 0.013592 0.859257
vt 0.059041 0.862216
vt 0.018140 0.880748
vt 0.670123 0.093765
vt 0.680585 0.094125
vt 0.682819 0.110053
vt 0.731597 0.269584
vt 0.712596 0.262833
vt 0.710631 0.269669
vt 0.753805 0.280008
vt 0.732801 0.282163
vt 0.706794 0.278337
vt 0.927747 0.300664
vt 0.043192 0.000094
vt 0.062861 0.001815
vt 0.049195 0.016743
vt 0.422784 0.035781
vt 0.415307 0.030091
vt 0.427842 0.026853
vt 0.901621 0.743982
vt 0.900953 0.723932
vt 0.920751 0.729920
vt 0.246344 0.271679
vt 0.241202 0.305395
vt 0.229743 0.303542
vt 0.232212 0.271251
vt 0.255368 0.273560
vt 0.782589 0.754406
vt 0.787102 0.747241
vt 0.807765 0.760413
vt 0.765361 0.749784
vt 0.635761 0.277133
vt 0.642016 0.278701
vt 0.633643 0.282351
vt 0.627045 0.277377
vt 0.639354 0.267850
vt 0.644546 0.270898
vt 0.417557 0.595479
vt 0.439144 0.591309
vt 0.427938 0.607141
vt 0.403648 0.611877
vt 0.410974 0.587595
vt 0.216565 0.840518
vt 0.221203 0.830057
vt 0.251778 0.848547
vt 0.231997 0.860655
vt 0.603462 0.183250
vt 0.142091 0.364511
vt 0.154742 0.348901
vt 0.161178 0.363799
vt 0.131373 0.947735
vt 0.129727 0.396374
vt 0.148536 0.193430
vt 0.150736 0.168521
vt 0.163479 0.188575
vt 0.881787 0.280128
vt 0.141617 0.171628
vt 0.871870 0.251070
vt 0.891533 0.258983
vt 0.168905 0.207748
vt 0.141553 0.218322
vt 0.486592 0.576643
vt 0.478430 0.585347
vt 0.478399 0.562711
vt 0.495357 0.590730
vt 0.507155 0.578001
vt 0.489605 0.553616
vt 0.498592 0.564763
vt 0.690906 0.699567
vt 0.703463 0.712609
vt 0.683201 0.724307
vt 0.869123 0.876400
vt 0.844184 0.876989
vt 0.687804 0.682559
vt 0.714691 0.688870
vt 0.685623 0.682524
vt 0.853084 0.002364
vt 0.857710 0.000702
vt 0.857287 0.005541
vt 0.850762 0.005428
vt 0.848234 0.001284
vt 0.854418 0.117742
vt 0.842059 0.119737
vt 0.854981 0.099238
vt 0.958874 0.738363
vt 0.949558 0.757165
vt 0.946546 0.741829
vt 0.245645 0.032560
vt 0.261119 0.043756
vt 0.246430 0.061261
vt 0.260119 0.014181
vt 0.508144 0.127422
vt 0.503460 0.125477
vt 0.195557 0.703679
vt 0.184830 0.705076
vt 0.179969 0.681152
vt 0.016598 0.398773
vt 0.035004 0.378007
vt 0.034422 0.399693
vt 0.016398 0.375374
vt 0.521985 0.991845
vt 0.537410 0.980447
vt 0.533679 0.992790
vt 0.522345 0.981049
vt 0.055761 0.581370
vt 0.066742 0.567337
vt 0.058606 0.583451
vt 0.052503 0.592218
vt 0.043258 0.585429
vt 0.051864 0.567038
vt 0.049693 0.591812
vt 0.979110 0.231490
vt 0.968401 0.220936
vt 0.979110 0.220097
vt 0.029753 0.822293
vt 0.023616 0.807360
vt 0.037466 0.812829
vt 0.038793 0.831935
vt 0.024084 0.830740
vt 0.018856 0.817549
vt 0.628827 0.832618
vt 0.627166 0.828148
vt 0.630076 0.830508
vt 0.625225 0.834611
vt 0.622828 0.832067
vt 0.633654 0.836989
vt 0.628571 0.839981
vt 0.968889 0.561082
vt 0.970013 0.585570
vt 0.947121 0.585570
vt 0.994845 0.560385
vt 0.907475 0.852555
vt 0.889772 0.810714
vt 0.921769 0.823248
vt 0.521072 0.015494
vt 0.519461 0.023616
vt 0.509294 0.018185
vt 0.512714 0.010714
vt 0.521682 0.005437
vt 0.350105 0.640290
vt 0.922229 0.875398
vt 0.908124 0.874510
vt 0.923736 0.864843
vt 0.346368 0.626794
vt 0.353040 0.631854
vt 0.929941 0.875435
vt 0.095828 0.938974
vt 0.111501 0.947576
vt 0.103384 0.947252
vt 0.385098 0.916721
vt 0.405770 0.910147
vt 0.396080 0.918816
vt 0.100176 0.935191
vt 0.401216 0.904440
vt 0.370805 0.908356
vt 0.389435 0.909923
vt 0.094915 0.943346
vt 0.381214 0.921389
vt 0.576341 0.666678
vt 0.571010 0.691994
vt 0.942539 0.975471
vt 0.587881 0.672773
vt 0.610002 0.343206
vt 0.604723 0.349585
vt 0.605326 0.342393
vt 0.610186 0.347014
vt 0.614148 0.340644
vt 0.614394 0.344457
vt 0.434770 0.162875
vt 0.439490 0.177271
vt 0.419529 0.193055
vt 0.068724 0.304220
vt 0.072234 0.319131
vt 0.064707 0.320457
vt 0.068023 0.287947
vt 0.077486 0.301391
vt 0.061669 0.289877
vt 0.061829 0.306788
vt 0.124187 0.740525
vt 0.107925 0.729175
vt 0.121554 0.725515
vt 0.022521 0.334117
vt 0.017421 0.310353
vt 0.031188 0.357298
vt 0.012202 0.352948
vt 0.136495 0.742358
vt 0.178899 0.895947
vt 0.184887 0.881973
vt 0.185742 0.897413
vt 0.179117 0.906804
vt 0.177034 0.881640
vt 0.782245 0.148522
vt 0.777608 0.136905
vt 0.791506 0.156475
vt 0.770985 0.153294
vt 0.791807 0.181503
vt 0.253086 0.889982
vt 0.246797 0.904269
vt 0.230192 0.883535
vt 0.982693 0.737974
vt 0.988455 0.729004
vt 0.994497 0.731975
vt 0.983193 0.742166
vt 0.979511 0.743142
vt 0.981007 0.728559
vt 0.976801 0.738835
vt 0.567176 0.319640
vt 0.566196 0.305124
vt 0.950755 0.771563
vt 0.935494 0.769539
vt 0.946226 0.785149
vt 0.962769 0.758380
vt 0.965000 0.783275
vt 0.722857 0.834864
vt 0.738208 0.832835
vt 0.981417 0.667788
vt 0.974388 0.665224
vt 0.982615 0.658873
vt 0.989093 0.665800
vt 0.973807 0.670374
vt 0.684081 0.883418
vt 0.698817 0.883056
vt 0.687245 0.896038
vt 0.084923 0.919894
vt 0.056679 0.920764
vt 0.074515 0.899247
vt 0.684161 0.880519
vt 0.086574 0.909381
vt 0.669291 0.901279
vt 0.090517 0.925542
vt 0.338206 0.931557
vt 0.330904 0.938827
vt 0.318911 0.931809
vt 0.203288 0.304573
vt 0.188058 0.311765
vt 0.351240 0.917693
vt 0.358046 0.952730
vt 0.330790 0.911137
vt 0.077986 0.849952
vt 0.096611 0.846174
vt 0.940685 0.472000
vt 0.946506 0.467592
vt 0.950846 0.475497
vt 0.893722 0.962309
vt 0.901337 0.965068
vt 0.887738 0.971221
vt 0.882886 0.959711
vt 0.893675 0.950632
vt 0.942295 0.478250
vt 0.895762 0.397155
vt 0.925363 0.371599
vt 0.925228 0.397155
vt 0.871268 0.420162
vt 0.868249 0.398424
vt 0.894269 0.419710
vt 0.895109 0.373161
vt 0.433651 0.658081
vt 0.434717 0.677572
vt 0.410697 0.666772
vt 0.898874 0.897086
vt 0.893262 0.907585
vt 0.884576 0.896230
vt 0.874431 0.212395
vt 0.859258 0.206198
vt 0.867454 0.200825
vt 0.421861 0.044264
vt 0.435869 0.039149
vt 0.429274 0.051001
vt 0.421592 0.059012
vt 0.411655 0.052494
vt 0.415565 0.042388
vt 0.429050 0.034016
vt 0.864266 0.722610
vt 0.857430 0.737218
vt 0.248945 0.984768
vt 0.243440 0.981457
vt 0.246048 0.969362
vt 0.879585 0.722046
vt 0.855587 0.721178
vt 0.258528 0.983574
vt 0.702854 0.870308
vt 0.706261 0.845513
vt 0.722979 0.863752
vt 0.711021 0.880218
vt 0.697919 0.879675
vt 0.649026 0.578829
vt 0.662345 0.577665
vt 0.651329 0.590443
vt 0.628710 0.592474
vt 0.433700 0.874368
vt 0.421298 0.888480
vt 0.407100 0.868414
vt 0.431528 0.901304
vt 0.983353 0.889938
vt 0.982995 0.872057
vt 0.995539 0.863274
vt 0.994688 0.890046
vt 0.955360 0.007415
vt 0.961347 0.017785
vt 0.929912 0.018080
vt 0.104678 0.346522
vt 0.091215 0.335712
vt 0.093119 0.335480
vt 0.106041 0.355412
vt 0.100435 0.348246
vt 0.108727 0.337301
vt 0.112311 0.353149
vt 0.028976 0.174339
vt 0.042644 0.200552
vt 0.176811 0.305593
vt 0.166679 0.273643
vt 0.172655 0.272817
vt 0.161713 0.309396
vt 0.031744 0.205832
vt 0.178380 0.272320
vt 0.016775 0.179518
vt 0.160038 0.107741
vt 0.167932 0.094973
vt 0.177639 0.119782
vt 0.143558 0.108796
vt 0.147253 0.091624
vt 0.928752 0.731947
vt 0.022695 0.726772
vt 0.000718 0.733913
vt 0.008951 0.699490
vt 0.915370 0.602299
vt 0.903818 0.605503
vt 0.907325 0.598872
vt 0.915704 0.615669
vt 0.974046 0.347772
vt 0.973923 0.350021
vt 0.964220 0.351044
vt 0.980164 0.339312
vt 0.844982 0.444350
vt 0.837002 0.447401
vt 0.674580 0.157603
vt 0.683701 0.157182
vt 0.664060 0.159099
vt 0.852981 0.440894
vt 0.018023 0.032854
vt 0.020137 0.021110
vt 0.341002 0.491321
vt 0.387190 0.924723
vt 0.406272 0.935907
vt 0.393997 0.943823
vt 0.363820 0.490469
vt 0.279399 0.854187
vt 0.267766 0.846825
vt 0.284893 0.860896
vt 0.627364 0.053454
vt 0.637523 0.053799
vt 0.633280 0.058557
vt 0.288785 0.845461
vt 0.000562 0.175942
vt 0.009841 0.180312
vt 0.370695 0.868674
vt 0.363672 0.868674
vt 0.374933 0.862299
vt 0.386878 0.865932
vt 0.361589 0.873349
vt 0.243071 0.758332
vt 0.229599 0.756719
vt 0.243148 0.743856
vt 0.251404 0.759812
vt 0.308841 0.765417
vt 0.364920 0.200021
vt 0.371258 0.180213
vt 0.384281 0.194109
vt 0.244967 0.767396
vt 0.981223 0.634650
vt 0.981805 0.640611
vt 0.973877 0.643462
vt 0.973066 0.634800
vt 0.982160 0.629699
vt 0.383492 0.798422
vt 0.361751 0.795715
vt 0.381209 0.789749
vt 0.041414 0.726215
vt 0.040683 0.717164
vt 0.054703 0.713668
vt 0.060327 0.722292
vt 0.031658 0.714093
vt 0.030724 0.724432
vt 0.204963 0.522154
vt 0.213751 0.521260
vt 0.208462 0.538299
vt 0.192837 0.504971
vt 0.211237 0.509025
vt 0.189780 0.519897
vt 0.193198 0.535152
vt 0.425853 0.793969
vt 0.444061 0.791542
vt 0.440548 0.801687
vt 0.415322 0.809265
vt 0.406382 0.783596
vt 0.424608 0.816965
vt 0.414894 0.770070
vt 0.433551 0.779973
vt 0.901033 0.167603
vt 0.896045 0.178754
vt 0.898114 0.171280
vt 0.900134 0.163784
vt 0.904127 0.168664
vt 0.899570 0.173223
vt 0.221521 0.644148
vt 0.197474 0.630825
vt 0.223815 0.628755
vt 0.201089 0.645526
vt 0.993921 0.474327
vt 0.980367 0.468573
vt 0.999341 0.455312
vt 0.941478 0.239598
vt 0.527865 0.465084
vt 0.541070 0.465054
vt 0.540180 0.483877
vt 0.516518 0.464860
vt 0.528213 0.446936
vt 0.527131 0.483038
vt 0.541375 0.446061
vt 0.861453 0.953381
vt 0.852277 0.951341
vt 0.862149 0.945858
vt 0.872790 0.963153
vt 0.860616 0.963055
vt 0.852974 0.961665
vt 0.874224 0.935427
vt 0.875491 0.949645
vt 0.090174 0.050941
vt 0.119390 0.046750
vt 0.098759 0.058012
vt 0.926186 0.387327
vt 0.929385 0.387695
vt 0.937500 0.401697
vt 0.089101 0.046176
vt 0.928650 0.407852
vt 0.035099 0.981128
vt 0.049600 0.980695
vt 0.050457 0.982535
vt 0.356570 0.111172
vt 0.339304 0.113790
vt 0.355059 0.108867
vt 0.370619 0.130627
vt 0.996331 0.632721
vt 0.982337 0.637269
vt 0.983952 0.629120
vt 0.267408 0.910445
vt 0.248001 0.928123
vt 0.234774 0.906429
vt 0.639226 0.841351
vt 0.643226 0.812828
vt 0.084422 0.813723
vt 0.096714 0.786217
vt 0.105398 0.807473
vt 0.094167 0.837014
vt 0.627033 0.820995
vt 0.262298 0.069523
vt 0.264143 0.082893
vt 0.248762 0.077291
vt 0.250179 0.060462
vt 0.259003 0.054613
vt 0.665480 0.017155
vt 0.590488 0.871426
vt 0.607254 0.860843
vt 0.612113 0.849937
vt 0.894480 0.351318
vt 0.939386 0.166177
vt 0.932085 0.200523
vt 0.905841 0.176570
vt 0.008571 0.009970
vt 0.010238 0.028299
vt 0.689553 0.019292
vt 0.685786 0.011520
vt 0.702725 0.005277
vt 0.704169 0.029061
vt 0.695226 0.032951
vt 0.681629 0.024836
vt 0.035849 0.015938
vt 0.000113 0.023201
vt 0.310938 0.419864
vt 0.324711 0.418955
vt 0.030573 0.206516
vt 0.014746 0.211510
vt 0.016421 0.184853
vt 0.031040 0.221466
vt 0.244622 0.943429
vt 0.255764 0.945352
vt 0.248532 0.957267
vt 0.251644 0.935143
vt 0.242292 0.953468
vt 0.239175 0.937840
vt 0.794613 0.539877
vt 0.820235 0.536696
vt 0.808548 0.554307
vt 0.790280 0.547933
vt 0.777734 0.537859
vt 0.806138 0.528239
vt 0.796032 0.522763
vt 0.590850 0.293310
vt 0.581697 0.289452
vt 0.605316 0.312650
vt 0.611812 0.302618
vt 0.588955 0.283568
vt 0.599534 0.283641
vt 0.985593 0.188860
vt 0.983340 0.214618
vt 0.982029 0.188526
vt 0.993575 0.215195
vt 0.997810 0.189341
vt 0.978722 0.782565
vt 0.993367 0.781750
vt 0.993821 0.791953
vt 0.977209 0.773632
vt 0.985446 0.771430
vt 0.978511 0.792262
vt 0.972172 0.783353
vt 0.967518 0.774304
vt 0.355884 0.141751
vt 0.348577 0.145309
vt 0.353360 0.132800
vt 0.351186 0.154657
vt 0.566713 0.298134
vt 0.560861 0.302558
vt 0.559376 0.298262
vt 0.564583 0.295267
vt 0.568179 0.296578
vt 0.426748 0.832858
vt 0.435193 0.830652
vt 0.433677 0.839738
vt 0.422067 0.822100
vt 0.405429 0.839278
vt 0.981650 0.967727
vt 0.972538 0.988363
vt 0.964293 0.981289
vt 0.407140 0.846286
vt 0.990323 0.978160
vt 0.010417 0.294597
vt 0.020827 0.297903
vt 0.010437 0.308941
vt 0.989588 0.482497
vt 0.984560 0.471904
vt 0.072066 0.424513
vt 0.310398 0.172752
vt 0.295005 0.167841
vt 0.302617 0.148872
vt 0.076355 0.441154
vt 0.300490 0.187056
vt 0.308893 0.847098
vt 0.334920 0.858154
vt 0.317723 0.858476
vt 0.308012 0.855781
vt 0.296145 0.850201
vt 0.322064 0.822573
vt 0.814380 0.287303
vt 0.800973 0.310660
vt 0.792378 0.294420
vt 0.164166 0.773234
vt 0.182559 0.771841
vt 0.183025 0.784624
vt 0.164724 0.786387
vt 0.829791 0.663163
vt 0.827368 0.680978
vt 0.807315 0.677442
vt 0.809555 0.661207
vt 0.163292 0.758781
vt 0.810654 0.643159
vt 0.831637 0.643474
vt 0.044936 0.299288
vt 0.031097 0.287223
vt 0.045504 0.295243
vt 0.051315 0.305080
vt 0.029963 0.295482
vt 0.929941 0.106747
vt 0.918120 0.091097
vt 0.927162 0.084972
vt 0.946316 0.107053
vt 0.932905 0.116026
vt 0.918842 0.110246
vt 0.938878 0.089409
vt 0.321999 0.243090
vt 0.304206 0.236916
vt 0.335720 0.240537
vt 0.334823 0.249590
vt 0.321596 0.254646
vt 0.307483 0.247842
vt 0.789583 0.775907
vt 0.806089 0.773846
vt 0.805283 0.800512
vt 0.772578 0.763700
vt 0.789600 0.762829
vt 0.786398 0.801385
vt 0.773642 0.776920
vt 0.770105 0.574984
vt 0.753393 0.563760
vt 0.759444 0.553042
vt 0.777965 0.565023
vt 0.792140 0.578550
vt 0.806166 0.040007
vt 0.790029 0.025980
vt 0.822874 0.020703
vt 0.798010 0.067383
vt 0.474382 0.533831
vt 0.492589 0.547143
vt 0.488089 0.550642
vt 0.483517 0.527402
vt 0.468780 0.539845
vt 0.454744 0.523064
vt 0.461929 0.515627
vt 0.160769 0.064941
vt 0.175213 0.082487
vt 0.152430 0.079244
vt 0.193190 0.066425
vt 0.176353 0.048984
vt 0.811201 0.100554
vt 0.772411 0.123209
vt 0.811483 0.095962
vt 0.775657 0.122537
vt 0.359539 0.960797
vt 0.367406 0.987495
vt 0.360095 0.989936
vt 0.366372 0.958408
vt 0.223227 0.427579
vt 0.195027 0.446408
vt 0.191808 0.437684
vt 0.221452 0.420450
vt 0.226153 0.440320
vt 0.347669 0.965857
vt 0.551315 0.982485
vt 0.545553 0.995812
vt 0.565944 0.983764
vt 0.106212 0.707999
vt 0.122267 0.707383
vt 0.679016 0.341902
vt 0.666061 0.335914
vt 0.689501 0.350221
vt 0.682676 0.336267
vt 0.340534 0.021009
vt 0.336036 0.017355
vt 0.922278 0.271203
vt 0.916688 0.294258
vt 0.896938 0.293492
vt 0.372000 0.048502
vt 0.366257 0.064879
vt 0.349502 0.046758
vt 0.898915 0.261363
vt 0.894267 0.649077
vt 0.890642 0.637391
vt 0.896077 0.635883
vt 0.895765 0.654030
vt 0.577320 0.187630
vt 0.591708 0.166782
vt 0.595754 0.176614
vt 0.043670 0.282468
vt 0.054812 0.295828
vt 0.584698 0.212549
vt 0.574947 0.212410
vt 0.052456 0.273458
vt 0.593693 0.199097
vt 0.031358 0.272329
vt 0.048612 0.073881
vt 0.045807 0.102495
vt 0.022391 0.081423
vt 0.069961 0.064760
vt 0.066303 0.089219
vt 0.062429 0.057153
vt 0.047958 0.057276
vt 0.857208 0.047748
vt 0.857890 0.066538
vt 0.839474 0.044980
vt 0.876173 0.065241
vt 0.877297 0.046221
vt 0.951413 0.806382
vt 0.939465 0.798392
vt 0.603559 0.508320
vt 0.595222 0.514771
vt 0.585163 0.489384
vt 0.600196 0.485735
vt 0.269144 0.274279
vt 0.186837 0.910101
vt 0.195471 0.912797
vt 0.985763 0.758539
vt 0.979448 0.761695
vt 0.001787 0.549478
vt 0.001984 0.539251
vt 0.988093 0.753114
vt 0.987783 0.762076
vt 0.996211 0.753954
vt 0.597506 0.339663
vt 0.493165 0.121171
vt 0.480230 0.104053
vt 0.786515 0.867920
vt 0.297104 0.888298
vt 0.753827 0.828894
vt 0.526850 0.580723
vt 0.531474 0.594776
vt 0.515064 0.591393
vt 0.546348 0.594237
vt 0.518302 0.566333
vt 0.540055 0.573399
vt 0.954725 0.604075
vt 0.959127 0.618613
vt 0.946280 0.620275
vt 0.937436 0.603007
vt 0.170909 0.891427
vt 0.156405 0.893216
vt 0.153578 0.870114
vt 0.170362 0.867748
vt 0.071698 0.881697
vt 0.082135 0.869256
vt 0.732473 0.928681
vt 0.853635 0.731761
vt 0.849600 0.742978
vt 0.851459 0.736183
vt 0.854464 0.721769
vt 0.289729 0.705906
vt 0.274645 0.706645
vt 0.281802 0.699074
vt 0.239262 0.833102
vt 0.248147 0.823192
vt 0.262305 0.837818
vt 0.288007 0.725122
vt 0.282703 0.711615
vt 0.239211 0.815065
vt 0.299545 0.723516
vt 0.232853 0.821335
vt 0.510263 0.906733
vt 0.522620 0.923617
vt 0.509498 0.925767
vt 0.522499 0.905528
vt 0.683584 0.126024
vt 0.695829 0.125479
vt 0.696383 0.142725
vt 0.684264 0.142337
vt 0.693709 0.109190
vt 0.796276 0.953981
vt 0.791130 0.961232
vt 0.789936 0.950108
vt 0.806590 0.960908
vt 0.078640 0.657188
vt 0.095025 0.650742
vt 0.085788 0.666763
vt 0.388321 0.049379
vt 0.397408 0.046233
vt 0.392397 0.052162
vt 0.077500 0.652505
vt 0.831065 0.347962
vt 0.848045 0.340986
vt 0.525104 0.388175
vt 0.545772 0.376573
vt 0.540501 0.390400
vt 0.616360 0.240385
vt 0.634765 0.232087
vt 0.638539 0.246098
vt 0.531348 0.409845
vt 0.600913 0.228540
vt 0.593985 0.236244
vt 0.488840 0.274612
vt 0.148944 0.501247
vt 0.148666 0.521329
vt 0.110807 0.512203
vt 0.465156 0.272069
vt 0.846034 0.111136
vt 0.841883 0.116492
vt 0.641542 0.664131
vt 0.830109 0.104804
vt 0.727399 0.525162
vt 0.741609 0.554528
vt 0.763165 0.574919
vt 0.018108 0.100286
vt 0.738453 0.530582
vt 0.041987 0.646080
vt 0.053086 0.653089
vt 0.042348 0.664507
vt 0.350332 0.723774
vt 0.330399 0.732263
vt 0.034437 0.655588
vt 0.049370 0.634347
vt 0.333831 0.722909
vt 0.468640 0.284416
vt 0.438440 0.282452
vt 0.470602 0.273222
vt 0.477541 0.300658
vt 0.462510 0.292277
vt 0.486838 0.296696
vt 0.437251 0.291919
vt 0.986166 0.092655
vt 0.988764 0.088696
vt 0.995532 0.092548
vt 0.984257 0.087357
vt 0.984325 0.106460
vt 0.982334 0.095235
vt 0.055404 0.299316
vt 0.046769 0.290586
vt 0.057702 0.307309
vt 0.608471 0.960008
vt 0.596443 0.937507
vt 0.621093 0.954841
vt 0.594206 0.952123
vt 0.613126 0.968060
vt 0.102635 0.412403
vt 0.113755 0.408135
vt 0.101389 0.423769
vt 0.097209 0.422121
vt 0.102551 0.398087
vt 0.424210 0.678616
vt 0.443691 0.683548
vt 0.100295 0.404797
vt 0.360691 0.630175
vt 0.349431 0.605846
vt 0.364989 0.600948
vt 0.365278 0.640492
vt 0.630263 0.549966
vt 0.640193 0.559605
vt 0.625270 0.556402
vt 0.365314 0.623678
vt 0.008422 0.896973
vt 0.017732 0.899345
vt 0.519567 0.375439
vt 0.497625 0.372049
vt 0.511677 0.345621
vt 0.528767 0.354866
vt 0.542949 0.375679
vt 0.507793 0.406636
vt 0.013863 0.676871
vt 0.009989 0.653925
vt 0.027011 0.659424
vt 0.558880 0.756053
vt 0.089541 0.071672
vt 0.096146 0.092857
vt 0.085787 0.096487
vt 0.086541 0.072801
vt 0.098620 0.064726
vt 0.141207 0.278666
vt 0.153368 0.275836
vt 0.149010 0.311431
vt 0.465571 0.384192
vt 0.490097 0.407527
vt 0.458969 0.393201
vt 0.960540 0.786031
vt 0.955197 0.792853
vt 0.081616 0.317050
vt 0.584678 0.327214
vt 0.573779 0.346578
vt 0.577394 0.328883
vt 0.965577 0.785872
vt 0.222961 0.014116
vt 0.227181 0.001855
vt 0.226651 0.024659
vt 0.078667 0.960162
vt 0.088293 0.963652
vt 0.359224 0.892649
vt 0.815439 0.092570
vt 0.811031 0.075922
vt 0.331214 0.581091
vt 0.323864 0.557941
vt 0.149558 0.774411
vt 0.135077 0.767678
vt 0.143176 0.763986
vt 0.164282 0.788786
vt 0.144014 0.796333
vt 0.135992 0.778427
vt 0.159113 0.770338
vt 0.159444 0.767885
vt 0.785709 0.725265
vt 0.807539 0.723223
vt 0.878360 0.568571
vt 0.874976 0.560955
vt 0.880276 0.553079
vt 0.024078 0.007203
vt 0.042481 0.001223
vt 0.044080 0.009183
vt 0.964447 0.937456
vt 0.966732 0.926303
vt 0.978571 0.936672
vt 0.957616 0.949362
vt 0.741906 0.210894
vt 0.738338 0.182742
vt 0.756441 0.193949
vt 0.722872 0.203534
vt 0.737906 0.236509
vt 0.730684 0.229364
vt 0.761457 0.197403
vt 0.755309 0.222124
vt 0.999277 0.890774
vt 0.993126 0.912556
vt 0.982513 0.890841
vt 0.462896 0.792550
vt 0.456136 0.801923
vt 0.451616 0.784044
vt 0.385472 0.620013
vt 0.390874 0.609226
vt 0.392649 0.615514
vt 0.391249 0.623360
vt 0.385628 0.626903
vt 0.379256 0.619169
vt 0.375133 0.611593
vt 0.384074 0.610233
vt 0.761198 0.538582
vt 0.761037 0.534941
vt 0.777740 0.528014
vt 0.003238 0.640374
vt 0.017365 0.646564
vt 0.745264 0.548035
vt 0.770095 0.549196
vt 0.018406 0.631142
vt 0.979923 0.224065
vt 0.015682 0.114065
vt 0.019020 0.101609
vt 0.020358 0.125564
vt 0.016453 0.148957
vt 0.978777 0.188665
vt 0.025851 0.608459
vt 0.031459 0.612409
vt 0.023006 0.621548
vt 0.024653 0.595831
vt 0.034747 0.601784
vt 0.014296 0.616083
vt 0.096427 0.881843
vt 0.093309 0.872123
vt 0.104819 0.871556
vt 0.999478 0.118763
vt 0.987699 0.120075
vt 0.994923 0.115453
vt 0.111964 0.881819
vt 0.103971 0.897225
vt 0.994784 0.128201
vt 0.297093 0.135087
vt 0.292141 0.125819
vt 0.282984 0.133535
vt 0.310187 0.128600
vt 0.284978 0.142062
vt 0.016373 0.743379
vt 0.010329 0.735765
vt 0.016533 0.735657
vt 0.022852 0.742576
vt 0.017611 0.750980
vt 0.010740 0.744023
vt 0.406815 0.024156
vt 0.418554 0.015402
vt 0.422892 0.018526
vt 0.566785 0.200550
vt 0.559040 0.211512
vt 0.550742 0.182602
vt 0.689920 0.874730
vt 0.663141 0.869898
vt 0.677494 0.859546
vt 0.702273 0.864285
vt 0.356983 0.876081
vt 0.364927 0.865381
vt 0.419732 0.231305
vt 0.437082 0.271635
vt 0.400626 0.217864
vt 0.441277 0.232444
vt 0.454346 0.258639
vt 0.441383 0.222642
vt 0.420819 0.218331
vt 0.949641 0.808895
vt 0.953968 0.834375
vt 0.944299 0.822273
vt 0.927873 0.807071
vt 0.821600 0.925295
vt 0.842292 0.937646
vt 0.824778 0.943859
vt 0.769150 0.443967
vt 0.752538 0.455085
vt 0.028341 0.148708
vt 0.031545 0.134444
vt 0.832514 0.913702
vt 0.029536 0.157737
vt 0.545569 0.070210
vt 0.533357 0.052212
vt 0.547933 0.062237
vt 0.021705 0.076635
vt 0.021705 0.083614
vt 0.006391 0.080931
vt 0.535233 0.099312
vt 0.533522 0.075910
vt 0.549233 0.098947
vt 0.122243 0.010034
vt 0.113576 0.031052
vt 0.110457 0.019608
vt 0.505194 0.292131
vt 0.766102 0.394621
vt 0.784754 0.367698
vt 0.782986 0.394823
vt 0.783620 0.194046
vt 0.791082 0.231801
vt 0.759114 0.211519
vt 0.811346 0.193594
vt 0.646475 0.424983
vt 0.646124 0.449355
vt 0.638692 0.420768
vt 0.654828 0.401989
vt 0.663838 0.404751
vt 0.667922 0.442880
vt 0.100325 0.368398
vt 0.112457 0.365926
vt 0.113502 0.376135
vt 0.196284 0.248483
vt 0.210473 0.223334
vt 0.199269 0.249185
vt 0.187244 0.245756
vt 0.207416 0.221067
vt 0.220937 0.535652
vt 0.215573 0.534041
vt 0.216492 0.520078
vt 0.227430 0.527983
vt 0.234406 0.541567
vt 0.218931 0.547288
vt 0.283919 0.690384
vt 0.269412 0.694868
vt 0.278265 0.678629
vt 0.992766 0.491062
vt 0.972778 0.489629
vt 0.742997 0.667612
vt 0.766445 0.679724
vt 0.745653 0.682673
vt 0.762538 0.661836
vt 0.604964 0.833196
vt 0.602303 0.823755
vt 0.611773 0.826782
vt 0.614888 0.835119
vt 0.588445 0.834053
vt 0.980635 0.357531
vt 0.620831 0.972906
vt 0.115996 0.396746
vt 0.444095 0.711530
vt 0.457315 0.706592
vt 0.106020 0.393336
vt 0.126316 0.411560
vt 0.696390 0.423120
vt 0.706475 0.415781
vt 0.701655 0.428789
vt 0.697236 0.409385
vt 0.682009 0.419594
vt 0.021922 0.892051
vt 0.023793 0.898279
vt 0.587717 0.799112
vt 0.580907 0.772728
vt 0.923959 0.434961
vt 0.898557 0.438881
vt 0.899699 0.425830
vt 0.596529 0.790228
vt 0.598643 0.822731
vt 0.923806 0.447424
vt 0.874908 0.883452
vt 0.873182 0.893156
vt 0.869838 0.877676
vt 0.861564 0.897172
vt 0.804186 0.833477
vt 0.783307 0.837117
vt 0.781783 0.823200
vt 0.268838 0.474966
vt 0.274639 0.452438
vt 0.803551 0.823134
vt 0.279699 0.298219
vt 0.288661 0.302537
vt 0.278354 0.321239
vt 0.459221 0.169344
vt 0.457318 0.178918
vt 0.272032 0.318727
vt 0.281241 0.475683
vt 0.085835 0.282443
vt 0.077299 0.266902
vt 0.059633 0.268959
vt 0.781189 0.508390
vt 0.785512 0.526897
vt 0.754824 0.507164
vt 0.764036 0.495759
vt 0.520455 0.062621
vt 0.503637 0.051694
vt 0.518176 0.049159
vt 0.503880 0.065974
vt 0.485542 0.022470
vt 0.473083 0.027123
vt 0.477375 0.010023
vt 0.494466 0.017168
vt 0.494451 0.026661
vt 0.478754 0.041012
vt 0.338742 0.267683
vt 0.324934 0.272826
vt 0.325093 0.263784
vt 0.335912 0.261210
vt 0.348314 0.262646
vt 0.522909 0.979342
vt 0.174637 0.963108
vt 0.169808 0.970468
vt 0.012195 0.801682
vt 0.004680 0.859281
vt 0.003228 0.848155
vt 0.011953 0.847392
vt 0.014212 0.281852
vt 0.019508 0.271255
vt 0.035026 0.280866
vt 0.012147 0.860367
vt 0.012537 0.294213
vt 0.961081 0.636315
vt 0.948680 0.635921
vt 0.368270 0.942565
vt 0.382371 0.959468
vt 0.380893 0.935430
vt 0.262996 0.705808
vt 0.271875 0.696993
vt 0.279571 0.721639
vt 0.109721 0.246378
vt 0.124674 0.245684
vt 0.114044 0.236176
vt 0.117276 0.238366
vt 0.951756 0.671125
vt 0.959832 0.669261
vt 0.643960 0.109983
vt 0.659719 0.093263
vt 0.628125 0.131461
vt 0.640811 0.091410
vt 0.628932 0.099626
vt 0.153660 0.834614
vt 0.131415 0.824722
vt 0.149807 0.817138
vt 0.609539 0.911874
vt 0.620584 0.920611
vt 0.608906 0.932487
vt 0.623051 0.903692
vt 0.603398 0.901480
vt 0.599469 0.919207
vt 0.736122 0.298601
vt 0.755912 0.293688
vt 0.430171 0.353873
vt 0.446260 0.376036
vt 0.420777 0.360063
vt 0.424314 0.334726
vt 0.450186 0.331660
vt 0.449734 0.361832
vt 0.861395 0.335301
vt 0.869254 0.342825
vt 0.850025 0.347436
vt 0.983798 0.018548
vt 0.967295 0.018548
vt 0.981276 0.012149
vt 0.719283 0.145385
vt 0.719599 0.167737
vt 0.314849 0.773302
vt 0.330572 0.777750
vt 0.317392 0.785995
vt 0.193782 0.212272
vt 0.239478 0.211056
vt 0.239839 0.232624
vt 0.731971 0.152592
vt 0.011314 0.445123
vt 0.003660 0.444318
vt 0.010559 0.434211
vt 0.292955 0.057700
vt 0.292114 0.044820
vt 0.300041 0.053609
vt 0.019753 0.432609
vt 0.929673 0.931770
vt 0.947217 0.926408
vt 0.939849 0.942311
vt 0.467161 0.012605
vt 0.460138 0.025994
vt 0.452030 0.015625
vt 0.938175 0.918335
vt 0.923036 0.938580
vt 0.346518 0.250790
vt 0.360914 0.260083
vt 0.361791 0.248571
vt 0.345848 0.241136
vt 0.348652 0.165967
vt 0.355727 0.171767
vt 0.343462 0.180402
vt 0.343053 0.156819
vt 0.355184 0.162222
vt 0.336509 0.168890
vt 0.572048 0.295407
vt 0.574503 0.292608
vt 0.575758 0.289251
vt 0.537820 0.518181
vt 0.528495 0.502717
vt 0.536079 0.503181
vt 0.904585 0.777036
vt 0.909015 0.777415
vt 0.904407 0.788757
vt 0.792508 0.075708
vt 0.802932 0.084311
vt 0.908981 0.766152
vt 0.420810 0.519781
vt 0.433260 0.522355
vt 0.423301 0.530832
vt 0.411829 0.519182
vt 0.419189 0.516392
vt 0.437082 0.519300
vt 0.835841 0.864720
vt 0.818346 0.869419
vt 0.818676 0.850427
vt 0.598154 0.378738
vt 0.491202 0.230893
vt 0.602652 0.386562
vt 0.387228 0.387032
vt 0.417750 0.397980
vt 0.417271 0.408578
vt 0.621213 0.427240
vt 0.619915 0.446782
vt 0.608612 0.449412
vt 0.609010 0.427895
vt 0.611713 0.409198
vt 0.626118 0.402617
vt 0.708143 0.000691
vt 0.737226 0.000691
vt 0.708549 0.005553
vt 0.503358 0.346835
vt 0.488968 0.348231
vt 0.491637 0.326297
vt 0.485165 0.375334
vt 0.204414 0.706129
vt 0.219588 0.704274
vt 0.492925 0.372971
vt 0.966780 0.203972
vt 0.975809 0.206587
vt 0.607958 0.811948
vt 0.613402 0.807854
vt 0.868664 0.651933
vt 0.868560 0.637405
vt 0.618724 0.805036
vt 0.563379 0.718176
vt 0.552232 0.685026
vt 0.289445 0.123405
vt 0.287367 0.116767
vt 0.616956 0.555290
vt 0.613895 0.565001
vt 0.606098 0.556289
vt 0.620358 0.547007
vt 0.358816 0.046802
vt 0.346825 0.038727
vt 0.354062 0.028571
vt 0.365917 0.035959
vt 0.482530 0.055092
vt 0.505311 0.226234
vt 0.518563 0.224673
vt 0.483242 0.068762
vt 0.505528 0.247447
vt 0.649609 0.752483
vt 0.628800 0.784014
vt 0.856086 0.905171
vt 0.848619 0.919172
vt 0.840663 0.913956
vt 0.948916 0.088702
vt 0.950126 0.081838
vt 0.962023 0.090609
vt 0.948236 0.101918
vt 0.154314 0.717478
vt 0.137088 0.713279
vt 0.983444 0.909965
vt 0.954166 0.256968
vt 0.954598 0.260251
vt 0.947212 0.259724
vt 0.625017 0.265395
vt 0.628694 0.258668
vt 0.633579 0.263855
vt 0.622747 0.276518
vt 0.951805 0.248310
vt 0.620305 0.263356
vt 0.963956 0.246863
vt 0.962064 0.253247
vt 0.400087 0.617558
vt 0.396241 0.603941
vt 0.401207 0.620885
vt 0.395534 0.620842
vt 0.772328 0.930951
vt 0.782442 0.931065
vt 0.864686 0.399456
vt 0.860645 0.426409
vt 0.850351 0.419459
vt 0.870329 0.420845
vt 0.653624 0.292261
vt 0.651611 0.284748
vt 0.681566 0.282997
vt 0.184553 0.158361
vt 0.170773 0.161585
vt 0.164566 0.138137
vt 0.177128 0.134539
vt 0.190791 0.156601
vt 0.192921 0.181416
vt 0.546026 0.540707
vt 0.557493 0.541651
vt 0.556405 0.549481
vt 0.536198 0.538225
vt 0.545266 0.531574
vt 0.542236 0.551080
vt 0.551123 0.972809
vt 0.556290 0.955865
vt 0.582064 0.944718
vt 0.855133 0.208500
vt 0.840283 0.189786
vt 0.304900 0.738256
vt 0.279386 0.841331
vt 0.269011 0.829170
vt 0.708509 0.350430
vt 0.694935 0.344331
vt 0.696093 0.342023
vt 0.706569 0.353279
vt 0.318894 0.609529
vt 0.319627 0.586286
vt 0.322802 0.609027
vt 0.714193 0.335756
vt 0.295551 0.607342
vt 0.316501 0.586766
vt 0.943433 0.547209
vt 0.960767 0.552841
vt 0.940813 0.559007
vt 0.927833 0.554863
vt 0.862882 0.452381
vt 0.930063 0.543655
vt 0.696537 0.173604
vt 0.694213 0.157995
vt 0.202422 0.910047
vt 0.210842 0.921009
vt 0.204428 0.925652
vt 0.193464 0.896466
vt 0.667293 0.832589
vt 0.689311 0.849046
vt 0.782744 0.673334
vt 0.784937 0.653795
vt 0.653308 0.846393
vt 0.919447 0.117973
vt 0.527577 0.035162
vt 0.906681 0.121830
vt 0.521417 0.027810
vt 0.737737 0.771586
vt 0.707895 0.764139
vt 0.724529 0.756838
vt 0.740312 0.763934
vt 0.322936 0.301253
vt 0.317301 0.269595
vt 0.732139 0.828971
vt 0.759304 0.821845
vt 0.759877 0.827594
vt 0.731576 0.825353
vt 0.244724 0.358143
vt 0.252903 0.359007
vt 0.246591 0.382036
vt 0.257495 0.334878
vt 0.240341 0.357726
vt 0.318117 0.705845
vt 0.312989 0.702959
vt 0.324141 0.683170
vt 0.330664 0.687150
vt 0.858144 0.494997
vt 0.848745 0.484915
vt 0.865018 0.490587
vt 0.066260 0.586394
vt 0.075003 0.574610
vt 0.074429 0.592950
vt 0.059437 0.595927
vt 0.964027 0.052189
vt 0.620567 0.842184
vt 0.616559 0.839356
vt 0.619774 0.839645
vt 0.623615 0.842682
vt 0.622679 0.843967
vt 0.619313 0.843336
vt 0.620959 0.840300
vt 0.442759 0.534468
vt 0.459824 0.549551
vt 0.437145 0.541973
vt 0.224568 0.229594
vt 0.222851 0.260564
vt 0.211960 0.257073
vt 0.452306 0.525618
vt 0.234739 0.233732
vt 0.162159 0.970131
vt 0.167979 0.967735
vt 0.152110 0.969261
vt 0.161088 0.967523
vt 0.214870 0.504317
vt 0.153873 0.972636
vt 0.945944 0.842229
vt 0.927454 0.863158
vt 0.931598 0.837364
vt 0.474130 0.806957
vt 0.936044 0.866464
vt 0.953541 0.843081
vt 0.054109 0.905041
vt 0.611842 0.156429
vt 0.979820 0.235702
vt 0.980838 0.245855
vt 0.980316 0.226027
vt 0.181746 0.757315
vt 0.204166 0.781470
vt 0.203503 0.771097
vt 0.760900 0.350742
vt 0.747505 0.361513
vt 0.500663 0.545456
vt 0.515538 0.535747
vt 0.522398 0.540924
vt 0.508588 0.554202
vt 0.767405 0.362835
vt 0.568437 0.094940
vt 0.575697 0.114437
vt 0.561006 0.120354
vt 0.111866 0.221780
vt 0.118316 0.197522
vt 0.125125 0.223089
vt 0.112514 0.236650
vt 0.449869 0.600863
vt 0.455524 0.590834
vt 0.455918 0.605590
vt 0.412425 0.279251
vt 0.442856 0.271749
vt 0.406367 0.304563
vt 0.904975 0.699649
vt 0.919737 0.692997
vt 0.919292 0.711313
vt 0.887569 0.701887
vt 0.888710 0.697686
vt 0.902030 0.686518
vt 0.901796 0.709279
vt 0.832780 0.518744
vt 0.159711 0.643939
vt 0.174708 0.659153
vt 0.146259 0.656431
vt 0.135732 0.637142
vt 0.144721 0.624473
vt 0.022186 0.057756
vt 0.004292 0.070756
vt 0.000186 0.059482
vt 0.015542 0.377307
vt 0.015542 0.387000
vt 0.000067 0.384813
vt 0.389166 0.848685
vt 0.407200 0.854002
vt 0.388599 0.856924
vt 0.056934 0.993100
vt 0.434443 0.105818
vt 0.445695 0.111862
vt 0.432167 0.092434
vt 0.973671 0.657406
vt 0.966865 0.668663
vt 0.348266 0.191145
vt 0.344509 0.195260
vt 0.340360 0.185905
vt 0.828473 0.022451
vt 0.836892 0.042574
vt 0.823914 0.031891
vt 0.824226 0.019870
vt 0.349763 0.187607
vt 0.109407 0.954065
vt 0.096912 0.972400
vt 0.890373 0.317136
vt 0.103176 0.382446
vt 0.487249 0.725520
vt 0.475329 0.713153
vt 0.501791 0.703236
vt 0.509354 0.710675
vt 0.463462 0.725551
vt 0.711847 0.217639
vt 0.271473 0.149383
vt 0.292983 0.150423
vt 0.275412 0.169058
vt 0.251776 0.168359
vt 0.244312 0.150185
vt 0.251360 0.533332
vt 0.250328 0.518070
vt 0.268593 0.521033
vt 0.252301 0.549395
vt 0.236439 0.524222
vt 0.270412 0.536767
vt 0.670989 0.645201
vt 0.674465 0.625411
vt 0.988634 0.837857
vt 0.988701 0.845598
vt 0.985399 0.847504
vt 0.986115 0.833906
vt 0.988071 0.825761
vt 0.991045 0.834176
vt 0.078686 0.702420
vt 0.084929 0.711701
vt 0.075251 0.716759
vt 0.067414 0.707312
vt 0.078886 0.689461
vt 0.091601 0.696311
vt 0.070471 0.692534
vt 0.699772 0.359415
vt 0.975694 0.085859
vt 0.985068 0.072520
vt 0.986203 0.081648
vt 0.976070 0.098053
vt 0.963074 0.079859
vt 0.880168 0.638355
vt 0.012703 0.431723
vt 0.023570 0.426713
vt 0.617046 0.725469
vt 0.637902 0.719023
vt 0.642698 0.730935
vt 0.615686 0.712509
vt 0.003258 0.414798
vt 0.977145 0.334392
vt 0.987625 0.336661
vt 0.985184 0.341029
vt 0.834648 0.896756
vt 0.986169 0.324838
vt 0.827973 0.910966
vt 0.909064 0.789677
vt 0.521789 0.502376
vt 0.718921 0.374062
vt 0.710121 0.368891
vt 0.602394 0.471725
vt 0.596494 0.459746
vt 0.732552 0.373320
vt 0.605171 0.460864
vt 0.586372 0.467162
vt 0.580213 0.474821
vt 0.874266 0.579563
vt 0.855556 0.564222
vt 0.868927 0.553513
vt 0.117124 0.912973
vt 0.128246 0.935334
vt 0.114135 0.936847
vt 0.134871 0.902309
vt 0.145472 0.926179
vt 0.099414 0.919433
vt 0.095597 0.892422
vt 0.851197 0.581702
vt 0.331834 0.219770
vt 0.311311 0.185233
vt 0.335929 0.196235
vt 0.612532 0.351494
vt 0.598521 0.359866
vt 0.597741 0.347887
vt 0.605720 0.357592
vt 0.015750 0.900442
vt 0.023311 0.901504
vt 0.015015 0.907219
vt 0.005628 0.898568
vt 0.001449 0.518703
vt 0.002618 0.526804
vt 0.946000 0.505405
vt 0.948770 0.530592
vt 0.923549 0.530592
vt 0.910839 0.794551
vt 0.899121 0.786754
vt 0.968030 0.509112
vt 0.947436 0.490008
vt 0.267592 0.094761
vt 0.259700 0.107500
vt 0.914626 0.487983
vt 0.847538 0.619684
vt 0.864115 0.621257
vt 0.856254 0.624716
vt 0.843104 0.611911
vt 0.857750 0.612276
vt 0.845951 0.624856
vt 0.836450 0.623914
vt 0.679341 0.598221
vt 0.666777 0.601241
vt 0.664735 0.588672
vt 0.690033 0.607684
vt 0.675718 0.613878
vt 0.679597 0.587265
vt 0.695327 0.595967
vt 0.138586 0.100257
vt 0.134126 0.085194
vt 0.146587 0.087937
vt 0.129132 0.096025
vt 0.156904 0.565997
vt 0.168249 0.582247
vt 0.161695 0.585371
vt 0.186470 0.132260
vt 0.204833 0.129828
vt 0.207933 0.154755
vt 0.163337 0.560976
vt 0.141933 0.571535
vt 0.558541 0.539755
vt 0.563809 0.530345
vt 0.546942 0.530870
vt 0.810453 0.622100
vt 0.788134 0.627189
vt 0.805326 0.605739
vt 0.827028 0.598419
vt 0.968465 0.925839
vt 0.999277 0.925839
vt 0.986135 0.940966
vt 0.832240 0.620876
vt 0.722546 0.620854
vt 0.732143 0.621252
vt 0.734709 0.634454
vt 0.225189 0.270662
vt 0.221488 0.302943
vt 0.219067 0.270150
vt 0.799868 0.971849
vt 0.812132 0.969632
vt 0.807797 0.979419
vt 0.793599 0.984686
vt 0.788481 0.970261
vt 0.944846 0.247251
vt 0.658622 0.307339
vt 0.666869 0.331611
vt 0.642965 0.309613
vt 0.651169 0.291188
vt 0.436555 0.611778
vt 0.212406 0.872525
vt 0.140842 0.892999
vt 0.123134 0.899532
vt 0.924895 0.595443
vt 0.918866 0.607522
vt 0.974395 0.149812
vt 0.968740 0.138549
vt 0.987841 0.142417
vt 0.851173 0.726054
vt 0.849578 0.733134
vt 0.266079 0.778923
vt 0.251746 0.779474
vt 0.262852 0.771197
vt 0.283590 0.781489
vt 0.648470 0.214143
vt 0.659180 0.220773
vt 0.995285 0.383377
vt 0.994008 0.358366
vt 0.726252 0.010301
vt 0.726280 0.035289
vt 0.715979 0.017230
vt 0.657202 0.773439
vt 0.669588 0.727602
vt 0.057450 0.241568
vt 0.059870 0.224736
vt 0.072016 0.253368
vt 0.964004 0.650460
vt 0.758669 0.098372
vt 0.776728 0.100956
vt 0.764485 0.127046
vt 0.747069 0.112892
vt 0.739026 0.103493
vt 0.769769 0.080714
vt 0.747045 0.083747
vt 0.002647 0.321925
vt 0.913246 0.578318
vt 0.904890 0.588214
vt 0.909396 0.568864
vt 0.916282 0.006281
vt 0.923815 0.029948
vt 0.908524 0.025484
vt 0.721194 0.614103
vt 0.720624 0.622377
vt 0.715665 0.623596
vt 0.671064 0.991398
vt 0.671980 0.973937
vt 0.680764 0.983819
vt 0.725928 0.613570
vt 0.666400 0.983306
vt 0.708001 0.616133
vt 0.727123 0.596661
vt 0.714618 0.597226
vt 0.286567 0.941099
vt 0.577683 0.047388
vt 0.597647 0.045520
vt 0.296039 0.926296
vt 0.948841 0.914716
vt 0.958245 0.935143
vt 0.949927 0.947193
vt 0.964900 0.928029
vt 0.641353 0.261447
vt 0.401366 0.638748
vt 0.406694 0.633014
vt 0.415297 0.635658
vt 0.397070 0.632601
vt 0.402433 0.649728
vt 0.401875 0.627565
vt 0.997116 0.046638
vt 0.981353 0.052290
vt 0.980084 0.045094
vt 0.785002 0.948390
vt 0.762325 0.955749
vt 0.784425 0.934758
vt 0.991835 0.037262
vt 0.999271 0.027648
vt 0.800663 0.950790
vt 0.115672 0.940966
vt 0.139628 0.146187
vt 0.158628 0.165236
vt 0.028492 0.623520
vt 0.038831 0.615518
vt 0.643335 0.574415
vt 0.623616 0.574311
vt 0.624323 0.565166
vt 0.531986 0.865582
vt 0.531913 0.881160
vt 0.646751 0.037563
vt 0.616239 0.026744
vt 0.672630 0.576757
vt 0.666280 0.043681
vt 0.536957 0.196271
vt 0.531259 0.213333
vt 0.947809 0.416672
vt 0.528871 0.788991
vt 0.525186 0.808012
vt 0.534853 0.773329
vt 0.578005 0.620573
vt 0.593361 0.591508
vt 0.587707 0.618012
vt 0.574200 0.646802
vt 0.567884 0.618320
vt 0.825235 0.042717
vt 0.821750 0.058169
vt 0.812315 0.050604
vt 0.840191 0.817011
vt 0.844202 0.824819
vt 0.027102 0.521976
vt 0.089788 0.035858
vt 0.097745 0.030299
vt 0.100198 0.038361
vt 0.085863 0.029382
vt 0.476862 0.175915
vt 0.654716 0.530004
vt 0.682941 0.528658
vt 0.408007 0.339314
vt 0.682781 0.535334
vt 0.511033 0.672415
vt 0.519722 0.673427
vt 0.518348 0.680898
vt 0.504079 0.667188
vt 0.024602 0.680248
vt 0.020135 0.670834
vt 0.035085 0.670854
vt 0.019250 0.684462
vt 0.267837 0.498159
vt 0.643237 0.717461
vt 0.246187 0.636552
vt 0.246861 0.614576
vt 0.709848 0.177404
vt 0.755869 0.163342
vt 0.006679 0.220748
vt 0.015374 0.224038
vt 0.006272 0.225399
vt 0.823278 0.413993
vt 0.803754 0.403770
vt 0.828930 0.387389
vt 0.211553 0.953830
vt 0.177814 0.956782
vt 0.210050 0.929852
vt 0.462045 0.643464
vt 0.466492 0.618244
vt 0.495927 0.645023
vt 0.428659 0.126597
vt 0.427762 0.159086
vt 0.401325 0.127025
vt 0.606480 0.395240
vt 0.614102 0.379044
vt 0.625744 0.390897
vt 0.596927 0.405722
vt 0.449285 0.134145
vt 0.803788 0.561193
vt 0.781255 0.558809
vt 0.567656 0.294474
vt 0.571708 0.292377
vt 0.913932 0.766817
vt 0.916314 0.778649
vt 0.830193 0.053473
vt 0.133434 0.037338
vt 0.155288 0.026099
vt 0.169416 0.048321
vt 0.345371 0.229380
vt 0.033538 0.980078
vt 0.014053 0.980195
vt 0.012050 0.963103
vt 0.315560 0.616362
vt 0.299034 0.609350
vt 0.334848 0.630749
vt 0.027619 0.961855
vt 0.050424 0.955778
vt 0.053282 0.976200
vt 0.890117 0.940282
vt 0.887258 0.946735
vt 0.882511 0.933175
vt 0.806180 0.985832
vt 0.795302 0.984394
vt 0.813506 0.987463
vt 0.896516 0.944957
vt 0.504935 0.162673
vt 0.531145 0.164382
vt 0.523501 0.173142
vt 0.498488 0.170631
vt 0.512166 0.151641
vt 0.054809 0.222647
vt 0.044927 0.227246
vt 0.827359 0.709403
vt 0.809818 0.704159
vt 0.824551 0.697577
vt 0.836096 0.720758
vt 0.822673 0.728174
vt 0.256082 0.122877
vt 0.878911 0.582853
vt 0.251745 0.967695
vt 0.257209 0.957435
vt 0.129940 0.133228
vt 0.123427 0.111153
vt 0.726340 0.460841
vt 0.734254 0.479729
vt 0.841386 0.961058
vt 0.135030 0.146565
vt 0.504691 0.277431
vt 0.505588 0.262092
vt 0.509449 0.272702
vt 0.677911 0.247809
vt 0.704742 0.265270
vt 0.679383 0.263323
vt 0.649551 0.248555
vt 0.650729 0.233582
vt 0.679007 0.232519
vt 0.705254 0.236735
vt 0.703912 0.250401
vt 0.373377 0.251590
vt 0.502728 0.153643
vt 0.493020 0.149131
vt 0.497729 0.149966
vt 0.367829 0.267321
vt 0.357470 0.266507
vt 0.914454 0.552643
vt 0.916562 0.541937
vt 0.900316 0.540749
vt 0.923487 0.571849
vt 0.911363 0.569083
vt 0.778719 0.068939
vt 0.230986 0.447018
vt 0.240170 0.441199
vt 0.228846 0.458973
vt 0.217315 0.451071
vt 0.180701 0.672579
vt 0.183938 0.657163
vt 0.202757 0.669880
vt 0.613589 0.499747
vt 0.613017 0.507115
vt 0.609390 0.496819
vt 0.612744 0.491661
vt 0.625298 0.504901
vt 0.622242 0.492201
vt 0.905973 0.669221
vt 0.491017 0.890622
vt 0.500547 0.892966
vt 0.498974 0.869182
vt 0.485432 0.866664
vt 0.501122 0.031741
vt 0.500803 0.020112
vt 0.509251 0.027572
vt 0.140314 0.422743
vt 0.512004 0.036933
vt 0.138159 0.456666
vt 0.609287 0.275677
vt 0.615078 0.276391
vt 0.603682 0.286339
vt 0.916002 0.844899
vt 0.804713 0.920981
vt 0.855863 0.544955
vt 0.836729 0.567633
vt 0.845075 0.552276
vt 0.398245 0.060053
vt 0.418018 0.071471
vt 0.418028 0.083957
vt 0.305292 0.456950
vt 0.286889 0.472525
vt 0.284906 0.452401
vt 0.299093 0.430490
vt 0.306907 0.479123
vt 0.560026 0.337488
vt 0.551301 0.353851
vt 0.086346 0.163990
vt 0.479616 0.689740
vt 0.476355 0.677947
vt 0.345103 0.524582
vt 0.340073 0.509416
vt 0.361449 0.516187
vt 0.362244 0.529725
vt 0.347043 0.534701
vt 0.325136 0.525901
vt 0.660822 0.050615
vt 0.647813 0.061752
vt 0.645127 0.041374
vt 0.668909 0.045112
vt 0.669889 0.071233
vt 0.698488 0.941713
vt 0.717703 0.926717
vt 0.711154 0.944030
vt 0.699439 0.951490
vt 0.682680 0.951604
vt 0.683294 0.929963
vt 0.251020 0.749391
vt 0.046797 0.251913
vt 0.034134 0.238932
vt 0.043830 0.230849
vt 0.823471 0.009984
vt 0.338245 0.134976
vt 0.469212 0.082079
vt 0.483024 0.085125
vt 0.045875 0.912105
vt 0.043780 0.934188
vt 0.065647 0.933220
vt 0.466549 0.102107
vt 0.993259 0.966374
vt 0.996124 0.976692
vt 0.449032 0.810986
vt 0.457809 0.826122
vt 0.443589 0.839033
vt 0.580122 0.536249
vt 0.737812 0.123070
vt 0.723386 0.131987
vt 0.186965 0.867881
vt 0.198744 0.869192
vt 0.783710 0.611630
vt 0.719347 0.624899
vt 0.475905 0.756290
vt 0.479039 0.767963
vt 0.470558 0.772447
vt 0.465212 0.767504
vt 0.594077 0.358747
vt 0.606405 0.373040
vt 0.658963 0.643505
vt 0.654944 0.663171
vt 0.908280 0.486764
vt 0.891627 0.463713
vt 0.908280 0.464725
vt 0.879545 0.774117
vt 0.891518 0.755145
vt 0.907685 0.765658
vt 0.908359 0.509615
vt 0.883388 0.484777
vt 0.867141 0.793794
vt 0.780452 0.306415
vt 0.763013 0.312586
vt 0.207765 0.091672
vt 0.210238 0.072808
vt 0.709759 0.404815
vt 0.722555 0.393594
vt 0.720851 0.410026
vt 0.414181 0.903697
vt 0.405005 0.881787
vt 0.170277 0.960420
vt 0.340775 0.066995
vt 0.323209 0.012689
vt 0.328288 0.026985
vt 0.332530 0.096588
vt 0.450536 0.926820
vt 0.447080 0.940682
vt 0.439312 0.922398
vt 0.462648 0.925241
vt 0.464741 0.939828
vt 0.443219 0.901253
vt 0.449241 0.905626
vt 0.013080 0.834989
vt 0.051872 0.987097
vt 0.049752 0.992923
vt 0.047094 0.985066
vt 0.504046 0.483202
vt 0.512903 0.502218
vt 0.502689 0.503285
vt 0.515203 0.482783
vt 0.506362 0.464697
vt 0.485369 0.483854
vt 0.488657 0.465749
vt 0.589211 0.531511
vt 0.575182 0.525618
vt 0.700794 0.916114
vt 0.693070 0.922803
vt 0.686171 0.914317
vt 0.696620 0.903307
vt 0.701028 0.927028
vt 0.390624 0.959158
vt 0.385628 0.988554
vt 0.377148 0.961817
vt 0.219474 0.393008
vt 0.190836 0.376198
vt 0.222775 0.373871
vt 0.405192 0.968124
vt 0.223685 0.407948
vt 0.181712 0.601734
vt 0.171000 0.606024
vt 0.948035 0.486383
vt 0.955004 0.483973
vt 0.938091 0.485138
vt 0.253229 0.189610
vt 0.473783 0.368488
vt 0.453277 0.386420
vt 0.418453 0.370862
vt 0.465114 0.358755
vt 0.931518 0.142358
vt 0.920111 0.165129
vt 0.908540 0.146409
vt 0.706258 0.286884
vt 0.944522 0.164323
vt 0.947234 0.139168
vt 0.376038 0.216797
vt 0.500196 0.164787
vt 0.629343 0.149656
vt 0.648049 0.163138
vt 0.492860 0.652530
vt 0.497491 0.660444
vt 0.020615 0.056628
vt 0.484613 0.652156
vt 0.497135 0.652014
vt 0.833567 0.143257
vt 0.130578 0.037657
vt 0.207335 0.013220
vt 0.222137 0.015300
vt 0.206391 0.021620
vt 0.201011 0.018344
vt 0.847356 0.000126
vt 0.841457 0.005077
vt 0.829543 0.000586
vt 0.836420 0.005191
vt 0.817586 0.005191
vt 0.826501 0.000532
vt 0.572414 0.276644
vt 0.570291 0.282013
vt 0.292361 0.385011
vt 0.307325 0.408459
vt 0.447733 0.520969
vt 0.446885 0.528574
vt 0.858179 0.632270
vt 0.865590 0.643313
vt 0.856905 0.639522
vt 0.847888 0.639168
vt 0.840741 0.632970
vt 0.521783 0.883706
vt 0.517531 0.898306
vt 0.513878 0.891028
vt 0.514477 0.873394
vt 0.813750 0.981453
vt 0.820261 0.974262
vt 0.376753 0.675809
vt 0.379904 0.669758
vt 0.915126 0.848619
vt 0.380494 0.693952
vt 0.365851 0.695098
vt 0.381094 0.678551
vt 0.899990 0.861018
vt 0.280021 0.606794
vt 0.964309 0.462108
vt 0.966560 0.443529
vt 0.980714 0.445683
vt 0.945993 0.442646
vt 0.260587 0.610838
vt 0.981047 0.462450
vt 0.943100 0.460992
vt 0.025878 0.423698
vt 0.439062 0.873063
vt 0.421417 0.868549
vt 0.424059 0.853000
vt 0.126893 0.054128
vt 0.135233 0.039702
vt 0.138456 0.050662
vt 0.124371 0.068687
vt 0.785799 0.335226
vt 0.801152 0.343812
vt 0.810605 0.379567
vt 0.821398 0.354298
vt 0.761345 0.345954
vt 0.644026 0.377521
vt 0.667903 0.385766
vt 0.102603 0.359121
vt 0.850834 0.611333
vt 0.073050 0.940564
vt 0.095037 0.932379
vt 0.856949 0.598149
vt 0.766760 0.414953
vt 0.774742 0.395890
vt 0.788032 0.412967
vt 0.777860 0.430317
vt 0.755596 0.411504
vt 0.763363 0.402341
vt 0.336936 0.689968
vt 0.342199 0.693127
vt 0.337240 0.706376
vt 0.476043 0.562190
vt 0.466518 0.571968
vt 0.273598 0.113596
vt 0.280267 0.097698
vt 0.680706 0.004926
vt 0.670741 0.001044
vt 0.000744 0.837334
vt 0.110788 0.849936
vt 0.975471 0.103570
vt 0.381213 0.805336
vt 0.389774 0.592026
vt 0.413463 0.528324
vt 0.013662 0.520526
vt 0.032303 0.587910
vt 0.017533 0.587735
vt 0.322740 0.797155
vt 0.247180 0.600139
vt 0.294023 0.554182
vt 0.296687 0.581868
vt 0.567503 0.737802
vt 0.057590 0.552461
vt 0.719873 0.298233
vt 0.695362 0.326438
vt 0.684062 0.321390
vt 0.355187 0.877663
vt 0.274166 0.539963
vt 0.990626 0.085335
vt 0.408785 0.009558
vt 0.398193 0.014671
vt 0.530517 0.921788
vt 0.527550 0.939606
vt 0.511700 0.941437
vt 0.000083 0.633223
vt 0.004250 0.614190
vt 0.010049 0.619506
vt 0.008498 0.635550
vt 0.539939 0.113968
vt 0.100450 0.010354
vt 0.092034 0.022554
vt 0.998922 0.327979
vt 0.528936 0.128225
vt 0.994702 0.342104
vt 0.875964 0.083524
vt 0.854634 0.083020
vt 0.840043 0.061852
vt 0.599450 0.428137
vt 0.473187 0.129315
vt 0.601223 0.414818
vt 0.908336 0.111549
vt 0.906607 0.090464
vt 0.546021 0.048151
vt 0.564445 0.042274
vt 0.555810 0.060752
vt 0.722704 0.424321
vt 0.724863 0.459929
vt 0.710407 0.441068
vt 0.757642 0.445234
vt 0.723788 0.412966
vt 0.269887 0.339531
vt 0.392504 0.013719
vt 0.416172 0.034335
vt 0.390493 0.042482
vt 0.773987 0.047618
vt 0.629974 0.058332
vt 0.627691 0.083349
vt 0.603530 0.068120
vt 0.776569 0.016384
vt 0.760892 0.037633
vt 0.375251 0.017050
vt 0.957925 0.607765
vt 0.995127 0.587205
vt 0.974408 0.609739
vt 0.257102 0.648155
vt 0.241840 0.673612
vt 0.239717 0.637057
vt 0.268428 0.672166
vt 0.277402 0.663319
vt 0.599311 0.107175
vt 0.627155 0.113179
vt 0.607188 0.122159
vt 0.921577 0.464353
vt 0.941184 0.464829
vt 0.128046 0.630824
vt 0.122263 0.643435
vt 0.115432 0.638578
vt 0.602072 0.095273
vt 0.579793 0.086707
vt 0.924780 0.441912
vt 0.563163 0.862157
vt 0.928568 0.458983
vt 0.655489 0.616403
vt 0.653317 0.602535
vt 0.849913 0.044410
vt 0.152402 0.013385
vt 0.164706 0.018638
vt 0.026297 0.947914
vt 0.130412 0.575191
vt 0.143222 0.591850
vt 0.219102 0.128713
vt 0.228829 0.129144
vt 0.220816 0.153181
vt 0.135677 0.593021
vt 0.122916 0.576889
vt 0.561941 0.596161
vt 0.558757 0.577775
vt 0.559416 0.612802
vt 0.579633 0.598164
vt 0.066312 0.401091
vt 0.055666 0.401082
vt 0.476557 0.347131
vt 0.912310 0.552881
vt 0.969258 0.176418
vt 0.977990 0.181159
vt 0.907772 0.554177
vt 0.858488 0.720487
vt 0.869657 0.712669
vt 0.869306 0.709100
vt 0.417601 0.006075
vt 0.431596 0.012523
vt 0.548961 0.110635
vt 0.011146 0.036878
vt 0.552741 0.934817
vt 0.532518 0.923723
vt 0.542568 0.930460
vt 0.834145 0.803689
vt 0.870143 0.541922
vt 0.844963 0.804479
vt 0.820666 0.800850
vt 0.844040 0.539509
vt 0.348278 0.961097
vt 0.323333 0.946844
vt 0.184861 0.535523
vt 0.193608 0.561707
vt 0.179391 0.545560
vt 0.468912 0.794719
vt 0.478678 0.783045
vt 0.488634 0.815141
vt 0.453159 0.781110
vt 0.464049 0.776816
vt 0.506321 0.285063
vt 0.616513 0.374338
vt 0.614325 0.366871
vt 0.626467 0.371180
vt 0.611158 0.380255
vt 0.334221 0.095039
vt 0.940334 0.837050
vt 0.679250 0.790526
vt 0.705467 0.790972
vt 0.668699 0.772196
vt 0.691347 0.773073
vt 0.078761 0.028710
vt 0.081157 0.042931
vt 0.065473 0.043090
vt 0.065022 0.028788
vt 0.076923 0.016338
vt 0.957776 0.056104
vt 0.941533 0.658699
vt 0.629850 0.862479
vt 0.619753 0.852992
vt 0.640791 0.858745
vt 0.392591 0.748006
vt 0.404806 0.740888
vt 0.272819 0.513378
vt 0.053605 0.788146
vt 0.069514 0.773193
vt 0.073946 0.781742
vt 0.031901 0.792809
vt 0.048039 0.779697
vt 0.078211 0.806735
vt 0.326841 0.683374
vt 0.037695 0.800293
vt 0.118668 0.278013
vt 0.130740 0.302070
vt 0.117175 0.295036
vt 0.284502 0.667084
vt 0.110102 0.497221
vt 0.113459 0.474136
vt 0.125997 0.472858
vt 0.613376 0.240982
vt 0.604645 0.250661
vt 0.604705 0.241660
vt 0.607662 0.254615
vt 0.035369 0.299146
vt 0.027187 0.300251
vt 0.028396 0.296274
vt 0.136000 0.290545
vt 0.297340 0.666018
vt 0.610384 0.784695
vt 0.615140 0.792559
vt 0.609391 0.797415
vt 0.027182 0.308869
vt 0.014433 0.110018
vt 0.078046 0.524562
vt 0.475038 0.427811
vt 0.464426 0.439969
vt 0.448455 0.405755
vt 0.415355 0.426927
vt 0.483894 0.414823
vt 0.890041 0.049270
vt 0.896185 0.039747
vt 0.900096 0.043794
vt 0.885442 0.047416
vt 0.221621 0.914985
vt 0.222029 0.933367
vt 0.004481 0.094479
vt 0.805012 0.000230
vt 0.824021 0.000230
vt 0.808873 0.005493
vt 0.360226 0.501068
vt 0.982680 0.310368
vt 0.981489 0.321925
vt 0.390294 0.580124
vt 0.386906 0.554332
vt 0.237904 0.381177
vt 0.232861 0.398052
vt 0.220713 0.393826
vt 0.228572 0.360398
vt 0.266798 0.764131
vt 0.309901 0.551602
vt 0.309549 0.542529
vt 0.312881 0.565046
vt 0.316382 0.564058
vt 0.822212 0.964504
vt 0.035443 0.109390
vt 0.044804 0.131238
vt 0.032813 0.099857
vt 0.836601 0.979639
vt 0.442067 0.952610
vt 0.460067 0.958306
vt 0.779222 0.900165
vt 0.783145 0.910597
vt 0.768178 0.900919
vt 0.802370 0.900581
vt 0.040227 0.832097
vt 0.128049 0.320140
vt 0.117538 0.318643
vt 0.977007 0.469941
vt 0.982271 0.472186
vt 0.170164 0.709237
vt 0.323863 0.869379
vt 0.707397 0.237587
vt 0.684373 0.648428
vt 0.687131 0.638052
vt 0.684423 0.666002
vt 0.812113 0.347995
vt 0.829341 0.353608
vt 0.798280 0.339171
vt 0.493645 0.779166
vt 0.511156 0.769425
vt 0.522823 0.796049
vt 0.486207 0.762631
vt 0.494219 0.759602
vt 0.802404 0.869081
vt 0.102180 0.045939
vt 0.360086 0.383836
vt 0.528949 0.682122
vt 0.181743 0.243426
vt 0.196782 0.215138
vt 0.167031 0.231143
vt 0.211618 0.690078
vt 0.770298 0.713070
vt 0.769635 0.693710
vt 0.787180 0.704474
vt 0.767544 0.734363
vt 0.750058 0.712251
vt 0.905276 0.118646
vt 0.840383 0.461391
vt 0.333838 0.030359
vt 0.412833 0.935876
vt 0.416918 0.918635
vt 0.428364 0.938945
vt 0.392376 0.925976
vt 0.485640 0.399707
vt 0.885837 0.873313
vt 0.879112 0.876380
vt 0.397854 0.194487
vt 0.521446 0.767386
vt 0.505834 0.763324
vt 0.310309 0.740355
vt 0.302641 0.719987
vt 0.553940 0.514614
vt 0.538398 0.762815
vt 0.057925 0.334587
vt 0.059111 0.496415
vt 0.057871 0.313743
vt 0.602198 0.085408
vt 0.467444 0.044735
vt 0.450366 0.045456
vt 0.446355 0.026156
vt 0.408993 0.629691
vt 0.794404 0.575312
vt 0.628058 0.089388
vt 0.629242 0.124616
vt 0.079001 0.956983
vt 0.071963 0.967891
vt 0.611733 0.337272
vt 0.955401 0.882925
vt 0.982139 0.883930
vt 0.979694 0.911875
vt 0.944429 0.857916
vt 0.961993 0.856540
vt 0.952298 0.908553
vt 0.930973 0.880860
vt 0.530130 0.531441
vt 0.534728 0.521714
vt 0.364641 0.133256
vt 0.028176 0.159081
vt 0.363922 0.123664
vt 0.863433 0.139493
vt 0.873601 0.143386
vt 0.848571 0.162541
vt 0.389723 0.836543
vt 0.381963 0.824090
vt 0.398087 0.827590
vt 0.959960 0.991011
vt 0.956844 0.978814
vt 0.976907 0.999807
vt 0.372487 0.586374
vt 0.355095 0.592441
vt 0.115766 0.784482
vt 0.124230 0.801837
vt 0.107309 0.774832
vt 0.120719 0.761704
vt 0.478674 0.649121
vt 0.475056 0.644896
vt 0.963157 0.289013
vt 0.953123 0.280234
vt 0.553963 0.237696
vt 0.569080 0.246487
vt 0.563227 0.263820
vt 0.846784 0.662737
vt 0.858628 0.665277
vt 0.859623 0.672627
vt 0.351477 0.411608
vt 0.340923 0.416734
vt 0.441114 0.970698
vt 0.423286 0.964544
vt 0.830039 0.616569
vt 0.175587 0.633486
vt 0.215090 0.615472
vt 0.173839 0.622228
vt 0.193997 0.617760
vt 0.930181 0.242997
vt 0.597642 0.619438
vt 0.998224 0.950832
vt 0.994106 0.959749
vt 0.982186 0.953410
vt 0.960063 0.107070
vt 0.984018 0.941851
vt 0.973224 0.096005
vt 0.076672 0.161443
vt 0.097273 0.164176
vt 0.078016 0.070832
vt 0.302865 0.224950
vt 0.292279 0.240062
vt 0.089799 0.418129
vt 0.669766 0.327800
vt 0.683282 0.333648
vt 0.669401 0.316264
vt 0.069117 0.568990
vt 0.668786 0.329850
vt 0.983868 0.861793
vt 0.984254 0.854923
vt 0.993602 0.855921
vt 0.895536 0.661183
vt 0.897206 0.669693
vt 0.893543 0.670605
vt 0.932573 0.620054
vt 0.936581 0.635299
vt 0.720904 0.943916
vt 0.715954 0.943524
vt 0.747601 0.948042
vt 0.731233 0.950656
vt 0.248303 0.701812
vt 0.260198 0.696704
vt 0.139280 0.238536
vt 0.134849 0.226255
vt 0.806692 0.270815
vt 0.790523 0.270558
vt 0.830724 0.232063
vt 0.837428 0.274075
vt 0.925991 0.238314
vt 0.890255 0.221565
vt 0.912890 0.210189
vt 0.904380 0.250577
vt 0.945668 0.227451
vt 0.186362 0.108828
vt 0.407748 0.333434
vt 0.396563 0.334192
vt 0.281559 0.499044
vt 0.281596 0.515072
vt 0.414123 0.315192
vt 0.709456 0.630879
vt 0.701369 0.628198
vt 0.660796 0.089819
vt 0.653454 0.075082
vt 0.714674 0.629124
vt 0.679661 0.092872
vt 0.695549 0.064260
vt 0.696718 0.050581
vt 0.716186 0.045645
vt 0.957460 0.564300
vt 0.715940 0.058457
vt 0.712535 0.078834
vt 0.949670 0.580606
vt 0.696402 0.088664
vt 0.057046 0.764263
vt 0.056001 0.777157
vt 0.075495 0.756588
vt 0.067638 0.768276
vt 0.058187 0.756545
vt 0.302724 0.482764
vt 0.982204 0.452945
vt 0.980993 0.432457
vt 0.998195 0.430952
vt 0.338460 0.145874
vt 0.328985 0.159998
vt 0.791330 0.870866
vt 0.784782 0.885081
vt 0.713009 0.821995
vt 0.716318 0.807661
vt 0.719481 0.809142
vt 0.788279 0.884732
vt 0.801597 0.862917
vt 0.717773 0.833368
vt 0.027223 0.588456
vt 0.504878 0.603934
vt 0.910205 0.081005
vt 0.921938 0.081954
vt 0.920056 0.335016
vt 0.929607 0.337657
vt 0.890913 0.330301
vt 0.906979 0.358065
vt 0.265170 0.482253
vt 0.260129 0.464226
vt 0.278378 0.482176
vt 0.946896 0.706801
vt 0.934777 0.707649
vt 0.941681 0.682913
vt 0.964047 0.682317
vt 0.839744 0.927730
vt 0.852194 0.932256
vt 0.015395 0.376643
vt 0.001254 0.366368
vt 0.012335 0.360610
vt 0.931768 0.781745
vt 0.849886 0.814472
vt 0.322133 0.034525
vt 0.901627 0.320940
vt 0.128090 0.354509
vt 0.154089 0.729566
vt 0.136057 0.729513
vt 0.257213 0.683929
vt 0.247956 0.697158
vt 0.560185 0.846522
vt 0.553041 0.829088
vt 0.983404 0.820285
vt 0.985437 0.812521
vt 0.857824 0.792350
vt 0.455053 0.768393
vt 0.453630 0.774576
vt 0.461072 0.771471
vt 0.620277 0.333622
vt 0.722268 0.817790
vt 0.972906 0.759319
vt 0.974914 0.743315
vt 0.012591 0.555587
vt 0.970297 0.762063
vt 0.844826 0.503276
vt 0.635325 0.495671
vt 0.631392 0.480637
vt 0.661545 0.425249
vt 0.640363 0.479952
vt 0.664516 0.416383
vt 0.619951 0.836684
vt 0.227482 0.260885
vt 0.155132 0.965551
vt 0.928404 0.828790
vt 0.476518 0.825749
vt 0.466855 0.816778
vt 0.731273 0.977145
vt 0.700190 0.978070
vt 0.712934 0.960087
vt 0.738841 0.967225
vt 0.775609 0.459743
vt 0.990832 0.247104
vt 0.978563 0.235612
vt 0.975133 0.245774
vt 0.967065 0.234779
vt 0.540025 0.196396
vt 0.516446 0.182463
vt 0.022913 0.632617
vt 0.605606 0.524251
vt 0.224381 0.057854
vt 0.186755 0.053276
vt 0.199096 0.025557
vt 0.201274 0.077460
vt 0.244885 0.040389
vt 0.179108 0.698765
vt 0.318358 0.870405
vt 0.068451 0.164365
vt 0.811166 0.753014
vt 0.820705 0.757195
vt 0.818429 0.764584
vt 0.631394 0.304485
vt 0.615888 0.303213
vt 0.623493 0.288904
vt 0.632414 0.289324
vt 0.640423 0.292662
vt 0.621479 0.337490
vt 0.588293 0.381007
vt 0.592805 0.378682
vt 0.528432 0.328315
vt 0.549219 0.348344
vt 0.515487 0.320983
vt 0.921968 0.695063
vt 0.920969 0.723773
vt 0.533669 0.305643
vt 0.576435 0.276797
vt 0.576855 0.283763
vt 0.574544 0.282335
vt 0.582222 0.276266
vt 0.583432 0.283028
vt 0.825531 0.161281
vt 0.240774 0.711924
vt 0.243831 0.768440
vt 0.234205 0.724722
vt 0.334943 0.792500
vt 0.339495 0.781550
vt 0.101871 0.710739
vt 0.345606 0.792720
vt 0.981202 0.292135
vt 0.966048 0.301953
vt 0.910202 0.309871
vt 0.334662 0.035472
vt 0.901098 0.635000
vt 0.894453 0.627455
vt 0.635356 0.867120
vt 0.919979 0.006395
vt 0.931367 0.009309
vt 0.926682 0.012508
vt 0.031121 0.982081
vt 0.024131 0.983380
vt 0.016200 0.981834
vt 0.039471 0.982489
vt 0.030109 0.983945
vt 0.909050 0.753821
vt 0.914722 0.739942
vt 0.540263 0.412621
vt 0.538845 0.429910
vt 0.526603 0.430872
vt 0.704383 0.359927
vt 0.690576 0.377552
vt 0.469788 0.743386
vt 0.439983 0.780320
vt 0.434600 0.778432
vt 0.378895 0.627656
vt 0.376304 0.632805
vt 0.868258 0.930349
vt 0.872625 0.924510
vt 0.860979 0.923543
vt 0.850263 0.938769
vt 0.849185 0.240694
vt 0.832469 0.234675
vt 0.856133 0.215425
vt 0.868562 0.220762
vt 0.842902 0.264025
vt 0.861517 0.245353
vt 0.908972 0.467160
vt 0.879487 0.614224
vt 0.885290 0.626990
vt 0.870279 0.626320
vt 0.749543 0.917481
vt 0.950239 0.648837
vt 0.963549 0.649040
vt 0.397961 0.994712
vt 0.685273 0.969702
vt 0.193025 0.612461
vt 0.983561 0.297681
vt 0.988871 0.324067
vt 0.983561 0.323996
vt 0.999269 0.322285
vt 0.180083 0.617962
vt 0.497529 0.960237
vt 0.493686 0.947516
vt 0.504343 0.957961
vt 0.484704 0.958563
vt 0.813712 0.688084
vt 0.628567 0.893811
vt 0.635109 0.910077
vt 0.795595 0.712639
vt 0.794202 0.696012
vt 0.961418 0.698302
vt 0.966046 0.693132
vt 0.978214 0.701401
vt 0.975036 0.707751
vt 0.229131 0.969859
vt 0.235753 0.956926
vt 0.238212 0.967286
vt 0.229540 0.954975
vt 0.228600 0.975921
vt 0.857332 0.356687
vt 0.065224 0.356326
vt 0.070101 0.329757
vt 0.054788 0.379284
vt 0.051524 0.358950
vt 0.074802 0.352686
vt 0.068122 0.376517
vt 0.902779 0.058394
vt 0.902929 0.050817
vt 0.915126 0.057024
vt 0.646636 0.265587
vt 0.440943 0.015523
vt 0.390770 0.632312
vt 0.923266 0.780076
vt 0.925318 0.794122
vt 0.868546 0.657524
vt 0.821265 0.963158
vt 0.816858 0.956403
vt 0.368990 0.656405
vt 0.137229 0.754557
vt 0.552061 0.744082
vt 0.554790 0.762025
vt 0.542073 0.757870
vt 0.739319 0.991244
vt 0.739777 0.995609
vt 0.735308 0.995463
vt 0.735480 0.989678
vt 0.806868 0.761218
vt 0.459014 0.241261
vt 0.458563 0.227320
vt 0.739056 0.043952
vt 0.726915 0.021051
vt 0.751320 0.030012
vt 0.754499 0.045116
vt 0.179909 0.243916
vt 0.157297 0.251684
vt 0.164658 0.232881
vt 0.023655 0.245279
vt 0.036749 0.259419
vt 0.964570 0.631389
vt 0.972434 0.629129
vt 0.558946 0.422863
vt 0.546318 0.412611
vt 0.566347 0.405709
vt 0.020989 0.231794
vt 0.016241 0.252142
vt 0.027119 0.055289
vt 0.049389 0.042666
vt 0.960826 0.353329
vt 0.965073 0.368465
vt 0.928458 0.323293
vt 0.185568 0.994129
vt 0.295719 0.277256
vt 0.004375 0.087231
vt 0.698405 0.445992
vt 0.386276 0.599690
vt 0.862335 0.383024
vt 0.023405 0.149255
vt 0.999315 0.890134
vt 0.530048 0.556736
vt 0.029615 0.172719
vt 0.836464 0.169368
vt 0.826418 0.174572
vt 0.843973 0.165048
vt 0.677375 0.509011
vt 0.682018 0.517240
vt 0.652392 0.520016
vt 0.676561 0.504258
vt 0.334919 0.601968
vt 0.873327 0.486503
vt 0.669689 0.937430
vt 0.665688 0.919400
vt 0.676805 0.935639
vt 0.087303 0.739301
vt 0.076553 0.739087
vt 0.663300 0.941960
vt 0.657643 0.927791
vt 0.097247 0.738771
vt 0.893476 0.589160
vt 0.904933 0.590772
vt 0.889378 0.599184
vt 0.658371 0.979648
vt 0.656734 0.985447
vt 0.646682 0.987129
vt 0.644816 0.973233
vt 0.657355 0.969598
vt 0.484054 0.236751
vt 0.475601 0.231966
vt 0.496644 0.246006
vt 0.607177 0.380473
vt 0.457698 0.448223
vt 0.430269 0.429110
vt 0.451209 0.461154
vt 0.422412 0.440299
vt 0.414732 0.383888
vt 0.733422 0.510403
vt 0.735499 0.489791
vt 0.736522 0.506914
vt 0.741328 0.531005
vt 0.547558 0.516904
vt 0.553055 0.521671
vt 0.721185 0.505490
vt 0.015130 0.684446
vt 0.413311 0.707429
vt 0.424542 0.703633
vt 0.617225 0.516105
vt 0.609448 0.519256
vt 0.605819 0.512787
vt 0.608079 0.504492
vt 0.973267 0.133879
vt 0.246112 0.928608
vt 0.042947 0.990388
vt 0.037502 0.990021
vt 0.040112 0.983501
vt 0.044855 0.991830
vt 0.114713 0.080952
vt 0.409735 0.091637
vt 0.396792 0.085912
vt 0.633971 0.154527
vt 0.718198 0.714215
vt 0.798215 0.591726
vt 0.711276 0.737230
vt 0.963610 0.389568
vt 0.945222 0.390878
vt 0.516459 0.447391
vt 0.516298 0.430622
vt 0.505689 0.447377
vt 0.599370 0.444450
vt 0.518553 0.687534
vt 0.514038 0.699667
vt 0.528233 0.695643
vt 0.275234 0.244468
vt 0.064423 0.659994
vt 0.245906 0.454908
vt 0.977595 0.530575
vt 0.854053 0.215866
vt 0.861641 0.976399
vt 0.865860 0.996195
vt 0.830528 0.995099
vt 0.879149 0.980176
vt 0.849272 0.958540
vt 0.751023 0.923164
vt 0.771541 0.910590
vt 0.768889 0.926578
vt 0.749320 0.901195
vt 0.408245 0.462468
vt 0.405900 0.477527
vt 0.382755 0.459938
vt 0.619787 0.870025
vt 0.121715 0.544909
vt 0.132028 0.531458
vt 0.106640 0.545429
vt 0.118393 0.552789
vt 0.583962 0.348253
vt 0.568703 0.362883
vt 0.583575 0.367634
vt 0.709521 0.465079
vt 0.703407 0.479244
vt 0.598398 0.904634
vt 0.700943 0.480757
vt 0.447226 0.636627
vt 0.215772 0.907708
vt 0.462426 0.622812
vt 0.744499 0.921463
vt 0.542479 0.608006
vt 0.526372 0.601587
vt 0.130787 0.826275
vt 0.114231 0.829785
vt 0.716042 0.946868
vt 0.149009 0.225973
vt 0.526409 0.958372
vt 0.517125 0.950470
vt 0.531802 0.955055
vt 0.738683 0.044912
vt 0.760023 0.053297
vt 0.736630 0.059287
vt 0.779134 0.961110
vt 0.783537 0.959672
vt 0.773855 0.973836
vt 0.684522 0.688448
vt 0.844583 0.355732
vt 0.104671 0.840604
vt 0.020260 0.308573
vt 0.511975 0.046215
vt 0.519626 0.045282
vt 0.507571 0.049714
vt 0.013420 0.751924
vt 0.013201 0.761548
vt 0.018095 0.758824
vt 0.655480 0.779386
vt 0.841673 0.362663
vt 0.142245 0.955275
vt 0.146217 0.928857
vt 0.375515 0.855222
vt 0.960778 0.122631
vt 0.947172 0.116119
vt 0.922490 0.821907
vt 0.972663 0.111544
vt 0.950229 0.127648
vt 0.972420 0.126627
vt 0.949157 0.136685
vt 0.985784 0.216476
vt 0.991133 0.221769
vt 0.701205 0.047272
vt 0.709642 0.046003
vt 0.234263 0.683807
vt 0.225848 0.663353
vt 0.101523 0.661594
vt 0.131390 0.670007
vt 0.620960 0.831295
vt 0.621754 0.836772
vt 0.208301 0.011309
vt 0.220835 0.002980
vt 0.935617 0.422946
vt 0.949020 0.412852
vt 0.025651 0.989306
vt 0.030907 0.987311
vt 0.029282 0.993606
vt 0.070687 0.888786
vt 0.169699 0.811054
vt 0.652268 0.911309
vt 0.633034 0.954703
vt 0.632271 0.980980
vt 0.550959 0.285126
vt 0.980112 0.054608
vt 0.653265 0.951595
vt 0.496983 0.967263
vt 0.520676 0.960603
vt 0.510689 0.981961
vt 0.501547 0.986743
vt 0.489213 0.974433
vt 0.475000 0.055129
vt 0.831106 0.524464
vt 0.837752 0.550368
vt 0.819085 0.540962
vt 0.742263 0.670807
vt 0.723668 0.662368
vt 0.717768 0.655093
vt 0.858806 0.795748
vt 0.742248 0.691003
vt 0.738849 0.673725
vt 0.743196 0.649347
vt 0.341423 0.970093
vt 0.315339 0.957326
vt 0.511364 0.536834
vt 0.501374 0.541876
vt 0.124969 0.150832
vt 0.151717 0.141317
vt 0.396364 0.683613
vt 0.611746 0.250439
vt 0.621661 0.250866
vt 0.608885 0.259177
vt 0.949099 0.277948
vt 0.907365 0.159050
vt 0.030581 0.645577
vt 0.941225 0.009521
vt 0.952029 0.007119
vt 0.855607 0.537979
vt 0.848799 0.531740
vt 0.859070 0.535479
vt 0.223320 0.786201
vt 0.055544 0.134343
vt 0.683405 0.524934
vt 0.357313 0.695733
vt 0.351704 0.717890
vt 0.369720 0.695748
vt 0.280643 0.082452
vt 0.272454 0.007329
vt 0.278977 0.016493
vt 0.265545 0.018936
vt 0.551502 0.223396
vt 0.568490 0.232862
vt 0.537756 0.228416
vt 0.550474 0.209975
vt 0.858919 0.025461
vt 0.802012 0.836887
vt 0.015946 0.474933
vt 0.000151 0.463457
vt 0.021701 0.432975
vt 0.531061 0.768552
vt 0.004748 0.806580
vt 0.011885 0.804100
vt 0.010378 0.808089
vt 0.006652 0.814835
vt 0.003367 0.817337
vt 0.890210 0.306516
vt 0.751556 0.137670
vt 0.715256 0.449691
vt 0.791233 0.085926
vt 0.739359 0.642543
vt 0.960991 0.628403
vt 0.373198 0.168623
vt 0.283458 0.770278
vt 0.232268 0.744729
vt 0.552932 0.394634
vt 0.560908 0.379657
vt 0.576226 0.384537
vt 0.577202 0.031775
vt 0.581600 0.039298
vt 0.945646 0.114414
vt 0.948084 0.127296
vt 0.730051 0.008558
vt 0.743810 0.013103
vt 0.881194 0.227517
vt 0.893858 0.232206
vt 0.875055 0.224337
vt 0.768512 0.240001
vt 0.779211 0.247967
vt 0.781075 0.226956
vt 0.084835 0.646958
vt 0.900970 0.625424
vt 0.342978 0.686229
vt 0.892823 0.067538
vt 0.893024 0.055742
vt 0.877433 0.186325
vt 0.467252 0.685363
vt 0.640701 0.064897
vt 0.647397 0.077468
vt 0.107496 0.294330
vt 0.092939 0.297154
vt 0.701887 0.593520
vt 0.696489 0.582856
vt 0.703186 0.583134
vt 0.583399 0.916998
vt 0.592218 0.936274
vt 0.716763 0.586868
vt 0.716504 0.605989
vt 0.702080 0.604435
vt 0.033290 0.991668
vt 0.123811 0.065487
vt 0.386099 0.807545
vt 0.991406 0.995077
vt 0.920196 0.050158
vt 0.937336 0.051304
vt 0.926996 0.055341
vt 0.992663 0.821133
vt 0.988961 0.805982
vt 0.481106 0.754035
vt 0.478507 0.734807
vt 0.592437 0.345720
vt 0.589607 0.360623
vt 0.429138 0.690382
vt 0.444430 0.714469
vt 0.784846 0.689386
vt 0.683375 0.304252
vt 0.707368 0.302975
vt 0.468003 0.592039
vt 0.367218 0.022038
vt 0.850888 0.888415
vt 0.565973 0.529956
vt 0.774111 0.005572
vt 0.749302 0.005572
vt 0.750885 0.000672
vt 0.786116 0.986432
vt 0.796140 0.994742
vt 0.780722 0.994228
vt 0.646921 0.283662
vt 0.026289 0.833664
vt 0.015424 0.833777
vt 0.018740 0.829110
vt 0.032184 0.124578
vt 0.032130 0.100485
vt 0.994630 0.387148
vt 0.035461 0.984835
vt 0.056184 0.729425
vt 0.646951 0.943119
vt 0.912609 0.048699
vt 0.897060 0.026388
vt 0.926562 0.048580
vt 0.509407 0.905528
vt 0.501488 0.008120
vt 0.489765 0.012049
vt 0.365043 0.540231
vt 0.898470 0.455521
vt 0.875844 0.455544
vt 0.877121 0.439787
vt 0.226930 0.914540
vt 0.458866 0.200199
vt 0.921859 0.971474
vt 0.912831 0.956248
vt 0.948352 0.367084
vt 0.507449 0.656822
vt 0.064264 0.015620
vt 0.079051 0.001415
vt 0.050896 0.031530
vt 0.678400 0.907797
vt 0.671647 0.911578
vt 0.679684 0.917987
vt 0.981953 0.855555
vt 0.879625 0.975000
vt 0.613717 0.891977
vt 0.827527 0.682867
vt 0.285502 0.524768
vt 0.280726 0.528591
vt 0.231832 0.942904
vt 0.983255 0.704543
vt 0.993508 0.711545
vt 0.983539 0.724305
vt 0.947077 0.854302
vt 0.953689 0.852868
vt 0.958750 0.853913
vt 0.596857 0.886476
vt 0.587522 0.880715
vt 0.601281 0.876281
vt 0.435486 0.644088
vt 0.346900 0.134625
vt 0.553221 0.313644
vt 0.547394 0.304564
vt 0.045101 0.606723
vt 0.045337 0.599990
vt 0.915457 0.628245
vt 0.910613 0.639939
vt 0.908308 0.622069
vt 0.662481 0.354959
vt 0.020935 0.991366
vt 0.010871 0.982463
vt 0.022139 0.984536
vt 0.003355 0.991522
vt 0.825675 0.567768
vt 0.155010 0.524131
vt 0.416385 0.454361
vt 0.977504 0.073714
vt 0.951156 0.071409
vt 0.978955 0.060982
vt 0.962682 0.153833
vt 0.951515 0.076778
vt 0.250521 0.139462
vt 0.564033 0.874514
vt 0.959444 0.423180
vt 0.405740 0.816681
vt 0.395002 0.799412
vt 0.831836 0.332362
vt 0.310324 0.869771
vt 0.293084 0.863199
vt 0.424995 0.318624
vt 0.613347 0.285746
vt 0.582610 0.867694
vt 0.579182 0.397134
vt 0.979917 0.020031
vt 0.714651 0.739077
vt 0.842295 0.474282
vt 0.831015 0.478700
vt 0.827626 0.463833
vt 0.835618 0.492043
vt 0.769435 0.260996
vt 0.041463 0.597819
vt 0.789564 0.234319
vt 0.782122 0.249763
vt 0.936158 0.641414
vt 0.695512 0.977555
vt 0.683526 0.992480
vt 0.681953 0.969793
vt 0.020991 0.694961
vt 0.972680 0.175981
vt 0.987777 0.175981
vt 0.983671 0.183020
vt 0.293265 0.978093
vt 0.285929 0.973069
vt 0.890219 0.863393
vt 0.888810 0.871794
vt 0.980777 0.685091
vt 0.964180 0.685125
vt 0.537278 0.940119
vt 0.545115 0.953884
vt 0.165145 0.214923
vt 0.862878 0.354218
vt 0.864873 0.375848
vt 0.877945 0.045122
vt 0.889603 0.036086
vt 0.870745 0.044559
vt 0.561238 0.066457
vt 0.572872 0.053213
vt 0.575113 0.064880
vt 0.930354 0.072865
vt 0.435582 0.307521
vt 0.479443 0.329244
vt 0.453390 0.301100
vt 0.471155 0.310366
vt 0.240215 0.929335
vt 0.232141 0.933721
vt 0.235919 0.928629
vt 0.205684 0.026095
vt 0.220108 0.031029
vt 0.574326 0.289188
vt 0.421262 0.507805
vt 0.456220 0.510945
vt 0.708282 0.890143
vt 0.178702 0.316814
vt 0.935275 0.917318
vt 0.954302 0.463149
vt 0.909900 0.970138
vt 0.128436 0.336405
vt 0.531389 0.975752
vt 0.543566 0.955505
vt 0.325918 0.536601
vt 0.300938 0.543647
vt 0.015941 0.677576
vt 0.013000 0.686628
vt 0.004351 0.681939
vt 0.843459 0.755257
vt 0.844978 0.743235
vt 0.885474 0.537804
vt 0.858022 0.537804
vt 0.885109 0.531915
vt 0.948505 0.925047
vt 0.952204 0.913662
vt 0.978134 0.922240
vt 0.969128 0.792763
vt 0.993093 0.643528
vt 0.982539 0.649249
vt 0.979081 0.802385
vt 0.974258 0.813702
vt 0.817459 0.015439
vt 0.357345 0.180524
vt 0.680653 0.378146
vt 0.578175 0.617331
vt 0.689572 0.369401
vt 0.312328 0.050826
vt 0.312527 0.069478
vt 0.903828 0.067219
vt 0.500990 0.868399
vt 0.481829 0.850140
vt 0.914315 0.073789
vt 0.719492 0.426226
vt 0.163043 0.452835
vt 0.171721 0.448426
vt 0.178298 0.463961
vt 0.148645 0.441583
vt 0.236318 0.265476
vt 0.241762 0.237052
vt 0.157420 0.957210
vt 0.324647 0.033558
vt 0.590863 0.563071
vt 0.583149 0.568484
vt 0.581792 0.558302
vt 0.594779 0.555200
vt 0.899727 0.062629
vt 0.757677 0.374456
vt 0.776646 0.374675
vt 0.651036 0.264062
vt 0.293372 0.535522
vt 0.286180 0.542985
vt 0.935785 0.574842
vt 0.637583 0.283612
vt 0.583646 0.386303
vt 0.584837 0.380042
vt 0.584656 0.360697
vt 0.952737 0.060058
vt 0.929995 0.071335
vt 0.965498 0.634724
vt 0.965546 0.641437
vt 0.000566 0.588522
vt 0.025969 0.588522
vt 0.010358 0.618033
vt 0.774912 0.314922
vt 0.908313 0.951427
vt 0.931077 0.921865
vt 0.917782 0.944502
vt 0.104547 0.311421
vt 0.100193 0.326332
vt 0.576140 0.839685
vt 0.179722 0.647235
vt 0.156178 0.637536
vt 0.437323 0.419087
vt 0.743831 0.517289
vt 0.002704 0.909073
vt 0.009341 0.919772
vt 0.016024 0.919850
vt 0.810227 0.462136
vt 0.808168 0.453347
vt 0.632012 0.805640
vt 0.993257 0.748528
vt 0.659436 0.013039
vt 0.619050 0.864716
vt 0.983119 0.409378
vt 0.957952 0.401926
vt 0.256993 0.382512
vt 0.264419 0.361870
vt 0.667224 0.956107
vt 0.681547 0.940402
vt 0.578556 0.267882
vt 0.575061 0.257614
vt 0.343438 0.231348
vt 0.927549 0.731835
vt 0.345384 0.641864
vt 0.322874 0.647869
vt 0.330795 0.664956
vt 0.912557 0.531407
vt 0.886464 0.539886
vt 0.886090 0.531394
vt 0.295809 0.083785
vt 0.376409 0.868668
vt 0.472904 0.839118
vt 0.464789 0.853730
vt 0.914428 0.062179
vt 0.276974 0.364153
vt 0.711372 0.045133
vt 0.506307 0.140167
vt 0.748152 0.694825
vt 0.767836 0.686711
vt 0.896688 0.105325
vt 0.887145 0.631065
vt 0.306221 0.032930
vt 0.306108 0.047617
vt 0.299809 0.041077
vt 0.457437 0.905021
vt 0.864704 0.702520
vt 0.852401 0.705726
vt 0.444715 0.889183
vt 0.474429 0.914934
vt 0.990974 0.739531
vt 0.986245 0.743706
vt 0.156980 0.065708
vt 0.151801 0.077666
vt 0.143425 0.063187
vt 0.159188 0.046764
vt 0.175524 0.185054
vt 0.550261 0.561186
vt 0.315268 0.667399
vt 0.601522 0.270820
vt 0.587645 0.276286
vt 0.599278 0.260904
vt 0.738923 0.315581
vt 0.753268 0.327037
vt 0.300981 0.671715
vt 0.286364 0.699771
vt 0.546838 0.825920
vt 0.536915 0.820227
vt 0.680625 0.071670
vt 0.124529 0.094581
vt 0.500793 0.962689
vt 0.483440 0.975086
vt 0.476507 0.961014
vt 0.473633 0.239954
vt 0.481069 0.248071
vt 0.461896 0.236736
vt 0.471577 0.242191
vt 0.460114 0.241646
vt 0.503982 0.428718
vt 0.487857 0.447555
vt 0.484508 0.426477
vt 0.602676 0.492169
vt 0.608917 0.488833
vt 0.870312 0.669169
vt 0.065640 0.496433
vt 0.075089 0.492597
vt 0.896994 0.030268
vt 0.834129 0.641258
vt 0.924259 0.299443
vt 0.204014 0.461402
vt 0.965288 0.243872
vt 0.967774 0.222422
vt 0.785838 0.636737
vt 0.786144 0.596246
vt 0.468680 0.648066
vt 0.451957 0.652086
vt 0.732995 0.706142
vt 0.743438 0.723914
vt 0.739269 0.689714
vt 0.731562 0.702770
vt 0.627912 0.354975
vt 0.823074 0.452668
vt 0.082215 0.603086
vt 0.186109 0.476112
vt 0.197879 0.471194
vt 0.504094 0.621332
vt 0.528391 0.644208
vt 0.428135 0.647061
vt 0.584106 0.139580
vt 0.736252 0.749470
vt 0.738817 0.743880
vt 0.726372 0.734902
vt 0.981981 0.413861
vt 0.419886 0.672778
vt 0.917328 0.791960
vt 0.587186 0.347739
vt 0.592308 0.341698
vt 0.542928 0.936561
vt 0.984920 0.347708
vt 0.982033 0.346788
vt 0.990319 0.348940
vt 0.075777 0.162933
vt 0.981753 0.321116
vt 0.231493 0.596610
vt 0.245862 0.596697
vt 0.342355 0.124818
vt 0.351083 0.122337
vt 0.452954 0.846996
vt 0.465915 0.835819
vt 0.999451 0.987833
vt 0.022278 0.496619
vt 0.973655 0.282203
vt 0.998769 0.282203
vt 0.991172 0.300523
vt 0.691964 0.079778
vt 0.691954 0.093185
vt 0.872712 0.473110
vt 0.207193 0.653274
vt 0.277059 0.146220
vt 0.878959 0.426339
vt 0.622021 0.345280
vt 0.874139 0.872709
vt 0.439594 0.195140
vt 0.027553 0.223513
vt 0.032230 0.229993
vt 0.021645 0.229751
vt 0.570372 0.286544
vt 0.135042 0.938246
vt 0.087028 0.886464
vt 0.089215 0.851774
vt 0.649812 0.514207
vt 0.958378 0.127644
vt 0.105098 0.481314
vt 0.097447 0.462220
vt 0.622091 0.480394
vt 0.613350 0.482811
vt 0.403559 0.866797
vt 0.837660 0.192106
vt 0.238055 0.707376
vt 0.224945 0.695684
vt 0.460755 0.860927
vt 0.452212 0.849099
vt 0.463869 0.847244
vt 0.875524 0.688516
vt 0.864924 0.697842
vt 0.447519 0.875965
vt 0.595745 0.253754
vt 0.627829 0.932629
vt 0.715689 0.100138
vt 0.727231 0.099794
vt 0.707909 0.108599
vt 0.459264 0.056575
vt 0.634469 0.258850
vt 0.708876 0.660564
vt 0.938316 0.651175
vt 0.107420 0.682752
vt 0.972309 0.719365
vt 0.087325 0.689262
vt 0.929403 0.591925
vt 0.918543 0.588530
vt 0.702167 0.119503
vt 0.694226 0.106510
vt 0.785825 0.896393
vt 0.424897 0.494702
vt 0.417250 0.492425
vt 0.516808 0.615626
vt 0.552084 0.860188
vt 0.022479 0.990591
vt 0.380470 0.339268
vt 0.137044 0.617206
vt 0.145385 0.614801
vt 0.160181 0.673435
vt 0.146939 0.682589
vt 0.173949 0.035785
vt 0.999273 0.729900
vt 0.171243 0.552826
vt 0.994180 0.800029
vt 0.993256 0.806125
vt 0.362693 0.178432
vt 0.783178 0.396099
vt 0.481666 0.648526
vt 0.008281 0.051952
vt 0.414629 0.062245
vt 0.406164 0.061789
vt 0.404289 0.050395
vt 0.401831 0.054681
vt 0.467345 0.941873
vt 0.357681 0.368915
vt 0.992976 0.612872
vt 0.517966 0.033850
vt 0.915967 0.679015
vt 0.925338 0.421835
vt 0.592149 0.783541
vt 0.760105 0.467833
vt 0.255821 0.449896
vt 0.891416 0.709904
vt 0.037252 0.299897
vt 0.057117 0.309161
vt 0.031853 0.309364
vt 0.220922 0.026077
vt 0.243003 0.405517
vt 0.381475 0.171955
vt 0.873410 0.811799
vt 0.009648 0.821526
vt 0.003789 0.833248
vt 0.269763 0.981724
vt 0.272979 0.973962
vt 0.280019 0.977410
vt 0.710924 0.633030
vt 0.313626 0.363455
vt 0.309146 0.385681
vt 0.296695 0.364495
vt 0.706177 0.838191
vt 0.047465 0.601741
vt 0.419313 0.071096
vt 0.060049 0.553099
vt 0.035998 0.625747
vt 0.029674 0.637703
vt 0.016762 0.315459
vt 0.161875 0.742288
vt 0.747241 0.584304
vt 0.209362 0.581819
vt 0.214836 0.594995
vt 0.067469 0.674319
vt 0.773437 0.158470
vt 0.777305 0.173675
vt 0.998945 0.077541
vt 0.026842 0.757385
vt 0.026375 0.749668
vt 0.020018 0.766266
vt 0.021249 0.627412
vt 0.470481 0.435562
vt 0.598752 0.432069
vt 0.591284 0.446476
vt 0.947520 0.084019
vt 0.376432 0.629988
vt 0.089501 0.779880
vt 0.354883 0.346790
vt 0.491270 0.250540
vt 0.660354 0.477246
vt 0.637094 0.493936
vt 0.651259 0.468495
vt 0.476623 0.941538
vt 0.638661 0.926760
vt 0.814828 0.799718
vt 0.880765 0.546048
vt 0.879494 0.538765
vt 0.855546 0.811053
vt 0.907767 0.530033
vt 0.879390 0.510600
vt 0.023026 0.728011
vt 0.023536 0.734015
vt 0.477119 0.578828
vt 0.963605 0.018605
vt 0.956540 0.006369
vt 0.987268 0.007619
vt 0.779122 0.925416
vt 0.977843 0.965537
vt 0.297845 0.028234
vt 0.292489 0.029458
vt 0.300055 0.010978
vt 0.305857 0.012765
vt 0.828950 0.327625
vt 0.046320 0.910385
vt 0.141141 0.262765
vt 0.195993 0.098811
vt 0.318587 0.087143
vt 0.518742 0.124741
vt 0.228465 0.935597
vt 0.985874 0.450231
vt 0.687045 0.708452
vt 0.862134 0.438988
vt 0.847152 0.442055
vt 0.205438 0.867886
vt 0.915966 0.067377
vt 0.171371 0.532084
vt 0.173783 0.517943
vt 0.079501 0.571667
vt 0.803412 0.000544
vt 0.805817 0.005700
vt 0.783674 0.005158
vt 0.792254 0.001598
vt 0.776998 0.005686
vt 0.769660 0.001792
vt 0.816151 0.489584
vt 0.012263 0.834742
vt 0.433328 0.590187
vt 0.374184 0.173962
vt 0.583723 0.268966
vt 0.252364 0.021714
vt 0.097199 0.994570
vt 0.100327 0.983015
vt 0.022370 0.519271
vt 0.402225 0.582358
vt 0.754301 0.484430
vt 0.882042 0.281934
vt 0.400474 0.004281
vt 0.390984 0.008934
vt 0.155217 0.893895
vt 0.178065 0.909586
vt 0.151895 0.906535
vt 0.177826 0.894810
vt 0.634408 0.707560
vt 0.841226 0.630660
vt 0.101132 0.739946
vt 0.105644 0.741792
vt 0.409928 0.746513
vt 0.241236 0.037769
vt 0.904027 0.949854
vt 0.232114 0.263654
vt 0.126462 0.083471
vt 0.139636 0.074330
vt 0.221168 0.798118
vt 0.012135 0.820502
vt 0.897161 0.622129
vt 0.178117 0.931286
vt 0.050452 0.668526
vt 0.921771 0.825918
vt 0.090521 0.537787
vt 0.846063 0.709041
vt 0.360974 0.898793
vt 0.372501 0.913128
vt 0.208711 0.488351
vt 0.033463 0.232744
vt 0.159802 0.529974
vt 0.650351 0.271603
vt 0.525154 0.138145
vt 0.512130 0.134584
vt 0.217028 0.600150
vt 0.993432 0.217812
vt 0.844683 0.004453
vt 0.500264 0.030307
vt 0.625129 0.838615
vt 0.611110 0.380907
vt 0.838621 0.052281
vt 0.952979 0.240913
vt 0.882722 0.693133
vt 0.614807 0.708514
vt 0.632326 0.703499
vt 0.484038 0.554613
vt 0.982278 0.726550
vt 0.972075 0.731695
vt 0.177320 0.011513
vt 0.186545 0.025200
vt 0.238621 0.034219
vt 0.706954 0.615152
vt 0.157562 0.610081
vt 0.150861 0.613323
vt 0.921510 0.617195
vt 0.930550 0.619919
vt 0.624031 0.039282
vt 0.747723 0.000526
vt 0.748638 0.005717
vt 0.719624 0.004860
vt 0.660900 0.409637
vt 0.583264 0.237089
vt 0.564025 0.219601
vt 0.161668 0.851324
vt 0.412396 0.504876
vt 0.036958 0.593542
vt 0.697720 0.664816
vt 0.466228 0.490425
vt 0.218322 0.678281
vt 0.889559 0.679304
vt 0.434880 0.899970
vt 0.849255 0.888959
vt 0.173236 0.034098
vt 0.797785 0.180495
vt 0.805154 0.191006
vt 0.805653 0.440365
vt 0.114678 0.828180
vt 0.750685 0.399783
vt 0.743943 0.761556
vt 0.731745 0.394909
vt 0.735718 0.730215
vt 0.904694 0.049910
vt 0.718383 0.483239
vt 0.324538 0.172542
vt 0.070869 0.647093
vt 0.560783 0.087515
vt 0.547445 0.078685
vt 0.221421 0.713723
vt 0.199063 0.711248
vt 0.926065 0.633439
vt 0.283069 0.149200
vt 0.881158 0.871328
vt 0.176244 0.827631
vt 0.836448 0.514369
vt 0.731155 0.076538
vt 0.753934 0.066351
vt 0.798258 0.927345
vt 0.794868 0.923796
vt 0.179560 0.204662
vt 0.418816 0.447535
vt 0.781824 0.675615
vt 0.892118 0.671567
vt 0.528077 0.622286
vt 0.992940 0.656607
vt 0.007213 0.230345
vt 0.284239 0.020353
vt 0.194024 0.602605
vt 0.853876 0.440005
vt 0.229324 0.591578
vt 0.626819 0.954537
vt 0.640324 0.951880
vt 0.172560 0.847747
vt 0.283038 0.342018
vt 0.594124 0.214095
vt 0.961882 0.559829
vt 0.313717 0.266809
vt 0.802974 0.574983
vt 0.290283 0.863230
vt 0.371549 0.044308
vt 0.697302 0.660877
vt 0.876718 0.695839
vt 0.483640 0.505390
vt 0.465909 0.463776
vt 0.696989 0.039699
vt 0.558767 0.644375
vt 0.557221 0.620958
vt 0.200935 0.958017
vt 0.210533 0.956964
vt 0.475697 0.956785
vt 0.899964 0.048090
vt 0.414748 0.757753
vt 0.015339 0.222536
vt 0.315966 0.162215
vt 0.948231 0.138101
vt 0.597891 0.340607
vt 0.841901 0.535246
vt 0.847907 0.503466
vt 0.958737 0.165202
vt 0.764869 0.746593
vt 0.744385 0.742001
vt 0.961908 0.140996
vt 0.233929 0.928273
vt 0.349136 0.995806
vt 0.016088 0.583221
vt 0.000041 0.561134
vt 0.014826 0.559339
vt 0.503721 0.045564
vt 0.330133 0.982653
vt 0.840514 0.100057
vt 0.608047 0.579603
vt 0.876057 0.867432
vt 0.972464 0.672640
vt 0.766925 0.742980
vt 0.310901 0.201855
vt 0.233733 0.571737
vt 0.567283 0.458303
vt 0.972283 0.487097
vt 0.746981 0.728927
vt 0.082645 0.479842
vt 0.680078 0.213959
vt 0.705337 0.214436
vt 0.504456 0.148929
vt 0.850164 0.604224
vt 0.636573 0.468416
vt 0.378831 0.062244
vt 0.379746 0.652500
vt 0.721301 0.116139
vt 0.912660 0.596772
vt 0.988398 0.417786
vt 0.979823 0.410518
vt 0.987981 0.413024
vt 0.995723 0.410769
vt 0.954897 0.848092
vt 0.978354 0.712824
vt 0.001806 0.969047
vt 0.011005 0.956386
vt 0.011721 0.975455
vt 0.998409 0.709556
vt 0.588206 0.638265
vt 0.193443 0.919743
vt 0.188015 0.922809
vt 0.074975 0.770733
vt 0.954362 0.750646
vt 0.960708 0.740412
vt 0.665288 0.038719
vt 0.420200 0.724203
vt 0.939768 0.012489
vt 0.750629 0.989265
vt 0.731681 0.984211
vt 0.921342 0.018059
vt 0.749363 0.949761
vt 0.877007 0.532549
vt 0.464375 0.976276
vt 0.480030 0.986079
vt 0.466387 0.992050
vt 0.016847 0.476164
vt 0.020619 0.499383
vt 0.012356 0.488289
vt 0.003314 0.498327
vt 0.008884 0.479576
vt 0.367821 0.880642
vt 0.084432 0.979550
vt 0.233741 0.923660
vt 0.718741 0.561955
vt 0.683281 0.578336
vt 0.702216 0.530661
vt 0.685855 0.490342
vt 0.720985 0.492006
vt 0.410014 0.953123
vt 0.413695 0.968103
vt 0.401314 0.964018
vt 0.392354 0.953580
vt 0.241465 0.932113
vt 0.776981 0.482583
s 1
usemtl Material
f 1/1/1 2/2/2 3/3/3
f 1/1/1 4/4/4 5/5/5
f 1/6/1 3/7/3 6/8/6
f 1/6/1 6/8/6 7/9/7
f 1/6/1 7/9/7 4/10/4
f 1/1/1 5/5/5 2/2/2
f 8/11/8 9/12/9 10/13/10
f 8/14/8 11/15/11 12/16/12
f 8/14/8 13/17/13 11/15/11
f 8/11/8 12/18/12 9/12/9
f 14/19/14 15/20/15 16/21/16
f 14/19/14 17/22/17 15/20/15
f 14/19/14 16/21/16 18/23/18
f 14/19/14 18/23/18 17/22/17
f 19/24/19 20/25/20 21/26/21
f 19/24/19 22/27/22 23/28/23
f 19/24/19 24/29/24 22/27/22
f 19/24/19 23/28/23 20/25/20
f 19/24/19 21/26/21 25/30/25
f 19/24/19 25/30/25 24/29/24
f 26/31/26 27/32/27 28/33/28
f 26/34/26 29/35/29 30/36/30
f 26/31/26 28/33/28 29/37/29
f 31/38/31 32/39/32 33/40/33
f 31/38/31 34/41/34 35/42/35
f 31/38/31 35/42/35 36/43/36
f 31/38/31 37/44/37 34/41/34
f 31/38/31 36/43/36 32/39/32
f 31/38/31 33/40/33 37/44/37
f 38/45/38 39/46/39 40/47/40
f 38/45/38 41/48/41 39/46/39
f 38/45/38 40/47/40 42/49/42
f 38/45/38 43/50/43 41/48/41
f 38/45/38 42/49/42 43/50/43
f 44/51/44 45/52/45 46/53/46
f 44/51/44 47/54/47 45/52/45
f 44/51/44 48/55/48 47/54/47
f 44/51/44 49/56/49 48/55/48
f 44/51/44 46/53/46 50/57/50
f 44/51/44 50/57/50 49/56/49
f 51/58/51 52/59/52 53/60/53
f 51/58/51 53/60/53 54/61/54
f 51/58/51 55/62/55 52/59/52
f 51/58/51 56/63/56 55/62/55
f 51/58/51 54/61/54 56/63/56
f 57/64/57 58/65/58 59/66/59
f 57/64/57 60/67/60 58/65/58
f 57/68/57 61/69/61 62/70/62
f 57/64/57 63/71/63 60/67/60
f 57/68/57 62/70/62 63/72/63
f 57/64/57 59/66/59 61/73/61
f 64/74/64 65/75/65 66/76/66
f 64/74/64 66/76/66 67/77/67
f 68/78/68 69/79/69 70/80/70
f 68/81/68 71/82/71 72/83/72
f 68/81/68 72/83/72 69/84/69
f 68/78/68 70/80/70 73/85/73
f 74/86/74 75/87/75 76/88/76
f 74/86/74 77/89/77 78/90/78
f 74/86/74 79/91/79 80/92/80
f 74/86/74 78/90/78 81/93/81
f 74/86/74 76/88/76 79/91/79
f 74/86/74 81/93/81 75/87/75
f 74/86/74 80/92/80 77/89/77
f 82/94/82 83/95/83 84/96/84
f 82/94/82 85/97/85 86/98/86
f 82/94/82 87/99/87 83/95/83
f 82/94/82 86/98/86 87/99/87
f 82/94/82 84/96/84 85/97/85
f 88/100/88 89/101/89 90/102/90
f 88/100/88 91/103/91 89/101/89
f 88/100/88 92/104/92 91/103/91
f 88/100/88 93/105/93 92/104/92
f 88/100/88 90/102/90 93/105/93
f 94/106/94 95/107/95 96/108/96
f 94/109/94 97/110/97 95/111/95
f 94/112/94 98/113/98 97/114/97
f 99/115/99 100/116/100 101/117/101
f 99/115/99 101/117/101 102/118/102
f 99/115/99 103/119/103 100/116/100
f 99/115/99 102/118/102 104/120/104
f 99/115/99 105/121/105 103/119/103
f 99/115/99 104/120/104 105/121/105
f 106/122/106 107/123/107 108/124/108
f 106/122/106 108/124/108 109/125/109
f 106/122/106 110/126/110 107/123/107
f 111/127/111 112/128/112 113/129/113
f 111/127/111 113/129/113 114/130/114
f 111/127/111 115/131/115 112/128/112
f 111/127/111 114/130/114 116/132/116
f 111/127/111 116/132/116 115/131/115
f 117/133/117 118/134/118 119/135/119
f 117/133/117 120/136/120 121/137/121
f 117/138/117 121/139/121 122/140/122
f 117/133/117 119/135/119 120/136/120
f 117/133/117 123/141/123 118/134/118
f 117/138/117 122/140/122 123/142/123
f 124/143/124 125/144/125 126/145/126
f 124/146/124 127/147/127 128/148/128
f 124/146/124 129/149/129 130/150/130
f 124/151/124 131/152/131 125/153/125
f 124/151/124 128/154/128 131/152/131
f 124/146/124 130/150/130 127/147/127
f 124/143/124 126/145/126 129/155/129
f 132/156/132 133/157/133 134/158/134
f 132/159/132 134/160/134 135/161/135
f 132/162/132 136/163/136 133/164/133
f 132/159/132 135/161/135 136/165/136
f 137/166/137 15/20/15 138/167/138
f 137/166/137 139/168/139 15/20/15
f 137/169/137 140/170/140 141/171/141
f 137/169/137 138/172/138 140/170/140
f 137/166/137 141/173/141 142/174/142
f 137/166/137 142/174/142 143/175/143
f 137/166/137 143/175/143 139/168/139
f 144/176/144 145/177/145 146/178/146
f 144/176/144 147/179/147 148/180/148
f 144/176/144 148/180/148 145/177/145
f 149/181/149 150/182/150 151/183/151
f 149/181/149 152/184/152 150/182/150
f 149/181/149 153/185/153 154/186/154
f 149/181/149 151/183/151 155/187/155
f 149/181/149 154/186/154 152/184/152
f 149/181/149 156/188/156 153/185/153
f 149/181/149 155/187/155 156/188/156
f 157/189/157 158/190/158 159/191/159
f 157/192/157 160/193/160 161/194/161
f 157/195/157 162/196/162 160/197/160
f 157/189/157 163/198/163 158/190/158
f 157/189/157 159/191/159 162/199/162
f 157/192/157 161/194/161 163/200/163
f 164/201/164 165/202/165 166/203/166
f 164/201/164 167/204/167 168/205/168
f 164/201/164 169/206/169 165/202/165
f 164/201/164 166/203/166 167/204/167
f 164/201/164 170/207/170 169/206/169
f 164/201/164 168/205/168 170/207/170
f 171/208/171 172/209/172 173/210/173
f 171/208/171 173/210/173 174/211/174
f 171/208/171 174/211/174 175/212/175
f 176/213/176 177/214/177 178/215/178
f 176/213/176 179/216/179 180/217/180
f 176/218/176 181/219/181 177/220/177
f 176/218/176 182/221/182 181/219/181
f 176/222/176 183/223/183 182/224/182
f 176/222/176 180/225/180 183/223/183
f 176/213/176 178/215/178 179/216/179
f 184/226/184 185/227/185 186/228/186
f 184/226/184 186/228/186 187/229/187
f 184/226/184 188/230/188 185/227/185
f 184/231/184 189/232/189 188/233/188
f 184/231/184 187/234/187 189/232/189
f 190/235/190 191/236/191 192/237/192
f 190/238/190 193/239/193 191/240/191
f 190/238/190 194/241/194 195/242/195
f 190/238/190 195/242/195 196/243/196
f 190/238/190 196/243/196 193/239/193
f 190/238/190 192/244/192 194/241/194
f 197/245/197 198/246/198 199/247/199
f 197/248/197 200/249/200 201/250/201
f 197/245/197 201/251/201 202/252/202
f 197/245/197 202/252/202 198/246/198
f 197/245/197 199/247/199 200/253/200
f 203/254/203 204/255/204 205/256/205
f 203/254/203 205/256/205 206/257/206
f 203/258/203 207/259/207 208/260/208
f 203/258/203 208/260/208 209/261/209
f 203/254/203 206/257/206 207/262/207
f 203/263/203 210/264/210 204/265/204
f 203/263/203 209/266/209 210/264/210
f 211/267/211 212/268/212 213/269/213
f 211/267/211 214/270/214 215/271/215
f 211/267/211 215/271/215 216/272/216
f 211/267/211 217/273/217 212/268/212
f 211/267/211 213/269/213 214/270/214
f 211/267/211 216/272/216 217/273/217
f 218/274/218 219/275/219 220/276/220
f 218/274/218 221/277/221 222/278/222
f 218/274/218 223/279/223 219/275/219
f 218/274/218 220/276/220 221/277/221
f 218/274/218 222/278/222 223/279/223
f 224/280/224 225/281/225 226/282/226
f 224/280/224 227/283/227 228/284/228
f 224/280/224 229/285/229 225/281/225
f 224/280/224 228/284/228 229/285/229
f 224/280/224 226/282/226 227/283/227
f 230/286/230 231/287/231 232/288/232
f 230/289/230 233/290/233 234/291/234
f 230/286/230 232/288/232 233/292/233
f 230/289/230 234/291/234 235/293/235
f 230/289/230 235/293/235 231/294/231
f 236/295/236 237/296/237 238/297/238
f 236/295/236 239/298/239 240/299/240
f 236/295/236 238/297/238 239/298/239
f 236/295/236 240/299/240 237/296/237
f 241/300/241 242/301/242 243/302/243
f 241/300/241 244/303/244 242/301/242
f 241/304/241 245/305/245 246/306/246
f 241/300/241 247/307/247 244/303/244
f 241/304/241 243/308/243 245/305/245
f 248/309/248 249/310/249 250/311/250
f 248/309/248 251/312/251 249/310/249
f 248/309/248 252/313/252 253/314/253
f 248/309/248 250/311/250 252/313/252
f 248/309/248 253/314/253 251/312/251
f 254/315/254 255/316/255 256/317/256
f 254/318/254 257/319/257 258/320/258
f 254/318/254 258/320/258 255/321/255
f 254/315/254 256/317/256 257/322/257
f 259/323/259 260/324/260 261/325/261
f 259/323/259 262/326/262 260/324/260
f 259/323/259 263/327/263 262/326/262
f 259/328/259 264/329/264 265/330/265
f 259/323/259 266/331/266 267/332/267
f 259/323/259 267/332/267 263/327/263
f 259/328/259 261/333/261 264/329/264
f 259/328/259 265/330/265 266/334/266
f 268/335/268 269/336/269 270/337/270
f 268/335/268 271/338/271 269/336/269
f 268/339/268 270/340/270 272/341/272
f 268/339/268 273/342/273 271/343/271
f 268/339/268 274/344/274 275/345/275
f 268/339/268 275/345/275 273/342/273
f 268/339/268 272/341/272 274/344/274
f 276/346/276 277/347/277 278/348/278
f 276/346/276 279/349/279 277/347/277
f 276/346/276 280/350/280 281/351/281
f 276/346/276 278/348/278 280/350/280
f 276/346/276 281/351/281 279/349/279
f 282/352/282 283/353/283 284/354/284
f 282/352/282 285/355/285 283/353/283
f 282/352/282 286/356/286 287/357/287
f 282/352/282 287/357/287 288/358/288
f 282/352/282 284/354/284 286/356/286
f 282/352/282 288/358/288 285/355/285
f 289/359/289 290/360/290 291/361/291
f 289/359/289 292/362/292 290/360/290
f 289/359/289 293/363/293 294/364/294
f 289/359/289 295/365/295 292/362/292
f 289/359/289 291/361/291 293/363/293
f 289/359/289 294/364/294 295/365/295
f 296/366/296 297/367/297 298/368/298
f 296/366/296 298/368/298 299/369/299
f 296/366/296 300/370/300 297/367/297
f 296/366/296 299/369/299 301/371/301
f 296/366/296 301/371/301 300/370/300
f 302/372/302 303/373/303 304/374/304
f 302/375/302 304/376/304 305/377/305
f 302/375/302 305/377/305 306/378/306
f 204/265/204 210/264/210 307/379/307
f 204/255/204 307/380/307 205/256/205
f 308/381/308 309/382/309 310/383/310
f 308/381/308 311/384/311 312/385/312
f 308/381/308 312/385/312 309/382/309
f 308/381/308 310/383/310 313/386/313
f 308/381/308 313/386/313 311/384/311
f 314/387/314 315/388/315 316/389/316
f 314/387/314 317/390/317 318/391/318
f 314/387/314 316/389/316 319/392/319
f 314/387/314 318/391/318 315/388/315
f 314/387/314 319/392/319 317/390/317
f 320/393/320 321/394/321 322/395/322
f 320/393/320 323/396/323 324/397/324
f 320/393/320 322/395/322 325/398/325
f 320/393/320 324/397/324 321/394/321
f 320/393/320 326/399/326 323/396/323
f 320/393/320 325/398/325 326/399/326
f 27/32/27 327/400/327 28/33/28
f 27/32/27 328/401/328 329/402/329
f 27/32/27 329/402/329 327/400/327
f 330/403/330 331/404/331 332/405/332
f 330/403/330 332/405/332 333/406/333
f 330/403/330 333/406/333 334/407/334
f 335/408/335 336/409/336 337/410/337
f 335/408/335 338/411/338 336/409/336
f 335/408/335 339/412/339 340/413/340
f 335/408/335 337/410/337 339/412/339
f 341/414/341 45/415/45 342/416/342
f 341/414/341 343/417/343 344/418/344
f 341/419/341 344/420/344 46/53/46
f 341/414/341 46/421/46 45/415/45
f 341/414/341 342/416/342 345/422/345
f 341/414/341 345/422/345 343/417/343
f 346/423/346 347/424/347 348/425/348
f 346/423/346 349/426/349 350/427/350
f 346/423/346 351/428/351 352/429/352
f 346/423/346 353/430/353 349/426/349
f 346/423/346 348/425/348 351/428/351
f 346/423/346 350/427/350 347/424/347
f 346/423/346 352/429/352 353/430/353
f 354/431/354 355/432/355 356/433/356
f 354/434/354 356/435/356 357/436/357
f 354/431/354 358/437/358 355/432/355
f 354/431/354 359/438/359 358/437/358
f 354/434/354 357/436/357 359/439/359
f 360/440/360 361/441/361 362/442/362
f 360/440/360 363/443/363 361/441/361
f 364/444/364 118/134/118 365/445/365
f 364/444/364 366/446/366 367/447/367
f 364/448/364 365/449/365 368/450/368
f 364/448/364 368/450/368 369/451/369
f 364/444/364 367/447/367 118/134/118
f 364/444/364 369/452/369 366/446/366
f 370/453/370 371/454/371 372/455/372
f 370/453/370 373/456/373 374/457/374
f 370/453/370 375/458/375 376/459/376
f 370/453/370 377/460/377 371/454/371
f 370/453/370 372/455/372 373/456/373
f 370/453/370 376/459/376 377/460/377
f 370/453/370 374/457/374 375/458/375
f 378/461/378 379/462/379 380/463/380
f 378/461/378 381/464/381 382/465/382
f 378/461/378 383/466/383 379/462/379
f 378/461/378 380/463/380 381/464/381
f 378/461/378 382/465/382 383/466/383
f 384/467/384 385/468/385 386/469/386
f 384/470/384 387/471/387 385/472/385
f 388/473/388 389/474/389 390/475/390
f 388/473/388 390/475/390 391/476/391
f 388/473/388 392/477/392 389/474/389
f 388/473/388 393/478/393 392/477/392
f 388/473/388 394/479/394 393/478/393
f 388/473/388 391/476/391 394/479/394
f 395/480/395 396/481/396 397/482/397
f 395/480/395 398/483/398 399/484/399
f 395/480/395 399/484/399 396/481/396
f 395/480/395 397/482/397 398/483/398
f 400/485/400 401/486/401 402/487/402
f 400/488/400 403/489/403 404/490/404
f 400/488/400 405/491/405 406/492/406
f 400/488/400 406/492/406 403/489/403
f 400/493/400 407/494/407 405/495/405
f 400/496/400 404/497/404 408/498/408
f 400/493/400 409/499/409 407/494/407
f 400/496/400 408/498/408 410/500/410
f 400/496/400 410/500/410 401/501/401
f 400/485/400 402/487/402 409/502/409
f 411/503/411 412/504/412 413/505/413
f 411/503/411 414/506/414 415/507/415
f 411/503/411 413/505/413 416/508/416
f 411/503/411 415/507/415 412/504/412
f 411/503/411 417/509/417 414/506/414
f 411/503/411 416/508/416 417/509/417
f 418/510/418 419/511/419 420/512/420
f 418/510/418 421/513/421 419/511/419
f 418/510/418 422/514/422 423/515/423
f 418/516/418 420/517/420 424/518/424
f 418/510/418 423/515/423 421/513/421
f 418/510/418 424/519/424 422/514/422
f 425/520/425 426/521/426 427/522/427
f 425/520/425 427/522/427 428/523/428
f 425/520/425 429/524/429 430/525/430
f 425/520/425 430/525/430 426/521/426
f 425/520/425 428/523/428 429/524/429
f 431/526/431 432/527/432 433/528/433
f 431/526/431 433/528/433 434/529/434
f 431/526/431 434/529/434 435/530/435
f 436/531/436 437/532/437 438/533/438
f 436/534/436 439/535/439 437/536/437
f 436/534/436 440/537/440 441/538/441
f 436/534/436 442/539/442 440/537/440
f 436/531/436 438/533/438 442/540/442
f 436/534/436 441/538/441 439/535/439
f 443/541/443 444/542/444 445/543/445
f 443/541/443 446/544/446 447/545/447
f 443/541/443 448/546/448 449/547/449
f 443/541/443 447/545/447 444/542/444
f 443/541/443 449/547/449 446/544/446
f 443/541/443 445/543/445 448/546/448
f 450/548/450 451/549/451 452/550/452
f 450/551/450 453/552/453 454/553/454
f 450/551/450 455/554/455 456/555/456
f 450/551/450 456/555/456 457/556/457
f 450/551/450 457/556/457 453/552/453
f 450/551/450 454/553/454 458/557/458
f 450/551/450 452/558/452 455/554/455
f 450/551/450 458/557/458 451/559/451
f 459/560/459 460/561/460 461/562/461
f 459/560/459 462/563/462 463/564/463
f 459/560/459 461/562/461 464/565/464
f 459/560/459 464/565/464 465/566/465
f 459/560/459 465/566/465 462/563/462
f 459/560/459 463/564/463 460/561/460
f 466/567/466 467/568/467 468/569/468
f 466/567/466 468/569/468 469/570/469
f 466/567/466 470/571/470 471/572/471
f 466/567/466 469/570/469 470/571/470
f 466/567/466 274/344/274 272/341/272
f 466/567/466 471/572/471 274/344/274
f 466/567/466 272/341/272 467/568/467
f 472/573/472 473/574/473 474/575/474
f 472/576/472 475/577/475 473/578/473
f 472/576/472 476/579/476 477/580/477
f 472/581/472 474/582/474 478/583/478
f 472/576/472 477/580/477 475/577/475
f 472/576/472 478/584/478 476/579/476
f 327/585/327 479/586/479 28/587/28
f 327/585/327 329/588/329 480/589/480
f 327/585/327 480/589/480 479/586/479
f 481/590/481 482/591/482 483/592/483
f 481/590/481 484/593/484 482/591/482
f 481/590/481 483/592/483 485/594/485
f 486/595/486 487/596/487 488/597/488
f 486/595/486 488/597/488 489/598/489
f 490/599/490 491/600/491 492/601/492
f 490/599/490 493/602/493 494/603/494
f 490/599/490 495/604/495 496/605/496
f 490/599/490 496/605/496 491/600/491
f 490/599/490 494/603/494 495/604/495
f 490/599/490 492/601/492 497/606/497
f 490/599/490 497/606/497 493/602/493
f 150/182/150 152/184/152 498/607/498
f 150/608/150 498/609/498 499/610/499
f 150/608/150 500/611/500 151/612/151
f 150/608/150 499/610/499 500/611/500
f 501/613/501 502/614/502 503/615/503
f 501/613/501 503/615/503 72/83/72
f 501/613/501 72/83/72 71/82/71
f 504/616/504 505/617/505 506/618/506
f 504/616/504 507/619/507 508/620/508
f 504/616/504 506/618/506 509/621/509
f 504/616/504 508/620/508 510/622/510
f 504/616/504 509/621/509 507/619/507
f 504/623/504 510/624/510 505/625/505
f 511/626/511 512/627/512 513/628/513
f 511/629/511 514/630/514 515/631/515
f 511/632/511 516/633/516 517/634/517
f 511/632/511 518/635/518 519/636/519
f 511/626/511 520/637/520 278/348/278
f 511/626/511 513/628/513 520/637/520
f 511/629/511 521/638/521 514/630/514
f 511/632/511 517/634/517 522/639/522
f 511/640/511 515/641/515 512/642/512
f 511/629/511 523/643/523 521/638/521
f 511/626/511 278/348/278 518/644/518
f 511/632/511 522/639/522 523/645/523
f 511/632/511 519/636/519 516/633/516
f 524/646/524 525/647/525 526/648/526
f 524/649/524 527/650/527 525/651/525
f 524/649/524 528/652/528 527/650/527
f 529/653/529 530/654/530 531/655/531
f 529/653/529 531/655/531 532/656/532
f 529/653/529 533/657/533 530/654/530
f 529/653/529 532/656/532 534/658/534
f 529/653/529 534/658/534 533/657/533
f 535/659/535 536/660/536 442/661/442
f 535/659/535 537/662/537 536/660/536
f 535/659/535 538/663/538 537/662/537
f 535/664/535 539/665/539 540/666/540
f 535/664/535 442/667/442 539/665/539
f 535/659/535 540/668/540 538/663/538
f 541/669/541 542/670/542 543/671/543
f 541/672/541 543/673/543 544/674/544
f 541/675/541 545/676/545 24/29/24
f 541/675/541 544/677/544 546/678/546
f 541/669/541 24/679/24 542/670/542
f 541/675/541 546/678/546 545/676/545
f 547/680/547 548/681/548 549/682/549
f 547/683/547 550/684/550 548/685/548
f 547/686/547 551/687/551 550/688/550
f 547/680/547 549/682/549 552/689/552
f 547/686/547 553/690/553 551/687/551
f 547/686/547 552/691/552 553/690/553
f 554/692/554 555/693/555 556/694/556
f 554/692/554 557/695/557 555/693/555
f 554/692/554 558/696/558 557/695/557
f 554/692/554 559/697/559 560/698/560
f 554/692/554 560/698/560 558/696/558
f 554/692/554 556/694/556 559/697/559
f 561/699/561 562/700/562 563/701/563
f 561/699/561 564/702/564 562/700/562
f 561/703/561 565/704/565 566/705/566
f 561/703/561 567/706/567 565/704/565
f 561/703/561 563/707/563 567/706/567
f 561/699/561 566/708/566 564/702/564
f 568/709/568 569/710/569 570/711/570
f 568/712/568 571/713/571 569/714/569
f 568/709/568 570/711/570 572/715/572
f 573/716/573 574/717/574 575/718/575
f 573/719/573 576/720/576 577/721/577
f 573/716/573 575/718/575 578/722/578
f 573/719/573 579/723/579 580/724/580
f 573/716/573 577/725/577 574/717/574
f 573/719/573 578/726/578 579/723/579
f 573/719/573 580/724/580 576/720/576
f 581/727/581 582/728/582 583/729/583
f 581/730/581 584/731/584 85/97/85
f 581/730/581 85/97/85 84/96/84
f 581/727/581 583/729/583 584/732/584
f 581/727/581 585/733/585 582/728/582
f 581/730/581 84/96/84 585/734/585
f 586/735/586 587/736/587 588/737/588
f 586/735/586 588/737/588 589/738/589
f 590/739/590 591/740/591 592/741/592
f 590/739/590 593/742/593 594/743/594
f 590/739/590 594/743/594 591/740/591
f 590/739/590 592/741/592 593/742/593
f 595/744/595 596/745/596 498/609/498
f 595/744/595 597/746/597 596/745/596
f 595/744/595 598/747/598 597/746/597
f 595/748/595 498/607/498 599/749/599
f 595/750/595 599/751/599 598/752/598
f 600/753/600 601/754/601 602/755/602
f 600/753/600 602/755/602 603/756/603
f 600/753/600 603/756/603 604/757/604
f 600/753/600 604/757/604 605/758/605
f 600/759/600 605/760/605 601/761/601
f 606/762/606 607/763/607 608/764/608
f 606/765/606 609/766/609 610/767/610
f 606/762/606 610/768/610 607/763/607
f 606/762/606 608/764/608 611/769/611
f 606/765/606 611/770/611 609/766/609
f 512/627/512 612/771/612 513/628/513
f 512/627/512 613/772/613 612/771/612
f 512/642/512 515/641/515 613/773/613
f 614/774/614 615/775/615 616/776/616
f 614/777/614 617/778/617 29/37/29
f 614/777/614 29/37/29 28/33/28
f 614/779/614 616/780/616 618/781/618
f 614/777/614 28/33/28 615/782/615
f 614/779/614 618/781/618 617/783/617
f 619/784/619 620/785/620 621/786/621
f 619/784/619 622/787/622 623/788/623
f 619/784/619 623/788/623 620/785/620
f 619/784/619 624/789/624 622/787/622
f 619/784/619 621/786/621 624/789/624
f 625/790/625 626/791/626 627/792/627
f 625/790/625 628/793/628 629/794/629
f 625/795/625 627/796/627 630/797/630
f 625/795/625 630/797/630 628/798/628
f 625/790/625 629/794/629 631/799/631
f 625/790/625 632/800/632 626/791/626
f 625/790/625 631/799/631 632/800/632
f 633/801/633 634/802/634 635/803/635
f 633/804/633 636/805/636 634/806/634
f 633/804/633 637/807/637 638/808/638
f 633/804/633 639/809/639 637/807/637
f 633/804/633 638/808/638 636/805/636
f 633/804/633 635/810/635 639/809/639
f 640/811/640 641/812/641 642/813/642
f 640/811/640 642/813/642 643/814/643
f 644/815/644 645/816/645 646/817/646
f 644/815/644 647/818/647 645/816/645
f 644/815/644 648/819/648 647/818/647
f 644/815/644 649/820/649 648/819/648
f 650/821/650 651/822/651 652/823/652
f 650/821/650 653/824/653 654/825/654
f 650/821/650 654/825/654 655/826/655
f 650/821/650 652/823/652 653/824/653
f 650/821/650 656/827/656 651/822/651
f 650/821/650 655/826/655 656/827/656
f 657/828/657 658/829/658 659/830/659
f 657/828/657 660/831/660 658/829/658
f 657/828/657 661/832/661 660/831/660
f 657/833/657 662/834/662 661/835/661
f 657/836/657 659/837/659 663/838/663
f 657/836/657 663/838/663 662/839/662
f 664/840/664 665/841/665 666/842/666
f 664/840/664 667/843/667 668/844/668
f 664/845/664 669/846/669 665/847/665
f 664/845/664 670/848/670 669/846/669
f 664/845/664 668/849/668 670/848/670
f 664/840/664 666/842/666 667/843/667
f 671/850/671 672/851/672 673/852/673
f 671/853/671 674/854/674 675/855/675
f 671/850/671 675/856/675 672/851/672
f 671/853/671 676/857/676 674/854/674
f 671/850/671 673/852/673 676/858/676
f 677/859/677 437/860/437 678/861/678
f 677/859/677 679/862/679 680/863/680
f 677/864/677 680/865/680 438/533/438
f 677/859/677 678/861/678 681/866/681
f 677/859/677 681/866/681 679/862/679
f 677/864/677 438/533/438 437/532/437
f 682/867/682 683/868/683 684/869/684
f 682/867/682 684/869/684 685/870/685
f 686/871/686 687/872/687 688/873/688
f 686/871/686 689/874/689 690/875/690
f 686/871/686 690/875/690 687/872/687
f 686/871/686 691/876/691 689/874/689
f 686/871/686 688/873/688 692/877/692
f 686/871/686 692/877/692 691/876/691
f 693/878/693 694/879/694 695/880/695
f 693/878/693 696/881/696 697/882/697
f 693/878/693 697/882/697 694/879/694
f 693/878/693 695/880/695 698/883/698
f 693/878/693 698/883/698 696/881/696
f 699/884/699 700/885/700 701/886/701
f 699/884/699 701/886/701 702/887/702
f 699/888/699 339/412/339 700/889/700
f 699/888/699 702/890/702 703/891/703
f 699/888/699 340/413/340 339/412/339
f 699/888/699 703/891/703 340/413/340
f 704/892/704 705/893/705 706/894/706
f 704/895/704 707/896/707 708/897/708
f 704/895/704 708/897/708 709/898/709
f 704/892/704 709/899/709 705/893/705
f 704/895/704 706/900/706 707/896/707
f 710/901/710 711/902/711 712/903/712
f 710/901/710 713/904/713 714/905/714
f 710/906/710 715/907/715 716/908/716
f 710/906/710 716/908/716 711/909/711
f 710/901/710 712/903/712 717/910/717
f 710/901/710 717/910/717 713/904/713
f 710/901/710 714/905/714 715/911/715
f 718/912/718 719/913/719 720/914/720
f 718/912/718 721/915/721 719/913/719
f 718/916/718 720/917/720 722/918/722
f 718/919/718 723/920/723 724/921/724
f 718/922/718 722/923/722 723/924/723
f 718/919/718 724/921/724 721/925/721
f 725/926/725 726/927/726 727/928/727
f 725/926/725 727/928/727 728/929/728
f 725/926/725 728/929/728 435/530/435
f 725/926/725 729/930/729 726/927/726
f 725/926/725 434/529/434 729/930/729
f 725/926/725 435/530/435 434/529/434
f 730/931/730 731/932/731 732/933/732
f 730/931/730 733/934/733 734/935/734
f 730/931/730 734/935/734 735/936/735
f 730/931/730 736/937/736 731/932/731
f 730/931/730 732/933/732 733/934/733
f 730/931/730 735/936/735 736/937/736
f 737/938/737 738/939/738 739/940/739
f 737/941/737 740/942/740 738/943/738
f 737/941/737 741/944/741 740/942/740
f 737/938/737 739/940/739 741/945/741
f 742/946/742 743/947/743 744/948/744
f 742/949/742 744/950/744 745/951/745
f 742/946/742 746/952/746 743/947/743
f 742/946/742 745/953/745 747/954/747
f 742/946/742 748/955/748 746/952/746
f 742/946/742 747/954/747 748/955/748
f 749/956/749 750/957/750 751/958/751
f 749/956/749 752/959/752 753/960/753
f 749/961/749 753/962/753 754/963/754
f 749/956/749 751/958/751 752/959/752
f 749/956/749 754/964/754 750/957/750
f 212/268/212 755/965/755 756/966/756
f 212/268/212 757/967/757 755/965/755
f 212/268/212 217/273/217 757/967/757
f 212/268/212 756/966/756 213/269/213
f 758/968/758 759/969/759 760/970/760
f 758/968/758 761/971/761 762/972/762
f 758/968/758 763/973/763 761/971/761
f 758/968/758 760/970/760 764/974/764
f 758/968/758 765/975/765 759/969/759
f 758/968/758 764/974/764 763/973/763
f 758/976/758 762/977/762 765/978/765
f 766/979/766 767/980/767 768/981/768
f 766/979/766 769/982/769 770/983/770
f 766/979/766 771/984/771 769/982/769
f 766/979/766 772/985/772 767/980/767
f 766/979/766 768/981/768 771/984/771
f 766/979/766 770/983/770 772/985/772
f 773/986/773 774/987/774 775/988/775
f 773/986/773 776/989/776 777/990/777
f 773/986/773 778/991/778 779/992/779
f 773/986/773 775/988/775 778/991/778
f 773/986/773 780/993/780 774/987/774
f 773/986/773 777/990/777 780/993/780
f 773/986/773 779/992/779 776/989/776
f 781/994/781 782/995/782 783/996/783
f 781/994/781 784/997/784 782/995/782
f 781/994/781 783/996/783 785/998/785
f 786/999/786 787/1000/787 788/1001/788
f 786/1002/786 789/1003/789 790/1004/790
f 786/1002/786 549/682/549 789/1003/789
f 786/1002/786 788/1005/788 549/682/549
f 786/1002/786 791/1006/791 787/1007/787
f 786/1002/786 790/1004/790 791/1006/791
f 792/1008/792 793/1009/793 794/1010/794
f 792/1008/792 795/1011/795 796/1012/796
f 792/1008/792 558/696/558 560/698/560
f 792/1013/792 796/1014/796 797/1015/797
f 792/1013/792 797/1015/797 558/1016/558
f 792/1008/792 560/698/560 793/1009/793
f 792/1008/792 794/1010/794 795/1011/795
f 798/1017/798 799/1018/799 800/1019/800
f 798/1017/798 801/1020/801 802/1021/802
f 798/1017/798 800/1019/800 801/1020/801
f 798/1017/798 803/1022/803 804/1023/804
f 798/1017/798 804/1023/804 799/1018/799
f 798/1017/798 802/1021/802 803/1022/803
f 805/1024/805 806/1025/806 807/1026/807
f 805/1027/805 808/1028/808 809/1029/809
f 805/1027/805 809/1029/809 810/1030/810
f 805/1031/805 807/1032/807 808/1033/808
f 805/1024/805 810/1034/810 806/1025/806
f 574/717/574 811/1035/811 575/718/575
f 812/1036/812 813/1037/813 814/1038/814
f 812/1036/812 815/1039/815 816/1040/816
f 812/1036/812 817/1041/817 818/1042/818
f 812/1036/812 818/1042/818 813/1037/813
f 812/1036/812 816/1040/816 817/1041/817
f 812/1036/812 814/1038/814 815/1039/815
f 819/1043/819 820/1044/820 821/1045/821
f 819/1043/819 822/1046/822 823/1047/823
f 819/1043/819 821/1045/821 822/1046/822
f 819/1043/819 823/1047/823 824/1048/824
f 819/1043/819 825/1049/825 820/1044/820
f 819/1043/819 824/1048/824 825/1049/825
f 826/1050/826 827/1051/827 828/1052/828
f 826/1050/826 828/1052/828 829/1053/829
f 826/1050/826 830/1054/830 827/1051/827
f 826/1050/826 831/1055/831 832/1056/832
f 826/1050/826 829/1053/829 831/1055/831
f 826/1050/826 832/1056/832 830/1054/830
f 833/1057/833 834/1058/834 835/1059/835
f 833/1057/833 836/1060/836 837/1061/837
f 833/1057/833 838/1062/838 834/1058/834
f 833/1057/833 839/1063/839 836/1060/836
f 833/1057/833 835/1059/835 839/1063/839
f 833/1057/833 837/1061/837 838/1062/838
f 840/1064/840 841/1065/841 842/1066/842
f 840/1064/840 842/1066/842 843/1067/843
f 840/1064/840 844/1068/844 841/1065/841
f 840/1064/840 843/1067/843 845/1069/845
f 840/1070/840 846/1071/846 844/1072/844
f 840/1070/840 845/1073/845 846/1071/846
f 847/1074/847 848/1075/848 849/1076/849
f 847/1077/847 849/1078/849 850/1079/850
f 847/1074/847 851/1080/851 848/1075/848
f 847/1077/847 852/1081/852 853/1082/853
f 847/1077/847 850/1079/850 852/1081/852
f 847/1074/847 853/1083/853 851/1080/851
f 854/1084/854 855/1085/855 856/1086/856
f 854/1084/854 857/1087/857 855/1085/855
f 854/1084/854 858/1088/858 859/1089/859
f 854/1084/854 859/1089/859 860/1090/860
f 854/1084/854 856/1086/856 858/1088/858
f 854/1091/854 860/1092/860 857/1093/857
f 861/1094/861 862/1095/862 863/1096/863
f 861/1094/861 864/1097/864 862/1095/862
f 861/1094/861 863/1096/863 865/1098/865
f 861/1094/861 866/1099/866 867/1100/867
f 861/1094/861 867/1100/867 864/1097/864
f 861/1094/861 865/1098/865 866/1099/866
f 868/1101/868 869/1102/869 870/1103/870
f 868/1101/868 871/1104/871 872/1105/872
f 868/1101/868 872/1105/872 873/1106/873
f 868/1101/868 874/1107/874 871/1104/871
f 868/1101/868 875/1108/875 869/1102/869
f 868/1101/868 870/1103/870 874/1107/874
f 868/1101/868 873/1106/873 875/1108/875
f 876/1109/876 336/409/336 877/1110/877
f 876/1109/876 878/1111/878 336/409/336
f 876/1109/876 879/1112/879 878/1111/878
f 876/1113/876 880/1114/880 881/1115/881
f 876/1109/876 881/1116/881 879/1112/879
f 876/1109/876 877/1110/877 880/1117/880
f 882/1118/882 883/1119/883 884/1120/884
f 882/1118/882 884/1120/884 885/1121/885
f 882/1118/882 885/1121/885 886/1122/886
f 882/1118/882 886/1122/886 883/1119/883
f 887/1123/887 888/1124/888 889/1125/889
f 887/1126/887 890/1127/890 891/1128/891
f 887/1123/887 889/1125/889 892/1129/892
f 887/1130/887 893/1131/893 890/1132/890
f 887/1126/887 454/553/454 888/1133/888
f 887/1126/887 891/1128/891 454/553/454
f 887/1123/887 892/1129/892 893/1134/893
f 460/561/460 894/1135/894 895/1136/895
f 460/561/460 895/1136/895 461/562/461
f 460/561/460 463/564/463 896/1137/896
f 460/561/460 896/1137/896 894/1135/894
f 897/1138/897 898/1139/898 899/1140/899
f 897/1138/897 899/1140/899 900/1141/900
f 897/1138/897 901/1142/901 898/1139/898
f 897/1143/897 900/1144/900 902/1145/902
f 903/1146/903 904/1147/904 905/1148/905
f 903/1149/903 476/579/476 478/584/478
f 903/1149/903 906/1150/906 907/1151/907
f 903/1149/903 907/1151/907 476/579/476
f 903/1152/903 478/1153/478 904/1154/904
f 903/1155/903 905/1156/905 906/1157/906
f 908/1158/908 909/1159/909 910/1160/910
f 908/1161/908 911/1162/911 912/1163/912
f 908/1161/908 912/1163/912 909/1164/909
f 908/1158/908 910/1160/910 911/1165/911
f 482/591/482 913/1166/913 483/592/483
f 482/591/482 914/1167/914 915/1168/915
f 482/591/482 915/1168/915 913/1166/913
f 482/591/482 484/593/484 914/1167/914
f 916/1169/916 917/1170/917 918/1171/918
f 916/1169/916 918/1171/918 919/1172/919
f 916/1169/916 920/1173/920 917/1170/917
f 916/1169/916 921/1174/921 922/1175/922
f 916/1169/916 919/1172/919 921/1174/921
f 916/1169/916 922/1175/922 920/1173/920
f 923/1176/923 924/1177/924 925/1178/925
f 923/1176/923 926/1179/926 927/1180/927
f 923/1181/923 227/283/227 926/1182/926
f 923/1176/923 925/1178/925 228/1183/228
f 923/1176/923 927/1180/927 924/1177/924
f 923/1181/923 228/284/228 227/283/227
f 928/1184/928 929/1185/929 930/1186/930
f 928/1184/928 930/1186/930 931/1187/931
f 928/1188/928 932/1189/932 933/1190/933
f 928/1188/928 934/1191/934 932/1189/932
f 928/1188/928 931/1192/931 934/1191/934
f 928/1193/928 933/1194/933 929/1195/929
f 935/1196/935 936/1197/936 937/1198/937
f 935/1196/935 937/1198/937 938/1199/938
f 935/1196/935 939/1200/939 936/1197/936
f 935/1196/935 938/1199/938 940/1201/940
f 935/1196/935 940/1201/940 941/1202/941
f 935/1196/935 941/1202/941 939/1200/939
f 942/1203/942 943/1204/943 944/1205/944
f 942/1206/942 945/1207/945 946/1208/946
f 942/1206/942 946/1208/946 943/1209/943
f 942/1206/942 947/1210/947 945/1207/945
f 942/1203/942 944/1205/944 947/1211/947
f 948/1212/948 949/1213/949 950/1214/950
f 948/1215/948 951/1216/951 952/1217/952
f 948/1212/948 950/1214/950 953/1218/953
f 948/1212/948 952/1219/952 949/1213/949
f 948/1215/948 954/1220/954 951/1216/951
f 948/1215/948 953/1221/953 954/1220/954
f 955/1222/955 956/1223/956 957/1224/957
f 955/1222/955 958/1225/958 959/1226/959
f 955/1222/955 960/1227/960 958/1225/958
f 955/1228/955 961/1229/961 956/1230/956
f 955/1222/955 962/1231/962 963/1232/963
f 955/1222/955 963/1232/963 960/1227/960
f 955/1222/955 957/1224/957 962/1231/962
f 955/1222/955 959/1226/959 961/1233/961
f 964/1234/964 965/1235/965 966/1236/966
f 964/1234/964 967/1237/967 965/1235/965
f 964/1234/964 968/1238/968 967/1237/967
f 969/1239/969 970/1240/970 971/1241/971
f 969/1239/969 971/1241/971 972/1242/972
f 969/1239/969 973/1243/973 974/1244/974
f 969/1239/969 975/1245/975 970/1240/970
f 969/1239/969 972/1242/972 973/1243/973
f 969/1239/969 974/1244/974 975/1245/975
f 976/1246/976 977/1247/977 978/1248/978
f 976/1246/976 978/1248/978 979/1249/979
f 976/1246/976 980/1250/980 981/1251/981
f 976/1246/976 981/1251/981 977/1247/977
f 976/1246/976 979/1249/979 980/1250/980
f 982/1252/982 983/1253/983 739/940/739
f 982/1252/982 738/939/738 984/1254/984
f 982/1252/982 985/1255/985 983/1253/983
f 982/1252/982 984/1254/984 985/1255/985
f 982/1252/982 739/940/739 738/939/738
f 986/1256/986 987/1257/987 988/1258/988
f 986/1256/986 988/1258/988 989/1259/989
f 990/1260/990 991/1261/991 992/1262/992
f 990/1260/990 140/170/140 993/1263/993
f 990/1260/990 994/1264/994 508/1265/508
f 990/1260/990 992/1262/992 140/170/140
f 990/1260/990 508/1265/508 991/1261/991
f 995/1266/995 996/1267/996 997/1268/997
f 995/1269/995 997/1270/997 998/1271/998
f 995/1266/995 999/1272/999 996/1267/996
f 995/1269/995 998/1271/998 1000/1273/1000
f 995/1266/995 1000/1274/1000 1001/1275/1001
f 995/1266/995 1001/1275/1001 999/1272/999
f 1002/1276/1002 1003/1277/1003 1004/1278/1004
f 1002/1279/1002 1005/1280/1005 1006/1281/1006
f 1002/1282/1002 1006/1283/1006 1007/1284/1007
f 1002/1282/1002 1007/1284/1007 1008/1285/1008
f 1002/1276/1002 1008/1286/1008 1003/1277/1003
f 331/404/331 1009/1287/1009 1010/1288/1010
f 331/404/331 1010/1288/1010 332/405/332
f 1011/1289/1011 1012/1290/1012 775/988/775
f 1011/1289/1011 1013/1291/1013 1012/1290/1012
f 1011/1292/1011 774/1293/774 1014/1294/1014
f 1011/1292/1011 113/129/113 1013/1295/1013
f 1011/1292/1011 1014/1294/1014 113/129/113
f 1011/1289/1011 775/988/775 774/987/774
f 1015/1296/1015 1016/1297/1016 1017/1298/1017
f 1015/1296/1015 1018/1299/1018 1019/1300/1019
f 1015/1296/1015 1017/1298/1017 1018/1299/1018
f 1015/1296/1015 1020/1301/1020 1021/1302/1021
f 1015/1296/1015 1019/1300/1019 1022/1303/1022
f 1015/1296/1015 1021/1302/1021 1016/1297/1016
f 1015/1296/1015 1022/1303/1022 1020/1301/1020
f 177/220/177 181/219/181 1023/1304/1023
f 177/1305/177 1024/1306/1024 1025/1307/1025
f 177/214/177 1025/1308/1025 178/215/178
f 177/1305/177 1023/1309/1023 1024/1306/1024
f 1026/1310/1026 1027/1311/1027 1028/1312/1028
f 1026/1310/1026 462/1313/462 465/1314/465
f 1026/1310/1026 1029/1315/1029 1030/1316/1030
f 1026/1310/1026 465/1314/465 1029/1315/1029
f 1026/1310/1026 1028/1312/1028 462/1313/462
f 1026/1310/1026 1030/1316/1030 1027/1311/1027
f 1031/1317/1031 628/1318/628 1032/1319/1032
f 1031/1317/1031 1033/1320/1033 1034/1321/1034
f 1031/1322/1031 629/794/629 628/793/628
f 1031/1323/1031 1034/1324/1034 1035/1325/1035
f 1031/1317/1031 1032/1319/1032 1033/1320/1033
f 1031/1322/1031 1035/1326/1035 629/794/629
f 1036/1327/1036 1037/1328/1037 1038/1329/1038
f 1039/1330/1039 1040/1331/1040 1041/1332/1041
f 1039/1330/1039 1042/1333/1042 1043/1334/1043
f 1039/1330/1039 1044/1335/1044 1045/1336/1045
f 1039/1330/1039 1045/1336/1045 1040/1331/1040
f 1039/1330/1039 1041/1332/1041 1042/1333/1042
f 1039/1330/1039 1043/1334/1043 1044/1335/1044
f 1046/1337/1046 1047/1338/1047 1048/1339/1048
f 1046/1337/1046 1049/1340/1049 1047/1338/1047
f 1046/1337/1046 1050/1341/1050 1049/1340/1049
f 1046/1337/1046 1051/1342/1051 1050/1341/1050
f 1046/1337/1046 1048/1339/1048 1051/1342/1051
f 1052/1343/1052 385/468/385 1053/1344/1053
f 1052/1343/1052 1054/1345/1054 1055/1346/1055
f 1052/1343/1052 1055/1346/1055 385/468/385
f 1056/1347/1056 1057/1348/1057 392/477/392
f 1056/1349/1056 1058/1350/1058 1059/1351/1059
f 1056/1349/1056 1060/1352/1060 1057/1353/1057
f 1056/1347/1056 1061/1354/1061 1058/1355/1058
f 1056/1349/1056 1059/1351/1059 1062/1356/1062
f 1056/1347/1056 392/477/392 1063/1357/1063
f 1056/1347/1056 1063/1357/1063 1061/1354/1061
f 1056/1349/1056 1062/1356/1062 1060/1352/1060
f 1064/1358/1064 1065/1359/1065 1066/1360/1066
f 1064/1358/1064 1067/1361/1067 1065/1359/1065
f 1064/1358/1064 1068/1362/1068 1067/1361/1067
f 1064/1358/1064 1069/1363/1069 1070/1364/1070
f 1064/1358/1064 1066/1360/1066 1069/1363/1069
f 1064/1358/1064 1070/1364/1070 1068/1362/1068
f 1071/1365/1071 1072/1366/1072 1073/1367/1073
f 1071/1368/1071 1073/1369/1073 1074/1370/1074
f 1071/1365/1071 1075/1371/1075 1076/1372/1076
f 1071/1365/1071 1076/1372/1076 1077/1373/1077
f 1071/1368/1071 1074/1370/1074 1075/1374/1075
f 1071/1365/1071 1077/1373/1077 1072/1366/1072
f 1078/1375/1078 1079/1376/1079 1080/1377/1080
f 1078/1375/1078 1081/1378/1081 1082/1379/1082
f 1078/1375/1078 1080/1377/1080 1081/1378/1081
f 1078/1380/1078 653/824/653 1083/1381/1083
f 1078/1380/1078 1083/1381/1083 1079/1382/1079
f 1078/1375/1078 1082/1379/1082 653/1383/653
f 1084/1384/1084 1085/1385/1085 1086/1386/1086
f 1084/1384/1084 1087/1387/1087 1085/1385/1085
f 1084/1384/1084 1088/1388/1088 1089/1389/1089
f 1084/1384/1084 1090/1390/1090 1087/1387/1087
f 1084/1384/1084 1086/1386/1086 1088/1388/1088
f 1084/1384/1084 1089/1389/1089 1090/1390/1090
f 1091/1391/1091 1092/1392/1092 1093/1393/1093
f 1091/1391/1091 1094/1394/1094 1092/1392/1092
f 1091/1391/1091 1093/1393/1093 258/320/258
f 1091/1391/1091 258/320/258 666/842/666
f 1091/1391/1091 666/842/666 1095/1395/1095
f 1091/1391/1091 1095/1395/1095 1094/1394/1094
f 1096/1396/1096 898/1397/898 1097/1398/1097
f 1096/1396/1096 1098/1399/1098 1099/1400/1099
f 1096/1401/1096 1099/1402/1099 898/1139/898
f 1096/1396/1096 1100/1403/1100 1101/1404/1101
f 1096/1396/1096 1097/1398/1097 1100/1403/1100
f 1096/1396/1096 1101/1404/1101 1098/1399/1098
f 15/1405/15 17/1406/17 138/1407/138
f 15/20/15 139/168/139 1102/1408/1102
f 15/20/15 1102/1408/1102 16/21/16
f 1103/1409/1103 1104/1410/1104 1105/1411/1105
f 1103/1409/1103 1106/1412/1106 1107/1413/1107
f 1103/1409/1103 1107/1413/1107 1108/1414/1108
f 1103/1409/1103 1108/1414/1108 1104/1410/1104
f 1103/1409/1103 1105/1411/1105 1109/1415/1109
f 1103/1409/1103 1109/1415/1109 1106/1412/1106
f 179/216/179 1110/1416/1110 1111/1417/1111
f 179/216/179 1112/1418/1112 180/217/180
f 179/216/179 178/215/178 1110/1416/1110
f 179/216/179 1111/1417/1111 1112/1418/1112
f 1113/1419/1113 1114/1420/1114 1115/1421/1115
f 1113/1419/1113 1115/1421/1115 1116/1422/1116
f 1113/1419/1113 1117/1423/1117 1114/1420/1114
f 1113/1424/1113 1116/1425/1116 1118/1426/1118
f 1113/1424/1113 1118/1426/1118 1119/1427/1119
f 1113/1419/1113 1119/1428/1119 1117/1423/1117
f 898/1139/898 1120/1429/1120 1121/1430/1121
f 898/1139/898 1099/1402/1099 899/1140/899
f 898/1139/898 901/1142/901 1120/1429/1120
f 898/1139/898 1121/1430/1121 1097/1431/1097
f 1122/1432/1122 1123/1433/1123 1124/1434/1124
f 1122/1432/1122 1125/1435/1125 905/1436/905
f 1122/1432/1122 733/934/733 1126/1437/1126
f 1122/1432/1122 1124/1434/1124 733/934/733
f 1122/1432/1122 1126/1437/1126 1125/1435/1125
f 1122/1432/1122 905/1436/905 1123/1433/1123
f 1127/1438/1127 1128/1439/1128 1129/1440/1129
f 1127/1438/1127 1129/1440/1129 1130/1441/1130
f 1127/1438/1127 55/1442/55 1128/1439/1128
f 1127/1438/1127 1131/1443/1131 55/1442/55
f 1127/1438/1127 1130/1441/1130 1131/1443/1131
f 1132/1444/1132 1133/1445/1133 1134/1446/1134
f 1132/1444/1132 620/1447/620 1133/1445/1133
f 1132/1448/1132 1135/1449/1135 1136/1450/1136
f 1132/1448/1132 1136/1450/1136 621/786/621
f 1132/1444/1132 1137/1451/1137 1135/1452/1135
f 1132/1444/1132 1134/1446/1134 1137/1451/1137
f 1132/1448/1132 621/786/621 620/785/620
f 1138/1453/1138 1139/1454/1139 1140/1455/1140
f 1138/1456/1138 1140/1457/1140 1141/1458/1141
f 1138/1456/1138 1141/1458/1141 1142/1459/1142
f 1138/1456/1138 1142/1459/1142 1143/1460/1143
f 1138/1456/1138 1143/1460/1143 1139/1461/1139
f 1144/1462/1144 1145/1463/1145 304/376/304
f 1144/1464/1144 304/374/304 638/808/638
f 1144/1464/1144 638/808/638 637/807/637
f 1146/1465/1146 1147/1466/1147 1148/1467/1148
f 1146/1465/1146 1149/1468/1149 1150/1469/1150
f 1146/1465/1146 1148/1467/1148 1151/1470/1151
f 1146/1465/1146 1150/1469/1150 1152/1471/1152
f 1146/1465/1146 1151/1470/1151 1149/1468/1149
f 1146/1465/1146 1152/1471/1152 1147/1466/1147
f 1153/1472/1153 1154/1473/1154 1155/1474/1155
f 1153/1472/1153 1155/1474/1155 1156/1475/1156
f 1153/1476/1153 1157/1477/1157 952/1219/952
f 1153/1476/1153 1158/1478/1158 1157/1477/1157
f 1153/1472/1153 952/1217/952 1154/1473/1154
f 1153/1476/1153 1156/1479/1156 1158/1478/1158
f 1159/1480/1159 1160/1481/1160 1161/1482/1161
f 1159/1483/1159 1162/1484/1162 992/1485/992
f 1159/1480/1159 1161/1482/1161 1162/1486/1162
f 1159/1483/1159 992/1485/992 1163/1487/1163
f 1159/1483/1159 1163/1487/1163 1164/1488/1164
f 1159/1483/1159 1164/1488/1164 1160/1489/1160
f 1165/1490/1165 1166/1491/1166 1167/1492/1167
f 1165/1490/1165 1167/1492/1167 1168/1493/1168
f 1165/1490/1165 1168/1493/1168 1169/1494/1169
f 1170/1495/1170 1171/1496/1171 1172/1497/1172
f 1170/1495/1170 1173/1498/1173 1174/1499/1174
f 1170/1495/1170 1175/1500/1175 1176/1501/1176
f 1170/1495/1170 1172/1497/1172 1175/1500/1175
f 1170/1495/1170 1174/1499/1174 1171/1496/1171
f 1170/1495/1170 1176/1501/1176 1173/1498/1173
f 869/1502/869 875/1503/875 1177/1504/1177
f 869/1502/869 1177/1504/1177 1178/1505/1178
f 869/1102/869 1178/1506/1178 870/1103/870
f 1179/1507/1179 1180/1508/1180 1181/1509/1181
f 1179/1507/1179 1181/1509/1181 196/243/196
f 1179/1507/1179 195/242/195 1182/1510/1182
f 1179/1507/1179 196/243/196 195/242/195
f 1179/1507/1179 1182/1510/1182 1180/1508/1180
f 1183/1511/1183 1184/1512/1184 1185/1513/1185
f 1183/1511/1183 1186/1514/1186 1187/1515/1187
f 1183/1516/1183 1188/1517/1188 1189/1518/1189
f 1183/1516/1183 1187/1519/1187 1188/1517/1188
f 1183/1511/1183 1189/1520/1189 1184/1512/1184
f 1183/1511/1183 1185/1513/1185 1186/1514/1186
f 641/1521/641 1190/1522/1190 350/427/350
f 641/1521/641 350/427/350 642/1523/642
f 767/1524/767 1191/1525/1191 1192/1526/1192
f 767/980/767 772/985/772 1191/1527/1191
f 767/1524/767 1192/1526/1192 768/1528/768
f 1193/1529/1193 1194/1530/1194 1195/1531/1195
f 1193/1532/1193 1196/1533/1196 1197/1534/1197
f 1193/1529/1193 1195/1531/1195 1198/1535/1198
f 1193/1532/1193 1197/1534/1197 1194/1536/1194
f 1193/1537/1193 1199/1538/1199 1196/1539/1196
f 1193/1537/1193 1198/1540/1198 1200/1541/1200
f 1193/1537/1193 1200/1541/1200 1199/1538/1199
f 1201/1542/1201 1202/1543/1202 895/1136/895
f 1201/1542/1201 1203/1544/1203 1204/1545/1204
f 1201/1542/1201 1205/1546/1205 1202/1543/1202
f 1201/1542/1201 895/1136/895 1203/1544/1203
f 1201/1542/1201 1204/1545/1204 1206/1547/1206
f 1201/1542/1201 1206/1547/1206 1205/1546/1205
f 1207/1548/1207 1208/1549/1208 1209/1550/1209
f 1207/1548/1207 1209/1550/1209 1210/1551/1210
f 1207/1548/1207 1211/1552/1211 1212/1553/1212
f 1207/1548/1207 1210/1551/1210 1211/1552/1211
f 1207/1548/1207 1212/1553/1212 1208/1549/1208
f 1213/1554/1213 1214/1555/1214 841/1065/841
f 1213/1554/1213 1215/1556/1215 1216/1557/1216
f 1213/1554/1213 841/1065/841 1217/1558/1217
f 1213/1554/1213 1216/1557/1216 1214/1555/1214
f 1213/1554/1213 1217/1558/1217 1215/1556/1215
f 1218/1559/1218 1219/1560/1219 1220/1561/1220
f 1218/1562/1218 1221/1563/1221 1222/1564/1222
f 1218/1565/1218 1222/1566/1222 1219/1567/1219
f 1218/1562/1218 679/862/679 1221/1563/1221
f 1218/1568/1218 1220/1569/1220 680/865/680
f 1218/1562/1218 680/863/680 679/862/679
f 145/177/145 1223/1570/1223 1224/1571/1224
f 145/177/145 1224/1571/1224 1225/1572/1225
f 145/177/145 1225/1572/1225 146/178/146
f 145/177/145 148/180/148 1223/1570/1223
f 1226/1573/1226 1227/1574/1227 1228/1575/1228
f 1226/1576/1226 1229/1577/1229 1230/1578/1230
f 1226/1573/1226 1228/1575/1228 1231/1579/1231
f 1226/1576/1226 1232/1580/1232 1229/1577/1229
f 1226/1576/1226 1233/1581/1233 1227/1582/1227
f 1226/1576/1226 1230/1578/1230 1233/1581/1233
f 1226/1573/1226 1231/1579/1231 1232/1583/1232
f 58/65/58 1234/1584/1234 1235/1585/1235
f 58/65/58 60/67/60 1234/1584/1234
f 58/65/58 1236/1586/1236 59/66/59
f 58/65/58 1235/1585/1235 1236/1586/1236
f 1237/1587/1237 1238/1588/1238 1239/1589/1239
f 1237/1587/1237 1240/1590/1240 1241/1591/1241
f 1237/1587/1237 1242/1592/1242 1238/1588/1238
f 1237/1587/1237 1241/1591/1241 1243/1593/1243
f 1237/1587/1237 1239/1589/1239 1240/1590/1240
f 1237/1587/1237 1243/1593/1243 1242/1592/1242
f 1244/1594/1244 1245/1595/1245 635/803/635
f 1244/1594/1244 1246/1596/1246 527/650/527
f 1244/1594/1244 1247/1597/1247 1245/1595/1245
f 1244/1594/1244 527/650/527 528/652/528
f 1244/1594/1244 528/652/528 1247/1597/1247
f 1244/1594/1244 635/803/635 1246/1596/1246
f 75/87/75 1248/1598/1248 1249/1599/1249
f 75/87/75 81/93/81 1248/1598/1248
f 75/87/75 1249/1599/1249 1250/1600/1250
f 75/87/75 1250/1600/1250 76/88/76
f 1251/1601/1251 1252/1602/1252 239/298/239
f 1251/1601/1251 239/298/239 238/297/238
f 1251/1601/1251 1253/1603/1253 1252/1602/1252
f 1251/1601/1251 238/297/238 1254/1604/1254
f 1251/1601/1251 1254/1604/1254 1255/1605/1255
f 1251/1601/1251 1256/1606/1256 1253/1603/1253
f 1251/1601/1251 1255/1605/1255 1256/1606/1256
f 1257/1607/1257 381/464/381 380/463/380
f 1257/1608/1257 380/1609/380 1258/1610/1258
f 1259/1611/1259 1260/1612/1260 251/1613/251
f 1259/1614/1259 1261/1615/1261 1262/1616/1262
f 1259/1614/1259 251/312/251 1261/1615/1261
f 1263/1617/1263 1264/1618/1264 1265/1619/1265
f 1263/1617/1263 1265/1619/1265 1266/1620/1266
f 1263/1617/1263 1267/1621/1267 1264/1618/1264
f 1268/1622/1268 1269/1623/1269 1270/1624/1270
f 1268/1622/1268 1271/1625/1271 1269/1623/1269
f 1272/1626/1272 1273/1627/1273 1274/1628/1274
f 1272/1626/1272 1275/1629/1275 1276/1630/1276
f 1272/1626/1272 1277/1631/1277 1273/1627/1273
f 1272/1626/1272 1274/1628/1274 1275/1629/1275
f 1272/1626/1272 1276/1630/1276 1277/1631/1277
f 1278/1632/1278 1279/1633/1279 1280/1634/1280
f 1278/1632/1278 1280/1634/1280 1107/1413/1107
f 1278/1632/1278 1281/1635/1281 1282/1636/1282
f 1278/1632/1278 1107/1413/1107 1281/1635/1281
f 1278/1637/1278 1282/1638/1282 1283/1639/1283
f 1278/1637/1278 1283/1639/1283 1279/1640/1279
f 198/246/198 1284/1641/1284 199/247/199
f 198/246/198 202/252/202 1284/1641/1284
f 936/1642/936 1285/1643/1285 1286/1644/1286
f 936/1197/936 939/1200/939 1285/1645/1285
f 936/1642/936 1286/1644/1286 324/397/324
f 936/1642/936 324/397/324 937/1646/937
f 1287/1647/1287 1288/1648/1288 1289/1649/1289
f 1287/1650/1287 617/783/617 618/781/618
f 1287/1647/1287 1290/1651/1290 1288/1648/1288
f 1287/1650/1287 1291/1652/1291 1290/1653/1290
f 1287/1650/1287 618/781/618 1291/1652/1291
f 1287/1647/1287 1289/1649/1289 1292/1654/1292
f 1287/1647/1287 1292/1654/1292 617/1655/617
f 1293/1656/1293 1294/1657/1294 1295/1658/1295
f 1293/1656/1293 1296/1659/1296 1294/1657/1294
f 1293/1656/1293 1297/1660/1297 1296/1659/1296
f 1293/1656/1293 1295/1658/1295 1298/1661/1298
f 1293/1656/1293 1298/1661/1298 1299/1662/1299
f 1293/1656/1293 1299/1662/1299 1297/1660/1297
f 1300/1663/1300 1301/1664/1301 688/1665/688
f 1300/1666/1300 688/1667/688 105/121/105
f 1300/1663/1300 1302/1668/1302 1303/1669/1303
f 1300/1663/1300 1303/1669/1303 1301/1664/1301
f 1300/1666/1300 105/121/105 104/120/104
f 1300/1663/1300 104/1670/104 1302/1668/1302
f 1304/1671/1304 1305/1672/1305 109/1673/109
f 1304/1671/1304 1306/1674/1306 1307/1675/1307
f 1304/1671/1304 109/1673/109 1306/1674/1306
f 1308/1676/1308 538/663/538 540/668/540
f 1308/1676/1308 1309/1677/1309 1310/1678/1310
f 1308/1679/1308 1311/1680/1311 1309/1681/1309
f 1308/1676/1308 1310/1678/1310 538/663/538
f 1308/1682/1308 1312/1683/1312 1311/1684/1311
f 1308/1682/1308 540/1685/540 1312/1683/1312
f 118/1686/118 544/677/544 365/1687/365
f 118/134/118 367/447/367 119/135/119
f 118/1686/118 123/142/123 544/677/544
f 1313/1688/1313 665/847/665 669/846/669
f 1313/1688/1313 1314/1689/1314 1315/1690/1315
f 1313/1691/1313 1316/1692/1316 1317/1693/1317
f 1313/1691/1313 1318/1694/1318 1316/1692/1316
f 1313/1695/1313 1319/1696/1319 1318/1697/1318
f 1313/1688/1313 669/846/669 1314/1689/1314
f 1313/1695/1313 1315/1698/1315 1319/1696/1319
f 1313/1691/1313 1317/1693/1317 665/841/665
f 1320/1699/1320 1321/1700/1321 1322/1701/1322
f 1320/1699/1320 1322/1701/1322 1323/1702/1323
f 1320/1699/1320 1324/1703/1324 1325/1704/1325
f 1320/1699/1320 1323/1702/1323 1326/1705/1326
f 1320/1699/1320 1326/1705/1326 1324/1703/1324
f 1320/1699/1320 1325/1704/1325 1321/1700/1321
f 1327/1706/1327 1328/1707/1328 1329/1708/1329
f 1327/1709/1327 1330/1710/1330 1331/1711/1331
f 1327/1709/1327 1331/1711/1331 1328/1712/1328
f 1327/1709/1327 1329/1713/1329 1332/1714/1332
f 1327/1709/1327 1332/1714/1332 1330/1710/1330
f 1333/1715/1333 1334/1716/1334 1335/1717/1335
f 1333/1715/1333 1336/1718/1336 1337/1719/1337
f 1333/1715/1333 1338/1720/1338 1339/1721/1339
f 1333/1715/1333 1335/1717/1335 1338/1720/1338
f 1333/1715/1333 1337/1719/1337 1334/1716/1334
f 1333/1715/1333 1339/1721/1339 1336/1718/1336
f 1340/1722/1340 1341/1723/1341 1342/1724/1342
f 1340/1722/1340 1343/1725/1343 1341/1723/1341
f 1340/1726/1340 1342/1727/1342 1344/1728/1344
f 1345/1729/1345 1346/1730/1346 1347/1731/1347
f 1345/1729/1345 1348/1732/1348 1349/1733/1349
f 1345/1729/1345 1347/1731/1347 1348/1732/1348
f 1350/1734/1350 169/206/169 170/207/170
f 1350/1735/1350 170/1736/170 1351/1737/1351
f 1350/1734/1350 1352/1738/1352 1353/1739/1353
f 1350/1734/1350 1353/1739/1353 169/206/169
f 1350/1735/1350 1351/1737/1351 1352/1740/1352
f 1354/1741/1354 1355/1742/1355 1356/1743/1356
f 1354/1744/1354 1357/1745/1357 1358/1746/1358
f 1354/1741/1354 1359/1747/1359 1355/1742/1355
f 1354/1744/1354 1360/1748/1360 1357/1745/1357
f 1354/1744/1354 1361/1749/1361 1362/1750/1362
f 1354/1741/1354 1356/1743/1356 1361/1751/1361
f 1354/1744/1354 1362/1750/1362 1360/1748/1360
f 1354/1744/1354 1358/1746/1358 1359/1752/1359
f 479/1753/479 1363/1754/1363 615/775/615
f 479/586/479 615/1755/615 28/587/28
f 479/1753/479 480/1756/480 1363/1754/1363
f 555/1757/555 1364/1758/1364 556/1759/556
f 555/1757/555 1365/1760/1365 1364/1758/1364
f 555/1757/555 557/1761/557 1366/1762/1366
f 555/1757/555 1366/1762/1366 1365/1760/1365
f 191/236/191 193/1763/193 1367/1764/1367
f 191/236/191 1367/1764/1367 1368/1765/1368
f 191/236/191 1368/1765/1368 192/237/192
f 1369/1766/1369 1370/1767/1370 1371/1768/1371
f 1369/1766/1369 1372/1769/1372 1373/1770/1373
f 1369/1766/1369 1374/1771/1374 1372/1769/1372
f 1369/1766/1369 1373/1770/1373 1370/1767/1370
f 1369/1766/1369 1371/1768/1371 1375/1772/1375
f 1369/1766/1369 1375/1772/1375 1374/1771/1374
f 1376/1773/1376 1377/1774/1377 1378/1775/1378
f 1376/1776/1376 1379/1777/1379 257/322/257
f 1376/1776/1376 1380/1778/1380 1377/1779/1377
f 1376/1776/1376 257/322/257 256/317/256
f 1376/1773/1376 1378/1775/1378 1379/1780/1379
f 1376/1776/1376 256/317/256 1380/1778/1380
f 1381/1781/1381 1382/1782/1382 1383/1783/1383
f 1381/1781/1381 1383/1783/1383 1384/1784/1384
f 1381/1781/1381 1385/1785/1385 1382/1782/1382
f 1386/1786/1386 1387/1787/1387 315/388/315
f 1386/1786/1386 315/388/315 1388/1788/1388
f 1386/1786/1386 1389/1789/1389 1387/1787/1387
f 1386/1786/1386 273/1790/273 1389/1789/1389
f 1386/1786/1386 1388/1788/1388 273/1790/273
f 1390/1791/1390 612/771/612 613/772/613
f 1390/1791/1390 613/772/613 448/1792/448
f 1390/1791/1390 448/1792/448 1391/1793/1391
f 1390/1791/1390 1391/1793/1391 281/351/281
f 1390/1791/1390 280/350/280 612/771/612
f 1390/1791/1390 281/351/281 280/350/280
f 1392/1794/1392 1393/1795/1393 1394/1796/1394
f 1392/1794/1392 1395/1797/1395 1396/1798/1396
f 1392/1794/1392 589/1799/589 1393/1795/1393
f 1392/1794/1392 1394/1796/1394 1395/1797/1395
f 1392/1794/1392 1396/1798/1396 1397/1800/1397
f 1392/1794/1392 1397/1800/1397 589/1799/589
f 290/360/290 292/362/292 534/1801/534
f 290/360/290 534/1801/534 1398/1802/1398
f 290/360/290 1398/1802/1398 291/361/291
f 1399/1803/1399 1400/1804/1400 1311/1680/1311
f 1399/1803/1399 298/1805/298 1400/1804/1400
f 1399/1803/1399 1311/1680/1311 1312/1806/1312
f 1399/1803/1399 299/1807/299 298/1805/298
f 1399/1808/1399 1312/1809/1312 299/369/299
f 1401/1810/1401 1402/1811/1402 1403/1812/1403
f 1401/1810/1401 1403/1812/1403 1404/1813/1404
f 1401/1810/1401 1405/1814/1405 1402/1811/1402
f 1406/1815/1406 1407/1816/1407 1408/1817/1408
f 1406/1818/1406 1409/1819/1409 1066/1820/1066
f 1406/1815/1406 1410/1821/1410 1407/1816/1407
f 1406/1818/1406 1066/1820/1066 1411/1822/1411
f 1406/1815/1406 1408/1817/1408 1409/1823/1409
f 1406/1818/1406 1411/1822/1411 1410/1824/1410
f 1412/1825/1412 34/1826/34 37/1827/37
f 1412/1828/1412 37/44/37 1413/1829/1413
f 1412/1825/1412 1414/1830/1414 1415/1831/1415
f 1412/1825/1412 1413/1832/1413 1414/1830/1414
f 1412/1825/1412 1415/1831/1415 34/1826/34
f 1079/1382/1079 1083/1381/1083 1416/1833/1416
f 1079/1382/1079 1416/1833/1416 1080/1834/1080
f 1417/1835/1417 1418/1836/1418 1419/1837/1419
f 1417/1838/1417 661/835/661 1418/1839/1418
f 1417/1838/1417 1420/1840/1420 1421/1841/1421
f 1417/1838/1417 1422/1842/1422 661/835/661
f 1417/1835/1417 1419/1837/1419 1420/1843/1420
f 1417/1838/1417 1421/1841/1421 1422/1842/1422
f 1423/1844/1423 1424/1845/1424 1425/1846/1425
f 1423/1844/1423 1426/1847/1426 1427/1848/1427
f 1423/1844/1423 1428/1849/1428 1426/1847/1426
f 1423/1844/1423 1429/1850/1429 1424/1845/1424
f 1423/1844/1423 1425/1846/1425 1428/1849/1428
f 1423/1844/1423 1427/1848/1427 1429/1850/1429
f 1430/1851/1430 1431/1852/1431 1432/1853/1432
f 1430/1854/1430 1433/1855/1433 1434/1856/1434
f 1430/1854/1430 1029/1315/1029 465/1314/465
f 1430/1854/1430 1434/1856/1434 1029/1315/1029
f 1430/1857/1430 1432/1858/1432 1433/1859/1433
f 1430/1851/1430 465/566/465 1431/1852/1431
f 1435/1860/1435 1436/1861/1436 1437/1862/1437
f 1435/1860/1435 1437/1862/1437 1438/1863/1438
f 1435/1860/1435 1439/1864/1439 1440/1865/1440
f 1435/1860/1435 1441/1866/1441 1436/1861/1436
f 1435/1860/1435 1440/1865/1440 1441/1866/1441
f 1435/1860/1435 1438/1863/1438 1439/1864/1439
f 1442/1867/1442 977/1247/977 1443/1868/1443
f 1442/1869/1442 1444/1870/1444 1445/1871/1445
f 1442/1867/1442 1446/1872/1446 977/1247/977
f 1442/1867/1442 1443/1868/1443 1444/1873/1444
f 1442/1869/1442 1445/1871/1445 1446/1874/1446
f 1447/1875/1447 1448/1876/1448 1449/1877/1449
f 1447/1875/1447 1449/1877/1449 1450/1878/1450
f 1447/1875/1447 1407/1816/1407 398/1879/398
f 1447/1880/1447 398/1881/398 1451/1882/1451
f 1447/1875/1447 1450/1878/1450 1407/1816/1407
f 1447/1880/1447 1451/1882/1451 1448/1883/1448
f 937/1884/937 1452/1885/1452 938/1886/938
f 937/1884/937 323/1887/323 1452/1885/1452
f 937/1646/937 324/397/324 323/396/323
f 1453/1888/1453 1454/1889/1454 1455/1890/1455
f 1453/1888/1453 1455/1890/1455 1456/1891/1456
f 1453/1892/1453 1456/1893/1456 1457/1894/1457
f 1458/1895/1458 1459/1896/1459 1460/1897/1460
f 1458/1895/1458 1461/1898/1461 1462/1899/1462
f 1458/1895/1458 1463/1900/1463 1464/1901/1464
f 1458/1895/1458 1464/1901/1464 1461/1898/1461
f 1458/1895/1458 1460/1897/1460 1463/1900/1463
f 1458/1895/1458 1462/1899/1462 1459/1896/1459
f 1465/1902/1465 233/292/233 1466/1903/1466
f 1465/1904/1465 1467/1905/1467 1468/1906/1468
f 1465/1904/1465 776/1907/776 1467/1905/1467
f 1465/1902/1465 1466/1903/1466 777/1908/777
f 1465/1904/1465 1468/1906/1468 1469/1909/1469
f 1465/1904/1465 1469/1909/1469 233/290/233
f 1465/1902/1465 777/1908/777 776/1910/776
f 1470/1911/1470 1471/1912/1471 1472/1913/1472
f 1470/1911/1470 1472/1913/1472 673/852/673
f 1470/1911/1470 1473/1914/1473 1474/1915/1474
f 1470/1911/1470 1474/1915/1474 1471/1912/1471
f 1470/1911/1470 673/852/673 1473/1914/1473
f 246/306/246 245/305/245 1475/1916/1475
f 246/1917/246 1475/1918/1475 1476/1919/1476
f 246/1920/246 1477/1921/1477 1478/1922/1478
f 246/1920/246 1476/1923/1476 1477/1921/1477
f 1479/1924/1479 1480/1925/1480 1481/1926/1481
f 1479/1924/1479 1481/1926/1481 522/639/522
f 1479/1924/1479 517/634/517 1482/1927/1482
f 1479/1924/1479 1482/1927/1482 1480/1925/1480
f 1479/1924/1479 522/639/522 517/634/517
f 1483/1928/1483 1042/1333/1042 1484/1929/1484
f 1483/1930/1483 79/91/79 1485/1931/1485
f 1483/1930/1483 1484/1932/1484 80/92/80
f 1483/1928/1483 1485/1933/1485 1043/1334/1043
f 1483/1930/1483 80/92/80 79/91/79
f 1483/1928/1483 1043/1334/1043 1042/1333/1042
f 1114/1420/1114 1117/1423/1117 1486/1934/1486
f 1114/1420/1114 1486/1934/1486 1487/1935/1487
f 1114/1420/1114 1487/1935/1487 1115/1421/1115
f 1120/1429/1120 1488/1936/1488 1121/1430/1121
f 1120/1937/1120 901/1938/901 1489/1939/1489
f 1120/1429/1120 1489/1940/1489 1488/1936/1488
f 1490/1941/1490 277/347/277 279/349/279
f 1490/1941/1490 279/349/279 1491/1942/1491
f 1490/1941/1490 1492/1943/1492 277/347/277
f 1490/1944/1490 1493/1945/1493 1492/1946/1492
f 1490/1941/1490 1491/1942/1491 1493/1947/1493
f 1128/1948/1128 55/62/55 56/63/56
f 1128/1948/1128 56/63/56 54/61/54
f 1128/1948/1128 54/61/54 1129/1949/1129
f 1494/1950/1494 1495/1951/1495 1496/1952/1496
f 1494/1950/1494 1496/1952/1496 1497/1953/1497
f 1494/1950/1494 1498/1954/1498 1495/1951/1495
f 1499/1955/1499 626/1956/626 1500/1957/1500
f 1499/1955/1499 1500/1957/1500 1501/1958/1501
f 1499/1959/1499 627/792/627 626/791/626
f 1499/1960/1499 1502/1961/1502 1503/1962/1503
f 1499/1960/1499 1503/1962/1503 627/796/627
f 1499/1955/1499 1501/1958/1501 1502/1963/1502
f 491/1964/491 496/1965/496 1504/1966/1504
f 491/1964/491 1504/1966/1504 1505/1967/1505
f 491/1964/491 1505/1967/1505 492/1968/492
f 1506/1969/1506 1507/1970/1507 1508/1971/1508
f 1506/1972/1506 1509/1973/1509 1510/1974/1510
f 1506/1969/1506 1508/1971/1508 985/1255/985
f 1506/1972/1506 1510/1974/1510 1507/1975/1507
f 1506/1969/1506 985/1255/985 984/1254/984
f 1506/1972/1506 1511/1976/1511 1509/1973/1509
f 1506/1972/1506 984/1977/984 1511/1976/1511
f 1512/1978/1512 1513/1979/1513 748/1980/748
f 1512/1978/1512 1514/1981/1514 1515/1982/1515
f 1512/1978/1512 1516/1983/1516 1514/1981/1514
f 1512/1978/1512 1515/1982/1515 1513/1979/1513
f 1512/1978/1512 748/1980/748 747/1984/747
f 1512/1978/1512 747/1984/747 1516/1983/1516
f 1517/1985/1517 1518/1986/1518 1519/1987/1519
f 1517/1985/1517 1520/1988/1520 1521/1989/1521
f 1517/1985/1517 1519/1987/1519 1522/1990/1522
f 1517/1985/1517 1521/1989/1521 1523/1991/1523
f 1517/1985/1517 1524/1992/1524 1518/1986/1518
f 1517/1985/1517 1523/1991/1523 1524/1992/1524
f 1517/1985/1517 1522/1990/1522 1520/1988/1520
f 1525/1993/1525 1526/1994/1526 1527/1995/1527
f 1525/1993/1525 1527/1995/1527 1528/1996/1528
f 1525/1993/1525 1528/1996/1528 1225/1572/1225
f 1525/1993/1525 1529/1997/1529 1530/1998/1530
f 1525/1993/1525 1225/1572/1225 1529/1997/1529
f 1525/1993/1525 1530/1998/1530 1526/1994/1526
f 1531/1999/1531 1532/2000/1532 1533/2001/1533
f 1531/1999/1531 1534/2002/1534 1532/2000/1532
f 1531/2003/1531 1533/2004/1533 1535/2005/1535
f 332/405/332 1536/2006/1536 333/406/333
f 1537/2007/1537 1538/2008/1538 879/2009/879
f 1537/2007/1537 1539/2010/1539 1540/2011/1540
f 1537/2007/1537 879/2009/879 1541/2012/1541
f 1537/2007/1537 1542/2013/1542 1538/2008/1538
f 1537/2007/1537 1540/2011/1540 1542/2013/1542
f 1537/2007/1537 1541/2012/1541 1539/2010/1539
f 1543/2014/1543 1544/2015/1544 1545/2016/1545
f 1543/2014/1543 1546/2017/1546 1547/2018/1547
f 1543/2014/1543 1548/2019/1548 1544/2015/1544
f 1543/2014/1543 1547/2018/1547 1548/2019/1548
f 1543/2014/1543 1545/2016/1545 1549/2020/1549
f 1543/2014/1543 1549/2020/1549 1550/2021/1550
f 1543/2014/1543 1550/2021/1550 1546/2017/1546
f 347/424/347 350/427/350 1190/1522/1190
f 1551/2022/1551 1552/2023/1552 1553/2024/1553
f 1551/2022/1551 1553/2024/1553 357/436/357
f 1551/2025/1551 1554/2026/1554 1555/2027/1555
f 1551/2022/1551 357/436/357 1554/2028/1554
f 1551/2025/1551 1555/2027/1555 1552/2029/1552
f 1556/2030/1556 1557/2031/1557 1558/2032/1558
f 1556/2033/1556 1558/2034/1558 1559/2035/1559
f 1556/2033/1556 1141/1458/1141 1557/2036/1557
f 1556/2033/1556 1559/2035/1559 803/1022/803
f 1556/2033/1556 803/1022/803 1141/1458/1141
f 601/2037/601 1384/2038/1384 602/2039/602
f 1560/2040/1560 711/909/711 716/908/716
f 1560/2040/1560 1561/2041/1561 1562/2042/1562
f 1560/2043/1560 1563/2044/1563 711/902/711
f 1560/2045/1560 1562/2046/1562 1564/2047/1564
f 1560/2040/1560 716/908/716 1561/2041/1561
f 1560/2045/1560 1564/2047/1564 1565/2048/1565
f 1560/2043/1560 1565/2049/1565 1563/2044/1563
f 1566/2050/1566 1567/2051/1567 1568/2052/1568
f 1566/2050/1566 160/197/160 1567/2051/1567
f 1566/2050/1566 1568/2052/1568 1569/2053/1569
f 1566/2050/1566 1569/2053/1569 161/2054/161
f 1566/2050/1566 161/2054/161 160/197/160
f 587/736/587 10/13/10 1570/2055/1570
f 587/736/587 1570/2055/1570 588/737/588
f 591/740/591 1571/2056/1571 592/741/592
f 591/740/591 1572/2057/1572 1571/2056/1571
f 591/740/591 1573/2058/1573 1572/2057/1572
f 591/740/591 594/743/594 1573/2058/1573
f 1424/1845/1424 1429/1850/1429 1574/2059/1574
f 1424/2060/1424 1574/2061/1574 1575/2062/1575
f 1576/2063/1576 1487/1935/1487 1577/2064/1577
f 1576/2065/1576 1578/2066/1578 1579/2067/1579
f 1576/2065/1576 1580/2068/1580 1581/2069/1581
f 1576/2065/1576 1581/2069/1581 1582/2070/1582
f 1576/2063/1576 1582/2071/1582 1487/1935/1487
f 1576/2065/1576 1579/2067/1579 1580/2068/1580
f 1576/2063/1576 1577/2064/1577 1578/2072/1578
f 1098/2073/1098 1583/2074/1583 1099/1402/1099
f 1098/2075/1098 1584/2076/1584 1583/2077/1583
f 1098/2075/1098 1101/2078/1101 1584/2076/1584
f 1585/2079/1585 1586/2080/1586 1587/2081/1587
f 1585/2079/1585 1588/2082/1588 1586/2080/1586
f 1585/2079/1585 1587/2081/1587 1589/2083/1589
f 1585/2079/1585 1590/2084/1590 1588/2082/1588
f 1585/2079/1585 1589/2083/1589 1590/2084/1590
f 1591/2085/1591 1592/2086/1592 1593/2087/1593
f 1591/2085/1591 1594/2088/1594 1595/2089/1595
f 1591/2085/1591 1596/2090/1596 1592/2086/1592
f 1591/2085/1591 1595/2089/1595 1597/2091/1597
f 1591/2085/1591 1597/2091/1597 1596/2090/1596
f 1591/2085/1591 1593/2087/1593 1594/2088/1594
f 1598/2092/1598 293/363/293 1599/2093/1599
f 1598/2092/1598 1600/2094/1600 294/364/294
f 1598/2092/1598 1601/2095/1601 1600/2094/1600
f 1598/2092/1598 1599/2093/1599 1602/2096/1602
f 1598/2092/1598 1602/2096/1602 1603/2097/1603
f 1598/2092/1598 294/364/294 293/363/293
f 1598/2092/1598 1603/2097/1603 1601/2095/1601
f 1604/2098/1604 1605/2099/1605 1606/2100/1606
f 1604/2098/1604 1607/2101/1607 1605/2099/1605
f 1604/2098/1604 1608/2102/1608 1607/2101/1607
f 1609/2103/1609 1610/2104/1610 1611/2105/1611
f 1609/2103/1609 1612/2106/1612 1613/2107/1613
f 1609/2103/1609 1611/2105/1611 1614/2108/1614
f 1609/2103/1609 1615/2109/1615 1616/2110/1616
f 1609/2103/1609 1614/2108/1614 1615/2109/1615
f 1609/2103/1609 1613/2107/1613 1610/2104/1610
f 1609/2103/1609 1616/2110/1616 1612/2106/1612
f 1617/2111/1617 1618/2112/1618 1619/2113/1619
f 1617/2111/1617 55/1442/55 1131/1443/1131
f 1617/2111/1617 1131/1443/1131 1620/2114/1620
f 1617/2111/1617 1620/2114/1620 1618/2112/1618
f 1617/2111/1617 1619/2113/1619 55/1442/55
f 1621/2115/1621 1622/2116/1622 1623/2117/1623
f 1621/2115/1621 291/361/291 1398/1802/1398
f 1621/2115/1621 1624/2118/1624 1625/2119/1625
f 1621/2115/1621 1623/2117/1623 1624/2118/1624
f 1621/2115/1621 1398/1802/1398 1622/2116/1622
f 1621/2115/1621 1625/2119/1625 291/361/291
f 1626/2120/1626 1627/2121/1627 1628/2122/1628
f 1626/2120/1626 1629/2123/1629 1627/2121/1627
f 1626/2120/1626 1630/2124/1630 1629/2123/1629
f 1626/2125/1626 1631/2126/1631 1632/2127/1632
f 1626/2120/1626 1632/2128/1632 1630/2124/1630
f 1626/2125/1626 1628/2129/1628 1631/2126/1631
f 1633/2130/1633 1634/2131/1634 1635/2132/1635
f 1633/2133/1633 1090/1390/1090 1634/2134/1634
f 1092/1392/1092 1094/1394/1094 1636/2135/1636
f 1092/2136/1092 1637/2137/1637 1093/2138/1093
f 1092/1392/1092 1636/2135/1636 1638/2139/1638
f 1092/2136/1092 1638/2140/1638 1637/2137/1637
f 1639/2141/1639 1640/2142/1640 1641/2143/1641
f 1639/2141/1639 1642/2144/1642 1643/2145/1643
f 1639/2141/1639 1644/2146/1644 1640/2142/1640
f 1639/2147/1639 1643/2148/1643 1644/2149/1644
f 1639/2141/1639 1641/2143/1641 1642/2144/1642
f 1645/2150/1645 1646/2151/1646 1647/2152/1647
f 1645/2150/1645 1647/2152/1647 1648/2153/1648
f 1645/2154/1645 1648/2155/1648 1649/2156/1649
f 1645/2154/1645 1649/2156/1649 1650/2157/1650
f 1645/2150/1645 1651/2158/1651 1646/2151/1646
f 1645/2154/1645 1652/2159/1652 1651/2160/1651
f 1645/2154/1645 1650/2157/1650 1652/2159/1652
f 1653/2161/1653 1654/2162/1654 1655/2163/1655
f 1653/2161/1653 1655/2163/1655 1656/2164/1656
f 1653/2161/1653 1657/2165/1657 1654/2162/1654
f 1658/2166/1658 1659/2167/1659 1660/2168/1660
f 1658/2166/1658 1661/2169/1661 1662/2170/1662
f 1658/2166/1658 1662/2170/1662 1663/2171/1663
f 1658/2166/1658 1660/2168/1660 1664/2172/1664
f 1658/2166/1658 1663/2171/1663 1659/2167/1659
f 1658/2166/1658 1664/2172/1664 1661/2169/1661
f 1665/2173/1665 1666/2174/1666 797/1015/797
f 1665/2173/1665 1667/2175/1667 1668/2176/1668
f 1665/2173/1665 1669/2177/1669 1670/2178/1670
f 1665/2173/1665 1668/2176/1668 1669/2177/1669
f 1665/2173/1665 797/1015/797 1667/2175/1667
f 1665/2173/1665 1670/2178/1670 1666/2174/1666
f 1671/2179/1671 1672/2180/1672 1673/2181/1673
f 1671/2179/1671 1674/2182/1674 1675/2183/1675
f 1671/2179/1671 1673/2181/1673 1676/2184/1676
f 1671/2179/1671 1675/2183/1675 1672/2180/1672
f 1671/2179/1671 1676/2184/1676 1677/2185/1677
f 1671/2179/1671 1677/2185/1677 1674/2182/1674
f 1678/2186/1678 1679/2187/1679 1680/2188/1680
f 1678/2186/1678 1681/2189/1681 1682/2190/1682
f 1678/2191/1678 1683/2192/1683 1679/2193/1679
f 1678/2191/1678 1682/2194/1682 1683/2192/1683
f 1678/2186/1678 1680/2188/1680 1681/2189/1681
f 1684/2195/1684 1685/2196/1685 1686/2197/1686
f 1684/2195/1684 1687/2198/1687 1685/2196/1685
f 1684/2195/1684 1686/2197/1686 1688/2199/1688
f 1684/2195/1684 1689/2200/1689 1690/2201/1690
f 1684/2195/1684 1688/2199/1688 1689/2200/1689
f 1684/2195/1684 1690/2201/1690 1687/2198/1687
f 1691/2202/1691 1692/2203/1692 1693/2204/1693
f 1691/2202/1691 1694/2205/1694 1692/2203/1692
f 1691/2202/1691 1695/2206/1695 1694/2205/1694
f 1696/2207/1696 1697/2208/1697 1698/2209/1698
f 1696/2207/1696 315/388/315 1699/2210/1699
f 1696/2207/1696 1698/2209/1698 316/389/316
f 1696/2207/1696 1699/2210/1699 1697/2208/1697
f 1696/2207/1696 316/389/316 315/388/315
f 1700/2211/1700 1701/2212/1701 1702/2213/1702
f 1700/2211/1700 1703/2214/1703 1701/2212/1701
f 1700/2215/1700 1704/2216/1704 1705/2217/1705
f 1700/2215/1700 1705/2217/1705 1703/2218/1703
f 1700/2215/1700 1706/2219/1706 1704/2216/1704
f 1700/2211/1700 1702/2213/1702 1706/2220/1706
f 1707/2221/1707 1377/2222/1377 1319/1696/1319
f 1707/2221/1707 961/1229/961 959/2223/959
f 1707/2224/1707 1708/2225/1708 1378/1775/1378
f 1707/2221/1707 1319/1696/1319 961/1229/961
f 1707/2224/1707 959/1226/959 1708/2225/1708
f 1707/2224/1707 1378/1775/1378 1377/1774/1377
f 1709/2226/1709 158/190/158 1710/2227/1710
f 1709/2226/1709 1711/2228/1711 159/191/159
f 1709/2226/1709 1710/2227/1710 1712/2229/1712
f 1709/2226/1709 159/191/159 158/190/158
f 1709/2226/1709 1712/2229/1712 1711/2228/1711
f 505/625/505 1713/2230/1713 1714/2231/1714
f 505/2232/505 1715/2233/1715 1716/2234/1716
f 505/2235/505 1714/2236/1714 1715/2237/1715
f 505/2232/505 1716/2234/1716 506/2238/506
f 505/625/505 510/624/510 1713/2230/1713
f 1717/2239/1717 997/1270/997 1460/2240/1460
f 1717/2239/1717 1459/2241/1459 394/479/394
f 1717/2239/1717 998/1271/998 997/1270/997
f 1717/2239/1717 1718/2242/1718 998/1271/998
f 1717/2239/1717 1460/2240/1460 1459/2241/1459
f 1717/2239/1717 394/479/394 391/476/391
f 1717/2239/1717 391/476/391 1718/2242/1718
f 1719/2243/1719 1720/2244/1720 1721/2245/1721
f 1719/2246/1719 1374/1771/1374 1720/2247/1720
f 1719/2243/1719 1722/2248/1722 1723/2249/1723
f 1719/2246/1719 1724/2250/1724 1374/1771/1374
f 1719/2243/1719 1725/2251/1725 1722/2248/1722
f 1719/2246/1719 1723/2252/1723 1724/2250/1724
f 1719/2243/1719 1721/2245/1721 1725/2251/1725
f 1726/2253/1726 1727/2254/1727 1728/2255/1728
f 1726/2253/1726 1729/2256/1729 1730/2257/1730
f 1726/2253/1726 1731/2258/1731 1729/2256/1729
f 1726/2253/1726 1728/2255/1728 1732/2259/1732
f 1726/2253/1726 1732/2259/1732 1731/2258/1731
f 1726/2253/1726 1730/2257/1730 1727/2254/1727
f 297/2260/297 1733/2261/1733 1734/2262/1734
f 297/2260/297 1735/2263/1735 1733/2261/1733
f 297/2260/297 300/2264/300 1735/2263/1735
f 297/2265/297 1734/2266/1734 298/1805/298
f 883/1119/883 1736/2267/1736 1737/2268/1737
f 883/1119/883 1738/2269/1738 1739/2270/1739
f 883/1119/883 1737/2268/1737 884/1120/884
f 883/1119/883 886/1122/886 1738/2269/1738
f 883/1119/883 1739/2270/1739 1736/2267/1736
f 596/745/596 1740/2271/1740 498/609/498
f 602/2272/602 1383/1783/1383 1741/2273/1741
f 602/2272/602 1384/1784/1384 1383/1783/1383
f 1387/1787/1387 1699/2210/1699 315/388/315
f 1387/1787/1387 1389/1789/1389 1699/2210/1699
f 612/771/612 520/637/520 513/628/513
f 612/771/612 280/350/280 520/637/520
f 1742/2274/1742 1743/2275/1743 1395/1797/1395
f 1742/2276/1742 1744/2277/1744 11/15/11
f 1742/2274/1742 1395/1797/1395 1745/2278/1745
f 1742/2274/1742 11/2279/11 1743/2275/1743
f 1742/2274/1742 1745/2278/1745 1744/2280/1744
f 292/362/292 295/365/295 1746/2281/1746
f 292/2282/292 533/657/533 534/658/534
f 292/2282/292 1746/2283/1746 533/657/533
f 1219/1567/1219 1222/1566/1222 1747/2284/1747
f 1219/1560/1219 1748/2285/1748 1220/1561/1220
f 1219/1567/1219 299/369/299 1748/2286/1748
f 1219/1567/1219 1747/2284/1747 301/371/301
f 1219/1567/1219 301/371/301 299/369/299
f 1749/2287/1749 1750/2288/1750 1751/2289/1751
f 1749/2287/1749 1752/2290/1752 1750/2288/1750
f 1749/2287/1749 1753/2291/1753 1754/2292/1754
f 1749/2287/1749 1297/1660/1297 1753/2291/1753
f 1749/2287/1749 1754/2292/1754 1752/2290/1752
f 1749/2287/1749 1751/2289/1751 1297/1660/1297
f 1755/2293/1755 1065/2294/1065 1756/2295/1756
f 1755/2293/1755 1756/2295/1756 1757/2296/1757
f 1755/2297/1755 1757/2298/1757 1758/2299/1758
f 1755/2297/1755 1758/2299/1758 1759/2300/1759
f 1755/2301/1755 1759/2302/1759 1066/1820/1066
f 1755/2303/1755 1066/1360/1066 1065/1359/1065
f 1760/2304/1760 485/594/485 1761/2305/1761
f 1760/2304/1760 1762/2306/1762 1763/2307/1763
f 1760/2304/1760 1761/2305/1761 1762/2306/1762
f 1764/2308/1764 1765/2309/1765 1766/2310/1766
f 1764/2311/1764 1767/2312/1767 1768/2313/1768
f 1764/2308/1764 1769/2314/1769 1770/2315/1770
f 1764/2311/1764 1771/2316/1771 1767/2312/1767
f 1764/2308/1764 1768/2317/1768 1769/2314/1769
f 1764/2311/1764 1766/2318/1766 1771/2316/1771
f 1764/2308/1764 1770/2315/1770 1765/2309/1765
f 1436/2319/1436 1772/2320/1772 1773/2321/1773
f 1436/2319/1436 1773/2321/1773 69/79/69
f 1436/1861/1436 69/84/69 1437/1862/1437
f 1436/2319/1436 1441/2322/1441 1772/2320/1772
f 1774/2323/1774 1775/2324/1775 1776/2325/1776
f 1774/2323/1774 1776/2325/1776 1777/2326/1777
f 1774/2323/1774 76/88/76 1250/1600/1250
f 1774/2323/1774 1778/2327/1778 1775/2324/1775
f 1774/2323/1774 1777/2326/1777 76/88/76
f 1774/2323/1774 1250/1600/1250 1778/2327/1778
f 1779/2328/1779 1780/2329/1780 1781/2330/1781
f 1779/2328/1779 1782/2331/1782 1780/2329/1780
f 1783/2332/1783 1784/2333/1784 245/2334/245
f 1783/2335/1783 1478/2336/1478 1785/2337/1785
f 1783/2332/1783 1785/2338/1785 1784/2333/1784
f 683/868/683 1786/2339/1786 684/869/684
f 683/868/683 1787/2340/1787 1786/2339/1786
f 1788/2341/1788 1789/2342/1789 1790/2343/1790
f 1788/2344/1788 1791/2345/1791 1789/2346/1789
f 1788/2341/1788 1790/2343/1790 1792/2347/1792
f 1788/2344/1788 1793/2348/1793 202/252/202
f 1788/2344/1788 202/252/202 1791/2345/1791
f 1788/2344/1788 1792/2349/1792 1793/2348/1793
f 694/879/694 697/882/697 1794/2350/1794
f 694/2351/694 1794/2352/1794 1795/2353/1795
f 694/879/694 1795/2354/1795 695/880/695
f 700/885/700 1796/2355/1796 1542/2356/1542
f 700/889/700 339/412/339 1796/2357/1796
f 700/885/700 1542/2356/1542 1797/2358/1797
f 700/885/700 1797/2358/1797 701/886/701
f 569/714/569 571/713/571 1798/2359/1798
f 569/714/569 1799/2360/1799 1800/2361/1800
f 569/710/569 1800/2362/1800 570/711/570
f 569/714/569 1801/2363/1801 1799/2360/1799
f 569/714/569 1798/2359/1798 1801/2363/1801
f 1802/2364/1802 1803/2365/1803 1804/2366/1804
f 1802/2367/1802 1211/1552/1211 1805/2368/1805
f 1802/2364/1802 1804/2366/1804 1212/2369/1212
f 1802/2364/1802 430/2370/430 1803/2365/1803
f 1802/2367/1802 1212/1553/1212 1211/1552/1211
f 1802/2367/1802 1805/2368/1805 430/2371/430
f 1806/2372/1806 1807/2373/1807 1808/2374/1808
f 1806/2372/1806 1809/2375/1809 1810/2376/1810
f 1806/2372/1806 136/165/136 1811/2377/1811
f 1806/2372/1806 1810/2376/1810 1812/2378/1812
f 1806/2372/1806 1812/2378/1812 1807/2373/1807
f 1806/2372/1806 1808/2374/1808 136/165/136
f 1806/2372/1806 1811/2377/1811 1809/2375/1809
f 1813/2379/1813 1814/2380/1814 1815/2381/1815
f 1813/2379/1813 1816/2382/1816 1814/2380/1814
f 1813/2379/1813 1815/2381/1815 1817/2383/1817
f 1813/2379/1813 1817/2383/1817 1818/2384/1818
f 1813/2379/1813 1818/2384/1818 1816/2382/1816
f 1819/2385/1819 1655/2163/1655 1820/2386/1820
f 1819/2385/1819 1821/2387/1821 1655/2163/1655
f 1822/2388/1822 1823/2389/1823 1824/2390/1824
f 1822/2388/1822 1233/1581/1233 1230/1578/1230
f 1822/2388/1822 1825/2391/1825 1823/2389/1823
f 1822/2388/1822 1826/2392/1826 1233/1581/1233
f 1822/2388/1822 1230/1578/1230 1825/2391/1825
f 1822/2388/1822 1824/2390/1824 1826/2392/1826
f 1827/2393/1827 1828/2394/1828 311/384/311
f 1827/2393/1827 1829/2395/1829 1432/2396/1432
f 1827/2393/1827 311/384/311 1829/2395/1829
f 1827/2393/1827 1830/2397/1830 1828/2394/1828
f 1827/2398/1827 1431/1852/1431 1830/2399/1830
f 1827/2393/1827 1432/2396/1432 1431/2400/1431
f 1831/2401/1831 1832/2402/1832 1833/2403/1833
f 1831/2401/1831 1834/2404/1834 169/206/169
f 1831/2401/1831 169/206/169 1353/1739/1353
f 1831/2405/1831 1833/2406/1833 1835/2407/1835
f 1831/2401/1831 1835/2408/1835 1834/2404/1834
f 1831/2401/1831 1353/1739/1353 1832/2402/1832
f 1836/2409/1836 830/1054/830 832/1056/832
f 1836/2409/1836 832/1056/832 1837/2410/1837
f 1838/2411/1838 1839/2412/1839 1840/2413/1840
f 1838/2411/1838 1841/2414/1841 1842/2415/1842
f 1838/2411/1838 863/2416/863 1839/2412/1839
f 1838/2411/1838 1840/2413/1840 1841/2414/1841
f 1838/2417/1838 1842/2418/1842 865/2419/865
f 1838/2420/1838 865/1098/865 863/1096/863
f 1843/2421/1843 1844/2422/1844 1845/2423/1845
f 1843/2421/1843 1846/2424/1846 357/436/357
f 1843/2421/1843 357/436/357 1847/2425/1847
f 1843/2421/1843 1847/2425/1847 1844/2422/1844
f 1843/2421/1843 1845/2423/1845 1846/2424/1846
f 1848/2426/1848 1849/2427/1849 779/2428/779
f 1848/2429/1848 779/2430/779 1850/2431/1850
f 1370/2432/1370 493/602/493 1851/2433/1851
f 1370/1767/1370 1373/1770/1373 1852/2434/1852
f 1370/2435/1370 1851/2436/1851 1371/2437/1371
f 1370/2432/1370 1852/2438/1852 493/602/493
f 396/481/396 1853/2439/1853 1854/2440/1854
f 396/481/396 1854/2440/1854 397/482/397
f 396/481/396 399/484/399 1855/2441/1855
f 396/481/396 1855/2441/1855 1853/2439/1853
f 1856/2442/1856 1361/1751/1361 1356/1743/1356
f 1856/2442/1856 1356/1743/1356 1857/2443/1857
f 1856/2444/1856 1362/1750/1362 1361/1749/1361
f 1856/2444/1856 175/212/175 1362/1750/1362
f 701/886/701 1858/2445/1858 1859/2446/1859
f 701/886/701 1859/2446/1859 702/887/702
f 701/886/701 1797/2358/1797 1858/2445/1858
f 419/511/419 421/513/421 1860/2447/1860
f 419/511/419 1860/2447/1860 1861/2448/1861
f 419/511/419 1861/2448/1861 420/512/420
f 1862/2449/1862 1863/2450/1863 1864/2451/1864
f 1862/2449/1862 1865/2452/1865 1866/2453/1866
f 1862/2449/1862 1867/2454/1867 1863/2450/1863
f 1862/2449/1862 1866/2453/1866 1867/2454/1867
f 1862/2449/1862 1868/2455/1868 1865/2452/1865
f 1862/2449/1862 1864/2451/1864 1869/2456/1869
f 1862/2449/1862 1869/2456/1869 1868/2455/1868
f 83/95/83 1870/2457/1870 1871/2458/1871
f 83/95/83 1871/2458/1871 84/96/84
f 83/95/83 87/99/87 1870/2457/1870
f 242/301/242 1872/2459/1872 1873/2460/1873
f 242/301/242 1874/2461/1874 243/302/243
f 242/2462/242 1873/2463/1873 1874/2464/1874
f 242/301/242 244/303/244 92/104/92
f 242/301/242 92/104/92 1872/2459/1872
f 1875/2465/1875 1876/2466/1876 1877/2467/1877
f 1875/2465/1875 1877/2467/1877 1169/1494/1169
f 1875/2465/1875 1169/1494/1169 1168/1493/1168
f 1875/2465/1875 1168/1493/1168 1878/2468/1878
f 1879/2469/1879 1880/2470/1880 1881/2471/1881
f 1879/2469/1879 1882/2472/1882 1880/2470/1880
f 1879/2469/1879 1093/2473/1093 1883/2474/1883
f 1879/2469/1879 1883/2474/1883 1882/2472/1882
f 1879/2469/1879 1881/2471/1881 1884/2475/1884
f 1879/2469/1879 1884/2475/1884 1885/2476/1885
f 1879/2469/1879 1885/2476/1885 1093/2473/1093
f 1886/2477/1886 1887/2478/1887 1888/2479/1888
f 1518/1986/1518 1889/2480/1889 1890/2481/1890
f 1518/1986/1518 1890/2481/1890 1519/1987/1519
f 1518/1986/1518 1524/1992/1524 1891/2482/1891
f 1518/1986/1518 1891/2482/1891 1889/2480/1889
f 1892/2483/1892 1893/2484/1893 1894/2485/1894
f 1892/2483/1892 1895/2486/1895 1896/2487/1896
f 1892/2483/1892 1896/2487/1896 1897/2488/1897
f 1892/2483/1892 1894/2485/1894 1895/2486/1895
f 1892/2483/1892 1897/2488/1897 1898/2489/1898
f 1892/2483/1892 1899/2490/1899 1893/2484/1893
f 1892/2483/1892 1898/2489/1898 1899/2490/1899
f 1900/2491/1900 1901/2492/1901 1902/2493/1902
f 1900/2494/1900 1903/2495/1903 1842/2418/1842
f 1900/2491/1900 1902/2493/1902 1595/2089/1595
f 1900/2491/1900 1680/2188/1680 1904/2496/1904
f 1900/2491/1900 1595/2089/1595 1905/2497/1905
f 1900/2494/1900 1904/2498/1904 1903/2495/1903
f 1900/2491/1900 1905/2497/1905 1680/2188/1680
f 32/39/32 1285/1643/1285 33/40/33
f 32/39/32 36/43/36 1286/1644/1286
f 32/39/32 1286/1644/1286 1285/1643/1285
f 1906/2499/1906 1606/2100/1606 1605/2099/1605
f 1906/2500/1906 1605/2501/1605 1907/2502/1907
f 1906/2500/1906 1907/2502/1907 1908/2503/1908
f 1906/2499/1906 1909/2504/1909 1606/2100/1606
f 1294/2505/1294 1910/2506/1910 1911/2507/1911
f 1294/2505/1294 1296/2508/1296 1912/2509/1912
f 1294/2505/1294 1911/2507/1911 1295/2510/1295
f 1294/2505/1294 1912/2509/1912 1910/2506/1910
f 1913/2511/1913 1914/2512/1914 1915/2513/1915
f 1913/2514/1913 1916/2515/1916 1914/2516/1914
f 1913/2511/1913 1917/2517/1917 1918/2518/1918
f 1913/2514/1913 1918/2519/1918 1916/2515/1916
f 1913/2511/1913 1915/2513/1915 1917/2517/1917
f 1919/2520/1919 1920/2521/1920 1158/1478/1158
f 1919/2520/1919 1158/1478/1158 1156/1479/1156
f 1919/2520/1919 1921/2522/1921 1920/2521/1920
f 1919/2520/1919 1156/1479/1156 1922/2523/1922
f 1919/2520/1919 1923/2524/1923 1921/2522/1921
f 1924/2525/1924 1925/2526/1925 1926/2527/1926
f 1924/2525/1924 1815/2528/1815 1927/2529/1927
f 1924/2525/1924 1928/2530/1928 1925/2526/1925
f 1924/2525/1924 1927/2529/1927 1928/2530/1928
f 1924/2525/1924 1926/2527/1926 1815/2528/1815
f 1260/1612/1260 1929/2531/1929 1930/2532/1930
f 1260/1612/1260 1930/2532/1930 249/2533/249
f 1260/1612/1260 249/2533/249 251/1613/251
f 1931/2534/1931 1648/2535/1648 1932/2536/1932
f 1931/2537/1931 1933/2538/1933 1934/2539/1934
f 1931/2534/1931 1932/2536/1932 1023/1309/1023
f 1931/2537/1931 1023/1304/1023 1933/2538/1933
f 1931/2537/1931 1934/2539/1934 1648/2540/1648
f 1495/1951/1495 1935/2541/1935 1936/2542/1936
f 1495/1951/1495 1498/1954/1498 1935/2541/1935
f 1495/1951/1495 1936/2542/1936 1496/1952/1496
f 1937/2543/1937 1674/2544/1674 630/797/630
f 1937/2543/1937 630/797/630 1938/2545/1938
f 1937/2543/1937 1939/2546/1939 1675/2547/1675
f 1937/2543/1937 1675/2547/1675 1674/2544/1674
f 1937/2543/1937 1940/2548/1940 1939/2546/1939
f 1937/2543/1937 1941/2549/1941 1940/2548/1940
f 1937/2543/1937 1938/2545/1938 1941/2549/1941
f 1942/2550/1942 1943/2551/1943 1944/2552/1944
f 1942/2550/1942 1038/1329/1038 1943/2551/1943
f 1942/2550/1942 1944/2552/1944 1945/2553/1945
f 1946/2554/1946 1947/2555/1947 1948/2556/1948
f 1946/2557/1946 761/971/761 1949/2558/1949
f 1946/2559/1946 1948/2560/1948 762/977/762
f 1946/2554/1946 1949/2561/1949 1947/2555/1947
f 1946/2559/1946 762/977/762 761/2562/761
f 1950/2563/1950 1951/2564/1951 1124/2565/1124
f 1950/2566/1950 1123/2567/1123 1952/2568/1952
f 1950/2563/1950 1953/2569/1953 1954/2570/1954
f 1950/2563/1950 1955/2571/1955 1953/2569/1953
f 1950/2572/1950 1952/2573/1952 1955/2574/1955
f 1950/2575/1950 1124/1434/1124 1123/1433/1123
f 1950/2563/1950 1954/2570/1954 1951/2564/1951
f 1956/2576/1956 1957/2577/1957 1958/2578/1958
f 1956/2579/1956 1959/2580/1959 1957/2581/1957
f 1956/2579/1956 1960/2582/1960 1959/2580/1959
f 1961/2583/1961 1962/2584/1962 1963/2585/1963
f 1961/2583/1961 1964/2586/1964 1461/2587/1461
f 1961/2583/1961 1965/2588/1965 1962/2584/1962
f 1961/2589/1961 1461/1898/1461 1966/2590/1966
f 1961/2583/1961 1963/2585/1963 1964/2586/1964
f 1961/2589/1961 1966/2590/1966 1965/2591/1965
f 1967/2592/1967 1968/2593/1968 1969/2594/1969
f 1967/2592/1967 1970/2595/1970 1689/2596/1689
f 1967/2592/1967 1689/2596/1689 1968/2593/1968
f 1971/2597/1971 1972/2598/1972 1973/2599/1973
f 1971/2597/1971 1974/2600/1974 1975/2601/1975
f 1971/2597/1971 1976/2602/1976 1972/2598/1972
f 1971/2603/1971 1975/2604/1975 1976/2605/1976
f 1971/2597/1971 1973/2599/1973 1974/2600/1974
f 1977/2606/1977 30/36/30 1978/2607/1978
f 1977/2608/1977 1979/2609/1979 1980/2610/1980
f 1977/2608/1977 1978/2611/1978 1979/2609/1979
f 1981/2612/1981 1982/2613/1982 1983/2614/1983
f 1981/2612/1981 1984/2615/1984 594/743/594
f 1981/2612/1981 1985/2616/1985 1982/2613/1982
f 1981/2612/1981 594/743/594 1985/2616/1985
f 1981/2612/1981 1983/2614/1983 1984/2615/1984
f 1227/1582/1227 1233/1581/1233 1826/2392/1826
f 1227/1574/1227 1986/2617/1986 1228/1575/1228
f 1227/1582/1227 1826/2392/1826 1986/2618/1986
f 1987/2619/1987 1828/2394/1828 1830/2397/1830
f 1987/2620/1987 1830/2399/1830 1988/2621/1988
f 1987/2619/1987 1988/2622/1988 663/838/663
f 1987/2619/1987 659/837/659 1989/2623/1989
f 1987/2619/1987 663/838/663 659/837/659
f 1987/2619/1987 1989/2623/1989 1828/2394/1828
f 1990/2624/1990 1991/2625/1991 1992/2626/1992
f 1990/2624/1990 1992/2626/1992 143/175/143
f 1990/2624/1990 469/2627/469 1991/2625/1991
f 1990/2624/1990 1993/2628/1993 469/2627/469
f 1990/2624/1990 143/175/143 1993/2628/1993
f 1994/2629/1994 1995/2630/1995 1837/2410/1837
f 1994/2629/1994 1837/2410/1837 832/1056/832
f 1994/2629/1994 832/1056/832 831/1055/831
f 1996/2631/1996 1171/1496/1171 1997/2632/1997
f 1996/2633/1996 1998/2634/1998 1999/2635/1999
f 1996/2631/1996 1172/1497/1172 1171/1496/1171
f 1996/2631/1996 1997/2632/1997 2000/2636/2000
f 1996/2631/1996 1999/2637/1999 1172/1497/1172
f 1996/2633/1996 2000/2638/2000 1998/2634/1998
f 185/227/185 2001/2639/2001 2002/2640/2002
f 185/227/185 188/230/188 2003/2641/2003
f 185/227/185 2003/2641/2003 2001/2639/2001
f 185/227/185 2004/2642/2004 186/228/186
f 185/227/185 2002/2640/2002 2004/2642/2004
f 2005/2643/2005 2006/2644/2006 2007/2645/2007
f 2005/2646/2005 193/239/193 2008/2647/2008
f 2005/2643/2005 2007/2645/2007 2009/2648/2009
f 2005/2649/2005 2010/2650/2010 2011/2651/2011
f 2005/2652/2005 1367/1764/1367 193/1763/193
f 2005/2652/2005 2009/2653/2009 1367/1764/1367
f 2005/2649/2005 2011/2651/2011 2006/2654/2006
f 2005/2646/2005 2008/2647/2008 2010/2655/2010
f 1372/1769/1372 1374/1771/1374 1724/2250/1724
f 1372/1769/1372 2012/2656/2012 1373/1770/1373
f 1372/1769/1372 2013/2657/2013 2012/2656/2012
f 1372/1769/1372 2014/2658/2014 2013/2657/2013
f 1372/1769/1372 1724/2250/1724 2014/2658/2014
f 2015/2659/2015 760/970/760 2016/2660/2016
f 2015/2659/2015 2016/2660/2016 2017/2661/2017
f 2015/2659/2015 2017/2661/2017 2018/2662/2018
f 2019/2663/2019 1951/2564/1951 1954/2570/1954
f 2019/2663/2019 2020/2664/2020 2021/2665/2021
f 2019/2663/2019 531/655/531 2022/2666/2022
f 2019/2663/2019 2021/2665/2021 1951/2564/1951
f 2019/2663/2019 1954/2570/1954 531/655/531
f 2019/2663/2019 2022/2666/2022 2020/2664/2020
f 2023/2667/2023 2024/2668/2024 2025/2669/2025
f 2023/2667/2023 2025/2669/2025 2026/2670/2026
f 2023/2667/2023 2027/2671/2027 944/1205/944
f 2023/2667/2023 2028/2672/2028 2024/2668/2024
f 2023/2667/2023 944/1205/944 2028/2672/2028
f 2023/2667/2023 2026/2670/2026 2027/2671/2027
f 2029/2673/2029 2030/2674/2030 2031/2675/2031
f 2029/2673/2029 2032/2676/2032 2033/2677/2033
f 2029/2673/2029 2033/2677/2033 858/1088/858
f 2029/2673/2029 858/1088/858 856/1086/856
f 2029/2673/2029 2031/2675/2031 2032/2676/2032
f 2029/2673/2029 856/1086/856 2030/2674/2030
f 956/1230/956 961/1229/961 1319/1696/1319
f 956/1230/956 1319/1696/1319 957/2678/957
f 1047/1338/1047 2034/2679/2034 1048/1339/1048
f 1047/1338/1047 1049/1340/1049 2035/2680/2035
f 1047/1338/1047 2035/2680/2035 2034/2679/2034
f 385/472/385 387/471/387 1330/1710/1330
f 385/472/385 1330/1710/1330 1053/2681/1053
f 385/468/385 1055/1346/1055 386/469/386
f 95/2682/95 97/2683/97 2036/2684/2036
f 95/2685/95 1654/2162/1654 1657/2165/1657
f 95/2685/95 2037/2686/2037 2038/2687/2038
f 95/2682/95 2036/2684/2036 2037/2688/2037
f 95/2685/95 1657/2165/1657 96/2689/96
f 95/2685/95 2038/2687/2038 1654/2162/1654
f 1065/2294/1065 1067/2690/1067 2039/2691/2039
f 1065/2294/1065 2039/2691/2039 1756/2295/1756
f 2040/2692/2040 2041/2693/2041 1415/1831/1415
f 2040/2692/2040 1414/1830/1414 2042/2694/2042
f 2040/2692/2040 2042/2694/2042 2041/2693/2041
f 2040/2692/2040 1415/1831/1415 1414/1830/1414
f 1765/2309/1765 2043/2695/2043 221/2696/221
f 1765/2309/1765 918/1171/918 2043/2695/2043
f 1765/2309/1765 221/2696/221 1766/2310/1766
f 1765/2309/1765 2044/2697/2044 918/1171/918
f 1765/2309/1765 1770/2315/1770 2044/2697/2044
f 2045/2698/2045 2046/2699/2046 810/1030/810
f 2045/2698/2045 2047/2700/2047 2048/2701/2048
f 2045/2698/2045 809/1029/809 228/284/228
f 2045/2702/2045 228/1183/228 2047/2703/2047
f 2045/2698/2045 2048/2701/2048 2046/2699/2046
f 2045/2698/2045 810/1030/810 809/1029/809
f 2049/2704/2049 2050/2705/2050 81/93/81
f 2049/2704/2049 78/90/78 2051/2706/2051
f 2049/2704/2049 2052/2707/2052 2050/2705/2050
f 2049/2704/2049 81/93/81 78/90/78
f 2049/2704/2049 2053/2708/2053 2052/2707/2052
f 2049/2709/2049 2051/2710/2051 2053/2711/2053
f 2054/2712/2054 2055/2713/2055 1256/2714/1256
f 2054/2712/2054 2056/2715/2056 2055/2713/2055
f 2054/2712/2054 2057/2716/2057 2056/2715/2056
f 2054/2712/2054 1256/2714/1256 1255/2717/1255
f 2054/2718/2054 1255/1605/1255 2057/2719/2057
f 2058/2720/2058 2059/2721/2059 2060/2722/2060
f 2058/2720/2058 2061/2723/2061 2062/2724/2062
f 2058/2720/2058 2062/2724/2062 2063/2725/2063
f 2058/2720/2058 2060/2722/2060 2061/2723/2061
f 2058/2720/2058 2063/2725/2063 2059/2721/2059
f 2064/2726/2064 2065/2727/2065 2066/2728/2066
f 2064/2729/2064 2067/2730/2067 2065/2731/2065
f 2064/2726/2064 2066/2728/2066 1787/2340/1787
f 2068/2732/2068 2069/2733/2069 3/7/3
f 2068/2734/2068 2070/2735/2070 2071/2736/2071
f 2068/2737/2068 3/3/3 2072/2738/2072
f 2068/2737/2068 2072/2738/2072 1805/2739/1805
f 2068/2734/2068 1805/2368/1805 2070/2735/2070
f 2068/2732/2068 2071/2740/2071 2069/2733/2069
f 2073/2741/2073 2074/2742/2074 2075/2743/2075
f 2073/2744/2073 2076/2745/2076 2074/2746/2074
f 2073/2741/2073 2075/2743/2075 2077/2747/2077
f 2078/2748/2078 2079/2749/2079 2080/2750/2080
f 2078/2751/2078 2081/2752/2081 2082/2753/2082
f 2078/2748/2078 2082/2754/2082 2079/2749/2079
f 2078/2751/2078 2024/2668/2024 2081/2752/2081
f 2078/2751/2078 2025/2669/2025 2024/2668/2024
f 2078/2748/2078 2080/2750/2080 2025/2755/2025
f 2083/2756/2083 2084/2757/2084 2033/2677/2033
f 2083/2756/2083 2085/2758/2085 2084/2757/2084
f 2083/2756/2083 2032/2676/2032 1668/2176/1668
f 2083/2756/2083 2033/2677/2033 2032/2676/2032
f 2083/2756/2083 2086/2759/2086 2085/2758/2085
f 2083/2756/2083 1668/2176/1668 2086/2759/2086
f 2087/2760/2087 2088/2761/2088 2089/2762/2089
f 2087/2760/2087 2090/2763/2090 2091/2764/2091
f 2087/2760/2087 2092/2765/2092 2090/2763/2090
f 2087/2760/2087 2089/2762/2089 2092/2765/2092
f 2087/2760/2087 2091/2764/2091 2088/2761/2088
f 293/363/293 2093/2766/2093 2094/2767/2094
f 293/363/293 2095/2768/2095 1599/2093/1599
f 293/363/293 291/361/291 2093/2766/2093
f 293/363/293 2094/2767/2094 2095/2768/2095
f 2096/2769/2096 2097/2770/2097 881/2771/881
f 2096/2772/2096 2098/2773/2098 2097/2774/2097
f 2096/2775/2096 880/1114/880 1859/2446/1859
f 2096/2775/2096 881/1115/881 880/1114/880
f 2096/2775/2096 1859/2446/1859 2099/2776/2099
f 2096/2772/2096 2099/2777/2099 2098/2773/2098
f 2100/2778/2100 2101/2779/2101 2102/2780/2102
f 2100/2778/2100 48/2781/48 2103/2782/2103
f 2100/2778/2100 2104/2783/2104 2101/2779/2101
f 2100/2778/2100 2103/2782/2103 2104/2783/2104
f 2100/2778/2100 2102/2780/2102 48/2781/48
f 687/2784/687 690/2785/690 2105/2786/2105
f 687/2784/687 103/119/103 105/121/105
f 687/2784/687 105/121/105 688/1667/688
f 687/2784/687 2105/2786/2105 103/119/103
f 473/578/473 475/577/475 2106/2787/2106
f 473/574/473 2107/2788/2107 1192/1526/1192
f 473/574/473 1192/1526/1192 474/575/474
f 473/578/473 2106/2787/2106 2107/2789/2107
f 1012/1290/1012 1013/1291/1013 2108/2790/2108
f 1012/1290/1012 2109/2791/2109 2110/2792/2110
f 1012/1290/1012 2110/2792/2110 775/988/775
f 1012/1290/1012 2108/2790/2108 2109/2791/2109
f 2111/2793/2111 1963/2585/1963 2112/2794/2112
f 2111/2793/2111 2113/2795/2113 2114/2796/2114
f 2111/2793/2111 2114/2796/2114 2115/2797/2115
f 2111/2793/2111 2115/2797/2115 2116/2798/2116
f 2111/2793/2111 2112/2794/2112 2113/2795/2113
f 2111/2793/2111 2116/2798/2116 1963/2585/1963
f 125/2799/125 131/2800/131 2117/2801/2117
f 2118/2802/2118 2119/2803/2119 2120/2804/2120
f 2118/2802/2118 2121/2805/2121 2119/2803/2119
f 2118/2806/2118 134/158/134 2122/2807/2122
f 2118/2802/2118 135/161/135 134/160/134
f 2118/2802/2118 2122/2808/2122 2121/2805/2121
f 2118/2802/2118 2120/2804/2120 135/161/135
f 1328/1707/1328 2123/2809/2123 2124/2810/2124
f 1328/1707/1328 2124/2810/2124 1329/1708/1329
f 996/1267/996 755/2811/755 2125/2812/2125
f 996/2813/996 2126/2814/2126 997/1270/997
f 996/1267/996 999/1272/999 1983/2614/1983
f 996/1267/996 1983/2614/1983 755/2811/755
f 996/1267/996 2125/2812/2125 2126/2815/2126
f 1363/1754/1363 2127/2816/2127 2128/2817/2128
f 1363/1754/1363 1112/1418/1112 2127/2816/2127
f 1363/1754/1363 2128/2817/2128 615/775/615
f 1363/1754/1363 480/1756/480 1112/1418/1112
f 2129/2818/2129 949/1213/949 1157/1477/1157
f 2129/2818/2129 582/728/582 2130/2819/2130
f 2129/2818/2129 1920/2521/1920 583/729/583
f 2129/2818/2129 583/729/583 582/728/582
f 2129/2818/2129 1157/1477/1157 1158/1478/1158
f 2129/2818/2129 1158/1478/1158 1920/2521/1920
f 2129/2818/2129 2130/2819/2130 949/1213/949
f 2131/2820/2131 2132/2821/2132 2133/2822/2133
f 2131/2820/2131 1834/2823/1834 1835/2407/1835
f 2131/2824/2131 2133/2825/2133 2134/2826/2134
f 2131/2820/2131 1835/2407/1835 2132/2821/2132
f 2131/2824/2131 2134/2826/2134 1834/2827/1834
f 2135/2828/2135 2020/2664/2020 2022/2666/2022
f 2135/2829/2135 2136/2830/2136 735/936/735
f 2135/2829/2135 409/502/409 2136/2830/2136
f 2135/2828/2135 2137/2831/2137 409/499/409
f 2135/2828/2135 2022/2666/2022 2137/2831/2137
f 2135/2829/2135 735/936/735 2020/2832/2020
f 862/1095/862 864/1097/864 2138/2833/2138
f 862/1095/862 1428/2834/1428 863/1096/863
f 862/1095/862 2138/2833/2138 1428/2834/1428
f 871/1104/871 874/1107/874 2139/2835/2139
f 871/1104/871 2140/2836/2140 2141/2837/2141
f 871/1104/871 2141/2837/2141 872/1105/872
f 871/1104/871 2139/2835/2139 2140/2836/2140
f 336/409/336 338/411/338 877/1110/877
f 336/409/336 878/1111/878 337/410/337
f 2142/2838/2142 2143/2839/2143 2144/2840/2144
f 2142/2838/2142 2144/2840/2144 2145/2841/2145
f 958/1225/958 960/1227/960 2146/2842/2146
f 958/1225/958 1708/2225/1708 959/1226/959
f 958/1225/958 2147/2843/2147 1708/2225/1708
f 958/1225/958 2146/2842/2146 2147/2843/2147
f 2148/2844/2148 1888/2479/1888 1887/2478/1887
f 2149/2845/2149 2150/2846/2150 2151/2847/2151
f 2149/2848/2149 2152/2849/2152 2153/2850/2153
f 2149/2848/2149 1275/1629/1275 2154/2851/2154
f 2149/2845/2149 2151/2847/2151 2155/2852/2155
f 2149/2848/2149 2154/2851/2154 2150/2853/2150
f 2149/2848/2149 2153/2850/2153 1275/1629/1275
f 2149/2845/2149 2155/2852/2155 2156/2854/2156
f 2149/2845/2149 2156/2854/2156 2152/2855/2152
f 2157/2856/2157 1893/2484/1893 2158/2857/2158
f 2157/2856/2157 1106/1412/1106 2159/2858/2159
f 2157/2856/2157 1894/2485/1894 1893/2484/1893
f 2157/2856/2157 1281/1635/1281 1106/1412/1106
f 2157/2856/2157 2160/2859/2160 1894/2485/1894
f 2157/2856/2157 2159/2858/2159 2160/2859/2160
f 2157/2856/2157 2158/2857/2158 1281/1635/1281
f 2161/2860/2161 286/356/286 284/354/284
f 2161/2860/2161 2162/2861/2162 286/356/286
f 645/816/645 647/818/647 2163/2862/2163
f 645/816/645 914/2863/914 2164/2864/2164
f 645/816/645 2165/2865/2165 914/2863/914
f 645/816/645 2164/2864/2164 646/817/646
f 645/816/645 2163/2862/2163 2165/2865/2165
f 2166/2866/2166 2167/2867/2167 2168/2868/2168
f 2166/2869/2166 2169/2870/2169 2170/2871/2170
f 2166/2869/2166 2171/2872/2171 2167/2873/2167
f 2166/2869/2166 2168/2874/2168 2169/2870/2169
f 2166/2869/2166 2170/2871/2170 2171/2872/2171
f 2172/2875/2172 2173/2876/2173 2174/2877/2174
f 2172/2875/2172 2175/2878/2175 2176/2879/2176
f 2172/2875/2172 2176/2879/2176 2173/2876/2173
f 2172/2875/2172 2174/2877/2174 2177/2880/2177
f 2172/2875/2172 2177/2880/2177 2175/2878/2175
f 1229/1577/1229 1853/2881/1853 1855/2882/1855
f 1229/1577/1229 1232/1580/1232 1853/2881/1853
f 1229/1577/1229 1825/2391/1825 1230/1578/1230
f 1229/1577/1229 1855/2882/1855 2178/2883/2178
f 1229/1577/1229 2178/2883/2178 1825/2391/1825
f 1234/1584/1234 1829/2884/1829 313/2885/313
f 1234/1584/1234 60/67/60 1432/1858/1432
f 1234/1584/1234 1432/1858/1432 1829/2884/1829
f 1234/1584/1234 313/2885/313 1235/1585/1235
f 2179/2886/2179 1240/1590/1240 1239/1589/1239
f 2179/2887/2179 2180/2888/2180 631/799/631
f 2179/2887/2179 1768/2313/1768 2180/2888/2180
f 2179/2886/2179 1239/1589/1239 1768/2317/1768
f 2179/2887/2179 631/799/631 1035/1326/1035
f 2179/2886/2179 1035/1325/1035 1240/1590/1240
f 2181/2889/2181 2182/2890/2182 2183/2891/2183
f 2181/2889/2181 2184/2892/2184 2182/2890/2182
f 2181/2893/2181 2185/2894/2185 2184/2895/2184
f 2181/2889/2181 2183/2891/2183 2186/2896/2186
f 2181/2893/2181 2186/2897/2186 2187/2898/2187
f 2181/2893/2181 2187/2898/2187 2185/2894/2185
f 2188/2899/2188 2189/2900/2189 2190/2901/2190
f 2188/2899/2188 2190/2901/2190 2191/2902/2191
f 2188/2903/2188 1044/1335/1044 1043/1334/1043
f 2188/2899/2188 2191/2902/2191 1044/2904/1044
f 2188/2905/2188 1485/1931/1485 2189/2906/2189
f 2188/2903/2188 1043/1334/1043 1485/1933/1485
f 2192/2907/2192 2193/2908/2193 706/2909/706
f 2192/2907/2192 967/1237/967 968/1238/968
f 2192/2907/2192 1741/2273/1741 2194/2910/2194
f 2192/2907/2192 968/1238/968 2193/2908/2193
f 2192/2907/2192 2194/2910/2194 967/1237/967
f 2192/2907/2192 706/2909/706 1741/2273/1741
f 2195/2911/2195 1649/2912/1649 1934/2539/1934
f 2195/2913/2195 2196/2914/2196 1650/2157/1650
f 2195/2913/2195 1650/2157/1650 1649/2156/1649
f 2195/2911/2195 1934/2539/1934 2197/2915/2197
f 977/1247/977 981/1251/981 1443/1868/1443
f 977/1247/977 1446/1872/1446 978/1248/978
f 787/1000/787 2198/2916/2198 788/1001/788
f 787/2917/787 550/688/550 551/687/551
f 787/1000/787 551/2918/551 2198/2916/2198
f 787/2917/787 791/2919/791 550/688/550
f 2030/2920/2030 2199/2921/2199 2200/2922/2200
f 2030/2920/2030 2200/2922/2200 2201/2923/2201
f 2030/2674/2030 856/1086/856 2199/2924/2199
f 2030/2674/2030 2201/2925/2201 2031/2675/2031
f 2202/2926/2202 2203/2927/2203 2204/2928/2204
f 2202/2926/2202 2205/2929/2205 2203/2927/2203
f 2202/2930/2202 2206/2931/2206 2207/2932/2207
f 2202/2930/2202 2204/2933/2204 2206/2931/2206
f 2202/2930/2202 2207/2932/2207 2205/2934/2205
f 2208/2935/2208 1188/1517/1188 1187/1519/1187
f 2208/2935/2208 2209/2936/2209 2210/2937/2210
f 2208/2935/2208 2210/2937/2210 261/2938/261
f 2208/2935/2208 1187/1519/1187 2209/2936/2209
f 2208/2935/2208 261/2938/261 1188/1517/1188
f 1040/1331/1040 2050/2939/2050 2211/2940/2211
f 1040/1331/1040 1248/2941/1248 2050/2939/2050
f 1040/1331/1040 2211/2940/2211 1041/1332/1041
f 1040/1331/1040 1045/1336/1045 1248/2941/1248
f 2212/2942/2212 1322/1701/1322 1710/2943/1710
f 2212/2942/2212 2213/2944/2213 2214/2945/2214
f 2212/2942/2212 1323/1702/1323 1322/1701/1322
f 2212/2942/2212 1710/2943/1710 163/200/163
f 2212/2942/2212 163/200/163 2213/2944/2213
f 2212/2942/2212 2214/2945/2214 1323/1702/1323
f 726/927/726 2215/2946/2215 727/928/727
f 2216/2947/2216 2217/2948/2217 2218/2949/2218
f 2216/2947/2216 2219/2950/2219 2220/2951/2220
f 2216/2947/2216 2221/2952/2221 2217/2948/2217
f 2216/2947/2216 2222/2953/2222 2219/2950/2219
f 2216/2947/2216 2220/2951/2220 2221/2952/2221
f 2216/2947/2216 2218/2949/2218 2222/2953/2222
f 2223/2954/2223 2224/2955/2224 2225/2956/2225
f 2223/2957/2223 2226/2958/2226 2227/2959/2227
f 2223/2957/2223 2227/2959/2227 1969/2594/1969
f 2223/2954/2223 1968/2960/1968 2224/2955/2224
f 2223/2957/2223 2225/2961/2225 2226/2958/2226
f 2223/2957/2223 1969/2594/1969 1968/2593/1968
f 2228/2962/2228 2229/2963/2229 2035/2680/2035
f 2228/2962/2228 1513/2964/1513 2230/2965/2230
f 2228/2962/2228 2035/2680/2035 845/1073/845
f 2228/2966/2228 1973/2599/1973 1513/1979/1513
f 2228/2962/2228 2230/2965/2230 2229/2963/2229
f 2228/2962/2228 845/1073/845 1973/2967/1973
f 1889/2968/1889 2231/2969/2231 2232/2970/2232
f 1889/2480/1889 2232/2971/2232 1890/2481/1890
f 1889/2968/1889 2233/2972/2233 2231/2969/2231
f 1889/2968/1889 1891/2973/1891 2233/2972/2233
f 1072/1366/1072 1077/1373/1077 2234/2974/2234
f 1720/2247/1720 1374/1771/1374 1375/1772/1375
f 1720/2244/1720 199/247/199 1721/2245/1721
f 1720/2244/1720 1375/2975/1375 199/247/199
f 2235/2976/2235 107/123/107 2236/2977/2236
f 2235/2976/2235 2237/2978/2237 108/124/108
f 2235/2976/2235 108/124/108 107/123/107
f 1646/2151/1646 1651/2158/1651 2238/2979/2238
f 1646/2151/1646 2239/2980/2239 1647/2152/1647
f 1646/2151/1646 2240/2981/2240 2239/2980/2239
f 1646/2151/1646 2238/2979/2238 2240/2981/2240
f 2241/2982/2241 1018/1299/1018 1017/1298/1017
f 2241/2982/2241 2242/2983/2242 1018/1299/1018
f 2241/2984/2241 1017/2985/1017 2243/2986/2243
f 2241/2984/2241 2243/2986/2243 2244/2987/2244
f 2241/2984/2241 2244/2987/2244 1299/1662/1299
f 2241/2982/2241 1298/2988/1298 2242/2983/2242
f 2241/2984/2241 1299/1662/1299 1298/1661/1298
f 2245/2989/2245 1110/2990/1110 2246/2991/2246
f 2245/2992/2245 2247/2993/2247 2248/2994/2248
f 2245/2992/2245 2246/2995/2246 458/557/458
f 2245/2992/2245 891/1128/891 2247/2993/2247
f 2245/2996/2245 2248/2997/2248 1110/2998/1110
f 2245/2992/2245 458/557/458 891/1128/891
f 1115/1421/1115 1487/1935/1487 1582/2071/1582
f 1115/1421/1115 1582/2071/1582 1116/1422/1116
f 1807/2373/1807 2249/2999/2249 2250/3000/2250
f 1807/2373/1807 2250/3000/2250 1808/2374/1808
f 1807/2373/1807 2251/3001/2251 2249/2999/2249
f 1807/2373/1807 1812/2378/1812 2251/3001/2251
f 2252/3002/2252 2253/3003/2253 2254/3004/2254
f 2252/3002/2252 2255/3005/2255 2256/3006/2256
f 2252/3002/2252 2256/3006/2256 2257/3007/2257
f 2252/3002/2252 2254/3004/2254 2258/3008/2258
f 2252/3002/2252 2258/3008/2258 2255/3005/2255
f 2252/3002/2252 2257/3007/2257 2253/3003/2253
f 1592/2086/1592 1596/2090/1596 2259/3009/2259
f 1592/3010/1592 2259/3011/2259 2260/3012/2260
f 1592/3010/1592 2260/3012/2260 2261/3013/2261
f 1592/3010/1592 2261/3013/2261 1593/3014/1593
f 2262/3015/2262 2263/3016/2263 2264/3017/2264
f 2262/3018/2262 2265/3019/2265 2266/3020/2266
f 2262/3021/2262 2264/3022/2264 2265/3023/2265
f 1139/1454/1139 1557/2031/1557 1140/1455/1140
f 1139/1454/1139 2267/3024/2267 1558/2032/1558
f 1139/1454/1139 1558/2032/1558 1557/2031/1557
f 1139/1461/1139 2268/3025/2268 2267/3026/2267
f 1139/1461/1139 1143/1460/1143 2269/3027/2269
f 1139/1461/1139 2269/3027/2269 2268/3025/2268
f 924/1177/924 1402/1811/1402 1405/1814/1405
f 924/1177/924 2270/3028/2270 1402/1811/1402
f 924/1177/924 927/1180/927 2270/3028/2270
f 924/1177/924 1405/1814/1405 2271/3029/2271
f 924/1177/924 2271/3029/2271 925/1178/925
f 2272/3030/2272 2273/3031/2273 2274/3032/2274
f 2272/3033/2272 929/1195/929 933/1194/933
f 2272/3033/2272 2275/3034/2275 2273/3035/2273
f 2272/3033/2272 2276/3036/2276 929/1195/929
f 2272/3030/2272 2274/3032/2274 2089/2762/2089
f 2272/3033/2272 933/1194/933 2275/3034/2275
f 2272/3030/2272 2089/2762/2089 2276/3037/2276
f 2277/3038/2277 1355/1742/1355 939/1200/939
f 2277/3038/2277 1857/2443/1857 1356/1743/1356
f 2277/3038/2277 939/1200/939 941/1202/941
f 2277/3038/2277 2278/3039/2278 1857/2443/1857
f 2277/3038/2277 1356/1743/1356 1355/1742/1355
f 2277/3038/2277 941/1202/941 2278/3039/2278
f 848/1075/848 851/1080/851 2279/3040/2279
f 848/1075/848 2279/3040/2279 849/1076/849
f 1962/3041/1962 1965/2591/1965 663/838/663
f 1962/3042/1962 2280/3043/2280 2281/3044/2281
f 1962/3042/1962 2281/3044/2281 2112/3045/2112
f 1962/3042/1962 663/3046/663 2280/3043/2280
f 1962/2584/1962 2112/2794/2112 1963/2585/1963
f 2282/3047/2282 1882/2472/1882 1883/2474/1883
f 2282/3048/2282 1883/3049/1883 2283/3050/2283
f 2282/3048/2282 2284/3051/2284 7/3052/7
f 2282/3047/2282 6/8/6 1882/2472/1882
f 2282/3047/2282 7/9/7 6/8/6
f 2282/3048/2282 2283/3050/2283 2284/3051/2284
f 2285/3053/2285 2286/3054/2286 2287/3055/2287
f 2285/3053/2285 2288/3056/2288 1975/2601/1975
f 2285/3053/2285 1975/2601/1975 2289/3057/2289
f 2285/3053/2285 2290/3058/2290 2288/3056/2288
f 2285/3053/2285 2287/3055/2287 2290/3058/2290
f 2285/3053/2285 2289/3057/2289 2286/3054/2286
f 437/860/437 2291/3059/2291 678/861/678
f 437/860/437 439/3060/439 2291/3059/2291
f 2292/3061/2292 2293/3062/2293 2294/3063/2294
f 2292/3061/2292 2295/3064/2295 2296/3065/2296
f 2292/3061/2292 2297/3066/2297 2293/3062/2293
f 2292/3061/2292 2294/3063/2294 2295/3064/2295
f 2292/3061/2292 2296/3065/2296 2297/3066/2297
f 2298/3067/2298 2299/3068/2299 2300/3069/2300
f 2298/3067/2298 2300/3069/2300 2301/3070/2301
f 2298/3067/2298 375/3071/375 2302/3072/2302
f 2298/3067/2298 2302/3072/2302 2299/3068/2299
f 2298/3067/2298 2301/3070/2301 2303/3073/2303
f 2298/3067/2298 2303/3073/2303 375/3071/375
f 2182/2890/2182 2184/2892/2184 2304/3074/2304
f 2182/2890/2182 1711/2228/1711 1712/2229/1712
f 2182/2890/2182 2304/3074/2304 1711/2228/1711
f 2182/2890/2182 1712/2229/1712 2183/2891/2183
f 2305/3075/2305 1816/2382/1816 1818/2384/1818
f 2305/3075/2305 2306/3076/2306 2307/3077/2307
f 2305/3075/2305 2308/3078/2308 2309/3079/2309
f 2305/3075/2305 2307/3077/2307 1816/2382/1816
f 2305/3075/2305 1818/2384/1818 2308/3078/2308
f 2305/3075/2305 2309/3079/2309 2306/3076/2306
f 997/1270/997 2126/2814/2126 2310/3080/2310
f 997/1270/997 2310/3080/2310 1460/2240/1460
f 2311/3081/2311 1004/1278/1004 2312/3082/2312
f 2311/3083/2311 864/1097/864 867/1100/867
f 2311/3083/2311 89/3084/89 2313/3085/2313
f 2311/3083/2311 2312/3086/2312 89/3084/89
f 2311/3083/2311 2313/3085/2313 864/1097/864
f 2311/3081/2311 867/3087/867 1004/1278/1004
f 872/3088/872 2314/3089/2314 2315/3090/2315
f 872/1105/872 2315/3091/2315 873/1106/873
f 872/3088/872 2316/3092/2316 2314/3089/2314
f 872/1105/872 2141/2837/2141 2316/3093/2316
f 2097/2774/2097 2098/2773/2098 2317/3094/2317
f 2097/2770/2097 1541/2012/1541 881/2771/881
f 2097/2770/2097 2317/3095/2317 1541/2012/1541
f 2318/3096/2318 2319/3097/2319 1019/1300/1019
f 2318/3098/2318 708/897/708 2320/3099/2320
f 2318/3096/2318 1019/1300/1019 1739/3100/1739
f 2318/3098/2318 2320/3099/2320 2319/3101/2319
f 2318/3098/2318 2321/3102/2321 708/897/708
f 2318/3098/2318 1739/2270/1739 2322/3103/2322
f 2318/3098/2318 2322/3103/2322 2321/3102/2321
f 2323/3104/2323 2324/3105/2324 2325/3106/2325
f 2323/3107/2323 2326/3108/2326 2327/3109/2327
f 2323/3107/2323 2328/3110/2328 1411/3111/1411
f 2323/3107/2323 2329/3112/2329 2330/3113/2330
f 2323/3107/2323 2327/3109/2327 2329/3112/2329
f 2323/3104/2323 2330/3114/2330 2324/3105/2324
f 2323/3115/2323 2325/3116/2325 2328/3117/2328
f 2323/3107/2323 1411/3111/1411 2326/3108/2326
f 1364/1758/1364 1365/1760/1365 2331/3118/2331
f 1364/1758/1364 2332/3119/2332 2333/3120/2333
f 1364/1758/1364 2331/3118/2331 2334/3121/2334
f 1364/1758/1364 2334/3121/2334 2332/3119/2332
f 1364/1758/1364 2333/3120/2333 556/1759/556
f 2335/3122/2335 2336/3123/2336 2337/3124/2337
f 2335/3122/2335 2337/3124/2337 989/3125/989
f 2335/3126/2335 989/1259/989 988/1258/988
f 2335/3126/2335 988/1258/988 2336/3127/2336
f 2338/3128/2338 2339/3129/2339 1344/3130/1344
f 2338/3131/2338 1344/1728/1344 1342/1727/1342
f 2338/3131/2338 1342/1727/1342 2340/3132/2340
f 2338/3128/2338 2341/3133/2341 2339/3129/2339
f 2338/3128/2338 2340/3134/2340 2341/3133/2341
f 813/1037/813 1567/2051/1567 2342/3135/2342
f 813/1037/813 2342/3135/2342 2343/3136/2343
f 813/1037/813 818/1042/818 1567/2051/1567
f 813/1037/813 2343/3136/2343 814/1038/814
f 820/1044/820 2344/3137/2344 821/1045/821
f 2345/3138/2345 2346/3139/2346 2347/3140/2347
f 2345/3138/2345 2348/3141/2348 2349/3142/2349
f 2345/3138/2345 2347/3140/2347 2350/3143/2350
f 2345/3138/2345 828/3144/828 2348/3141/2348
f 2345/3138/2345 2349/3142/2349 2346/3139/2346
f 2345/3138/2345 2350/3143/2350 828/3144/828
f 2351/3145/2351 2352/3146/2352 2353/3147/2353
f 2351/3145/2351 2354/3148/2354 2355/3149/2355
f 2351/3145/2351 2353/3147/2353 397/3150/397
f 2351/3145/2351 2356/3151/2356 2354/3148/2354
f 2351/3145/2351 397/3150/397 2356/3151/2356
f 2351/3145/2351 2355/3149/2355 2352/3146/2352
f 2357/3152/2357 2358/3153/2358 2359/3154/2359
f 2357/3152/2357 2360/3155/2360 2358/3153/2358
f 2361/3156/2361 2362/3157/2362 2363/3158/2363
f 2361/3159/2361 2364/3160/2364 2365/3161/2365
f 2361/3159/2361 2167/2873/2167 2171/2872/2171
f 2361/3156/2361 2171/3162/2171 42/49/42
f 2361/3159/2361 2365/3161/2365 2167/2873/2167
f 2361/3156/2361 42/49/42 2362/3157/2362
f 2361/3156/2361 2363/3158/2363 2364/3163/2364
f 2366/3164/2366 2173/2876/2173 2176/2879/2176
f 2366/3164/2366 2367/3165/2367 1155/1474/1155
f 2366/3164/2366 2176/2879/2176 2368/3166/2368
f 2366/3164/2366 1155/1474/1155 2173/2876/2173
f 2366/3164/2366 2368/3166/2368 2367/3165/2367
f 665/841/665 1317/1693/1317 1095/1395/1095
f 665/841/665 1095/1395/1095 666/842/666
f 672/851/672 1473/1914/1473 673/852/673
f 2369/3167/2369 2370/3168/2370 2371/3169/2371
f 2369/3167/2369 1651/2160/1651 1652/2159/1652
f 2369/3167/2369 1652/2159/1652 2370/3168/2370
f 2369/3167/2369 2371/3169/2371 2372/3170/2372
f 2369/3171/2369 2372/3172/2372 2373/3173/2373
f 2369/3167/2369 2373/3174/2373 1651/2160/1651
f 514/630/514 2374/3175/2374 2375/3176/2375
f 514/630/514 521/638/521 2374/3175/2374
f 514/630/514 2376/3177/2376 515/631/515
f 514/630/514 2375/3176/2375 2376/3177/2376
f 2377/3178/2377 1266/1620/1266 2378/3179/2378
f 2377/3178/2377 2378/3179/2378 2379/3180/2379
f 2380/3181/2380 2381/3182/2381 2382/3183/2382
f 2380/3181/2380 2383/3184/2383 2384/3185/2384
f 2380/3181/2380 1780/2329/1780 1782/2331/1782
f 2380/3181/2380 2384/3185/2384 1780/2329/1780
f 2380/3181/2380 1782/2331/1782 2381/3182/2381
f 2380/3181/2380 2382/3183/2382 2383/3184/2383
f 17/1406/17 2385/3186/2385 2151/2847/2151
f 17/3187/17 18/3188/18 2386/3189/2386
f 17/3187/17 2386/3189/2386 2385/3190/2385
f 17/1406/17 2151/2847/2151 138/1407/138
f 1279/1633/1279 2387/3191/2387 1280/1634/1280
f 1279/1640/1279 279/349/279 281/351/281
f 1279/1640/1279 1391/1793/1391 2387/3192/2387
f 1279/1640/1279 1283/1639/1283 279/349/279
f 1279/1640/1279 281/351/281 1391/1793/1391
f 2388/3193/2388 1147/1466/1147 1152/1471/1152
f 2388/3193/2388 2389/3194/2389 1147/1466/1147
f 2388/3195/2388 1757/2296/1757 2390/3196/2390
f 2388/3197/2388 2390/3198/2390 2389/3199/2389
f 2388/3193/2388 1758/2299/1758 1757/2298/1757
f 2388/3193/2388 1152/1471/1152 1758/2299/1758
f 2391/3200/2391 1762/2306/1762 2392/3201/2392
f 2391/3200/2391 1763/2307/1763 1762/2306/1762
f 2393/3202/2393 1767/2312/1767 2394/3203/2394
f 2393/3202/2393 2395/3204/2395 2396/3205/2396
f 2393/3202/2393 2180/2888/2180 1767/2312/1767
f 2393/3202/2393 2396/3205/2396 2180/2888/2180
f 2393/3202/2393 2394/3203/2394 2395/3204/2395
f 2397/3206/2397 1791/2345/1791 202/252/202
f 2397/3206/2397 201/251/201 2398/3207/2398
f 2397/3206/2397 2398/3207/2398 1791/2345/1791
f 2397/3206/2397 202/252/202 201/251/201
f 1228/1575/1228 1823/3208/1823 1231/1579/1231
f 1228/1575/1228 1986/2617/1986 1824/3209/1824
f 1228/1575/1228 1824/3209/1824 1823/3208/1823
f 855/1085/855 2199/2924/2199 856/1086/856
f 855/3210/855 857/3211/857 2399/3212/2399
f 855/3213/855 1579/3214/1579 2199/2921/2199
f 855/3210/855 2399/3212/2399 1579/2067/1579
f 1238/1588/1238 1769/2314/1769 1239/1589/1239
f 1238/1588/1238 1242/1592/1242 919/1172/919
f 1238/1588/1238 2044/2697/2044 1769/2314/1769
f 1238/1588/1238 919/1172/919 2044/2697/2044
f 926/1182/926 2400/3215/2400 2401/3216/2401
f 926/1182/926 227/283/227 2402/3217/2402
f 926/1179/926 2401/3218/2401 927/1180/927
f 926/1182/926 2402/3217/2402 2400/3215/2400
f 2403/3219/2403 2404/3220/2404 2405/3221/2405
f 2403/3219/2403 2406/3222/2406 2407/3223/2407
f 2403/3219/2403 2408/3224/2408 2404/3220/2404
f 2403/3219/2403 2409/3225/2409 2408/3224/2408
f 2403/3219/2403 2407/3223/2407 2409/3225/2409
f 2403/3219/2403 2405/3221/2405 2406/3222/2406
f 674/854/674 2410/3226/2410 675/855/675
f 2411/3227/2411 2412/3228/2412 2413/3229/2413
f 2411/3230/2411 2414/3231/2414 2412/3232/2412
f 2415/3233/2415 2416/3234/2416 2417/3235/2417
f 2415/3233/2415 2374/3175/2374 2416/3234/2416
f 2415/3236/2415 2418/3237/2418 2419/3238/2419
f 2415/3233/2415 2420/3239/2420 2374/3175/2374
f 2415/3236/2415 2421/3240/2421 2418/3237/2418
f 2415/3233/2415 2417/3235/2417 2421/3241/2421
f 2415/3233/2415 2422/3242/2422 2420/3239/2420
f 2415/3233/2415 2419/3243/2419 2422/3242/2422
f 2379/3180/2379 231/294/231 235/293/235
f 2379/3180/2379 2378/3179/2378 231/294/231
f 743/947/743 746/952/746 2423/3244/2423
f 743/3245/743 2424/3246/2424 744/950/744
f 743/947/743 2423/3244/2423 2424/3247/2424
f 2079/2749/2079 2082/2754/2082 1276/3248/1276
f 2079/2749/2079 2425/3249/2425 2426/3250/2426
f 2079/2749/2079 2426/3250/2426 2080/2750/2080
f 2079/2749/2079 2153/3251/2153 2425/3249/2425
f 2079/3252/2079 1276/1630/1276 2153/2850/2153
f 2427/3253/2427 2428/3254/2428 2429/3255/2429
f 2427/3253/2427 795/1011/795 2430/3256/2430
f 2427/3253/2427 2431/3257/2431 796/1012/796
f 2427/3253/2427 796/1012/796 795/1011/795
f 2427/3253/2427 2429/3255/2429 2431/3257/2431
f 2427/3253/2427 2432/3258/2432 2428/3254/2428
f 2427/3253/2427 2430/3256/2430 2432/3258/2432
f 1901/3259/1901 1005/3260/1005 1842/3261/1842
f 1901/3262/1901 2433/3263/2433 287/357/287
f 1901/3262/1901 286/356/286 2434/3264/2434
f 1901/3259/1901 2435/3265/2435 1902/3266/1902
f 1901/3262/1901 287/357/287 286/356/286
f 1901/3262/1901 2434/3264/2434 1005/3267/1005
f 1901/3259/1901 1842/3261/1842 2435/3265/2435
f 1285/1645/1285 1355/1742/1355 33/3268/33
f 1285/1645/1285 939/1200/939 1355/1742/1355
f 1288/1648/1288 2436/3269/2436 2437/3270/2437
f 1288/1648/1288 1290/1651/1290 2436/3269/2436
f 1288/1648/1288 2437/3270/2437 1289/1649/1289
f 1910/2506/1910 2438/3271/2438 1911/2507/1911
f 1910/2506/1910 2439/3272/2439 2438/3271/2438
f 1910/2506/1910 1912/2509/1912 2439/3272/2439
f 1147/1466/1147 2389/3194/2389 1917/2517/1917
f 1147/1466/1147 1917/2517/1917 1148/1467/1148
f 949/1213/949 952/1219/952 1157/1477/1157
f 949/1213/949 2130/2819/2130 950/1214/950
f 2440/3273/2440 991/3274/991 2441/3275/2441
f 2440/3276/2440 470/571/470 1993/3277/1993
f 2440/3273/2440 2441/3275/2441 1833/2406/1833
f 2440/3278/2440 1993/3279/1993 1163/1487/1163
f 2440/3273/2440 1833/2406/1833 470/3280/470
f 2440/3278/2440 1163/1487/1163 991/3281/991
f 401/486/401 2442/3282/2442 2443/3283/2443
f 401/501/401 410/500/410 2442/3284/2442
f 401/486/401 2443/3283/2443 402/487/402
f 970/3285/970 1173/1498/1173 971/3286/971
f 970/3285/970 975/3287/975 1173/1498/1173
f 874/1107/874 186/228/186 2004/2642/2004
f 874/1107/874 870/1103/870 186/228/186
f 874/1107/874 2004/2642/2004 2139/2835/2139
f 2444/3288/2444 2445/3289/2445 2446/3290/2446
f 2444/3288/2444 2447/3291/2447 2448/3292/2448
f 2444/3293/2444 2448/3294/2448 2445/3295/2445
f 1184/1512/1184 1738/2269/1738 886/1122/886
f 1184/1512/1184 886/1122/886 1185/1513/1185
f 1184/1512/1184 1189/1520/1189 2322/3103/2322
f 1184/1512/1184 2322/3103/2322 1738/2269/1738
f 100/116/100 2449/3296/2449 2450/3297/2450
f 100/116/100 932/1189/932 934/1191/934
f 100/116/100 103/119/103 932/1189/932
f 100/116/100 2450/3297/2450 101/117/101
f 100/116/100 934/1191/934 2449/3296/2449
f 1191/1527/1191 772/985/772 2451/3298/2451
f 1191/1525/1191 474/575/474 1192/1526/1192
f 1191/3299/1191 2452/3300/2452 2453/3301/2453
f 1191/3299/1191 2451/3302/2451 2452/3300/2452
f 1191/1525/1191 2453/3303/2453 474/575/474
f 1196/1533/1196 2454/3304/2454 2455/3305/2455
f 1196/1539/1196 1199/1538/1199 2454/3306/2454
f 1196/1533/1196 2455/3305/2455 2456/3307/2456
f 1196/1533/1196 2456/3307/2456 1197/1534/1197
f 2457/3308/2457 368/450/368 2458/3309/2458
f 2457/3308/2457 2459/3310/2459 1204/1545/1204
f 2457/3308/2457 2460/3311/2460 368/450/368
f 2457/3308/2457 2458/3309/2458 2459/3310/2459
f 2457/3308/2457 1204/1545/1204 2460/3311/2460
f 2461/3312/2461 1208/3313/1208 2462/3314/2462
f 2461/3312/2461 2463/3315/2463 1208/3313/1208
f 2461/3312/2461 836/1060/836 2463/3315/2463
f 2461/3312/2461 2462/3314/2462 837/1061/837
f 2461/3312/2461 837/1061/837 836/1060/836
f 1214/1555/1214 2286/3054/2286 842/1066/842
f 1214/1555/1214 2464/3316/2464 2286/3054/2286
f 1214/1555/1214 842/1066/842 841/1065/841
f 1214/1555/1214 1216/1557/1216 2464/3316/2464
f 1221/1563/1221 909/1159/909 2465/3317/2465
f 1221/1563/1221 679/862/679 910/1160/910
f 1221/1563/1221 2465/3317/2465 1222/1564/1222
f 1221/1563/1221 910/1160/910 909/1159/909
f 1982/2613/1982 755/2811/755 1983/2614/1983
f 1982/3318/1982 1985/3319/1985 756/966/756
f 1982/3318/1982 756/966/756 755/965/755
f 1880/2470/1880 1882/2472/1882 2466/3320/2466
f 1880/2470/1880 2069/2733/2069 2071/2740/2071
f 1880/2470/1880 2466/3320/2466 2069/2733/2069
f 1880/2470/1880 2302/3321/2302 1881/2471/1881
f 1880/2470/1880 2071/2740/2071 2302/3321/2302
f 2077/3322/2077 2075/3323/2075 2467/3324/2467
f 2468/3325/2468 2469/3326/2469 2470/3327/2470
f 2468/3328/2468 2470/3329/2470 1476/3330/1476
f 2468/3331/2468 1476/3332/1476 2471/3333/2471
f 2472/3334/2472 444/3335/444 2473/3336/2473
f 2472/3337/2472 2473/3338/2473 2474/3339/2474
f 2472/3337/2472 2115/2797/2115 2475/3340/2475
f 2472/3334/2472 2475/3341/2475 444/3335/444
f 2472/3337/2472 2474/3339/2474 2116/2798/2116
f 2472/3337/2472 2116/2798/2116 2115/2797/2115
f 1594/2088/1594 2476/3342/2476 2477/3343/2477
f 1594/2088/1594 1593/2087/1593 2476/3342/2476
f 1594/2088/1594 2477/3343/2477 1595/2089/1595
f 2478/3344/2478 2093/2766/2093 1625/2119/1625
f 2478/3344/2478 1624/2118/1624 1134/1446/1134
f 2478/3344/2478 1134/1446/1134 2479/3345/2479
f 2478/3344/2478 2479/3345/2479 2093/2766/2093
f 2478/3344/2478 1625/2119/1625 1624/2118/1624
f 2480/3346/2480 2481/3347/2481 2098/2773/2098
f 2480/3346/2480 414/506/414 417/509/417
f 2480/3346/2480 2098/2773/2098 2099/2777/2099
f 2480/3346/2480 417/509/417 2481/3347/2481
f 2480/3346/2480 2099/2777/2099 414/506/414
f 1402/1811/1402 2270/3028/2270 1403/1812/1403
f 2273/3035/2273 2275/3034/2275 2482/3348/2482
f 2273/3031/2273 2328/3117/2328 2274/3032/2274
f 2273/3349/2273 2482/3350/2482 1411/3351/1411
f 2273/3031/2273 1411/3352/1411 2328/3117/2328
f 2483/3353/2483 2484/3354/2484 2485/3355/2485
f 2483/3356/2483 215/271/215 2484/3357/2484
f 2483/3356/2483 2486/3358/2486 215/271/215
f 2483/3353/2483 2485/3355/2485 2487/3359/2487
f 2483/3353/2483 2487/3359/2487 2488/3360/2488
f 2483/3353/2483 2488/3360/2488 2486/3361/2486
f 651/822/651 1080/1834/1080 1416/1833/1416
f 651/822/651 656/827/656 1080/1834/1080
f 651/822/651 1416/1833/1416 652/823/652
f 2489/3362/2489 2490/3363/2490 2491/3364/2491
f 2489/3365/2489 2491/3366/2491 2382/3183/2382
f 2489/3365/2489 2382/3183/2382 2492/3367/2492
f 2489/3362/2489 2492/3368/2492 2490/3363/2490
f 2493/3369/2493 2494/3370/2494 2495/3371/2495
f 2493/3369/2493 2495/3371/2495 2496/3372/2496
f 2493/3369/2493 455/3373/455 2494/3370/2494
f 2493/3374/2493 232/288/232 455/554/455
f 2493/3374/2493 2496/3375/2496 1466/1903/1466
f 2493/3374/2493 1466/1903/1466 232/288/232
f 815/3376/815 2497/3377/2497 816/3378/816
f 815/3376/815 2498/3379/2498 2499/3380/2499
f 815/3376/815 1871/2458/1871 2497/3377/2497
f 815/3376/815 2499/3380/2499 1871/2458/1871
f 815/1039/815 814/1038/814 2498/3381/2498
f 1872/2459/1872 92/104/92 2500/3382/2500
f 2501/3383/2501 1587/2081/1587 2502/3384/2502
f 2501/3383/2501 1446/1874/1446 1445/1871/1445
f 2501/3383/2501 1445/1871/1445 1587/2081/1587
f 1947/3385/1947 351/428/351 2503/3386/2503
f 1947/3387/1947 1949/2558/1949 2504/3388/2504
f 1947/2555/1947 2503/3389/2503 1948/2556/1948
f 1947/3385/1947 352/429/352 351/428/351
f 1947/3385/1947 2504/3390/2504 352/429/352
f 1951/3391/1951 2021/3392/2021 2505/3393/2505
f 1951/3391/1951 2505/3393/2505 1124/1434/1124
f 2506/3394/2506 2507/3395/2507 2508/3396/2508
f 2506/3394/2506 2508/3396/2508 2509/3397/2509
f 2506/3394/2506 2509/3397/2509 116/3398/116
f 2506/3394/2506 2510/3399/2510 2372/3400/2372
f 2506/3394/2506 2511/3401/2511 2507/3395/2507
f 2506/3394/2506 2372/3400/2372 2511/3401/2511
f 2506/3394/2506 116/3398/116 2510/3399/2510
f 2084/2757/2084 2085/2758/2085 22/3402/22
f 2084/3403/2084 22/27/22 2512/3404/2512
f 2084/3403/2084 2512/3404/2512 2513/3405/2513
f 2084/2757/2084 2513/3406/2513 2514/3407/2513
f 2084/2757/2084 2514/3407/2513 2033/2677/2033
f 2404/3408/2404 2515/3409/2514 2191/2902/2191
f 2404/3408/2404 2516/3410/2515 2515/3409/2514
f 2404/3408/2404 2517/3411/2516 2405/3412/2405
f 2404/3220/2404 2408/3224/2408 2516/3413/2515
f 2404/3408/2404 2191/2902/2191 2517/3411/2516
f 2518/3414/2517 133/164/133 2519/3415/2518
f 2518/3414/2517 2520/3416/2519 1050/3417/1050
f 2518/3418/2517 1050/3419/1050 2521/3420/2520
f 2518/3414/2517 2519/3415/2518 2520/3416/2519
f 2518/3418/2517 2521/3420/2520 133/157/133
f 2522/3421/2521 2523/3422/2522 2524/3423/2523
f 2522/3421/2521 2524/3423/2523 1925/3424/1925
f 2522/3421/2521 2525/3425/2524 2523/3422/2522
f 2522/3421/2521 2526/3426/2525 2525/3425/2524
f 2522/3421/2521 1925/3424/1925 2526/3426/2525
f 1057/1353/1057 1060/1352/1060 1338/1720/1338
f 1057/1348/1057 389/474/389 392/477/392
f 1057/1348/1057 1338/3427/1338 389/474/389
f 2527/3428/2526 2528/3429/2527 307/379/307
f 2527/3428/2526 2529/3430/2528 2528/3429/2527
f 2527/3428/2526 2530/3431/2529 2529/3430/2528
f 2527/3428/2526 210/264/210 2530/3431/2529
f 2527/3428/2526 307/379/307 210/264/210
f 309/3432/309 2531/3433/2530 2532/3434/2531
f 309/382/309 312/385/312 2531/3435/2530
f 309/3432/309 2532/3434/2531 2533/3436/2532
f 309/382/309 2533/3437/2532 310/383/310
f 2231/3438/2231 2233/3439/2233 1352/3440/1352
f 2231/2969/2231 2534/3441/2533 2232/2970/2232
f 2231/2969/2231 1352/1740/1352 1351/1737/1351
f 2231/2969/2231 1351/1737/1351 2534/3441/2533
f 1073/1369/1073 2535/3442/2534 1074/1370/1074
f 2324/3105/2324 2536/3443/2535 2325/3106/2325
f 2324/3105/2324 2537/3444/2536 2538/3445/2537
f 2324/3105/2324 2538/3445/2537 2536/3443/2535
f 2324/3105/2324 2330/3114/2330 2537/3444/2536
f 1365/1760/1365 1366/1762/1366 2331/3118/2331
f 2539/3446/2538 2540/3447/2539 2541/3448/2540
f 2539/3446/2538 2541/3448/2540 800/1019/800
f 2539/3449/2538 565/3450/565 2542/3451/2541
f 2539/3446/2538 800/1019/800 566/708/566
f 2539/3449/2538 2542/3451/2541 2540/3452/2539
f 2539/3449/2538 566/3453/566 565/3450/565
f 2543/3454/2542 200/249/200 1371/2437/1371
f 2543/3454/2542 1851/2436/1851 2398/3455/2398
f 2543/3454/2542 201/250/201 200/249/200
f 2543/3454/2542 1371/2437/1371 1851/2436/1851
f 2543/3454/2542 2398/3455/2398 201/250/201
f 888/1133/888 453/552/453 1264/3456/1264
f 888/1124/888 1264/1618/1264 1267/1621/1267
f 888/1133/888 454/553/454 453/552/453
f 888/1124/888 1267/1621/1267 889/1125/889
f 1202/1543/1202 2544/3457/2543 2545/3458/2544
f 1202/1543/1202 461/562/461 895/1136/895
f 1202/1543/1202 1205/1546/1205 2544/3457/2543
f 1202/1543/1202 2545/3458/2544 461/562/461
f 2546/3459/2545 2547/3460/2546 2548/3461/2547
f 2546/3459/2545 2549/3462/2548 2550/3463/2549
f 2546/3459/2545 2551/3464/2550 2547/3460/2546
f 2546/3459/2545 2550/3463/2549 2551/3464/2550
f 2546/3459/2545 2548/3461/2547 2549/3462/2548
f 2552/3465/2551 2553/3466/2552 2554/3467/2553
f 2552/3465/2551 2554/3467/2553 907/3468/907
f 2552/3465/2551 2555/3469/2554 2553/3466/2552
f 2552/3465/2551 907/3468/907 2555/3469/2554
f 615/775/615 2128/2817/2128 616/776/616
f 2556/3470/2555 2041/3471/2041 2557/3472/2556
f 2556/3470/2555 2557/3472/2556 2558/3473/2557
f 2556/3470/2555 2558/3473/2557 2559/3474/2558
f 2556/3470/2555 2559/3474/2558 1415/3475/1415
f 2556/3470/2555 1415/3475/1415 2041/3471/2041
f 2560/3476/2559 1500/1957/1500 921/1174/921
f 2560/3476/2559 1242/1592/1242 1243/1593/1243
f 2560/3476/2559 921/1174/921 1242/1592/1242
f 2560/3476/2559 1501/1958/1501 1500/1957/1500
f 2560/3476/2559 1243/1593/1243 1501/1958/1501
f 2400/3215/2400 2561/3477/2560 2562/3478/2561
f 2400/3215/2400 2562/3478/2561 2563/3479/2562
f 2400/3215/2400 2563/3479/2562 2401/3216/2401
f 2400/3215/2400 2402/3217/2402 2561/3477/2560
f 929/1195/929 2276/3036/2276 2564/3480/2563
f 929/1185/929 2564/3481/2563 930/1186/930
f 2565/3482/2564 405/495/405 407/494/407
f 2565/3482/2564 407/494/407 2566/3483/2565
f 2565/3484/2564 2567/3485/2566 405/491/405
f 2565/3484/2564 2568/3486/2567 2567/3485/2566
f 2565/3482/2564 1746/2283/1746 2568/3487/2567
f 2565/3482/2564 2566/3483/2565 1746/2283/1746
f 1627/2121/1627 1629/2123/1629 1522/1990/1522
f 1627/3488/1627 2569/3489/2568 1628/2129/1628
f 1627/2121/1627 2570/3490/2569 2571/3491/2570
f 1627/2121/1627 2571/3491/2570 2569/3492/2568
f 1627/2121/1627 1522/1990/1522 2570/3490/2569
f 1922/3493/1922 1155/1474/1155 2367/3165/2367
f 1922/3493/1922 1156/1475/1156 1155/1474/1155
f 2572/3494/2571 2406/3222/2406 2405/3221/2405
f 2572/3494/2571 2405/3221/2405 2573/3495/2572
f 965/1235/965 1382/1782/1382 2574/3496/2573
f 965/1235/965 967/1237/967 2194/2910/2194
f 965/1235/965 2575/3497/2574 966/1236/966
f 965/1235/965 2574/3496/2573 2575/3497/2574
f 965/1235/965 2194/2910/2194 1382/1782/1382
f 2370/3168/2370 1652/2159/1652 2196/2914/2196
f 2370/3168/2370 2576/3498/2575 2371/3169/2371
f 2416/3234/2416 2374/3175/2374 521/638/521
f 2416/3234/2416 521/638/521 2577/3499/2576
f 2416/3234/2416 2577/3499/2576 2417/3235/2417
f 789/1003/789 548/681/548 2578/3500/2577
f 789/1003/789 2578/3500/2577 2579/3501/2578
f 789/1003/789 2580/3502/2579 2581/3503/2580
f 789/1003/789 549/682/549 548/681/548
f 789/1003/789 2581/3503/2580 790/1004/790
f 789/1003/789 2579/3501/2578 2580/3502/2579
f 2332/3119/2332 2582/3504/2581 2333/3120/2333
f 2332/3119/2332 2334/3121/2334 2583/3505/2582
f 2332/3119/2332 2583/3505/2582 2106/2787/2106
f 2332/3119/2332 2106/2787/2106 2582/3504/2581
f 1796/2357/1796 1538/3506/1538 1542/3507/1542
f 1796/2357/1796 339/412/339 337/410/337
f 1796/2357/1796 337/410/337 1538/3506/1538
f 2584/3508/2583 2585/3509/2584 2259/3510/2259
f 2584/3511/2583 2259/3512/2259 2586/3513/2585
f 2584/3508/2583 2587/3514/2586 2588/3515/2587
f 2584/3511/2583 2586/3513/2585 2340/3132/2340
f 2584/3511/2583 2340/3132/2340 2587/3516/2586
f 2584/3508/2583 2588/3515/2587 2585/3509/2584
f 817/3517/817 2589/3518/2588 723/920/723
f 817/1041/817 816/1040/816 2589/3519/2588
f 817/1041/817 723/3520/723 722/918/722
f 817/1041/817 722/918/722 818/1042/818
f 1991/2625/1991 468/3521/468 317/3522/317
f 1991/2625/1991 469/2627/469 468/3521/468
f 1991/2625/1991 317/3522/317 319/3523/319
f 1991/2625/1991 319/3523/319 1992/2626/1992
f 1452/1885/1452 323/1887/323 2590/3524/2589
f 1452/1885/1452 173/210/173 2591/3525/2590
f 1452/1885/1452 2591/3525/2590 938/1886/938
f 1452/1885/1452 2590/3524/2589 173/210/173
f 834/1058/834 1510/1974/1510 835/1059/835
f 834/1058/834 2301/3070/2301 1510/1974/1510
f 834/1058/834 838/1062/838 2303/3073/2303
f 834/1058/834 2303/3073/2303 2301/3070/2301
f 2229/2963/2229 2034/2679/2034 2035/2680/2035
f 2229/2963/2229 502/3526/502 2034/2679/2034
f 2229/2963/2229 2230/2965/2230 502/3526/502
f 2592/3527/2591 1715/2237/1715 1714/2236/1714
f 2592/3528/2591 1714/2231/1714 2593/3529/2592
f 2592/3527/2591 2593/3530/2592 852/1081/852
f 2592/3527/2591 852/1081/852 850/1079/850
f 2592/3527/2591 850/1079/850 1715/2237/1715
f 2594/3531/2593 2595/3532/2594 2596/3533/2595
f 2594/3531/2593 2597/3534/2596 2598/3535/2513
f 2594/3531/2593 2596/3533/2595 2599/3536/2597
f 2594/3531/2593 2599/3536/2597 2600/3537/2598
f 2594/3531/2593 2600/3537/2598 2597/3534/2596
f 2594/3531/2593 2598/3535/2513 2595/3532/2594
f 1245/1595/1245 639/3538/639 635/803/635
f 1727/3539/1727 1730/3540/1730 2601/3541/2599
f 2602/3542/2600 2603/3543/2601 2604/3544/2602
f 2602/3542/2600 2605/3545/2603 2603/3543/2601
f 2602/3542/2600 2606/3546/2604 2605/3545/2603
f 2602/3542/2600 2607/3547/2605 2608/3548/2606
f 2602/3542/2600 2604/3544/2602 2607/3547/2605
f 2602/3542/2600 2608/3548/2606 2606/3546/2604
f 884/1120/884 1911/3549/1911 2609/3550/2607
f 884/1120/884 1737/2268/1737 1911/3549/1911
f 884/1120/884 2609/3550/2607 885/1121/885
f 2610/3551/2608 1069/1363/1069 1066/1360/1066
f 2610/3551/2608 207/3552/207 2611/3553/2609
f 2610/3551/2608 2612/3554/2610 1069/1363/1069
f 2610/3551/2608 2611/3553/2609 2612/3554/2610
f 2610/3551/2608 208/3555/208 207/3552/207
f 2610/3551/2608 1066/1360/1066 208/3555/208
f 2613/3556/2611 2614/3557/2612 2615/3558/2613
f 2613/3559/2611 321/394/321 2616/3560/2614
f 2613/3559/2611 2616/3560/2614 2617/3561/2615
f 2613/3556/2611 2617/3562/2615 2614/3557/2612
f 2613/3559/2611 322/395/322 321/394/321
f 2613/3559/2611 2615/3563/2613 322/395/322
f 2362/3157/2362 2618/3564/2616 2619/3565/2617
f 2362/3157/2362 2619/3565/2617 2363/3158/2363
f 2362/3157/2362 42/49/42 2618/3564/2616
f 2620/3566/2618 1420/1843/1420 1419/1837/1419
f 2620/3566/2618 1419/1837/1419 2621/3567/2619
f 2620/3566/2618 2622/3568/2620 1420/1843/1420
f 2/2/2 426/521/426 2072/2738/2072
f 2/2/2 2284/3051/2284 2623/3569/2621
f 2/2/2 2623/3569/2621 426/521/426
f 2/2/2 2072/2738/2072 3/3/3
f 2/2/2 5/5/5 2284/3051/2284
f 2059/2721/2059 2624/3570/2622 2625/3571/2623
f 2059/2721/2059 2626/3572/2624 2060/2722/2060
f 2059/2721/2059 2625/3571/2623 2626/3572/2624
f 2059/2721/2059 2063/2725/2063 2627/3573/2625
f 2059/2721/2059 2627/3573/2625 2624/3570/2622
f 2507/3574/2507 2628/3575/2626 2629/3576/2627
f 2507/3395/2507 2629/3577/2627 2168/2868/2168
f 2507/3395/2507 2168/2868/2168 2508/3396/2508
f 2507/3574/2507 2630/3578/2628 2628/3575/2626
f 2507/3574/2507 2511/3579/2511 2630/3578/2628
f 2085/2758/2085 2086/2759/2086 23/3580/23
f 2085/3581/2085 23/28/23 22/27/22
f 77/89/77 2631/3582/2629 2051/2706/2051
f 77/89/77 1484/1932/1484 2632/3583/2630
f 77/89/77 2632/3583/2630 2631/3582/2629
f 77/89/77 80/92/80 1484/1932/1484
f 77/89/77 2051/2706/2051 78/90/78
f 1117/3584/1117 2633/3585/2631 896/1137/896
f 1117/1423/1117 2634/3586/2632 1486/1934/1486
f 1117/3584/1117 896/1137/896 2634/3587/2632
f 1117/3584/1117 1119/3588/1119 2633/3585/2631
f 269/336/269 271/338/271 315/388/315
f 269/336/269 315/388/315 2635/3589/2633
f 269/336/269 2635/3589/2633 270/337/270
f 1123/3590/1123 904/1147/904 1952/2573/1952
f 1123/3590/1123 905/1148/905 904/1147/904
f 2636/3591/2634 2637/3592/2635 2638/3593/2636
f 2636/3591/2634 2638/3593/2636 2639/3594/2637
f 2636/3595/2634 2639/3596/2637 2640/3597/2638
f 2636/3598/2634 2640/3599/2638 2641/3600/2639
f 1133/1445/1133 620/1447/620 623/3601/623
f 1133/1445/1133 623/3601/623 2642/3602/2640
f 1133/1445/1133 2642/3602/2640 1134/1446/1134
f 1180/1508/1180 2540/3452/2539 1181/1509/1181
f 1180/1508/1180 2643/3603/2641 2269/3604/2269
f 1180/1508/1180 1182/1510/1182 2643/3603/2641
f 1180/1508/1180 2269/3604/2269 2540/3452/2539
f 2101/2779/2101 2644/3605/2642 2645/3606/2643
f 2101/2779/2101 2104/2783/2104 2644/3605/2642
f 2101/2779/2101 2645/3606/2643 2102/2780/2102
f 2646/3607/2644 2647/3608/2645 2648/3609/2646
f 2646/3607/2644 2649/3610/2647 2650/3611/2648
f 2646/3612/2644 2650/3613/2648 2651/3614/2649
f 2646/3607/2644 2648/3609/2646 2649/3610/2647
f 2646/3612/2644 2651/3614/2649 2647/3615/2645
f 2652/3616/2650 2381/3182/2381 2653/3617/2651
f 2652/3616/2650 658/829/658 660/831/660
f 2652/3616/2650 660/831/660 2492/3367/2492
f 2652/3616/2650 2653/3617/2651 658/829/658
f 2652/3616/2650 2382/3183/2382 2381/3182/2381
f 2652/3616/2650 2492/3367/2492 2382/3183/2382
f 2654/3618/2652 165/202/165 993/3619/993
f 2654/3618/2652 166/203/166 165/202/165
f 2654/3620/2652 2534/3441/2533 1351/1737/1351
f 2654/3618/2652 2655/3621/2653 753/3622/753
f 2654/3618/2652 753/3622/753 166/203/166
f 2654/3618/2652 993/3619/993 2534/3623/2533
f 2654/3620/2652 1351/1737/1351 2655/3624/2653
f 2656/3625/2654 2484/3357/2484 213/269/213
f 2656/3626/2654 2657/3627/2655 2485/3628/2485
f 2656/3626/2654 2658/3629/2656 2657/3627/2655
f 2656/3625/2654 213/269/213 2659/3630/2657
f 2656/3626/2654 2485/3628/2485 2484/3631/2484
f 2656/3626/2654 2659/3632/2657 2658/3629/2656
f 1003/1277/1003 2660/3633/2658 2312/3082/2312
f 1003/1277/1003 2312/3082/2312 1004/1278/1004
f 2661/3634/2659 2662/3635/2660 2663/3636/2661
f 2661/3637/2659 2663/3638/2661 2664/3639/2662
f 2661/3637/2659 2664/3639/2662 2665/3640/2663
f 1957/2577/1957 2666/3641/2664 2667/3642/2665
f 1957/2577/1957 2668/3643/2666 1958/2578/1958
f 1957/2577/1957 2667/3642/2665 1427/3644/1427
f 1957/2577/1957 1959/3645/1959 2666/3641/2664
f 1957/2577/1957 1427/3644/1427 2668/3643/2666
f 1964/2586/1964 1963/2585/1963 2116/2798/2116
f 1964/2586/1964 2669/3646/2667 1462/3647/1462
f 1964/2586/1964 2474/3339/2474 2669/3646/2667
f 1964/3648/1964 1462/1899/1462 1461/1898/1461
f 1964/2586/1964 2116/2798/2116 2474/3339/2474
f 689/874/689 2670/3649/2668 690/875/690
f 689/874/689 691/876/691 2330/3114/2330
f 689/3650/689 2329/3112/2329 2670/3651/2668
f 689/874/689 2330/3114/2330 2329/3652/2329
f 2671/3653/2669 2672/3654/2670 1028/3655/1028
f 2671/3653/2669 2673/3656/2671 2674/3657/2672
f 2671/3653/2669 2674/3657/2672 2675/3658/2673
f 2671/3653/2669 1028/3655/1028 2673/3656/2671
f 2671/3653/2669 2675/3658/2673 2672/3654/2670
f 2203/2927/2203 2205/2929/2205 1034/1321/1034
f 2203/2927/2203 2007/2645/2007 2204/2928/2204
f 2203/2927/2203 1033/1320/1033 2007/2645/2007
f 2203/2927/2203 1034/1321/1034 1033/1320/1033
f 260/3659/260 1188/1517/1188 261/2938/261
f 260/3659/260 262/3660/262 2676/3661/2674
f 260/3659/260 2676/3661/2674 1188/1517/1188
f 2224/2955/2224 156/188/156 2225/2956/2225
f 2224/2955/2224 1968/2960/1968 1688/2199/1688
f 2224/2955/2224 2677/3662/2675 2678/3663/2676
f 2224/2955/2224 2678/3663/2676 156/188/156
f 2224/2955/2224 1688/2199/1688 2677/3662/2675
f 2679/3664/2677 582/728/582 585/733/585
f 2679/3664/2677 2498/3381/2498 2343/3136/2343
f 2679/3664/2677 585/733/585 2498/3381/2498
f 2679/3664/2677 2130/2819/2130 582/728/582
f 2679/3664/2677 2343/3136/2343 2680/3665/2678
f 2679/3664/2677 2680/3665/2678 2130/2819/2130
f 1393/3666/1393 589/738/589 588/737/588
f 1393/3666/1393 588/737/588 1394/3667/1394
f 97/114/97 98/113/98 1167/1492/1167
f 97/2683/97 1167/3668/1167 2036/2684/2036
f 1914/2512/1914 2681/3669/2679 1915/2513/1915
f 1914/2516/1914 1916/2515/1916 2681/3670/2679
f 45/3671/45 1640/2142/1640 1644/2146/1644
f 45/3672/45 47/3673/47 2102/2780/2102
f 45/3674/45 2682/3675/2680 240/3676/240
f 45/3671/45 1644/2146/1644 2683/3677/2681
f 45/3678/45 2645/3679/2643 2684/3680/2682
f 45/3674/45 1324/1703/1324 2682/3675/2680
f 45/415/45 2683/3681/2681 342/416/342
f 45/3674/45 2685/3682/2683 1325/1704/1325
f 45/3674/45 1325/1704/1325 1324/1703/1324
f 45/3683/45 2186/2896/2186 2686/3684/2684
f 45/3678/45 2684/3680/2682 2186/2897/2186
f 45/3683/45 2686/3684/2684 2685/3685/2683
f 45/3671/45 240/3686/240 1640/2142/1640
f 45/3678/45 2102/3687/2102 2645/3679/2643
f 1814/2380/1814 1816/2382/1816 2687/3688/2685
f 1814/2380/1814 2687/3688/2685 1815/2381/1815
f 1929/2531/1929 2688/3689/2686 1930/2532/1930
f 1929/2531/1929 2689/3690/2687 2688/3689/2686
f 1772/2320/1772 2690/3691/2688 2691/3692/2689
f 1772/2320/1772 2692/3693/2690 1773/2321/1773
f 1772/3694/1772 1441/3695/1441 2693/3696/2691
f 1772/2320/1772 2691/3692/2689 2692/3693/2690
f 1772/3694/1772 2693/3696/2691 2690/3697/2688
f 2694/3698/2692 1953/2569/1953 1955/2571/1955
f 2694/3699/2692 1955/2574/1955 2695/3700/2693
f 2694/3701/2692 2314/3089/2314 2316/3092/2316
f 2694/3698/2692 532/656/532 1953/2569/1953
f 2694/3698/2692 2316/3702/2316 532/656/532
f 2694/3701/2692 2695/3703/2693 2314/3089/2314
f 1733/2261/1733 1735/2263/1735 2696/3704/2694
f 1733/2261/1733 2696/3704/2694 2697/3705/2695
f 1733/2261/1733 2607/3706/2605 1734/2262/1734
f 1733/2261/1733 2697/3705/2695 2607/3706/2605
f 542/670/542 2698/3707/2696 543/671/543
f 542/3708/542 24/29/24 25/30/25
f 542/670/542 2699/3709/2697 2698/3707/2696
f 542/670/542 2475/3340/2475 2699/3709/2697
f 542/3708/542 25/30/25 2475/3341/2475
f 2700/3710/2698 2198/2916/2198 551/2918/551
f 2700/3710/2698 2701/3711/2699 1663/2171/1663
f 2700/3712/2698 551/687/551 553/690/553
f 2700/3710/2698 1663/2171/1663 2198/2916/2198
f 2700/3712/2698 553/690/553 2702/3713/2700
f 2700/3712/2698 2702/3713/2700 2701/3714/2699
f 1666/3715/1666 557/3716/557 558/3717/558
f 1666/2174/1666 558/1016/558 797/1015/797
f 1666/3715/1666 2674/3657/2672 2703/3718/2701
f 1666/3715/1666 2703/3718/2701 557/3716/557
f 1666/3715/1666 1670/3719/1670 2674/3657/2672
f 2006/2644/2006 2204/2928/2204 2007/2645/2007
f 2006/2654/2006 2011/2651/2011 2704/3720/2702
f 2006/2654/2006 2704/3720/2702 2204/2933/2204
f 2705/3721/2703 2706/3722/2704 2424/3723/2424
f 2705/3724/2703 1683/2192/1683 1682/2194/1682
f 2705/3725/2703 1682/3726/1682 2706/3727/2704
f 2705/3724/2703 2707/3728/2705 1683/2192/1683
f 2705/3724/2703 2708/3729/2706 2707/3728/2705
f 2705/3721/2703 2424/3723/2424 2708/3730/2706
f 1341/1723/1341 2709/3731/2707 1342/1724/1342
f 1341/1723/1341 1343/1725/1343 2710/3732/2708
f 1341/1723/1341 2710/3732/2708 2711/3733/2709
f 1341/1723/1341 2711/3733/2709 2709/3731/2707
f 2712/3734/2710 2713/3735/2711 2714/3736/2712
f 2712/3734/2710 2715/3737/2713 2713/3735/2711
f 2712/3734/2710 2716/3738/2714 2715/3737/2713
f 822/3739/822 2476/3740/2476 2261/3741/2261
f 822/1046/822 283/3742/283 285/3743/285
f 822/3744/822 2717/3745/2715 823/3746/823
f 822/1046/822 821/1045/821 283/3742/283
f 822/3739/822 2718/3747/2716 2476/3740/2476
f 822/3739/822 2719/3748/2717 2718/3747/2716
f 822/3744/822 2261/3013/2261 2717/3745/2715
f 593/3749/593 2442/3284/2442 2658/3629/2656
f 593/742/593 1985/2616/1985 594/743/594
f 593/742/593 592/741/592 2442/3750/2442
f 593/3749/593 2658/3629/2656 1985/3751/1985
f 2275/3752/2275 2352/3146/2352 2355/3149/2355
f 2275/3752/2275 2720/3753/2718 2352/3146/2352
f 2275/3034/2275 933/1194/933 2720/3754/2718
f 2275/3755/2275 2355/3756/2355 2482/3350/2482
f 403/489/403 406/492/406 2567/3485/2566
f 403/489/403 2567/3485/2566 2721/3757/2719
f 403/489/403 2721/3757/2719 404/490/404
f 2722/3758/2720 2364/3163/2364 2723/3759/2721
f 2722/3760/2720 2724/3761/2722 2509/3762/2509
f 2722/3758/2720 2725/3763/2723 2724/3764/2722
f 2722/3760/2720 2509/3762/2509 2364/3160/2364
f 2722/3758/2720 2723/3759/2721 2725/3763/2723
f 2726/3765/2724 1752/2290/1752 2727/3766/2725
f 2726/3765/2724 423/3767/423 1752/2290/1752
f 2726/3765/2724 2728/3768/2726 423/3767/423
f 2726/3765/2724 2727/3766/2725 953/1221/953
f 2726/3765/2724 953/1221/953 2728/3768/2726
f 1094/1394/1094 2729/3769/2727 1636/2135/1636
f 1094/1394/1094 2730/3770/2728 2729/3769/2727
f 1094/1394/1094 1095/1395/1095 2730/3770/2728
f 2624/3570/2622 2119/2803/2119 2121/2805/2121
f 2624/3570/2622 2121/2805/2121 2625/3571/2623
f 2624/3570/2622 2731/3771/2729 2119/2803/2119
f 2624/3570/2622 2627/3573/2625 2731/3771/2729
f 2732/3772/2730 2413/3229/2413 247/307/247
f 2732/3773/2730 2733/3774/2731 2123/2809/2123
f 2732/3772/2730 247/307/247 2733/3775/2731
f 1930/3776/1930 2734/3777/2732 250/311/250
f 1930/3776/1930 2735/3778/2733 2734/3777/2732
f 1930/2532/1930 2688/3689/2686 2735/3779/2733
f 1930/2532/1930 250/3780/250 249/2533/249
f 451/549/451 1025/1307/1025 452/550/452
f 451/549/451 2246/2991/2246 1025/1307/1025
f 451/549/451 458/3781/458 2246/2991/2246
f 1486/1934/1486 2634/3586/2632 2675/3782/2673
f 1486/1934/1486 2675/3782/2673 1577/2064/1577
f 1486/1934/1486 1577/2064/1577 1487/1935/1487
f 467/568/467 270/340/270 2635/3783/2633
f 467/568/467 317/3784/317 468/569/468
f 467/568/467 2635/3783/2633 318/3785/318
f 467/568/467 318/3785/318 317/3784/317
f 467/568/467 272/341/272 270/340/270
f 2536/3786/2535 2449/3296/2449 934/1191/934
f 2536/3443/2535 2736/3787/2734 2325/3106/2325
f 2536/3786/2535 2737/3788/2735 2449/3296/2449
f 2536/3786/2535 934/1191/934 2736/3789/2734
f 2536/3443/2535 2538/3445/2537 2737/3790/2735
f 34/1826/34 2559/3791/2558 35/3792/35
f 34/1826/34 1415/1831/1415 2559/3791/2558
f 127/147/127 2436/3793/2436 128/148/128
f 127/147/127 2738/3794/2736 2739/3795/2737
f 127/147/127 2739/3795/2737 2436/3793/2436
f 127/147/127 130/150/130 2738/3794/2736
f 785/998/785 783/996/783 1145/1463/1145
f 2670/3796/2668 2740/3797/2738 690/3798/690
f 2670/3651/2668 2329/3112/2329 2327/3109/2327
f 2670/3796/2668 2327/3799/2327 2741/3800/2739
f 2670/3796/2668 2741/3800/2739 2740/3797/2738
f 696/881/696 188/3801/188 697/882/697
f 696/3802/696 2742/3803/2740 188/3804/188
f 696/3802/696 2583/3505/2582 2742/3803/2740
f 696/3802/696 698/3805/698 2583/3505/2582
f 562/700/562 564/702/564 1559/2035/1559
f 562/700/562 2267/3806/2267 563/701/563
f 562/700/562 1558/2034/1558 2267/3806/2267
f 562/700/562 1559/2035/1559 1558/2034/1558
f 1943/2551/1943 1038/1329/1038 1037/1328/1037
f 1943/2551/1943 2743/3807/2741 1944/2552/1944
f 2744/3808/2742 1865/3809/1865 717/910/717
f 2744/3808/2742 2745/3810/2743 2746/3811/2744
f 2744/3808/2742 712/903/712 2745/3810/2743
f 2744/3808/2742 717/910/717 712/903/712
f 2744/3808/2742 2746/3811/2744 1865/3809/1865
f 2747/3812/2745 2748/3813/2746 1692/3814/1692
f 2747/3812/2745 1692/3814/1692 1694/3815/1694
f 2747/3812/2745 1694/3815/1694 2749/3816/2747
f 727/928/727 2215/2946/2215 2750/3817/2748
f 727/928/727 2750/3817/2748 728/929/728
f 1058/1355/1058 1061/1354/1061 2751/3818/2749
f 1058/1350/1058 2752/3819/2750 2753/3820/2751
f 1058/1350/1058 2753/3820/2751 1059/1351/1059
f 1058/1350/1058 2751/3821/2749 2752/3819/2750
f 983/1253/983 741/945/741 739/940/739
f 983/1253/983 985/1255/985 2754/3822/2752
f 983/1253/983 2754/3822/2752 2755/3823/2753
f 983/1253/983 2755/3823/2753 741/945/741
f 2286/3054/2286 2464/3316/2464 2756/3824/2754
f 2286/3054/2286 2756/3824/2754 2287/3055/2287
f 2286/3054/2286 2289/3057/2289 842/1066/842
f 2757/3825/2755 167/3826/167 2758/3827/2756
f 2757/3825/2755 2759/3828/2757 168/3829/168
f 2757/3825/2755 2760/3830/2758 655/826/655
f 2757/3831/2755 168/205/168 167/204/167
f 2757/3825/2755 2758/3827/2756 2760/3830/2758
f 2757/3825/2755 754/3832/754 2759/3828/2757
f 2757/3825/2755 655/826/655 754/3832/754
f 2761/3833/2759 2762/3834/2760 2763/3835/2761
f 2761/3836/2759 757/967/757 217/273/217
f 2761/3837/2759 2764/3838/2762 2765/3839/2763
f 2761/3840/2759 2766/3841/2764 2764/3842/2762
f 2761/3840/2759 2767/3843/2765 2766/3841/2764
f 2761/3844/2759 2768/3845/2766 2769/3846/2767
f 2761/3833/2759 2769/3847/2767 2762/3834/2760
f 2761/3836/2759 217/273/217 2767/3848/2765
f 2761/3849/2759 2763/3850/2761 757/3851/757
f 2761/3844/2759 2765/3852/2763 2768/3845/2766
f 1005/1280/1005 2434/3853/2434 1006/1281/1006
f 769/982/769 771/984/771 2770/3854/2768
f 769/982/769 2770/3854/2768 1177/1504/1177
f 769/982/769 1177/1504/1177 770/983/770
f 2771/3855/2769 2110/3856/2110 2772/3857/2770
f 2771/3858/2769 778/991/778 775/988/775
f 2771/3858/2769 775/988/775 2110/2792/2110
f 2771/3855/2769 2772/3857/2770 778/3859/778
f 2143/3860/2143 2773/3861/2771 2144/3862/2144
f 2143/3860/2143 2774/3863/2772 2773/3861/2771
f 152/184/152 154/186/154 599/749/599
f 152/184/152 599/749/599 498/607/498
f 2193/2908/2193 2775/3864/2773 570/3865/570
f 2193/3866/2193 570/711/570 1800/2362/1800
f 2193/3867/2193 1800/3868/1800 706/3869/706
f 2193/2908/2193 968/1238/968 2775/3864/2773
f 2547/3460/2546 607/763/607 1488/1936/1488
f 2547/3460/2546 1488/1936/1488 2776/3870/2774
f 2547/3460/2546 608/764/608 607/763/607
f 2547/3460/2546 2776/3870/2774 2548/3461/2547
f 2547/3460/2546 2551/3464/2550 608/764/608
f 516/633/516 1492/3871/1492 2777/3872/2775
f 516/633/516 2777/3872/2775 517/634/517
f 516/633/516 519/636/519 1492/3871/1492
f 617/778/617 1292/3873/1292 1978/3874/1978
f 617/778/617 1978/3874/1978 29/37/29
f 2778/3875/2776 2205/2934/2205 2207/2932/2207
f 2778/3875/2776 1502/3876/1502 1501/3877/1501
f 2778/3875/2776 1241/3878/1241 2205/2934/2205
f 2778/3875/2776 2207/2932/2207 1502/3876/1502
f 2778/3879/2776 1501/1958/1501 1243/1593/1243
f 2778/3879/2776 1243/1593/1243 1241/1591/1241
f 2644/3880/2642 2104/3881/2104 1861/2448/1861
f 2644/3880/2642 2779/3882/2777 2645/3679/2643
f 2644/3880/2642 2780/3883/2778 2779/3882/2777
f 2644/3880/2642 1861/2448/1861 2780/3883/2778
f 2781/3884/2779 1948/2556/1948 2503/3389/2503
f 2781/3885/2779 642/1523/642 2782/3886/2780
f 2781/3885/2779 643/3887/643 642/1523/642
f 2781/3884/2779 2503/3389/2503 2783/3888/2781
f 2781/3885/2779 2782/3886/2780 1948/2560/1948
f 2781/3889/2779 2783/3890/2781 643/814/643
f 2784/3891/2782 2785/3892/2783 2786/3893/2784
f 2784/3891/2782 2787/3894/2785 2785/3892/2783
f 750/957/750 653/1383/653 1082/1379/1082
f 750/3895/750 654/825/654 653/824/653
f 750/957/750 1082/1379/1082 751/958/751
f 750/3895/750 754/3832/754 654/825/654
f 2762/3834/2760 1088/3896/1088 2788/3897/2786
f 2762/3898/2760 2769/3899/2767 1089/1389/1089
f 2762/3898/2760 1089/1389/1089 1088/1388/1088
f 2762/3834/2760 2788/3897/2786 2763/3835/2761
f 960/1227/960 2789/3900/2787 2146/2842/2146
f 960/1227/960 963/1232/963 2789/3900/2787
f 1640/2142/1640 1252/3901/1252 1641/2143/1641
f 1640/3902/1640 239/298/239 1252/1602/1252
f 1640/3902/1640 240/299/240 239/298/239
f 2790/3903/2788 2291/3059/2291 2791/3904/2789
f 2790/3903/2788 2792/3905/2790 2291/3059/2291
f 2793/3906/2791 1786/2339/1786 2794/3907/2792
f 2793/3906/2791 2795/3908/2793 684/869/684
f 2793/3906/2791 684/869/684 1786/2339/1786
f 2796/3909/2794 2740/3797/2738 2579/3501/2578
f 2796/3909/2794 1449/3910/1449 2105/3911/2105
f 2796/3909/2794 690/3798/690 2740/3797/2738
f 2796/3909/2794 2797/3912/2795 1070/3913/1070
f 2796/3909/2794 2579/3501/2578 2797/3912/2795
f 2796/3914/2794 2105/2786/2105 690/2785/690
f 2796/3909/2794 1070/3913/1070 1449/3910/1449
f 904/1147/904 478/3915/478 2453/3301/2453
f 904/1147/904 2453/3301/2453 1952/2573/1952
f 1013/1291/1013 112/3916/112 2108/2790/2108
f 1013/1295/1013 113/129/113 112/128/112
f 543/673/543 2698/3917/2696 2459/3310/2459
f 543/673/543 2459/3310/2459 2458/3309/2458
f 543/673/543 2458/3309/2458 544/674/544
f 2798/3918/2796 1689/2596/1689 1970/2595/1970
f 2798/3918/2796 1690/3919/1690 1689/2596/1689
f 2798/3918/2796 2117/3920/2117 1690/3919/1690
f 133/164/133 136/163/136 2519/3415/2518
f 133/157/133 2521/3420/2520 2799/3921/2797
f 133/157/133 2799/3921/2797 134/158/134
f 2628/3922/2626 2800/3923/2798 2629/3924/2627
f 2628/3922/2626 2630/3925/2628 2801/3926/2799
f 2628/3922/2626 2801/3926/2799 2800/3923/2798
f 1223/1570/1223 148/180/148 2802/3927/2800
f 1042/1333/1042 2803/3928/2801 1484/1929/1484
f 1042/1333/1042 1041/1332/1041 2803/3928/2801
f 1713/2230/1713 2804/3929/2802 1714/2231/1714
f 1713/2230/1713 2133/2825/2133 2804/3929/2802
f 1713/2230/1713 2134/2826/2134 2133/2825/2133
f 1713/2230/1713 510/624/510 2134/2826/2134
f 2805/3930/2803 2806/3931/2804 2807/3932/2805
f 2805/3930/2803 2808/3933/2806 2806/3931/2804
f 1839/2412/1839 863/2416/863 2809/3934/2807
f 1027/1311/1027 2673/3935/2671 1028/1312/1028
f 1027/1311/1027 2810/3936/2808 2673/3935/2671
f 1027/1311/1027 1030/1316/1030 2810/3936/2808
f 2811/3937/2809 627/796/627 1503/1962/1503
f 2811/3937/2809 1368/1765/1368 1938/2545/1938
f 2811/3937/2809 1503/1962/1503 192/237/192
f 2811/3937/2809 192/237/192 1368/1765/1368
f 2811/3937/2809 1938/2545/1938 627/796/627
f 1186/3938/1186 2812/3939/2810 345/422/345
f 1186/3940/1186 2813/3941/2811 1187/1519/1187
f 1186/1514/1186 1185/1513/1185 2812/3942/2810
f 1186/3938/1186 345/422/345 2813/3943/2811
f 255/316/255 2814/3944/2812 256/317/256
f 255/321/255 1093/1393/1093 1885/3945/1885
f 255/321/255 258/320/258 1093/1393/1093
f 255/316/255 1885/3946/1885 2814/3944/2812
f 2706/3727/2704 1682/3726/1682 2815/3947/2813
f 2706/3727/2704 744/950/744 2424/3246/2424
f 2706/3727/2704 2815/3947/2813 744/950/744
f 2081/2752/2081 2024/2668/2024 2816/3948/2814
f 2081/2752/2081 2152/3949/2152 2156/3950/2156
f 2081/2752/2081 2816/3948/2814 2152/3949/2152
f 2081/2752/2081 2156/3950/2156 2082/2753/2082
f 2428/3254/2428 2817/3951/2815 1109/1415/1109
f 2428/3254/2428 2432/3258/2432 2817/3951/2815
f 2428/3254/2428 1109/1415/1109 2429/3255/2429
f 2476/3342/2476 2818/3952/2816 2477/3343/2477
f 2476/3740/2476 2718/3747/2716 2818/3953/2816
f 2476/3740/2476 1593/3954/1593 2261/3741/2261
f 1600/2094/1600 295/365/295 294/364/294
f 1600/3955/1600 1601/3956/1601 2488/3360/2488
f 1600/2094/1600 2568/3957/2567 295/365/295
f 1600/3955/1600 2488/3360/2488 2568/3486/2567
f 2819/3958/2817 2820/3959/2818 2821/3960/2819
f 2819/3958/2817 2709/3961/2707 2711/3962/2709
f 2819/3958/2817 2822/3963/2820 2823/3964/2821
f 2819/3958/2817 2711/3962/2709 2820/3959/2818
f 2819/3958/2817 2821/3960/2819 2822/3963/2820
f 2819/3958/2817 2823/3964/2821 2709/3961/2707
f 1016/3965/1016 2175/2878/2175 2243/2986/2243
f 1016/3965/1016 2176/2879/2176 2175/2878/2175
f 1016/3965/1016 2243/2986/2243 1017/2985/1017
f 1016/3965/1016 1021/3966/1021 2176/2879/2176
f 52/3967/52 55/1442/55 1619/2113/1619
f 52/59/52 2824/3968/2822 53/60/53
f 52/3967/52 1619/2113/1619 2824/3969/2822
f 1135/1449/1135 61/73/61 59/66/59
f 1135/1449/1135 1137/3970/1137 1623/3971/1623
f 1135/1449/1135 2825/3972/2823 1136/1450/1136
f 1135/1449/1135 1623/3971/1623 61/73/61
f 1135/1449/1135 59/66/59 2825/3972/2823
f 2826/3973/2824 2827/3974/2825 2828/3975/2826
f 2826/3976/2824 1630/3977/1630 1632/2127/1632
f 2826/3973/2824 2828/3975/2826 1630/2124/1630
f 2826/3976/2824 1631/2126/1631 2827/3978/2825
f 2826/3976/2824 1632/2127/1632 1631/2126/1631
f 421/513/421 2829/3979/2827 2830/3980/2828
f 421/513/421 2830/3980/2828 1860/2447/1860
f 421/513/421 423/515/423 2829/3979/2827
f 2831/3981/2829 1867/2454/1867 2832/3982/2830
f 2831/3981/2829 1562/2046/1562 1997/3983/1997
f 2831/3981/2829 2833/3984/2831 1867/2454/1867
f 2831/3981/2829 2832/3982/2830 1564/2047/1564
f 2831/3981/2829 1997/3983/1997 2833/3984/2831
f 2831/3981/2829 1564/2047/1564 1562/2046/1562
f 462/563/462 2834/3985/2832 463/564/463
f 462/563/462 1028/3986/1028 2834/3985/2832
f 526/648/526 2835/3987/2833 2836/3988/2834
f 526/648/526 525/647/525 2835/3987/2833
f 731/932/731 736/937/736 2837/3989/2835
f 731/932/731 2837/3989/2835 2838/3990/2836
f 731/932/731 2838/3990/2836 2839/3991/2837
f 731/932/731 2839/3991/2837 732/933/732
f 205/256/205 2840/3992/2838 2841/3993/2839
f 205/256/205 2842/3994/2840 206/257/206
f 205/256/205 307/380/307 2840/3992/2838
f 205/256/205 2841/3993/2839 2842/3994/2840
f 1828/2394/1828 312/385/312 311/384/311
f 1828/2394/1828 1989/2623/1989 312/385/312
f 902/3995/902 900/1141/900 2550/3996/2549
f 902/1145/902 2550/3997/2549 2843/3998/2841
f 827/3999/827 2348/3141/2348 828/3144/828
f 1532/2000/1532 1534/2002/1534 2844/4000/2842
f 1532/2000/1532 2845/4001/2843 1533/2001/1533
f 1532/2000/1532 2844/4000/2842 1999/4002/1999
f 1532/2000/1532 1999/4002/1999 2846/4003/2844
f 1532/2000/1532 2846/4003/2844 2845/4001/2843
f 2847/4004/2845 334/407/334 333/406/333
f 2847/4004/2845 333/406/333 1536/2006/1536
f 338/411/338 2848/4005/2846 877/1110/877
f 2144/4006/2144 2773/4007/2771 2849/4008/2847
f 2144/2840/2144 2850/4009/2848 2145/2841/2145
f 2144/4006/2144 2849/4008/2847 2851/4010/2849
f 2144/2840/2144 2851/4011/2849 2850/4009/2848
f 759/4012/759 349/426/349 353/430/353
f 759/969/759 2016/2660/2016 760/970/760
f 759/4012/759 765/978/765 349/426/349
f 759/4012/759 353/430/353 2016/4013/2016
f 1729/2256/1729 1731/2258/1731 357/436/357
f 1729/2256/1729 2852/4014/2850 1730/2257/1730
f 1729/2256/1729 357/436/357 2852/4014/2850
f 1203/1544/1203 894/1135/894 2460/3311/2460
f 1203/1544/1203 2460/3311/2460 1204/1545/1204
f 1203/1544/1203 895/1136/895 894/1135/894
f 371/4015/371 429/524/429 428/523/428
f 371/4015/371 377/4016/377 429/524/429
f 371/454/371 428/4017/428 372/455/372
f 1321/4018/1321 2853/4019/2851 1712/2229/1712
f 1321/4018/1321 1325/4020/1325 2853/4019/2851
f 1321/1700/1321 2854/4021/2852 1322/1701/1322
f 1321/4018/1321 1712/2229/1712 2854/4022/2852
f 2855/4023/2853 2856/4024/2854 2857/4025/2855
f 2855/4023/2853 1455/1890/1455 1454/1889/1454
f 2855/4023/2853 2857/4025/2855 1455/1890/1455
f 2858/4026/2856 390/475/390 1335/4027/1335
f 2858/4026/2856 1718/2242/1718 390/475/390
f 2858/4026/2856 1334/4028/1334 1000/1273/1000
f 2858/4026/2856 1000/1273/1000 1718/2242/1718
f 2858/4026/2856 1335/4027/1335 1334/4028/1334
f 1756/2295/1756 2859/4029/2857 1757/2296/1757
f 1756/2295/1756 1149/4030/1149 2859/4029/2857
f 1756/2295/1756 2039/2691/2039 1149/4030/1149
f 2041/3471/2041 2860/4031/2858 2861/4032/2859
f 2041/3471/2041 2042/4033/2042 2862/4034/2860
f 2041/3471/2041 2861/4032/2859 2557/3472/2556
f 2041/3471/2041 2862/4034/2860 2860/4031/2858
f 2043/2695/2043 917/1170/917 223/4035/223
f 2043/2695/2043 918/1171/918 917/1170/917
f 2043/2695/2043 223/4035/223 222/4036/222
f 2043/2695/2043 222/4036/222 221/2696/221
f 2046/2699/2046 2863/4037/2861 810/1030/810
f 2046/2699/2046 2864/4038/2862 2863/4037/2861
f 2046/2699/2046 2048/2701/2048 2864/4038/2862
f 2865/4039/2863 2666/4040/2664 1959/2580/1959
f 2865/4039/2863 2866/4041/2864 2867/4042/2865
f 2865/4043/2863 2868/4044/2866 2869/4045/2867
f 2865/4039/2863 1959/2580/1959 2866/4041/2864
f 2865/4043/2863 2867/4046/2865 2868/4044/2866
f 2865/4043/2863 2869/4045/2867 2666/4047/2664
f 1471/1912/1471 2870/4048/2868 1472/1913/1472
f 1471/1912/1471 1474/1915/1474 1693/2204/1693
f 1471/1912/1471 1692/2203/1692 2870/4048/2868
f 1471/1912/1471 1693/2204/1693 1692/2203/1692
f 2871/4049/2869 2464/4050/2464 2251/3001/2251
f 2871/4051/2869 2626/4052/2624 2756/3824/2754
f 2871/4049/2869 2060/2722/2060 2626/3572/2624
f 2871/4049/2869 2251/3001/2251 2872/4053/2870
f 2871/4051/2869 2756/3824/2754 2464/3316/2464
f 2871/4049/2869 2872/4053/2870 2060/2722/2060
f 1480/4054/1480 2873/4055/2871 2417/3235/2417
f 1480/4056/1480 1482/4057/1482 2555/3469/2554
f 1480/4054/1480 2417/3235/2417 1481/4058/1481
f 1480/4056/1480 2555/3469/2554 2873/4059/2871
f 2874/4060/2872 2189/4061/2189 1776/4062/1776
f 2874/4063/2872 2190/2901/2190 2189/2900/2189
f 2874/4060/2872 1776/4062/1776 2875/4064/2873
f 2874/4060/2872 2875/4064/2873 2876/4065/2874
f 2874/4063/2872 2877/4066/2875 2190/2901/2190
f 2874/4060/2872 2876/4065/2874 2877/4067/2875
f 2878/4068/2876 2879/4069/2877 262/326/262
f 2878/4068/2876 2880/4070/2878 2881/4071/2879
f 2878/4068/2876 262/326/262 263/327/263
f 2878/4068/2876 263/327/263 2882/4072/2880
f 2878/4068/2876 2882/4072/2880 2880/4070/2878
f 2878/4068/2876 2881/4071/2879 2879/4069/2877
f 607/763/607 2883/4073/2881 1121/1430/1121
f 607/4074/607 610/4075/610 2883/4076/2881
f 607/763/607 1121/1430/1121 1488/1936/1488
f 518/644/518 277/347/277 1492/1943/1492
f 518/635/518 1492/3871/1492 519/636/519
f 518/644/518 278/348/278 277/347/277
f 930/1186/930 2564/3481/2563 2884/4077/2882
f 930/1186/930 2884/4077/2882 2885/4078/2883
f 930/1186/930 2885/4078/2883 931/1187/931
f 530/654/530 533/657/533 2566/3483/2565
f 530/654/530 2137/2831/2137 2022/2666/2022
f 530/654/530 2022/2666/2022 531/655/531
f 530/654/530 2566/3483/2565 2137/2831/2137
f 2886/4079/2884 2887/4080/2885 1747/2284/1747
f 2886/4081/2884 713/904/713 1868/4082/1868
f 2886/4081/2884 1868/4082/1868 1869/4083/1869
f 2886/4079/2884 1869/4084/1869 2887/4080/2885
f 2886/4079/2884 1747/2284/1747 2465/4085/2465
f 2886/4081/2884 2465/4086/2465 713/904/713
f 1296/2508/1296 2888/4087/2886 1912/2509/1912
f 1296/1659/1296 1297/1660/1297 1751/2289/1751
f 1296/1659/1296 1751/2289/1751 2888/4088/2886
f 1659/2167/1659 2889/4089/2887 2890/4090/2888
f 1659/2167/1659 2701/3711/2699 2889/4089/2887
f 1659/2167/1659 2890/4090/2888 1660/2168/1660
f 1659/2167/1659 1663/2171/1663 2701/3711/2699
f 1116/1425/1116 2891/4091/2889 2892/4092/2890
f 1116/1425/1116 1581/4093/1581 2891/4091/2889
f 1116/1425/1116 1582/4094/1582 1581/4093/1581
f 1116/1425/1116 2892/4092/2890 1118/1426/1118
f 2249/4095/2249 1215/1556/1215 2250/4096/2250
f 2249/4095/2249 2464/3316/2464 1216/1557/1216
f 2249/4095/2249 1216/1557/1216 1215/1556/1215
f 2249/4095/2249 2251/4097/2251 2464/3316/2464
f 1586/2080/1586 2502/3384/2502 1587/2081/1587
f 1596/4098/1596 1597/4099/1597 2586/4100/2585
f 1596/4098/1596 2586/4100/2585 2259/4101/2259
f 2140/2836/2140 1622/4102/1622 2141/2837/2141
f 2140/2836/2140 61/69/61 1623/4103/1623
f 2140/4104/2140 1623/4105/1623 1622/4106/1622
f 2140/2836/2140 2139/2835/2139 61/69/61
f 1400/1804/1400 2893/4107/2891 416/508/416
f 1400/1804/1400 298/1805/298 2893/4107/2891
f 1400/1804/1400 413/505/413 1311/1680/1311
f 1400/1804/1400 416/508/416 413/505/413
f 47/3673/47 48/2781/48 2102/2780/2102
f 2449/3296/2449 2737/3788/2735 2894/4108/2892
f 2449/3296/2449 2894/4108/2892 2450/3297/2450
f 1355/1742/1355 1359/1747/1359 33/3268/33
f 849/1078/849 2895/4109/2893 850/1079/850
f 849/1076/849 2279/3040/2279 2895/4110/2893
f 1965/2591/1965 2896/4111/2894 662/839/662
f 1965/2591/1965 662/839/662 663/838/663
f 1965/2591/1965 1966/2590/1966 2896/4111/2894
f 2897/4112/2895 670/848/670 668/849/668
f 2897/4112/2895 2147/2843/2147 2146/2842/2146
f 2897/4112/2895 668/849/668 2898/4113/2896
f 2897/4112/2895 2898/4113/2896 2147/2843/2147
f 2897/4112/2895 2146/2842/2146 670/848/670
f 2899/4114/2897 2713/3735/2711 2715/3737/2713
f 2899/4114/2897 2288/4115/2288 2713/3735/2711
f 2899/4114/2897 2715/3737/2713 1976/2605/1976
f 2899/4114/2897 1976/2605/1976 1975/2604/1975
f 2899/4114/2897 1975/2604/1975 2288/4115/2288
f 2291/3059/2291 2792/3905/2790 678/861/678
f 2291/4116/2291 439/535/439 2791/4117/2789
f 2900/4118/2898 980/4119/980 2296/3065/2296
f 2900/4120/2898 981/1251/981 980/1250/980
f 2900/4118/2898 2296/3065/2296 2295/3064/2295
f 2901/4121/2899 550/684/550 791/1006/791
f 2901/4121/2899 2902/4122/2900 550/684/550
f 2901/4121/2899 2581/3503/2580 2903/4123/2901
f 2901/4121/2899 791/1006/791 790/1004/790
f 2901/4121/2899 2903/4123/2901 2902/4122/2900
f 2901/4121/2899 790/1004/790 2581/3503/2580
f 557/1761/557 2703/4124/2701 1366/1762/1366
f 2205/2929/2205 1241/4125/1241 1034/1321/1034
f 1743/2275/1743 2904/4126/2902 2905/4127/2903
f 1743/2275/1743 2905/4127/2903 1396/1798/1396
f 1743/4128/1743 11/15/11 13/17/13
f 1743/2275/1743 1396/1798/1396 1395/1797/1395
f 1743/2275/1743 13/4129/13 2904/4126/2902
f 2050/2705/2050 1248/1598/1248 81/93/81
f 2050/2939/2050 2052/4130/2052 2211/2940/2211
f 1322/1701/1322 2854/4021/2852 1710/2943/1710
f 2906/4131/2904 2525/3425/2524 2526/3426/2525
f 2906/4131/2904 2526/3426/2525 1164/4132/1164
f 2906/4131/2904 141/171/141 2525/3425/2524
f 2906/4133/2904 142/174/142 141/173/141
f 2906/4131/2904 1164/4132/1164 2907/4134/2905
f 2906/4133/2904 2907/4135/2905 142/174/142
f 2217/2948/2217 2908/4136/2906 2218/2949/2218
f 2217/2948/2217 1573/2058/1573 594/743/594
f 2217/2948/2217 1984/2615/1984 2908/4136/2906
f 2217/2948/2217 594/743/594 1984/2615/1984
f 2217/2948/2217 2221/2952/2221 1573/2058/1573
f 2226/2958/2226 2225/2961/2225 2909/4137/2907
f 1513/1979/1513 1972/2598/1972 748/1980/748
f 1513/2964/1513 1515/4138/1515 2230/2965/2230
f 1513/1979/1513 1973/2599/1973 1972/2598/1972
f 2232/2970/2232 2534/3441/2533 1523/4139/1523
f 2232/2971/2232 1523/4140/1523 2910/4141/2908
f 2232/2971/2232 2910/4141/2908 1890/2481/1890
f 1701/4142/1701 2614/4143/2612 2911/4144/2909
f 1701/2212/1701 1703/2214/1703 2615/3558/2613
f 1701/4142/1701 2911/4144/2909 2862/4034/2860
f 1701/2212/1701 2615/3558/2613 2614/3557/2612
f 1701/4142/1701 2862/4034/2860 1702/4145/1702
f 761/971/761 763/973/763 2912/4146/2910
f 761/971/761 2912/4146/2910 1949/2558/1949
f 107/123/107 2913/4147/2911 2236/2977/2236
f 107/4148/107 110/4149/110 2913/4150/2911
f 1647/4151/1647 2494/3370/2494 1932/2536/1932
f 1647/4151/1647 2495/3371/2495 2494/3370/2494
f 1647/4151/1647 2239/4152/2239 2495/3371/2495
f 1647/4151/1647 1932/2536/1932 1648/2535/1648
f 1911/2507/1911 2438/3271/2438 2609/4153/2607
f 1911/3549/1911 1737/2268/1737 1295/4154/1295
f 2352/3146/2352 2720/3753/2718 1451/1882/1451
f 2352/3146/2352 1451/1882/1451 2353/3147/2353
f 2020/2832/2020 734/935/734 2021/3392/2021
f 2020/2832/2020 735/936/735 734/935/734
f 2914/4155/2912 2915/4156/2913 2588/4157/2587
f 2914/4155/2912 2916/4158/2914 2915/4156/2913
f 2914/4155/2912 2588/4157/2587 2917/4159/2915
f 2173/2876/2173 1154/1473/1154 951/1216/951
f 2173/2876/2173 1155/1474/1155 1154/1473/1154
f 2173/2876/2173 951/1216/951 2174/2877/2174
f 1314/1689/1314 669/846/669 670/848/670
f 1314/1689/1314 670/848/670 2918/4160/2916
f 1314/1689/1314 2918/4160/2916 1315/1690/1315
f 1252/3901/1252 1253/4161/1253 1641/2143/1641
f 2374/3175/2374 2420/3239/2420 2375/3176/2375
f 231/287/231 456/555/456 232/288/232
f 231/287/231 2378/4162/2378 456/555/456
f 2919/4163/2917 85/97/85 2920/4164/2918
f 2919/4163/2917 1270/1624/1270 1269/1623/1269
f 2919/4163/2917 2921/4165/2919 1270/1624/1270
f 2919/4163/2917 2920/4164/2918 2921/4165/2919
f 2919/4163/2917 1269/1623/1269 86/98/86
f 2919/4163/2917 86/98/86 85/97/85
f 2922/4166/2920 2923/4167/2921 2924/4168/2922
f 2922/4166/2920 2925/4169/2923 2926/4170/2924
f 2922/4166/2920 2386/3189/2386 2927/4171/2925
f 2922/4166/2920 2927/4171/2925 2923/4167/2921
f 2922/4166/2920 2924/4168/2922 2925/4169/2923
f 2922/4166/2920 2926/4170/2924 2386/3189/2386
f 475/577/475 2928/4172/2926 2929/4173/2927
f 475/577/475 2929/4173/2927 2106/2787/2106
f 475/577/475 477/580/477 2928/4172/2926
f 2930/4174/2928 1841/2414/1841 1840/2413/1840
f 2930/4174/2928 1902/4175/1902 1841/2414/1841
f 2930/4174/2928 1840/2413/1840 2341/4176/2341
f 2930/4177/2928 1597/4099/1597 1902/4178/1902
f 2930/4177/2928 2586/4100/2585 1597/4099/1597
f 2930/4174/2928 2341/4176/2341 2586/4179/2585
f 622/4180/622 2931/4181/2929 2932/4182/2930
f 622/4180/622 2933/4183/2931 2934/4184/2932
f 622/787/622 624/789/624 2933/4185/2931
f 622/4180/622 2934/4184/2932 2931/4181/2929
f 622/4180/622 2932/4182/2930 623/3601/623
f 2935/4186/2933 917/1170/917 920/1173/920
f 2935/4187/2933 219/275/219 223/279/223
f 2935/4187/2933 2395/3204/2395 2394/3203/2394
f 2935/4186/2933 920/1173/920 2395/4188/2395
f 2935/4186/2933 223/4035/223 917/1170/917
f 2935/4187/2933 2394/3203/2394 219/275/219
f 2299/4189/2299 2070/2735/2070 2936/4190/2934
f 2299/3068/2299 2302/3072/2302 2071/4191/2071
f 2299/4189/2299 2936/4190/2934 2300/4192/2300
f 2299/4189/2299 2071/2736/2071 2070/2735/2070
f 2835/3987/2833 525/647/525 2937/4193/2935
f 2835/3987/2833 383/466/383 2836/3988/2834
f 2835/3987/2833 2938/4194/2936 383/466/383
f 2835/3987/2833 2937/4193/2935 2938/4194/2936
f 1715/2233/1715 2939/4195/2937 1716/2234/1716
f 1715/2237/1715 850/1079/850 2939/4196/2937
f 1459/2241/1459 2940/4197/2938 394/479/394
f 1459/2241/1459 1462/4198/1462 2940/4197/2938
f 2197/2915/2197 1933/2538/1933 2941/4199/2939
f 2197/2915/2197 1934/2539/1934 1933/2538/1933
f 2942/4200/2940 2943/4201/2941 2944/4202/2942
f 2942/4203/2940 2945/4204/2943 2946/4205/2944
f 2942/4203/2940 2944/4206/2942 2947/4207/2945
f 2942/4203/2940 2947/4207/2945 2945/4204/2943
f 1858/4208/1858 414/506/414 2099/2777/2099
f 1858/4208/1858 2948/4209/2946 414/506/414
f 1858/4210/1858 1797/4211/1797 2948/4212/2946
f 1858/2445/1858 2099/2776/2099 1859/2446/1859
f 2319/3097/2319 1799/4213/1799 1022/1303/1022
f 2319/3097/2319 707/4214/707 1799/4213/1799
f 2319/3101/2319 708/897/708 707/896/707
f 2319/3101/2319 2320/3099/2320 708/897/708
f 2319/3097/2319 1022/1303/1022 1019/1300/1019
f 548/685/548 550/684/550 2902/4122/2900
f 548/681/548 2949/4215/2947 2578/3500/2577
f 548/685/548 2902/4122/2900 2326/4216/2326
f 548/685/548 2326/4216/2326 2949/4217/2947
f 793/1009/793 2950/4218/2948 794/1010/794
f 793/1009/793 559/697/559 2951/4219/2949
f 793/1009/793 2951/4219/2949 2950/4218/2948
f 793/1009/793 560/698/560 559/697/559
f 564/702/564 799/1018/799 804/1023/804
f 564/702/564 804/1023/804 1559/2035/1559
f 564/702/564 566/708/566 799/1018/799
f 2952/4220/2950 2336/4221/2336 1549/2020/1549
f 2952/4220/2950 2337/4222/2337 2336/4221/2336
f 2952/4220/2950 1545/2016/1545 2953/4223/2951
f 2952/4220/2950 1549/2020/1549 1545/2016/1545
f 2952/4220/2950 2953/4223/2951 2337/4222/2337
f 2954/4224/2952 2127/4225/2127 2677/4226/2675
f 2954/4224/2952 2677/4226/2675 2955/4227/2953
f 2954/4224/2952 2128/4228/2128 2127/4225/2127
f 2954/4224/2952 2956/4229/2954 2128/4228/2128
f 2954/4224/2952 2955/4227/2953 2956/4229/2954
f 2344/3137/2344 2957/4230/2955 821/1045/821
f 2346/3139/2346 2958/4231/2956 2959/4232/2957
f 2346/3139/2346 2959/4232/2957 2960/4233/2958
f 2346/3139/2346 2349/3142/2349 2958/4231/2956
f 2346/3139/2346 2960/4233/2958 2347/3140/2347
f 1067/1361/1067 1068/1362/1068 2961/4234/2959
f 1067/2690/1067 2962/4235/2960 2039/2691/2039
f 1067/2690/1067 2961/4236/2959 2962/4235/2960
f 2614/4143/2612 2558/3473/2557 2911/4144/2909
f 2614/3557/2612 2617/3562/2615 2963/4237/2961
f 2614/4143/2612 2963/4238/2961 2558/3473/2557
f 2618/3564/2616 40/47/40 2964/4239/2962
f 2618/4240/2616 2965/4241/2963 2966/4242/2964
f 2618/4240/2616 2964/4243/2962 2965/4241/2963
f 2618/3564/2616 42/49/42 40/47/40
f 2618/3564/2616 2966/4244/2964 2619/3565/2617
f 2047/4245/2047 2967/4246/2965 2048/4247/2048
f 2047/2703/2047 925/1178/925 2271/3029/2271
f 2047/2703/2047 228/1183/228 925/1178/925
f 2047/4245/2047 2271/4248/2271 2967/4246/2965
f 2494/3370/2494 455/3373/455 452/550/452
f 2494/3370/2494 1024/1306/1024 1932/2536/1932
f 2494/3370/2494 452/550/452 1024/1306/1024
f 2497/3377/2497 2056/4249/2056 816/3378/816
f 2497/4250/2497 2968/4251/2966 2056/2715/2056
f 2497/3377/2497 1871/2458/1871 2969/4252/2967
f 2497/3377/2497 2969/4252/2967 2968/4253/2966
f 1874/4254/1874 1873/4255/1873 825/4256/825
f 1874/4254/1874 825/4256/825 824/4257/824
f 1874/4254/1874 824/4257/824 243/308/243
f 2065/4258/2065 2970/4259/2968 2971/4260/2969
f 2065/4258/2065 2067/4261/2067 2970/4259/2968
f 2065/4258/2065 2971/4260/2969 2972/4262/2970
f 2065/2727/2065 2972/4263/2970 2066/2728/2066
f 2973/4264/2971 2814/3944/2812 1884/4265/1884
f 2973/4264/2971 2974/4266/2972 2975/4267/2973
f 2973/4264/2971 2975/4267/2973 2814/3944/2812
f 2973/4264/2971 2976/4268/2974 2977/4269/2975
f 2973/4264/2971 1884/4265/1884 2976/4268/2974
f 2973/4264/2971 2977/4269/2975 2974/4266/2972
f 1382/4270/1382 1385/4271/1385 2574/4272/2573
f 1382/1782/1382 2194/2910/2194 1383/1783/1383
f 2082/4273/2082 1277/1631/1277 1276/1630/1276
f 2082/2753/2082 2156/3950/2156 1277/4274/1277
f 795/1011/795 2978/4275/2976 2430/3256/2430
f 795/1011/795 794/1010/794 2978/4275/2976
f 2433/3263/2433 288/358/288 287/357/287
f 2093/2766/2093 291/361/291 1625/2119/1625
f 2093/2766/2093 2479/3345/2479 2094/2767/2094
f 2893/4107/2891 298/1805/298 1734/2266/1734
f 2893/4107/2891 2979/4276/2977 416/508/416
f 2893/4107/2891 2604/4277/2602 2979/4276/2977
f 2893/4107/2891 1734/2266/1734 2604/4277/2602
f 303/373/303 636/805/636 638/808/638
f 303/373/303 638/808/638 304/374/304
f 2647/3615/2645 2528/3429/2527 2529/3430/2528
f 2647/3608/2645 2529/4278/2528 2841/3993/2839
f 2647/3615/2645 2651/3614/2649 2528/3429/2527
f 2647/3608/2645 2841/3993/2839 2648/3609/2646
f 2381/3182/2381 1348/4279/1348 2653/3617/2651
f 2381/3182/2381 1782/2331/1782 1349/4280/1349
f 2381/3182/2381 1349/4280/1349 1348/4279/1348
f 165/202/165 169/206/169 994/4281/994
f 1863/2450/1863 2980/4282/2978 1864/2451/1864
f 1863/2450/1863 1867/2454/1867 2833/3984/2831
f 1863/4283/1863 2833/4284/2831 2980/4285/2978
f 2981/4286/2979 2946/4287/2944 2945/4288/2943
f 2981/4286/2979 2945/4288/2943 2982/4289/2980
f 2983/4290/2981 1672/2180/1672 1675/2183/1675
f 2983/4291/2981 1939/2546/1939 1672/4292/1672
f 2983/4291/2981 1675/2547/1675 1939/2546/1939
f 1679/4293/1679 1683/4294/1683 2984/4295/2982
f 1679/4293/1679 2984/4295/2982 2985/4296/2983
f 1679/4297/1679 2985/4298/2983 1904/4299/1904
f 1679/2187/1679 1904/2496/1904 1680/2188/1680
f 2986/4300/2984 2562/3478/2561 2987/4301/2985
f 2986/4302/2984 2988/4303/2986 1505/1967/1505
f 2986/4304/2984 2989/4305/2987 2988/4306/2986
f 2986/4300/2984 1505/4307/1505 2562/3478/2561
f 2986/4300/2984 2987/4301/2985 2989/4308/2987
f 2990/4309/2988 358/4310/358 1732/2259/1732
f 2990/4311/2988 2991/4312/2989 358/437/358
f 2990/4309/2988 1732/2259/1732 1728/2255/1728
f 2992/4313/2990 120/136/120 119/135/119
f 2992/4313/2990 119/135/119 367/447/367
f 2992/4313/2990 367/447/367 2892/4092/2890
f 2992/4313/2990 2891/4091/2889 120/136/120
f 2992/4313/2990 2892/4092/2890 2891/4091/2889
f 1316/1692/1316 1318/1694/1318 1380/1778/1380
f 1316/1692/1316 2974/4266/2972 1317/1693/1317
f 1316/1692/1316 1380/1778/1380 2975/4267/2973
f 1316/1692/1316 2975/4267/2973 2974/4266/2972
f 1049/1340/1049 2520/4314/2519 844/1072/844
f 1049/1340/1049 1050/1341/1050 2520/4314/2519
f 1049/1340/1049 844/1072/844 846/1071/846
f 1049/1340/1049 846/1071/846 2035/2680/2035
f 387/471/387 1331/1711/1331 1330/1710/1330
f 1060/1352/1060 1062/1356/1062 1339/1721/1339
f 1060/1352/1060 1339/1721/1339 1338/1720/1338
f 2993/4315/2991 597/746/597 598/747/598
f 2993/4315/2991 598/747/598 893/1131/893
f 2775/4316/2773 572/715/572 570/711/570
f 139/168/139 143/175/143 2994/4317/2992
f 139/168/139 2994/4317/2992 1102/1408/1102
f 1893/2484/1893 2995/4318/2993 2158/2857/2158
f 1893/2484/1893 1899/2490/1899 2995/4318/2993
f 1681/2189/1681 1680/2188/1680 1905/2497/1905
f 1681/2189/1681 2818/3952/2816 1682/2190/1682
f 1681/2189/1681 2477/3343/2477 2818/3952/2816
f 1681/2189/1681 1905/2497/1905 2477/3343/2477
f 647/818/647 2996/4319/2994 2163/2862/2163
f 647/818/647 648/819/648 2996/4319/2994
f 1908/2503/1908 1907/2502/1907 1456/4320/1456
f 1908/4321/1908 1456/1891/1456 1455/1890/1455
f 2175/2878/2175 2997/4322/2995 2243/2986/2243
f 2175/2878/2175 2177/2880/2177 2997/4322/2995
f 53/60/53 2998/4323/2996 54/61/54
f 53/60/53 2824/3968/2822 2998/4323/2996
f 2999/4324/2997 2933/4185/2931 624/789/624
f 2999/4324/2997 3000/4325/2998 2933/4185/2931
f 2999/4324/2997 1235/1585/1235 3000/4325/2998
f 2999/4324/2997 3001/4326/2999 1235/1585/1235
f 2999/4324/2997 624/789/624 3001/4326/2999
f 3002/4327/3000 3003/4328/3001 3004/4329/3002
f 3002/4327/3000 3004/4329/3002 3005/4330/3003
f 2184/2895/2184 2185/2894/2185 2304/4331/2304
f 1248/2941/1248 1045/1336/1045 1249/4332/1249
f 3006/4333/3004 1870/4334/1870 87/4335/87
f 3006/4336/3004 2880/4070/2878 3007/4337/3005
f 3006/4333/3004 3007/4338/3005 3008/4339/3006
f 3006/4336/3004 603/756/603 2880/4070/2878
f 3006/4333/3004 3008/4339/3006 1870/4334/1870
f 3006/4336/3004 87/4340/87 603/756/603
f 3009/4341/3007 2412/3228/2412 1440/4342/1440
f 3009/4341/3007 244/303/244 247/307/247
f 3009/4341/3007 3010/4343/3008 91/103/91
f 3009/4341/3007 1478/1922/1478 1477/1921/1477
f 3009/4341/3007 91/103/91 92/104/92
f 3009/4341/3007 1477/1921/1477 3010/4343/3008
f 3009/4341/3007 92/104/92 244/303/244
f 3011/4344/3009 2873/4345/2871 3012/4346/3010
f 3011/4344/3009 2418/3237/2418 2421/3240/2421
f 3011/4344/3009 3013/4347/3011 3014/4348/3012
f 3011/4344/3009 2421/3240/2421 2873/4345/2871
f 3011/4344/3009 3012/4346/3010 3013/4347/3011
f 3011/4344/3009 3014/4348/3012 2418/3237/2418
f 2740/3797/2738 2580/3502/2579 2579/3501/2578
f 2740/3797/2738 2741/3800/2739 2580/3502/2579
f 2107/2788/2107 3015/4349/3013 3016/4350/3014
f 2107/2788/2107 3017/4351/3015 3015/4349/3013
f 2107/2789/2107 2106/2787/2106 3017/4352/3015
f 2107/2788/2107 3016/4350/3014 1192/1526/1192
f 2109/4353/2109 3018/4354/3016 2110/3856/2110
f 2109/4353/2109 3019/4355/3017 3020/4356/3018
f 2109/2791/2109 2108/2790/2108 3019/4357/3017
f 2109/4353/2109 3020/4356/3018 3018/4354/3016
f 3021/4358/3019 2176/4359/2176 1021/4360/1021
f 3021/4358/3019 1020/4361/1020 1801/2363/1801
f 3021/4362/3019 2368/3166/2368 2176/2879/2176
f 3021/4358/3019 1021/4360/1021 1020/4361/1020
f 3021/4358/3019 1801/2363/1801 1798/2359/1798
f 3021/4362/3019 3022/4363/3020 2368/3166/2368
f 3021/4358/3019 1798/2359/1798 3022/4364/3020
f 1208/3313/1208 2463/3315/2463 2755/4365/2753
f 1208/1549/1208 2754/3822/2752 1209/1550/1209
f 1208/3313/1208 1212/2369/1212 2462/3314/2462
f 1208/1549/1208 2755/3823/2753 2754/3822/2752
f 3023/4366/3021 1100/1403/1100 1097/1398/1097
f 3023/4366/3021 1097/1398/1097 3024/4367/3022
f 2523/3422/2522 2525/3425/2524 3025/4368/3023
f 2523/3422/2522 1162/4369/1162 3026/4370/3024
f 2523/3422/2522 3026/4370/3024 2309/4371/2309
f 2523/3422/2522 3025/4368/3023 1162/4369/1162
f 2523/3422/2522 2309/4371/2309 2524/3423/2523
f 755/2811/755 757/3851/757 2125/2812/2125
f 2389/3199/2389 2390/3198/2390 3027/4372/3025
f 2389/3199/2389 3027/4372/3025 1918/2519/1918
f 2389/3194/2389 1918/2518/1918 1917/2517/1917
f 1920/2521/1920 1921/2522/1921 583/729/583
f 2132/2821/2132 991/3274/991 508/620/508
f 2132/2821/2132 507/619/507 2133/2822/2133
f 2132/2821/2132 2441/3275/2441 991/3274/991
f 2132/2821/2132 1835/2407/1835 2441/3275/2441
f 2132/2821/2132 508/620/508 507/619/507
f 1588/2082/1588 1590/2084/1590 3028/4373/3026
f 181/219/181 182/221/182 2941/4199/2939
f 181/219/181 1933/2538/1933 1023/1304/1023
f 181/219/181 2941/4199/2939 1933/2538/1933
f 1844/4374/1844 3029/4375/3027 3030/4376/3028
f 1844/4374/1844 2601/3541/2599 1845/4377/1845
f 1844/4374/1844 3030/4376/3028 2601/3541/2599
f 1844/2422/1844 1847/2425/1847 3029/4378/3027
f 3031/4379/3029 2541/3448/2540 1143/1460/1143
f 3031/4379/3029 801/1020/801 800/1019/800
f 3031/4379/3029 1142/1459/1142 3032/4380/3030
f 3031/4379/3029 800/1019/800 2541/3448/2540
f 3031/4379/3029 3032/4380/3030 801/1020/801
f 3031/4379/3029 1143/1460/1143 1142/1459/1142
f 200/253/200 199/247/199 1375/2975/1375
f 200/253/200 1375/2975/1375 1371/4381/1371
f 1301/1664/1301 1303/1669/1303 3033/4382/3031
f 1301/4383/1301 692/877/692 688/873/688
f 1301/1664/1301 3033/4382/3031 692/4384/692
f 355/432/355 3034/4385/3032 3035/4386/3033
f 355/432/355 358/437/358 2991/4312/2989
f 355/432/355 3035/4386/3033 356/433/356
f 355/432/355 2991/4312/2989 3034/4385/3032
f 3036/4387/3034 1539/2010/1539 2606/3546/2604
f 3036/4387/3034 415/4388/415 2948/4212/2946
f 3036/4387/3034 3037/4389/3035 415/4388/415
f 3036/4387/3034 1540/2011/1540 1539/2010/1539
f 3036/4387/3034 2606/3546/2604 3037/4389/3035
f 3036/4387/3034 2948/4212/2946 1540/2011/1540
f 3038/4390/3036 2698/3707/2696 2114/2796/2114
f 3038/4391/3036 2459/3310/2459 2698/3917/2696
f 3038/4391/3036 2113/4392/2113 1206/1547/1206
f 3038/4391/3036 2114/4393/2114 2113/4392/2113
f 3038/4391/3036 1204/1545/1204 2459/3310/2459
f 3038/4391/3036 1206/1547/1206 1204/1545/1204
f 1803/4394/1803 429/524/429 377/4016/377
f 1803/2365/1803 377/4395/377 1804/2366/1804
f 1803/4394/1803 430/525/430 429/524/429
f 1215/1556/1215 3039/4396/3037 2250/4096/2250
f 1215/1556/1215 1217/1558/1217 3039/4396/3037
f 1820/2386/1820 1654/2162/1654 2038/2687/2038
f 1820/2386/1820 1655/2163/1655 1654/2162/1654
f 2339/3129/2339 2341/3133/2341 1840/4397/1840
f 1829/2884/1829 311/4398/311 313/2885/313
f 1832/4399/1832 2923/4400/2921 471/4401/471
f 1832/4399/1832 1352/4402/1352 2923/4400/2921
f 1832/4399/1832 471/4401/471 1833/4403/1833
f 1832/2402/1832 1353/1739/1353 1352/1738/1352
f 3040/4404/3038 3041/4405/3039 3042/4406/3040
f 3040/4404/3038 3043/4407/3041 3041/4405/3039
f 182/4408/182 183/4409/183 3044/4410/3042
f 182/221/182 3044/4411/3042 2941/4199/2939
f 3045/4412/3043 3046/4413/3044 187/234/187
f 3045/4412/3043 3047/4414/3045 1795/2353/1795
f 3045/4412/3043 3048/4415/3046 3047/4414/3045
f 3045/4412/3043 187/234/187 3048/4415/3046
f 3045/4412/3043 1795/2353/1795 3046/4413/3044
f 1850/2431/1850 778/3859/778 2772/3857/2770
f 1850/2431/1850 779/2430/779 778/3859/778
f 493/4416/493 3049/4417/3047 1851/2436/1851
f 493/602/493 1852/2438/1852 494/603/494
f 493/4416/493 497/4418/497 3049/4417/3047
f 1377/2222/1377 1318/1697/1318 1319/1696/1319
f 1377/1779/1377 1380/1778/1380 1318/1694/1318
f 1383/1783/1383 2194/2910/2194 1741/2273/1741
f 16/21/16 1102/1408/1102 3050/4419/3048
f 16/21/16 3050/4419/3048 273/4420/273
f 16/4421/16 273/342/273 275/345/275
f 16/21/16 275/4422/275 18/23/18
f 2387/3191/2387 1104/1410/1104 1108/1414/1108
f 2387/3191/2387 3051/4423/3049 1104/1410/1104
f 2387/3191/2387 1108/1414/1108 1280/1634/1280
f 2387/3192/2387 1391/1793/1391 445/4424/445
f 2387/3191/2387 445/4425/445 3051/4423/3049
f 283/3742/283 821/1045/821 2957/4230/2955
f 283/353/283 2957/4426/2955 284/354/284
f 295/365/295 2568/3957/2567 1746/2281/1746
f 2364/3160/2364 2509/3762/2509 2365/3161/2365
f 2364/3163/2364 2363/3158/2363 2723/3759/2721
f 1750/2288/1750 1752/2290/1752 422/4427/422
f 1750/2288/1750 422/4427/422 3052/4428/3050
f 1750/2288/1750 3052/4428/3050 1751/2289/1751
f 2859/4029/2857 2390/3196/2390 1757/2296/1757
f 2859/4429/2857 1149/1468/1149 1151/1470/1151
f 2859/4429/2857 1151/1470/1151 2390/4430/2390
f 2557/3472/2556 2911/4144/2909 2558/3473/2557
f 2557/3472/2556 3053/4431/3051 2911/4144/2909
f 2557/3472/2556 2861/4032/2859 3053/4431/3051
f 1767/2312/1767 1771/2316/1771 2394/3203/2394
f 1767/2312/1767 2180/2888/2180 1768/2313/1768
f 2863/4037/2861 3054/4432/3052 2985/4298/2983
f 2863/4037/2861 2985/4298/2983 810/1030/810
f 2863/4433/2861 2864/4434/2862 2691/3692/2689
f 2863/4433/2861 2691/3692/2689 3054/4435/3052
f 1775/4436/1775 2875/4064/2873 1776/4062/1776
f 1775/4436/1775 1778/4437/1778 3055/4438/3053
f 1775/4436/1775 3055/4438/3053 2875/4064/2873
f 3056/4439/3054 3057/4440/3055 2384/3185/2384
f 3056/4439/3054 2384/3185/2384 3058/4441/3056
f 2792/3905/2790 3059/4442/3057 678/861/678
f 1786/2339/1786 1787/2340/1787 2066/2728/2066
f 1786/2339/1786 3060/4443/3058 2794/3907/2792
f 1786/2339/1786 2066/2728/2066 3060/4443/3058
f 2681/3669/2679 1148/1467/1148 1915/2513/1915
f 2681/3669/2679 3027/4444/3025 1151/1470/1151
f 2681/3670/2679 1916/2515/1916 3027/4372/3025
f 2681/3669/2679 1151/1470/1151 1148/1467/1148
f 3061/4445/3059 1635/2132/1635 1634/2131/1634
f 3061/4445/3059 2768/3845/2766 2765/3852/2763
f 3061/4446/3059 2533/3436/2532 1635/4447/1635
f 3061/4445/3059 1634/2131/1634 2768/3845/2766
f 3061/4446/3059 2765/4448/2763 2533/3436/2532
f 3062/4449/3060 1161/1482/1161 1928/2530/1928
f 3062/4449/3060 1928/2530/1928 1927/2529/1927
f 3062/4449/3060 3026/4450/3024 1161/1482/1161
f 3062/4449/3060 1927/2529/1927 3063/4451/3061
f 3062/4449/3060 3063/4451/3061 3026/4450/3024
f 1262/1616/1262 1261/1615/1261 2258/3008/2258
f 1262/1616/1262 2258/3008/2258 2254/3004/2254
f 1426/4452/1426 1428/2834/1428 2138/2833/2138
f 1426/4453/1426 2470/3327/2470 2668/3643/2666
f 1426/4453/1426 2668/3643/2666 1427/3644/1427
f 1426/4454/1426 2138/4455/2138 2470/3329/2470
f 1496/1952/1496 2266/4456/2266 2265/3023/2265
f 1496/1952/1496 2265/3023/2265 1497/1953/1497
f 1496/1952/1496 1936/2542/1936 2266/4456/2266
f 193/239/193 196/243/196 2008/2647/2008
f 3064/4457/3062 3065/4458/3063 2850/4009/2848
f 3064/4459/3062 1945/2553/1945 1944/2552/1944
f 3064/4457/3062 2850/4009/2848 3066/4460/3064
f 3064/4457/3062 3067/4461/3065 3065/4458/3063
f 3064/4457/3062 3066/4460/3064 1945/4462/1945
f 3064/4457/3062 2743/4463/2741 3067/4461/3065
f 3064/4459/3062 1944/2552/1944 2743/3807/2741
f 2237/2978/2237 3068/4464/3066 3069/4465/3067
f 2237/2978/2237 3069/4465/3067 108/124/108
f 1958/2578/1958 2668/3643/2666 2469/3326/2469
f 120/136/120 2891/4091/2889 1581/4093/1581
f 120/4466/120 1581/2069/1581 121/4467/121
f 2713/3735/2711 2288/4115/2288 3070/4468/3068
f 2713/3735/2711 3071/4469/3069 2714/3736/2712
f 2713/3735/2711 3070/4468/3068 3071/4469/3069
f 2717/3745/2715 3072/4470/3070 1784/2333/1784
f 2717/3745/2715 3073/4471/3071 3072/4470/3070
f 2717/3745/2715 2260/3012/2260 3073/4471/3071
f 2717/3745/2715 2261/3013/2261 2260/3012/2260
f 2908/4136/2906 3074/4472/3072 1337/1719/1337
f 2908/4136/2906 1984/2615/1984 3074/4472/3072
f 2908/4136/2906 3075/4473/3073 2218/2949/2218
f 2908/4136/2906 1337/1719/1337 3075/4473/3073
f 1853/2439/1853 1232/4474/1232 3076/4475/3074
f 1853/2439/1853 3076/4475/3074 1854/2440/1854
f 3077/4476/3075 1552/2029/1552 1555/2027/1555
f 3077/4476/3075 1555/2027/1555 3078/4477/3076
f 3077/4478/3075 3079/4479/3077 1552/4480/1552
f 1557/2036/1557 1141/1458/1141 1140/1457/1140
f 1246/1596/1246 2937/4481/2935 527/650/527
f 1246/1596/1246 635/803/635 634/802/634
f 1865/3809/1865 1868/4082/1868 717/910/717
f 1865/2452/1865 2746/4482/2744 1866/2453/1866
f 1870/4334/1870 3008/4339/3006 2969/4483/2967
f 1870/2457/1870 2969/4252/2967 1871/2458/1871
f 1125/4484/1125 3013/4347/3011 906/4485/906
f 1125/1435/1125 1126/1437/1126 3080/4486/3078
f 1125/4487/1125 906/1157/906 905/1156/905
f 1125/4484/1125 3080/4488/3078 3013/4347/3011
f 1882/2472/1882 6/8/6 2466/3320/2466
f 3081/4489/3079 3082/4490/3080 3083/4491/3081
f 3081/4489/3079 3083/4491/3081 1888/4492/1888
f 3081/4489/3079 1888/4492/1888 3084/4493/3082
f 943/1209/943 946/1208/946 2080/2750/2080
f 943/1204/943 2028/2672/2028 944/1205/944
f 943/1204/943 2426/4494/2426 2028/2672/2028
f 943/1209/943 2080/2750/2080 2426/3250/2426
f 1895/2486/1895 1894/2485/1894 2160/2859/2160
f 1895/2486/1895 2160/2859/2160 2430/3256/2430
f 1895/2486/1895 2430/3256/2430 2978/4275/2976
f 1895/2486/1895 2978/4275/2976 1896/2487/1896
f 3085/4495/3083 3086/4496/3084 3087/4497/3085
f 3085/4498/3083 3088/4499/3086 3089/4500/3087
f 3085/4495/3083 2737/3790/2735 3086/4496/3084
f 3085/4501/3083 2894/4108/2892 2737/3788/2735
f 3085/4498/3083 3087/4502/3085 3090/4503/3088
f 3085/4498/3083 3089/4500/3087 2894/4504/2892
f 3085/4498/3083 3090/4503/3088 3088/4499/3086
f 35/42/35 2617/3561/2615 36/43/36
f 35/3792/35 2559/3791/2558 2963/4505/2961
f 35/3792/35 2963/4505/2961 2617/4506/2615
f 2436/4507/2436 3091/4508/3089 128/154/128
f 2436/3269/2436 1290/1651/1290 3091/4509/3089
f 2436/3269/2436 2739/4510/2737 2437/3270/2437
f 1145/1463/1145 783/996/783 305/377/305
f 1145/1463/1145 305/377/305 304/376/304
f 1507/1970/1507 2300/4192/2300 1210/1551/1210
f 1507/1975/1507 1510/1974/1510 2301/3070/2301
f 1507/1975/1507 2301/3070/2301 2300/3069/2300
f 1507/1970/1507 1210/1551/1210 1508/1971/1508
f 1437/1862/1437 69/84/69 72/83/72
f 1437/1862/1437 72/83/72 1438/1863/1438
f 2150/4511/2150 2534/3623/2533 993/3619/993
f 2150/2853/2150 1524/4512/1524 2534/4513/2533
f 2150/2853/2150 2154/2851/2154 1891/4514/1891
f 2150/2853/2150 1891/4514/1891 1524/4512/1524
f 2150/2846/2150 993/4515/993 2151/2847/2151
f 3092/4516/3090 1529/1997/1529 1225/1572/1225
f 3092/4516/3090 1225/1572/1225 1224/1571/1224
f 1903/2495/1903 866/4517/866 865/2419/865
f 1903/2495/1903 1904/2498/1904 866/4517/866
f 1903/2495/1903 865/2419/865 1842/2418/1842
f 3093/4518/3091 2943/4201/2941 3094/4519/3092
f 3093/4518/3091 2944/4202/2942 2943/4201/2941
f 3093/4520/3091 3094/4521/3092 1536/4522/1536
f 774/1293/774 780/4523/780 2240/2981/2240
f 774/1293/774 2240/2981/2240 1014/1294/1014
f 1018/1299/1018 2242/2983/2242 1019/1300/1019
f 349/426/349 765/978/765 3095/4524/3093
f 349/426/349 3095/4524/3093 350/427/350
f 3046/4413/3044 189/232/189 187/234/187
f 3046/4413/3044 1794/2352/1794 189/232/189
f 3046/4413/3044 1795/2353/1795 1794/2352/1794
f 3096/4525/3094 2454/3304/2454 3003/4328/3001
f 3096/4525/3094 2455/3305/2455 2454/3304/2454
f 2879/4526/2877 705/893/705 3097/4527/3095
f 2879/4526/2877 2676/3661/2674 262/3660/262
f 2879/4526/2877 2881/4528/2879 705/893/705
f 2879/4526/2877 3097/4527/3095 2676/3661/2674
f 711/902/711 1563/2044/1563 712/903/712
f 1567/2051/1567 160/197/160 3098/4529/3096
f 1567/2051/1567 3098/4529/3096 2342/3135/2342
f 1567/2051/1567 818/1042/818 1568/2052/1568
f 3099/4530/3097 3100/4531/3098 3101/4532/3099
f 1571/4533/1571 1572/4534/1572 2837/3989/2835
f 1571/4533/1571 3102/4535/3100 2443/3283/2443
f 1571/4533/1571 2837/3989/2835 3102/4535/3100
f 1571/4533/1571 2443/3283/2443 592/4536/592
f 1448/4537/1448 2720/3754/2718 933/1194/933
f 1448/4538/1448 932/1189/932 2105/2786/2105
f 1448/4539/1448 933/4540/933 932/4541/932
f 1448/1883/1448 1451/1882/1451 2720/3753/2718
f 1448/4542/1448 2105/3911/2105 1449/3910/1449
f 3103/4543/3101 3104/4544/3102 3105/4545/3103
f 3103/4543/3101 3105/4545/3103 3106/4546/3104
f 3103/4543/3101 3106/4546/3104 3107/4547/3105
f 3108/4548/3106 851/1080/851 853/1083/853
f 3108/4548/3106 2939/4195/2937 2895/4110/2893
f 3108/4548/3106 2895/4110/2893 2279/3040/2279
f 3108/4548/3106 2279/3040/2279 851/1080/851
f 3108/4548/3106 1716/2234/1716 2939/4195/2937
f 3108/4548/3106 853/1083/853 1716/2234/1716
f 1461/1898/1461 1464/1901/1464 1966/2590/1966
f 1849/2427/1849 1467/1905/1467 776/1907/776
f 1849/2427/1849 776/1907/776 779/2428/779
f 2119/2803/2119 2731/3771/2729 2120/2804/2120
f 1697/2208/1697 1699/2210/1699 1389/1789/1389
f 1697/2208/1697 1389/1789/1389 3050/4549/3048
f 1697/4550/1697 3050/4419/3048 2994/4317/2992
f 1697/2208/1697 2994/4551/2992 1698/2209/1698
f 613/4552/613 2376/3177/2376 449/547/449
f 613/773/613 515/641/515 2376/4553/2376
f 613/4552/613 449/547/449 448/546/448
f 2189/2906/2189 1485/1931/1485 1777/2326/1777
f 2189/2906/2189 1777/2326/1777 1776/2325/1776
f 2880/4070/2878 2882/4072/2880 3007/4337/3005
f 271/338/271 273/1790/273 1388/1788/1388
f 271/338/271 1388/1788/1388 315/388/315
f 1129/1440/1129 2998/4554/2996 1130/1441/1130
f 1129/1949/1129 54/61/54 2998/4323/2996
f 60/67/60 63/71/63 1433/1859/1433
f 60/67/60 1433/1859/1433 1432/1858/1432
f 626/791/626 632/800/632 3109/4555/3107
f 626/1956/626 3109/4556/3107 1500/1957/1500
f 3110/4557/3108 3111/4558/3109 492/4559/492
f 3110/4557/3108 1789/2342/1789 3111/4558/3109
f 3110/4557/3108 2988/4306/2986 2989/4305/2987
f 3110/4557/3108 2989/4305/2987 1792/2347/1792
f 3110/4557/3108 1790/2343/1790 1789/2342/1789
f 3110/4557/3108 1792/2347/1792 1790/2343/1790
f 3110/4557/3108 492/4559/492 2988/4306/2986
f 3112/4560/3110 1661/4561/1661 2702/3713/2700
f 3112/4562/3110 1662/2170/1662 1661/2169/1661
f 3112/4562/3110 788/1001/788 1662/2170/1662
f 3112/4560/3110 553/690/553 552/691/552
f 3112/4560/3110 2702/3713/2700 553/690/553
f 3112/4562/3110 552/4563/552 788/1001/788
f 1896/2487/1896 2950/4218/2948 1897/2488/1897
f 1896/2487/1896 2978/4275/2976 794/1010/794
f 1896/2487/1896 794/1010/794 2950/4218/2948
f 2007/2645/2007 1033/1320/1033 1676/2184/1676
f 2007/2645/2007 1676/2184/1676 2009/2648/2009
f 1683/4294/1683 2707/4564/2705 3113/4565/3111
f 1683/4294/1683 3113/4565/3111 2984/4295/2982
f 1685/4566/1685 3091/4567/3089 1291/1652/1291
f 1685/2196/1685 1687/2198/1687 3091/4508/3089
f 1685/4566/1685 1291/1652/1291 2956/4229/2954
f 1685/4566/1685 2956/4229/2954 1686/4568/1686
f 2682/4569/2680 3114/4570/3112 237/296/237
f 2682/4569/2680 1324/4571/1324 3114/4570/3112
f 2682/4569/2680 237/296/237 240/299/240
f 1784/2333/1784 1785/2338/1785 3115/4572/3113
f 1784/2333/1784 3072/4470/3070 245/2334/245
f 2958/4231/2956 2802/4573/2800 2959/4232/2957
f 158/190/158 163/198/163 1710/2227/1710
f 167/204/167 166/203/166 2758/4574/2756
f 757/3851/757 2763/3850/2761 2125/2812/2125
f 1953/2569/1953 532/656/532 1954/2570/1954
f 1735/2263/1735 3116/4575/3114 2696/3704/2694
f 1735/2263/1735 300/2264/300 3117/4576/3115
f 1735/2263/1735 3117/4576/3115 3116/4575/3114
f 1575/2062/1575 1574/2061/1574 2869/4045/2867
f 1575/2062/1575 2869/4045/2867 3118/4577/3116
f 2544/3457/2543 1205/1546/1205 2280/3043/2280
f 2544/3457/2543 2280/3043/2280 1988/2621/1988
f 2544/3457/2543 1988/2621/1988 3119/4578/3117
f 2544/3457/2543 3119/4578/3117 2545/3458/2544
f 1099/1402/1099 1583/2074/1583 899/1140/899
f 2553/3466/2552 3120/4579/3118 1493/1945/1493
f 2553/3466/2552 517/4580/517 3120/4579/3118
f 2553/3466/2552 1493/1945/1493 2554/3467/2553
f 2553/3466/2552 1482/4057/1482 517/4580/517
f 2553/3466/2552 2555/3469/2554 1482/4057/1482
f 29/35/29 1978/2607/1978 30/36/30
f 2931/4181/2929 2095/2768/2095 2932/4182/2930
f 2931/4181/2929 1599/2093/1599 2095/2768/2095
f 2931/4181/2929 2934/4184/2932 1599/2093/1599
f 225/281/225 2012/2656/2012 226/282/226
f 225/281/225 808/1028/808 1612/4581/1612
f 225/281/225 1612/4581/1612 1616/4582/1616
f 225/281/225 229/285/229 808/1028/808
f 225/281/225 1616/4582/1616 2012/2656/2012
f 3121/4583/3119 1854/4584/1854 3076/4585/3074
f 3121/4586/3119 3122/4587/3120 2178/2883/2178
f 3121/4583/3119 3076/4585/3074 3122/4588/3120
f 3121/4583/3119 2356/3151/2356 1854/4584/1854
f 3121/4583/3119 2178/4589/2178 3123/4590/3121
f 3121/4583/3119 3123/4590/3121 2356/3151/2356
f 1552/4480/1552 3079/4479/3077 3124/4591/3122
f 1552/2023/1552 3124/4592/3122 1553/2024/1553
f 2827/3978/2825 1631/2126/1631 1628/2129/1628
f 2827/3974/2825 3125/4593/3123 2828/3975/2826
f 2827/3978/2825 1628/2129/1628 3125/4594/3123
f 2367/3165/2367 2368/3166/2368 3022/4363/3020
f 2069/2733/2069 2466/3320/2466 3/7/3
f 3126/4595/3124 3127/4596/3125 3128/4597/3126
f 3126/4595/3124 2574/4272/2573 1385/4271/1385
f 3126/4595/3124 3128/4597/3126 2574/4272/2573
f 1648/2540/1648 1934/2539/1934 1649/2912/1649
f 3129/4598/3127 980/4119/980 979/4599/979
f 3129/4598/3127 2297/3066/2297 2296/3065/2296
f 3129/4598/3127 2296/3065/2296 980/4119/980
f 1068/4600/1068 2578/3500/2577 2961/4601/2959
f 1068/4600/1068 2797/3912/2795 2578/3500/2577
f 1068/4600/1068 1070/3913/1070 2797/3912/2795
f 2582/3504/2581 3130/4602/3128 2333/3120/2333
f 2582/3504/2581 2929/4173/2927 3131/4603/3129
f 2582/3504/2581 3131/4603/3129 3130/4602/3128
f 2582/3504/2581 2106/2787/2106 2929/4173/2927
f 1538/3506/1538 337/410/337 879/1112/879
f 1544/2015/1544 2953/4223/2951 1545/2016/1545
f 1209/1550/1209 1508/1971/1508 1210/1551/1210
f 1209/1550/1209 2754/3822/2752 1508/1971/1508
f 3024/4367/3022 2883/4604/2881 3132/4605/3130
f 3024/4367/3022 1097/1398/1097 2883/4604/2881
f 2629/3924/2627 2800/3923/2798 3133/4606/3131
f 2629/3577/2627 3134/4607/3132 2168/2868/2168
f 2629/3577/2627 3133/4608/3131 3134/4607/3132
f 153/185/153 156/188/156 2678/3663/2676
f 153/185/153 2678/3663/2676 1111/4609/1111
f 153/185/153 1111/4609/1111 154/186/154
f 160/197/160 162/196/162 3098/4529/3096
f 1834/2404/1834 994/4281/994 169/206/169
f 1834/2827/1834 2134/2826/2134 994/4610/994
f 1171/1496/1171 2833/4284/2831 1997/2632/1997
f 1171/1496/1171 1174/1499/1174 2833/4284/2831
f 186/228/186 870/1103/870 3048/4611/3046
f 186/228/186 3048/4611/3046 187/229/187
f 2540/3452/2539 2542/3451/2541 1181/1509/1181
f 2540/3447/2539 2269/3027/2269 2541/3448/2540
f 2812/3942/2810 885/1121/885 3135/4612/3133
f 2812/3939/2810 343/417/343 345/422/345
f 2812/4613/2810 3135/4614/3133 344/4615/344
f 2812/3939/2810 344/418/344 343/417/343
f 2812/3942/2810 1185/1513/1185 885/1121/885
f 1266/1620/1266 1265/1619/1265 2378/3179/2378
f 3136/4616/3134 2336/4617/2336 988/4618/988
f 3136/4616/3134 2383/3184/2383 2336/4617/2336
f 3136/4616/3134 3058/4441/3056 2384/3185/2384
f 3136/4616/3134 2384/3185/2384 2383/3184/2383
f 3136/4616/3134 988/4618/988 3058/4441/3056
f 2385/3190/2385 2386/3189/2386 2926/4170/2924
f 2385/3190/2385 2926/4170/2924 2155/4619/2155
f 2385/3186/2385 2155/2852/2155 2151/2847/2151
f 1280/1634/1280 1108/1414/1108 1107/1413/1107
f 1682/3726/1682 2818/3953/2816 2815/3947/2813
f 2996/4620/2994 648/4621/648 3137/4622/3135
f 1457/4623/1457 1605/2501/1605 1607/4624/1607
f 1457/4623/1457 1907/2502/1907 1605/2501/1605
f 1457/4623/1457 1456/4320/1456 1907/2502/1907
f 1823/3208/1823 3122/4625/3120 1231/1579/1231
f 1823/2389/1823 1825/2391/1825 2178/2883/2178
f 1823/2389/1823 2178/2883/2178 3122/4587/3120
f 3138/4626/3136 3029/4375/3027 3124/4591/3122
f 3138/4626/3136 3030/4376/3028 3029/4375/3027
f 3138/4626/3136 3124/4591/3122 3079/4479/3077
f 1769/2314/1769 2044/2697/2044 1770/2315/1770
f 1769/2314/1769 1768/2317/1768 1239/1589/1239
f 1773/2321/1773 2692/3693/2690 70/80/70
f 1773/2321/1773 70/80/70 69/79/69
f 79/91/79 76/88/76 1777/2326/1777
f 79/91/79 1777/2326/1777 1485/1931/1485
f 3007/4337/3005 2882/4072/2880 3139/4627/3137
f 3007/4338/3005 3139/4628/3137 3008/4339/3006
f 2412/3232/2412 2693/4629/2691 1440/4630/1440
f 2412/3232/2412 2414/3231/2414 3140/4631/3138
f 2412/3232/2412 3140/4631/3138 2693/4629/2691
f 2528/3429/2527 3141/4632/3139 307/379/307
f 2528/3429/2527 2651/3614/2649 3141/4632/3139
f 2531/3435/2530 312/385/312 1989/2623/1989
f 2531/3433/2530 2653/4633/2651 1347/1731/1347
f 2531/3433/2530 659/4634/659 2653/4633/2651
f 2531/3435/2530 1989/2623/1989 659/837/659
f 2531/3433/2530 1347/1731/1347 2532/3434/2531
f 2843/4635/2841 2550/3463/2549 2549/3462/2548
f 1703/2218/1703 322/395/322 2615/3563/2613
f 1703/2218/1703 1705/2217/1705 325/398/325
f 1703/2218/1703 325/398/325 322/395/322
f 1561/4636/1561 1998/2634/1998 2000/2638/2000
f 1561/4636/1561 716/4637/716 3142/4638/3140
f 1561/4636/1561 3142/4638/3140 1998/2634/1998
f 1561/2041/1561 2000/4639/2000 1562/2042/1562
f 2001/2639/2001 2003/2641/2003 2810/3936/2808
f 2001/2639/2001 1434/1856/1434 2002/2640/2002
f 2001/2639/2001 2810/3936/2808 1030/1316/1030
f 2001/2639/2001 1030/1316/1030 1434/1856/1434
f 1672/4292/1672 1939/2546/1939 1940/2548/1940
f 1672/4292/1672 1940/2548/1940 1673/4640/1673
f 2012/2656/2012 2013/2657/2013 226/282/226
f 2012/2656/2012 1616/4582/1616 1373/1770/1373
f 1955/2574/1955 1952/2573/1952 2452/3300/2452
f 1955/2574/1955 2452/3300/2452 2695/3700/2693
f 945/1207/945 947/1210/947 3143/4641/3141
f 945/1207/945 2026/4642/2026 946/1208/946
f 945/1207/945 3143/4641/3141 2026/4642/2026
f 366/446/366 1118/1426/1118 2892/4092/2890
f 366/446/366 2633/4643/2631 1119/1427/1119
f 366/4644/366 369/451/369 2633/3585/2631
f 366/446/366 2892/4092/2890 367/447/367
f 366/446/366 1119/1427/1119 1118/1426/1118
f 3144/4645/3142 379/4646/379 2749/3816/2747
f 3144/4645/3142 1258/1610/1258 380/1609/380
f 3144/4645/3142 1694/3815/1694 1695/4647/1695
f 3144/4645/3142 2749/3816/2747 1694/3815/1694
f 3144/4645/3142 380/1609/380 379/4646/379
f 3144/4645/3142 1695/4647/1695 1258/1610/1258
f 389/474/389 1338/3427/1338 390/475/390
f 3145/4648/3143 1409/1823/1409 1408/1817/1408
f 3145/4648/3143 3146/4649/3144 1409/1823/1409
f 3145/4648/3143 2611/3553/2609 206/4650/206
f 3145/4648/3143 206/4650/206 3146/4649/3144
f 3145/4648/3143 1408/1817/1408 2611/3553/2609
f 2820/3959/2818 2711/3962/2709 3147/4651/3145
f 1546/2017/1546 1421/1841/1421 2622/4652/2620
f 1546/2017/1546 1550/2021/1550 1421/1841/1421
f 2495/3371/2495 2239/4152/2239 2496/3372/2496
f 2589/4653/2588 2056/2715/2056 2057/2716/2057
f 2589/4654/2588 816/3378/816 2056/4249/2056
f 2589/3518/2588 2057/2719/2057 723/920/723
f 2626/4052/2624 2625/4655/2623 3148/4656/3146
f 2626/4052/2624 3148/4656/3146 2756/3824/2754
f 2970/4259/2968 2067/4261/2067 3149/4657/3147
f 2970/4259/2968 3149/4657/3147 1589/2083/1589
f 2970/4259/2968 1589/2083/1589 2971/4260/2969
f 2814/3944/2812 2975/4267/2973 256/317/256
f 2814/3944/2812 1885/3946/1885 1884/4265/1884
f 3150/4658/3148 3151/4659/3149 3152/4660/3150
f 3150/4661/3148 3153/4662/3151 3151/4663/3149
f 18/4664/18 2927/4665/2925 2386/4666/2386
f 18/4664/18 275/345/275 2927/4665/2925
f 1104/1410/1104 20/4667/20 1105/1411/1105
f 1104/1410/1104 3051/4423/3049 20/4667/20
f 1618/2112/1618 3154/4668/3152 1619/2113/1619
f 1618/2112/1618 2564/3481/2563 3154/4668/3152
f 1618/2112/1618 2090/2763/2090 2884/4077/2882
f 1618/2112/1618 2884/4077/2882 2564/3481/2563
f 1618/2112/1618 1620/2114/1620 2090/2763/2090
f 1622/2116/1622 3155/4669/3153 2141/4670/2141
f 1622/2116/1622 1398/1802/1398 3155/4669/3153
f 48/55/48 49/56/49 3156/4671/3154
f 48/55/48 3156/4671/3154 2103/4672/2103
f 2300/4192/2300 2936/4190/2934 1210/1551/1210
f 525/651/525 527/650/527 2937/4481/2935
f 1816/2382/1816 2307/3077/2307 2687/3688/2685
f 2940/4197/2938 3157/4673/3155 3158/4674/3156
f 2940/4197/2938 2669/4675/2667 3157/4673/3155
f 2940/4676/2938 1462/3647/1462 2669/3646/2667
f 2940/4197/2938 3158/4674/3156 394/479/394
f 864/1097/864 2313/3085/2313 2138/2833/2138
f 2263/4677/2263 2663/4678/2661 2264/4679/2264
f 2263/4677/2263 3159/4680/3157 2663/4678/2661
f 1539/2010/1539 2605/3545/2603 2606/3546/2604
f 1539/2010/1539 1541/2012/1541 2605/3545/2603
f 2537/3444/2536 3086/4496/3084 2538/3445/2537
f 2537/3444/2536 691/876/691 3160/4681/3158
f 2537/3444/2536 2330/3114/2330 691/876/691
f 2537/3444/2536 3160/4681/3158 3086/4496/3084
f 697/4682/697 188/233/188 189/232/189
f 697/4682/697 189/232/189 1794/2352/1794
f 1195/1531/1195 3161/4683/3159 1198/1535/1198
f 2336/4617/2336 2383/3184/2383 2491/3366/2491
f 2336/4221/2336 2491/3364/2491 1549/2020/1549
f 575/4684/575 3162/4685/3160 3163/4686/3161
f 575/718/575 3163/4687/3161 578/722/578
f 575/4684/575 811/4688/811 3162/4685/3160
f 2498/3381/2498 585/733/585 2499/4689/2499
f 2498/3381/2498 814/1038/814 2343/3136/2343
f 2442/3750/2442 592/741/592 2443/4690/2443
f 2442/3284/2442 410/500/410 3164/4691/3162
f 2442/3284/2442 3164/4691/3162 2658/3629/2656
f 405/491/405 2567/3485/2566 406/492/406
f 1520/1988/1520 1629/2123/1629 3165/4692/3163
f 1520/1988/1520 3166/4693/3164 1521/1989/1521
f 1520/1988/1520 3165/4692/3163 3166/4693/3164
f 1520/1988/1520 1522/1990/1522 1629/2123/1629
f 1154/1473/1154 952/1217/952 951/1216/951
f 962/1231/962 1315/1690/1315 2918/4160/2916
f 962/1231/962 957/1224/957 1315/1690/1315
f 962/1231/962 2918/4160/2916 963/1232/963
f 1642/4694/1642 266/334/266 265/330/265
f 1642/2144/1642 1253/4161/1253 1256/4695/1256
f 1642/2144/1642 1641/2143/1641 1253/4161/1253
f 1642/2144/1642 1256/4695/1256 266/4696/266
f 1642/4694/1642 265/330/265 1643/2148/1643
f 2061/2723/2061 3167/4697/3165 2062/2724/2062
f 2061/2723/2061 2060/2722/2060 2872/4053/2870
f 2061/2723/2061 2872/4053/2870 3167/4697/3165
f 2734/3777/2732 252/313/252 250/311/250
f 2734/3777/2732 2735/3778/2733 252/313/252
f 453/552/453 457/556/457 1264/3456/1264
f 461/562/461 2545/3458/2544 464/565/464
f 2923/4167/2921 3168/4698/3166 2924/4168/2922
f 2923/4167/2921 1352/3440/1352 3168/4698/3166
f 2923/4699/2921 2927/4665/2925 471/572/471
f 476/579/476 2554/4700/2553 477/580/477
f 476/579/476 907/1151/907 2554/4700/2553
f 1841/4701/1841 1902/3266/1902 2435/3265/2435
f 1841/4701/1841 2435/3265/2435 1842/3261/1842
f 485/594/485 483/592/483 1761/2305/1761
f 1500/1957/1500 3109/4556/3107 922/1175/922
f 1500/1957/1500 922/1175/922 921/1174/921
f 3111/4558/3109 1789/2342/1789 3049/4417/3047
f 3111/4558/3109 3049/4417/3047 492/4559/492
f 2198/2916/2198 1662/2170/1662 788/1001/788
f 2198/2916/2198 1663/2171/1663 1662/2170/1662
f 2199/2921/2199 1578/4702/1578 2200/2922/2200
f 2199/2921/2199 1579/3214/1579 1578/4702/1578
f 628/1318/628 1674/2182/1674 1032/1319/1032
f 628/798/628 630/797/630 1674/2544/1674
f 3169/4703/3167 2803/3928/2801 1041/1332/1041
f 3169/4703/3167 3170/4704/3168 3171/4705/3169
f 3169/4703/3167 2211/2940/2211 2745/4706/2743
f 3169/4703/3167 2745/4706/2743 3170/4704/3168
f 3169/4703/3167 1041/1332/1041 2211/2940/2211
f 3169/4703/3167 3171/4705/3169 2803/3928/2801
f 3114/4570/3112 3172/4707/3170 237/296/237
f 3114/4708/3112 1324/1703/1324 1326/1705/1326
f 3114/4570/3112 1326/4709/1326 3173/4710/3171
f 3114/4570/3112 3173/4710/3171 3172/4707/3170
f 1330/1710/1330 1332/1714/1332 1053/2681/1053
f 1061/1354/1061 1063/1357/1063 2422/4711/2422
f 1061/4712/1061 2422/4713/2422 2419/3238/2419
f 1061/4712/1061 2419/3238/2419 2751/4714/2749
f 3174/4715/3172 2463/3315/2463 836/1060/836
f 3174/4715/3172 836/1060/836 839/1063/839
f 3174/4715/3172 740/942/740 741/944/741
f 3174/4715/3172 741/944/741 2755/4365/2753
f 3174/4715/3172 839/1063/839 740/942/740
f 3174/4715/3172 2755/4365/2753 2463/3315/2463
f 1972/4716/1972 1976/4717/1976 3175/4718/3173
f 1972/4719/1972 3175/4720/3173 748/955/748
f 2759/4721/2757 2655/3624/2653 168/4722/168
f 2759/4723/2757 753/962/753 2655/4724/2653
f 2759/4723/2757 754/963/754 753/962/753
f 2484/3357/2484 214/270/214 213/269/213
f 2484/3357/2484 215/271/215 214/270/214
f 3054/4435/3052 3176/4725/3174 866/4726/866
f 3054/4432/3052 866/4727/866 1904/4299/1904
f 3054/4435/3052 2691/3692/2689 3176/4725/3174
f 3054/4432/3052 1904/4299/1904 2985/4298/2983
f 2314/3089/2314 2695/3703/2693 2315/3090/2315
f 2666/4728/2664 1574/2059/1574 2667/4729/2665
f 2666/4047/2664 2869/4045/2867 1574/2061/1574
f 3177/4730/3175 782/995/782 3178/4731/3176
f 3177/4730/3175 783/996/783 782/995/782
f 3177/4730/3175 3178/4731/3176 2774/3863/2772
f 3177/4730/3175 3179/4732/3177 783/996/783
f 2889/4733/2887 2701/3714/2699 3180/4734/3178
f 2889/4733/2887 3180/4734/3178 3181/4735/3179
f 2889/4089/2887 3181/4736/3179 2890/4090/2888
f 2062/2724/2062 3167/4697/3165 3182/4737/3180
f 2062/2724/2062 3183/4738/3181 2731/3771/2729
f 2062/2724/2062 3182/4737/3180 3184/4739/3182
f 2062/2724/2062 2731/3771/2729 2627/3573/2625
f 2062/2724/2062 3185/4740/3183 3183/4738/3181
f 2062/2724/2062 2627/3573/2625 2063/2725/2063
f 2062/2724/2062 3184/4739/3182 3185/4740/3183
f 1876/4741/1876 3186/4742/3184 3028/4743/3026
f 3187/4744/3185 2638/3593/2636 3188/4745/3186
f 2095/2768/2095 3189/4746/3187 2932/4182/2930
f 2095/2768/2095 2094/2767/2094 3189/4746/3187
f 2104/2783/2104 3190/4747/3188 420/517/420
f 2104/2783/2104 420/517/420 1861/4748/1861
f 2104/2783/2104 2103/2782/2103 3190/4747/3188
f 1069/1363/1069 2612/3554/2610 3191/4749/3189
f 1069/1363/1069 3191/4749/3189 1070/1364/1070
f 37/44/37 1359/4750/1359 1413/1829/1413
f 37/44/37 33/40/33 1359/4750/1359
f 1081/1378/1081 1080/1377/1080 656/4751/656
f 1081/1378/1081 751/958/751 1082/1379/1082
f 1081/1378/1081 656/4751/656 751/958/751
f 2896/4752/2894 1085/1385/1085 1419/1837/1419
f 2896/4753/2894 1418/1839/1418 662/834/662
f 2896/4111/2894 1464/1901/1464 1086/4754/1086
f 2896/4752/2894 1419/1837/1419 1418/1836/1418
f 2896/4111/2894 1966/2590/1966 1464/1901/1464
f 2896/4752/2894 1086/1386/1086 1085/1385/1085
f 1093/2138/1093 1637/2137/1637 1883/3049/1883
f 3082/4490/3080 3192/4755/3190 3083/4491/3081
f 3082/4490/3080 3193/4756/3191 3192/4755/3190
f 1222/1566/1222 2465/4085/2465 1747/2284/1747
f 2701/3714/2699 2702/3713/2700 3180/4734/3178
f 2633/3585/2631 894/1135/894 896/1137/896
f 2633/3585/2631 2460/3311/2460 894/1135/894
f 2633/3585/2631 369/451/369 2460/3311/2460
f 1583/2074/1583 900/1141/900 899/1140/899
f 1583/4757/1583 1584/4758/1584 2551/3464/2550
f 1583/4757/1583 2551/3464/2550 2550/3463/2549
f 1583/2074/1583 2550/3996/2549 900/1141/900
f 2641/4759/2639 2640/4760/2638 3194/4761/3192
f 3195/4762/3193 483/592/483 913/1166/913
f 3195/4762/3193 1761/2305/1761 483/592/483
f 3195/4762/3193 3196/4763/3194 1761/2305/1761
f 39/4764/39 41/4765/41 487/4766/487
f 39/4767/39 2964/4768/2962 40/4769/40
f 495/604/495 494/603/494 3197/4770/3195
f 495/4771/495 3198/4772/3196 496/1965/496
f 495/604/495 1614/2108/1614 3199/4773/3197
f 495/604/495 3199/4773/3197 3198/4774/3196
f 495/604/495 3197/4770/3195 1614/2108/1614
f 2276/3036/2276 3200/4775/3198 2564/3480/2563
f 2276/3037/2276 2088/2761/2088 3200/4776/3198
f 2276/3037/2276 2089/2762/2089 2088/2761/2088
f 1629/2123/1629 1630/2124/1630 2828/3975/2826
f 1629/2123/1629 2828/3975/2826 3165/4692/3163
f 2829/4777/2827 162/199/162 159/191/159
f 2829/4778/2827 423/3767/423 2728/3768/2726
f 2829/4777/2827 159/191/159 2830/4779/2828
f 2829/4780/2827 2728/4781/2726 162/196/162
f 426/521/426 2623/3569/2621 427/522/427
f 426/521/426 430/525/430 2072/2738/2072
f 3127/4596/3125 729/930/729 434/529/434
f 3127/4596/3125 434/529/434 3128/4597/3126
f 536/660/536 537/662/537 3201/4782/3199
f 536/4783/536 3202/4784/3200 440/537/440
f 536/4783/536 440/537/440 442/539/442
f 536/660/536 3201/4782/3199 3202/4785/3200
f 1656/2164/1656 1655/2163/1655 1821/2387/1821
f 2010/2650/2010 565/704/565 567/706/567
f 2010/2650/2010 567/706/567 2011/2651/2011
f 2010/2655/2010 2542/3451/2541 565/3450/565
f 2010/2655/2010 2008/2647/2008 2542/3451/2541
f 806/1025/806 2984/4295/2982 3113/4565/3111
f 806/1025/806 810/1034/810 2984/4295/2982
f 3091/4567/3089 1290/1653/1290 1291/1652/1291
f 3091/4508/3089 1687/2198/1687 128/154/128
f 3172/4707/3170 3173/4710/3171 721/925/721
f 3172/4707/3170 721/925/721 724/921/724
f 3172/4707/3170 238/297/238 237/296/237
f 3172/4707/3170 724/921/724 238/297/238
f 1992/2626/1992 1698/4786/1698 2994/4317/2992
f 1992/2626/1992 2994/4317/2992 143/175/143
f 1992/2626/1992 319/3523/319 1698/4786/1698
f 1357/1745/1357 1360/1748/1360 2590/3524/2589
f 1357/4787/1357 3203/4788/3201 1358/4789/1358
f 1357/4787/1357 326/399/326 3203/4788/3201
f 1357/4787/1357 2590/4790/2589 326/399/326
f 151/612/151 3204/4791/3202 155/4792/155
f 151/612/151 500/611/500 3204/4791/3202
f 502/3526/502 2230/2965/2230 503/4793/503
f 3205/4794/3203 2593/3529/2592 2804/3929/2802
f 3205/4795/3203 3206/4796/3204 2593/4797/2592
f 3205/4795/3203 2804/4798/2802 509/621/509
f 3205/4795/3203 506/618/506 3206/4796/3204
f 3205/4795/3203 509/621/509 506/618/506
f 520/637/520 280/350/280 278/348/278
f 2561/3477/2560 2014/2658/2014 1724/2250/1724
f 2561/3477/2560 1724/2250/1724 2987/4301/2985
f 2561/3477/2560 2402/3217/2402 2014/2658/2014
f 2561/3477/2560 2987/4301/2985 2562/3478/2561
f 531/655/531 1954/2570/1954 532/656/532
f 3116/4575/3114 537/662/537 2696/3704/2694
f 3116/4575/3114 1864/4799/1864 3201/4782/3199
f 3116/4575/3114 3117/4576/3115 1864/4799/1864
f 3116/4575/3114 3201/4782/3199 537/662/537
f 1736/4800/1736 2242/2983/2242 1298/2988/1298
f 1736/2267/1736 1295/4154/1295 1737/2268/1737
f 1736/4800/1736 1298/2988/1298 1295/4801/1295
f 1736/4800/1736 1739/3100/1739 2242/2983/2242
f 1449/1877/1449 1070/1364/1070 1450/1878/1450
f 321/394/321 1286/1644/1286 2616/3560/2614
f 321/394/321 324/397/324 1286/1644/1286
f 2167/2867/2167 2365/4802/2365 2168/2868/2168
f 1085/1385/1085 1087/1387/1087 2621/3567/2619
f 1085/1385/1085 2621/3567/2619 1419/1837/1419
f 2789/3900/2787 963/1232/963 2918/4160/2916
f 2789/3900/2787 670/848/670 2146/2842/2146
f 2789/3900/2787 2918/4160/2916 670/848/670
f 2121/4803/2121 2122/4804/2122 3148/4656/3146
f 2121/4803/2121 3148/4656/3146 2625/4655/2623
f 2123/2809/2123 2733/3774/2731 2124/2810/2124
f 1106/1412/1106 2817/3951/2815 2159/2858/2159
f 1106/1412/1106 1281/1635/1281 1107/1413/1107
f 1106/1412/1106 1109/1415/1109 2817/3951/2815
f 2190/2901/2190 2877/4066/2875 3207/4805/3205
f 2190/2901/2190 3207/4805/3205 2191/2902/2191
f 2925/4169/2923 3208/4806/3206 2926/4170/2924
f 2925/4169/2923 1275/1629/1275 1274/1628/1274
f 2925/4169/2923 2924/4168/2922 1275/1629/1275
f 2925/4169/2923 1274/1628/1274 3208/4806/3206
f 2928/4172/2926 477/580/477 1491/4807/1491
f 2928/4172/2926 1491/4807/1491 1283/4808/1283
f 2928/4172/2926 1282/4809/1282 2929/4173/2927
f 2928/4172/2926 1283/4808/1283 1282/4809/1282
f 3162/4685/3160 3209/4810/3207 3163/4686/3161
f 3162/4685/3160 3210/4811/3208 3209/4810/3207
f 3162/4685/3160 811/4688/811 3210/4811/3208
f 1236/1586/1236 2825/3972/2823 59/66/59
f 1236/1586/1236 1235/1585/1235 3001/4326/2999
f 1236/1586/1236 3001/4326/2999 2825/3972/2823
f 627/796/627 1938/2545/1938 630/797/630
f 2562/4812/2561 1505/1967/1505 2563/4813/2562
f 738/943/738 740/942/740 1511/1976/1511
f 738/943/738 1511/1976/1511 984/1977/984
f 1644/4814/1644 3211/4815/3209 2683/4816/2681
f 1644/2149/1644 1643/2148/1643 3211/4817/3209
f 752/959/752 166/4818/166 753/960/753
f 752/959/752 2760/4819/2758 2758/4820/2756
f 752/959/752 751/958/751 2760/4819/2758
f 752/959/752 2758/4820/2756 166/4818/166
f 2126/2815/2126 2125/2812/2125 2763/3850/2761
f 2126/4821/2126 2763/3835/2761 2788/3897/2786
f 2126/4821/2126 2788/3897/2786 2310/4822/2310
f 3212/4823/3210 1175/1500/1175 1172/1497/1172
f 3212/4824/3210 1172/4825/1172 2844/4000/2842
f 3212/4824/3210 2844/4000/2842 1534/2002/1534
f 2110/3856/2110 3018/4354/3016 3213/4826/3211
f 2110/3856/2110 3213/4826/3211 2772/3857/2770
f 2016/4013/2016 353/430/353 352/429/352
f 2016/2660/2016 352/4827/352 2017/2661/2017
f 1553/2024/1553 1847/2425/1847 357/436/357
f 1553/2024/1553 3124/4592/3122 1847/2425/1847
f 2337/3124/2337 3214/4828/3212 989/3125/989
f 2337/3124/2337 3215/4829/3213 3214/4828/3212
f 2337/3124/2337 2953/4830/2951 3215/4829/3213
f 1563/4831/1563 1565/4832/1565 3171/4705/3169
f 1563/2044/1563 3171/4833/3169 712/903/712
f 2342/3135/2342 3098/4529/3096 2680/3665/2678
f 2342/3135/2342 2680/3665/2678 2343/3136/2343
f 1744/2280/1744 3216/4834/3214 1394/1796/1394
f 1744/4835/1744 1394/3667/1394 1570/2055/1570
f 1744/4835/1744 1570/2055/1570 12/18/12
f 1744/2280/1744 1745/2278/1745 3216/4834/3214
f 1744/2277/1744 12/16/12 11/15/11
f 1572/2057/1572 1573/2058/1573 2753/3820/2751
f 1572/4534/1572 2838/3990/2836 2837/3989/2835
f 1572/2057/1572 2753/3820/2751 2838/4836/2836
f 1232/1583/1232 1231/1579/1231 3076/4837/3074
f 3078/4477/3076 3035/4386/3033 3217/4838/3215
f 3078/4477/3076 1555/2027/1555 3035/4386/3033
f 3218/4839/3216 3219/4840/3217 1182/1510/1182
f 3218/4839/3216 2206/2931/2206 3219/4840/3217
f 3218/4839/3216 194/241/194 2207/2932/2207
f 3218/4839/3216 195/242/195 194/241/194
f 3218/4839/3216 2207/2932/2207 2206/2931/2206
f 3218/4839/3216 1182/1510/1182 195/242/195
f 2645/3679/2643 2779/3882/2777 2684/3680/2682
f 1781/2330/1781 1780/2329/1780 3057/4440/3055
f 2836/3988/2834 383/466/383 382/465/382
f 3220/4841/3218 2418/3237/2418 3014/4348/3012
f 3220/4841/3218 2752/4842/2750 2751/4714/2749
f 3220/4843/3218 3080/4486/3078 2839/3991/2837
f 3220/4843/3218 2839/3991/2837 2752/4844/2750
f 3220/4841/3218 3014/4348/3012 3080/4488/3078
f 3220/4841/3218 2751/4714/2749 2418/3237/2418
f 4/4/4 7/3052/7 5/5/5
f 744/950/744 2815/3947/2813 2719/3748/2717
f 744/950/744 2719/3748/2717 745/951/745
f 946/1208/946 2025/2755/2025 2080/2750/2080
f 946/1208/946 2026/4642/2026 2025/2755/2025
f 1667/2175/1667 2431/4845/2431 2086/2759/2086
f 1667/2175/1667 796/1014/796 2431/4845/2431
f 1667/2175/1667 2086/2759/2086 1668/2176/1668
f 1667/2175/1667 797/1015/797 796/1014/796
f 1902/4178/1902 1597/4099/1597 1595/4846/1595
f 1601/4847/1601 3221/4848/3219 2486/3358/2486
f 1601/3956/1601 2486/3361/2486 2488/3360/2488
f 1601/4847/1601 1603/4849/1603 3221/4848/3219
f 782/995/782 784/997/784 3178/4731/3176
f 154/186/154 1110/2998/1110 2248/2997/2248
f 154/4850/154 1111/4851/1111 1110/4852/1110
f 154/186/154 2248/2997/2248 599/749/599
f 3098/4529/3096 162/196/162 3222/4853/3220
f 3098/4529/3096 3222/4853/3220 2680/3665/2678
f 991/3281/991 1163/1487/1163 992/1485/992
f 172/209/172 938/1886/938 2591/3525/2590
f 172/209/172 2591/3525/2590 173/210/173
f 172/209/172 3223/4854/3221 938/1886/938
f 2980/4855/2978 3202/4784/3200 3201/4856/3199
f 2980/4285/2978 2833/4284/2831 1174/1499/1174
f 2980/4855/2978 975/1245/975 974/1244/974
f 2980/4285/2978 1174/1499/1174 975/3287/975
f 2980/4857/2978 3201/4782/3199 1864/4799/1864
f 2980/4855/2978 974/1244/974 3202/4784/3200
f 3219/4840/3217 2206/2931/2206 2204/2933/2204
f 3219/4840/3217 2204/2933/2204 2704/3720/2702
f 3219/4840/3217 3224/4858/3222 1182/1510/1182
f 3219/4840/3217 2704/3720/2702 3224/4858/3222
f 1188/1517/1188 2676/3661/2674 1189/1518/1189
f 1948/2560/1948 2782/3886/2780 762/977/762
f 108/124/108 3069/4465/3067 109/125/109
f 2469/3326/2469 2668/3643/2666 2470/3327/2470
f 121/4467/121 857/3211/857 860/4859/860
f 121/4467/121 1580/2068/1580 857/3211/857
f 121/4467/121 1581/2069/1581 1580/2068/1580
f 121/139/121 860/4860/860 122/140/122
f 3225/4861/3223 2800/3923/2798 2801/3926/2799
f 3225/4861/3223 1980/2610/1980 3226/4862/3224
f 3225/4861/3223 3226/4862/3224 2800/3923/2798
f 2959/4863/2957 2802/3927/2800 148/180/148
f 2959/4232/2957 147/4864/147 2960/4233/2958
f 2959/4863/2957 148/180/148 147/179/147
f 1384/4865/1384 3227/4866/3225 3228/4867/3226
f 3167/4697/3165 2872/4053/2870 3182/4737/3180
f 3229/4868/3227 2597/3534/2596 2600/3537/2598
f 3229/4869/3227 252/313/252 2735/3778/2733
f 3229/4869/3227 2735/3778/2733 2688/4870/2686
f 3229/4868/3227 2600/3537/2598 252/4871/252
f 3229/4868/3227 2688/4872/2686 2597/3534/2596
f 1395/1797/1395 1394/1796/1394 3230/4873/3228
f 1395/1797/1395 3230/4873/3228 3231/4874/3229
f 1395/1797/1395 3231/4874/3229 1745/2278/1745
f 3232/4875/3230 3233/4876/3231 3234/4877/3232
f 3232/4875/3230 3234/4877/3232 3159/4878/3157
f 2169/2870/2169 3134/4879/3132 2437/3270/2437
f 2169/2870/2169 2168/2874/2168 3134/4879/3132
f 2169/2870/2169 2739/4510/2737 2170/2871/2170
f 2169/2870/2169 2437/3270/2437 2739/4510/2737
f 2997/4322/2995 3235/4880/3233 1754/2292/1754
f 2997/4322/2995 1753/2291/1753 2244/2987/2244
f 2997/4322/2995 2244/2987/2244 2243/2986/2243
f 2997/4322/2995 2177/2880/2177 3235/4880/3233
f 2997/4322/2995 1754/2292/1754 1753/2291/1753
f 3236/4881/3234 2767/3848/2765 216/272/216
f 3236/4882/3234 3237/4883/3235 3238/4884/3236
f 3236/4882/3234 3238/4884/3236 2767/3843/2765
f 3236/4881/3234 3221/4848/3219 1603/4849/1603
f 3236/4882/3234 1602/2096/1602 3237/4883/3235
f 3236/4882/3234 1603/2097/1603 1602/2096/1602
f 3236/4881/3234 216/272/216 3221/4848/3219
f 1771/2316/1771 219/275/219 2394/3203/2394
f 1771/2316/1771 1766/2318/1766 220/276/220
f 1771/2316/1771 220/276/220 219/275/219
f 2683/4885/2681 3211/4817/3209 2210/4886/2210
f 2683/4887/2681 2210/2937/2210 342/4888/342
f 233/292/233 232/288/232 1466/1903/1466
f 233/290/233 1469/1909/1469 234/291/234
f 1472/1913/1472 676/858/676 673/852/673
f 3239/4889/3237 2791/4117/2789 439/535/439
f 3239/4889/3237 439/535/439 3240/4890/3238
f 2873/4055/2871 2421/3241/2421 2417/3235/2417
f 2873/4059/2871 2555/3469/2554 3012/4891/3010
f 351/428/351 3241/4892/3239 2503/3386/2503
f 351/4893/351 348/4894/348 3241/4895/3239
f 3242/4896/3240 3015/4349/3013 3243/4897/3241
f 3242/4896/3240 3244/4898/3242 3016/4350/3014
f 3242/4896/3240 3245/4899/3243 3246/4900/3244
f 3242/4896/3240 3016/4350/3014 3015/4349/3013
f 3242/4896/3240 3243/4897/3241 3245/4899/3243
f 3242/4896/3240 3246/4900/3244 3244/4898/3242
f 412/504/412 1309/1681/1309 413/505/413
f 412/4901/412 415/4388/415 3037/4389/3035
f 412/4901/412 3037/4389/3035 3247/4902/3245
f 412/4901/412 3247/4902/3245 1309/4903/1309
f 365/449/365 544/674/544 2458/3309/2458
f 365/449/365 2458/3309/2458 368/450/368
f 2729/3769/2727 2974/4266/2972 2977/4269/2975
f 2729/3769/2727 372/455/372 1636/2135/1636
f 2729/3769/2727 2730/3770/2728 2974/4266/2972
f 2729/3769/2727 2977/4269/2975 372/455/372
f 2520/3416/2519 3039/4396/3037 1217/1558/1217
f 2520/3416/2519 2519/3415/2518 3039/4396/3037
f 2520/3416/2519 1217/1558/1217 844/1068/844
f 2524/3423/2523 2308/4904/2308 1926/4905/1926
f 2524/3423/2523 1926/4905/1926 1925/3424/1925
f 2524/3423/2523 2309/4371/2309 2308/4904/2308
f 390/475/390 1718/2242/1718 391/476/391
f 390/475/390 1338/3427/1338 1335/4027/1335
f 2529/4278/2528 2530/4906/2529 2841/3993/2839
f 323/396/323 326/399/326 2590/4790/2589
f 3086/4496/3084 2737/3790/2735 2538/3445/2537
f 3086/4496/3084 3160/4681/3158 3087/4497/3085
f 771/984/771 3244/4907/3242 3246/4908/3244
f 771/984/771 768/981/768 3244/4907/3242
f 771/984/771 3246/4908/3244 1795/2353/1795
f 771/984/771 1795/2353/1795 2770/3854/2768
f 878/1111/878 879/1112/879 337/410/337
f 784/997/784 3248/4909/3246 3178/4731/3176
f 2649/3610/2647 2840/3992/2838 3141/4910/3139
f 2649/3610/2647 3141/4910/3139 2650/3611/2648
f 2649/3610/2647 2648/3609/2646 2840/3992/2838
f 658/829/658 2653/3617/2651 659/830/659
f 140/170/140 2525/3425/2524 141/171/141
f 140/4911/140 138/1407/138 993/4515/993
f 140/170/140 992/1262/992 3025/4368/3023
f 140/170/140 3025/4368/3023 2525/3425/2524
f 1704/2216/1704 3203/4788/3201 1705/2217/1705
f 1704/2216/1704 3249/4912/3247 1358/4789/1358
f 1704/2216/1704 1706/2219/1706 3249/4912/3247
f 1704/2216/1704 1358/4789/1358 3203/4788/3201
f 2913/4150/2911 110/4149/110 3250/4913/3248
f 2913/4150/2911 3250/4913/3248 1010/1288/1010
f 2913/4150/2911 1009/1287/1009 2236/4914/2236
f 2913/4150/2911 1010/1288/1010 1009/1287/1009
f 537/662/537 538/663/538 2696/3704/2694
f 444/542/444 3051/4915/3049 445/543/445
f 444/3335/444 2475/3341/2475 21/26/21
f 444/542/444 447/545/447 2473/4916/2473
f 444/4917/444 21/4918/21 3051/4423/3049
f 3251/4919/3249 3087/4502/3085 3160/4920/3158
f 3251/4919/3249 3252/4921/3250 3087/4502/3085
f 3251/4919/3249 3160/4920/3158 3033/4382/3031
f 3251/4919/3249 3253/4922/3251 3252/4921/3250
f 3251/4919/3249 3033/4382/3031 3253/4922/3251
f 188/3804/188 2742/3803/2740 2003/4923/2003
f 2803/3928/2801 2632/4924/2630 1484/1929/1484
f 2803/3928/2801 3171/4705/3169 2632/4924/2630
f 2213/2944/2213 719/913/719 2214/2945/2214
f 2213/2944/2213 1569/4925/1569 719/913/719
f 2213/2944/2213 163/200/163 161/194/161
f 2213/2944/2213 161/194/161 1569/4925/1569
f 3101/4532/3099 3100/4531/3098 1055/1346/1055
f 3101/4532/3099 1055/1346/1055 1054/1345/1054
f 1573/2058/1573 2221/2952/2221 2753/3820/2751
f 1407/1816/1407 2612/3554/2610 1408/1817/1408
f 1407/1816/1407 3191/4749/3189 2612/3554/2610
f 1407/1816/1407 1450/1878/1450 3191/4749/3189
f 1407/1816/1407 1410/1821/1410 398/1879/398
f 1359/4926/1359 3249/4912/3247 1413/4927/1413
f 1359/4926/1359 1358/4789/1358 3249/4912/3247
f 1418/1839/1418 661/835/661 662/834/662
f 3183/4738/3181 3185/4740/3183 2120/2804/2120
f 3183/4738/3181 2120/2804/2120 2731/3771/2729
f 2471/3333/2471 1475/4928/1475 2916/4929/2914
f 2471/3333/2471 1476/3332/1476 1475/4928/1475
f 20/4667/20 3051/4423/3049 21/4918/21
f 20/4667/20 23/4930/23 1105/1411/1105
f 1110/2990/1110 178/4931/178 2246/2991/2246
f 3254/4932/3252 3255/4933/3253 2201/2923/2201
f 3254/4932/3252 2200/2922/2200 1577/4934/1577
f 3254/4932/3252 2201/2923/2201 2200/2922/2200
f 3254/4932/3252 1577/4934/1577 3255/4933/3253
f 2883/4076/2881 610/4075/610 3132/4935/3130
f 2883/4604/2881 1097/1398/1097 1121/4936/1121
f 733/934/733 2021/3392/2021 734/935/734
f 733/934/733 1124/1434/1124 2505/3393/2505
f 733/934/733 732/933/732 1126/1437/1126
f 733/934/733 2505/3393/2505 2021/3392/2021
f 61/69/61 2139/2835/2139 62/70/62
f 2481/3347/2481 2603/4937/2601 2317/3094/2317
f 2481/3347/2481 2979/4276/2977 2603/4937/2601
f 2481/3347/2481 417/509/417 2979/4276/2977
f 2481/3347/2481 2317/3094/2317 2098/2773/2098
f 496/1965/496 3198/4772/3196 1504/1966/1504
f 2578/3500/2577 2949/4215/2947 2961/4601/2959
f 2578/3500/2577 2797/3912/2795 2579/3501/2578
f 3130/4602/3128 2995/4938/2993 1898/4939/1898
f 3130/4602/3128 3131/4603/3129 2995/4938/2993
f 3130/4602/3128 1898/4939/1898 2333/3120/2333
f 616/780/616 1291/1652/1291 618/781/618
f 616/780/616 2128/4228/2128 2956/4229/2954
f 616/780/616 2956/4229/2954 1291/1652/1291
f 818/1042/818 722/918/722 1568/2052/1568
f 373/456/373 2976/4268/2974 374/457/374
f 373/456/373 372/455/372 2977/4269/2975
f 373/456/373 2977/4269/2975 2976/4268/2974
f 2853/4019/2851 2685/3685/2683 2686/3684/2684
f 2853/4019/2851 1325/4020/1325 2685/3685/2683
f 2853/4019/2851 2183/2891/2183 1712/2229/1712
f 2853/4019/2851 2686/3684/2684 2183/2891/2183
f 1714/2231/1714 2804/3929/2802 2593/3529/2592
f 2595/3532/2594 2807/3932/2805 2596/3533/2595
f 3176/4725/3174 2691/3692/2689 2690/3691/2688
f 3176/4725/3174 867/4940/867 866/4726/866
f 2315/3090/2315 3256/4941/3254 873/4942/873
f 2315/3090/2315 2695/3703/2693 2451/4943/2451
f 2315/3090/2315 2451/4943/2451 3256/4941/3254
f 2603/3543/2601 2605/3545/2603 2317/3095/2317
f 2603/4937/2601 2979/4276/2977 2604/4277/2602
f 1738/2269/1738 2322/3103/2322 1739/2270/1739
f 1264/3456/1264 457/556/457 1265/4944/1265
f 2383/3184/2383 2382/3183/2382 2491/3366/2491
f 315/388/315 318/391/318 2635/3589/2633
f 3120/4579/3118 1492/1946/1492 1493/1945/1493
f 3120/4945/3118 2777/3872/2775 1492/3871/1492
f 909/1164/909 912/1163/912 3257/4946/3255
f 909/1164/909 3257/4946/3255 2465/4947/2465
f 623/3601/623 2932/4182/2930 2642/3602/2640
f 2013/2657/2013 227/283/227 226/282/226
f 2013/2657/2013 2014/2658/2014 2402/3217/2402
f 2013/2657/2013 2402/3217/2402 227/283/227
f 3154/4668/3152 3200/4948/3198 3258/4949/3256
f 3154/4668/3152 2564/3481/2563 3200/4948/3198
f 3154/4668/3152 3258/4949/3256 1619/2113/1619
f 407/494/407 409/499/409 2137/2831/2137
f 407/494/407 2137/2831/2137 2566/3483/2565
f 3166/4693/3164 3165/4692/3163 3125/4593/3123
f 3166/4950/3164 2569/3492/2568 1521/4951/1521
f 3166/4952/3164 3125/4594/3123 1628/2129/1628
f 3166/4952/3164 1628/2129/1628 2569/3489/2568
f 667/843/667 1379/4953/1379 668/844/668
f 667/843/667 257/319/257 1379/4953/1379
f 667/843/667 258/320/258 257/319/257
f 667/843/667 666/842/666 258/320/258
f 3192/4954/3190 3193/4955/3191 2410/4956/2410
f 1789/2346/1789 1791/2345/1791 2398/3207/2398
f 1789/2342/1789 2398/3455/2398 3049/4417/3047
f 538/663/538 1310/1678/1310 2696/3704/2694
f 545/676/545 2512/3404/2512 24/29/24
f 545/676/545 546/678/546 122/140/122
f 545/676/545 122/140/122 2512/3404/2512
f 2515/4957/2514 2516/4958/2515 1249/1599/1249
f 2515/3409/2514 1044/2904/1044 2191/2902/2191
f 2515/4959/2514 1045/1336/1045 1044/1335/1044
f 2515/4959/2514 1249/4332/1249 1045/1336/1045
f 1050/3419/1050 1051/4960/1051 2521/3420/2520
f 584/732/584 583/729/583 1921/2522/1921
f 584/732/584 1921/2522/1921 2920/4961/2918
f 584/731/584 2920/4164/2918 85/97/85
f 404/497/404 2657/3627/2655 408/498/408
f 404/497/404 2485/3628/2485 2657/3627/2655
f 404/490/404 2487/3359/2487 2485/3355/2485
f 404/490/404 2721/3757/2719 2487/3359/2487
f 1998/2634/1998 3142/4638/3140 2846/4962/2844
f 1998/2634/1998 2846/4962/2844 1999/2635/1999
f 2003/4923/2003 2331/3118/2331 3259/4963/3257
f 2003/4923/2003 2742/3803/2740 2331/3118/2331
f 2003/2641/2003 3259/4964/3257 2810/3936/2808
f 1367/1764/1367 2009/2653/2009 3260/4965/3258
f 1367/1764/1367 3260/4965/3258 1368/1765/1368
f 1373/1770/1373 1616/4582/1616 1852/2434/1852
f 2070/2735/2070 1805/2368/1805 2936/4190/2934
f 2074/2746/2074 2076/2745/2076 3228/4867/3226
f 2074/4966/2074 3227/4967/3225 3261/4968/3259
f 2074/4966/2074 3261/4968/3259 2075/3323/2075
f 2074/2746/2074 3228/4867/3226 3227/4866/3225
f 2024/2668/2024 2028/2672/2028 2816/3948/2814
f 22/27/22 24/29/24 2512/3404/2512
f 3189/4746/3187 3262/4969/3260 2932/4182/2930
f 3189/4746/3187 2094/2767/2094 2479/3345/2479
f 3189/4746/3187 2479/3345/2479 3262/4969/3260
f 414/506/414 2948/4209/2946 415/507/415
f 2949/4970/2947 2326/3108/2326 1411/3111/1411
f 2949/4971/2947 1759/2302/1759 2961/4972/2959
f 2949/4971/2947 1066/1820/1066 1759/2302/1759
f 2949/4971/2947 1411/1822/1411 1066/1820/1066
f 2558/3473/2557 2963/4238/2961 2559/3474/2558
f 65/75/65 3005/4330/3003 3263/4973/3261
f 65/75/65 3263/4973/3261 66/76/66
f 455/554/455 232/288/232 456/555/456
f 1444/1870/1444 2971/4260/2969 1445/1871/1445
f 2390/3198/2390 1151/4974/1151 3027/4372/3025
f 2764/3838/2762 2766/4975/2764 3264/4976/3262
f 2764/3838/2762 3264/4976/3262 310/383/310
f 2764/3838/2762 310/383/310 2765/3839/2763
f 1160/4977/1160 2526/3426/2525 1928/4978/1928
f 1160/1481/1160 1928/2530/1928 1161/1482/1161
f 1160/4977/1160 1164/4132/1164 2526/3426/2525
f 1173/1498/1173 975/3287/975 1174/1499/1174
f 1173/1498/1173 1176/1501/1176 971/3286/971
f 3265/4979/3263 1497/1953/1497 2264/3022/2264
f 3265/4979/3263 2264/3022/2264 2662/3635/2660
f 2541/3448/2540 2269/3027/2269 1143/1460/1143
f 3065/4458/3063 2145/2841/2145 2850/4009/2848
f 765/978/765 762/977/762 3095/4524/3093
f 1731/2258/1731 359/439/359 357/436/357
f 1731/2258/1731 1732/2259/1732 359/439/359
f 3266/4980/3264 2866/4041/2864 1959/2580/1959
f 3266/4980/3264 1959/2580/1959 1960/2582/1960
f 1205/1546/1205 2281/3044/2281 2280/3043/2280
f 1205/1546/1205 1206/1547/1206 2281/3044/2281
f 2288/4115/2288 2290/4981/2290 3267/4982/3265
f 2288/4115/2288 3267/4982/3265 3070/4468/3068
f 2800/3923/2798 3226/4862/3224 3133/4606/3131
f 3074/4472/3072 999/1272/999 1001/1275/1001
f 3074/4472/3072 1984/2615/1984 999/1272/999
f 3074/4472/3072 1001/1275/1001 1337/1719/1337
f 3268/4983/3266 1409/4984/1409 3146/4985/3144
f 3268/4986/3266 3146/4987/3144 2842/3994/2840
f 3268/4983/3266 208/4988/208 1409/4984/1409
f 3268/4983/3266 2530/3431/2529 209/266/209
f 3268/4986/3266 2842/3994/2840 2530/4906/2529
f 3268/4983/3266 209/266/209 208/4988/208
f 2766/3841/2764 2767/3843/2765 3238/4884/3236
f 2766/3841/2764 3238/4884/3236 3264/4989/3262
f 1240/1590/1240 1034/1324/1034 1241/1591/1241
f 1240/1590/1240 1035/1325/1035 1034/1324/1034
f 2185/2894/2185 1860/2447/1860 2304/4331/2304
f 2185/2894/2185 2780/3883/2778 1860/2447/1860
f 2185/2894/2185 2187/2898/2187 2780/3883/2778
f 2516/3413/2515 2408/3224/2408 1778/4437/1778
f 2516/4958/2515 1778/2327/1778 1250/1600/1250
f 2516/4958/2515 1250/1600/1250 1249/1599/1249
f 2055/2713/2055 2056/2715/2056 2968/4251/2966
f 2055/2713/2055 2968/4251/2966 3269/4990/3267
f 2055/2713/2055 3269/4990/3267 1256/2714/1256
f 3270/4991/3268 2877/4067/2875 2876/4065/2874
f 3270/4991/3268 2876/4065/2874 3271/4992/3269
f 3270/4991/3268 3272/4993/3270 2877/4067/2875
f 263/327/263 3139/4627/3137 2882/4072/2880
f 263/327/263 267/332/267 3139/4627/3137
f 2425/4994/2425 2152/3949/2152 2816/3948/2814
f 2425/4994/2425 2816/3948/2814 2426/4494/2426
f 2425/4995/2425 2153/2850/2153 2152/2849/2152
f 3088/4499/3086 1303/1669/1303 3273/4996/3271
f 3088/4499/3086 3090/4503/3088 1303/1669/1303
f 3088/4499/3086 3273/4996/3271 3089/4500/3087
f 2616/3560/2614 36/43/36 2617/3561/2615
f 2616/3560/2614 1286/1644/1286 36/43/36
f 783/996/783 306/378/306 305/377/305
f 783/996/783 3179/4732/3177 306/378/306
f 1149/4030/1149 2039/2691/2039 1150/4997/1150
f 2911/4144/2909 3053/4431/3051 2862/4034/2860
f 918/1171/918 2044/2697/2044 919/1172/919
f 245/2334/245 3072/4470/3070 3274/4998/3272
f 245/305/245 243/308/243 3275/4999/3273
f 245/2334/245 3274/4998/3272 1475/5000/1475
f 3276/5001/3274 2517/3411/2516 3207/4805/3205
f 3276/5001/3274 2573/5002/2572 2517/3411/2516
f 3276/5003/3274 3207/5004/3205 3272/4993/3270
f 279/349/279 1283/1639/1283 1491/1942/1491
f 286/356/286 2162/2861/2162 2434/3264/2434
f 2887/4080/2885 300/370/300 301/371/301
f 2887/4080/2885 1869/4084/1869 3117/5005/3115
f 2887/4080/2885 3117/5005/3115 300/370/300
f 2887/4080/2885 301/371/301 1747/2284/1747
f 2888/5006/2886 3190/4747/3188 1912/5007/1912
f 2888/4088/2886 3052/4428/3050 424/5008/424
f 2888/4088/2886 1751/2289/1751 3052/4428/3050
f 2888/5006/2886 424/518/424 3190/4747/3188
f 1830/2399/1830 1431/1852/1431 464/565/464
f 1830/2399/1830 464/565/464 3119/4578/3117
f 1830/2399/1830 3119/4578/3117 1988/2621/1988
f 470/571/470 469/570/469 1993/3277/1993
f 470/571/470 1833/5009/1833 471/572/471
f 1360/1748/1360 173/210/173 2590/3524/2589
f 1360/1748/1360 174/211/174 173/210/173
f 1360/1748/1360 1362/1750/1362 174/211/174
f 2945/4204/2943 2947/4207/2945 2982/5010/2980
f 799/1018/799 566/708/566 800/1019/800
f 808/1028/808 229/285/229 809/1029/809
f 808/1033/808 807/1032/807 1613/2107/1613
f 808/1033/808 1613/2107/1613 1612/2106/1612
f 356/435/356 1554/2028/1554 357/436/357
f 356/433/356 3035/4386/3033 1554/2026/1554
f 2454/3306/2454 1199/1538/1199 2725/5011/2723
f 2454/5012/2454 2725/3763/2723 3004/5013/3002
f 2454/3304/2454 3004/4329/3002 3003/4328/3001
f 1211/1552/1211 2936/4190/2934 1805/2368/1805
f 1211/1552/1211 1210/1551/1210 2936/4190/2934
f 841/1065/841 844/1068/844 1217/1558/1217
f 2585/5014/2584 2915/5015/2913 3073/4471/3071
f 2585/5014/2584 3073/4471/3071 2260/3012/2260
f 2585/5014/2584 2260/3012/2260 2259/3011/2259
f 2585/5016/2584 2588/4157/2587 2915/4156/2913
f 1379/1780/1379 1378/1775/1378 2898/4113/2896
f 1379/1780/1379 2898/4113/2896 668/849/668
f 3151/4659/3149 3277/5017/3275 3152/4660/3150
f 2817/3951/2815 2432/3258/2432 2159/2858/2159
f 2171/3162/2171 43/50/43 42/49/42
f 2171/3162/2171 2170/5018/2170 43/50/43
f 3278/5019/3276 1404/5020/1404 3199/4773/3197
f 3278/5019/3276 3199/4773/3197 1611/2105/1611
f 3200/4776/3198 2088/2761/2088 3258/5021/3256
f 1599/2093/1599 2934/4184/2932 1602/2096/1602
f 2830/4779/2828 1711/2228/1711 2304/3074/2304
f 2830/4779/2828 159/191/159 1711/2228/1711
f 2830/3980/2828 2304/4331/2304 1860/2447/1860
f 1867/2454/1867 1866/2453/1866 2832/3982/2830
f 2672/3654/2670 2834/5022/2832 1028/3655/1028
f 2672/5023/2670 2634/3587/2632 2834/3985/2832
f 2672/5024/2670 2675/3782/2673 2634/3586/2632
f 1439/1864/1439 1514/5025/1514 1516/5026/1516
f 1439/1864/1439 3279/5027/3277 1440/1865/1440
f 1439/1864/1439 1516/5026/1516 3280/5028/3278
f 1439/1864/1439 3280/5028/3278 3279/5027/3277
f 1439/1864/1439 1438/1863/1438 1514/5025/1514
f 1587/2081/1587 1445/1871/1445 1589/2083/1589
f 3241/4895/3239 2783/3890/2781 2503/5029/2503
f 1952/2573/1952 2453/3301/2453 2452/3300/2452
f 112/3916/112 1199/1538/1199 1200/1541/1200
f 112/3916/112 115/5030/115 1199/1538/1199
f 112/3916/112 1200/1541/1200 2108/2790/2108
f 2698/3707/2696 2699/3709/2697 2114/2796/2114
f 3147/5031/3145 2711/3733/2709 2710/3732/2708
f 134/158/134 3267/4982/3265 2122/2807/2122
f 134/158/134 2799/3921/2797 3267/4982/3265
f 999/1272/999 1984/2615/1984 1983/2614/1983
f 156/188/156 155/187/155 2225/2956/2225
f 1635/4447/1635 2533/3436/2532 3281/5032/3279
f 507/619/507 509/621/509 2133/2822/2133
f 2253/3003/2253 2257/3007/2257 2808/5033/2806
f 1428/1849/1428 1425/1846/1425 2809/5034/2807
f 1428/2834/1428 2809/5035/2807 863/1096/863
f 63/72/63 1434/1856/1434 1433/1855/1433
f 63/72/63 62/70/62 2002/2640/2002
f 63/72/63 2002/2640/2002 1434/1856/1434
f 1368/1765/1368 3260/4965/3258 1941/2549/1941
f 1368/1765/1368 1941/2549/1941 1938/2545/1938
f 2912/4146/2910 3282/5036/3280 1949/2558/1949
f 890/1127/890 2247/2993/2247 891/1128/891
f 890/1127/890 598/752/598 2247/2993/2247
f 890/1132/890 893/1131/893 598/747/598
f 2250/4096/2250 3039/4396/3037 1808/5037/1808
f 1261/1615/1261 251/312/251 253/314/253
f 1261/1615/1261 3283/5038/3281 2258/3008/2258
f 1261/1615/1261 253/314/253 3283/5038/3281
f 2637/5039/2635 3209/5040/3207 3210/5041/3208
f 2637/3592/2635 3210/5042/3208 2638/3593/2636
f 1136/1450/1136 2825/3972/2823 621/786/621
f 1502/3876/1502 2207/2932/2207 3284/5043/3282
f 1502/1961/1502 3284/5044/3282 1503/1962/1503
f 1504/1966/1504 2270/3028/2270 2401/3218/2401
f 1504/1966/1504 3198/4772/3196 2270/3028/2270
f 1504/1966/1504 2563/4813/2562 1505/1967/1505
f 1504/1966/1504 2401/3218/2401 2563/4813/2562
f 101/117/101 2450/3297/2450 2894/4108/2892
f 101/117/101 2894/4108/2892 3089/5045/3087
f 101/117/101 3089/5045/3087 102/118/102
f 3107/4547/3105 3106/4546/3104 3285/5046/3283
f 3107/4547/3105 3285/5046/3283 649/5047/649
f 857/3211/857 1580/2068/1580 2399/3212/2399
f 2715/5048/2713 2716/5049/2714 1976/5050/1976
f 1481/4058/1481 2417/3235/2417 2577/3499/2576
f 1481/4058/1481 523/643/523 522/5051/522
f 1481/4058/1481 2577/3499/2576 523/643/523
f 2902/4122/2900 2327/3799/2327 2326/4216/2326
f 2902/4122/2900 2903/4123/2901 2741/3800/2739
f 2902/4122/2900 2741/3800/2739 2327/3799/2327
f 2331/3118/2331 2742/3803/2740 2334/3121/2334
f 2331/3118/2331 1366/1762/1366 3259/4963/3257
f 2267/5052/2267 2268/5053/2268 3286/5054/3284
f 2267/5052/2267 3286/5054/3284 563/707/563
f 705/893/705 2881/4528/2879 706/894/706
f 705/893/705 709/899/709 3097/4527/3095
f 713/904/713 3257/5055/3255 714/905/714
f 713/904/713 717/910/717 1868/4082/1868
f 713/904/713 2465/4086/2465 3257/5055/3255
f 1323/1702/1323 3173/5056/3171 1326/1705/1326
f 1323/1702/1323 2214/2945/2214 3173/5056/3171
f 2526/3426/2525 1925/3424/1925 1928/4978/1928
f 736/937/736 3102/4535/3100 2837/3989/2835
f 736/937/736 735/936/735 3102/4535/3100
f 1509/1973/1509 1511/1976/1511 835/1059/835
f 1509/1973/1509 835/1059/835 1510/1974/1510
f 1514/5025/1514 1438/1863/1438 1515/5057/1515
f 1519/1987/1519 1890/2481/1890 2570/3490/2569
f 1519/1987/1519 2570/3490/2569 1522/1990/1522
f 2860/4031/2858 3053/4431/3051 2861/4032/2859
f 2860/4031/2858 2862/4034/2860 3053/4431/3051
f 3095/4524/3093 642/1523/642 350/427/350
f 3095/4524/3093 762/977/762 2782/3886/2780
f 3095/4524/3093 2782/3886/2780 642/1523/642
f 772/985/772 3256/5058/3254 2451/3298/2451
f 772/985/772 770/983/770 3256/5058/3254
f 879/2009/879 881/2771/881 1541/2012/1541
f 3287/5059/3285 49/56/49 50/57/50
f 3287/5059/3285 2438/3271/2438 2439/3272/2439
f 3287/5059/3285 3135/5060/3133 2609/4153/2607
f 3287/5059/3285 2439/3272/2439 49/56/49
f 3287/5059/3285 50/57/50 3135/5060/3133
f 3287/5059/3285 2609/4153/2607 2438/3271/2438
f 1854/4584/1854 2356/3151/2356 397/3150/397
f 3034/4385/3032 3217/4838/3215 3035/4386/3033
f 413/505/413 1309/1681/1309 1311/1680/1311
f 427/522/427 2623/3569/2621 2283/3050/2283
f 427/522/427 1637/2137/1637 1638/2140/1638
f 427/522/427 1638/2140/1638 428/523/428
f 427/522/427 2283/3050/2283 1637/2137/1637
f 675/855/675 2410/3226/2410 3193/5061/3191
f 1651/2158/1651 2373/5062/2373 2238/2979/2238
f 446/544/446 3288/5063/3286 447/545/447
f 446/544/446 2420/3239/2420 2422/3242/2422
f 446/544/446 2422/3242/2422 3288/5063/3286
f 446/544/446 449/547/449 2375/3176/2375
f 446/544/446 2375/3176/2375 2420/3239/2420
f 1429/1850/1429 2667/4729/2665 1574/2059/1574
f 1429/1850/1429 1427/1848/1427 2667/4729/2665
f 1431/1852/1431 465/566/465 464/565/464
f 41/48/41 2738/3794/2736 488/5064/488
f 41/48/41 43/50/43 2738/3794/2736
f 41/48/41 488/5064/488 487/5065/487
f 494/603/494 1852/2438/1852 3197/4770/3195
f 375/3071/375 2303/3073/2303 376/5066/376
f 375/5067/375 374/5068/374 2302/3321/2302
f 2306/3076/2306 3289/5069/3287 2307/3077/2307
f 2306/5070/2306 1927/2529/1927 3289/5071/3287
f 2306/5070/2306 3063/4451/3061 1927/2529/1927
f 2306/5070/2306 2309/5072/2309 3063/4451/3061
f 998/1271/998 1718/2242/1718 1000/1273/1000
f 2690/3697/2688 2693/3696/2691 3140/5073/3138
f 2662/3635/2660 2264/3022/2264 2663/3636/2661
f 1309/4903/1309 3247/4902/3245 1310/5074/1310
f 1799/5075/1799 707/896/707 1800/5076/1800
f 1799/4213/1799 1020/1301/1020 1022/1303/1022
f 1799/2360/1799 1801/2363/1801 1020/4361/1020
f 1661/4561/1661 3180/4734/3178 2702/3713/2700
f 1661/2169/1661 1664/2172/1664 3180/5077/3178
f 2950/4218/2948 3290/5078/3288 1897/2488/1897
f 2950/4218/2948 2951/4219/2949 3290/5078/3288
f 1674/2182/1674 1677/2185/1677 1032/1319/1032
f 1968/2960/1968 1689/2200/1689 1688/2199/1688
f 2716/5049/2714 746/952/746 3175/4720/3173
f 2716/5049/2714 3175/4720/3173 1976/5050/1976
f 1980/2610/1980 1979/2609/1979 3226/4862/3224
f 1148/1467/1148 1917/2517/1917 1915/2513/1915
f 162/196/162 2728/4781/2726 3222/4853/3220
f 1162/1486/1162 1161/1482/1161 3026/4450/3024
f 1162/4369/1162 3025/4368/3023 992/1262/992
f 1562/2046/1562 2000/5079/2000 1997/3983/1997
f 1199/1538/1199 2724/5080/2722 2725/5011/2723
f 1199/1538/1199 115/5030/115 2724/5080/2722
f 368/450/368 2460/3311/2460 369/451/369
f 842/1066/842 2289/3057/2289 843/1067/843
f 679/862/679 681/866/681 910/1160/910
f 1985/3751/1985 2658/3629/2656 2659/3632/2657
f 1985/3319/1985 2659/3630/2657 756/966/756
f 3122/4625/3120 3076/4837/3074 1231/1579/1231
f 695/880/695 3291/5081/3289 698/883/698
f 695/880/695 3243/4897/3241 3291/5081/3289
f 695/880/695 1795/2354/1795 3243/4897/3241
f 3292/5082/3290 2619/5083/2617 2966/5084/2964
f 3292/5082/3290 67/77/67 2619/5083/2617
f 2967/4246/2965 2692/3693/2690 2048/4247/2048
f 2967/4246/2965 3293/5085/3291 70/80/70
f 2967/4246/2965 2271/4248/2271 3293/5085/3291
f 2967/4246/2965 70/80/70 2692/3693/2690
f 1866/2453/1866 2053/2711/2053 2832/3982/2830
f 1866/2453/1866 2746/4482/2744 2053/2711/2053
f 2968/4251/2966 3294/5086/3292 3269/4990/3267
f 2968/4251/2966 2969/4483/2967 3294/5086/3292
f 732/933/732 2839/3991/2837 1126/1437/1126
f 1883/3049/1883 1637/2137/1637 2283/3050/2283
f 3211/4817/3209 264/329/264 2210/4886/2210
f 3211/4817/3209 1643/2148/1643 265/330/265
f 3211/4817/3209 265/330/265 264/329/264
f 2431/3257/2431 2429/3255/2429 23/4930/23
f 2431/4845/2431 23/3580/23 2086/2759/2086
f 2736/3789/2734 934/1191/934 3295/5087/3293
f 2736/3787/2734 3296/5088/3294 2325/3106/2325
f 2736/3787/2734 3295/5089/3293 3296/5088/3294
f 2709/5090/2707 2587/3516/2586 1342/1727/1342
f 2709/5091/2707 2823/5092/2821 2587/3514/2586
f 49/56/49 2439/3272/2439 3156/4671/3154
f 3015/4349/3013 3017/4351/3015 3291/5081/3289
f 3015/4349/3013 3291/5081/3289 3243/4897/3241
f 707/896/707 706/900/706 1800/5076/1800
f 3039/4396/3037 136/163/136 1808/5037/1808
f 3039/4396/3037 2519/3415/2518 136/163/136
f 2308/5093/2308 1817/5094/1817 1926/2527/1926
f 2308/3078/2308 1818/2384/1818 1817/2383/1817
f 2127/2816/2127 1112/1418/1112 1111/1417/1111
f 2127/5095/2127 2678/3663/2676 2677/3662/2675
f 2127/5096/2127 1111/5097/1111 2678/5098/2676
f 3168/4698/3166 2233/3439/2233 2154/2851/2154
f 3168/4698/3166 2154/2851/2154 2924/4168/2922
f 3168/4698/3166 1352/3440/1352 2233/3439/2233
f 2535/3442/2534 2785/3892/2783 1074/1370/1074
f 2535/3442/2534 3297/5099/3295 2785/3892/2783
f 183/4409/183 328/401/328 3044/4410/3042
f 183/223/183 180/225/180 480/589/480
f 183/4409/183 329/402/329 328/401/328
f 183/223/183 480/589/480 329/588/329
f 1846/2424/1846 2852/4014/2850 357/436/357
f 1846/2424/1846 1845/2423/1845 2852/4014/2850
f 801/1020/801 3032/4380/3030 802/1021/802
f 2773/3861/2771 2774/3863/2772 3178/4731/3176
f 2773/4007/2771 3248/5100/3246 2849/4008/2847
f 2773/3861/2771 3178/4731/3176 3248/4909/3246
f 1708/2225/1708 2147/2843/2147 2898/4113/2896
f 1708/2225/1708 2898/4113/2896 1378/1775/1378
f 3298/5101/3296 3228/4867/3226 3299/5102/3297
f 3298/5101/3296 3299/5102/3297 3300/5103/3298
f 3298/5101/3296 3300/5103/3298 3301/5104/3299
f 3182/4737/3180 1812/2378/1812 3184/4739/3182
f 3182/4737/3180 2872/4053/2870 1812/2378/1812
f 2818/3953/2816 2718/3747/2716 2815/3947/2813
f 533/657/533 1746/2283/1746 2566/3483/2565
f 1220/1569/1220 539/5105/539 680/865/680
f 1220/1561/1220 1748/2285/1748 540/666/540
f 1220/1561/1220 540/666/540 539/665/539
f 3235/4880/3233 2174/2877/2174 954/1220/954
f 3235/4880/3233 2177/2880/2177 2174/2877/2174
f 3235/4880/3233 954/1220/954 2727/3766/2725
f 3235/4880/3233 2727/3766/2725 1754/2292/1754
f 1409/1819/1409 208/5106/208 1066/1820/1066
f 2767/3848/2765 217/273/217 216/272/216
f 221/277/221 220/276/220 1766/2318/1766
f 456/555/456 2378/4162/2378 457/556/457
f 1780/2329/1780 2384/3185/2384 3057/4440/3055
f 3279/5027/3277 3280/5028/3278 1785/2337/1785
f 3279/5027/3277 1478/2336/1478 1440/1865/1440
f 3279/5027/3277 1785/2337/1785 1478/2336/1478
f 3060/4443/3058 2066/2728/2066 2972/4263/2970
f 2032/2676/2032 2031/2675/2031 1669/2177/1669
f 2032/2676/2032 1669/2177/1669 1668/2176/1668
f 1673/2181/1673 2009/2648/2009 1676/2184/1676
f 1673/4640/1673 3260/4965/3258 2009/2653/2009
f 1673/4640/1673 1940/2548/1940 3260/4965/3258
f 2984/5107/2982 810/1030/810 2985/4298/2983
f 1687/2198/1687 131/152/131 128/154/128
f 1687/2198/1687 1690/2201/1690 131/152/131
f 2870/4048/2868 1692/2203/1692 2748/5108/2746
f 1319/1696/1319 1315/1698/1315 957/2678/957
f 2593/3530/2592 3206/5109/3204 852/1081/852
f 2807/3932/2805 2806/3931/2804 2596/3533/2595
f 532/656/532 3155/5110/3153 534/658/534
f 532/656/532 2316/3702/2316 3155/5110/3153
f 2696/3704/2694 1310/1678/1310 2697/3705/2695
f 2242/2983/2242 1739/3100/1739 1019/1300/1019
f 3149/4657/3147 1590/2084/1590 1589/2083/1589
f 3149/4657/3147 3302/5111/3300 1590/2084/1590
f 911/1162/911 1533/2001/1533 912/1163/912
f 911/5112/911 1535/2005/1535 1533/2004/1533
f 911/1165/911 681/866/681 1535/5113/1535
f 911/1165/911 910/1160/910 681/866/681
f 914/2863/914 2165/2865/2165 915/5114/915
f 914/2863/914 484/5115/484 2164/2864/2164
f 2828/3975/2826 3125/4593/3123 3165/4692/3163
f 951/1216/951 954/1220/954 2174/2877/2174
f 2974/4266/2972 2730/3770/2728 1317/1693/1317
f 2575/3497/2574 432/5116/432 966/1236/966
f 2575/5117/2574 433/528/433 432/527/432
f 2575/5117/2574 2574/4272/2573 3128/4597/3126
f 2575/5117/2574 3128/4597/3126 433/528/433
f 973/1243/973 439/535/439 441/538/441
f 973/1243/973 3240/4890/3238 439/535/439
f 973/1243/973 972/1242/972 3240/4890/3238
f 973/1243/973 441/538/441 974/1244/974
f 1508/1971/1508 2754/3822/2752 985/1255/985
f 1516/1983/1516 3303/5118/3301 3280/5119/3278
f 1516/1983/1516 747/1984/747 3303/5118/3301
f 1521/4951/1521 2569/3492/2568 2571/3491/2570
f 1521/4951/1521 2571/3491/2570 1523/4140/1523
f 875/1503/875 3256/5058/3254 770/983/770
f 875/1503/875 770/983/770 1177/1504/1177
f 875/1503/875 873/5120/873 3256/5058/3254
f 1610/2104/1610 1613/2107/1613 807/1032/807
f 3029/4378/3027 1847/2425/1847 3124/4592/3122
f 3301/5121/3299 3300/5122/3298 3304/5123/3302
f 3301/5124/3299 3304/5125/3302 2320/5126/2320
f 3170/4704/3168 2745/4706/2743 712/5127/712
f 3170/4704/3168 712/5127/712 3171/4705/3169
f 719/913/719 1569/4925/1569 720/914/720
f 719/913/719 721/915/721 2214/2945/2214
f 2036/2684/2036 1167/3668/1167 1166/5128/1166
f 932/1189/932 103/119/103 2105/2786/2105
f 3041/4405/3039 3043/4407/3041 2786/3893/2784
f 3041/4405/3039 2785/3892/2783 3042/4406/3040
f 3041/4405/3039 2786/3893/2784 2785/3892/2783
f 2939/4196/2937 850/1079/850 2895/4109/2893
f 1463/1900/1463 1460/1897/1460 2310/4822/2310
f 1463/1900/1463 1088/3896/1088 1086/4754/1086
f 1463/1900/1463 1086/4754/1086 1464/1901/1464
f 1463/1900/1463 2310/4822/2310 2788/3897/2786
f 1463/1900/1463 2788/3897/2786 1088/3896/1088
f 1698/2209/1698 319/392/319 316/389/316
f 1281/1635/1281 2158/2857/2158 1282/1636/1282
f 2247/2993/2247 598/752/598 599/751/599
f 2247/5129/2247 599/749/599 2248/2997/2248
f 603/756/603 87/4340/87 604/757/604
f 1488/1936/1488 1489/1940/1489 2776/3870/2774
f 2998/4554/2996 2088/2761/2088 1130/1441/1130
f 2998/4554/2996 2824/5130/2822 2088/2761/2088
f 2933/4183/2931 3237/4883/3235 2934/4184/2932
f 2933/4183/2931 3000/5131/2998 3237/4883/3235
f 194/241/194 192/244/192 3284/5043/3282
f 194/241/194 3284/5043/3282 2207/2932/2207
f 2988/4303/2986 492/1968/492 1505/1967/1505
f 398/1881/398 2353/3147/2353 1451/1882/1451
f 398/483/398 1410/5132/1410 399/484/399
f 398/1881/398 397/3150/397 2353/3147/2353
f 938/1199/938 3223/5133/3221 3305/5134/3303
f 938/1199/938 3305/5134/3303 940/1201/940
f 2365/4802/2365 2508/3396/2508 2168/2868/2168
f 2365/4802/2365 2509/3397/2509 2508/3396/2508
f 1752/2290/1752 423/3767/423 422/4427/422
f 1752/2290/1752 1754/2292/1754 2727/3766/2725
f 521/638/521 523/643/523 2577/3499/2576
f 3058/5135/3056 988/1258/988 987/1257/987
f 2233/3439/2233 1891/4514/1891 2154/2851/2154
f 2995/4318/2993 3131/5136/3129 2158/2857/2158
f 2995/4318/2993 1899/2490/1899 1898/2489/1898
f 1762/2306/1762 1761/2305/1761 3196/4763/3194
f 1762/2306/1762 3196/4763/3194 2392/3201/2392
f 2395/4188/2395 920/1173/920 922/1175/922
f 2395/3204/2395 3109/4555/3107 2396/3205/2396
f 2395/4188/2395 922/1175/922 3109/4556/3107
f 3306/5137/3304 2017/2661/2017 2504/3388/2504
f 3306/5137/3304 2018/2662/2018 2017/2661/2017
f 3306/5137/3304 2504/3388/2504 3282/5036/3280
f 503/615/503 1515/5057/1515 1438/1863/1438
f 503/615/503 1438/1863/1438 72/83/72
f 503/4793/503 2230/2965/2230 1515/4138/1515
f 3206/5138/3204 506/2238/506 1716/2234/1716
f 3206/5138/3204 1716/2234/1716 853/1083/853
f 3206/5109/3204 853/1082/853 852/1081/852
f 2597/5139/2596 2688/3689/2686 2689/3690/2687
f 2597/5139/2596 2689/3690/2687 2598/5140/2513
f 89/5141/89 3010/5142/3008 2313/5143/2313
f 89/5141/89 91/5144/91 3010/5142/3008
f 89/3084/89 2312/3086/2312 90/5145/90
f 2663/3638/2661 3159/4878/3157 2664/3639/2662
f 3037/4389/3035 2606/3546/2604 3247/4902/3245
f 544/677/544 123/142/123 546/678/546
f 691/876/691 692/877/692 3160/4681/3158
f 1554/2026/1554 3035/4386/3033 1555/2027/1555
f 2490/3363/2490 1422/1842/1422 1421/1841/1421
f 2490/3363/2490 1421/1841/1421 1550/2021/1550
f 2490/3363/2490 1550/2021/1550 2491/3364/2491
f 2490/3363/2490 2492/3368/2492 1422/1842/1422
f 585/734/585 84/96/84 2499/3380/2499
f 2815/3947/2813 2718/3747/2716 2719/3748/2717
f 828/3144/828 2350/3143/2350 829/5146/829
f 2890/4090/2888 3181/4736/3179 1660/2168/1660
f 604/757/604 87/4340/87 3307/5147/3305
f 604/757/604 3307/5147/3305 1271/5148/1271
f 604/757/604 1271/5148/1271 605/758/605
f 609/766/609 3132/4605/3130 610/767/610
f 609/766/609 611/770/611 3308/5149/3306
f 2255/3005/2255 3283/5038/3281 252/313/252
f 2255/3005/2255 252/313/252 2256/3006/2256
f 2255/3005/2255 2258/3008/2258 3283/5038/3281
f 3188/4745/3186 2638/3593/2636 3210/5042/3208
f 3188/4745/3186 3210/5042/3208 811/5150/811
f 2642/3602/2640 3262/4969/3260 1134/1446/1134
f 2642/3602/2640 2932/4182/2930 3262/4969/3260
f 2643/3603/2641 2268/5053/2268 2269/3604/2269
f 2643/3603/2641 3224/4858/3222 3286/5054/3284
f 2643/3603/2641 3286/5054/3284 2268/5053/2268
f 2643/3603/2641 1182/1510/1182 3224/4858/3222
f 2270/3028/2270 927/1180/927 2401/3218/2401
f 2270/3028/2270 3198/4772/3196 1403/1812/1403
f 653/824/653 652/823/652 1083/1381/1083
f 660/5151/660 661/835/661 1422/1842/1422
f 660/5151/660 1422/1842/1422 2492/3368/2492
f 2284/3051/2284 5/5/5 7/3052/7
f 2284/3051/2284 2283/3050/2283 2623/3569/2621
f 539/5105/539 442/540/442 438/533/438
f 539/5105/539 438/533/438 680/865/680
f 1578/4702/1578 1577/4934/1577 2200/2922/2200
f 1033/1320/1033 1032/1319/1032 1677/2185/1677
f 1033/1320/1033 1677/2185/1677 1676/2184/1676
f 2209/2936/2209 1187/1519/1187 2813/3941/2811
f 2209/2936/2209 2813/3941/2811 342/4888/342
f 2209/2936/2209 342/4888/342 2210/2937/2210
f 2211/2940/2211 2052/4130/2052 2745/4706/2743
f 1059/1351/1059 2221/2952/2221 2220/2951/2220
f 1059/1351/1059 2220/2951/2220 1062/1356/1062
f 1059/1351/1059 2753/3820/2751 2221/2952/2221
f 2909/4137/2907 2225/2961/2225 3309/5152/3307
f 2657/3627/2655 2658/3629/2656 3164/4691/3162
f 2657/3627/2655 3164/4691/3162 408/498/408
f 3310/5153/3308 2665/3640/2663 3311/5154/3309
f 3310/5153/3308 2358/3153/2358 2360/3155/2360
f 3310/5153/3308 3311/5154/3309 2358/3153/2358
f 2239/2980/2239 780/4523/780 2496/5155/2496
f 2239/2980/2239 2240/2981/2240 780/4523/780
f 138/1407/138 2151/2847/2151 993/4515/993
f 2905/4127/2903 1397/1800/1397 1396/1798/1396
f 3312/5156/3310 3137/4622/3135 3285/5046/3283
f 3312/5156/3310 3106/4546/3104 3105/4545/3103
f 3312/5156/3310 3285/5046/3283 3106/4546/3104
f 2180/2888/2180 2396/3205/2396 632/800/632
f 2180/2888/2180 632/800/632 631/799/631
f 3008/4339/3006 3294/5086/3292 2969/4483/2967
f 3008/4339/3006 3139/4628/3137 3294/5086/3292
f 3010/4343/3008 1477/1921/1477 3313/5157/3311
f 3010/5142/3008 3313/5158/3311 2313/5143/2313
f 2418/3237/2418 2751/4714/2749 2419/3238/2419
f 1192/1526/1192 3016/4350/3014 768/1528/768
f 1542/2013/1542 1540/2011/1540 1797/4211/1797
f 1804/2366/1804 377/4395/377 3314/5159/3312
f 1804/2366/1804 2462/3314/2462 1212/2369/1212
f 1804/2366/1804 3314/5159/3312 837/1061/837
f 1804/2366/1804 837/1061/837 2462/3314/2462
f 1809/2375/1809 135/161/135 2120/2804/2120
f 1809/2375/1809 3185/4740/3183 3184/4739/3182
f 1809/2375/1809 1811/2377/1811 135/161/135
f 1809/2375/1809 2120/2804/2120 3185/4740/3183
f 1809/2375/1809 3184/4739/3182 1810/2376/1810
f 2534/3441/2533 1524/5160/1524 1523/4139/1523
f 1528/1996/1528 146/178/146 1225/1572/1225
f 1112/1418/1112 480/1756/480 180/217/180
f 2441/3275/2441 1835/2407/1835 1833/2406/1833
f 2136/2830/2136 3102/4535/3100 735/936/735
f 2136/2830/2136 409/502/409 402/487/402
f 2136/2830/2136 402/487/402 2443/3283/2443
f 2136/2830/2136 2443/3283/2443 3102/4535/3100
f 1172/4825/1172 1999/4002/1999 2844/4000/2842
f 3315/5161/3313 2770/3854/2768 1795/2353/1795
f 3315/5161/3313 1177/1504/1177 2770/3854/2768
f 3315/5161/3313 1178/1505/1178 1177/1504/1177
f 3315/5161/3313 1795/2353/1795 1178/1505/1178
f 2445/3289/2445 880/1117/880 877/1110/877
f 2445/3289/2445 877/1110/877 2848/4005/2846
f 2445/3289/2445 2848/4005/2846 2446/3290/2446
f 2445/3295/2445 2448/3294/2448 880/1114/880
f 885/1121/885 1185/1513/1185 886/1122/886
f 885/1121/885 2609/3550/2607 3135/4612/3133
f 207/262/207 206/257/206 2611/5162/2609
f 1414/1830/1414 3249/5163/3247 1706/5164/1706
f 1414/5165/1414 1413/4927/1413 3249/4912/3247
f 1414/1830/1414 1706/5164/1706 2042/2694/2042
f 809/1029/809 229/285/229 228/284/228
f 2496/3375/2496 780/5166/780 777/1908/777
f 2496/3375/2496 777/1908/777 1466/1903/1466
f 3280/5119/3278 3303/5118/3301 1785/5167/1785
f 2971/4260/2969 1589/2083/1589 1445/1871/1445
f 1881/2471/1881 2302/3321/2302 374/5068/374
f 1881/2471/1881 374/5068/374 1884/2475/1884
f 264/329/264 261/333/261 2210/4886/2210
f 1273/1627/1273 3208/4806/3206 1274/1628/1274
f 1273/1627/1273 1277/1631/1277 2156/5168/2156
f 1273/1627/1273 2155/4619/2155 3208/4806/3206
f 1273/1627/1273 2156/5168/2156 2155/4619/2155
f 3155/5110/3153 2316/3702/2316 2141/5169/2141
f 3155/5110/3153 1398/5170/1398 534/658/534
f 2738/3794/2736 43/50/43 2739/3795/2737
f 2738/3794/2736 130/150/130 488/5064/488
f 2840/3992/2838 307/380/307 3141/4910/3139
f 2840/3992/2838 2648/3609/2646 2841/3993/2839
f 912/1163/912 715/5171/715 3257/4946/3255
f 912/1163/912 1533/2001/1533 2845/4001/2843
f 912/1163/912 2845/4001/2843 715/5171/715
f 2850/4009/2848 2851/4011/2849 3066/4460/3064
f 3068/4464/3066 1306/5172/1306 3069/4465/3067
f 3068/5173/3066 1307/1675/1307 1306/1674/1306
f 2027/2671/2027 947/1211/947 944/1205/944
f 2027/2671/2027 2026/2670/2026 3143/5174/3141
f 2027/2671/2027 3143/5174/3141 947/1211/947
f 2033/2677/2033 2514/3407/2513 858/1088/858
f 2517/3411/2516 2573/5002/2572 2405/3412/2405
f 2517/3411/2516 2191/2902/2191 3207/4805/3205
f 1710/2227/1710 2854/4022/2852 1712/2229/1712
f 3075/4473/3073 3316/5175/3314 2222/2953/2222
f 3075/4473/3073 2222/2953/2222 2218/2949/2218
f 3075/4473/3073 1336/1718/1336 3316/5175/3314
f 3075/4473/3073 1337/1719/1337 1336/1718/1336
f 2580/3502/2579 2903/4123/2901 2581/3503/2580
f 2580/3502/2579 2741/3800/2739 2903/4123/2901
f 3017/4352/3015 2583/3505/2582 698/3805/698
f 3017/4352/3015 2106/2787/2106 2583/3505/2582
f 3017/4352/3015 698/3805/698 3291/5176/3289
f 702/890/702 2447/3291/2447 703/891/703
f 702/887/702 1859/2446/1859 2448/3294/2448
f 702/887/702 2448/3294/2448 2447/5177/2447
f 708/897/708 2321/3102/2321 709/898/709
f 1568/2052/1568 720/917/720 1569/2053/1569
f 1568/2052/1568 722/918/722 720/917/720
f 740/942/740 839/1063/839 1511/1976/1511
f 1974/2600/1974 843/1067/843 2289/3057/2289
f 1974/2600/1974 1973/2599/1973 843/1067/843
f 1974/2600/1974 2289/3057/2289 1975/2601/1975
f 1890/2481/1890 2910/4141/2908 2570/3490/2569
f 1284/1641/1284 1725/2251/1725 1721/2245/1721
f 1284/1641/1284 1721/2245/1721 199/247/199
f 1284/1641/1284 202/252/202 1725/2251/1725
f 3250/4913/3248 3094/5178/3092 1010/1288/1010
f 2605/3545/2603 1541/2012/1541 2317/3095/2317
f 2256/3006/2256 252/313/252 3317/5179/3315
f 2256/3006/2256 3317/5179/3315 2257/3007/2257
f 1242/1592/1242 921/1174/921 919/1172/919
f 2196/2914/2196 1652/2159/1652 1650/2157/1650
f 498/609/498 1740/2271/1740 499/610/499
f 3289/5069/3287 1815/2381/1815 2687/3688/2685
f 3289/5071/3287 1927/2529/1927 1815/2528/1815
f 3289/5069/3287 2687/3688/2685 2307/3077/2307
f 392/477/392 393/478/393 1063/1357/1063
f 2660/5180/2658 3318/5181/3316 90/5145/90
f 2660/5180/2658 90/5145/90 2312/3086/2312
f 2665/3640/2663 3234/4877/3232 3311/5154/3309
f 2665/3640/2663 2664/3639/2662 3234/4877/3232
f 559/697/559 556/694/556 2951/4219/2949
f 1686/4568/1686 2956/4229/2954 2955/4227/2953
f 1686/2197/1686 2955/5182/2953 1688/2199/1688
f 823/5183/823 3275/4999/3273 824/4257/824
f 823/5183/823 3072/5184/3070 3275/4999/3273
f 1705/2217/1705 3203/4788/3201 325/398/325
f 2354/5185/2354 399/5186/399 2355/3756/2355
f 2354/5187/2354 1855/2441/1855 399/484/399
f 2354/3148/2354 2356/3151/2356 3123/4590/3121
f 2354/3148/2354 3123/4590/3121 1855/5188/1855
f 66/76/66 2619/5083/2617 67/77/67
f 66/5189/66 3263/5190/3261 2723/3759/2721
f 66/5189/66 2723/3759/2721 2363/3158/2363
f 66/5189/66 2363/3158/2363 2619/3565/2617
f 422/4427/422 424/5008/424 3052/4428/3050
f 2470/3329/2470 2138/4455/2138 3313/5158/3311
f 2470/3329/2470 3313/5158/3311 1476/3330/1476
f 2473/5191/2473 3157/4673/3155 2669/4675/2667
f 2473/3338/2473 2669/3646/2667 2474/3339/2474
f 2473/5191/2473 447/5192/447 3157/4673/3155
f 457/556/457 2378/4162/2378 1265/4944/1265
f 2545/3458/2544 3119/4578/3117 464/565/464
f 2554/3467/2553 1493/1945/1493 1491/5193/1491
f 2554/4700/2553 1491/4807/1491 477/580/477
f 2088/2761/2088 2824/5130/2822 3258/5021/3256
f 2088/2761/2088 2091/2764/2091 1130/1441/1130
f 3237/4883/3235 3000/5131/2998 3238/4884/3236
f 3237/4883/3235 1602/2096/1602 2934/4184/2932
f 129/5194/129 489/5195/489 130/5196/130
f 1851/2436/1851 3049/4417/3047 2398/3455/2398
f 1986/2618/1986 1826/2392/1826 1824/2390/1824
f 1580/2068/1580 1579/2067/1579 2399/3212/2399
f 1993/2628/1993 142/174/142 2907/4135/2905
f 1993/2628/1993 143/175/143 142/174/142
f 1993/2628/1993 2907/4135/2905 1163/5197/1163
f 2989/5198/2987 1723/2249/1723 1792/2349/1792
f 2989/5198/2987 2987/5199/2985 1723/2249/1723
f 2601/3541/2599 1730/3540/1730 1845/4377/1845
f 377/4395/377 376/5066/376 3314/5159/3312
f 393/478/393 394/479/394 3158/4674/3156
f 393/478/393 3158/4674/3156 1063/1357/1063
f 1758/2299/1758 2962/5200/2960 1759/2300/1759
f 1758/2299/1758 1150/1469/1150 2962/5200/2960
f 1758/2299/1758 1152/1471/1152 1150/1469/1150
f 2692/3693/2690 2864/4434/2862 2048/4247/2048
f 2692/3693/2690 2691/3692/2689 2864/4434/2862
f 1380/1778/1380 256/317/256 2975/4267/2973
f 2076/2745/2076 3299/5102/3297 3228/4867/3226
f 3208/4806/3206 2155/4619/2155 2926/4170/2924
f 2429/3255/2429 1105/1411/1105 23/4930/23
f 2429/3255/2429 1109/1415/1109 1105/1411/1105
f 2567/3485/2566 2568/3486/2567 2488/3360/2488
f 2567/3485/2566 2488/3360/2488 2721/3757/2719
f 3190/4747/3188 2103/2782/2103 3156/5201/3154
f 3190/4747/3188 424/518/424 420/517/420
f 3190/5202/3188 3156/4671/3154 1912/2509/1912
f 1302/1668/1302 104/1670/104 3319/5203/3317
f 1302/1668/1302 3319/5203/3317 1303/1669/1303
f 1306/5172/1306 109/125/109 3069/4465/3067
f 131/152/131 1690/2201/1690 2117/5204/2117
f 3320/5205/3318 3267/4982/3265 2799/3921/2797
f 3320/5205/3318 3071/4469/3069 3070/4468/3068
f 3320/5205/3318 3070/4468/3068 3267/4982/3265
f 3320/5205/3318 2521/3420/2520 3071/4469/3069
f 3320/5205/3318 2799/3921/2797 2521/3420/2520
f 2677/3662/2675 1688/2199/1688 2955/5182/2953
f 1346/1730/1346 2532/3434/2531 1347/1731/1347
f 1346/1730/1346 3281/5032/3279 2532/3434/2531
f 2804/4798/2802 2133/2822/2133 509/621/509
f 2806/3931/2804 2599/3536/2597 2596/3533/2595
f 2806/5206/2804 2808/5033/2806 2257/3007/2257
f 2806/3931/2804 3317/5207/3315 2599/3536/2597
f 2806/5206/2804 2257/3007/2257 3317/5179/3315
f 870/1103/870 3047/5208/3045 3048/4611/3046
f 870/1103/870 1178/1506/1178 3047/5208/3045
f 1181/1509/1181 2542/3451/2541 2008/2647/2008
f 1181/1509/1181 2008/2647/2008 196/243/196
f 2466/3320/2466 6/8/6 3/7/3
f 9/12/9 1570/2055/1570 10/13/10
f 9/12/9 12/18/12 1570/2055/1570
f 2028/2672/2028 2426/4494/2426 2816/3948/2814
f 2160/2859/2160 2432/3258/2432 2430/3256/2430
f 2160/2859/2160 2159/2858/2159 2432/3258/2432
f 43/50/43 2170/5018/2170 2739/3795/2737
f 1611/2105/1611 3199/4773/3197 1614/2108/1614
f 399/5186/399 1410/5209/1410 2355/3756/2355
f 3238/5210/3236 3000/4325/2998 3264/5211/3262
f 1860/2447/1860 2780/3883/2778 1861/2448/1861
f 2631/5212/2629 2632/4924/2630 1565/4832/1565
f 2631/5213/2629 2832/3982/2830 2051/2710/2051
f 2631/5213/2629 1564/2047/1564 2832/3982/2830
f 2631/5213/2629 1565/2048/1565 1564/2047/1564
f 3255/5214/3253 2674/3657/2672 1670/3719/1670
f 3255/4933/3253 3321/5215/3319 2201/2923/2201
f 3255/5214/3253 2675/3658/2673 2674/3657/2672
f 3255/5214/3253 1670/3719/1670 3321/5216/3319
f 3255/4933/3253 1577/4934/1577 2675/5217/2673
f 1441/5218/1441 1440/4630/1440 2693/4629/2691
f 1389/5219/1389 273/4420/273 3050/4419/3048
f 448/1792/448 445/4424/445 1391/1793/1391
f 1595/2089/1595 2477/3343/2477 1905/2497/1905
f 2328/3117/2328 3296/5220/3294 2274/3032/2274
f 2328/3117/2328 2325/3116/2325 3296/5220/3294
f 1083/1381/1083 652/823/652 1416/1833/1416
f 1024/1306/1024 1023/1309/1023 1932/2536/1932
f 1024/1306/1024 452/550/452 1025/1307/1025
f 1029/1315/1029 1434/1856/1434 1030/1316/1030
f 3115/4572/3113 1785/2338/1785 3303/5221/3301
f 3115/5222/3113 3303/5223/3301 745/951/745
f 3115/5222/3113 745/951/745 2719/3748/2717
f 2017/2661/2017 352/4827/352 2504/3388/2504
f 358/4310/358 359/439/359 1732/2259/1732
f 2724/5224/2722 115/131/115 116/132/116
f 2724/5224/2722 116/132/116 2509/5225/2509
f 136/165/136 135/161/135 1811/2377/1811
f 1815/2528/1815 1926/2527/1926 1817/5094/1817
f 3288/5226/3286 3157/4673/3155 447/5192/447
f 3288/5226/3286 1063/1357/1063 3158/4674/3156
f 3288/5226/3286 2422/4711/2422 1063/1357/1063
f 3288/5226/3286 3158/4674/3156 3157/4673/3155
f 2921/5227/2919 2920/4961/2918 1923/2524/1923
f 170/1736/170 2655/3624/2653 1351/1737/1351
f 170/1736/170 168/4722/168 2655/3624/2653
f 174/211/174 1362/1750/1362 175/212/175
f 2673/3656/2671 2703/3718/2701 2674/3657/2672
f 2673/3935/2671 2810/3936/2808 2703/5228/2701
f 3282/5036/3280 2504/3388/2504 1949/2558/1949
f 3146/4987/3144 206/257/206 2842/3994/2840
f 3000/4325/2998 1235/1585/1235 313/2885/313
f 3000/4325/2998 313/2885/313 3264/5211/3262
f 2779/3882/2777 2780/3883/2778 2187/2898/2187
f 2779/3882/2777 2187/2898/2187 2684/3680/2682
f 2052/5229/2052 2053/2711/2053 2746/4482/2744
f 2052/4130/2052 2746/5230/2744 2745/4706/2743
f 3294/5086/3292 3139/4628/3137 3269/4990/3267
f 3322/5231/3320 2875/4064/2873 3055/4438/3053
f 3322/5231/3320 3323/5232/3321 2409/3225/2409
f 3322/5231/3320 2409/3225/2409 3271/4992/3269
f 3322/5231/3320 2876/4065/2874 2875/4064/2873
f 3322/5231/3320 3055/4438/3053 3323/5232/3321
f 3322/5231/3320 3271/4992/3269 2876/4065/2874
f 1275/1629/1275 2924/4168/2922 2154/2851/2154
f 1275/1629/1275 2153/2850/2153 1276/1630/1276
f 2929/4173/2927 1282/4809/1282 3131/4603/3129
f 1006/5233/1006 2434/3264/2434 1007/5234/1007
f 3134/4879/3132 1289/1649/1289 2437/3270/2437
f 3134/4879/3132 3133/5235/3131 1289/1649/1289
f 1753/2291/1753 1297/1660/1297 1299/1662/1299
f 1753/2291/1753 1299/1662/1299 2244/2987/2244
f 3027/4372/3025 1916/2515/1916 1918/2519/1918
f 2138/4455/2138 2313/5143/2313 3313/5158/3311
f 2265/3023/2265 2264/3022/2264 1497/1953/1497
f 1141/1458/1141 803/1022/803 802/1021/802
f 1141/1458/1141 3032/4380/3030 1142/1459/1142
f 1141/1458/1141 802/1021/802 3032/4380/3030
f 1303/1669/1303 3319/5203/3317 3273/4996/3271
f 1303/1669/1303 3252/4921/3250 3253/4922/3251
f 1303/1669/1303 3090/4503/3088 3252/4921/3250
f 1303/1669/1303 3253/4922/3251 3033/4382/3031
f 3244/4898/3242 768/1528/768 3016/4350/3014
f 1198/1535/1198 3324/5236/3322 3019/4355/3017
f 1198/1535/1198 3161/4683/3159 3324/5236/3322
f 1198/1540/1198 3019/4357/3017 1200/1541/1200
f 2113/4392/2113 2281/3044/2281 1206/1547/1206
f 2113/4392/2113 2112/3045/2112 2281/3044/2281
f 1979/2609/1979 1292/5237/1292 3226/4862/3224
f 1979/2609/1979 1978/2611/1978 1292/5237/1292
f 1334/4028/1334 1001/5238/1001 1000/1273/1000
f 1334/1716/1334 1337/1719/1337 1001/1275/1001
f 2612/3554/2610 2611/3553/2609 1408/1817/1408
f 1420/1840/1420 2622/4652/2620 1421/1841/1421
f 2290/4981/2290 2122/2807/2122 3267/4982/3265
f 2290/3058/2290 2287/3055/2287 3148/4656/3146
f 2290/3058/2290 3148/4656/3146 2122/4804/2122
f 1475/4928/1475 3274/5239/3272 2916/4929/2914
f 2376/3177/2376 2375/3176/2375 449/547/449
f 1025/1307/1025 2246/2991/2246 178/4931/178
f 2834/3985/2832 2634/3587/2632 463/564/463
f 1810/2376/1810 3184/4739/3182 1812/2378/1812
f 2090/2763/2090 2092/2765/2092 2885/4078/2883
f 2090/2763/2090 1620/2114/1620 2091/2764/2091
f 2090/2763/2090 2885/4078/2883 2884/4077/2882
f 1137/1451/1137 1624/2118/1624 1623/2117/1623
f 1137/1451/1137 1134/1446/1134 1624/2118/1624
f 880/1114/880 2448/3294/2448 1859/2446/1859
f 3198/4772/3196 3199/5240/3197 1403/1812/1403
f 3204/4791/3202 3309/5152/3307 155/4792/155
f 1007/5234/1007 2434/3264/2434 2162/2861/2162
f 113/129/113 1014/1294/1014 114/130/114
f 2114/2796/2114 2699/3709/2697 2115/2797/2115
f 629/794/629 1035/1326/1035 631/799/631
f 3261/4968/3259 3325/5241/3323 2075/3323/2075
f 3326/5242/3324 386/469/386 1055/1346/1055
f 3326/5242/3324 1055/1346/1055 3100/4531/3098
f 2219/2950/2219 3316/5175/3314 1339/1721/1339
f 2219/2950/2219 2222/2953/2222 3316/5175/3314
f 2219/2950/2219 1062/1356/1062 2220/2951/2220
f 2219/2950/2219 1339/1721/1339 1062/1356/1062
f 2280/3043/2280 663/3046/663 1988/2621/1988
f 608/764/608 2551/3464/2550 611/769/611
f 3283/5038/3281 253/314/253 252/313/252
f 715/5171/715 2845/4001/2843 3142/5243/3140
f 715/5244/715 3142/4638/3140 716/4637/716
f 715/5171/715 714/5245/714 3257/4946/3255
f 3221/4848/3219 215/271/215 2486/3358/2486
f 3221/4848/3219 216/272/216 215/271/215
f 2359/3154/2359 2358/3153/2358 3311/5154/3309
f 2359/3154/2359 3311/5154/3309 3233/4876/3231
f 654/825/654 754/3832/754 655/826/655
f 2768/3845/2766 1634/2131/1634 2769/3846/2767
f 266/5246/266 3269/4990/3267 267/5247/267
f 266/5246/266 1256/2714/1256 3269/4990/3267
f 2962/4235/2960 1150/4997/1150 2039/2691/2039
f 2962/5200/2960 2961/5248/2959 1759/2300/1759
f 1897/2488/1897 3290/5078/3288 1898/2489/1898
f 567/706/567 3327/5249/3325 2011/2651/2011
f 567/706/567 563/707/563 3327/5249/3325
f 3275/4999/3273 243/308/243 824/4257/824
f 3203/4788/3201 326/399/326 325/398/325
f 2183/2891/2183 2686/3684/2684 2186/2896/2186
f 2760/4819/2758 751/958/751 656/4751/656
f 2760/3830/2758 656/827/656 655/826/655
f 3328/5250/3326 1722/2248/1722 1725/2251/1725
f 3328/5250/3326 1725/2251/1725 202/252/202
f 3328/5250/3326 1793/2348/1793 1722/2248/1722
f 3328/5250/3326 202/252/202 1793/2348/1793
f 3135/5060/3133 50/57/50 344/420/344
f 2057/2719/2057 1254/1604/1254 723/920/723
f 2057/2719/2057 1255/1605/1255 1254/1604/1254
f 3013/4347/3011 3080/4488/3078 3014/4348/3012
f 3013/4347/3011 3012/4346/3010 906/4485/906
f 858/1088/858 2514/3407/2513 859/1089/859
f 1131/1443/1131 1130/1441/1130 2091/2764/2091
f 1131/1443/1131 2091/2764/2091 1620/2114/1620
f 2979/4276/2977 417/509/417 416/508/416
f 2532/3434/2531 3281/5032/3279 2533/3436/2532
f 379/462/379 383/466/383 2938/4194/2936
f 3316/5175/3314 1336/1718/1336 1339/1721/1339
f 1102/1408/1102 2994/4317/2992 3050/4419/3048
f 3137/4622/3135 648/4621/648 3285/5046/3283
f 2186/2897/2186 2684/3680/2682 2187/2898/2187
f 2408/3224/2408 3323/5232/3321 1778/4437/1778
f 2408/3224/2408 2409/3225/2409 3323/5232/3321
f 3139/4628/3137 267/5247/267 3269/4990/3267
f 474/582/474 2453/5251/2453 478/583/478
f 1540/2011/1540 2948/4212/2946 1797/4211/1797
f 3180/5077/3178 1664/2172/1664 3181/4736/3179
f 950/1214/950 2130/2819/2130 2680/3665/2678
f 950/1214/950 3222/4853/3220 953/1218/953
f 950/1214/950 2680/3665/2678 3222/4853/3220
f 1722/2248/1722 1793/2348/1793 1792/2349/1792
f 1722/2248/1722 1792/2349/1792 1723/2249/1723
f 3047/4414/3045 1178/1505/1178 1795/2353/1795
f 344/420/344 50/57/50 46/53/46
f 1660/2168/1660 3181/4736/3179 1664/2172/1664
f 2031/2675/2031 3321/5252/3319 1669/2177/1669
f 2031/2675/2031 2201/2925/2201 3321/5252/3319
f 2251/3001/2251 1812/2378/1812 2872/4053/2870
f 1126/1437/1126 2839/3991/2837 3080/4486/3078
f 3262/4969/3260 2479/3345/2479 1134/1446/1134
f 2274/3032/2274 2092/2765/2092 2089/2762/2089
f 2274/3032/2274 3296/5220/3294 2092/2765/2092
f 1075/1374/1075 1074/1370/1074 2787/3894/2785
f 685/870/685 684/869/684 2795/3908/2793
f 692/877/692 3033/5253/3031 3160/4681/3158
f 2742/3803/2740 2583/3505/2582 2334/3121/2334
f 3327/5249/3325 3224/4858/3222 2704/3720/2702
f 3327/5249/3325 563/707/563 3286/5054/3284
f 3327/5249/3325 3286/5054/3284 3224/4858/3222
f 3327/5249/3325 2704/3720/2702 2011/2651/2011
f 2676/3661/2674 3097/4527/3095 1189/1518/1189
f 3173/5056/3171 2214/2945/2214 721/915/721
f 2752/3819/2750 2838/4836/2836 2753/3820/2751
f 2752/4844/2750 2839/3991/2837 2838/3990/2836
f 2225/2961/2225 155/4792/155 3309/5152/3307
f 1348/1732/1348 1347/1731/1347 2653/4633/2651
f 1724/2250/1724 1723/2252/1723 2987/4301/2985
f 1748/2286/1748 299/369/299 1312/1809/1312
f 1748/2285/1748 1312/5254/1312 540/666/540
f 1317/1693/1317 2730/3770/2728 1095/1395/1095
f 433/528/433 3128/4597/3126 434/529/434
f 3131/5136/3129 1282/1636/1282 2158/2857/2158
f 2396/3205/2396 3109/4555/3107 632/800/632
f 3159/4878/3157 3234/4877/3232 2664/3639/2662
f 2606/3546/2604 2608/3548/2606 3247/4902/3245
f 3324/5236/3322 3020/4356/3018 3019/4355/3017
f 1549/2020/1549 2491/3364/2491 1550/2021/1550
f 3216/4834/3214 3230/4873/3228 1394/1796/1394
f 2708/3730/2706 2424/3723/2424 3329/5255/3327
f 1559/2035/1559 804/1023/804 803/1022/803
f 102/5256/102 3319/5203/3317 104/1670/104
f 102/5256/102 3089/4500/3087 3273/4996/3271
f 102/5256/102 3273/4996/3271 3319/5203/3317
f 2785/3892/2783 3297/5099/3295 3042/4406/3040
f 2785/3892/2783 2787/3894/2785 1074/1370/1074
f 3323/5232/3321 3055/4438/3053 1778/4437/1778
f 252/313/252 2599/5257/2597 3317/5179/3315
f 252/4871/252 2600/3537/2598 2599/3536/2597
f 2825/3972/2823 3001/4326/2999 621/786/621
f 1669/2177/1669 3321/5252/3319 1670/2178/1670
f 3072/4470/3070 3073/4471/3071 3274/4998/3272
f 838/1062/838 3314/5159/3312 376/5066/376
f 838/1062/838 376/5066/376 2303/3073/2303
f 838/1062/838 837/1061/837 3314/5159/3312
f 2035/2680/2035 846/1071/846 845/1073/845
f 2607/3547/2605 2604/3544/2602 1734/5258/1734
f 2607/3547/2605 2697/5259/2695 2608/3548/2606
f 906/5260/906 3012/4891/3010 907/3468/907
f 2482/3350/2482 1410/5209/1410 1411/3351/1411
f 2482/3350/2482 2355/3756/2355 1410/5209/1410
f 2278/3039/2278 941/1202/941 3305/5134/3303
f 3202/4784/3200 974/1244/974 441/538/441
f 3202/4784/3200 441/538/441 440/537/440
f 430/525/430 1805/2739/1805 2072/2738/2072
f 2915/5261/2913 2916/4929/2914 3274/5239/3272
f 2915/5261/2913 3274/5239/3272 3073/5262/3071
f 1921/2522/1921 1923/2524/1923 2920/4961/2918
f 2877/4067/2875 3272/4993/3270 3207/5004/3205
f 1394/3667/1394 588/737/588 1570/2055/1570
f 2868/4044/2866 3118/4577/3116 2869/4045/2867
f 3026/4450/3024 3063/4451/3061 2309/5072/2309
f 2004/2642/2004 62/70/62 2139/2835/2139
f 2004/2642/2004 2002/2640/2002 62/70/62
f 1503/1962/1503 3284/5044/3282 192/237/192
f 2452/3300/2452 2451/3302/2451 2695/3700/2693
f 1051/4960/1051 2714/3736/2712 3071/4469/3069
f 1051/4960/1051 3071/4469/3069 2521/3420/2520
f 1051/1342/1051 3330/5263/3328 2714/5264/2712
f 1051/1342/1051 1048/1339/1048 3330/5263/3328
f 678/861/678 3059/4442/3057 681/866/681
f 3293/5085/3291 2271/4248/2271 3331/5265/3329
f 3293/5085/3291 73/85/73 70/80/70
f 1864/4799/1864 3117/4576/3115 1869/5266/1869
f 1871/2458/1871 2499/3380/2499 84/96/84
f 934/1191/934 931/1192/931 3295/5087/3293
f 2587/3514/2586 2823/5092/2821 2588/3515/2587
f 2587/3516/2586 2340/3132/2340 1342/1727/1342
f 2439/3272/2439 1912/2509/1912 3156/4671/3154
f 1584/5267/1584 3308/5149/3306 611/770/611
f 1584/2076/1584 1101/2078/1101 3308/5268/3306
f 1584/4758/1584 611/769/611 2551/3464/2550
f 1615/2109/1615 1614/2108/1614 3197/4770/3195
f 1615/2109/1615 3197/4770/3195 1852/2438/1852
f 1615/2109/1615 1852/2438/1852 1616/2110/1616
f 931/1187/931 2885/4078/2883 3295/5269/3293
f 2769/3899/2767 1634/2134/1634 1089/1389/1089
f 2409/3225/2409 2407/3223/2407 3271/4992/3269
f 549/5270/549 788/1001/788 552/4563/552
f 2333/3120/2333 3290/5271/3288 556/1759/556
f 2333/3120/2333 1898/4939/1898 3290/5271/3288
f 2852/4014/2850 1845/2423/1845 1730/2257/1730
f 3191/4749/3189 1450/1878/1450 1070/1364/1070
f 2822/5272/2820 2917/5273/2915 2823/5092/2821
f 2371/5274/2371 2630/3578/2628 2511/3579/2511
f 2371/5275/2371 2576/5276/2575 2630/3925/2628
f 2371/5274/2371 2511/3579/2511 2372/5277/2372
f 2634/3587/2632 896/1137/896 463/564/463
f 3028/4743/3026 3186/4742/3184 3332/5278/3330
f 1403/1812/1403 3199/5240/3197 1404/1813/1404
f 1523/4140/1523 2571/3491/2570 2910/4141/2908
f 2042/5279/2042 1706/2220/1706 1702/2213/1702
f 2042/4033/2042 1702/4145/1702 2862/4034/2860
f 2608/3548/2606 2697/5259/2695 3247/4902/3245
f 2699/3709/2697 2475/3340/2475 2115/2797/2115
f 1477/1921/1477 1476/1923/1476 3313/5157/3311
f 1289/5280/1289 3133/5281/3131 1292/5282/1292
f 2533/3436/2532 2765/4448/2763 310/5283/310
f 2756/3824/2754 3148/4656/3146 2287/3055/2287
f 3133/4606/3131 3226/4862/3224 1292/5237/1292
f 2976/4268/2974 1884/4265/1884 374/457/374
f 1076/1372/1076 2234/2974/2234 1077/1373/1077
f 1634/2134/1634 1090/1390/1090 1089/1389/1089
f 3303/5284/3301 747/954/747 745/953/745
f 1310/1678/1310 3247/5285/3245 2697/3705/2695
f 123/142/123 122/140/122 546/678/546
f 994/4610/994 2134/2826/2134 510/624/510
f 994/5286/994 510/622/510 508/620/508
f 408/498/408 3164/4691/3162 410/500/410
f 2703/5228/2701 2810/3936/2808 3259/4964/3257
f 2703/5228/2701 3259/4964/3257 1366/5287/1366
f 3260/4965/3258 1940/2548/1940 1941/2549/1941
f 1014/1294/1014 2240/2981/2240 2238/2979/2238
f 1014/1294/1014 2238/2979/2238 114/130/114
f 1535/5113/1535 681/866/681 3059/4442/3057
f 1405/1814/1405 3331/5288/3329 2271/3029/2271
f 1855/5188/1855 3123/4590/3121 2178/4589/2178
f 3005/4330/3003 3004/4329/3002 3263/4973/3261
f 2632/4924/2630 3171/4705/3169 1565/4832/1565
f 87/99/87 86/98/86 3307/5289/3305
f 98/113/98 1878/2468/1878 1167/1492/1167
f 2555/3469/2554 907/3468/907 3012/4891/3010
f 3311/5154/3309 3234/4877/3232 3233/4876/3231
f 3290/5078/3288 2951/4219/2949 556/694/556
f 1636/2135/1636 372/455/372 428/4017/428
f 1636/5290/1636 428/523/428 1638/2140/1638
f 2475/3341/2475 25/30/25 21/26/21
f 274/344/274 471/572/471 2927/4665/2925
f 274/344/274 2927/4665/2925 275/345/275
f 2092/2765/2092 3296/5220/3294 2885/4078/2883
f 489/5291/489 488/5064/488 130/150/130
f 3049/4417/3047 497/4418/497 492/4559/492
f 1189/1520/1189 3097/5292/3095 2322/3103/2322
f 839/1063/839 835/1059/835 1511/1976/1511
f 843/1067/843 1973/2599/1973 845/1069/845
f 2570/3490/2569 2910/4141/2908 2571/3491/2570
f 2586/5293/2585 2341/3133/2341 2340/3134/2340
f 3001/4326/2999 624/789/624 621/786/621
f 746/952/746 748/955/748 3175/4720/3173
f 2530/3431/2529 210/264/210 209/266/209
f 2530/4906/2529 2842/3994/2840 2841/3993/2839
f 3264/4976/3262 313/386/313 310/383/310
f 3333/5294/3331 2630/3925/2628 2576/5276/2575
f 3333/5294/3331 2801/3926/2799 2630/3925/2628
f 3245/4899/3243 3243/4897/3241 1795/2354/1795
f 3245/5295/3243 1795/2353/1795 3246/4908/3244
f 2725/3763/2723 2723/3759/2721 3004/5013/3002
f 3087/4502/3085 3252/4921/3250 3090/4503/3088
f 2053/2711/2053 2051/2710/2051 2832/3982/2830
f 92/104/92 93/105/93 2500/3382/2500
f 3222/4853/3220 2728/4781/2726 953/1218/953
f 2813/3943/2811 345/422/345 342/416/342
f 114/5296/114 2510/3399/2510 116/3398/116
f 114/130/114 2238/2979/2238 2373/5062/2373
f 114/5296/114 2373/5297/2373 2510/3399/2510
f 859/5298/859 2513/3405/2513 122/140/122
f 859/1089/859 2514/3407/2513 2513/3406/2513
f 859/5298/859 122/140/122 860/4860/860
f 2917/5273/2915 2588/3515/2587 2823/5092/2821
f 213/269/213 756/966/756 2659/3630/2657
f 454/553/454 891/1128/891 458/557/458
f 2845/4001/2843 2846/4003/2844 3142/5243/3140
f 2824/3969/2822 1619/2113/1619 3258/4949/3256
f 1590/2084/1590 3302/5111/3300 3186/4742/3184
f 2321/3102/2321 3097/5292/3095 709/898/709
f 2321/3102/2321 2322/3103/2322 3097/5292/3095
f 723/920/723 1254/1604/1254 724/921/724
f 940/1201/940 3305/5134/3303 941/1202/941
f 954/1220/954 953/1221/953 2727/3766/2725
f 1269/1623/1269 3307/5289/3305 86/98/86
f 1269/1623/1269 1271/1625/1271 3307/5289/3305
f 2650/3613/2648 3141/4632/3139 2651/3614/2649
f 2487/3359/2487 2721/3757/2719 2488/3360/2488
f 238/297/238 724/921/724 1254/1604/1254
f 3019/4357/3017 2108/2790/2108 1200/1541/1200
f 648/4621/648 649/5047/649 3285/5046/3283
f 1167/1492/1167 1878/2468/1878 1168/1493/1168
f 3296/5220/3294 3295/5269/3293 2885/4078/2883
f 3318/5299/3316 93/105/93 90/102/90
f 2512/3404/2512 122/140/122 2513/3405/2513
f 1163/5300/1163 2907/4134/2905 1164/4132/1164
f 3329/5255/3327 2424/3723/2424 2423/5301/2423
f 2510/3399/2510 2373/5297/2373 2372/3400/2372
f 2075/3323/2075 3325/5241/3323 2467/3324/2467
f 3004/5013/3002 2723/3759/2721 3263/5190/3261
f 3009/4341/3007 1440/4342/1440 1478/1922/1478
f 3216/4834/3214 1745/2278/1745 3231/4874/3229
f 3216/4834/3214 3231/4874/3229 3230/4873/3228
f 2413/3229/2413 2412/3228/2412 3009/4341/3007
f 2413/3229/2413 3009/4341/3007 247/307/247
f 993/3619/993 165/202/165 994/4281/994
f 993/3619/993 994/4281/994 990/5302/990
f 2406/3222/2406 2572/3494/2571 3334/5303/3332
f 2572/3494/2571 2573/3495/2572 3334/5303/3332
f 2573/3495/2572 3276/5003/3274 3334/5303/3332
f 3276/5003/3274 3272/4993/3270 3334/5303/3332
f 3272/4993/3270 3270/4991/3268 3334/5303/3332
f 3270/4991/3268 3271/4992/3269 3334/5303/3332
f 3271/4992/3269 2407/3223/2407 3334/5303/3332
f 2407/3223/2407 2406/3222/2406 3334/5303/3332
f 241/5304/241 246/1920/246 1478/1922/1478
f 247/5305/247 241/5306/241 3335/5307/3333
f 241/5306/241 3009/5308/3007 3335/5307/3333
f 3153/4662/3151 3150/4661/3148 3336/5309/3334
f 3150/4658/3148 3152/4660/3150 3336/5310/3334
f 3152/5311/3150 3277/5312/3275 3336/5313/3334
f 3277/5017/3275 3151/4659/3149 3336/5314/3334
f 3151/4663/3149 3153/4662/3151 3336/5309/3334
f 338/411/338 335/408/335 3337/5315/3335
f 335/408/335 340/413/340 3337/5315/3335
f 340/413/340 703/891/703 3337/5315/3335
f 703/891/703 2447/3291/2447 3337/5315/3335
f 2447/3291/2447 2444/3288/2444 3337/5315/3335
f 2444/3288/2444 2446/3290/2446 3337/5315/3335
f 2446/3290/2446 2848/4005/2846 3337/5315/3335
f 2848/4005/2846 338/411/338 3337/5315/3335
f 1741/2273/1741 706/2909/706 2881/5316/2879
f 603/5317/603 602/2272/602 1741/2273/1741
f 2880/4070/2878 603/756/603 1741/5318/1741
f 2881/4071/2879 2880/4070/2878 1741/5318/1741
f 13/4129/13 8/5319/8 3338/5320/3336
f 8/11/8 10/13/10 3338/5321/3336
f 10/13/10 587/736/587 3338/5321/3336
f 587/736/587 586/735/586 3338/5321/3336
f 586/735/586 589/738/589 3338/5321/3336
f 589/1799/589 1397/1800/1397 3338/5320/3336
f 1397/1800/1397 2905/4127/2903 3338/5320/3336
f 2905/4127/2903 2904/4126/2902 3338/5320/3336
f 2904/4126/2902 13/4129/13 3338/5320/3336
f 1100/1403/1100 3023/4366/3021 3339/5322/3337
f 3023/4366/3021 3024/4367/3022 3339/5322/3337
f 3024/4367/3022 3132/4605/3130 3339/5322/3337
f 3132/4605/3130 609/766/609 3339/5322/3337
f 609/766/609 3308/5149/3306 3339/5322/3337
f 3308/5149/3306 1101/1404/1101 3339/5322/3337
f 1101/1404/1101 1100/1403/1100 3339/5322/3337
f 2944/4202/2942 3093/4518/3091 1536/5323/1536
f 2942/5324/2940 2946/4287/2944 2981/4286/2979
f 2981/4286/2979 2982/4289/2980 2947/5325/2945
f 2947/5326/2945 2944/4202/2942 1536/5323/1536
f 2981/4286/2979 2947/5325/2945 1536/5327/1536
f 2942/5324/2940 2981/4286/2979 1536/5327/1536
f 2942/5328/2940 1536/4522/1536 3094/4521/3092
f 2942/4200/2940 3094/4519/3092 2943/4201/2941
f 641/812/641 640/811/640 3340/5329/3338
f 640/811/640 643/814/643 3340/5329/3338
f 643/814/643 2783/3890/2781 3340/5329/3338
f 2783/3890/2781 3241/4895/3239 3340/5329/3338
f 3241/4895/3239 348/4894/348 3340/5329/3338
f 348/4894/348 347/5330/347 3340/5329/3338
f 347/5330/347 1190/5331/1190 3340/5329/3338
f 1190/5331/1190 641/812/641 3340/5329/3338
f 1887/5332/1887 1886/5333/1886 3341/5334/3339
f 1886/5333/1886 1888/5335/1888 3341/5334/3339
f 1888/5335/1888 2148/5336/2148 3341/5334/3339
f 2148/5336/2148 1887/5332/1887 3341/5334/3339
f 172/209/172 171/208/171 3342/5337/3340
f 171/208/171 175/212/175 3342/5337/3340
f 175/212/175 1856/2444/1856 3342/5337/3340
f 1856/2442/1856 1857/2443/1857 3342/5338/3340
f 1857/2443/1857 2278/3039/2278 3342/5338/3340
f 2278/3039/2278 3305/5134/3303 3342/5338/3340
f 3305/5134/3303 3223/5133/3221 3342/5338/3340
f 3223/4854/3221 172/209/172 3342/5337/3340
f 1876/4741/1876 3028/4743/3026 3343/5339/3341
f 3028/4743/3026 3332/5278/3330 3343/5339/3341
f 3332/5278/3330 3186/4742/3184 3343/5339/3341
f 363/5340/363 360/5341/360 3344/5342/3342
f 360/5341/360 362/5343/362 3344/5342/3342
f 362/5343/362 361/5344/361 3344/5342/3342
f 361/5344/361 363/5340/363 3344/5342/3342
f 901/1938/901 897/1143/897 3345/5345/3343
f 897/1143/897 902/1145/902 3345/5345/3343
f 902/1145/902 2843/3998/2841 3345/5345/3343
f 2843/3998/2841 2549/5346/2548 3345/5345/3343
f 2549/5346/2548 2548/5347/2547 3345/5345/3343
f 2548/5347/2547 2776/5348/2774 3345/5345/3343
f 2776/5348/2774 1489/1939/1489 3345/5345/3343
f 1489/1939/1489 901/1938/901 3345/5345/3343
f 1590/2084/1590 3186/4742/3184 1876/4741/1876
f 1590/2084/1590 1876/4741/1876 3346/5349/3344
f 3028/4373/3026 1590/2084/1590 3346/5349/3344
f 760/970/760 2015/2659/2015 3347/5350/3345
f 2015/2659/2015 2018/2662/2018 3347/5350/3345
f 2018/2662/2018 3306/5137/3304 3347/5350/3345
f 3306/5137/3304 3282/5036/3280 3347/5350/3345
f 3282/5036/3280 2912/4146/2910 3347/5350/3345
f 2912/4146/2910 763/973/763 3347/5350/3345
f 763/973/763 764/974/764 3347/5350/3345
f 764/974/764 760/970/760 3347/5350/3345
