# www.meshy.ai
mtllib Meshy_AI_The_Stern_Matriarch_0915204130_texture.mtl
o Meshy_AI_The_Stern_Matriarch_0915204130_texture
v 0.025757 0.326172 0.006042
v 0.025513 0.337891 0.012878
v 0.021240 0.332031 0.016113
v 0.020752 0.300781 0.009155
v 0.030029 0.308594 0.000347
v 0.016724 0.326172 0.017700
v 0.029297 0.320312 -0.007568
v 0.026978 0.333984 -0.001457
v 0.115723 -0.108887 -0.032227
v 0.119141 -0.184570 -0.033203
v 0.096680 -0.185547 -0.064941
v 0.123535 -0.109375 -0.001358
v 0.104980 -0.042236 -0.031738
v 0.116211 -0.042480 -0.001053
v 0.090820 -0.109863 -0.059082
v -0.015137 0.384766 0.060791
v -0.018799 0.382812 0.061279
v -0.015747 0.382812 0.060547
v -0.013000 0.386719 0.059570
v -0.016113 0.386719 0.060791
v -0.012634 0.384766 0.060059
v -0.073242 0.151367 0.017700
v -0.071777 0.150391 -0.003769
v -0.071777 0.120117 -0.002060
v -0.069824 0.153320 0.037842
v -0.082520 0.174805 0.031982
v -0.071777 0.119141 0.019043
v -0.083008 0.175781 0.011902
v 0.041504 0.453125 -0.029175
v 0.038818 0.451172 -0.024170
v 0.044434 0.447266 -0.030518
v 0.044678 0.449219 -0.033936
v 0.040283 0.447266 -0.033691
v 0.032715 0.451172 -0.029663
v 0.035645 0.458984 -0.023804
v 0.087402 -0.472656 0.070801
v 0.100586 -0.468750 0.052246
v 0.083008 -0.472656 0.052490
v 0.093262 -0.478516 0.082520
v 0.107422 -0.472656 0.070312
v 0.074707 -0.478516 0.057617
v 0.081543 -0.480469 0.075195
v -0.048096 0.369141 0.009888
v -0.050781 0.375000 0.007202
v -0.051270 0.371094 0.004974
v -0.045898 0.365234 0.008667
v -0.044678 0.365234 0.013550
v -0.042236 0.373047 0.010193
v -0.302734 -0.017334 0.031494
v -0.300781 -0.018677 0.026001
v -0.298828 -0.013794 0.027222
v -0.304688 -0.022461 0.032715
v -0.306641 -0.016113 0.029785
v -0.306641 -0.019775 0.033447
v 0.031494 0.458984 -0.001831
v 0.016724 0.464844 -0.007507
v 0.019043 0.464844 0.010864
v 0.036865 0.453125 0.015869
v 0.041016 0.447266 -0.001831
v 0.027710 0.457031 -0.015869
v 0.028564 0.460938 0.016724
v 0.124512 -0.482422 0.039795
v 0.115234 -0.472656 0.018799
v 0.109375 -0.464844 0.024902
v 0.113770 -0.472656 0.043457
v 0.125977 -0.480469 0.057129
v 0.131836 -0.488281 0.058105
v 0.129883 -0.488281 0.036865
v -0.013855 0.349609 -0.019653
v -0.015503 0.363281 -0.023071
v 0.000309 0.349609 -0.021973
v 0.000618 0.333984 -0.024780
v -0.022583 0.349609 -0.010681
v -0.025024 0.361328 -0.011963
v -0.015137 0.332031 -0.022705
v -0.099121 -0.337891 -0.028076
v -0.101562 -0.304688 -0.028320
v -0.083008 -0.337891 -0.049316
v -0.093262 -0.343750 -0.007538
v -0.091797 -0.308594 -0.005219
v -0.080078 -0.378906 -0.040527
v -0.092773 -0.376953 -0.026733
v 0.018555 0.380859 0.060547
v 0.015625 0.378906 0.058350
v 0.018555 0.378906 0.058105
v 0.020386 0.380859 0.060547
v 0.018921 0.382812 0.061768
v 0.016602 0.380859 0.060547
v 0.030884 0.253906 -0.060791
v 0.028442 0.291016 -0.054688
v 0.057861 0.283203 -0.055908
v 0.000439 0.223633 -0.057861
v 0.000664 0.257812 -0.057373
v 0.058350 0.245117 -0.058350
v 0.029175 0.221680 -0.061279
v -0.049072 0.429688 0.021851
v -0.052979 0.425781 0.006836
v -0.055664 0.414062 0.015991
v -0.053955 0.421875 0.025879
v -0.049805 0.437500 0.012939
v -0.051758 0.433594 0.031128
v -0.043945 0.441406 0.025024
v -0.265625 0.025635 0.003281
v -0.273438 0.013733 -0.000504
v -0.277344 0.023193 0.010803
v -0.263672 0.021118 -0.003998
v -0.255859 0.031250 -0.000145
v -0.265625 0.027100 0.015869
v -0.255859 0.031250 0.011475
v 0.008911 0.458984 0.064941
v -0.003754 0.464844 0.061523
v -0.002136 0.451172 0.068359
v 0.013245 0.447266 0.064941
v 0.012451 0.466797 0.054199
v 0.003082 0.466797 0.059814
v 0.014404 0.458984 0.059082
v 0.263672 -0.037842 -0.003510
v 0.261719 -0.039307 0.001129
v 0.259766 -0.034424 -0.001144
v 0.267578 -0.041260 -0.000156
v 0.263672 -0.041748 -0.001984
v 0.261719 -0.033203 -0.005219
v 0.267578 -0.037109 -0.001755
v -0.013062 0.380859 0.060303
v -0.019653 0.384766 0.052246
v -0.018311 0.380859 0.060547
v -0.007538 0.382812 0.061279
v -0.010254 0.382812 0.057617
v -0.012695 0.380859 0.061035
v -0.074219 -0.478516 0.057617
v -0.072266 -0.474609 0.038086
v -0.080078 -0.466797 0.039307
v -0.083496 -0.470703 0.053467
v -0.086914 -0.474609 0.071777
v -0.066406 -0.490234 0.039551
v -0.080566 -0.480469 0.075684
v -0.068359 -0.490234 0.059082
v 0.050537 0.371094 0.006683
v 0.050537 0.376953 0.005676
v 0.055908 0.375000 0.009766
v 0.052002 0.375000 0.015320
v 0.047852 0.363281 0.011047
v 0.237305 0.013977 -0.000256
v 0.233398 0.010681 -0.008911
v 0.238281 0.003586 -0.003159
v 0.248047 0.014709 0.007996
v 0.244141 0.021729 0.007690
v 0.233398 0.021240 0.001007
v 0.228516 0.016479 -0.008545
v -0.028931 0.458984 -0.056885
v -0.022949 0.453125 -0.054932
v -0.025513 0.455078 -0.046631
v -0.033203 0.460938 -0.053223
v -0.031494 0.462891 -0.062500
v -0.023804 0.457031 -0.064941
v -0.139648 -0.275391 -0.006012
v -0.131836 -0.183594 -0.003357
v -0.121094 -0.183594 -0.033936
v -0.153320 -0.373047 -0.008057
v -0.146484 -0.373047 0.020752
v -0.133789 -0.273438 0.021851
v -0.125977 -0.275391 -0.034424
v 0.007812 0.388672 -0.052246
v 0.006439 0.378906 -0.048340
v 0.002686 0.378906 -0.052246
v 0.003510 0.386719 -0.055908
v 0.008484 0.400391 -0.054688
v 0.294922 -0.004913 0.017334
v 0.302734 -0.008240 0.018188
v 0.298828 -0.005768 0.013794
v 0.296875 -0.002594 0.011230
v 0.298828 -0.007782 0.021729
v 0.287109 0.005432 0.009766
v 0.281250 -0.000946 0.012573
v 0.292969 -0.008972 0.017700
v -0.009094 0.462891 -0.025024
v -0.015625 0.470703 -0.024536
v -0.017700 0.460938 -0.030762
v -0.007416 0.472656 -0.020996
v -0.003143 0.464844 -0.022583
v -0.006805 0.457031 -0.027588
v -0.084473 -0.042725 -0.053467
v -0.089355 0.017700 -0.030884
v -0.058594 0.019409 -0.057617
v -0.092285 -0.110840 -0.059082
v -0.105469 -0.042480 -0.031250
v -0.062500 -0.110352 -0.075195
v -0.060059 -0.042480 -0.069336
v 0.022461 0.386719 0.054932
v 0.019897 0.384766 0.051025
v 0.027710 0.386719 0.056885
v 0.020996 0.386719 0.062988
v 0.017334 0.386719 0.057373
v 0.025269 0.384766 0.060303
v 0.045654 -0.484375 -0.016724
v 0.047119 -0.480469 -0.033447
v 0.043945 -0.484375 -0.034180
v 0.046631 -0.500000 -0.016235
v 0.054932 -0.486328 -0.000008
v 0.048584 -0.480469 -0.017822
v -0.018066 0.351562 0.057373
v -0.023193 0.361328 0.054443
v -0.022583 0.351562 0.053467
v -0.014343 0.349609 0.058838
v -0.012634 0.349609 0.061035
v -0.018677 0.357422 0.058350
v -0.015015 0.353516 0.060059
v -0.017456 0.347656 0.057129
v -0.298828 -0.029175 0.021362
v -0.304688 -0.034912 0.028076
v -0.298828 -0.033691 0.028076
v -0.296875 -0.031982 0.015320
v -0.300781 -0.035889 0.022705
v -0.296875 -0.025391 0.013611
v -0.294922 -0.029053 0.022705
v -0.292969 -0.021606 0.014954
v 0.003662 0.445312 -0.042236
v -0.001984 0.431641 -0.056396
v -0.006531 0.445312 -0.041016
v 0.010437 0.443359 -0.042236
v 0.006012 0.429688 -0.055908
v -0.065430 0.294922 0.001328
v -0.039551 0.304688 -0.007111
v -0.055664 0.308594 -0.020264
v -0.087891 0.279297 0.004639
v -0.069824 0.261719 0.020142
v -0.078613 0.300781 -0.016846
v -0.049316 0.287109 0.011353
v -0.033447 -0.375000 -0.108887
v -0.000145 -0.279297 -0.080078
v -0.000092 -0.375000 -0.081543
v -0.075195 -0.375000 -0.084961
v -0.033203 -0.279297 -0.099609
v 0.041016 0.373047 0.027222
v 0.041016 0.361328 0.026367
v 0.047607 0.371094 0.027710
v 0.049805 0.384766 0.031128
v 0.041504 0.386719 0.031982
v 0.123535 0.132812 -0.028687
v 0.104492 0.160156 -0.025757
v 0.130859 0.142578 -0.049316
v 0.146484 0.122559 -0.050049
v 0.138672 0.111816 -0.028809
v 0.135742 0.133789 -0.015625
v -0.022461 0.392578 0.057617
v -0.018311 0.396484 0.055176
v -0.023193 0.394531 0.054688
v -0.018311 0.392578 0.059570
v -0.018433 0.394531 0.058594
v -0.025635 0.388672 0.056641
v -0.021118 0.390625 0.059326
v -0.023193 0.388672 0.059082
v -0.091309 -0.449219 -0.036377
v -0.098145 -0.451172 -0.017456
v -0.095215 -0.437500 -0.017822
v -0.094727 -0.464844 -0.040039
v -0.100098 -0.462891 -0.020752
v -0.075684 -0.447266 -0.047852
v -0.079590 -0.462891 -0.053711
v -0.090820 -0.435547 -0.035889
v 0.009399 0.349609 0.061523
v 0.009094 0.357422 0.052002
v 0.012451 0.349609 0.058838
v 0.011902 0.349609 0.061035
v 0.010193 0.349609 0.062988
v 0.007324 0.349609 0.063477
v 0.267578 -0.013550 -0.008972
v 0.261719 -0.016357 -0.007812
v 0.261719 -0.008667 -0.009338
v 0.271484 -0.007446 -0.008057
v 0.273438 -0.015442 -0.004150
v 0.273438 -0.024780 -0.002319
v -0.006744 0.390625 0.049805
v -0.011230 0.396484 0.049072
v -0.012024 0.394531 0.052979
v -0.007782 0.390625 0.052979
v -0.006592 0.386719 0.052979
v -0.005524 0.384766 0.049072
v -0.025879 0.241211 0.057129
v 0.000599 0.257812 0.042236
v -0.020508 0.263672 0.042236
v -0.055664 0.218750 0.064941
v -0.027954 0.211914 0.074219
v -0.046875 0.247070 0.047607
v 0.000336 0.237305 0.059082
v 0.049561 0.486328 -0.005585
v 0.069336 0.500000 0.000050
v 0.069824 0.498047 -0.002899
v 0.029663 0.474609 -0.009155
v 0.029541 0.476562 -0.007446
v 0.037354 0.478516 -0.004486
v 0.051270 0.484375 -0.002533
v 0.051025 0.482422 -0.007233
v 0.070312 0.500000 0.002228
v 0.068359 -0.271484 0.012695
v 0.046143 -0.306641 -0.003052
v 0.071289 -0.310547 0.008728
v 0.086426 -0.226562 0.008911
v 0.067383 -0.226562 0.019531
v 0.043945 -0.227539 0.010742
v 0.043213 -0.271484 0.001312
v 0.087891 -0.269531 0.000774
v -0.045898 0.406250 -0.025513
v -0.041260 0.417969 -0.036133
v -0.041504 0.402344 -0.035645
v -0.046631 0.386719 -0.024902
v -0.051025 0.406250 -0.014404
v -0.036865 0.388672 -0.031982
v -0.043457 0.423828 -0.026245
v -0.051270 0.419922 -0.013062
v -0.300781 -0.035889 0.029785
v -0.302734 -0.037354 0.027344
v 0.014404 0.439453 -0.039795
v 0.016357 0.423828 -0.048096
v 0.011902 0.427734 -0.052734
v 0.156250 0.166992 -0.009521
v 0.125977 0.207031 -0.002319
v 0.125000 0.183594 0.000168
v 0.146484 0.151367 -0.004456
v 0.167969 0.143555 -0.012695
v 0.177734 0.149414 -0.025146
v 0.164062 0.170898 -0.025269
v -0.017944 0.488281 -0.070312
v -0.011963 0.480469 -0.075684
v -0.024780 0.476562 -0.073730
v -0.016602 0.492188 -0.057373
v -0.010193 0.496094 -0.062988
v -0.028564 0.484375 -0.063965
v -0.006195 0.492188 -0.069824
v -0.061523 0.120117 -0.021484
v -0.060059 0.149414 -0.026367
v -0.079590 0.175781 -0.009827
v 0.032227 0.394531 0.055176
v 0.034912 0.392578 0.047363
v 0.034668 0.400391 0.051758
v 0.029907 0.400391 0.058838
v 0.026489 0.394531 0.061523
v 0.029663 0.390625 0.056641
v 0.032471 0.390625 0.052246
v 0.072266 -0.435547 -0.047363
v 0.060303 -0.435547 -0.043213
v 0.067383 -0.410156 -0.053955
v 0.083496 -0.410156 -0.051270
v 0.085938 -0.423828 -0.046631
v 0.065918 -0.460938 -0.053955
v 0.058594 -0.447266 -0.045410
v 0.079102 -0.445312 -0.048096
v -0.012573 0.349609 0.058594
v -0.011597 0.349609 0.059570
v -0.011841 0.349609 0.061035
v -0.011780 0.347656 0.060547
v -0.011108 0.347656 0.060547
v -0.244141 0.030151 -0.017944
v -0.242188 0.046143 -0.007141
v -0.238281 0.038574 -0.021606
v -0.250000 0.022217 -0.014465
v -0.248047 0.034668 -0.004822
v -0.238281 0.023071 -0.020264
v 0.011780 0.443359 0.061279
v 0.000263 0.443359 0.063477
v 0.010803 0.427734 0.067383
v 0.027588 0.449219 0.045654
v 0.010559 0.458984 0.046143
v 0.023804 0.437500 0.057129
v 0.001015 0.458984 0.049805
v 0.277344 -0.044189 0.009705
v 0.279297 -0.047119 0.015747
v 0.277344 -0.041016 0.013000
v 0.279297 -0.049072 0.013245
v 0.275391 -0.038574 0.006104
v 0.281250 -0.048828 0.010010
v 0.279297 -0.042480 0.005432
v -0.002441 0.363281 0.077637
v -0.000160 0.363281 0.076172
v -0.000160 0.363281 0.078125
v 0.000229 0.367188 0.078613
v -0.002716 0.361328 0.075684
v -0.002869 0.367188 0.077637
v -0.004486 0.365234 0.076172
v -0.087891 -0.451172 0.016602
v -0.085449 -0.443359 0.007996
v -0.096191 -0.447266 0.001465
v -0.102051 -0.457031 0.012268
v -0.091309 -0.457031 0.023804
v -0.076660 -0.457031 0.021851
v -0.073730 -0.447266 0.011169
v 0.029053 0.363281 -0.011475
v 0.030762 0.373047 -0.027954
v 0.036621 0.373047 -0.017578
v 0.034912 0.361328 -0.009521
v 0.027832 0.355469 -0.004303
v 0.022827 0.355469 -0.008911
v 0.024902 0.363281 -0.019043
v -0.000862 0.009705 0.091797
v -0.000679 0.067871 0.089355
v -0.023804 0.068848 0.085938
v 0.023804 0.068359 0.085938
v -0.027588 0.010437 0.088379
v -0.001076 -0.050781 0.093262
v 0.026611 0.010498 0.089844
v -0.052979 0.398438 0.008789
v -0.049561 0.390625 0.013367
v -0.054443 0.396484 0.013611
v -0.054688 0.410156 0.005737
v -0.053467 0.396484 0.004333
v -0.048584 0.394531 0.009521
v -0.296875 -0.007721 0.020996
v -0.302734 -0.012573 0.023926
v -0.294922 -0.004517 0.018921
v -0.300781 -0.008789 0.017578
v -0.292969 -0.009705 0.020020
v 0.004242 0.470703 -0.018677
v 0.004761 0.464844 -0.023560
v -0.004700 0.468750 -0.018066
v 0.004883 0.472656 -0.011780
v 0.010315 0.468750 -0.014160
v 0.010498 0.466797 -0.016724
v 0.088867 -0.408203 0.006683
v 0.083008 -0.408203 -0.002090
v 0.087891 -0.410156 0.006104
v 0.095215 -0.416016 -0.001907
v 0.097656 -0.406250 0.000835
v -0.020020 0.414062 -0.052979
v -0.023193 0.396484 -0.050781
v -0.032227 0.406250 -0.041992
v -0.014282 0.431641 -0.051758
v -0.005493 0.416016 -0.057373
v -0.026978 0.429688 -0.045410
v -0.010864 0.398438 -0.052490
v -0.045898 -0.484375 -0.016846
v -0.048096 -0.482422 -0.017578
v -0.054199 -0.486328 0.000084
v -0.046387 -0.480469 -0.033936
v -0.042969 -0.484375 -0.034424
v -0.046387 -0.500000 -0.016846
v 0.289062 0.014893 0.026611
v 0.292969 0.008179 0.031250
v 0.298828 0.011719 0.031982
v 0.298828 0.012512 0.027710
v 0.294922 0.014587 0.022461
v 0.287109 0.016724 0.023438
v 0.289062 0.011780 0.025757
v 0.083984 -0.042480 -0.053955
v 0.059082 0.019897 -0.058105
v 0.089844 0.018311 -0.031494
v 0.059814 -0.041992 -0.069824
v 0.061523 -0.110352 -0.075195
v -0.027466 0.384766 0.053223
v -0.027588 0.386719 0.056885
v -0.026001 0.382812 0.056885
v -0.029175 0.384766 0.053711
v -0.098145 -0.185547 -0.064941
v -0.066895 -0.185547 -0.080566
v -0.107422 -0.275391 -0.071289
v -0.117188 -0.109863 -0.032227
v 0.013306 0.380859 0.059326
v 0.011230 0.378906 0.057861
v 0.014282 0.376953 0.056885
v 0.281250 0.015076 0.006927
v 0.285156 0.009155 0.008484
v 0.285156 0.006409 0.004395
v 0.279297 0.005127 -0.002609
v 0.275391 0.013916 -0.001343
v 0.283203 0.004974 -0.000370
v 0.285156 0.018311 0.014771
v 0.279297 0.022217 0.009949
v -0.002106 0.472656 0.048096
v -0.011108 0.474609 0.048096
v -0.010742 0.462891 0.059814
v -0.195312 0.051025 0.001434
v -0.235352 0.032227 0.014648
v -0.225586 0.021118 0.004547
v -0.209961 0.065918 0.011780
v -0.191406 0.044189 -0.015747
v -0.162109 0.081543 -0.022461
v -0.166992 0.086426 -0.004456
v 0.020508 0.464844 -0.067871
v 0.023315 0.466797 -0.063477
v 0.016846 0.458984 -0.062988
v 0.013367 0.464844 -0.070801
v 0.022095 0.474609 -0.068359
v 0.014954 0.476562 -0.074219
v 0.077148 -0.457031 0.022339
v 0.067383 -0.464844 0.013550
v 0.072754 -0.472656 0.036133
v 0.092773 -0.457031 0.027466
v 0.088867 -0.451172 0.018066
v 0.080078 -0.466797 0.038574
v 0.085449 -0.441406 0.008057
v 0.073730 -0.445312 0.010620
v -0.049072 0.369141 0.004242
v -0.048340 0.376953 0.002548
v -0.044434 0.369141 0.005188
v -0.053223 0.375000 0.000942
v -0.044678 0.365234 0.007751
v -0.096191 -0.453125 0.014343
v -0.091797 -0.453125 0.016113
v -0.093262 -0.449219 0.011108
v 0.010559 0.359375 -0.026489
v 0.008606 0.353516 -0.018799
v 0.000214 0.361328 -0.026123
v 0.016479 0.353516 -0.015198
v 0.001282 0.371094 -0.041016
v 0.012695 0.369141 -0.039551
v 0.019043 0.369141 -0.027222
v 0.294922 0.006592 0.027100
v 0.292969 0.009155 0.018677
v 0.298828 0.008057 0.024658
v 0.289062 0.007812 0.020996
v 0.300781 0.004730 0.033203
v -0.014587 0.462891 -0.016113
v -0.033447 0.457031 -0.025146
v -0.014221 0.462891 -0.016724
v -0.014282 0.466797 -0.017090
v -0.027222 0.291016 -0.054688
v -0.048828 0.304688 -0.042480
v -0.027832 0.316406 -0.039795
v 0.000431 0.296875 -0.053711
v -0.056885 0.285156 -0.056152
v -0.029907 0.255859 -0.061279
v 0.074707 0.500000 0.002701
v 0.071289 0.494141 0.001266
v 0.075195 0.500000 0.000092
v 0.072266 0.500000 0.000038
v 0.130859 -0.183594 -0.003159
v 0.139648 -0.273438 -0.005798
v 0.125000 -0.275391 -0.034424
v -0.016602 0.380859 0.060303
v -0.018921 0.380859 0.060303
v -0.015503 0.378906 0.058594
v -0.013733 0.380859 0.059570
v -0.257812 -0.018555 -0.005981
v -0.263672 -0.028931 0.000896
v -0.255859 -0.019653 0.002625
v -0.255859 -0.022095 -0.007599
v -0.261719 -0.028198 -0.003418
v -0.253906 -0.017456 -0.008118
v -0.261719 -0.016846 -0.005432
v 0.013855 0.386719 0.063477
v 0.012451 0.384766 0.057373
v 0.010559 0.384766 0.061768
v 0.017090 0.388672 0.063965
v 0.012451 0.388672 0.063477
v 0.010193 0.384766 0.062256
v 0.043701 0.378906 0.020508
v 0.040771 0.373047 0.017944
v 0.044189 0.380859 0.014526
v 0.045654 0.386719 0.018311
v 0.041748 0.378906 0.026978
v 0.000168 0.273438 0.035156
v 0.021118 0.281250 0.027710
v -0.000015 0.239258 -0.019409
v 0.022095 0.261719 0.042480
v -0.020386 0.283203 0.027222
v -0.063477 0.445312 -0.031738
v -0.047119 0.453125 -0.029541
v -0.046143 0.453125 -0.031738
v -0.084961 0.435547 -0.029419
v -0.086426 0.439453 -0.028198
v -0.062988 0.443359 -0.030151
v -0.064453 0.445312 -0.029785
v -0.281250 -0.049072 0.010864
v -0.283203 -0.047852 0.013367
v -0.281250 -0.043945 0.007263
v -0.279297 -0.049072 0.013306
v -0.281250 -0.050293 0.014099
v 0.002029 0.361328 0.072754
v 0.002258 0.361328 0.075195
v -0.000114 0.361328 0.073730
v -0.000450 0.361328 0.069824
v 0.003754 0.363281 0.074219
v 0.004181 0.363281 0.069824
v 0.001457 0.361328 0.069824
v 0.227539 0.031128 -0.025757
v 0.237305 0.039062 -0.021729
v 0.238281 0.023193 -0.020996
v 0.229492 0.018066 -0.018677
v 0.220703 0.023682 -0.019653
v -0.013123 0.394531 0.055908
v -0.017700 0.398438 0.051270
v -0.031738 -0.112305 0.080078
v -0.030518 -0.049561 0.088867
v -0.062012 -0.048828 0.078125
v -0.063965 -0.111816 0.078613
v -0.030151 -0.186523 0.075195
v -0.002472 -0.111816 0.095703
v 0.053223 0.394531 0.004272
v 0.053955 0.388672 0.001633
v 0.051514 0.400391 -0.011963
v 0.047363 0.386719 0.005646
v 0.057373 0.410156 -0.008728
v 0.057861 0.408203 0.008118
v 0.052002 0.394531 0.011841
v 0.047852 0.392578 0.010193
v 0.056641 -0.496094 0.004272
v 0.053711 -0.500000 0.001266
v 0.103027 -0.500000 -0.017212
v 0.062500 -0.486328 0.016479
v 0.104980 -0.496094 -0.013916
v 0.060791 -0.498047 0.013489
v -0.122559 0.240234 -0.045410
v -0.125000 0.209961 -0.054443
v -0.144531 0.207031 -0.023926
v -0.128906 0.242188 -0.021240
v -0.106934 0.267578 -0.043701
v -0.091309 0.251953 -0.057129
v -0.147461 0.150391 -0.004333
v -0.136719 0.132812 -0.015747
v -0.112793 0.166992 -0.009094
v -0.161133 0.153320 -0.013184
v -0.155273 0.134766 -0.009277
v -0.125000 0.184570 -0.000580
v 0.018433 0.494141 -0.062500
v 0.012939 0.492188 -0.068359
v 0.010620 0.500000 -0.059570
v 0.018311 0.484375 -0.070312
v 0.017700 0.498047 -0.054199
v 0.023071 0.492188 -0.054688
v 0.023926 0.484375 -0.063477
v -0.059082 -0.447266 -0.046631
v -0.051270 -0.449219 -0.033447
v -0.059326 -0.462891 -0.052002
v -0.073242 -0.435547 -0.046875
v -0.060303 -0.435547 -0.043945
v 0.020996 0.347656 0.052734
v 0.026733 0.349609 0.043213
v 0.028320 0.355469 0.044922
v 0.015503 0.347656 0.057129
v 0.019287 0.341797 0.052734
v 0.022095 0.353516 0.053955
v 0.017090 0.349609 0.056885
v 0.101562 0.017212 -0.000931
v 0.082520 0.074219 -0.004395
v 0.084473 0.072754 0.019897
v 0.097656 0.015869 0.020264
v -0.026245 0.390625 0.060791
v -0.030151 0.390625 0.056641
v -0.028076 0.386719 0.056641
v -0.027222 0.394531 0.061279
v -0.025879 0.388672 0.060303
v -0.021118 0.388672 0.063477
v -0.021118 0.390625 0.063965
v -0.269531 -0.008850 -0.006256
v -0.271484 -0.015564 -0.002365
v -0.273438 -0.014648 -0.000694
v -0.265625 -0.013000 -0.008545
v -0.265625 0.002380 -0.008362
v -0.277344 -0.012390 -0.000961
v -0.275391 -0.006744 -0.005859
v 0.011780 0.394531 0.052734
v 0.017700 0.396484 0.051514
v 0.011292 0.396484 0.049316
v 0.007050 0.392578 0.049805
v 0.018311 0.394531 0.055176
v 0.013184 0.394531 0.055908
v 0.007874 0.390625 0.052979
v 0.097168 -0.416016 -0.019897
v 0.101562 -0.408203 -0.019531
v 0.091309 -0.435547 -0.035400
v 0.094727 -0.412109 -0.040283
v 0.094238 -0.431641 -0.002853
v 0.096191 -0.439453 -0.018066
v -0.006989 0.351562 0.067383
v -0.010193 0.351562 0.064941
v -0.010010 0.349609 0.063965
v -0.003998 0.349609 0.064941
v -0.002869 0.351562 0.069336
v -0.006927 0.353516 0.067871
v -0.067383 -0.186523 0.031494
v -0.089355 -0.185547 0.021118
v -0.067383 -0.227539 0.019043
v -0.042236 -0.188477 0.020020
v 0.052002 0.384766 0.006714
v 0.059326 0.380859 0.011841
v 0.054199 0.394531 0.008057
v 0.046875 0.214844 0.071289
v 0.027588 0.241211 0.057617
v 0.026245 0.210938 0.074707
v 0.049561 0.182617 0.079102
v 0.067871 0.191406 0.065918
v 0.061035 0.219727 0.058838
v -0.024048 0.466797 0.007141
v -0.016235 0.468750 -0.001366
v -0.023071 0.464844 -0.002625
v -0.034668 0.462891 0.006775
v -0.031250 0.464844 0.017334
v -0.020508 0.468750 0.015442
v -0.015381 0.468750 0.007935
v 0.021729 0.337891 0.031250
v 0.023682 0.341797 0.039795
v 0.015625 0.333984 0.041016
v 0.011963 0.332031 0.028809
v 0.020386 0.337891 0.024292
v 0.030151 0.345703 0.031982
v 0.030029 0.343750 0.022705
v 0.292969 -0.019897 0.013428
v 0.294922 -0.020386 0.010254
v 0.292969 -0.017090 0.009277
v 0.283203 -0.013489 0.010132
v 0.291016 -0.022583 0.016357
v 0.298828 -0.023560 0.016235
v -0.014038 0.443359 -0.044678
v -0.014893 0.455078 -0.034424
v 0.001656 0.455078 -0.038818
v -0.026855 0.443359 -0.038086
v 0.001457 0.445312 -0.046875
v -0.104492 0.159180 -0.026245
v -0.139648 0.110840 -0.028931
v -0.125000 0.132812 -0.028931
v -0.162109 0.124512 -0.001312
v -0.148438 0.113770 -0.009583
v 0.022949 0.423828 0.060059
v 0.031982 0.414062 0.053711
v 0.034424 0.423828 0.050537
v 0.010254 0.416016 0.068359
v 0.020508 0.408203 0.063965
v 0.033203 -0.375000 -0.107422
v 0.032715 -0.279297 -0.099609
v 0.074219 -0.375000 -0.084961
v -0.050537 0.376953 0.026855
v -0.049561 0.365234 0.020996
v -0.043213 0.367188 0.023682
v -0.051514 0.390625 0.030273
v -0.054932 0.388672 0.016235
v -0.052734 0.376953 0.015564
v -0.041504 0.390625 0.031128
v -0.043701 0.376953 0.026367
v -0.289062 -0.021484 0.006500
v -0.289062 -0.026367 0.007996
v -0.292969 -0.019653 0.009033
v -0.275391 -0.016113 0.004700
v -0.287109 -0.025024 0.010376
v 0.007538 0.388672 0.064941
v 0.007782 0.384766 0.062256
v 0.011414 0.388672 0.064453
v 0.008972 0.390625 0.066406
v 0.004913 0.386719 0.065918
v 0.013489 0.390625 0.065918
v 0.004333 0.382812 0.063965
v -0.023438 0.339844 0.040039
v -0.021606 0.337891 0.031494
v -0.015991 0.333984 0.041504
v -0.026489 0.347656 0.043457
v -0.029297 0.345703 0.033691
v -0.019287 0.337891 0.047363
v -0.058350 -0.184570 0.081543
v -0.084473 -0.182617 0.077148
v -0.059570 -0.277344 0.085449
v -0.030273 -0.277344 0.070801
v 0.049316 0.388672 0.015320
v 0.050049 0.382812 0.009460
v 0.046387 0.390625 0.016357
v 0.051514 0.390625 0.014221
v 0.054199 0.390625 0.011597
v 0.040283 0.269531 0.033203
v 0.030884 0.289062 0.017700
v -0.030762 0.474609 -0.042480
v -0.023193 0.482422 -0.040283
v -0.031494 0.480469 -0.050049
v -0.036377 0.468750 -0.047363
v -0.030518 0.466797 -0.038086
v -0.025024 0.476562 -0.034424
v -0.036865 0.472656 -0.052490
v -0.112793 -0.472656 0.044189
v -0.095215 -0.464844 0.039062
v -0.109863 -0.466797 0.025879
v -0.124023 -0.480469 0.040283
v -0.125977 -0.482422 0.058105
v -0.117676 -0.476562 0.061523
v -0.100586 -0.470703 0.052490
v 0.080566 0.296875 -0.038818
v 0.050537 0.304688 -0.041260
v 0.057129 0.306641 -0.017334
v 0.079590 0.298828 -0.016113
v 0.098633 0.285156 -0.039307
v 0.083984 0.273438 -0.053955
v -0.008057 0.378906 0.052246
v -0.007172 0.378906 0.049072
v -0.132812 0.142578 -0.049805
v -0.112305 0.167969 -0.049561
v -0.147461 0.121582 -0.050049
v -0.164062 0.134766 -0.059326
v -0.148438 0.158203 -0.056885
v 0.043945 0.439453 0.027100
v 0.037109 0.449219 0.032715
v 0.034912 0.437500 0.045166
v 0.047363 0.425781 0.021729
v 0.043945 0.441406 0.014648
v 0.041748 0.423828 0.036865
v 0.048096 -0.408203 -0.028564
v 0.045898 -0.408203 -0.028809
v 0.047119 -0.406250 -0.015137
v 0.072266 -0.431641 -0.017578
v 0.054932 -0.410156 -0.046387
v 0.053711 -0.410156 -0.046631
v -0.024170 0.378906 0.058350
v -0.028809 0.380859 0.053711
v -0.018311 0.378906 0.060547
v -0.022949 0.382812 0.059326
v -0.026245 0.376953 0.056396
v -0.018188 0.375000 0.058838
v -0.263672 -0.040527 -0.001228
v -0.265625 -0.039062 0.000881
v -0.261719 -0.036377 -0.002304
v -0.257812 -0.036133 0.000416
v -0.263672 -0.043213 0.003433
v -0.265625 -0.043457 0.000053
v -0.259766 -0.039551 0.001633
v -0.267578 -0.042480 0.001923
v 0.007874 0.378906 0.062256
v 0.007019 0.373047 0.066406
v 0.011658 0.378906 0.060303
v 0.006866 0.382812 0.060791
v 0.003754 0.376953 0.066895
v 0.012634 0.378906 0.060791
v 0.257812 0.031250 -0.000725
v 0.250000 0.022217 -0.015503
v 0.247070 0.034424 -0.004883
v 0.267578 0.025391 0.002731
v 0.263672 0.021118 -0.005219
v 0.249023 0.031494 0.007324
v 0.257812 0.030640 0.010498
v -0.009766 0.414062 0.068359
v -0.021240 0.412109 0.062256
v -0.010742 0.402344 0.070312
v 0.000172 0.429688 0.069336
v -0.010498 0.427734 0.066406
v 0.000385 0.414062 0.070801
v -0.096680 0.016235 0.019531
v -0.115723 -0.043213 -0.001389
v -0.108887 -0.045410 0.022949
v -0.087402 0.013245 0.040527
v -0.076172 0.071777 0.039795
v -0.082520 0.072754 0.020142
v -0.100586 0.017090 -0.000938
v 0.048340 0.441406 -0.037598
v 0.044189 0.445312 -0.036133
v 0.046631 0.445312 -0.035400
v 0.117676 -0.476562 0.060791
v 0.096191 -0.466797 0.040771
v -0.038574 0.349609 0.005798
v -0.043213 0.347656 0.001877
v -0.037842 0.341797 0.005127
v -0.040283 0.359375 0.005737
v -0.221680 0.077148 0.005127
v -0.181641 0.099609 0.004059
v -0.195312 0.115234 -0.000992
v -0.226562 0.079590 -0.012451
v -0.251953 0.039795 -0.002716
v -0.247070 0.041504 0.012024
v 0.011841 0.484375 -0.028809
v 0.008667 0.492188 -0.036133
v 0.003906 0.488281 -0.028198
v 0.016113 0.490234 -0.038574
v 0.002945 0.478516 -0.023438
v 0.014771 0.472656 -0.024414
v 0.020142 0.474609 -0.030273
v 0.018799 0.482422 -0.033936
v 0.291016 -0.028564 0.014038
v 0.300781 -0.033203 0.017212
v 0.296875 -0.033203 0.020508
v 0.296875 -0.028931 0.023193
v 0.287109 -0.024780 0.009583
v 0.291016 -0.025757 0.007446
v 0.296875 -0.029785 0.013855
v -0.010437 0.423828 -0.054688
v -0.009216 0.416016 -0.058105
v -0.015869 0.416016 -0.049805
v -0.012207 0.441406 -0.044434
v -0.015747 0.433594 -0.041748
v -0.085449 -0.423828 -0.012146
v -0.072754 -0.384766 0.001678
v -0.088867 -0.382812 -0.009644
v -0.074219 -0.425781 -0.002991
v -0.087402 -0.423828 -0.025024
v 0.011719 0.357422 0.063477
v 0.010681 0.351562 0.063965
v 0.014526 0.353516 0.060059
v 0.018677 0.357422 0.059326
v 0.014771 0.363281 0.061768
v 0.007019 0.353516 0.067383
v 0.007935 0.363281 0.065430
v 0.005463 0.357422 0.067871
v 0.000519 0.152344 -0.047607
v 0.000278 0.188477 -0.054443
v 0.027588 0.187500 -0.056641
v -0.024170 0.151367 -0.048340
v -0.026367 0.187500 -0.056152
v 0.025513 0.150391 -0.048828
v 0.000572 0.119629 -0.039551
v -0.059082 0.416016 0.026123
v -0.050781 0.419922 0.030518
v -0.054199 0.425781 0.028564
v -0.047852 0.427734 0.018066
v -0.053711 0.414062 0.016357
v -0.060547 0.402344 0.022217
v -0.052979 0.406250 0.027710
v 0.269531 -0.019653 0.005280
v 0.279297 -0.028442 0.007874
v 0.277344 -0.014465 0.002991
v 0.265625 -0.019775 -0.002655
v 0.273438 -0.033203 0.002823
v 0.275391 -0.031128 0.008606
v 0.277344 -0.009277 0.005890
v 0.263672 -0.014465 0.002319
v -0.031006 0.453125 -0.021484
v -0.021729 0.460938 -0.022461
v -0.014038 0.464844 -0.023560
v -0.006592 0.464844 -0.023926
v -0.033447 0.310547 -0.015747
v -0.020386 0.318359 -0.026978
v -0.032471 0.306641 -0.033203
v -0.042480 0.302734 -0.019409
v -0.028931 0.308594 0.000553
v -0.027954 0.320312 -0.009033
v 0.038818 0.421875 0.049561
v 0.045166 0.429688 0.044189
v 0.033447 0.435547 0.058350
v 0.045410 0.417969 0.042969
v 0.035889 0.417969 0.050781
v 0.039551 0.406250 0.042480
v 0.069336 -0.275391 -0.084473
v 0.065430 -0.185547 -0.079590
v 0.105957 -0.277344 -0.071777
v 0.119141 -0.373047 -0.079102
v 0.032471 -0.184570 -0.092285
v -0.023560 0.376953 0.052979
v -0.017700 0.373047 0.049805
v -0.018921 0.375000 0.053467
v -0.025635 0.380859 0.055664
v -0.027466 0.378906 0.052002
v -0.022949 0.376953 0.055908
v -0.023560 0.376953 0.048584
v 0.010132 0.384766 0.057373
v 0.013123 0.382812 0.060547
v 0.018066 0.380859 0.060791
v 0.022705 0.382812 0.059326
v 0.026001 0.382812 0.057129
v 0.028320 0.384766 0.053955
v 0.000198 0.326172 0.045898
v -0.000084 0.326172 0.059814
v -0.006805 0.326172 0.057617
v 0.001038 0.328125 0.030396
v 0.006226 0.328125 0.044434
v -0.005341 0.328125 0.043457
v 0.006714 0.328125 0.057617
v -0.071777 -0.429688 0.006104
v -0.058350 -0.431641 -0.001091
v -0.066406 -0.416016 0.011475
v -0.083984 -0.427734 0.004791
v -0.060547 -0.445312 -0.001228
v 0.045654 0.376953 0.005127
v 0.041504 0.361328 0.006836
v 0.047363 0.361328 0.003006
v 0.052490 0.376953 0.000751
v 0.022827 0.155273 0.081055
v 0.022827 0.121094 0.081543
v 0.045654 0.119141 0.069336
v 0.000214 0.167969 0.085449
v 0.000248 0.154297 0.082031
v 0.049805 0.165039 0.074219
v 0.025879 0.182617 0.083496
v 0.044922 0.153320 0.068359
v -0.055908 0.439453 0.000008
v -0.059082 0.423828 -0.005005
v -0.283203 0.005829 0.010254
v -0.294922 -0.003967 0.011841
v -0.285156 0.004028 0.004395
v -0.281250 -0.000534 0.012695
v -0.275391 0.006287 0.012146
v -0.283203 0.009460 0.007385
v 0.008057 0.474609 -0.078125
v 0.003387 0.464844 -0.074219
v -0.004150 0.472656 -0.077637
v -0.000206 0.482422 -0.075684
v 0.010864 0.482422 -0.074707
v 0.133789 -0.273438 0.022461
v 0.145508 -0.373047 0.020752
v 0.104980 -0.275391 0.035889
v 0.111816 -0.375000 0.032959
v 0.124512 -0.184570 0.023804
v -0.038818 0.365234 0.001572
v -0.038818 0.361328 -0.005829
v -0.034180 0.359375 0.004395
v -0.045654 0.375000 -0.010803
v -0.043213 0.371094 0.005066
v -0.051758 -0.486328 -0.049316
v -0.053467 -0.482422 -0.046631
v -0.059326 -0.500000 -0.052002
v -0.063965 -0.486328 -0.056152
v 0.039551 0.353516 0.027466
v 0.044189 0.351562 0.027588
v 0.045898 0.361328 0.027344
v 0.037842 0.343750 0.025391
v 0.257812 -0.031128 -0.001968
v 0.255859 -0.019775 -0.000053
v 0.253906 -0.023926 -0.002808
v 0.259766 -0.030518 0.000835
v 0.259766 -0.029785 -0.006134
v -0.020142 0.386719 0.060791
v -0.018433 0.388672 0.061279
v -0.021240 0.384766 0.060791
v -0.265625 -0.037842 0.003433
v -0.265625 -0.035889 -0.001198
v -0.261719 -0.037842 0.004700
v -0.263672 -0.041260 0.004974
v 0.005951 0.369141 0.072266
v 0.007050 0.369141 0.068848
v 0.004669 0.373047 0.070801
v 0.006409 0.365234 0.072266
v 0.007874 0.369141 0.069336
v 0.004211 0.367188 0.075195
v 0.203125 0.118164 -0.018433
v 0.225586 0.080078 -0.011780
v 0.223633 0.071777 -0.029175
v 0.185547 0.144531 -0.023193
v 0.177734 0.136719 -0.007111
v 0.198242 0.111816 -0.037842
v 0.195312 0.113281 -0.000854
v -0.006805 0.474609 0.037598
v -0.000183 0.476562 0.036865
v -0.005554 0.476562 0.025024
v -0.012268 0.474609 0.028320
v -0.227539 0.038818 -0.009216
v 0.032471 0.460938 -0.004517
v 0.043945 0.447266 -0.007385
v 0.037354 0.449219 -0.017334
v 0.026367 0.458984 -0.015442
v 0.015625 0.464844 -0.004028
v 0.031982 0.462891 0.003311
v 0.041992 0.457031 -0.000149
v 0.058350 -0.429688 -0.001312
v 0.051758 -0.408203 0.003098
v 0.045410 -0.410156 -0.015137
v 0.060547 -0.445312 -0.001480
v 0.072266 -0.429688 0.006042
v 0.057861 -0.406250 0.012939
v 0.051270 -0.435547 -0.016357
v 0.067383 -0.416016 0.011963
v -0.048096 0.376953 -0.009888
v -0.052490 0.378906 -0.001984
v -0.050537 0.392578 -0.013733
v -0.043701 0.359375 -0.005768
v -0.047119 0.359375 -0.000238
v -0.294922 -0.033936 0.020508
v 0.001190 0.427734 -0.053955
v 0.012634 0.437500 -0.048584
v 0.013733 0.416016 -0.053223
v 0.074219 0.225586 0.038086
v 0.062988 0.250000 0.033936
v 0.049316 0.245117 0.046143
v 0.080566 0.195312 0.046631
v 0.080566 0.230469 0.016846
v 0.085449 0.200195 0.023438
v -0.023071 0.466797 -0.029175
v -0.017090 0.476562 -0.028198
v -0.071777 0.074707 -0.025513
v -0.081543 0.074707 -0.004486
v -0.049805 0.075684 -0.042236
v 0.033691 0.384766 0.048096
v 0.037598 0.384766 0.040771
v 0.038330 0.396484 0.041504
v 0.061035 -0.425781 -0.010071
v 0.073730 -0.425781 -0.003174
v 0.073242 -0.382812 0.001633
v 0.055908 -0.382812 -0.007019
v 0.060303 -0.425781 -0.025391
v -0.011841 0.357422 0.063965
v -0.250000 0.031738 -0.019165
v -0.239258 0.018677 -0.027832
v -0.227539 0.011047 -0.018799
v -0.222656 0.011108 -0.007629
v 0.013794 0.394531 0.068359
v 0.007141 0.400391 0.070312
v 0.007172 0.392578 0.069824
v 0.019165 0.392578 0.065430
v 0.022217 0.398438 0.065430
v 0.011414 0.402344 0.069336
v -0.064941 -0.500000 0.038086
v -0.060547 -0.496094 0.013916
v -0.123047 -0.500000 0.015320
v -0.109375 -0.496094 -0.002777
v -0.064941 -0.500000 0.058105
v 0.123047 0.242188 -0.044189
v 0.143555 0.207031 -0.023193
v 0.141602 0.201172 -0.043945
v 0.091797 0.251953 -0.057129
v 0.107910 0.267578 -0.042480
v 0.128906 0.242188 -0.020752
v 0.100098 0.229492 -0.055908
v 0.033691 -0.180664 -0.013977
v 0.052490 -0.176758 -0.034180
v 0.033936 -0.224609 -0.022095
v 0.042236 -0.187500 0.020264
v -0.029541 0.427734 -0.060791
v -0.027710 0.433594 -0.057129
v -0.023438 0.431641 -0.060547
v -0.027954 0.421875 -0.062988
v -0.031250 0.419922 -0.061768
v -0.029175 0.421875 -0.058350
v -0.026978 0.429688 -0.053223
v -0.306641 -0.022461 0.029663
v -0.294922 -0.014099 0.017944
v -0.304688 -0.017456 0.022949
v 0.009216 0.462891 -0.007751
v 0.018799 0.464844 -0.006561
v 0.008789 0.460938 -0.005432
v 0.008423 0.466797 -0.007599
v 0.029419 0.472656 -0.009583
v 0.121582 -0.488281 0.015991
v 0.103516 -0.482422 -0.002457
v 0.104004 -0.462891 0.000290
v 0.102051 -0.458984 0.011841
v -0.017456 0.353516 -0.016846
v -0.022461 0.363281 -0.023804
v -0.015381 0.359375 -0.027100
v -0.011353 0.351562 -0.019775
v -0.020630 0.353516 -0.013855
v -0.044189 -0.339844 -0.034668
v -0.062988 -0.378906 -0.042480
v -0.057861 -0.337891 -0.051025
v -0.046387 -0.306641 -0.004120
v -0.049316 -0.343750 -0.005646
v -0.037354 -0.304688 -0.036377
v -0.052979 -0.380859 -0.029297
v 0.031982 0.378906 0.052002
v 0.028809 0.382812 0.054199
v 0.026001 0.376953 0.056885
v 0.030029 0.384766 0.053223
v 0.031738 0.373047 0.053711
v 0.038086 0.376953 0.042969
v 0.147461 0.156250 -0.056885
v 0.110840 0.168945 -0.049561
v 0.129883 0.188477 -0.055664
v 0.163086 0.134766 -0.059082
v 0.175781 0.144531 -0.046387
v 0.160156 0.166016 -0.044922
v -0.036133 0.451172 0.017578
v -0.030273 0.458984 -0.004181
v -0.042725 0.443359 0.010193
v -0.025635 0.462891 0.015991
v -0.042236 0.439453 0.026245
v -0.036133 0.449219 0.031128
v -0.024536 0.458984 0.032959
v 0.283203 -0.008423 -0.000057
v 0.279297 -0.012329 -0.001556
v 0.277344 -0.006500 -0.006836
v 0.283203 -0.002075 -0.000732
v 0.283203 -0.007782 0.005951
v -0.009888 0.386719 0.062256
v -0.007416 0.384766 0.062256
v -0.011169 0.388672 0.064453
v -0.010986 0.384766 0.062256
v -0.009827 0.382812 0.061768
v -0.012390 0.386719 0.063965
v -0.013000 0.386719 0.062988
v -0.042969 0.326172 0.020142
v -0.042236 0.330078 0.020142
v -0.044922 0.330078 0.020020
v -0.042969 0.332031 0.017822
v 0.021729 0.490234 -0.044922
v 0.029053 0.480469 -0.053467
v 0.025513 0.478516 -0.040039
v 0.027466 -0.183594 0.098145
v 0.029297 -0.277344 0.101562
v 0.048340 -0.184570 0.083008
v -0.003326 -0.277344 0.099121
v 0.043457 -0.111816 0.081543
v 0.026611 -0.111328 0.096191
v -0.003326 -0.184570 0.097656
v -0.053711 0.390625 0.011658
v -0.051025 0.392578 0.010498
v -0.054688 0.388672 0.004822
v -0.051025 0.392578 0.014404
v -0.049561 0.382812 0.009216
v -0.050049 0.388672 0.015076
v -0.055908 0.386719 0.006409
v -0.223633 0.071289 -0.029663
v -0.215820 0.060547 -0.041260
v 0.010010 0.474609 0.047852
v 0.008484 0.476562 0.036377
v 0.002747 0.476562 0.025391
v 0.265625 -0.044434 0.002792
v 0.263672 -0.042236 0.005157
v 0.263672 -0.038086 0.004181
v -0.008179 0.367188 0.069824
v -0.008423 0.365234 0.069336
v -0.006409 0.365234 0.072754
v -0.006378 0.369141 0.071777
v -0.006927 0.371094 0.068359
v -0.008850 0.369141 0.066406
v -0.044189 -0.410156 -0.015869
v -0.051025 -0.408203 0.003036
v -0.056885 -0.408203 0.013062
v -0.050537 -0.435547 -0.016357
v 0.035156 0.384766 -0.031982
v 0.043701 0.386719 -0.024414
v 0.025635 0.382812 -0.037109
v 0.036865 0.400391 -0.039307
v 0.077148 0.071289 0.040039
v 0.088867 0.013611 0.040527
v 0.068359 0.119629 0.037598
v 0.068359 0.070801 0.055420
v 0.059814 0.119141 0.053223
v -0.040039 0.441406 -0.020142
v -0.038330 0.433594 -0.034424
v -0.049316 0.439453 -0.011658
v -0.041260 0.451172 -0.005096
v -0.124023 -0.373047 0.060303
v -0.098145 -0.373047 0.085449
v -0.090332 -0.275391 0.081543
v -0.114258 -0.275391 0.059082
v -0.111816 -0.371094 0.031738
v 0.036865 0.363281 0.012695
v 0.039062 0.371094 0.007019
v 0.040039 0.361328 0.011536
v 0.035156 0.357422 0.012939
v 0.032227 0.361328 0.000927
v 0.037598 0.361328 0.014832
v 0.306641 -0.013245 0.024292
v 0.298828 -0.013123 0.014771
v 0.296875 -0.010254 0.011169
v -0.006134 0.449219 -0.052490
v -0.011902 0.451172 -0.058838
v -0.001045 0.451172 -0.062500
v 0.001236 0.449219 -0.052734
v -0.000725 0.449219 -0.042480
v -0.008301 0.447266 -0.042725
v -0.011963 0.447266 -0.050781
v -0.124023 -0.109375 -0.001663
v 0.025635 0.386719 0.060791
v 0.021362 0.388672 0.062988
v 0.053955 -0.480469 -0.046875
v 0.047119 -0.464844 -0.016846
v 0.046387 -0.462891 -0.034424
v -0.019287 0.341797 0.052002
v -0.012878 0.341797 0.057861
v -0.015747 0.345703 0.057129
v -0.014038 0.332031 0.054199
v -0.021240 0.347656 0.052734
v -0.013184 0.337891 0.057129
v -0.104004 -0.462891 0.000385
v 0.005035 0.347656 0.065918
v 0.000015 0.347656 0.064941
v 0.000195 0.345703 0.066895
v 0.000198 0.343750 0.066406
v 0.005035 0.343750 0.065430
v 0.003723 0.347656 0.064453
v 0.008606 0.345703 0.062988
v 0.008423 0.347656 0.062988
v 0.251953 -0.009216 -0.011902
v 0.238281 0.000664 -0.011108
v 0.247070 0.004333 -0.015625
v 0.255859 -0.017090 -0.009399
v 0.244141 -0.010498 -0.008606
v -0.022705 0.386719 0.054932
v -0.021729 0.386719 0.062256
v -0.017944 0.388672 0.063965
v -0.016968 0.384766 0.057617
v 0.007355 0.330078 0.062988
v -0.007172 0.330078 0.062256
v -0.000175 0.328125 0.064453
v 0.070801 0.494141 -0.001442
v 0.051025 0.480469 -0.003281
v 0.052734 0.482422 -0.004700
v 0.082520 -0.408203 0.008179
v 0.077148 -0.404297 0.009338
v 0.077148 -0.406250 0.013855
v 0.084473 -0.427734 0.004211
v -0.044922 0.388672 -0.009460
v -0.038330 0.373047 -0.004272
v -0.046143 0.386719 0.005341
v -0.037842 0.388672 -0.023804
v -0.031006 0.373047 -0.017090
v -0.049316 0.398438 0.003143
v -0.046631 0.408203 -0.016235
v -0.038818 0.404297 -0.030396
v -0.277344 -0.007080 0.009460
v -0.287109 -0.014648 0.011902
v -0.287109 -0.022339 0.015442
v -0.265625 0.001373 0.005341
v -0.281250 -0.006714 0.006683
v -0.273438 -0.010864 0.005249
v 0.016968 0.458984 -0.040283
v 0.007812 0.453125 -0.044922
v 0.015381 0.455078 -0.050537
v 0.013855 0.462891 -0.027466
v 0.010254 0.457031 -0.036865
v 0.019775 0.466797 -0.032471
v 0.020996 0.460938 -0.041504
v -0.015747 0.351562 0.037598
v -0.009277 0.359375 0.039551
v -0.015747 0.351562 0.046875
v -0.009644 0.341797 0.036865
v 0.000252 0.351562 0.028198
v 0.027832 0.380859 0.044678
v 0.028809 0.384766 0.044922
v 0.027954 0.380859 0.048340
v 0.023315 0.375000 0.045166
v 0.015869 0.332031 -0.022217
v 0.022949 0.349609 -0.010132
v 0.024292 0.330078 -0.013977
v 0.021606 0.318359 -0.026978
v 0.014404 0.349609 -0.019287
v 0.000847 0.318359 -0.030518
v -0.043945 0.443359 0.037842
v -0.035400 0.457031 0.036133
v -0.037109 0.453125 0.027466
v -0.047363 0.433594 0.041504
v -0.042236 0.449219 0.049561
v -0.292969 0.015198 0.022217
v -0.287109 0.015198 0.026123
v -0.285156 0.017334 0.023438
v -0.285156 0.012329 0.013489
v -0.291016 0.009949 0.019775
v -0.298828 0.012451 0.026978
v -0.283203 0.019653 0.015442
v 0.000443 0.500000 -0.046143
v -0.001366 0.494141 -0.035156
v -0.007538 0.498047 -0.041748
v 0.011536 0.498047 -0.046631
v -0.006561 0.498047 -0.052490
v 0.002213 0.500000 -0.059326
v 0.105469 -0.182617 0.058594
v 0.102051 -0.109863 0.059570
v 0.077637 -0.183594 0.078613
v 0.101562 -0.182617 0.036133
v 0.113281 -0.273438 0.059326
v -0.050781 0.384766 0.012878
v -0.066895 -0.412109 -0.054199
v -0.083008 -0.410156 -0.051025
v -0.082031 -0.410156 -0.047607
v -0.067871 -0.410156 -0.052734
v -0.052246 -0.412109 -0.045898
v 0.113281 0.166016 -0.009338
v 0.086426 0.189453 -0.022827
v -0.031738 0.414062 0.053223
v -0.030273 0.400391 0.058350
v -0.023438 0.421875 0.058838
v -0.034180 0.400391 0.051758
v -0.034668 0.423828 0.049805
v -0.038086 0.408203 0.042480
v -0.099121 -0.267578 -0.024292
v -0.085449 -0.302734 -0.052979
v -0.087891 -0.269531 0.000061
v 0.008423 0.369141 0.067383
v 0.243164 0.014771 -0.018433
v 0.242188 0.030029 -0.018311
v 0.255859 0.015015 -0.012817
v -0.010986 0.464844 0.033936
v 0.001511 0.468750 0.015991
v -0.011780 0.468750 0.016357
v -0.026855 0.449219 0.042725
v -0.011169 0.457031 0.048340
v 0.001289 0.464844 0.034180
v -0.057373 0.012329 0.076660
v -0.067383 0.070801 0.055420
v -0.080078 0.012695 0.058350
v -0.050537 0.069336 0.072754
v 0.046631 0.408203 0.025513
v 0.038330 0.410156 0.041992
v 0.042725 0.396484 0.030396
v 0.047607 0.396484 0.019531
v 0.049316 0.412109 0.010803
v 0.057617 -0.462891 0.000454
v 0.066406 -0.484375 0.014709
v -0.040771 0.347656 -0.001648
v -0.037842 0.335938 0.003555
v -0.129883 -0.486328 0.074707
v -0.125000 -0.478516 0.070801
v -0.131836 -0.488281 0.057861
v -0.114258 -0.490234 0.088379
v -0.110352 -0.480469 0.082520
v -0.129883 -0.496094 0.074707
v -0.114258 -0.498047 0.087891
v 0.031006 0.347656 0.016113
v 0.028076 0.347656 0.005554
v 0.281250 -0.034668 0.006500
v 0.281250 -0.029419 0.004211
v 0.281250 -0.038086 0.011292
v 0.287109 -0.033447 0.011292
v 0.281250 -0.032959 0.003235
v -0.018188 0.441406 -0.054443
v -0.024780 0.443359 -0.051025
v -0.012085 0.435547 -0.055908
v -0.013123 0.445312 -0.048096
v -0.029053 0.281250 0.014709
v -0.017700 0.267578 0.026855
v -0.011963 0.296875 0.017334
v -0.019775 0.300781 0.008789
v -0.036377 0.291016 0.002487
v 0.083008 -0.408203 -0.047607
v 0.067871 -0.410156 -0.052490
v 0.092773 -0.410156 -0.039551
v -0.018921 0.376953 0.056396
v -0.014465 0.378906 0.057373
v -0.018433 0.378906 0.058838
v -0.021118 0.378906 0.058350
v -0.248047 0.003647 -0.015442
v -0.243164 0.013977 -0.018066
v -0.238281 -0.000196 -0.010559
v -0.250000 -0.009216 -0.011536
v -0.259766 -0.008789 -0.009460
v -0.253906 0.014771 -0.012329
v 0.023560 0.394531 0.054688
v 0.023438 0.396484 0.050293
v 0.016968 0.398438 0.048096
v 0.099609 -0.408203 -0.019775
v 0.095215 -0.406250 -0.002243
v -0.003387 0.355469 0.070312
v -0.000206 0.353516 0.070801
v -0.002289 0.359375 0.069824
v -0.006134 0.359375 0.067871
v -0.000053 0.357422 0.069824
v -0.125000 -0.184570 0.022705
v -0.116699 -0.111328 0.022827
v 0.015991 0.414062 -0.052490
v 0.008057 0.414062 -0.057373
v -0.004364 0.328125 0.028076
v 0.000107 0.316406 0.023926
v 0.004761 0.328125 0.027344
v -0.034424 0.457031 -0.026611
v -0.046143 0.451172 -0.027344
v -0.063477 0.443359 -0.027832
v 0.009888 0.378906 0.054932
v 0.007996 0.384766 0.056152
v 0.006470 0.384766 0.052734
v 0.013184 0.376953 0.053711
v 0.008057 0.380859 0.052002
v 0.116699 0.240234 -0.001892
v -0.015625 0.455078 0.057373
v -0.025146 0.460938 0.050537
v -0.019653 0.445312 0.059326
v -0.011047 0.451172 0.065918
v -0.016846 0.462891 0.047119
v -0.067383 0.119629 0.038086
v -0.059082 0.119629 0.053467
v -0.059814 0.153320 0.053467
v 0.031494 0.457031 -0.018311
v -0.038330 0.361328 0.022827
v -0.035889 0.367188 0.037109
v -0.039795 0.371094 0.024780
v -0.036865 0.355469 0.020020
v -0.035400 0.355469 0.029907
v -0.037842 0.361328 0.014832
v -0.038574 0.367188 0.016357
v -0.033936 0.361328 0.035645
v -0.078125 0.194336 0.053223
v -0.070312 0.223633 0.046387
v -0.071289 0.169922 0.055664
v -0.060059 0.192383 0.073730
v -0.084961 0.201172 0.023560
v 0.029419 0.470703 -0.005157
v 0.031250 0.472656 -0.007141
v 0.026611 0.472656 -0.004730
v 0.008484 0.462891 -0.003677
v 0.007996 0.464844 -0.003555
v 0.302734 -0.037354 0.023804
v 0.304688 -0.033447 0.026489
v 0.304688 -0.037109 0.027588
v 0.300781 -0.037598 0.025513
v -0.006256 0.382812 -0.044678
v 0.004730 0.382812 -0.050049
v -0.007782 0.367188 -0.034668
v 0.001671 0.400391 -0.055664
v -0.017334 0.369141 -0.037842
v -0.017700 0.382812 -0.048096
v -0.045654 -0.462891 -0.035400
v -0.046875 -0.464844 -0.017090
v 0.014832 0.347656 0.058350
v 0.012329 0.347656 0.060547
v 0.017944 0.351562 0.057861
v 0.013855 0.349609 0.059326
v 0.012939 0.349609 0.058838
v 0.050781 0.075195 -0.042236
v 0.073242 0.074707 -0.025269
v 0.032471 -0.041016 -0.081543
v 0.030396 0.020752 -0.069824
v -0.053467 0.396484 0.023315
v -0.058594 0.390625 0.018066
v -0.053223 0.388672 0.020874
v -0.279297 -0.028687 0.004578
v -0.269531 -0.019775 -0.003998
v -0.273438 -0.016235 0.005157
v -0.283203 -0.032471 0.006805
v -0.279297 -0.028931 0.008118
v -0.277344 -0.030396 0.000721
v 0.002380 0.382812 0.069336
v 0.000137 0.382812 0.070801
v 0.002869 0.373047 0.075195
v -0.000053 0.388672 0.069336
v 0.003357 0.388672 0.067871
v 0.082031 -0.486328 -0.053711
v 0.091309 -0.480469 -0.038818
v 0.095703 -0.484375 -0.040527
v 0.080566 -0.500000 -0.052002
v 0.063965 -0.486328 -0.056152
v 0.080566 -0.482422 -0.051514
v -0.041992 0.339844 0.020996
v -0.046143 0.337891 0.019531
v -0.062500 -0.408203 0.015747
v -0.075195 -0.404297 0.012939
v -0.076172 -0.406250 0.008606
v -0.060547 -0.406250 0.011597
v 0.054688 0.378906 0.005035
v 0.051270 0.375000 0.007812
v 0.052246 0.371094 0.006409
v 0.052979 0.373047 0.002411
v 0.055420 0.382812 0.001831
v 0.055908 0.386719 0.007141
v 0.147461 0.113770 -0.008728
v 0.180664 0.099609 0.004150
v 0.162109 0.124512 -0.001144
v 0.160156 0.081543 -0.022705
v 0.166016 0.086914 -0.004120
v -0.028564 0.466797 -0.069824
v -0.033936 0.470703 -0.062988
v -0.032715 0.474609 -0.067871
v -0.016846 0.458984 -0.071289
v -0.016479 0.468750 -0.076660
v -0.091797 -0.447266 0.007874
v -0.092285 -0.441406 0.003174
v -0.096191 -0.447266 0.003708
v -0.085449 -0.445312 0.010071
v 0.004181 0.371094 -0.044678
v 0.002274 0.371094 -0.048096
v 0.001595 0.367188 -0.042725
v 0.300781 -0.016724 0.021362
v 0.306641 -0.017700 0.023071
v 0.304688 -0.018433 0.030884
v 0.300781 -0.014282 0.025024
v 0.292969 -0.011597 0.013977
v 0.304688 -0.020752 0.027832
v -0.012878 0.460938 -0.022705
v -0.026245 0.445312 -0.028442
v -0.027344 0.455078 -0.019165
v -0.013123 0.466797 -0.004913
v 0.001205 0.468750 -0.005341
v 0.003662 0.462891 -0.023193
v -0.007874 0.451172 -0.034180
v -0.130859 0.188477 -0.056152
v -0.092285 0.198242 -0.049072
v -0.143555 0.200195 -0.043701
v -0.161133 0.166016 -0.046143
v 0.023682 0.458984 0.035889
v 0.043457 -0.339844 -0.034912
v 0.049316 -0.343750 -0.004608
v 0.035645 -0.269531 -0.031250
v 0.037598 -0.304688 -0.036621
v -0.281250 -0.047363 0.016724
v -0.283203 -0.041260 0.010498
v 0.002213 0.363281 0.077148
v 0.004303 0.365234 0.075195
v 0.002747 0.367188 0.077637
v 0.235352 0.010925 -0.016846
v -0.015503 0.390625 0.060059
v -0.012268 0.330078 0.048584
v -0.011230 0.332031 0.029541
v 0.088867 -0.184570 0.021729
v 0.096191 -0.224609 -0.017212
v 0.096680 -0.178711 -0.007263
v -0.257812 -0.030273 0.001785
v -0.263672 -0.029907 -0.002975
v 0.012268 0.435547 -0.052979
v -0.002472 0.441406 -0.051514
v 0.009094 0.451172 -0.043213
v 0.012207 0.445312 -0.050293
v 0.018311 0.431641 -0.051514
v -0.020142 0.335938 0.023560
v -0.029541 0.343750 0.022705
v -0.016846 0.326172 0.017456
v -0.010986 0.332031 0.025513
v -0.029907 0.345703 0.015320
v -0.024658 0.337891 0.013062
v -0.066895 -0.425781 -0.033447
v 0.023193 0.376953 0.052734
v 0.022461 0.376953 0.055908
v 0.018433 0.375000 0.052979
v 0.017578 0.373047 0.049805
v 0.025757 0.378906 0.055420
v 0.026978 0.380859 0.051758
v 0.023193 0.376953 0.048096
v 0.080078 0.203125 -0.006714
v 0.092773 0.200195 -0.008240
v 0.080566 0.174805 -0.009766
v 0.080078 0.193359 -0.019287
v 0.083984 0.214844 0.001938
v 0.083496 0.175781 0.012146
v -0.023560 0.398438 0.065918
v -0.032715 0.394531 0.055420
v -0.203125 0.044434 -0.033203
v 0.012939 0.470703 0.015442
v 0.014587 0.472656 0.012390
v 0.008362 0.478516 0.013184
v 0.010681 0.476562 0.024780
v 0.022095 0.472656 0.024658
v 0.021484 0.466797 0.014282
v 0.006378 0.472656 0.016602
v -0.008484 0.357422 0.052979
v 0.000370 0.357422 0.054932
v -0.000488 0.349609 0.066895
v -0.008057 0.349609 0.062988
v -0.104980 -0.496094 -0.014465
v -0.056885 -0.498047 0.004333
v -0.062012 -0.486328 0.015991
v 0.250000 0.030640 -0.018799
v 0.253906 0.039551 -0.002136
v 0.225586 0.040527 -0.009399
v 0.238281 0.017822 -0.027832
v 0.213867 0.061035 -0.041504
v 0.099609 -0.112305 0.037842
v 0.067871 -0.110840 0.078125
v 0.093750 -0.047363 0.059082
v -0.048096 0.392578 0.012146
v -0.049805 0.386719 0.004669
v -0.047119 0.392578 0.016479
v -0.047852 0.396484 0.019653
v 0.017334 0.375000 0.046387
v 0.011353 0.376953 0.047607
v 0.287109 0.010437 0.011902
v -0.004822 0.486328 -0.026611
v -0.010315 0.490234 -0.034424
v -0.228516 0.016846 -0.007568
v -0.230469 0.018066 -0.018066
v -0.221680 0.023926 -0.018799
v -0.221680 0.026855 -0.004364
v -0.233398 0.020874 0.001617
v -0.234375 0.010681 -0.006500
v -0.236328 0.009033 -0.014343
v 0.021240 0.388672 0.059814
v 0.018677 0.388672 0.061035
v 0.020630 0.386719 0.060547
v 0.018677 0.390625 0.059814
v 0.023560 0.388672 0.058838
v 0.022339 0.392578 0.057129
v 0.056152 -0.462891 -0.047852
v 0.051514 -0.447266 -0.032715
v 0.065918 -0.480469 -0.053467
v -0.042969 0.353516 0.022217
v -0.047119 0.351562 0.019897
v -0.298828 -0.013062 0.014709
v 0.017700 0.455078 -0.033203
v 0.010559 0.451172 -0.037109
v 0.088867 -0.439453 0.005615
v 0.084473 -0.439453 0.006775
v 0.086426 -0.443359 0.009705
v 0.092285 -0.445312 0.007935
v 0.094238 -0.443359 0.003967
v -0.028442 0.386719 -0.039062
v -0.034668 -0.224609 -0.021240
v -0.052734 -0.175781 -0.033447
v -0.033691 -0.180664 -0.014221
v -0.043213 -0.271484 0.001236
v -0.034912 -0.267578 -0.030762
v -0.052979 -0.222656 -0.046143
v 0.024780 0.384766 0.058105
v 0.026733 0.384766 0.056152
v 0.025757 0.388672 0.057129
v 0.021606 0.382812 0.060059
v 0.023926 0.380859 0.057861
v 0.021606 0.386719 0.060547
v 0.029053 0.314453 -0.039551
v 0.040039 0.312500 -0.020386
v -0.027832 0.466797 0.036377
v -0.019043 0.470703 0.025269
v -0.024536 0.468750 0.026489
v -0.016357 0.468750 0.037354
v -0.033447 0.460938 0.046143
v -0.091309 -0.482422 -0.038574
v -0.080078 -0.480469 -0.051025
v 0.011902 0.347656 0.060547
v 0.011047 0.343750 0.060547
v 0.289062 -0.021606 0.005676
v -0.002716 0.373047 0.075195
v -0.004395 0.367188 0.075195
v -0.004456 0.373047 0.070801
v 0.000080 0.373047 0.076660
v -0.002289 0.380859 0.069336
v -0.083984 0.216797 0.002167
v -0.079590 0.230469 0.016846
v -0.096680 0.236328 0.009644
v -0.107422 0.219727 0.001373
v -0.092773 0.201172 -0.008362
v -0.080566 0.204102 -0.007538
v 0.024658 0.464844 -0.049316
v 0.025391 0.468750 -0.040771
v 0.020996 0.458984 -0.056885
v 0.027466 0.468750 -0.058105
v 0.029297 0.470703 -0.050049
v 0.053467 -0.275391 0.086426
v 0.031128 -0.373047 0.104004
v 0.059082 -0.373047 0.089355
v 0.083984 -0.275391 0.082520
v -0.054688 0.378906 0.003799
v -0.292969 -0.047607 0.022583
v -0.289062 -0.046631 0.022217
v -0.291016 -0.044922 0.023682
v -0.292969 -0.045166 0.022339
v -0.291016 -0.047119 0.018799
v 0.000271 0.371094 -0.029663
v 0.022339 0.378906 -0.030151
v 0.015991 0.363281 -0.022339
v -0.020752 0.376953 -0.029907
v -0.000381 0.392578 -0.044678
v 0.015991 0.394531 -0.042480
v -0.018555 0.390625 -0.039795
v 0.298828 0.007507 0.035400
v -0.014771 0.474609 0.000286
v -0.010620 0.468750 -0.016113
v -0.020508 0.464844 -0.014954
v -0.031494 -0.041016 -0.081055
v 0.000168 -0.111328 -0.074219
v -0.032471 -0.109375 -0.087402
v -0.029175 0.020874 -0.069824
v 0.000191 -0.042725 -0.073242
v 0.052002 0.390625 0.022217
v 0.047607 0.382812 0.017700
v 0.049805 0.390625 0.017334
v 0.055664 0.408203 0.017578
v 0.056396 0.408203 0.028076
v 0.094727 -0.462891 -0.039795
v 0.100098 -0.464844 -0.019775
v 0.098145 -0.484375 -0.019043
v -0.088379 0.253906 0.014160
v -0.104492 0.261719 -0.000637
v -0.243164 0.035889 0.007568
v -0.235352 0.045166 0.005371
v 0.024414 0.460938 0.056641
v 0.025513 0.464844 0.047363
v 0.016724 0.472656 0.034912
v -0.012024 0.376953 0.049805
v -0.013245 0.376953 0.054199
v -0.009827 0.378906 0.055420
v -0.093262 -0.478516 0.083008
v -0.076172 -0.488281 0.078613
v -0.105469 -0.484375 0.088379
v -0.094238 -0.488281 0.089355
v -0.107422 -0.472656 0.071289
v 0.040771 0.359375 0.014221
v 0.043945 0.361328 0.012329
v 0.038330 0.365234 0.016724
v 0.073242 0.119629 0.018433
v 0.069824 0.151367 0.037598
v 0.073242 0.120117 -0.001663
v 0.074219 0.151367 0.017578
v -0.088379 0.433594 -0.028320
v -0.084473 0.433594 -0.027710
v 0.000343 0.359375 0.040771
v 0.010132 0.359375 0.039551
v 0.209961 0.065430 0.011414
v 0.247070 0.041016 0.012329
v 0.221680 0.076660 0.005829
v 0.194336 0.050293 0.001556
v 0.234375 0.031494 0.014404
v -0.024780 0.458984 -0.038330
v -0.017334 0.453125 -0.041992
v -0.014465 0.457031 -0.031738
v -0.031738 0.460938 -0.044189
v 0.029419 0.386719 0.053467
v 0.027954 0.388672 0.056641
v 0.029297 0.386719 0.054443
v -0.098633 0.229492 -0.057129
v 0.013245 0.474609 0.004456
v 0.016357 0.468750 0.006622
v 0.275391 -0.030151 -0.001740
v 0.277344 -0.037354 0.002350
v 0.283203 -0.041016 0.009277
v -0.003723 0.363281 0.072266
v -0.002167 0.363281 0.069824
v -0.002136 0.363281 0.072754
v -0.004944 0.365234 0.070312
v -0.004364 0.363281 0.074707
v -0.078613 -0.447266 0.013611
v -0.075684 -0.445312 0.011780
v -0.079590 -0.441406 0.009766
v -0.074707 -0.449219 0.014526
v -0.082031 -0.445312 0.011719
v 0.043701 0.353516 0.004517
v 0.038818 0.353516 0.007568
v -0.000160 0.120605 0.085449
v -0.053223 0.406250 0.025146
v -0.289062 -0.015198 0.008911
v 0.002960 0.451172 -0.034424
v 0.010132 0.453125 -0.055420
v 0.124512 -0.480469 0.070801
v 0.110352 -0.478516 0.082031
v 0.128906 -0.486328 0.073730
v -0.000557 -0.187500 -0.076172
v 0.024414 0.378906 0.058838
v -0.101562 -0.486328 -0.019653
v -0.102539 -0.500000 -0.018188
v -0.105957 -0.486328 -0.002823
v 0.013062 0.330078 0.049561
v 0.013672 0.333984 0.056152
v 0.018677 0.337891 0.048340
v 0.263672 -0.028564 -0.005280
v 0.259766 -0.018677 -0.008301
v 0.263672 -0.029175 -0.001678
v 0.263672 -0.031128 -0.004639
v 0.255859 -0.022339 -0.008606
v -0.010132 0.382812 0.058350
v -0.007996 0.382812 0.056152
v -0.010620 0.388672 0.058594
v -0.011597 0.380859 0.058105
v 0.024414 0.462891 -0.017212
v 0.020630 0.462891 -0.022217
v 0.017334 0.464844 -0.015015
v 0.021606 0.458984 -0.014221
v 0.062012 -0.404297 0.011047
v 0.054688 -0.408203 0.001694
v -0.034912 0.369141 -0.024902
v -0.041748 0.367188 -0.013733
v -0.026123 0.376953 -0.031128
v -0.281250 0.015747 0.007202
v -0.279297 0.004639 -0.001404
v -0.011475 0.443359 0.060059
v -0.017578 0.375000 0.046387
v -0.011230 0.376953 0.048096
v -0.074219 -0.498047 0.078613
v -0.091797 -0.498047 0.090332
v 0.041992 0.351562 0.018555
v 0.041260 0.343750 0.024658
v 0.044189 0.361328 0.017578
v 0.040283 0.345703 0.019531
v 0.223633 0.020508 0.004517
v 0.190430 0.043457 -0.015564
v 0.222656 0.010193 -0.008972
v 0.306641 0.006439 0.033447
v 0.304688 0.004791 0.031128
v 0.304688 0.009949 0.030884
v 0.304688 0.006744 0.036865
v 0.306641 0.003662 0.034912
v -0.012756 0.482422 -0.028809
v -0.006744 0.478516 -0.022461
v -0.086426 0.189453 -0.022827
v 0.048340 0.431641 -0.001816
v 0.053223 -0.380859 -0.029297
v 0.066895 -0.425781 -0.033936
v -0.030518 0.369141 0.053955
v -0.028931 0.363281 0.047363
v -0.023438 0.369141 0.058105
v 0.007233 0.349609 0.062256
v 0.009888 0.349609 0.061035
v 0.008179 0.343750 0.051758
v -0.000031 0.341797 0.053467
v 0.261719 -0.018555 -0.005157
v -0.011169 0.390625 0.066406
v -0.014282 0.390625 0.065918
v -0.014465 0.396484 0.068848
v -0.006592 0.388672 0.065430
v -0.005707 0.390625 0.067871
v -0.008057 0.394531 0.069336
v -0.008179 0.318359 0.020874
v 0.026855 0.476562 -0.062012
v -0.055176 0.380859 0.001007
v -0.308594 -0.022339 0.032227
v 0.123047 -0.500000 0.014954
v 0.133789 -0.498047 0.050537
v 0.064941 -0.500000 0.058594
v 0.063477 -0.500000 0.037109
v 0.109375 -0.496094 -0.002747
v -0.008301 0.359375 -0.027466
v -0.001320 0.351562 -0.020874
v -0.082520 -0.408203 -0.002304
v -0.081543 -0.410156 0.008667
v -0.087891 -0.406250 0.006287
v -0.086914 -0.410156 0.005951
v -0.096680 -0.406250 0.000340
v -0.071289 -0.429688 -0.017456
v -0.093750 -0.408203 -0.002487
v 0.005493 0.363281 0.069824
v 0.007660 0.365234 0.069336
v -0.028076 0.221680 -0.061035
v -0.042236 0.427734 0.032227
v 0.008301 0.382812 0.060547
v 0.096680 -0.445312 0.000767
v 0.000179 0.349609 0.070312
v -0.061035 -0.425781 -0.009888
v -0.055176 -0.382812 -0.007416
v -0.071777 -0.343750 0.004791
v 0.046387 0.408203 -0.026733
v 0.041504 0.373047 -0.016479
v 0.048096 0.384766 -0.013916
v -0.044922 0.449219 -0.030029
v -0.032959 0.457031 -0.027344
v 0.032227 0.357422 0.002457
v 0.040039 0.369141 -0.002548
v 0.287109 -0.003265 0.003006
v -0.007233 0.462891 -0.074219
v 0.001572 0.457031 -0.069824
v -0.007111 0.453125 -0.067871
v -0.038330 0.312500 -0.021729
v -0.029419 0.289062 0.017456
v 0.035156 0.457031 0.048340
v 0.026978 0.447266 0.060303
v -0.037842 0.384766 0.040283
v -0.037842 0.396484 0.041260
v -0.043213 0.394531 0.030640
v -0.042236 0.380859 0.027466
v -0.038818 0.376953 0.041260
v -0.033691 0.386719 0.047363
v -0.034912 0.392578 0.046875
v 0.009277 0.371094 0.063965
v 0.169922 0.124023 -0.057861
v 0.153320 0.111816 -0.048096
v 0.182617 0.138672 -0.045166
v 0.187500 0.098633 -0.049561
v -0.012573 0.476562 0.010376
v -0.010498 0.476562 0.005768
v -0.008789 0.472656 0.016968
v -0.005615 0.476562 0.012390
v -0.013794 0.470703 0.015442
v 0.056396 0.412109 0.009216
v 0.051758 0.427734 0.010925
v 0.061768 0.414062 0.023804
v 0.062012 0.402344 0.022705
v 0.057129 0.404297 0.008240
v 0.086914 -0.447266 0.013916
v 0.077148 -0.451172 0.015320
v 0.083496 -0.453125 0.020508
v 0.088867 -0.449219 0.016602
v 0.094727 -0.449219 0.011108
v 0.094238 -0.447266 0.007385
v -0.027710 0.353516 -0.007507
v -0.031738 0.357422 -0.000418
v -0.032715 0.357422 -0.014709
v -0.275391 0.009521 0.014404
v -0.263672 0.011047 0.013245
v -0.265625 0.019165 0.019287
v -0.283203 0.011292 0.009888
v -0.277344 0.014282 0.022339
v -0.283203 0.009216 0.018799
v 0.007568 0.470703 -0.021362
v 0.004974 0.462891 -0.023193
v 0.005219 0.457031 -0.027222
v -0.080078 -0.500000 -0.052246
v -0.044434 -0.500000 -0.033936
v -0.094238 -0.500000 -0.039307
v -0.094727 -0.484375 -0.040527
v -0.081543 -0.484375 -0.054199
v 0.094727 0.271484 0.003769
v 0.073730 0.257812 0.019043
v 0.092773 0.251953 0.011902
v 0.101074 0.287109 -0.016235
v 0.070801 0.285156 0.008179
v 0.113770 0.267578 -0.019287
v 0.081543 -0.175781 -0.031982
v 0.052246 -0.222656 -0.045654
v -0.026001 0.386719 0.060303
v -0.121582 -0.488281 0.015869
v -0.129883 -0.488281 0.036865
v -0.115234 -0.474609 0.019043
v -0.102539 -0.482422 -0.001831
v -0.000473 0.371094 -0.044922
v -0.001823 0.378906 -0.049072
v 0.285156 -0.035400 0.015198
v 0.281250 -0.038818 0.009460
v -0.049561 0.181641 -0.044434
v -0.046387 0.151367 -0.040527
v -0.054199 0.213867 -0.053955
v -0.081055 0.201172 -0.034912
v -0.070801 0.180664 -0.030029
v 0.044434 0.437500 0.025024
v 0.044678 0.429688 0.027588
v 0.055176 0.429688 0.021851
v 0.045410 0.435547 0.012695
v 0.042480 0.441406 0.015442
v 0.088379 -0.380859 -0.009644
v 0.093262 -0.378906 -0.026855
v 0.093750 -0.343750 -0.008240
v 0.072266 -0.341797 0.005402
v 0.085449 -0.423828 -0.012634
v 0.087891 -0.423828 -0.025024
v -0.015625 0.369141 0.061523
v -0.008911 0.371094 0.064453
v -0.009644 0.365234 0.063965
v -0.015381 0.363281 0.061523
v -0.245117 -0.007874 -0.001556
v -0.255859 -0.005341 0.002411
v -0.253906 -0.014709 0.001816
v -0.245117 -0.010864 -0.008545
v -0.239258 0.003036 -0.003082
v -0.249023 -0.017578 -0.001022
v 0.015015 0.388672 0.064941
v 0.020386 0.390625 0.063965
v -0.003174 0.349609 0.064453
v -0.004395 0.347656 0.065918
v -0.107422 -0.183594 0.058594
v -0.102051 -0.183594 0.035156
v -0.105957 -0.273438 0.033691
v -0.101074 -0.109863 0.060547
v 0.049561 0.384766 0.005188
v 0.047852 0.392578 0.012390
v 0.051514 0.392578 0.010620
v 0.054932 0.388672 0.004883
v 0.047363 0.376953 0.003555
v 0.046143 0.384766 0.005157
v 0.012634 0.294922 0.017822
v 0.030029 0.281250 0.015442
v 0.008606 0.318359 0.020996
v 0.037842 0.292969 0.003708
v -0.035645 0.474609 -0.059570
v -0.046631 0.470703 -0.062988
v -0.048340 0.470703 -0.059326
v -0.304688 0.006592 0.036865
v -0.296875 0.011292 0.033447
v -0.302734 0.009521 0.030884
v -0.304688 0.006775 0.033447
v -0.304688 0.003967 0.035400
v -0.298828 0.006622 0.036377
v -0.302734 0.003525 0.036377
v 0.008179 0.478516 0.000637
v 0.011353 0.470703 -0.004395
v 0.281250 -0.050049 0.013062
v 0.283203 -0.046875 0.012573
v -0.039551 0.371094 0.007385
v -0.031494 0.359375 0.000553
v -0.052246 -0.435547 -0.032227
v -0.051025 -0.449219 -0.016724
v 0.171875 0.085449 -0.040771
v 0.015442 0.351562 0.046387
v 0.015869 0.351562 0.037842
v 0.010071 0.341797 0.036621
v 0.267578 0.002518 -0.009399
v -0.014160 0.392578 0.058838
v -0.009644 0.390625 0.056396
v -0.265625 -0.043945 0.003052
v 0.024902 0.433594 -0.044434
v 0.041748 0.421875 -0.034424
v 0.034424 0.419922 -0.040527
v 0.014893 0.445312 -0.041260
v 0.023560 0.423828 -0.048340
v 0.027954 0.435547 -0.038086
v 0.075195 -0.500000 0.079102
v 0.092285 -0.496094 0.089844
v 0.076172 -0.488281 0.078125
v 0.067871 -0.488281 0.059082
v -0.283203 0.006927 0.001938
v 0.005310 0.382812 0.049561
v 0.007233 0.378906 0.048584
v -0.098633 0.285156 -0.040039
v -0.101562 0.287109 -0.016724
v -0.083496 0.275391 -0.054688
v -0.114746 0.265625 -0.020996
v -0.080078 0.294922 -0.039551
v -0.061035 -0.423828 -0.024536
v 0.018433 0.376953 0.056396
v 0.021606 0.378906 0.058350
v 0.091797 0.197266 -0.047852
v -0.043457 0.431641 0.029663
v -0.041748 0.433594 0.018677
v 0.277344 -0.016602 0.004608
v -0.004272 0.382812 0.064453
v -0.061279 0.250000 0.034424
v -0.002747 -0.373047 0.101074
v -0.053223 0.382812 0.011169
v -0.051758 0.373047 0.009949
v -0.055908 0.382812 0.014709
v -0.054688 0.390625 0.012939
v -0.285156 -0.037354 0.014832
v -0.287109 -0.033447 0.018066
v -0.289062 -0.039062 0.021240
v -0.287109 -0.026001 0.016113
v -0.289062 -0.041260 0.014404
v -0.289062 -0.038330 0.011047
v -0.285156 -0.030884 0.011475
v -0.287109 -0.042236 0.019165
v 0.002213 0.414062 -0.059570
v -0.003876 0.400391 -0.059570
v 0.004242 0.398438 -0.058838
v -0.016846 0.484375 -0.034912
v -0.023560 0.118652 -0.040039
v -0.045166 0.119629 -0.032959
v -0.026611 0.075684 -0.050293
v 0.000381 0.076172 -0.050537
v 0.054932 0.410156 0.027710
v 0.051758 0.425781 0.024780
v 0.049316 0.396484 0.022705
v -0.251953 0.008362 0.003860
v -0.000610 0.398438 0.071289
v 0.267578 -0.038574 0.002426
v 0.267578 -0.044189 0.002472
v 0.265625 -0.043945 -0.000042
v -0.005554 0.363281 0.067383
v -0.008423 0.365234 0.064941
v -0.005890 0.365234 0.070312
v 0.039062 0.337891 0.020874
v 0.040039 0.335938 0.023315
v 0.038574 0.332031 0.024170
v 0.037598 0.330078 0.022705
v 0.108887 -0.045654 0.023193
v 0.096191 -0.047607 0.039062
v 0.080566 0.012756 0.057861
v -0.090332 0.435547 -0.026367
v -0.085449 0.435547 -0.025879
v -0.097656 -0.482422 -0.019043
v 0.011353 0.330078 0.025757
v -0.028809 0.386719 0.045166
v -0.027954 0.380859 0.048828
v -0.029297 0.386719 0.048584
v -0.027710 0.380859 0.045166
v -0.027466 0.390625 0.050049
v -0.027466 0.392578 0.045654
v -0.026367 0.183594 0.083008
v -0.022827 0.157227 0.082031
v 0.000107 0.183594 0.081543
v -0.000092 0.209961 0.073242
v -0.051758 0.180664 0.079590
v -0.051514 0.165039 0.074219
v 0.049805 0.433594 -0.011902
v 0.054443 0.445312 0.007996
v 0.062988 -0.406250 0.015320
v -0.261719 -0.016602 0.003220
v 0.025269 0.453125 -0.026855
v 0.027588 0.447266 -0.032471
v -0.070801 -0.277344 -0.083984
v -0.119629 -0.373047 -0.078613
v -0.032715 -0.185547 -0.091797
v 0.048340 0.406250 0.037842
v 0.034668 0.310547 -0.015259
v 0.034180 0.306641 -0.032471
v 0.044434 0.302734 -0.017822
v -0.031006 0.429688 0.053711
v -0.027832 0.435547 0.053711
v -0.037842 0.431641 0.051514
v -0.037109 0.419922 0.048340
v -0.202148 0.119629 -0.019165
v -0.176758 0.137695 -0.008240
v -0.198242 0.111328 -0.038574
v -0.182617 0.148438 -0.024536
v 0.265625 -0.032227 -0.000111
v -0.053223 -0.408203 0.001663
v -0.045410 -0.408203 -0.015869
v 0.050537 0.376953 -0.006561
v 0.043457 0.361328 -0.000614
v 0.059814 0.152344 0.054199
v 0.071289 0.168945 0.056152
v -0.031494 0.460938 -0.006744
v 0.043945 0.367188 0.006317
v 0.037842 0.371094 -0.003433
v 0.277344 0.005249 0.011353
v 0.277344 0.009521 0.014954
v -0.250000 -0.018555 -0.005646
v -0.251953 -0.024048 -0.001404
v 0.015747 0.390625 0.060547
v 0.017090 0.388672 0.061279
v 0.051758 -0.486328 -0.049072
v -0.031006 0.351562 0.037354
v -0.028198 0.355469 0.044678
v 0.225586 0.035889 0.001892
v 0.237305 0.028809 0.005432
v 0.220703 0.026733 -0.004974
v 0.233398 0.043945 0.004730
v -0.020508 0.394531 0.065430
v -0.016113 0.388672 0.064941
v -0.095703 -0.047852 0.038818
v 0.040527 0.435547 -0.024780
v 0.047852 0.417969 -0.020386
v 0.065918 -0.490234 0.039062
v 0.074707 -0.474609 0.047119
v -0.119629 0.237305 -0.003403
v 0.300781 -0.028564 0.022095
v 0.007812 0.349609 0.066406
v 0.012634 0.351562 0.061523
v 0.046875 0.150391 -0.040527
v 0.046143 0.119629 -0.033203
v 0.024780 0.118652 -0.039795
v 0.050293 0.182617 -0.044922
v 0.061035 0.149414 -0.025879
v -0.039795 0.408203 0.042725
v -0.041992 0.419922 0.045654
v -0.048828 0.402344 0.037842
v -0.039795 0.402344 0.039551
v -0.051514 0.416016 0.036621
v -0.281250 -0.000732 0.001617
v -0.281250 -0.005859 0.000492
v -0.294922 -0.009766 0.011658
v -0.291016 -0.010925 0.014404
v -0.009277 0.347656 0.061279
v -0.010254 0.349609 0.060791
v -0.007538 0.341797 0.052002
v 0.062988 0.390625 0.014709
v 0.056641 0.384766 0.019165
v 0.054932 0.269531 0.026001
v -0.023804 0.488281 -0.049316
v -0.014648 0.494141 -0.039307
v 0.025269 0.361328 -0.011292
v 0.308594 -0.019775 0.032959
v 0.304688 -0.015015 0.030273
v 0.312500 -0.019531 0.029785
v 0.306641 -0.022705 0.032471
v 0.312500 -0.021973 0.033447
v -0.014587 0.462891 -0.019043
v 0.057373 -0.335938 -0.050537
v 0.062500 -0.378906 -0.042969
v -0.023804 0.380859 0.058350
v -0.026611 0.384766 0.056152
v -0.028687 0.384766 0.052734
v -0.300781 -0.006592 0.014771
v 0.008972 0.457031 -0.066895
v 0.124023 -0.373047 0.061523
v 0.095215 -0.373047 0.085938
v -0.037598 0.363281 0.012390
v -0.035156 0.357422 0.013245
v -0.040527 0.363281 0.010803
v 0.275391 0.020630 0.018311
v 0.267578 0.018066 0.018921
v 0.279297 0.013672 0.021973
v 0.267578 0.026367 0.015869
v 0.116699 -0.110840 0.023071
v -0.019897 0.380859 0.060303
v -0.021240 0.382812 0.060547
v -0.083008 -0.222656 -0.043457
v -0.084473 -0.267578 -0.051025
v -0.096680 -0.224609 -0.017090
v -0.003571 0.472656 0.017212
v 0.051514 -0.449219 -0.015991
v 0.267578 0.001053 0.005493
v 0.265625 0.010620 0.012573
v 0.255859 -0.005524 0.002518
v 0.251953 0.007080 0.003891
v -0.011902 0.451172 -0.034912
v -0.023071 0.330078 -0.014282
v -0.010742 0.306641 -0.039307
v 0.042725 0.445312 0.049316
v 0.037109 0.460938 0.034912
v 0.026611 0.470703 0.034912
v -0.041016 0.371094 0.018555
v -0.044189 0.380859 0.020386
v -0.045898 0.386719 0.018799
v -0.257812 -0.028809 -0.004883
v 0.102051 -0.486328 -0.019653
v 0.106934 -0.486328 -0.003662
v 0.094238 -0.500000 -0.038818
v -0.004852 0.343750 0.065430
v 0.000195 0.341797 0.063477
v -0.048828 0.451172 0.007263
v -0.042480 0.453125 0.017822
v 0.302734 0.003586 0.036377
v -0.046143 0.408203 0.026001
v -0.045898 0.425781 0.022705
v -0.049072 0.412109 0.010315
v -0.041016 0.423828 0.037109
v 0.041748 0.455078 0.022949
v 0.030273 0.464844 0.023682
v 0.048340 0.441406 0.015564
v 0.046875 0.453125 0.012756
v 0.035400 0.464844 0.015076
v 0.050537 0.437500 0.032471
v 0.045898 0.447266 0.033447
v 0.099121 -0.269531 -0.024292
v 0.082031 -0.222656 -0.043945
v 0.099609 -0.337891 -0.028198
v 0.084961 -0.302734 -0.052490
v 0.084961 -0.267578 -0.050781
v -0.255859 -0.031128 -0.001129
v -0.259766 -0.031982 -0.003937
v 0.016113 0.386719 0.061279
v 0.013306 0.386719 0.060059
v 0.015564 0.386719 0.061279
v -0.024658 0.326172 0.006317
v -0.061523 -0.373047 0.089355
v 0.039307 0.369141 0.024170
v 0.041016 0.369141 0.013794
v 0.041260 0.371094 0.010681
v -0.289062 0.007751 0.024048
v -0.292969 0.006378 0.027466
v -0.287109 0.011902 0.025879
v -0.294922 0.008667 0.032471
v 0.000210 0.470703 -0.020020
v -0.010376 0.402344 -0.053223
v -0.058594 -0.482422 -0.002136
v -0.057129 -0.464844 -0.000282
v 0.023560 0.361328 0.054932
v 0.023193 0.367188 0.059082
v 0.244141 -0.008057 -0.001595
v 0.010010 0.384766 0.058105
v 0.015869 0.382812 0.060303
v 0.012512 0.384766 0.059814
v -0.005646 0.443359 0.063477
v 0.002411 0.443359 0.063477
v -0.226562 0.035645 0.002274
v -0.237305 0.029175 0.006592
v -0.052002 0.380859 0.015869
v 0.091309 -0.447266 -0.036621
v -0.007996 0.347656 0.062256
v -0.006439 0.347656 0.062256
v -0.008484 0.345703 0.063477
v -0.071289 -0.310547 0.007996
v -0.068359 -0.269531 0.013306
v -0.038330 0.447266 -0.010742
v 0.300781 -0.033936 0.028198
v 0.025635 0.390625 0.061035
v -0.035400 0.375000 0.048340
v -0.279297 -0.039307 0.004944
v -0.275391 -0.042480 0.010315
v 0.242188 0.045166 -0.007416
v 0.083008 -0.443359 0.011536
v 0.079590 -0.441406 0.009705
v 0.079102 -0.445312 0.012756
v 0.004364 0.494141 -0.069336
v 0.034424 0.361328 0.035156
v 0.032959 0.351562 0.033691
v 0.027832 0.076172 -0.050781
v 0.062988 0.119629 -0.021240
v -0.030273 0.386719 0.053223
v -0.033203 0.390625 0.051758
v 0.134766 -0.373047 -0.036377
v -0.066406 -0.482422 0.013916
v -0.066895 -0.464844 0.012817
v 0.047607 0.369141 0.011719
v 0.045166 0.365234 0.009216
v -0.026001 0.435547 -0.048096
v -0.095215 -0.414062 -0.001862
v 0.038086 0.388672 -0.023193
v 0.031982 0.373047 -0.016479
v 0.033203 0.404297 -0.035645
v -0.009033 0.474609 -0.008789
v 0.028198 0.386719 0.052246
v 0.027222 0.390625 0.053467
v -0.294922 0.012878 0.030884
v -0.011963 0.384766 0.057861
v -0.014771 0.386719 0.063477
v 0.000366 0.292969 0.021851
v 0.000378 0.261719 0.033447
v 0.018311 0.267578 0.027100
v 0.070312 0.496094 -0.003204
v 0.073730 0.500000 -0.001785
v 0.052002 0.480469 -0.006348
v -0.044678 0.380859 0.014404
v -0.040527 0.371094 0.014282
v -0.296875 0.008179 0.024536
v -0.298828 0.004181 0.032959
v 0.153320 -0.373047 -0.008118
v -0.054199 -0.265625 -0.052246
v -0.082520 -0.176758 -0.031982
v 0.000526 0.314453 -0.045654
v -0.298828 -0.038086 0.026367
v 0.097168 0.234375 0.010376
v 0.105957 0.217773 0.002136
v -0.014648 0.494141 -0.047363
v 0.052490 -0.437500 -0.031006
v -0.154297 0.110840 -0.047852
v -0.170898 0.124023 -0.057861
v 0.011841 0.464844 0.029175
v 0.289062 -0.042236 0.012451
v 0.287109 -0.043457 0.015869
v 0.292969 -0.047852 0.017822
v 0.291016 -0.039551 0.016479
v 0.292969 -0.045654 0.021606
v 0.285156 -0.037842 0.007690
v 0.063477 -0.048828 0.077148
v 0.057861 0.011719 0.075684
v 0.039307 -0.049561 0.082520
v -0.058838 0.408203 -0.006561
v -0.055908 0.394531 -0.006409
v -0.054199 0.392578 0.000454
v 0.113281 -0.488281 0.087891
v 0.114258 -0.498047 0.088379
v 0.093750 -0.488281 0.088867
v -0.034668 0.349609 0.017334
v -0.034180 0.349609 0.026001
v 0.045654 0.371094 0.016846
v 0.081055 0.201172 -0.034912
v -0.033936 0.437500 0.043701
v -0.026245 0.435547 0.052979
v -0.099121 -0.408203 -0.019531
v -0.101562 -0.408203 -0.019287
v -0.092285 -0.410156 -0.038818
v -0.094238 -0.410156 -0.039551
v 0.004303 0.361328 0.066895
v -0.017334 0.398438 0.048096
v -0.023315 0.396484 0.050781
v -0.022705 0.396484 0.047119
v 0.078125 0.233398 -0.051758
v -0.045410 0.153320 0.068359
v -0.022705 0.121094 0.082031
v 0.080078 -0.453125 0.020508
v -0.250000 0.031738 0.008484
v 0.037109 0.335938 0.023682
v -0.030518 0.384766 0.052002
v 0.000015 0.335938 0.065430
v 0.006165 0.335938 0.063477
v -0.006165 0.335938 0.063965
v 0.026611 0.404297 -0.044189
v 0.036133 0.351562 0.017944
v -0.017090 0.453125 -0.063965
v -0.134766 0.199219 -0.006287
v 0.021362 0.437500 0.059082
v 0.011353 0.443359 0.061523
v 0.025513 0.433594 0.058105
v 0.053711 -0.267578 -0.052734
v 0.055420 -0.300781 -0.053467
v -0.032227 0.380859 0.051514
v -0.300781 0.004822 0.031250
v 0.004456 0.476562 0.013306
v -0.002563 0.478516 0.004486
v -0.002777 0.474609 -0.002136
v -0.022583 0.429688 -0.041504
v -0.001930 0.433594 -0.045410
v -0.000420 0.414062 -0.049561
v -0.037842 0.421875 -0.031006
v -0.019653 0.410156 -0.045410
v -0.046387 -0.410156 -0.028320
v -0.054932 -0.410156 -0.047363
v 0.028564 0.361328 0.047607
v -0.047607 0.431641 -0.001755
v -0.135742 -0.375000 -0.036621
v -0.012878 0.443359 0.060547
v -0.093262 -0.047363 0.059326
v 0.044434 0.427734 -0.019287
v 0.039062 0.419922 -0.030640
v 0.022949 0.437500 -0.038574
v 0.039551 0.443359 -0.016602
v 0.048828 0.414062 -0.008118
v -0.045410 0.351562 0.015564
v -0.043457 0.339844 0.016235
v -0.133789 -0.500000 0.049805
v -0.043701 0.429688 -0.018555
v -0.267578 -0.019165 0.006042
v -0.099609 -0.111816 0.037842
v -0.052734 0.470703 -0.065918
v -0.047607 0.468750 -0.065430
v -0.049316 0.468750 -0.061279
v -0.027710 0.347656 0.005035
v 0.040039 0.304688 -0.006378
v 0.051025 0.291016 0.010132
v -0.020874 0.439453 0.056885
v -0.034180 0.447266 0.054688
v -0.093750 -0.447266 0.006653
v -0.086426 -0.449219 0.013428
v 0.002869 0.355469 0.070801
v 0.003601 0.351562 0.069336
v -0.006592 0.380859 0.061768
v -0.004639 0.451172 -0.032715
v 0.032959 -0.108887 -0.088379
v 0.060303 -0.500000 -0.052002
v 0.044434 -0.500000 -0.033936
v -0.175781 0.144531 -0.047119
v 0.022583 0.468750 0.005829
v 0.051025 0.069336 0.072754
v 0.253906 -0.014893 0.000355
v -0.255859 0.024658 0.015991
v -0.249023 0.016846 0.009277
v 0.015076 0.453125 -0.030884
v 0.018311 0.378906 0.060791
v 0.054688 0.213867 -0.053223
v 0.070801 0.180664 -0.031006
v 0.014099 0.392578 0.058838
v 0.009705 0.390625 0.056641
v 0.018799 0.392578 0.058594
v 0.010559 0.386719 0.058838
v -0.019653 0.443359 -0.042969
v -0.289062 -0.034912 0.012329
v 0.019775 0.416016 -0.045410
v -0.172852 0.084961 -0.040283
v 0.078613 -0.425781 -0.033936
v 0.080566 -0.378906 -0.040039
v 0.036621 0.345703 0.007568
v 0.038574 0.345703 0.004517
v -0.292969 -0.039551 0.017700
v -0.048096 0.367188 0.013489
v 0.001877 0.357422 0.070312
v 0.250000 -0.018677 -0.007080
v 0.091797 -0.308594 -0.005493
v 0.083008 -0.337891 -0.049072
v -0.024048 0.419922 -0.062988
v -0.028687 0.416016 -0.062988
v -0.031738 0.416016 -0.064453
v -0.026001 0.333984 -0.001312
v -0.078613 -0.423828 -0.034180
v 0.072266 0.150391 -0.003891
v 0.257812 0.023926 0.015747
v -0.033936 0.457031 -0.028564
v -0.013489 0.462891 -0.018188
v 0.000198 0.020142 -0.065430
v 0.052246 0.423828 0.022949
v 0.054199 0.425781 0.010010
v -0.011108 0.343750 0.060791
v 0.043701 0.369141 0.014404
v 0.045166 0.375000 0.015869
v 0.082520 0.173828 0.031494
v -0.308594 -0.020142 0.029419
v 0.010132 0.462891 -0.009766
v 0.008484 0.464844 -0.014709
v 0.096680 -0.451172 0.014282
v 0.092285 -0.453125 0.015991
v 0.012695 0.341797 0.058350
v 0.005737 0.341797 0.062256
v -0.004730 0.376953 0.065430
v 0.248047 -0.017700 -0.001984
v -0.080566 0.194336 -0.019409
v -0.023438 0.376953 0.045166
v -0.229492 0.031006 -0.025391
v -0.086914 -0.226562 0.008667
v -0.096680 -0.178711 -0.007751
v -0.275391 0.021606 0.018311
v -0.064453 -0.482422 -0.052734
v 0.049072 0.396484 0.003799
v 0.059326 -0.482422 -0.002350
v -0.182617 0.136719 -0.045898
v -0.188477 0.097656 -0.049805
v -0.000336 0.392578 0.069336
v -0.003723 0.386719 0.067871
v 0.080566 -0.462891 -0.053223
v -0.005707 0.341797 0.061768
v -0.031006 -0.375000 0.064453
v -0.084961 -0.439453 0.006927
v -0.000404 0.457031 -0.026489
v -0.078125 0.234375 -0.052979
v -0.057373 0.246094 -0.059082
v -0.024414 0.384766 0.058594
v 0.011963 0.375000 0.050781
v -0.053467 -0.500000 0.001419
v -0.055420 0.404297 0.013672
v 0.067383 -0.186523 0.032227
v -0.031982 0.416016 -0.060791
v 0.015442 0.402344 -0.052002
v 0.027466 0.390625 0.049316
v 0.027222 0.392578 0.045654
v 0.029419 0.386719 0.048584
v 0.022461 0.396484 0.046875
v 0.129883 -0.498047 0.074219
v 0.015564 0.371094 0.061279
v 0.018188 0.376953 0.059814
v -0.166016 0.168945 -0.026245
v 0.287109 -0.040283 0.019897
v -0.049561 0.414062 -0.007507
v 0.289062 -0.048096 0.020508
v 0.291016 -0.044922 0.023315
v -0.048096 0.388672 0.004272
v 0.046387 0.386719 0.019897
v -0.048340 0.468750 -0.056885
v -0.027344 0.390625 0.053467
v -0.239258 0.013367 0.001083
v 0.049316 0.367188 0.005615
v 0.038086 0.361328 0.022461
v 0.035889 0.351562 0.022583
v -0.285156 -0.032715 0.006866
v -0.281250 -0.037842 0.011536
v -0.279297 -0.034180 0.002762
v -0.045898 0.119629 0.069824
v 0.059082 0.429688 0.001450
v -0.041748 0.361328 0.013611
v -0.273438 -0.033691 0.004547
v 0.155273 0.134766 -0.008850
v -0.247070 0.022583 0.008850
v 0.026123 0.457031 -0.028198
v 0.017212 0.458984 -0.023438
v 0.030640 0.460938 -0.026489
v -0.003784 0.388672 -0.053955
v -0.265625 -0.020874 -0.000717
v -0.087891 -0.449219 0.016602
v 0.291016 -0.048096 0.021851
v 0.202148 0.042725 -0.033447
v 0.000328 0.339844 0.034424
v -0.016235 0.447266 -0.035400
v -0.010193 0.449219 -0.039795
v 0.057129 0.421875 0.032227
v 0.044678 0.398438 -0.014893
v -0.055664 -0.300781 -0.052979
v -0.011841 0.378906 0.060303
v -0.050781 0.376953 0.011780
v -0.083984 -0.453125 0.019653
v -0.076660 -0.449219 0.015076
v -0.080078 -0.453125 0.020874
v -0.046143 0.378906 0.003937
v -0.273438 -0.032471 0.009521
v -0.277344 -0.040771 0.013550
v 0.035645 0.367188 0.036621
v 0.242188 0.035645 0.006378
v 0.019409 0.384766 -0.045410
v 0.075195 -0.449219 0.013794
v 0.075684 -0.445312 0.011902
v 0.310547 -0.022583 0.029175
v 0.003784 0.347656 0.065430
v 0.010010 0.451172 -0.034668
v 0.013428 0.447266 -0.039062
v -0.005219 0.453125 -0.038818
v -0.097168 -0.417969 -0.019287
v -0.093750 -0.429688 -0.002823
v -0.049805 0.271484 0.027222
v -0.037598 0.269531 0.033203
v -0.033447 0.412109 -0.062988
v 0.025757 -0.050781 0.092773
v -0.016968 0.388672 0.063965
v 0.011841 0.306641 -0.039307
v -0.013428 0.464844 -0.019653
v 0.096680 -0.447266 0.004669
v -0.006531 0.441406 -0.047119
v -0.018066 0.427734 -0.060791
v 0.043945 0.384766 -0.005005
v -0.004883 0.445312 -0.038574
v -0.011353 0.445312 -0.044678
v 0.007874 0.466797 -0.005951
v 0.032959 0.339844 0.005707
v 0.007507 0.466797 -0.004272
v 0.017212 0.435547 -0.047607
v -0.231185 0.034872 -0.009817
v 0.006802 0.443582 -0.045984
v -0.087638 -0.451441 0.014451
v 0.088409 -0.448511 0.016114
v 0.228704 0.036129 -0.010690
v 0.008421 0.464583 -0.005444
v 0.014954 0.385254 0.055786
v 0.073402 -0.425018 -0.020597
v -0.047324 -0.416666 -0.023673
v -0.073496 -0.424162 -0.020300
v -0.014701 0.384314 0.056329
v 0.066098 -0.180965 -0.001792
v -0.066310 -0.180447 -0.001865
vn 0.8775 -0.0545 0.4765
vn 0.9305 -0.3072 0.1995
vn 0.7331 -0.4312 0.5259
vn 0.6242 0.1464 0.7674
vn 0.7828 0.3525 0.5128
vn 0.6913 -0.2149 0.6899
vn 0.9616 0.2550 0.1018
vn 0.9935 0.0641 -0.0936
vn 0.8676 0.0967 -0.4877
vn 0.8911 0.0694 -0.4484
vn 0.7184 0.0950 -0.6891
vn 0.9946 0.0951 -0.0424
vn 0.8354 0.1736 -0.5216
vn 0.9831 0.1710 -0.0648
vn 0.5995 0.1090 -0.7929
vn 0.2398 0.0286 0.9704
vn 0.0000 -0.1024 0.9947
vn 0.2505 -0.2044 0.9463
vn 0.3300 0.1859 0.9255
vn 0.2650 0.0820 0.9607
vn 0.3959 -0.0538 0.9167
vn -0.9788 -0.2007 0.0403
vn -0.9391 -0.1843 -0.2902
vn -0.9585 0.1270 -0.2552
vn -0.9176 -0.2376 0.3187
vn -0.9460 -0.2520 0.2040
vn -0.9894 0.1153 0.0887
vn -0.9787 -0.1859 -0.0872
vn 0.3925 0.8061 -0.4428
vn 0.7662 0.2780 0.5794
vn 0.8549 0.3267 0.4030
vn 0.3840 0.7457 -0.5445
vn -0.1875 0.6033 -0.7752
vn 0.0938 0.5213 -0.8482
vn 0.5508 0.8342 -0.0277
vn -0.2578 0.9283 0.2681
vn 0.0977 0.9871 0.1270
vn -0.2831 0.9306 0.2321
vn -0.2004 0.7384 0.6440
vn 0.1866 0.9458 0.2659
vn -0.7264 0.6543 0.2102
vn -0.6513 0.6319 0.4202
vn -0.6506 0.0267 0.7590
vn -0.5526 -0.0650 0.8309
vn -0.8605 -0.4456 0.2470
vn -0.6679 -0.7432 -0.0409
vn -0.6545 0.0561 0.7540
vn -0.6266 -0.0478 0.7779
vn 0.6211 0.1795 0.7629
vn 0.6299 -0.7750 -0.0508
vn 0.5962 0.2695 0.7562
vn 0.6366 -0.6447 0.4233
vn -0.5800 0.7742 0.2536
vn -0.3639 0.3960 0.8430
vn 0.5883 0.8025 -0.0994
vn 0.3142 0.9279 -0.2007
vn 0.2896 0.9570 0.0149
vn 0.7913 0.6086 0.0584
vn 0.8297 0.5449 -0.1209
vn 0.5296 0.7400 -0.4147
vn 0.5123 0.8490 0.1297
vn 0.7289 0.6838 -0.0331
vn 0.8285 0.4594 -0.3202
vn 0.6155 0.7792 0.1182
vn 0.4641 0.8684 0.1750
vn 0.6460 0.7628 -0.0284
vn 0.9181 0.3950 0.0314
vn 0.9160 0.3226 -0.2385
vn -0.4332 -0.0069 -0.9013
vn -0.3838 -0.4218 -0.8215
vn 0.0173 -0.1717 -0.9850
vn 0.0144 0.2364 -0.9715
vn -0.8696 -0.0435 -0.4919
vn -0.7259 -0.4119 -0.5508
vn -0.4168 0.2831 -0.8638
vn -0.9707 -0.1153 -0.2108
vn -0.9938 -0.0100 -0.1106
vn -0.5101 -0.1613 -0.8449
vn -0.8236 -0.0845 0.5608
vn -0.7698 -0.0295 0.6376
vn -0.4985 -0.1782 -0.8484
vn -0.9592 -0.1390 -0.2462
vn 0.0164 -0.7075 0.7065
vn -0.0651 -0.6495 0.7576
vn 0.0191 -0.7123 0.7016
vn 0.2740 -0.5601 0.7818
vn 0.0805 -0.0747 0.9940
vn -0.2500 -0.4307 0.8672
vn -0.0208 0.0762 -0.9969
vn 0.0274 0.3083 -0.9509
vn 0.1290 0.3094 -0.9421
vn 0.0015 -0.0246 -0.9997
vn 0.0061 0.0929 -0.9957
vn 0.1664 -0.0421 -0.9852
vn 0.0396 -0.0877 -0.9954
vn -0.9386 0.3450 0.0011
vn -0.9513 0.1305 0.2792
vn -0.9949 0.0984 0.0208
vn -0.9907 0.1209 0.0630
vn -0.9003 0.2160 0.3780
vn -0.9348 0.3484 0.0696
vn -0.8812 0.4602 0.1086
vn -0.5031 0.7936 -0.3422
vn -0.5218 0.3992 -0.7539
vn -0.4958 0.8067 -0.3215
vn -0.5674 0.4620 -0.6817
vn -0.5046 0.7833 -0.3630
vn -0.2297 0.8822 0.4111
vn -0.0826 0.9226 0.3769
vn 0.2917 0.4268 0.8560
vn -0.0981 0.6516 0.7522
vn -0.0564 0.0809 0.9951
vn 0.2704 -0.0195 0.9626
vn 0.3233 0.6335 0.7030
vn 0.1025 0.7789 0.6187
vn 0.3739 0.4586 0.8062
vn -0.2717 -0.4467 -0.8524
vn -0.9189 -0.3942 -0.0171
vn -0.9096 -0.4152 0.0188
vn 0.9127 -0.2654 -0.3107
vn -0.5091 -0.6090 -0.6082
vn -0.2159 -0.4210 -0.8810
vn 0.8270 0.0684 -0.5580
vn -0.1063 0.9032 0.4158
vn -0.1213 0.2067 0.9708
vn 0.0889 0.8307 0.5495
vn -0.5128 0.1754 0.8404
vn -0.6161 0.3343 0.7132
vn -0.0985 0.0059 0.9951
vn 0.7588 0.6057 0.2396
vn 0.8839 0.3954 0.2499
vn 0.3544 0.8410 0.4088
vn 0.2025 0.9307 0.3046
vn 0.2260 0.9368 0.2671
vn 0.9342 0.3227 0.1524
vn 0.6772 0.6186 0.3983
vn 0.9083 0.3540 0.2230
vn 0.8521 -0.5109 -0.1141
vn 0.5904 -0.0615 -0.8048
vn 0.7726 -0.4016 -0.4917
vn 0.5424 -0.5325 0.6497
vn 0.7226 -0.4479 0.5265
vn -0.6390 -0.3590 0.6803
vn -0.8703 -0.4628 0.1683
vn -0.5880 -0.3232 0.7415
vn -0.4069 -0.4033 0.8196
vn -0.4639 -0.0189 0.8857
vn -0.5264 -0.3937 0.7535
vn -0.7045 -0.6755 0.2177
vn -0.6220 -0.7628 -0.1768
vn -0.5033 -0.8620 -0.0602
vn -0.5367 -0.8297 0.1535
vn -0.5596 -0.8241 0.0877
vn -0.4468 -0.7314 -0.5152
vn -0.5372 -0.7052 -0.4628
vn -0.9882 0.1064 -0.1106
vn -0.9947 0.0978 0.0308
vn -0.8965 0.0669 -0.4380
vn -0.9530 0.1259 -0.2756
vn -0.8162 0.1013 0.5689
vn -0.7261 0.0643 0.6846
vn -0.8712 0.0918 -0.4822
vn 0.6869 -0.2924 -0.6653
vn 0.7043 -0.3835 -0.5974
vn 0.0975 -0.4711 -0.8767
vn 0.2091 -0.3413 -0.9164
vn 0.6486 -0.1610 -0.7439
vn 0.0852 0.6634 0.7434
vn 0.8340 0.4777 -0.2761
vn 0.7819 0.2916 -0.5510
vn 0.7690 0.5555 -0.3162
vn -0.0888 0.7215 0.6867
vn 0.3021 0.6513 0.6961
vn -0.4070 -0.1803 0.8954
vn -0.6324 -0.1589 0.7582
vn -0.3451 -0.4013 0.8484
vn -0.4412 -0.1650 0.8821
vn -0.4223 -0.5151 0.7459
vn -0.3350 -0.0210 0.9420
vn -0.1435 -0.4048 0.9031
vn -0.2765 -0.5645 0.7777
vn -0.6099 0.1595 -0.7763
vn -0.7826 0.2542 -0.5683
vn -0.5222 0.2318 -0.8207
vn -0.6008 0.1182 -0.7906
vn -0.8358 0.1871 -0.5162
vn -0.4227 0.0900 -0.9018
vn -0.4430 0.1236 -0.8879
vn -0.0822 -0.9952 0.0536
vn 0.1204 0.6289 0.7681
vn 0.1352 -0.9217 0.3637
vn -0.1560 -0.9424 0.2959
vn 0.1541 -0.9589 0.2382
vn 0.1276 -0.9895 0.0678
vn -0.9412 0.1722 0.2908
vn -0.9899 0.0983 -0.1023
vn -0.9626 0.0080 -0.2710
vn -0.4804 -0.8662 0.1378
vn -0.8531 0.2614 0.4516
vn -0.9021 0.1921 0.3864
vn -0.6355 -0.1773 0.7515
vn -0.7040 -0.3079 0.6400
vn -0.7898 -0.2030 0.5788
vn -0.4667 -0.2604 0.8452
vn -0.6362 -0.4448 0.6304
vn -0.6344 -0.1961 0.7477
vn -0.6586 -0.1944 0.7269
vn -0.6013 -0.2902 0.7445
vn -0.7920 0.6041 0.0880
vn -0.8414 0.5282 0.1143
vn 0.4839 0.4352 0.7593
vn -0.7516 -0.2604 -0.6061
vn -0.6140 -0.4725 -0.6322
vn -0.8536 0.0863 -0.5137
vn 0.2401 0.5743 0.7827
vn -0.4002 0.7288 0.5557
vn 0.0873 0.6978 -0.7109
vn -0.1406 0.4968 -0.8564
vn -0.0865 0.7318 -0.6760
vn 0.4814 0.5591 -0.6750
vn 0.3093 0.4677 -0.8280
vn -0.2434 0.6997 0.6717
vn 0.5855 0.7411 0.3286
vn -0.2711 0.9595 0.0764
vn -0.4557 0.5343 0.7120
vn -0.4336 0.3985 0.8082
vn -0.4311 0.8810 0.1950
vn -0.2775 0.6667 0.6918
vn 0.2070 0.0703 -0.9758
vn 0.0075 0.0482 -0.9988
vn 0.0220 0.0153 -0.9996
vn -0.3455 0.0444 -0.9374
vn -0.0059 0.0724 -0.9974
vn -0.0624 -0.2277 0.9717
vn -0.1489 0.0063 0.9888
vn 0.9087 -0.2071 0.3626
vn 0.7468 -0.3056 0.5907
vn 0.1948 -0.3523 0.9154
vn -0.8044 -0.5749 -0.1497
vn -0.8173 -0.5760 0.0141
vn -0.5669 -0.3919 -0.7246
vn -0.5551 -0.4309 -0.7115
vn -0.8254 -0.5625 -0.0484
vn -0.5580 -0.3632 0.7461
vn -0.5254 0.5646 0.6366
vn -0.0082 0.8916 0.4527
vn -0.5896 0.6907 0.4187
vn -0.1947 0.4215 0.8857
vn 0.0123 0.7314 0.6818
vn -0.7212 0.3128 0.6181
vn -0.3971 0.3359 0.8541
vn -0.5507 0.2307 0.8022
vn -0.8250 0.2379 -0.5126
vn -0.9513 0.2727 -0.1440
vn -0.9936 0.0544 -0.0988
vn -0.8304 0.0133 -0.5570
vn -0.9672 0.0044 -0.2540
vn -0.2708 0.2647 -0.9255
vn -0.3361 0.1522 -0.9294
vn -0.8041 -0.1301 -0.5801
vn -0.4323 -0.7647 -0.4778
vn -0.3552 -0.8645 -0.3557
vn -0.9404 0.0352 -0.3381
vn 0.4592 -0.8348 0.3039
vn 0.4639 -0.8100 0.3588
vn -0.0259 -0.8927 -0.4499
vn 0.2674 -0.2492 -0.9308
vn 0.0105 -0.5010 -0.8654
vn 0.2367 -0.0983 -0.9666
vn 0.2959 -0.1794 -0.9382
vn 0.6903 -0.1568 -0.7063
vn 0.3329 -0.3301 -0.8833
vn 0.8225 0.4778 0.3085
vn 0.5054 0.7835 0.3615
vn 0.5340 0.7614 0.3677
vn 0.7603 0.5621 0.3254
vn 0.9303 -0.0168 0.3664
vn 0.9541 -0.1069 0.2797
vn -0.0717 0.5506 0.8317
vn 0.0070 0.5592 0.8290
vn -0.0698 0.5648 0.8223
vn -0.4249 0.4578 0.7809
vn -0.0835 0.4006 0.9124
vn -0.3715 0.5700 0.7328
vn -0.0046 0.5263 0.8503
vn -0.4628 0.8325 -0.3045
vn -0.4427 0.8512 -0.2821
vn -0.1509 0.5192 -0.8412
vn -0.1409 0.4377 -0.8880
vn -0.4167 0.9017 0.1151
vn -0.2386 0.3226 0.9160
vn -0.2740 0.1130 0.9551
vn 0.0602 0.1612 -0.9851
vn -0.3892 0.2921 0.8736
vn -0.0435 -0.1492 0.9878
vn -0.8355 -0.1233 0.5355
vn 0.0549 -0.0960 0.9939
vn 0.8035 -0.1344 0.5799
vn 0.0300 -0.2440 0.9693
vn -0.7858 -0.1311 0.6044
vn -0.8496 -0.1181 0.5140
vn 0.7227 -0.1248 0.6798
vn -0.8829 -0.0039 -0.4695
vn -0.7607 0.0858 -0.6434
vn -0.7538 -0.2017 -0.6254
vn -0.7731 -0.2561 -0.5803
vn -0.8585 -0.0222 -0.5123
vn -0.6327 -0.3260 -0.7025
vn -0.8768 0.1958 -0.4391
vn -0.8097 0.0896 -0.5799
vn 0.1099 -0.3063 0.9456
vn -0.4763 -0.8793 0.0000
vn 0.7765 0.3850 -0.4989
vn 0.8022 0.3064 -0.5125
vn 0.6271 0.2959 -0.7205
vn 0.5627 0.2593 0.7850
vn 0.5898 0.2219 0.7765
vn -0.0511 -0.1215 0.9913
vn -0.0235 -0.2009 0.9793
vn 0.4106 0.3331 0.8488
vn 0.7817 0.5828 0.2220
vn 0.8505 0.5106 0.1261
vn -0.4132 0.6869 -0.5979
vn -0.1415 0.3233 -0.9357
vn -0.4570 0.2584 -0.8511
vn -0.5160 0.8503 -0.1032
vn -0.3636 0.8866 -0.2859
vn -0.6647 0.7044 -0.2491
vn -0.1206 0.6602 -0.7413
vn -0.7434 0.1195 -0.6581
vn -0.7436 -0.2200 -0.6314
vn -0.9222 -0.2507 -0.2946
vn 0.8337 -0.1608 0.5283
vn 0.8978 -0.1366 0.4188
vn 0.8975 0.0041 0.4409
vn 0.6957 0.1108 0.7097
vn 0.6386 -0.1814 0.7479
vn 0.7269 -0.3485 0.5918
vn 0.8313 -0.2329 0.5046
vn -0.0579 -0.0297 -0.9979
vn -0.6133 -0.1377 -0.7777
vn -0.1958 -0.1627 -0.9671
vn 0.3596 -0.0557 -0.9314
vn 0.5708 -0.1754 -0.8021
vn -0.1834 0.1778 -0.9668
vn -0.6152 0.2570 -0.7453
vn 0.4703 0.1160 -0.8748
vn -0.1970 -0.3406 0.9193
vn 0.8195 0.5424 -0.1848
vn 0.0000 -1.0000 0.0000
vn -0.5739 0.1081 0.8118
vn -0.3631 0.5673 0.7391
vn -0.7716 0.2779 -0.5722
vn -0.3975 0.8981 -0.1884
vn -0.0362 0.6704 -0.7411
vn -0.6017 0.3251 -0.7296
vn -0.7664 0.6162 -0.1814
vn -0.3132 -0.1679 -0.9347
vn 0.3372 0.5574 0.7586
vn -0.0439 0.4966 0.8669
vn 0.3740 0.2306 0.8983
vn 0.5391 0.5903 0.6008
vn 0.3050 0.7961 0.5227
vn 0.5918 0.2970 0.7494
vn -0.0180 0.7627 0.6465
vn -0.8861 -0.4340 -0.1626
vn 0.1102 0.1090 0.9879
vn -0.7319 0.1120 0.6721
vn -0.8015 -0.5900 -0.0971
vn -0.9477 -0.3182 -0.0233
vn -0.0475 -0.7036 -0.7090
vn 0.1910 -0.5320 -0.8249
vn -0.3563 -0.3473 0.8674
vn 0.0528 -0.8519 0.5210
vn 0.0882 -0.5342 0.8407
vn 0.0260 0.0864 0.9959
vn -0.3808 -0.8946 0.2339
vn -0.5334 0.2203 0.8167
vn -0.8064 -0.1389 0.5748
vn -0.2364 0.7797 0.5799
vn -0.3553 0.3973 0.8461
vn -0.8672 0.4396 0.2340
vn -0.6858 0.7103 0.1585
vn -0.1838 0.8717 0.4542
vn 0.4931 0.6789 0.5440
vn 0.4451 0.4127 0.7947
vn 0.4979 -0.6963 -0.5170
vn 0.4993 -0.6367 -0.5876
vn 0.5277 -0.6031 -0.5982
vn 0.6173 -0.6940 -0.3706
vn 0.4249 -0.7649 -0.4841
vn 0.6121 -0.6591 -0.4368
vn 0.4857 -0.6906 -0.5359
vn -0.0190 0.0420 0.9989
vn 0.0006 0.0571 0.9984
vn -0.2860 0.0687 0.9558
vn 0.2734 0.0784 0.9587
vn -0.2687 0.0486 0.9620
vn -0.1271 0.0074 0.9919
vn 0.2879 0.0473 0.9565
vn -0.9566 -0.2510 -0.1478
vn -0.5378 -0.3355 -0.7734
vn -0.9879 -0.1065 -0.1127
vn -0.9752 -0.0274 0.2195
vn -0.8992 -0.2423 0.3645
vn -0.7292 -0.6616 0.1747
vn -0.1390 0.7425 0.6553
vn -0.7617 0.6461 0.0477
vn -0.1483 0.7170 0.6811
vn -0.9341 0.3366 -0.1185
vn 0.6851 -0.1437 0.7142
vn 0.1655 0.8193 -0.5489
vn 0.1628 0.7818 -0.6019
vn -0.1001 0.8312 -0.5468
vn 0.1460 0.9195 -0.3649
vn 0.5636 0.7769 -0.2806
vn 0.4864 0.8043 -0.3413
vn 0.2766 0.4521 0.8480
vn -0.2712 0.8180 -0.5073
vn 0.5324 -0.0337 0.8458
vn 0.8547 -0.2468 0.4567
vn 0.8052 0.3784 0.4565
vn -0.4578 0.0329 -0.8884
vn -0.5387 -0.1889 -0.8210
vn -0.6445 -0.0902 -0.7593
vn -0.2471 0.3399 -0.9074
vn -0.0644 0.0375 -0.9972
vn -0.5623 0.2221 -0.7966
vn -0.1082 -0.2666 -0.9577
vn 0.9385 0.1713 0.2999
vn 0.9112 0.1694 0.3756
vn 0.8690 0.2261 0.4401
vn 0.9916 0.0915 -0.0915
vn 0.9654 -0.0008 -0.2609
vn 0.4787 -0.8672 0.1368
vn -0.1466 0.7935 0.5906
vn -0.6824 -0.3443 0.6448
vn -0.0386 0.7786 0.6264
vn 0.5802 0.7684 -0.2700
vn 0.6441 0.6842 -0.3421
vn 0.0269 0.8374 0.5459
vn -0.6443 -0.3244 0.6926
vn 0.6128 0.1480 -0.7763
vn 0.5223 0.2313 -0.8208
vn 0.7849 0.2471 -0.5683
vn 0.4604 0.1170 -0.8799
vn 0.4482 0.0778 -0.8905
vn 0.1518 0.0617 0.9865
vn 0.0878 -0.9071 0.4118
vn -0.4005 0.6535 0.6423
vn -0.6533 -0.1436 0.7434
vn -0.7182 0.0941 -0.6895
vn -0.3816 0.0793 -0.9209
vn -0.7035 0.1149 -0.7013
vn -0.8683 0.1087 -0.4840
vn -0.3616 -0.2857 0.8875
vn -0.5728 -0.5169 0.6362
vn -0.1562 -0.8542 0.4959
vn 0.7088 0.4457 -0.5468
vn 0.9961 0.0553 0.0686
vn 0.7596 0.4227 -0.4943
vn 0.5321 0.3046 -0.7899
vn 0.5484 0.4070 -0.7305
vn 0.6892 0.3317 -0.6442
vn 0.5955 0.7609 -0.2576
vn 0.5471 0.8010 -0.2430
vn -0.0109 0.8989 0.4380
vn -0.5274 0.7697 0.3598
vn -0.5342 0.4704 0.7024
vn 0.6041 -0.4267 0.6731
vn 0.0645 -0.4205 0.9050
vn 0.3495 -0.7077 0.6140
vn 0.1821 0.0153 0.9832
vn 0.7500 -0.6585 -0.0618
vn 0.7902 -0.6127 -0.0130
vn 0.5853 -0.3039 0.7517
vn 0.5782 -0.3884 -0.7175
vn 0.7929 -0.4038 -0.4563
vn 0.4899 -0.7475 -0.4485
vn 0.3720 -0.4807 -0.7941
vn 0.7454 -0.0042 -0.6666
vn 0.5270 -0.0778 -0.8463
vn -0.4479 0.6758 0.5854
vn -0.8196 0.2492 0.5159
vn -0.8866 0.3846 0.2571
vn 0.1373 0.8651 0.4825
vn 0.3858 0.8013 0.4572
vn -0.2859 0.8206 0.4948
vn 0.2768 0.5043 0.8180
vn -0.5066 0.3682 0.7796
vn 0.0094 -0.5081 -0.8612
vn 0.3928 0.0545 -0.9180
vn 0.3668 -0.3156 -0.8751
vn -0.3401 -0.3900 -0.8557
vn 0.0908 -0.6811 -0.7265
vn 0.0647 -0.7774 -0.6257
vn -0.3866 0.3218 0.8643
vn -0.5748 0.7798 0.2481
vn 0.2195 -0.7790 -0.5873
vn 0.1191 -0.6972 -0.7069
vn 0.0345 -0.7294 -0.6832
vn 0.4867 -0.6465 -0.5875
vn -0.1690 -0.6950 -0.6989
vn 0.4021 -0.6333 -0.6613
vn 0.5220 -0.6231 -0.5824
vn -0.0865 -0.9845 -0.1526
vn 0.6426 -0.4288 -0.6350
vn 0.5158 -0.4593 -0.7232
vn -0.2828 -0.9448 0.1653
vn -0.2757 -0.9594 -0.0585
vn -0.4199 0.0782 0.9042
vn -0.1290 -0.4640 0.8764
vn 0.3812 -0.9241 0.0263
vn -0.2611 0.9641 -0.0490
vn -0.0127 0.3080 -0.9513
vn -0.2646 0.7762 -0.5722
vn 0.3946 0.8383 0.3763
vn 0.0049 0.3135 -0.9496
vn -0.1216 0.3218 -0.9390
vn 0.0311 0.0756 -0.9966
vn 0.3977 0.1243 0.9091
vn 0.2595 -0.5584 0.7879
vn 0.9338 -0.3031 -0.1901
vn -0.0742 0.9813 -0.1776
vn 0.9948 0.1014 0.0113
vn 0.9865 0.1107 -0.1206
vn 0.8650 0.0961 -0.4925
vn 0.1450 -0.4401 0.8862
vn 0.0211 -0.5664 0.8239
vn 0.2121 -0.7263 0.6538
vn 0.3551 -0.3708 0.8581
vn -0.9412 0.2058 -0.2679
vn -0.7212 0.4361 0.5382
vn -0.1914 -0.1856 0.9638
vn 0.1649 -0.3760 -0.9118
vn -0.7019 0.1155 -0.7028
vn -0.0352 -0.3825 -0.9233
vn -0.0434 -0.8021 -0.5956
vn 0.3427 -0.8396 0.4216
vn 0.3189 -0.9341 0.1603
vn 0.4191 -0.9030 0.0943
vn 0.0768 -0.8055 0.5876
vn 0.0172 -0.5571 0.8303
vn 0.0956 -0.5265 0.8448
vn 0.9326 -0.3366 0.1301
vn 0.9350 -0.3356 0.1148
vn 0.8321 -0.4294 0.3511
vn 0.9260 -0.1830 0.3301
vn 0.9531 -0.1520 0.2617
vn 0.0485 0.9986 0.0204
vn -0.4392 0.8980 0.0285
vn 0.0034 0.8981 0.4397
vn 0.0963 0.5684 0.8171
vn 0.4602 0.8878 -0.0072
vn -0.1882 0.3340 -0.9236
vn -0.3762 0.8404 0.3903
vn 0.0471 0.1042 -0.9934
vn -0.0161 -0.2435 -0.9698
vn -0.4003 0.9011 -0.1665
vn 0.3462 -0.8858 -0.3091
vn -0.2232 0.7520 0.6202
vn -0.2330 -0.7126 -0.6617
vn -0.9745 -0.2110 -0.0762
vn -0.1036 -0.5364 -0.8376
vn 0.7787 -0.5900 -0.2132
vn -0.2835 -0.9206 0.2685
vn 0.4321 -0.9017 -0.0165
vn 0.3583 -0.8097 0.4647
vn -0.2497 -0.9601 0.1259
vn -0.3544 -0.6074 0.7109
vn 0.6876 -0.6942 0.2129
vn 0.5002 -0.8435 0.1958
vn 0.6412 -0.2306 0.7319
vn -0.3787 0.2394 -0.8940
vn 0.1098 0.6897 -0.7157
vn 0.2629 -0.1616 -0.9512
vn -0.3085 -0.6211 -0.7204
vn -0.9589 -0.0691 -0.2754
vn 0.4799 0.7691 0.4222
vn 0.0496 0.9350 0.3511
vn -0.2592 -0.0579 0.9641
vn -0.2674 -0.0357 0.9629
vn -0.3980 0.0245 0.9171
vn -0.2310 0.0370 0.9722
vn -0.2766 -0.0267 0.9606
vn -0.3147 0.0181 0.9490
vn 0.9379 -0.3462 0.0225
vn 0.9925 -0.0987 -0.0718
vn 0.9175 -0.1514 -0.3679
vn 0.5947 -0.2342 0.7691
vn 0.9290 -0.0624 -0.3648
vn 0.9841 -0.1158 0.1350
vn 0.8883 -0.4404 0.1298
vn 0.6443 -0.7436 0.1790
vn -0.2069 -0.8764 0.4349
vn -0.0882 -0.9870 0.1343
vn 0.2875 -0.9483 0.1345
vn -0.8697 0.3816 0.3129
vn 0.2807 -0.9594 -0.0263
vn -0.2680 -0.9629 -0.0315
vn -0.7274 0.3536 -0.5881
vn -0.3872 0.1804 -0.9042
vn -0.9030 0.4265 0.0513
vn -0.8868 0.4616 0.0217
vn -0.7004 0.4273 -0.5717
vn -0.2526 0.1898 -0.9488
vn 0.0451 -0.2099 0.9767
vn 0.5599 -0.3842 0.7341
vn 0.4851 -0.3940 0.7807
vn -0.4933 0.2890 0.8204
vn 0.0615 0.1564 0.9858
vn -0.0219 -0.0691 0.9974
vn 0.6178 0.6220 -0.4811
vn 0.3320 0.6115 -0.7182
vn 0.2019 0.9312 -0.3035
vn 0.6002 0.3374 -0.7252
vn 0.5390 0.8267 0.1614
vn 0.8577 0.4983 -0.1265
vn 0.8101 0.3388 -0.4785
vn 0.4649 0.2265 -0.8559
vn 0.9219 0.2468 -0.2986
vn 0.4728 0.1793 -0.8627
vn -0.2155 -0.1683 -0.9619
vn 0.5944 -0.1481 -0.7904
vn 0.7792 -0.2793 0.5611
vn 0.8365 -0.3791 0.3956
vn 0.8506 -0.2884 0.4396
vn 0.6490 -0.2164 0.7294
vn 0.7822 -0.2982 0.5470
vn 0.7772 -0.2598 0.5731
vn 0.6592 -0.3851 0.6459
vn 0.9523 0.2572 -0.1641
vn 0.9379 0.2662 -0.2227
vn 0.9576 0.2406 0.1583
vn 0.9283 0.2038 0.3110
vn -0.6206 -0.2797 0.7326
vn -0.7389 -0.3363 0.5839
vn -0.7479 -0.3406 0.5698
vn -0.6543 -0.2016 0.7289
vn -0.6229 -0.1915 0.7585
vn -0.4112 -0.3006 0.8606
vn -0.4371 -0.2782 0.8553
vn -0.3951 -0.2647 -0.8797
vn -0.8172 0.0549 -0.5737
vn -0.4762 -0.7109 -0.5175
vn -0.3087 -0.1994 -0.9300
vn -0.3786 0.1251 -0.9171
vn -0.4558 -0.3482 -0.8191
vn -0.4875 -0.0489 -0.8717
vn -0.3749 0.8243 0.4243
vn -0.0519 0.8764 0.4788
vn -0.3028 0.8062 0.5083
vn -0.8185 0.4078 0.4046
vn 0.0126 0.8975 0.4409
vn -0.3391 0.8462 0.4111
vn -0.7780 0.4754 0.4107
vn 0.9837 -0.1665 -0.0684
vn 0.9832 -0.1820 0.0112
vn 0.9053 -0.1195 -0.4076
vn 0.9035 -0.1301 -0.4084
vn 0.9169 0.0753 0.3919
vn 0.9832 0.1241 -0.1336
vn -0.3169 -0.6709 0.6704
vn -0.6915 -0.1767 0.7004
vn -0.2508 -0.8474 0.4679
vn 0.1401 -0.9088 -0.3930
vn -0.3950 -0.5836 0.7095
vn -0.5767 -0.0369 0.8161
vn 0.0464 0.4045 0.9134
vn -0.6588 0.2659 0.7038
vn 0.1355 -0.3844 0.9132
vn 0.6839 -0.0140 0.7294
vn 0.5752 -0.0188 -0.8178
vn 0.8841 -0.3016 -0.3568
vn 0.5783 -0.0542 -0.8140
vn 0.3211 0.4016 0.8577
vn 0.1205 0.5743 0.8098
vn 0.0248 0.3888 0.9210
vn 0.3899 0.0594 0.9189
vn 0.6795 0.1308 0.7220
vn 0.5804 0.4667 0.6673
vn -0.3247 0.9388 -0.1149
vn -0.5778 0.8033 -0.1448
vn -0.3879 0.9070 -0.1640
vn -0.5772 0.8079 -0.1192
vn -0.5963 0.7928 0.1260
vn -0.3136 0.9409 -0.1281
vn -0.6452 0.7640 0.0032
vn 0.6065 -0.7933 0.0534
vn 0.7476 -0.6238 0.2279
vn 0.6116 -0.7911 -0.0085
vn 0.4704 -0.8824 0.0089
vn 0.6803 -0.7099 0.1823
vn 0.7596 -0.6030 0.2438
vn 0.6578 -0.7504 -0.0647
vn 0.3154 0.7563 0.5731
vn 0.7882 0.1194 -0.6037
vn 0.8229 0.4716 -0.3169
vn -0.3626 0.2200 0.9056
vn -0.5439 0.2260 0.8082
vn 0.6988 0.6787 0.2260
vn -0.2983 0.5544 -0.7769
vn -0.3388 0.6866 -0.6432
vn -0.0030 0.7365 -0.6765
vn -0.5625 0.5606 -0.6077
vn 0.0432 0.5168 -0.8550
vn 0.8090 -0.5877 -0.0020
vn 0.8191 -0.5719 -0.0439
vn 0.8001 -0.5723 -0.1797
vn 0.1851 0.2118 0.9596
vn 0.6656 -0.3048 0.6812
vn 0.5770 0.1091 0.8094
vn 0.7453 0.0945 0.6600
vn 0.7847 0.0951 0.6125
vn 0.3690 0.0944 0.9246
vn 0.5397 0.1524 0.8280
vn -0.2090 0.0596 -0.9761
vn -0.0073 0.0638 -0.9979
vn 0.3309 0.0370 -0.9429
vn -0.6743 -0.2900 0.6791
vn -0.8543 -0.2843 0.4351
vn -0.2004 -0.2770 0.9397
vn -0.8106 -0.1840 0.5559
vn -0.9970 -0.0761 0.0137
vn -0.9714 -0.2352 -0.0317
vn -0.0696 -0.4278 0.9012
vn 0.0678 -0.3066 0.9494
vn -0.1213 -0.5270 -0.8411
vn -0.3149 -0.2081 -0.9260
vn -0.7787 0.4376 -0.4497
vn 0.5969 -0.7962 0.0992
vn 0.8762 -0.4324 0.2130
vn 0.3640 -0.5703 0.7364
vn 0.3083 -0.5637 0.7663
vn 0.1035 -0.6154 0.7814
vn 0.3139 -0.6486 0.6933
vn 0.7273 -0.3503 0.5902
vn 0.1355 -0.5275 0.8387
vn 0.8121 -0.0666 0.5797
vn -0.7414 -0.6476 0.1762
vn -0.6067 -0.7932 0.0532
vn -0.6080 -0.7939 -0.0083
vn -0.8321 -0.3861 0.3982
vn -0.7741 -0.6011 0.1986
vn -0.7893 -0.5746 0.2164
vn 0.1429 0.0212 0.9895
vn -0.4270 0.0615 0.9022
vn 0.2356 0.0211 0.9716
vn -0.2506 -0.0278 0.9677
vn 0.6576 -0.4046 0.6354
vn 0.5832 -0.3541 0.7311
vn 0.8686 0.1114 0.4827
vn 0.3802 0.6585 0.6495
vn 0.8359 -0.1159 0.5365
vn 0.2847 0.5821 0.7617
vn -0.5526 0.7868 0.2749
vn -0.7744 0.4305 0.4637
vn -0.6941 0.5545 0.4591
vn -0.7689 0.6013 0.2172
vn -0.8072 -0.1238 0.5772
vn -0.7989 -0.0874 0.5951
vn -0.6861 0.4170 0.5962
vn -0.6390 0.6762 0.3666
vn -0.4449 0.8826 0.1518
vn -0.1708 0.9251 0.3392
vn -0.5514 0.8154 0.1764
vn -0.7016 0.7120 -0.0268
vn -0.6104 0.7910 -0.0407
vn -0.3829 0.9238 0.0000
vn -0.1219 0.9754 0.1838
vn 0.3371 0.7985 -0.4987
vn 0.2581 0.7901 -0.5560
vn 0.2933 0.9236 0.2469
vn 0.4149 0.8811 0.2268
vn 0.6362 0.6793 -0.3657
vn 0.2328 0.2325 -0.9443
vn 0.7761 -0.5469 0.3138
vn 0.6968 -0.6859 0.2096
vn 0.5502 -0.3839 -0.7416
vn 0.5521 -0.3551 -0.7544
vn 0.5593 -0.4197 -0.7148
vn 0.0366 -0.0032 -0.9993
vn -0.0563 0.0753 -0.9956
vn 0.9111 0.3003 0.2823
vn 0.7310 0.6003 0.3244
vn 0.7981 0.2776 0.5347
vn 0.9770 0.1190 0.1768
vn 0.9233 0.3808 0.0498
vn 0.9023 0.0602 0.4269
vn 0.6376 0.7677 0.0638
vn -0.9722 -0.1298 -0.1951
vn 0.5984 0.7912 -0.1265
vn 0.0017 0.9975 -0.0709
vn 0.4639 0.8277 0.3158
vn -0.7800 -0.1580 -0.6055
vn -0.5060 -0.2005 0.8389
vn -0.6699 0.0282 0.7419
vn -0.1745 -0.2641 0.9486
vn -0.1501 0.6890 0.7091
vn -0.4923 0.0276 0.8700
vn -0.3454 0.0668 0.9361
vn 0.2264 -0.4949 -0.8389
vn -0.7816 0.0171 -0.6236
vn 0.1819 -0.4175 -0.8903
vn 0.9071 -0.4205 -0.0187
vn 0.6287 -0.7717 -0.0959
vn 0.0822 -0.7967 -0.5987
vn 0.7856 -0.6135 0.0804
vn -0.9974 0.0183 0.0701
vn 0.5461 0.3752 0.7490
vn 0.6928 0.3695 0.6192
vn 0.3837 0.1721 0.9073
vn 0.5176 0.1572 0.8411
vn 0.8339 0.3149 0.4533
vn 0.0828 0.0779 0.9935
vn 0.4488 0.8185 -0.3587
vn 0.5443 0.3954 -0.7399
vn 0.6960 0.6798 -0.2312
vn 0.5048 0.7961 -0.3337
vn 0.5463 0.4802 -0.6863
vn 0.0480 0.7418 0.6689
vn 0.0421 0.8861 0.4616
vn -0.3535 0.1314 0.9261
vn -0.5442 0.2010 0.8146
vn -0.2886 0.1149 0.9505
vn -0.0393 0.2032 0.9783
vn -0.4300 0.2418 0.8698
vn 0.0165 0.0834 0.9964
vn -0.9275 0.2126 0.3073
vn -0.9815 0.1834 -0.0558
vn -0.8978 0.1377 0.4184
vn -0.8740 0.1614 0.4584
vn -0.8925 0.1850 0.4113
vn -0.9577 0.2427 0.1547
vn -0.9525 0.2644 -0.1509
vn 0.2393 0.5534 -0.7978
vn 0.0116 0.5185 -0.8550
vn 0.6910 0.5652 -0.4506
vn 0.4052 0.9105 0.0825
vn 0.0307 0.9133 0.4062
vn 0.8184 0.0940 0.5669
vn -0.9095 -0.2959 0.2920
vn 0.8211 -0.0493 0.5687
vn -0.0776 0.0393 0.9962
vn -0.5242 0.4962 0.6921
vn 0.1531 0.0834 0.9847
vn -0.4703 0.4863 0.7364
vn -0.8387 0.5417 0.0570
vn -0.9433 0.3318 0.0039
vn -0.5785 0.0396 0.8147
vn 0.4413 0.5166 0.7338
vn 0.2774 0.7962 0.5376
vn 0.1814 0.6446 0.7427
vn 0.4984 0.6955 0.5176
vn 0.1818 0.4026 0.8972
vn 0.5280 0.1267 0.8398
vn 0.7780 0.1438 0.6116
vn 0.6696 0.4715 0.5739
vn -0.7131 -0.6948 0.0938
vn 0.5485 -0.4587 -0.6991
vn -0.7322 -0.6781 0.0635
vn -0.5554 0.3023 0.7747
vn -0.7807 -0.5456 0.3045
vn 0.2384 -0.5773 -0.7810
vn 0.7019 -0.2565 -0.6645
vn -0.6995 0.2834 -0.6560
vn -0.4668 0.0411 -0.8834
vn -0.8064 0.0841 -0.5854
vn -0.5324 0.4629 -0.7087
vn -0.8284 0.2277 -0.5118
vn -0.7352 -0.2813 0.6167
vn 0.0300 -0.1045 0.9941
vn -0.8015 -0.1019 0.5893
vn -0.1189 -0.4820 0.8681
vn -0.9516 -0.2910 -0.0989
vn 0.5697 -0.0314 0.8213
vn 0.7082 -0.1370 0.6926
vn 0.5654 -0.2441 0.7879
vn 0.5895 -0.2219 0.7767
vn 0.4102 -0.0068 0.9120
vn 0.6209 -0.0069 0.7838
vn 0.6373 -0.0206 0.7703
vn 0.5574 0.1961 0.8068
vn -0.0123 -0.2088 -0.9779
vn -0.0073 -0.1389 -0.9903
vn 0.1342 -0.1964 -0.9713
vn -0.1582 -0.2227 -0.9620
vn -0.1349 -0.2052 -0.9694
vn 0.1610 -0.2301 -0.9598
vn -0.0011 -0.0544 -0.9985
vn -0.9619 0.2558 0.0970
vn -0.4045 -0.0060 0.9145
vn -0.6994 0.6314 0.3349
vn -0.7185 0.6289 -0.2971
vn -0.8149 0.3074 -0.4914
vn -0.9924 -0.0334 0.1182
vn -0.4578 -0.2070 0.8646
vn -0.4575 -0.0946 0.8842
vn 0.3106 0.4374 0.8440
vn 0.8626 0.1095 0.4939
vn -0.7639 -0.6451 -0.0170
vn -0.8927 -0.4468 0.0583
vn -0.6827 0.1221 0.7204
vn -0.2986 -0.1855 0.9362
vn -0.2259 -0.2515 0.9411
vn -0.6465 0.6060 -0.4634
vn -0.5422 0.6981 -0.4676
vn -0.2841 0.8134 -0.5077
vn -0.0659 0.8146 -0.5763
vn -0.7301 0.6793 -0.0743
vn -0.4700 0.6005 -0.6469
vn -0.4780 0.7510 -0.4555
vn -0.7719 0.5823 0.2552
vn -0.8104 0.3129 0.4954
vn -0.9455 0.3148 -0.0836
vn 0.6693 -0.1973 0.7163
vn 0.8111 0.0567 0.5822
vn 0.5654 -0.0091 0.8247
vn 0.6372 -0.1598 0.7540
vn 0.3688 -0.3397 0.8652
vn 0.5031 -0.3323 0.7978
vn 0.3119 0.0573 -0.9484
vn 0.3923 0.0819 -0.9162
vn 0.7043 0.1217 -0.6994
vn 0.5264 0.1038 -0.8438
vn 0.0338 0.0640 -0.9974
vn -0.5288 -0.8275 0.1888
vn 0.0235 -0.9993 0.0277
vn -0.0044 -0.8823 0.4706
vn -0.7612 -0.4136 0.4994
vn -0.8350 -0.5237 0.1687
vn -0.4648 -0.7455 0.4777
vn -0.5213 -0.8410 -0.1446
vn 0.5040 0.5630 0.6550
vn 0.1995 0.7739 0.6010
vn 0.0587 0.7637 0.6429
vn 0.0961 0.7580 0.6451
vn 0.2649 0.7786 0.5688
vn 0.0393 0.1082 0.9934
vn 0.0600 -0.9958 -0.0688
vn 0.0957 -0.9748 0.2013
vn -0.3647 -0.9290 0.0636
vn 0.1469 -0.9778 0.1495
vn 0.3707 -0.9248 -0.0851
vn -0.3163 -0.9432 -0.1013
vn 0.4062 -0.9079 0.1041
vn 0.2551 -0.0305 0.9664
vn 0.7342 -0.3184 0.5996
vn 0.0013 -0.3845 0.9231
vn -0.3632 -0.0647 0.9295
vn 0.7591 0.1020 0.6429
vn 0.5403 -0.0756 0.8380
vn 0.5419 -0.0748 0.8371
vn 0.8262 -0.2197 0.5188
vn 0.9130 -0.2839 0.2928
vn 0.3000 -0.0830 0.9503
vn 0.2895 0.0637 0.9550
vn 0.5519 0.0752 0.8305
vn -0.0128 -0.0169 0.9998
vn 0.0149 0.0028 0.9999
vn 0.4509 -0.3296 0.8295
vn 0.0882 0.1116 0.9898
vn 0.6230 -0.1087 0.7746
vn -0.9215 0.3881 -0.0159
vn -0.9840 0.1160 -0.1354
vn -0.4320 0.7179 0.5459
vn -0.7211 0.5082 -0.4708
vn -0.8243 0.3626 -0.4348
vn 0.4269 -0.1660 0.8889
vn 0.1071 -0.3567 0.9281
vn -0.9127 0.1087 0.3939
vn 0.2043 -0.1037 -0.9734
vn 0.1692 -0.4607 -0.8713
vn -0.0215 -0.0838 -0.9962
vn -0.0156 0.3864 -0.9222
vn 0.2282 0.4084 -0.8838
vn 0.7366 0.0624 0.6735
vn 0.8210 0.0931 0.5633
vn 0.8756 0.0487 0.4806
vn 0.8779 0.0632 0.4746
vn 0.7078 0.0565 0.7042
vn -0.8581 -0.4972 0.1279
vn -0.7608 -0.6469 0.0516
vn -0.7034 -0.6854 0.1882
vn -0.6792 -0.5971 -0.4268
vn 0.6199 -0.1984 0.7592
vn 0.7201 -0.0282 -0.6933
vn 0.7234 0.1425 -0.6756
vn 0.5039 -0.5219 -0.6882
vn 0.1171 0.0578 -0.9914
vn -0.0998 -0.0094 0.9950
vn 0.9242 -0.2889 0.2499
vn 0.9493 -0.1446 0.2791
vn 0.0585 -0.2638 0.9628
vn -0.8785 -0.4436 0.1774
vn 0.0588 -0.1951 0.9790
vn -0.7719 -0.6354 0.0184
vn -0.1613 0.1786 0.9706
vn -0.4682 -0.4674 -0.7499
vn -0.3398 0.1602 0.9267
vn -0.0652 0.1992 0.9778
vn -0.4354 0.0509 0.8988
vn -0.7630 0.2699 0.5873
vn -0.8527 -0.0074 -0.5223
vn 0.2227 0.1510 0.9631
vn -0.0332 -0.2072 0.9777
vn 0.7956 0.3253 0.5110
vn 0.7931 0.4484 0.4122
vn 0.8840 0.3234 0.3375
vn 0.8487 -0.2168 0.4824
vn 0.8909 0.1614 0.4246
vn 0.8353 0.2050 0.5101
vn 0.8381 0.5442 0.0387
vn 0.8262 0.5581 0.0769
vn 0.7826 0.3902 -0.4850
vn 0.7790 0.6257 0.0416
vn 0.3573 0.5729 0.7376
vn 0.7490 0.3470 -0.5645
vn 0.4613 0.4737 0.7502
vn -0.1858 0.9818 0.0384
vn -0.0606 0.9872 0.1474
vn -0.1538 0.9811 -0.1175
vn -0.4568 0.8895 -0.0100
vn -0.6325 -0.7142 0.2998
vn 0.4648 0.8046 -0.3694
vn 0.7207 0.5274 -0.4500
vn 0.6833 0.5757 -0.4490
vn 0.4451 0.8331 -0.3284
vn 0.4335 0.8568 -0.2792
vn 0.4696 0.8464 -0.2511
vn 0.6508 0.7104 -0.2680
vn -0.7342 -0.3092 0.6045
vn -0.9032 -0.1282 0.4097
vn -0.9454 -0.1615 0.2831
vn -0.7544 0.1146 0.6463
vn -0.2747 -0.0430 0.9606
vn -0.6236 -0.3080 0.7186
vn -0.9623 -0.1665 0.2153
vn -0.0258 -0.3995 0.9164
vn -0.8156 -0.2840 -0.5042
vn -0.9530 -0.2595 0.1562
vn -0.8907 -0.2119 -0.4023
vn -0.7181 -0.3504 -0.6013
vn -0.9445 -0.2601 0.2006
vn 0.7145 -0.6985 0.0396
vn 0.0989 0.2904 -0.9518
vn 0.2881 0.3852 -0.8767
vn 0.3263 0.0651 -0.9430
vn 0.7966 0.3748 0.4744
vn 0.6284 0.4191 0.6554
vn 0.4048 0.5402 0.7378
vn 0.8921 0.1170 0.4364
vn 0.8020 0.1160 0.5860
vn 0.9940 0.0696 0.0849
vn -0.6447 -0.1404 0.7514
vn -0.5460 0.4004 0.7359
vn -0.7314 0.2642 -0.6287
vn -0.9394 0.2691 -0.2122
vn -0.4582 0.2751 -0.8452
vn 0.8619 0.0219 0.5066
vn 0.9307 -0.0337 0.3642
vn 0.9242 -0.0594 0.3773
vn -0.6658 -0.3348 0.6668
vn 0.1291 -0.4617 0.8776
vn -0.0070 -0.1130 0.9936
vn -0.8796 -0.1569 0.4491
vn -0.9486 -0.3080 -0.0721
vn -0.6070 -0.0044 0.7947
vn -0.8681 0.0025 -0.4965
vn -0.3093 -0.5521 -0.7743
vn -0.0727 -0.9521 -0.2969
vn 0.4687 -0.8829 -0.0267
vn 0.3019 -0.2173 0.9282
vn 0.1707 -0.0042 0.9853
vn 0.1529 -0.3081 0.9390
vn 0.3989 -0.3217 0.8587
vn 0.4899 0.0502 0.8703
vn 0.3297 0.0877 0.9400
vn 0.2083 -0.9736 -0.0932
vn 0.2377 -0.9713 0.0108
vn -0.1544 -0.9806 -0.1204
vn -0.1103 -0.9657 -0.2353
vn 0.0755 -0.9962 0.0436
vn 0.7043 0.3412 -0.6225
vn 0.8936 0.3938 0.2153
vn 0.6888 0.3723 -0.6221
vn 0.2252 0.1549 -0.9619
vn 0.7045 0.4523 -0.5469
vn 0.8894 0.4496 0.0827
vn 0.0323 -0.0068 -0.9995
vn -0.9067 0.4163 0.0676
vn -0.4787 0.5915 -0.6488
vn -0.9856 0.0271 -0.1672
vn -0.6435 0.3056 0.7018
vn -0.8857 0.3279 -0.3288
vn -0.7590 0.4891 -0.4298
vn 0.0201 0.4091 -0.9123
vn -0.0896 0.2174 -0.9720
vn -0.9301 0.3245 -0.1722
vn -0.9228 0.1224 0.3652
vn -0.9630 0.0597 0.2629
vn -0.0208 -0.8773 -0.4794
vn 0.5417 -0.8375 -0.0716
vn -0.5370 -0.5052 -0.6756
vn -0.0215 -0.3722 -0.9279
vn 0.4137 -0.8932 -0.1763
vn 0.0256 -0.9997 0.0046
vn -0.2952 0.3901 -0.8722
vn 0.1587 -0.3644 -0.9176
vn 0.8138 0.3134 -0.4893
vn 0.8427 0.2516 -0.4760
vn 0.9606 0.1896 -0.2032
vn 0.7319 0.6738 0.1021
vn -0.5329 -0.6751 -0.5102
vn -0.4320 -0.6264 -0.6489
vn -0.2964 -0.7219 -0.6252
vn -0.1890 -0.7138 -0.6744
vn -0.2775 -0.7831 -0.5566
vn 0.9683 -0.1942 -0.1570
vn 0.3495 -0.2313 -0.9080
vn 0.3333 -0.1500 -0.9308
vn 0.8282 -0.1374 0.5433
vn 0.7806 -0.1275 0.6119
vn 0.9275 -0.0938 -0.3619
vn 0.9638 -0.2015 -0.1746
vn 0.7580 0.1265 0.6399
vn 0.6637 0.0456 0.7466
vn 0.5053 0.0442 0.8618
vn 0.7406 -0.0310 0.6712
vn 0.7970 -0.3019 0.5231
vn 0.9323 -0.1616 0.3235
vn 0.0699 0.0910 -0.9934
vn -0.5639 -0.3518 -0.7471
vn 0.0959 0.0739 -0.9926
vn -0.0327 0.0024 -0.9995
vn 0.6501 0.4941 -0.5772
vn 0.6549 0.4150 -0.6316
vn -0.7595 0.6435 0.0951
vn -0.6525 0.7505 -0.1044
vn -0.8870 0.4607 0.0303
vn -0.5397 0.8403 0.0512
vn -0.9057 0.3206 0.2773
vn -0.7573 0.5512 0.3502
vn -0.5335 0.7905 0.3009
vn 0.8288 0.0580 -0.5566
vn 0.4130 -0.4389 -0.7980
vn 0.5198 -0.0100 -0.8542
vn 0.7337 -0.0560 -0.6772
vn 0.5072 -0.5319 0.6781
vn 0.0154 -0.4767 0.8789
vn -0.4137 -0.4782 0.7747
vn -0.0898 -0.6405 0.7627
vn -0.5077 -0.7463 0.4304
vn -0.2571 -0.6746 0.6920
vn 0.1032 -0.6109 0.7850
vn -0.0230 -0.6435 0.7651
vn -0.8891 -0.4475 -0.0961
vn -0.1929 -0.0266 0.9809
vn -0.9014 -0.2370 -0.3623
vn -0.6116 -0.2375 -0.7547
vn 0.7607 0.5341 0.3689
vn 0.9622 0.2701 0.0356
vn 0.8822 0.2338 0.4086
vn 0.2470 0.0348 0.9684
vn 0.2143 0.0364 0.9761
vn 0.3678 0.0452 0.9288
vn -0.4871 0.0071 0.8733
vn 0.4105 0.0302 0.9113
vn 0.2607 0.0379 0.9647
vn -0.4146 0.0102 0.9100
vn -0.8749 -0.0861 0.4766
vn -0.0309 0.8845 -0.4655
vn -0.2976 0.6921 -0.6576
vn -0.5182 0.6820 0.5160
vn -0.6303 -0.3870 0.6730
vn -0.7105 -0.3637 0.6025
vn -0.8474 -0.2439 0.4716
vn -0.7911 0.3983 -0.4643
vn -0.2824 -0.0618 -0.9573
vn 0.2644 0.8866 0.3795
vn 0.1923 0.9786 0.0730
vn -0.0065 0.9800 -0.1991
vn -0.6745 -0.7381 0.0164
vn 0.1785 -0.2053 0.9623
vn -0.2201 0.2742 0.9361
vn -0.8682 0.2425 0.4329
vn -0.8090 -0.5507 0.2057
vn -0.8602 -0.1885 0.4738
vn -0.7757 0.3504 0.5248
vn -0.7948 0.4606 0.3951
vn -0.9542 0.1085 0.2789
vn 0.9288 -0.2031 0.3099
vn 0.8968 -0.1757 0.4061
vn 0.6088 -0.3458 0.7140
vn 0.9778 -0.1646 0.1294
vn 0.6183 -0.4592 -0.6379
vn 0.7683 -0.3245 -0.5517
vn 0.4750 -0.4473 -0.7578
vn 0.6448 -0.1847 -0.7417
vn 0.8870 0.1876 0.4219
vn 0.8700 0.1543 0.4683
vn 0.9183 0.1105 0.3802
vn 0.7547 0.1642 0.6351
vn 0.7825 0.1060 0.6136
vn -0.7339 0.5004 -0.4592
vn -0.7633 0.3668 -0.5318
vn -0.7528 0.3629 -0.5492
vn -0.6658 0.6425 -0.3794
vn -0.8915 0.0971 0.4425
vn -0.4205 0.0698 0.9046
vn -0.4285 0.0679 0.9010
vn -0.9569 0.0861 0.2773
vn -0.8726 0.0633 0.4844
vn 0.7488 -0.4759 -0.4613
vn 0.5759 -0.5376 -0.6158
vn -0.2875 -0.5961 -0.7497
vn 0.8493 -0.3813 -0.3650
vn 0.8496 -0.4064 -0.3362
vn 0.9076 -0.3732 -0.1923
vn 0.8059 0.5750 -0.1408
vn 0.5154 -0.4867 -0.7054
vn 0.4901 -0.3796 -0.7847
vn 0.0873 -0.9797 -0.1805
vn -0.0247 -0.9529 -0.3021
vn 0.1645 -0.9252 -0.3419
vn 0.2660 -0.9623 -0.0562
vn 0.2511 -0.9648 0.0781
vn -0.1070 -0.9806 0.1641
vn -0.3035 -0.9508 -0.0623
vn -0.9944 0.1041 -0.0199
vn 0.6595 -0.1264 0.7410
vn 0.3809 -0.1335 0.9149
vn -0.7331 0.1744 -0.6574
vn -0.9550 0.0497 0.2925
vn -0.9438 0.1234 -0.3066
vn -0.7749 -0.3306 0.5388
vn -0.5882 -0.2906 0.7547
vn -0.6315 -0.2915 0.7185
vn -0.7832 -0.4965 0.3743
vn -0.7959 -0.3263 0.5099
vn -0.6932 -0.0663 0.7176
vn -0.9567 0.1750 -0.2326
vn 0.3224 0.2855 0.9025
vn 0.2164 0.9689 -0.1199
vn -0.0659 0.2037 0.9768
vn 0.0700 -0.5308 0.8446
vn 0.3627 -0.5476 0.7540
vn -0.2920 0.9309 -0.2193
vn 0.5920 -0.2662 0.7607
vn 0.4385 0.4841 0.7572
vn -0.0843 -0.3044 -0.9488
vn -0.6430 -0.4983 -0.5816
vn 0.1434 -0.1849 -0.9722
vn -0.0232 -0.2671 -0.9634
vn -0.6865 -0.5015 -0.5265
vn -0.1267 -0.9823 0.1383
vn -0.0825 -0.9374 0.3385
vn -0.1666 -0.8937 0.4165
vn -0.3276 -0.8871 0.3252
vn 0.5634 -0.5402 0.6251
vn -0.6022 -0.4388 0.6669
vn -0.0184 -0.3920 0.9198
vn 0.6486 -0.7224 -0.2396
vn 0.2373 -0.6556 0.7169
vn 0.4962 -0.8655 0.0690
vn 0.4768 -0.0045 0.8790
vn -0.1867 0.8333 -0.5204
vn 0.3364 -0.0700 0.9391
vn 0.4114 -0.0743 0.9084
vn -0.8876 -0.3277 -0.3237
vn -0.8212 -0.4815 -0.3064
vn -0.8765 -0.3134 -0.3653
vn -0.6695 -0.4181 -0.6140
vn -0.6749 -0.5250 -0.5186
vn -0.9890 -0.1266 -0.0765
vn -0.9247 -0.0662 -0.3750
vn -0.7233 -0.1849 -0.6653
vn 0.4617 -0.1949 0.8654
vn -0.3888 0.6185 0.6828
vn 0.4924 0.2199 0.8421
vn 0.3308 -0.3555 0.8742
vn -0.6630 -0.7205 0.2035
vn 0.2602 -0.1070 0.9596
vn 0.5017 -0.7962 0.3382
vn 0.4449 -0.8840 0.1434
vn 0.4834 -0.8679 0.1139
vn 0.5598 -0.5735 0.5981
vn 0.5445 -0.7865 0.2914
vn 0.7495 -0.4131 0.5174
vn 0.7199 -0.6558 0.2274
vn 0.7545 -0.1145 0.6463
vn 0.4036 -0.8691 0.2860
vn 0.9828 0.0334 -0.1815
vn 0.5435 0.7782 0.3147
vn -0.0015 -0.2212 0.9752
vn 0.8709 -0.4906 -0.0290
vn 0.9950 0.0614 -0.0789
vn 0.8467 -0.5117 0.1458
vn 0.5545 -0.7638 0.3304
vn 0.4266 0.3012 -0.8528
vn 0.8706 -0.0201 -0.4916
vn 0.8376 0.3328 -0.4332
vn 0.4287 0.5992 -0.6762
vn 0.4563 0.0025 -0.8898
vn 0.0036 0.5021 -0.8648
vn -0.8612 0.5075 -0.0281
vn -0.8122 0.5738 -0.1054
vn -0.8050 0.5766 0.1398
vn -0.8421 0.0693 0.5349
vn -0.8519 0.3236 0.4118
vn -0.6417 0.6819 -0.3510
vn 0.1082 0.7968 0.5944
vn -0.0288 0.7859 0.6176
vn -0.7428 -0.1506 -0.6524
vn -0.5238 -0.4257 -0.7378
vn -0.6019 0.7441 -0.2898
vn -0.6091 0.7689 -0.1943
vn 0.0514 0.9629 0.2648
vn -0.0071 0.8174 0.5760
vn -0.2724 0.9095 0.3141
vn 0.2389 0.9230 0.3017
vn -0.3691 0.9284 -0.0425
vn -0.0812 0.9721 -0.2200
vn 0.9438 0.0572 0.3256
vn 0.8129 0.0686 0.5783
vn 0.4099 0.0525 0.9106
vn 0.9277 0.0290 0.3723
vn 0.9264 0.0953 0.3643
vn -0.5366 0.1444 -0.8314
vn 0.1660 -0.1800 -0.9696
vn -0.4947 -0.1714 -0.8520
vn 0.2374 0.8872 0.3956
vn 0.0109 0.9123 0.4094
vn 0.8687 -0.1920 -0.4567
vn -0.4925 -0.4070 0.7693
vn -0.7937 -0.6051 0.0622
vn -0.7505 0.1026 0.6528
vn -0.7258 0.1632 0.6682
vn -0.5741 0.2043 0.7929
vn -0.9072 0.0184 0.4202
vn -0.7831 0.1374 0.6065
vn -0.8937 -0.0212 0.4482
vn -0.9711 0.0763 -0.2262
vn -0.5087 -0.0065 -0.8609
vn -0.8038 -0.0432 0.5933
vn 0.9561 0.0665 0.2853
vn 0.1746 -0.2194 -0.9599
vn 0.7673 0.3117 -0.5604
vn 0.4170 0.0788 -0.9055
vn -0.2421 0.9009 0.3603
vn 0.1086 0.9886 0.1044
vn -0.2276 0.9707 0.0767
vn -0.5541 0.6029 0.5740
vn -0.3903 0.7136 0.5817
vn 0.0244 0.9468 0.3209
vn -0.4922 0.0895 0.8658
vn -0.7665 0.1693 0.6195
vn -0.7547 0.1530 0.6380
vn -0.5526 0.1080 0.8264
vn 0.9392 -0.0359 0.3414
vn 0.8982 -0.0302 0.4385
vn 0.9192 -0.1089 0.3785
vn 0.9714 -0.1014 0.2147
vn 0.9978 0.0174 0.0645
vn -0.8549 0.0510 0.5164
vn -0.9248 0.2105 0.3170
vn 0.9304 0.0790 -0.3578
vn -0.5615 -0.7304 -0.3889
vn -0.7330 0.3403 0.5890
vn -0.5302 0.8197 0.2169
vn -0.9252 0.3794 0.0061
vn -0.3851 0.2716 0.8820
vn -0.3061 0.7261 0.6157
vn -0.4894 -0.8385 0.2396
vn -0.3706 -0.3652 0.8540
vn 0.7951 -0.5817 -0.1715
vn 0.9375 -0.2565 -0.2353
vn 0.9340 -0.0042 -0.3573
vn 0.8783 0.0718 -0.4728
vn 0.4720 0.3779 0.7965
vn 0.7517 0.6552 -0.0760
vn -0.0174 0.3830 -0.9236
vn 0.0233 0.6296 -0.7766
vn -0.6049 0.7816 -0.1524
vn 0.3261 0.5071 -0.7978
vn 0.1984 0.8561 -0.4772
vn -0.5005 0.4184 0.7580
vn -0.2999 0.3469 0.8887
vn -0.4488 0.2152 0.8673
vn -0.6536 0.1269 0.7461
vn -0.6596 0.4026 0.6347
vn -0.2369 0.8579 0.4560
vn -0.0371 0.8609 0.5074
vn -0.4267 0.8688 0.2513
vn 0.0606 -0.8020 0.5943
vn 0.2500 -0.8058 0.5368
vn 0.0359 -0.7600 0.6490
vn -0.2665 -0.6162 0.7411
vn -0.1489 -0.1812 -0.9721
vn -0.1090 -0.2225 -0.9688
vn 0.6751 -0.4638 -0.5737
vn 0.1002 -0.3426 -0.9341
vn -0.2813 -0.1354 -0.9500
vn -0.4700 0.0909 -0.8780
vn 0.5050 0.7453 0.4354
vn 0.5060 0.8419 0.1877
vn 0.0737 0.9386 0.3370
vn -0.5932 0.8032 -0.0549
vn -0.4453 0.7896 -0.4222
vn -0.3597 0.0238 0.9327
vn -0.0383 -0.0647 0.9972
vn -0.2472 0.0925 0.9645
vn -0.5608 0.1298 0.8177
vn -0.0691 0.1365 0.9882
vn -0.6990 0.0521 0.7132
vn -0.8659 0.0893 0.4922
vn 0.5983 0.0510 -0.7996
vn 0.5025 0.0155 -0.8644
vn -0.4430 -0.7431 0.5015
vn -0.0058 -0.1838 0.9829
vn 0.4111 -0.5035 0.7599
vn -0.4017 0.8969 0.1850
vn 0.0252 -0.2906 0.9565
vn -0.0630 0.1781 0.9820
vn -0.7922 -0.5541 0.2557
vn -0.8496 -0.1008 0.5177
vn -0.9241 -0.0063 0.3821
vn -0.4153 -0.8313 0.3694
vn -0.7224 -0.5568 0.4100
vn 0.6890 0.2717 0.6719
vn -0.6471 0.4662 0.6032
vn -0.2284 0.6751 0.7014
vn -0.3905 0.1758 0.9037
vn -0.5157 0.0562 0.8549
vn -0.5688 0.6694 0.4779
vn -0.9258 0.0981 0.3651
vn -0.7968 0.0997 0.5960
vn -0.7801 -0.2344 0.5801
vn 0.5835 0.3997 0.7069
vn -0.9663 -0.2061 0.1543
vn -0.8847 -0.3613 0.2945
vn -0.9478 -0.2782 0.1555
vn -0.9513 -0.3067 -0.0299
vn -0.9282 -0.2450 0.2802
vn -0.9028 -0.4197 -0.0939
vn -0.9101 -0.2317 0.3436
vn -0.8890 -0.2411 0.3892
vn -0.8658 0.1253 0.4844
vn -0.7830 0.3979 0.4781
vn -0.7821 -0.3145 0.5379
vn -0.5419 0.1745 0.8221
vn -0.9865 0.1006 0.1289
vn 0.2194 -0.4590 0.8609
vn 0.4241 -0.8798 -0.2147
vn -0.1723 0.4816 0.8593
vn 0.1796 -0.5251 0.8319
vn -0.0096 0.0376 0.9992
vn 0.3578 -0.7637 -0.5373
vn 0.9429 0.3293 -0.0503
vn 0.4607 -0.5897 0.6634
vn -0.6240 -0.7265 0.2877
vn -0.0919 -0.4858 -0.8692
vn 0.0733 -0.4042 -0.9117
vn -0.0028 -0.6652 -0.7467
vn 0.0127 -0.2273 -0.9737
vn -0.3296 -0.6169 -0.7147
vn -0.3264 -0.4847 -0.8115
vn 0.9212 0.1452 -0.3611
vn 0.9542 0.0664 0.2915
vn 0.5690 -0.2912 0.7691
vn 0.6436 -0.0792 0.7613
vn 0.5904 -0.3138 0.7436
vn 0.4250 -0.3191 0.8471
vn 0.4692 -0.1875 0.8630
vn 0.4649 0.2737 -0.8420
vn 0.7318 0.2652 -0.6279
vn 0.0161 0.1259 -0.9919
vn 0.0777 0.2405 -0.9675
vn -0.4486 -0.3392 0.8269
vn -0.9770 -0.2133 0.0060
vn -0.5180 -0.4221 0.7440
vn -0.8502 0.3493 -0.3938
vn -0.3343 -0.3306 -0.8826
vn -0.8257 0.3407 0.4496
vn -0.5085 0.7979 0.3237
vn -0.2827 0.3898 0.8764
vn -0.0751 -0.3439 -0.9360
vn 0.8462 0.1820 0.5008
vn 0.0000 0.4545 0.8908
vn 0.7141 0.3483 0.6073
vn -0.0565 0.1350 0.9892
vn 0.3706 -0.2909 0.8821
vn 0.4615 0.1293 -0.8777
vn 0.9022 0.0404 -0.4295
vn 0.8314 0.1299 -0.5403
vn 0.2573 -0.7869 -0.5608
vn -0.1173 0.0229 -0.9928
vn 0.5299 0.0160 -0.8479
vn -0.3617 -0.0795 0.9289
vn -0.9621 -0.1382 0.2350
vn 0.0229 0.3466 0.9377
vn -0.3417 -0.0664 0.9375
vn 0.2278 0.8317 -0.5064
vn -0.0807 0.8688 -0.4886
vn 0.8547 -0.2173 0.4715
vn 0.4481 0.0453 0.8929
vn 0.8266 -0.4100 0.3855
vn 0.3225 -0.3274 -0.8881
vn 0.1968 0.1507 -0.9688
vn 0.8597 -0.2134 0.4641
vn -0.6672 -0.2907 0.6858
vn -0.1481 0.0832 0.9855
vn -0.1701 0.2146 0.9618
vn -0.7954 -0.6057 -0.0191
vn -0.5714 -0.2990 0.7642
vn -0.5672 -0.3717 -0.7349
vn -0.4031 0.1148 -0.9079
vn -0.7836 0.2014 -0.5877
vn -0.2665 -0.5783 -0.7711
vn -0.2240 -0.1885 -0.9562
vn -0.5276 0.0174 0.8493
vn 0.3127 0.0106 -0.9498
vn 0.2309 -0.5970 -0.7683
vn -0.4079 0.4545 0.7919
vn 0.7506 -0.5110 -0.4189
vn 0.0574 -0.6026 -0.7960
vn 0.0307 -0.8102 -0.5854
vn -0.5329 -0.8399 -0.1030
vn 0.4787 -0.4677 -0.7431
vn -0.8344 -0.2027 0.5125
vn -0.8000 -0.2407 0.5496
vn -0.4754 -0.8797 -0.0043
vn -0.4400 -0.8499 -0.2898
vn -0.2759 0.8195 -0.5023
vn -0.5882 0.4879 -0.6449
vn -0.5344 0.7317 -0.4230
vn -0.3290 0.9267 -0.1815
vn 0.0451 0.9885 -0.1444
vn 0.1307 0.8546 -0.5025
vn -0.1124 0.5760 -0.8097
vn -0.0962 0.0814 -0.9920
vn 0.4552 -0.2567 -0.8526
vn -0.7371 0.4730 -0.4827
vn -0.6629 0.4151 -0.6231
vn 0.4635 0.8186 0.3391
vn -0.9695 -0.1910 -0.1535
vn -0.7739 -0.1443 0.6167
vn -0.9789 -0.0127 -0.2041
vn -0.9333 -0.0881 -0.3482
vn -0.0313 0.0985 0.9946
vn -0.9867 -0.1623 0.0033
vn 0.4837 -0.4115 0.7725
vn 0.8050 -0.2494 0.5382
vn 0.6029 0.1499 0.7836
vn -0.4489 -0.5387 -0.7129
vn 0.2775 0.2821 0.9184
vn -0.5477 -0.8334 -0.0738
vn -0.4766 -0.8780 -0.0441
vn 0.6627 0.2706 0.6983
vn 0.9952 0.0477 -0.0858
vn 0.9158 0.3917 0.0890
vn 0.3838 -0.0540 0.9218
vn -0.6576 0.1253 -0.7429
vn -0.3162 0.0918 -0.9443
vn -0.1532 0.5085 -0.8474
vn 0.0837 0.7732 -0.6286
vn 0.6916 0.5301 -0.4905
vn 0.1791 -0.9699 -0.1649
vn -0.6655 -0.7123 0.2230
vn -0.6898 -0.7235 0.0278
vn -0.7053 -0.2855 0.6489
vn -0.5377 -0.5483 0.6405
vn -0.7929 -0.5795 -0.1885
vn -0.9164 -0.3406 0.2104
vn 0.3888 -0.3246 -0.8622
vn 0.5726 -0.8171 0.0665
vn 0.3457 -0.8137 0.4673
vn 0.0378 -0.9211 0.3875
vn 0.0669 -0.9978 0.0000
vn 0.8381 -0.4354 0.3286
vn 0.8566 -0.4937 0.1497
vn 0.5462 -0.8316 0.1000
vn 0.9775 -0.2077 0.0372
vn -0.3561 -0.4052 0.8420
vn 0.9258 -0.2352 -0.2959
vn 0.8750 -0.4198 -0.2411
vn 0.6462 -0.4138 0.6412
vn 0.9808 -0.1754 -0.0852
vn -0.5259 0.1307 0.8404
vn -0.8669 -0.0987 0.4887
vn 0.4416 -0.5424 -0.7147
vn 0.3700 0.9142 -0.1655
vn 0.7176 0.6834 0.1342
vn 0.3965 0.8499 0.3470
vn 0.2343 0.9575 -0.1684
vn 0.4278 0.8754 -0.2252
vn 0.3449 0.9351 -0.0821
vn 0.0594 0.9981 -0.0132
vn 0.3622 -0.8703 -0.3338
vn -0.0582 -0.9055 -0.4203
vn -0.1656 -0.9520 -0.2575
vn 0.3264 -0.8070 -0.4921
vn -0.3335 -0.9370 0.1039
vn 0.1297 -0.8662 0.4826
vn 0.8702 0.3719 0.3232
vn 0.8434 -0.0403 -0.5358
vn 0.9453 0.3258 0.0152
vn 0.5967 -0.7370 0.3174
vn 0.2889 -0.6512 -0.7017
vn 0.2910 -0.0504 -0.9554
vn 0.8800 0.0538 0.4719
vn 0.3451 0.0490 0.9373
vn 0.7644 0.1129 0.6347
vn -0.9668 0.1796 -0.1816
vn 0.2505 0.4900 -0.8350
vn -0.8553 0.1067 0.5071
vn -0.9770 -0.0632 0.2034
vn 0.0566 -0.9793 -0.1941
vn -0.3897 -0.8148 -0.4293
vn 0.6245 -0.4588 -0.6320
vn -0.1809 0.6161 0.7666
vn -0.3649 0.6584 0.6583
vn 0.7285 -0.6675 0.1542
vn 0.3293 -0.5928 -0.7350
vn 0.9536 0.0269 -0.3000
vn 0.9604 0.0022 0.2785
vn 0.5304 -0.4014 0.7467
vn 0.7603 -0.5310 0.3741
vn 0.7141 -0.5682 -0.4090
vn 0.3679 0.4069 0.8361
vn 0.2899 0.2829 0.9143
vn 0.3024 0.2341 0.9240
vn 0.3071 0.4880 0.8170
vn 0.5153 0.2825 0.8091
vn 0.3495 0.6060 0.7146
vn -0.6987 0.1361 -0.7024
vn -0.9319 0.2519 -0.2611
vn -0.1803 0.0402 -0.9828
vn -0.4052 -0.1202 0.9063
vn -0.9345 -0.1689 0.3134
vn -0.5263 -0.4827 -0.7000
vn 0.3346 0.7351 -0.5896
vn 0.2625 0.6723 -0.6922
vn 0.4210 0.5834 0.6946
vn 0.1889 0.6479 0.7379
vn 0.2753 0.6451 0.7128
vn 0.5323 0.5440 0.6486
vn 0.6142 0.5451 0.5707
vn -0.6948 -0.3862 -0.6067
vn 0.9931 -0.0922 -0.0721
vn 0.4745 0.5849 -0.6579
vn 0.8087 0.5879 -0.0192
vn 0.7266 -0.1643 0.6671
vn 0.9790 -0.0069 -0.2038
vn 0.3973 0.1917 -0.8974
vn 0.6327 -0.0678 0.7715
vn 0.8641 -0.0659 0.4989
vn 0.7068 0.3169 0.6324
vn 0.5667 -0.1848 0.8029
vn 0.5934 -0.3233 0.7371
vn 0.5175 0.0145 0.8555
vn -0.3970 0.8403 0.3691
vn -0.6032 0.7142 0.3550
vn -0.4326 0.8828 0.1833
vn -0.3457 0.9384 0.0009
vn -0.6628 0.7488 -0.0048
vn -0.4817 0.8283 0.2862
vn -0.5978 0.6886 0.4104
vn -0.9059 0.0121 -0.4234
vn -0.5089 0.0291 -0.8603
vn 0.4858 0.4826 0.7287
vn 0.5869 -0.3193 0.7440
vn 0.1779 -0.4391 -0.8807
vn -0.7415 0.3738 0.5572
vn -0.8191 0.2855 0.4975
vn -0.8607 0.3314 0.3865
vn -0.1452 0.4580 0.8770
vn -0.7438 0.2838 0.6051
vn -0.6423 -0.3884 0.6607
vn -0.8034 0.1539 0.5752
vn -0.4579 -0.1083 0.8824
vn -0.1335 -0.1610 0.9779
vn 0.3346 -0.3777 0.8634
vn -0.9744 -0.2184 0.0526
vn 0.8160 -0.5721 0.0834
vn 0.8788 -0.2826 0.3845
vn 0.6909 -0.7116 -0.1281
vn 0.9109 -0.3461 -0.2245
vn 0.9717 -0.1729 0.1608
vn 0.3237 0.0475 0.9450
vn 0.2985 0.0378 0.9537
vn 0.2260 0.0461 0.9730
vn 0.4047 0.0701 0.9118
vn -0.8159 -0.2691 0.5118
vn -0.3126 -0.8662 0.3898
vn 0.7323 -0.6210 0.2795
vn -0.0041 0.3108 0.9505
vn -0.9383 -0.1309 -0.3200
vn 0.0831 -0.7490 -0.6573
vn 0.0218 -0.5041 -0.8633
vn 0.4247 -0.4896 -0.7615
vn 0.3975 -0.4282 -0.8116
vn -0.3982 -0.5197 -0.7559
vn -0.0476 -0.3942 -0.9178
vn 0.2900 -0.3705 -0.8824
vn -0.3774 -0.4201 -0.8253
vn -0.4798 0.0857 0.8732
vn -0.7744 0.6156 -0.1462
vn -0.4572 0.8110 -0.3650
vn -0.4348 0.8778 -0.2011
vn -0.0309 0.1222 -0.9920
vn -0.0109 0.0466 -0.9989
vn -0.0590 0.0786 -0.9952
vn -0.0841 0.2402 -0.9671
vn -0.0051 0.1009 -0.9949
vn 0.9510 -0.2915 -0.1028
vn 0.9609 -0.2239 -0.1630
vn 0.9059 -0.3748 -0.1973
vn 0.9974 -0.0440 0.0562
vn 0.9747 -0.1135 0.1924
vn 0.8467 0.0152 -0.5319
vn 0.9645 0.0368 -0.2615
vn 0.9490 0.1686 -0.2664
vn -0.4738 0.1542 0.8670
vn -0.6689 0.3296 0.6662
vn -0.5480 0.5723 0.6100
vn 0.4464 0.7838 0.4317
vn 0.4051 0.5468 0.7327
vn 0.4826 0.8099 0.3334
vn 0.3779 0.9078 0.1817
vn 0.4705 -0.8693 0.1517
vn 0.3534 -0.8490 0.3929
vn 0.7174 -0.5345 0.4469
vn 0.1852 0.7476 0.6378
vn 0.6613 0.3478 0.6647
vn -0.0902 0.5440 0.8343
vn 0.1909 0.2376 0.9524
vn -0.1248 0.9596 0.2522
vn 0.2498 -0.7322 0.6336
vn 0.7072 -0.2909 0.6445
vn 0.9160 -0.1988 0.3484
vn 0.9878 0.1256 0.0923
vn 0.9168 -0.2278 0.3280
vn 0.9570 0.1320 -0.2584
vn 0.9820 -0.1839 0.0422
vn -0.5530 -0.5285 -0.6440
vn 0.3617 -0.9310 0.0499
vn -0.0026 -0.9943 0.1064
vn -0.4190 -0.8564 0.3016
vn -0.1865 0.0071 0.9824
vn 0.5277 -0.0370 0.8486
vn 0.5031 0.4984 0.7060
vn -0.5970 -0.4080 0.6907
vn -0.0529 -0.4249 0.9037
vn -0.5364 -0.6641 0.5208
vn -0.4947 -0.8200 0.2878
vn -0.5038 -0.6529 0.5656
vn -0.7449 -0.5693 0.3479
vn 0.7199 -0.3255 0.6130
vn 0.8154 -0.2375 0.5279
vn 0.8141 -0.1822 0.5515
vn 0.2633 -0.2056 -0.9425
vn 0.7798 0.6015 -0.1735
vn 0.5700 0.8027 -0.1753
vn 0.1837 -0.3668 -0.9120
vn 0.3091 -0.3897 -0.8675
vn 0.9884 0.0436 -0.1456
vn -0.4384 -0.8768 -0.1973
vn -0.5928 -0.3804 0.7099
vn -0.5204 -0.8261 -0.2162
vn -0.4861 -0.8703 0.0790
vn -0.6397 -0.7673 -0.0446
vn -0.2088 0.2771 0.9379
vn 0.0845 0.5565 0.8265
vn -0.1410 0.6367 0.7581
vn 0.3802 -0.4787 -0.7914
vn -0.2853 0.4922 0.8224
vn 0.8592 -0.3927 0.3281
vn 0.5258 -0.1249 0.8414
vn 0.0071 0.0833 0.9965
vn -0.9736 -0.0495 0.2227
vn -0.8111 0.4144 -0.4129
vn 0.3938 -0.8595 0.3258
vn 0.3844 -0.9027 -0.1935
vn 0.5506 0.8073 0.2126
vn 0.2566 0.7174 0.6476
vn 0.7409 0.3413 0.5784
vn -0.0062 0.0504 -0.9987
vn 0.5097 -0.1455 0.8480
vn -0.9319 0.1697 -0.3204
vn -0.2739 -0.9588 0.0757
vn -0.8152 0.4255 -0.3929
vn 0.6144 -0.7877 0.0443
vn 0.7635 -0.3869 0.5171
vn 0.8150 -0.5450 0.1966
vn 0.5896 -0.0458 -0.8064
vn 0.6649 -0.0393 -0.7459
vn 0.7997 0.3478 0.4894
vn 0.7560 0.1398 -0.6395
vn -0.2301 -0.4172 -0.8792
vn 0.5979 -0.1480 0.7878
vn 0.8421 -0.0791 0.5334
vn 0.6067 0.1796 0.7744
vn 0.4313 -0.6361 0.6398
vn 0.4234 0.8152 0.3951
vn -0.0372 0.8904 -0.4537
vn 0.2483 0.9014 0.3547
vn 0.4193 0.3923 0.8187
vn 0.0617 0.8202 -0.5688
vn 0.4672 0.8153 -0.3421
vn -0.4747 -0.4923 -0.7295
vn -0.7806 -0.5047 -0.3688
vn -0.5596 -0.4634 -0.6871
vn -0.6729 0.4713 -0.5702
vn -0.5289 0.2627 -0.8070
vn -0.4249 0.4636 0.7775
vn -0.1134 -0.9255 -0.3615
vn 0.4475 -0.8784 -0.1678
vn 0.1912 -0.9637 0.1862
vn 0.0477 -0.9527 0.3002
vn 0.9359 -0.2590 -0.2387
vn 0.9117 -0.3373 0.2346
vn 0.9636 -0.1888 -0.1894
vn 0.9292 -0.2018 -0.3097
vn -0.3227 -0.7333 0.5985
vn -0.7490 -0.6584 -0.0738
vn -0.2762 -0.9553 -0.1053
vn 0.9656 0.2463 -0.0838
vn 0.3944 -0.6861 -0.6113
vn 0.7321 0.6284 -0.2630
vn 0.2897 0.5706 0.7684
vn 0.6823 -0.6921 0.2356
vn -0.5194 0.5382 0.6638
vn -0.2246 0.4089 0.8845
vn 0.8061 -0.5902 0.0438
vn 0.9709 0.2289 -0.0709
vn -0.9669 -0.2038 -0.1536
vn -0.3581 -0.3118 -0.8801
vn -0.7048 -0.2627 0.6590
vn -0.8307 -0.3715 0.4146
vn -0.4904 -0.0961 0.8662
vn -0.3500 0.8738 -0.3375
vn -0.1300 0.9699 -0.2058
vn -0.5487 0.7965 -0.2540
vn -0.0739 0.9666 -0.2454
vn 0.7368 -0.4536 0.5014
vn -0.1854 -0.5493 0.8148
vn -0.1881 -0.4261 0.8849
vn -0.2636 -0.2854 0.9215
vn -0.4769 -0.5454 0.6893
vn -0.2596 -0.4136 0.8727
vn -0.1484 -0.2999 0.9424
vn -0.5570 -0.1972 0.8068
vn 0.8991 0.1160 -0.4220
vn -0.1660 0.2328 -0.9582
vn -0.6972 -0.5846 0.4149
vn 0.1587 -0.9830 -0.0926
vn 0.1706 -0.9848 0.0313
vn -0.0700 -0.9966 0.0440
vn -0.1981 -0.9776 -0.0714
vn 0.1451 -0.9661 -0.2135
vn 0.0761 -0.6487 -0.7572
vn 0.1457 -0.5654 -0.8118
vn 0.2603 0.8261 -0.4999
vn -0.3995 0.0454 0.9156
vn -0.2316 0.5618 0.7942
vn -0.5344 -0.0264 0.8448
vn -0.7000 0.6664 0.2569
vn 0.0085 0.9983 -0.0580
vn 0.4184 0.8112 -0.4086
vn 0.5454 -0.7941 0.2681
vn 0.8558 -0.4197 0.3025
vn -0.0308 -0.0943 -0.9951
vn -0.3217 0.2673 0.9083
vn 0.2570 0.0115 0.9664
vn 0.8347 0.4586 0.3049
vn 0.0000 -0.7071 0.7071
vn 0.6816 -0.3465 0.6445
vn 0.8864 -0.1576 0.4353
vn -0.2227 -0.0816 0.9715
vn 0.8677 -0.0679 -0.4924
vn 0.7759 -0.5296 -0.3427
vn 0.8818 -0.2737 -0.3841
vn 0.4144 -0.8603 -0.2969
vn 0.4419 -0.8714 -0.2133
vn 0.7481 -0.6618 -0.0481
vn 0.7819 -0.5901 -0.2010
vn 0.5772 -0.2241 -0.7852
vn 0.0212 -0.4606 -0.8874
vn 0.1751 -0.6372 -0.7506
vn -0.0363 -0.7804 -0.6243
vn 0.6029 0.6952 0.3914
vn 0.5597 0.7995 0.2177
vn 0.6529 0.5168 0.5537
vn 0.4512 0.1279 0.8832
vn -0.9132 -0.0219 0.4069
vn -0.9050 -0.0630 0.4207
vn -0.9126 -0.0966 0.3972
vn -0.9485 -0.1660 0.2699
vn -0.9478 -0.1370 0.2879
vn -0.8736 0.0526 0.4838
vn -0.9195 -0.1065 0.3785
vn 0.5788 0.1201 0.8066
vn 0.1733 -0.1065 -0.9791
vn -0.4597 -0.5084 -0.7281
vn 0.7163 0.3618 -0.5967
vn 0.2143 -0.1196 -0.9694
vn -0.6291 0.7388 0.2419
vn -0.3019 0.9487 -0.0937
vn -0.3144 0.9493 -0.0080
vn -0.0873 0.9235 0.3736
vn -0.4997 0.8661 0.0133
vn 0.9189 0.1838 -0.3491
vn 0.8529 0.3858 -0.3517
vn 0.9580 0.2763 0.0770
vn 0.9275 -0.1459 0.3441
vn 0.8814 0.1221 -0.4562
vn 0.0167 0.8268 0.5622
vn 0.7903 -0.3975 0.4662
vn -0.2229 0.8389 0.4965
vn 0.3343 0.7338 0.5915
vn 0.3282 0.6251 0.7082
vn -0.3281 -0.9000 -0.2869
vn -0.4881 -0.8698 -0.0716
vn -0.5448 -0.8309 0.1129
vn -0.4571 -0.7424 -0.4898
vn 0.1395 -0.7857 0.6026
vn 0.3409 -0.5493 0.7629
vn 0.2767 -0.1944 0.9411
vn -0.5700 -0.8052 -0.1634
vn 0.3756 -0.2916 0.8797
vn 0.1592 -0.9668 0.2001
vn 0.3260 -0.0550 0.9438
vn 0.1885 -0.4224 0.8866
vn 0.4418 -0.7215 0.5331
vn -0.2664 -0.7653 -0.5860
vn 0.2622 -0.9602 -0.0965
vn -0.2058 -0.9722 -0.1118
vn -0.8237 0.1387 -0.5498
vn -0.4682 0.1444 -0.8717
vn 0.5788 0.4191 0.6995
vn 0.5065 0.2923 0.8112
vn 0.4637 0.1474 0.8737
vn 0.6200 0.6967 0.3607
vn 0.3772 0.6330 0.6760
vn 0.8390 0.4921 0.2322
vn 0.4723 0.5155 -0.7150
vn -0.3995 0.1842 -0.8981
vn -0.2091 -0.9489 0.2364
vn -0.7972 0.3429 -0.4969
vn -0.9162 0.3176 -0.2445
vn -0.8290 0.4520 -0.3295
vn -0.8513 0.2254 -0.4738
vn -0.6555 -0.4985 -0.5673
vn -0.5642 -0.4294 -0.7052
vn -0.6452 0.2664 0.7160
vn -0.6981 -0.7155 -0.0281
vn -0.4596 -0.2700 -0.8461
vn -0.4635 -0.2030 -0.8626
vn -0.3160 -0.2661 -0.9107
vn -0.1203 -0.4692 -0.8749
vn -0.7100 -0.3593 -0.6057
vn 0.7050 0.6675 0.2398
vn 0.4616 0.2709 0.8447
vn 0.7942 0.5897 0.1467
vn 0.6998 0.6977 -0.1536
vn 0.8944 0.4472 0.0000
vn 0.7950 -0.1060 0.5973
vn 0.9603 -0.1448 -0.2384
vn 0.8226 -0.0865 0.5620
vn 0.2551 -0.0898 0.9627
vn 0.7356 -0.2731 0.6199
vn 0.9557 -0.2916 -0.0397
vn -0.4067 0.0882 0.9093
vn -0.5394 0.2498 0.8041
vn -0.5151 0.0009 0.8572
vn -0.4885 -0.0421 0.8716
vn 0.6835 -0.2578 0.6829
vn 0.2669 -0.1007 0.9584
vn 0.3224 -0.0225 0.9463
vn 0.7586 -0.5499 -0.3496
vn 0.6344 -0.2930 0.7153
vn 0.7927 -0.3415 0.5050
vn 0.1777 -0.5905 0.7873
vn 0.4242 -0.3091 0.8512
vn 0.1484 0.9223 -0.3567
vn -0.3196 0.3661 0.8740
vn -0.9715 0.0673 0.2271
vn -0.9391 0.0380 0.3414
vn -0.8900 0.0473 0.4534
vn -0.8117 0.0921 0.5768
vn -0.3036 0.4799 -0.8231
vn 0.9699 0.2087 -0.1257
vn -0.1256 0.8605 -0.4938
vn 0.1315 0.7023 -0.6997
vn -0.2973 -0.0160 -0.9547
vn 0.8776 -0.3027 -0.3718
vn 0.4273 0.2173 0.8776
vn 0.4368 0.4227 0.7940
vn 0.5434 -0.1729 0.8215
vn 0.5870 0.4613 0.6653
vn -0.6843 0.7123 -0.1564
vn -0.0464 0.8635 -0.5022
vn -0.3809 0.8987 0.2173
vn -0.3807 0.6192 0.6868
vn -0.0368 0.7678 0.6396
vn -0.8008 0.5546 -0.2262
vn -0.8330 -0.1419 -0.5347
vn -0.6951 -0.6647 -0.2740
vn 0.4781 -0.0953 0.8731
vn 0.1342 -0.8543 0.5022
vn 0.1834 0.9481 -0.2598
vn 0.7218 0.6018 -0.3418
vn 0.5007 -0.7681 0.3992
vn 0.9850 -0.1563 -0.0735
vn -0.6336 -0.4770 -0.6091
vn -0.8392 -0.4178 -0.3481
vn 0.9569 -0.0785 -0.2795
vn 0.9523 0.1255 0.2783
vn -0.4501 -0.4863 -0.7489
vn -0.9821 0.0745 -0.1731
vn -0.7634 -0.1036 0.6376
vn -0.5723 0.7739 0.2711
vn 0.3606 0.1242 -0.9244
vn 0.4132 0.4708 0.7795
vn 0.7560 0.3658 0.5429
vn -0.3407 -0.8007 0.4927
vn 0.5659 0.4093 -0.7157
vn 0.7805 0.2820 -0.5579
vn 0.6320 0.0254 -0.7746
vn 0.4218 0.5380 -0.7298
vn 0.4808 0.0782 -0.8733
vn 0.6265 0.4626 -0.6273
vn -0.1614 -0.9606 0.2262
vn -0.0626 -0.9536 0.2945
vn -0.6652 0.3473 0.6610
vn -0.8951 0.3683 0.2514
vn -0.7568 0.2480 -0.6047
vn -0.9113 -0.1382 0.3879
vn -0.7035 -0.6697 0.2379
vn -0.6290 0.6821 -0.3729
vn -0.6966 0.6543 0.2945
vn -0.2307 0.2373 -0.9437
vn -0.8570 0.4921 0.1531
vn -0.3319 0.7961 -0.5060
vn 0.9434 -0.3215 -0.0820
vn 0.0533 -0.7940 0.6055
vn 0.2995 -0.6078 0.7355
vn -0.5162 -0.2642 -0.8147
vn -0.5651 0.8143 0.1324
vn -0.6934 0.7202 0.0202
vn -0.7125 -0.7002 0.0455
vn -0.8728 -0.0305 0.4871
vn -0.6355 0.4548 0.6240
vn -0.4054 0.0175 0.9140
vn -0.7963 -0.0299 -0.6041
vn -0.9072 -0.4161 0.0627
vn -0.9153 -0.3922 0.0923
vn -0.7956 -0.0114 -0.6057
vn 0.9864 -0.1493 0.0680
vn 0.4809 0.3993 0.7806
vn -0.0284 0.5998 0.7997
vn 0.9234 0.1618 0.3480
vn -0.1195 -0.6883 -0.7155
vn 0.1726 -0.5643 -0.8073
vn 0.9913 -0.0691 -0.1124
vn 0.9387 -0.3282 0.1055
vn 0.1185 0.1007 -0.9878
vn -0.3234 -0.1778 -0.9294
vn 0.3619 -0.1188 -0.9246
vn -0.5744 0.5376 0.6172
vn -0.1413 0.0416 -0.9891
vn -0.4489 0.0719 -0.8907
vn -0.1107 0.2809 -0.9533
vn -0.0065 0.2488 -0.9685
vn 0.3520 -0.1028 0.9303
vn 0.4042 0.2552 0.8783
vn 0.2641 -0.3255 0.9079
vn 0.3648 -0.4167 0.8326
vn -0.0171 -0.0747 0.9971
vn 0.8028 0.1635 0.5734
vn 0.8989 -0.1834 0.3979
vn 0.2532 -0.7375 -0.6261
vn -0.5817 -0.4474 0.6793
vn -0.6645 0.0101 0.7472
vn -0.2347 -0.9622 0.1383
vn 0.8449 -0.2714 -0.4609
vn 0.9703 -0.2186 0.1038
vn 0.9673 -0.2537 0.0000
vn 0.9247 -0.2422 -0.2936
vn 0.9009 0.1284 0.4146
vn 0.8741 0.0933 0.4767
vn 0.7417 0.1486 0.6541
vn -0.7072 0.2218 0.6713
vn 0.0763 0.0127 0.9970
vn -0.9608 0.1150 -0.2522
vn 0.5894 -0.5186 0.6194
vn -0.9978 0.0507 -0.0438
vn -0.8621 -0.4957 -0.1047
vn -0.9996 -0.0071 0.0272
vn -0.8747 -0.4811 -0.0583
vn -0.8610 0.4939 0.1219
vn -0.8468 0.4861 0.2160
vn -0.0619 0.1157 0.9914
vn -0.2195 -0.0681 0.9732
vn -0.0304 0.2077 0.9777
vn -0.0020 0.3573 0.9340
vn -0.3802 0.0282 0.9245
vn -0.4522 -0.3589 0.8165
vn 0.8032 0.3312 -0.4952
vn 0.9002 0.4311 -0.0616
vn -0.0276 0.3024 0.9528
vn 0.2610 -0.2549 0.9311
vn 0.5136 0.7471 -0.4219
vn 0.6119 0.4765 -0.6314
vn -0.3073 0.0542 -0.9501
vn -0.5288 0.0998 -0.8429
vn -0.0293 0.0648 -0.9975
vn 0.5807 -0.2445 0.7766
vn 0.7719 0.6237 -0.1235
vn 0.4836 0.7504 -0.4506
vn 0.7193 0.6483 0.2497
vn -0.3352 -0.1221 0.9342
vn -0.2231 -0.1430 0.9643
vn -0.5469 -0.1171 0.8290
vn -0.4243 -0.2726 0.8635
vn -0.8335 0.5524 0.0074
vn -0.3591 0.5500 0.7540
vn -0.7528 0.3598 -0.5512
vn -0.7969 0.5996 0.0741
vn 0.6673 0.5483 0.5040
vn -0.4723 0.8191 -0.3257
vn -0.4298 0.8617 -0.2696
vn 0.8159 -0.3568 -0.4550
vn 0.7465 -0.4251 -0.5119
vn 0.7673 -0.2254 0.6004
vn 0.7789 -0.3004 0.5505
vn -0.5832 0.7583 -0.2914
vn -0.2133 -0.3936 -0.8942
vn 0.8106 -0.5049 -0.2965
vn -0.2123 -0.3617 0.9078
vn -0.1698 -0.8336 0.5255
vn 0.6773 -0.5485 -0.4903
vn 0.8643 -0.4926 0.1016
vn -0.1514 0.4264 0.8918
vn -0.1382 0.1452 0.9797
vn -0.7405 -0.0651 -0.6689
vn -0.8687 -0.3121 0.3847
vn -0.8642 -0.2435 0.4402
vn -0.7495 0.1585 0.6427
vn -0.3142 -0.0826 0.9458
vn -0.9400 -0.1035 0.3250
vn -0.3570 0.8020 0.4789
vn -0.3807 -0.3608 0.8514
vn -0.2622 -0.4633 0.8465
vn -0.8763 0.1006 0.4711
vn 0.7629 0.3744 -0.5271
vn 0.8680 0.1306 -0.4790
vn -0.9204 0.3709 0.1239
vn -0.7566 0.5970 0.2666
vn -0.6681 0.2515 0.7003
vn 0.7984 0.6017 0.0234
vn 0.5041 -0.5764 0.6431
vn 0.6866 -0.4094 0.6008
vn 0.4819 -0.2069 -0.8514
vn 0.4565 0.0787 -0.8862
vn 0.1354 0.0459 -0.9897
vn 0.4804 -0.2398 -0.8436
vn 0.7412 -0.2180 -0.6350
vn -0.4809 -0.2262 0.8471
vn -0.6358 -0.1622 0.7546
vn -0.6320 -0.2813 0.7221
vn -0.1573 -0.5331 0.8313
vn -0.8485 -0.0557 0.5262
vn -0.6038 -0.1989 -0.7719
vn -0.8301 0.0413 -0.5561
vn -0.3581 -0.4603 -0.8123
vn 0.5867 -0.7968 0.1443
vn 0.4698 0.8160 -0.3368
vn 0.6686 -0.6323 -0.3914
vn 0.5601 0.8005 -0.2133
vn 0.9782 -0.1731 0.1150
vn 0.3517 -0.3038 0.8855
vn 0.3786 0.5429 0.7496
vn -0.6517 0.7470 0.1310
vn -0.6034 0.6677 0.4360
vn 0.7249 -0.4223 -0.5441
vn 0.0697 0.4903 0.8688
vn 0.0861 0.7338 0.6739
vn 0.8441 0.5362 -0.0044
vn -0.4403 -0.7882 0.4299
vn 0.5687 -0.4924 0.6589
vn 0.5755 -0.7438 -0.3400
vn -0.3208 -0.1459 -0.9359
vn -0.3336 -0.2259 -0.9152
vn -0.6253 -0.3506 0.6972
vn -0.8199 -0.0349 0.5714
vn -0.9442 -0.0112 0.3293
vn -0.7785 0.5087 -0.3676
vn 0.3518 -0.7441 -0.5679
vn 0.8528 0.1093 0.5107
vn 0.3927 0.0772 0.9164
vn -0.7680 -0.4774 -0.4269
vn -0.8511 -0.3980 -0.3424
vn 0.3177 -0.6069 -0.7285
vn 0.1580 0.7516 0.6404
vn -0.3036 -0.2447 0.9209
vn -0.3873 -0.3305 0.8607
vn 0.2441 0.8716 0.4251
vn 0.8722 0.0877 0.4812
vn -0.2508 -0.5055 0.8256
vn -0.4584 -0.2751 0.8451
vn -0.5424 0.1738 -0.8219
vn -0.4357 0.0999 -0.8945
vn -0.9965 0.0424 -0.0726
vn -0.0072 0.9997 0.0232
vn -0.9448 0.1475 0.2925
vn -0.2415 -0.3336 0.9113
vn -0.3089 -0.5424 0.7813
vn -0.2651 -0.1545 0.9518
vn -0.3049 -0.4212 0.8542
vn -0.4246 -0.7625 0.4882
vn -0.8681 0.2238 -0.4431
vn -0.1127 0.6332 -0.7657
vn 0.8349 0.2842 0.4714
vn 0.7650 0.6329 0.1192
vn 0.5432 0.8204 0.1784
vn -0.9213 -0.3715 0.1151
vn -0.9389 -0.2961 0.1755
vn -0.9206 -0.2018 0.3343
vn 0.3804 -0.4010 -0.8334
vn 0.9361 0.1311 -0.3265
vn 0.8255 0.3812 -0.4161
vn 0.2045 -0.9729 -0.1081
vn -0.3294 -0.5413 0.7736
vn -0.0052 -0.1143 0.9934
vn -0.7949 0.6052 0.0428
vn -0.7812 0.5297 0.3304
vn -0.2626 -0.8521 0.4528
vn -0.9430 0.0103 0.3327
vn -0.9699 0.1594 0.1839
vn -0.9929 0.0610 0.1025
vn -0.9062 0.1115 0.4079
vn 0.8267 0.5520 0.1086
vn 0.5961 0.7995 -0.0740
vn 0.9355 0.2679 0.2304
vn 0.7490 0.6503 0.1267
vn 0.5190 0.8542 0.0318
vn 0.9283 0.3553 0.1095
vn 0.9015 0.3726 0.2202
vn 0.9822 0.0502 -0.1808
vn 0.5360 0.1803 -0.8248
vn 0.9729 -0.1178 -0.1992
vn 0.6394 -0.1096 -0.7610
vn 0.4489 0.0954 -0.8885
vn 0.8089 -0.4935 -0.3196
vn 0.0356 -0.3421 -0.9390
vn -0.1913 0.1494 0.9701
vn -0.4318 0.1911 0.8815
vn -0.3542 -0.1634 0.9208
vn -0.8954 -0.0494 0.4426
vn 0.1712 0.0388 0.9845
vn 0.9466 -0.2764 0.1660
vn 0.6601 0.0709 0.7479
vn 0.6492 -0.0933 0.7549
vn 0.3377 -0.9397 0.0536
vn 0.2224 -0.9651 -0.1384
vn 0.5706 -0.3921 0.7216
vn 0.6871 -0.2544 0.6806
vn 0.0397 0.0224 0.9990
vn -0.7360 -0.2102 -0.6435
vn 0.8559 0.1321 0.5000
vn 0.8482 0.0610 0.5262
vn 0.7440 -0.3541 0.5666
vn 0.4874 -0.0899 0.8685
vn -0.6688 -0.2821 0.6878
vn -0.5886 -0.1595 0.7925
vn -0.3370 -0.1776 0.9246
vn -0.3997 -0.1529 0.9038
vn -0.1893 -0.4862 0.8531
vn 0.0633 -0.5526 0.8311
vn 0.7911 0.2359 0.5644
vn 0.3291 -0.0812 0.9408
vn -0.4747 -0.5338 0.6998
vn 0.8550 0.1980 -0.4793
vn -0.4629 0.7431 0.4833
vn 0.0560 0.8445 -0.5326
vn -0.5838 -0.1694 0.7940
vn -0.0391 -0.1000 0.9942
vn 0.0523 -0.1748 0.9832
vn -0.8105 0.5025 -0.3010
vn -0.4732 0.1743 0.8635
vn 0.6316 -0.2068 0.7472
vn -0.8710 -0.2388 0.4295
vn -0.2209 -0.4791 -0.8495
vn 0.8763 -0.4612 -0.1394
vn 0.4121 0.8969 -0.1603
vn 0.0749 0.7486 0.6588
vn 0.0601 0.6899 0.7214
vn -0.1547 0.5712 0.8061
vn 0.0490 0.6616 -0.7483
vn 0.9058 -0.2352 0.3524
vn 0.8966 -0.2866 0.3377
vn 0.1096 0.2812 -0.9534
vn 0.7409 0.1266 -0.6595
vn -0.7682 -0.3690 0.5231
vn -0.8664 -0.2916 0.4054
vn 0.8902 0.1181 -0.4400
vn 0.9216 0.2158 0.3227
vn 0.8295 0.2460 0.5015
vn 0.5594 0.0511 0.8273
vn 0.5878 -0.7896 -0.1759
vn -0.9301 0.2091 0.3019
vn -0.8869 -0.2285 0.4014
vn 0.7249 -0.3805 -0.5742
vn 0.7141 -0.4929 -0.4971
vn 0.6537 -0.2269 -0.7219
vn -0.1043 0.9378 -0.3311
vn 0.9640 -0.0247 0.2647
vn 0.8759 0.3637 0.3171
vn -0.0622 0.8773 0.4759
vn -0.2893 -0.9063 0.3080
vn -0.2328 -0.8823 0.4090
vn -0.0104 0.2569 0.9664
vn -0.0064 0.3479 0.9375
vn 0.2829 0.3548 0.8911
vn 0.3921 -0.2265 -0.8916
vn 0.5417 0.1328 -0.8300
vn 0.4874 -0.7557 -0.4375
vn -0.8568 -0.4375 0.2730
vn -0.9361 -0.1435 0.3211
vn -0.4693 -0.5672 -0.6768
vn 0.3764 -0.9257 0.0379
vn 0.9511 0.1249 -0.2825
vn 0.3335 0.0917 -0.9383
vn -0.4758 0.5140 -0.7137
vn 0.0139 0.5114 0.8592
vn 0.5413 -0.8324 0.1189
vn 0.3689 -0.1610 0.9154
vn -0.0661 -0.3021 0.9510
vn -0.4970 0.8668 -0.0408
vn -0.9452 -0.1436 -0.2933
vn 0.4555 -0.5199 -0.7226
vn -0.1650 -0.1173 -0.9793
vn 0.2493 0.9466 0.2044
vn 0.5578 -0.4487 -0.6982
vn -0.8189 -0.5739 0.0000
vn 0.2884 -0.7560 -0.5876
vn 0.8874 0.4593 -0.0401
vn 0.9867 0.1557 -0.0472
vn 0.6477 -0.2103 -0.7323
vn 0.3963 0.0592 0.9162
vn 0.4962 0.0759 0.8649
vn 0.4366 0.0173 0.8995
vn -0.9811 -0.0773 -0.1773
vn -0.9075 -0.2006 -0.3690
vn -0.8872 -0.2168 0.4072
vn 0.3535 0.3523 0.8665
vn 0.3894 -0.2812 0.8771
vn -0.1360 0.3542 0.9252
vn -0.8354 -0.5100 -0.2048
vn -0.8582 -0.4832 0.1731
vn 0.9723 -0.1566 -0.1734
vn 0.0179 -0.4737 -0.8805
vn -0.7914 0.3296 0.5148
vn -0.5811 0.4009 0.7082
vn 0.5648 0.8250 -0.0226
vn -0.9960 -0.0888 -0.0118
vn 0.4704 0.8520 0.2298
vn -0.8987 -0.1184 -0.4223
vn 0.6072 -0.3361 0.7199
vn -0.1224 0.9923 -0.0204
vn -0.5884 0.7987 0.1264
vn -0.6490 0.7584 0.0604
vn 0.0708 -0.2552 -0.9643
vn -0.6034 -0.0893 0.7924
vn -0.3129 0.0531 0.9483
vn 0.2264 -0.7873 -0.5735
vn -0.0905 0.7169 0.6913
vn 0.1603 -0.1407 0.9770
vn -0.7810 -0.0899 0.6181
vn 0.0395 0.0701 0.9968
vn 0.4701 0.0481 0.8813
vn -0.4508 0.0864 0.8884
vn 0.5369 -0.1381 -0.8322
vn 0.8752 -0.4197 -0.2405
vn -0.2816 -0.8715 -0.4016
vn -0.5902 0.2241 0.7756
vn 0.1486 -0.3461 0.9264
vn -0.0255 -0.6513 0.7584
vn 0.0499 -0.2716 0.9611
vn -0.3341 0.0956 -0.9377
vn -0.2268 -0.0244 -0.9736
vn -0.6987 0.1141 0.7062
vn -0.4655 -0.6533 -0.5970
vn -0.0693 0.9268 0.3692
vn -0.1029 0.9930 -0.0572
vn -0.0803 0.9494 -0.3036
vn -0.4011 0.3146 -0.8604
vn 0.0276 0.3627 -0.9315
vn -0.0144 -0.0067 -0.9999
vn -0.7261 0.1775 -0.6643
vn -0.4158 -0.0953 -0.9044
vn -0.5691 0.8133 0.1216
vn -0.3522 0.8831 0.3100
vn 0.8337 -0.3405 0.4347
vn -0.9655 0.2573 -0.0403
vn -0.8935 0.1134 -0.4345
vn -0.2978 -0.4491 0.8424
vn -0.7527 0.1060 0.6497
vn 0.8453 0.2524 -0.4708
vn 0.7799 0.0595 -0.6231
vn 0.4369 0.4177 -0.7966
vn 0.7272 0.4875 -0.4832
vn 0.9725 -0.0212 -0.2321
vn -0.8781 -0.1445 -0.4562
vn -0.7036 -0.1639 -0.6915
vn -0.1671 -0.9853 0.0354
vn -0.8493 0.2973 -0.4362
vn 0.4905 -0.0852 0.8672
vn -0.8793 0.0537 0.4732
vn -0.6779 0.6726 -0.2966
vn -0.0393 -0.3043 -0.9518
vn -0.4100 -0.9050 -0.1133
vn -0.9294 -0.2861 -0.2331
vn -0.6616 0.7011 0.2660
vn 0.2358 0.7365 0.6340
vn -0.2989 -0.2778 0.9129
vn -0.3473 0.1640 0.9233
vn 0.2741 -0.5216 -0.8079
vn 0.1756 0.9708 0.1632
vn 0.3970 0.0409 0.9169
vn 0.3276 -0.5048 0.7987
vn -0.4982 0.1985 0.8440
vn 0.0104 -0.8719 0.4895
vn 0.0611 0.0770 -0.9952
vn -0.5070 -0.5202 -0.6872
vn -0.2674 -0.9582 -0.1022
vn -0.6551 0.4793 -0.5840
vn 0.2542 0.9462 -0.2002
vn 0.5498 0.1116 0.8278
vn -0.2528 -0.1676 0.9529
vn 0.4421 -0.0302 0.8965
vn 0.4557 -0.4311 0.7788
vn 0.3561 0.6225 -0.6969
vn 0.1850 -0.2036 0.9614
vn 0.3502 -0.2690 -0.8972
vn 0.6461 -0.3348 -0.6859
vn -0.3801 0.5048 0.7751
vn -0.7526 0.3692 0.5452
vn 0.1223 0.7792 0.6147
vn -0.5787 0.1884 0.7934
vn -0.5314 0.8457 0.0483
vn -0.9484 0.3033 -0.0924
vn 0.3777 0.0713 -0.9232
vn 0.4531 -0.5003 -0.7379
vn 0.5392 -0.2932 -0.7895
vn 0.4927 -0.1728 -0.8529
vn 0.6594 -0.3738 0.6522
vn 0.8121 -0.5635 -0.1515
vn -0.9591 0.2824 0.0197
vn -0.9207 -0.2478 -0.3015
vn 0.2713 0.1931 0.9429
vn -0.5931 -0.5649 -0.5737
vn 0.9721 0.0790 0.2210
vn 0.6227 -0.0420 -0.7813
vn 0.0823 0.1640 -0.9830
vn 0.2529 -0.1423 -0.9570
vn -0.2460 0.1384 -0.9593
vn -0.9949 0.0300 -0.0964
vn -0.5554 -0.2936 -0.7780
vn 0.9416 -0.1749 -0.2878
vn -0.4060 -0.0317 0.9133
vn 0.1130 0.5781 -0.8081
vn -0.0344 0.7894 -0.6129
vn -0.0032 0.2318 -0.9728
vn 0.9714 0.2254 -0.0745
vn 0.9150 0.1478 0.3755
vn -0.5528 -0.3756 0.7438
vn 0.1436 -0.3482 0.9263
vn 0.0382 -0.3359 0.9411
vn 0.9441 -0.2569 0.2067
vn -0.9673 0.1006 -0.2327
vn 0.2877 0.6989 0.6548
vn -0.1690 0.9253 -0.3396
vn -0.5800 -0.4696 -0.6657
vn 0.3052 0.9173 0.2556
vn 0.6265 -0.1032 0.7725
vn 0.4304 -0.1932 0.8817
vn -0.7179 0.3465 0.6037
vn -0.7176 -0.4802 0.5044
vn -0.8599 -0.4615 -0.2181
vn -0.5596 -0.8283 -0.0272
vn 0.4299 0.2827 -0.8575
vn -0.8055 -0.1338 0.5772
vn -0.9146 0.3937 0.0927
vn -0.1340 0.7355 0.6641
vn 0.1412 0.0348 -0.9894
vn 0.9861 -0.1316 -0.1011
vn -0.8635 0.0984 0.4946
vn -0.7267 0.3238 -0.6059
vn -0.1920 -0.1360 -0.9719
vn -0.0836 -0.2769 0.9572
vn -0.6201 -0.1455 0.7709
vn 0.4383 0.1103 -0.8920
vn -0.4969 -0.1631 0.8523
vn -0.2153 -0.0213 0.9763
vn 0.4465 0.2470 -0.8600
vn 0.0022 -0.6386 0.7696
vn -0.0747 -0.2495 -0.9655
vn -0.1476 -0.0358 -0.9884
vn -0.6596 -0.0071 0.7516
vn -0.5451 -0.8005 0.2490
vn 0.1041 -0.9898 0.0976
vn -0.8476 0.1018 -0.5207
vn -0.0549 0.4217 0.9051
vn -0.9152 0.2505 0.3156
vn 0.4061 -0.1669 -0.8985
vn 0.8646 0.4984 0.0642
vn 0.8773 0.4454 0.1790
vn 0.9927 -0.0185 0.1188
vn 0.6376 0.7703 0.0105
vn 0.4238 -0.8877 0.1800
vn 0.3104 0.1209 0.9429
vn 0.2753 -0.0027 0.9614
vn -0.8477 0.5032 0.1677
vn -0.4221 0.4674 0.7768
vn -0.9887 0.0575 -0.1385
vn -0.8177 -0.5510 0.1666
vn 0.0522 0.4172 0.9073
vn -0.6703 -0.2964 0.6803
vn 0.0099 -0.3049 0.9523
vn -0.6759 -0.2983 0.6740
vn -0.8492 0.3641 0.3824
vn 0.4982 -0.3969 0.7709
vn 0.0432 -0.5567 -0.8296
vn 0.9692 -0.1905 0.1561
vn 0.8948 -0.4147 0.1653
vn 0.9426 -0.2228 -0.2487
vn -0.1500 0.4249 0.8927
vn -0.3497 -0.3594 -0.8652
vn -0.5693 0.0783 0.8184
vn 0.9805 0.1636 -0.1086
vn -0.4620 -0.7533 0.4681
vn 0.7927 -0.5182 -0.3212
vn -0.1091 0.1627 0.9806
vn 0.4683 -0.0798 0.8800
vn -0.1529 0.4926 -0.8567
vn -0.3458 0.5419 -0.7660
vn 0.1975 0.6627 -0.7224
vn -0.5052 -0.3850 -0.7724
vn 0.6611 -0.6996 -0.2712
vn -0.2648 0.6743 0.6893
vn 0.3353 -0.7766 0.5334
vn -0.4269 -0.5553 -0.7138
vn 0.0045 0.9327 0.3605
vn -0.4519 0.8593 -0.2394
vn -0.1662 0.9142 -0.3695
vn 0.9087 0.0729 0.4110
vn 0.8966 -0.2054 -0.3924
vn 0.2454 -0.0126 -0.9693
vn -0.3603 0.1610 0.9188
vn -0.8050 -0.1243 -0.5801
vn -0.1227 0.7755 0.6193
vn 0.7517 0.5613 -0.3463
vn 0.2027 -0.8810 -0.4275
vn -0.6739 -0.1546 0.7225
vn 0.5185 0.1135 0.8475
vn 0.3744 0.2371 0.8964
vn 0.8776 -0.3690 0.3061
vn 0.5075 0.5639 0.6515
vn 0.5623 -0.3797 -0.7346
vn -0.2169 0.4474 0.8676
vn -0.2039 0.5416 0.8156
vn 0.2349 -0.8471 -0.4767
vn -0.1851 -0.8837 -0.4299
vn -0.0876 -0.3182 0.9440
vn 0.8361 -0.0348 0.5475
vn -0.6242 0.7733 0.1115
vn -0.9792 -0.1884 -0.0757
vn -0.8836 0.0255 0.4676
vn -0.3870 0.5997 0.7004
vn -0.2980 0.6029 0.7400
vn -0.8548 0.0512 -0.5164
vn 0.1862 0.0481 0.9813
vn -0.1886 -0.5231 0.8311
vn 0.1215 0.6278 -0.7688
vn -0.1049 -0.8916 0.4405
vn 0.6478 0.5070 0.5685
vn 0.4789 0.6647 -0.5735
vn 0.1715 0.2946 -0.9401
vn 0.8756 -0.3446 -0.3385
vn 0.5433 0.6955 -0.4702
vn -0.2072 -0.7408 0.6390
vn -0.3892 0.8579 0.3353
vn 0.6908 -0.5722 0.4421
vn -0.3430 0.7194 0.6040
vn 0.6505 -0.3385 0.6799
vn 0.6743 0.7087 -0.2075
vn -0.2244 -0.7397 0.6345
vn 0.1411 -0.8590 -0.4921
vn -0.0943 -0.8205 -0.5638
vn -0.6581 0.7287 -0.1892
vn -0.9619 -0.1899 -0.1966
vn 0.2502 -0.9226 0.2935
vn 0.0666 -0.9977 0.0113
vn 0.9538 -0.1745 -0.2446
vn -0.0455 -0.9985 -0.0315
vn -0.2609 -0.8968 0.3573
vn -0.0545 0.9843 0.1679
vn 0.0472 0.9824 0.1805
vt 0.078743 0.483466
vt 0.075738 0.498010
vt 0.066979 0.492240
vt 0.188566 0.059641
vt 0.173977 0.049250
vt 0.184109 0.047394
vt 0.181070 0.066461
vt 0.193381 0.050345
vt 0.092216 0.488462
vt 0.196014 0.060419
vt 0.061598 0.483814
vt 0.647408 0.846581
vt 0.647710 0.814904
vt 0.663972 0.814904
vt 0.634097 0.846269
vt 0.271354 0.747965
vt 0.302534 0.743979
vt 0.304191 0.757884
vt 0.273929 0.761249
vt 0.662725 0.846712
vt 0.268111 0.733169
vt 0.054127 0.898885
vt 0.056504 0.885091
vt 0.059686 0.894733
vt 0.050600 0.908987
vt 0.047017 0.898523
vt 0.057333 0.906544
vt 0.795568 0.824482
vt 0.807390 0.814775
vt 0.814172 0.829079
vt 0.195590 0.626033
vt 0.193915 0.638143
vt 0.179659 0.632671
vt 0.803563 0.840890
vt 0.180456 0.620718
vt 0.787921 0.838384
vt 0.791048 0.809156
vt 0.027925 0.054623
vt 0.031132 0.049490
vt 0.033343 0.058631
vt 0.030300 0.061188
vt 0.025483 0.061774
vt 0.018841 0.054850
vt 0.023517 0.045701
vt 0.365276 0.373180
vt 0.350222 0.359975
vt 0.370493 0.355214
vt 0.357636 0.384673
vt 0.339116 0.378607
vt 0.379873 0.361394
vt 0.374616 0.383782
vt 0.223894 0.808592
vt 0.236302 0.806851
vt 0.232894 0.813827
vt 0.216930 0.813261
vt 0.213305 0.805001
vt 0.224505 0.796927
vt 0.707219 0.184830
vt 0.720328 0.194879
vt 0.710490 0.199899
vt 0.713866 0.179286
vt 0.154429 0.864740
vt 0.155574 0.872963
vt 0.144522 0.871324
vt 0.169855 0.860881
vt 0.708400 0.168981
vt 0.566713 0.973015
vt 0.583268 0.964825
vt 0.583268 0.985094
vt 0.560316 0.993266
vt 0.550296 0.974916
vt 0.819570 0.000114
vt 0.831529 0.008804
vt 0.817821 0.017028
vt 0.572818 0.992764
vt 0.565815 0.956983
vt 0.537012 0.737504
vt 0.536899 0.712659
vt 0.543574 0.723752
vt 0.224396 0.937501
vt 0.210935 0.942173
vt 0.209753 0.919630
vt 0.215887 0.910547
vt 0.233915 0.927559
vt 0.244023 0.947779
vt 0.214877 0.956733
vt 0.899143 0.512911
vt 0.908879 0.512400
vt 0.898912 0.522770
vt 0.888004 0.523036
vt 0.993119 0.620140
vt 0.978406 0.628052
vt 0.969891 0.614426
vt 0.886879 0.512093
vt 0.900334 0.504392
vt 0.985726 0.602706
vt 0.130342 0.350001
vt 0.116729 0.355830
vt 0.124430 0.340123
vt 0.124536 0.280245
vt 0.125192 0.289036
vt 0.109180 0.287625
vt 0.140203 0.333495
vt 0.143777 0.340691
vt 0.142047 0.285420
vt 0.109657 0.277578
vt 0.854845 0.612160
vt 0.835932 0.611161
vt 0.845298 0.601558
vt 0.861054 0.606569
vt 0.863128 0.618841
vt 0.848229 0.618132
vt 0.850084 0.319188
vt 0.818336 0.322950
vt 0.823709 0.297673
vt 0.108147 0.808969
vt 0.112054 0.786401
vt 0.126661 0.800311
vt 0.090554 0.815280
vt 0.094706 0.794654
vt 0.671054 0.315086
vt 0.675794 0.335616
vt 0.647578 0.326017
vt 0.856004 0.295362
vt 0.307470 0.217144
vt 0.296056 0.197279
vt 0.318154 0.192754
vt 0.322098 0.211162
vt 0.289713 0.218533
vt 0.740704 0.206771
vt 0.737829 0.196042
vt 0.751049 0.201728
vt 0.752266 0.215618
vt 0.737294 0.219436
vt 0.438461 0.787454
vt 0.451558 0.763316
vt 0.461788 0.785785
vt 0.635088 0.624845
vt 0.631881 0.608243
vt 0.656041 0.605152
vt 0.610798 0.625778
vt 0.451394 0.804698
vt 0.617765 0.645678
vt 0.640486 0.648058
vt 0.837771 0.190622
vt 0.826708 0.202002
vt 0.823518 0.186542
vt 0.834087 0.172056
vt 0.467352 0.246148
vt 0.468561 0.229261
vt 0.478462 0.238368
vt 0.461311 0.238315
vt 0.198174 0.739296
vt 0.193974 0.751970
vt 0.185176 0.750890
vt 0.453285 0.252386
vt 0.115887 0.418402
vt 0.103874 0.430046
vt 0.100472 0.413393
vt 0.129131 0.430510
vt 0.117330 0.429987
vt 0.111150 0.403873
vt 0.128827 0.417879
vt 0.248350 0.724635
vt 0.270731 0.696512
vt 0.267273 0.724769
vt 0.232180 0.725108
vt 0.239939 0.712531
vt 0.246317 0.727492
vt 0.775474 0.751163
vt 0.757197 0.751226
vt 0.762593 0.736640
vt 0.306234 0.584439
vt 0.314139 0.595144
vt 0.297557 0.597446
vt 0.284759 0.578404
vt 0.761643 0.770085
vt 0.381489 0.237122
vt 0.377086 0.261114
vt 0.369178 0.230685
vt 0.386936 0.220781
vt 0.385785 0.265797
vt 0.965995 0.299694
vt 0.953402 0.296051
vt 0.962942 0.283840
vt 0.977820 0.282159
vt 0.983481 0.310588
vt 0.401155 0.959486
vt 0.391179 0.953240
vt 0.397325 0.946139
vt 0.518607 0.118317
vt 0.507089 0.116541
vt 0.511271 0.110045
vt 0.523561 0.112373
vt 0.403567 0.973860
vt 0.392428 0.960326
vt 0.517621 0.128382
vt 0.919646 0.011983
vt 0.918247 0.025503
vt 0.903899 0.025922
vt 0.034089 0.509674
vt 0.030053 0.520739
vt 0.015796 0.507508
vt 0.044463 0.531058
vt 0.026653 0.492063
vt 0.043787 0.493582
vt 0.597103 0.024111
vt 0.631831 0.020366
vt 0.632005 0.037627
vt 0.497509 0.637568
vt 0.448614 0.639307
vt 0.448983 0.626499
vt 0.497679 0.625386
vt 0.526004 0.650076
vt 0.497297 0.651269
vt 0.517301 0.627499
vt 0.159577 0.015929
vt 0.172052 0.019952
vt 0.168909 0.025862
vt 0.158524 0.023241
vt 0.145820 0.010433
vt 0.171625 0.214125
vt 0.155808 0.218982
vt 0.164188 0.207279
vt 0.173343 0.202697
vt 0.162734 0.226469
vt 0.207787 0.209829
vt 0.835468 0.800547
vt 0.863250 0.798803
vt 0.859826 0.810413
vt 0.552646 0.845579
vt 0.543483 0.844353
vt 0.553155 0.832442
vt 0.548230 0.871548
vt 0.402637 0.357400
vt 0.408986 0.343142
vt 0.418728 0.358294
vt 0.512849 0.014385
vt 0.512849 0.000161
vt 0.523515 0.006018
vt 0.912603 0.115908
vt 0.924198 0.119707
vt 0.917217 0.131242
vt 0.897862 0.107404
vt 0.916308 0.105821
vt 0.727874 0.592083
vt 0.700426 0.604462
vt 0.697130 0.585765
vt 0.759749 0.589060
vt 0.729370 0.606232
vt 0.756827 0.573128
vt 0.725597 0.578723
vt 0.793954 0.693615
vt 0.817047 0.694422
vt 0.774370 0.710034
vt 0.767519 0.667207
vt 0.798098 0.668037
vt 0.765008 0.691083
vt 0.820106 0.569998
vt 0.801805 0.561456
vt 0.805340 0.557769
vt 0.837163 0.557190
vt 0.844053 0.576943
vt 0.814305 0.574698
vt 0.969692 0.533279
vt 0.987381 0.547604
vt 0.967576 0.546100
vt 0.721093 0.109676
vt 0.708640 0.108362
vt 0.704238 0.103202
vt 0.732645 0.099123
vt 0.748248 0.108318
vt 0.717119 0.099764
vt 0.960674 0.532941
vt 0.963529 0.525874
vt 0.140361 0.419016
vt 0.139407 0.437228
vt 0.130298 0.433452
vt 0.824246 0.034013
vt 0.818821 0.018256
vt 0.839466 0.026242
vt 0.149227 0.402069
vt 0.156626 0.413043
vt 0.133942 0.416873
vt 0.145519 0.429803
vt 0.139620 0.395964
vt 0.963688 0.688150
vt 0.963688 0.653668
vt 0.980655 0.684839
vt 0.756643 0.919593
vt 0.766944 0.918373
vt 0.763430 0.940051
vt 0.753397 0.943442
vt 0.405676 0.788736
vt 0.385955 0.791183
vt 0.390662 0.777423
vt 0.549636 0.508561
vt 0.548386 0.488764
vt 0.569672 0.489507
vt 0.533162 0.505823
vt 0.401203 0.802110
vt 0.563696 0.513090
vt 0.536405 0.523143
vt 0.439976 0.710222
vt 0.488597 0.714573
vt 0.438671 0.726111
vt 0.442568 0.691503
vt 0.492110 0.701296
vt 0.022275 0.779864
vt 0.040887 0.783775
vt 0.024594 0.792710
vt 0.020015 0.854780
vt 0.031959 0.873386
vt 0.018778 0.877343
vt 0.032132 0.852084
vt 0.108007 0.583883
vt 0.105594 0.564416
vt 0.121497 0.580241
vt 0.123697 0.594744
vt 0.107903 0.598820
vt 0.098481 0.588265
vt 0.426477 0.868617
vt 0.441854 0.877774
vt 0.426658 0.878996
vt 0.437162 0.860799
vt 0.439555 0.866641
vt 0.411777 0.866912
vt 0.427282 0.860221
vt 0.418385 0.859452
vt 0.903102 0.212744
vt 0.925887 0.199232
vt 0.935234 0.216429
vt 0.702418 0.448015
vt 0.694161 0.432150
vt 0.713035 0.418942
vt 0.674483 0.458140
vt 0.671981 0.444635
vt 0.723455 0.430883
vt 0.442510 0.684098
vt 0.427666 0.677777
vt 0.444788 0.658704
vt 0.421926 0.695236
vt 0.858924 0.410020
vt 0.842188 0.384288
vt 0.865349 0.400716
vt 0.244453 0.392134
vt 0.240126 0.387806
vt 0.246306 0.388590
vt 0.251125 0.393647
vt 0.224077 0.413569
vt 0.864328 0.408739
vt 0.679328 0.645896
vt 0.679328 0.658418
vt 0.666055 0.651702
vt 0.672315 0.633945
vt 0.691415 0.637292
vt 0.706435 0.647309
vt 0.482915 0.876616
vt 0.466025 0.889766
vt 0.461886 0.877641
vt 0.000759 0.292357
vt 0.007991 0.291550
vt 0.014619 0.301771
vt 0.006000 0.267620
vt 0.006000 0.282510
vt 0.000754 0.271972
vt 0.001442 0.308589
vt 0.422301 0.834333
vt 0.401702 0.846231
vt 0.403113 0.835490
vt 0.139061 0.678258
vt 0.154403 0.661521
vt 0.160058 0.681386
vt 0.132830 0.650848
vt 0.138361 0.694074
vt 0.122852 0.691007
vt 0.612366 0.501233
vt 0.598906 0.515724
vt 0.597344 0.493021
vt 0.915132 0.671154
vt 0.916300 0.645703
vt 0.918315 0.647228
vt 0.911442 0.695344
vt 0.909237 0.693962
vt 0.416022 0.903493
vt 0.438552 0.904508
vt 0.413083 0.905089
vt 0.918520 0.672786
vt 0.913246 0.973180
vt 0.910795 0.948332
vt 0.913755 0.946982
vt 0.907090 0.972018
vt 0.451719 0.902821
vt 0.443327 0.953934
vt 0.459283 0.946718
vt 0.458781 0.957809
vt 0.958853 0.941448
vt 0.957601 0.963402
vt 0.947802 0.954257
vt 0.429184 0.952060
vt 0.444703 0.944023
vt 0.938854 0.947597
vt 0.852759 0.923483
vt 0.854905 0.915477
vt 0.872915 0.919966
vt 0.837710 0.918250
vt 0.185543 0.177648
vt 0.197087 0.190238
vt 0.180188 0.189326
vt 0.166893 0.173532
vt 0.185832 0.162800
vt 0.171160 0.426568
vt 0.172387 0.440991
vt 0.154786 0.446371
vt 0.205717 0.180246
vt 0.147857 0.432957
vt 0.201072 0.162602
vt 0.133485 0.441529
vt 0.850190 0.038265
vt 0.851256 0.030632
vt 0.858582 0.026759
vt 0.775042 0.918159
vt 0.780206 0.936110
vt 0.771445 0.937766
vt 0.733695 0.918211
vt 0.707222 0.920065
vt 0.715527 0.909590
vt 0.736779 0.907888
vt 0.747470 0.914917
vt 0.748890 0.925063
vt 0.736179 0.928382
vt 0.457869 0.276844
vt 0.470881 0.265652
vt 0.477559 0.285279
vt 0.436467 0.284755
vt 0.433463 0.270722
vt 0.460974 0.296464
vt 0.446786 0.261447
vt 0.828336 0.823764
vt 0.822369 0.808667
vt 0.802744 0.798741
vt 0.195252 0.378773
vt 0.195252 0.359278
vt 0.210721 0.372871
vt 0.205737 0.391820
vt 0.190056 0.397723
vt 0.184427 0.381819
vt 0.187840 0.370339
vt 0.799000 0.470558
vt 0.780023 0.470703
vt 0.793914 0.443348
vt 0.813186 0.440745
vt 0.819924 0.454016
vt 0.750384 0.540935
vt 0.771025 0.531490
vt 0.763905 0.555090
vt 0.754008 0.523295
vt 0.783933 0.479911
vt 0.812080 0.476367
vt 0.701973 0.109588
vt 0.699619 0.106660
vt 0.702159 0.102991
vt 0.963918 0.522190
vt 0.960189 0.519274
vt 0.960563 0.517932
vt 0.963828 0.519314
vt 0.061726 0.095046
vt 0.046080 0.114426
vt 0.051725 0.094817
vt 0.586024 0.594382
vt 0.604687 0.591723
vt 0.592687 0.620633
vt 0.585172 0.575869
vt 0.057010 0.076066
vt 0.057460 0.124336
vt 0.197882 0.239001
vt 0.210200 0.234998
vt 0.205783 0.255797
vt 0.626103 0.168345
vt 0.615470 0.194582
vt 0.600308 0.175742
vt 0.633306 0.184017
vt 0.646396 0.164291
vt 0.199731 0.214575
vt 0.188653 0.216771
vt 0.929758 0.185238
vt 0.912551 0.191319
vt 0.925292 0.172007
vt 0.916591 0.202229
vt 0.847107 0.846210
vt 0.864649 0.847135
vt 0.856825 0.866361
vt 0.832841 0.829381
vt 0.841545 0.821495
vt 0.836872 0.860866
vt 0.840779 0.030088
vt 0.846818 0.041645
vt 0.837563 0.039437
vt 0.817973 0.037662
vt 0.832109 0.158661
vt 0.834958 0.169296
vt 0.823016 0.164403
vt 0.826602 0.140303
vt 0.838761 0.144564
vt 0.844153 0.154853
vt 0.467762 0.395330
vt 0.482360 0.389604
vt 0.481184 0.408962
vt 0.971184 0.173391
vt 0.958497 0.193640
vt 0.960161 0.172658
vt 0.736180 0.722581
vt 0.744589 0.723351
vt 0.739675 0.737374
vt 0.454869 0.385661
vt 0.472512 0.374489
vt 0.741839 0.705681
vt 0.116797 0.239953
vt 0.105753 0.234395
vt 0.116364 0.226633
vt 0.103164 0.049063
vt 0.118121 0.050513
vt 0.118417 0.069783
vt 0.118596 0.028120
vt 0.105892 0.072626
vt 0.085263 0.054249
vt 0.071922 0.038921
vt 0.433605 0.562909
vt 0.409063 0.557556
vt 0.407639 0.548670
vt 0.025054 0.431081
vt 0.036356 0.454538
vt 0.026097 0.455276
vt 0.694937 0.691203
vt 0.697254 0.678874
vt 0.723103 0.697608
vt 0.432730 0.552255
vt 0.342253 0.828834
vt 0.317619 0.830979
vt 0.337575 0.818472
vt 0.037108 0.431172
vt 0.066856 0.164880
vt 0.079001 0.178591
vt 0.066221 0.174645
vt 0.323315 0.168472
vt 0.309054 0.178531
vt 0.046751 0.163610
vt 0.068931 0.156088
vt 0.077924 0.167881
vt 0.331986 0.171544
vt 0.189740 0.859885
vt 0.174410 0.869991
vt 0.200164 0.856473
vt 0.190757 0.870739
vt 0.190647 0.850999
vt 0.575720 0.878426
vt 0.588539 0.876424
vt 0.576978 0.897010
vt 0.874197 0.925404
vt 0.881707 0.915792
vt 0.881238 0.931887
vt 0.573006 0.861491
vt 0.578320 0.859210
vt 0.566151 0.878111
vt 0.454966 0.474003
vt 0.448439 0.486586
vt 0.453093 0.471380
vt 0.475123 0.470393
vt 0.464821 0.480803
vt 0.193499 0.471380
vt 0.171269 0.471984
vt 0.179275 0.453982
vt 0.520062 0.085620
vt 0.512801 0.065670
vt 0.532813 0.073590
vt 0.209248 0.454464
vt 0.538803 0.094539
vt 0.181492 0.483836
vt 0.986437 0.934033
vt 0.954955 0.933076
vt 0.965155 0.911211
vt 0.594968 0.418881
vt 0.592686 0.424361
vt 0.586467 0.386506
vt 0.608776 0.442034
vt 0.609939 0.431102
vt 0.607884 0.395245
vt 0.194702 0.677436
vt 0.191284 0.659203
vt 0.200383 0.660148
vt 0.205476 0.667915
vt 0.204668 0.678541
vt 0.193306 0.684362
vt 0.190864 0.675855
vt 0.173236 0.980019
vt 0.191505 0.959691
vt 0.200793 0.975463
vt 0.179544 0.990898
vt 0.148181 0.994782
vt 0.167730 0.968879
vt 0.142729 0.981858
vt 0.412197 0.783731
vt 0.434863 0.793016
vt 0.413649 0.798214
vt 0.416761 0.770248
vt 0.259189 0.109214
vt 0.270762 0.113873
vt 0.260263 0.113167
vt 0.405668 0.781161
vt 0.678062 0.286977
vt 0.637265 0.281404
vt 0.682550 0.275822
vt 0.512903 0.670886
vt 0.494593 0.662744
vt 0.631294 0.297859
vt 0.665995 0.306936
vt 0.700419 0.299305
vt 0.684789 0.328607
vt 0.374139 0.058846
vt 0.372233 0.073184
vt 0.357904 0.070658
vt 0.362366 0.054213
vt 0.383960 0.049804
vt 0.834021 0.625571
vt 0.204750 0.710886
vt 0.217085 0.706204
vt 0.219435 0.712152
vt 0.221567 0.724079
vt 0.205369 0.725437
vt 0.221100 0.718687
vt 0.199325 0.697324
vt 0.192788 0.709100
vt 0.191237 0.768833
vt 0.180667 0.772438
vt 0.818546 0.203097
vt 0.176345 0.752812
vt 0.705479 0.452694
vt 0.682958 0.495221
vt 0.657812 0.488767
vt 0.730190 0.468494
vt 0.525625 0.932625
vt 0.524157 0.922105
vt 0.549944 0.922893
vt 0.549184 0.933100
vt 0.527715 0.946084
vt 0.510487 0.933208
vt 0.525464 0.274476
vt 0.533876 0.277530
vt 0.520421 0.285849
vt 0.514005 0.269715
vt 0.534666 0.263255
vt 0.523430 0.252953
vt 0.560807 0.560476
vt 0.573608 0.575598
vt 0.546213 0.578350
vt 0.551469 0.546162
vt 0.561750 0.545492
vt 0.543125 0.566791
vt 0.463792 0.397294
vt 0.464573 0.425753
vt 0.448828 0.414137
vt 0.446706 0.386035
vt 0.476336 0.410482
vt 0.229193 0.817124
vt 0.240510 0.825606
vt 0.223209 0.822032
vt 0.241476 0.816857
vt 0.217725 0.816329
vt 0.991469 0.948757
vt 0.993384 0.943358
vt 0.994796 0.957175
vt 0.006118 0.217824
vt 0.000635 0.221808
vt 0.001237 0.212478
vt 0.991372 0.033780
vt 0.996258 0.048818
vt 0.987638 0.044249
vt 0.099412 0.916860
vt 0.095859 0.939175
vt 0.087251 0.929901
vt 0.067247 0.093916
vt 0.066042 0.064157
vt 0.089992 0.083300
vt 0.108136 0.924230
vt 0.085493 0.914971
vt 0.896173 0.771435
vt 0.885399 0.779912
vt 0.891817 0.766876
vt 0.902527 0.771456
vt 0.890543 0.785122
vt 0.903271 0.757529
vt 0.582697 0.003768
vt 0.548557 0.016194
vt 0.582392 0.002617
vt 0.586382 0.009429
vt 0.363591 0.754871
vt 0.380162 0.765091
vt 0.366338 0.775131
vt 0.343674 0.763508
vt 0.340296 0.736203
vt 0.383251 0.748076
vt 0.498185 0.549024
vt 0.475187 0.537294
vt 0.504481 0.526930
vt 0.360705 0.730393
vt 0.907677 0.946354
vt 0.903573 0.951382
vt 0.905779 0.945095
vt 0.909915 0.944556
vt 0.634222 0.815079
vt 0.634210 0.777447
vt 0.647665 0.776850
vt 0.065176 0.889702
vt 0.062866 0.882904
vt 0.073657 0.889423
vt 0.068843 0.898040
vt 0.488439 0.853742
vt 0.522050 0.875996
vt 0.485802 0.880929
vt 0.497576 0.843339
vt 0.520086 0.860042
vt 0.350210 0.549153
vt 0.356027 0.540885
vt 0.357871 0.548129
vt 0.342219 0.551848
vt 0.191366 0.499188
vt 0.207652 0.497392
vt 0.191813 0.506070
vt 0.788078 0.637586
vt 0.813733 0.649833
vt 0.425252 0.182601
vt 0.433387 0.176388
vt 0.441481 0.185962
vt 0.774051 0.647859
vt 0.782315 0.628245
vt 0.420023 0.178330
vt 0.432140 0.174594
vt 0.180231 0.531756
vt 0.194818 0.540058
vt 0.171171 0.541314
vt 0.161169 0.529732
vt 0.185418 0.519688
vt 0.560735 0.339702
vt 0.574151 0.330633
vt 0.587765 0.371252
vt 0.550404 0.337368
vt 0.558405 0.324663
vt 0.394605 0.836814
vt 0.350737 0.831064
vt 0.395663 0.820288
vt 0.020562 0.152833
vt 0.023659 0.170656
vt 0.021079 0.171260
vt 0.019232 0.130496
vt 0.024340 0.130046
vt 0.016902 0.152580
vt 0.023266 0.152347
vt 0.125147 0.014850
vt 0.126688 0.024132
vt 0.110174 0.016976
vt 0.127773 0.007143
vt 0.417188 0.955434
vt 0.425253 0.952211
vt 0.420683 0.959097
vt 0.413150 0.967303
vt 0.855402 0.065554
vt 0.847743 0.057615
vt 0.860090 0.050466
vt 0.873008 0.065443
vt 0.839809 0.068839
vt 0.158329 0.256280
vt 0.173675 0.269217
vt 0.153075 0.271479
vt 0.167386 0.244095
vt 0.172259 0.253113
vt 0.376430 0.969723
vt 0.371490 0.976800
vt 0.365178 0.965993
vt 0.379630 0.960424
vt 0.383693 0.968058
vt 0.456282 0.870540
vt 0.445514 0.889965
vt 0.754647 0.687489
vt 0.724769 0.683841
vt 0.727857 0.668661
vt 0.757884 0.672778
vt 0.293500 0.294827
vt 0.307617 0.298056
vt 0.296726 0.325612
vt 0.278363 0.292749
vt 0.751064 0.702794
vt 0.136956 0.187082
vt 0.135636 0.194612
vt 0.117155 0.188644
vt 0.145258 0.192779
vt 0.117765 0.175265
vt 0.137290 0.171655
vt 0.797571 0.116599
vt 0.807936 0.114926
vt 0.805719 0.121377
vt 0.145970 0.186335
vt 0.802168 0.094531
vt 0.577214 0.615627
vt 0.583482 0.615971
vt 0.580872 0.674712
vt 0.567620 0.601719
vt 0.584709 0.608275
vt 0.574941 0.674580
vt 0.564524 0.615344
vt 0.858996 0.569752
vt 0.860839 0.563685
vt 0.073978 0.676401
vt 0.083808 0.663321
vt 0.095841 0.677208
vt 0.079355 0.688669
vt 0.064872 0.685155
vt 0.058252 0.667272
vt 0.495173 0.459118
vt 0.506437 0.478826
vt 0.488470 0.483679
vt 0.770778 0.736443
vt 0.775914 0.732441
vt 0.786529 0.757132
vt 0.128246 0.681833
vt 0.125511 0.674323
vt 0.134334 0.678428
vt 0.770713 0.725699
vt 0.108519 0.692632
vt 0.779940 0.759180
vt 0.554175 0.237787
vt 0.542395 0.232371
vt 0.558095 0.222529
vt 0.537127 0.246833
vt 0.568956 0.236103
vt 0.566065 0.249116
vt 0.549183 0.254721
vt 0.652609 0.466268
vt 0.630816 0.470342
vt 0.645522 0.453092
vt 0.674345 0.469981
vt 0.446158 0.632687
vt 0.436933 0.648540
vt 0.437171 0.628120
vt 0.649330 0.478425
vt 0.931318 0.490221
vt 0.957969 0.495353
vt 0.956949 0.513010
vt 0.914542 0.490355
vt 0.927767 0.471260
vt 0.929347 0.507671
vt 0.917016 0.496184
vt 0.287741 0.286319
vt 0.270588 0.294986
vt 0.271146 0.284200
vt 0.900418 0.338296
vt 0.957041 0.367628
vt 0.897703 0.369329
vt 0.900137 0.317759
vt 0.958855 0.336600
vt 0.226510 0.975381
vt 0.235661 0.947217
vt 0.236867 0.975203
vt 0.629224 0.019544
vt 0.629224 0.003833
vt 0.657529 0.013807
vt 0.288379 0.121509
vt 0.274090 0.129400
vt 0.270827 0.115579
vt 0.293318 0.133602
vt 0.285241 0.116070
vt 0.300154 0.107866
vt 0.303926 0.112792
vt 0.316450 0.551294
vt 0.317931 0.568277
vt 0.313233 0.572135
vt 0.330198 0.550155
vt 0.313098 0.531434
vt 0.307412 0.568433
vt 0.303125 0.551469
vt 0.916707 0.233994
vt 0.916198 0.248574
vt 0.907727 0.235524
vt 0.909733 0.222386
vt 0.925736 0.247218
vt 0.924556 0.235383
vt 0.027959 0.527291
vt 0.031903 0.534375
vt 0.020207 0.538387
vt 0.915784 0.221329
vt 0.845362 0.424547
vt 0.839273 0.409428
vt 0.859543 0.411775
vt 0.835956 0.462741
vt 0.827296 0.433199
vt 0.491238 0.468359
vt 0.474844 0.445102
vt 0.854773 0.459183
vt 0.498884 0.441855
vt 0.696825 0.086380
vt 0.703032 0.090067
vt 0.699428 0.093255
vt 0.281667 0.415531
vt 0.271485 0.413483
vt 0.281425 0.402774
vt 0.286447 0.414806
vt 0.281461 0.425199
vt 0.278099 0.428758
vt 0.967971 0.842439
vt 0.977629 0.848599
vt 0.948095 0.851481
vt 0.960883 0.834889
vt 0.938886 0.285964
vt 0.954209 0.270862
vt 0.923736 0.702632
vt 0.926053 0.689493
vt 0.935934 0.706798
vt 0.670706 0.083349
vt 0.678312 0.063772
vt 0.683315 0.083789
vt 0.672732 0.102976
vt 0.656845 0.096245
vt 0.660103 0.078765
vt 0.930690 0.916183
vt 0.909426 0.910827
vt 0.911356 0.900401
vt 0.940124 0.904449
vt 0.169356 0.823011
vt 0.162623 0.815989
vt 0.176388 0.814301
vt 0.923704 0.925769
vt 0.178193 0.819446
vt 0.159689 0.829332
vt 0.052874 0.509508
vt 0.045408 0.519881
vt 0.037070 0.507456
vt 0.046920 0.495282
vt 0.059912 0.503442
vt 0.058489 0.523998
vt 0.068550 0.515391
vt 0.048178 0.335316
vt 0.056217 0.338564
vt 0.051972 0.345077
vt 0.031958 0.352014
vt 0.041263 0.327755
vt 0.055764 0.323825
vt 0.057217 0.655543
vt 0.032294 0.647833
vt 0.046615 0.623027
vt 0.042491 0.674635
vt 0.943413 0.903526
vt 0.950963 0.878063
vt 0.066326 0.630781
vt 0.930447 0.924044
vt 0.792929 0.756081
vt 0.779987 0.719476
vt 0.785731 0.735183
vt 0.769476 0.714435
vt 0.773188 0.718766
vt 0.650434 0.181953
vt 0.660370 0.198530
vt 0.647756 0.201671
vt 0.191938 0.264307
vt 0.210432 0.267942
vt 0.201138 0.279773
vt 0.671029 0.181278
vt 0.500825 0.789986
vt 0.485925 0.751833
vt 0.500825 0.752518
vt 0.484392 0.789149
vt 0.519061 0.789355
vt 0.690721 0.018591
vt 0.669562 0.015701
vt 0.675016 0.005413
vt 0.712332 0.026345
vt 0.697098 0.044496
vt 0.680582 0.034300
vt 0.715112 0.005838
vt 0.691368 0.007470
vt 0.157720 0.380971
vt 0.165630 0.390242
vt 0.147740 0.385493
vt 0.156314 0.347414
vt 0.171824 0.355314
vt 0.169737 0.385664
vt 0.420281 0.163310
vt 0.433576 0.168062
vt 0.418637 0.174047
vt 0.411953 0.164227
vt 0.423714 0.153790
vt 0.409512 0.176993
vt 0.436952 0.155458
vt 0.313655 0.956283
vt 0.318842 0.946684
vt 0.324218 0.959321
vt 0.303351 0.959508
vt 0.306260 0.948604
vt 0.317746 0.964692
vt 0.932099 0.564920
vt 0.933798 0.546965
vt 0.950810 0.565403
vt 0.308807 0.327837
vt 0.320657 0.327631
vt 0.303729 0.367290
vt 0.288540 0.366374
vt 0.150665 0.540129
vt 0.157515 0.557134
vt 0.116250 0.087327
vt 0.119924 0.091793
vt 0.114164 0.093165
vt 0.117887 0.085710
vt 0.114378 0.080025
vt 0.104943 0.079569
vt 0.570121 0.315261
vt 0.584428 0.326691
vt 0.442981 0.329100
vt 0.428749 0.317112
vt 0.449723 0.316041
vt 0.984652 0.148260
vt 0.989068 0.165217
vt 0.970264 0.155703
vt 0.427575 0.330052
vt 0.460914 0.326012
vt 0.440537 0.342609
vt 0.999996 0.161099
vt 0.767888 0.702477
vt 0.759354 0.722613
vt 0.754070 0.703046
vt 0.269580 0.625782
vt 0.274086 0.642311
vt 0.254099 0.635555
vt 0.244765 0.614203
vt 0.255227 0.606612
vt 0.278576 0.607574
vt 0.291769 0.618558
vt 0.806788 0.276953
vt 0.801372 0.302795
vt 0.783078 0.292247
vt 0.789082 0.269149
vt 0.815873 0.261100
vt 0.830550 0.274965
vt 0.011683 0.327939
vt 0.002609 0.329749
vt 0.108319 0.636557
vt 0.092731 0.641781
vt 0.090300 0.628889
vt 0.107515 0.624291
vt 0.120280 0.631659
vt 0.122654 0.643427
vt 0.109732 0.648720
vt 0.618192 0.227072
vt 0.609420 0.213419
vt 0.629782 0.203811
vt 0.632066 0.239422
vt 0.601466 0.237037
vt 0.589628 0.224935
vt 0.643474 0.220287
vt 0.756482 0.427368
vt 0.754273 0.429578
vt 0.746097 0.415376
vt 0.789872 0.389666
vt 0.774954 0.439340
vt 0.774145 0.441076
vt 0.419356 0.753689
vt 0.401041 0.767235
vt 0.437931 0.743241
vt 0.428272 0.764385
vt 0.408638 0.750350
vt 0.431766 0.731077
vt 0.070461 0.360498
vt 0.080227 0.360515
vt 0.069604 0.374751
vt 0.054436 0.374528
vt 0.061472 0.347258
vt 0.071786 0.349889
vt 0.056054 0.362254
vt 0.079797 0.347034
vt 0.451602 0.160859
vt 0.470617 0.158476
vt 0.458037 0.170824
vt 0.441197 0.165979
vt 0.480204 0.161448
vt 0.496718 0.172164
vt 0.487028 0.184625
vt 0.456298 0.172060
vt 0.496161 0.153243
vt 0.504308 0.090518
vt 0.509647 0.075148
vt 0.514645 0.089647
vt 0.493866 0.088744
vt 0.497426 0.080535
vt 0.509746 0.100181
vt 0.500955 0.099809
vt 0.435426 0.033098
vt 0.461342 0.026154
vt 0.444988 0.055475
vt 0.234453 0.260078
vt 0.216529 0.250162
vt 0.228261 0.246111
vt 0.247924 0.254663
vt 0.221797 0.266680
vt 0.415498 0.040655
vt 0.260769 0.037353
vt 0.279687 0.097048
vt 0.255552 0.096987
vt 0.238752 0.037595
vt 0.414428 0.511880
vt 0.404766 0.519589
vt 0.400901 0.512347
vt 0.480273 0.966758
vt 0.471241 0.994556
vt 0.470376 0.963366
vt 0.588220 0.955989
vt 0.599832 0.955989
vt 0.597963 0.985829
vt 0.280599 0.037916
vt 0.036831 0.068035
vt 0.031428 0.065589
vt 0.033686 0.064364
vt 0.192604 0.943884
vt 0.199370 0.923332
vt 0.195219 0.954709
vt 0.352715 0.346230
vt 0.181521 0.922743
vt 0.216962 0.010397
vt 0.208960 0.013309
vt 0.210671 0.001976
vt 0.311817 0.003704
vt 0.311491 0.022359
vt 0.300027 0.001428
vt 0.529651 0.955521
vt 0.550672 0.944525
vt 0.434499 0.909026
vt 0.434574 0.932068
vt 0.424647 0.910775
vt 0.556233 0.954844
vt 0.747484 0.490738
vt 0.754676 0.514145
vt 0.696322 0.524985
vt 0.696704 0.506492
vt 0.367902 0.309237
vt 0.378227 0.295605
vt 0.381401 0.310652
vt 0.603620 0.266213
vt 0.590386 0.253394
vt 0.596895 0.242644
vt 0.959951 0.149620
vt 0.941400 0.142397
vt 0.958344 0.128588
vt 0.961130 0.896022
vt 0.973267 0.901346
vt 0.964197 0.901818
vt 0.593517 0.273617
vt 0.968112 0.135662
vt 0.946774 0.159847
vt 0.993619 0.103693
vt 0.958069 0.103693
vt 0.965822 0.089554
vt 0.031106 0.317478
vt 0.046701 0.308551
vt 0.182467 0.990910
vt 0.200413 0.977872
vt 0.205065 0.991479
vt 0.024994 0.329108
vt 0.033763 0.298483
vt 0.079604 0.327732
vt 0.070315 0.321261
vt 0.070699 0.309673
vt 0.070906 0.339990
vt 0.747234 0.955942
vt 0.756686 0.962750
vt 0.746852 0.967472
vt 0.736959 0.944569
vt 0.731598 0.963966
vt 0.025289 0.476131
vt 0.000165 0.462204
vt 0.005458 0.448025
vt 0.358892 0.632897
vt 0.301005 0.616569
vt 0.309386 0.597043
vt 0.355618 0.643706
vt 0.359294 0.691398
vt 0.326404 0.737340
vt 0.348064 0.691105
vt 0.247120 0.369172
vt 0.247960 0.383479
vt 0.235469 0.377229
vt 0.227996 0.365634
vt 0.241426 0.353812
vt 0.260065 0.379641
vt 0.257750 0.355872
vt 0.264776 0.370638
vt 0.086168 0.751563
vt 0.098451 0.769774
vt 0.083537 0.777764
vt 0.720196 0.053264
vt 0.728118 0.040852
vt 0.747027 0.052214
vt 0.071747 0.758120
vt 0.077405 0.733560
vt 0.703606 0.041970
vt 0.738336 0.065547
vt 0.600422 0.915700
vt 0.588306 0.907619
vt 0.595452 0.900473
vt 0.611126 0.892069
vt 0.616369 0.912853
vt 0.600915 0.936158
vt 0.589031 0.927834
vt 0.709971 0.161602
vt 0.700560 0.123859
vt 0.735375 0.149734
vt 0.696626 0.183556
vt 0.673476 0.141683
vt 0.687969 0.129824
vt 0.699484 0.729198
vt 0.698484 0.746275
vt 0.690615 0.716032
vt 0.706775 0.738634
vt 0.704629 0.713226
vt 0.009535 0.674061
vt 0.007959 0.653766
vt 0.678273 0.981941
vt 0.659865 0.994710
vt 0.653155 0.985476
vt 0.666465 0.958537
vt 0.009354 0.639287
vt 0.872894 0.497145
vt 0.876934 0.508777
vt 0.867359 0.501003
vt 0.865664 0.492518
vt 0.879062 0.487203
vt 0.881869 0.497243
vt 0.403310 0.250947
vt 0.402840 0.231463
vt 0.423144 0.243802
vt 0.391680 0.240743
vt 0.868525 0.068462
vt 0.873019 0.070512
vt 0.861314 0.084613
vt 0.403482 0.257143
vt 0.856363 0.074640
vt 0.681187 0.778455
vt 0.678360 0.816003
vt 0.665204 0.776243
vt 0.516236 0.750542
vt 0.531378 0.750730
vt 0.536714 0.788156
vt 0.693046 0.817597
vt 0.697773 0.778156
vt 0.070152 0.242352
vt 0.059847 0.221815
vt 0.075318 0.224813
vt 0.079902 0.256793
vt 0.064453 0.256666
vt 0.080095 0.240463
vt 0.054132 0.242696
vt 0.819283 0.641321
vt 0.840627 0.645772
vt 0.844710 0.734521
vt 0.820801 0.735216
vt 0.802968 0.732270
vt 0.786333 0.721115
vt 0.263728 0.470805
vt 0.263560 0.503196
vt 0.247843 0.498319
vt 0.266419 0.434489
vt 0.278422 0.467184
vt 0.346991 0.965749
vt 0.341160 0.961562
vt 0.348177 0.949910
vt 0.279945 0.497848
vt 0.895912 0.473099
vt 0.888427 0.434594
vt 0.913318 0.467533
vt 0.496378 0.365476
vt 0.489694 0.343623
vt 0.514661 0.357065
vt 0.504021 0.382874
vt 0.473501 0.350155
vt 0.047838 0.975340
vt 0.081905 0.964181
vt 0.082551 0.979603
vt 0.048579 0.993222
vt 0.150983 0.200995
vt 0.142508 0.204448
vt 0.204870 0.026914
vt 0.191291 0.034118
vt 0.187665 0.022432
vt 0.213185 0.034732
vt 0.208013 0.035586
vt 0.206676 0.014539
vt 0.216123 0.023586
vt 0.201162 0.016965
vt 0.276486 0.208293
vt 0.213366 0.137884
vt 0.225063 0.149041
vt 0.206117 0.149842
vt 0.284621 0.180008
vt 0.228282 0.856467
vt 0.213529 0.869130
vt 0.476347 0.750347
vt 0.467594 0.746913
vt 0.473326 0.732113
vt 0.500506 0.836731
vt 0.521539 0.857982
vt 0.498525 0.842098
vt 0.486189 0.831177
vt 0.501445 0.833069
vt 0.468451 0.757105
vt 0.510938 0.249505
vt 0.498160 0.262514
vt 0.495947 0.243050
vt 0.513079 0.230212
vt 0.524331 0.240858
vt 0.570654 0.742149
vt 0.578587 0.780479
vt 0.559728 0.744875
vt 0.582671 0.738985
vt 0.592100 0.776804
vt 0.622158 0.778035
vt 0.622634 0.815155
vt 0.608862 0.778728
vt 0.465137 0.000023
vt 0.477878 0.009280
vt 0.456668 0.012444
vt 0.055625 0.712449
vt 0.068815 0.737065
vt 0.046882 0.722868
vt 0.068623 0.710208
vt 0.628317 0.434396
vt 0.627074 0.439716
vt 0.636250 0.420937
vt 0.646410 0.430657
vt 0.053203 0.780288
vt 0.057071 0.789634
vt 0.041077 0.794996
vt 0.773499 0.976165
vt 0.784566 0.981325
vt 0.772168 0.982087
vt 0.048941 0.596877
vt 0.061274 0.626945
vt 0.045380 0.621242
vt 0.048466 0.586760
vt 0.059741 0.595114
vt 0.094941 0.403482
vt 0.106266 0.393595
vt 0.083337 0.382733
vt 0.044252 0.881938
vt 0.039734 0.890934
vt 0.422971 0.848630
vt 0.431429 0.849903
vt 0.049350 0.876884
vt 0.417153 0.845803
vt 0.547619 0.886570
vt 0.543894 0.871460
vt 0.540869 0.898167
vt 0.552594 0.878430
vt 0.562768 0.884768
vt 0.552467 0.899525
vt 0.928674 0.728046
vt 0.917938 0.730158
vt 0.921960 0.715981
vt 0.155989 0.306390
vt 0.163696 0.286894
vt 0.173952 0.307931
vt 0.137904 0.319829
vt 0.144001 0.290825
vt 0.173285 0.312557
vt 0.944165 0.031719
vt 0.967049 0.030398
vt 0.966013 0.046147
vt 0.927057 0.030945
vt 0.928747 0.021434
vt 0.942650 0.042606
vt 0.944383 0.021555
vt 0.188385 0.783823
vt 0.196289 0.782534
vt 0.194480 0.798074
vt 0.184214 0.796190
vt 0.669825 0.517754
vt 0.202007 0.134331
vt 0.219618 0.125310
vt 0.221322 0.138437
vt 0.946096 0.428808
vt 0.946931 0.410648
vt 0.956801 0.421857
vt 0.189100 0.148186
vt 0.194749 0.129272
vt 0.206362 0.122895
vt 0.960751 0.438250
vt 0.720197 0.443545
vt 0.735585 0.398662
vt 0.741851 0.422933
vt 0.418711 0.427117
vt 0.421504 0.410419
vt 0.441570 0.434327
vt 0.412743 0.463442
vt 0.399001 0.456945
vt 0.401038 0.409607
vt 0.428788 0.453493
vt 0.739341 0.464320
vt 0.107074 0.121317
vt 0.099864 0.138264
vt 0.075462 0.115581
vt 0.005539 0.370880
vt 0.000650 0.341076
vt 0.010945 0.338699
vt 0.020566 0.370313
vt 0.831720 0.012546
vt 0.529576 0.057978
vt 0.515665 0.041306
vt 0.531969 0.039833
vt 0.549259 0.058184
vt 0.647282 0.070999
vt 0.653638 0.056177
vt 0.663831 0.060936
vt 0.644134 0.090649
vt 0.636383 0.063095
vt 0.632239 0.081967
vt 0.423243 0.346734
vt 0.395059 0.341610
vt 0.412395 0.332879
vt 0.391067 0.488041
vt 0.408208 0.478533
vt 0.393455 0.498983
vt 0.378349 0.506345
vt 0.375419 0.496908
vt 0.388252 0.478116
vt 0.401679 0.468550
vt 0.177100 0.357516
vt 0.181884 0.339019
vt 0.207856 0.346460
vt 0.782984 0.328624
vt 0.791723 0.316784
vt 0.815530 0.375899
vt 0.790715 0.385392
vt 0.768412 0.335655
vt 0.701936 0.081206
vt 0.717329 0.084145
vt 0.681235 0.548493
vt 0.656193 0.545658
vt 0.645893 0.520511
vt 0.642011 0.502859
vt 0.395888 0.174079
vt 0.381049 0.155079
vt 0.402332 0.154237
vt 0.179733 0.429250
vt 0.179958 0.414503
vt 0.195052 0.412964
vt 0.374623 0.170094
vt 0.170303 0.424406
vt 0.373020 0.187524
vt 0.766137 0.783340
vt 0.741649 0.792212
vt 0.785665 0.851252
vt 0.751557 0.846073
vt 0.787915 0.786715
vt 0.780703 0.773134
vt 0.371104 0.216114
vt 0.356437 0.227674
vt 0.697673 0.953754
vt 0.714518 0.934296
vt 0.720443 0.944803
vt 0.849998 0.236359
vt 0.848036 0.266159
vt 0.830267 0.251915
vt 0.838113 0.219368
vt 0.151001 0.525824
vt 0.148482 0.552681
vt 0.133866 0.528339
vt 0.137858 0.516421
vt 0.694836 0.941326
vt 0.870822 0.952365
vt 0.882710 0.956362
vt 0.864913 0.975206
vt 0.851304 0.967420
vt 0.856418 0.945060
vt 0.344367 0.908021
vt 0.356396 0.908468
vt 0.352261 0.917335
vt 0.334376 0.912306
vt 0.330885 0.906504
vt 0.338873 0.898831
vt 0.355034 0.899184
vt 0.721261 0.180254
vt 0.724716 0.216552
vt 0.732565 0.190377
vt 0.670755 0.932014
vt 0.666583 0.947586
vt 0.666207 0.929910
vt 0.677169 0.933226
vt 0.672926 0.968791
vt 0.538068 0.690265
vt 0.563165 0.690053
vt 0.565945 0.711085
vt 0.557563 0.724635
vt 0.518582 0.706433
vt 0.954238 0.860085
vt 0.952928 0.877377
vt 0.942922 0.871401
vt 0.987597 0.047458
vt 0.995489 0.049828
vt 0.988019 0.052281
vt 0.960058 0.860019
vt 0.119369 0.321296
vt 0.137122 0.326491
vt 0.120217 0.330228
vt 0.105180 0.308561
vt 0.121364 0.308867
vt 0.104347 0.323186
vt 0.136932 0.318866
vt 0.546319 0.113760
vt 0.537078 0.098556
vt 0.559808 0.094143
vt 0.521749 0.122741
vt 0.529634 0.104909
vt 0.570054 0.122643
vt 0.530945 0.138411
vt 0.134800 0.577473
vt 0.119800 0.560608
vt 0.136049 0.556196
vt 0.137390 0.592873
vt 0.148512 0.590468
vt 0.146957 0.575849
vt 0.756567 0.890417
vt 0.772755 0.872646
vt 0.772728 0.894836
vt 0.748564 0.870266
vt 0.759745 0.908907
vt 0.745869 0.903221
vt 0.733308 0.888793
vt 0.691924 0.613079
vt 0.693066 0.623878
vt 0.675825 0.622998
vt 0.040246 0.230642
vt 0.012432 0.216071
vt 0.045706 0.219851
vt 0.682880 0.605025
vt 0.699545 0.604517
vt 0.029537 0.237219
vt 0.459030 0.090342
vt 0.455064 0.095404
vt 0.458096 0.083862
vt 0.995550 0.195982
vt 0.997837 0.199944
vt 0.995409 0.204018
vt 0.462670 0.085340
vt 0.561343 0.132823
vt 0.565156 0.139661
vt 0.557932 0.141329
vt 0.223746 0.696024
vt 0.224267 0.689168
vt 0.226765 0.688524
vt 0.228861 0.700377
vt 0.636524 0.987221
vt 0.640837 0.986016
vt 0.641102 0.989034
vt 0.640668 0.992987
vt 0.580588 0.256727
vt 0.561531 0.270693
vt 0.579735 0.282807
vt 0.565221 0.822987
vt 0.558495 0.785717
vt 0.575848 0.821133
vt 0.545092 0.788444
vt 0.578663 0.851496
vt 0.574359 0.851809
vt 0.553188 0.826382
vt 0.267097 0.842885
vt 0.281728 0.819535
vt 0.283370 0.829138
vt 0.088196 0.429967
vt 0.090964 0.436018
vt 0.078846 0.435162
vt 0.095151 0.431265
vt 0.079872 0.415201
vt 0.096026 0.423730
vt 0.076852 0.430206
vt 0.401789 0.890475
vt 0.412775 0.910775
vt 0.402950 0.910702
vt 0.748128 0.541055
vt 0.659599 0.599254
vt 0.490187 0.206812
vt 0.476082 0.218957
vt 0.479659 0.204949
vt 0.487761 0.192012
vt 0.203928 0.794582
vt 0.206004 0.766999
vt 0.045279 0.563945
vt 0.053672 0.546806
vt 0.057704 0.556503
vt 0.057189 0.569124
vt 0.120714 0.446498
vt 0.873669 0.160837
vt 0.873547 0.164641
vt 0.858067 0.161811
vt 0.867802 0.149148
vt 0.882351 0.143071
vt 0.889280 0.153216
vt 0.414803 0.563855
vt 0.390270 0.591664
vt 0.367096 0.585594
vt 0.524103 0.328232
vt 0.527737 0.343394
vt 0.474419 0.327410
vt 0.428443 0.582582
vt 0.100596 0.221709
vt 0.108371 0.210977
vt 0.095803 0.232797
vt 0.086864 0.207079
vt 0.599927 0.063356
vt 0.592481 0.073508
vt 0.583780 0.048813
vt 0.314155 0.960168
vt 0.314155 0.988403
vt 0.303508 0.988101
vt 0.268060 0.274432
vt 0.280985 0.267908
vt 0.242034 0.276074
vt 0.266825 0.267505
vt 0.283044 0.253086
vt 0.239231 0.267979
vt 0.226285 0.177811
vt 0.214268 0.193033
vt 0.229173 0.200476
vt 0.242468 0.184339
vt 0.222303 0.164000
vt 0.239926 0.163904
vt 0.445806 0.598033
vt 0.442822 0.583609
vt 0.491447 0.587928
vt 0.493515 0.601606
vt 0.449669 0.611024
vt 0.222621 0.570252
vt 0.213257 0.599670
vt 0.214001 0.573144
vt 0.265171 0.012012
vt 0.276285 0.014990
vt 0.263985 0.036093
vt 0.247258 0.017223
vt 0.681708 0.921059
vt 0.685766 0.926243
vt 0.678001 0.934008
vt 0.219201 0.562175
vt 0.143790 0.235510
vt 0.146162 0.209891
vt 0.153094 0.200350
vt 0.526546 0.977233
vt 0.511241 0.973611
vt 0.523909 0.956960
vt 0.916103 0.075872
vt 0.920480 0.087442
vt 0.905678 0.079037
vt 0.530610 0.993089
vt 0.519780 0.985766
vt 0.907553 0.061827
vt 0.536451 0.968112
vt 0.730408 0.620894
vt 0.761205 0.606050
vt 0.761443 0.620627
vt 0.731082 0.632686
vt 0.309631 0.094664
vt 0.756458 0.687851
vt 0.167835 0.403229
vt 0.171955 0.392184
vt 0.172285 0.403048
vt 0.760020 0.662109
vt 0.791625 0.541556
vt 0.797770 0.585494
vt 0.784875 0.566143
vt 0.945599 0.540631
vt 0.943629 0.409451
vt 0.922459 0.396249
vt 0.935132 0.390106
vt 0.945392 0.426786
vt 0.915470 0.425629
vt 0.958542 0.544215
vt 0.955649 0.529764
vt 0.915744 0.406649
vt 0.726146 0.399006
vt 0.942015 0.174496
vt 0.951662 0.713307
vt 0.963058 0.714498
vt 0.960210 0.721658
vt 0.958174 0.726557
vt 0.946833 0.722541
vt 0.955750 0.709238
vt 0.939223 0.713581
vt 0.943082 0.708489
vt 0.657460 0.668852
vt 0.629946 0.685262
vt 0.629466 0.665270
vt 0.674796 0.669096
vt 0.654706 0.684886
vt 0.429996 0.800709
vt 0.439906 0.824803
vt 0.236504 0.674770
vt 0.252640 0.667723
vt 0.284468 0.716618
vt 0.249408 0.692304
vt 0.282998 0.510878
vt 0.868114 0.434143
vt 0.885668 0.417358
vt 0.265003 0.514821
vt 0.247349 0.514340
vt 0.900105 0.951376
vt 0.902590 0.973972
vt 0.898465 0.971516
vt 0.445150 0.472757
vt 0.433110 0.476979
vt 0.434561 0.471693
vt 0.457288 0.444976
vt 0.082701 0.481806
vt 0.059856 0.476208
vt 0.080531 0.452801
vt 0.967145 0.519925
vt 0.958631 0.504818
vt 0.977303 0.498022
vt 0.984745 0.512190
vt 0.106376 0.458137
vt 0.058884 0.816315
vt 0.075705 0.830960
vt 0.064207 0.844664
vt 0.325783 0.078561
vt 0.358341 0.072336
vt 0.343547 0.087226
vt 0.123241 0.497007
vt 0.120643 0.355712
vt 0.132778 0.377523
vt 0.126716 0.392860
vt 0.225742 0.546373
vt 0.245744 0.529942
vt 0.231458 0.561393
vt 0.129819 0.355460
vt 0.721387 0.266959
vt 0.708442 0.256526
vt 0.728057 0.257666
vt 0.047212 0.993720
vt 0.011848 0.987333
vt 0.015888 0.973033
vt 0.221278 0.536157
vt 0.215500 0.544839
vt 0.046376 0.973232
vt 0.540016 0.316092
vt 0.518237 0.317047
vt 0.525711 0.305046
vt 0.961538 0.090304
vt 0.954034 0.111184
vt 0.951181 0.091344
vt 0.990558 0.911090
vt 0.981978 0.903120
vt 0.990016 0.899200
vt 0.545436 0.310654
vt 0.532196 0.324954
vt 0.986955 0.914483
vt 0.257273 0.951993
vt 0.263109 0.969765
vt 0.236971 0.957054
vt 0.262293 0.929961
vt 0.294977 0.955158
vt 0.046274 0.731073
vt 0.058834 0.732172
vt 0.046060 0.742524
vt 0.023107 0.731696
vt 0.209451 0.053338
vt 0.207338 0.065918
vt 0.201276 0.054075
vt 0.206456 0.043064
vt 0.220039 0.054954
vt 0.214942 0.061890
vt 0.220919 0.043549
vt 0.127496 0.802236
vt 0.146633 0.797751
vt 0.145273 0.809382
vt 0.764954 0.208974
vt 0.760531 0.193664
vt 0.779403 0.206911
vt 0.773508 0.224709
vt 0.130732 0.817618
vt 0.969328 0.136643
vt 0.980206 0.136216
vt 0.980753 0.142115
vt 0.959655 0.194576
vt 0.971039 0.180883
vt 0.969332 0.193682
vt 0.967435 0.124292
vt 0.972338 0.153004
vt 0.960616 0.152508
vt 0.959046 0.206839
vt 0.394090 0.281814
vt 0.393356 0.299873
vt 0.404034 0.292041
vt 0.377234 0.278097
vt 0.415911 0.277948
vt 0.409540 0.261875
vt 0.602411 0.818137
vt 0.605009 0.848350
vt 0.588148 0.819615
vt 0.611894 0.817142
vt 0.598542 0.780221
vt 0.078873 0.189452
vt 0.071865 0.186921
vt 0.414425 0.638075
vt 0.406398 0.656312
vt 0.402742 0.653915
vt 0.410716 0.637333
vt 0.409754 0.615502
vt 0.094912 0.565772
vt 0.102637 0.543709
vt 0.259725 0.244691
vt 0.263836 0.260372
vt 0.245515 0.241821
vt 0.278684 0.192559
vt 0.270897 0.165558
vt 0.291786 0.156823
vt 0.256919 0.230503
vt 0.274700 0.241929
vt 0.270783 0.255448
vt 0.098546 0.359328
vt 0.110723 0.345140
vt 0.091417 0.286625
vt 0.094908 0.278176
vt 0.906848 0.721212
vt 0.912419 0.733889
vt 0.183794 0.310238
vt 0.350199 0.968634
vt 0.366544 0.955212
vt 0.362436 0.974698
vt 0.364679 0.993367
vt 0.351275 0.956458
vt 0.502033 0.070398
vt 0.717470 0.880319
vt 0.715535 0.853325
vt 0.731245 0.860075
vt 0.727702 0.907274
vt 0.705875 0.898643
vt 0.702594 0.875160
vt 0.432693 0.540196
vt 0.407356 0.527216
vt 0.433243 0.532788
vt 0.699661 0.664146
vt 0.702227 0.650814
vt 0.407670 0.537040
vt 0.137354 0.112982
vt 0.163323 0.115656
vt 0.149783 0.136199
vt 0.131088 0.138340
vt 0.119217 0.114915
vt 0.125819 0.098468
vt 0.151086 0.096373
vt 0.828003 0.610535
vt 0.807844 0.620568
vt 0.815775 0.599481
vt 0.843388 0.601647
vt 0.568695 0.596551
vt 0.605134 0.030658
vt 0.611061 0.045706
vt 0.599748 0.040593
vt 0.638904 0.041023
vt 0.585618 0.045228
vt 0.294522 0.024361
vt 0.282687 0.021264
vt 0.232231 0.593012
vt 0.243837 0.597890
vt 0.234285 0.614807
vt 0.243675 0.572673
vt 0.253525 0.577563
vt 0.217290 0.591819
vt 0.236543 0.570611
vt 0.078403 0.513696
vt 0.090840 0.499469
vt 0.912995 0.130169
vt 0.900319 0.147835
vt 0.899080 0.130123
vt 0.927089 0.139091
vt 0.910381 0.161603
vt 0.708013 0.113967
vt 0.871184 0.685224
vt 0.886867 0.715263
vt 0.862277 0.712618
vt 0.373166 0.921483
vt 0.376400 0.908965
vt 0.366040 0.934065
vt 0.386492 0.928745
vt 0.862550 0.467341
vt 0.864315 0.452656
vt 0.878491 0.468863
vt 0.874953 0.476478
vt 0.870250 0.477395
vt 0.239369 0.387813
vt 0.218593 0.419410
vt 0.811902 0.436008
vt 0.793460 0.441512
vt 0.824907 0.428632
vt 0.087140 0.228933
vt 0.077596 0.879103
vt 0.080887 0.890278
vt 0.071150 0.881825
vt 0.095037 0.233423
vt 0.090912 0.240697
vt 0.096658 0.220413
vt 0.619097 0.558446
vt 0.601577 0.570004
vt 0.606111 0.539450
vt 0.352355 0.500486
vt 0.357634 0.521209
vt 0.337378 0.534229
vt 0.655208 0.550145
vt 0.619374 0.583798
vt 0.374863 0.499236
vt 0.928205 0.259070
vt 0.917683 0.261963
vt 0.907057 0.249576
vt 0.836393 0.408092
vt 0.836698 0.385024
vt 0.480329 0.487346
vt 0.465531 0.485642
vt 0.289321 0.387745
vt 0.280319 0.388551
vt 0.862912 0.213931
vt 0.857407 0.198682
vt 0.872743 0.196211
vt 0.299350 0.408891
vt 0.848901 0.206824
vt 0.284413 0.379788
vt 0.364645 0.318463
vt 0.355155 0.328092
vt 0.345922 0.292078
vt 0.662118 0.014193
vt 0.661136 0.024867
vt 0.392647 0.324879
vt 0.784321 0.948929
vt 0.788402 0.967239
vt 0.775738 0.954942
vt 0.293348 0.430302
vt 0.342444 0.945617
vt 0.355929 0.938513
vt 0.354021 0.949975
vt 0.036934 0.483738
vt 0.041712 0.486012
vt 0.021861 0.183872
vt 0.009133 0.170463
vt 0.012415 0.170489
vt 0.011149 0.183136
vt 0.009723 0.151920
vt 0.013383 0.152352
vt 0.026397 0.574283
vt 0.019012 0.559658
vt 0.028855 0.555968
vt 0.343460 0.068306
vt 0.347570 0.050516
vt 0.034966 0.566965
vt 0.325721 0.071479
vt 0.016384 0.577644
vt 0.690044 0.928080
vt 0.809515 0.197686
vt 0.802097 0.210117
vt 0.801000 0.189699
vt 0.814513 0.191346
vt 0.164979 0.750735
vt 0.165998 0.766400
vt 0.155293 0.763327
vt 0.383380 0.524180
vt 0.370332 0.529024
vt 0.380906 0.515605
vt 0.385733 0.531729
vt 0.375515 0.536062
vt 0.026737 0.039248
vt 0.930422 0.598576
vt 0.940765 0.565944
vt 0.949382 0.593151
vt 0.918373 0.605873
vt 0.917599 0.584374
vt 0.930292 0.616296
vt 0.942044 0.611716
vt 0.928633 0.570120
vt 0.168339 0.645868
vt 0.149804 0.640735
vt 0.183343 0.648119
vt 0.171159 0.661945
vt 0.164580 0.625844
vt 0.920114 0.699054
vt 0.926577 0.710067
vt 0.916198 0.696315
vt 0.456362 0.906531
vt 0.460365 0.904649
vt 0.924770 0.676692
vt 0.001586 0.599362
vt 0.001586 0.562716
vt 0.006206 0.579922
vt 0.481982 0.932852
vt 0.416416 0.907603
vt 0.988389 0.438058
vt 0.961336 0.450099
vt 0.960202 0.447669
vt 0.063561 0.284869
vt 0.059003 0.296475
vt 0.057628 0.290330
vt 0.995281 0.099134
vt 0.987057 0.099134
vt 0.989474 0.074892
vt 0.079941 0.303262
vt 0.053883 0.285709
vt 0.157996 0.492221
vt 0.162188 0.506739
vt 0.143114 0.501990
vt 0.135107 0.489902
vt 0.184295 0.499992
vt 0.139493 0.478016
vt 0.160613 0.477697
vt 0.851803 0.947150
vt 0.851681 0.959917
vt 0.830875 0.942629
vt 0.849646 0.924505
vt 0.618003 0.459134
vt 0.910461 0.491313
vt 0.902117 0.489893
vt 0.916273 0.502776
vt 0.907982 0.496702
vt 0.865114 0.411158
vt 0.865611 0.404879
vt 0.866649 0.410483
vt 0.906069 0.495282
vt 0.274814 0.333533
vt 0.258622 0.318395
vt 0.262924 0.306133
vt 0.163923 0.956515
vt 0.187527 0.945444
vt 0.269898 0.346608
vt 0.279096 0.317645
vt 0.589670 0.943168
vt 0.597769 0.953898
vt 0.588702 0.954851
vt 0.487101 0.104678
vt 0.477206 0.155721
vt 0.464173 0.147799
vt 0.499173 0.145622
vt 0.696578 0.314691
vt 0.704689 0.305017
vt 0.702253 0.317959
vt 0.472705 0.105247
vt 0.676410 0.342678
vt 0.689724 0.314074
vt 0.513234 0.159352
vt 0.522703 0.161084
vt 0.513508 0.195436
vt 0.521504 0.142687
vt 0.498525 0.189312
vt 0.501637 0.143761
vt 0.509294 0.139576
vt 0.946985 0.800190
vt 0.939014 0.779432
vt 0.946445 0.778196
vt 0.792425 0.496597
vt 0.809943 0.501751
vt 0.792003 0.521083
vt 0.942999 0.799705
vt 0.788414 0.501337
vt 0.810672 0.478434
vt 0.651788 0.984533
vt 0.650007 0.989659
vt 0.531278 0.350988
vt 0.532512 0.364776
vt 0.538369 0.365759
vt 0.535911 0.345358
vt 0.159523 0.576001
vt 0.171259 0.570796
vt 0.177831 0.577925
vt 0.172515 0.584905
vt 0.153278 0.586240
vt 0.934045 0.902538
vt 0.932722 0.897374
vt 0.939473 0.895939
vt 0.941846 0.903308
vt 0.970403 0.746166
vt 0.958812 0.760158
vt 0.958954 0.745047
vt 0.980253 0.743075
vt 0.978280 0.761317
vt 0.968730 0.762128
vt 0.097115 0.602536
vt 0.088778 0.603949
vt 0.629551 0.950796
vt 0.615121 0.959915
vt 0.613543 0.948198
vt 0.655330 0.948847
vt 0.646976 0.964167
vt 0.622426 0.930999
vt 0.645206 0.930837
vt 0.628532 0.967100
vt 0.100994 0.987801
vt 0.083265 0.977253
vt 0.100778 0.983704
vt 0.277583 0.989381
vt 0.281006 0.980524
vt 0.292720 0.994056
vt 0.182382 0.023790
vt 0.179679 0.027800
vt 0.187870 0.026826
vt 0.533072 0.823319
vt 0.525822 0.836466
vt 0.525091 0.813315
vt 0.542163 0.806019
vt 0.542587 0.821165
vt 0.534266 0.846244
vt 0.534337 0.807393
vt 0.013243 0.414832
vt 0.040902 0.392241
vt 0.040015 0.414832
vt 0.837580 0.969353
vt 0.812850 0.972358
vt 0.810506 0.953263
vt 0.134937 0.943333
vt 0.109211 0.914348
vt 0.140140 0.916568
vt 0.837864 0.990633
vt 0.160849 0.941435
vt 0.007410 0.388920
vt 0.093333 0.656433
vt 0.076025 0.647210
vt 0.095322 0.666665
vt 0.112747 0.657734
vt 0.580978 0.213827
vt 0.597860 0.196105
vt 0.476212 0.940545
vt 0.473544 0.953064
vt 0.449720 0.930414
vt 0.463559 0.933526
vt 0.424557 0.964218
vt 0.428725 0.981307
vt 0.107876 0.028322
vt 0.836818 0.050071
vt 0.829271 0.065890
vt 0.817736 0.052139
vt 0.379477 0.952943
vt 0.384902 0.942484
vt 0.442133 0.852154
vt 0.919670 0.442950
vt 0.330879 0.967069
vt 0.332684 0.946354
vt 0.944496 0.449108
vt 0.912668 0.942617
vt 0.940364 0.970087
vt 0.971183 0.964541
vt 0.962189 0.977991
vt 0.941640 0.981167
vt 0.206245 0.208090
vt 0.183744 0.201005
vt 0.514359 0.895646
vt 0.526359 0.863745
vt 0.225591 0.023271
vt 0.241986 0.017616
vt 0.239346 0.036648
vt 0.133304 0.018210
vt 0.135736 0.006334
vt 0.141104 0.021681
vt 0.126315 0.000657
vt 0.322647 0.937415
vt 0.308383 0.936414
vt 0.333680 0.928485
vt 0.333673 0.941741
vt 0.307587 0.927147
vt 0.317749 0.924273
vt 0.271875 0.687743
vt 0.331909 0.677583
vt 0.283398 0.708880
vt 0.275664 0.666320
vt 0.379522 0.012010
vt 0.385776 0.025413
vt 0.358198 0.027174
vt 0.027217 0.756563
vt 0.016088 0.762756
vt 0.008156 0.753817
vt 0.037811 0.765033
vt 0.025530 0.766604
vt 0.045008 0.753585
vt 0.026802 0.742070
vt 0.091129 0.540634
vt 0.091217 0.545758
vt 0.092865 0.532077
vt 0.100156 0.537668
vt 0.614698 0.076943
vt 0.624396 0.068041
vt 0.612606 0.068304
vt 0.622914 0.094963
vt 0.609916 0.093148
vt 0.313973 0.135000
vt 0.332886 0.168338
vt 0.273356 0.144779
vt 0.613842 0.536661
vt 0.507308 0.898254
vt 0.526170 0.900678
vt 0.521590 0.911337
vt 0.167771 0.137994
vt 0.171474 0.140290
vt 0.164134 0.146159
vt 0.156030 0.129082
vt 0.165463 0.119841
vt 0.175371 0.130950
vt 0.160510 0.140239
vt 0.250669 0.446454
vt 0.241994 0.426493
vt 0.272132 0.401160
vt 0.273503 0.426237
vt 0.734584 0.849804
vt 0.731051 0.795236
vt 0.738193 0.779418
vt 0.484890 0.038507
vt 0.469103 0.039877
vt 0.456875 0.013174
vt 0.487767 0.023481
vt 0.536372 0.015360
vt 0.979828 0.042955
vt 0.967541 0.052430
vt 0.466990 0.089683
vt 0.614016 0.846483
vt 0.588908 0.850297
vt 0.275601 0.791570
vt 0.275400 0.782046
vt 0.305646 0.787821
vt 0.279889 0.808075
vt 0.096639 0.440389
vt 0.078988 0.445336
vt 0.101763 0.430087
vt 0.104596 0.432431
vt 0.857493 0.267313
vt 0.857632 0.260955
vt 0.863668 0.256883
vt 0.006777 0.741566
vt 0.325956 0.013275
vt 0.342996 0.018791
vt 0.315794 0.040548
vt 0.876634 0.792449
vt 0.214213 0.682930
vt 0.213697 0.669536
vt 0.213526 0.697544
vt 0.392967 0.318543
vt 0.405570 0.308567
vt 0.010976 0.069742
vt 0.036048 0.069249
vt 0.033234 0.080002
vt 0.020181 0.089553
vt 0.006845 0.096860
vt 0.570972 0.697483
vt 0.580766 0.679649
vt 0.579367 0.702018
vt 0.574002 0.537585
vt 0.594875 0.551480
vt 0.579257 0.557755
vt 0.588304 0.538283
vt 0.893062 0.622303
vt 0.885984 0.633154
vt 0.883285 0.620643
vt 0.944737 0.250300
vt 0.940034 0.244585
vt 0.945210 0.243496
vt 0.944406 0.255990
vt 0.934345 0.254409
vt 0.949443 0.248545
vt 0.776628 0.545964
vt 0.771987 0.574192
vt 0.785383 0.521868
vt 0.626927 0.986469
vt 0.603052 0.977779
vt 0.629261 0.977081
vt 0.652622 0.983243
vt 0.601477 0.991168
vt 0.192288 0.881356
vt 0.167657 0.879914
vt 0.617428 0.858722
vt 0.627805 0.871587
vt 0.620894 0.886437
vt 0.587633 0.900754
vt 0.017282 0.011771
vt 0.018055 0.017616
vt 0.011259 0.017022
vt 0.008340 0.009214
vt 0.012349 0.004391
vt 0.155211 0.460174
vt 0.939936 0.824778
vt 0.969072 0.811582
vt 0.962520 0.822394
vt 0.076482 0.318480
vt 0.089596 0.308132
vt 0.088967 0.321977
vt 0.923721 0.812011
vt 0.943066 0.811959
vt 0.952683 0.260750
vt 0.950660 0.268306
vt 0.943293 0.262285
vt 0.886837 0.593013
vt 0.871641 0.604748
vt 0.869310 0.587821
vt 0.898966 0.610819
vt 0.885361 0.616700
vt 0.891698 0.581385
vt 0.630175 0.315964
vt 0.629427 0.332205
vt 0.615936 0.325120
vt 0.613365 0.312795
vt 0.645305 0.305208
vt 0.160728 0.792675
vt 0.175883 0.802036
vt 0.168698 0.802761
vt 0.173701 0.787000
vt 0.147359 0.771495
vt 0.686139 0.412805
vt 0.669572 0.429337
vt 0.868104 0.409948
vt 0.900267 0.482072
vt 0.872616 0.415497
vt 0.890963 0.488014
vt 0.891580 0.485148
vt 0.008497 0.210063
vt 0.021672 0.204360
vt 0.015372 0.196815
vt 0.853706 0.124290
vt 0.849614 0.148119
vt 0.871767 0.129320
vt 0.842585 0.118536
vt 0.535638 0.195595
vt 0.524984 0.196896
vt 0.534614 0.163777
vt 0.548268 0.186575
vt 0.156814 0.612094
vt 0.146784 0.622090
vt 0.142305 0.610725
vt 0.146305 0.602727
vt 0.161383 0.600583
vt 0.165148 0.607063
vt 0.982890 0.923598
vt 0.978385 0.914366
vt 0.549885 0.296674
vt 0.531170 0.292785
vt 0.545018 0.281492
vt 0.557470 0.286142
vt 0.566701 0.296866
vt 0.616693 0.726320
vt 0.627243 0.722700
vt 0.641662 0.757169
vt 0.570377 0.784434
vt 0.630329 0.761988
vt 0.582987 0.781891
vt 0.605723 0.731197
vt 0.247333 0.808714
vt 0.244465 0.794741
vt 0.867468 0.545385
vt 0.873863 0.546615
vt 0.867271 0.553622
vt 0.862861 0.543264
vt 0.876566 0.539267
vt 0.768417 0.000142
vt 0.768712 0.025524
vt 0.752621 0.013396
vt 0.973975 0.460335
vt 0.983826 0.478172
vt 0.966965 0.482933
vt 0.363055 0.137178
vt 0.390036 0.115418
vt 0.401114 0.132890
vt 0.387646 0.025568
vt 0.415990 0.014425
vt 0.407414 0.041013
vt 0.391935 0.000546
vt 0.370734 0.102231
vt 0.352346 0.112426
vt 0.386482 0.154157
vt 0.907680 0.759780
vt 0.899781 0.784051
vt 0.198404 0.646346
vt 0.910837 0.919033
vt 0.888442 0.910957
vt 0.896782 0.899438
vt 0.722177 0.564749
vt 0.750022 0.541882
vt 0.753400 0.557939
vt 0.693633 0.571342
vt 0.718355 0.550027
vt 0.823705 0.118007
vt 0.817366 0.129734
vt 0.815831 0.119984
vt 0.815259 0.094217
vt 0.829873 0.093072
vt 0.024350 0.914433
vt 0.041911 0.930808
vt 0.011651 0.932560
vt 0.839626 0.123429
vt 0.918563 0.782867
vt 0.912767 0.759095
vt 0.941214 0.754931
vt 0.132235 0.617044
vt 0.127285 0.624092
vt 0.563074 0.475907
vt 0.547091 0.470999
vt 0.565377 0.461729
vt 0.024765 0.128673
vt 0.028695 0.117799
vt 0.451884 0.229487
vt 0.453568 0.217322
vt 0.468556 0.202481
vt 0.097215 0.913808
vt 0.105689 0.901505
vt 0.107041 0.917793
vt 0.087286 0.898429
vt 0.024195 0.327728
vt 0.085774 0.909967
vt 0.375357 0.278374
vt 0.368678 0.259332
vt 0.270950 0.566184
vt 0.253572 0.566527
vt 0.254139 0.551330
vt 0.362586 0.282698
vt 0.262985 0.589288
vt 0.213638 0.564516
vt 0.206088 0.568009
vt 0.210050 0.552299
vt 0.242050 0.284725
vt 0.228247 0.273465
vt 0.241353 0.294468
vt 0.039471 0.235584
vt 0.039447 0.247759
vt 0.018400 0.242249
vt 0.623481 0.135399
vt 0.625462 0.116665
vt 0.637501 0.118340
vt 0.017418 0.126392
vt 0.016342 0.130125
vt 0.274778 0.987961
vt 0.829226 0.350089
vt 0.848398 0.354476
vt 0.214205 0.446623
vt 0.239164 0.982909
vt 0.860617 0.307100
vt 0.806304 0.158527
vt 0.782601 0.132184
vt 0.817192 0.148295
vt 0.955234 0.782849
vt 0.969075 0.785604
vt 0.951652 0.798998
vt 0.769469 0.142380
vt 0.947539 0.779868
vt 0.888322 0.029079
vt 0.899836 0.043397
vt 0.880083 0.049368
vt 0.864975 0.030454
vt 0.875960 0.018680
vt 0.873527 0.042235
vt 0.893210 0.015404
vt 0.956368 0.165375
vt 0.972751 0.172589
vt 0.310922 0.035420
vt 0.808601 0.974708
vt 0.803643 0.989968
vt 0.776853 0.975406
vt 0.176515 0.373374
vt 0.173131 0.371431
vt 0.178491 0.382355
vt 0.176426 0.375898
vt 0.654933 0.974481
vt 0.067999 0.660924
vt 0.174790 0.146607
vt 0.179339 0.140469
vt 0.640541 0.138194
vt 0.665229 0.156460
vt 0.641479 0.161836
vt 0.658475 0.134546
vt 0.897255 0.168624
vt 0.802332 0.876539
vt 0.818966 0.858099
vt 0.820221 0.876688
vt 0.852093 0.171297
vt 0.857784 0.181273
vt 0.847445 0.175963
vt 0.862023 0.172866
vt 0.844710 0.164534
vt 0.131869 0.981647
vt 0.138011 0.981855
vt 0.140112 0.989072
vt 0.139546 0.975604
vt 0.125775 0.985940
vt 0.653813 0.876606
vt 0.643486 0.867134
vt 0.665281 0.866802
vt 0.640156 0.880244
vt 0.037226 0.475937
vt 0.048712 0.473614
vt 0.027104 0.488582
vt 0.028024 0.476174
vt 0.336579 0.193786
vt 0.140092 0.375162
vt 0.949358 0.076532
vt 0.933086 0.088454
vt 0.507545 0.315080
vt 0.513456 0.301536
vt 0.914035 0.095030
vt 0.751858 0.993718
vt 0.751858 0.975114
vt 0.763466 0.983618
vt 0.197679 0.909549
vt 0.315430 0.383297
vt 0.334544 0.387177
vt 0.306637 0.396431
vt 0.199788 0.900798
vt 0.510610 0.737462
vt 0.486656 0.715988
vt 0.529880 0.098542
vt 0.553806 0.085265
vt 0.784750 0.728958
vt 0.810248 0.751711
vt 0.526274 0.090000
vt 0.086787 0.584788
vt 0.082765 0.562968
vt 0.355808 0.123221
vt 0.683321 0.364350
vt 0.690986 0.382375
vt 0.676398 0.363134
vt 0.729093 0.851809
vt 0.700268 0.368004
vt 0.059636 0.804788
vt 0.057911 0.817283
vt 0.045547 0.815285
vt 0.295133 0.478881
vt 0.303757 0.457923
vt 0.301321 0.496178
vt 0.317863 0.479589
vt 0.085503 0.596586
vt 0.093942 0.626664
vt 0.075225 0.595761
vt 0.118556 0.390553
vt 0.117872 0.398107
vt 0.098894 0.370194
vt 0.111210 0.360256
vt 0.083731 0.590423
vt 0.987618 0.068194
vt 0.995759 0.063494
vt 0.995240 0.084558
vt 0.068650 0.912413
vt 0.073761 0.903606
vt 0.075375 0.918153
vt 0.050007 0.918812
vt 0.195397 0.649097
vt 0.020465 0.032345
vt 0.012562 0.034433
vt 0.018222 0.024952
vt 0.024670 0.028484
vt 0.729123 0.386596
vt 0.738455 0.394505
vt 0.414849 0.472565
vt 0.841277 0.976809
vt 0.864178 0.977041
vt 0.861686 0.991176
vt 0.851992 0.993581
vt 0.085468 0.094704
vt 0.110948 0.116603
vt 0.142221 0.461508
vt 0.173018 0.160678
vt 0.129311 0.451328
vt 0.465047 0.768652
vt 0.440908 0.740465
vt 0.458477 0.746784
vt 0.654133 0.574899
vt 0.221164 0.227113
vt 0.057197 0.199738
vt 0.071779 0.206240
vt 0.046887 0.220906
vt 0.050161 0.198679
vt 0.359474 0.255226
vt 0.351765 0.278583
vt 0.773719 0.993186
vt 0.782434 0.984960
vt 0.069548 0.798900
vt 0.054422 0.805590
vt 0.780981 0.991519
vt 0.979292 0.800922
vt 0.978255 0.786553
vt 0.272640 0.924938
vt 0.281082 0.914001
vt 0.286387 0.946863
vt 0.755430 0.139111
vt 0.731623 0.159241
vt 0.762735 0.114525
vt 0.236481 0.909022
vt 0.933392 0.949989
vt 0.044382 0.357774
vt 0.051846 0.346475
vt 0.041754 0.386813
vt 0.209889 0.653163
vt 0.215664 0.653211
vt 0.208287 0.658700
vt 0.205416 0.649442
vt 0.210140 0.649801
vt 0.405911 0.323751
vt 0.394045 0.332361
vt 0.936897 0.161390
vt 0.927934 0.148758
vt 0.072837 0.633262
vt 0.603190 0.261164
vt 0.185966 0.090262
vt 0.759520 0.391077
vt 0.757979 0.333305
vt 0.188046 0.746605
vt 0.165037 0.749492
vt 0.175473 0.732845
vt 0.759853 0.091839
vt 0.386223 0.697583
vt 0.408336 0.718822
vt 0.383471 0.730007
vt 0.984763 0.569210
vt 0.945171 0.705341
vt 0.876496 0.413994
vt 0.872891 0.408551
vt 0.893892 0.388234
vt 0.776581 0.918676
vt 0.777612 0.890630
vt 0.797343 0.894109
vt 0.937687 0.704875
vt 0.786567 0.922389
vt 0.702434 0.704394
vt 0.706783 0.699513
vt 0.703884 0.203533
vt 0.672520 0.171468
vt 0.455592 0.078763
vt 0.461660 0.076615
vt 0.330186 0.095315
vt 0.335618 0.116261
vt 0.322967 0.100395
vt 0.449041 0.086912
vt 0.444425 0.082149
vt 0.445601 0.072446
vt 0.456553 0.064194
vt 0.891210 0.472727
vt 0.892964 0.480895
vt 0.347829 0.932367
vt 0.893021 0.466783
vt 0.546720 0.267904
vt 0.063917 0.445346
vt 0.065182 0.434362
vt 0.718443 0.175048
vt 0.119586 0.890045
vt 0.140246 0.874329
vt 0.902677 0.022712
vt 0.890055 0.005340
vt 0.922413 0.007986
vt 0.535129 0.676849
vt 0.326321 0.493770
vt 0.310352 0.449384
vt 0.395897 0.427825
vt 0.516589 0.606660
vt 0.533368 0.606021
vt 0.257960 0.922549
vt 0.228294 0.906178
vt 0.560262 0.672004
vt 0.995456 0.054699
vt 0.988246 0.059213
vt 0.116045 0.929639
vt 0.122288 0.934121
vt 0.108558 0.938411
vt 0.995779 0.060764
vt 0.546738 0.380348
vt 0.529062 0.375739
vt 0.533526 0.386472
vt 0.528897 0.383344
vt 0.537979 0.397381
vt 0.584277 0.369408
vt 0.543445 0.397611
vt 0.147586 0.281215
vt 0.175187 0.275565
vt 0.179489 0.289131
vt 0.764523 0.063073
vt 0.755540 0.077660
vt 0.245252 0.012877
vt 0.249674 0.000729
vt 0.252912 0.014336
vt 0.332995 0.567424
vt 0.320356 0.579342
vt 0.442439 0.168930
vt 0.486360 0.427159
vt 0.509570 0.413765
vt 0.499944 0.408036
vt 0.277442 0.394703
vt 0.339233 0.653122
vt 0.140064 0.301470
vt 0.138222 0.309773
vt 0.122590 0.298869
vt 0.141536 0.293135
vt 0.285934 0.638615
vt 0.097777 0.189723
vt 0.120338 0.221896
vt 0.121203 0.206463
vt 0.691359 0.047458
vt 0.694637 0.062853
vt 0.542907 0.315672
vt 0.554365 0.302982
vt 0.546710 0.018487
vt 0.012892 0.184273
vt 0.016254 0.171209
vt 0.546530 0.013021
vt 0.016410 0.184777
vt 0.769867 0.728854
vt 0.135752 0.070612
vt 0.138114 0.039920
vt 0.165098 0.173412
vt 0.482676 0.257639
vt 0.493262 0.276256
vt 0.496970 0.938859
vt 0.515741 0.943225
vt 0.508865 0.956765
vt 0.665216 0.930562
vt 0.490193 0.956540
vt 0.479497 0.239446
vt 0.379268 0.781925
vt 0.390637 0.811842
vt 0.438304 0.218768
vt 0.439524 0.242177
vt 0.676684 0.847493
vt 0.119969 0.735334
vt 0.099664 0.746746
vt 0.088318 0.727417
vt 0.109997 0.712058
vt 0.134751 0.724271
vt 0.126342 0.751323
vt 0.113109 0.755167
vt 0.082284 0.372080
vt 0.900395 0.731078
vt 0.878599 0.716239
vt 0.925767 0.053976
vt 0.928032 0.064363
vt 0.921909 0.064753
vt 0.138170 0.599895
vt 0.920004 0.051988
vt 0.921215 0.042180
vt 0.925846 0.042252
vt 0.943429 0.052882
vt 0.918132 0.935837
vt 0.912701 0.931878
vt 0.187662 0.818982
vt 0.190918 0.809147
vt 0.195835 0.815769
vt 0.184631 0.812326
vt 0.190685 0.824311
vt 0.384337 0.559751
vt 0.927873 0.665762
vt 0.925122 0.644287
vt 0.947945 0.660710
vt 0.948586 0.676250
vt 0.928252 0.676202
vt 0.492284 0.994250
vt 0.474469 0.988440
vt 0.486876 0.981024
vt 0.975783 0.347810
vt 0.981049 0.352683
vt 0.977303 0.367125
vt 0.006054 0.226601
vt 0.005397 0.238854
vt 0.001960 0.229467
vt 0.972876 0.357015
vt 0.987281 0.870248
vt 0.972724 0.859219
vt 0.984672 0.857527
vt 0.981715 0.886991
vt 0.972086 0.872017
vt 0.991203 0.894812
vt 0.992143 0.855838
vt 0.484385 0.825338
vt 0.465067 0.831658
vt 0.462497 0.814049
vt 0.499720 0.829025
vt 0.483147 0.805901
vt 0.493231 0.815395
vt 0.943777 0.128095
vt 0.937454 0.115907
vt 0.965144 0.115233
vt 0.937301 0.103986
vt 0.658794 0.410203
vt 0.619577 0.410844
vt 0.667878 0.388358
vt 0.682089 0.407534
vt 0.667203 0.424059
vt 0.778588 0.242095
vt 0.753740 0.240599
vt 0.766895 0.228379
vt 0.798965 0.250893
vt 0.764631 0.265037
vt 0.822758 0.207959
vt 0.818675 0.235259
vt 0.895877 0.956380
vt 0.877877 0.982589
vt 0.273022 0.097859
vt 0.281560 0.111448
vt 0.047174 0.841144
vt 0.060703 0.844821
vt 0.049657 0.862744
vt 0.028521 0.843407
vt 0.038615 0.814493
vt 0.180880 0.032846
vt 0.169825 0.032614
vt 0.665878 0.124114
vt 0.859224 0.769472
vt 0.822776 0.785718
vt 0.835170 0.760666
vt 0.884421 0.875693
vt 0.751449 0.036974
vt 0.735143 0.028709
vt 0.769207 0.046617
vt 0.771257 0.025698
vt 0.831839 0.791422
vt 0.836259 0.807726
vt 0.813235 0.792076
vt 0.811393 0.781765
vt 0.901299 0.994035
vt 0.891968 0.990091
vt 0.899335 0.977331
vt 0.914786 0.986558
vt 0.914208 0.995287
vt 0.802703 0.911671
vt 0.803078 0.901191
vt 0.819694 0.909400
vt 0.822034 0.920105
vt 0.836110 0.372180
vt 0.809719 0.311973
vt 0.802029 0.920537
vt 0.694280 0.327591
vt 0.747031 0.299833
vt 0.743279 0.315360
vt 0.701163 0.352983
vt 0.267333 0.765667
vt 0.244572 0.763714
vt 0.267806 0.743511
vt 0.250160 0.781109
vt 0.741431 0.069561
vt 0.737984 0.075449
vt 0.730119 0.066147
vt 0.437489 0.707376
vt 0.434344 0.690002
vt 0.236722 0.481725
vt 0.235767 0.505561
vt 0.218919 0.495946
vt 0.231381 0.467621
vt 0.253634 0.459906
vt 0.259543 0.475197
vt 0.217409 0.483346
vt 0.413350 0.182046
vt 0.166665 0.417842
vt 0.175256 0.407669
vt 0.167562 0.411936
vt 0.772529 0.637505
vt 0.981763 0.691057
vt 0.971997 0.717658
vt 0.971547 0.723762
vt 0.333621 0.327662
vt 0.343726 0.326727
vt 0.344969 0.366110
vt 0.326531 0.297281
vt 0.331695 0.367295
vt 0.114768 0.074720
vt 0.124571 0.086045
vt 0.119126 0.082857
vt 0.931745 0.890099
vt 0.940704 0.885343
vt 0.938062 0.892978
vt 0.923412 0.892396
vt 0.929912 0.887036
vt 0.940392 0.882920
vt 0.165163 0.051512
vt 0.165848 0.036084
vt 0.173017 0.066008
vt 0.178435 0.036566
vt 0.334701 0.991199
vt 0.325967 0.994688
vt 0.324780 0.971198
vt 0.605433 0.961097
vt 0.333277 0.967759
vt 0.347508 0.986977
vt 0.467953 0.317046
vt 0.476768 0.306851
vt 0.970078 0.105178
vt 0.975951 0.117678
vt 0.966065 0.114938
vt 0.969042 0.228468
vt 0.962353 0.222386
vt 0.968059 0.223997
vt 0.979955 0.109854
vt 0.971283 0.223681
vt 0.978037 0.225226
vt 0.964389 0.108650
vt 0.174855 0.154743
vt 0.886474 0.955754
vt 0.870266 0.949179
vt 0.878973 0.945005
vt 0.891808 0.947406
vt 0.907211 0.199608
vt 0.897599 0.189166
vt 0.223586 0.846404
vt 0.216215 0.829328
vt 0.247019 0.840371
vt 0.944951 0.607845
vt 0.960411 0.598138
vt 0.955299 0.626569
vt 0.206817 0.852335
vt 0.446099 0.607605
vt 0.432251 0.606171
vt 0.441230 0.584364
vt 0.830082 0.959318
vt 0.914350 0.518471
vt 0.906942 0.506963
vt 0.122497 0.602134
vt 0.943922 0.074770
vt 0.924763 0.075647
vt 0.945874 0.063688
vt 0.863645 0.222760
vt 0.869315 0.206870
vt 0.880455 0.221316
vt 0.101174 0.771322
vt 0.860898 0.239806
vt 0.867502 0.373122
vt 0.868354 0.352752
vt 0.895580 0.347939
vt 0.221538 0.742731
vt 0.231551 0.738855
vt 0.651913 0.632368
vt 0.489383 0.063264
vt 0.486309 0.078162
vt 0.489013 0.052534
vt 0.451864 0.860910
vt 0.038102 0.923998
vt 0.451792 0.843540
vt 0.464410 0.852271
vt 0.467716 0.860579
vt 0.563030 0.895069
vt 0.067312 0.342444
vt 0.545616 0.032488
vt 0.570507 0.024445
vt 0.565145 0.034221
vt 0.528188 0.027878
vt 0.551777 0.042959
vt 0.969073 0.384519
vt 0.978043 0.397595
vt 0.962600 0.388816
vt 0.547864 0.024422
vt 0.374383 0.411043
vt 0.351304 0.403658
vt 0.374515 0.397334
vt 0.395273 0.410246
vt 0.471230 0.764076
vt 0.474955 0.769438
vt 0.464020 0.750792
vt 0.474070 0.783122
vt 0.039400 0.560138
vt 0.045016 0.570448
vt 0.533467 0.528875
vt 0.546254 0.526392
vt 0.537286 0.548907
vt 0.513001 0.491461
vt 0.529369 0.486975
vt 0.498976 0.500546
vt 0.521545 0.470319
vt 0.516531 0.508884
vt 0.330256 0.666381
vt 0.850034 0.579440
vt 0.865844 0.571655
vt 0.376042 0.041058
vt 0.395141 0.041544
vt 0.856235 0.592866
vt 0.117871 0.540995
vt 0.265990 0.010180
vt 0.255005 0.000927
vt 0.267475 0.000928
vt 0.966699 0.473345
vt 0.941569 0.469284
vt 0.046406 0.532847
vt 0.953062 0.450979
vt 0.707709 0.625210
vt 0.702873 0.626776
vt 0.046049 0.204139
vt 0.564565 0.145182
vt 0.550999 0.152669
vt 0.545500 0.133974
vt 0.132689 0.634947
vt 0.967559 0.912093
vt 0.638914 0.717528
vt 0.653790 0.751790
vt 0.979808 0.965949
vt 0.994218 0.958607
vt 0.981828 0.972883
vt 0.512194 0.014316
vt 0.504137 0.014369
vt 0.507940 0.000177
vt 0.900985 0.541698
vt 0.906067 0.553456
vt 0.890504 0.552759
vt 0.927136 0.553636
vt 0.720090 0.267852
vt 0.733158 0.272828
vt 0.726236 0.283840
vt 0.704738 0.281448
vt 0.888280 0.544290
vt 0.887666 0.524286
vt 0.921490 0.533017
vt 0.769471 0.958537
vt 0.771957 0.975489
vt 0.782419 0.972385
vt 0.785688 0.116067
vt 0.415676 0.317449
vt 0.711309 0.029815
vt 0.856498 0.823006
vt 0.840694 0.820460
vt 0.369054 0.479889
vt 0.383889 0.470923
vt 0.372477 0.488720
vt 0.377562 0.464796
vt 0.365184 0.471132
vt 0.961363 0.667620
vt 0.963737 0.646336
vt 0.962678 0.688193
vt 0.300117 0.426124
vt 0.613394 0.721999
vt 0.599775 0.719588
vt 0.607309 0.703618
vt 0.474343 0.848283
vt 0.453044 0.854486
vt 0.411780 0.071579
vt 0.428146 0.070024
vt 0.416921 0.086709
vt 0.402019 0.070761
vt 0.078673 0.555585
vt 0.070150 0.564787
vt 0.127718 0.442198
vt 0.122266 0.437515
vt 0.080767 0.569322
vt 0.061777 0.545522
vt 0.873087 0.180431
vt 0.888483 0.173629
vt 0.864044 0.169704
vt 0.788413 0.991607
vt 0.791272 0.988882
vt 0.796328 0.989768
vt 0.798221 0.992310
vt 0.899723 0.296645
vt 0.959440 0.312327
vt 0.320831 0.765844
vt 0.310881 0.777322
vt 0.305520 0.769088
vt 0.962844 0.309727
vt 0.981118 0.310685
vt 0.958103 0.368195
vt 0.279314 0.248484
vt 0.545349 0.030581
vt 0.542267 0.027128
vt 0.543309 0.019809
vt 0.537249 0.028206
vt 0.013079 0.129682
vt 0.696676 0.391688
vt 0.049504 0.491016
vt 0.863826 0.002614
vt 0.875327 0.010733
vt 0.863218 0.009569
vt 0.875859 0.003331
vt 0.854150 0.011193
vt 0.851659 0.001794
vt 0.360794 0.559111
vt 0.370495 0.556536
vt 0.360674 0.568887
vt 0.350811 0.573880
vt 0.358471 0.549405
vt 0.367422 0.548189
vt 0.350823 0.566227
vt 0.236155 0.121303
vt 0.216835 0.105005
vt 0.433539 0.526172
vt 0.418488 0.466365
vt 0.587368 0.706334
vt 0.210829 0.509429
vt 0.973045 0.409669
vt 0.981115 0.405468
vt 0.962925 0.410417
vt 0.962964 0.401911
vt 0.972021 0.431222
vt 0.496766 0.688690
vt 0.445280 0.673186
vt 0.515493 0.716075
vt 0.521785 0.690248
vt 0.702213 0.257608
vt 0.678623 0.257674
vt 0.031935 0.906358
vt 0.871878 0.100423
vt 0.847377 0.099758
vt 0.193413 0.041040
vt 0.205546 0.040992
vt 0.195254 0.035318
vt 0.775080 0.175205
vt 0.786528 0.184460
vt 0.770968 0.182323
vt 0.761149 0.173043
vt 0.424309 0.933778
vt 0.433603 0.946577
vt 0.413258 0.934441
vt 0.424409 0.950960
vt 0.478077 0.190499
vt 0.073139 0.583714
vt 0.366887 0.588932
vt 0.384880 0.594156
vt 0.360057 0.632956
vt 0.353412 0.586370
vt 0.134686 0.208601
vt 0.136766 0.222220
vt 0.706996 0.850061
vt 0.704946 0.861151
vt 0.665068 0.859452
vt 0.648352 0.122186
vt 0.651261 0.109807
vt 0.198998 0.008907
vt 0.203363 0.003375
vt 0.226077 0.265733
vt 0.184469 0.013137
vt 0.254348 0.171526
vt 0.254271 0.187389
vt 0.200652 0.587010
vt 0.241232 0.036107
vt 0.216777 0.615367
vt 0.179878 0.617974
vt 0.177044 0.599995
vt 0.871227 0.796954
vt 0.874042 0.810506
vt 0.224414 0.705727
vt 0.884059 0.806781
vt 0.499072 0.224209
vt 0.489240 0.271559
vt 0.524794 0.209062
vt 0.214707 0.474818
vt 0.202862 0.470597
vt 0.211771 0.466314
vt 0.204674 0.484644
vt 0.939526 0.238126
vt 0.944623 0.239856
vt 0.872072 0.645479
vt 0.796578 0.538274
vt 0.299270 0.953377
vt 0.967686 0.568554
vt 0.956549 0.582276
vt 0.393490 0.983852
vt 0.402299 0.991022
vt 0.391733 0.974664
vt 0.386227 0.988787
vt 0.314064 0.120690
vt 0.314154 0.099724
vt 0.321505 0.089519
vt 0.000141 0.271157
vt 0.000141 0.256635
vt 0.006093 0.260657
vt 0.761977 0.632547
vt 0.731518 0.642345
vt 0.235808 0.096189
vt 0.945971 0.377854
vt 0.945129 0.394738
vt 0.087584 0.178754
vt 0.098075 0.176105
vt 0.930489 0.381564
vt 0.589026 0.027324
vt 0.535956 0.599777
vt 0.535539 0.576815
vt 0.528220 0.575217
vt 0.527156 0.589709
vt 0.463067 0.013452
vt 0.485018 0.009079
vt 0.487784 0.022090
vt 0.085106 0.697125
vt 0.516059 0.451389
vt 0.074521 0.699344
vt 0.912909 0.696909
vt 0.893682 0.713529
vt 0.056680 0.309687
vt 0.987481 0.673831
vt 0.256303 0.388746
vt 0.240498 0.382677
vt 0.028243 0.281671
vt 0.046320 0.272838
vt 0.055493 0.283578
vt 0.035793 0.291357
vt 0.059313 0.765706
vt 0.067419 0.782349
vt 0.015568 0.292208
vt 0.023114 0.270853
vt 0.747803 0.166979
vt 0.756658 0.177253
vt 0.363077 0.220179
vt 0.357426 0.200201
vt 0.365198 0.213228
vt 0.341006 0.215690
vt 0.742732 0.183159
vt 0.279673 0.572123
vt 0.280083 0.562932
vt 0.291649 0.568998
vt 0.735373 0.235546
vt 0.736417 0.270500
vt 0.726984 0.229915
vt 0.139702 0.346003
vt 0.416812 0.146241
vt 0.960643 0.513982
vt 0.673548 0.125016
vt 0.699315 0.104223
vt 0.005863 0.446082
vt 0.016981 0.439827
vt 0.026864 0.475171
vt 0.691213 0.127099
vt 0.940992 0.693433
vt 0.950234 0.702347
vt 0.952405 0.246295
vt 0.970376 0.257976
vt 0.741059 0.255671
vt 0.737218 0.236915
vt 0.644633 0.048498
vt 0.632083 0.048782
vt 0.436133 0.302345
vt 0.413560 0.300846
vt 0.018654 0.842872
vt 0.011154 0.862523
vt 0.009946 0.828059
vt 0.110079 0.495998
vt 0.106402 0.511648
vt 0.063105 0.915564
vt 0.068765 0.942563
vt 0.042881 0.933141
vt 0.738081 0.979649
vt 0.737028 0.994709
vt 0.723737 0.977758
vt 0.544369 0.797212
vt 0.548132 0.809209
vt 0.137022 0.260347
vt 0.130764 0.253446
vt 0.146245 0.248785
vt 0.537466 0.799294
vt 0.127582 0.262235
vt 0.538725 0.789231
vt 0.579250 0.000259
vt 0.068649 0.641084
vt 0.545276 0.993667
vt 0.479351 0.932611
vt 0.493933 0.942947
vt 0.490909 0.950039
vt 0.089026 0.252447
vt 0.085777 0.269089
vt 0.073320 0.275291
vt 0.459338 0.738411
vt 0.240932 0.895029
vt 0.206136 0.882375
vt 0.199004 0.869738
vt 0.505700 0.281820
vt 0.603679 0.773138
vt 0.617396 0.767759
vt 0.591886 0.735856
vt 0.931632 0.622617
vt 0.919889 0.621138
vt 0.938107 0.625065
vt 0.942110 0.636138
vt 0.927578 0.641848
vt 0.205733 0.825134
vt 0.211540 0.821119
vt 0.181312 0.700521
vt 0.167499 0.702269
vt 0.179925 0.687468
vt 0.170462 0.711993
vt 0.273594 0.771805
vt 0.623474 0.846144
vt 0.061765 0.880005
vt 0.054758 0.876543
vt 0.081803 0.353466
vt 0.096512 0.346875
vt 0.710827 0.990031
vt 0.706436 0.977419
vt 0.720162 0.976248
vt 0.085593 0.270802
vt 0.202000 0.285147
vt 0.201056 0.323624
vt 0.230957 0.725342
vt 0.667864 0.599658
vt 0.200044 0.807400
vt 0.431893 0.526928
vt 0.238712 0.138620
vt 0.399263 0.395802
vt 0.414393 0.387687
vt 0.964653 0.891589
vt 0.085871 0.994745
vt 0.085871 0.980320
vt 0.100103 0.990116
vt 0.873579 0.829447
vt 0.887455 0.827324
vt 0.671513 0.745581
vt 0.661825 0.721334
vt 0.502107 0.140193
vt 0.503513 0.125738
vt 0.509342 0.136920
vt 0.678199 0.767615
vt 0.883692 0.849315
vt 0.890897 0.056819
vt 0.919325 0.049596
vt 0.886688 0.504031
vt 0.865899 0.516443
vt 0.876578 0.523564
vt 0.421854 0.223869
vt 0.439048 0.201394
vt 0.456689 0.200609
vt 0.225207 0.764692
vt 0.215098 0.785712
vt 0.208848 0.777255
vt 0.208610 0.748185
vt 0.230452 0.776399
vt 0.245494 0.751724
vt 0.241139 0.774466
vt 0.065682 0.423270
vt 0.065340 0.401297
vt 0.078836 0.400156
vt 0.042103 0.413645
vt 0.443404 0.180258
vt 0.845283 0.476610
vt 0.865201 0.472939
vt 0.864886 0.488801
vt 0.864415 0.494755
vt 0.832690 0.494402
vt 0.947161 0.752842
vt 0.949917 0.735374
vt 0.968865 0.732661
vt 0.955417 0.735063
vt 0.128946 0.024525
vt 0.366187 0.566055
vt 0.371350 0.564523
vt 0.220139 0.033271
vt 0.127890 0.834335
vt 0.142401 0.837593
vt 0.131954 0.851353
vt 0.145365 0.822764
vt 0.988252 0.066309
vt 0.899593 0.753089
vt 0.906491 0.752243
vt 0.880504 0.247577
vt 0.905678 0.252264
vt 0.885988 0.270449
vt 0.902844 0.230024
vt 0.521891 0.531927
vt 0.429279 0.187029
vt 0.447857 0.186981
vt 0.189234 0.103549
vt 0.210136 0.095696
vt 0.201049 0.108125
vt 0.186287 0.118652
vt 0.176392 0.113929
vt 0.406118 0.206620
vt 0.408913 0.182858
vt 0.419026 0.203140
vt 0.978511 0.988029
vt 0.961526 0.990642
vt 0.871336 0.888680
vt 0.854922 0.895649
vt 0.840408 0.885045
vt 0.855763 0.879230
vt 0.871186 0.872609
vt 0.878280 0.903227
vt 0.067564 0.874019
vt 0.052718 0.391440
vt 0.068191 0.389760
vt 0.863221 0.640904
vt 0.856075 0.652908
vt 0.861186 0.642368
vt 0.328317 0.913079
vt 0.887905 0.488757
vt 0.443016 0.568445
vt 0.209692 0.536263
vt 0.196817 0.553179
vt 0.188852 0.554858
vt 0.658360 0.929289
vt 0.645923 0.919260
vt 0.663951 0.921752
vt 0.976758 0.197269
vt 0.975094 0.205353
vt 0.984337 0.197145
vt 0.980426 0.212688
vt 0.980985 0.186627
vt 0.929953 0.131877
vt 0.900589 0.205981
vt 0.760970 0.980022
vt 0.809027 0.922609
vt 0.831482 0.920598
vt 0.812737 0.951785
vt 0.213130 0.354883
vt 0.222502 0.340390
vt 0.930358 0.528171
vt 0.369082 0.941375
vt 0.653105 0.698924
vt 0.628310 0.701247
vt 0.294440 0.103753
vt 0.007621 0.575132
vt 0.012141 0.561484
vt 0.850325 0.627483
vt 0.840286 0.642791
vt 0.004989 0.563284
vt 0.491301 0.100037
vt 0.182589 0.727752
vt 0.814448 0.180513
vt 0.821691 0.175341
vt 0.021369 0.106347
vt 0.010422 0.121373
vt 0.529079 0.565979
vt 0.379439 0.349540
vt 0.989126 0.973709
vt 0.835152 0.475738
vt 0.019646 0.438549
vt 0.022924 0.439418
vt 0.915967 0.370018
vt 0.925379 0.377349
vt 0.911930 0.375290
vt 0.960576 0.510795
vt 0.984392 0.724269
vt 0.983114 0.719663
vt 0.981793 0.730482
vt 0.013984 0.438075
vt 0.107538 0.297330
vt 0.086804 0.296549
vt 0.667549 0.113960
vt 0.686881 0.101012
vt 0.213581 0.013847
vt 0.131063 0.856771
vt 0.142114 0.873774
vt 0.117885 0.867423
vt 0.410423 0.994785
vt 0.410423 0.966774
vt 0.434772 0.988768
vt 0.115431 0.850509
vt 0.124794 0.829085
vt 0.051372 0.295844
vt 0.518074 0.024643
vt 0.709220 0.995137
vt 0.721025 0.978889
vt 0.731819 0.990233
vt 0.794645 0.777775
vt 0.180766 0.395011
vt 0.155827 0.713151
vt 0.146938 0.740300
vt 0.150771 0.697682
vt 0.167624 0.707745
vt 0.097002 0.013993
vt 0.108383 0.000742
vt 0.372539 0.988475
vt 0.477172 0.871055
vt 0.011003 0.022046
vt 0.015749 0.025078
vt 0.009900 0.027824
vt 0.129813 0.939865
vt 0.114369 0.947886
vt 0.123219 0.466676
vt 0.565243 0.946178
vt 0.570157 0.956778
vt 0.537566 0.219646
vt 0.053989 0.545343
vt 0.042979 0.540468
vt 0.059008 0.532982
vt 0.235643 0.314456
vt 0.253825 0.329484
vt 0.239256 0.305118
vt 0.231140 0.323716
vt 0.041144 0.261593
vt 0.260789 0.119494
vt 0.259460 0.135259
vt 0.547440 0.747526
vt 0.554222 0.785225
vt 0.735929 0.772511
vt 0.728397 0.753452
vt 0.189818 0.569024
vt 0.199529 0.576949
vt 0.368186 0.897910
vt 0.527275 0.401004
vt 0.884219 0.880531
vt 0.902774 0.871429
vt 0.900065 0.890100
vt 0.895354 0.851274
vt 0.318464 0.832355
vt 0.339269 0.844188
vt 0.325511 0.863837
vt 0.751807 0.034664
vt 0.896644 0.920588
vt 0.876010 0.907945
vt 0.638096 0.264725
vt 0.056258 0.768148
vt 0.063647 0.755791
vt 0.936194 0.280158
vt 0.935838 0.269110
vt 0.980907 0.118497
vt 0.975787 0.122994
vt 0.084584 0.626126
vt 0.701331 0.697457
vt 0.688917 0.694821
vt 0.240433 0.703574
vt 0.230413 0.685852
vt 0.228964 0.704969
vt 0.157508 0.056194
vt 0.167428 0.068962
vt 0.884179 0.461362
vt 0.139412 0.043874
vt 0.151126 0.036812
vt 0.872606 0.441596
vt 0.897170 0.947789
vt 0.905817 0.941873
vt 0.921448 0.648076
vt 0.919416 0.642835
vt 0.896115 0.972610
vt 0.920638 0.673259
vt 0.209958 0.792980
vt 0.234629 0.785330
vt 0.217750 0.792661
vt 0.966727 0.205324
vt 0.973302 0.217930
vt 0.964914 0.433979
vt 0.957092 0.446030
vt 0.567284 0.783384
vt 0.089673 0.334624
vt 0.712312 0.953122
vt 0.731812 0.968920
vt 0.743276 0.978847
vt 0.650690 0.345445
vt 0.638279 0.350191
vt 0.346442 0.776504
vt 0.241847 0.147603
vt 0.258614 0.158088
vt 0.849434 0.020980
vt 0.852006 0.009960
vt 0.685214 0.917264
vt 0.696043 0.914827
vt 0.422498 0.292346
vt 0.757749 0.467655
vt 0.759615 0.477805
vt 0.756569 0.564633
vt 0.119426 0.619223
vt 0.123912 0.626779
vt 0.571329 0.905734
vt 0.568950 0.898077
vt 0.573916 0.895170
vt 0.566242 0.909887
vt 0.581654 0.187711
vt 0.899248 0.669169
vt 0.914029 0.667934
vt 0.901983 0.696551
vt 0.912821 0.646606
vt 0.884487 0.660191
vt 0.896968 0.637984
vt 0.889763 0.691212
vt 0.861123 0.038048
vt 0.837294 0.181988
vt 0.849769 0.191274
vt 0.723428 0.774158
vt 0.789743 0.920083
vt 0.582841 0.391119
vt 0.571517 0.381546
vt 0.242074 0.000214
vt 0.242074 0.015890
vt 0.231693 0.008710
vt 0.102005 0.247123
vt 0.307897 0.803819
vt 0.333654 0.803765
vt 0.310634 0.814295
vt 0.331058 0.790437
vt 0.297298 0.165795
vt 0.044896 0.140827
vt 0.067713 0.132412
vt 0.074680 0.145855
vt 0.188736 0.150860
vt 0.175894 0.150369
vt 0.735465 0.215141
vt 0.714529 0.221665
vt 0.330872 0.396230
vt 0.327836 0.403627
vt 0.351226 0.396843
vt 0.301604 0.928526
vt 0.891137 0.597063
vt 0.905443 0.593017
vt 0.904128 0.610444
vt 0.299680 0.940889
vt 0.031181 0.960372
vt 0.006921 0.958395
vt 0.108960 0.535394
vt 0.245982 0.207850
vt 0.231672 0.202835
vt 0.241030 0.189360
vt 0.267852 0.219264
vt 0.254806 0.188287
vt 0.239853 0.219862
vt 0.371800 0.678161
vt 0.373237 0.681346
vt 0.350206 0.675723
vt 0.393126 0.667268
vt 0.394634 0.669440
vt 0.190518 0.265077
vt 0.267010 0.360830
vt 0.193864 0.244903
vt 0.446576 0.899126
vt 0.428364 0.891491
vt 0.430100 0.902066
vt 0.841785 0.975735
vt 0.924993 0.961092
vt 0.939737 0.531278
vt 0.937649 0.539204
vt 0.122929 0.520482
vt 0.864860 0.277112
vt 0.374370 0.544975
vt 0.385420 0.551281
vt 0.913258 0.974064
vt 0.939761 0.639696
vt 0.482880 0.981370
vt 0.250890 0.813567
vt 0.588257 0.644105
vt 0.604510 0.644714
vt 0.585853 0.660226
vt 0.976978 0.895623
vt 0.793127 0.985845
vt 0.131335 0.765416
vt 0.121095 0.763232
vt 0.134102 0.761347
vt 0.255101 0.115394
vt 0.082401 0.392837
vt 0.453025 0.176481
vt 0.562107 0.684328
vt 0.943438 0.735358
vt 0.276901 0.528762
vt 0.293724 0.519815
vt 0.285168 0.540528
vt 0.246760 0.528724
vt 0.571512 0.055044
vt 0.948935 0.756602
vt 0.087518 0.523340
vt 0.078796 0.523729
vt 0.292275 0.036300
vt 0.686155 0.949071
vt 0.013843 0.235745
vt 0.497665 0.971314
vt 0.094525 0.702314
vt 0.103469 0.710127
vt 0.087759 0.708948
vt 0.102029 0.686061
vt 0.436913 0.255886
vt 0.451254 0.258612
vt 0.429804 0.256306
vt 0.454915 0.919668
vt 0.444750 0.911287
vt 0.851989 0.866647
vt 0.467812 0.924384
vt 0.836746 0.871545
vt 0.890695 0.994161
vt 0.890745 0.981676
vt 0.141347 0.755419
vt 0.968773 0.216947
vt 0.959771 0.216654
vt 0.161090 0.149847
vt 0.164596 0.161867
vt 0.897801 0.932677
vt 0.905107 0.939835
vt 0.040100 0.357635
vt 0.399894 0.859501
vt 0.379910 0.873662
vt 0.367938 0.854092
vt 0.079540 0.875633
vt 0.080659 0.854049
vt 0.103670 0.870437
vt 0.386588 0.840660
vt 0.452309 0.026303
vt 0.408990 0.040378
vt 0.422326 0.006375
vt 0.058405 0.870956
vt 0.393518 0.604507
vt 0.407710 0.620082
vt 0.615380 0.099104
vt 0.592895 0.081610
vt 0.615538 0.130971
vt 0.951822 0.528762
vt 0.275243 0.204022
vt 0.834778 0.994272
vt 0.808339 0.994272
vt 0.812341 0.973520
vt 0.273921 0.179967
vt 0.914278 0.287316
vt 0.447311 0.653949
vt 0.231469 0.720169
vt 0.806635 0.184155
vt 0.730828 0.651935
vt 0.220507 0.035787
vt 0.318028 0.899073
vt 0.325359 0.883796
vt 0.352489 0.893439
vt 0.923945 0.835378
vt 0.931538 0.819809
vt 0.942844 0.838371
vt 0.930277 0.853289
vt 0.750392 0.034079
vt 0.722335 0.021583
vt 0.750392 0.017362
vt 0.908742 0.838100
vt 0.630279 0.968374
vt 0.651592 0.994687
vt 0.651234 0.966491
vt 0.273324 0.217438
vt 0.287108 0.261857
vt 0.227142 0.662708
vt 0.223952 0.626647
vt 0.242603 0.640924
vt 0.094793 0.844577
vt 0.892339 0.979556
vt 0.407321 0.132946
vt 0.418143 0.089994
vt 0.427444 0.136791
vt 0.318687 0.584920
vt 0.209166 0.535348
vt 0.204328 0.522006
vt 0.455527 0.026947
vt 0.432265 0.010047
vt 0.447343 0.000586
vt 0.337281 0.294802
vt 0.035506 0.709150
vt 0.031121 0.703223
vt 0.042486 0.705115
vt 0.044000 0.715744
vt 0.027382 0.715166
vt 0.204849 0.889850
vt 0.491584 0.291898
vt 0.894243 0.635695
vt 0.894050 0.618105
vt 0.942465 0.638935
vt 0.961796 0.642808
vt 0.633598 0.239270
vt 0.671577 0.238611
vt 0.634319 0.251137
vt 0.697644 0.222562
vt 0.163228 0.338248
vt 0.604965 0.324071
vt 0.591332 0.314688
vt 0.796014 0.184588
vt 0.786935 0.199216
vt 0.985645 0.954325
vt 0.974732 0.958262
vt 0.275754 0.381094
vt 0.269476 0.389092
vt 0.573216 0.140069
vt 0.564738 0.150556
vt 0.576857 0.140437
vt 0.178845 0.667072
vt 0.365244 0.541533
vt 0.923743 0.673761
vt 0.404134 0.486494
vt 0.692268 0.766936
vt 0.888882 0.070375
vt 0.873606 0.064068
vt 0.704701 0.849866
vt 0.689752 0.849111
vt 0.131675 0.951657
vt 0.137367 0.966889
vt 0.708415 0.818768
vt 0.160611 0.942738
vt 0.171322 0.375299
vt 0.805156 0.525601
vt 0.819153 0.545224
vt 0.403566 0.956278
vt 0.401798 0.950452
vt 0.412709 0.954238
vt 0.124842 0.653467
vt 0.183887 0.135321
vt 0.650963 0.117882
vt 0.115274 0.988532
vt 0.049932 0.453649
vt 0.675169 0.705115
vt 0.443559 0.819431
vt 0.628700 0.687323
vt 0.607504 0.675012
vt 0.623086 0.659851
vt 0.164486 0.903536
vt 0.744191 0.000207
vt 0.724148 0.002409
vt 0.546073 0.958656
vt 0.861204 0.713984
vt 0.847296 0.743123
vt 0.074733 0.797454
vt 0.078909 0.817089
vt 0.059511 0.789608
vt 0.107597 0.519028
vt 0.100161 0.530823
vt 0.061491 0.816921
vt 0.277085 0.554719
vt 0.878155 0.669384
vt 0.877065 0.655398
vt 0.932906 0.235673
vt 0.929109 0.224140
vt 0.934801 0.246313
vt 0.000178 0.543799
vt 0.012224 0.544398
vt 0.008139 0.556587
vt 0.847461 0.663581
vt 0.828377 0.136043
vt 0.982442 0.023575
vt 0.386939 0.896819
vt 0.747103 0.295587
vt 0.730447 0.294486
vt 0.755360 0.283487
vt 0.348477 0.867664
vt 0.916433 0.942163
vt 0.506603 0.916526
vt 0.549114 0.912101
vt 0.122442 0.157609
vt 0.112601 0.147287
vt 0.661592 0.216704
vt 0.112825 0.130645
vt 0.127848 0.162465
vt 0.737708 0.476582
vt 0.384429 0.767502
vt 0.451423 0.727472
vt 0.281799 0.019740
vt 0.269781 0.003199
vt 0.296453 0.001559
vt 0.560659 0.184906
vt 0.567794 0.207589
vt 0.719149 0.834469
vt 0.580461 0.173378
vt 0.821223 0.900482
vt 0.748449 0.325649
vt 0.716721 0.374906
vt 0.802965 0.889704
vt 0.726967 0.066170
vt 0.894586 0.174728
vt 0.899581 0.205817
vt 0.789821 0.938832
vt 0.628642 0.888756
vt 0.627030 0.847349
vt 0.997389 0.183734
vt 0.995460 0.170643
vt 0.999345 0.172640
vt 0.052382 0.429902
vt 0.063777 0.428821
vt 0.060618 0.453530
vt 0.766707 0.270047
vt 0.744693 0.277764
vt 0.759656 0.264594
vt 0.569387 0.922385
vt 0.566172 0.933466
vt 0.664108 0.027315
vt 0.600652 0.963118
vt 0.278267 0.376328
vt 0.681241 0.663921
vt 0.683705 0.673793
vt 0.673690 0.681374
vt 0.837151 0.907491
vt 0.822776 0.888318
vt 0.000591 0.210461
vt 0.004639 0.207520
vt 0.006162 0.214298
vt 0.332176 0.919324
vt 0.995398 0.182910
vt 0.998888 0.189318
vt 0.995462 0.191717
vt 0.323063 0.908297
vt 0.122004 0.398856
vt 0.007334 0.980906
vt 0.982238 0.387395
vt 0.891117 0.495601
vt 0.334124 0.688852
vt 0.303184 0.743217
vt 0.010788 0.254751
vt 0.022741 0.255433
vt 0.008923 0.240716
vt 0.089852 0.513454
vt 0.387280 0.083292
vt 0.354496 0.832727
vt 0.408763 0.095658
vt 0.896545 0.826309
vt 0.904134 0.840556
vt 0.896952 0.801803
vt 0.908948 0.833856
vt 0.546860 0.021852
vt 0.586064 0.016339
vt 0.689971 0.558008
vt 0.396254 0.456333
vt 0.384967 0.444821
vt 0.819412 0.071807
vt 0.800444 0.070778
vt 0.781134 0.595996
vt 0.917909 0.385880
vt 0.026947 0.311654
vt 0.031449 0.293369
vt 0.001146 0.275363
vt 0.006185 0.290871
vt 0.000049 0.289341
vt 0.994620 0.297119
vt 0.992886 0.283472
vt 0.634447 0.102915
vt 0.018951 0.183945
vt 0.149477 0.881045
vt 0.979583 0.004629
vt 0.969280 0.015434
vt 0.971200 0.001071
vt 0.975815 0.025423
vt 0.968097 0.364182
vt 0.961288 0.366741
vt 0.212386 0.209259
vt 0.314970 0.509429
vt 0.306313 0.525857
vt 0.906615 0.477470
vt 0.324669 0.491765
vt 0.316868 0.517039
vt 0.740508 0.113350
vt 0.755303 0.136699
vt 0.560600 0.168249
vt 0.559729 0.189682
vt 0.573740 0.948717
vt 0.064453 0.425803
vt 0.224744 0.060819
vt 0.215317 0.071570
vt 0.673425 0.691890
vt 0.688146 0.684661
vt 0.496152 0.989352
vt 0.486912 0.978128
vt 0.660376 0.965369
vt 0.793996 0.786501
vt 0.798048 0.782658
vt 0.787002 0.779600
vt 0.821956 0.877288
vt 0.801200 0.880991
vt 0.052190 0.261814
vt 0.887562 0.003597
vt 0.056563 0.282360
vt 0.042691 0.241722
vt 0.046087 0.084374
vt 0.820059 0.830085
vt 0.954936 0.857490
vt 0.941762 0.870496
vt 0.694288 0.977235
vt 0.686854 0.955166
vt 0.699770 0.954506
vt 0.689537 0.988240
vt 0.082457 0.282730
vt 0.469809 0.797618
vt 0.485956 0.792154
vt 0.580056 0.229563
vt 0.111161 0.903095
vt 0.646627 0.435098
vt 0.436050 0.842270
vt 0.237680 0.301568
vt 0.745333 0.848322
vt 0.784473 0.974549
vt 0.934251 0.875108
vt 0.134944 0.078965
vt 0.851442 0.592220
vt 0.836416 0.582528
vt 0.584420 0.591755
vt 0.412253 0.948957
vt 0.403135 0.934564
vt 0.518782 0.132038
vt 0.536189 0.143493
vt 0.767843 0.510867
vt 0.917275 0.806442
vt 0.898416 0.385089
vt 0.441873 0.552538
vt 0.491013 0.546820
vt 0.492014 0.562284
vt 0.491471 0.575154
vt 0.440372 0.535265
vt 0.618091 0.056504
vt 0.630058 0.054319
vt 0.008042 0.702120
vt 0.026010 0.678022
vt 0.287618 0.980203
vt 0.134951 0.234433
vt 0.920105 0.091223
vt 0.927454 0.105195
vt 0.891586 0.083207
vt 0.787303 0.041591
vt 0.469192 0.499627
vt 0.475282 0.516254
vt 0.058378 0.656171
vt 0.786244 0.056319
vt 0.464123 0.188932
vt 0.866532 0.988355
vt 0.435614 0.928694
vt 0.095241 0.264995
vt 0.046419 0.865093
vt 0.037410 0.865204
vt 0.407559 0.854521
vt 0.100166 0.252102
vt 0.401150 0.862000
vt 0.334194 0.040151
vt 0.311872 0.059574
vt 0.968275 0.021929
vt 0.552975 0.849987
vt 0.557257 0.838987
vt 0.554111 0.860112
vt 0.604494 0.368384
vt 0.726989 0.797035
vt 0.574095 0.307834
vt 0.561819 0.298358
vt 0.591884 0.300462
vt 0.615109 0.933016
vt 0.496253 0.000252
vt 0.488845 0.009108
vt 0.606540 0.956763
vt 0.432383 0.081912
vt 0.922119 0.030861
vt 0.921614 0.022235
vt 0.932414 0.965444
vt 0.327358 0.900835
vt 0.560887 0.072142
vt 0.549570 0.084120
vt 0.000092 0.252929
vt 0.006142 0.244288
vt 0.005879 0.258569
vt 0.613117 0.461812
vt 0.925463 0.276494
vt 0.921703 0.293477
vt 0.914328 0.276635
vt 0.929411 0.285867
vt 0.909588 0.263019
vt 0.038702 0.906157
vt 0.365145 0.941928
vt 0.249295 0.781547
vt 0.064911 0.743791
vt 0.206872 0.889500
vt 0.306794 0.414618
vt 0.979422 0.652771
vt 0.281391 0.868905
vt 0.292008 0.839735
vt 0.316163 0.877108
vt 0.251693 0.872397
vt 0.252496 0.841376
vt 0.285841 0.908837
vt 0.378141 0.010784
vt 0.359521 0.024313
vt 0.363058 0.001142
vt 0.781734 0.074007
vt 0.772016 0.089627
vt 0.492959 0.120096
vt 0.724412 0.945553
vt 0.174197 0.382202
vt 0.167514 0.390647
vt 0.544022 0.450456
vt 0.691971 0.989583
vt 0.705879 0.979479
vt 0.708029 0.995067
vt 0.116574 0.667687
vt 0.865946 0.785698
vt 0.874445 0.754001
vt 0.892758 0.762401
vt 0.059142 0.473709
vt 0.085823 0.825018
vt 0.888657 0.295987
vt 0.134430 0.481269
vt 0.105377 0.829205
vt 0.866363 0.280624
vt 0.205226 0.821335
vt 0.670277 0.112042
vt 0.037932 0.068425
vt 0.027707 0.030266
vt 0.070682 0.039280
vt 0.793429 0.215820
vt 0.298096 0.541576
vt 0.317713 0.526231
vt 0.060541 0.111216
vt 0.250023 0.657818
vt 0.879013 0.731492
vt 0.888253 0.738996
vt 0.860467 0.741289
vt 0.086791 0.156499
vt 0.387464 0.197817
vt 0.387395 0.180381
vt 0.233287 0.091639
vt 0.737185 0.390817
vt 0.366458 0.521396
vt 0.317104 0.368355
vt 0.993366 0.256019
vt 0.964056 0.702096
vt 0.049206 0.474430
vt 0.983097 0.183168
vt 0.074036 0.693823
vt 0.050106 0.715530
vt 0.063716 0.686035
vt 0.358337 0.985161
vt 0.339979 0.964793
vt 0.984557 0.134548
vt 0.871966 0.933682
vt 0.803305 0.764482
vt 0.840174 0.754983
vt 0.238642 0.907966
vt 0.407689 0.888928
vt 0.409839 0.878586
vt 0.235618 0.711048
vt 0.596688 0.528391
vt 0.590644 0.688906
vt 0.187457 0.582029
vt 0.197508 0.007765
vt 0.182069 0.012460
vt 0.182069 0.000545
vt 0.197671 0.000527
vt 0.073218 0.527416
vt 0.524247 0.845233
vt 0.069035 0.632114
vt 0.982432 0.987367
vt 0.711121 0.298995
vt 0.720782 0.310096
vt 0.695456 0.303421
vt 0.501950 0.209780
vt 0.740949 0.939941
vt 0.387143 0.540363
vt 0.096464 0.157033
vt 0.086420 0.158768
vt 0.235602 0.103009
vt 0.111562 0.153916
vt 0.939302 0.620847
vt 0.082960 0.013347
vt 0.094635 0.045136
vt 0.082617 0.000058
vt 0.473052 0.090615
vt 0.454947 0.096520
vt 0.089170 0.595370
vt 0.746781 0.905972
vt 0.407821 0.499599
vt 0.602642 0.664116
vt 0.012707 0.048252
vt 0.007325 0.035637
vt 0.956593 0.019585
vt 0.951846 0.012265
vt 0.017614 0.044365
vt 0.140009 0.030048
vt 0.155877 0.032507
vt 0.139402 0.041515
vt 0.144505 0.018040
vt 0.358900 0.004908
vt 0.358900 0.025222
vt 0.330970 0.011620
vt 0.357919 0.183813
vt 0.343291 0.166167
vt 0.342390 0.568341
vt 0.448187 0.145354
vt 0.271769 0.368701
vt 0.282144 0.325458
vt 0.698235 0.902349
vt 0.750969 0.973132
vt 0.746197 0.978787
vt 0.745808 0.968832
vt 0.210205 0.644282
vt 0.399269 0.782215
vt 0.501407 0.823388
vt 0.874957 0.718178
vt 0.885535 0.730821
vt 0.039273 0.548427
vt 0.300773 0.922275
vt 0.986489 0.078826
vt 0.970165 0.074900
vt 0.972764 0.063838
vt 0.316765 0.887942
vt 0.307406 0.102028
vt 0.546021 0.418995
vt 0.819702 0.067603
vt 0.166913 0.163421
vt 0.153625 0.162815
vt 0.443204 0.091009
vt 0.760098 0.653674
vt 0.112094 0.072341
vt 0.773566 0.855070
vt 0.796598 0.849559
vt 0.899086 0.323929
vt 0.204815 0.956502
vt 0.220084 0.958100
vt 0.217840 0.970823
vt 0.201734 0.970435
vt 0.385658 0.210827
vt 0.516517 0.610426
vt 0.496926 0.612564
vt 0.916575 0.865426
vt 0.725083 0.172024
vt 0.680153 0.947335
vt 0.686051 0.950680
vt 0.680932 0.957726
vt 0.105440 0.333326
vt 0.078011 0.334885
vt 0.894343 0.118624
vt 0.898407 0.147150
vt 0.579017 0.152451
vt 0.578949 0.170810
vt 0.676187 0.039648
vt 0.444751 0.957048
vt 0.882501 0.900450
vt 0.889162 0.890999
vt 0.185209 0.932491
vt 0.264708 0.358269
vt 0.250244 0.339414
vt 0.834863 0.072401
vt 0.971377 0.741670
vt 0.129685 0.664443
vt 0.136553 0.671143
vt 0.749970 0.986579
vt 0.741334 0.981339
vt 0.740392 0.994805
vt 0.751037 0.992166
vt 0.181084 0.236890
vt 0.174694 0.227544
vt 0.887887 0.399723
vt 0.104777 0.151716
vt 0.439698 0.092110
vt 0.462298 0.976238
vt 0.468928 0.963516
vt 0.459846 0.992724
vt 0.439831 0.980966
vt 0.441343 0.967501
vt 0.532045 0.995269
vt 0.532045 0.980316
vt 0.543799 0.994551
vt 0.079950 0.010720
vt 0.024985 0.008458
vt 0.669691 0.898271
vt 0.651387 0.891443
vt 0.678505 0.902632
vt 0.615914 0.163585
vt 0.657192 0.875335
vt 0.687608 0.891032
vt 0.011097 0.284343
vt 0.484311 0.179830
vt 0.211725 0.804306
vt 0.445334 0.340704
vt 0.462297 0.326459
vt 0.788197 0.958613
vt 0.497138 0.106793
vt 0.835204 0.000176
vt 0.195205 0.897665
vt 0.517913 0.098949
vt 0.519389 0.105489
vt 0.317908 0.906697
vt 0.306322 0.915066
vt 0.938066 0.993247
vt 0.392410 0.877262
vt 0.919485 0.735256
vt 0.897875 0.736822
vt 0.581746 0.079082
vt 0.946297 0.621360
vt 0.007077 0.034548
vt 0.012061 0.031852
vt 0.408524 0.134035
vt 0.694098 0.099030
vt 0.945392 0.893400
vt 0.978963 0.962058
vt 0.124680 0.251183
vt 0.527735 0.796613
vt 0.488002 0.959424
vt 0.486646 0.966635
vt 0.266867 0.730954
vt 0.250934 0.733216
vt 0.260538 0.398897
vt 0.386071 0.994209
vt 0.234740 0.944407
vt 0.223479 0.979065
vt 0.222922 0.942494
vt 0.780487 0.087928
vt 0.785381 0.066110
vt 0.993669 0.146313
vt 0.993162 0.184580
vt 0.865017 0.412252
vt 0.208057 0.816722
vt 0.197854 0.826115
vt 0.150379 0.144287
vt 0.676343 0.925612
vt 0.672636 0.931419
vt 0.977891 0.591542
vt 0.908532 0.567084
vt 0.018918 0.815034
vt 0.705531 0.374990
vt 0.932045 0.456434
vt 0.230077 0.031493
vt 0.197926 0.514783
vt 0.391360 0.896042
vt 0.248265 0.543007
vt 0.532347 0.014825
vt 0.523224 0.008451
vt 0.532066 0.000765
vt 0.083449 0.980977
vt 0.083449 0.994608
vt 0.059928 0.990096
vt 0.392578 0.687027
vt 0.021482 0.192525
vt 0.045958 0.188755
vt 0.711431 0.740675
vt 0.710189 0.757006
vt 0.545296 0.956155
vt 0.377930 0.699003
vt 0.969889 0.238181
vt 0.947581 0.243446
vt 0.957452 0.218484
vt 0.504462 0.400437
vt 0.006165 0.242133
vt 0.001058 0.248219
vt 0.000588 0.235937
vt 0.410127 0.814547
vt 0.405226 0.822611
vt 0.577250 0.504526
vt 0.584200 0.487618
vt 0.585685 0.509679
vt 0.317476 0.903156
vt 0.312216 0.821154
vt 0.287302 0.840003
vt 0.271585 0.858000
vt 0.312248 0.093146
vt 0.310119 0.100614
vt 0.225476 0.680264
vt 0.032597 0.362944
vt 0.029927 0.349522
vt 0.896955 0.730403
vt 0.217198 0.034924
vt 0.129323 0.774186
vt 0.829131 0.168495
vt 0.097851 0.892885
vt 0.173838 0.003260
vt 0.183751 0.022714
vt 0.153912 0.012251
vt 0.549094 0.023212
vt 0.586457 0.020406
vt 0.584212 0.023637
vt 0.165414 0.525640
vt 0.139887 0.516047
vt 0.187662 0.517443
vt 0.619226 0.913865
vt 0.619829 0.893357
vt 0.638301 0.894087
vt 0.630256 0.930092
vt 0.691943 0.907280
vt 0.114653 0.772967
vt 0.001836 0.561020
vt 0.006880 0.001816
vt 0.299862 0.963291
vt 0.313125 0.957933
vt 0.302487 0.987002
vt 0.269471 0.170616
vt 0.265294 0.164225
vt 0.300960 0.291938
vt 0.384662 0.941623
vt 0.348597 0.927910
vt 0.377020 0.210378
vt 0.508362 0.017896
vt 0.209642 0.807761
vt 0.867158 0.531910
vt 0.791052 0.066848
vt 0.788290 0.042984
vt 0.007868 0.129674
vt 0.034916 0.540145
vt 0.686655 0.047054
vt 0.007454 0.534390
vt 0.723254 0.788088
vt 0.599479 0.368114
vt 0.753747 0.935494
vt 0.919942 0.882736
vt 0.913953 0.897271
vt 0.984806 0.062540
vt 0.409684 0.902665
vt 0.018764 0.803589
vt 0.094460 0.959065
vt 0.106490 0.947286
vt 0.054420 0.971189
vt 0.140637 0.763281
vt 0.949801 0.741906
vt 0.956562 0.738818
vt 0.753444 0.912113
vt 0.947689 0.629824
vt 0.900909 0.784973
vt 0.016493 0.873902
vt 0.026870 0.905839
vt 0.000143 0.903027
vt 0.698655 0.080670
vt 0.554789 0.208033
vt 0.531538 0.977131
vt 0.902843 0.501744
vt 0.761338 0.643118
vt 0.416999 0.427986
vt 0.807491 0.028304
vt 0.253559 0.541646
vt 0.219385 0.981931
vt 0.220987 0.680279
vt 0.242100 0.869826
vt 0.394584 0.043682
vt 0.377850 0.065885
vt 0.032731 0.960125
vt 0.899623 0.807082
vt 0.068293 0.934465
vt 0.067590 0.923041
vt 0.046503 0.579235
vt 0.047627 0.599058
vt 0.028627 0.602408
vt 0.017625 0.579671
vt 0.199615 0.440453
vt 0.560767 0.527471
vt 0.073482 0.539017
vt 0.224986 0.332795
vt 0.066353 0.739919
vt 0.584086 0.003414
vt 0.583114 0.000742
vt 0.622081 0.000962
vt 0.849358 0.256955
vt 0.615107 0.054109
vt 0.551999 0.900631
vt 0.998962 0.162760
vt 0.470763 0.962335
vt 0.691265 0.893152
vt 0.683869 0.885059
vt 0.249151 0.845034
vt 0.394421 0.890466
vt 0.997674 0.196830
vt 0.307923 0.580259
vt 0.447086 0.371105
vt 0.223361 0.551146
vt 0.136119 0.162026
vt 0.147978 0.149193
vt 0.148494 0.189879
vt 0.661591 0.037755
vt 0.156858 0.149335
vt 0.988026 0.453394
vt 0.959284 0.453666
vt 0.961450 0.452939
vt 0.481405 0.880135
vt 0.203481 0.983238
vt 0.109108 0.073085
vt 0.286273 0.972621
vt 0.100356 0.418425
vt 0.240910 0.736108
vt 0.166115 0.075203
vt 0.142798 0.015101
vt 0.156255 0.698118
vt 0.502128 0.058424
vt 0.657998 0.012247
vt 0.640704 0.006628
vt 0.655127 0.001259
vt 0.147971 0.001259
vt 0.023497 0.330939
vt 0.487539 0.902115
vt 0.108085 0.038113
vt 0.033739 0.099421
vt 0.231271 0.010136
vt 0.216715 0.020765
vt 0.216756 0.014342
vt 0.225902 0.000235
vt 0.509731 0.018456
vt 0.016269 0.625969
vt 0.039543 0.628557
vt 0.941441 0.008844
vt 0.955650 0.020767
vt 0.924870 0.020016
vt 0.984156 0.947914
vt 0.958451 0.962507
vt 0.966504 0.940255
vt 0.976927 0.939831
vt 0.750887 0.978343
vt 0.000376 0.222992
vt 0.002787 0.226713
vt 0.000063 0.228481
vt 0.005501 0.221389
vt 0.005552 0.222334
vt 0.005651 0.225455
vt 0.964904 0.354607
vt 0.976344 0.330018
vt 0.679663 0.946171
vt 0.000699 0.229533
vt 0.482062 0.970425
vt 0.807980 0.766605
vt 0.857400 0.687590
vt 0.777668 0.001591
vt 0.808729 0.025179
vt 0.786271 0.038928
vt 0.813501 0.002985
vt 0.001133 0.367942
vt 0.672044 0.037820
vt 0.108443 0.710811
vt 0.326663 0.001141
vt 0.312719 0.045093
vt 0.223247 0.001756
vt 0.382450 0.980130
vt 0.293846 0.959710
vt 0.954988 0.449517
vt 0.958787 0.450599
vt 0.957072 0.454333
vt 0.812021 0.663429
vt 0.766854 0.317876
vt 0.942189 0.005703
vt 0.923882 0.019004
vt 0.923266 0.000217
vt 0.403216 0.595851
vt 0.227596 0.995305
vt 0.227596 0.976124
vt 0.246171 0.989789
vt 0.345167 0.671581
vt 0.250128 0.701230
vt 0.914476 0.976144
vt 0.927167 0.979464
vt 0.923512 0.994656
vt 0.973900 0.830002
vt 0.980775 0.817797
vt 0.985370 0.837257
s 1
usemtl Material
f 1/1/1 2/2/2 3/3/3
f 1/4/1 4/5/4 5/6/5
f 1/4/1 6/7/6 4/5/4
f 1/4/1 5/6/5 7/8/7
f 1/1/1 8/9/8 2/2/2
f 1/4/1 7/8/7 8/10/8
f 1/1/1 3/3/3 6/11/6
f 9/12/9 10/13/10 11/14/11
f 9/12/9 12/15/12 10/13/10
f 9/16/9 13/17/13 14/18/14
f 9/16/9 14/18/14 12/19/12
f 9/12/9 11/14/11 15/20/15
f 9/16/9 15/21/15 13/17/13
f 16/22/16 17/23/17 18/24/18
f 16/22/16 19/25/19 20/26/20
f 16/22/16 18/24/18 21/27/21
f 16/22/16 21/27/21 19/25/19
f 16/22/16 20/26/20 17/23/17
f 22/28/22 23/29/23 24/30/24
f 22/31/22 25/32/25 26/33/26
f 22/28/22 24/30/24 27/34/27
f 22/31/22 26/33/26 28/35/28
f 22/28/22 27/34/27 25/36/25
f 22/28/22 28/37/28 23/29/23
f 29/38/29 30/39/30 31/40/31
f 29/38/29 31/40/31 32/41/32
f 29/38/29 33/42/33 34/43/34
f 29/38/29 34/43/34 35/44/35
f 29/38/29 35/44/35 30/39/30
f 29/38/29 32/41/32 33/42/33
f 36/45/36 37/46/37 38/47/38
f 36/45/36 39/48/39 40/49/40
f 36/45/36 38/47/38 41/50/41
f 36/45/36 41/50/41 42/51/42
f 36/45/36 40/49/40 37/46/37
f 36/45/36 42/51/42 39/48/39
f 43/52/43 44/53/44 45/54/45
f 43/52/43 45/54/45 46/55/46
f 43/52/43 47/56/47 48/57/48
f 43/52/43 48/57/48 44/53/44
f 43/52/43 46/55/46 47/56/47
f 49/58/49 50/59/50 51/60/51
f 49/58/49 52/61/52 50/59/50
f 49/62/49 53/63/53 54/64/54
f 49/62/49 51/65/51 53/63/53
f 49/58/49 54/66/54 52/61/52
f 55/67/55 56/68/56 57/69/57
f 55/67/55 58/70/58 59/71/59
f 55/72/55 60/73/60 56/74/56
f 55/67/55 57/69/57 61/75/61
f 55/67/55 59/71/59 60/76/60
f 55/67/55 61/75/61 58/70/58
f 62/77/62 63/78/63 64/79/64
f 62/80/62 65/81/65 66/82/66
f 62/80/62 67/83/67 68/84/68
f 62/80/62 66/82/66 67/83/67
f 62/80/62 68/84/68 63/85/63
f 62/80/62 64/86/64 65/81/65
f 69/87/69 70/88/70 71/89/71
f 69/87/69 71/89/71 72/90/72
f 69/91/69 73/92/73 74/93/74
f 69/87/69 75/94/75 73/95/73
f 69/87/69 72/90/72 75/94/75
f 69/91/69 74/93/74 70/96/70
f 76/97/76 77/98/77 78/99/78
f 76/100/76 79/101/79 80/102/80
f 76/97/76 81/103/81 82/104/82
f 76/100/76 82/105/82 79/101/79
f 76/97/76 78/99/78 81/103/81
f 76/100/76 80/102/80 77/106/77
f 83/107/83 84/108/84 85/109/85
f 83/107/83 86/110/86 87/111/87
f 83/107/83 85/109/85 86/110/86
f 83/107/83 87/111/87 88/112/88
f 83/107/83 88/112/88 84/108/84
f 89/113/89 90/114/90 91/115/91
f 89/116/89 92/117/92 93/118/93
f 89/116/89 94/119/94 95/120/95
f 89/116/89 95/120/95 92/117/92
f 89/121/89 93/122/93 90/123/90
f 89/113/89 91/115/91 94/124/94
f 96/125/96 97/126/97 98/127/98
f 96/125/96 98/127/98 99/128/99
f 96/125/96 100/129/100 97/126/97
f 96/130/96 99/131/99 101/132/101
f 96/130/96 102/133/102 100/134/100
f 96/130/96 101/132/101 102/133/102
f 103/135/103 104/136/104 105/137/105
f 103/138/103 106/139/106 104/140/104
f 103/138/103 107/141/107 106/139/106
f 103/135/103 105/137/105 108/142/108
f 103/138/103 109/143/109 107/141/107
f 103/138/103 108/144/108 109/143/109
f 110/145/110 111/146/111 112/147/112
f 110/145/110 112/147/112 113/148/113
f 110/149/110 114/150/114 115/151/115
f 110/149/110 116/152/116 114/150/114
f 110/153/110 115/154/115 111/155/111
f 110/149/110 113/156/113 116/152/116
f 117/157/117 118/158/118 119/159/119
f 117/157/117 120/160/120 121/161/121
f 117/157/117 119/159/119 122/162/122
f 117/157/117 123/163/123 120/160/120
f 117/157/117 121/161/121 118/158/118
f 117/157/117 122/162/122 123/163/123
f 124/164/124 125/165/125 126/166/126
f 124/164/124 127/167/127 128/168/128
f 124/164/124 126/166/126 129/169/129
f 124/164/124 128/168/128 125/165/125
f 124/164/124 129/169/129 127/167/127
f 130/170/130 131/171/131 132/172/132
f 130/173/130 132/174/132 133/175/133
f 130/173/130 133/175/133 134/176/134
f 130/170/130 135/177/135 131/171/131
f 130/178/130 136/179/136 137/180/137
f 130/178/130 137/180/137 135/181/135
f 130/178/130 134/182/134 136/179/136
f 138/183/138 139/184/139 140/185/140
f 138/183/138 140/185/140 141/186/141
f 138/183/138 141/186/141 142/187/142
f 143/188/143 144/189/144 145/190/145
f 143/191/143 146/192/146 147/193/147
f 143/191/143 147/193/147 148/194/148
f 143/188/143 148/195/148 149/196/149
f 143/188/143 149/196/149 144/189/144
f 143/191/143 145/197/145 146/192/146
f 150/198/150 151/199/151 152/200/152
f 150/201/150 153/202/153 154/203/154
f 150/201/150 152/204/152 153/202/153
f 150/201/150 154/203/154 155/205/155
f 150/201/150 155/205/155 151/206/151
f 156/207/156 157/208/157 158/209/158
f 156/210/156 159/211/159 160/212/160
f 156/210/156 160/212/160 161/213/161
f 156/210/156 158/214/158 162/215/162
f 156/210/156 161/213/161 157/216/157
f 156/210/156 162/215/162 159/211/159
f 163/217/163 164/218/164 165/219/165
f 163/217/163 166/220/166 167/221/167
f 163/217/163 165/219/165 166/220/166
f 168/222/168 169/223/169 170/224/170
f 168/222/168 170/224/170 171/225/171
f 168/222/168 172/226/172 169/223/169
f 168/222/168 171/225/171 173/227/173
f 168/228/168 173/229/173 174/230/174
f 168/231/168 175/232/175 172/233/172
f 168/231/168 174/234/174 175/232/175
f 176/235/176 177/236/177 178/237/178
f 176/238/176 179/239/179 177/240/177
f 176/241/176 180/242/180 179/243/179
f 176/241/176 178/244/178 181/245/181
f 176/241/176 181/245/181 180/242/180
f 182/246/182 183/247/183 184/248/184
f 182/246/182 185/249/185 186/250/186
f 182/246/182 186/250/186 183/247/183
f 182/246/182 187/251/187 185/249/185
f 182/246/182 184/248/184 188/252/188
f 182/246/182 188/252/188 187/251/187
f 189/253/189 190/254/190 191/255/191
f 189/253/189 192/256/192 193/257/193
f 189/253/189 191/255/191 194/258/194
f 189/253/189 193/257/193 190/254/190
f 189/253/189 194/258/194 192/256/192
f 195/259/195 196/260/196 197/261/197
f 195/259/195 197/261/197 198/262/198
f 195/259/195 198/262/198 199/263/199
f 195/259/195 200/264/200 196/260/196
f 195/259/195 199/263/199 200/264/200
f 201/265/201 202/266/202 203/267/203
f 201/268/201 204/269/204 205/270/205
f 201/268/201 206/271/206 202/272/202
f 201/268/201 207/273/207 206/271/206
f 201/268/201 205/270/205 207/273/207
f 201/265/201 203/267/203 208/274/208
f 201/265/201 208/274/208 204/275/204
f 209/276/209 210/277/210 211/278/211
f 209/279/209 212/280/212 213/281/213
f 209/276/209 214/282/214 212/283/212
f 209/276/209 211/278/211 215/284/215
f 209/276/209 213/285/213 210/277/210
f 209/276/209 215/284/215 216/286/216
f 209/276/209 216/286/216 214/282/214
f 217/287/217 218/288/218 219/289/219
f 217/290/217 220/291/220 221/292/221
f 217/290/217 221/292/221 218/293/218
f 222/294/222 223/295/223 224/296/224
f 222/297/222 225/298/225 226/299/226
f 222/297/222 227/300/227 225/298/225
f 222/294/222 228/301/228 223/295/223
f 222/297/222 226/299/226 228/302/228
f 222/297/222 224/303/224 227/300/227
f 229/304/229 230/305/230 231/306/231
f 229/304/229 232/307/232 233/308/233
f 229/304/229 233/308/233 230/305/230
f 234/309/234 235/310/235 236/311/236
f 234/312/234 237/313/237 238/314/238
f 234/312/234 236/315/236 237/313/237
f 239/316/239 240/317/240 241/318/241
f 239/316/239 242/319/242 243/320/243
f 239/316/239 241/318/241 242/319/242
f 239/316/239 243/320/243 244/321/244
f 239/316/239 244/321/244 240/317/240
f 245/322/245 246/323/246 247/324/247
f 245/322/245 248/325/248 249/326/249
f 245/322/245 247/324/247 250/327/250
f 245/322/245 251/328/251 248/325/248
f 245/322/245 252/329/252 251/328/251
f 245/322/245 249/326/249 246/323/246
f 245/322/245 250/327/250 252/329/252
f 253/330/253 254/331/254 255/332/255
f 253/333/253 256/334/256 257/335/257
f 253/333/253 258/336/258 259/337/259
f 253/333/253 257/335/257 254/338/254
f 253/339/253 260/340/260 258/341/258
f 253/333/253 259/337/259 256/334/256
f 253/339/253 255/342/255 260/340/260
f 261/343/261 262/344/262 263/345/263
f 261/346/261 264/347/264 265/348/265
f 261/346/261 266/349/266 262/350/262
f 261/346/261 265/348/265 266/349/266
f 261/343/261 263/345/263 264/351/264
f 267/352/267 268/353/268 269/354/269
f 267/352/267 270/355/270 271/356/271
f 267/352/267 272/357/272 268/353/268
f 267/352/267 271/356/271 272/357/272
f 267/352/267 269/354/269 270/355/270
f 273/358/273 274/359/274 275/360/275
f 273/361/273 276/362/276 277/363/277
f 273/364/273 275/365/275 276/366/276
f 273/361/273 277/363/277 278/367/278
f 279/368/279 280/369/280 281/370/281
f 279/371/279 282/372/282 283/373/283
f 279/371/279 284/374/284 282/372/282
f 279/371/279 285/375/285 280/376/280
f 279/377/279 281/378/281 284/379/284
f 279/371/279 283/373/283 285/375/285
f 286/380/286 287/381/287 288/382/288
f 286/380/286 289/383/289 290/384/290
f 286/385/286 291/386/291 292/387/292
f 286/380/286 288/382/288 293/388/293
f 286/389/286 294/390/294 287/391/287
f 286/380/286 293/388/293 289/383/289
f 286/389/286 292/392/292 294/390/294
f 286/385/286 290/393/290 291/386/291
f 295/394/295 296/395/296 297/396/297
f 295/397/295 298/398/298 299/399/299
f 295/394/295 300/400/300 301/401/301
f 295/397/295 299/399/299 300/402/300
f 295/403/295 302/404/302 298/405/298
f 295/394/295 301/401/301 296/395/296
f 295/403/295 297/406/297 302/404/302
f 303/407/303 304/408/304 305/409/305
f 303/407/303 306/410/306 307/411/307
f 303/412/303 305/413/305 308/414/308
f 303/407/303 309/415/309 304/408/304
f 303/412/303 308/414/308 306/416/306
f 303/407/303 307/411/307 310/417/310
f 303/407/303 310/417/310 309/415/309
f 210/277/210 311/418/311 211/278/211
f 210/419/210 213/281/213 312/420/312
f 210/419/210 312/420/312 311/421/311
f 313/422/313 314/423/314 315/424/315
f 313/422/313 315/424/315 220/291/220
f 316/425/316 317/426/317 318/427/318
f 316/425/316 319/428/319 320/429/320
f 316/425/316 318/427/318 319/428/319
f 316/425/316 321/430/321 322/431/322
f 316/425/316 320/429/320 321/430/321
f 316/425/316 322/431/322 317/426/317
f 323/432/323 324/433/324 325/434/325
f 323/432/323 326/435/326 327/436/327
f 323/432/323 325/434/325 328/437/328
f 323/432/323 327/436/327 329/438/329
f 323/432/323 328/437/328 326/435/326
f 323/432/323 329/438/329 324/433/324
f 23/29/23 330/439/330 24/30/24
f 23/29/23 331/440/331 330/439/330
f 23/29/23 332/441/332 331/440/331
f 23/29/23 28/37/28 332/441/332
f 333/442/333 334/443/334 335/444/335
f 333/442/333 336/445/336 337/446/337
f 333/442/333 337/446/337 338/447/338
f 333/442/333 335/444/335 336/445/336
f 333/442/333 338/447/338 339/448/339
f 333/442/333 339/448/339 334/443/334
f 340/449/340 341/450/341 342/451/342
f 340/449/340 343/452/343 344/453/344
f 340/454/340 345/455/345 346/456/346
f 340/454/340 347/457/347 345/455/345
f 340/449/340 342/451/342 343/452/343
f 340/449/340 346/458/346 341/450/341
f 340/449/340 344/453/344 347/459/347
f 348/460/348 349/461/349 350/462/350
f 348/463/348 204/275/204 351/464/351
f 348/463/348 351/464/351 352/465/352
f 348/463/348 352/465/352 349/466/349
f 348/460/348 205/270/205 204/269/204
f 348/460/348 350/462/350 205/270/205
f 353/467/353 354/468/354 355/469/355
f 353/470/353 356/471/356 357/472/357
f 353/470/353 358/473/358 356/471/356
f 353/467/353 355/469/355 358/474/358
f 353/467/353 357/475/357 354/468/354
f 359/476/359 360/477/360 361/478/361
f 359/479/359 362/480/362 363/481/363
f 359/479/359 364/482/364 362/480/362
f 359/479/359 361/483/361 364/482/364
f 359/476/359 365/484/365 360/477/360
f 359/476/359 363/485/363 365/484/365
f 366/486/366 367/487/367 368/488/368
f 366/486/366 369/489/369 367/487/367
f 366/490/366 368/491/368 370/492/370
f 366/490/366 371/493/371 369/494/369
f 366/490/366 372/495/372 371/493/371
f 366/490/366 370/492/370 372/495/372
f 373/496/373 374/497/374 375/498/375
f 373/496/373 375/498/375 376/499/376
f 373/500/373 377/501/377 374/502/374
f 373/500/373 376/503/376 378/504/378
f 373/500/373 378/504/378 379/505/379
f 373/500/373 379/505/379 377/501/377
f 380/506/380 381/507/381 382/508/382
f 380/509/380 382/510/382 383/511/383
f 380/512/380 384/513/384 385/514/385
f 380/506/380 385/515/385 386/516/386
f 380/512/380 383/517/383 384/513/384
f 380/506/380 386/516/386 381/507/381
f 387/518/387 388/519/388 389/520/389
f 387/521/387 390/522/390 391/523/391
f 387/521/387 389/524/389 390/522/390
f 387/521/387 392/525/392 393/526/393
f 387/521/387 393/526/393 388/527/388
f 387/521/387 391/523/391 392/525/392
f 394/528/394 395/529/395 396/530/396
f 394/531/394 397/532/397 395/533/395
f 394/534/394 398/535/398 399/536/399
f 394/528/394 396/530/396 398/537/398
f 394/538/394 399/539/399 400/540/400
f 394/531/394 400/541/400 397/532/397
f 401/542/401 402/543/402 403/544/403
f 401/545/401 98/127/98 404/546/404
f 401/542/401 404/547/404 405/548/405
f 401/542/401 406/549/406 402/543/402
f 401/542/401 405/548/405 406/549/406
f 401/545/401 403/550/403 98/127/98
f 407/551/407 408/552/408 51/65/51
f 407/551/407 409/553/409 410/554/410
f 407/551/407 410/554/410 408/552/408
f 407/551/407 411/555/411 409/553/409
f 407/551/407 51/65/51 411/555/411
f 412/556/412 413/557/413 414/558/414
f 412/559/412 414/560/414 415/561/415
f 412/556/412 416/562/416 417/563/417
f 412/556/412 415/564/415 416/562/416
f 412/556/412 417/563/417 413/557/413
f 418/565/418 419/566/419 420/567/420
f 418/565/418 420/567/420 421/568/421
f 418/565/418 422/569/422 419/566/419
f 418/565/418 421/568/421 422/569/422
f 423/570/423 424/571/424 425/572/425
f 423/573/423 426/574/426 427/575/427
f 423/570/423 425/572/425 428/576/428
f 423/573/423 427/575/427 429/577/429
f 423/570/423 429/578/429 424/571/424
f 423/579/423 428/580/428 426/581/426
f 430/582/430 431/583/431 432/584/432
f 430/582/430 433/585/433 431/583/431
f 430/582/430 434/586/434 433/585/433
f 430/582/430 432/584/432 435/587/435
f 430/582/430 435/587/435 434/586/434
f 436/588/436 437/589/437 438/590/438
f 436/588/436 438/590/438 439/591/439
f 436/588/436 439/591/439 440/592/440
f 436/588/436 440/592/440 441/593/441
f 436/588/436 442/594/442 437/589/437
f 436/588/436 441/593/441 442/594/442
f 443/595/443 444/596/444 445/597/445
f 443/595/443 13/598/13 15/599/15
f 443/595/443 446/600/446 444/596/444
f 443/595/443 445/597/445 13/598/13
f 443/595/443 15/599/15 447/601/447
f 443/595/443 447/601/447 446/600/446
f 448/602/448 125/603/125 449/604/449
f 448/602/448 450/605/450 125/603/125
f 448/606/448 449/607/449 451/608/451
f 448/602/448 451/609/451 450/605/450
f 452/610/452 185/611/185 453/612/453
f 452/613/452 454/614/454 162/215/162
f 452/610/452 455/615/455 185/611/185
f 452/610/452 158/616/158 455/615/455
f 452/610/452 453/612/453 454/617/454
f 452/610/452 162/618/162 158/616/158
f 84/619/84 456/620/456 457/621/457
f 84/619/84 458/622/458 85/623/85
f 84/108/84 88/112/88 456/624/456
f 84/619/84 457/621/457 458/622/458
f 459/625/459 460/626/460 461/627/461
f 459/625/459 462/628/462 463/629/463
f 459/625/459 464/630/464 462/628/462
f 459/625/459 465/631/465 460/626/460
f 459/625/459 461/627/461 464/630/464
f 459/625/459 463/629/463 466/632/466
f 459/625/459 466/632/466 465/631/465
f 111/155/111 467/633/467 468/634/468
f 111/146/111 469/635/469 112/147/112
f 111/155/111 115/154/115 467/633/467
f 111/155/111 468/634/468 469/636/469
f 470/637/470 471/638/471 472/639/472
f 470/637/470 473/640/473 471/638/471
f 470/641/470 474/642/474 475/643/475
f 470/641/470 476/644/476 473/645/473
f 470/641/470 475/643/475 476/644/476
f 470/641/470 472/646/472 474/642/474
f 477/647/477 478/648/478 479/649/479
f 477/647/477 479/649/479 480/650/480
f 477/647/477 481/651/481 478/648/478
f 477/647/477 482/652/482 481/651/481
f 477/647/477 480/650/480 482/652/482
f 483/653/483 484/654/484 485/655/485
f 483/653/483 486/656/486 487/657/487
f 483/653/483 485/655/485 488/658/488
f 483/659/483 489/660/489 490/661/490
f 483/659/483 490/661/490 484/662/484
f 483/659/483 487/663/487 489/660/489
f 483/653/483 488/658/488 486/656/486
f 491/664/491 492/665/492 493/666/493
f 491/664/491 45/54/45 494/667/494
f 491/664/491 495/668/495 46/55/46
f 491/664/491 494/667/494 492/665/492
f 491/664/491 493/666/493 495/668/495
f 491/664/491 46/55/46 45/54/45
f 496/669/496 497/670/497 498/671/498
f 499/672/499 500/673/500 501/674/501
f 499/675/499 502/676/502 500/677/500
f 499/678/499 503/679/503 504/680/504
f 499/681/499 505/682/505 502/683/502
f 499/678/499 501/684/501 503/679/503
f 499/678/499 504/680/504 505/685/505
f 506/686/506 507/687/507 508/688/508
f 506/686/506 437/689/437 509/690/509
f 506/686/506 510/691/510 437/689/437
f 506/686/506 508/688/508 510/691/510
f 506/686/506 509/690/509 507/687/507
f 511/692/511 512/693/512 513/694/513
f 511/692/511 514/695/514 512/693/512
f 515/696/515 516/697/516 517/698/517
f 515/696/515 518/699/518 93/700/93
f 515/696/515 519/701/519 516/697/516
f 515/702/515 520/703/520 519/704/519
f 515/696/515 93/700/93 520/705/520
f 515/696/515 517/698/517 518/699/518
f 521/706/521 522/707/522 523/708/523
f 521/706/521 294/390/294 522/707/522
f 521/706/521 524/709/524 294/390/294
f 521/706/521 523/708/523 524/709/524
f 10/13/10 12/15/12 525/710/525
f 10/13/10 525/710/525 526/711/526
f 10/13/10 527/712/527 11/14/11
f 10/13/10 526/711/526 527/712/527
f 528/713/528 17/23/17 529/714/529
f 528/713/528 530/715/530 531/716/531
f 528/713/528 18/24/18 17/23/17
f 528/713/528 529/714/529 530/715/530
f 528/713/528 531/716/531 18/24/18
f 532/717/532 533/718/533 534/719/534
f 532/717/532 535/720/535 536/721/536
f 532/717/532 536/721/536 533/718/533
f 532/722/532 537/723/537 535/724/535
f 532/722/532 538/725/538 537/723/537
f 532/726/532 534/727/534 538/728/538
f 539/729/539 540/730/540 193/257/193
f 539/731/539 541/732/541 540/733/540
f 539/729/539 193/257/193 542/734/542
f 539/729/539 542/734/542 543/735/543
f 539/731/539 543/736/543 544/737/544
f 539/731/539 544/737/544 541/732/541
f 545/738/545 546/739/546 547/740/547
f 545/738/545 547/740/547 548/741/548
f 545/738/545 548/741/548 549/742/549
f 545/738/545 549/742/549 546/739/546
f 550/743/550 551/744/551 552/745/552
f 550/743/550 280/746/280 553/747/553
f 550/743/550 553/747/553 551/744/551
f 550/748/550 552/749/552 554/750/554
f 550/748/550 554/750/554 281/370/281
f 550/748/550 281/370/281 280/369/280
f 555/751/555 556/752/556 557/753/557
f 555/751/555 558/754/558 559/755/559
f 555/751/555 560/756/560 558/754/558
f 555/751/555 557/753/557 560/756/560
f 555/751/555 559/755/559 561/757/561
f 555/751/555 561/757/561 556/752/556
f 562/758/562 563/759/563 564/760/564
f 562/758/562 564/760/564 565/761/565
f 562/762/562 565/763/565 566/764/566
f 562/762/562 566/764/566 563/765/563
f 567/766/567 568/767/568 569/768/569
f 567/766/567 569/768/569 570/769/570
f 567/766/567 571/770/571 568/767/568
f 567/771/567 572/772/572 571/773/571
f 567/771/567 570/774/570 573/775/573
f 567/771/567 573/775/573 572/772/572
f 574/776/574 575/777/575 576/778/576
f 574/776/574 576/778/576 577/779/577
f 574/776/574 577/779/577 578/780/578
f 246/323/246 579/781/579 275/360/275
f 246/323/246 275/360/275 580/782/580
f 246/323/246 249/326/249 579/781/579
f 246/323/246 580/782/580 247/324/247
f 581/783/581 582/784/582 583/785/583
f 581/783/581 583/785/583 584/786/584
f 581/787/581 584/788/584 585/789/585
f 581/787/581 585/789/585 586/790/586
f 581/783/581 399/536/399 582/784/582
f 581/783/581 586/791/586 399/536/399
f 587/792/587 588/793/588 589/794/589
f 587/792/587 590/795/590 588/793/588
f 587/792/587 591/796/591 592/797/592
f 587/798/587 593/799/593 594/800/594
f 587/792/587 589/794/589 591/796/591
f 587/792/587 594/801/594 590/795/590
f 587/798/587 592/802/592 593/799/593
f 595/803/595 596/804/596 597/805/597
f 595/803/595 598/806/598 199/807/199
f 595/803/595 597/805/597 599/808/599
f 595/803/595 600/809/600 598/806/598
f 595/803/595 599/808/599 600/809/600
f 595/810/595 199/263/199 596/811/596
f 601/812/601 602/813/602 603/814/603
f 601/812/601 604/815/604 605/816/605
f 601/812/601 603/814/603 604/815/604
f 601/812/601 606/817/606 602/813/602
f 601/818/601 605/819/605 606/820/606
f 607/821/607 608/822/608 609/823/609
f 607/824/607 610/825/610 611/826/611
f 607/821/607 611/827/611 608/822/608
f 607/824/607 612/828/612 610/825/610
f 607/821/607 609/823/609 612/829/612
f 613/830/613 614/831/614 615/832/615
f 613/830/613 616/833/616 614/831/614
f 613/830/613 615/832/615 617/834/617
f 613/830/613 617/834/617 618/835/618
f 613/830/613 619/836/619 616/833/616
f 613/830/613 618/835/618 619/836/619
f 620/837/620 621/838/621 622/839/622
f 620/837/620 258/336/258 623/840/623
f 620/837/620 622/839/622 258/336/258
f 620/841/620 623/842/623 624/843/624
f 620/837/620 624/844/624 621/838/621
f 625/845/625 626/846/626 627/847/627
f 625/845/625 628/848/628 629/849/629
f 625/845/625 627/847/627 630/850/630
f 625/845/625 631/851/631 628/848/628
f 625/845/625 630/850/630 631/851/631
f 625/845/625 629/849/629 626/846/626
f 632/852/632 633/853/633 634/854/634
f 632/855/632 13/856/13 445/857/445
f 632/855/632 635/858/635 14/859/14
f 632/860/632 634/861/634 635/862/635
f 632/863/632 445/864/445 633/865/633
f 632/855/632 14/859/14 13/856/13
f 636/866/636 637/867/637 638/868/638
f 636/866/636 639/869/639 637/867/637
f 636/866/636 640/870/640 641/871/641
f 636/866/636 642/872/642 639/869/639
f 636/866/636 641/871/641 642/872/642
f 636/866/636 638/868/638 640/870/640
f 643/873/643 644/874/644 645/875/645
f 643/873/643 646/876/646 644/874/644
f 643/873/643 647/877/647 646/876/646
f 643/873/643 645/875/645 648/878/648
f 643/873/643 649/879/649 647/877/647
f 643/873/643 648/878/648 649/879/649
f 650/880/650 651/881/651 652/882/652
f 650/880/650 652/882/652 653/883/653
f 650/880/650 654/884/654 651/881/651
f 650/880/650 655/885/655 654/884/654
f 650/886/650 653/887/653 656/888/656
f 650/880/650 656/889/656 655/885/655
f 657/890/657 658/891/658 421/892/421
f 657/890/657 659/893/659 660/894/660
f 657/890/657 660/894/660 658/891/658
f 657/895/657 421/568/421 661/896/661
f 657/890/657 662/897/662 659/893/659
f 657/895/657 661/896/661 662/898/662
f 663/899/663 664/900/664 665/901/665
f 663/902/663 666/903/666 667/904/667
f 663/902/663 667/904/667 668/905/668
f 663/902/663 668/905/668 664/906/664
f 663/902/663 665/907/665 666/903/666
f 669/908/669 670/909/670 671/910/671
f 669/908/669 671/910/671 672/911/672
f 673/912/673 674/913/674 140/185/140
f 673/912/673 140/185/140 139/184/139
f 673/914/673 675/915/675 674/916/674
f 676/917/676 677/918/677 678/919/678
f 676/917/676 679/920/679 680/921/680
f 676/917/676 681/922/681 677/918/677
f 676/917/676 678/919/678 679/920/679
f 676/917/676 680/921/680 681/922/681
f 682/923/682 683/924/683 684/925/684
f 682/923/682 684/925/684 685/926/685
f 682/927/682 686/928/686 687/929/687
f 682/923/682 688/930/688 683/924/683
f 682/927/682 687/929/687 688/931/688
f 682/927/682 685/932/685 686/928/686
f 689/933/689 690/934/690 691/935/691
f 689/933/689 692/936/692 693/937/693
f 689/933/689 694/938/694 690/934/690
f 689/933/689 691/935/691 692/936/692
f 689/933/689 693/937/693 695/939/695
f 689/933/689 695/939/695 694/938/694
f 696/940/696 697/941/697 698/942/698
f 696/940/696 698/942/698 699/943/699
f 696/940/696 700/944/700 701/945/701
f 696/940/696 701/945/701 697/941/697
f 696/940/696 699/943/699 700/944/700
f 702/946/702 703/947/703 704/948/704
f 702/946/702 705/949/705 703/947/703
f 702/950/702 706/951/706 426/581/426
f 702/950/702 426/581/426 428/580/428
f 702/946/702 704/948/704 706/952/706
f 702/950/702 428/580/428 705/953/705
f 608/822/608 707/954/707 609/823/609
f 608/822/608 708/955/708 709/956/709
f 608/822/608 710/957/710 711/958/711
f 608/822/608 611/827/611 710/957/710
f 608/822/608 711/958/711 708/955/708
f 608/822/608 709/956/709 707/954/707
f 712/959/712 713/960/713 714/961/714
f 712/959/712 364/482/364 361/483/361
f 712/962/712 361/478/361 715/963/715
f 712/962/712 715/963/715 716/964/716
f 712/959/712 716/965/716 713/960/713
f 712/959/712 714/961/714 364/482/364
f 717/966/717 230/967/230 718/968/718
f 717/966/717 231/969/231 230/967/230
f 717/966/717 718/968/718 719/970/719
f 720/971/720 721/972/721 722/973/722
f 720/971/720 723/974/723 724/975/724
f 720/971/720 725/976/725 721/972/721
f 720/971/720 726/977/726 723/974/723
f 720/971/720 724/975/724 725/976/725
f 720/971/720 722/973/722 727/978/727
f 720/971/720 727/978/727 726/977/726
f 728/979/728 729/980/729 214/282/214
f 728/979/728 214/282/214 730/981/730
f 728/979/728 730/981/730 648/982/648
f 728/979/728 731/983/731 732/984/732
f 728/979/728 732/984/732 729/980/729
f 728/979/728 648/982/648 731/983/731
f 733/985/733 734/986/734 735/987/735
f 733/985/733 736/988/736 737/989/737
f 733/985/733 735/987/735 738/990/738
f 733/985/733 737/989/737 739/991/739
f 733/985/733 739/991/739 734/986/734
f 733/985/733 738/990/738 736/988/736
f 740/992/740 741/993/741 742/994/742
f 740/992/740 743/995/743 744/996/744
f 740/992/740 742/994/742 745/997/745
f 740/998/740 745/999/745 743/1000/743
f 740/992/740 744/996/744 741/993/741
f 746/1001/746 747/1002/747 748/1003/748
f 746/1001/746 584/788/584 747/1002/747
f 746/1001/746 585/789/585 584/788/584
f 746/1001/746 749/1004/749 585/789/585
f 746/1001/746 748/1003/748 749/1004/749
f 750/1005/750 547/740/547 751/1006/751
f 750/1007/750 752/1008/752 548/1009/548
f 750/1007/750 753/1010/753 752/1008/752
f 750/1007/750 754/1011/754 753/1010/753
f 750/1005/750 548/741/548 547/740/547
f 750/1007/750 751/1012/751 754/1011/754
f 551/744/551 553/747/553 755/1013/755
f 551/744/551 755/1013/755 756/1014/756
f 551/744/551 756/1014/756 552/745/552
f 757/1015/757 758/1016/758 759/1017/759
f 757/1018/757 760/1019/760 761/1020/761
f 757/1015/757 762/1021/762 758/1016/758
f 757/1015/757 759/1017/759 763/1022/763
f 757/1015/757 761/1023/761 762/1021/762
f 757/1018/757 763/1024/763 760/1019/760
f 764/1025/764 765/1026/765 766/1027/766
f 764/1028/764 766/1029/766 767/1030/767
f 764/1028/764 768/1031/768 769/1032/769
f 764/1028/764 767/1030/767 768/1031/768
f 764/1028/764 769/1032/769 770/1033/770
f 764/1028/764 770/1033/770 765/1034/765
f 771/1035/771 772/1036/772 773/1037/773
f 771/1035/771 774/1038/774 775/1039/775
f 771/1035/771 773/1037/773 774/1038/774
f 771/1035/771 775/1039/775 776/1040/776
f 771/1035/771 91/115/91 772/1036/772
f 771/1035/771 776/1040/776 91/115/91
f 278/367/278 777/1041/777 778/1042/778
f 278/367/278 277/363/277 777/1041/777
f 779/1043/779 780/1044/780 707/1045/707
f 779/1043/779 707/1045/707 709/1046/709
f 779/1043/779 781/1047/781 782/1048/782
f 779/1043/779 782/1048/782 783/1049/783
f 779/1043/779 709/1046/709 781/1047/781
f 779/1043/779 783/1049/783 780/1044/780
f 784/1050/784 785/1051/785 786/1052/786
f 784/1050/784 787/1053/787 788/1054/788
f 784/1050/784 58/1055/58 785/1051/785
f 784/1050/784 786/1052/786 789/1056/789
f 784/1050/784 789/1056/789 787/1053/787
f 784/1050/784 788/1054/788 58/1055/58
f 790/1057/790 791/1058/791 792/1059/792
f 790/1057/790 793/1060/793 794/1061/794
f 790/1057/790 794/1061/794 795/1062/795
f 790/1057/790 792/1059/792 793/1060/793
f 790/1057/790 795/1062/795 791/1058/791
f 796/1063/796 450/605/450 797/1064/797
f 796/1063/796 798/1065/798 799/1066/799
f 796/1063/796 797/1064/797 800/1067/800
f 796/1063/796 800/1067/800 801/1068/801
f 796/1063/796 801/1068/801 798/1065/798
f 796/1063/796 799/1066/799 450/605/450
f 802/1069/802 803/1070/803 804/1071/804
f 802/1069/802 804/1071/804 805/1072/805
f 802/1069/802 806/1073/806 807/1074/807
f 802/1069/802 808/1075/808 806/1073/806
f 802/1069/802 807/1074/807 809/1076/809
f 802/1069/802 809/1076/809 803/1070/803
f 802/1069/802 805/1072/805 808/1075/808
f 810/1077/810 811/1078/811 812/1079/812
f 810/1077/810 813/1080/813 739/991/739
f 810/1081/810 814/1082/814 811/1083/811
f 810/1077/810 815/1084/815 813/1080/813
f 810/1081/810 739/1085/739 814/1082/814
f 810/1077/810 812/1079/812 815/1084/815
f 816/1086/816 817/1087/817 818/1088/818
f 816/1086/816 819/1089/819 820/1090/820
f 816/1086/816 821/1091/821 822/1092/822
f 816/1086/816 818/1088/818 821/1091/821
f 816/1086/816 822/1092/822 819/1089/819
f 816/1086/816 820/1090/820 817/1087/817
f 823/1093/823 824/1094/824 825/1095/825
f 823/1096/823 826/1097/826 827/1098/827
f 823/1096/823 827/1098/827 824/1099/824
f 823/1096/823 828/1100/828 826/1097/826
f 823/1093/823 825/1095/825 828/1101/828
f 829/1102/829 830/1103/830 831/1104/831
f 829/1102/829 831/1104/831 832/1105/832
f 829/1106/829 833/1107/833 834/1108/834
f 829/1109/829 834/1110/834 835/1111/835
f 829/1112/829 832/1113/832 833/1114/833
f 829/1102/829 835/1115/835 830/1103/830
f 836/1116/836 837/1117/837 838/1118/838
f 37/1119/37 839/1120/839 65/81/65
f 37/1119/37 65/81/65 840/1121/840
f 37/46/37 840/1122/840 38/47/38
f 37/1119/37 40/1123/40 839/1120/839
f 841/1124/841 842/1125/842 843/1126/843
f 841/1127/841 844/1128/844 842/1129/842
f 845/1130/845 473/645/473 846/1131/846
f 845/1132/845 847/1133/847 848/1134/848
f 845/1130/845 846/1131/846 847/1135/847
f 845/1136/845 848/1137/848 849/1138/849
f 845/1136/845 850/1139/850 473/640/473
f 845/1136/845 849/1138/849 850/1139/850
f 851/1140/851 852/1141/852 853/1142/853
f 851/1143/851 854/1144/854 852/1145/852
f 851/1146/851 855/1147/855 856/1148/856
f 851/1149/851 857/1150/857 858/1151/858
f 851/1143/851 858/1152/858 854/1144/854
f 851/1146/851 856/1148/856 857/1153/857
f 851/1146/851 853/1154/853 855/1147/855
f 859/1155/859 860/1156/860 861/1157/861
f 859/1158/859 862/1159/862 700/944/700
f 859/1160/859 863/1161/863 864/1162/864
f 859/1158/859 700/944/700 863/1163/863
f 859/1158/859 861/1164/861 862/1159/862
f 859/1165/859 865/1166/865 860/1167/860
f 859/1165/859 864/1168/864 865/1166/865
f 866/1169/866 218/293/218 867/1170/867
f 866/1169/866 867/1170/867 868/1171/868
f 866/1169/866 869/1172/869 218/293/218
f 866/1169/866 868/1171/868 870/1173/870
f 866/1174/866 870/1175/870 869/1176/869
f 871/1177/871 872/1178/872 873/1179/873
f 871/1177/871 874/1180/874 872/1178/872
f 871/1181/871 873/1182/873 875/1183/875
f 876/1184/876 877/1185/877 878/1186/878
f 876/1184/876 879/1187/879 880/1188/880
f 876/1184/876 881/1189/881 877/1185/877
f 876/1184/876 882/1190/882 883/1191/883
f 876/1184/876 878/1186/878 879/1187/879
f 876/1184/876 883/1191/883 881/1189/881
f 876/1184/876 880/1188/880 882/1190/882
f 884/1192/884 885/1193/885 886/1194/886
f 884/1195/884 887/1196/887 888/1197/888
f 884/1192/884 889/1198/889 890/1199/890
f 884/1192/884 886/1194/886 889/1198/889
f 884/1195/884 890/1200/890 887/1196/887
f 884/1195/884 888/1197/888 885/1201/885
f 891/1202/891 892/1203/892 893/1204/893
f 891/1202/891 894/1205/894 895/1206/895
f 891/1202/891 893/1204/893 894/1205/894
f 891/1202/891 896/1207/896 897/1208/897
f 891/1202/891 897/1208/897 892/1203/892
f 891/1202/891 895/1206/895 896/1207/896
f 898/1209/898 899/1210/899 900/1211/900
f 898/1209/898 901/1212/901 902/1213/902
f 898/1209/898 903/1214/903 899/1210/899
f 898/1209/898 902/1213/902 903/1214/903
f 898/1215/898 904/1216/904 905/1217/905
f 898/1215/898 900/1218/900 904/1216/904
f 898/1215/898 905/1217/905 901/1219/901
f 703/947/703 705/949/705 906/1220/906
f 703/947/703 906/1220/906 907/1221/907
f 703/1222/703 908/1223/908 909/1224/909
f 703/1222/703 909/1224/909 704/1225/704
f 703/947/703 907/1221/907 908/1226/908
f 910/1227/910 911/1228/911 912/1229/912
f 910/1227/910 913/1230/913 914/1231/914
f 910/1227/910 912/1229/912 913/1230/913
f 910/1227/910 914/1231/914 915/1232/915
f 910/1227/910 915/1232/915 911/1228/911
f 916/1233/916 917/1234/917 918/1235/918
f 916/1233/916 919/1236/919 917/1234/917
f 916/1237/916 920/1238/920 921/1239/921
f 916/1233/916 918/1235/918 920/1240/920
f 916/1237/916 921/1239/921 919/1241/919
f 922/1242/922 923/1243/923 924/1244/924
f 922/1245/922 924/1246/924 925/1247/925
f 922/1242/922 926/1248/926 923/1243/923
f 922/1245/922 925/1247/925 719/970/719
f 922/1245/922 719/970/719 718/968/718
f 922/1242/922 718/1249/718 926/1248/926
f 927/1250/927 928/1251/928 929/1252/929
f 927/1250/927 930/1253/930 931/1254/931
f 927/1250/927 932/1255/932 930/1253/930
f 927/1250/927 933/1256/933 928/1251/928
f 927/1250/927 929/1252/929 932/1255/932
f 927/1250/927 931/1254/931 933/1256/933
f 190/254/190 934/1257/934 935/1258/935
f 190/254/190 936/1259/936 937/1260/937
f 190/254/190 935/1258/935 936/1259/936
f 190/254/190 938/1261/938 939/1262/939
f 190/254/190 939/1262/939 191/255/191
f 190/254/190 937/1260/937 938/1261/938
f 940/1263/940 941/1264/941 942/1265/942
f 940/1263/940 943/1266/943 944/1267/944
f 940/1268/940 945/1269/945 943/1270/943
f 940/1263/940 944/1267/944 946/1271/946
f 940/1263/940 946/1271/946 941/1264/941
f 940/1272/940 942/1273/942 945/1274/945
f 947/1275/947 948/1276/948 949/1277/949
f 947/1275/947 949/1277/949 950/1278/950
f 947/1275/947 381/507/381 386/516/386
f 947/1275/947 950/1278/950 381/507/381
f 947/1275/947 951/1279/951 948/1276/948
f 947/1275/947 386/516/386 951/1279/951
f 952/1280/952 953/1281/953 954/1282/954
f 952/1280/952 954/1282/954 955/1283/955
f 952/1284/952 955/1285/955 590/795/590
f 956/1286/956 957/1287/957 958/1288/958
f 956/1286/956 959/1289/959 960/1290/960
f 956/1286/956 961/1291/961 962/1292/962
f 956/1286/956 958/1288/958 963/1293/963
f 956/1286/956 960/1290/960 957/1287/957
f 956/1286/956 962/1292/962 959/1289/959
f 956/1286/956 963/1293/963 961/1291/961
f 97/126/97 100/129/100 964/1294/964
f 97/126/97 404/546/404 98/127/98
f 97/1295/97 964/1296/964 965/1297/965
f 97/126/97 965/1298/965 404/546/404
f 966/1299/966 967/1300/967 409/553/409
f 966/1301/966 968/1302/968 967/1303/967
f 966/1304/966 409/1305/409 969/1306/969
f 966/1304/966 970/1307/970 971/1308/971
f 966/1304/966 969/1306/969 970/1307/970
f 966/1301/966 971/1309/971 968/1302/968
f 972/1310/972 973/1311/973 974/1312/974
f 972/1310/972 975/1313/975 976/1314/976
f 972/1310/972 974/1312/974 975/1313/975
f 972/1310/972 482/652/482 480/650/480
f 972/1310/972 480/650/480 973/1311/973
f 972/1310/972 976/1314/976 482/652/482
f 977/1315/977 978/1316/978 526/1317/526
f 977/1315/977 979/1318/979 980/1319/980
f 977/1320/977 525/710/525 981/1321/981
f 977/1320/977 981/1321/981 979/1322/979
f 977/1315/977 980/1319/980 978/1316/978
f 977/1320/977 526/711/526 525/710/525
f 982/1323/982 983/1324/983 984/1325/984
f 982/1326/982 985/1327/985 983/1328/983
f 982/1326/982 986/1329/986 985/1327/985
f 987/1330/987 988/1331/988 434/586/434
f 987/1330/987 989/1332/989 990/1333/990
f 987/1330/987 434/586/434 989/1332/989
f 987/1330/987 990/1333/990 988/1331/988
f 991/1334/991 992/1335/992 993/1336/993
f 991/1337/991 994/1338/994 992/1339/992
f 991/1334/991 993/1336/993 235/310/235
f 995/1340/995 996/1341/996 997/1342/997
f 995/1340/995 119/1343/119 998/1344/998
f 995/1345/995 999/1346/999 122/162/122
f 995/1345/995 997/1347/997 999/1346/999
f 995/1340/995 998/1344/998 996/1341/996
f 995/1345/995 122/162/122 119/159/119
f 1000/1348/1000 17/23/17 1001/1349/1001
f 1000/1350/1000 1001/1351/1001 251/328/251
f 1000/1350/1000 251/328/251 252/329/252
f 1000/1348/1000 1002/1352/1002 17/23/17
f 1000/1350/1000 252/329/252 1002/1353/1002
f 1003/1354/1003 533/718/533 1004/1355/1004
f 1003/1354/1003 1005/1356/1005 533/718/533
f 1003/1354/1003 803/1357/803 809/1358/809
f 1003/1354/1003 1006/1359/1006 1005/1356/1005
f 1003/1354/1003 809/1358/809 1006/1359/1006
f 1003/1354/1003 1004/1355/1004 803/1357/803
f 1007/1360/1007 1008/1361/1008 1009/1362/1009
f 1007/1363/1007 1010/1364/1010 1011/1365/1011
f 1007/1363/1007 1009/1366/1009 1012/1367/1012
f 1007/1363/1007 1012/1367/1012 1010/1364/1010
f 1007/1363/1007 1011/1365/1011 1008/1368/1008
f 1013/1369/1013 1014/1370/1014 1015/1371/1015
f 1013/1369/1013 1016/1372/1016 1017/1373/1017
f 1013/1369/1013 1018/1374/1018 1016/1372/1016
f 1013/1369/1013 1017/1373/1017 1019/1375/1019
f 1013/1369/1013 1019/1375/1019 1014/1370/1014
f 1013/1369/1013 1015/1371/1015 1018/1374/1018
f 1020/1376/1020 1021/1377/1021 1022/1378/1022
f 1020/1376/1020 1022/1378/1022 1023/1379/1023
f 1020/1376/1020 1023/1379/1023 468/634/468
f 1020/1376/1020 468/634/468 1021/1377/1021
f 471/638/471 1024/1380/1024 472/639/472
f 471/638/471 473/640/473 850/1139/850
f 471/638/471 850/1139/850 1024/1380/1024
f 1025/1381/1025 1026/1382/1026 1027/1383/1027
f 1025/1384/1025 1027/1385/1027 1028/1386/1028
f 1025/1381/1025 1029/1387/1029 1030/1388/1030
f 1025/1381/1025 1030/1388/1030 1031/1389/1031
f 1025/1384/1025 1028/1386/1028 1029/1390/1029
f 1025/1381/1025 1031/1389/1031 1026/1382/1026
f 1032/1391/1032 1033/1392/1033 1034/1393/1034
f 1032/1394/1032 1035/1395/1035 1036/1396/1036
f 1032/1394/1032 1037/1397/1037 1033/1398/1033
f 1032/1394/1032 1038/1399/1038 1035/1395/1035
f 1032/1394/1032 1036/1396/1036 1039/1400/1039
f 1032/1391/1032 1034/1393/1034 1038/1401/1038
f 1032/1394/1032 1039/1400/1039 1037/1397/1037
f 1040/1402/1040 1041/1403/1041 1042/1404/1042
f 1040/1405/1040 1043/1406/1043 1044/1407/1044
f 1040/1405/1040 1044/1407/1044 1041/1408/1041
f 212/283/212 214/282/214 729/980/729
f 212/280/212 1045/1409/1045 213/281/213
f 1046/1410/1046 706/1411/706 1047/1412/1047
f 1046/1410/1046 1047/1412/1047 1048/1413/1048
f 1046/1410/1046 426/574/426 706/1411/706
f 1046/1410/1046 427/575/427 426/574/426
f 1049/1414/1049 1050/1415/1050 1051/1416/1051
f 1049/1414/1049 681/922/681 1052/1417/1052
f 1049/1414/1049 1051/1416/1051 681/922/681
f 1049/1414/1049 1053/1418/1053 1050/1415/1050
f 1049/1414/1049 1052/1417/1052 1054/1419/1054
f 1049/1414/1049 1054/1419/1054 1053/1418/1053
f 177/236/177 1055/1420/1055 178/237/178
f 177/236/177 179/1421/179 1056/1422/1056
f 177/236/177 1056/1422/1056 1055/1420/1055
f 1057/1423/1057 183/1424/183 1058/1425/1058
f 1057/1423/1057 24/1426/24 330/1427/330
f 1057/1423/1057 1058/1425/1058 24/1426/24
f 1057/1423/1057 330/1427/330 1059/1428/1059
f 1057/1423/1057 184/1429/184 183/1424/183
f 1057/1423/1057 1059/1428/1059 184/1429/184
f 334/443/334 1060/1430/1060 1061/1431/1061
f 334/443/334 1062/1432/1062 335/444/335
f 334/443/334 1061/1431/1061 1062/1432/1062
f 334/443/334 339/448/339 1060/1430/1060
f 1063/1433/1063 1064/1434/1064 1065/1435/1065
f 1063/1433/1063 1066/1436/1066 1067/1437/1067
f 1063/1433/1063 1065/1435/1065 1066/1436/1066
f 664/900/664 668/1438/668 1068/1439/1068
f 664/900/664 207/273/207 205/270/205
f 664/900/664 205/270/205 665/901/665
f 664/900/664 1068/1439/1068 207/273/207
f 1024/1380/1024 1069/1440/1069 1070/1441/1070
f 1024/1380/1024 1070/1441/1070 1071/1442/1071
f 1024/1380/1024 1071/1442/1071 1072/1443/1072
f 1024/1380/1024 850/1139/850 849/1138/849
f 1024/1380/1024 849/1138/849 1069/1440/1069
f 1024/1380/1024 1072/1443/1072 472/639/472
f 1073/1444/1073 1074/1445/1074 1075/1446/1075
f 1073/1444/1073 736/988/736 738/990/738
f 1073/1447/1073 1076/1448/1076 1077/1449/1077
f 1073/1444/1073 1078/1450/1078 1074/1445/1074
f 1073/1444/1073 1075/1446/1075 736/988/736
f 1073/1447/1073 738/1451/738 1076/1448/1076
f 1073/1444/1073 1077/1452/1077 1078/1450/1078
f 1079/1453/1079 1080/1454/1080 135/177/135
f 1079/1453/1079 1081/1455/1081 1082/1456/1082
f 1079/1453/1079 1083/1457/1083 1081/1455/1081
f 1079/1453/1079 135/177/135 137/1458/137
f 1079/1453/1079 1082/1456/1082 1080/1454/1080
f 1079/1459/1079 137/180/137 1083/1460/1083
f 1084/1461/1084 1085/1462/1085 1086/1463/1086
f 1084/1464/1084 1087/1465/1087 1088/1466/1088
f 1084/1464/1084 1088/1466/1088 1089/1467/1089
f 1084/1468/1084 1086/1469/1086 1090/1470/1090
f 1084/1468/1084 1090/1470/1090 1087/1471/1087
f 1084/1461/1084 1089/1472/1089 1085/1462/1085
f 1091/1473/1091 1092/1474/1092 1093/1475/1093
f 1091/1473/1091 300/1476/300 1094/1477/1094
f 1091/1473/1091 1093/1475/1093 300/1476/300
f 1095/1478/1095 1096/1479/1096 1097/1480/1097
f 1095/1478/1095 1098/1481/1098 1099/1482/1099
f 1095/1478/1095 1100/1483/1100 1101/1484/1101
f 1095/1478/1095 1099/1482/1099 1100/1483/1100
f 1095/1478/1095 1101/1484/1101 1096/1479/1096
f 1095/1478/1095 1097/1480/1097 1098/1481/1098
f 50/59/50 52/61/52 1102/1485/1102
f 50/59/50 1103/1486/1103 51/60/51
f 50/59/50 1102/1485/1102 1104/1487/1104
f 50/59/50 1104/1487/1104 1103/1486/1103
f 1105/1488/1105 1106/1489/1106 1107/1490/1107
f 1105/1488/1105 1108/1491/1108 1109/1492/1109
f 1105/1488/1105 1109/1492/1109 1106/1489/1106
f 63/78/63 1110/1493/1110 1111/1494/1111
f 63/78/63 1112/1495/1112 1113/1496/1113
f 63/78/63 1111/1494/1111 1112/1495/1112
f 63/78/63 68/1497/68 1110/1493/1110
f 63/78/63 1113/1496/1113 64/79/64
f 1114/1498/1114 1115/1499/1115 1116/1500/1116
f 1114/1501/1114 1116/1502/1116 1117/1503/1117
f 1114/1498/1114 1118/1504/1118 1115/1499/1115
f 1119/1505/1119 1120/1506/1120 1121/1507/1121
f 1119/1505/1119 1122/1508/1122 1123/1509/1123
f 1119/1505/1119 1121/1507/1121 1124/1510/1124
f 1119/1505/1119 1123/1509/1123 1125/1511/1125
f 1119/1505/1119 1125/1511/1125 1120/1506/1120
f 1119/1505/1119 1124/1510/1124 1122/1508/1122
f 1126/1512/1126 1127/1513/1127 1128/1514/1128
f 1126/1512/1126 1060/1515/1060 1129/1516/1129
f 1126/1512/1126 1129/1516/1129 1127/1513/1127
f 1126/1512/1126 1128/1514/1128 1130/1517/1130
f 1126/1512/1126 1130/1517/1130 1131/1518/1131
f 1126/1512/1126 1131/1518/1131 1060/1515/1060
f 1132/1519/1132 1133/1520/1133 1134/1521/1134
f 1132/1519/1132 241/318/241 1133/1520/1133
f 1132/1519/1132 1135/1522/1135 241/318/241
f 1132/1519/1132 1136/1523/1136 1135/1522/1135
f 1132/1519/1132 1134/1521/1134 1137/1524/1137
f 1132/1519/1132 1137/1524/1137 1136/1523/1136
f 1138/1525/1138 1139/1526/1139 1140/1527/1140
f 1138/1525/1138 1141/1528/1141 1139/1526/1139
f 1138/1525/1138 1140/1527/1140 1142/1529/1142
f 1138/1525/1138 1143/1530/1143 1144/1531/1144
f 1138/1525/1138 1144/1531/1144 1141/1528/1141
f 1138/1525/1138 1142/1529/1142 1143/1530/1143
f 1145/1532/1145 1146/1533/1146 1147/1534/1147
f 1145/1535/1145 698/1536/698 1146/1537/1146
f 1145/1532/1145 1148/1538/1148 1149/1539/1149
f 1145/1532/1145 1147/1534/1147 1148/1538/1148
f 1145/1535/1145 1149/1540/1149 698/1536/698
f 1150/1541/1150 1151/1542/1151 1152/1543/1152
f 1150/1544/1150 1153/1545/1153 1154/1546/1154
f 1150/1541/1150 1152/1543/1152 1155/1547/1155
f 1150/1548/1150 1154/1549/1154 1151/1550/1151
f 1150/1551/1150 1155/1552/1155 1156/1553/1156
f 1150/1551/1150 1156/1553/1156 1153/1554/1153
f 1157/1555/1157 1158/1556/1158 1159/1557/1159
f 1157/1555/1157 1159/1557/1159 1160/1558/1160
f 1161/1559/1161 1162/1560/1162 618/835/618
f 1161/1559/1161 854/1144/854 858/1152/858
f 1161/1559/1161 617/834/617 854/1144/854
f 1161/1559/1161 1163/1561/1163 1162/1560/1162
f 1161/1559/1161 618/835/618 617/834/617
f 1161/1559/1161 858/1152/858 1163/1561/1163
f 1164/1562/1164 1165/1563/1165 1166/1564/1166
f 1164/1562/1164 1167/1565/1167 1165/1563/1165
f 1164/1562/1164 1166/1564/1166 1168/1566/1168
f 1164/1562/1164 1169/1567/1169 1170/1568/1170
f 1164/1562/1164 1170/1568/1170 1167/1565/1167
f 1164/1569/1164 1168/1570/1168 1169/1571/1169
f 1171/1572/1171 1172/1573/1172 1173/1574/1173
f 1171/1572/1171 1174/1575/1174 1172/1573/1172
f 1171/1572/1171 1175/1576/1175 1176/1577/1176
f 1171/1572/1171 1177/1578/1177 1175/1576/1175
f 1171/1572/1171 1176/1577/1176 1174/1575/1174
f 1171/1572/1171 1173/1574/1173 1177/1578/1177
f 1069/1579/1069 1178/1580/1178 1179/1581/1179
f 1069/1440/1069 849/1138/849 1178/1582/1178
f 1069/1440/1069 1179/1583/1179 1070/1441/1070
f 1021/1584/1021 1180/1585/1180 1181/1586/1181
f 1021/1584/1021 1181/1586/1181 1182/1587/1182
f 1021/1377/1021 1182/1588/1182 1022/1378/1022
f 1021/1377/1021 467/633/467 1180/1589/1180
f 1021/1377/1021 468/634/468 467/633/467
f 118/1590/118 1183/1591/1183 1184/1592/1184
f 118/1590/118 1185/1593/1185 119/1343/119
f 118/1590/118 1184/1592/1184 1185/1593/1185
f 118/158/118 121/161/121 1183/1594/1183
f 1186/1595/1186 1187/1596/1187 1188/1597/1188
f 1186/1595/1186 1188/1597/1188 1189/1598/1189
f 1186/1595/1186 1189/1598/1189 1190/1599/1190
f 1186/1595/1186 1191/1600/1191 1187/1596/1187
f 1186/1595/1186 1190/1599/1190 1191/1600/1191
f 948/1601/948 1192/1602/1192 1193/1603/1193
f 948/1276/948 1193/1604/1193 1194/1605/1194
f 948/1276/948 1194/1605/1194 949/1277/949
f 948/1276/948 951/1279/951 1195/1606/1195
f 948/1601/948 1195/1607/1195 1192/1602/1192
f 1196/1608/1196 1197/1609/1197 389/520/389
f 1196/1608/1196 388/519/388 1198/1610/1198
f 1196/1608/1196 1199/1611/1199 1197/1609/1197
f 1196/1608/1196 389/520/389 388/519/388
f 1196/1612/1196 1198/1613/1198 1199/1614/1199
f 1200/1615/1200 1201/1616/1201 635/1617/635
f 1200/1618/1200 635/1619/635 634/854/634
f 1200/1618/1200 634/854/634 1202/1620/1202
f 1200/1618/1200 1203/1621/1203 1201/1622/1201
f 1200/1618/1200 1202/1620/1202 1204/1623/1204
f 1200/1618/1200 1204/1623/1204 1203/1621/1203
f 1205/1624/1205 1206/1625/1206 309/415/309
f 1205/1624/1205 705/1626/705 1206/1625/1206
f 1205/1624/1205 906/1627/906 705/1626/705
f 1205/1624/1205 309/415/309 1207/1628/1207
f 1205/1624/1205 1207/1628/1207 1208/1629/1208
f 1205/1624/1205 1208/1629/1208 906/1627/906
f 1209/1630/1209 1210/1631/1210 1211/1632/1211
f 1209/1630/1209 1212/1633/1212 1213/1634/1213
f 1209/1630/1209 1211/1632/1211 1212/1633/1212
f 1214/1635/1214 1215/1636/1215 1216/1637/1216
f 1214/1638/1214 1217/1639/1217 1218/1640/1218
f 1214/1638/1214 1218/1640/1218 1215/1641/1215
f 1214/1642/1214 1219/1643/1219 1217/1644/1217
f 1214/1635/1214 1216/1637/1216 1219/1645/1219
f 169/223/169 1220/1646/1220 1221/1647/1221
f 169/223/169 1221/1647/1221 1222/1648/1222
f 169/223/169 172/226/172 1220/1646/1220
f 169/223/169 1222/1648/1222 170/224/170
f 1223/1649/1223 1224/1650/1224 1225/1651/1225
f 1223/1652/1223 1226/1653/1226 1227/1654/1227
f 1223/1649/1223 1228/1655/1228 1229/1656/1229
f 1223/1652/1223 1227/1654/1227 1228/1657/1228
f 1223/1649/1223 1229/1656/1229 1224/1650/1224
f 1223/1649/1223 1225/1651/1225 1226/1658/1226
f 830/1659/830 186/250/186 455/1660/455
f 830/1659/830 455/1660/455 1230/1661/1230
f 830/1659/830 1230/1661/1230 831/1662/831
f 830/1103/830 835/1115/835 186/1663/186
f 192/256/192 194/258/194 1231/1664/1231
f 192/1665/192 1231/1666/1231 1232/1667/1232
f 192/256/192 542/734/542 193/257/193
f 192/256/192 1232/1668/1232 542/734/542
f 196/260/196 1233/1669/1233 197/261/197
f 196/260/196 1234/1670/1234 1235/1671/1235
f 196/260/196 200/264/200 1234/1670/1234
f 196/260/196 1235/1671/1235 1233/1669/1233
f 1236/1672/1236 743/1000/743 745/999/745
f 1236/1673/1236 1237/1674/1237 1238/1675/1238
f 1236/1673/1236 745/1676/745 1239/1677/1239
f 1236/1672/1236 1240/1678/1240 743/1000/743
f 1236/1672/1236 1238/1679/1238 1240/1678/1240
f 1236/1673/1236 1241/1680/1241 1237/1674/1237
f 1236/1673/1236 1239/1677/1239 1241/1680/1241
f 254/338/254 257/335/257 1242/1681/1242
f 254/331/254 382/510/382 255/332/255
f 254/331/254 1242/1682/1242 382/510/382
f 1243/1683/1243 1244/1684/1244 1245/1685/1245
f 1243/1683/1243 1246/1686/1246 1247/1687/1247
f 1243/1683/1243 1248/1688/1248 1244/1684/1244
f 1243/1683/1243 1245/1685/1245 1246/1686/1246
f 1243/1683/1243 1247/1687/1247 1249/1689/1249
f 1243/1683/1243 1250/1690/1250 1248/1688/1248
f 1243/1683/1243 1249/1689/1249 1250/1690/1250
f 1251/1691/1251 1252/1692/1252 1253/1693/1253
f 1251/1691/1251 1254/1694/1254 1255/1695/1255
f 1251/1691/1251 1255/1695/1255 1252/1692/1252
f 1251/1691/1251 1253/1693/1253 269/354/269
f 1251/1691/1251 269/354/269 1254/1694/1254
f 125/603/125 450/605/450 799/1066/799
f 125/603/125 1256/1696/1256 449/604/449
f 125/603/125 1257/1697/1257 1256/1696/1256
f 125/165/125 1258/1698/1258 1257/1699/1257
f 125/165/125 799/1700/799 126/166/126
f 125/165/125 1259/1701/1259 1258/1698/1258
f 941/1264/941 946/1271/946 1260/1702/1260
f 941/1703/941 1261/1704/1261 942/1273/942
f 941/1264/941 1262/1705/1262 1261/1706/1261
f 941/1264/941 1260/1702/1260 1262/1705/1262
f 522/707/522 294/390/294 292/392/292
f 522/707/522 1263/1707/1263 523/708/523
f 522/707/522 292/392/292 1264/1708/1264
f 522/707/522 1265/1709/1265 1263/1707/1263
f 522/707/522 1264/1708/1264 1265/1709/1265
f 1266/1710/1266 1267/1711/1267 1268/1712/1268
f 1266/1710/1266 419/566/419 1267/1711/1267
f 1266/1710/1266 1269/1713/1269 420/567/420
f 1266/1710/1266 420/567/420 419/566/419
f 1266/1710/1266 1268/1712/1268 1039/1400/1039
f 1266/1710/1266 1039/1400/1039 1269/1713/1269
f 1270/1714/1270 1271/1715/1271 1272/1716/1272
f 1270/1717/1270 1273/1718/1273 1274/1719/1274
f 1270/1717/1270 1274/1719/1274 1271/1720/1271
f 1270/1714/1270 1272/1716/1272 1275/1721/1275
f 1270/1722/1270 1276/1723/1276 1277/1724/1277
f 1270/1725/1270 1277/1726/1277 1273/1727/1273
f 1270/1714/1270 1275/1721/1275 1276/1728/1276
f 1278/1729/1278 1279/1730/1279 1280/1731/1280
f 1278/1732/1278 1281/1733/1281 969/1734/969
f 1278/1729/1278 1282/1735/1282 1279/1730/1279
f 1278/1736/1278 969/1737/969 1282/1738/1282
f 1278/1739/1278 1280/1740/1280 732/1741/732
f 1278/1732/1278 1283/1742/1283 1281/1733/1281
f 1278/1732/1278 731/1743/731 1283/1742/1283
f 1278/1739/1278 732/1741/732 731/1744/731
f 1284/1745/1284 1285/1746/1285 1286/1747/1286
f 1284/1748/1284 1287/1749/1287 1288/1750/1288
f 1284/1751/1284 1289/1752/1289 1287/1753/1287
f 1284/1745/1284 1286/1747/1286 1290/1754/1290
f 1284/1745/1284 1288/1755/1288 1285/1746/1285
f 1284/1751/1284 1290/1756/1290 1289/1752/1289
f 1291/1757/1291 1292/1758/1292 1293/1759/1293
f 1291/1757/1291 1293/1759/1293 1294/1760/1294
f 1291/1757/1291 1295/1761/1295 1292/1758/1292
f 1291/1757/1291 1294/1760/1294 1295/1761/1295
f 1296/1762/1296 1297/1763/1297 1298/1764/1298
f 1296/1762/1296 1298/1764/1298 1299/1765/1299
f 1300/1766/1300 1301/1767/1301 1302/1768/1302
f 1300/1766/1300 1302/1768/1302 1303/1769/1303
f 1300/1766/1300 72/1770/72 1304/1771/1304
f 1300/1766/1300 1303/1769/1303 1305/1772/1305
f 1300/1766/1300 1304/1771/1304 1301/1767/1301
f 1300/1766/1300 1305/1772/1305 72/1770/72
f 1306/1773/1306 1307/1774/1307 1308/1775/1308
f 1306/1776/1306 1309/1777/1309 1310/1778/1310
f 1306/1776/1306 102/133/102 101/132/101
f 1306/1776/1306 1310/1778/1310 1307/1779/1307
f 1306/1776/1306 101/132/101 1309/1777/1309
f 1306/1773/1306 1308/1775/1308 102/1780/102
f 1311/1781/1311 1312/1782/1312 1313/1783/1313
f 1311/1784/1311 1314/1785/1314 1315/1786/1315
f 1311/1781/1311 1316/1787/1316 1312/1782/1312
f 1311/1781/1311 1317/1788/1317 1314/1789/1314
f 1311/1784/1311 1315/1786/1315 1316/1790/1316
f 1311/1781/1311 1313/1783/1313 1317/1788/1317
f 1318/1791/1318 1319/1792/1319 852/1141/852
f 1318/1791/1318 1320/1793/1320 1319/1792/1319
f 1318/1791/1318 852/1141/852 1321/1794/1321
f 1318/1791/1318 1322/1795/1322 1320/1793/1320
f 1318/1791/1318 1321/1794/1321 1323/1796/1323
f 1318/1791/1318 1323/1796/1323 1322/1795/1322
f 1324/1797/1324 1325/1798/1325 1326/1799/1326
f 1324/1797/1324 1327/1800/1327 1325/1798/1325
f 1324/1797/1324 1326/1799/1326 1328/1801/1328
f 1324/1797/1324 979/1322/979 1327/1800/1327
f 1324/1797/1324 1328/1801/1328 979/1322/979
f 402/543/402 1329/1802/1329 724/1803/724
f 402/543/402 724/1803/724 403/544/403
f 1330/1804/1330 623/842/623 1331/1805/1331
f 1330/1804/1330 1331/1805/1331 1332/1806/1332
f 1330/1804/1330 1332/1806/1332 1333/1807/1333
f 1330/1804/1330 1334/1808/1334 624/843/624
f 1330/1804/1330 1333/1807/1333 1334/1808/1334
f 1330/1804/1330 624/843/624 623/842/623
f 235/310/235 993/1336/993 236/311/236
f 240/317/240 1335/1809/1335 1336/1810/1336
f 240/317/240 1133/1520/1133 241/318/241
f 240/317/240 1336/1810/1336 1133/1520/1133
f 240/317/240 244/321/244 1335/1809/1335
f 1337/1811/1337 1338/1812/1338 824/1099/824
f 1337/1811/1337 824/1099/824 1339/1813/1339
f 1337/1814/1337 1340/1815/1340 1338/1816/1338
f 1337/1811/1337 1341/1817/1341 1342/1818/1342
f 1337/1811/1337 1339/1813/1339 1341/1817/1341
f 1337/1811/1337 1342/1818/1342 1340/1819/1340
f 77/98/77 1343/1820/1343 1344/1821/1344
f 77/98/77 1344/1821/1344 78/99/78
f 77/106/77 1345/1822/1345 1343/1823/1343
f 77/106/77 80/102/80 1345/1822/1345
f 1008/1361/1008 811/1824/811 1009/1362/1009
f 1008/1361/1008 1346/1825/1346 811/1824/811
f 1008/1368/1008 1011/1365/1011 1346/1826/1346
f 817/1827/817 1347/1828/1347 576/778/576
f 817/1827/817 576/778/576 1348/1829/1348
f 817/1827/817 1348/1829/1348 818/1830/818
f 817/1827/817 1349/1831/1349 1347/1828/1347
f 817/1087/817 820/1090/820 1349/1832/1349
f 1350/1833/1350 1351/1834/1351 1352/1835/1352
f 1350/1833/1350 1353/1836/1353 1354/1837/1354
f 1350/1833/1350 1352/1835/1352 1144/1531/1144
f 1350/1833/1350 1144/1531/1144 1353/1836/1353
f 1350/1833/1350 1354/1837/1354 1355/1838/1355
f 1350/1833/1350 1355/1838/1355 1351/1834/1351
f 1356/1839/1356 1357/1840/1357 1358/1841/1358
f 1356/1842/1356 582/784/582 398/535/398
f 1356/1842/1356 1358/1843/1358 583/785/583
f 1356/1842/1356 583/785/583 582/784/582
f 1356/1839/1356 1359/1844/1359 1357/1840/1357
f 1356/1839/1356 398/537/398 1359/1844/1359
f 1360/1845/1360 787/1846/787 789/1847/789
f 1360/1845/1360 1361/1848/1361 1362/1849/1362
f 1360/1845/1360 789/1847/789 1361/1848/1361
f 1360/1845/1360 1362/1849/1362 1363/1850/1363
f 1360/1845/1360 1363/1850/1363 1364/1851/1364
f 1360/1845/1360 1364/1851/1364 787/1846/787
f 484/1852/484 1035/1853/1035 1365/1854/1365
f 484/662/484 490/661/490 1035/1395/1035
f 484/1852/484 1365/1854/1365 1366/1855/1366
f 484/654/484 1366/1856/1366 485/655/485
f 842/1857/842 1367/1858/1367 1368/1859/1368
f 842/1857/842 1043/1860/1043 1367/1858/1367
f 842/1857/842 1368/1859/1368 843/1861/843
f 842/1129/842 1044/1862/1044 1043/1863/1043
f 842/1129/842 844/1128/844 1044/1862/1044
f 1369/1864/1369 1370/1865/1370 1371/1866/1371
f 1369/1864/1369 1372/1867/1372 1373/1868/1373
f 1369/1864/1369 1374/1869/1374 1375/1870/1375
f 1369/1864/1369 1371/1866/1371 1374/1869/1374
f 1369/1864/1369 1375/1870/1375 1372/1867/1372
f 1369/1864/1369 1373/1868/1373 1370/1865/1370
f 2/2/2 1376/1871/1376 693/937/693
f 2/2/2 1377/1872/1377 1376/1871/1376
f 2/2/2 8/9/8 1377/1872/1377
f 2/2/2 693/937/693 3/3/3
f 899/1873/899 1378/1874/1378 1379/1875/1379
f 899/1873/899 903/1876/903 1380/1877/1380
f 899/1210/899 1379/1878/1379 900/1211/900
f 1381/1879/1381 1382/1880/1382 899/1881/899
f 899/1873/899 1380/1877/1380 1378/1874/1378
f 1383/1882/1383 1096/1479/1096 1384/1883/1384
f 1383/1882/1383 1385/1884/1385 1097/1480/1097
f 1383/1882/1383 1097/1480/1097 1096/1479/1096
f 1383/1882/1383 1384/1883/1384 1386/1885/1386
f 1383/1882/1383 1386/1885/1386 1385/1884/1385
f 1387/1886/1387 1388/1887/1388 1389/1888/1389
f 1387/1886/1387 1390/1889/1390 1391/1890/1391
f 1387/1886/1387 1389/1888/1389 1390/1889/1390
f 336/445/336 713/1891/713 716/1892/716
f 336/445/336 335/444/335 713/1891/713
f 336/445/336 716/1892/716 1077/1449/1077
f 336/445/336 1077/1449/1077 337/446/337
f 1392/1893/1392 1393/1894/1393 793/1060/793
f 1392/1893/1392 343/452/343 342/451/342
f 1392/1893/1392 1394/1895/1394 343/452/343
f 1392/1893/1392 793/1060/793 1394/1895/1394
f 1392/1893/1392 342/451/342 1393/1894/1393
f 1395/1896/1395 932/1255/932 929/1252/929
f 1395/1897/1395 1396/1898/1396 1397/1899/1397
f 1395/1896/1395 1397/1900/1397 1398/1901/1398
f 1395/1896/1395 1398/1901/1398 932/1255/932
f 1395/1896/1395 929/1252/929 1396/1902/1396
f 1399/1903/1399 1400/1904/1400 1401/1905/1401
f 1399/1906/1399 1402/1907/1402 1403/1908/1403
f 1399/1903/1399 1403/1909/1403 1404/1910/1404
f 1399/1903/1399 1404/1910/1404 1400/1904/1400
f 1399/1906/1399 1401/1911/1401 1402/1907/1402
f 651/881/651 654/884/654 1405/1912/1405
f 651/881/651 1405/1912/1405 1406/1913/1406
f 651/881/651 1406/1913/1406 1407/1914/1407
f 651/881/651 1407/1914/1407 652/882/652
f 658/891/658 1408/1915/1408 1409/1916/1409
f 658/891/658 660/894/660 1408/1915/1408
f 658/1917/658 422/569/422 421/568/421
f 658/1917/658 1409/1918/1409 422/569/422
f 1410/1919/1410 667/904/667 1411/1920/1411
f 1410/1919/1410 668/905/668 667/904/667
f 1410/1921/1410 1412/1922/1412 1413/1923/1413
f 1410/1919/1410 1413/1924/1413 668/905/668
f 1410/1921/1410 1414/1925/1414 1412/1922/1412
f 1410/1919/1410 1411/1920/1411 1414/1926/1414
f 157/1927/157 1415/1928/1415 1416/1929/1416
f 157/208/157 1416/1930/1416 1230/1931/1230
f 157/208/157 1230/1931/1230 158/209/158
f 157/1927/157 161/1932/161 1415/1928/1415
f 1417/1933/1417 167/1934/167 1418/1935/1418
f 1417/1933/1417 315/424/315 314/423/314
f 1417/1933/1417 1418/1935/1418 315/424/315
f 943/1266/943 692/1936/692 944/1267/944
f 943/1270/943 945/1269/945 1419/1937/1419
f 943/1270/943 1420/1938/1420 1421/1939/1421
f 943/1270/943 1419/1937/1419 1420/1938/1420
f 943/1940/943 1421/1941/1421 692/936/692
f 556/752/556 1422/1942/1422 557/753/557
f 556/1943/556 1423/1944/1423 1422/1945/1422
f 556/1943/556 561/1946/561 1424/1947/1424
f 556/1943/556 1424/1947/1424 1423/1944/1423
f 1425/1948/1425 1426/1949/1426 1427/1950/1427
f 1425/1951/1425 1428/1952/1428 457/621/457
f 1425/1948/1425 1427/1950/1427 1429/1953/1429
f 1425/1951/1425 1429/1954/1429 1428/1952/1428
f 1425/1948/1425 457/1955/457 1426/1949/1426
f 1085/1462/1085 317/426/317 322/431/322
f 1085/1462/1085 1089/1472/1089 1430/1956/1430
f 1085/1462/1085 1430/1956/1430 317/426/317
f 1085/1462/1085 322/431/322 1086/1463/1086
f 1431/1957/1431 1432/1958/1432 1433/1959/1433
f 1431/1957/1431 1433/1959/1433 1434/1960/1434
f 1431/1961/1431 469/636/469 468/634/468
f 1431/1957/1431 1434/1960/1434 469/635/469
f 1431/1961/1431 468/634/468 1435/1962/1435
f 1431/1961/1431 1435/1962/1435 1432/1963/1432
f 1436/1964/1436 25/1965/25 27/1966/27
f 1436/1964/1436 833/1107/833 1437/1967/1437
f 1436/1964/1436 834/1108/834 833/1107/833
f 1436/1964/1436 1438/1968/1438 25/1965/25
f 1436/1964/1436 1437/1967/1437 1438/1968/1438
f 1436/1964/1436 27/1966/27 834/1108/834
f 30/39/30 35/44/35 1439/1969/1439
f 1440/1970/1440 1441/1971/1441 1442/1972/1442
f 1440/1970/1440 1443/1973/1443 1444/1974/1444
f 1440/1970/1440 1445/1975/1445 1443/1973/1443
f 1440/1970/1440 1446/1976/1446 1445/1975/1445
f 1440/1970/1440 1442/1972/1442 1446/1976/1446
f 1440/1970/1440 1447/1977/1447 1441/1971/1441
f 1440/1970/1440 1444/1974/1444 1447/1977/1447
f 1448/1978/1448 282/372/282 1449/1979/1449
f 1448/1978/1448 1450/1980/1450 1451/1981/1451
f 1448/1978/1448 1451/1981/1451 282/372/282
f 1448/1978/1448 26/33/26 1450/1980/1450
f 1448/1978/1448 1449/1979/1449 1452/1982/1452
f 1448/1978/1448 1452/1982/1452 26/33/26
f 1453/1983/1453 1106/1984/1106 1454/1985/1454
f 1453/1986/1453 291/386/291 1455/1987/1455
f 1453/1983/1453 1454/1985/1454 1264/1988/1264
f 1453/1989/1453 1456/1990/1456 1106/1991/1106
f 1453/1986/1453 1455/1987/1455 1457/1992/1457
f 1453/1986/1453 1264/1993/1264 291/386/291
f 1453/1994/1453 1457/1995/1457 1456/1996/1456
f 1458/1997/1458 860/1167/860 1459/1998/1459
f 1458/1997/1458 1459/1998/1459 1460/1999/1460
f 1458/2000/1458 1461/2001/1461 861/2002/861
f 1458/1997/1458 861/2003/861 860/1167/860
f 1458/1997/1458 1460/1999/1460 1461/2004/1461
f 1462/2005/1462 1463/2006/1463 503/2007/503
f 1462/2005/1462 503/2007/503 1464/2008/1464
f 1462/2005/1462 429/578/429 1465/2009/1465
f 1462/2005/1462 1466/2010/1466 1467/2011/1467
f 1462/2005/1462 1465/2009/1465 1463/2006/1463
f 1462/2005/1462 1467/2011/1467 429/578/429
f 1462/2005/1462 1464/2008/1464 1466/2010/1466
f 1468/2012/1468 621/2013/621 1469/2014/1469
f 1468/2012/1468 1469/2014/1469 433/2015/433
f 1468/2016/1468 622/839/622 621/838/621
f 1468/2016/1468 988/1331/988 622/839/622
f 1468/2016/1468 433/585/433 988/1331/988
f 1470/2017/1470 1471/2018/1471 628/848/628
f 1470/2017/1470 1472/2019/1472 1473/2020/1473
f 1470/2017/1470 628/848/628 631/851/631
f 1470/2017/1470 631/851/631 1472/2019/1472
f 1470/2021/1470 1474/2022/1474 1471/2023/1471
f 1470/2017/1470 1473/2020/1473 1474/2024/1474
f 444/2025/444 1475/2026/1475 1476/2027/1476
f 444/596/444 1477/2028/1477 1478/2029/1478
f 444/2025/444 1478/2030/1478 1475/2026/1475
f 444/596/444 446/600/446 1477/2028/1477
f 444/2025/444 1476/2027/1476 445/2031/445
f 1479/2032/1479 1480/2033/1480 1481/2034/1481
f 1479/2032/1479 896/1207/896 1480/2033/1480
f 1479/2032/1479 897/1208/897 896/1207/896
f 1482/2035/1482 644/2036/644 1483/2037/1483
f 1482/2035/1482 1484/2038/1484 644/2036/644
f 1482/2039/1482 1485/2040/1485 1486/2041/1486
f 1482/2035/1482 1483/2037/1483 1487/2042/1487
f 1482/2039/1482 1486/2041/1486 1484/2043/1484
f 1482/2039/1482 1487/2044/1487 1485/2040/1485
f 1488/2045/1488 1489/2046/1489 1490/2047/1490
f 1488/2045/1488 1491/2048/1491 1489/2046/1489
f 1488/2045/1488 1009/2049/1009 814/1082/814
f 1488/2045/1488 814/1082/814 739/1085/739
f 1488/2045/1488 1490/2047/1490 1009/2049/1009
f 1488/2045/1488 737/2050/737 1492/2051/1492
f 1488/2045/1488 1492/2051/1492 1491/2048/1491
f 1488/2045/1488 739/1085/739 737/2050/737
f 1493/2052/1493 1494/2053/1494 1495/2054/1495
f 1493/2055/1493 1496/2056/1496 1497/2057/1497
f 1493/2052/1493 1498/2058/1498 1494/2053/1494
f 1493/2055/1493 1497/2057/1497 1498/2059/1498
f 1493/2055/1493 1495/2060/1495 1496/2056/1496
f 1158/1556/1158 1499/2061/1499 1500/2062/1500
f 1158/1556/1158 1500/2062/1500 1159/1557/1159
f 1501/2063/1501 949/1277/949 1194/1605/1194
f 1501/2063/1501 1502/2064/1502 949/1277/949
f 1501/2063/1501 1503/2065/1503 1502/2064/1502
f 1501/2063/1501 1194/1605/1194 1504/2066/1504
f 1501/2063/1501 1504/2066/1504 1503/2065/1503
f 1505/2067/1505 1506/2068/1506 1507/2069/1507
f 1505/2067/1505 1508/2070/1508 1509/2071/1509
f 1505/2067/1505 1507/2069/1507 1508/2070/1508
f 1505/2072/1505 1509/2073/1509 1510/2074/1510
f 1505/2072/1505 1510/2074/1510 751/2075/751
f 1505/2067/1505 751/1006/751 1506/2068/1506
f 1511/2076/1511 1512/2077/1512 1513/2078/1513
f 1511/2076/1511 243/2079/243 1514/2080/1514
f 1511/2076/1511 1514/2080/1514 1515/2081/1515
f 1511/2082/1511 1513/2083/1513 244/321/244
f 1511/2082/1511 244/321/244 243/320/243
f 1511/2076/1511 1515/2081/1515 1512/2077/1512
f 1516/2084/1516 1517/2085/1517 1518/2086/1518
f 1516/2084/1516 1519/2087/1519 155/2088/155
f 1516/2084/1516 1518/2086/1518 325/2089/325
f 1516/2084/1516 325/2089/325 1520/2090/1520
f 1516/2084/1516 1520/2090/1520 1519/2087/1519
f 1516/2084/1516 154/2091/154 1517/2085/1517
f 1516/2084/1516 155/2088/155 154/2091/154
f 1521/2092/1521 1522/2093/1522 1523/2094/1523
f 1521/2095/1521 1524/2096/1524 1522/2097/1522
f 1525/2098/1525 1526/2099/1526 164/218/164
f 1525/2098/1525 1527/2100/1527 1526/2099/1526
f 1528/2101/1528 1221/2102/1221 1529/2103/1529
f 1528/2101/1528 1530/2104/1530 1531/2105/1531
f 1528/2101/1528 1532/2106/1532 1221/2102/1221
f 1528/2101/1528 1533/2107/1533 1530/2104/1530
f 1528/2101/1528 1531/2105/1531 1532/2106/1532
f 1528/2101/1528 1529/2103/1529 1533/2107/1533
f 1534/2108/1534 1535/2109/1535 1536/2110/1536
f 1534/2111/1534 1537/2112/1537 1538/2113/1538
f 1534/2114/1534 1538/2115/1538 1539/2116/1539
f 1534/2111/1534 1536/2117/1536 1537/2112/1537
f 1534/2114/1534 1539/2116/1539 1540/2118/1540
f 1534/2108/1534 1540/2119/1540 1535/2109/1535
f 1541/2120/1541 602/813/602 1542/2121/1542
f 1541/2120/1541 780/1044/780 783/1049/783
f 1541/2120/1541 1542/2121/1542 780/1044/780
f 1541/2120/1541 1543/2122/1543 602/813/602
f 1541/2120/1541 783/1049/783 1544/2123/1544
f 1541/2120/1541 1544/2123/1544 1543/2122/1543
f 785/1051/785 58/1055/58 61/2124/61
f 785/1051/785 1545/2125/1545 362/480/362
f 785/1051/785 362/480/362 786/1052/786
f 785/1051/785 61/2124/61 1545/2125/1545
f 296/395/296 1546/2126/1546 1547/2127/1547
f 296/395/296 1548/2128/1548 1549/2129/1549
f 296/395/296 1549/2129/1549 1546/2126/1546
f 296/395/296 1547/2127/1547 297/396/297
f 296/395/296 301/401/301 1548/2128/1548
f 450/605/450 451/609/451 797/1064/797
f 563/765/563 1550/2130/1550 1551/2131/1551
f 563/765/563 566/764/566 1550/2130/1550
f 563/759/563 1551/2132/1551 564/760/564
f 1552/2133/1552 568/767/568 1553/2134/1553
f 1552/2133/1552 374/497/374 568/767/568
f 1552/2133/1552 375/498/375 374/497/374
f 1552/2133/1552 1553/2134/1553 1554/2135/1554
f 1552/2133/1552 376/499/376 375/498/375
f 1552/2133/1552 1554/2135/1554 376/499/376
f 1555/2136/1555 1252/2137/1252 144/189/144
f 1555/2136/1555 1347/1828/1347 1252/2137/1252
f 1555/2136/1555 144/189/144 149/196/149
f 1555/2136/1555 576/778/576 1347/1828/1347
f 1555/2136/1555 577/779/577 576/778/576
f 1555/2136/1555 149/196/149 577/779/577
f 248/325/248 1001/1351/1001 1556/2138/1556
f 248/325/248 251/328/251 1001/1351/1001
f 248/325/248 1556/2138/1556 249/326/249
f 1557/2139/1557 945/1274/945 942/1273/942
f 1557/2140/1557 742/994/742 1558/2141/1558
f 1557/2139/1557 745/1676/745 742/2142/742
f 1557/2140/1557 1558/2141/1558 945/1269/945
f 1557/2139/1557 942/1273/942 1239/1677/1239
f 1557/2139/1557 1239/1677/1239 745/1676/745
f 287/391/287 294/390/294 524/709/524
f 287/391/287 524/709/524 288/2143/288
f 298/398/298 1559/2144/1559 299/399/299
f 298/398/298 302/2145/302 1560/2146/1560
f 298/398/298 1561/2147/1561 1559/2144/1559
f 298/398/298 1560/2146/1560 1561/2147/1561
f 304/408/304 1206/1625/1206 428/2148/428
f 304/408/304 425/2149/425 305/409/305
f 304/408/304 309/415/309 1206/1625/1206
f 304/408/304 428/2148/428 425/2149/425
f 533/718/533 1005/1356/1005 1562/2150/1562
f 533/718/533 536/721/536 1563/2151/1563
f 533/718/533 1563/2151/1563 1004/1355/1004
f 533/718/533 1562/2150/1562 534/719/534
f 1564/2152/1564 1565/2153/1565 1566/2154/1566
f 1564/2155/1564 1567/2156/1567 1568/2157/1568
f 1564/2155/1564 1566/2158/1566 1567/2156/1567
f 1569/2159/1569 741/993/741 1570/2160/1570
f 1569/2159/1569 1571/2161/1571 1572/2162/1572
f 1569/2159/1569 1570/2160/1570 1573/2163/1573
f 1569/2159/1569 1572/2162/1572 1558/2141/1558
f 1569/2159/1569 1558/2141/1558 741/993/741
f 1569/2159/1569 1573/2163/1573 1574/2164/1574
f 1569/2159/1569 1574/2164/1574 1571/2161/1571
f 1120/1506/1120 81/103/81 78/99/78
f 1120/1506/1120 78/99/78 1121/1507/1121
f 1120/2165/1120 1575/2166/1575 81/2167/81
f 1120/2165/1120 1125/2168/1125 1575/2166/1575
f 1576/2169/1576 1577/2170/1577 1578/2171/1578
f 1576/2172/1576 1578/2173/1578 1579/2174/1579
f 1576/2172/1576 1580/2175/1580 1577/2176/1577
f 1576/2172/1576 1581/2177/1581 1580/2175/1580
f 1576/2172/1576 1582/2178/1582 1581/2177/1581
f 1576/2172/1576 1579/2174/1579 1582/2178/1582
f 1583/2179/1583 1336/1810/1336 1584/2180/1584
f 1583/2179/1583 1585/2181/1585 1586/2182/1586
f 1583/2183/1583 1587/2184/1587 1054/1419/1054
f 1583/2183/1583 1584/2185/1584 1587/2184/1587
f 1583/2183/1583 1588/2186/1588 1585/2187/1585
f 1583/2179/1583 1586/2182/1586 1336/1810/1336
f 1583/2183/1583 1054/1419/1054 1588/2186/1588
f 1338/1816/1338 639/869/639 1589/2188/1589
f 1338/1816/1338 1589/2188/1589 824/2189/824
f 1338/1816/1338 1340/1815/1340 1590/2190/1590
f 1338/1816/1338 1590/2190/1590 639/869/639
f 1070/1441/1070 1591/2191/1591 1071/1442/1071
f 1070/2192/1070 1179/2193/1179 1591/2194/1591
f 1592/2195/1592 1593/2196/1593 1594/2197/1594
f 1592/2195/1592 1595/2198/1595 1596/2199/1596
f 1592/2195/1592 1597/2200/1597 1593/2196/1593
f 1592/2195/1592 1598/2201/1598 1595/2198/1595
f 1592/2195/1592 1594/2197/1594 1598/2201/1598
f 1592/2195/1592 1596/2199/1596 1597/2200/1597
f 1408/1915/1408 660/894/660 1394/1895/1394
f 1408/1915/1408 1394/1895/1394 793/1060/793
f 1408/1915/1408 793/1060/793 1409/1916/1409
f 666/903/666 1599/2202/1599 1600/2203/1600
f 666/903/666 1600/2203/1600 1601/2204/1601
f 666/903/666 1602/2205/1602 1599/2202/1599
f 666/903/666 1601/2204/1601 667/904/667
f 666/903/666 665/907/665 1602/2205/1602
f 1080/1454/1080 1603/2206/1603 1604/2207/1604
f 1080/1454/1080 1604/2207/1604 1605/2208/1605
f 1080/1454/1080 1082/1456/1082 1603/2206/1603
f 1080/1454/1080 1605/2208/1605 135/177/135
f 1606/2209/1606 1607/2210/1607 1608/2211/1608
f 1606/2209/1606 1609/2212/1609 1610/2213/1610
f 1606/2214/1606 1610/2215/1610 1015/1371/1015
f 1606/2209/1606 1608/2211/1608 1609/2212/1609
f 1606/2209/1606 1015/2216/1015 1607/2210/1607
f 1325/1798/1325 1327/1800/1327 1611/2217/1611
f 1325/1798/1325 1612/2218/1612 1326/1799/1326
f 1325/2219/1325 1611/2220/1611 1613/2221/1613
f 1325/2219/1325 1613/2221/1613 1612/2222/1612
f 1614/2223/1614 1615/2224/1615 1172/1573/1172
f 1614/2223/1614 1172/1573/1172 1174/1575/1174
f 1614/2223/1614 1174/1575/1174 1616/2225/1616
f 1614/2223/1614 1272/1716/1272 1615/2224/1615
f 1614/2223/1614 1617/2226/1617 1275/1721/1275
f 1614/2227/1614 1616/2228/1616 1617/2229/1617
f 1614/2223/1614 1275/1721/1275 1272/1716/1272
f 1618/2230/1618 1299/1765/1299 1582/2178/1582
f 1618/2230/1618 1582/2178/1582 1579/2174/1579
f 1618/2231/1618 1579/2232/1579 1619/2233/1619
f 507/687/507 509/690/509 1620/2234/1620
f 507/2235/507 439/591/439 508/2236/508
f 507/2235/507 440/592/440 439/591/439
f 507/2235/507 1620/2237/1620 440/592/440
f 1319/1792/1319 1621/2238/1621 853/1142/853
f 1319/1792/1319 1320/1793/1320 1622/2239/1622
f 1319/1792/1319 1622/2239/1622 1621/2238/1621
f 1319/1792/1319 853/1142/853 852/1141/852
f 1623/2240/1623 1624/2241/1624 1625/2242/1625
f 1623/2240/1623 1626/2243/1626 1627/2244/1627
f 1623/2245/1623 1627/2246/1627 1628/2247/1628
f 1623/2240/1623 1625/2242/1625 1626/2243/1626
f 1623/2248/1623 1629/2249/1629 1624/2250/1624
f 1623/2248/1623 1628/2251/1628 1629/2249/1629
f 1630/2252/1630 1631/2253/1631 1632/2254/1632
f 1630/2255/1630 1633/2256/1633 1631/2257/1631
f 1630/2255/1630 1634/2258/1634 1635/2259/1635
f 1630/2255/1630 1632/2260/1632 1634/2258/1634
f 1630/2255/1630 1635/2259/1635 1633/2256/1633
f 1636/2261/1636 1233/1669/1233 1235/1671/1235
f 1636/2261/1636 1637/2262/1637 346/456/346
f 1636/2261/1636 1638/2263/1638 1233/1669/1233
f 1636/2261/1636 345/455/345 1638/2263/1638
f 1636/2261/1636 346/456/346 345/455/345
f 1636/2261/1636 1235/1671/1235 1637/2262/1637
f 1639/2264/1639 721/2265/721 1640/2266/1640
f 1639/2264/1639 1640/2266/1640 1499/2267/1499
f 1639/2264/1639 722/2268/722 721/2265/721
f 408/552/408 1641/2269/1641 1104/2270/1104
f 408/552/408 53/63/53 51/65/51
f 408/552/408 410/554/410 1641/2269/1641
f 408/552/408 1104/2270/1104 53/63/53
f 413/557/413 1642/2271/1642 1643/2272/1643
f 413/557/413 1643/2272/1643 704/2273/704
f 413/557/413 909/2274/909 414/558/414
f 413/557/413 704/2273/704 909/2274/909
f 413/557/413 417/563/417 1642/2271/1642
f 1644/2275/1644 1645/2276/1645 1646/2277/1646
f 1644/2275/1644 1647/2278/1647 1648/2279/1648
f 1644/2275/1644 1646/2277/1646 1647/2278/1647
f 424/571/424 1649/2280/1649 425/572/425
f 424/571/424 429/578/429 1467/2011/1467
f 424/571/424 1467/2011/1467 1649/2280/1649
f 1650/2281/1650 1651/2282/1651 1652/2283/1652
f 1650/2281/1650 672/911/672 671/910/671
f 1650/2284/1650 1653/2285/1653 1654/2286/1654
f 1650/2281/1650 1654/2287/1654 1655/2288/1655
f 1650/2281/1650 1652/2283/1652 672/911/672
f 1650/2281/1650 1655/2288/1655 1651/2282/1651
f 1656/2289/1656 1657/2290/1657 1658/2291/1658
f 1656/2289/1656 1658/2291/1658 1634/2258/1634
f 1656/2292/1656 1659/2293/1659 1660/2294/1660
f 1656/2292/1656 1634/2295/1634 1661/2296/1661
f 1656/2292/1656 1660/2294/1660 1657/2297/1657
f 1656/2292/1656 1661/2296/1661 1659/2293/1659
f 772/2298/772 90/123/90 1662/2299/1662
f 772/2298/772 1663/2300/1663 773/2301/773
f 772/2298/772 91/2302/91 90/123/90
f 772/2298/772 1662/2299/1662 1663/2300/1663
f 1664/2303/1664 1665/2304/1665 1666/2305/1666
f 1664/2303/1664 1432/1963/1432 1667/2306/1667
f 1664/2303/1664 1307/1774/1307 1668/2307/1668
f 1664/2303/1664 1666/2305/1666 1307/1774/1307
f 1664/2303/1664 1667/2306/1667 1665/2304/1665
f 1664/2303/1664 1668/2307/1668 1432/1963/1432
f 256/334/256 1669/2308/1669 257/335/257
f 256/334/256 259/337/259 1670/2309/1670
f 256/334/256 1670/2309/1670 1669/2308/1669
f 1471/2023/1471 1474/2022/1474 1671/2310/1671
f 1471/2018/1471 1672/2311/1672 628/848/628
f 1471/2023/1471 1671/2310/1671 1250/2312/1250
f 1471/2018/1471 1250/2313/1250 1249/2314/1249
f 1471/2018/1471 1249/2314/1249 1672/2311/1672
f 697/941/697 701/945/701 865/1166/865
f 697/2315/697 1673/2316/1673 698/1536/698
f 697/941/697 865/1166/865 864/1168/864
f 697/2315/697 864/2317/864 1673/2316/1673
f 1674/2318/1674 1675/2319/1675 378/504/378
f 1674/2318/1674 1676/2320/1676 1675/2319/1675
f 1674/2318/1674 378/504/378 1677/2321/1677
f 1674/2322/1674 1677/2323/1677 1678/2324/1678
f 1674/2322/1674 1678/2324/1678 1676/2325/1676
f 1679/2326/1679 1680/2327/1680 1681/2328/1681
f 1679/2326/1679 1682/2329/1682 1683/2330/1683
f 1679/2326/1679 1684/2331/1684 1452/1982/1452
f 1679/2326/1679 1681/2328/1681 1682/2329/1682
f 1679/2326/1679 1683/2330/1683 1684/2331/1684
f 1679/2326/1679 1452/1982/1452 1680/2327/1680
f 1685/2332/1685 1686/2333/1686 1290/1756/1290
f 1685/2334/1685 1687/2335/1687 1688/2336/1688
f 1685/2334/1685 1689/2337/1689 1686/2338/1686
f 1685/2334/1685 1290/1754/1290 1687/2335/1687
f 1685/2334/1685 1688/2336/1688 1689/2337/1689
f 1690/2339/1690 1165/2340/1165 1691/2341/1691
f 1690/2342/1690 1326/1799/1326 1166/1564/1166
f 1690/2342/1690 1166/1564/1166 1165/1563/1165
f 1690/2339/1690 1691/2341/1691 1692/2343/1692
f 1690/2342/1690 1693/2344/1693 1326/1799/1326
f 1690/2339/1690 1692/2343/1692 1693/2345/1693
f 44/53/44 1694/2346/1694 45/54/45
f 44/53/44 1175/2347/1175 1694/2346/1694
f 44/53/44 48/57/48 1175/2347/1175
f 1695/2348/1695 1696/2349/1696 1697/2350/1697
f 1695/2348/1695 1697/2350/1697 1698/2351/1698
f 1695/2348/1695 1698/2351/1698 1699/2352/1699
f 1695/2348/1695 1699/2352/1699 1696/2349/1696
f 1700/2353/1700 1701/2354/1701 1702/2355/1702
f 1700/2356/1700 70/2357/70 1703/2358/1703
f 1700/2359/1700 1704/2360/1704 1705/2361/1705
f 1700/2362/1700 71/2363/71 70/2364/70
f 1700/2362/1700 1702/2365/1702 71/2363/71
f 1700/2359/1700 1706/2366/1706 1704/2360/1704
f 1700/2359/1700 1703/2367/1703 1706/2366/1706
f 1700/2359/1700 1705/2361/1705 1701/2368/1701
f 437/689/437 510/691/510 1707/2369/1707
f 437/689/437 442/2370/442 509/690/509
f 437/589/437 1707/2371/1707 438/590/438
f 683/924/683 1708/2372/1708 1709/2373/1709
f 683/924/683 1709/2373/1709 1710/2374/1710
f 683/924/683 1710/2374/1710 684/925/684
f 683/924/683 688/930/688 1708/2372/1708
f 1711/2375/1711 1712/2376/1712 1713/2377/1713
f 1711/2375/1711 1714/2378/1714 1715/2379/1715
f 1711/2375/1711 1713/2377/1713 188/252/188
f 1711/2375/1711 184/248/184 1714/2378/1714
f 1711/2375/1711 1715/2379/1715 1712/2376/1712
f 1711/2375/1711 188/252/188 184/248/184
f 1716/2380/1716 1717/2381/1717 1718/2382/1718
f 1716/2380/1716 1719/2383/1719 1720/2384/1720
f 1716/2385/1716 237/2386/237 1717/2387/1717
f 1716/2380/1716 1718/2382/1718 1719/2383/1719
f 1716/2380/1716 1720/2384/1720 237/2388/237
f 1494/2053/1494 1498/2058/1498 1721/2389/1721
f 1494/2053/1494 1722/2390/1722 1723/2391/1723
f 1494/2053/1494 1721/2389/1721 1722/2390/1722
f 1494/2053/1494 1723/2391/1723 1495/2054/1495
f 1724/2392/1724 1680/2327/1680 226/2393/226
f 1724/2394/1724 225/298/225 1725/2395/1725
f 1724/2394/1724 1725/2395/1725 1681/2396/1681
f 1724/2392/1724 1681/2328/1681 1680/2327/1680
f 1724/2394/1724 226/299/226 225/298/225
f 354/468/354 1726/2397/1726 1727/2398/1727
f 354/468/354 357/475/357 1726/2397/1726
f 1180/1585/1180 1728/2399/1728 1729/2400/1729
f 1180/1585/1180 114/150/114 1728/2399/1728
f 1180/1589/1180 467/633/467 115/154/115
f 1180/1585/1180 1729/2400/1729 1730/2401/1730
f 1180/1585/1180 1730/2401/1730 1181/1586/1181
f 1180/1585/1180 115/151/115 114/150/114
f 777/2402/777 1731/2403/1731 778/2404/778
f 777/2402/777 1732/2405/1732 1731/2403/1731
f 777/1041/777 277/363/277 1733/2406/1733
f 777/2402/777 1733/2407/1733 1732/2405/1732
f 1734/2408/1734 1735/2409/1735 136/179/136
f 1734/2410/1734 1736/2411/1736 1737/2412/1737
f 1734/2408/1734 1737/2413/1737 1735/2409/1735
f 1734/2410/1734 1738/2414/1738 1373/1868/1373
f 1734/2408/1734 136/179/136 134/182/134
f 1734/2410/1734 1373/1868/1373 1736/2411/1736
f 1734/2410/1734 134/176/134 1738/2414/1738
f 1739/2415/1739 1740/2416/1740 1741/2417/1741
f 1739/2415/1739 1741/2417/1741 1219/1645/1219
f 1739/2415/1739 1219/1645/1219 1216/1637/1216
f 1739/2415/1739 1216/1637/1216 1740/2416/1740
f 1742/2418/1742 1743/2419/1743 1202/1620/1202
f 1742/2418/1742 633/853/633 1744/2420/1744
f 1742/2418/1742 634/854/634 633/853/633
f 1742/2421/1742 1744/2422/1744 1745/2423/1745
f 1742/2418/1742 1202/1620/1202 634/854/634
f 1742/2424/1742 1745/2425/1745 1743/2426/1743
f 558/754/558 1746/2427/1746 559/755/559
f 558/754/558 560/756/560 1747/2428/1747
f 558/754/558 1747/2428/1747 1746/2427/1746
f 1748/2429/1748 1292/1758/1292 1295/1761/1295
f 1748/2430/1748 1749/2431/1749 262/344/262
f 1748/2432/1748 262/350/262 1600/2203/1600
f 1748/2429/1748 1599/2433/1599 1292/1758/1292
f 1748/2430/1748 1295/2434/1295 1749/2431/1749
f 1748/2432/1748 1600/2203/1600 1599/2202/1599
f 1750/2435/1750 1751/2436/1751 1752/2437/1752
f 1750/2438/1750 1753/2439/1753 1754/2440/1754
f 1750/2438/1750 1512/2077/1512 1515/2081/1515
f 1750/2435/1750 1754/2441/1754 1751/2436/1751
f 1750/2438/1750 1752/2442/1752 1512/2077/1512
f 1750/2438/1750 1515/2081/1515 1753/2439/1753
f 1755/2443/1755 1756/2444/1756 1757/2445/1757
f 1755/2443/1755 1055/2446/1055 761/2447/761
f 1755/2443/1755 178/2448/178 1055/2446/1055
f 1755/2443/1755 1758/2449/1758 152/200/152
f 1755/2443/1755 152/200/152 1756/2444/1756
f 1755/2443/1755 1757/2445/1757 178/2448/178
f 1755/2450/1755 761/1020/761 1758/2451/1758
f 183/2452/183 186/1663/186 835/1115/835
f 183/2453/183 835/2454/835 1058/2455/1058
f 1759/2456/1759 1129/2457/1129 339/448/339
f 1759/2456/1759 338/447/338 1760/2458/1760
f 1759/2456/1759 1760/2458/1760 1761/2459/1761
f 1759/2456/1759 339/448/339 338/447/338
f 1759/2456/1759 1761/2459/1761 1129/2457/1129
f 1499/2267/1499 1640/2266/1640 1500/2460/1500
f 602/813/602 1543/2122/1543 603/814/603
f 602/813/602 606/817/606 1762/2461/1762
f 602/813/602 1762/2461/1762 1542/2121/1542
f 1593/2196/1593 1763/2462/1763 1594/2197/1594
f 1593/2196/1593 1764/2463/1764 1763/2462/1763
f 1593/2196/1593 1597/2200/1597 1764/2463/1764
f 1378/2464/1378 1765/2465/1765 1379/2466/1379
f 1378/2464/1378 1766/2467/1766 1765/2465/1765
f 1378/1874/1378 1380/1877/1380 1767/2468/1767
f 1378/2469/1378 1767/2470/1767 1766/2471/1766
f 1768/2472/1768 1769/2473/1769 1770/2474/1770
f 1768/2472/1768 1771/2475/1771 1769/2473/1769
f 1768/2472/1768 1772/2476/1772 1771/2475/1771
f 1768/2472/1768 1770/2474/1770 1772/2476/1772
f 1773/2477/1773 1774/2478/1774 1775/2479/1775
f 1773/2477/1773 1776/2480/1776 1774/2478/1774
f 1773/2477/1773 1775/2479/1775 1777/2481/1777
f 953/2482/953 1778/2483/1778 954/2484/954
f 953/2482/953 1779/2485/1779 1778/2483/1778
f 957/2486/957 397/532/397 958/2487/958
f 957/2486/957 960/2488/960 1780/2489/1780
f 957/2486/957 1780/2489/1780 397/532/397
f 98/127/98 403/550/403 1781/2490/1781
f 98/127/98 1781/2490/1781 99/128/99
f 1279/1730/1279 1282/1735/1282 1782/2491/1782
f 1279/1730/1279 1782/2491/1782 730/981/730
f 1279/1730/1279 216/286/216 1280/1731/1280
f 1279/1730/1279 730/981/730 216/286/216
f 1285/2492/1285 1288/1750/1288 1783/2493/1783
f 1285/1746/1285 1226/2494/1226 1784/2495/1784
f 1285/1746/1285 1784/2495/1784 1286/1747/1286
f 1285/2496/1285 1227/1654/1227 1226/1653/1226
f 1285/2497/1285 1783/2498/1783 1227/2499/1227
f 1785/2500/1785 839/1120/839 40/1123/40
f 1785/2500/1785 67/83/67 66/82/66
f 1785/2501/1785 1786/2502/1786 1787/2503/1787
f 1785/2500/1785 66/82/66 839/1120/839
f 1785/2501/1785 40/49/40 1786/2502/1786
f 1785/2500/1785 1787/2504/1787 67/83/67
f 741/993/741 1558/2141/1558 742/994/742
f 741/993/741 744/996/744 1570/2160/1570
f 230/305/230 233/308/233 1788/2505/1788
f 230/967/230 1788/2506/1788 718/968/718
f 1127/1513/1127 1129/1516/1129 939/2507/939
f 1127/1513/1127 1789/2508/1789 1128/1514/1128
f 1127/2509/1127 938/1261/938 1789/2510/1789
f 1127/1513/1127 939/2507/939 938/2511/938
f 1335/1809/1335 319/2512/319 318/2513/318
f 1335/1809/1335 318/2513/318 1584/2180/1584
f 1335/1809/1335 1584/2180/1584 1336/1810/1336
f 1335/1809/1335 244/321/244 319/2512/319
f 824/1099/824 827/1098/827 1339/1813/1339
f 824/2189/824 1589/2188/1589 825/2514/825
f 1603/2515/1603 1790/2516/1790 1791/2517/1791
f 1603/2206/1603 1791/2518/1791 1604/2207/1604
f 1603/2515/1603 1792/2519/1792 1790/2516/1790
f 1603/2520/1603 1082/2521/1082 1792/2522/1792
f 1793/2523/1793 944/1267/944 691/2524/691
f 1793/2523/1793 946/1271/946 944/1267/944
f 1793/2523/1793 1794/2525/1794 946/1271/946
f 1793/2523/1793 691/2524/691 1795/2526/1795
f 1793/2523/1793 1795/2526/1795 1794/2525/1794
f 1796/2527/1796 1797/2528/1797 1798/2529/1798
f 1796/2530/1796 1799/2531/1799 999/1346/999
f 1796/2530/1796 999/1346/999 1800/2532/1800
f 1796/2530/1796 1800/2532/1800 1797/2533/1797
f 1796/2527/1796 1798/2529/1798 1799/2534/1799
f 1801/2535/1801 1802/2536/1802 1803/2537/1803
f 1801/2538/1801 1804/2539/1804 1802/2540/1802
f 1801/2538/1801 21/27/21 531/716/531
f 1801/2538/1801 1803/2541/1803 21/27/21
f 1801/2538/1801 531/716/531 1804/2539/1804
f 25/32/25 1450/1980/1450 26/33/26
f 25/32/25 1438/2542/1438 1450/1980/1450
f 1805/2543/1805 1806/2544/1806 1807/2545/1807
f 1805/2543/1805 1439/1969/1439 35/44/35
f 1805/2543/1805 1807/2545/1807 1808/2546/1808
f 1805/2543/1805 35/44/35 1806/2544/1806
f 1805/2543/1805 1808/2546/1808 1439/1969/1439
f 1033/1392/1033 1809/2547/1809 1810/2548/1810
f 1033/1398/1033 1037/1397/1037 1809/2549/1809
f 1033/1392/1033 1810/2548/1810 1034/1393/1034
f 306/2550/306 1811/2551/1811 1812/2552/1812
f 306/2550/306 1812/2552/1812 985/2553/985
f 306/2554/306 985/2555/985 1042/1404/1042
f 306/416/306 308/414/308 1813/2556/1813
f 306/410/306 1042/2557/1042 307/411/307
f 306/416/306 1813/2556/1813 1811/2558/1811
f 104/136/104 1814/2559/1814 105/137/105
f 104/136/104 647/2560/647 1815/2561/1815
f 104/140/104 106/139/106 1404/1910/1404
f 104/136/104 1815/2561/1815 1814/2559/1814
f 104/140/104 1404/1910/1404 647/2562/647
f 360/477/360 826/1097/826 361/478/361
f 360/477/360 827/1098/827 826/1097/826
f 360/477/360 1816/2563/1816 827/1098/827
f 360/477/360 365/484/365 1816/2563/1816
f 928/1251/928 1731/2564/1731 1732/2565/1732
f 928/1251/928 933/1256/933 1817/2566/1817
f 928/1251/928 1732/2565/1732 929/1252/929
f 928/1251/928 1818/2567/1818 1731/2564/1731
f 928/1251/928 1817/2566/1817 1818/2567/1818
f 1735/2409/1735 1819/2568/1819 137/180/137
f 1735/2409/1735 1737/2413/1737 1820/2569/1820
f 1735/2409/1735 137/180/137 136/179/136
f 1735/2409/1735 1820/2569/1820 1819/2568/1819
f 1821/2570/1821 992/1339/992 1822/2571/1822
f 1821/2572/1821 1823/2573/1823 992/1335/992
f 1821/2570/1821 1822/2571/1822 1824/2574/1824
f 1825/2575/1825 1753/2439/1753 1826/2576/1826
f 1825/2577/1825 1827/2578/1827 1608/2579/1608
f 1825/2580/1825 1754/2441/1754 1753/2581/1753
f 1825/2580/1825 1608/2582/1608 1754/2441/1754
f 1825/2577/1825 1826/2583/1826 1827/2578/1827
f 1206/2584/1206 705/953/705 428/580/428
f 1005/2585/1005 1006/2586/1006 808/1075/808
f 1005/2585/1005 808/1075/808 805/1072/805
f 1005/2585/1005 805/1072/805 1562/2587/1562
f 1828/2588/1828 1829/2589/1829 1830/2590/1830
f 1828/2588/1828 1831/2591/1831 1832/2592/1832
f 1828/2588/1828 1832/2592/1832 1829/2589/1829
f 1828/2588/1828 1830/2590/1830 1831/2591/1831
f 1621/2238/1621 1833/2593/1833 1834/2594/1834
f 1621/2595/1621 855/1147/855 853/1154/853
f 1621/2595/1621 1834/2596/1834 855/1147/855
f 1621/2238/1621 1622/2239/1622 1833/2593/1833
f 780/1044/780 1542/2121/1542 1835/2597/1835
f 780/1044/780 1835/2597/1835 707/1045/707
f 787/1053/787 1836/2598/1836 788/1054/788
f 787/1846/787 1364/1851/1364 1836/2599/1836
f 1067/1437/1067 1066/1436/1066 1837/2600/1837
f 1067/1437/1067 1837/2600/1837 1838/2601/1838
f 202/2602/202 1839/2603/1839 1840/2604/1840
f 202/272/202 206/271/206 1841/2605/1841
f 202/2606/202 1841/2607/1841 1839/2608/1839
f 202/266/202 1840/2609/1840 203/267/203
f 1842/2610/1842 1248/1688/1248 1250/1690/1250
f 1842/2611/1842 1843/2612/1843 1844/2613/1844
f 1842/2614/1842 1844/2615/1844 1845/2616/1845
f 1842/2610/1842 1250/1690/1250 1843/2617/1843
f 1842/2614/1842 1845/2616/1845 1248/2618/1248
f 901/1219/901 1846/2619/1846 268/2620/268
f 901/1212/901 1765/2465/1765 902/1213/902
f 901/1212/901 268/2621/268 272/2622/272
f 901/1212/901 272/2622/272 1765/2465/1765
f 901/1219/901 905/1217/905 1846/2619/1846
f 1847/2623/1847 1848/2624/1848 1152/1543/1152
f 1847/2625/1847 1849/2626/1849 1848/2627/1848
f 1847/2623/1847 1850/2628/1850 1851/2629/1851
f 1847/2623/1847 1152/1543/1152 1850/2628/1850
f 1847/2623/1847 1852/2630/1852 1849/2631/1849
f 1847/2623/1847 1851/2629/1851 1852/2630/1852
f 1853/2632/1853 1571/2633/1571 1390/1889/1390
f 1853/2634/1853 1572/2162/1572 1571/2161/1571
f 1853/2634/1853 1420/1938/1420 1419/1937/1419
f 1853/2634/1853 1419/1937/1419 1572/2162/1572
f 1853/2632/1853 1390/1889/1390 1389/1888/1389
f 1853/2632/1853 1389/1888/1389 1420/2635/1420
f 1854/2636/1854 1162/1560/1162 1688/2336/1688
f 1854/2636/1854 478/648/478 481/651/481
f 1854/2636/1854 481/651/481 619/836/619
f 1854/2636/1854 619/836/619 618/835/618
f 1854/2636/1854 618/835/618 1162/1560/1162
f 1854/2636/1854 1688/2336/1688 478/648/478
f 1327/1800/1327 979/1322/979 981/1321/981
f 1327/1800/1327 981/1321/981 1611/2217/1611
f 1615/2224/1615 492/2637/492 1855/2638/1855
f 1615/2224/1615 1272/1716/1272 492/2637/492
f 1615/2224/1615 1855/2638/1855 1173/1574/1173
f 1615/2224/1615 1173/1574/1173 1172/1573/1172
f 52/61/52 1856/2639/1856 1102/1485/1102
f 52/61/52 54/66/54 1856/2639/1856
f 56/2640/56 60/2641/60 1539/2116/1539
f 56/2642/56 1538/2643/1538 57/2644/57
f 56/2640/56 1539/2116/1539 1538/2115/1538
f 1857/2645/1857 1110/1493/1110 68/1497/68
f 1857/2646/1857 1858/2647/1858 1859/2648/1859
f 1857/2645/1857 1859/2649/1859 1860/2650/1860
f 1857/2651/1857 68/84/68 1858/2652/1858
f 1857/2645/1857 1861/2653/1861 1110/1493/1110
f 1857/2645/1857 1860/2650/1860 1861/2653/1861
f 1862/2654/1862 1863/2655/1863 1117/1503/1117
f 1862/2656/1862 1116/2657/1116 1464/2658/1464
f 1862/2654/1862 501/2659/501 1863/2655/1863
f 1862/2654/1862 1117/1503/1117 1116/1502/1116
f 1862/2656/1862 1464/2658/1464 501/684/501
f 1864/2660/1864 1865/2661/1865 1503/2065/1503
f 1864/2660/1864 1866/2662/1866 1867/2663/1867
f 1864/2660/1864 1868/2664/1868 1866/2662/1866
f 1864/2660/1864 1503/2065/1503 1869/2665/1869
f 1864/2660/1864 1869/2665/1869 1870/2666/1870
f 1864/2660/1864 1867/2663/1867 1865/2661/1865
f 1864/2660/1864 1870/2666/1870 1868/2664/1868
f 1010/1364/1010 1553/2667/1553 571/773/571
f 1010/1364/1010 1871/2668/1871 1872/2669/1872
f 1010/1364/1010 571/773/571 1871/2668/1871
f 1010/1364/1010 1012/1367/1012 1553/2667/1553
f 1010/1364/1010 1872/2669/1872 1011/1365/1011
f 885/1193/885 92/117/92 95/120/95
f 885/1193/885 95/120/95 886/1194/886
f 885/1201/885 1873/2670/1873 92/2671/92
f 885/1201/885 888/1197/888 1873/2670/1873
f 892/2672/892 1874/2673/1874 893/2674/893
f 644/874/644 646/876/646 1483/2675/1483
f 644/874/644 1484/2676/1484 645/875/645
f 734/986/734 813/1080/813 1875/2677/1875
f 734/986/734 739/991/739 813/1080/813
f 734/986/734 1875/2677/1875 544/737/544
f 734/986/734 544/737/544 735/987/735
f 1876/2678/1876 489/660/489 487/663/487
f 1876/2678/1876 1112/2679/1112 662/898/662
f 1876/2678/1876 487/663/487 1113/2680/1113
f 1876/2678/1876 662/898/662 661/896/661
f 1876/2678/1876 1113/2680/1113 1112/2679/1112
f 1876/2678/1876 661/896/661 489/660/489
f 667/904/667 1877/2681/1877 1411/1920/1411
f 667/904/667 1601/2204/1601 1877/2681/1877
f 872/1178/872 874/1180/874 1878/2682/1878
f 872/2683/872 1879/2684/1879 1123/1509/1123
f 872/2683/872 1880/2685/1880 873/2686/873
f 872/2683/872 1123/1509/1123 1880/2685/1880
f 872/1178/872 1878/2682/1878 1879/2687/1879
f 1197/1609/1197 1199/1611/1199 1881/2688/1881
f 1197/1609/1197 1882/2689/1882 389/520/389
f 1197/1609/1197 1883/2690/1883 1882/2689/1882
f 1197/1609/1197 1881/2688/1881 1883/2690/1883
f 677/918/677 280/2691/280 285/2692/285
f 677/2693/677 553/747/553 280/746/280
f 677/918/677 681/922/681 1051/1416/1051
f 677/2693/677 1051/2694/1051 553/747/553
f 677/918/677 285/2692/285 678/919/678
f 512/693/512 514/695/514 1422/2695/1422
f 512/2696/512 1422/1945/1422 1423/1944/1423
f 512/2696/512 1423/1944/1423 1884/2697/1884
f 512/693/512 1885/2698/1885 513/694/513
f 512/2696/512 1884/2697/1884 1885/2699/1885
f 765/1026/765 132/172/132 384/513/384
f 765/1026/765 133/2700/133 132/172/132
f 765/1026/765 384/513/384 766/1027/766
f 765/1034/765 770/1033/770 133/175/133
f 1886/2701/1886 390/522/390 1887/2702/1887
f 1886/2701/1886 391/523/391 390/522/390
f 170/224/170 1888/2703/1888 171/225/171
f 170/224/170 1222/1648/1222 1888/2703/1888
f 1889/2704/1889 973/1311/973 1890/2705/1890
f 1889/2706/1889 1890/2707/1890 1891/2708/1891
f 1889/2709/1889 1519/2087/1519 1520/2090/1520
f 1889/2704/1889 974/1312/974 973/1311/973
f 1889/2706/1889 1891/2708/1891 1519/2710/1519
f 1889/2704/1889 1520/2711/1520 974/1312/974
f 223/295/223 552/749/552 1892/2712/1892
f 223/295/223 1892/2712/1892 224/296/224
f 223/295/223 1893/2713/1893 552/749/552
f 223/295/223 228/301/228 1893/2713/1893
f 1728/2399/1728 1894/2714/1894 1729/2400/1729
f 1728/2399/1728 114/150/114 116/152/116
f 1728/2399/1728 116/152/116 113/156/113
f 1728/2399/1728 1895/2715/1895 1894/2714/1894
f 1728/2399/1728 113/156/113 1895/2715/1895
f 923/1243/923 926/1248/926 447/2716/447
f 923/1243/923 11/14/11 924/1244/924
f 923/1243/923 15/20/15 11/14/11
f 923/1243/923 447/2716/447 15/20/15
f 1896/2717/1896 1897/2718/1897 1898/2719/1898
f 1896/2717/1896 1899/2720/1899 1900/2721/1900
f 1896/2717/1896 1901/2722/1901 1902/2723/1902
f 1896/2717/1896 1900/2721/1900 1901/2722/1901
f 1896/2717/1896 1898/2719/1898 1899/2720/1899
f 1896/2717/1896 1902/2723/1902 1897/2718/1897
f 803/1070/803 1004/2724/1004 804/1071/804
f 811/1824/811 1346/1825/1346 1903/2725/1903
f 811/1083/811 814/1082/814 1009/2049/1009
f 811/1824/811 1903/2725/1903 812/2726/812
f 1904/2727/1904 1905/2728/1905 242/2729/242
f 1904/2730/1904 242/319/242 1135/1522/1135
f 1904/2727/1904 1135/2731/1135 1136/2732/1136
f 1904/2727/1904 1136/2732/1136 1906/2733/1906
f 1904/2727/1904 1906/2733/1906 1907/2734/1907
f 1904/2727/1904 1907/2734/1907 1905/2728/1905
f 1908/2735/1908 1909/2736/1909 688/930/688
f 1908/2737/1908 1910/2738/1910 1911/2739/1911
f 1908/2737/1908 1912/2740/1912 1910/2738/1910
f 1908/2737/1908 1911/2739/1911 1909/2741/1909
f 1908/2737/1908 688/931/688 1912/2740/1912
f 395/533/395 397/532/397 1780/2489/1780
f 395/529/395 1780/2742/1780 396/530/396
f 1913/2743/1913 1914/2744/1914 1915/2745/1915
f 1913/2743/1913 1915/2745/1915 1916/2746/1916
f 1913/2743/1913 1916/2746/1916 1917/2747/1917
f 1918/2748/1918 1919/2749/1919 1920/2750/1920
f 1918/2751/1918 1921/2752/1921 1922/2753/1922
f 1918/2754/1918 1920/2755/1920 1921/2756/1921
f 1918/2751/1918 1922/2753/1922 1923/2757/1923
f 983/2758/983 1924/2759/1924 1925/2760/1925
f 983/2758/983 1812/2761/1812 1926/2762/1926
f 983/2758/983 1926/2762/1926 1924/2759/1924
f 983/2758/983 985/2763/985 1812/2761/1812
f 983/2758/983 1925/2760/1925 984/2764/984
f 1927/2765/1927 1928/2766/1928 1929/2767/1929
f 1927/2765/1927 970/1307/970 1928/2766/1928
f 1927/2765/1927 1930/2768/1930 971/1308/971
f 1927/2765/1927 1931/2769/1931 1932/2770/1932
f 1927/2765/1927 971/1308/971 970/1307/970
f 1927/2765/1927 1932/2770/1932 1930/2768/1930
f 1927/2765/1927 1929/2767/1929 1931/2769/1931
f 1287/1749/1287 1933/2771/1933 1934/2772/1934
f 1287/1749/1287 1289/2773/1289 856/1148/856
f 1287/1749/1287 1935/2774/1935 1288/1750/1288
f 1287/1749/1287 1934/2772/1934 1935/2774/1935
f 1287/1749/1287 856/1148/856 1933/2771/1933
f 1292/1758/1292 1599/2433/1599 1293/1759/1293
f 1936/2775/1936 1937/2776/1937 1938/2777/1938
f 1936/2775/1936 1939/2778/1939 1940/2779/1940
f 1936/2775/1936 1940/2779/1940 990/1333/990
f 1936/2775/1936 989/1332/989 1937/2776/1937
f 1936/2775/1936 990/1333/990 989/1332/989
f 1936/2775/1936 1938/2777/1938 1939/2778/1939
f 1941/2780/1941 1942/2781/1942 1943/2782/1943
f 1941/2780/1941 1944/2783/1944 1945/2784/1945
f 1941/2780/1941 1943/2782/1943 1430/2785/1430
f 1941/2780/1941 1430/2785/1430 1946/2786/1946
f 1941/2780/1941 1945/2784/1945 1942/2781/1942
f 1941/2780/1941 1946/2786/1946 1944/2783/1944
f 1092/1474/1092 1947/2787/1947 1948/2788/1948
f 1092/1474/1092 1948/2788/1948 1093/1475/1093
f 449/607/449 1256/2789/1256 1949/2790/1949
f 449/607/449 1949/2790/1949 638/868/638
f 449/607/449 638/868/638 451/608/451
f 1950/2791/1950 1081/2792/1081 1951/2793/1951
f 1950/2791/1950 1951/2793/1951 1952/2794/1952
f 1950/2791/1950 1953/2795/1953 1792/2522/1792
f 1950/2791/1950 1952/2794/1952 1953/2795/1953
f 1950/2791/1950 1792/2522/1792 1082/2521/1082
f 1950/2791/1950 1082/2521/1082 1081/2792/1081
f 1526/2099/1526 1954/2796/1954 1955/2797/1955
f 1526/2099/1526 1527/2100/1527 1954/2796/1954
f 1526/2099/1526 165/219/165 164/218/164
f 1526/2099/1526 1955/2797/1955 165/219/165
f 903/1876/903 368/488/368 1380/1877/1380
f 903/1214/903 902/1213/902 370/2798/370
f 1956/2799/1956 903/2800/903 1957/2801/1957
f 903/2802/903 370/492/370 368/491/368
f 1958/2803/1958 887/1196/887 1959/2804/1959
f 1958/2803/1958 1960/2805/1960 888/1197/888
f 1958/2803/1958 1961/2806/1961 1960/2805/1960
f 1958/2807/1958 1959/2808/1959 331/440/331
f 1958/2807/1958 1962/2809/1962 1961/2810/1961
f 1958/2807/1958 331/440/331 1962/2809/1962
f 1958/2803/1958 888/1197/888 887/1196/887
f 1963/2811/1963 1964/2812/1964 1965/2813/1965
f 1963/2811/1963 1966/2814/1966 1967/2815/1967
f 1963/2811/1963 1965/2813/1965 1966/2814/1966
f 1968/2816/1968 1969/2817/1969 1970/2818/1970
f 1968/2816/1968 1970/2818/1970 1971/2819/1971
f 1968/2820/1968 1065/1435/1065 1972/2821/1972
f 1968/2816/1968 1971/2819/1971 1065/2822/1065
f 1968/2823/1968 1972/2824/1972 1973/2825/1973
f 1968/2823/1968 1973/2825/1973 1969/2826/1969
f 1974/2827/1974 1975/2828/1975 801/2829/801
f 1974/2827/1974 1976/2830/1976 1975/2828/1975
f 1974/2831/1974 1977/2832/1977 1976/2833/1976
f 1974/2834/1974 1841/2607/1841 1977/2835/1977
f 1974/2834/1974 801/1068/801 1841/2607/1841
f 1978/2836/1978 1979/2837/1979 1980/2838/1980
f 1978/2836/1978 1981/2839/1981 1401/2840/1401
f 1978/2836/1978 1982/2841/1982 1979/2837/1979
f 1978/2836/1978 1980/2838/1980 1983/2842/1983
f 1978/2836/1978 1983/2842/1983 1981/2839/1981
f 1978/2836/1978 1401/2840/1401 1982/2841/1982
f 1984/2843/1984 735/987/735 543/736/543
f 1984/2844/1984 1076/1448/1076 738/1451/738
f 1984/2844/1984 1985/2845/1985 1076/1448/1076
f 1984/2844/1984 542/2846/542 1985/2845/1985
f 1984/2847/1984 543/735/543 542/734/542
f 1984/2843/1984 738/990/738 735/987/735
f 1244/1684/1244 1248/1688/1248 1845/2848/1845
f 1244/1684/1244 1986/2849/1986 1987/2850/1987
f 1244/1684/1244 1987/2850/1987 1245/1685/1245
f 1244/1684/1244 1845/2848/1845 1986/2849/1986
f 1988/2851/1988 1989/2852/1989 1990/2853/1990
f 1988/2851/1988 747/1002/747 1991/2854/1991
f 1988/2851/1988 1990/2853/1990 1212/2855/1212
f 1988/2851/1988 1991/2854/1991 1989/2852/1989
f 1988/2851/1988 1212/2855/1212 747/1002/747
f 1992/2856/1992 1993/2857/1993 1994/2858/1994
f 1992/2859/1992 1994/2860/1994 1995/2861/1995
f 1992/2859/1992 1995/2861/1995 1509/2073/1509
f 1992/2859/1992 1509/2073/1509 1996/2862/1996
f 1992/2859/1992 1997/2863/1997 1993/2864/1993
f 1992/2859/1992 1996/2862/1996 1997/2863/1997
f 4/5/4 1998/2865/1998 1999/2866/1999
f 4/5/4 6/7/6 2000/2867/2000
f 4/5/4 2001/2868/2001 5/6/5
f 4/5/4 2000/2867/2000 1998/2865/1998
f 4/5/4 1999/2866/1999 2001/2868/2001
f 2002/2869/2002 1517/2870/1517 2003/2871/2003
f 2002/2872/2002 1518/2086/1518 1517/2085/1517
f 2002/2869/2002 2004/2873/2004 763/2874/763
f 2002/2869/2002 2003/2871/2003 2004/2873/2004
f 2002/2875/2002 759/1017/759 328/437/328
f 2002/2875/2002 328/437/328 1518/2876/1518
f 2002/2875/2002 763/1022/763 759/1017/759
f 2005/2877/2005 2006/2878/2006 2007/2879/2007
f 2005/2880/2005 2008/2881/2008 2009/2882/2009
f 2005/2877/2005 2010/2883/2010 2006/2878/2006
f 2005/2880/2005 2009/2882/2009 2011/2884/2011
f 2005/2880/2005 2011/2884/2011 2010/2885/2010
f 2005/2877/2005 2007/2879/2007 2008/2886/2008
f 1763/2462/1763 2012/2887/2012 1594/2197/1594
f 1763/2462/1763 1764/2463/1764 1029/1387/1029
f 1763/2888/1763 1029/2889/1029 2013/2890/2013
f 1763/2888/1763 2013/2890/2013 2012/2891/2012
f 367/487/367 369/489/369 2014/2892/2014
f 367/487/367 1380/1877/1380 368/488/368
f 367/487/367 2014/2892/2014 2015/2893/2015
f 367/487/367 2015/2893/2015 1767/2468/1767
f 367/487/367 1767/2468/1767 1380/1877/1380
f 1271/2894/1271 2016/2895/2016 1272/2896/1272
f 1271/2897/1271 1274/2898/1274 74/93/74
f 1271/2897/1271 74/93/74 2017/2899/2017
f 1271/2894/1271 2017/2900/2017 2016/2895/2016
f 621/2901/621 2018/2902/2018 2019/2903/2019
f 621/2013/621 2019/2904/2019 1469/2014/1469
f 621/2901/621 624/843/624 2018/2902/2018
f 1472/2019/1472 879/2905/879 878/2906/878
f 1472/2019/1472 631/851/631 630/850/630
f 1472/2019/1472 878/2906/878 1473/2020/1473
f 1472/2019/1472 630/850/630 879/2905/879
f 1905/2907/1905 243/320/243 242/319/242
f 1905/2728/1905 1514/2908/1514 243/2909/243
f 1905/2728/1905 1907/2734/1907 2020/2910/2020
f 1905/2728/1905 2020/2910/2020 1514/2908/1514
f 1897/2911/1897 1340/2912/1340 1342/2913/1342
f 1897/2718/1897 1902/2723/1902 1340/2914/1340
f 1897/2911/1897 1342/2913/1342 1898/2915/1898
f 2021/2916/2021 1749/2431/1749 2022/2917/2022
f 2021/2916/2021 2022/2917/2022 2023/2918/2023
f 2021/2916/2021 2023/2918/2023 1844/2613/1844
f 2021/2916/2021 262/344/262 1749/2431/1749
f 2021/2916/2021 1844/2613/1844 263/345/263
f 2021/2916/2021 263/345/263 262/344/262
f 2024/2919/2024 462/628/462 1147/2920/1147
f 2024/2921/2024 270/355/270 269/354/269
f 2024/2919/2024 463/629/463 462/628/462
f 2024/2922/2024 1349/1832/1349 463/2923/463
f 2024/2922/2024 269/2924/269 1349/1832/1349
f 2024/2921/2024 1147/1534/1147 270/355/270
f 2025/2925/2025 579/781/579 249/326/249
f 2025/2926/2025 19/25/19 1803/2541/1803
f 2025/2925/2025 1556/2138/1556 19/2927/19
f 2025/2925/2025 249/326/249 1556/2138/1556
f 2025/2925/2025 1803/2928/1803 2026/2929/2026
f 2025/2925/2025 2026/2929/2026 579/781/579
f 1006/2586/1006 806/1073/806 808/1075/808
f 1006/1359/1006 809/1358/809 2027/2930/2027
f 1006/2586/1006 2027/2931/2027 806/1073/806
f 2028/2932/2028 2029/2933/2029 2030/2934/2030
f 2028/2932/2028 1047/1412/1047 2031/2935/2031
f 2028/2932/2028 2032/2936/2032 1047/1412/1047
f 2028/2937/2028 2031/2938/2031 2033/2939/2033
f 2028/2932/2028 2033/2940/2033 2029/2933/2029
f 2028/2932/2028 2030/2934/2030 2032/2936/2032
f 2034/2941/2034 1858/2647/1858 2035/2942/2035
f 2034/2941/2034 1859/2648/1859 1858/2647/1858
f 2034/2941/2034 2036/2943/2036 2037/2944/2037
f 2034/2941/2034 2035/2942/2035 2036/2943/2036
f 2034/2941/2034 2037/2944/2037 1859/2648/1859
f 1814/2559/1814 1930/2945/1930 1314/2946/1314
f 1814/2559/1814 1815/2561/1815 2038/2947/2038
f 1814/2559/1814 1314/2946/1314 1317/2948/1317
f 1814/2559/1814 971/1309/971 1930/2945/1930
f 1814/2559/1814 1317/2948/1317 105/137/105
f 1814/2559/1814 2038/2947/2038 971/1309/971
f 2039/2949/2039 1427/1950/1427 653/887/653
f 2039/2949/2039 1429/1953/1429 1427/1950/1427
f 2039/2949/2039 2040/2950/2040 1429/1953/1429
f 486/656/486 65/2951/65 64/2952/64
f 486/656/486 840/2953/840 65/2951/65
f 486/656/486 64/2952/64 487/657/487
f 486/656/486 488/658/488 840/2953/840
f 2041/2954/2041 2042/2955/2042 227/300/227
f 2041/2954/2041 2043/2956/2043 605/819/605
f 2041/2954/2041 2044/2957/2044 2042/2955/2042
f 2041/2954/2041 227/300/227 2045/2958/2045
f 2041/2954/2041 2045/2958/2045 2043/2956/2043
f 2041/2954/2041 605/819/605 2044/2957/2044
f 2046/2959/2046 1879/2687/1879 1878/2682/1878
f 2046/2959/2046 1575/2166/1575 1125/2168/1125
f 2046/2959/2046 1125/2168/1125 1879/2687/1879
f 1577/2960/1577 1580/2961/1580 1660/2294/1660
f 1577/2170/1577 2047/2962/2047 1578/2171/1578
f 1577/2170/1577 2048/2963/2048 2047/2962/2047
f 1577/2960/1577 1660/2294/1660 2048/2964/2048
f 1133/1520/1133 1336/1810/1336 2049/2965/2049
f 1133/1520/1133 2049/2965/2049 1134/1521/1134
f 894/2966/894 2050/2967/2050 2051/2968/2051
f 894/2966/894 893/2674/893 2050/2967/2050
f 690/2969/690 626/846/626 1795/2970/1795
f 690/934/690 694/938/694 626/2971/626
f 690/2969/690 1795/2970/1795 691/2972/691
f 1146/1537/1146 698/1536/698 1673/2316/1673
f 1146/1533/1146 2052/2973/2052 900/2974/900
f 1146/1533/1146 270/355/270 1147/1534/1147
f 1146/1533/1146 271/356/271 270/355/270
f 1146/1533/1146 900/2974/900 271/356/271
f 1146/1537/1146 1673/2316/1673 2052/2975/2052
f 1151/1550/1151 127/2976/127 2053/2977/2053
f 1151/1542/1151 1850/2628/1850 1152/1543/1152
f 1151/1550/1151 1154/1549/1154 127/2976/127
f 1151/1550/1151 2053/2977/2053 1850/2978/1850
f 1680/2327/1680 1449/1979/1449 2054/2979/2054
f 1680/2327/1680 1452/1982/1452 1449/1979/1449
f 1680/2327/1680 2054/2979/2054 226/2393/226
f 1686/2333/1686 1289/1752/1289 1290/1756/1290
f 1686/2338/1686 1689/2337/1689 1163/1561/1163
f 1686/2333/1686 1163/2980/1163 857/1150/857
f 1686/2333/1686 857/1150/857 1289/1752/1289
f 1165/2340/1165 1167/2981/1167 2055/2982/2055
f 1165/2340/1165 2055/2982/2055 1691/2341/1691
f 2056/2983/2056 2057/2984/2057 2058/2985/2058
f 2056/2986/2056 2058/2987/2058 2059/2988/2059
f 2060/2989/2060 2061/2990/2061 2062/2991/2062
f 2060/2989/2060 2063/2992/2063 2061/2990/2061
f 2060/2993/2060 2064/2994/2064 2065/2995/2065
f 2060/2993/2060 2065/2995/2065 2066/2996/2066
f 2060/2989/2060 2067/2997/2067 2064/2998/2064
f 2060/2989/2060 2062/2991/2062 2067/2997/2067
f 2060/2989/2060 2066/2999/2066 2063/2992/2063
f 2068/3000/2068 218/293/218 221/292/221
f 2068/3000/2068 867/1170/867 218/293/218
f 2068/3000/2068 2069/3001/2069 867/1170/867
f 2068/3000/2068 315/424/315 1418/1935/1418
f 2068/3000/2068 221/292/221 315/424/315
f 2068/3000/2068 1418/1935/1418 2070/3002/2070
f 2068/3000/2068 2070/3002/2070 2069/3001/2069
f 1751/2436/1751 1607/3003/1607 1752/2437/1752
f 1751/2436/1751 1754/2441/1754 1608/2582/1608
f 1751/2436/1751 1608/2582/1608 1607/3003/1607
f 1833/2593/1833 2071/3004/2071 1056/1422/1056
f 1833/2593/1833 1622/2239/1622 2071/3004/2071
f 1833/2593/1833 1056/1422/1056 1834/2594/1834
f 2072/3005/2072 887/1196/887 890/1200/890
f 2072/3005/2072 1959/2804/1959 887/1196/887
f 2072/3006/2072 2073/3007/2073 1959/2808/1959
f 2072/3008/2072 2074/3009/2074 2073/3010/2073
f 2072/3008/2072 2075/3011/2075 2074/3009/2074
f 2072/3008/2072 890/3012/890 2075/3011/2075
f 2076/3013/2076 1915/2745/1915 2077/3014/2077
f 2076/3013/2076 1916/2746/1916 1915/2745/1915
f 2076/3013/2076 2078/3015/2078 1916/2746/1916
f 1064/1434/1064 1972/2821/1972 1065/1435/1065
f 668/905/668 1413/1924/1413 1068/3016/1068
f 1281/3017/1281 1979/3018/1979 2079/3019/2079
f 1281/3020/1281 1928/2766/1928 970/1307/970
f 1281/3020/1281 970/1307/970 969/1306/969
f 1281/3020/1281 2079/3021/2079 1928/2766/1928
f 1281/1733/1281 1283/1742/1283 1979/2837/1979
f 1074/3022/1074 2080/3023/2080 1075/3024/1075
f 1074/3022/1074 1078/3025/1078 828/1101/828
f 1074/3022/1074 828/1101/828 2080/3023/2080
f 120/3026/120 2081/3027/2081 1184/1592/1184
f 120/160/120 2082/3028/2082 2083/3029/2083
f 120/3026/120 123/3030/123 2081/3027/2081
f 120/160/120 2083/3029/2083 121/161/121
f 120/3026/120 1184/1592/1184 2082/3031/2082
f 2084/3032/2084 1187/1596/1187 2085/3033/2085
f 2084/3032/2084 1769/2473/1769 1771/2475/1771
f 2084/3032/2084 2085/3033/2085 1413/1923/1413
f 2084/3032/2084 1771/2475/1771 2086/3034/2086
f 2084/3032/2084 1413/1923/1413 1769/2473/1769
f 2084/3032/2084 2086/3034/2086 1187/1596/1187
f 1736/2411/1736 1372/1867/1372 1737/2412/1737
f 1736/2411/1736 1373/1868/1373 1372/1867/1372
f 2087/3035/2087 2088/3036/2088 2089/3037/2089
f 2087/3035/2087 1824/2574/1824 2088/3036/2088
f 2087/3035/2087 2089/3037/2089 2090/3038/2090
f 1201/3039/1201 2091/3040/2091 635/858/635
f 1201/3041/1201 2092/3042/2092 2091/3043/2091
f 1201/3044/1201 2093/3045/2093 2092/3046/2092
f 1201/1622/1201 1203/1621/1203 2093/3047/2093
f 1746/3048/1746 2094/3049/2094 559/3050/559
f 1746/3048/1746 2095/3051/2095 2094/3049/2094
f 1746/2427/1746 1747/2428/1747 2095/3052/2095
f 1790/2516/1790 1939/2778/1939 1938/2777/1938
f 1790/2516/1790 2096/3053/2096 1939/2778/1939
f 1790/2516/1790 1792/2519/1792 2096/3053/2096
f 1790/2516/1790 1938/2777/1938 1791/2517/1791
f 692/1936/692 691/2524/691 944/1267/944
f 692/936/692 2097/3054/2097 693/937/693
f 692/936/692 1421/1941/1421 2097/3054/2097
f 2098/3055/2098 2099/3056/2099 2100/3057/2100
f 2098/3055/2098 2101/3058/2101 2099/3056/2099
f 2098/3055/2098 2102/3059/2102 2103/3060/2103
f 2098/3055/2098 2100/3057/2100 2102/3059/2102
f 2104/3061/2104 2105/3062/2105 2106/3063/2106
f 2104/3061/2104 2106/3063/2106 2107/3064/2107
f 2104/3061/2104 2108/3065/2108 2109/3066/2109
f 2104/3061/2104 2109/3066/2109 2105/3062/2105
f 2104/3061/2104 2107/3064/2107 283/3067/283
f 2104/3061/2104 283/3067/283 2108/3065/2108
f 1026/1382/1026 2110/3068/2110 1027/1383/1027
f 1026/1382/1026 1031/1389/1031 2111/3069/2111
f 1026/1382/1026 2111/3069/2111 2110/3068/2110
f 1267/1711/1267 419/566/419 793/3070/793
f 1267/1711/1267 1809/2549/1809 2112/3071/2112
f 1267/1711/1267 2112/3071/2112 1268/1712/1268
f 1267/1711/1267 793/3070/793 1809/2549/1809
f 1273/1727/1273 1706/2366/1706 1703/2367/1703
f 1273/1727/1273 1277/1726/1277 1706/2366/1706
f 1273/1718/1273 1703/2358/1703 1274/1719/1274
f 1979/3018/1979 1982/3072/1982 2079/3019/2079
f 1979/2837/1979 2113/3073/2113 1980/2838/1980
f 1979/2837/1979 1283/1742/1283 2113/3073/2113
f 1642/3074/1642 2031/2938/2031 1643/3075/1643
f 1642/3074/1642 2114/3076/2114 2115/3077/2115
f 1642/3074/1642 417/3078/417 2114/3076/2114
f 1642/3074/1642 2115/3077/2115 2031/2938/2031
f 2116/3079/2116 2117/3080/2117 454/614/454
f 2116/3079/2116 2118/3081/2118 233/308/233
f 2116/3079/2116 454/614/454 453/3082/453
f 2116/3079/2116 232/307/232 2117/3080/2117
f 2116/3079/2116 233/308/233 232/307/232
f 2116/3083/2116 453/612/453 2118/3084/2118
f 238/314/238 237/313/237 2119/3085/2119
f 238/3086/238 2119/3087/2119 921/1239/921
f 2120/3088/2120 2121/3089/2121 1303/1769/1303
f 2120/3088/2120 1302/1768/1302 7/8/7
f 2120/3088/2120 2122/3090/2122 2121/3089/2121
f 2120/3088/2120 5/6/5 2122/3090/2122
f 2120/3088/2120 1303/1769/1303 1302/1768/1302
f 2120/3088/2120 7/8/7 5/6/5
f 2123/3091/2123 2124/3092/2124 2125/3093/2125
f 2123/3091/2123 2125/3093/2125 2126/3094/2126
f 2127/3095/2127 847/1133/847 2128/3096/2128
f 2127/3095/2127 2129/3097/2129 1178/1580/1178
f 2127/3095/2127 1178/1580/1178 848/1134/848
f 2127/3095/2127 848/1134/848 847/1133/847
f 2127/3095/2127 2130/3098/2130 2129/3097/2129
f 2127/3095/2127 2128/3096/2128 2130/3098/2130
f 1181/1586/1181 1595/3099/1595 1182/1587/1182
f 1181/1586/1181 1730/2401/1730 1595/3099/1595
f 2081/3027/2081 123/3030/123 2131/3100/2131
f 2081/3027/2081 1185/1593/1185 1184/1592/1184
f 2081/3027/2081 2131/3100/2131 1185/1593/1185
f 1675/2319/1675 1676/2320/1676 1189/1598/1189
f 1675/2319/1675 1188/1597/1188 379/505/379
f 1675/2319/1675 1189/1598/1189 1188/1597/1188
f 1675/2319/1675 379/505/379 378/504/378
f 2132/3101/2132 1192/1602/1192 2133/3102/2133
f 2132/3101/2132 2133/3102/2133 1869/3103/1869
f 2132/3101/2132 1193/1603/1193 1192/1602/1192
f 2132/3101/2132 1869/3103/1869 1504/3104/1504
f 2132/3101/2132 1504/3104/1504 1193/1603/1193
f 2134/3105/2134 1887/3106/1887 1883/2690/1883
f 2134/3105/2134 588/793/588 955/1285/955
f 2134/3105/2134 1883/2690/1883 588/793/588
f 2134/3107/2134 955/3108/955 2135/3109/2135
f 2136/3110/2136 1743/2426/1743 2137/3111/2137
f 2136/3112/2136 961/1291/961 963/1293/963
f 2136/3112/2136 2137/3113/2137 961/1291/961
f 2136/3114/2136 1202/1620/1202 1743/2419/1743
f 2136/3112/2136 963/1293/963 1204/3115/1204
f 2136/3114/2136 1204/1623/1204 1202/1620/1202
f 906/1627/906 1208/1629/1208 2138/3116/2138
f 906/1627/906 2138/3116/2138 907/3117/907
f 1696/2349/1696 1699/2352/1699 2067/2997/2067
f 1696/2349/1696 2067/2997/2067 1697/2350/1697
f 1215/1636/1215 2139/3118/2139 1216/1637/1216
f 1215/1641/1215 1218/1640/1218 2140/3119/2140
f 1215/1636/1215 2140/3120/2140 1997/3121/1997
f 1215/1636/1215 1997/3121/1997 1996/3122/1996
f 1215/1636/1215 1996/3122/1996 2139/3118/2139
f 460/3123/460 2141/3124/2141 173/229/173
f 460/626/460 465/631/465 1620/2237/1620
f 460/626/460 173/3125/173 461/627/461
f 460/3123/460 1620/2234/1620 2142/3126/2142
f 460/3123/460 2142/3126/2142 2141/3124/2141
f 324/3127/324 975/1313/975 974/1312/974
f 324/3127/324 974/1312/974 1520/2711/1520
f 324/433/324 1520/3128/1520 325/434/325
f 324/3127/324 329/3129/329 975/1313/975
f 2143/3130/2143 535/3131/535 537/3132/537
f 2143/3130/2143 1981/2839/1981 1983/2842/1983
f 2143/3130/2143 537/3132/537 1981/2839/1981
f 2143/3130/2143 1983/2842/1983 2144/3133/2144
f 2143/3130/2143 2144/3133/2144 535/3131/535
f 1631/2257/1631 1633/2256/1633 2145/3134/2145
f 1631/2253/1631 87/111/87 1632/2254/1632
f 1631/2257/1631 2145/3134/2145 2146/3135/2146
f 1631/2253/1631 2146/3136/2146 87/111/87
f 1233/1669/1233 1638/2263/1638 1497/2057/1497
f 1233/1669/1233 1497/2057/1497 2147/3137/2147
f 1233/1669/1233 2147/3137/2147 197/261/197
f 743/995/743 2148/3138/2148 744/996/744
f 743/1000/743 1240/1678/1240 2149/3139/2149
f 743/1000/743 2149/3139/2149 2148/3140/2148
f 2150/3141/2150 148/195/148 2151/3142/2151
f 2150/3141/2150 2152/3143/2152 148/195/148
f 2150/3141/2150 2151/3142/2151 2153/3144/2153
f 1848/2627/1848 1849/2626/1849 2154/3145/2154
f 1848/2627/1848 2155/3146/2155 1155/3147/1155
f 1848/3148/1848 1155/3149/1155 1152/3150/1152
f 1848/2627/1848 2154/3145/2154 2155/3146/2155
f 831/1662/831 1416/3151/1416 2156/3152/2156
f 831/1104/831 2156/3153/2156 832/1105/832
f 831/1662/831 1230/1661/1230 1416/3151/1416
f 2029/3154/2029 2033/2939/2033 2157/3155/2157
f 2029/3156/2029 2158/3157/2158 1881/2688/1881
f 2029/3154/2029 2157/3155/2157 2158/3158/2158
f 2029/2933/2029 1881/3159/1881 2030/2934/2030
f 2159/3160/2159 2160/3161/2160 485/655/485
f 2159/3160/2159 598/806/598 600/809/600
f 2159/3160/2159 485/655/485 1366/1856/1366
f 2159/3160/2159 600/809/600 1860/2650/1860
f 2159/3160/2159 41/3162/41 2160/3161/2160
f 2159/3160/2159 1860/2650/1860 2037/3163/2037
f 2159/3160/2159 1366/1856/1366 598/806/598
f 2159/3164/2159 2037/3165/2037 41/3166/41
f 604/815/604 603/814/603 2161/3167/2161
f 604/3168/604 2044/2957/2044 605/819/605
f 604/815/604 2161/3167/2161 2044/3169/2044
f 473/645/473 476/644/476 846/1131/846
f 289/383/289 293/388/293 1109/3170/1109
f 289/383/289 1108/3171/1108 290/384/290
f 289/383/289 1109/3170/1109 1108/3171/1108
f 860/1167/860 2162/3172/2162 1459/1998/1459
f 860/1167/860 865/1166/865 2162/3172/2162
f 218/288/218 869/3173/869 219/289/219
f 877/1185/877 881/1189/881 2163/3174/2163
f 877/1185/877 265/348/265 2164/3175/2164
f 877/1185/877 2163/3174/2163 265/348/265
f 877/1185/877 2164/3175/2164 878/1186/878
f 2165/3176/2165 2166/3177/2166 2167/3178/2167
f 2165/3176/2165 2167/3178/2167 889/3179/889
f 2165/3180/2165 889/1198/889 2168/3181/2168
f 2165/3176/2165 2168/3182/2168 2169/3183/2169
f 2165/3176/2165 2169/3183/2169 2166/3177/2166
f 2170/3184/2170 2126/3094/2126 2171/3185/2171
f 2170/3186/2170 2172/3187/2172 2173/3188/2173
f 2170/3186/2170 2174/3189/2174 2172/3187/2172
f 2170/3184/2170 2171/3185/2171 2174/3190/2174
f 1282/3191/1282 2175/3192/2175 2176/3193/2176
f 1282/1738/1282 2177/3194/2177 2175/3195/2175
f 1282/1738/1282 969/1737/969 2178/3196/2178
f 1282/1735/1282 2176/3197/2176 1782/2491/1782
f 1282/1738/1282 2178/3196/2178 2177/3194/2177
f 736/988/736 1492/3198/1492 737/989/737
f 736/988/736 1075/1446/1075 1492/3198/1492
f 349/466/349 352/465/352 2179/3199/2179
f 349/461/349 1293/3200/1293 2180/3201/2180
f 349/461/349 2180/3201/2180 350/462/350
f 349/3202/349 2179/3203/2179 2181/3204/2181
f 349/461/349 2181/3205/2181 1293/3200/1293
f 2182/3206/2182 1917/2747/1917 1916/2746/1916
f 2182/3206/2182 674/916/674 675/915/675
f 2182/3206/2182 1916/2746/1916 2078/3015/2078
f 2182/3206/2182 2078/3015/2078 2183/3207/2183
f 2182/3206/2182 675/915/675 1917/2747/1917
f 2182/3208/2182 2183/3209/2183 674/913/674
f 1942/2781/1942 2184/3210/2184 1050/3211/1050
f 1942/3212/1942 1050/1415/1050 1053/1418/1053
f 1942/3212/1942 1053/1418/1053 1943/3213/1943
f 1942/2781/1942 1945/2784/1945 2184/3210/2184
f 758/1016/758 2185/3214/2185 759/1017/759
f 758/1016/758 2186/3215/2186 2185/3214/2185
f 758/1016/758 762/1021/762 2071/3004/2071
f 758/1016/758 2071/3004/2071 2186/3215/2186
f 766/3216/766 1952/2794/1952 767/3217/767
f 766/1027/766 384/513/384 383/517/383
f 766/3216/766 383/3218/383 1952/2794/1952
f 1301/3219/1301 1218/3220/1218 1377/1872/1377
f 1301/3219/1301 1377/1872/1377 8/9/8
f 1301/3221/1301 2187/3222/2187 1218/3223/1218
f 1301/1767/1301 8/10/8 1302/1768/1302
f 1301/3224/1301 1304/3225/1304 2187/3226/2187
f 2188/3227/2188 2189/3228/2189 1530/2104/1530
f 2188/3229/2188 2190/3230/2190 2189/3231/2189
f 2188/3227/2188 1530/2104/1530 2191/3232/2191
f 2188/3229/2188 2192/3233/2192 2190/3230/2190
f 2188/3227/2188 2191/3232/2191 2192/3234/2192
f 513/694/513 1885/2698/1885 2193/3235/2193
f 1542/2121/1542 1961/3236/1961 1835/2597/1835
f 1542/2121/1542 1762/2461/1762 1961/3236/1961
f 58/70/58 788/3237/788 59/71/59
f 1546/2126/1546 2194/3238/2194 2195/3239/2195
f 1546/2126/1546 1549/2129/1549 2194/3238/2194
f 1546/2126/1546 1837/3240/1837 1547/2127/1547
f 1546/2126/1546 2195/3239/2195 1837/3240/1837
f 930/1253/930 932/1255/932 2196/3241/2196
f 930/1253/930 2197/3242/2197 2198/3243/2198
f 930/1253/930 2196/3241/2196 2197/3242/2197
f 930/1253/930 2198/3243/2198 931/1254/931
f 967/1303/967 968/1302/968 2175/3244/2175
f 967/1300/967 2175/3245/2175 2177/3246/2177
f 967/1300/967 2177/3246/2177 2199/3247/2199
f 967/1300/967 2199/3247/2199 409/553/409
f 973/1311/973 2200/3248/2200 1890/2705/1890
f 973/1311/973 480/650/480 2200/3248/2200
f 2201/3249/2201 1693/2345/1693 2202/3250/2202
f 2201/3249/2201 980/1319/980 1328/3251/1328
f 2201/3249/2201 1328/3251/1328 1693/2345/1693
f 2203/3252/2203 2204/3253/2204 1445/1975/1445
f 2203/3252/2203 1445/1975/1445 2205/3254/2205
f 2203/3252/2203 2016/3255/2016 2017/3256/2017
f 2203/3257/2203 2205/3258/2205 2016/2895/2016
f 2203/3252/2203 2017/3256/2017 2204/3253/2204
f 1937/2776/1937 989/1332/989 434/586/434
f 1937/2776/1937 434/586/434 435/587/435
f 1937/2776/1937 435/587/435 1938/2777/1938
f 2206/3259/2206 465/631/465 466/632/466
f 2206/3259/2206 2207/3260/2207 2208/3261/2208
f 2206/3259/2206 2208/3261/2208 441/593/441
f 2206/3259/2206 441/593/441 465/631/465
f 2206/3259/2206 466/632/466 2209/3262/2209
f 2206/3259/2206 2209/3262/2209 2207/3260/2207
f 12/19/12 2091/3043/2091 2210/3263/2210
f 12/15/12 2210/3264/2210 525/710/525
f 12/19/12 14/18/14 2091/3043/2091
f 17/23/17 2211/3265/2211 529/714/529
f 17/23/17 1002/1352/1002 2212/3266/2212
f 17/23/17 20/26/20 1001/1349/1001
f 17/23/17 2212/3266/2212 2211/3265/2211
f 1343/1820/1343 2213/3267/2213 2214/3268/2214
f 1343/3269/1343 2215/3270/2215 2213/3271/2213
f 1343/1820/1343 2214/3268/2214 1344/1821/1344
f 1343/1823/1343 1345/1822/1345 2215/3272/2215
f 1346/1826/1346 882/3273/882 1903/3274/1903
f 1346/1826/1346 1011/1365/1011 1872/2669/1872
f 1346/1826/1346 1872/2669/1872 882/3273/882
f 462/628/462 464/630/464 1148/3275/1148
f 462/3276/462 1148/1538/1148 1147/1534/1147
f 1022/1378/1022 1182/1588/1182 2216/3277/2216
f 1022/1378/1022 1910/2738/1910 1023/1379/1023
f 1022/1378/1022 2216/3277/2216 1910/2738/1910
f 1357/1840/1357 833/1107/833 832/3278/832
f 1357/1840/1357 1359/1844/1359 1437/1967/1437
f 1357/1840/1357 1437/1967/1437 833/1107/833
f 1357/1840/1357 832/3278/832 1358/1841/1358
f 1027/1383/1027 2110/3068/2110 2157/3279/2157
f 1027/1385/1027 2114/3076/2114 1028/1386/1028
f 1027/1385/1027 2157/3155/2157 2115/3077/2115
f 1027/1385/1027 2115/3077/2115 2114/3076/2114
f 1035/1395/1035 2217/3280/2217 1365/3281/1365
f 1035/1395/1035 490/661/490 1036/1396/1036
f 1035/1395/1035 1038/1399/1038 2217/3280/2217
f 1811/3282/1811 1115/1499/1115 1926/2762/1926
f 1811/3282/1811 1926/2762/1926 1812/2761/1812
f 1811/3283/1811 1813/3284/1813 1115/3285/1115
f 2218/3286/2218 2141/3124/2141 2219/3287/2219
f 2218/3288/2218 2220/3289/2220 905/1217/905
f 2218/3290/2218 2221/3291/2221 2220/3292/2220
f 2218/3288/2218 904/1216/904 2141/3293/2141
f 2218/3288/2218 905/1217/905 904/1216/904
f 2218/3286/2218 2219/3287/2219 2221/3294/2221
f 1756/2444/1756 2222/3295/2222 1757/2445/1757
f 1756/2444/1756 151/199/151 1229/3296/1229
f 1756/2444/1756 1228/1657/1228 2222/3295/2222
f 1756/2444/1756 1229/3296/1229 1228/1657/1228
f 1756/2444/1756 152/200/152 151/199/151
f 911/1228/911 2223/3297/2223 75/94/75
f 911/1228/911 2224/3298/2224 912/1229/912
f 911/1228/911 75/94/75 1305/3299/1305
f 911/1228/911 915/1232/915 2223/3297/2223
f 911/1228/911 1305/3299/1305 2224/3298/2224
f 1894/2714/1894 1895/2715/1895 918/1235/918
f 1894/2714/1894 2225/3300/2225 2226/3301/2226
f 1894/2714/1894 2227/3302/2227 1729/2400/1729
f 1894/2714/1894 918/1235/918 2225/3300/2225
f 1894/2714/1894 2226/3301/2226 2227/3302/2227
f 1899/3303/1899 2228/3304/2228 1442/3305/1442
f 1899/3303/1899 1442/3305/1442 1900/3306/1900
f 1899/3303/1899 2229/3307/2229 2228/3304/2228
f 1899/3303/1899 1898/3308/1898 2230/3309/2230
f 1899/3303/1899 2230/3309/2230 2229/3307/2229
f 535/3310/535 2231/3311/2231 536/3312/536
f 535/3310/535 2144/3313/2144 2231/3311/2231
f 540/733/540 541/732/541 934/3314/934
f 2232/3315/2232 2233/3316/2233 599/3317/599
f 2232/3315/2232 597/3318/597 2234/3319/2234
f 2232/3320/2232 1495/2054/1495 1723/2391/1723
f 2232/3320/2232 1723/2391/1723 2233/3321/2233
f 2232/3315/2232 599/3317/599 597/3318/597
f 2232/3315/2232 2234/3319/2234 1495/2060/1495
f 1246/1686/1246 2235/3322/2235 2236/3323/2236
f 1246/1686/1246 1245/1685/1245 2235/3322/2235
f 1246/1686/1246 2236/3323/2236 1247/1687/1247
f 1865/2661/1865 949/1277/949 1502/2064/1502
f 1865/2661/1865 950/1278/950 949/1277/949
f 1865/2661/1865 1502/2064/1502 1503/2065/1503
f 1865/2661/1865 1867/2663/1867 950/1278/950
f 1887/2702/1887 390/522/390 1882/3324/1882
f 1887/3106/1887 1882/2689/1882 1883/2690/1883
f 959/3325/959 2105/3062/2105 960/3326/960
f 959/3325/959 2106/3063/2106 2105/3062/2105
f 959/1289/959 962/1292/962 2106/3327/2106
f 100/3328/100 2237/3329/2237 964/3330/964
f 100/3328/100 2238/3331/2238 2237/3329/2237
f 100/3328/100 102/1780/102 2238/3331/2238
f 1863/2655/1863 501/2659/501 500/3332/500
f 510/691/510 508/688/508 1829/3333/1829
f 510/691/510 2239/3334/2239 1707/2369/1707
f 510/691/510 1829/3333/1829 2239/3334/2239
f 2240/3335/2240 2241/3336/2241 2242/3337/2242
f 2240/3335/2240 2242/3337/2242 1617/2229/1617
f 2240/3335/2240 2243/3338/2243 2241/3336/2241
f 2240/3335/2240 1898/2915/1898 1342/2913/1342
f 2240/3335/2240 1617/2229/1617 1898/2915/1898
f 2240/3335/2240 1342/2913/1342 2243/3338/2243
f 516/3339/516 519/704/519 2045/2958/2045
f 516/697/516 1892/2712/1892 517/698/517
f 516/3339/516 2045/2958/2045 224/303/224
f 516/697/516 224/296/224 1892/2712/1892
f 2244/3340/2244 2245/3341/2245 2226/3301/2226
f 2244/3342/2244 2246/3343/2246 2247/3344/2247
f 2244/3342/2244 2248/3345/2248 2245/3346/2245
f 2244/3340/2244 2249/3347/2249 2246/3348/2246
f 2244/3340/2244 2250/3349/2250 2249/3347/2249
f 2244/3342/2244 2247/3344/2247 2248/3345/2248
f 2244/3340/2244 2226/3301/2226 2250/3349/2250
f 2251/3350/2251 2252/3351/2252 1560/2146/1560
f 2251/3352/2251 2253/3353/2253 2254/3354/2254
f 2251/3352/2251 2255/3355/2255 2252/3356/2252
f 2251/3352/2251 2254/3354/2254 2255/3355/2255
f 2251/3352/2251 1560/3357/1560 302/404/302
f 2211/3265/2211 1397/1899/1397 529/714/529
f 2211/3265/2211 1398/3358/1398 1397/1899/1397
f 2211/3265/2211 2212/3266/2212 1398/3358/1398
f 2256/3359/2256 804/1071/804 2257/3360/2257
f 2256/3359/2256 805/1072/805 804/1071/804
f 2256/3359/2256 2231/3311/2231 2144/3313/2144
f 2256/3359/2256 2257/3360/2257 2231/3311/2231
f 2256/3359/2256 2144/3313/2144 1562/2587/1562
f 2256/3359/2256 1562/2587/1562 805/1072/805
f 2258/3361/2258 87/111/87 2146/3136/2146
f 2258/3361/2258 2259/3362/2259 2260/3363/2260
f 2258/3361/2258 2260/3363/2260 87/111/87
f 2258/3361/2258 2146/3136/2146 2259/3362/2259
f 1571/2161/1571 1574/2164/1574 2261/3364/2261
f 1571/2633/1571 2261/3365/2261 1390/1889/1390
f 1210/1631/1210 2262/3366/2262 1211/1632/1211
f 546/739/546 2263/3367/2263 1741/2417/1741
f 546/739/546 2264/3368/2264 2265/3369/2265
f 546/739/546 1741/2417/1741 2264/3368/2264
f 546/739/546 2265/3369/2265 547/740/547
f 546/3370/546 549/3371/549 2263/3372/2263
f 560/756/560 557/753/557 1884/2697/1884
f 560/756/560 1423/1944/1423 1424/1947/1424
f 560/756/560 2095/3052/2095 1747/2428/1747
f 560/756/560 1424/1947/1424 2095/3052/2095
f 560/756/560 1884/2697/1884 1423/1944/1423
f 2266/3373/2266 2267/3374/2267 1315/1786/1315
f 2266/3373/2266 2268/3375/2268 2269/3376/2269
f 2266/3373/2266 1314/1785/1314 1932/3377/1932
f 2266/3373/2266 1932/3377/1932 2268/3375/2268
f 2266/3373/2266 2269/3376/2269 2267/3374/2267
f 2266/3373/2266 1315/1786/1315 1314/1785/1314
f 1933/2771/1933 855/1147/855 2270/3378/2270
f 1933/2771/1933 2270/3378/2270 1934/2772/1934
f 1933/2771/1933 856/1148/856 855/1147/855
f 369/489/369 371/3379/371 2014/2892/2014
f 867/1170/867 2069/3001/2069 2271/3380/2271
f 867/1170/867 2271/3380/2271 868/1171/868
f 1469/2014/1469 2272/3381/2272 431/3382/431
f 1469/2014/1469 431/3382/431 433/2015/433
f 1469/2014/1469 2273/3383/2273 2272/3381/2272
f 1469/2014/1469 2019/2904/2019 2273/3383/2273
f 879/1187/879 2274/3384/2274 2275/3385/2275
f 879/2905/879 630/850/630 2274/3386/2274
f 879/1187/879 2275/3385/2275 880/1188/880
f 1252/2137/1252 1347/1828/1347 1253/3387/1253
f 1252/1692/1252 2276/3388/2276 145/3389/145
f 1252/1692/1252 1255/1695/1255 2276/3388/2276
f 1252/2137/1252 145/190/145 144/189/144
f 1256/2789/1256 1257/3390/1257 1949/2790/1949
f 804/1071/804 1004/2724/1004 2257/3360/2257
f 456/3391/456 2277/3392/2277 457/1955/457
f 456/624/456 2278/3393/2278 2279/3394/2279
f 456/624/456 88/112/88 2278/3393/2278
f 456/3391/456 2279/3395/2279 2277/3392/2277
f 819/1089/819 822/1092/822 2209/3396/2209
f 819/1089/819 463/2923/463 820/1090/820
f 819/3397/819 466/632/466 463/629/463
f 819/3397/819 2209/3262/2209 466/632/466
f 112/147/112 2280/3398/2280 2281/3399/2281
f 112/147/112 2281/3399/2281 113/148/113
f 112/147/112 469/635/469 1434/1960/1434
f 112/147/112 1434/1960/1434 2280/3398/2280
f 2282/3400/2282 1727/2398/1727 2283/3401/2283
f 2282/3400/2282 1627/2244/1627 1626/2243/1626
f 2282/3400/2282 2283/3401/2283 1627/2244/1627
f 1687/2335/1687 478/648/478 1688/2336/1688
f 1687/2335/1687 479/649/479 478/648/478
f 1687/2335/1687 1286/1747/1286 1784/2495/1784
f 1687/2335/1687 1784/2495/1784 479/649/479
f 1687/2335/1687 1290/1754/1290 1286/1747/1286
f 2160/3161/2160 38/3402/38 488/658/488
f 2160/3403/2160 41/50/41 38/47/38
f 2160/3161/2160 488/658/488 485/655/485
f 2057/2984/2057 2284/3404/2284 2058/2985/2058
f 646/876/646 647/877/647 1403/1908/1403
f 646/876/646 538/725/538 1483/2675/1483
f 646/876/646 1403/1908/1403 538/725/538
f 659/893/659 347/459/347 344/453/344
f 659/893/659 2285/3405/2285 347/459/347
f 659/893/659 344/453/344 660/894/660
f 659/893/659 662/897/662 2285/3405/2285
f 2286/3406/2286 2287/3407/2287 2179/3203/2179
f 2286/3408/2286 351/3409/351 2288/3410/2288
f 2286/3411/2286 352/465/352 351/464/351
f 2286/3412/2286 1986/2849/1986 2287/3413/2287
f 2286/3412/2286 1987/2850/1987 1986/2849/1986
f 2286/3412/2286 2288/3414/2288 1987/2850/1987
f 2286/3406/2286 2179/3203/2179 352/3415/352
f 2289/3416/2289 1122/1508/1122 2290/3417/2290
f 2289/3416/2289 1880/2685/1880 1123/1509/1123
f 2289/3416/2289 2290/3417/2290 1345/1822/1345
f 2289/3416/2289 1123/1509/1123 1122/1508/1122
f 2289/3416/2289 1345/1822/1345 80/102/80
f 2289/3416/2289 80/102/80 1880/2685/1880
f 588/793/588 590/795/590 955/1285/955
f 588/793/588 1883/2690/1883 589/794/589
f 679/920/679 961/3418/961 2137/3111/2137
f 679/920/679 678/919/678 962/3419/962
f 679/920/679 2137/3111/2137 680/921/680
f 679/3420/679 962/1292/962 961/1291/961
f 1139/3421/1139 1537/3422/1537 1536/3423/1536
f 1139/3424/1139 1141/3425/1141 1537/3426/1537
f 1139/3421/1139 1536/3423/1536 2291/3427/2291
f 1139/3421/1139 2291/3427/2291 1140/3428/1140
f 774/1038/774 773/1037/773 1945/2784/1945
f 774/1038/774 1944/2783/1944 775/1039/775
f 774/1038/774 1945/2784/1945 1944/2783/1944
f 1459/1998/1459 2162/3172/2162 2292/3429/2292
f 1459/1998/1459 2292/3429/2292 1460/1999/1460
f 706/1411/706 1643/3430/1643 1047/1412/1047
f 706/3431/706 704/3432/704 1643/3433/1643
f 707/954/707 1835/3434/1835 609/823/609
f 337/446/337 2293/3435/2293 338/447/338
f 337/446/337 1076/1448/1076 1985/2845/1985
f 337/446/337 1985/2845/1985 2293/3435/2293
f 337/446/337 1077/1449/1077 1076/1448/1076
f 1393/1894/1393 794/1061/794 793/1060/793
f 1393/1894/1393 342/451/342 795/1062/795
f 1393/1894/1393 795/1062/795 794/1061/794
f 1441/3436/1441 2294/3437/2294 1900/2721/1900
f 1441/3436/1441 1900/2721/1900 1442/3438/1442
f 1441/3436/1441 1447/3439/1447 1840/2604/1840
f 1441/3436/1441 1840/2604/1840 2294/3437/2294
f 564/760/564 2295/3440/2295 2296/3441/2296
f 564/760/564 2296/3441/2296 565/761/565
f 564/760/564 1551/2132/1551 2295/3440/2295
f 568/767/568 374/497/374 569/768/569
f 568/767/568 571/770/571 1553/2134/1553
f 575/777/575 1348/1829/1348 576/778/576
f 575/777/575 2297/3442/2297 1348/1829/1348
f 579/781/579 276/3443/276 275/360/275
f 579/781/579 2026/2929/2026 276/3443/276
f 582/784/582 399/536/399 398/535/398
f 2298/3444/2298 2299/3445/2299 2300/3446/2300
f 2298/3444/2298 1646/2277/1646 2299/3445/2299
f 1115/1499/1115 1118/1504/1118 1926/2762/1926
f 1115/3447/1115 1466/3448/1466 1116/2657/1116
f 1115/3449/1115 1813/2556/1813 1466/2010/1466
f 847/1135/847 710/3450/710 2128/3451/2128
f 847/1135/847 846/1131/846 710/3450/710
f 614/831/614 616/833/616 976/1314/976
f 614/831/614 2301/3452/2301 615/832/615
f 614/831/614 976/1314/976 2301/3452/2301
f 1461/2004/1461 2292/3429/2292 861/1164/861
f 1461/2004/1461 1460/1999/1460 2292/3429/2292
f 258/336/258 622/839/622 259/337/259
f 258/341/258 260/340/260 623/842/623
f 626/2971/626 2302/3453/2302 627/3454/627
f 626/2971/626 694/938/694 2303/3455/2303
f 626/2971/626 2303/3455/2303 2302/3453/2302
f 626/846/626 629/849/629 1795/2970/1795
f 2166/3456/2166 1475/2026/1475 2304/3457/2304
f 2166/3456/2166 2305/3458/2305 1475/2026/1475
f 2166/3456/2166 2304/3457/2304 2167/3459/2167
f 2166/3177/2166 2169/3183/2169 2305/3460/2305
f 637/867/637 2306/3461/2306 638/868/638
f 637/867/637 639/869/639 1590/2190/1590
f 637/867/637 2307/3462/2307 2306/3461/2306
f 637/867/637 1590/2190/1590 2307/3462/2307
f 968/1302/968 971/1309/971 2038/2947/2038
f 968/1302/968 2038/2947/2038 2175/3244/2175
f 826/1097/826 715/963/715 361/478/361
f 826/1097/826 828/1100/828 715/963/715
f 924/1246/924 527/3463/527 2308/3464/2308
f 924/1246/924 2308/3464/2308 925/1247/925
f 924/1244/924 11/14/11 527/712/527
f 530/715/530 1804/2539/1804 531/716/531
f 530/715/530 529/714/529 1397/1899/1397
f 530/715/530 1396/1898/1396 1804/2539/1804
f 530/715/530 1397/1899/1397 1396/1898/1396
f 131/171/131 2309/3465/2309 2310/3466/2310
f 131/171/131 135/177/135 2309/3465/2309
f 131/171/131 2310/3466/2310 385/514/385
f 131/171/131 385/514/385 132/172/132
f 1740/2416/1740 2264/3368/2264 1741/2417/1741
f 1740/2416/1740 2311/3467/2311 2264/3368/2264
f 1740/2416/1740 2312/3468/2312 2311/3467/2311
f 1740/2416/1740 1216/1637/1216 2312/3468/2312
f 1753/2439/1753 1514/2080/1514 1826/2576/1826
f 1753/2439/1753 1515/2081/1515 1514/2080/1514
f 1096/1479/1096 2313/3469/2313 1384/1883/1384
f 1096/1479/1096 1101/1484/1101 2313/3469/2313
f 1866/2662/1866 1868/2664/1868 2314/3470/2314
f 1866/2662/1866 2314/3470/2314 1867/2663/1867
f 1701/3471/1701 2315/3472/2315 2316/3473/2316
f 1701/3471/1701 2317/3474/2317 2315/3472/2315
f 1701/3475/1701 1705/3476/1705 2317/3477/2317
f 1701/2354/1701 2316/3478/2316 1702/2355/1702
f 2189/3231/2189 1220/1646/1220 172/226/172
f 2189/3228/2189 172/233/172 1531/2105/1531
f 2189/3231/2189 2190/3230/2190 1220/1646/1220
f 2189/3228/2189 1531/2105/1531 1530/2104/1530
f 414/560/414 1709/2373/1709 2318/3479/2318
f 414/560/414 909/3480/909 1709/2373/1709
f 414/560/414 2318/3479/2318 415/561/415
f 185/611/185 187/3481/187 453/612/453
f 185/249/185 455/1660/455 186/250/186
f 1657/3482/1657 1580/2175/1580 2319/3483/2319
f 1657/2290/1657 2319/3484/2319 2320/3485/2320
f 1657/2290/1657 2320/3485/2320 1658/2291/1658
f 1657/2297/1657 1660/2294/1660 1580/2961/1580
f 596/811/596 198/262/198 2234/3319/2234
f 596/811/596 199/263/199 198/262/198
f 596/811/596 2234/3319/2234 597/3318/597
f 2006/2878/2006 2010/2883/2010 2269/3486/2269
f 2006/2878/2006 2321/3487/2321 2007/2879/2007
f 2006/2878/2006 2269/3486/2269 2321/3487/2321
f 1846/3488/1846 996/1341/996 1798/2529/1798
f 1846/2619/1846 1797/3489/1797 268/2620/268
f 1846/2619/1846 905/1217/905 996/3490/996
f 1846/3488/1846 1798/2529/1798 1797/2528/1797
f 1153/1554/1153 2322/3491/2322 128/168/128
f 1153/1554/1153 2323/3492/2323 2322/3491/2322
f 1153/1554/1153 128/168/128 1154/3493/1154
f 1153/1554/1153 1156/1553/1156 2323/3492/2323
f 2324/3494/2324 1998/2865/1998 1420/3495/1420
f 2324/3496/2324 1420/2635/1420 1389/1888/1389
f 2324/3494/2324 2325/3497/2325 2326/3498/2326
f 2324/3496/2324 1388/1887/1388 2325/3499/2325
f 2324/3496/2324 1389/1888/1389 1388/1887/1388
f 2324/3494/2324 2326/3498/2326 1998/2865/1998
f 2327/3500/2327 2328/3501/2328 1263/1707/1263
f 2327/3502/2327 288/382/288 2328/3503/2328
f 2327/3500/2327 1263/1707/1263 2329/3504/2329
f 2327/3502/2327 293/388/293 288/382/288
f 2327/3502/2327 2329/3505/2329 293/388/293
f 2228/3304/2228 1446/3506/1446 1442/3305/1442
f 2228/3304/2228 2229/3307/2229 2330/3507/2330
f 2228/3304/2228 2331/3508/2331 1446/3506/1446
f 2228/3304/2228 2330/3507/2330 2331/3508/2331
f 2267/3374/2267 2332/3509/2332 1315/1786/1315
f 2267/3374/2267 2333/3510/2333 2332/3509/2332
f 2267/3374/2267 2269/3376/2269 2333/3510/2333
f 1106/3511/1106 1456/1996/1456 1107/3512/1107
f 1106/1984/1106 1109/3170/1109 1454/1985/1454
f 978/1316/978 2334/3513/2334 526/1317/526
f 70/2357/70 1274/1719/1274 1703/2358/1703
f 70/96/70 74/93/74 1274/2898/1274
f 2213/3267/2213 2335/3514/2335 2214/3268/2214
f 2213/3271/2213 2336/3515/2336 1655/3516/1655
f 2213/3271/2213 2215/3270/2215 2336/3515/2336
f 2213/3271/2213 1655/3516/1655 2335/3517/2335
f 86/110/86 85/109/85 2048/2964/2048
f 86/110/86 1659/2293/1659 87/111/87
f 86/110/86 2048/2964/2048 1659/2293/1659
f 518/3518/518 90/123/90 93/122/93
f 518/3518/518 2337/3519/2337 1662/2299/1662
f 518/699/518 517/698/517 2337/3520/2337
f 518/3518/518 1662/2299/1662 90/123/90
f 2237/3329/2237 2238/3331/2238 685/932/685
f 2237/3521/2237 1208/1629/1208 964/1296/964
f 2237/3521/2237 685/3522/685 1208/1629/1208
f 311/421/311 2338/3523/2338 211/3524/211
f 311/421/311 312/420/312 2338/3523/2338
f 1749/2431/1749 1295/2434/1295 2022/2917/2022
f 317/426/317 2339/3525/2339 2340/3526/2340
f 317/426/317 2340/3526/2340 318/427/318
f 317/426/317 1430/1956/1430 2339/3525/2339
f 326/435/326 2185/3214/2185 2341/3527/2341
f 326/435/326 1322/1795/1322 327/436/327
f 326/435/326 328/437/328 2185/3214/2185
f 326/435/326 2341/3527/2341 1322/1795/1322
f 24/1426/24 1058/1425/1058 27/1966/27
f 2293/3435/2293 1985/2845/1985 1232/1667/1232
f 2293/3435/2293 1231/1666/1231 1760/2458/1760
f 2293/3435/2293 1760/2458/1760 338/447/338
f 2293/3435/2293 1232/1667/1232 1231/1666/1231
f 341/450/341 2342/3528/2342 795/1062/795
f 341/450/341 1637/3529/1637 2342/3528/2342
f 341/3530/341 346/456/346 1637/2262/1637
f 341/450/341 795/1062/795 342/451/342
f 204/275/204 1238/1679/1238 351/464/351
f 204/275/204 208/274/208 1238/1679/1238
f 781/1047/781 708/3531/708 2343/3532/2343
f 781/3533/781 2344/3534/2344 782/3535/782
f 781/1047/781 709/1046/709 708/3531/708
f 781/3533/781 2343/3536/2343 2344/3534/2344
f 1545/2125/1545 2345/3537/2345 363/481/363
f 1545/2125/1545 61/2124/61 2345/3537/2345
f 1545/2125/1545 363/481/363 362/480/362
f 2346/3538/2346 2347/3539/2347 1957/3540/1957
f 2346/3538/2346 2348/3541/2348 2347/3539/2347
f 2346/3538/2346 2349/3542/2349 2350/3543/2350
f 2346/3538/2346 1957/3540/1957 2351/3544/2351
f 2346/3538/2346 2350/3543/2350 2348/3541/2348
f 2346/3538/2346 2351/3544/2351 2349/3542/2349
f 569/768/569 374/497/374 377/3545/377
f 569/3546/569 377/501/377 1770/2474/1770
f 569/3546/569 1770/2474/1770 570/3547/570
f 2272/3548/2272 2309/3465/2309 1605/2208/1605
f 2272/3381/2272 2273/3383/2273 2309/3549/2309
f 2272/3550/2272 432/584/432 431/583/431
f 2272/3550/2272 1605/3551/1605 432/584/432
f 388/3552/388 393/3553/393 505/3554/505
f 388/519/388 505/3555/505 1198/1610/1198
f 2352/3556/2352 1612/2222/1612 1613/2221/1613
f 2352/3556/2352 2353/3557/2353 2354/3558/2354
f 2352/3556/2352 2093/3559/2093 2353/3557/2353
f 2352/3556/2352 2354/3558/2354 1168/1570/1168
f 2352/3556/2352 1168/1570/1168 1612/2222/1612
f 2352/3556/2352 1613/2221/1613 2093/3559/2093
f 2355/3560/2355 404/546/404 965/1298/965
f 2355/3561/2355 2356/3562/2356 2357/3563/2357
f 2355/3561/2355 405/548/405 404/547/404
f 2355/3561/2355 2357/3563/2357 405/548/405
f 2355/3564/2355 965/1297/965 310/417/310
f 2355/3564/2355 307/411/307 2356/3565/2356
f 2355/3564/2355 310/417/310 307/411/307
f 1103/1486/1103 1641/3566/1641 2178/3196/2178
f 1103/1486/1103 411/3567/411 51/60/51
f 1103/1486/1103 1104/1487/1104 1641/3566/1641
f 1103/1486/1103 2178/3196/2178 411/3567/411
f 220/291/220 315/424/315 221/292/221
f 2358/3568/2358 2359/3569/2359 1787/2503/1787
f 2358/3568/2358 1786/2502/1786 2360/3570/2360
f 2358/3568/2358 2360/3570/2360 2359/3569/2359
f 2358/3568/2358 1787/2503/1787 1786/2502/1786
f 1570/2160/1570 2361/3571/2361 1573/2163/1573
f 1570/3572/1570 2362/3573/2362 2361/3574/2361
f 1570/2160/1570 744/996/744 2362/3575/2362
f 1717/2387/1717 237/2386/237 236/3576/236
f 1717/2387/1717 236/3576/236 2363/3577/2363
f 1336/1810/1336 2364/3578/2364 2049/2965/2049
f 1336/1810/1336 1586/2182/1586 2364/3578/2364
f 2365/3579/2365 1353/3580/1353 1143/3581/1143
f 2365/3579/2365 2243/3582/2243 1341/1817/1341
f 2365/3579/2365 1143/3581/1143 1142/3583/1142
f 2365/3579/2365 1341/1817/1341 2366/3584/2366
f 2365/3579/2365 1142/3583/1142 2243/3582/2243
f 2365/3579/2365 2366/3584/2366 1353/3580/1353
f 2367/3585/2367 2368/3586/2368 1870/3587/1870
f 2367/3585/2367 2369/3588/2369 2370/3589/2370
f 2367/3585/2367 1869/3103/1869 2369/3588/2369
f 2367/3585/2367 2370/3589/2370 2368/3586/2368
f 2367/3585/2367 1870/3587/1870 1869/3103/1869
f 2371/3590/2371 882/3273/882 1872/2669/1872
f 2371/3590/2371 1871/2668/1871 572/772/572
f 2371/3590/2371 572/772/572 573/775/573
f 2371/3591/2371 883/1191/883 882/1190/882
f 2371/3590/2371 573/775/573 883/3592/883
f 2371/3590/2371 1872/2669/1872 1871/2668/1871
f 1347/1828/1347 1349/1831/1349 1253/3387/1253
f 2372/3593/2372 2373/3594/2373 580/782/580
f 2372/3593/2372 2374/3595/2374 2373/3594/2373
f 2372/3593/2372 580/782/580 274/359/274
f 282/372/282 1451/1981/1451 283/373/283
f 282/372/282 284/374/284 1449/1979/1449
f 291/386/291 290/393/290 1455/1987/1455
f 291/386/291 1264/1993/1264 292/387/292
f 300/1476/300 1093/1475/1093 301/3596/301
f 300/402/300 299/399/299 1094/3597/1094
f 2094/3049/2094 2095/3051/2095 559/3050/559
f 729/3598/729 732/3599/732 2066/2999/2066
f 1489/2046/1489 1491/2048/1491 1678/2324/1678
f 1489/2046/1489 1677/2323/1677 1490/2047/1490
f 1489/2046/1489 1678/2324/1678 1677/2323/1677
f 1087/1471/1087 1090/1470/1090 2375/3600/2375
f 1087/1465/1087 776/1040/776 1088/1466/1088
f 1087/1465/1087 2375/3601/2375 776/1040/776
f 1665/2304/1665 1023/1379/1023 1910/2738/1910
f 1665/2304/1665 1910/2738/1910 1912/2740/1912
f 1665/2304/1665 1667/2306/1667 1023/1379/1023
f 1665/2304/1665 1912/2740/1912 687/929/687
f 1665/2304/1665 687/929/687 1666/2305/1666
f 2105/3062/2105 2109/3066/2109 2376/3602/2376
f 2105/3062/2105 2376/3602/2376 2377/3603/2377
f 2105/3062/2105 2377/3603/2377 960/3326/960
f 1914/3604/1914 1966/2814/1966 1965/2813/1965
f 1914/2744/1914 1965/3605/1965 1915/2745/1915
f 1919/2749/1919 2378/3606/2378 1920/2750/1920
f 492/665/492 2016/2895/2016 493/666/493
f 492/665/492 494/667/494 1855/3607/1855
f 492/665/492 1272/2896/1272 2016/2895/2016
f 1726/3608/1726 357/472/357 2379/3609/2379
f 1726/2397/1726 2283/3401/2283 1727/2398/1727
f 1726/3608/1726 2379/3609/2379 2283/3610/2283
f 1289/1752/1289 857/1150/857 856/3611/856
f 2380/3612/2380 2088/3036/2088 1822/2571/1822
f 2380/3612/2380 2089/3037/2089 2088/3036/2088
f 2380/3612/2380 1822/2571/1822 994/1338/994
f 1475/2026/1475 1478/2030/1478 2304/3457/2304
f 1475/2026/1475 2305/3458/2305 1476/2027/1476
f 2306/3461/2306 451/608/451 638/868/638
f 2306/3613/2306 2307/3614/2307 2381/3615/2381
f 2306/3461/2306 2381/3616/2381 451/608/451
f 536/3312/536 2231/3311/2231 1563/3617/1563
f 934/3314/934 541/732/541 1875/2677/1875
f 934/3314/934 1875/2677/1875 935/3618/935
f 2233/3619/2233 1110/1493/1110 1861/2653/1861
f 2233/3619/2233 1111/1494/1111 1110/1493/1110
f 2233/3619/2233 1861/2653/1861 599/808/599
f 2233/3321/2233 1723/2391/1723 1111/3620/1111
f 2382/3621/2382 2383/3622/2383 2236/3623/2236
f 2382/3621/2382 2384/3624/2384 1262/1705/1262
f 2382/3621/2382 1262/1705/1262 2383/3622/2383
f 2382/3621/2382 2236/3623/2236 2384/3624/2384
f 1879/2684/1879 1125/1511/1125 1123/1509/1123
f 1199/1614/1199 2385/3625/2385 2030/2934/2030
f 1199/1614/1199 2030/2934/2030 1881/3159/1881
f 1199/1614/1199 1198/1613/1198 2385/3625/2385
f 1512/2077/1512 1752/2442/1752 1019/3626/1019
f 1512/2077/1512 1019/3626/1019 1513/2078/1513
f 1055/1420/1055 762/1021/762 761/1023/761
f 1055/1420/1055 1056/1422/1056 762/1021/762
f 1370/1865/1370 1738/2414/1738 769/1032/769
f 1370/1865/1370 768/1031/768 1371/1866/1371
f 1370/1865/1370 1373/1868/1373 1738/2414/1738
f 1370/1865/1370 769/1032/769 768/1031/768
f 1217/3627/1217 2386/3628/2386 1376/1871/1376
f 1217/3627/1217 1376/1871/1376 1377/1872/1377
f 1217/1639/1217 1377/3629/1377 1218/1640/1218
f 1217/1644/1217 1219/1643/1219 2386/3630/2386
f 698/1536/698 1149/1540/1149 699/3631/699
f 1224/1650/1224 2387/3632/2387 1891/2708/1891
f 1224/1650/1224 1891/2708/1891 1225/1651/1225
f 1224/1650/1224 1229/1656/1229 2387/3632/2387
f 1682/3633/1682 612/828/612 1683/3634/1683
f 1682/3633/1682 1681/3635/1681 2161/3167/2161
f 1682/3633/1682 2388/3636/2388 612/828/612
f 1682/3633/1682 2161/3167/2161 2388/3636/2388
f 2389/3637/2389 1895/2715/1895 113/156/113
f 2389/3637/2389 113/156/113 2390/3638/2390
f 2389/3637/2389 2391/3639/2391 1895/2715/1895
f 2392/3640/2392 1548/2128/1548 1948/3641/1948
f 2392/3642/2392 2252/3356/2252 2255/3355/2255
f 2392/3640/2392 2393/3643/2393 1549/2129/1549
f 2392/3640/2392 1549/2129/1549 1548/2128/1548
f 2392/3642/2392 2255/3355/2255 2393/3644/2393
f 2392/3645/2392 1948/2788/1948 2252/3646/2252
f 1901/2722/1901 2294/3437/2294 2394/3647/2394
f 1901/2722/1901 1900/2721/1900 2294/3437/2294
f 1901/2722/1901 2394/3647/2394 2381/3615/2381
f 1901/2722/1901 2307/3614/2307 1902/2723/1902
f 1901/2722/1901 2381/3615/2381 2307/3614/2307
f 2008/2881/2008 2395/3648/2395 2009/2882/2009
f 2008/2881/2008 2007/3649/2007 2395/3648/2395
f 2012/2891/2012 2013/2890/2013 415/561/415
f 2012/2887/2012 2396/3650/2396 1594/2197/1594
f 2012/2887/2012 2397/3651/2397 2396/3650/2396
f 2012/2891/2012 415/561/415 2398/3652/2398
f 2012/2891/2012 2398/3652/2398 2397/3653/2397
f 2399/3654/2399 1535/2109/1535 1540/2119/1540
f 2399/3655/2399 2400/3656/2400 2401/3657/2401
f 2399/3658/2399 2402/3659/2402 1535/3660/1535
f 2399/3655/2399 2401/3657/2401 2403/3661/2403
f 2399/3662/2399 1540/3663/1540 2400/3664/2400
f 2399/3658/2399 2403/3665/2403 2402/3659/2402
f 2404/3666/2404 2133/3102/2133 1334/1808/1334
f 2404/3666/2404 1869/3103/1869 2133/3102/2133
f 2404/3666/2404 1334/1808/1334 2405/3667/2405
f 2404/3666/2404 2405/3667/2405 1869/3103/1869
f 2274/3668/2274 1130/1517/1130 2275/3669/2275
f 2274/3668/2274 2406/3670/2406 1130/1517/1130
f 2274/3386/2274 630/850/630 2406/3671/2406
f 242/319/242 241/318/241 1135/1522/1135
f 2241/3672/2241 2243/3582/2243 1142/3583/1142
f 2241/3673/2241 1140/3674/1140 2407/3675/2407
f 2241/3672/2241 1142/3583/1142 1140/3676/1140
f 2241/3336/2241 2407/3677/2407 2242/3337/2242
f 2117/3080/2117 2408/3678/2408 454/614/454
f 1578/2171/1578 458/622/458 1428/1952/1428
f 1578/2171/1578 1428/1952/1428 1579/2232/1579
f 1578/2171/1578 2047/2962/2047 458/622/458
f 464/630/464 461/627/461 1888/3679/1888
f 464/630/464 1888/3679/1888 1148/3275/1148
f 2280/3398/2280 1434/1960/1434 2409/3680/2409
f 1358/1843/1358 2156/3152/2156 2410/3681/2410
f 1358/3682/1358 832/1105/832 2156/3153/2156
f 1358/1843/1358 2410/3681/2410 583/785/583
f 2411/3683/2411 2412/3684/2412 2413/3685/2413
f 2411/3686/2411 2414/3687/2414 1836/3688/1836
f 2411/3686/2411 1836/3688/1836 2415/3689/2415
f 2411/3690/2411 2413/3691/2413 2414/3692/2414
f 2411/3686/2411 2415/3689/2415 2412/3693/2412
f 1500/2460/1500 1640/2266/1640 2416/3694/2416
f 1500/2062/1500 2417/3695/2417 1159/1557/1159
f 1500/2460/1500 2416/3694/2416 2417/3696/2417
f 1081/3697/1081 1083/1460/1083 2418/3698/2418
f 1081/3699/1081 2418/3700/2418 1951/3701/1951
f 862/1159/862 701/945/701 700/944/700
f 862/1159/862 2162/3172/2162 701/945/701
f 862/1159/862 2292/3429/2292 2162/3172/2162
f 862/1159/862 861/1164/861 2292/3429/2292
f 1535/3660/1535 2419/3702/2419 2291/3427/2291
f 1535/3660/1535 2402/3659/2402 2419/3702/2419
f 1535/3660/1535 2291/3427/2291 1536/3423/1536
f 1964/2812/1964 2077/3703/2077 1965/2813/1965
f 419/566/419 422/569/422 1409/1918/1409
f 419/566/419 1409/1918/1409 793/3070/793
f 1187/1596/1187 1191/1600/1191 2085/3033/2085
f 1187/1596/1187 2086/3034/2086 1188/1597/1188
f 1484/3704/1484 1486/3705/1486 2420/3706/2420
f 1484/2676/1484 1283/3707/1283 645/875/645
f 1484/3708/1484 2420/3709/2420 1283/1742/1283
f 735/987/735 544/737/544 543/736/543
f 2287/3413/2287 1986/2849/1986 1845/2848/1845
f 2287/3407/2287 2181/3204/2181 2179/3203/2179
f 2287/3710/2287 1845/3711/1845 2181/3712/2181
f 1989/2852/1989 1415/1928/1415 1990/2853/1990
f 1989/2852/1989 1991/2854/1991 2421/3713/2421
f 1989/2852/1989 2421/3713/2421 1415/1928/1415
f 1998/2865/1998 2000/2867/2000 1420/3495/1420
f 1998/2865/1998 2326/3498/2326 1999/2866/1999
f 2422/3714/2422 2423/3715/2423 2424/3716/2424
f 2422/3714/2422 2004/3717/2004 2003/3718/2003
f 2422/3714/2422 2003/3718/2003 2423/3715/2423
f 2422/3714/2422 2424/3716/2424 2004/3717/2004
f 1641/2269/1641 2177/3246/2177 2178/3719/2178
f 1641/2269/1641 410/554/410 2177/3246/2177
f 1890/2705/1890 2200/3248/2200 1225/3720/1225
f 1890/2707/1890 1225/1651/1225 1891/2708/1891
f 839/1120/839 66/82/66 65/81/65
f 2204/3253/2204 1443/1973/1443 1445/1975/1445
f 2204/3253/2204 2425/3721/2425 1573/3722/1573
f 2204/3253/2204 2361/3574/2361 1443/1973/1443
f 2204/3253/2204 1573/3722/1573 2361/3574/2361
f 2204/3723/2204 2017/2899/2017 2425/3724/2425
f 2118/3084/2118 1712/3725/1712 1788/3726/1788
f 2118/3084/2118 1713/3727/1713 1712/3725/1712
f 2118/3084/2118 187/3481/187 1713/3727/1713
f 2118/3084/2118 453/612/453 187/3481/187
f 2118/3084/2118 1788/3726/1788 233/3728/233
f 1060/1430/1060 339/448/339 1129/2457/1129
f 1060/1430/1060 1131/3729/1131 1061/1431/1061
f 2426/3730/2426 773/2301/773 1663/2300/1663
f 2426/3730/2426 2427/3731/2427 773/2301/773
f 2426/3730/2426 1663/2300/1663 552/745/552
f 2426/3730/2426 552/745/552 756/1014/756
f 2426/3730/2426 756/1014/756 2427/3731/2427
f 2124/3092/2124 2428/3732/2428 2429/3733/2429
f 2124/3092/2124 2429/3733/2429 2125/3093/2125
f 2430/3734/2430 498/671/498 2431/3735/2431
f 881/1189/881 2432/3736/2432 2433/3737/2433
f 881/1189/881 883/1191/883 2432/3736/2432
f 881/1189/881 2433/3737/2433 2163/3174/2163
f 1765/2465/1765 1766/2467/1766 902/1213/902
f 1765/2465/1765 272/2622/272 1379/2466/1379
f 127/2976/127 1154/1549/1154 128/3738/128
f 127/2976/127 2434/3739/2434 2053/2977/2053
f 127/2976/127 129/3740/129 2434/3739/2434
f 1450/1980/1450 2108/3741/2108 1451/1981/1451
f 1450/3742/1450 1438/1968/1438 2109/3066/2109
f 1450/3742/1450 2109/3066/2109 2108/3065/2108
f 1454/1985/1454 2329/3505/2329 1265/3743/1265
f 1454/1985/1454 1109/3170/1109 2329/3505/2329
f 1454/1985/1454 1265/3743/1265 1264/1988/1264
f 1809/2549/1809 1037/1397/1037 2112/3071/2112
f 1809/2549/1809 793/3070/793 1810/3744/1810
f 305/413/305 425/572/425 308/414/308
f 2022/2917/2022 1295/2434/1295 2023/2918/2023
f 2141/3124/2141 174/230/174 173/229/173
f 2141/3293/2141 904/1216/904 174/3745/174
f 2141/3124/2141 2142/3126/2142 2219/3287/2219
f 2222/3295/2222 2435/3746/2435 181/3747/181
f 2222/3295/2222 1228/1657/1228 2435/3746/2435
f 2222/3295/2222 181/3747/181 1757/2445/1757
f 1712/3748/1712 2436/3749/2436 926/1248/926
f 1712/3750/1712 1477/2028/1477 2436/3751/2436
f 1712/3748/1712 926/1248/926 1788/3752/1788
f 1712/3750/1712 1715/3753/1715 1477/2028/1477
f 1129/2457/1129 1761/2459/1761 939/3754/939
f 1496/2056/1496 1495/2060/1495 2234/3319/2234
f 1496/2056/1496 2437/3755/2437 1497/2057/1497
f 1496/2056/1496 2234/3319/2234 2438/3756/2438
f 1496/2056/1496 2438/3756/2438 2437/3755/2437
f 225/298/225 2042/2955/2042 1725/2395/1725
f 225/298/225 227/300/227 2042/2955/2042
f 782/3757/782 2344/3758/2344 2439/3759/2439
f 782/1048/782 2439/3760/2439 783/1049/783
f 1764/2463/1764 1597/2200/1597 2440/3761/2440
f 1764/2463/1764 2440/3761/2440 1029/1387/1029
f 1766/2467/1766 372/3762/372 370/2798/370
f 1766/2467/1766 370/2798/370 902/1213/902
f 1766/2471/1766 1767/2470/1767 372/495/372
f 1769/2473/1769 1412/1922/1412 570/3547/570
f 1769/2473/1769 1413/1923/1413 1412/1922/1412
f 1769/2473/1769 570/3547/570 1770/2474/1770
f 1777/2481/1777 1775/2479/1775 1524/3763/1524
f 390/522/390 389/524/389 1882/3324/1882
f 397/532/397 2441/3764/2441 958/2487/958
f 397/532/397 400/541/400 2441/3764/2441
f 2220/3292/2220 2221/3291/2221 145/197/145
f 2220/3289/2220 2276/3388/2276 2442/3765/2442
f 2220/3289/2220 2442/3765/2442 905/1217/905
f 2220/3289/2220 145/3389/145 2276/3388/2276
f 1849/2626/1849 1589/2188/1589 2154/3145/2154
f 1849/2631/1849 1852/2630/1852 825/1095/825
f 1849/2626/1849 825/2514/825 1589/2188/1589
f 1572/2162/1572 1419/1937/1419 1558/2141/1558
f 1162/1560/1162 1689/2337/1689 1688/2336/1688
f 1162/1560/1162 1163/1561/1163 1689/2337/1689
f 1612/2218/1612 1166/1564/1166 1326/1799/1326
f 1612/2218/1612 1168/1566/1168 1166/1564/1166
f 1928/2766/1928 2443/3766/2443 1929/2767/1929
f 1928/3767/1928 2079/3019/2079 2444/3768/2444
f 1928/3767/1928 2444/3768/2444 2443/3769/2443
f 60/2641/60 2445/3770/2445 1539/2116/1539
f 60/3771/60 2414/3692/2414 2445/3772/2445
f 60/76/60 59/71/59 2414/3773/2414
f 79/101/79 82/105/82 873/2686/873
f 79/101/79 873/2686/873 1880/2685/1880
f 79/101/79 1880/2685/1880 80/102/80
f 936/1259/936 935/1258/935 815/3774/815
f 936/1259/936 815/3774/815 2446/3775/2446
f 936/1259/936 2446/3775/2446 937/1260/937
f 2447/3776/2447 94/119/94 2375/3777/2375
f 2447/3776/2447 2448/3778/2448 2168/3181/2168
f 2447/3776/2447 95/120/95 94/119/94
f 2447/3779/2447 2364/3578/2364 2448/3780/2448
f 2447/3776/2447 2168/3181/2168 886/1194/886
f 2447/3776/2447 886/1194/886 95/120/95
f 2447/3776/2447 2375/3777/2375 2364/3781/2364
f 2050/2967/2050 893/2674/893 1874/2673/1874
f 2175/3192/2175 1815/3782/1815 2176/3193/2176
f 2175/3244/2175 2038/2947/2038 1815/2561/1815
f 2449/3783/2449 2259/3362/2259 2145/3784/2145
f 2449/3785/2449 655/885/655 2450/3786/2450
f 2449/3785/2449 2145/3134/2145 2451/3787/2451
f 2449/3788/2449 2450/3789/2450 2452/3790/2452
f 2449/3785/2449 2451/3787/2451 655/885/655
f 2449/3783/2449 2452/3791/2452 2259/3362/2259
f 1819/2568/1819 1083/1460/1083 137/180/137
f 1819/2568/1819 1820/2569/1820 2418/3698/2418
f 1819/2568/1819 2418/3698/2418 1083/1460/1083
f 1607/3003/1607 1014/3792/1014 1752/2437/1752
f 1607/3793/1607 1015/1371/1015 1014/1370/1014
f 2091/3043/2091 2092/3042/2092 2210/3263/2210
f 2091/3040/2091 14/859/14 635/858/635
f 2313/3469/2313 2453/3794/2453 1384/1883/1384
f 2061/3795/2061 2454/3796/2454 2062/3797/2062
f 2455/3798/2455 2412/3684/2412 2317/3477/2317
f 2455/3798/2455 2400/3656/2400 2413/3685/2413
f 2455/3798/2455 2401/3657/2401 2400/3656/2400
f 2455/3798/2455 2317/3477/2317 1705/3476/1705
f 2455/3798/2455 1705/3476/1705 2401/3657/2401
f 2455/3798/2455 2413/3685/2413 2412/3684/2412
f 438/590/438 1831/2591/1831 1830/2590/1830
f 438/590/438 1707/2371/1707 1831/2591/1831
f 438/590/438 1830/2590/1830 439/591/439
f 1909/2736/1909 1708/2372/1708 688/930/688
f 1909/2736/1909 2397/3653/2397 2398/3652/2398
f 1909/2736/1909 2318/3479/2318 1708/2372/1708
f 1909/2736/1909 1911/3799/1911 2397/3653/2397
f 1909/2736/1909 2398/3652/2398 2318/3479/2318
f 1591/2194/1591 474/642/474 1072/3800/1072
f 1591/2194/1591 2456/3801/2456 474/642/474
f 1591/2194/1591 1179/2193/1179 2456/3801/2456
f 1591/2191/1591 1072/1443/1072 1071/1442/1071
f 1361/1848/1361 713/3802/713 335/3803/335
f 1361/3804/1361 789/1056/789 714/961/714
f 1361/1848/1361 335/3803/335 1062/3805/1062
f 1361/1848/1361 1062/3805/1062 1362/1849/1362
f 1361/1848/1361 714/3806/714 713/3802/713
f 2342/3528/2342 1637/3529/1637 2217/3807/2217
f 2342/3528/2342 2217/3807/2217 1038/1401/1038
f 2342/3528/2342 791/1058/791 795/1062/795
f 2342/3528/2342 1038/1401/1038 791/1058/791
f 1839/2603/1839 2294/3437/2294 1840/2604/1840
f 1839/2603/1839 2394/3647/2394 2294/3437/2294
f 1839/2608/1839 800/1067/800 2394/3808/2394
f 1839/2608/1839 1841/2607/1841 800/1067/800
f 647/2560/647 649/3809/649 1815/2561/1815
f 647/2562/647 1404/1910/1404 1403/1909/1403
f 1351/3810/1351 57/3811/57 1538/3812/1538
f 1351/3813/1351 2345/3537/2345 57/3814/57
f 1351/1834/1351 1538/3815/1538 1352/1835/1352
f 1351/3813/1351 1355/3816/1355 2345/3537/2345
f 1969/2817/1969 2253/3817/2253 1970/2818/1970
f 1969/2826/1969 2457/3818/2457 2458/3819/2458
f 1969/2817/1969 2458/3820/2458 2253/3817/2253
f 1969/2826/1969 1973/2825/1973 2457/3818/2457
f 2085/3821/2085 1976/2833/1976 1977/2832/1977
f 2085/3821/2085 1977/2832/1977 1068/1439/1068
f 2085/3033/2085 1191/1600/1191 1976/3822/1976
f 2085/3033/2085 1068/3823/1068 1413/1923/1413
f 2309/3549/2309 2273/3383/2273 2310/3824/2310
f 2309/3465/2309 135/177/135 1605/2208/1605
f 1778/2483/1778 1779/2485/1779 2459/3825/2459
f 1778/2483/1778 2460/3826/2460 2135/3109/2135
f 1778/3827/1778 2459/3828/2459 2460/3829/2460
f 1778/2483/1778 2135/3109/2135 954/2484/954
f 2353/3830/2353 2441/3764/2441 400/541/400
f 2353/3830/2353 2093/3831/2093 1203/3832/1203
f 2353/3830/2353 1203/3832/1203 2441/3764/2441
f 2353/3557/2353 400/540/400 2354/3558/2354
f 1174/1575/1174 1176/1577/1176 1616/2225/1616
f 1697/3833/1697 2461/3834/2461 1698/3835/1698
f 1697/2350/1697 2067/2997/2067 2062/2991/2062
f 1697/3833/1697 2062/3797/2062 2461/3834/2461
f 547/740/547 2265/3369/2265 751/1006/751
f 465/631/465 440/592/440 1620/2237/1620
f 465/631/465 441/593/441 440/592/440
f 1320/1793/1320 1322/1795/1322 2341/3527/2341
f 1320/1793/1320 2186/3215/2186 1622/2239/1622
f 1320/1793/1320 2341/3527/2341 2186/3215/2186
f 708/3836/708 711/3837/711 475/643/475
f 708/3836/708 475/643/475 2343/3536/2343
f 1658/2291/1658 2320/3485/2320 1405/1912/1405
f 1658/2291/1658 1405/1912/1405 1635/2259/1635
f 1658/2291/1658 1635/2259/1635 1634/2258/1634
f 721/972/721 725/976/725 2462/3838/2462
f 721/2265/721 2462/3839/2462 1640/2266/1640
f 2432/3736/2432 2463/3840/2463 1414/1926/1414
f 2432/3736/2432 1414/1926/1414 1411/1920/1411
f 2432/3736/2432 883/1191/883 2463/3840/2463
f 2432/3736/2432 1411/1920/1411 2433/3737/2433
f 1254/1694/1254 268/353/268 1797/3841/1797
f 1254/1694/1254 1797/3841/1797 1800/3842/1800
f 1254/1694/1254 2464/3843/2464 1255/1695/1255
f 1254/1694/1254 1800/3842/1800 2464/3843/2464
f 1254/1694/1254 269/354/269 268/353/268
f 2322/3491/2322 2323/3492/2323 1259/1701/1259
f 945/1269/945 1558/2141/1558 1419/1937/1419
f 2328/3501/2328 288/2143/288 524/709/524
f 2328/3501/2328 524/709/524 523/708/523
f 2328/3501/2328 523/708/523 1263/1707/1263
f 2465/3844/2465 2466/3845/2466 2254/3354/2254
f 2465/3844/2465 302/404/302 297/406/297
f 2465/3844/2465 1970/2818/1970 2253/3817/2253
f 2465/3844/2465 2253/3817/2253 2466/3845/2466
f 2465/3844/2465 1971/2819/1971 1970/2818/1970
f 2465/3844/2465 297/406/297 1971/2819/1971
f 1098/3846/1098 2467/3847/2467 2468/3848/2468
f 1098/1481/1098 1097/1480/1097 2467/3849/2467
f 1098/3850/1098 2468/3851/2468 2469/3852/2469
f 1098/1481/1098 2469/3853/2469 1099/1482/1099
f 2063/3854/2063 1280/1731/1280 215/284/215
f 2063/3855/2063 732/1741/732 1280/1740/1280
f 2063/2992/2063 2066/2999/2066 732/3599/732
f 1047/1412/1047 2032/2936/2032 1048/1413/1048
f 1047/3856/1047 1643/3075/1643 2031/2938/2031
f 2223/3297/2223 73/95/73 75/94/75
f 2223/3297/2223 2470/3857/2470 73/95/73
f 2223/3297/2223 915/1232/915 2470/3857/2470
f 81/2167/81 1575/2166/1575 2471/3858/2471
f 81/2167/81 2471/3858/2471 82/3859/82
f 85/623/85 458/622/458 2047/2962/2047
f 85/623/85 2047/2962/2047 2048/2963/2048
f 1585/3860/1585 2472/3861/2472 2169/3183/2169
f 1585/2181/1585 2448/3780/2448 1586/2182/1586
f 1585/3860/1585 1588/3862/1588 2472/3861/2472
f 1585/2181/1585 2169/3863/2169 2448/3780/2448
f 639/869/639 642/872/642 2154/3145/2154
f 639/869/639 2154/3145/2154 1589/2188/1589
f 2461/3834/2461 2064/2994/2064 1698/3835/1698
f 2461/3834/2461 2454/3796/2454 2065/2995/2065
f 2461/3834/2461 2065/2995/2065 2064/2994/2064
f 2461/3834/2461 2062/3797/2062 2454/3796/2454
f 1704/2360/1704 1706/2366/1706 2403/3864/2403
f 1704/3865/1704 2401/3657/2401 1705/3476/1705
f 1704/2360/1704 2403/3864/2403 2401/3866/2401
f 2207/3867/2207 2473/3868/2473 2219/3287/2219
f 2207/3867/2207 2142/3126/2142 2208/3869/2208
f 2207/3867/2207 2219/3287/2219 2142/3126/2142
f 2207/3867/2207 2209/3870/2209 2473/3868/2473
f 514/695/514 2474/3871/2474 1422/2695/1422
f 514/695/514 2475/3872/2475 2474/3871/2474
f 1714/2378/1714 2476/3873/2476 1715/2379/1715
f 1714/3874/1714 184/1429/184 1059/1428/1059
f 1714/3874/1714 2074/3009/2074 2476/3875/2476
f 1714/3874/1714 1059/1428/1059 2074/3009/2074
f 1719/2383/1719 2477/3876/2477 1720/2384/1720
f 1719/2383/1719 593/799/593 592/802/592
f 1719/2383/1719 592/802/592 2478/3877/2478
f 1719/2383/1719 1718/2382/1718 593/799/593
f 1719/2383/1719 2478/3877/2478 2477/3876/2477
f 1637/2262/1637 1234/1670/1234 2217/3878/2217
f 1637/2262/1637 1235/1671/1235 1234/1670/1234
f 351/3409/351 1238/1675/1238 2479/3879/2479
f 351/3409/351 2479/3879/2479 2288/3410/2288
f 2042/2955/2042 2044/2957/2044 1725/2395/1725
f 1802/2540/1802 1804/2539/1804 1733/2407/1733
f 1802/3880/1802 277/363/277 2026/3881/2026
f 1802/3880/1802 1733/2406/1733 277/363/277
f 1802/3882/1802 2026/3883/2026 1803/3884/1803
f 2480/3885/2480 142/187/142 141/186/141
f 2480/3885/2480 141/186/141 2481/3886/2481
f 1743/2426/1743 2482/3887/2482 2137/3111/2137
f 1743/2426/1743 1745/2425/1745 2482/3887/2482
f 557/753/557 1422/1942/1422 2474/3888/2474
f 557/753/557 2474/3888/2474 1884/2697/1884
f 53/63/53 1104/2270/1104 2483/3889/2483
f 53/63/53 2483/3889/2483 54/64/54
f 2484/3890/2484 1807/3891/1807 2485/3892/2485
f 2484/3890/2484 1808/3893/1808 1807/3891/1807
f 2486/3894/2486 1922/2753/1922 2487/3895/2487
f 1116/2657/1116 1466/3448/1466 1464/2658/1464
f 1122/1508/1122 1653/2285/1653 2290/3417/2290
f 1122/1508/1122 1654/2286/1654 1653/2285/1653
f 1122/1508/1122 1124/1510/1124 1654/2286/1654
f 1659/2293/1659 2048/2964/2048 1660/2294/1660
f 1659/2293/1659 1661/2296/1661 87/111/87
f 1088/1466/1088 775/1039/775 1946/2786/1946
f 1088/1466/1088 776/1040/776 775/1039/775
f 1088/1466/1088 1946/2786/1946 1089/1467/1089
f 1353/1836/1353 1144/1531/1144 1143/1530/1143
f 1353/3580/1353 2366/3584/2366 1354/3896/1354
f 1939/2778/1939 1669/2308/1669 1940/2779/1940
f 1939/2778/1939 2096/3053/2096 1669/2308/1669
f 2488/3897/2488 2489/3898/2489 2383/3622/2383
f 2488/3899/2488 628/848/628 1672/2311/1672
f 2488/3897/2488 1794/2525/1794 629/3900/629
f 2488/3897/2488 2383/3622/2383 1794/2525/1794
f 2488/3897/2488 1672/3901/1672 2489/3898/2489
f 2488/3899/2488 629/849/629 628/848/628
f 1379/1878/1379 272/3902/272 271/3903/271
f 1379/1878/1379 271/3903/271 900/1211/900
f 1676/2325/1676 2490/3904/2490 1190/3905/1190
f 1676/2325/1676 1678/2324/1678 2053/2977/2053
f 1676/2320/1676 1190/1599/1190 1189/1598/1189
f 1676/2325/1676 2053/2977/2053 2490/3904/2490
f 710/3450/710 611/3906/611 2128/3451/2128
f 710/3450/710 846/1131/846 711/3837/711
f 2112/3071/2112 1037/1397/1037 1039/1400/1039
f 2112/3071/2112 1039/1400/1039 1268/1712/1268
f 1694/3907/1694 1175/1576/1175 1177/1578/1177
f 1694/2346/1694 494/667/494 45/54/45
f 1694/3907/1694 1177/1578/1177 1855/2638/1855
f 1694/2346/1694 1855/3607/1855 494/667/494
f 71/3908/71 1702/3909/1702 1304/1771/1304
f 71/3908/71 1304/1771/1304 72/1770/72
f 996/3490/996 2491/3910/2491 997/3911/997
f 996/3490/996 2442/3765/2442 2491/3910/2491
f 996/1341/996 998/1344/998 1798/2529/1798
f 996/3490/996 905/1217/905 2442/3765/2442
f 2387/3632/2387 1519/2710/1519 1891/2708/1891
f 2387/3632/2387 151/3912/151 155/3913/155
f 2387/3632/2387 1229/1656/1229 151/3912/151
f 2387/3914/2387 155/2088/155 1519/2087/1519
f 1684/3915/1684 1835/3434/1835 2492/3916/2492
f 1684/3915/1684 1683/3917/1683 1835/3434/1835
f 1684/3915/1684 2492/3916/2492 332/441/332
f 1684/3915/1684 332/441/332 28/37/28
f 1684/2331/1684 28/35/28 1452/1982/1452
f 2194/3918/2194 2466/3845/2466 2195/3919/2195
f 2194/3918/2194 2393/3644/2393 2254/3354/2254
f 2194/3238/2194 1549/2129/1549 2393/3643/2393
f 2194/3918/2194 2254/3354/2254 2466/3845/2466
f 2099/3920/2099 933/1256/933 931/1254/931
f 2099/3056/2099 2101/3058/2101 2493/3921/2493
f 2099/3920/2099 931/1254/931 2100/3922/2100
f 2099/3920/2099 2493/3923/2493 933/1256/933
f 1624/2250/1624 1400/1904/1400 358/473/358
f 1624/2241/1624 358/474/358 2494/3924/2494
f 1624/2250/1624 1629/2249/1629 1400/1904/1400
f 1624/2241/1624 2494/3924/2494 1625/2242/1625
f 654/884/654 655/885/655 2451/3787/2451
f 654/884/654 2451/3787/2451 1635/2259/1635
f 654/884/654 1635/2259/1635 1405/1912/1405
f 371/493/371 372/495/372 2015/3925/2015
f 371/3379/371 2015/2893/2015 2014/2892/2014
f 2495/3926/2495 2290/3927/2290 671/910/671
f 2495/3928/2495 670/3929/670 2496/3930/2496
f 2495/3928/2495 2215/3270/2215 1345/3931/1345
f 2495/3932/2495 1345/1822/1345 2290/3417/2290
f 2495/3926/2495 671/910/671 670/909/670
f 2495/3928/2495 2496/3930/2496 2215/3270/2215
f 2032/2936/2032 2385/3625/2385 1048/1413/1048
f 2032/2936/2032 2030/2934/2030 2385/3625/2385
f 2497/3933/2497 1931/2769/1931 1929/2767/1929
f 2497/3933/2497 105/137/105 1317/2948/1317
f 2497/3933/2497 1317/2948/1317 1313/3934/1313
f 2497/3933/2497 108/142/108 105/137/105
f 2497/3933/2497 1929/2767/1929 108/142/108
f 2497/3933/2497 1313/3934/1313 1931/2769/1931
f 852/1145/852 854/1144/854 1321/3935/1321
f 1731/2403/1731 1818/3936/1818 778/2404/778
f 622/839/622 988/1331/988 2498/3937/2498
f 622/839/622 2498/3937/2498 259/337/259
f 992/1335/992 1823/2573/1823 993/1336/993
f 992/1339/992 994/1338/994 1822/2571/1822
f 1001/1351/1001 20/3938/20 1556/2138/1556
f 82/3859/82 875/1183/875 873/1182/873
f 82/3859/82 2471/3858/2471 875/1183/875
f 882/3273/882 880/3939/880 1903/3274/1903
f 1352/1835/1352 1537/3940/1537 1141/1528/1141
f 1352/1835/1352 1141/1528/1141 1144/1531/1144
f 1352/3941/1352 1538/2113/1538 1537/2112/1537
f 583/785/583 2410/3681/2410 584/786/584
f 1993/2857/1993 752/1008/752 753/1010/753
f 1993/2857/1993 753/1010/753 1994/2858/1994
f 1993/2857/1993 1363/1850/1363 752/1008/752
f 1993/2864/1993 1997/2863/1997 2499/3942/2499
f 1993/2857/1993 2499/3943/2499 1363/1850/1363
f 598/3944/598 2500/3945/2500 199/263/199
f 598/806/598 1366/1856/1366 2500/3946/2500
f 2129/3097/2129 2501/3947/2501 2502/3948/2502
f 2129/3097/2129 2130/3098/2130 2501/3947/2501
f 2129/3097/2129 1179/1581/1179 1178/1580/1178
f 2129/3097/2129 2502/3948/2502 1179/1581/1179
f 214/282/214 216/286/216 730/981/730
f 1491/2048/1491 2503/3949/2503 2504/3950/2504
f 1491/2048/1491 2504/3950/2504 1678/2324/1678
f 1491/2048/1491 1492/2051/1492 2503/3949/2503
f 1498/2059/1498 1638/2263/1638 2505/3951/2505
f 1498/2059/1498 1497/2057/1497 1638/2263/1638
f 1498/2058/1498 2505/3952/2505 1721/2389/1721
f 1237/1674/1237 2506/3953/2506 2479/3879/2479
f 1237/1674/1237 1241/1680/1241 2506/3953/2506
f 1237/1674/1237 2479/3879/2479 1238/1675/1238
f 2507/3954/2507 1167/3955/1167 749/3956/749
f 2507/3954/2507 749/3956/749 748/3957/748
f 2507/3954/2507 2055/3958/2055 1167/3955/1167
f 2507/3954/2507 748/3957/748 2262/3366/2262
f 1506/2068/1506 2311/3467/2311 1507/2069/1507
f 1506/2068/1506 2265/3369/2265 2311/3467/2311
f 1506/2068/1506 751/1006/751 2265/3369/2265
f 1587/2184/1587 1584/2185/1584 2340/3959/2340
f 1587/2184/1587 2339/3960/2339 1053/1418/1053
f 1587/2184/1587 1053/1418/1053 1054/1419/1054
f 1587/2184/1587 2340/3959/2340 2339/3960/2339
f 1517/3961/1517 2423/3715/2423 2003/3718/2003
f 1517/3961/1517 154/3962/154 2423/3715/2423
f 1522/2097/1522 1524/2096/1524 2508/3963/2508
f 1220/1646/1220 2190/3230/2190 1529/3964/1529
f 1220/1646/1220 1529/3964/1529 1221/1647/1221
f 2435/3965/2435 2509/3966/2509 181/245/181
f 2435/3746/2435 1228/1657/1228 1227/1654/1227
f 2435/3746/2435 1227/1654/1227 1783/3967/1783
f 2435/3965/2435 1783/2493/1783 2509/3966/2509
f 2510/3968/2510 1960/2805/1960 1961/2806/1961
f 2510/3969/2510 2043/2956/2043 2511/3970/2511
f 2510/3971/2510 1961/3236/1961 1762/2461/1762
f 2510/3969/2510 606/820/606 2043/2956/2043
f 2510/3968/2510 2511/3972/2511 1960/2805/1960
f 2510/3971/2510 1762/2461/1762 606/817/606
f 2245/3346/2245 2248/3345/2248 1597/2200/1597
f 2245/3346/2245 1597/2200/1597 1596/2199/1596
f 2245/3341/2245 2227/3302/2227 2226/3301/2226
f 2245/3341/2245 1596/3973/1596 2227/3302/2227
f 1548/3974/1548 1093/1475/1093 1948/2788/1948
f 1548/2128/1548 301/401/301 1093/3975/1093
f 2512/3976/2512 2197/3242/2197 2196/3241/2196
f 2512/3977/2512 1002/1352/1002 252/3978/252
f 2512/3979/2512 252/329/252 250/327/250
f 2512/3976/2512 2196/3241/2196 2212/3980/2212
f 2512/3979/2512 250/327/250 2197/3981/2197
f 2512/3977/2512 2212/3266/2212 1002/1352/1002
f 2513/3982/2513 1619/2233/1619 1579/2232/1579
f 2513/3982/2513 1428/1952/1428 1429/1954/1429
f 2513/3982/2513 1429/1954/1429 2040/3983/2040
f 2513/3982/2513 2040/3983/2040 1619/2233/1619
f 2513/3982/2513 1579/2232/1579 1428/1952/1428
f 1014/1370/1014 1019/1375/1019 1752/3984/1752
f 2428/3732/2428 1433/1959/1433 2429/3733/2429
f 2428/3732/2428 2409/3680/2409 1433/1959/1433
f 31/40/31 838/1118/838 32/41/32
f 39/48/39 1786/2502/1786 40/49/40
f 39/48/39 2036/2943/2036 2360/3570/2360
f 39/48/39 2360/3570/2360 1786/2502/1786
f 39/48/39 42/51/42 2036/2943/2036
f 1443/1973/1443 2361/3574/2361 2362/3573/2362
f 1443/1973/1443 2362/3573/2362 1444/1974/1444
f 2010/2885/2010 2011/2884/2011 2333/3510/2333
f 2010/2885/2010 2333/3510/2333 2269/3376/2269
f 1029/3985/1029 1028/3986/1028 417/563/417
f 1029/3985/1029 417/563/417 2013/3987/2013
f 1029/1387/1029 2440/3761/2440 1030/1388/1030
f 1118/1504/1118 1924/2759/1924 1926/2762/1926
f 1791/2517/1791 1938/2777/1938 2514/3988/2514
f 1791/2518/1791 2514/3989/2514 1604/2207/1604
f 2184/3990/2184 2427/3731/2427 756/1014/756
f 2184/3990/2184 755/1013/755 1050/3991/1050
f 2184/3990/2184 1945/3992/1945 2427/3731/2427
f 2184/3990/2184 756/1014/756 755/1013/755
f 2436/3751/2436 1477/2028/1477 446/600/446
f 2436/3751/2436 446/600/446 447/601/447
f 2436/3749/2436 447/2716/447 926/1248/926
f 1480/2033/1480 896/1207/896 2515/3993/2515
f 1480/3994/1480 2059/2988/2059 2058/2987/2058
f 1480/3994/1480 2058/2987/2058 1481/3995/1481
f 1480/2033/1480 2515/3993/2515 2059/3996/2059
f 2177/3246/2177 410/554/410 2199/3247/2199
f 2080/3023/2080 2503/3997/2503 1075/3024/1075
f 2080/3023/2080 1852/2630/1852 2503/3997/2503
f 2080/3023/2080 828/1101/828 825/1095/825
f 2080/3023/2080 825/1095/825 1852/2630/1852
f 343/452/343 660/894/660 344/453/344
f 343/452/343 1394/1895/1394 660/894/660
f 1016/1372/1016 1018/1374/1018 1906/2733/1906
f 1016/1372/1016 321/3998/321 320/3999/320
f 1016/1372/1016 1906/2733/1906 321/3998/321
f 1016/1372/1016 320/3999/320 1017/1373/1017
f 1559/2144/1559 2516/4000/2516 299/399/299
f 1100/1483/1100 1099/1482/1099 2517/4001/2517
f 806/1073/806 2027/2931/2027 807/1074/807
f 1048/1413/1048 2385/3625/2385 2518/4002/2518
f 1048/1413/1048 2518/4002/2518 1465/4003/1465
f 508/2236/508 439/591/439 1830/2590/1830
f 508/2236/508 1830/2590/1830 1829/2589/1829
f 179/243/179 180/242/180 2270/3378/2270
f 179/1421/179 1834/2594/1834 1056/1422/1056
f 179/4004/179 2270/4005/2270 1834/4006/1834
f 474/642/474 2456/3801/2456 475/643/475
f 474/4007/474 472/639/472 1072/1443/1072
f 2519/4008/2519 1297/4009/1297 2520/4010/2520
f 2519/4008/2519 2319/3484/2319 2521/4011/2521
f 2519/4008/2519 2520/4010/2520 2522/4012/2522
f 2519/4008/2519 2320/3485/2320 2319/3484/2319
f 2519/4008/2519 1405/1912/1405 2320/3485/2320
f 2519/4008/2519 1406/1913/1406 1405/1912/1405
f 2519/4008/2519 2521/4011/2521 1297/4009/1297
f 2519/4008/2519 2522/4012/2522 1406/1913/1406
f 2217/3878/2217 1234/1670/1234 1365/1854/1365
f 206/271/206 207/273/207 1068/1439/1068
f 206/271/206 1977/2832/1977 1841/2605/1841
f 206/271/206 1068/1439/1068 1977/2832/1977
f 19/25/19 1556/4013/1556 20/26/20
f 19/25/19 21/27/21 1803/2541/1803
f 1420/1938/1420 2000/4014/2000 1421/1939/1421
f 1326/1799/1326 1693/2344/1693 1328/1801/1328
f 1175/2347/1175 48/57/48 2330/3507/2330
f 1175/2347/1175 2330/3507/2330 1176/4015/1176
f 1297/1763/1297 2521/4016/2521 1298/1764/1298
f 1858/2652/1858 67/83/67 2523/4017/2523
f 1858/2652/1858 68/84/68 67/83/67
f 1858/2647/1858 2523/4018/2523 2035/2942/2035
f 73/92/73 2470/4019/2470 2425/3724/2425
f 73/92/73 2425/3724/2425 2017/2899/2017
f 73/92/73 2017/2899/2017 74/93/74
f 2524/4020/2524 1903/4021/1903 880/4022/880
f 2524/4020/2524 2525/4023/2525 812/4024/812
f 2524/4020/2524 880/4022/880 2275/4025/2275
f 2524/4020/2524 2275/4025/2275 2525/4023/2525
f 2524/4026/2524 812/4027/812 1903/4028/1903
f 92/2671/92 520/4029/520 93/4030/93
f 92/2671/92 1873/2670/1873 520/4029/520
f 2338/3523/2338 213/281/213 1045/1409/1045
f 2338/3523/2338 312/420/312 213/281/213
f 2338/3523/2338 1045/1409/1045 211/3524/211
f 2221/3291/2221 146/192/146 145/197/145
f 2221/3291/2221 2219/4031/2219 146/192/146
f 1651/4032/1651 1655/3516/1655 2336/3515/2336
f 191/4033/191 939/3754/939 1761/2459/1761
f 191/4033/191 1760/2458/1760 194/4034/194
f 191/4033/191 1761/2459/1761 1760/2458/1760
f 1638/2263/1638 345/455/345 2505/3951/2505
f 1725/2395/1725 2044/2957/2044 2161/4035/2161
f 1725/4036/1725 2161/4037/2161 1681/4038/1681
f 603/814/603 1543/2122/1543 2526/4039/2526
f 603/814/603 2526/4039/2526 2388/3636/2388
f 603/814/603 2388/3636/2388 2161/3167/2161
f 362/480/362 364/482/364 786/1052/786
f 1381/4040/1381 2527/4041/2527 2349/4042/2349
f 1381/4040/1381 1956/2799/1956 2527/4041/2527
f 1381/1879/1381 2349/3542/2349 2351/3544/2351
f 1381/1879/1381 2351/3544/2351 1382/1880/1382
f 2441/3764/2441 1203/3832/1203 1204/4043/1204
f 2441/3764/2441 1204/4043/1204 958/2487/958
f 2528/4044/2528 2419/3702/2419 1276/1723/1276
f 2528/4045/2528 2242/3337/2242 2407/3677/2407
f 2528/4046/2528 1276/1728/1276 1275/1721/1275
f 2528/4044/2528 2407/4047/2407 2419/3702/2419
f 2528/4045/2528 1275/4048/1275 2242/3337/2242
f 409/553/409 411/555/411 969/4049/969
f 409/553/409 2199/3247/2199 410/554/410
f 1935/2774/1935 2509/3966/2509 1783/2493/1783
f 1935/2774/1935 1934/2772/1934 2509/3966/2509
f 1935/2774/1935 1783/2493/1783 1288/1750/1288
f 1293/3200/1293 1599/4050/1599 2180/3201/2180
f 1293/4051/1293 2181/4052/2181 1294/4053/1294
f 1713/2377/1713 187/251/187 188/252/188
f 237/2388/237 1720/2384/1720 2119/3087/2119
f 773/2301/773 2427/3731/2427 1945/3992/1945
f 1432/1958/1432 1668/4054/1668 2429/3733/2429
f 1432/1958/1432 2429/3733/2429 1433/1959/1433
f 1432/1963/1432 1435/1962/1435 1667/2306/1667
f 257/335/257 1669/2308/1669 2096/3053/2096
f 257/335/257 2096/3053/2096 1242/1681/1242
f 2489/3898/2489 1247/4055/1247 2236/3623/2236
f 2489/3898/2489 1672/3901/1672 1249/4056/1249
f 2489/3898/2489 2236/3623/2236 2383/3622/2383
f 2489/3898/2489 1249/4056/1249 1247/4055/1247
f 274/359/274 580/782/580 275/360/275
f 1451/1981/1451 2108/3741/2108 283/373/283
f 1030/1388/1030 2248/3345/2248 2247/3344/2247
f 1030/1388/1030 2247/3344/2247 1031/1389/1031
f 1030/1388/1030 2440/3761/2440 2248/3345/2248
f 2356/3562/2356 1041/1403/1041 2357/3563/2357
f 2356/3562/2356 307/4057/307 1042/1404/1042
f 2356/3562/2356 1042/1404/1042 1041/1403/1041
f 1951/3701/1951 1371/1866/1371 767/1030/767
f 1951/3701/1951 767/1030/767 1952/4058/1952
f 1951/3701/1951 2418/3700/2418 1371/1866/1371
f 2337/3519/2337 552/745/552 1662/2299/1662
f 2337/3520/2337 517/698/517 552/749/552
f 2527/4041/2527 2529/4059/2529 2530/4060/2530
f 2527/4041/2527 1956/2799/1956 2347/4061/2347
f 2527/4041/2527 2347/4061/2347 2529/4059/2529
f 2527/4041/2527 2530/4060/2530 2349/4042/2349
f 406/549/406 405/548/405 2531/4062/2531
f 1960/2805/1960 1873/2670/1873 888/1197/888
f 1960/2805/1960 2511/3972/2511 1873/2670/1873
f 2246/3348/2246 2477/4063/2477 2478/4064/2478
f 2246/3348/2246 2249/3347/2249 2477/4063/2477
f 2246/3343/2246 2111/3069/2111 2247/3344/2247
f 2246/3343/2246 2478/4065/2478 2111/3069/2111
f 1838/2601/1838 2458/3819/2458 2457/3818/2457
f 1838/2601/1838 1837/2600/1837 2195/4066/2195
f 1838/2601/1838 2195/4066/2195 2458/3819/2458
f 932/1255/932 1398/1901/1398 2196/3241/2196
f 1981/4067/1981 537/723/537 1402/1907/1402
f 1981/4067/1981 1402/1907/1402 1401/1911/1401
f 1633/2256/1633 2451/3787/2451 2145/3134/2145
f 1633/2256/1633 1635/2259/1635 2451/3787/2451
f 747/1002/747 584/788/584 1991/2854/1991
f 747/1002/747 1212/2855/1212 1211/4068/1211
f 747/1002/747 1211/4068/1211 748/1003/748
f 2532/4069/2532 2481/3886/2481 2183/3209/2183
f 2532/4070/2532 2183/3207/2183 2078/3015/2078
f 6/11/6 2097/3054/2097 2000/4071/2000
f 6/11/6 3/3/3 2097/3054/2097
f 760/1019/760 153/4072/153 1758/2451/1758
f 760/1019/760 1758/2451/1758 761/1020/761
f 760/4073/760 2533/4074/2533 153/4075/153
f 760/4076/760 763/2874/763 2533/4077/2533
f 1312/1782/1312 2268/4078/2268 1313/1783/1313
f 1312/1782/1312 2321/3487/2321 2269/3486/2269
f 1312/1782/1312 1316/1787/1316 2321/3487/2321
f 1312/1782/1312 2269/3486/2269 2268/4078/2268
f 416/562/416 2013/3987/2013 417/563/417
f 416/4079/416 415/561/415 2013/2890/2013
f 1128/4080/1128 1789/2510/1789 2525/4081/2525
f 1128/4082/1128 2525/4023/2525 2275/4025/2275
f 1128/1514/1128 2275/3669/2275 1130/1517/1130
f 578/780/578 577/779/577 149/196/149
f 578/780/578 149/196/149 2152/3143/2152
f 247/324/247 2373/3594/2373 2102/4083/2102
f 247/324/247 2102/4083/2102 2534/4084/2534
f 247/324/247 2534/4084/2534 250/327/250
f 247/324/247 580/782/580 2373/3594/2373
f 454/614/454 2408/3678/2408 162/215/162
f 458/622/458 457/621/457 1428/1952/1428
f 461/627/461 171/4085/171 1888/3679/1888
f 461/627/461 173/3125/173 171/4085/171
f 827/1098/827 1816/2563/1816 1339/1813/1339
f 1982/4086/1982 1629/2249/1629 1628/2251/1628
f 1982/3072/1982 2535/4087/2535 2079/3019/2079
f 1982/3072/1982 1628/2247/1628 2535/4087/2535
f 1982/4086/1982 1401/1905/1401 1629/2249/1629
f 479/649/479 2200/3248/2200 480/650/480
f 479/649/479 1784/2495/1784 2200/3248/2200
f 1426/1949/1426 2277/3392/2277 2452/3790/2452
f 1426/1949/1426 2450/3789/2450 1427/1950/1427
f 1426/1949/1426 2452/3790/2452 2450/3789/2450
f 1426/1949/1426 457/1955/457 2277/3392/2277
f 1508/2070/1508 2536/4088/2536 1996/3122/1996
f 1508/2070/1508 1507/2069/1507 2536/4088/2536
f 1508/2070/1508 1996/3122/1996 1509/2071/1509
f 1372/1867/1372 1375/1870/1375 1737/2412/1737
f 2386/4089/2386 1219/4090/1219 2537/4091/2537
f 2386/4089/2386 2537/4091/2537 2538/4092/2538
f 2386/3628/2386 695/939/695 1376/1871/1376
f 2386/3628/2386 2538/4093/2538 695/939/695
f 1221/2102/1221 1532/2106/1532 1222/4094/1222
f 1835/2597/1835 1961/3236/1961 2492/4095/2492
f 1835/3434/1835 1683/3917/1683 609/823/609
f 786/1052/786 364/482/364 714/961/714
f 786/1052/786 714/961/714 789/1056/789
f 2284/3404/2284 1481/4096/1481 2058/2985/2058
f 1485/2040/1485 2539/4097/2539 2454/3796/2454
f 1485/2040/1485 2454/3796/2454 2540/4098/2540
f 1485/2040/1485 2540/4098/2540 1486/2041/1486
f 1485/2040/1485 1487/2044/1487 2541/4099/2541
f 1009/2049/1009 1490/2047/1490 1012/4100/1012
f 1086/1469/1086 1134/1521/1134 1090/1470/1090
f 1086/1469/1086 1137/1524/1137 1134/1521/1134
f 1086/1463/1086 322/431/322 1137/4101/1137
f 1023/1379/1023 1667/2306/1667 468/634/468
f 2542/4102/2542 1359/1844/1359 396/530/396
f 2542/4102/2542 396/530/396 2377/3603/2377
f 2542/4102/2542 1437/1967/1437 1359/1844/1359
f 2542/4102/2542 2376/3602/2376 1437/1967/1437
f 2542/4102/2542 2377/3603/2377 2376/3602/2376
f 2110/4103/2110 591/796/591 2158/3157/2158
f 2110/4103/2110 2158/3157/2158 2157/4104/2157
f 2110/3068/2110 2111/3069/2111 2543/4105/2543
f 2110/4103/2110 2543/4106/2543 591/796/591
f 1645/2276/1645 2299/3445/2299 1646/2277/1646
f 1649/2280/1649 308/414/308 425/572/425
f 1649/2280/1649 1467/2011/1467 1813/2556/1813
f 1649/2280/1649 1813/2556/1813 308/414/308
f 1445/1975/1445 1446/1976/1446 2544/4107/2544
f 1445/1975/1445 2544/4107/2544 2205/3254/2205
f 1669/2308/1669 1670/2309/1670 1940/2779/1940
f 633/853/633 445/2031/445 1476/2027/1476
f 633/853/633 1476/2027/1476 1744/2420/1744
f 640/870/640 1257/3390/1257 641/871/641
f 640/870/640 1949/2790/1949 1257/3390/1257
f 640/870/640 638/868/638 1949/2790/1949
f 2541/4108/2541 2295/3440/2295 2454/4109/2454
f 2541/4108/2541 2545/4110/2545 2295/3440/2295
f 2541/4111/2541 1487/2042/1487 2545/4112/2545
f 813/1080/813 815/1084/815 1875/2677/1875
f 319/2512/319 244/321/244 2546/4113/2546
f 319/428/319 2546/4114/2546 320/429/320
f 1433/1959/1433 2409/3680/2409 1434/1960/1434
f 834/1108/834 1058/1425/1058 835/4115/835
f 834/1108/834 27/1966/27 1058/1425/1058
f 33/42/33 32/41/32 837/1117/837
f 38/3402/38 840/2953/840 488/658/488
f 495/668/495 2205/3258/2205 46/55/46
f 495/668/495 493/666/493 2205/3258/2205
f 2443/3769/2443 2547/4116/2547 109/143/109
f 2443/3769/2443 109/143/109 108/144/108
f 2443/3769/2443 2444/3768/2444 2547/4116/2547
f 2443/3766/2443 108/142/108 1929/2767/1929
f 1806/2544/1806 2548/4117/2548 2549/4118/2549
f 1806/4119/1806 2549/4120/2549 2485/3892/2485
f 1806/2544/1806 35/44/35 2550/4121/2550
f 1806/4119/1806 2485/3892/2485 1807/3891/1807
f 1806/2544/1806 2550/4121/2550 2548/4117/2548
f 2069/4122/2069 2551/4123/2551 2271/4124/2271
f 2069/4122/2069 166/220/166 2551/4123/2551
f 2069/4122/2069 2070/4125/2070 166/220/166
f 1050/3991/1050 755/1013/755 1051/2694/1051
f 1477/2028/1477 1715/3753/1715 1478/2029/1478
f 723/4126/723 726/4127/726 2172/4128/2172
f 723/4129/723 2172/3187/2172 1781/2490/1781
f 723/4129/723 1781/2490/1781 724/4130/724
f 1483/2675/1483 538/725/538 2552/4131/2552
f 1483/2037/1483 2552/4132/2552 1487/2042/1487
f 541/732/541 544/737/544 1875/2677/1875
f 1167/4133/1167 1170/4134/1170 749/1004/749
f 674/913/674 141/186/141 140/185/140
f 674/913/674 2183/3209/2183 141/186/141
f 318/427/318 2340/3526/2340 1584/4135/1584
f 2185/3214/2185 2186/3215/2186 2341/3527/2341
f 2185/3214/2185 328/437/328 759/1017/759
f 497/4136/497 2553/4137/2553 498/4138/498
f 392/525/392 502/683/502 393/526/393
f 2239/4139/2239 1829/2589/1829 1832/2592/1832
f 2239/4139/2239 1831/2591/1831 1707/2371/1707
f 2239/4139/2239 1832/2592/1832 1831/2591/1831
f 2043/2956/2043 519/704/519 2511/3970/2511
f 2043/2956/2043 606/820/606 605/819/605
f 2043/2956/2043 2045/2958/2045 519/704/519
f 2248/3345/2248 2440/3761/2440 1597/2200/1597
f 451/609/451 2381/4140/2381 797/1064/797
f 1930/2768/1930 1932/2770/1932 1314/4141/1314
f 975/1313/975 2301/3452/2301 976/1314/976
f 975/1313/975 329/3129/329 2301/3452/2301
f 2529/4059/2529 2347/4061/2347 2348/4142/2348
f 2529/4059/2529 2348/4142/2348 2554/4143/2554
f 2529/4059/2529 2554/4143/2554 2530/4060/2530
f 2016/2895/2016 2205/3258/2205 493/666/493
f 988/1331/988 433/585/433 434/586/434
f 988/1331/988 990/1333/990 2498/3937/2498
f 627/3454/627 2302/3453/2302 2406/4144/2406
f 627/847/627 2406/3671/2406 630/850/630
f 1827/2578/1827 1609/4145/1609 1608/2579/1608
f 1827/4146/1827 1826/4147/1826 2555/4148/2555
f 1827/2578/1827 2555/4149/2555 1609/4145/1609
f 1257/3390/1257 1258/4150/1258 641/871/641
f 1868/2664/1868 2368/4151/2368 2314/3470/2314
f 1868/2664/1868 1870/2666/1870 2368/4151/2368
f 1553/2134/1553 1012/4152/1012 1554/2135/1554
f 1148/4153/1148 1888/2703/1888 1149/4154/1149
f 1850/2628/1850 2504/4155/2504 1851/2629/1851
f 1850/2978/1850 2053/2977/2053 2504/3950/2504
f 584/786/584 2410/3681/2410 1991/4156/1991
f 1994/2858/1994 753/1010/753 754/1011/754
f 1994/2858/1994 754/1011/754 1995/4157/1995
f 600/809/600 1861/2653/1861 1860/2650/1860
f 600/809/600 599/808/599 1861/2653/1861
f 1543/2122/1543 1544/2123/1544 2526/4039/2526
f 2023/4158/2023 2556/4159/2556 1845/2616/1845
f 2023/2918/2023 1295/2434/1295 2556/4160/2556
f 2023/4158/2023 1845/2616/1845 1844/2615/1844
f 1956/2799/1956 1957/2801/1957 2347/4061/2347
f 2453/4161/2453 2557/4162/2557 2558/4163/2558
f 2453/4161/2453 2558/4163/2558 1386/4164/1386
f 2453/3794/2453 1386/1885/1386 1384/1883/1384
f 913/1230/913 1391/1890/1391 914/1231/914
f 917/1234/917 2249/3347/2249 2250/3349/2250
f 917/1234/917 919/1236/919 2559/4165/2559
f 917/1234/917 2250/3349/2250 2225/3300/2225
f 917/1234/917 2225/3300/2225 918/1235/918
f 917/1234/917 2559/4165/2559 2249/3347/2249
f 2466/3845/2466 2253/3817/2253 2458/3820/2458
f 2466/3845/2466 2458/3820/2458 2195/3919/2195
f 933/1256/933 2493/3923/2493 1817/2566/1817
f 1400/1904/1400 356/471/356 358/473/358
f 1400/1904/1400 1629/2249/1629 1401/1905/1401
f 1400/1904/1400 1404/1910/1404 356/471/356
f 57/3814/57 2345/3537/2345 61/2124/61
f 1415/4166/1415 161/213/161 1990/4167/1990
f 1415/1928/1415 2421/3713/2421 1416/1929/1416
f 2412/3693/2412 2560/4168/2560 2317/3474/2317
f 2412/3693/2412 2415/3689/2415 2560/4168/2560
f 946/1271/946 1794/2525/1794 1260/1702/1260
f 964/1296/964 1207/1628/1207 965/1297/965
f 964/1296/964 1208/1629/1208 1207/1628/1207
f 1856/2639/1856 2483/4169/2483 1102/1485/1102
f 1856/2639/1856 54/66/54 2483/4169/2483
f 1921/4170/1921 2487/4171/2487 1922/4172/1922
f 2335/3514/2335 1654/2286/1654 1124/1510/1124
f 2335/3514/2335 2561/4173/2561 2214/3268/2214
f 2335/3514/2335 1655/4174/1655 1654/2286/1654
f 2335/3514/2335 1124/1510/1124 2561/4173/2561
f 1580/2175/1580 1581/2177/1581 2319/3483/2319
f 94/124/94 91/115/91 776/1040/776
f 94/124/94 776/1040/776 2375/3601/2375
f 2238/3331/2238 102/1780/102 1308/1775/1308
f 2238/3331/2238 686/928/686 685/932/685
f 2238/3331/2238 1308/1775/1308 686/928/686
f 1940/2779/1940 1670/2309/1670 990/1333/990
f 1382/1880/1382 2351/3544/2351 1957/3540/1957
f 2490/4175/2490 1975/4176/1975 1190/1599/1190
f 2490/3904/2490 2562/4177/2562 1975/4178/1975
f 2490/3904/2490 2434/3739/2434 2562/4177/2562
f 2490/3904/2490 2053/2977/2053 2434/3739/2434
f 26/33/26 1452/1982/1452 28/35/28
f 725/976/725 724/975/724 2563/4179/2563
f 725/976/725 2563/4179/2563 2462/3838/2462
f 565/763/565 1550/2130/1550 566/764/566
f 565/763/565 2296/4180/2296 1550/2130/1550
f 167/221/167 166/220/166 2070/4125/2070
f 167/1934/167 2070/3002/2070 1418/1935/1418
f 509/690/509 2208/3869/2208 2142/3126/2142
f 509/690/509 442/2370/442 2208/3869/2208
f 509/690/509 2142/3126/2142 1620/2234/1620
f 908/4181/908 1709/2373/1709 909/3480/909
f 908/4181/908 1710/2374/1710 1709/2373/1709
f 908/4181/908 907/4182/907 1710/2374/1710
f 2476/4183/2476 1478/2029/1478 1715/3753/1715
f 2476/4184/2476 2304/3457/2304 1478/2030/1478
f 2476/3875/2476 2074/3009/2074 2075/3011/2075
f 2476/4184/2476 2075/4185/2075 2304/3457/2304
f 2119/3087/2119 919/1241/919 921/1239/921
f 2119/3087/2119 1720/2384/1720 2559/4186/2559
f 2119/3087/2119 2559/4186/2559 919/1241/919
f 489/660/489 1269/1713/1269 1036/1396/1036
f 489/660/489 1036/1396/1036 490/661/490
f 489/660/489 661/896/661 1269/1713/1269
f 2235/3322/2235 1245/1685/1245 1987/2850/1987
f 2235/3322/2235 2506/4187/2506 2236/3323/2236
f 2235/3322/2235 1987/2850/1987 2288/3414/2288
f 2235/3322/2235 2288/3414/2288 2506/4187/2506
f 610/825/610 612/828/612 2388/3636/2388
f 610/825/610 2526/4039/2526 2130/4188/2130
f 610/825/610 2130/4188/2130 2128/4189/2128
f 610/825/610 2388/3636/2388 2526/4039/2526
f 610/825/610 2128/4189/2128 611/826/611
f 1799/2531/1799 123/163/123 122/162/122
f 1799/2534/1799 2131/3100/2131 123/3030/123
f 1799/2534/1799 1798/2529/1798 2131/3100/2131
f 1799/2531/1799 122/162/122 999/1346/999
f 1804/2539/1804 1732/2405/1732 1733/2407/1733
f 1804/2539/1804 1396/1898/1396 1732/2405/1732
f 2564/4190/2564 2431/4191/2431 2553/4137/2553
f 2564/4190/2564 2565/4192/2565 2431/4191/2431
f 2564/4190/2564 2566/4193/2566 2565/4192/2565
f 2139/3118/2139 2536/4088/2536 2312/3468/2312
f 2139/3118/2139 2312/3468/2312 1216/1637/1216
f 2139/3118/2139 1996/3122/1996 2536/4088/2536
f 2472/3861/2472 2305/3460/2305 2169/3183/2169
f 2472/3861/2472 1588/3862/1588 1745/2423/1745
f 2472/3861/2472 1744/2422/1744 2305/3460/2305
f 2472/3861/2472 1745/2423/1745 1744/2422/1744
f 2423/3715/2423 154/3962/154 2424/3716/2424
f 159/211/159 162/215/162 2408/3678/2408
f 2463/4194/2463 883/3592/883 573/775/573
f 2463/4194/2463 570/774/570 1414/4195/1414
f 2463/4194/2463 573/775/573 570/774/570
f 2373/3594/2373 2374/3595/2374 2102/4083/2102
f 1261/1704/1261 2384/4196/2384 1241/1680/1241
f 1261/1704/1261 1241/1680/1241 1239/1677/1239
f 1261/1706/1261 1262/1705/1262 2384/3624/2384
f 1261/1704/1261 1239/1677/1239 942/1273/942
f 299/399/299 2516/4000/2516 1094/3597/1094
f 2531/4062/2531 405/548/405 2357/3563/2357
f 2531/4062/2531 2357/3563/2357 1041/1403/1041
f 2531/4062/2531 1041/1403/1041 2567/4197/2567
f 2568/4198/2568 2545/4112/2545 2420/3706/2420
f 2568/4199/2568 2296/4180/2296 2545/4200/2545
f 2568/4199/2568 1486/4201/1486 2540/4202/2540
f 2568/4199/2568 2540/4202/2540 2569/4203/2569
f 2568/4198/2568 2420/3706/2420 1486/3705/1486
f 2568/4199/2568 2569/4203/2569 2296/4180/2296
f 2031/2938/2031 2115/3077/2115 2033/2939/2033
f 2556/4204/2556 1295/4205/1295 1294/4206/1294
f 2556/4207/2556 1294/4053/1294 1845/4208/1845
f 2570/4209/2570 2263/3372/2263 1131/4210/1131
f 2570/4209/2570 2302/4211/2302 2263/3372/2263
f 2570/4212/2570 1130/1517/1130 2406/3670/2406
f 2570/4209/2570 1131/4210/1131 1130/4213/1130
f 2570/4209/2570 2406/4214/2406 2302/4211/2302
f 2448/3780/2448 2364/3578/2364 1586/2182/1586
f 2448/4215/2448 2169/3183/2169 2168/3182/2168
f 2126/3094/2126 2125/3093/2125 2171/3185/2171
f 356/471/356 106/139/106 107/141/107
f 356/471/356 107/141/107 357/472/357
f 356/471/356 1404/1910/1404 106/139/106
f 1182/1587/1182 1595/3099/1595 1598/4216/1598
f 1182/1588/1182 1598/4217/1598 2216/3277/2216
f 1183/1591/1183 2082/3031/2082 1184/1592/1184
f 1183/1594/1183 2083/3029/2083 2082/3028/2082
f 1183/1594/1183 121/161/121 2083/3029/2083
f 1771/2475/1771 1772/2476/1772 2086/3034/2086
f 2273/4218/2273 2019/4219/2019 951/1279/951
f 2273/3383/2273 951/4220/951 2310/3824/2310
f 146/192/146 2473/4221/2473 147/193/147
f 146/192/146 2219/4031/2219 2473/4221/2473
f 2419/3702/2419 2402/3659/2402 1276/1723/1276
f 2419/3702/2419 2407/4047/2407 2291/3427/2291
f 211/3524/211 1045/1409/1045 215/4222/215
f 2445/3772/2445 2414/3692/2414 2413/3691/2413
f 2445/3770/2445 1540/2118/1540 1539/2116/1539
f 2445/3770/2445 2413/4223/2413 1540/2118/1540
f 821/1091/821 147/193/147 822/1092/822
f 821/1091/821 818/1088/818 2571/4224/2571
f 821/1091/821 2571/4224/2571 2151/4225/2151
f 821/1091/821 2151/4225/2151 147/193/147
f 1322/1795/1322 1323/1796/1323 327/436/327
f 791/1058/791 1038/1401/1038 1034/1393/1034
f 791/1058/791 1034/1393/1034 792/1059/792
f 147/193/147 2473/4221/2473 822/1092/822
f 147/193/147 2151/4225/2151 148/194/148
f 2470/3857/2470 915/1232/915 2261/3365/2261
f 2470/4226/2470 1574/2164/1574 2425/4227/2425
f 2470/4226/2470 2261/3364/2261 1574/2164/1574
f 1895/2715/1895 2391/3639/2391 918/1235/918
f 2252/3351/2252 1947/4228/1947 1560/2146/1560
f 2252/3646/2252 1948/2788/1948 1947/2787/1947
f 2197/3981/2197 2534/4084/2534 2198/4229/2198
f 2197/3981/2197 250/327/250 2534/4084/2534
f 537/723/537 538/725/538 1403/1908/1403
f 537/723/537 1403/1908/1403 1402/1907/1402
f 1112/4230/1112 1111/3620/1111 1723/2391/1723
f 1112/4230/1112 1722/2390/1722 662/4231/662
f 1112/4230/1112 1723/2391/1723 1722/2390/1722
f 1877/2681/1877 1601/2204/1601 2433/3737/2433
f 1877/2681/1877 2433/3737/2433 1411/1920/1411
f 2385/3625/2385 2572/4232/2572 2518/4002/2518
f 2385/3625/2385 1198/1613/1198 2572/4232/2572
f 553/747/553 1051/2694/1051 755/1013/755
f 969/1737/969 411/3567/411 2178/3196/2178
f 1446/1976/1446 47/4233/47 2544/4107/2544
f 1446/3506/1446 2331/3508/2331 47/56/47
f 2088/3036/2088 1824/2574/1824 1822/2571/1822
f 935/3618/935 1875/2677/1875 815/1084/815
f 1018/1374/1018 1610/2215/1610 1907/2734/1907
f 1018/1374/1018 1015/1371/1015 1610/2215/1610
f 1018/1374/1018 1907/2734/1907 1906/2733/1906
f 1910/2738/1910 2216/3277/2216 1911/2739/1911
f 1359/1844/1359 398/537/398 396/530/396
f 2573/4234/2573 2300/3446/2300 2574/4235/2574
f 1782/2491/1782 2176/3197/2176 648/982/648
f 1782/2491/1782 648/982/648 730/981/730
f 2503/3997/2503 1852/2630/1852 1851/2629/1851
f 2503/4236/2503 1492/3198/1492 1075/1446/1075
f 2503/3997/2503 1851/2629/1851 2504/4155/2504
f 2180/3201/2180 1599/4050/1599 1602/4237/1602
f 2180/3201/2180 1602/4237/1602 350/462/350
f 585/789/585 749/1004/749 1170/4134/1170
f 585/789/585 1170/4134/1170 586/790/586
f 1995/2861/1995 754/4238/754 1510/2074/1510
f 1995/2861/1995 1510/2074/1510 1509/2073/1509
f 1518/2876/1518 328/437/328 325/434/325
f 2431/3735/2431 498/671/498 2553/4239/2553
f 393/526/393 502/683/502 505/682/505
f 2575/4240/2575 2190/3230/2190 2192/3233/2192
f 2575/4241/2575 1533/2107/1533 1529/2103/1529
f 2575/4241/2575 2192/3234/2192 2191/3232/2191
f 2575/4241/2575 2191/3232/2191 1533/2107/1533
f 2575/4240/2575 1529/3964/1529 2190/3230/2190
f 2509/3966/2509 180/242/180 181/245/181
f 2509/3966/2509 1934/2772/1934 180/242/180
f 1961/2810/1961 1962/2809/1962 2492/3916/2492
f 1066/4242/1066 1547/2127/1547 1837/3240/1837
f 1066/4242/1066 1065/4243/1065 1547/2127/1547
f 798/4244/798 126/166/126 799/1700/799
f 798/4244/798 2562/4245/2562 129/169/129
f 798/4244/798 801/2829/801 2562/4245/2562
f 798/4244/798 129/169/129 126/166/126
f 262/350/262 266/349/266 2576/4246/2576
f 262/350/262 2576/4246/2576 1600/2203/1600
f 818/1830/818 1348/1829/1348 2297/3442/2297
f 818/1830/818 2297/3442/2297 2571/4247/2571
f 1653/4248/1653 672/4249/672 2290/4250/2290
f 591/796/591 589/794/589 2158/3157/2158
f 591/4251/591 2543/4252/2543 592/802/592
f 2359/3569/2359 2523/4018/2523 1787/2503/1787
f 2359/3569/2359 2035/2942/2035 2523/4018/2523
f 2359/3569/2359 2360/3570/2360 2035/2942/2035
f 2268/4078/2268 1931/4253/1931 1313/1783/1313
f 2268/3375/2268 1932/3377/1932 1931/4254/1931
f 264/351/264 1474/2022/1474 2164/4255/2164
f 264/347/264 2164/3175/2164 265/348/265
f 264/351/264 263/345/263 1474/2022/1474
f 896/1207/896 895/1206/895 2515/3993/2515
f 1178/1582/1178 849/1138/849 848/1137/848
f 2396/4256/2396 2397/4257/2397 1911/2739/1911
f 2396/3650/2396 1598/2201/1598 1594/2197/1594
f 2396/4256/2396 1911/2739/1911 2216/3277/2216
f 2396/3650/2396 2216/4258/2216 1598/2201/1598
f 119/1343/119 1185/1593/1185 998/1344/998
f 18/24/18 531/716/531 21/27/21
f 2536/4088/2536 1507/2069/1507 2312/3468/2312
f 958/1288/958 1204/3115/1204 963/1293/963
f 2242/3337/2242 1275/4048/1275 1617/2229/1617
f 2263/3372/2263 2302/4211/2302 2537/4259/2537
f 2263/3372/2263 549/3371/549 1131/4210/1131
f 2263/3372/2263 2537/4259/2537 1741/4260/1741
f 172/233/172 175/232/175 1531/2105/1531
f 180/242/180 1934/2772/1934 2270/3378/2270
f 194/4034/194 1760/2458/1760 1231/1666/1231
f 1497/2057/1497 2437/3755/2437 2147/3137/2147
f 2148/3140/2148 2149/3139/2149 1447/4261/1447
f 2148/3138/2148 2362/3575/2362 744/996/744
f 2148/4262/2148 1447/1977/1447 1444/1974/1444
f 2148/4262/2148 1444/1974/1444 2362/3573/2362
f 1953/2795/1953 1952/2794/1952 1242/4263/1242
f 1953/4264/1953 2096/3053/2096 1792/2519/1792
f 1953/4264/1953 1242/1681/1242 2096/3053/2096
f 1794/2525/1794 2383/3622/2383 1260/1702/1260
f 1794/4265/1794 1795/2970/1795 629/849/629
f 999/1346/999 997/1347/997 1800/2532/1800
f 2106/3327/2106 962/1292/962 2107/4266/2107
f 1263/1707/1263 1265/1709/1265 2329/3504/2329
f 1269/1713/1269 421/568/421 420/567/420
f 1269/1713/1269 1039/1400/1039 1036/1396/1036
f 1269/1713/1269 661/896/661 421/568/421
f 2113/3073/2113 538/728/538 534/727/534
f 2113/3073/2113 1283/1742/1283 2420/3709/2420
f 2113/3073/2113 2420/3709/2420 2552/4267/2552
f 2113/3073/2113 534/727/534 1980/2838/1980
f 2113/3073/2113 2552/4267/2552 538/728/538
f 2200/3248/2200 1784/2495/1784 1225/3720/1225
f 67/83/67 1787/2504/1787 2523/4017/2523
f 2425/4227/2425 1574/2164/1574 1573/2163/1573
f 1344/1821/1344 1121/1507/1121 78/99/78
f 1344/1821/1344 2214/3268/2214 2561/4173/2561
f 1344/1821/1344 2561/4173/2561 1121/1507/1121
f 1298/1764/1298 1581/2177/1581 1582/2178/1582
f 1298/1764/1298 1582/2178/1582 1299/1765/1299
f 1298/1764/1298 2521/4016/2521 1581/2177/1581
f 2001/2868/2001 2122/3090/2122 5/6/5
f 2125/3093/2125 1309/1777/1309 2171/3185/2171
f 2125/3093/2125 2429/3733/2429 1310/1778/1310
f 2125/3093/2125 1310/1778/1310 1309/1777/1309
f 2400/3656/2400 1540/4268/1540 2413/3685/2413
f 681/922/681 680/921/680 1052/1417/1052
f 1708/2372/1708 2318/3479/2318 1709/2373/1709
f 1959/2808/1959 2073/3007/2073 331/440/331
f 2477/4063/2477 2249/3347/2249 2559/4165/2559
f 2477/3876/2477 2559/4186/2559 1720/2384/1720
f 793/1060/793 792/1059/792 1810/2548/1810
f 1737/2412/1737 1375/1870/1375 1820/4269/1820
f 309/415/309 310/417/310 1207/1628/1207
f 215/284/215 1280/1731/1280 216/286/216
f 2577/4270/2577 2578/4271/2578 1566/4272/1566
f 2577/4273/2577 1566/4274/1566 2579/4275/2579
f 519/704/519 520/703/520 2511/3970/2511
f 1789/2510/1789 938/1261/938 937/1260/937
f 1789/2510/1789 937/1260/937 2446/3775/2446
f 1789/2510/1789 2446/3775/2446 2525/4081/2525
f 2243/3582/2243 1342/1818/1342 1341/1817/1341
f 260/340/260 1331/1805/1331 623/842/623
f 260/340/260 2580/4276/2580 2370/3589/2370
f 260/340/260 2370/3589/2370 1331/1805/1331
f 260/340/260 255/342/255 2580/4276/2580
f 1843/2612/1843 263/345/263 1844/2613/1844
f 1843/2612/1843 1671/2310/1671 263/345/263
f 1843/2612/1843 1250/2312/1250 1671/2310/1671
f 2052/2975/2052 863/4277/863 699/4278/699
f 2052/4279/2052 904/1216/904 900/1218/900
f 2052/2975/2052 1673/2316/1673 863/4277/863
f 2052/4279/2052 699/4280/699 904/1216/904
f 612/829/612 609/823/609 1683/3917/1683
f 616/833/616 481/651/481 482/652/482
f 616/833/616 482/652/482 976/1314/976
f 616/833/616 619/836/619 481/651/481
f 1177/1578/1177 1173/1574/1173 1855/2638/1855
f 1226/1658/1226 1225/1651/1225 1784/4281/1784
f 1121/1507/1121 2561/4173/2561 1124/1510/1124
f 1581/2177/1581 2521/4016/2521 2319/3483/2319
f 2314/4282/2314 2368/3586/2368 2580/4276/2580
f 2314/4283/2314 2580/4284/2580 2581/4285/2581
f 2314/3470/2314 2581/4286/2581 1867/2663/1867
f 1871/2668/1871 571/773/571 572/772/572
f 276/4287/276 2026/4288/2026 277/4289/277
f 2582/4290/2582 1893/2713/1893 228/301/228
f 2582/4290/2582 2583/4291/2583 1893/2713/1893
f 2582/4292/2582 2054/4293/2054 2583/4294/2583
f 2582/4292/2582 228/302/228 226/299/226
f 2582/4292/2582 226/299/226 2054/4293/2054
f 293/388/293 2329/3505/2329 1109/3170/1109
f 1099/1482/1099 2584/4295/2584 2517/4001/2517
f 1099/1482/1099 2469/3853/2469 2584/4295/2584
f 822/1092/822 2473/4221/2473 2209/3396/2209
f 2186/3215/2186 2071/3004/2071 1622/2239/1622
f 2073/3007/2073 330/439/330 331/440/331
f 2073/3010/2073 2074/3009/2074 1059/1428/1059
f 2073/3010/2073 1059/1428/1059 330/1427/330
f 358/474/358 355/469/355 2494/3924/2494
f 2345/3537/2345 1355/3816/1355 363/481/363
f 1412/1922/1412 1414/1925/1414 570/3547/570
f 132/172/132 385/514/385 384/513/384
f 775/1039/775 1944/2783/1944 1946/2786/1946
f 1169/1571/1169 2585/4296/2585 586/4297/586
f 1169/1571/1169 2354/3558/2354 2585/4296/2585
f 1169/1571/1169 1168/1570/1168 2354/3558/2354
f 1169/1571/1169 586/4297/586 1170/4298/1170
f 997/3911/997 2491/3910/2491 2464/3843/2464
f 997/3911/997 2464/3843/2464 1800/3842/1800
f 2323/4299/2323 2586/4300/2586 1258/4150/1258
f 2323/3492/2323 1258/1698/1258 1259/1701/1259
f 2323/3492/2323 1156/1553/1156 2586/4301/2586
f 1391/1890/1391 1390/1889/1390 914/1231/914
f 979/1318/979 1328/3251/1328 980/1319/980
f 2567/4302/2567 1041/1408/1041 986/4303/986
f 2547/4116/2547 1627/2246/1627 2283/3610/2283
f 2547/4116/2547 2283/3610/2283 2379/3609/2379
f 2547/4116/2547 2444/3768/2444 2535/4087/2535
f 2547/4116/2547 2535/4087/2535 1627/2246/1627
f 2547/4116/2547 2379/3609/2379 109/143/109
f 1028/1386/1028 2114/3076/2114 417/3078/417
f 2348/4142/2348 2350/4304/2350 2554/4143/2554
f 2551/4123/2551 166/220/166 165/219/165
f 2551/4123/2551 165/219/165 1955/2797/1955
f 2336/3515/2336 2215/3270/2215 2496/3930/2496
f 87/111/87 2278/3393/2278 88/112/88
f 87/111/87 2260/3363/2260 2278/3393/2278
f 87/111/87 1661/2296/1661 1632/2254/1632
f 2121/3089/2121 2587/4305/2587 1303/1769/1303
f 1307/1774/1307 1666/2305/1666 1308/1775/1308
f 1307/1774/1307 1310/4306/1310 1668/2307/1668
f 2281/3399/2281 2390/4307/2390 113/148/113
f 1732/2405/1732 1396/1898/1396 929/4308/929
f 1823/4309/1823 2363/4310/2363 993/4311/993
f 148/195/148 2152/3143/2152 149/196/149
f 1885/4312/1885 2474/3871/2474 2588/4313/2588
f 1885/2699/1885 1884/2697/1884 2474/3888/2474
f 1885/4312/1885 2588/4313/2588 2193/4314/2193
f 1550/2130/1550 2296/4180/2296 2569/4203/2569
f 1550/2130/1550 2540/4202/2540 1551/2131/1551
f 1550/2130/1550 2569/4203/2569 2540/4202/2540
f 1463/2006/1463 2572/4315/2572 504/4316/504
f 1463/2006/1463 1465/2009/1465 2518/4317/2518
f 1463/2006/1463 2518/4317/2518 2572/4315/2572
f 1463/2006/1463 504/4316/504 503/2007/503
f 1362/4318/1362 1062/4319/1062 1061/4320/1061
f 1362/4318/1362 1061/4320/1061 549/3371/549
f 1362/1849/1362 548/1009/548 1363/1850/1363
f 1362/4318/1362 549/3371/549 548/4321/548
f 197/261/197 2437/3755/2437 2438/3756/2438
f 197/261/197 2147/3137/2147 2437/3755/2437
f 197/261/197 2438/3756/2438 198/262/198
f 1240/1678/1240 1238/1679/1238 208/274/208
f 1240/1678/1240 203/267/203 2149/3139/2149
f 1240/1678/1240 208/274/208 203/267/203
f 2295/3440/2295 2545/4110/2545 2296/3441/2296
f 593/799/593 1718/2382/1718 594/800/594
f 854/1144/854 617/834/617 1321/3935/1321
f 2302/4211/2302 2303/4322/2303 2537/4259/2537
f 2305/3458/2305 1744/2420/1744 1476/2027/1476
f 1340/2914/1340 1902/2723/1902 1590/4323/1590
f 2259/3362/2259 2279/3394/2279 2260/3363/2260
f 2259/3362/2259 2146/3136/2146 2145/3784/2145
f 2259/4324/2259 2452/3790/2452 2279/3395/2279
f 1648/2279/1648 1647/2278/1647 2589/4325/2589
f 377/501/377 1772/2476/1772 1770/2474/1770
f 377/501/377 379/505/379 1772/2476/1772
f 589/794/589 1883/2690/1883 1881/2688/1881
f 589/794/589 1881/2688/1881 2158/3157/2158
f 1710/4326/1710 907/4327/907 2138/4328/2138
f 1710/4329/1710 2138/3116/2138 684/4330/684
f 1374/1869/1374 1371/1866/1371 2418/3700/2418
f 1374/1869/1374 1820/4269/1820 1375/1870/1375
f 1374/4331/1374 2418/3698/2418 1820/2569/1820
f 1663/2300/1663 1662/2299/1662 552/745/552
f 863/1163/863 700/944/700 699/943/699
f 863/4277/863 1673/2316/1673 864/2317/864
f 1385/1884/1385 1386/1885/1386 2590/4332/2590
f 1385/1884/1385 2591/4333/2591 1097/1480/1097
f 1985/2845/1985 542/2846/542 1232/1667/1232
f 2009/2882/2009 2395/3648/2395 2011/2884/2011
f 726/4334/726 2173/3188/2173 2172/3187/2172
f 463/2923/463 1349/1832/1349 820/1090/820
f 476/644/476 711/3837/711 846/1131/846
f 476/644/476 475/643/475 711/3837/711
f 34/43/34 2548/4117/2548 2550/4121/2550
f 34/43/34 2550/4121/2550 35/44/35
f 41/3166/41 2037/3165/2037 42/4335/42
f 47/56/47 2331/3508/2331 48/57/48
f 47/56/47 46/55/46 2544/4336/2544
f 1952/2794/1952 383/3218/383 1242/4263/1242
f 2224/3298/2224 1305/3299/1305 2587/4337/2587
f 2545/4112/2545 1487/2042/1487 2552/4132/2552
f 2545/4112/2545 2552/4132/2552 2420/3706/2420
f 1490/4338/1490 1677/4339/1677 1554/2135/1554
f 1490/4338/1490 1554/2135/1554 1012/4152/1012
f 1738/2414/1738 134/176/134 770/1033/770
f 1738/2414/1738 770/1033/770 769/1032/769
f 2264/3368/2264 2311/3467/2311 2265/3369/2265
f 559/4340/559 2095/3052/2095 561/1946/561
f 2064/2998/2064 1699/2352/1699 1698/2351/1698
f 2064/2998/2064 2067/2997/2067 1699/2352/1699
f 178/2448/178 1757/2445/1757 181/3747/181
f 198/262/198 2438/3756/2438 2234/3319/2234
f 2321/3487/2321 1316/1787/1316 2007/2879/2007
f 1975/4176/1975 1976/3822/1976 1191/1600/1191
f 1975/4176/1975 1191/1600/1191 1190/1599/1190
f 1975/2828/1975 2562/4245/2562 801/2829/801
f 133/175/133 770/1033/770 134/176/134
f 153/202/153 152/204/152 1758/4341/1758
f 153/4075/153 2533/4074/2533 2424/3716/2424
f 153/4075/153 2424/3716/2424 154/3962/154
f 2011/2884/2011 2395/3648/2395 2333/3510/2333
f 1090/1470/1090 2364/3578/2364 2375/3600/2375
f 1090/1470/1090 1134/1521/1134 2049/2965/2049
f 1090/1470/1090 2049/2965/2049 2364/3578/2364
f 1666/2305/1666 686/928/686 1308/1775/1308
f 1666/2305/1666 687/929/687 686/928/686
f 1329/4342/1329 2563/4179/2563 724/975/724
f 1815/3782/1815 649/879/649 2176/3193/2176
f 655/4343/655 656/888/656 2450/3789/2450
f 1188/1597/1188 2086/3034/2086 1772/2476/1772
f 1188/1597/1188 1772/2476/1772 379/505/379
f 1604/2207/1604 432/4344/432 1605/2208/1605
f 1604/4345/1604 2514/3988/2514 432/584/432
f 1136/2732/1136 321/3998/321 1906/2733/1906
f 1136/4346/1136 1137/4101/1137 322/431/322
f 1136/4346/1136 322/431/322 321/430/321
f 2092/3042/2092 2093/3559/2093 1613/2221/1613
f 2092/3042/2092 1611/2220/1611 2210/3263/2210
f 2092/3042/2092 1613/2221/1613 1611/2220/1611
f 1990/4167/1990 1213/1634/1213 1212/1633/1212
f 1990/4167/1990 161/213/161 1213/1634/1213
f 2592/4347/2592 2560/4168/2560 2499/3942/2499
f 2592/4347/2592 2140/4348/2140 2316/3473/2316
f 2592/4347/2592 2316/3473/2316 2560/4168/2560
f 2592/4347/2592 1997/2863/1997 2140/4348/2140
f 2592/4347/2592 2499/3942/2499 1997/2863/1997
f 1634/2295/1634 1632/2254/1632 1661/2296/1661
f 345/455/345 347/457/347 2505/3951/2505
f 2149/3139/2149 203/267/203 1840/2609/1840
f 2149/3139/2149 1840/2609/1840 1447/4261/1447
f 2368/3586/2368 2370/3589/2370 2580/4276/2580
f 266/349/266 265/348/265 2163/3174/2163
f 266/349/266 2163/3174/2163 2576/4246/2576
f 1609/4349/1609 2555/4148/2555 1610/2215/1610
f 2374/3595/2374 2103/4350/2103 2102/4083/2102
f 2210/3264/2210 1611/2217/1611 981/1321/981
f 2210/3264/2210 981/1321/981 525/710/525
f 2402/3659/2402 2403/3665/2403 1277/1724/1277
f 2402/3659/2402 1277/1724/1277 1276/1723/1276
f 552/749/552 1893/2713/1893 554/750/554
f 552/749/552 517/698/517 1892/2712/1892
f 1309/1777/1309 2174/3190/2174 2171/3185/2171
f 1309/1777/1309 101/132/101 2174/3190/2174
f 2539/4097/2539 2065/2995/2065 2454/3796/2454
f 2539/4097/2539 2066/2996/2066 2065/2995/2065
f 1160/1558/1160 1159/1557/1159 2417/3695/2417
f 2262/3366/2262 748/3957/748 1211/1632/1211
f 2363/4351/2363 236/311/236 993/1336/993
f 2482/3887/2482 1588/2186/1588 1054/1419/1054
f 2482/3887/2482 1745/2425/1745 1588/2186/1588
f 2482/3887/2482 1052/1417/1052 2137/3111/2137
f 2482/3887/2482 1054/1419/1054 1052/1417/1052
f 2474/3871/2474 2475/3872/2475 2588/4313/2588
f 1702/4352/1702 2187/3222/2187 1304/4353/1304
f 1702/4352/1702 2316/4354/2316 2187/3222/2187
f 2393/3644/2393 2255/3355/2255 2254/3354/2254
f 797/1064/797 2394/3808/2394 800/1067/800
f 797/4355/797 2381/3615/2381 2394/3647/2394
f 1563/3617/1563 2231/3311/2231 2257/3360/2257
f 1563/3617/1563 2257/3360/2257 1004/2724/1004
f 2277/3392/2277 2279/3395/2279 2452/3790/2452
f 1017/4356/1017 1513/2078/1513 1019/3626/1019
f 1017/4356/1017 2546/4357/2546 1513/2078/1513
f 1017/4358/1017 320/429/320 2546/4114/2546
f 838/1118/838 837/1117/837 32/41/32
f 2205/3254/2205 2544/4107/2544 46/4359/46
f 2349/4042/2349 2530/4060/2530 2350/4304/2350
f 427/575/427 1465/4003/1465 429/577/429
f 381/507/381 950/1278/950 2581/4286/2581
f 381/507/381 2581/4286/2581 382/508/382
f 2304/3457/2304 2075/4185/2075 2167/3459/2167
f 2172/3187/2172 2174/3189/2174 1781/2490/1781
f 1302/1768/1302 8/10/8 7/8/7
f 1185/1593/1185 2131/3100/2131 998/1344/998
f 1962/2809/1962 331/440/331 332/441/332
f 1962/2809/1962 332/441/332 2492/3916/2492
f 1722/2390/1722 1721/2389/1721 2285/4360/2285
f 1722/4361/1722 2285/4362/2285 662/4363/662
f 2560/4168/2560 2315/3472/2315 2317/3474/2317
f 2560/4168/2560 2316/3473/2316 2315/3472/2315
f 2560/4168/2560 2415/3689/2415 2499/3942/2499
f 678/919/678 285/2692/285 2107/4364/2107
f 678/919/678 2107/4364/2107 962/3419/962
f 1140/3428/1140 2291/3427/2291 2407/4047/2407
f 615/832/615 2301/3452/2301 1323/4365/1323
f 615/832/615 1321/3935/1321 617/834/617
f 615/832/615 1323/4365/1323 1321/3935/1321
f 2530/4060/2530 2554/4143/2554 2350/4304/2350
f 2018/2902/2018 1334/1808/1334 1195/1607/1195
f 2018/2902/2018 624/843/624 1334/1808/1334
f 2018/2902/2018 1195/1607/1195 2019/2903/2019
f 642/872/642 2155/3146/2155 2154/3145/2154
f 642/872/642 2586/4300/2586 2155/3146/2155
f 642/872/642 641/871/641 2586/4300/2586
f 807/1074/807 2027/2931/2027 809/1076/809
f 1980/2838/1980 534/727/534 1983/2842/1983
f 2414/3773/2414 59/71/59 1836/4366/1836
f 1234/1670/1234 200/264/200 2500/3945/2500
f 1234/1670/1234 2500/3945/2500 1365/1854/1365
f 1316/1790/1316 2332/3509/2332 2007/3649/2007
f 1316/1790/1316 1315/1786/1315 2332/3509/2332
f 855/1147/855 1834/2596/1834 2270/3378/2270
f 2467/3849/2467 1097/1480/1097 2591/4333/2591
f 2019/4219/2019 1195/1606/1195 951/1279/951
f 878/2906/878 2164/4367/2164 1473/2020/1473
f 2369/3588/2369 1331/1805/1331 2370/3589/2370
f 2369/3588/2369 1869/3103/1869 1332/1806/1332
f 2369/3588/2369 1332/1806/1332 1331/1805/1331
f 1416/3151/1416 2421/4368/2421 2156/3152/2156
f 2033/2939/2033 2115/3077/2115 2157/3155/2157
f 1859/2648/1859 2037/2944/2037 1860/4369/1860
f 1371/1866/1371 768/1031/768 767/1030/767
f 1530/2104/1530 1533/2107/1533 2191/3232/2191
f 520/4029/520 1873/2670/1873 2511/3972/2511
f 1965/3605/1965 2077/3014/2077 1915/2745/1915
f 1991/4156/1991 2410/3681/2410 2421/4368/2421
f 2000/4071/2000 2097/3054/2097 1421/1941/1421
f 2004/2873/2004 2533/4077/2533 763/2874/763
f 2004/3717/2004 2424/3716/2424 2533/4074/2533
f 376/499/376 1677/4339/1677 378/4370/378
f 376/499/376 1554/2135/1554 1677/4339/1677
f 1667/2306/1667 1435/1962/1435 468/634/468
f 396/530/396 1780/2742/1780 2377/3603/2377
f 592/802/592 2543/4252/2543 2478/3877/2478
f 2300/3446/2300 2299/3445/2299 2574/4235/2574
f 1627/2246/1627 2535/4087/2535 1628/2247/1628
f 1947/4228/1947 1561/2147/1561 1560/2146/1560
f 653/887/653 1427/1950/1427 656/888/656
f 1721/2389/1721 2505/3952/2505 2285/4360/2285
f 2506/4371/2506 2384/3624/2384 2236/3623/2236
f 2506/3953/2506 1241/1680/1241 2384/4196/2384
f 2506/3953/2506 2288/3410/2288 2479/3879/2479
f 1193/1604/1193 1504/2066/1504 1194/1605/1194
f 2137/3111/2137 1052/1417/1052 680/921/680
f 694/938/694 695/939/695 2538/4093/2538
f 694/938/694 2538/4093/2538 2303/3455/2303
f 175/232/175 174/234/174 1532/2106/1532
f 175/232/175 1532/2106/1532 1531/2105/1531
f 2558/4163/2558 2593/4372/2593 1386/4164/1386
f 227/300/227 224/303/224 2045/2958/2045
f 1729/2400/1729 2227/3302/2227 1730/2401/1730
f 926/1248/926 718/1249/718 1788/3752/1788
f 2276/3388/2276 2491/3910/2491 2442/3765/2442
f 2276/3388/2276 1255/1695/1255 2491/3910/2491
f 2155/4373/2155 2586/4301/2586 1156/1553/1156
f 2155/4373/2155 1156/1553/1156 1155/1552/1155
f 554/750/554 1893/2713/1893 2583/4291/2583
f 554/750/554 2583/4291/2583 281/370/281
f 2229/3307/2229 2230/3309/2230 2330/3507/2330
f 752/1008/752 1363/1850/1363 548/1009/548
f 75/94/75 72/90/72 1305/3299/1305
f 2525/4023/2525 2446/4374/2446 812/4024/812
f 99/131/99 2174/3190/2174 101/132/101
f 99/128/99 1781/2490/1781 2174/3189/2174
f 107/141/107 109/143/109 2379/3609/2379
f 107/141/107 2379/3609/2379 357/472/357
f 715/4375/715 1078/3025/1078 716/4376/716
f 715/4375/715 828/1101/828 1078/3025/1078
f 954/2484/954 2135/3109/2135 955/3108/955
f 2491/3910/2491 1255/1695/1255 2464/3843/2464
f 475/643/475 2456/3801/2456 2343/3536/2343
f 1668/4054/1668 1310/1778/1310 2429/3733/2429
f 2383/3622/2383 1262/1705/1262 1260/1702/1260
f 1218/3223/1218 2187/3222/2187 2140/4377/2140
f 2153/3144/2153 2571/4247/2571 2297/3442/2297
f 2153/3144/2153 2151/3142/2151 2571/4247/2571
f 347/4378/347 2285/4360/2285 2505/3952/2505
f 2501/3947/2501 2344/3758/2344 2502/3948/2502
f 2501/3947/2501 2130/3098/2130 2439/3759/2439
f 2501/3947/2501 2439/3759/2439 2344/3758/2344
f 1595/3099/1595 1730/2401/1730 1596/3973/1596
f 950/1278/950 1867/2663/1867 2581/4286/2581
f 2572/4379/2572 505/685/505 504/680/504
f 2572/4379/2572 1198/4380/1198 505/685/505
f 960/3326/960 2377/3603/2377 1780/2742/1780
f 2095/3052/2095 1424/1947/1424 561/1946/561
f 2176/3193/2176 649/879/649 648/878/648
f 2450/3789/2450 656/888/656 1427/1950/1427
f 762/1021/762 1056/1422/1056 2071/3004/2071
f 1376/1871/1376 695/939/695 693/937/693
f 701/945/701 2162/3172/2162 865/1166/865
f 1565/4381/1565 2594/4382/2594 2579/4383/2579
f 1565/4381/1565 2579/4383/2579 1566/4384/1566
f 716/1892/716 1078/4385/1078 1077/1449/1077
f 1610/2215/1610 2555/4148/2555 2020/2910/2020
f 1610/2215/1610 2020/2910/2020 1907/2734/1907
f 1912/2740/1912 688/931/688 687/929/687
f 399/539/399 2585/4296/2585 400/540/400
f 399/539/399 586/4297/586 2585/4296/2585
f 487/657/487 64/2952/64 1113/4386/1113
f 2303/3455/2303 2538/4093/2538 2537/4387/2537
f 2167/3459/2167 2075/4185/2075 890/4388/890
f 2167/4389/2167 890/1199/890 889/1198/889
f 160/212/160 1213/1634/1213 161/213/161
f 503/679/503 501/684/501 1464/2658/1464
f 2208/3261/2208 442/594/442 441/593/441
f 2250/3349/2250 2226/3301/2226 2225/3300/2225
f 1983/2842/1983 534/727/534 2144/3133/2144
f 2395/3648/2395 2332/3509/2332 2333/3510/2333
f 2395/3648/2395 2007/3649/2007 2332/3509/2332
f 1108/4390/1108 2595/4391/2595 290/4392/290
f 1706/2366/1706 1277/1726/1277 2403/3864/2403
f 1898/2915/1898 1617/2229/1617 2230/4393/2230
f 1816/2563/1816 365/484/365 1354/3896/1354
f 1816/2563/1816 1354/3896/1354 2366/3584/2366
f 1816/2563/1816 2366/3584/2366 1339/1813/1339
f 2079/3019/2079 2535/4087/2535 2444/3768/2444
f 2036/2943/2036 2035/2942/2035 2360/3570/2360
f 2036/2943/2036 42/51/42 2037/2944/2037
f 1640/2266/1640 2462/3839/2462 2416/3694/2416
f 2339/3960/2339 1943/3213/1943 1053/1418/1053
f 2339/3960/2339 1430/4394/1430 1943/3213/1943
f 2344/3534/2344 2343/3536/2343 2502/4395/2502
f 372/495/372 1767/2470/1767 2015/3925/2015
f 2460/3829/2460 2459/3828/2459 2596/4396/2596
f 2585/4296/2585 2354/3558/2354 400/540/400
f 403/550/403 724/4130/724 1781/2490/1781
f 2586/4300/2586 641/871/641 1258/4150/1258
f 382/510/382 1242/1682/1242 383/511/383
f 382/510/382 2581/4285/2581 255/332/255
f 2163/3174/2163 2433/3737/2433 2576/4246/2576
f 284/379/284 2583/4294/2583 2054/4293/2054
f 284/374/284 2054/2979/2054 1449/1979/1449
f 284/379/284 281/378/281 2583/4294/2583
f 1547/2127/1547 1065/4243/1065 1971/4397/1971
f 1547/2127/1547 1971/4397/1971 297/396/297
f 365/4398/365 1355/1838/1355 1354/1837/1354
f 365/4398/365 363/4399/363 1355/1838/1355
f 2311/3467/2311 2312/3468/2312 1507/2069/1507
f 2140/4377/2140 2187/3222/2187 2316/4354/2316
f 200/264/200 199/263/199 2500/3945/2500
f 205/270/205 350/462/350 665/901/665
f 2097/3054/2097 3/3/3 693/937/693
f 2131/3100/2131 1798/2529/1798 998/1344/998
f 815/4400/815 812/4024/812 2446/4374/2446
f 2102/4083/2102 2100/4401/2100 2198/4229/2198
f 2102/4083/2102 2198/4229/2198 2534/4084/2534
f 2584/4402/2584 2469/3852/2469 2468/3851/2468
f 1283/3707/1283 731/4403/731 645/875/645
f 2310/4404/2310 951/1279/951 386/516/386
f 2310/4404/2310 386/516/386 385/515/385
f 1617/2229/1617 1616/2228/1616 2230/4393/2230
f 1741/2417/1741 2537/4405/2537 1219/1645/1219
f 174/4406/174 904/4407/904 1149/4154/1149
f 174/4406/174 1149/4154/1149 1532/4408/1532
f 455/4409/455 158/209/158 1230/1931/1230
f 1102/1485/1102 2483/4169/2483 1104/1487/1104
f 1466/2010/1466 1813/2556/1813 1467/2011/1467
f 1474/2024/1474 1473/2020/1473 2164/4367/2164
f 1474/2022/1474 263/345/263 1671/2310/1671
f 1888/2703/1888 1532/4408/1532 1149/4154/1149
f 1888/2703/1888 1222/1648/1222 1532/4408/1532
f 2504/3950/2504 2053/2977/2053 1678/2324/1678
f 914/1231/914 1390/1889/1390 2261/3365/2261
f 914/1231/914 2261/3365/2261 915/1232/915
f 2318/3479/2318 2398/3652/2398 415/561/415
f 350/462/350 1602/4237/1602 665/901/665
f 2331/3508/2331 2330/3507/2330 48/57/48
f 990/1333/990 1670/2309/1670 2498/3937/2498
f 2278/3393/2278 2260/3363/2260 2279/3394/2279
f 1438/1968/1438 1437/1967/1437 2376/3602/2376
f 1438/1968/1438 2376/3602/2376 2109/3066/2109
f 59/71/59 788/3237/788 1836/4366/1836
f 904/4407/904 699/4410/699 1149/4154/1149
f 1503/2065/1503 1504/2066/1504 1869/2665/1869
f 1207/1628/1207 310/417/310 965/1297/965
f 1600/2203/1600 2576/4246/2576 1601/2204/1601
f 2156/3152/2156 2421/4368/2421 2410/3681/2410
f 1455/4411/1455 2595/4412/2595 2597/4413/2597
f 1455/1987/1455 290/393/290 2595/4414/2595
f 1455/4411/1455 2597/4413/2597 1457/1995/1457
f 2593/4372/2593 2590/4415/2590 1386/4164/1386
f 1869/3103/1869 2405/3667/2405 1333/1807/1333
f 1869/3103/1869 1333/1807/1333 1332/1806/1332
f 889/1198/889 886/1194/886 2168/3181/2168
f 754/1011/754 751/1012/751 1510/4416/1510
f 1034/1393/1034 1810/2548/1810 792/1059/792
f 800/1067/800 1841/2607/1841 801/1068/801
f 1061/4320/1061 1131/4210/1131 549/3371/549
f 1341/1817/1341 1339/1813/1339 2366/3584/2366
f 1938/2777/1938 435/587/435 2514/3988/2514
f 1031/1389/1031 2247/3344/2247 2111/3069/2111
f 1041/1408/1041 1044/1407/1044 986/4303/986
f 2526/4039/2526 2439/3760/2439 2130/4188/2130
f 2526/4039/2526 1544/2123/1544 2439/3760/2439
f 1730/2401/1730 2227/3302/2227 1596/3973/1596
f 1524/2096/1524 1775/4417/1775 2508/3963/2508
f 1163/2980/1163 858/1151/858 857/1150/857
f 1693/2345/1693 1692/2343/1692 2202/3250/2202
f 1176/4015/1176 2330/3507/2330 2230/3309/2230
f 1176/1577/1176 2230/4418/2230 1616/2225/1616
f 1363/1850/1363 2499/3943/2499 1364/1851/1364
f 527/3463/527 526/1317/526 2334/3513/2334
f 527/3463/527 2334/3513/2334 2308/3464/2308
f 2562/4245/2562 2434/4419/2434 129/169/129
f 2456/3801/2456 1179/2193/1179 2502/4395/2502
f 2456/3801/2456 2502/4395/2502 2343/3536/2343
f 1406/1913/1406 2522/4012/2522 1407/1914/1407
f 1836/2599/1836 1364/1851/1364 2415/4420/2415
f 2498/3937/2498 1670/2309/1670 259/337/259
f 684/4330/684 2138/3116/2138 685/3522/685
f 1514/2908/1514 2020/2910/2020 1826/4147/1826
f 1568/2157/1568 1567/2156/1567 2598/4421/2598
f 2111/3069/2111 2478/4065/2478 2543/4105/2543
f 645/875/645 731/4403/731 648/878/648
f 920/1240/920 918/1235/918 2391/3639/2391
f 1601/2204/1601 2576/4246/2576 2433/3737/2433
f 285/375/285 283/373/283 2107/4422/2107
f 1208/1629/1208 685/3522/685 2138/3116/2138
f 2301/3452/2301 329/3129/329 1323/4365/1323
f 1334/1808/1334 1333/1807/1333 2405/3667/2405
f 1349/1832/1349 269/2924/269 1253/4423/1253
f 1364/1851/1364 2499/3943/2499 2415/4420/2415
f 1365/1854/1365 2500/3945/2500 1366/1855/1366
f 1513/2083/1513 2546/4113/2546 244/321/244
f 2196/3241/2196 1398/1901/1398 2212/3980/2212
f 432/584/432 2514/3988/2514 435/587/435
f 327/436/327 1323/1796/1323 329/438/329
f 2580/4284/2580 255/332/255 2581/4285/2581
f 2578/4424/2578 1567/4425/1567 1566/4426/1566
f 2578/4427/2578 2598/4421/2598 1567/2156/1567
f 1294/4053/1294 2181/4052/2181 1845/4208/1845
f 1303/1769/1303 2587/4305/2587 1305/1772/1305
f 1826/4147/1826 2020/2910/2020 2555/4148/2555
f 1044/1407/1044 844/4428/844 986/4303/986
f 1089/1467/1089 1946/2786/1946 1430/2785/1430
f 2144/4429/2144 534/719/534 1562/2150/1562
f 783/1049/783 2439/3760/2439 1544/2123/1544
f 2481/3886/2481 141/186/141 2183/3209/2183
f 2100/3922/2100 931/1254/931 2198/3243/2198
f 2307/3614/2307 1590/4323/1590 1902/2723/1902
f 2454/4109/2454 1551/2132/1551 2540/4430/2540
f 2295/3440/2295 1551/2132/1551 2454/4109/2454
f 1048/1413/1048 1465/4003/1465 427/575/427
f 1046/1410/1046 1048/1413/1048 427/575/427
f 354/468/354 2599/4431/2599 355/469/355
f 354/468/354 1727/2398/1727 2599/4431/2599
f 2282/3400/2282 2599/4431/2599 1727/2398/1727
f 2282/3400/2282 1626/2243/1626 2599/4431/2599
f 1626/2243/1626 1625/2242/1625 2599/4431/2599
f 1625/2242/1625 2494/3924/2494 2599/4431/2599
f 355/469/355 2599/4431/2599 2494/3924/2494
f 2465/3844/2465 2254/3354/2254 302/404/302
f 302/404/302 2254/3354/2254 2253/3353/2253
f 2251/3352/2251 302/404/302 2253/3353/2253
f 1564/2152/1564 2600/4432/2600 1565/2153/1565
f 1564/2152/1564 1568/4433/1568 2600/4432/2600
f 1568/4433/1568 2598/4434/2598 2600/4432/2600
f 2578/4435/2578 2600/4432/2600 2598/4434/2598
f 2577/4270/2577 2600/4436/2600 2578/4271/2578
f 2577/4437/2577 2579/4383/2579 2600/4438/2600
f 2594/4382/2594 2600/4438/2600 2579/4383/2579
f 1565/4439/1565 2600/4440/2600 2594/4441/2594
f 496/669/496 2601/4442/2601 497/670/497
f 496/669/496 498/671/498 2601/4442/2601
f 2430/3734/2430 2601/4442/2601 498/671/498
f 2430/3734/2430 2431/3735/2431 2601/4442/2601
f 2431/3735/2431 2565/4443/2565 2601/4442/2601
f 2565/4443/2565 2566/4444/2566 2601/4442/2601
f 2564/4445/2564 2601/4442/2601 2566/4444/2566
f 2564/4190/2564 2553/4137/2553 2601/4446/2601
f 497/4136/497 2601/4446/2601 2553/4137/2553
f 514/4447/514 2588/4448/2588 2475/4449/2475
f 511/4450/511 513/4451/513 514/4447/514
f 513/4451/513 2193/4452/2193 514/4447/514
f 514/4447/514 2193/4452/2193 2588/4448/2588
f 1918/2751/1918 2602/4453/2602 1919/4454/1919
f 1918/2751/1918 1923/2757/1923 2602/4453/2602
f 1922/2753/1922 2602/4453/2602 1923/2757/1923
f 2486/3894/2486 2602/4453/2602 1922/2753/1922
f 2486/3894/2486 2487/3895/2487 2602/4453/2602
f 1921/4170/1921 2602/4455/2602 2487/4171/2487
f 1921/2756/1921 1920/2755/1920 2602/4456/2602
f 1920/2750/1920 2378/3606/2378 2602/4457/2602
f 1919/2749/1919 2602/4457/2602 2378/3606/2378
f 1382/4458/1382 1957/2801/1957 903/2800/903
f 1381/1879/1381 899/1881/899 1956/4459/1956
f 1956/4460/1956 1382/4461/1382 903/4462/903
f 1956/4460/1956 899/4463/899 1382/4461/1382
f 1040/1402/1040 1042/1404/1042 985/2555/985
f 1040/1405/1040 985/4464/985 1043/1406/1043
f 1367/1858/1367 1043/1860/1043 985/4465/985
f 1367/4466/1367 985/1327/985 986/1329/986
f 1367/4467/1367 986/4468/986 844/1128/844
f 841/1127/841 1367/4467/1367 844/1128/844
f 841/1124/841 843/1126/843 1367/4469/1367
f 1367/1858/1367 843/1861/843 1368/1859/1368
f 574/776/574 2603/4470/2603 575/777/575
f 574/776/574 578/780/578 2603/4470/2603
f 578/780/578 2152/3143/2152 2603/4470/2603
f 2150/3141/2150 2603/4470/2603 2152/3143/2152
f 2150/3141/2150 2153/3144/2153 2603/4470/2603
f 2153/3144/2153 2297/3442/2297 2603/4470/2603
f 575/777/575 2603/4470/2603 2297/3442/2297
f 1773/2477/1773 1777/2481/1777 1524/3763/1524
f 1521/2092/1521 1773/2477/1773 1524/3763/1524
f 1521/2092/1521 1776/2480/1776 1773/2477/1773
f 1521/2092/1521 1523/2094/1523 1776/2480/1776
f 1523/2094/1523 1522/2093/1522 1776/2480/1776
f 1522/2097/1522 2508/3963/2508 1776/4471/1776
f 1776/4471/1776 2508/3963/2508 1775/4417/1775
f 1774/2478/1774 1776/2480/1776 1775/2479/1775
f 1105/4472/1105 2604/4473/2604 1108/4474/1108
f 1105/4472/1105 1107/3512/1107 2604/4473/2604
f 1107/3512/1107 1456/1996/1456 2604/4473/2604
f 1456/1996/1456 1457/1995/1457 2604/4473/2604
f 2597/4413/2597 2604/4473/2604 1457/1995/1457
f 2595/4412/2595 2604/4473/2604 2597/4413/2597
f 1108/4474/1108 2604/4473/2604 2595/4412/2595
f 190/254/190 2605/4475/2605 934/1257/934
f 190/254/190 193/257/193 2605/4475/2605
f 540/730/540 2605/4475/2605 193/257/193
f 540/730/540 934/1257/934 2605/4475/2605
f 1063/1433/1063 2606/4476/2606 1064/1434/1064
f 1063/1433/1063 1067/1437/1067 2606/4476/2606
f 1067/1437/1067 1838/2601/1838 2606/4476/2606
f 1838/2601/1838 2457/3818/2457 2606/4476/2606
f 2457/3818/2457 1973/2825/1973 2606/4476/2606
f 1972/2824/1972 2606/4476/2606 1973/2825/1973
f 1064/4477/1064 2606/4478/2606 1972/4479/1972
f 1192/1602/1192 2607/4480/2607 2133/3102/2133
f 1192/1602/1192 1195/1607/1195 2607/4480/2607
f 1334/1808/1334 2607/4480/2607 1195/1607/1195
f 2133/3102/2133 2607/4480/2607 1334/1808/1334
f 871/4481/871 2608/4482/2608 874/4483/874
f 871/1181/871 875/1183/875 2608/4484/2608
f 875/1183/875 2471/3858/2471 2608/4484/2608
f 1575/2166/1575 2608/4484/2608 2471/3858/2471
f 2046/2959/2046 2608/4484/2608 1575/2166/1575
f 2046/2959/2046 1878/2682/1878 2608/4484/2608
f 874/1180/874 2608/4484/2608 1878/2682/1878
f 125/165/125 2609/4485/2609 1259/1701/1259
f 125/165/125 128/168/128 2609/4485/2609
f 2322/3491/2322 2609/4485/2609 128/168/128
f 2322/3491/2322 1259/1701/1259 2609/4485/2609
f 1091/4486/1091 2610/4487/2610 1092/4488/1092
f 1091/4486/1091 1094/3597/1094 2610/4487/2610
f 2516/4000/2516 2610/4487/2610 1094/3597/1094
f 1559/2144/1559 2610/4487/2610 2516/4000/2516
f 1559/2144/1559 1561/2147/1561 2610/4487/2610
f 1947/4228/1947 2610/4487/2610 1561/2147/1561
f 1092/4488/1092 2610/4487/2610 1947/4228/1947
f 669/908/669 2611/4489/2611 670/909/670
f 669/908/669 672/911/672 2611/4489/2611
f 672/911/672 1652/2283/1652 2611/4489/2611
f 1651/2282/1651 2611/4489/2611 1652/2283/1652
f 1651/2282/1651 2336/4490/2336 2611/4489/2611
f 2336/4490/2336 2496/4491/2496 2611/4489/2611
f 670/909/670 2611/4489/2611 2496/4491/2496
